timestamp,station,temperature_c,relative_humidity_pct,surface_pressure_hpa,is_genuine_event,anomaly_label,fault_type,affected_variable,original_temperature_c,original_relative_humidity_pct,original_surface_pressure_hpa
2026-05-10 00:00:00,A,25.599342830602247,50.34361828956846,1010.1480601385323,0,0,NONE,NONE,25.599342830602247,50.34361828956846,1010.1480601385323
2026-05-10 00:00:00,B,24.551976558849685,50.2140937441302,1009.6037396307836,0,0,NONE,NONE,24.551976558849685,50.2140937441302,1009.6037396307836
2026-05-10 00:00:00,C,26.056198373547005,49.17450280320749,1009.6204336692232,0,0,NONE,NONE,26.056198373547005,49.17450280320749,1009.6204336692232
2026-05-10 00:00:00,D,24.746118633111088,49.87208240851923,1010.1298612508607,0,0,NONE,NONE,24.746118633111088,49.87208240851923,1010.1298612508607
2026-05-10 00:00:00,E,25.347122911621714,51.593186626639394,1009.8286562029598,0,0,NONE,NONE,25.347122911621714,51.593186626639394,1009.8286562029598
2026-05-10 01:00:00,A,25.514900331255124,48.27951303612663,1010.1092510403453,0,0,NONE,NONE,25.514900331255124,48.27951303612663,1010.1092510403453
2026-05-10 01:00:00,B,24.698917765844822,48.79681441277737,1009.9213551835219,0,0,NONE,NONE,24.698917765844822,48.79681441277737,1009.9213551835219
2026-05-10 01:00:00,C,25.91801328752524,49.72116734983637,1010.0539202974934,0,0,NONE,NONE,25.91801328752524,49.72116734983637,1010.0539202974934
2026-05-10 01:00:00,D,24.986061642648554,49.08701275088894,1009.5265650917031,0,0,NONE,NONE,24.986061642648554,49.08701275088894,1009.5265650917031
2026-05-10 01:00:00,E,25.496726230266756,49.531337515058176,1009.7930029712575,0,0,NONE,NONE,25.496726230266756,49.531337515058176,1009.7930029712575
2026-05-10 02:00:00,A,25.71464409059886,50.409190352373514,1009.9600035368319,0,0,NONE,NONE,25.71464409059886,50.409190352373514,1009.9600035368319
2026-05-10 02:00:00,B,24.337716240803104,50.25828730882991,1010.2099404480009,0,0,NONE,NONE,24.337716240803104,50.25828730882991,1010.2099404480009
2026-05-10 02:00:00,C,26.043481932907266,50.498037837254344,1010.1283247963993,0,0,NONE,NONE,26.043481932907266,50.498037837254344,1010.1283247963993
2026-05-10 02:00:00,D,25.18557779339793,48.47866006272115,1010.2767430378993,0,0,NONE,NONE,25.18557779339793,48.47866006272115,1010.2767430378993
2026-05-10 02:00:00,E,25.089389133822756,49.095501562720145,1009.2536909611517,0,0,NONE,NONE,25.089389133822756,49.095501562720145,1009.2536909611517
2026-05-10 03:00:00,A,25.932265545749694,49.74257729405177,1009.8188766460785,0,0,NONE,NONE,25.932265545749694,49.74257729405177,1009.8188766460785
2026-05-10 03:00:00,B,24.36356825185123,50.51297695419692,1010.369047809851,0,0,NONE,NONE,24.36356825185123,50.51297695419692,1010.369047809851
2026-05-10 03:00:00,C,26.02905938753632,49.56393502166411,1010.8742556323739,0,0,NONE,NONE,26.02905938753632,49.56393502166411,1010.8742556323739
2026-05-10 03:00:00,D,24.94247853055204,50.331123210335306,1009.1054101816316,0,0,NONE,NONE,24.94247853055204,50.331123210335306,1009.1054101816316
2026-05-10 03:00:00,E,25.656410383109474,50.001872654368434,1009.5472618689705,0,0,NONE,NONE,25.656410383109474,50.001872654368434,1009.5472618689705
2026-05-10 04:00:00,A,25.62338209101278,49.49329076565149,1009.207208245996,0,0,NONE,NONE,25.62338209101278,49.49329076565149,1009.207208245996
2026-05-10 04:00:00,B,24.774601079080828,49.28635532975631,1009.3147454134934,0,0,NONE,NONE,24.774601079080828,49.28635532975631,1009.3147454134934
2026-05-10 04:00:00,C,26.052339814568604,49.34799237039101,1010.3901055361142,0,0,NONE,NONE,26.052339814568604,49.34799237039101,1010.3901055361142
2026-05-10 04:00:00,D,25.295935875071706,49.41386202067314,1009.8818537176976,0,0,NONE,NONE,25.295935875071706,49.41386202067314,1009.8818537176976
2026-05-10 04:00:00,E,25.53791204745633,50.22593767824614,1009.3596056942883,0,0,NONE,NONE,25.53791204745633,50.22593767824614,1009.3596056942883
2026-05-10 05:00:00,A,25.665938566056973,50.824442246287674,1009.6832943598939,0,0,NONE,NONE,25.665938566056973,50.824442246287674,1009.6832943598939
2026-05-10 05:00:00,B,24.772162892093448,50.36649106339233,1009.7263664033561,0,0,NONE,NONE,24.772162892093448,50.36649106339233,1009.7263664033561
2026-05-10 05:00:00,C,26.382686376851012,50.456453168938715,1009.6051651934454,0,0,NONE,NONE,26.382686376851012,50.456453168938715,1009.6051651934454
2026-05-10 05:00:00,D,24.73674566580383,48.79051224784913,1009.2881089213953,0,0,NONE,NONE,24.73674566580383,48.79051224784913,1009.2881089213953
2026-05-10 05:00:00,E,25.42970837466665,51.306957475917756,1010.7697522429884,0,0,NONE,NONE,25.42970837466665,51.306957475917756,1010.7697522429884
2026-05-10 06:00:00,A,26.07116171203765,51.28631867143213,1009.7009831672685,0,0,NONE,NONE,26.07116171203765,51.28631867143213,1009.7009831672685
2026-05-10 06:00:00,B,24.805417719005344,50.31352786738217,1009.6348677699514,0,0,NONE,NONE,24.805417719005344,50.31352786738217,1009.6348677699514
2026-05-10 06:00:00,C,26.32672224612918,50.5002857200449,1009.4231330898577,0,0,NONE,NONE,26.32672224612918,50.5002857200449,1009.4231330898577
2026-05-10 06:00:00,D,24.714642661065138,49.60874626469365,1009.5464223716308,0,0,NONE,NONE,24.714642661065138,49.60874626469365,1009.5464223716308
2026-05-10 06:00:00,E,25.681875522157426,48.562854519221354,1010.3401796221057,0,0,NONE,NONE,25.681875522157426,48.562854519221354,1010.3401796221057
2026-05-10 07:00:00,A,25.951359286256114,51.22915245954173,1009.4499251951764,0,0,NONE,NONE,25.951359286256114,51.22915245954173,1009.4499251951764
2026-05-10 07:00:00,B,24.867161982324927,49.15490204259491,1009.5243992135004,0,0,NONE,NONE,24.867161982324927,49.15490204259491,1009.5243992135004
2026-05-10 07:00:00,C,26.1592904213734,49.79092916505441,1010.0970234155404,0,0,NONE,NONE,26.1592904213734,49.79092916505441,1010.0970234155404
2026-05-10 07:00:00,D,25.08676280064621,49.21632433681114,1009.8747631654454,0,0,NONE,NONE,25.08676280064621,49.21632433681114,1009.8747631654454
2026-05-10 07:00:00,E,26.05201091198641,51.827422659886146,1010.4868413772843,0,0,NONE,NONE,26.05201091198641,51.827422659886146,1010.4868413772843
2026-05-10 08:00:00,A,25.746530654727902,49.50120800869226,1009.7491443782095,0,0,NONE,NONE,25.746530654727902,49.50120800869226,1009.7491443782095
2026-05-10 08:00:00,B,24.704420587599195,50.69821289226318,1010.7125143541831,0,0,NONE,NONE,24.704420587599195,50.69821289226318,1010.7125143541831
2026-05-10 08:00:00,C,26.520345507001544,49.869387226296574,1009.1696706305322,0,0,NONE,NONE,26.520345507001544,49.869387226296574,1009.1696706305322
2026-05-10 08:00:00,D,25.217238621702755,52.02756716698746,1009.3995805514006,0,0,NONE,NONE,25.217238621702755,52.02756716698746,1009.3995805514006
2026-05-10 08:00:00,E,25.676798782926593,50.18241763333591,1010.1906232660642,0,0,NONE,NONE,25.676798782926593,50.18241763333591,1010.1906232660642
2026-05-10 09:00:00,A,25.99149073212145,50.07376634755304,1010.0105360667052,0,0,NONE,NONE,25.99149073212145,50.07376634755304,1010.0105360667052
2026-05-10 09:00:00,B,24.929429462836456,50.943763249772495,1010.0110014937784,0,0,NONE,NONE,24.929429462836456,50.943763249772495,1010.0110014937784
2026-05-10 09:00:00,C,26.44443862757958,50.615028660761894,1010.7242400212251,0,0,NONE,NONE,26.44443862757958,50.615028660761894,1010.7242400212251
2026-05-10 09:00:00,D,25.17643977378544,51.264618480353704,1009.6162328661829,0,0,NONE,NONE,25.17643977378544,51.264618480353704,1009.6162328661829
2026-05-10 09:00:00,E,25.732622840664323,49.95609765345684,1009.2439847526892,0,0,NONE,NONE,25.732622840664323,49.95609765345684,1009.2439847526892
2026-05-10 10:00:00,A,25.832848376331125,50.75679534629718,1010.7303269931585,0,0,NONE,NONE,25.832848376331125,50.75679534629718,1010.7303269931585
2026-05-10 10:00:00,B,24.984146409553354,51.508583158068895,1009.1567920653857,0,0,NONE,NONE,24.984146409553354,51.508583158068895,1009.1567920653857
2026-05-10 10:00:00,C,26.58810433866141,48.9774475733963,1010.3769541029138,0,0,NONE,NONE,26.58810433866141,48.9774475733963,1010.3769541029138
2026-05-10 10:00:00,D,24.812043494885643,50.417559273577,1010.2903804471605,0,0,NONE,NONE,24.812043494885643,50.417559273577,1010.2903804471605
2026-05-10 10:00:00,E,25.63365973498557,49.41342753963345,1009.5249739094133,0,0,NONE,NONE,25.63365973498557,49.41342753963345,1009.5249739094133
2026-05-10 11:00:00,A,25.874939155668926,51.44363023350534,1009.8532463532244,0,0,NONE,NONE,25.874939155668926,51.44363023350534,1009.8532463532244
2026-05-10 11:00:00,B,24.825214822777706,51.52188715841788,1010.2248884203359,0,0,NONE,NONE,24.825214822777706,51.52188715841788,1010.2248884203359
2026-05-10 11:00:00,C,26.5940108747677,49.06062133200643,1009.5313696207562,0,0,NONE,NONE,26.5940108747677,49.06062133200643,1009.5313696207562
2026-05-10 11:00:00,D,25.250261098480422,51.948029245273005,1009.4775115120469,0,0,NONE,NONE,25.250261098480422,51.948029245273005,1009.4775115120469
2026-05-10 11:00:00,E,25.59811623249002,48.81322843451721,1010.0106447274225,0,0,NONE,NONE,25.59811623249002,48.81322843451721,1010.0106447274225
2026-05-10 12:00:00,A,26.059030752185546,50.03146406002705,1009.8734560464252,0,0,NONE,NONE,26.059030752185546,50.03146406002705,1009.8734560464252
2026-05-10 12:00:00,B,25.38379320010129,49.13296892991525,1010.8057589495701,0,0,NONE,NONE,25.38379320010129,49.13296892991525,1010.8057589495701
2026-05-10 12:00:00,C,26.344839295687926,49.79219407661991,1008.8881135865183,0,0,NONE,NONE,26.344839295687926,49.79219407661991,1008.8881135865183
2026-05-10 12:00:00,D,25.04974439777137,50.58800660551996,1010.1625269070963,0,0,NONE,NONE,25.04974439777137,50.58800660551996,1010.1625269070963
2026-05-10 12:00:00,E,25.97670546118119,51.33380888183426,1009.1336169466178,0,0,NONE,NONE,25.97670546118119,51.33380888183426,1009.1336169466178
2026-05-10 13:00:00,A,25.670535440430143,50.367532512697885,1009.6861812974361,0,0,NONE,NONE,25.670535440430143,50.367532512697885,1009.6861812974361
2026-05-10 13:00:00,B,25.14795807354406,49.615366449446576,1010.2396368855947,0,0,NONE,NONE,25.14795807354406,49.615366449446576,1010.2396368855947
2026-05-10 13:00:00,C,26.441155281322306,50.339744337649854,1010.4003404424018,0,0,NONE,NONE,26.441155281322306,50.339744337649854,1010.4003404424018
2026-05-10 13:00:00,D,25.48712599912771,49.69190728803344,1009.1585508279903,0,0,NONE,NONE,25.48712599912771,49.69190728803344,1009.1585508279903
2026-05-10 13:00:00,E,25.681974724179927,50.6265094565501,1010.0799034704053,0,0,NONE,NONE,25.681974724179927,50.6265094565501,1010.0799034704053
2026-05-10 14:00:00,A,25.750761114348457,49.48940970684504,1008.7427420519249,0,0,NONE,NONE,25.750761114348457,49.48940970684504,1008.7427420519249
2026-05-10 14:00:00,B,24.85748398141053,51.11077994805972,1008.9424426765975,0,0,NONE,NONE,24.85748398141053,51.11077994805972,1008.9424426765975
2026-05-10 14:00:00,C,26.745203401875713,50.90665224644907,1009.6448577369481,0,0,NONE,NONE,26.745203401875713,50.90665224644907,1009.6448577369481
2026-05-10 14:00:00,D,25.469064330070434,52.11886875812072,1009.9670297485321,0,0,NONE,NONE,25.469064330070434,52.11886875812072,1009.9670297485321
2026-05-10 14:00:00,E,25.910057928294943,49.30578378111001,1009.5819649604954,0,0,NONE,NONE,25.910057928294943,49.30578378111001,1009.5819649604954
2026-05-10 15:00:00,A,26.025840366492233,49.44209124825975,1009.6675941261052,0,0,NONE,NONE,26.025840366492233,49.44209124825975,1009.6675941261052
2026-05-10 15:00:00,B,25.269608594067194,51.15208382325263,1009.4387340273967,0,0,NONE,NONE,25.269608594067194,51.15208382325263,1009.4387340273967
2026-05-10 15:00:00,C,26.76037192542712,52.11365408928997,1010.2997592198166,0,0,NONE,NONE,26.76037192542712,52.11365408928997,1010.2997592198166
2026-05-10 15:00:00,D,25.250321915074956,51.17720791602508,1010.4016353741587,0,0,NONE,NONE,25.250321915074956,51.17720791602508,1010.4016353741587
2026-05-10 15:00:00,E,25.842766382987403,49.343219100276805,1009.493440660055,0,0,NONE,NONE,25.842766382987403,49.343219100276805,1009.493440660055
2026-05-10 16:00:00,A,25.978284839762903,51.493376886223984,1009.6896895730556,0,0,NONE,NONE,25.978284839762903,51.493376886223984,1009.6896895730556
2026-05-10 16:00:00,B,24.985914729784323,51.19589875013583,1010.2930300426784,0,0,NONE,NONE,24.985914729784323,51.19589875013583,1010.2930300426784
2026-05-10 16:00:00,C,26.676670745036958,51.5385106870318,1008.862360638688,0,0,NONE,NONE,26.676670745036958,51.5385106870318,1008.862360638688
2026-05-10 16:00:00,D,25.378077680362452,49.64360490950333,1008.4237522180215,0,0,NONE,NONE,25.378077680362452,49.64360490950333,1008.4237522180215
2026-05-10 16:00:00,E,26.076647028979067,50.345066364539655,1010.0150544521869,0,0,NONE,NONE,26.076647028979067,50.345066364539655,1010.0150544521869
2026-05-10 17:00:00,A,26.286253721838204,52.07964428388997,1010.869918928583,0,0,NONE,NONE,26.286253721838204,52.07964428388997,1010.869918928583
2026-05-10 17:00:00,B,25.38082117606764,54.576135745973865,1009.284463139531,0,0,NONE,NONE,25.38082117606764,54.576135745973865,1009.284463139531
2026-05-10 17:00:00,C,26.746869731980905,50.56346572535572,1009.3386103608635,0,0,NONE,NONE,26.746869731980905,50.56346572535572,1009.3386103608635
2026-05-10 17:00:00,D,25.31156155094136,50.53306557723554,1009.2398502446052,0,0,NONE,NONE,25.31156155094136,50.53306557723554,1009.2398502446052
2026-05-10 17:00:00,E,26.090136676376538,52.39242578060854,1009.8604295280835,0,0,NONE,NONE,26.090136676376538,52.39242578060854,1009.8604295280835
2026-05-10 18:00:00,A,26.084352631704267,50.69394732522818,1009.5208407942052,0,0,NONE,NONE,26.084352631704267,50.69394732522818,1009.5208407942052
2026-05-10 18:00:00,B,25.497676562609993,51.33684795750168,1009.8389309906689,0,0,NONE,NONE,25.497676562609993,51.33684795750168,1009.8389309906689
2026-05-10 18:00:00,C,27.021490425966196,50.746941238905826,1009.6196431264549,0,0,NONE,NONE,27.021490425966196,50.746941238905826,1009.6196431264549
2026-05-10 18:00:00,D,25.553421627353877,49.890339193423756,1009.9055573401861,0,0,NONE,NONE,25.553421627353877,49.890339193423756,1009.9055573401861
2026-05-10 18:00:00,E,26.27346543566009,50.50636609544491,1009.4365381936863,0,0,NONE,NONE,26.27346543566009,50.50636609544491,1009.4365381936863
2026-05-10 19:00:00,A,26.026049898030813,51.8120435361899,1009.7465183520179,0,0,NONE,NONE,26.026049898030813,51.8120435361899,1009.7465183520179
2026-05-10 19:00:00,B,25.14437417462753,51.94407627847848,1009.9830617075658,0,0,NONE,NONE,25.14437417462753,51.94407627847848,1009.9830617075658
2026-05-10 19:00:00,C,26.690196360530706,49.805981273660066,1009.6192349777335,0,0,NONE,NONE,26.690196360530706,49.805981273660066,1009.6192349777335
2026-05-10 19:00:00,D,25.79953910239812,49.42571090733354,1009.4942219878296,0,0,NONE,NONE,25.79953910239812,49.42571090733354,1009.4942219878296
2026-05-10 19:00:00,E,26.00650735852692,49.30536768517977,1010.1754095825332,0,0,NONE,NONE,26.00650735852692,49.30536768517977,1010.1754095825332
2026-05-10 20:00:00,A,26.644193583571543,51.212699854834874,1009.5571122002538,1,0,NONE,NONE,26.644193583571543,51.212699854834874,1009.5571122002538
2026-05-10 20:00:00,B,25.543739055636095,51.80506559328044,1009.1110028493173,1,0,NONE,NONE,25.543739055636095,51.80506559328044,1009.1110028493173
2026-05-10 20:00:00,C,26.96048330602124,50.83255069379484,1009.3494353493667,1,0,NONE,NONE,26.96048330602124,50.83255069379484,1009.3494353493667
2026-05-10 20:00:00,D,25.453918620520124,51.77724137731888,1009.760041021792,1,0,NONE,NONE,25.453918620520124,51.77724137731888,1009.760041021792
2026-05-10 20:00:00,E,26.09708884272856,50.60532076570129,1009.0339364213064,1,0,NONE,NONE,26.09708884272856,50.60532076570129,1009.0339364213064
2026-05-10 21:00:00,A,27.137935445389818,48.93270779298726,1008.968852470552,1,0,NONE,NONE,27.137935445389818,48.93270779298726,1008.968852470552
2026-05-10 21:00:00,B,26.265646890874425,50.22921879889818,1009.5234288113307,1,0,NONE,NONE,26.265646890874425,50.22921879889818,1009.5234288113307
2026-05-10 21:00:00,C,27.642652175000347,49.289168908672245,1009.8646164555354,1,0,NONE,NONE,27.642652175000347,49.289168908672245,1009.8646164555354
2026-05-10 21:00:00,D,26.583900008590696,51.48724418806251,1009.2511988960038,1,0,NONE,NONE,26.583900008590696,51.48724418806251,1009.2511988960038
2026-05-10 21:00:00,E,26.787337962330664,49.305103977844716,1009.8611592928338,1,0,NONE,NONE,26.787337962330664,49.305103977844716,1009.8611592928338
2026-05-10 22:00:00,A,28.028623222124594,48.665986870905954,1010.1033263008745,1,0,NONE,NONE,28.028623222124594,48.665986870905954,1010.1033263008745
2026-05-10 22:00:00,B,27.179529613185906,47.989322020757186,1007.9112812235825,1,0,NONE,NONE,27.179529613185906,47.989322020757186,1007.9112812235825
2026-05-10 22:00:00,C,28.471581340541565,48.62730982573562,1008.9981046789258,1,0,NONE,NONE,28.471581340541565,48.62730982573562,1008.9981046789258
2026-05-10 22:00:00,D,27.209066057512523,46.9060236915784,1009.5752097873534,1,0,NONE,NONE,27.209066057512523,46.9060236915784,1009.5752097873534
2026-05-10 22:00:00,E,27.726258929171788,45.60770462245597,1009.8284655226012,1,0,NONE,NONE,27.726258929171788,45.60770462245597,1009.8284655226012
2026-05-10 23:00:00,A,28.56219481964421,48.56939154966866,1009.8866048142157,1,0,NONE,NONE,28.56219481964421,48.56939154966866,1009.8866048142157
2026-05-10 23:00:00,B,28.226503053417687,47.79032420369596,1008.9984444772052,1,0,NONE,NONE,28.226503053417687,47.79032420369596,1008.9984444772052
2026-05-10 23:00:00,C,29.566899827284335,46.20412403965037,1009.4394485553617,1,0,NONE,NONE,29.566899827284335,46.20412403965037,1009.4394485553617
2026-05-10 23:00:00,D,27.98856989043443,47.59432421989326,1009.4327996801763,1,0,NONE,NONE,27.98856989043443,47.59432421989326,1009.4327996801763
2026-05-10 23:00:00,E,28.72260455549587,46.977060116684875,1009.3558650782153,1,0,NONE,NONE,28.72260455549587,46.977060116684875,1009.3558650782153
2026-05-11 00:00:00,A,29.57029478768175,45.72229266189789,1009.8848776756491,1,0,NONE,NONE,29.57029478768175,45.72229266189789,1009.8848776756491
2026-05-11 00:00:00,B,28.630093709386212,44.98529348647027,1009.363077626431,1,0,NONE,NONE,28.630093709386212,44.98529348647027,1009.363077626431
2026-05-11 00:00:00,C,30.344254602384392,46.27746521524901,1009.5495095179837,1,0,NONE,NONE,30.344254602384392,46.27746521524901,1009.5495095179837
2026-05-11 00:00:00,D,28.957765260595878,45.10747613188601,1010.0732527329576,1,0,NONE,NONE,28.957765260595878,45.10747613188601,1010.0732527329576
2026-05-11 00:00:00,E,29.630569055915856,45.52718417079916,1009.6524282132488,1,0,NONE,NONE,29.630569055915856,45.52718417079916,1009.6524282132488
2026-05-11 01:00:00,A,30.533382726228645,46.049526074626996,1009.0133913789856,1,0,NONE,NONE,30.533382726228645,46.049526074626996,1009.0133913789856
2026-05-11 01:00:00,B,29.360450975415176,44.24806381207298,1008.8441935154005,1,0,NONE,NONE,29.360450975415176,44.24806381207298,1008.8441935154005
2026-05-11 01:00:00,C,31.173900135486804,46.01762133181556,1009.7253045234123,1,0,NONE,NONE,31.173900135486804,46.01762133181556,1009.7253045234123
2026-05-11 01:00:00,D,29.604149743802797,43.99775703504829,1009.5952955280336,1,0,NONE,NONE,29.604149743802797,43.99775703504829,1009.5952955280336
2026-05-11 01:00:00,E,30.12676514345115,45.18108878362641,1008.8425283181904,1,0,NONE,NONE,30.12676514345115,45.18108878362641,1008.8425283181904
2026-05-11 02:00:00,A,31.1130263685021,40.5919010325284,1010.1482056661064,1,0,NONE,NONE,31.1130263685021,40.5919010325284,1010.1482056661064
2026-05-11 02:00:00,B,30.165322198061457,42.72628258878903,1010.2630141626041,1,0,NONE,NONE,30.165322198061457,42.72628258878903,1010.2630141626041
2026-05-11 02:00:00,C,32.104320845417426,43.102885988161276,1009.8026159496828,1,0,NONE,NONE,32.104320845417426,43.102885988161276,1009.8026159496828
2026-05-11 02:00:00,D,30.532495222917124,42.619252212379266,1009.6156098416759,1,0,NONE,NONE,30.532495222917124,42.619252212379266,1009.6156098416759
2026-05-11 02:00:00,E,31.317146268007694,45.06060223156348,1009.9088220202418,1,0,NONE,NONE,31.317146268007694,45.06060223156348,1009.9088220202418
2026-05-11 03:00:00,A,32.25039156335559,42.760312358798515,1008.7246063834975,1,0,NONE,NONE,32.25039156335559,42.760312358798515,1008.7246063834975
2026-05-11 03:00:00,B,31.012089902693365,42.02028399380961,1008.7104612259134,1,0,NONE,NONE,31.012089902693365,42.02028399380961,1008.7104612259134
2026-05-11 03:00:00,C,32.679452728013004,42.340121576522236,1008.8632108689748,1,0,NONE,NONE,32.679452728013004,42.340121576522236,1008.8632108689748
2026-05-11 03:00:00,D,31.235676381168684,41.074419084743475,1009.2195934318324,1,0,NONE,NONE,31.235676381168684,41.074419084743475,1009.2195934318324
2026-05-11 03:00:00,E,32.24637953144744,43.06497488397105,1009.3330808466721,1,0,NONE,NONE,32.24637953144744,43.06497488397105,1009.3330808466721
2026-05-11 04:00:00,A,32.88715109740258,40.75222064046661,1009.697683866049,1,0,NONE,NONE,32.88715109740258,40.75222064046661,1009.697683866049
2026-05-11 04:00:00,B,31.99185849350352,42.97983213890195,1009.1842330758004,1,0,NONE,NONE,31.99185849350352,42.97983213890195,1009.1842330758004
2026-05-11 04:00:00,C,33.643669429645335,41.35531756393955,1008.6371982337811,1,0,NONE,NONE,33.643669429645335,41.35531756393955,1008.6371982337811
2026-05-11 04:00:00,D,32.70022386196961,40.71369520017327,1009.1604522071126,1,0,NONE,NONE,32.70022386196961,40.71369520017327,1009.1604522071126
2026-05-11 04:00:00,E,32.88996581603108,40.39628488167361,1009.1428938088893,1,0,NONE,NONE,32.88996581603108,40.39628488167361,1009.1428938088893
2026-05-11 05:00:00,A,33.780966961127575,39.09292993956772,1010.4782065363092,1,0,NONE,NONE,33.780966961127575,39.09292993956772,1010.4782065363092
2026-05-11 05:00:00,B,32.907536106049555,37.524672097441844,1009.4483490120473,1,0,NONE,NONE,32.907536106049555,37.524672097441844,1009.4483490120473
2026-05-11 05:00:00,C,34.27725235976754,38.99071681814775,1010.0218171343535,1,0,NONE,NONE,34.27725235976754,38.99071681814775,1010.0218171343535
2026-05-11 05:00:00,D,33.14635842148057,38.56098717362255,1009.1666996294944,1,0,NONE,NONE,33.14635842148057,38.56098717362255,1009.1666996294944
2026-05-11 05:00:00,E,34.01466487359784,38.285411381291915,1009.9074833363227,1,0,NONE,NONE,34.01466487359784,38.285411381291915,1009.9074833363227
2026-05-11 06:00:00,A,34.55099126434024,38.210461784374246,1008.8664339650942,1,0,NONE,NONE,34.55099126434024,38.210461784374246,1008.8664339650942
2026-05-11 06:00:00,B,33.72667074665212,38.80496119821326,1010.0823387721927,1,0,NONE,NONE,33.72667074665212,38.80496119821326,1010.0823387721927
2026-05-11 06:00:00,C,35.23616585728381,38.34279348964917,1009.5278591336494,1,0,NONE,NONE,35.23616585728381,38.34279348964917,1009.5278591336494
2026-05-11 06:00:00,D,33.83138748518759,38.38915783361858,1009.5589281988487,1,0,NONE,NONE,33.83138748518759,38.38915783361858,1009.5589281988487
2026-05-11 06:00:00,E,34.3165747469654,40.69206081108861,1009.0095302823881,1,0,NONE,NONE,34.3165747469654,40.69206081108861,1009.0095302823881
2026-05-11 07:00:00,A,35.87381509938779,34.85789581104301,1009.0572766671135,1,0,NONE,NONE,35.87381509938779,34.85789581104301,1009.0572766671135
2026-05-11 07:00:00,B,34.66879611229321,35.23274885445425,1008.6224944563252,1,0,NONE,NONE,34.66879611229321,35.23274885445425,1008.6224944563252
2026-05-11 07:00:00,C,35.977330851612464,36.85805712642569,1008.9661822636366,1,0,NONE,NONE,35.977330851612464,36.85805712642569,1008.9661822636366
2026-05-11 07:00:00,D,34.84615544463284,36.79522661619476,1009.1299332915048,1,0,NONE,NONE,34.84615544463284,36.79522661619476,1009.1299332915048
2026-05-11 07:00:00,E,35.054428521823716,36.90468315965839,1008.6361948837331,1,0,NONE,NONE,35.054428521823716,36.90468315965839,1008.6361948837331
2026-05-11 08:00:00,A,36.332686893238304,35.352556555611535,1009.368974618714,1,0,NONE,NONE,36.332686893238304,35.352556555611535,1009.368974618714
2026-05-11 08:00:00,B,35.337986716561474,35.10029657765961,1009.9007308122477,1,0,NONE,NONE,35.337986716561474,35.10029657765961,1009.9007308122477
2026-05-11 08:00:00,C,36.85478553118443,35.66990454199788,1010.0947249239315,1,0,NONE,NONE,36.85478553118443,35.66990454199788,1010.0947249239315
2026-05-11 08:00:00,D,35.612920728247715,35.33328039658264,1009.4640363646184,1,0,NONE,NONE,35.612920728247715,35.33328039658264,1009.4640363646184
2026-05-11 08:00:00,E,35.77964228840503,35.586157735361994,1008.5408343494082,1,0,NONE,NONE,35.77964228840503,35.586157735361994,1008.5408343494082
2026-05-11 09:00:00,A,36.9558710280946,34.65610473276595,1009.0461345133674,1,0,NONE,NONE,36.9558710280946,34.65610473276595,1009.0461345133674
2026-05-11 09:00:00,B,36.45812002931724,35.38794275822156,1009.3029888709353,1,0,NONE,NONE,36.45812002931724,35.38794275822156,1009.3029888709353
2026-05-11 09:00:00,C,37.786444618973164,33.52598237739873,1009.355709657572,1,0,NONE,NONE,37.786444618973164,33.52598237739873,1009.355709657572
2026-05-11 09:00:00,D,36.42321929397913,33.3914284992126,1010.3355727397483,1,0,NONE,NONE,36.42321929397913,33.3914284992126,1010.3355727397483
2026-05-11 09:00:00,E,37.26662207618361,34.2748670741442,1009.6008773160984,1,0,NONE,NONE,37.26662207618361,34.2748670741442,1009.6008773160984
2026-05-11 10:00:00,A,38.163949072006304,34.503649923800864,1008.5012640291478,1,0,NONE,NONE,38.163949072006304,34.503649923800864,1008.5012640291478
2026-05-11 10:00:00,B,36.94650872293808,33.09003589815481,1008.7858414191569,1,0,NONE,NONE,36.94650872293808,33.09003589815481,1008.7858414191569
2026-05-11 10:00:00,C,38.33579595293897,33.050266053318296,1009.8662443367128,1,0,NONE,NONE,38.33579595293897,33.050266053318296,1009.8662443367128
2026-05-11 10:00:00,D,37.42227342959435,32.44898454849101,1009.7121580963967,1,0,NONE,NONE,37.42227342959435,32.44898454849101,1009.7121580963967
2026-05-11 10:00:00,E,37.930313220856476,33.2238406398272,1008.6363810684328,1,0,NONE,NONE,37.930313220856476,33.2238406398272,1008.6363810684328
2026-05-11 11:00:00,A,38.58729823529135,31.234249378590853,1009.2896006363393,1,0,NONE,NONE,38.58729823529135,31.234249378590853,1009.2896006363393
2026-05-11 11:00:00,B,38.37550079860348,30.674774818935198,1009.4863708860679,1,0,NONE,NONE,38.37550079860348,30.674774818935198,1009.4863708860679
2026-05-11 11:00:00,C,39.74994442042265,32.250517888109954,1009.2890783896413,1,0,NONE,NONE,39.74994442042265,32.250517888109954,1009.2890783896413
2026-05-11 11:00:00,D,38.28296850729502,32.507910822690256,1009.0923073828523,1,0,NONE,NONE,38.28296850729502,32.507910822690256,1009.0923073828523
2026-05-11 11:00:00,E,72.0,31.60815918494056,1010.1327162399284,1,1,SPIKE,NONE,38.62035003110346,31.60815918494056,1010.1327162399284
2026-05-11 12:00:00,A,39.70526655998639,29.670789711776465,1008.7028906963284,1,0,NONE,NONE,39.70526655998639,29.670789711776465,1008.7028906963284
2026-05-11 12:00:00,B,38.788627310538445,29.76397960540968,1009.3335724009781,1,0,NONE,NONE,38.788627310538445,29.76397960540968,1009.3335724009781
2026-05-11 12:00:00,C,39.9622903646855,31.93042692246469,1010.2644165156324,1,0,NONE,NONE,39.9622903646855,31.93042692246469,1010.2644165156324
2026-05-11 12:00:00,D,38.85739361146334,30.980200502294032,1009.8346495142735,1,0,NONE,NONE,38.85739361146334,30.980200502294032,1009.8346495142735
2026-05-11 12:00:00,E,39.5194875662494,29.905621307789417,1008.1930778492496,1,0,NONE,NONE,39.5194875662494,29.905621307789417,1008.1930778492496
2026-05-11 13:00:00,A,40.10358669190937,28.70428998889026,1009.4495621727643,1,0,NONE,NONE,40.10358669190937,28.70428998889026,1009.4495621727643
2026-05-11 13:00:00,B,39.324089205402075,29.885644781409475,1008.9126575188674,1,0,NONE,NONE,39.324089205402075,29.885644781409475,1008.9126575188674
2026-05-11 13:00:00,C,40.75268299412778,30.16531785856001,1010.0904363786684,1,0,NONE,NONE,40.75268299412778,30.16531785856001,1010.0904363786684
2026-05-11 13:00:00,D,39.68035706855639,28.228491787676248,1009.008728270936,1,0,NONE,NONE,39.68035706855639,28.228491787676248,1009.008728270936
2026-05-11 13:00:00,E,40.07042290722565,28.659188091234405,1010.0609941415918,1,0,NONE,NONE,40.07042290722565,28.659188091234405,1010.0609941415918
2026-05-11 14:00:00,A,41.06191038260553,28.848212867982024,1008.7317772445853,1,0,NONE,NONE,41.06191038260553,28.848212867982024,1008.7317772445853
2026-05-11 14:00:00,B,40.11336909277299,27.202444118562813,1009.2263904041971,1,0,NONE,NONE,40.11336909277299,27.202444118562813,1009.2263904041971
2026-05-11 14:00:00,C,42.05916976708523,30.085993207791507,1009.0670072874626,1,0,NONE,NONE,42.05916976708523,30.085993207791507,1009.0670072874626
2026-05-11 14:00:00,D,40.57253725295489,28.03214305570918,1008.1724270941132,1,0,NONE,NONE,40.57253725295489,28.03214305570918,1008.1724270941132
2026-05-11 14:00:00,E,41.61669798830858,27.900057480063953,1009.2969980953034,1,0,NONE,NONE,41.61669798830858,27.900057480063953,1009.2969980953034
2026-05-11 15:00:00,A,42.198946715258934,26.98832557774479,1009.9451799684662,1,0,NONE,NONE,42.198946715258934,26.98832557774479,1009.9451799684662
2026-05-11 15:00:00,B,41.25606895113374,26.87603305766708,1008.9775559675265,1,0,NONE,NONE,41.25606895113374,26.87603305766708,1008.9775559675265
2026-05-11 15:00:00,C,42.8179070068777,25.892226905197056,1009.6559982414346,1,0,NONE,NONE,42.8179070068777,25.892226905197056,1009.6559982414346
2026-05-11 15:00:00,D,40.99919023513799,27.410961591456896,1008.6661696104987,1,0,NONE,NONE,40.99919023513799,27.410961591456896,1008.6661696104987
2026-05-11 15:00:00,E,41.98541870448015,26.11614969695134,1009.1218562100222,1,0,NONE,NONE,41.98541870448015,26.11614969695134,1009.1218562100222
2026-05-11 16:00:00,A,42.34982097557355,26.172367455807425,1008.7573095240447,1,0,NONE,NONE,42.34982097557355,26.172367455807425,1008.7573095240447
2026-05-11 16:00:00,B,41.1574351025093,26.74769949947828,1009.2056948428384,1,0,NONE,NONE,41.1574351025093,26.74769949947828,1009.2056948428384
2026-05-11 16:00:00,C,42.8269516229849,27.574448296295145,1009.4716241450053,1,0,NONE,NONE,42.8269516229849,27.574448296295145,1009.4716241450053
2026-05-11 16:00:00,D,41.19908944713475,25.032722378453094,1008.2135402096999,1,0,NONE,NONE,41.19908944713475,25.032722378453094,1008.2135402096999
2026-05-11 16:00:00,E,42.02400661849545,25.9892818768973,1008.8764766268083,1,0,NONE,NONE,42.02400661849545,25.9892818768973,1008.8764766268083
2026-05-11 17:00:00,A,42.27895450730182,27.257948284177182,1008.9666288163653,1,0,NONE,NONE,42.27895450730182,27.257948284177182,1008.9666288163653
2026-05-11 17:00:00,B,41.387480949882246,26.09308050345801,1009.4587249117286,1,0,NONE,NONE,41.387480949882246,26.09308050345801,1009.4587249117286
2026-05-11 17:00:00,C,42.87034995291668,26.92802285680218,1009.8119753532343,1,0,NONE,NONE,42.87034995291668,26.92802285680218,1009.8119753532343
2026-05-11 17:00:00,D,41.818055704552734,27.288041043443762,1008.9519028324474,1,0,NONE,NONE,41.818055704552734,27.288041043443762,1008.9519028324474
2026-05-11 17:00:00,E,42.189834175843565,26.85111107875572,1009.3272276316442,1,0,NONE,NONE,42.189834175843565,26.85111107875572,1009.3272276316442
2026-05-11 18:00:00,A,42.264104386075545,26.884311591901238,1009.5131415874083,1,0,NONE,NONE,42.264104386075545,26.884311591901238,1009.5131415874083
2026-05-11 18:00:00,B,41.3818815674679,28.931178131878518,1009.8993913867961,1,0,NONE,NONE,41.3818815674679,28.931178131878518,1009.8993913867961
2026-05-11 18:00:00,C,42.78478468798381,28.977036975770865,1008.6239212484334,1,0,NONE,NONE,42.78478468798381,28.977036975770865,1008.6239212484334
2026-05-11 18:00:00,D,41.916227585253445,26.124610283607346,1009.1155921683182,1,0,NONE,NONE,41.916227585253445,26.124610283607346,1009.1155921683182
2026-05-11 18:00:00,E,42.18343588890053,26.532256825132336,1009.087565627511,1,0,NONE,NONE,42.18343588890053,26.532256825132336,1009.087565627511
2026-05-11 19:00:00,A,42.26956649492469,27.798432224575443,1008.4696742247618,1,0,NONE,NONE,42.26956649492469,27.798432224575443,1008.4696742247618
2026-05-11 19:00:00,B,41.31522145151118,27.463706256360567,1008.4661986335653,1,0,NONE,NONE,41.31522145151118,27.463706256360567,1008.4661986335653
2026-05-11 19:00:00,C,42.65033635974538,26.021488948687406,1009.428132112978,1,0,NONE,NONE,42.65033635974538,26.021488948687406,1009.428132112978
2026-05-11 19:00:00,D,41.579980026131274,27.400385902635712,1009.9233250391164,1,0,NONE,NONE,41.579980026131274,27.400385902635712,1009.9233250391164
2026-05-11 19:00:00,E,42.174564038898374,28.333780222625244,1009.636757323987,1,0,NONE,NONE,42.174564038898374,28.333780222625244,1009.636757323987
2026-05-11 20:00:00,A,42.076636027458434,26.170287331654563,1009.1775597545361,1,0,NONE,NONE,42.076636027458434,26.170287331654563,1009.1775597545361
2026-05-11 20:00:00,B,41.20298168191823,24.847197838874308,1010.1303464745621,1,0,NONE,NONE,41.20298168191823,24.847197838874308,1010.1303464745621
2026-05-11 20:00:00,C,42.88750133717066,26.032618583351137,1009.5930420306588,1,0,NONE,NONE,42.88750133717066,26.032618583351137,1009.5930420306588
2026-05-11 20:00:00,D,41.78765181814307,26.1090812689894,1009.2272934741161,1,0,NONE,NONE,41.78765181814307,26.1090812689894,1009.2272934741161
2026-05-11 20:00:00,E,42.01424553444285,24.221370617138902,1009.120943611565,1,0,NONE,NONE,42.01424553444285,24.221370617138902,1009.120943611565
2026-05-11 21:00:00,A,42.27092477534234,26.58723147042351,1009.6961245686306,1,0,NONE,NONE,42.27092477534234,26.58723147042351,1009.6961245686306
2026-05-11 21:00:00,B,41.1119241720841,27.101347931790706,1008.066509291728,1,0,NONE,NONE,41.1119241720841,27.101347931790706,1008.066509291728
2026-05-11 21:00:00,C,42.779461274718855,26.315500971577258,1008.1631834482778,1,0,NONE,NONE,42.779461274718855,26.315500971577258,1008.1631834482778
2026-05-11 21:00:00,D,41.77714364792998,25.110011516356757,1008.9330029270849,1,0,NONE,NONE,41.77714364792998,25.110011516356757,1008.9330029270849
2026-05-11 21:00:00,E,42.30918728844847,28.00640046894374,1009.1177040722202,1,0,NONE,NONE,42.30918728844847,28.00640046894374,1009.1177040722202
2026-05-11 22:00:00,A,42.36531905431868,26.565338655378483,1008.2175349784641,1,0,NONE,NONE,42.36531905431868,26.565338655378483,1008.2175349784641
2026-05-11 22:00:00,B,41.36814381809724,26.29566034374225,1008.9453840482269,1,0,NONE,NONE,41.36814381809724,26.29566034374225,1008.9453840482269
2026-05-11 22:00:00,C,43.15247075519419,24.833551084200835,1008.4296473394118,1,0,NONE,NONE,43.15247075519419,24.833551084200835,1008.4296473394118
2026-05-11 22:00:00,D,42.37322297020168,25.329904370627474,1009.4359793863364,1,0,NONE,NONE,42.37322297020168,25.329904370627474,1009.4359793863364
2026-05-11 22:00:00,E,42.63385170780565,28.20353200100827,1008.8394704896377,1,0,NONE,NONE,42.63385170780565,28.20353200100827,1008.8394704896377
2026-05-11 23:00:00,A,42.71142444524378,25.536485051867885,1009.0923169292662,1,0,NONE,NONE,42.71142444524378,25.536485051867885,1009.0923169292662
2026-05-11 23:00:00,B,41.6712797588647,27.852433334796224,1009.2941586032423,1,0,NONE,NONE,41.6712797588647,27.852433334796224,1009.2941586032423
2026-05-11 23:00:00,C,42.970588523699575,26.47424497831924,1007.9803839111199,1,0,NONE,NONE,42.970588523699575,26.47424497831924,1007.9803839111199
2026-05-11 23:00:00,D,42.02391498228691,27.048084946661383,1007.894432345496,1,0,NONE,NONE,42.02391498228691,27.048084946661383,1007.894432345496
2026-05-11 23:00:00,E,42.56908400923099,24.92660976759185,1008.9715271881395,1,0,NONE,NONE,42.56908400923099,24.92660976759185,1008.9715271881395
2026-06-10 00:00:00,A,25.56156035377841,49.373032942212234,1010.1335251329347,0,0,NONE,NONE,25.56156035377841,49.373032942212234,1010.1335251329347
2026-06-10 00:00:00,B,24.377442261903123,50.249383683710754,1010.3213613799338,0,0,NONE,NONE,24.377442261903123,50.249383683710754,1010.3213613799338
2026-06-10 00:00:00,C,26.209910543063867,49.97444592900855,1010.5540914083688,0,0,NONE,NONE,26.209910543063867,49.97444592900855,1010.5540914083688
2026-06-10 00:00:00,D,24.6722076504621,50.12522450264791,1010.1168929558954,0,0,NONE,NONE,24.6722076504621,50.12522450264791,1010.1168929558954
2026-06-10 00:00:00,E,25.483815296597555,50.949554135441325,1011.0066936237633,0,0,NONE,NONE,25.483815296597555,50.949554135441325,1011.0066936237633
2026-06-10 01:00:00,A,25.200519512958035,51.85500174948629,1010.423538802067,0,0,NONE,NONE,25.200519512958035,51.85500174948629,1010.423538802067
2026-06-10 01:00:00,B,24.465012879502165,51.620006471252836,1010.6432996693216,0,0,NONE,NONE,24.465012879502165,51.620006471252836,1010.6432996693216
2026-06-10 01:00:00,C,25.935506149177247,51.215282210748725,1009.4587704406925,0,0,NONE,NONE,25.935506149177247,51.215282210748725,1009.4587704406925
2026-06-10 01:00:00,D,24.577935232807864,49.613147650364105,1009.2007755811535,0,0,NONE,NONE,24.577935232807864,49.613147650364105,1009.2007755811535
2026-06-10 01:00:00,E,25.284498282651633,48.55765522303946,1010.0469910697967,0,0,NONE,NONE,25.284498282651633,48.55765522303946,1010.0469910697967
2026-06-10 02:00:00,A,25.31546929855758,50.7928583184342,1009.9985888031483,0,0,NONE,NONE,25.31546929855758,50.7928583184342,1009.9985888031483
2026-06-10 02:00:00,B,24.642279461123703,49.98981085059177,1010.0557073933614,0,0,NONE,NONE,24.642279461123703,49.98981085059177,1010.0557073933614
2026-06-10 02:00:00,C,26.34858519610559,50.62870653757315,1010.263833761042,0,0,NONE,NONE,26.34858519610559,50.62870653757315,1010.263833761042
2026-06-10 02:00:00,D,25.213509415005998,50.20740388601101,1010.1228869246179,0,0,NONE,NONE,25.213509415005998,50.20740388601101,1010.1228869246179
2026-06-10 02:00:00,E,25.438584845793102,47.53118524807677,1009.7747860328546,0,0,NONE,NONE,25.438584845793102,47.53118524807677,1009.7747860328546
2026-06-10 03:00:00,A,25.77631239327263,49.56519279857382,1010.4689104002987,0,0,NONE,NONE,25.77631239327263,49.56519279857382,1010.4689104002987
2026-06-10 03:00:00,B,24.694550932465493,50.40668110023842,1010.2906720915603,0,0,NONE,NONE,24.694550932465493,50.40668110023842,1010.2906720915603
2026-06-10 03:00:00,C,26.167179495406568,49.75704524238198,1009.4094624311791,0,0,NONE,NONE,26.167179495406568,49.75704524238198,1009.4094624311791
2026-06-10 03:00:00,D,25.129622992336614,50.67095760350447,1010.3529346935704,0,0,NONE,NONE,25.129622992336614,50.67095760350447,1010.3529346935704
2026-06-10 03:00:00,E,25.49199913570729,51.061979485707354,1010.0285103656985,0,0,NONE,NONE,25.49199913570729,51.061979485707354,1010.0285103656985
2026-06-10 04:00:00,A,25.704385853583037,50.80262050501297,1009.6562493919711,0,0,NONE,NONE,25.704385853583037,50.80262050501297,1009.6562493919711
2026-06-10 04:00:00,B,24.801921620492013,50.778109275673984,1009.8700257698777,0,0,NONE,NONE,24.801921620492013,50.778109275673984,1009.8700257698777
2026-06-10 04:00:00,C,26.5852649404825,50.94191147660579,1009.6030091366733,0,0,NONE,NONE,26.5852649404825,50.94191147660579,1009.6030091366733
2026-06-10 04:00:00,D,24.832582696921904,50.219072836283146,1008.9180257957355,0,0,NONE,NONE,24.832582696921904,50.219072836283146,1008.9180257957355
2026-06-10 04:00:00,E,25.336594675228838,48.803334067542025,1009.2413304722563,0,0,NONE,NONE,25.336594675228838,48.803334067542025,1009.2413304722563
2026-06-10 05:00:00,A,25.675969290176273,51.18532040707353,1010.5982907413694,0,0,NONE,NONE,25.675969290176273,51.18532040707353,1010.5982907413694
2026-06-10 05:00:00,B,25.11480686520008,50.399375080603164,1010.6136756290012,0,0,NONE,NONE,25.11480686520008,50.399375080603164,1010.6136756290012
2026-06-10 05:00:00,C,26.074928393828895,47.36422333681673,1010.8506326982099,0,0,NONE,NONE,26.074928393828895,47.36422333681673,1010.8506326982099
2026-06-10 05:00:00,D,25.46325311851567,50.253357648650685,1010.0806453062004,0,0,NONE,NONE,25.46325311851567,50.253357648650685,1010.0806453062004
2026-06-10 05:00:00,E,25.711174427354113,49.98800055555412,1009.4078100020213,0,0,NONE,NONE,25.711174427354113,49.98800055555412,1009.4078100020213
2026-06-10 06:00:00,A,25.759005935549247,50.87712911115337,1011.0217894873415,0,0,NONE,NONE,25.759005935549247,50.87712911115337,1011.0217894873415
2026-06-10 06:00:00,B,24.71992970343736,49.808885534385645,1009.5341442745023,0,0,NONE,NONE,24.71992970343736,49.808885534385645,1009.5341442745023
2026-06-10 06:00:00,C,26.60251190956922,51.404084849308276,1009.7769992251502,0,0,NONE,NONE,26.60251190956922,51.404084849308276,1009.7769992251502
2026-06-10 06:00:00,D,25.25167224633449,49.55332746112942,1010.4861749217686,0,0,NONE,NONE,25.25167224633449,49.55332746112942,1010.4861749217686
2026-06-10 06:00:00,E,25.52032719759709,49.08520612287681,1010.4725473795041,0,0,NONE,NONE,25.52032719759709,49.08520612287681,1010.4725473795041
2026-06-10 07:00:00,A,25.867388681497864,48.72764762053508,1009.6696445495674,0,0,NONE,NONE,25.867388681497864,48.72764762053508,1009.6696445495674
2026-06-10 07:00:00,B,24.638212891517842,50.49196233332384,1010.7515340462427,0,0,NONE,NONE,24.638212891517842,50.49196233332384,1010.7515340462427
2026-06-10 07:00:00,C,26.33745449711806,48.55815856164744,1009.959780266377,0,0,NONE,NONE,26.33745449711806,48.55815856164744,1009.959780266377
2026-06-10 07:00:00,D,25.032906063723807,49.634971422874585,1009.2462433204416,0,0,NONE,NONE,25.032906063723807,49.634971422874585,1009.2462433204416
2026-06-10 07:00:00,E,25.446723308526963,48.495891902845514,1009.5226166903016,0,0,NONE,NONE,25.446723308526963,48.495891902845514,1009.5226166903016
2026-06-10 08:00:00,A,25.73247359585302,49.613288356090024,1009.6070359733421,0,0,NONE,NONE,25.73247359585302,49.613288356090024,1009.6070359733421
2026-06-10 08:00:00,B,24.564561686311986,51.41405728177467,1009.8097082587204,0,0,NONE,NONE,24.564561686311986,51.41405728177467,1009.8097082587204
2026-06-10 08:00:00,C,26.210141931192002,49.97798459051177,1010.264821099387,0,0,NONE,NONE,26.210141931192002,49.97798459051177,1010.264821099387
2026-06-10 08:00:00,D,24.640544388940178,48.9378202601152,1010.6660734274614,0,0,NONE,NONE,24.640544388940178,48.9378202601152,1010.6660734274614
2026-06-10 08:00:00,E,25.747727500628972,50.88188826011968,1009.3063317427016,0,0,NONE,NONE,25.747727500628972,50.88188826011968,1009.3063317427016
2026-06-10 09:00:00,A,25.727317778323794,50.13546008785275,1010.5352028768567,0,0,NONE,NONE,25.727317778323794,50.13546008785275,1010.5352028768567
2026-06-10 09:00:00,B,24.736792715415874,49.3564634239932,1009.0931230872388,0,0,NONE,NONE,24.736792715415874,49.3564634239932,1009.0931230872388
2026-06-10 09:00:00,C,26.286201556593394,49.263308828778115,1010.0563515822842,0,0,NONE,NONE,26.286201556593394,49.263308828778115,1010.0563515822842
2026-06-10 09:00:00,D,25.641167237922406,52.1325554665912,1010.018020142981,0,0,NONE,NONE,25.641167237922406,52.1325554665912,1010.018020142981
2026-06-10 09:00:00,E,25.503285127046052,51.142133883706904,1010.0768370145615,0,0,NONE,NONE,25.503285127046052,51.142133883706904,1010.0768370145615
2026-06-10 10:00:00,A,25.964700965913153,50.35109848579357,1010.5770201154186,1,0,NONE,NONE,25.964700965913153,50.35109848579357,1010.5770201154186
2026-06-10 10:00:00,B,24.91890652031886,50.558501589040496,1009.8512862500086,1,0,NONE,NONE,24.91890652031886,50.558501589040496,1009.8512862500086
2026-06-10 10:00:00,C,26.361462453254752,49.13085043917271,1009.862443495125,1,0,NONE,NONE,26.361462453254752,49.13085043917271,1009.862443495125
2026-06-10 10:00:00,D,24.9476174215409,49.18166867950233,1009.434728114674,1,0,NONE,NONE,24.9476174215409,49.18166867950233,1009.434728114674
2026-06-10 10:00:00,E,25.731168146367445,49.8490215141669,1010.3800861198847,1,0,NONE,NONE,25.731168146367445,49.8490215141669,1010.3800861198847
2026-06-10 11:00:00,A,24.915267693717116,51.08875720393366,1010.2188131475176,1,0,NONE,NONE,24.915267693717116,51.08875720393366,1010.2188131475176
2026-06-10 11:00:00,B,24.46985382194368,49.7679642914438,1010.1397173323568,1,0,NONE,NONE,24.46985382194368,49.7679642914438,1010.1397173323568
2026-06-10 11:00:00,C,25.695775438520506,51.6289118937615,1010.6627236623274,1,0,NONE,NONE,25.695775438520506,51.6289118937615,1010.6627236623274
2026-06-10 11:00:00,D,24.081862499848743,49.77517990858707,1010.4523586222654,1,0,NONE,NONE,24.081862499848743,49.77517990858707,1010.4523586222654
2026-06-10 11:00:00,E,24.909118449911283,47.87704281423807,1010.8397198164267,1,0,NONE,NONE,24.909118449911283,47.87704281423807,1010.8397198164267
2026-06-10 12:00:00,A,24.378003134729518,50.688339298805595,1010.9631588710873,1,0,NONE,NONE,24.378003134729518,50.688339298805595,1010.9631588710873
2026-06-10 12:00:00,B,23.19283032377939,51.70568492679718,1011.5935740541296,1,0,NONE,NONE,23.19283032377939,51.70568492679718,1011.5935740541296
2026-06-10 12:00:00,C,24.900919681193724,50.04293709656045,1012.3749600722543,1,0,NONE,NONE,24.900919681193724,50.04293709656045,1012.3749600722543
2026-06-10 12:00:00,D,23.800866669988554,49.79223103230314,1011.4524157358961,1,0,NONE,NONE,23.800866669988554,49.79223103230314,1011.4524157358961
2026-06-10 12:00:00,E,24.313531696752943,49.96439384961986,1011.6712761225381,1,0,NONE,NONE,24.313531696752943,49.96439384961986,1011.6712761225381
2026-06-10 13:00:00,A,23.141246197085565,49.2178471306516,1011.7253690937459,1,0,NONE,NONE,23.141246197085565,49.2178471306516,1011.7253690937459
2026-06-10 13:00:00,B,22.52652050826091,49.030004584577924,1011.539949408525,1,0,NONE,NONE,22.52652050826091,49.030004584577924,1011.539949408525
2026-06-10 13:00:00,C,23.867022917145412,50.89969537109242,1011.8374519996594,1,0,NONE,NONE,23.867022917145412,50.89969537109242,1011.8374519996594
2026-06-10 13:00:00,D,23.269713399200985,51.44811586630614,1011.9042640938824,1,0,NONE,NONE,23.269713399200985,51.44811586630614,1011.9042640938824
2026-06-10 13:00:00,E,23.37670256450912,50.94499549476425,1011.4878638538914,1,0,NONE,NONE,23.37670256450912,50.94499549476425,1011.4878638538914
2026-06-10 14:00:00,A,22.873004379744764,50.97594253185702,1011.8870452612002,1,0,NONE,NONE,22.873004379744764,50.97594253185702,1011.8870452612002
2026-06-10 14:00:00,B,21.663888673065085,50.03682283357947,1012.3361788001099,1,0,NONE,NONE,21.663888673065085,50.03682283357947,1012.3361788001099
2026-06-10 14:00:00,C,23.162302333827437,50.54882410197188,1012.6598200400748,1,0,NONE,NONE,23.162302333827437,50.54882410197188,1012.6598200400748
2026-06-10 14:00:00,D,22.244027815981738,50.300795002559035,1012.8286485129405,1,0,NONE,NONE,22.244027815981738,50.300795002559035,1012.8286485129405
2026-06-10 14:00:00,E,22.462167860530606,49.11683311207693,1011.8483651833465,1,0,NONE,NONE,22.462167860530606,49.11683311207693,1011.8483651833465
2026-06-10 15:00:00,A,21.94710308310875,51.248883617624244,1012.7929536620162,1,0,NONE,NONE,21.94710308310875,51.248883617624244,1012.7929536620162
2026-06-10 15:00:00,B,21.09026224131576,51.01550974740494,1012.3075092697856,1,2,DRIFT,NONE,21.09026224131576,51.01550974740494,1012.3075092697856
2026-06-10 15:00:00,C,22.781037658348517,51.115338699563544,1013.7776068332621,1,0,NONE,NONE,22.781037658348517,51.115338699563544,1013.7776068332621
2026-06-10 15:00:00,D,21.265365410636615,51.886039945014154,1012.7919428387187,1,0,NONE,NONE,21.265365410636615,51.886039945014154,1012.7919428387187
2026-06-10 15:00:00,E,21.8161368464662,50.82165779211958,1014.0029464612361,1,0,NONE,NONE,21.8161368464662,50.82165779211958,1014.0029464612361
2026-06-10 16:00:00,A,21.089199867835422,51.24064151176083,1013.4432183704234,1,0,NONE,NONE,21.089199867835422,51.24064151176083,1013.4432183704234
2026-06-10 16:00:00,B,21.04338040614737,52.246375093064124,1013.7191355941749,1,2,DRIFT,NONE,20.54338040614737,52.246375093064124,1013.7191355941749
2026-06-10 16:00:00,C,21.883502554992788,50.75767295489004,1014.4980517202785,1,0,NONE,NONE,21.883502554992788,50.75767295489004,1014.4980517202785
2026-06-10 16:00:00,D,20.456944789305705,50.007360439585916,1014.0299691658175,1,0,NONE,NONE,20.456944789305705,50.007360439585916,1014.0299691658175
2026-06-10 16:00:00,E,21.11603543077611,50.66554121465679,1013.7839488343784,1,0,NONE,NONE,21.11603543077611,50.66554121465679,1013.7839488343784
2026-06-10 17:00:00,A,20.419942452108252,51.80418498087377,1014.2543990897884,1,0,NONE,NONE,20.419942452108252,51.80418498087377,1014.2543990897884
2026-06-10 17:00:00,B,20.117230500735086,50.65765399424616,1013.4263582090259,1,2,DRIFT,NONE,19.117230500735086,50.65765399424616,1013.4263582090259
2026-06-10 17:00:00,C,20.810668989253955,49.44041203113058,1015.2318130251207,1,0,NONE,NONE,20.810668989253955,49.44041203113058,1015.2318130251207
2026-06-10 17:00:00,D,19.694087367075213,51.00239841754295,1013.931440623888,1,0,NONE,NONE,19.694087367075213,51.00239841754295,1013.931440623888
2026-06-10 17:00:00,E,20.134966316589523,51.30269575492024,1014.5128813641129,1,0,NONE,NONE,20.134966316589523,51.30269575492024,1014.5128813641129
2026-06-10 18:00:00,A,19.741909478558167,51.599879601357415,1015.3139645471881,1,0,NONE,NONE,19.741909478558167,51.599879601357415,1015.3139645471881
2026-06-10 18:00:00,B,19.810926701162007,50.21075792011531,1014.5393555791386,1,2,DRIFT,NONE,18.310926701162007,50.21075792011531,1014.5393555791386
2026-06-10 18:00:00,C,19.916415285299294,51.76222426625566,1015.650672101896,1,0,NONE,NONE,19.916415285299294,51.76222426625566,1015.650672101896
2026-06-10 18:00:00,D,18.860600307623006,49.930610393548754,1015.2756939602071,1,0,NONE,NONE,18.860600307623006,49.930610393548754,1015.2756939602071
2026-06-10 18:00:00,E,19.21088511363433,50.88553781522267,1015.995404061806,1,0,NONE,NONE,19.21088511363433,50.88553781522267,1015.995404061806
2026-06-10 19:00:00,A,18.797098937015782,51.267690717526314,1016.1414234756908,1,0,NONE,NONE,18.797098937015782,51.267690717526314,1016.1414234756908
2026-06-10 19:00:00,B,19.80305709942597,52.689667707738465,1016.4045234374947,1,2,DRIFT,NONE,17.80305709942597,52.689667707738465,1016.4045234374947
2026-06-10 19:00:00,C,19.11823118935581,50.31475405513656,1015.4528136530573,1,0,NONE,NONE,19.11823118935581,50.31475405513656,1015.4528136530573
2026-06-10 19:00:00,D,17.95046320880603,52.95365976607126,1015.5723622886902,1,0,NONE,NONE,17.95046320880603,52.95365976607126,1015.5723622886902
2026-06-10 19:00:00,E,18.131857677542126,49.83544169741632,1016.3024311141229,1,0,NONE,NONE,18.131857677542126,49.83544169741632,1016.3024311141229
2026-06-10 20:00:00,A,17.41146041209233,50.78089811832859,1017.4925754743705,1,0,NONE,NONE,17.41146041209233,50.78089811832859,1017.4925754743705
2026-06-10 20:00:00,B,19.41601355628392,49.403049929370994,1017.1102253072888,1,2,DRIFT,NONE,16.91601355628392,49.403049929370994,1017.1102253072888
2026-06-10 20:00:00,C,18.402338852904748,49.294481931127486,1017.534040994114,1,0,NONE,NONE,18.402338852904748,49.294481931127486,1017.534040994114
2026-06-10 20:00:00,D,17.100475479149036,49.66346541075772,1016.3495602566686,1,0,NONE,NONE,17.100475479149036,49.66346541075772,1016.3495602566686
2026-06-10 20:00:00,E,17.366612525743587,52.04763533145173,1016.9452691140042,1,0,NONE,NONE,17.366612525743587,52.04763533145173,1016.9452691140042
2026-06-10 21:00:00,A,16.70913019935803,49.2326560877606,1016.9111573261351,1,0,NONE,NONE,16.70913019935803,49.2326560877606,1016.9111573261351
2026-06-10 21:00:00,B,19.334387057852375,48.69481106465651,1017.623063127397,1,2,DRIFT,NONE,16.334387057852375,48.69481106465651,1017.623063127397
2026-06-10 21:00:00,C,17.260487079665488,50.46550186031069,1016.8371616499952,1,0,NONE,NONE,17.260487079665488,50.46550186031069,1016.8371616499952
2026-06-10 21:00:00,D,16.252526967125267,51.20343773150363,1018.0283809341098,1,0,NONE,NONE,16.252526967125267,51.20343773150363,1018.0283809341098
2026-06-10 21:00:00,E,16.70400065183424,50.73508744824963,1018.4928355189551,1,0,NONE,NONE,16.70400065183424,50.73508744824963,1018.4928355189551
2026-06-10 22:00:00,A,16.02549221151254,51.365788431898544,1018.5955046642838,1,0,NONE,NONE,16.02549221151254,51.365788431898544,1018.5955046642838
2026-06-10 22:00:00,B,18.767241564116866,51.37618466281929,1017.619855393481,1,2,DRIFT,NONE,15.267241564116866,51.37618466281929,1017.619855393481
2026-06-10 22:00:00,C,16.598980619567005,52.43693000340027,1018.2546611976651,1,0,NONE,NONE,16.598980619567005,52.43693000340027,1018.2546611976651
2026-06-10 22:00:00,D,15.29966300927834,51.569947093698055,1018.6489985253427,1,0,NONE,NONE,15.29966300927834,51.569947093698055,1018.6489985253427
2026-06-10 22:00:00,E,15.828553486619818,50.908865673256024,1017.7815843498555,1,0,NONE,NONE,15.828553486619818,50.908865673256024,1017.7815843498555
2026-06-10 23:00:00,A,15.341084471440343,51.18641109141843,1018.6893581614739,1,0,NONE,NONE,15.341084471440343,51.18641109141843,1018.6893581614739
2026-06-10 23:00:00,B,18.264007843240766,50.47666917990271,1018.7724969055157,1,2,DRIFT,NONE,14.264007843240766,50.47666917990271,1018.7724969055157
2026-06-10 23:00:00,C,15.50214944662266,51.82894514636881,1018.419214658577,1,0,NONE,NONE,15.50214944662266,51.82894514636881,1018.419214658577
2026-06-10 23:00:00,D,14.579731246024824,51.392522501706814,1019.1009216440402,1,0,NONE,NONE,14.579731246024824,51.392522501706814,1019.1009216440402
2026-06-10 23:00:00,E,15.098472000801088,50.04545544518212,1019.2602726476273,1,0,NONE,NONE,15.098472000801088,50.04545544518212,1019.2602726476273
2026-06-11 00:00:00,A,14.624808399838503,51.29285543294005,1019.4646298473015,1,0,NONE,NONE,14.624808399838503,51.29285543294005,1019.4646298473015
2026-06-11 00:00:00,B,18.139407561883143,50.000043778613964,1019.4875604325824,1,2,DRIFT,NONE,13.639407561883143,50.000043778613964,1019.4875604325824
2026-06-11 00:00:00,C,15.101121220265735,50.672624461336824,1019.4572925288312,1,0,NONE,NONE,15.101121220265735,50.672624461336824,1019.4572925288312
2026-06-11 00:00:00,D,13.482685232905606,50.835988936866976,1018.9432053197913,1,0,NONE,NONE,13.482685232905606,50.835988936866976,1018.9432053197913
2026-06-11 00:00:00,E,14.332606580724104,50.57799434455317,1019.5178682645762,1,0,NONE,NONE,14.332606580724104,50.57799434455317,1019.5178682645762
2026-06-11 01:00:00,A,14.418681024603348,49.787081211413735,1019.8054948524663,1,0,NONE,NONE,14.418681024603348,49.787081211413735,1019.8054948524663
2026-06-11 01:00:00,B,13.785570503350623,51.77218623453339,1018.8889027617868,1,0,NONE,NONE,13.785570503350623,51.77218623453339,1018.8889027617868
2026-06-11 01:00:00,C,15.19326897517459,50.714572082915616,1019.6324663115347,1,0,NONE,NONE,15.19326897517459,50.714572082915616,1019.6324663115347
2026-06-11 01:00:00,D,13.844161861875094,50.93400908750061,1019.3098808815356,1,0,NONE,NONE,13.844161861875094,50.93400908750061,1019.3098808815356
2026-06-11 01:00:00,E,14.46976833810539,50.17902707320714,1019.6023812458146,1,0,NONE,NONE,14.46976833810539,50.17902707320714,1019.6023812458146
2026-06-11 02:00:00,A,14.643736331618818,50.02532643831514,1018.8854474998572,1,0,NONE,NONE,14.643736331618818,50.02532643831514,1018.8854474998572
2026-06-11 02:00:00,B,13.770479414962875,51.3501836924946,1020.198507661522,1,0,NONE,NONE,13.770479414962875,51.3501836924946,1020.198507661522
2026-06-11 02:00:00,C,15.009745686263528,50.78474792750602,1019.6074871183635,1,0,NONE,NONE,15.009745686263528,50.78474792750602,1019.6074871183635
2026-06-11 02:00:00,D,13.70866475729322,51.150194450702514,1020.053357360628,1,0,NONE,NONE,13.70866475729322,51.150194450702514,1020.053357360628
2026-06-11 02:00:00,E,14.392283223111587,50.93343691879998,1020.2110427238446,1,0,NONE,NONE,14.392283223111587,50.93343691879998,1020.2110427238446
2026-06-11 03:00:00,A,14.497859583742102,52.20208902354567,1019.6167367879857,1,0,NONE,NONE,14.497859583742102,52.20208902354567,1019.6167367879857
2026-06-11 03:00:00,B,13.750390976434225,50.58485753947603,1019.8642130601816,1,0,NONE,NONE,13.750390976434225,50.58485753947603,1019.8642130601816
2026-06-11 03:00:00,C,15.463733522870776,53.22568415377361,1019.6364922920113,1,0,NONE,NONE,15.463733522870776,53.22568415377361,1019.6364922920113
2026-06-11 03:00:00,D,13.728218306769612,51.00193416858428,1019.4963903717136,1,0,NONE,NONE,13.728218306769612,51.00193416858428,1019.4963903717136
2026-06-11 03:00:00,E,14.546236498978008,52.860644650355106,1019.6794497930384,1,0,NONE,NONE,14.546236498978008,52.860644650355106,1019.6794497930384
2026-06-11 04:00:00,A,14.569185801103739,51.15193420784547,1019.4874814232554,1,0,NONE,NONE,14.569185801103739,51.15193420784547,1019.4874814232554
2026-06-11 04:00:00,B,13.90482429961996,49.91118496303123,1019.293773232234,1,0,NONE,NONE,13.90482429961996,49.91118496303123,1019.293773232234
2026-06-11 04:00:00,C,14.94633622910166,51.57342481393368,1020.2111109536783,1,0,NONE,NONE,14.94633622910166,51.57342481393368,1020.2111109536783
2026-06-11 04:00:00,D,14.027468191932826,52.15536847849703,1020.5639200891397,1,0,NONE,NONE,14.027468191932826,52.15536847849703,1020.5639200891397
2026-06-11 04:00:00,E,14.504384244664152,49.81958821877077,1019.6734033586737,1,0,NONE,NONE,14.504384244664152,49.81958821877077,1019.6734033586737
2026-06-11 05:00:00,A,14.452710333821845,51.91554325056411,1019.6292043554083,1,0,NONE,NONE,14.452710333821845,51.91554325056411,1019.6292043554083
2026-06-11 05:00:00,B,13.967901671280625,52.10649988147163,1019.3964216429015,1,0,NONE,NONE,13.967901671280625,52.10649988147163,1019.3964216429015
2026-06-11 05:00:00,C,14.941167577149525,51.664084200382554,1019.6097458741613,1,0,NONE,NONE,14.941167577149525,51.664084200382554,1019.6097458741613
2026-06-11 05:00:00,D,14.31244301046041,53.44456555478284,1019.5796376431014,1,0,NONE,NONE,14.31244301046041,53.44456555478284,1019.5796376431014
2026-06-11 05:00:00,E,14.138949239920716,49.62048115531474,1019.9192323920591,1,0,NONE,NONE,14.138949239920716,49.62048115531474,1019.9192323920591
2026-06-11 06:00:00,A,14.59194909545867,51.30491412081132,1019.5062864496134,1,0,NONE,NONE,14.59194909545867,51.30491412081132,1019.5062864496134
2026-06-11 06:00:00,B,14.053027542888355,51.92679692263952,1019.4658935316334,1,0,NONE,NONE,14.053027542888355,51.92679692263952,1019.4658935316334
2026-06-11 06:00:00,C,15.321486108392847,52.30687919871269,1019.2396238100142,1,0,NONE,NONE,15.321486108392847,52.30687919871269,1019.2396238100142
2026-06-11 06:00:00,D,14.260259065881314,50.71910395967302,1019.4577266859046,1,0,NONE,NONE,14.260259065881314,50.71910395967302,1019.4577266859046
2026-06-11 06:00:00,E,14.3887286659171,52.747766072174464,1019.1792257628881,1,0,NONE,NONE,14.3887286659171,52.747766072174464,1019.1792257628881
2026-06-11 07:00:00,A,14.548812015046945,51.34890507566596,1020.5680756018703,1,0,NONE,NONE,14.548812015046945,51.34890507566596,1020.5680756018703
2026-06-11 07:00:00,B,13.948890913688139,51.219973072390836,1018.3195580977027,1,0,NONE,NONE,13.948890913688139,51.219973072390836,1018.3195580977027
2026-06-11 07:00:00,C,15.528568596692644,51.55793809519673,1019.8224691160591,1,0,NONE,NONE,15.528568596692644,51.55793809519673,1019.8224691160591
2026-06-11 07:00:00,D,13.805048815445577,49.94934595659114,1019.1858672998136,1,0,NONE,NONE,13.805048815445577,49.94934595659114,1019.1858672998136
2026-06-11 07:00:00,E,14.59033142502589,51.10982525901835,1018.9208206982454,1,0,NONE,NONE,14.59033142502589,51.10982525901835,1018.9208206982454
2026-06-11 08:00:00,A,14.666527477064108,52.299985933635575,1019.0002789440446,1,0,NONE,NONE,14.666527477064108,52.299985933635575,1019.0002789440446
2026-06-11 08:00:00,B,13.828278511596203,53.20833912370724,1019.1955602449099,1,0,NONE,NONE,13.828278511596203,53.20833912370724,1019.1955602449099
2026-06-11 08:00:00,C,15.698487665951145,51.102659981838876,1019.9138841806325,1,0,NONE,NONE,15.698487665951145,51.102659981838876,1019.9138841806325
2026-06-11 08:00:00,D,13.963776500345507,51.27342007930832,1019.3859193885613,1,0,NONE,NONE,13.963776500345507,51.27342007930832,1019.3859193885613
2026-06-11 08:00:00,E,14.419763179091351,50.69262938899966,1018.7967443391597,1,0,NONE,NONE,14.419763179091351,50.69262938899966,1018.7967443391597
2026-06-11 09:00:00,A,15.114983678470505,50.888210590931564,1019.0323738629246,1,0,NONE,NONE,15.114983678470505,50.888210590931564,1019.0323738629246
2026-06-11 09:00:00,B,13.933598056435603,50.33417055282278,1018.9568802164266,1,0,NONE,NONE,13.933598056435603,50.33417055282278,1018.9568802164266
2026-06-11 09:00:00,C,15.31247846657515,51.207905470063956,1018.6840684328571,1,0,NONE,NONE,15.31247846657515,51.207905470063956,1018.6840684328571
2026-06-11 09:00:00,D,14.392409556746582,53.98396465680326,1019.2216374222353,1,0,NONE,NONE,14.392409556746582,53.98396465680326,1019.2216374222353
2026-06-11 09:00:00,E,14.824241065148179,52.44416000654501,1018.3146940457376,1,0,NONE,NONE,14.824241065148179,52.44416000654501,1018.3146940457376
2026-06-11 10:00:00,A,14.75692873287191,51.542929287579284,1018.9650254814685,1,0,NONE,NONE,14.75692873287191,51.542929287579284,1018.9650254814685
2026-06-11 10:00:00,B,14.188110303939968,49.92128333971356,1018.7757857397335,1,0,NONE,NONE,14.188110303939968,49.92128333971356,1018.7757857397335
2026-06-11 10:00:00,C,15.662544677324558,51.37520725122423,1019.5752957796058,1,0,NONE,NONE,15.662544677324558,51.37520725122423,1019.5752957796058
2026-06-11 10:00:00,D,14.050311031930637,50.64313394266857,1019.6306500830252,1,0,NONE,NONE,14.050311031930637,50.64313394266857,1019.6306500830252
2026-06-11 10:00:00,E,15.05295867710704,50.84119297090143,1020.304699309651,1,0,NONE,NONE,15.05295867710704,50.84119297090143,1020.304699309651
2026-06-11 11:00:00,A,15.51583811509514,51.027086413422616,1018.9775805893561,1,0,NONE,NONE,15.51583811509514,51.027086413422616,1018.9775805893561
2026-06-11 11:00:00,B,13.825974567930214,50.797453632246416,1019.1147690024933,1,0,NONE,NONE,13.825974567930214,50.797453632246416,1019.1147690024933
2026-06-11 11:00:00,C,15.481660008227518,51.45213946561782,1019.6059055200917,1,0,NONE,NONE,15.481660008227518,51.45213946561782,1019.6059055200917
2026-06-11 11:00:00,D,14.244435072128255,53.12847850757173,1019.7336703073336,1,0,NONE,NONE,14.244435072128255,53.12847850757173,1019.7336703073336
2026-06-11 11:00:00,E,15.033114072467125,53.3153714156746,1018.7037149660754,1,0,NONE,NONE,15.033114072467125,53.3153714156746,1018.7037149660754
2026-06-11 12:00:00,A,15.1305784737932,51.09741866618471,1018.9153489895382,1,0,NONE,NONE,15.1305784737932,51.09741866618471,1018.9153489895382
2026-06-11 12:00:00,B,14.1056495553916,51.48632887726152,1020.1328858166162,1,0,NONE,NONE,14.1056495553916,51.48632887726152,1020.1328858166162
2026-06-11 12:00:00,C,15.497389433628857,52.259544437254,1019.0852608015115,1,0,NONE,NONE,15.497389433628857,52.259544437254,1019.0852608015115
2026-06-11 12:00:00,D,14.441925313421933,53.20961570769346,1018.8410478229374,1,0,NONE,NONE,14.441925313421933,53.20961570769346,1018.8410478229374
2026-06-11 12:00:00,E,14.78922631943098,52.20984076495629,1019.1234157413985,1,0,NONE,NONE,14.78922631943098,52.20984076495629,1019.1234157413985
2026-06-11 13:00:00,A,15.111435309845358,51.26529596163774,1019.8072742230006,1,0,NONE,NONE,15.111435309845358,51.26529596163774,1019.8072742230006
2026-06-11 13:00:00,B,13.99580032264091,51.81780753442907,1019.5331873880803,1,0,NONE,NONE,13.99580032264091,51.81780753442907,1019.5331873880803
2026-06-11 13:00:00,C,15.751200072603716,51.62641397091368,1019.9006193641026,1,0,NONE,NONE,15.751200072603716,51.62641397091368,1019.9006193641026
2026-06-11 13:00:00,D,14.180799194133655,51.02087984339839,1018.5471494806679,1,0,NONE,NONE,14.180799194133655,51.02087984339839,1018.5471494806679
2026-06-11 13:00:00,E,15.172613312476372,51.086556676960676,1019.0743593075023,1,0,NONE,NONE,15.172613312476372,51.086556676960676,1019.0743593075023
2026-06-11 14:00:00,A,14.945349720559499,51.83915504822946,1019.901741485697,1,0,NONE,NONE,14.945349720559499,51.83915504822946,1019.901741485697
2026-06-11 14:00:00,B,14.122770241182707,51.375785218739416,1018.9058998668107,1,0,NONE,NONE,14.122770241182707,51.375785218739416,1018.9058998668107
2026-06-11 14:00:00,C,15.747485852278427,52.34966135381132,1019.1164615681859,1,0,NONE,NONE,15.747485852278427,52.34966135381132,1019.1164615681859
2026-06-11 14:00:00,D,14.438096377824937,52.186004355781016,1018.2733866751505,1,0,NONE,NONE,14.438096377824937,52.186004355781016,1018.2733866751505
2026-06-11 14:00:00,E,14.946754768036165,53.774329489861245,1019.3451927106066,1,0,NONE,NONE,14.946754768036165,53.774329489861245,1019.3451927106066
2026-06-11 15:00:00,A,15.299636443966907,51.18082584642163,1018.8848396190828,1,0,NONE,NONE,15.299636443966907,51.18082584642163,1018.8848396190828
2026-06-11 15:00:00,B,14.415264840606568,52.0116298645994,1019.4565041566356,1,0,NONE,NONE,14.415264840606568,52.0116298645994,1019.4565041566356
2026-06-11 15:00:00,C,15.34429603668826,51.57885788797652,1019.2330009926932,1,0,NONE,NONE,15.34429603668826,51.57885788797652,1019.2330009926932
2026-06-11 15:00:00,D,14.192769369101466,53.28797109121364,1019.4242084294137,1,0,NONE,NONE,14.192769369101466,53.28797109121364,1019.4242084294137
2026-06-11 15:00:00,E,14.8921572738615,51.053859545081764,1019.5780813722271,1,0,NONE,NONE,14.8921572738615,51.053859545081764,1019.5780813722271
2026-06-11 16:00:00,A,15.087000094326914,52.957883785147985,1018.7327583836607,1,0,NONE,NONE,15.087000094326914,52.957883785147985,1018.7327583836607
2026-06-11 16:00:00,B,14.24034747317845,50.45058823538402,1019.8486138885057,1,0,NONE,NONE,14.24034747317845,50.45058823538402,1019.8486138885057
2026-06-11 16:00:00,C,15.997435729519648,51.78076284989056,1019.0624002580709,1,0,NONE,NONE,15.997435729519648,51.78076284989056,1019.0624002580709
2026-06-11 16:00:00,D,14.381854130784227,51.32299991858698,1018.5972528671258,1,0,NONE,NONE,14.381854130784227,51.32299991858698,1018.5972528671258
2026-06-11 16:00:00,E,14.879447126866282,52.444223031583775,1019.5791729143926,1,0,NONE,NONE,14.879447126866282,52.444223031583775,1019.5791729143926
2026-06-11 17:00:00,A,15.269082813992902,50.85007354884432,1019.3633673526613,1,0,NONE,NONE,15.269082813992902,50.85007354884432,1019.3633673526613
2026-06-11 17:00:00,B,14.25396816069506,53.188445455137085,1019.5899764159245,1,0,NONE,NONE,14.25396816069506,53.188445455137085,1019.5899764159245
2026-06-11 17:00:00,C,16.02069912189332,49.74648016653172,1019.1354490982588,1,0,NONE,NONE,16.02069912189332,49.74648016653172,1019.1354490982588
2026-06-11 17:00:00,D,14.608637237892339,51.54110049096146,1018.0512142779919,1,0,NONE,NONE,14.608637237892339,51.54110049096146,1018.0512142779919
2026-06-11 17:00:00,E,14.984186913766205,52.04397343147032,1018.8361208551836,1,0,NONE,NONE,14.984186913766205,52.04397343147032,1018.8361208551836
2026-06-11 18:00:00,A,15.79925095020695,51.60036239839184,1018.830271456583,1,0,NONE,NONE,15.79925095020695,51.60036239839184,1018.830271456583
2026-06-11 18:00:00,B,14.015262814357207,51.70508286416062,1019.1361981636835,1,0,NONE,NONE,14.015262814357207,51.70508286416062,1019.1361981636835
2026-06-11 18:00:00,C,15.662121502251285,52.703561717255674,1018.5582454352758,1,0,NONE,NONE,15.662121502251285,52.703561717255674,1018.5582454352758
2026-06-11 18:00:00,D,14.268635295846856,51.20555312860455,1019.3006722809889,1,0,NONE,NONE,14.268635295846856,51.20555312860455,1019.3006722809889
2026-06-11 18:00:00,E,15.009598678844945,53.08897533195199,1019.0228221218302,1,0,NONE,NONE,15.009598678844945,53.08897533195199,1019.0228221218302
2026-06-11 19:00:00,A,15.310575254097621,51.39005617576838,1019.4015722918565,1,0,NONE,NONE,15.310575254097621,51.39005617576838,1019.4015722918565
2026-06-11 19:00:00,B,14.479037947247996,52.947083065630686,1018.761637994126,1,0,NONE,NONE,14.479037947247996,52.947083065630686,1018.761637994126
2026-06-11 19:00:00,C,15.908947940730034,52.17627570994055,1018.3650809416816,1,0,NONE,NONE,15.908947940730034,52.17627570994055,1018.3650809416816
2026-06-11 19:00:00,D,14.717882181634632,50.81503050334969,1020.3316061416951,1,0,NONE,NONE,14.717882181634632,50.81503050334969,1020.3316061416951
2026-06-11 19:00:00,E,15.163870478517651,53.39129843076941,1019.2263963582229,1,0,NONE,NONE,15.163870478517651,53.39129843076941,1019.2263963582229
2026-06-11 20:00:00,A,15.602195090789053,53.31931830988565,1019.1652912976597,1,0,NONE,NONE,15.602195090789053,53.31931830988565,1019.1652912976597
2026-06-11 20:00:00,B,14.501437261760131,52.21506577190962,1019.4129414440408,1,0,NONE,NONE,14.501437261760131,52.21506577190962,1019.4129414440408
2026-06-11 20:00:00,C,15.971146462788465,52.870350535391566,1019.8610823188465,1,0,NONE,NONE,15.971146462788465,52.870350535391566,1019.8610823188465
2026-06-11 20:00:00,D,14.668412865746582,51.22306288046591,1019.0607943314641,1,0,NONE,NONE,14.668412865746582,51.22306288046591,1019.0607943314641
2026-06-11 20:00:00,E,15.204455221741892,51.90434457459769,1018.9394842241422,1,0,NONE,NONE,15.204455221741892,51.90434457459769,1018.9394842241422
2026-06-11 21:00:00,A,15.274258331996101,52.111448393532854,1018.2846811339907,1,0,NONE,NONE,15.274258331996101,52.111448393532854,1018.2846811339907
2026-06-11 21:00:00,B,14.84754456168237,52.37164683617506,1019.2392958842003,1,0,NONE,NONE,14.84754456168237,52.37164683617506,1019.2392958842003
2026-06-11 21:00:00,C,15.96702837018606,49.01863823882759,1018.6190725173302,1,0,NONE,NONE,15.96702837018606,49.01863823882759,1018.6190725173302
2026-06-11 21:00:00,D,14.82539160790471,50.69095335025902,1019.4617985787152,1,0,NONE,NONE,14.82539160790471,50.69095335025902,1019.4617985787152
2026-06-11 21:00:00,E,15.215502821051963,51.161475746675094,1019.8462259794993,1,0,NONE,NONE,15.215502821051963,51.161475746675094,1019.8462259794993
2026-06-11 22:00:00,A,15.450449110411245,52.989291347979275,1019.7950291964097,1,0,NONE,NONE,15.450449110411245,52.989291347979275,1019.7950291964097
2026-06-11 22:00:00,B,14.395891161520037,52.527214088742845,1019.4688732057585,1,0,NONE,NONE,14.395891161520037,52.527214088742845,1019.4688732057585
2026-06-11 22:00:00,C,15.847385777741554,54.045821513291365,1018.5255804210165,1,0,NONE,NONE,15.847385777741554,54.045821513291365,1018.5255804210165
2026-06-11 22:00:00,D,14.80222963532357,51.991530276769865,1019.0621912750184,1,0,NONE,NONE,14.80222963532357,51.991530276769865,1019.0621912750184
2026-06-11 22:00:00,E,15.34483444245991,52.417418951449754,1019.2667640715638,1,0,NONE,NONE,15.34483444245991,52.417418951449754,1019.2667640715638
2026-06-11 23:00:00,A,15.854160127127102,50.514439626963025,1019.8979388365477,1,0,NONE,NONE,15.854160127127102,50.514439626963025,1019.8979388365477
2026-06-11 23:00:00,B,14.543830065532788,52.44770856001732,1019.317585900841,1,0,NONE,NONE,14.543830065532788,52.44770856001732,1019.317585900841
2026-06-11 23:00:00,C,15.86567532641239,51.86041037184483,1017.9233049431981,1,0,NONE,NONE,15.86567532641239,51.86041037184483,1017.9233049431981
2026-06-11 23:00:00,D,15.072828085994768,51.23002676894136,1018.9505551734044,1,0,NONE,NONE,15.072828085994768,51.23002676894136,1018.9505551734044
2026-06-11 23:00:00,E,15.53812925495727,51.32228463024789,1019.3674388930249,1,0,NONE,NONE,15.53812925495727,51.32228463024789,1019.3674388930249
2026-07-10 00:00:00,A,25.632576253733482,48.47434368542991,1010.2568000532849,0,0,NONE,NONE,25.632576253733482,48.47434368542991,1010.2568000532849
2026-07-10 00:00:00,B,24.585763300066116,49.35645016768254,1010.2018650451683,0,0,NONE,NONE,24.585763300066116,49.35645016768254,1010.2018650451683
2026-07-10 00:00:00,C,26.073457462680267,49.388230909094716,1010.0843273359834,0,0,NONE,NONE,26.073457462680267,49.388230909094716,1010.0843273359834
2026-07-10 00:00:00,D,24.738393143162853,48.020700189624215,1009.9025458598237,0,0,NONE,NONE,24.738393143162853,48.020700189624215,1009.9025458598237
2026-07-10 00:00:00,E,25.24709703173788,50.26536234939963,1010.0204595876978,0,0,NONE,NONE,25.24709703173788,50.26536234939963,1010.0204595876978
2026-07-10 01:00:00,A,25.777247962986426,51.30513729491654,1009.7123729844244,0,0,NONE,NONE,25.777247962986426,51.30513729491654,1009.7123729844244
2026-07-10 01:00:00,B,24.68117431294199,51.072514009070524,1009.9666256010598,0,0,NONE,NONE,24.68117431294199,51.072514009070524,1009.9666256010598
2026-07-10 01:00:00,C,26.410189926848386,50.005516394440946,1010.1996937290401,0,0,NONE,NONE,26.410189926848386,50.005516394440946,1010.1996937290401
2026-07-10 01:00:00,D,24.99848529794323,50.790463447606896,1010.5456084526888,0,0,NONE,NONE,24.99848529794323,50.790463447606896,1010.5456084526888
2026-07-10 01:00:00,E,24.941780718608012,49.459794533877776,1009.4776296763646,0,0,NONE,NONE,24.941780718608012,49.459794533877776,1009.4776296763646
2026-07-10 02:00:00,A,25.621310694719465,49.533248237086276,1009.3724883906556,0,0,NONE,NONE,25.621310694719465,49.533248237086276,1009.3724883906556
2026-07-10 02:00:00,B,24.620394694034168,49.750331050872184,1009.5055958781456,0,0,NONE,NONE,24.620394694034168,49.750331050872184,1009.5055958781456
2026-07-10 02:00:00,C,26.040413186504352,49.655804158461464,1009.4122472697892,0,0,NONE,NONE,26.040413186504352,49.655804158461464,1009.4122472697892
2026-07-10 02:00:00,D,25.147168132202644,49.01236335723892,1010.2542251696511,0,0,NONE,NONE,25.147168132202644,49.01236335723892,1010.2542251696511
2026-07-10 02:00:00,E,25.51218998902057,47.64628922470229,1010.3278589812207,0,0,NONE,NONE,25.51218998902057,47.64628922470229,1010.3278589812207
2026-07-10 03:00:00,A,25.36829318487692,52.685858860136335,1008.5000391061252,0,0,NONE,NONE,25.36829318487692,52.685858860136335,1008.5000391061252
2026-07-10 03:00:00,B,24.554254006651423,49.72401111122608,1010.0983498536268,0,0,NONE,NONE,24.554254006651423,49.72401111122608,1010.0983498536268
2026-07-10 03:00:00,C,26.057796215244448,49.435238594594225,1010.6416364026392,0,0,NONE,NONE,26.057796215244448,49.435238594594225,1010.6416364026392
2026-07-10 03:00:00,D,25.20679633662608,50.366906438579235,1008.4659758954339,0,0,NONE,NONE,25.20679633662608,50.366906438579235,1008.4659758954339
2026-07-10 03:00:00,E,25.179807895497394,49.99338041228178,1009.6795634295302,0,0,NONE,NONE,25.179807895497394,49.99338041228178,1009.6795634295302
2026-07-10 04:00:00,A,25.750150356307977,49.605965167300056,1009.9011361644959,0,0,NONE,NONE,25.750150356307977,49.605965167300056,1009.9011361644959
2026-07-10 04:00:00,B,24.504694721827704,49.215090186608094,1009.3253737214413,0,0,NONE,NONE,24.504694721827704,49.215090186608094,1009.3253737214413
2026-07-10 04:00:00,C,26.1663288447799,48.76389530228561,1009.8655995508791,0,0,NONE,NONE,26.1663288447799,48.76389530228561,1009.8655995508791
2026-07-10 04:00:00,D,24.857779160641787,52.244295435707414,1010.2428440052861,0,0,NONE,NONE,24.857779160641787,52.244295435707414,1010.2428440052861
2026-07-10 04:00:00,E,25.482199292010716,51.592960902057385,1009.8005936593512,0,0,NONE,NONE,25.482199292010716,51.592960902057385,1009.8005936593512
2026-07-10 05:00:00,A,25.582494578688443,50.397317260643845,1010.7797428196114,0,0,NONE,NONE,25.582494578688443,50.397317260643845,1010.7797428196114
2026-07-10 05:00:00,B,24.729994734056085,50.63636502304027,1010.4874567155074,0,0,NONE,NONE,24.729994734056085,50.63636502304027,1010.4874567155074
2026-07-10 05:00:00,C,26.152130000879954,50.12966038481811,1009.903041832749,0,0,NONE,NONE,26.152130000879954,50.12966038481811,1009.903041832749
2026-07-10 05:00:00,D,24.970921582697905,49.293381365860384,1009.990985118636,0,0,NONE,NONE,24.970921582697905,49.293381365860384,1009.990985118636
2026-07-10 05:00:00,E,25.568241345038448,51.1389813596884,1009.3964423339723,0,0,NONE,NONE,25.568241345038448,51.1389813596884,1009.3964423339723
2026-07-10 06:00:00,A,25.64959581258622,51.79742910150405,1010.7029700328059,0,0,NONE,NONE,25.64959581258622,51.79742910150405,1010.7029700328059
2026-07-10 06:00:00,B,24.54089134653905,52.31784406817932,1009.6400317768827,0,0,NONE,NONE,24.54089134653905,52.31784406817932,1009.6400317768827
2026-07-10 06:00:00,C,26.41530752932458,48.75059877490517,1010.2264476371602,0,0,NONE,NONE,26.41530752932458,48.75059877490517,1010.2264476371602
2026-07-10 06:00:00,D,24.71863151049198,47.725031626189846,1009.8629860473089,0,0,NONE,NONE,24.71863151049198,47.725031626189846,1009.8629860473089
2026-07-10 06:00:00,E,25.827450868103902,51.220716633527346,1008.5911735961342,0,0,NONE,NONE,25.827450868103902,51.220716633527346,1008.5911735961342
2026-07-10 07:00:00,A,25.91514514417655,52.30396522858466,1009.6225157014941,0,0,NONE,NONE,25.91514514417655,52.30396522858466,1009.6225157014941
2026-07-10 07:00:00,B,24.21360224372661,49.23033942617126,1009.9516436577236,0,0,NONE,NONE,24.21360224372661,49.23033942617126,1009.9516436577236
2026-07-10 07:00:00,C,25.974610218738214,51.05792830411514,1009.967671895419,0,0,NONE,NONE,25.974610218738214,51.05792830411514,1009.967671895419
2026-07-10 07:00:00,D,24.936698327126294,50.01186811854542,1009.6568046032428,0,0,NONE,NONE,24.936698327126294,50.01186811854542,1009.6568046032428
2026-07-10 07:00:00,E,25.33610826060171,51.534003062231754,1009.7555499484871,0,0,NONE,NONE,25.33610826060171,51.534003062231754,1009.7555499484871
2026-07-10 08:00:00,A,26.088082146201618,52.40192910855129,1009.5286812038617,0,0,NONE,NONE,26.088082146201618,52.40192910855129,1009.5286812038617
2026-07-10 08:00:00,B,24.927737492746427,50.364644988587656,1009.9714311698157,0,0,NONE,NONE,24.927737492746427,50.364644988587656,1009.9714311698157
2026-07-10 08:00:00,C,26.12968904808562,50.4228652848494,1010.3063555509992,0,0,NONE,NONE,26.12968904808562,50.4228652848494,1010.3063555509992
2026-07-10 08:00:00,D,25.333395858534384,51.44138516691347,1010.3918435940355,0,0,NONE,NONE,25.333395858534384,51.44138516691347,1010.3918435940355
2026-07-10 08:00:00,E,25.036523100750728,50.429083122876335,1011.036094944849,0,0,NONE,NONE,25.036523100750728,50.429083122876335,1011.036094944849
2026-07-10 09:00:00,A,25.887233038751468,51.5913449539974,1010.0428977663354,0,0,NONE,NONE,25.887233038751468,51.5913449539974,1010.0428977663354
2026-07-10 09:00:00,B,25.063765691621494,51.79519927881969,1009.6790581514458,0,0,NONE,NONE,25.063765691621494,51.79519927881969,1009.6790581514458
2026-07-10 09:00:00,C,26.169418139088418,48.92542722393932,1009.9520727208989,0,0,NONE,NONE,26.169418139088418,48.92542722393932,1009.9520727208989
2026-07-10 09:00:00,D,25.506095288113904,52.34132617762485,1010.2822738693593,0,0,NONE,NONE,25.506095288113904,52.34132617762485,1010.2822738693593
2026-07-10 09:00:00,E,25.719748632354996,50.58029443080985,1010.2008127822469,0,0,NONE,NONE,25.719748632354996,50.58029443080985,1010.2008127822469
2026-07-10 10:00:00,A,25.98729851741341,51.44959444070508,1009.2880413229591,0,0,NONE,NONE,25.98729851741341,51.44959444070508,1009.2880413229591
2026-07-10 10:00:00,B,24.45294542778525,50.3458905236479,1010.0805809432909,0,0,NONE,NONE,24.45294542778525,50.3458905236479,1010.0805809432909
2026-07-10 10:00:00,C,26.615593433288332,50.116322837843754,1009.481015355233,0,0,NONE,NONE,26.615593433288332,50.116322837843754,1009.481015355233
2026-07-10 10:00:00,D,24.978662140517635,49.1959823204412,1009.4007952086414,0,0,NONE,NONE,24.978662140517635,49.1959823204412,1009.4007952086414
2026-07-10 10:00:00,E,26.08563415119579,49.80788001945927,1009.7776038526861,0,0,NONE,NONE,26.08563415119579,49.80788001945927,1009.7776038526861
2026-07-10 11:00:00,A,26.308528095310027,51.060612055584166,1009.9168533967182,0,0,NONE,NONE,26.308528095310027,51.060612055584166,1009.9168533967182
2026-07-10 11:00:00,B,24.76613896544099,50.920456902632715,1009.5285056184973,0,0,NONE,NONE,24.76613896544099,50.920456902632715,1009.5285056184973
2026-07-10 11:00:00,C,26.810207780899365,49.7159287007924,1009.9467092094116,0,0,NONE,NONE,26.810207780899365,49.7159287007924,1009.9467092094116
2026-07-10 11:00:00,D,25.149592254552402,50.9647843296195,1009.9694835903708,0,0,NONE,NONE,25.149592254552402,50.9647843296195,1009.9694835903708
2026-07-10 11:00:00,E,26.015874376970867,50.15201225035593,1009.6345120322044,0,0,NONE,NONE,26.015874376970867,50.15201225035593,1009.6345120322044
2026-07-10 12:00:00,A,26.058788933770053,51.28899937403898,1010.1277209902561,0,0,NONE,NONE,26.058788933770053,51.28899937403898,1010.1277209902561
2026-07-10 12:00:00,B,25.13446915007338,49.44824476972546,1010.1803294997924,0,0,NONE,NONE,25.13446915007338,49.44824476972546,1010.1803294997924
2026-07-10 12:00:00,C,26.489748454164847,50.82981280829152,1009.1728177474034,0,0,NONE,NONE,26.489748454164847,50.82981280829152,1009.1728177474034
2026-07-10 12:00:00,D,25.305357146480556,50.04532784109229,1009.2588524837931,0,0,NONE,NONE,25.305357146480556,50.04532784109229,1009.2588524837931
2026-07-10 12:00:00,E,25.852570180927266,51.12640944764348,1009.7559137974698,0,0,NONE,NONE,25.852570180927266,51.12640944764348,1009.7559137974698
2026-07-10 13:00:00,A,26.57352811219778,50.00200577303317,1010.3368708672613,0,0,NONE,NONE,26.57352811219778,50.00200577303317,1010.3368708672613
2026-07-10 13:00:00,B,25.46469058330404,50.98149858656935,1009.0504144151957,0,0,NONE,NONE,25.46469058330404,50.98149858656935,1009.0504144151957
2026-07-10 13:00:00,C,26.5194271447237,51.89364193538485,1009.7776841082074,0,0,NONE,NONE,26.5194271447237,51.89364193538485,1009.7776841082074
2026-07-10 13:00:00,D,25.409223721125624,50.44724313505757,1009.0335951729246,0,0,NONE,NONE,25.409223721125624,50.44724313505757,1009.0335951729246
2026-07-10 13:00:00,E,25.754864252235294,51.75707592653052,1009.9969638129068,0,0,NONE,NONE,25.754864252235294,51.75707592653052,1009.9969638129068
2026-07-10 14:00:00,A,26.20884660997737,49.77754579742876,1009.6520506213345,0,0,NONE,NONE,26.20884660997737,49.77754579742876,1009.6520506213345
2026-07-10 14:00:00,B,25.099903422386145,50.408600415846514,1009.7653174493477,0,0,NONE,NONE,25.099903422386145,50.408600415846514,1009.7653174493477
2026-07-10 14:00:00,C,26.6097551134737,48.720572211205315,1009.6855126642522,0,0,NONE,NONE,26.6097551134737,48.720572211205315,1009.6855126642522
2026-07-10 14:00:00,D,25.233823976866734,53.2400880278681,1009.3887690472794,0,0,NONE,NONE,25.233823976866734,53.2400880278681,1009.3887690472794
2026-07-10 14:00:00,E,26.057169200178524,50.45629840517006,1009.11172125192,0,0,NONE,NONE,26.057169200178524,50.45629840517006,1009.11172125192
2026-07-10 15:00:00,A,25.786145320509263,50.634923414929474,1009.5790141887413,1,0,NONE,NONE,25.786145320509263,50.634923414929474,1009.5790141887413
2026-07-10 15:00:00,B,24.9926972840946,51.624027868020285,1010.650315563359,1,0,NONE,NONE,24.9926972840946,51.624027868020285,1010.650315563359
2026-07-10 15:00:00,C,26.870673532862064,50.75332395148784,1009.5767926351936,1,0,NONE,NONE,26.870673532862064,50.75332395148784,1009.5767926351936
2026-07-10 15:00:00,D,25.523110081233245,49.13532754394527,1010.1120478000212,1,0,NONE,NONE,25.523110081233245,49.13532754394527,1010.1120478000212
2026-07-10 15:00:00,E,25.743588632399533,50.18810860748901,1010.2380119111642,1,0,NONE,NONE,25.743588632399533,50.18810860748901,1010.2380119111642
2026-07-10 16:00:00,A,26.331519388050694,53.36780929844771,1007.7920117461354,1,0,NONE,NONE,26.331519388050694,53.36780929844771,1007.7920117461354
2026-07-10 16:00:00,B,25.14427177560882,54.72537997253739,1007.7308373772108,1,0,NONE,NONE,25.14427177560882,54.72537997253739,1007.7308373772108
2026-07-10 16:00:00,C,26.495380436991674,53.377861125406,1008.1667342837942,1,0,NONE,NONE,26.495380436991674,53.377861125406,1008.1667342837942
2026-07-10 16:00:00,D,25.386083194415605,53.79173358246721,1008.7075655622017,1,0,NONE,NONE,25.386083194415605,53.79173358246721,1008.7075655622017
2026-07-10 16:00:00,E,26.07612261770103,53.53852187982923,1008.5886936972342,1,0,NONE,NONE,26.07612261770103,53.53852187982923,1008.5886936972342
2026-07-10 17:00:00,A,26.299635932295704,55.98446192027759,1006.3677148381777,1,0,NONE,NONE,26.299635932295704,55.98446192027759,1006.3677148381777
2026-07-10 17:00:00,B,25.498379539148786,59.02725361162347,1006.4422825299351,1,0,NONE,NONE,25.498379539148786,59.02725361162347,1006.4422825299351
2026-07-10 17:00:00,C,26.771078051866105,57.109030046055324,1005.8402304924488,1,0,NONE,NONE,26.771078051866105,57.109030046055324,1005.8402304924488
2026-07-10 17:00:00,D,25.520513801143494,56.905383141370294,1007.0376977252462,1,0,NONE,NONE,25.520513801143494,56.905383141370294,1007.0376977252462
2026-07-10 17:00:00,E,26.124498287152477,57.03889671853398,1007.1402478780515,1,0,NONE,NONE,26.124498287152477,57.03889671853398,1007.1402478780515
2026-07-10 18:00:00,A,26.52390799762506,60.0337734656938,1005.2180675449307,1,0,NONE,NONE,26.52390799762506,60.0337734656938,1005.2180675449307
2026-07-10 18:00:00,B,25.136764610983604,59.917019191450656,1005.5882609157109,1,0,NONE,NONE,25.136764610983604,59.917019191450656,1005.5882609157109
2026-07-10 18:00:00,C,26.960996972764995,59.55058264647477,1005.056944537011,1,0,NONE,NONE,26.960996972764995,59.55058264647477,1005.056944537011
2026-07-10 18:00:00,D,25.67521429640925,60.42317234317643,1005.6938548843054,1,0,NONE,NONE,25.67521429640925,60.42317234317643,1005.6938548843054
2026-07-10 18:00:00,E,26.277999428308288,57.89353120210354,1005.5505448602863,1,0,NONE,NONE,26.277999428308288,57.89353120210354,1005.5505448602863
2026-07-10 19:00:00,A,26.443146908551864,63.19238727543981,1004.0651417199736,1,0,NONE,NONE,26.443146908551864,63.19238727543981,1004.0651417199736
2026-07-10 19:00:00,B,25.14867223696782,62.56287838345147,1003.9712498575352,1,0,NONE,NONE,25.14867223696782,62.56287838345147,1003.9712498575352
2026-07-10 19:00:00,C,26.90872947228584,61.485112735130485,1003.927881417136,1,0,NONE,NONE,26.90872947228584,61.485112735130485,1003.927881417136
2026-07-10 19:00:00,D,25.60979509226006,62.3350652203402,1004.139548110123,1,0,NONE,NONE,25.60979509226006,62.3350652203402,1004.139548110123
2026-07-10 19:00:00,E,26.66044264608009,59.94090111373207,1003.8912672954125,1,0,NONE,NONE,26.66044264608009,59.94090111373207,1003.8912672954125
2026-07-10 20:00:00,A,26.323372632990477,65.22518500179338,1002.8884032553658,1,0,NONE,NONE,26.323372632990477,65.22518500179338,1002.8884032553658
2026-07-10 20:00:00,B,25.254515125350824,65.33116241707886,1002.606925991886,1,0,NONE,NONE,25.254515125350824,65.33116241707886,1002.606925991886
2026-07-10 20:00:00,C,26.88898015310698,64.81772417983491,,1,5,COMMUNICATION,NONE,26.88898015310698,64.81772417983491,1002.5115391382479
2026-07-10 20:00:00,D,25.56378665168192,65.44482865500562,1002.1108701446377,1,0,NONE,NONE,25.56378665168192,65.44482865500562,1002.1108701446377
2026-07-10 20:00:00,E,26.229547023222988,64.58624126600994,1002.7680415602326,1,0,NONE,NONE,26.229547023222988,64.58624126600994,1002.7680415602326
2026-07-10 21:00:00,A,26.148757374018725,69.514004245189,1000.5801734425929,1,0,NONE,NONE,26.148757374018725,69.514004245189,1000.5801734425929
2026-07-10 21:00:00,B,25.202951299624853,67.68330787132305,1001.226356483007,1,0,NONE,NONE,25.202951299624853,67.68330787132305,1001.226356483007
2026-07-10 21:00:00,C,27.093826239790026,67.24044830733025,1000.4679253474701,1,0,NONE,NONE,27.093826239790026,67.24044830733025,1000.4679253474701
2026-07-10 21:00:00,D,25.67169506049143,67.64482559671195,1001.19772419027,1,0,NONE,NONE,25.67169506049143,67.64482559671195,1001.19772419027
2026-07-10 21:00:00,E,26.091824296135098,66.81576173821958,1001.2776699848038,1,0,NONE,NONE,26.091824296135098,66.81576173821958,1001.2776699848038
2026-07-10 22:00:00,A,26.394365561308753,69.79448109863245,1000.2782591780967,1,0,NONE,NONE,26.394365561308753,69.79448109863245,1000.2782591780967
2026-07-10 22:00:00,B,25.46070427596492,71.27465405622765,999.8492756278979,1,0,NONE,NONE,25.46070427596492,71.27465405622765,999.8492756278979
2026-07-10 22:00:00,C,26.39552375416611,72.01217735136456,1000.1647688140494,1,0,NONE,NONE,26.39552375416611,72.01217735136456,1000.1647688140494
2026-07-10 22:00:00,D,25.718497620924893,71.20529715401106,999.9321196562308,1,0,NONE,NONE,25.718497620924893,71.20529715401106,999.9321196562308
2026-07-10 22:00:00,E,26.23105535032756,70.42803001511865,999.3548945381465,1,0,NONE,NONE,26.23105535032756,70.42803001511865,999.3548945381465
2026-07-10 23:00:00,A,26.30861931341346,73.64220680211847,997.9465050687796,1,0,NONE,NONE,26.30861931341346,73.64220680211847,997.9465050687796
2026-07-10 23:00:00,B,25.803659095949232,73.54046485125915,998.636916790279,1,0,NONE,NONE,25.803659095949232,73.54046485125915,998.636916790279
2026-07-10 23:00:00,C,27.1142984681615,73.85717791007012,997.6489794451936,1,0,NONE,NONE,27.1142984681615,73.85717791007012,997.6489794451936
2026-07-10 23:00:00,D,25.704721198278893,73.49267398590077,998.4592125342077,1,0,NONE,NONE,25.704721198278893,73.49267398590077,998.4592125342077
2026-07-10 23:00:00,E,25.924908223277498,73.6880859425807,997.7952659828525,1,0,NONE,NONE,25.924908223277498,73.6880859425807,997.7952659828525
2026-07-11 00:00:00,A,26.405171905783735,76.01873998942759,996.6215351978105,1,0,NONE,NONE,26.405171905783735,76.01873998942759,996.6215351978105
2026-07-11 00:00:00,B,25.585892450367886,76.9040232863,996.8371281734491,1,0,NONE,NONE,25.585892450367886,76.9040232863,996.8371281734491
2026-07-11 00:00:00,C,26.890461459119194,78.63675299578341,997.1169474452481,1,0,NONE,NONE,26.890461459119194,78.63675299578341,997.1169474452481
2026-07-11 00:00:00,D,25.769517383211262,77.35713419988645,997.2266755307221,1,0,NONE,NONE,25.769517383211262,77.35713419988645,997.2266755307221
2026-07-11 00:00:00,E,26.18233396952687,76.28231390100738,996.6831469926158,1,0,NONE,NONE,26.18233396952687,76.28231390100738,996.6831469926158
2026-07-11 01:00:00,A,26.681545468118163,77.76872174158956,994.8087649810948,1,0,NONE,NONE,26.681545468118163,77.76872174158956,994.8087649810948
2026-07-11 01:00:00,B,25.513359086808784,80.95285589427057,995.0617419933594,1,0,NONE,NONE,25.513359086808784,80.95285589427057,995.0617419933594
2026-07-11 01:00:00,C,26.69770320786275,79.57459754484799,995.3959680016045,1,0,NONE,NONE,26.69770320786275,79.57459754484799,995.3959680016045
2026-07-11 01:00:00,D,26.183559221334985,79.26564802261898,995.5365227442692,1,0,NONE,NONE,26.183559221334985,79.26564802261898,995.5365227442692
2026-07-11 01:00:00,E,26.281973299611423,81.08772589313335,995.9568808964162,1,0,NONE,NONE,26.281973299611423,81.08772589313335,995.9568808964162
2026-07-11 02:00:00,A,26.940363879593683,82.45227372145214,992.5204026662162,1,0,NONE,NONE,26.940363879593683,82.45227372145214,992.5204026662162
2026-07-11 02:00:00,B,25.548020724940294,81.5284118420152,994.068809646954,1,0,NONE,NONE,25.548020724940294,81.5284118420152,994.068809646954
2026-07-11 02:00:00,C,27.2086234986284,81.82654764038438,993.4094091414307,1,0,NONE,NONE,27.2086234986284,81.82654764038438,993.4094091414307
2026-07-11 02:00:00,D,26.01856686831165,82.91205480119703,993.9082469001235,1,0,NONE,NONE,26.01856686831165,82.91205480119703,993.9082469001235
2026-07-11 02:00:00,E,26.301565299136485,82.86169917189716,993.1129692585257,1,0,NONE,NONE,26.301565299136485,82.86169917189716,993.1129692585257
2026-07-11 03:00:00,A,26.727870476177365,85.31290294754376,992.724697470217,1,0,NONE,NONE,26.727870476177365,85.31290294754376,992.724697470217
2026-07-11 03:00:00,B,25.336298008473435,86.5745290170561,993.2326157394841,1,0,NONE,NONE,25.336298008473435,86.5745290170561,993.2326157394841
2026-07-11 03:00:00,C,27.423667879245357,83.92093606331423,993.1703302183413,1,0,NONE,NONE,27.423667879245357,83.92093606331423,993.1703302183413
2026-07-11 03:00:00,D,25.889840106606936,85.40538764224206,992.8177498911948,1,0,NONE,NONE,25.889840106606936,85.40538764224206,992.8177498911948
2026-07-11 03:00:00,E,26.47940714461951,85.73512481553789,991.5489121391604,1,0,NONE,NONE,26.47940714461951,85.73512481553789,991.5489121391604
2026-07-11 04:00:00,A,26.452312749295093,89.8477962478014,991.2012486962666,1,0,NONE,NONE,26.452312749295093,89.8477962478014,991.2012486962666
2026-07-11 04:00:00,B,25.86811131713156,89.65146157189913,990.766509874529,1,0,NONE,NONE,25.86811131713156,89.65146157189913,990.766509874529
2026-07-11 04:00:00,C,27.16399965877659,86.53120682830333,990.2360083318421,1,0,NONE,NONE,27.16399965877659,86.53120682830333,990.2360083318421
2026-07-11 04:00:00,D,26.130880242604277,89.46039675533143,990.8195661180958,1,0,NONE,NONE,26.130880242604277,89.46039675533143,990.8195661180958
2026-07-11 04:00:00,E,26.32700537522569,88.95655364860266,990.9152071683386,1,0,NONE,NONE,26.32700537522569,88.95655364860266,990.9152071683386
2026-07-11 05:00:00,A,26.822963086835518,91.86485423774627,989.2423149448451,1,0,NONE,NONE,26.822963086835518,91.86485423774627,989.2423149448451
2026-07-11 05:00:00,B,25.71847511378893,91.1159740262004,988.8957140710689,1,0,NONE,NONE,25.71847511378893,91.1159740262004,988.8957140710689
2026-07-11 05:00:00,C,27.424617462632078,89.649906610186,989.8425558102092,1,0,NONE,NONE,27.424617462632078,89.649906610186,989.8425558102092
2026-07-11 05:00:00,D,25.96727865524029,91.182648829603,988.9420413977904,1,0,NONE,NONE,25.96727865524029,91.182648829603,988.9420413977904
2026-07-11 05:00:00,E,26.758248686656383,90.09520943541071,989.4084225743322,1,0,NONE,NONE,26.758248686656383,90.09520943541071,989.4084225743322
2026-07-11 06:00:00,A,27.01592204200998,90.25240892035166,989.395197486272,1,0,NONE,NONE,27.01592204200998,90.25240892035166,989.395197486272
2026-07-11 06:00:00,B,25.740499761962724,89.15474084567225,989.915242462303,1,0,NONE,NONE,25.740499761962724,89.15474084567225,989.915242462303
2026-07-11 06:00:00,C,27.59905139627858,91.54372239569233,989.861993286681,1,0,NONE,NONE,27.59905139627858,91.54372239569233,989.861993286681
2026-07-11 06:00:00,D,26.31122067219818,89.50356327647398,989.2801686456877,1,0,NONE,NONE,26.31122067219818,89.50356327647398,989.2801686456877
2026-07-11 06:00:00,E,26.57663715766449,92.31570753210113,989.4483729598447,1,0,NONE,NONE,26.57663715766449,92.31570753210113,989.4483729598447
2026-07-11 07:00:00,A,26.697192355306335,93.1732415025044,989.5983951407669,1,0,NONE,NONE,26.697192355306335,93.1732415025044,989.5983951407669
2026-07-11 07:00:00,B,26.457770449739183,90.71132694907578,989.2802349499381,1,0,NONE,NONE,26.457770449739183,90.71132694907578,989.2802349499381
2026-07-11 07:00:00,C,27.58213182688702,91.82787395940015,989.0051154273766,1,0,NONE,NONE,27.58213182688702,91.82787395940015,989.0051154273766
2026-07-11 07:00:00,D,26.19307737460983,92.5810704368842,988.9679742095117,1,0,NONE,NONE,26.19307737460983,92.5810704368842,988.9679742095117
2026-07-11 07:00:00,E,26.61728887194249,91.24338464963475,989.4624021308691,1,0,NONE,NONE,26.61728887194249,91.24338464963475,989.4624021308691
2026-07-11 08:00:00,A,26.834898694324988,92.58273582318492,988.5378760077269,1,0,NONE,NONE,26.834898694324988,92.58273582318492,988.5378760077269
2026-07-11 08:00:00,B,25.92145270933271,92.65869667422069,988.2328141631632,1,0,NONE,NONE,25.92145270933271,92.65869667422069,988.2328141631632
2026-07-11 08:00:00,C,27.68969503353385,89.78051142562745,990.0153815862024,1,0,NONE,NONE,27.68969503353385,89.78051142562745,990.0153815862024
2026-07-11 08:00:00,D,26.140241698858727,90.45596982679696,988.9815597986831,1,0,NONE,NONE,26.140241698858727,90.45596982679696,988.9815597986831
2026-07-11 08:00:00,E,26.59612318435699,92.03218274490078,989.2075478088528,1,0,NONE,NONE,26.59612318435699,92.03218274490078,989.2075478088528
2026-07-11 09:00:00,A,26.907192958094775,91.98635302261755,989.0333460017524,1,0,NONE,NONE,26.907192958094775,91.98635302261755,989.0333460017524
2026-07-11 09:00:00,B,25.753897109129902,91.38138725685005,989.7215831790007,1,0,NONE,NONE,25.753897109129902,91.38138725685005,989.7215831790007
2026-07-11 09:00:00,C,27.552680817363317,92.29929363322506,989.172849083126,1,0,NONE,NONE,27.552680817363317,92.29929363322506,989.172849083126
2026-07-11 09:00:00,D,26.293798704310994,90.75048898050011,989.2256130050678,1,0,NONE,NONE,26.293798704310994,90.75048898050011,989.2256130050678
2026-07-11 09:00:00,E,26.735293455920733,90.33239808610878,990.0428040597266,1,0,NONE,NONE,26.735293455920733,90.33239808610878,990.0428040597266
2026-07-11 10:00:00,A,26.789828848021852,91.22032441178847,989.6737280844918,1,0,NONE,NONE,26.789828848021852,91.22032441178847,989.6737280844918
2026-07-11 10:00:00,B,25.86153699139719,90.44750627834338,989.008931651704,1,0,NONE,NONE,25.86153699139719,90.44750627834338,989.008931651704
2026-07-11 10:00:00,C,27.461895238418617,90.96374745895486,989.4209425593208,1,0,NONE,NONE,27.461895238418617,90.96374745895486,989.4209425593208
2026-07-11 10:00:00,D,25.9326332802246,90.8511472165948,988.8803857841809,1,0,NONE,NONE,25.9326332802246,90.8511472165948,988.8803857841809
2026-07-11 10:00:00,E,26.911828163571826,89.89304974462223,988.4761437554426,1,0,NONE,NONE,26.911828163571826,89.89304974462223,988.4761437554426
2026-07-11 11:00:00,A,27.119017788896432,90.52992246540418,988.6281744373516,1,0,NONE,NONE,27.119017788896432,90.52992246540418,988.6281744373516
2026-07-11 11:00:00,B,26.21905084396701,90.98458678089943,989.2100525077841,1,0,NONE,NONE,26.21905084396701,90.98458678089943,989.2100525077841
2026-07-11 11:00:00,C,27.168968539748224,91.63615471411322,989.3854800683218,1,0,NONE,NONE,27.168968539748224,91.63615471411322,989.3854800683218
2026-07-11 11:00:00,D,26.0640082083457,92.86379979529848,989.1013383841167,1,0,NONE,NONE,26.0640082083457,92.86379979529848,989.1013383841167
2026-07-11 11:00:00,E,26.61593565898548,92.30725136015269,988.8410706365461,1,0,NONE,NONE,26.61593565898548,92.30725136015269,988.8410706365461
2026-07-11 12:00:00,A,27.007725263895466,91.15970811754596,989.3808215192747,1,0,NONE,NONE,27.007725263895466,91.15970811754596,989.3808215192747
2026-07-11 12:00:00,B,26.054568975724575,92.37253492012158,989.4000327184759,1,0,NONE,NONE,26.054568975724575,92.37253492012158,989.4000327184759
2026-07-11 12:00:00,C,27.48270239599103,93.14413552187244,989.1668881824562,1,0,NONE,NONE,27.48270239599103,93.14413552187244,989.1668881824562
2026-07-11 12:00:00,D,26.09312989233721,89.39624067963832,988.2872352197146,1,0,NONE,NONE,26.09312989233721,89.39624067963832,988.2872352197146
2026-07-11 12:00:00,E,26.70029159580197,91.90832441971455,989.182415173117,1,0,NONE,NONE,26.70029159580197,91.90832441971455,989.182415173117
2026-07-11 13:00:00,A,27.158374573887787,92.66321670481057,988.5344750551351,1,0,NONE,NONE,27.158374573887787,92.66321670481057,988.5344750551351
2026-07-11 13:00:00,B,25.78681248944291,92.12120165330776,989.3080157973363,1,0,NONE,NONE,25.78681248944291,92.12120165330776,989.3080157973363
2026-07-11 13:00:00,C,27.405818766043144,92.47130740097191,989.6181700940267,1,0,NONE,NONE,27.405818766043144,92.47130740097191,989.6181700940267
2026-07-11 13:00:00,D,26.403056704059125,94.71221661876638,989.3194128111332,1,0,NONE,NONE,26.403056704059125,94.71221661876638,989.3194128111332
2026-07-11 13:00:00,E,26.81372287935105,90.67241653074888,988.3911715518697,1,0,NONE,NONE,26.81372287935105,90.67241653074888,988.3911715518697
2026-07-11 14:00:00,A,26.939522841035323,93.50160758253035,989.4247043529189,1,0,NONE,NONE,26.939522841035323,93.50160758253035,989.4247043529189
2026-07-11 14:00:00,B,26.300867063510783,91.37808917742605,989.5462152702717,1,0,NONE,NONE,26.300867063510783,91.37808917742605,989.5462152702717
2026-07-11 14:00:00,C,28.051209820095306,91.34849062868992,989.5882337219782,1,0,NONE,NONE,28.051209820095306,91.34849062868992,989.5882337219782
2026-07-11 14:00:00,D,26.763524276492763,92.67307808566179,989.1920920993832,1,0,NONE,NONE,26.763524276492763,92.67307808566179,989.1920920993832
2026-07-11 14:00:00,E,26.647847091901102,90.74735819532106,989.103562159486,1,0,NONE,NONE,26.647847091901102,90.74735819532106,989.103562159486
2026-07-11 15:00:00,A,27.072082808020426,93.2028179963573,989.1523920248087,1,0,NONE,NONE,27.072082808020426,93.2028179963573,989.1523920248087
2026-07-11 15:00:00,B,26.02594565097731,91.29275005627042,988.9524695806725,1,0,NONE,NONE,26.02594565097731,91.29275005627042,988.9524695806725
2026-07-11 15:00:00,C,27.62439730559864,90.76838224266982,988.2959467793384,1,0,NONE,NONE,27.62439730559864,90.76838224266982,988.2959467793384
2026-07-11 15:00:00,D,26.905834497323635,91.88281338221427,988.7616684504234,1,0,NONE,NONE,26.905834497323635,91.88281338221427,988.7616684504234
2026-07-11 15:00:00,E,26.79572289614081,92.78500925249988,990.0009478488214,1,0,NONE,NONE,26.79572289614081,92.78500925249988,990.0009478488214
2026-07-11 16:00:00,A,27.346603931140024,91.21327823778819,988.34137026226,1,0,NONE,NONE,27.346603931140024,91.21327823778819,988.34137026226
2026-07-11 16:00:00,B,26.576787214817976,91.31036951053065,989.4054890693009,1,0,NONE,NONE,26.576787214817976,91.31036951053065,989.4054890693009
2026-07-11 16:00:00,C,27.726768620931367,89.55031225824516,989.8011062916519,1,0,NONE,NONE,27.726768620931367,89.55031225824516,989.8011062916519
2026-07-11 16:00:00,D,26.62973787986262,91.64723365895819,989.478559004429,1,0,NONE,NONE,26.62973787986262,91.64723365895819,989.478559004429
2026-07-11 16:00:00,E,26.90688348486554,90.51271576670715,989.1593794143607,1,0,NONE,NONE,26.90688348486554,90.51271576670715,989.1593794143607
2026-07-11 17:00:00,A,27.170114220645477,90.62506341777481,989.7100292516967,1,0,NONE,NONE,27.170114220645477,90.62506341777481,989.7100292516967
2026-07-11 17:00:00,B,26.46069046420676,90.82227066656532,988.9978862356761,1,0,NONE,NONE,26.46069046420676,90.82227066656532,988.9978862356761
2026-07-11 17:00:00,C,27.854977926271925,91.02552753182141,988.2964135804502,1,0,NONE,NONE,27.854977926271925,91.02552753182141,988.2964135804502
2026-07-11 17:00:00,D,26.64484974605272,92.03023492592149,989.5964446432814,1,0,NONE,NONE,26.64484974605272,92.03023492592149,989.5964446432814
2026-07-11 17:00:00,E,27.219558687206376,93.38735380431979,989.2430100273275,1,0,NONE,NONE,27.219558687206376,93.38735380431979,989.2430100273275
2026-07-11 18:00:00,A,27.63262681279987,91.9281202894644,988.7390871903244,1,0,NONE,NONE,27.63262681279987,91.9281202894644,988.7390871903244
2026-07-11 18:00:00,B,26.19776966342144,93.40260973202264,989.4757882191672,1,0,NONE,NONE,26.19776966342144,93.40260973202264,989.4757882191672
2026-07-11 18:00:00,C,27.795954531827682,91.5761038037255,989.6226560808943,1,0,NONE,NONE,27.795954531827682,91.5761038037255,989.6226560808943
2026-07-11 18:00:00,D,26.227022495722643,92.30835647093252,988.3026030465389,1,0,NONE,NONE,26.227022495722643,92.30835647093252,988.3026030465389
2026-07-11 18:00:00,E,27.139746308353576,90.88661330790532,988.4763005961372,1,0,NONE,NONE,27.139746308353576,90.88661330790532,988.4763005961372
2026-07-11 19:00:00,A,27.249859996919632,90.06134786847971,988.6799801644715,1,0,NONE,NONE,27.249859996919632,90.06134786847971,988.6799801644715
2026-07-11 19:00:00,B,26.585990506389575,91.50746676483121,989.3927901249853,1,0,NONE,NONE,26.585990506389575,91.50746676483121,989.3927901249853
2026-07-11 19:00:00,C,28.168797442128703,90.84260770689137,989.6484589513926,1,0,NONE,NONE,28.168797442128703,90.84260770689137,989.6484589513926
2026-07-11 19:00:00,D,26.52125247409575,92.47500281999261,988.7037439936956,1,0,NONE,NONE,26.52125247409575,92.47500281999261,988.7037439936956
2026-07-11 19:00:00,E,27.168505216316063,92.46817915965093,988.7769256789591,1,0,NONE,NONE,27.168505216316063,92.46817915965093,988.7769256789591
2026-07-11 20:00:00,A,27.417277370682292,92.19550813971671,989.1641143858494,1,0,NONE,NONE,27.417277370682292,92.19550813971671,989.1641143858494
2026-07-11 20:00:00,B,26.385911527637397,93.08949894635742,988.5961104362117,1,0,NONE,NONE,26.385911527637397,93.08949894635742,988.5961104362117
2026-07-11 20:00:00,C,27.747810553185026,91.74108345843962,988.5183465721263,1,0,NONE,NONE,27.747810553185026,91.74108345843962,988.5183465721263
2026-07-11 20:00:00,D,26.51478367515027,92.42794489153536,988.6792586123404,1,0,NONE,NONE,26.51478367515027,92.42794489153536,988.6792586123404
2026-07-11 20:00:00,E,27.342520017965512,91.54372194978293,988.876231597072,1,0,NONE,NONE,27.342520017965512,91.54372194978293,988.876231597072
2026-07-11 21:00:00,A,27.601411783395896,91.76729103072262,989.6168718662037,1,0,NONE,NONE,27.601411783395896,91.76729103072262,989.6168718662037
2026-07-11 21:00:00,B,26.58544835204572,93.43620966894373,989.5855442495769,1,0,NONE,NONE,26.58544835204572,93.43620966894373,989.5855442495769
2026-07-11 21:00:00,C,27.953815108068728,91.99174549998006,988.8371460475121,1,0,NONE,NONE,27.953815108068728,91.99174549998006,988.8371460475121
2026-07-11 21:00:00,D,26.590724097371055,92.00447429827653,988.5726016409349,1,0,NONE,NONE,26.590724097371055,92.00447429827653,988.5726016409349
2026-07-11 21:00:00,E,27.1874192593414,92.51808104810362,988.8836956431112,1,0,NONE,NONE,27.1874192593414,92.51808104810362,988.8836956431112
2026-07-11 22:00:00,A,27.17377366192403,91.4914103066424,988.5133656862555,1,0,NONE,NONE,27.17377366192403,91.4914103066424,988.5133656862555
2026-07-11 22:00:00,B,26.554393371969535,92.9557577066586,988.7532948731877,1,0,NONE,NONE,26.554393371969535,92.9557577066586,988.7532948731877
2026-07-11 22:00:00,C,27.80895269137103,91.73259082670256,988.4684242615017,1,0,NONE,NONE,27.80895269137103,91.73259082670256,988.4684242615017
2026-07-11 22:00:00,D,26.72381804479368,91.76010838820332,989.4360140167105,1,0,NONE,NONE,26.72381804479368,91.76010838820332,989.4360140167105
2026-07-11 22:00:00,E,27.33553977849642,91.41333280639645,989.6620984932465,1,0,NONE,NONE,27.33553977849642,91.41333280639645,989.6620984932465
2026-07-11 23:00:00,A,27.147838237603846,90.40529693273321,989.030839924924,1,0,NONE,NONE,27.147838237603846,90.40529693273321,989.030839924924
2026-07-11 23:00:00,B,26.330728669001825,91.56837968728195,989.4040288991406,1,0,NONE,NONE,26.330728669001825,91.56837968728195,989.4040288991406
2026-07-11 23:00:00,C,27.73599549775586,91.34999741917653,988.8925394848557,1,0,NONE,NONE,27.73599549775586,91.34999741917653,988.8925394848557
2026-07-11 23:00:00,D,26.705581884460575,91.84872671634649,988.9030869306137,1,0,NONE,NONE,26.705581884460575,91.84872671634649,988.9030869306137
2026-07-11 23:00:00,E,27.279355649413503,91.8372070939277,989.2788455303626,1,0,NONE,NONE,27.279355649413503,91.8372070939277,989.2788455303626
