event_id,station,start_time,end_time,fault_type_num,fault_type,affected_variable,original_value,modified_value,severity,injection_parameters
2b2fd239,Bengaluru,2021-11-01 00:00:00,2021-11-01 00:00:00,1,SPIKE,temperature_c,20.3,24.728473614740878,medium,mag=4.43
d3fbf386,Bengaluru,2021-03-10 07:00:00,2021-03-10 07:00:00,1,SPIKE,temperature_c,19.1,34.52625855995171,large,mag=15.43
04b4bb2f,Bengaluru,2023-01-22 00:00:00,2023-01-22 00:00:00,1,SPIKE,relative_humidity_pct,81.0,86.61499399553328,small,mag=5.61
e601405c,Bengaluru,2022-10-31 17:00:00,2022-10-31 17:00:00,1,SPIKE,temperature_c,23.2,21.2551590540749,small,mag=-1.94
8323be29,Bengaluru,2022-09-02 12:00:00,2022-09-02 12:00:00,1,SPIKE,relative_humidity_pct,63.0,46.62554490324089,medium,mag=-16.37
3904e1d1,Bengaluru,2022-01-17 00:00:00,2022-01-17 00:00:00,1,SPIKE,surface_pressure_hpa,917.6,934.3873429692158,large,mag=16.79
ca6175a8,Bengaluru,2021-10-07 21:00:00,2021-10-07 21:00:00,1,SPIKE,relative_humidity_pct,90.0,44.21323941835534,large,mag=-45.79
7bdeca0a,Bengaluru,2021-08-26 09:00:00,2021-08-26 09:00:00,1,SPIKE,temperature_c,24.0,22.041109161733495,small,mag=-1.96
45b5f0f4,Bengaluru,2024-02-27 03:00:00,2024-02-27 03:00:00,1,SPIKE,relative_humidity_pct,95.0,90.5003871042358,small,mag=-4.50
70357688,Bengaluru,2021-03-28 18:00:00,2021-03-28 18:00:00,1,SPIKE,temperature_c,30.0,35.71193378493675,medium,mag=5.71
eed18722,Bengaluru,2021-03-23 08:00:00,2021-03-23 08:00:00,1,SPIKE,temperature_c,24.2,26.23247035048024,small,mag=2.03
fc80ea19,Bengaluru,2021-09-13 20:00:00,2021-09-13 20:00:00,1,SPIKE,temperature_c,22.6,24.878956587531444,small,mag=2.28
16a893fb,Bengaluru,2022-08-21 00:00:00,2022-08-21 00:00:00,1,SPIKE,temperature_c,21.1,16.67250540160164,medium,mag=-4.43
12bd86d4,Bengaluru,2022-09-28 07:00:00,2022-09-28 07:00:00,1,SPIKE,relative_humidity_pct,82.0,77.99568924329715,small,mag=-4.00
a5fdfbdd,Bengaluru,2024-10-11 22:00:00,2024-10-11 22:00:00,1,SPIKE,relative_humidity_pct,98.0,114.71077614076472,medium,mag=16.71
fc62989f,Bengaluru,2021-03-14 11:00:00,2021-03-14 11:00:00,1,SPIKE,relative_humidity_pct,21.0,37.383031904492796,medium,mag=16.38
cdf12885,Bengaluru,2022-06-27 23:00:00,2022-06-27 23:00:00,1,SPIKE,surface_pressure_hpa,913.4,930.6383746021925,large,mag=17.24
f66ba5d3,Bengaluru,2024-02-20 13:00:00,2024-02-20 13:00:00,1,SPIKE,relative_humidity_pct,22.0,27.158360581632515,small,mag=5.16
a6e3d42c,Bengaluru,2022-08-25 22:00:00,2022-08-25 22:00:00,1,SPIKE,surface_pressure_hpa,912.6,914.245732218326,small,mag=1.65
892177e6,Bengaluru,2024-05-11 15:00:00,2024-05-11 15:00:00,1,SPIKE,surface_pressure_hpa,912.6,918.3054397840966,medium,mag=5.71
9693e918,Bengaluru,2023-01-30 15:00:00,2023-01-30 15:00:00,1,SPIKE,temperature_c,27.1,28.76408917219247,small,mag=1.66
62ee73fe,Bengaluru,2021-01-18 17:00:00,2021-01-18 17:00:00,1,SPIKE,temperature_c,23.7,25.840170042883273,small,mag=2.14
346a70a4,Bengaluru,2022-03-12 23:00:00,2022-03-12 23:00:00,1,SPIKE,temperature_c,21.9,16.119425371741123,medium,mag=-5.78
7ec9b220,Bengaluru,2024-02-29 00:00:00,2024-02-29 00:00:00,1,SPIKE,temperature_c,20.4,36.11628906199262,large,mag=15.72
452ac0a4,Bengaluru,2023-07-19 02:00:00,2023-07-19 02:00:00,1,SPIKE,relative_humidity_pct,87.0,127.36452344851133,large,mag=40.36
6f8c6b63,Bengaluru,2023-01-29 18:00:00,2023-01-29 18:00:00,1,SPIKE,relative_humidity_pct,50.0,54.628367725591154,small,mag=4.63
bebe00a1,Bengaluru,2022-03-01 13:00:00,2022-03-01 13:00:00,1,SPIKE,relative_humidity_pct,24.0,8.126995266974106,medium,mag=-15.87
96553225,Bengaluru,2022-08-11 22:00:00,2022-08-11 22:00:00,1,SPIKE,relative_humidity_pct,86.0,103.61440572466894,medium,mag=17.61
a3ed1192,Bengaluru,2023-07-09 03:00:00,2023-07-09 03:00:00,1,SPIKE,temperature_c,20.3,25.42598729127789,medium,mag=5.13
3be1b3ba,Bengaluru,2021-10-07 02:00:00,2021-10-07 02:00:00,1,SPIKE,temperature_c,19.9,21.90470775523901,small,mag=2.00
940b249a,Bengaluru,2021-09-11 06:00:00,2021-09-11 06:00:00,1,SPIKE,temperature_c,19.8,25.558540484969086,medium,mag=5.76
bc9249ab,Bengaluru,2023-11-04 10:00:00,2023-11-04 10:00:00,1,SPIKE,relative_humidity_pct,63.0,45.99753027216116,medium,mag=-17.00
d708b452,Bengaluru,2021-09-22 02:00:00,2021-09-22 02:00:00,1,SPIKE,surface_pressure_hpa,911.2,917.174466127263,medium,mag=5.97
ca04aa3f,Bengaluru,2023-09-08 06:00:00,2023-09-08 06:00:00,1,SPIKE,surface_pressure_hpa,912.5,889.9631669190763,large,mag=-22.54
e4c03b4d,Bengaluru,2023-07-29 05:00:00,2023-07-29 05:00:00,1,SPIKE,relative_humidity_pct,94.0,47.94996856042253,large,mag=-46.05
d9cfbfd4,Bengaluru,2022-12-24 07:00:00,2022-12-24 07:00:00,1,SPIKE,relative_humidity_pct,74.0,79.484833367962,small,mag=5.48
94491c39,Bengaluru,2021-04-29 15:00:00,2021-04-29 15:00:00,1,SPIKE,temperature_c,29.8,25.378740690386113,medium,mag=-4.42
07db8146,Bengaluru,2024-06-08 12:00:00,2024-06-08 12:00:00,1,SPIKE,relative_humidity_pct,60.0,65.70582563078379,small,mag=5.71
cc2119f3,Bengaluru,2021-12-07 20:00:00,2021-12-07 20:00:00,1,SPIKE,surface_pressure_hpa,915.5,909.6836819075628,medium,mag=-5.82
b557f041,Bengaluru,2023-10-31 15:00:00,2023-10-31 15:00:00,1,SPIKE,temperature_c,25.8,28.063478471497774,small,mag=2.26
0249ba99,Bengaluru,2021-08-04 04:00:00,2021-08-04 04:00:00,1,SPIKE,temperature_c,19.8,18.095344271438638,small,mag=-1.70
c83d0219,Bengaluru,2023-03-12 13:00:00,2023-03-12 13:00:00,1,SPIKE,relative_humidity_pct,30.0,35.10336084225278,small,mag=5.10
45a3272e,Bengaluru,2023-09-15 12:00:00,2023-09-15 12:00:00,1,SPIKE,relative_humidity_pct,59.0,25.796098238819724,large,mag=-33.20
c299e44b,Bengaluru,2022-06-10 01:00:00,2022-06-10 01:00:00,1,SPIKE,surface_pressure_hpa,910.5,912.7676760159088,small,mag=2.27
e5ef69c7,Bengaluru,2021-07-09 22:00:00,2021-07-09 22:00:00,1,SPIKE,surface_pressure_hpa,910.5,893.4804358457429,large,mag=-17.02
60e27494,Bengaluru,2021-05-06 03:00:00,2021-05-06 03:00:00,1,SPIKE,relative_humidity_pct,91.0,107.77673382932825,medium,mag=16.78
326ac312,Bengaluru,2022-09-15 07:00:00,2022-09-15 07:00:00,1,SPIKE,temperature_c,20.0,15.500940521554151,medium,mag=-4.50
c6a2dc3d,Bengaluru,2023-03-02 05:00:00,2023-03-02 05:00:00,1,SPIKE,temperature_c,15.1,20.868269402902015,medium,mag=5.77
d793de34,Bengaluru,2021-08-06 21:00:00,2021-08-06 21:00:00,1,SPIKE,relative_humidity_pct,81.0,127.8122211611129,large,mag=46.81
88921d34,Bengaluru,2022-09-28 16:00:00,2022-09-28 16:00:00,1,SPIKE,temperature_c,27.4,29.648617375952316,small,mag=2.25
8ecb1736,Bengaluru,2021-10-03 19:00:00,2021-10-03 19:00:00,1,SPIKE,relative_humidity_pct,94.0,88.1510254095169,small,mag=-5.85
a2c5e830,Bengaluru,2023-11-04 23:00:00,2023-11-04 23:00:00,1,SPIKE,relative_humidity_pct,95.0,139.97198906519023,large,mag=44.97
ffedd203,Bengaluru,2023-01-30 01:00:00,2023-01-30 01:00:00,1,SPIKE,relative_humidity_pct,98.0,102.21619125280591,small,mag=4.22
9227a930,Bengaluru,2024-05-23 02:00:00,2024-05-23 02:00:00,1,SPIKE,temperature_c,21.3,15.666826788806143,medium,mag=-5.63
f4bdbd5c,Bengaluru,2023-09-24 05:00:00,2023-09-24 05:00:00,1,SPIKE,relative_humidity_pct,96.0,79.22792700508283,medium,mag=-16.77
e1e9c4cc,Bengaluru,2022-03-21 03:00:00,2022-03-21 03:00:00,1,SPIKE,temperature_c,20.4,18.645496169337832,small,mag=-1.75
52ceeb7b,Bengaluru,2023-10-08 20:00:00,2023-10-08 20:00:00,1,SPIKE,relative_humidity_pct,89.0,106.80133462429016,medium,mag=17.80
5abbc68d,Bengaluru,2023-08-29 03:00:00,2023-08-29 03:00:00,1,SPIKE,relative_humidity_pct,87.0,101.39807030616036,medium,mag=14.40
bbdae458,Bengaluru,2022-07-27 02:00:00,2022-07-27 02:00:00,1,SPIKE,surface_pressure_hpa,911.4,915.6306835037028,medium,mag=4.23
dd6fdf85,Bengaluru,2022-12-31 00:00:00,2022-12-31 00:00:00,1,SPIKE,relative_humidity_pct,91.0,96.96710114576618,small,mag=5.97
c11ca25c,Bengaluru,2021-07-14 23:00:00,2021-07-14 23:00:00,1,SPIKE,temperature_c,20.4,22.276549689343838,small,mag=1.88
6f3cda27,Bengaluru,2022-04-13 07:00:00,2022-04-13 07:00:00,1,SPIKE,relative_humidity_pct,80.0,95.06853835801687,medium,mag=15.07
1afd6ef4,Bengaluru,2024-12-29 13:00:00,2024-12-29 13:00:00,1,SPIKE,relative_humidity_pct,49.0,16.2898154605883,large,mag=-32.71
7b344de3,Bengaluru,2022-10-31 11:00:00,2022-10-31 11:00:00,1,SPIKE,relative_humidity_pct,54.0,59.61302173940021,small,mag=5.61
60cbde65,Bengaluru,2022-03-23 04:00:00,2022-03-23 04:00:00,1,SPIKE,surface_pressure_hpa,910.7,932.5963015479224,large,mag=21.90
8e4acfb1,Bengaluru,2024-06-16 06:00:00,2024-06-16 06:00:00,1,SPIKE,temperature_c,20.2,14.30225102805737,medium,mag=-5.90
07acbe79,Bengaluru,2023-11-03 03:00:00,2023-11-03 03:00:00,1,SPIKE,relative_humidity_pct,92.0,46.43175552789864,large,mag=-45.57
b75fcd37,Bengaluru,2023-01-08 03:00:00,2023-01-08 03:00:00,1,SPIKE,surface_pressure_hpa,915.7,921.0337858082115,medium,mag=5.33
c490bf81,Bengaluru,2022-08-23 16:00:00,2022-08-23 16:00:00,1,SPIKE,relative_humidity_pct,74.0,89.32647486600077,medium,mag=15.33
3f0dd459,Bengaluru,2023-06-05 12:00:00,2023-06-05 12:00:00,1,SPIKE,temperature_c,30.2,34.95829055424508,medium,mag=4.76
8e233ec5,Bengaluru,2021-06-02 17:00:00,2021-06-02 17:00:00,1,SPIKE,surface_pressure_hpa,911.0,912.8407598996524,small,mag=1.84
2191cbe0,Bengaluru,2022-09-18 10:00:00,2022-09-18 10:00:00,1,SPIKE,surface_pressure_hpa,915.8,914.0318538520938,small,mag=-1.77
af24b954,Bengaluru,2021-03-29 15:00:00,2021-03-29 15:00:00,1,SPIKE,surface_pressure_hpa,911.9,931.6199055219761,large,mag=19.72
6cafba6a,Bengaluru,2023-05-12 09:00:00,2023-05-12 09:00:00,1,SPIKE,relative_humidity_pct,63.0,23.42902102545078,large,mag=-39.57
7c84b01e,Bengaluru,2024-01-01 10:00:00,2024-01-01 10:00:00,1,SPIKE,surface_pressure_hpa,919.6,921.4270291239944,small,mag=1.83
f43b7a59,Bengaluru,2023-01-02 02:00:00,2023-01-02 02:00:00,1,SPIKE,surface_pressure_hpa,916.5,933.2470976006045,large,mag=16.75
778560ad,Bengaluru,2021-06-30 17:00:00,2021-06-30 17:00:00,1,SPIKE,temperature_c,29.4,12.560622632542405,large,mag=-16.84
0815ebfa,Bengaluru,2022-07-31 02:00:00,2022-07-31 02:00:00,1,SPIKE,temperature_c,19.7,17.31285118177452,small,mag=-2.39
4c3fff38,Bengaluru,2023-05-10 06:00:00,2023-05-10 06:00:00,1,SPIKE,surface_pressure_hpa,911.2,908.8910904727593,small,mag=-2.31
dc22e29e,Bengaluru,2022-08-04 14:00:00,2022-08-04 14:00:00,1,SPIKE,surface_pressure_hpa,907.9,909.8071827739142,small,mag=1.91
5ff9654b,Bengaluru,2024-09-25 05:00:00,2024-09-25 05:00:00,1,SPIKE,relative_humidity_pct,97.0,91.62475517383896,small,mag=-5.38
8f2088aa,Bengaluru,2023-12-17 08:00:00,2023-12-17 08:00:00,1,SPIKE,temperature_c,20.2,14.591780287653712,medium,mag=-5.61
d40eca31,Bengaluru,2024-06-06 23:00:00,2024-06-06 23:00:00,1,SPIKE,surface_pressure_hpa,914.0,893.5407536477328,large,mag=-20.46
566c9c9a,Bengaluru,2022-01-26 03:00:00,2022-01-26 03:00:00,1,SPIKE,temperature_c,17.3,12.370713525003527,medium,mag=-4.93
3bb26363,Bengaluru,2022-12-25 07:00:00,2022-12-25 07:00:00,1,SPIKE,surface_pressure_hpa,914.9,938.5003168675453,large,mag=23.60
6e124104,Bengaluru,2022-01-17 06:00:00,2022-01-17 06:00:00,1,SPIKE,relative_humidity_pct,93.0,139.2723247414563,large,mag=46.27
396a3b0a,Bengaluru,2022-11-05 10:00:00,2022-11-05 10:00:00,1,SPIKE,relative_humidity_pct,66.0,31.45347347931201,large,mag=-34.55
a69a57f0,Bengaluru,2022-12-19 11:00:00,2022-12-19 11:00:00,1,SPIKE,relative_humidity_pct,50.0,36.516561574942045,medium,mag=-13.48
4a67d1d9,Bengaluru,2024-03-15 21:00:00,2024-03-15 21:00:00,1,SPIKE,surface_pressure_hpa,917.4,922.4425996256559,medium,mag=5.04
aa89ebe3,Bengaluru,2023-12-27 15:00:00,2023-12-27 15:00:00,1,SPIKE,surface_pressure_hpa,917.2,915.5380133169083,small,mag=-1.66
3d1ebec9,Bengaluru,2023-09-16 11:00:00,2023-09-16 11:00:00,1,SPIKE,relative_humidity_pct,62.0,57.360580863162475,small,mag=-4.64
bb774c10,Bengaluru,2022-08-22 21:00:00,2022-08-22 21:00:00,1,SPIKE,surface_pressure_hpa,912.3,910.5149908162174,small,mag=-1.79
37bb4687,Bengaluru,2022-01-13 17:00:00,2022-01-13 17:00:00,1,SPIKE,surface_pressure_hpa,913.8,915.4513830805711,small,mag=1.65
4fde2fca,Bengaluru,2024-10-23 08:00:00,2024-10-23 08:00:00,1,SPIKE,relative_humidity_pct,88.0,102.49464540461894,medium,mag=14.49
e59fcf79,Bengaluru,2024-09-09 15:00:00,2024-09-09 15:00:00,1,SPIKE,temperature_c,27.4,21.860408455370674,medium,mag=-5.54
bf70592c,Bengaluru,2021-09-06 05:00:00,2021-09-06 05:00:00,1,SPIKE,surface_pressure_hpa,910.7,912.9124756608945,small,mag=2.21
73e4dbb1,Bengaluru,2021-05-09 15:00:00,2021-05-09 15:00:00,1,SPIKE,relative_humidity_pct,32.0,17.889447183969054,medium,mag=-14.11
3151af92,Bengaluru,2021-10-27 09:00:00,2021-10-27 09:00:00,1,SPIKE,relative_humidity_pct,68.0,84.40780436453815,medium,mag=16.41
5acbfe4d,Bengaluru,2022-02-22 08:00:00,2022-02-22 08:00:00,1,SPIKE,surface_pressure_hpa,916.7,914.8816517505894,small,mag=-1.82
bebf0317,Bengaluru,2022-03-13 20:00:00,2022-03-13 20:00:00,1,SPIKE,relative_humidity_pct,38.0,32.662252758754164,small,mag=-5.34
d259fd23,Bengaluru,2024-02-27 18:00:00,2024-02-27 18:00:00,1,SPIKE,relative_humidity_pct,44.0,4.521757612283039,large,mag=-39.48
f6ee988b,Bengaluru,2021-06-23 11:00:00,2021-06-23 11:00:00,1,SPIKE,temperature_c,29.0,46.44157317552061,large,mag=17.44
ed4eade1,Bengaluru,2023-11-17 16:00:00,2023-11-17 16:00:00,1,SPIKE,surface_pressure_hpa,915.2,931.871579697296,large,mag=16.67
6b403935,Bengaluru,2023-11-09 01:00:00,2023-11-09 01:00:00,1,SPIKE,relative_humidity_pct,99.0,103.36345805302686,small,mag=4.36
ea163b83,Bengaluru,2024-07-02 02:00:00,2024-07-02 02:00:00,1,SPIKE,relative_humidity_pct,95.0,80.2718040499011,medium,mag=-14.73
1e47784f,Bengaluru,2024-12-15 20:00:00,2024-12-15 20:00:00,1,SPIKE,relative_humidity_pct,80.0,62.29277528083663,medium,mag=-17.71
a46ac826,Bengaluru,2022-11-18 12:00:00,2022-11-18 12:00:00,1,SPIKE,relative_humidity_pct,34.0,48.82184101727828,medium,mag=14.82
8fa4ea09,Bengaluru,2021-02-01 08:00:00,2021-02-01 08:00:00,1,SPIKE,surface_pressure_hpa,919.6,895.9846424609447,large,mag=-23.62
32bf598c,Bengaluru,2021-11-09 19:00:00,2021-11-09 19:00:00,1,SPIKE,temperature_c,19.9,2.15628638334179,large,mag=-17.74
fc147e8d,Bengaluru,2022-12-30 14:00:00,2022-12-30 14:00:00,1,SPIKE,temperature_c,26.8,28.559488545890027,small,mag=1.76
18ba7f57,Bengaluru,2023-07-18 21:00:00,2023-07-18 21:00:00,1,SPIKE,temperature_c,22.4,9.64267415075476,large,mag=-12.76
ccd7433b,Bengaluru,2021-11-01 14:00:00,2021-11-01 14:00:00,1,SPIKE,surface_pressure_hpa,913.0,914.7743716327252,small,mag=1.77
087dbcdf,Bengaluru,2023-03-13 10:00:00,2023-03-13 10:00:00,1,SPIKE,surface_pressure_hpa,918.6,922.9355782867357,medium,mag=4.34
1aa8b089,Bengaluru,2024-04-02 04:00:00,2024-04-02 04:00:00,1,SPIKE,surface_pressure_hpa,913.1,935.3223350894035,large,mag=22.22
1a91e3e6,Bengaluru,2022-03-08 21:00:00,2022-03-08 21:00:00,1,SPIKE,temperature_c,22.5,18.44864314900507,medium,mag=-4.05
26118453,Bengaluru,2024-05-23 23:00:00,2024-05-23 23:00:00,1,SPIKE,relative_humidity_pct,88.0,135.33076541129435,large,mag=47.33
ffb2c0f2,Bengaluru,2021-01-09 20:00:00,2021-01-09 20:00:00,1,SPIKE,relative_humidity_pct,89.0,47.52643422000236,large,mag=-41.47
ea597165,Bengaluru,2022-12-21 05:00:00,2022-12-21 05:00:00,1,SPIKE,surface_pressure_hpa,911.8,909.5820152920389,small,mag=-2.22
679816f5,Bengaluru,2024-09-28 22:00:00,2024-09-28 22:00:00,1,SPIKE,surface_pressure_hpa,915.4,937.7698177328017,large,mag=22.37
6bf96c83,Bengaluru,2022-05-03 20:00:00,2022-05-03 20:00:00,1,SPIKE,surface_pressure_hpa,913.3,911.3572975894122,small,mag=-1.94
957dfe34,Bengaluru,2024-10-18 07:00:00,2024-10-18 07:00:00,1,SPIKE,relative_humidity_pct,93.0,97.68246234972257,small,mag=4.68
9ad102bf,Bengaluru,2021-10-18 13:00:00,2021-10-18 13:00:00,1,SPIKE,relative_humidity_pct,65.0,47.23527459671253,medium,mag=-17.76
1a454ef3,Bengaluru,2023-03-26 22:00:00,2023-03-26 22:00:00,1,SPIKE,surface_pressure_hpa,915.0,919.8709742900154,medium,mag=4.87
96e36bdc,Bengaluru,2024-10-18 06:00:00,2024-10-18 06:00:00,1,SPIKE,surface_pressure_hpa,912.3,930.4606591710991,large,mag=18.16
ce031b95,Bengaluru,2022-06-28 03:00:00,2022-06-28 03:00:00,1,SPIKE,surface_pressure_hpa,911.1,905.4485308031585,medium,mag=-5.65
4c63db94,Bengaluru,2023-10-19 00:00:00,2023-10-19 00:00:00,1,SPIKE,surface_pressure_hpa,916.9,912.4090096618125,medium,mag=-4.49
74d26d37,Bengaluru,2022-03-18 03:00:00,2022-03-18 03:00:00,1,SPIKE,temperature_c,21.0,25.487726878381913,medium,mag=4.49
d136cab0,Bengaluru,2024-12-19 05:00:00,2024-12-19 05:00:00,1,SPIKE,relative_humidity_pct,92.0,130.06382886605223,large,mag=38.06
7270b49d,Bengaluru,2021-01-02 13:00:00,2021-01-02 13:00:00,1,SPIKE,temperature_c,25.4,29.763679714315384,medium,mag=4.36
fb3c9e9e,Bengaluru,2023-06-05 03:00:00,2023-06-05 03:00:00,1,SPIKE,temperature_c,21.5,26.180677686328565,medium,mag=4.68
7dfad1d6,Bengaluru,2024-08-27 05:00:00,2024-08-27 05:00:00,1,SPIKE,surface_pressure_hpa,912.4,932.8463282233566,large,mag=20.45
8bf4fa90,Bengaluru,2021-02-23 04:00:00,2021-02-23 04:00:00,1,SPIKE,surface_pressure_hpa,914.2,912.0239402687167,small,mag=-2.18
29f3b5fd,Bengaluru,2021-11-02 11:00:00,2021-11-02 11:00:00,1,SPIKE,relative_humidity_pct,73.0,116.04974943114436,large,mag=43.05
f5b3c59d,Bengaluru,2023-09-19 04:00:00,2023-09-19 04:00:00,1,SPIKE,surface_pressure_hpa,912.1,889.7565370549415,large,mag=-22.34
319700cd,Bengaluru,2023-04-20 17:00:00,2023-04-20 17:00:00,1,SPIKE,temperature_c,32.9,27.516425689409594,medium,mag=-5.38
b470ef1d,Bengaluru,2022-10-16 20:00:00,2022-10-16 20:00:00,1,SPIKE,relative_humidity_pct,94.0,133.5721678201524,large,mag=39.57
3d2208e5,Bengaluru,2021-06-08 04:00:00,2021-06-08 04:00:00,1,SPIKE,surface_pressure_hpa,912.1,906.6081291265727,medium,mag=-5.49
0d31517a,Bengaluru,2022-10-20 17:00:00,2022-10-20 17:00:00,1,SPIKE,relative_humidity_pct,86.0,99.62549856185717,medium,mag=13.63
e6c5a559,Bengaluru,2021-08-04 01:00:00,2021-08-04 01:00:00,1,SPIKE,relative_humidity_pct,90.0,85.61483141309697,small,mag=-4.39
e8865671,Bengaluru,2021-08-22 21:00:00,2021-08-22 21:00:00,1,SPIKE,temperature_c,20.7,37.273137656904616,large,mag=16.57
dfce08f8,Bengaluru,2024-08-20 01:00:00,2024-08-20 01:00:00,1,SPIKE,temperature_c,20.3,18.312641130229835,small,mag=-1.99
79dc77dd,Bengaluru,2021-07-08 23:00:00,2021-07-08 23:00:00,1,SPIKE,surface_pressure_hpa,911.1,931.2970949528689,large,mag=20.20
73dbc539,Bengaluru,2024-12-25 15:00:00,2024-12-25 15:00:00,1,SPIKE,relative_humidity_pct,47.0,51.59249292653029,small,mag=4.59
e69b85a1,Bengaluru,2021-12-10 09:00:00,2021-12-10 09:00:00,1,SPIKE,relative_humidity_pct,76.0,70.58396302857794,small,mag=-5.42
4e1b6f7d,Bengaluru,2021-12-17 14:00:00,2021-12-17 14:00:00,1,SPIKE,temperature_c,25.4,21.290947959522022,medium,mag=-4.11
5f6666b5,Bengaluru,2024-07-21 20:00:00,2024-07-21 20:00:00,1,SPIKE,relative_humidity_pct,82.0,124.20591448169485,large,mag=42.21
3deb299a,Bengaluru,2022-03-27 21:00:00,2022-03-27 21:00:00,1,SPIKE,relative_humidity_pct,46.0,51.148128439252666,small,mag=5.15
e5fbfd1b,Bengaluru,2022-12-25 18:00:00,2022-12-25 18:00:00,1,SPIKE,relative_humidity_pct,93.0,79.89381797765951,medium,mag=-13.11
f2e77c46,Bengaluru,2024-12-11 21:00:00,2024-12-11 21:00:00,1,SPIKE,temperature_c,20.1,25.055458374531376,medium,mag=4.96
73285a0d,Bengaluru,2024-03-01 10:00:00,2024-03-01 10:00:00,1,SPIKE,temperature_c,28.1,22.945957687058367,medium,mag=-5.15
c4a6ee7f,Bengaluru,2022-08-02 08:00:00,2022-08-02 08:00:00,1,SPIKE,surface_pressure_hpa,909.7,907.45108633898,small,mag=-2.25
fe70ea17,Bengaluru,2022-07-04 06:00:00,2022-07-04 06:00:00,1,SPIKE,relative_humidity_pct,91.0,95.23690312442292,small,mag=4.24
ec9bbae0,Bengaluru,2023-05-02 04:00:00,2023-05-02 04:00:00,1,SPIKE,relative_humidity_pct,95.0,136.89469363995636,large,mag=41.89
3246a635,Bengaluru,2023-12-26 12:00:00,2023-12-26 12:00:00,1,SPIKE,surface_pressure_hpa,919.6,914.7145579919613,medium,mag=-4.89
e9645aac,Bengaluru,2023-10-17 16:00:00,2023-10-17 16:00:00,1,SPIKE,surface_pressure_hpa,914.6,909.3579453578557,medium,mag=-5.24
715976e9,Bengaluru,2024-04-11 07:00:00,2024-04-11 07:00:00,1,SPIKE,surface_pressure_hpa,916.2,894.0981031651623,large,mag=-22.10
48dc9f7e,Bengaluru,2024-11-14 07:00:00,2024-11-14 07:00:00,1,SPIKE,surface_pressure_hpa,915.1,913.4350500276264,small,mag=-1.66
b05989a1,Bengaluru,2024-05-17 20:00:00,2024-05-17 20:00:00,1,SPIKE,temperature_c,23.7,25.42522609235451,small,mag=1.73
456be87d,Bengaluru,2021-11-27 10:00:00,2021-11-27 10:00:00,1,SPIKE,relative_humidity_pct,73.0,87.81947487404611,medium,mag=14.82
79642f86,Bengaluru,2022-11-08 22:00:00,2022-11-08 22:00:00,1,SPIKE,temperature_c,18.3,16.47382530151017,small,mag=-1.83
911faac4,Bengaluru,2022-09-06 13:00:00,2022-09-06 13:00:00,1,SPIKE,relative_humidity_pct,66.0,71.8478220889651,small,mag=5.85
50eeeb0a,Bengaluru,2021-06-24 20:00:00,2021-06-24 20:00:00,1,SPIKE,surface_pressure_hpa,913.8,937.269347667564,large,mag=23.47
ca427c32,Bengaluru,2023-07-13 04:00:00,2023-07-13 04:00:00,1,SPIKE,relative_humidity_pct,98.0,103.29526944680497,small,mag=5.30
a1e83068,Bengaluru,2021-02-27 10:00:00,2021-02-27 10:00:00,1,SPIKE,relative_humidity_pct,31.0,26.66815442155855,small,mag=-4.33
7fb85760,Bengaluru,2022-09-21 08:00:00,2022-09-21 08:00:00,1,SPIKE,relative_humidity_pct,84.0,125.10731278910548,large,mag=41.11
8fab4715,Bengaluru,2022-08-25 08:00:00,2022-08-25 08:00:00,1,SPIKE,relative_humidity_pct,81.0,64.86793205272744,medium,mag=-16.13
cd43d426,Bengaluru,2021-01-20 15:00:00,2021-01-20 15:00:00,1,SPIKE,surface_pressure_hpa,915.6,920.6009443542358,medium,mag=5.00
9ae8f3c8,Bengaluru,2021-07-13 20:00:00,2021-07-13 20:00:00,1,SPIKE,relative_humidity_pct,85.0,72.76083529489833,medium,mag=-12.24
7d088edc,Bengaluru,2021-06-10 18:00:00,2021-06-10 18:00:00,1,SPIKE,relative_humidity_pct,72.0,35.994113561407936,large,mag=-36.01
011abd98,Bengaluru,2022-09-18 03:00:00,2022-09-18 03:00:00,1,SPIKE,temperature_c,19.0,21.268766891124944,small,mag=2.27
17b1b8ec,Bengaluru,2021-07-04 01:00:00,2021-07-04 01:00:00,1,SPIKE,surface_pressure_hpa,911.5,935.4965793350196,large,mag=24.00
ec9f4da6,Bengaluru,2021-03-27 18:00:00,2021-03-27 18:00:00,1,SPIKE,surface_pressure_hpa,912.9,918.4262180083434,medium,mag=5.53
726b6657,Bengaluru,2023-06-22 06:00:00,2023-06-22 06:00:00,1,SPIKE,temperature_c,21.4,26.284458808840405,medium,mag=4.88
1115b272,Bengaluru,2021-07-13 11:00:00,2021-07-13 11:00:00,1,SPIKE,relative_humidity_pct,72.0,76.871769974154,small,mag=4.87
a8399399,Bengaluru,2024-11-04 23:00:00,2024-11-04 23:00:00,1,SPIKE,relative_humidity_pct,95.0,90.18330381313997,small,mag=-4.82
715e339e,Bengaluru,2023-05-27 16:00:00,2023-06-01 04:00:00,2,DRIFT,temperature_c,31.1,19.81,slow,"rate=-0.010,dur=109"
00d22fd8,Bengaluru,2024-09-14 23:00:00,2024-09-17 10:00:00,2,DRIFT,surface_pressure_hpa,913.9,918.1,medium,"rate=0.050,dur=60"
956a3a31,Bengaluru,2021-04-11 04:00:00,2021-04-14 13:00:00,2,DRIFT,temperature_c,19.6,26.000000000000007,medium,"rate=-0.050,dur=82"
d6644a72,Bengaluru,2021-11-13 13:00:00,2021-11-16 15:00:00,2,DRIFT,surface_pressure_hpa,910.7,909.45,slow,"rate=0.010,dur=75"
0667e046,Bengaluru,2024-06-15 12:00:00,2024-06-18 15:00:00,2,DRIFT,temperature_c,28.8,25.46,slow,"rate=0.010,dur=76"
a48bfe24,Bengaluru,2024-09-23 05:00:00,2024-09-24 20:00:00,3,FREEZE,temperature_c,20.0,20.1,quantized,dur=40
604bb200,Bengaluru,2024-08-15 13:00:00,2024-08-16 22:00:00,3,FREEZE,relative_humidity_pct,60.0,60.0,exact,dur=34
865bc0d7,Bengaluru,2023-10-28 00:00:00,2023-10-29 16:00:00,3,FREEZE,relative_humidity_pct,83.0,83.0,exact,dur=41
ac667b14,Bengaluru,2022-10-15 02:00:00,2022-10-17 01:00:00,3,FREEZE,relative_humidity_pct,98.1,98.0,quantized,dur=48
ba5914b8,Bengaluru,2024-03-22 01:00:00,2024-03-22 21:00:00,3,FREEZE,temperature_c,21.4,21.4,exact,dur=21
58a08f52,Bengaluru,2022-05-07 16:00:00,2022-05-08 13:00:00,3,FREEZE,temperature_c,29.200000000000003,29.1,quantized,dur=22
1b1df770,Bengaluru,2023-11-17 11:00:00,2023-11-19 04:00:00,3,FREEZE,temperature_c,27.900000000000002,27.8,quantized,dur=42
f5f2a0bf,Bengaluru,2023-12-22 04:00:00,2023-12-24 02:00:00,3,FREEZE,relative_humidity_pct,98.1,98.0,quantized,dur=47
c42b0218,Bengaluru,2023-10-01 01:00:00,2023-10-02 22:00:00,3,FREEZE,surface_pressure_hpa,912.5,912.4,quantized,dur=46
79642b1d,Bengaluru,2021-04-29 09:00:00,2021-05-01 05:00:00,3,FREEZE,relative_humidity_pct,51.9,52.0,quantized,dur=45
544845c5,Bengaluru,2023-10-15 13:00:00,2023-10-15 13:00:00,4,RANGE,temperature_c,30.1,9999.0,impossible,out_of_bounds
9d257c04,Bengaluru,2021-12-22 07:00:00,2021-12-22 07:00:00,4,RANGE,relative_humidity_pct,93.0,101.56749861660508,just_outside,out_of_bounds
27a072e6,Bengaluru,2021-06-13 18:00:00,2021-06-13 18:00:00,4,RANGE,temperature_c,23.3,58.73055881002853,just_outside,out_of_bounds
ef462e0a,Bengaluru,2023-06-20 03:00:00,2023-06-20 03:00:00,4,RANGE,temperature_c,21.6,88.39664987529007,severe,out_of_bounds
2414eb1d,Bengaluru,2021-11-30 18:00:00,2021-11-30 18:00:00,4,RANGE,relative_humidity_pct,85.0,102.48021236990802,just_outside,out_of_bounds
0b03a8ed,Bengaluru,2024-01-27 18:00:00,2024-01-27 18:00:00,4,RANGE,relative_humidity_pct,44.0,-999.0,impossible,out_of_bounds
31a295b4,Bengaluru,2023-08-24 13:00:00,2023-08-24 13:00:00,4,RANGE,temperature_c,30.4,55.77789951702244,just_outside,out_of_bounds
aa325dc0,Bengaluru,2024-02-29 21:00:00,2024-02-29 21:00:00,4,RANGE,temperature_c,23.4,9999.0,impossible,out_of_bounds
a9bbca43,Bengaluru,2021-05-21 11:00:00,2021-05-21 11:00:00,4,RANGE,temperature_c,27.6,88.86225948660652,severe,out_of_bounds
729b92f5,Bengaluru,2023-02-25 10:00:00,2023-02-25 10:00:00,4,RANGE,relative_humidity_pct,19.0,168.56608059528122,severe,out_of_bounds
9f051030,Bengaluru,2023-05-04 04:00:00,2023-05-04 04:00:00,4,RANGE,relative_humidity_pct,95.0,137.24551722701975,severe,out_of_bounds
1f40ec72,Bengaluru,2023-08-19 05:00:00,2023-08-19 05:00:00,4,RANGE,temperature_c,20.2,88.59827266795781,severe,out_of_bounds
5bfebb22,Bengaluru,2021-10-10 21:00:00,2021-10-10 21:00:00,4,RANGE,relative_humidity_pct,98.0,-999.0,impossible,out_of_bounds
8bf9750a,Bengaluru,2024-10-17 13:00:00,2024-10-17 13:00:00,4,RANGE,relative_humidity_pct,61.0,-999.0,impossible,out_of_bounds
778668e4,Bengaluru,2022-08-04 22:00:00,2022-08-04 22:00:00,4,RANGE,relative_humidity_pct,97.0,101.88207374201009,just_outside,out_of_bounds
1b7df6a4,Bengaluru,2022-02-27 12:00:00,2022-02-27 12:00:00,4,RANGE,temperature_c,28.2,56.022115621768656,just_outside,out_of_bounds
f078111b,Bengaluru,2024-08-09 16:00:00,2024-08-09 16:00:00,4,RANGE,temperature_c,27.7,58.82080447880624,just_outside,out_of_bounds
ca430041,Bengaluru,2022-09-05 08:00:00,2022-09-05 08:00:00,4,RANGE,relative_humidity_pct,85.0,129.59874749644393,severe,out_of_bounds
ae625394,Bengaluru,2021-10-23 12:00:00,2021-10-23 12:00:00,4,RANGE,relative_humidity_pct,69.0,-999.0,impossible,out_of_bounds
99ee5184,Bengaluru,2023-08-15 01:00:00,2023-08-15 01:00:00,4,RANGE,relative_humidity_pct,84.0,101.51674280703686,just_outside,out_of_bounds
99c9e580,Bengaluru,2023-10-01 16:00:00,2023-10-01 16:00:00,4,RANGE,temperature_c,26.6,9999.0,impossible,out_of_bounds
2c74d777,Bengaluru,2021-11-10 17:00:00,2021-11-10 17:00:00,4,RANGE,relative_humidity_pct,78.0,102.58828469698919,just_outside,out_of_bounds
2d73286d,Bengaluru,2023-01-31 16:00:00,2023-01-31 16:00:00,4,RANGE,temperature_c,27.6,80.37483073171292,severe,out_of_bounds
99747066,Bengaluru,2022-09-10 13:00:00,2022-09-10 13:00:00,4,RANGE,temperature_c,23.0,91.51518321473662,severe,out_of_bounds
b283b192,Bengaluru,2024-03-17 18:00:00,2024-03-17 18:00:00,4,RANGE,relative_humidity_pct,31.0,-999.0,impossible,out_of_bounds
c62d9c7a,Bengaluru,2021-03-13 16:00:00,2021-03-13 16:00:00,4,RANGE,relative_humidity_pct,21.0,129.21386981310386,severe,out_of_bounds
18105c36,Bengaluru,2023-01-01 07:00:00,2023-01-01 07:00:00,4,RANGE,temperature_c,16.2,83.43746361156138,severe,out_of_bounds
8a09c0f5,Bengaluru,2021-03-21 01:00:00,2021-03-21 01:00:00,4,RANGE,relative_humidity_pct,60.0,-999.0,impossible,out_of_bounds
2e06353a,Bengaluru,2022-05-08 15:00:00,2022-05-08 15:00:00,4,RANGE,relative_humidity_pct,34.0,102.74684711827291,just_outside,out_of_bounds
b0331381,Bengaluru,2023-01-17 05:00:00,2023-01-17 05:00:00,4,RANGE,temperature_c,14.7,57.178382634702004,just_outside,out_of_bounds
39f039f0,Bengaluru,2023-04-24 17:00:00,2023-04-24 17:00:00,4,RANGE,relative_humidity_pct,36.0,-999.0,impossible,out_of_bounds
4a4724e2,Bengaluru,2023-07-17 22:00:00,2023-07-17 22:00:00,4,RANGE,temperature_c,22.1,97.41048832390823,severe,out_of_bounds
90c7dfeb,Bengaluru,2023-08-17 12:00:00,2023-08-17 12:00:00,4,RANGE,relative_humidity_pct,45.0,102.33227448997253,just_outside,out_of_bounds
bac77dd3,Bengaluru,2021-01-17 16:00:00,2021-01-17 16:00:00,4,RANGE,temperature_c,26.0,57.55241642271074,just_outside,out_of_bounds
65e42df4,Bengaluru,2022-05-11 08:00:00,2022-05-11 08:00:00,4,RANGE,temperature_c,22.9,9999.0,impossible,out_of_bounds
2f04271a,Bengaluru,2024-10-24 12:00:00,2024-10-24 19:00:00,5,COMMUNICATION,all,25.7,,burst_missing,dur=8
0fa9e486,Bengaluru,2023-08-17 17:00:00,2023-08-17 17:00:00,5,COMMUNICATION,temperature_c,27.7,,partial_missing,dur=1
268e754a,Bengaluru,2022-02-08 07:00:00,2022-02-08 10:00:00,5,COMMUNICATION,all,17.2,,burst_missing,dur=4
fd66a096,Bengaluru,2022-02-04 21:00:00,2022-02-04 21:00:00,5,COMMUNICATION,all,20.2,,missing_packet,dur=1
beff0e80,Bengaluru,2022-06-23 16:00:00,2022-06-23 20:00:00,5,COMMUNICATION,all,23.2,,burst_missing,dur=5
c564f944,Bengaluru,2021-07-25 18:00:00,2021-07-26 03:00:00,5,COMMUNICATION,all,24.3,,burst_missing,dur=10
7ea70da8,Bengaluru,2024-06-20 21:00:00,2024-06-20 21:00:00,5,COMMUNICATION,temperature_c,22.8,,partial_missing,dur=1
fbf69b6c,Bengaluru,2024-05-10 19:00:00,2024-05-10 19:00:00,5,COMMUNICATION,temperature_c,25.6,,partial_missing,dur=1
214754c8,Bengaluru,2023-06-02 13:00:00,2023-06-02 13:00:00,5,COMMUNICATION,temperature_c,29.5,,partial_missing,dur=1
a6cb5f8f,Bengaluru,2023-05-14 06:00:00,2023-05-14 15:00:00,5,COMMUNICATION,all,22.4,,burst_missing,dur=10
76ae2849,Bengaluru,2021-07-06 11:00:00,2021-07-06 11:00:00,5,COMMUNICATION,all,26.9,,missing_packet,dur=1
7f825ba5,Bengaluru,2024-04-22 12:00:00,2024-04-22 12:00:00,5,COMMUNICATION,temperature_c,36.4,,partial_missing,dur=1
4af0058e,Bengaluru,2023-04-07 21:00:00,2023-04-07 21:00:00,5,COMMUNICATION,all,23.9,,missing_packet,dur=1
182e134d,Bengaluru,2021-06-03 09:00:00,2021-06-03 09:00:00,5,COMMUNICATION,all,24.9,,missing_packet,dur=1
71cd2128,Bengaluru,2024-10-17 08:00:00,2024-10-17 14:00:00,5,COMMUNICATION,all,22.6,,burst_missing,dur=7
b390c84f,Bengaluru,2024-06-14 20:00:00,2024-06-14 20:00:00,5,COMMUNICATION,all,23.7,,missing_packet,dur=1
98f9362a,Bengaluru,2021-04-13 16:00:00,2021-04-13 23:00:00,5,COMMUNICATION,all,28.550000000000004,,burst_missing,dur=8
d4978333,Bengaluru,2023-02-23 21:00:00,2023-02-24 00:00:00,5,COMMUNICATION,all,20.7,,burst_missing,dur=4
3e797ec3,Bengaluru,2024-10-16 15:00:00,2024-10-16 15:00:00,5,COMMUNICATION,all,22.5,,missing_packet,dur=1
5017bda7,Bengaluru,2024-06-17 12:00:00,2024-06-17 12:00:00,5,COMMUNICATION,temperature_c,30.290000000000003,,partial_missing,dur=1
345868bc,Bengaluru,2021-04-23 00:00:00,2021-04-23 00:00:00,5,COMMUNICATION,all,22.6,,missing_packet,dur=1
d6304588,Bengaluru,2022-05-30 00:00:00,2022-05-30 00:00:00,5,COMMUNICATION,all,21.5,,missing_packet,dur=1
3aabae0d,Bengaluru,2024-07-22 18:00:00,2024-07-22 18:00:00,5,COMMUNICATION,temperature_c,23.8,,partial_missing,dur=1
4e829bdf,Bengaluru,2022-02-16 22:00:00,2022-02-17 07:00:00,5,COMMUNICATION,all,21.6,,burst_missing,dur=10
6c805496,Bengaluru,2021-10-10 15:00:00,2021-10-10 15:00:00,5,COMMUNICATION,all,25.7,,missing_packet,dur=1
ca825b65,Bengaluru,2021-08-19 06:00:00,2021-08-19 06:00:00,5,COMMUNICATION,temperature_c,20.2,,partial_missing,dur=1
6c690e50,Bengaluru,2022-04-17 04:00:00,2022-04-17 09:00:00,5,COMMUNICATION,all,20.2,,burst_missing,dur=6
cdc14f8e,Bengaluru,2024-04-10 08:00:00,2024-04-10 08:00:00,5,COMMUNICATION,all,26.0,,missing_packet,dur=1
7aa2223f,Bengaluru,2024-12-02 01:00:00,2024-12-02 01:00:00,5,COMMUNICATION,temperature_c,20.5,,partial_missing,dur=1
341bc405,Bengaluru,2022-03-10 11:00:00,2022-03-10 11:00:00,5,COMMUNICATION,all,30.0,,missing_packet,dur=1
029b4791,Bengaluru,2023-10-16 03:00:00,2023-10-16 03:00:00,5,COMMUNICATION,all,20.7,,missing_packet,dur=1
e2ecde15,Bengaluru,2023-11-24 21:00:00,2023-11-24 21:00:00,5,COMMUNICATION,all,20.0,,missing_packet,dur=1
d0370042,Bengaluru,2023-07-13 23:00:00,2023-07-13 23:00:00,5,COMMUNICATION,temperature_c,20.3,,partial_missing,dur=1
6d25539a,Bengaluru,2021-05-23 23:00:00,2021-05-23 23:00:00,5,COMMUNICATION,temperature_c,22.8,,partial_missing,dur=1
02cc4ddb,Bengaluru,2023-07-03 19:00:00,2023-07-04 02:00:00,5,COMMUNICATION,all,22.2,,burst_missing,dur=8
dde14723,Bengaluru,2021-09-16 01:00:00,2021-09-16 01:00:00,5,COMMUNICATION,temperature_c,20.1,,partial_missing,dur=1
8ad75e14,Bengaluru,2023-11-22 13:00:00,2023-11-22 13:00:00,5,COMMUNICATION,all,28.1,,missing_packet,dur=1
3d6c679c,Bengaluru,2022-11-20 02:00:00,2022-11-20 02:00:00,5,COMMUNICATION,temperature_c,13.8,,partial_missing,dur=1
bf04bfee,Bengaluru,2022-02-15 14:00:00,2022-02-15 14:00:00,5,COMMUNICATION,all,28.4,,missing_packet,dur=1
61506418,Bengaluru,2021-08-11 13:00:00,2021-08-11 13:00:00,5,COMMUNICATION,temperature_c,27.7,,partial_missing,dur=1
40d5cd1d,Bengaluru,2022-01-22 04:00:00,2022-01-22 04:00:00,5,COMMUNICATION,all,16.0,,missing_packet,dur=1
3b5b2ef8,Bengaluru,2023-04-28 03:00:00,2023-04-28 03:00:00,5,COMMUNICATION,temperature_c,21.6,,partial_missing,dur=1
0327cd20,Bengaluru,2023-12-07 07:00:00,2023-12-07 10:00:00,5,COMMUNICATION,all,20.1,,burst_missing,dur=4
dd6e46f5,Bengaluru,2023-04-26 08:00:00,2023-04-26 08:00:00,5,COMMUNICATION,temperature_c,24.2,,partial_missing,dur=1
46c0cb82,Bengaluru,2023-10-26 14:00:00,2023-10-26 14:00:00,5,COMMUNICATION,temperature_c,30.2,,partial_missing,dur=1
580cdb5a,Bengaluru,2023-06-16 23:00:00,2023-06-17 02:00:00,5,COMMUNICATION,all,23.3,,burst_missing,dur=4
6ab33e80,Bengaluru,2024-03-02 04:00:00,2024-03-02 04:00:00,5,COMMUNICATION,temperature_c,17.2,,partial_missing,dur=1
93e0934e,Bengaluru,2023-09-16 00:00:00,2023-09-16 07:00:00,5,COMMUNICATION,all,20.4,,burst_missing,dur=8
359ec738,Bengaluru,2023-04-24 09:00:00,2023-04-24 14:00:00,5,COMMUNICATION,all,29.1,,burst_missing,dur=6
2c272037,Bengaluru,2023-07-23 03:00:00,2023-07-23 03:00:00,5,COMMUNICATION,all,20.5,,missing_packet,dur=1
19fc9c97,Bengaluru,2022-06-09 07:00:00,2022-06-09 11:00:00,5,COMMUNICATION,all,21.6,,burst_missing,dur=5
a6716b54,Bengaluru,2022-02-28 02:00:00,2022-02-28 08:00:00,5,COMMUNICATION,all,17.7,,burst_missing,dur=7
3220f67d,Bengaluru,2021-10-04 04:00:00,2021-10-04 04:00:00,5,COMMUNICATION,temperature_c,19.8,,partial_missing,dur=1
ca719f30,Bengaluru,2024-12-08 18:00:00,2024-12-09 01:00:00,5,COMMUNICATION,all,22.5,,burst_missing,dur=8
c641719b,Bengaluru,2021-12-24 20:00:00,2021-12-24 20:00:00,5,COMMUNICATION,temperature_c,18.6,,partial_missing,dur=1
af5fe424,Bengaluru,2023-10-26 16:00:00,2023-10-26 20:00:00,5,COMMUNICATION,all,29.3,,burst_missing,dur=5
1b9bb93f,Bengaluru,2022-05-09 19:00:00,2022-05-09 19:00:00,5,COMMUNICATION,temperature_c,24.6,,partial_missing,dur=1
0b82821c,Bengaluru,2022-03-29 00:00:00,2022-03-29 00:00:00,5,COMMUNICATION,temperature_c,23.0,,partial_missing,dur=1
862ed874,Bengaluru,2024-04-10 03:00:00,2024-04-10 11:00:00,5,COMMUNICATION,all,21.5,,burst_missing,dur=9
40c36bb6,Bengaluru,2023-09-22 18:00:00,2023-09-22 18:00:00,5,COMMUNICATION,temperature_c,24.3,,partial_missing,dur=1
1f7d2ec5,Bengaluru,2022-10-11 14:00:00,2022-10-11 14:00:00,5,COMMUNICATION,all,24.1,,missing_packet,dur=1
2d430d77,Bengaluru,2023-02-18 01:00:00,2023-02-18 01:00:00,5,COMMUNICATION,temperature_c,17.6,,partial_missing,dur=1
54432f90,Bengaluru,2024-05-10 20:00:00,2024-05-11 01:00:00,5,COMMUNICATION,all,23.7,,burst_missing,dur=6
bc76ff64,Bengaluru,2023-04-26 01:00:00,2023-04-26 01:00:00,5,COMMUNICATION,all,22.1,,missing_packet,dur=1
8baea18f,Bengaluru,2022-06-14 19:00:00,2022-06-14 19:00:00,5,COMMUNICATION,all,22.1,,missing_packet,dur=1
0a66a869,Bengaluru,2024-04-18 02:00:00,2024-04-18 02:00:00,5,COMMUNICATION,all,24.6,,missing_packet,dur=1
c5282611,Bengaluru,2023-02-09 10:00:00,2023-02-09 10:00:00,5,COMMUNICATION,all,26.2,,missing_packet,dur=1
6b6bc2c7,Bengaluru,2024-10-05 06:00:00,2024-10-05 06:00:00,5,COMMUNICATION,temperature_c,20.1,,partial_missing,dur=1
df9157b4,Bengaluru,2024-02-18 05:00:00,2024-02-18 10:00:00,5,COMMUNICATION,all,16.9,,burst_missing,dur=6
452e3656,Bengaluru,2022-01-13 22:00:00,2022-01-13 22:00:00,5,COMMUNICATION,all,19.5,,missing_packet,dur=1
4df37b2f,Bengaluru,2021-05-23 11:00:00,2021-05-23 11:00:00,6,MULTIVARIATE,relative_humidity_pct,51.0,11.0,moisture_mismatch,
bafad555,Bengaluru,2023-10-11 15:00:00,2023-10-11 15:00:00,6,MULTIVARIATE,temperature_c,28.1,38.1,t_rh_mismatch,
152a90ad,Bengaluru,2024-11-09 18:00:00,2024-11-09 18:00:00,6,MULTIVARIATE,temperature_c,22.7,32.7,t_rh_mismatch,
1a370c61,Bengaluru,2023-02-18 09:00:00,2023-02-18 09:00:00,6,MULTIVARIATE,temperature_c,24.3,34.3,t_rh_mismatch,
ed150209,Bengaluru,2022-03-14 18:00:00,2022-03-14 18:00:00,6,MULTIVARIATE,relative_humidity_pct,29.0,5.0,moisture_mismatch,
45f18d19,Bengaluru,2024-05-11 22:00:00,2024-05-11 22:00:00,6,MULTIVARIATE,temperature_c,25.9,35.9,t_rh_mismatch,
d95004d2,Bengaluru,2024-04-09 14:00:00,2024-04-09 14:00:00,6,MULTIVARIATE,temperature_c,35.2,45.2,t_rh_mismatch,
a473f3af,Bengaluru,2022-08-30 07:00:00,2022-08-30 07:00:00,6,MULTIVARIATE,relative_humidity_pct,93.0,53.0,moisture_mismatch,
5e975aee,Bengaluru,2023-08-13 14:00:00,2023-08-13 14:00:00,6,MULTIVARIATE,temperature_c,29.5,39.5,t_rh_mismatch,
4ac3b377,Bengaluru,2024-02-07 22:00:00,2024-02-07 22:00:00,6,MULTIVARIATE,temperature_c,21.2,31.2,t_rh_mismatch,
ce6875b1,Bengaluru,2023-12-19 14:00:00,2023-12-19 14:00:00,6,MULTIVARIATE,relative_humidity_pct,45.0,5.0,moisture_mismatch,
5105eef2,Bengaluru,2022-10-06 19:00:00,2022-10-06 19:00:00,6,MULTIVARIATE,relative_humidity_pct,86.0,46.0,moisture_mismatch,
8446741b,Bengaluru,2021-08-11 20:00:00,2021-08-11 20:00:00,6,MULTIVARIATE,relative_humidity_pct,89.0,49.0,moisture_mismatch,
41b1c273,Bengaluru,2022-09-06 03:00:00,2022-09-06 03:00:00,6,MULTIVARIATE,temperature_c,19.5,29.5,t_rh_mismatch,
adcf1bd2,Bengaluru,2023-05-21 05:00:00,2023-05-21 05:00:00,6,MULTIVARIATE,temperature_c,21.9,31.9,t_rh_mismatch,
a4366462,Bengaluru,2023-07-05 13:00:00,2023-07-05 13:00:00,6,MULTIVARIATE,temperature_c,24.7,34.7,t_rh_mismatch,
9d74f4af,Bengaluru,2022-01-11 17:00:00,2022-01-11 17:00:00,6,MULTIVARIATE,temperature_c,25.4,35.4,t_rh_mismatch,
18b9cd77,Bengaluru,2023-02-23 08:00:00,2023-02-23 08:00:00,6,MULTIVARIATE,relative_humidity_pct,53.0,13.0,moisture_mismatch,
4b6df7c6,Bengaluru,2022-01-14 23:00:00,2022-01-14 23:00:00,6,MULTIVARIATE,relative_humidity_pct,80.0,40.0,moisture_mismatch,
e7afd053,Bengaluru,2024-05-09 23:00:00,2024-05-09 23:00:00,6,MULTIVARIATE,temperature_c,23.2,33.2,t_rh_mismatch,
ee014985,Bengaluru,2021-08-05 08:00:00,2021-08-05 08:00:00,6,MULTIVARIATE,temperature_c,23.1,33.1,t_rh_mismatch,
070ca5b1,Bengaluru,2022-11-30 20:00:00,2022-11-30 20:00:00,6,MULTIVARIATE,temperature_c,18.5,28.5,t_rh_mismatch,
c81ee830,Bengaluru,2022-02-13 06:00:00,2022-02-13 06:00:00,6,MULTIVARIATE,relative_humidity_pct,92.0,52.0,moisture_mismatch,
4510a6d7,Bengaluru,2021-10-31 14:00:00,2021-10-31 14:00:00,6,MULTIVARIATE,relative_humidity_pct,72.0,32.0,moisture_mismatch,
49df6df3,Bengaluru,2022-10-11 21:00:00,2022-10-11 21:00:00,6,MULTIVARIATE,relative_humidity_pct,95.0,55.0,moisture_mismatch,
fe794acf,Bengaluru,2021-11-29 17:00:00,2021-11-29 17:00:00,6,MULTIVARIATE,temperature_c,21.1,31.1,t_rh_mismatch,
63ab483c,Bengaluru,2022-10-14 02:00:00,2022-10-14 02:00:00,6,MULTIVARIATE,relative_humidity_pct,98.0,58.0,moisture_mismatch,
60c2e442,Bengaluru,2024-06-02 05:00:00,2024-06-02 05:00:00,6,MULTIVARIATE,temperature_c,22.6,32.6,t_rh_mismatch,
97e987e7,Bengaluru,2021-10-30 17:00:00,2021-10-30 17:00:00,6,MULTIVARIATE,relative_humidity_pct,79.0,39.0,moisture_mismatch,
a9444e92,Bengaluru,2021-02-14 21:00:00,2021-02-14 21:00:00,6,MULTIVARIATE,temperature_c,19.1,29.1,t_rh_mismatch,
9d27b286,Bengaluru,2022-01-28 01:00:00,2022-01-28 01:00:00,6,MULTIVARIATE,relative_humidity_pct,93.0,53.0,moisture_mismatch,
432740d7,Bengaluru,2024-03-18 02:00:00,2024-03-18 02:00:00,6,MULTIVARIATE,temperature_c,21.7,31.7,t_rh_mismatch,
6f284009,Bengaluru,2023-08-22 10:00:00,2023-08-22 10:00:00,6,MULTIVARIATE,temperature_c,27.4,37.4,t_rh_mismatch,
6fe6c4c5,Bengaluru,2024-02-12 12:00:00,2024-02-12 12:00:00,6,MULTIVARIATE,temperature_c,29.5,39.5,t_rh_mismatch,
35ec095d,Bengaluru,2021-08-22 18:00:00,2021-08-22 18:00:00,6,MULTIVARIATE,relative_humidity_pct,91.0,51.0,moisture_mismatch,
986304a8,Bengaluru,2021-07-04 19:00:00,2021-07-04 19:00:00,6,MULTIVARIATE,temperature_c,23.1,33.1,t_rh_mismatch,
7edbaad6,Bengaluru,2023-12-03 04:00:00,2023-12-03 04:00:00,6,MULTIVARIATE,relative_humidity_pct,93.0,53.0,moisture_mismatch,
67686e4b,Bengaluru,2021-04-29 21:00:00,2021-04-29 21:00:00,6,MULTIVARIATE,relative_humidity_pct,51.9,11.899999999999999,moisture_mismatch,
0ee9eb34,Bengaluru,2023-10-17 08:00:00,2023-10-17 08:00:00,6,MULTIVARIATE,relative_humidity_pct,77.0,37.0,moisture_mismatch,
f4e5d8e8,Bengaluru,2021-02-14 08:00:00,2021-02-14 08:00:00,6,MULTIVARIATE,relative_humidity_pct,80.0,40.0,moisture_mismatch,
7229ce49,Bengaluru,2021-07-04 11:00:00,2021-07-04 11:00:00,6,MULTIVARIATE,relative_humidity_pct,62.0,22.0,moisture_mismatch,
5ea24fd3,Bengaluru,2022-10-21 10:00:00,2022-10-21 10:00:00,6,MULTIVARIATE,temperature_c,25.1,35.1,t_rh_mismatch,
d11e225d,Bengaluru,2023-06-27 23:00:00,2023-06-27 23:00:00,6,MULTIVARIATE,temperature_c,20.8,30.8,t_rh_mismatch,
49f27675,Bengaluru,2021-05-02 01:00:00,2021-05-02 01:00:00,6,MULTIVARIATE,relative_humidity_pct,84.0,44.0,moisture_mismatch,
2e3f7751,Bengaluru,2023-07-14 11:00:00,2023-07-14 11:00:00,6,MULTIVARIATE,temperature_c,25.9,35.9,t_rh_mismatch,
8dee3388,Bengaluru,2024-06-22 17:00:00,2024-06-22 17:00:00,6,MULTIVARIATE,relative_humidity_pct,72.0,32.0,moisture_mismatch,
e69bc09f,Bengaluru,2022-05-13 17:00:00,2022-05-13 17:00:00,6,MULTIVARIATE,temperature_c,23.9,33.9,t_rh_mismatch,
acc34083,Bengaluru,2021-06-22 07:00:00,2021-06-22 07:00:00,6,MULTIVARIATE,relative_humidity_pct,83.0,43.0,moisture_mismatch,
ce3e8f60,Bengaluru,2021-04-11 23:00:00,2021-04-11 23:00:00,6,MULTIVARIATE,relative_humidity_pct,67.0,27.0,moisture_mismatch,
4bdd8e04,Bengaluru,2022-07-05 11:00:00,2022-07-05 11:00:00,6,MULTIVARIATE,temperature_c,22.7,32.7,t_rh_mismatch,
b68755bf,Bengaluru,2022-06-29 16:00:00,2022-06-29 16:00:00,6,MULTIVARIATE,temperature_c,24.2,34.2,t_rh_mismatch,
b739384d,Bengaluru,2023-05-12 18:00:00,2023-05-12 18:00:00,6,MULTIVARIATE,relative_humidity_pct,66.0,26.0,moisture_mismatch,
85503ed6,Bengaluru,2024-11-08 08:00:00,2024-11-08 08:00:00,6,MULTIVARIATE,relative_humidity_pct,75.0,35.0,moisture_mismatch,
32bff3fa,Bengaluru,2024-07-16 16:00:00,2024-07-16 16:00:00,6,MULTIVARIATE,relative_humidity_pct,86.0,46.0,moisture_mismatch,
d61974c5,Bengaluru,2021-04-10 23:00:00,2021-04-10 23:00:00,6,MULTIVARIATE,temperature_c,23.6,33.6,t_rh_mismatch,
911aa785,Bengaluru,2023-02-21 06:00:00,2023-02-21 06:00:00,6,MULTIVARIATE,relative_humidity_pct,71.0,31.0,moisture_mismatch,
33df99f9,Bengaluru,2021-05-11 12:00:00,2021-05-11 12:00:00,6,MULTIVARIATE,relative_humidity_pct,47.0,7.0,moisture_mismatch,
75fce126,Bengaluru,2023-01-17 01:00:00,2023-01-17 01:00:00,6,MULTIVARIATE,temperature_c,15.2,25.2,t_rh_mismatch,
3929d1e2,Bengaluru,2023-10-02 22:00:00,2023-10-02 22:00:00,6,MULTIVARIATE,relative_humidity_pct,78.0,38.0,moisture_mismatch,
acefba1d,Bengaluru,2023-12-29 07:00:00,2023-12-29 07:00:00,6,MULTIVARIATE,relative_humidity_pct,93.0,53.0,moisture_mismatch,
0a8587c3,Bengaluru,2023-11-22 19:00:00,2023-11-22 19:00:00,6,MULTIVARIATE,relative_humidity_pct,92.0,52.0,moisture_mismatch,
09b0cebc,Bengaluru,2022-05-26 03:00:00,2022-05-26 03:00:00,6,MULTIVARIATE,relative_humidity_pct,93.0,53.0,moisture_mismatch,
2610d61e,Bengaluru,2024-09-20 13:00:00,2024-09-20 13:00:00,6,MULTIVARIATE,relative_humidity_pct,47.0,7.0,moisture_mismatch,
f5f8299d,Bengaluru,2024-11-18 23:00:00,2024-11-18 23:00:00,6,MULTIVARIATE,relative_humidity_pct,97.0,57.0,moisture_mismatch,
09a8ebee,Bengaluru,2021-08-14 14:00:00,2021-08-14 14:00:00,6,MULTIVARIATE,relative_humidity_pct,55.0,15.0,moisture_mismatch,
9434516a,Bengaluru,2021-08-04 12:00:00,2021-08-04 12:00:00,6,MULTIVARIATE,relative_humidity_pct,56.0,16.0,moisture_mismatch,
efe556d0,Bengaluru,2022-05-08 18:00:00,2022-05-08 18:00:00,6,MULTIVARIATE,relative_humidity_pct,56.0,16.0,moisture_mismatch,
75ce0890,Bengaluru,2023-05-28 02:00:00,2023-05-28 02:00:00,6,MULTIVARIATE,temperature_c,22.69,32.69,t_rh_mismatch,
b7db2aa4,Bengaluru,2021-08-07 15:00:00,2021-08-07 15:00:00,6,MULTIVARIATE,relative_humidity_pct,73.0,33.0,moisture_mismatch,
cb2b1047,Bengaluru,2023-03-19 07:00:00,2023-03-19 07:00:00,6,MULTIVARIATE,relative_humidity_pct,89.0,49.0,moisture_mismatch,
e95a376b,Chennai,2024-05-02 15:00:00,2024-05-02 15:00:00,1,SPIKE,temperature_c,36.3,41.74225685764424,medium,mag=5.44
17fa50cd,Chennai,2024-03-09 13:00:00,2024-03-09 13:00:00,1,SPIKE,temperature_c,34.0,31.988220128614813,small,mag=-2.01
3f25fe20,Chennai,2022-04-01 01:00:00,2022-04-01 01:00:00,1,SPIKE,relative_humidity_pct,95.0,82.4597054297373,medium,mag=-12.54
15ac6391,Chennai,2024-04-27 03:00:00,2024-04-27 03:00:00,1,SPIKE,relative_humidity_pct,97.0,61.14834174929328,large,mag=-35.85
c01fb661,Chennai,2023-08-18 22:00:00,2023-08-18 22:00:00,1,SPIKE,surface_pressure_hpa,1004.2,999.637287323253,medium,mag=-4.56
7325d248,Chennai,2024-05-05 23:00:00,2024-05-05 23:00:00,1,SPIKE,surface_pressure_hpa,1003.7,1021.9859870515282,large,mag=18.29
74fbf71f,Chennai,2021-04-26 15:00:00,2021-04-26 15:00:00,1,SPIKE,temperature_c,32.6,30.294035415265128,small,mag=-2.31
9b130a24,Chennai,2023-08-21 17:00:00,2023-08-21 17:00:00,1,SPIKE,surface_pressure_hpa,1001.5,1006.2318747050351,medium,mag=4.73
1892155a,Chennai,2024-04-02 16:00:00,2024-04-02 16:00:00,1,SPIKE,relative_humidity_pct,62.0,66.38931060377544,small,mag=4.39
62129f66,Chennai,2023-01-20 17:00:00,2023-01-20 17:00:00,1,SPIKE,surface_pressure_hpa,1010.7,1005.6914889417536,medium,mag=-5.01
b18779e6,Chennai,2021-06-06 15:00:00,2021-06-06 15:00:00,1,SPIKE,surface_pressure_hpa,1002.4,1007.646483157283,medium,mag=5.25
f78a7dfc,Chennai,2021-07-24 21:00:00,2021-07-24 21:00:00,1,SPIKE,surface_pressure_hpa,1002.6,1000.9226548111802,small,mag=-1.68
5d535441,Chennai,2024-01-15 05:00:00,2024-01-15 05:00:00,1,SPIKE,relative_humidity_pct,86.0,100.19363823927783,medium,mag=14.19
5659714f,Chennai,2023-09-20 01:00:00,2023-09-20 01:00:00,1,SPIKE,temperature_c,26.8,28.72110966742085,small,mag=1.92
a70f9bb5,Chennai,2024-11-02 01:00:00,2024-11-02 01:00:00,1,SPIKE,temperature_c,24.9,22.729126522940152,small,mag=-2.17
a744a214,Chennai,2022-03-13 20:00:00,2022-03-13 20:00:00,1,SPIKE,relative_humidity_pct,75.0,33.29983164153914,large,mag=-41.70
7b14211c,Chennai,2021-03-27 00:00:00,2021-03-27 00:00:00,1,SPIKE,surface_pressure_hpa,1007.0,1004.9095455031483,small,mag=-2.09
abd01db0,Chennai,2022-01-25 21:00:00,2022-01-25 21:00:00,1,SPIKE,temperature_c,25.2,30.67863872114721,medium,mag=5.48
69b227f5,Chennai,2024-04-11 12:00:00,2024-04-11 12:00:00,1,SPIKE,relative_humidity_pct,49.0,3.747369824681982,large,mag=-45.25
8bc03512,Chennai,2021-04-06 00:00:00,2021-04-06 00:00:00,1,SPIKE,surface_pressure_hpa,1006.8,1011.3995811294748,medium,mag=4.60
fb45ed46,Chennai,2021-12-11 16:00:00,2021-12-11 16:00:00,1,SPIKE,temperature_c,27.9,23.680790821017354,medium,mag=-4.22
a1b34c2f,Chennai,2021-07-03 14:00:00,2021-07-03 14:00:00,1,SPIKE,relative_humidity_pct,75.0,28.61972633298347,large,mag=-46.38
3e689baa,Chennai,2022-10-07 10:00:00,2022-10-07 10:00:00,1,SPIKE,surface_pressure_hpa,1006.3,986.5032782873195,large,mag=-19.80
3900e247,Chennai,2023-09-28 07:00:00,2023-09-28 07:00:00,1,SPIKE,surface_pressure_hpa,1004.6,1026.3712008983705,large,mag=21.77
c6d6f8b4,Chennai,2023-09-16 21:00:00,2023-09-16 21:00:00,1,SPIKE,surface_pressure_hpa,1005.9,1000.6419495177092,medium,mag=-5.26
67722b5d,Chennai,2023-11-12 10:00:00,2023-11-12 10:00:00,1,SPIKE,surface_pressure_hpa,1013.1,1007.7385462098987,medium,mag=-5.36
bc8d1988,Chennai,2021-03-30 10:00:00,2021-03-30 10:00:00,1,SPIKE,temperature_c,34.8,47.45937312800218,large,mag=12.66
3b1fa608,Chennai,2022-02-23 23:00:00,2022-02-23 23:00:00,1,SPIKE,temperature_c,24.9,20.59713748376131,medium,mag=-4.30
007a6c6f,Chennai,2024-05-13 14:00:00,2024-05-13 14:00:00,1,SPIKE,surface_pressure_hpa,1003.3,1001.0800221585542,small,mag=-2.22
0012892f,Chennai,2023-10-10 23:00:00,2023-10-10 23:00:00,1,SPIKE,relative_humidity_pct,92.0,135.29240371442825,large,mag=43.29
9ec82dc1,Chennai,2023-10-13 20:00:00,2023-10-13 20:00:00,1,SPIKE,surface_pressure_hpa,1010.7,1013.0984982947244,small,mag=2.40
50e0d6e4,Chennai,2024-04-27 06:00:00,2024-04-27 06:00:00,1,SPIKE,relative_humidity_pct,96.0,48.693032124855236,large,mag=-47.31
26bf4d0b,Chennai,2021-07-29 22:00:00,2021-07-29 22:00:00,1,SPIKE,relative_humidity_pct,60.0,22.331408181682995,large,mag=-37.67
ffe6bd4d,Chennai,2022-01-11 23:00:00,2022-01-11 23:00:00,1,SPIKE,surface_pressure_hpa,1010.8,1032.3465064802385,large,mag=21.55
24cae81c,Chennai,2024-12-16 18:00:00,2024-12-16 18:00:00,1,SPIKE,surface_pressure_hpa,1009.0,1004.5069617289453,medium,mag=-4.49
db819dd6,Chennai,2023-09-30 00:00:00,2023-09-30 00:00:00,1,SPIKE,surface_pressure_hpa,1005.2,999.2541787448189,medium,mag=-5.95
1de21354,Chennai,2023-12-23 21:00:00,2023-12-23 21:00:00,1,SPIKE,relative_humidity_pct,83.0,99.14143946938164,medium,mag=16.14
988460d3,Chennai,2023-05-09 11:00:00,2023-05-09 11:00:00,1,SPIKE,relative_humidity_pct,63.0,47.63707445858268,medium,mag=-15.36
9ea7debd,Chennai,2023-02-01 00:00:00,2023-02-01 00:00:00,1,SPIKE,surface_pressure_hpa,1008.7,1003.5530463922528,medium,mag=-5.15
ce7344c3,Chennai,2022-11-13 14:00:00,2022-11-13 14:00:00,1,SPIKE,surface_pressure_hpa,1008.0,1012.7890649112817,medium,mag=4.79
81c53162,Chennai,2021-11-06 18:00:00,2021-11-06 18:00:00,1,SPIKE,relative_humidity_pct,93.0,88.42473931677172,small,mag=-4.58
d6cbadaf,Chennai,2021-03-12 18:00:00,2021-03-12 18:00:00,1,SPIKE,surface_pressure_hpa,1010.8,1008.8460991105081,small,mag=-1.95
c5f60f8f,Chennai,2022-05-24 00:00:00,2022-05-24 00:00:00,1,SPIKE,relative_humidity_pct,84.0,48.76691188479045,large,mag=-35.23
4d7b3292,Chennai,2024-09-24 17:00:00,2024-09-24 17:00:00,1,SPIKE,surface_pressure_hpa,998.7,1004.0923426012937,medium,mag=5.39
fd16ef3b,Chennai,2024-11-14 18:00:00,2024-11-14 18:00:00,1,SPIKE,temperature_c,25.3,27.369464398856653,small,mag=2.07
2c8e202e,Chennai,2023-11-23 17:00:00,2023-11-23 17:00:00,1,SPIKE,temperature_c,25.7,27.72483319178624,small,mag=2.02
b27e28e3,Chennai,2021-11-18 13:00:00,2021-11-18 13:00:00,1,SPIKE,surface_pressure_hpa,1001.4,999.4693589071613,small,mag=-1.93
01ff97e9,Chennai,2022-12-16 19:00:00,2022-12-16 19:00:00,1,SPIKE,surface_pressure_hpa,1008.5,1002.9584678838035,medium,mag=-5.54
94b437ce,Chennai,2022-12-12 18:00:00,2022-12-12 18:00:00,1,SPIKE,temperature_c,24.4,37.347646457265654,large,mag=12.95
112377f4,Chennai,2024-05-03 14:00:00,2024-05-03 14:00:00,1,SPIKE,surface_pressure_hpa,1001.0,996.6010880506648,medium,mag=-4.40
2ab7f894,Chennai,2022-08-09 22:00:00,2022-08-09 22:00:00,1,SPIKE,relative_humidity_pct,59.0,46.64502448255105,medium,mag=-12.35
6beffa4e,Chennai,2023-02-19 19:00:00,2023-02-19 19:00:00,1,SPIKE,temperature_c,25.2,40.410913661361626,large,mag=15.21
cf35ea80,Chennai,2024-09-03 07:00:00,2024-09-03 07:00:00,1,SPIKE,surface_pressure_hpa,1005.0,1006.7400518203848,small,mag=1.74
190931b6,Chennai,2022-07-01 14:00:00,2022-07-01 14:00:00,1,SPIKE,temperature_c,34.0,35.91759565942264,small,mag=1.92
8fc018fc,Chennai,2021-12-01 21:00:00,2021-12-01 21:00:00,1,SPIKE,relative_humidity_pct,82.0,87.92426276016668,small,mag=5.92
0d8de8c9,Chennai,2022-01-06 15:00:00,2022-01-06 15:00:00,1,SPIKE,relative_humidity_pct,64.0,58.864076262671006,small,mag=-5.14
bb95b77f,Chennai,2021-07-22 05:00:00,2021-07-22 05:00:00,1,SPIKE,temperature_c,25.9,19.921801059822553,medium,mag=-5.98
cb7f7316,Chennai,2024-05-19 09:00:00,2024-05-19 09:00:00,1,SPIKE,surface_pressure_hpa,1004.4,980.891515986073,large,mag=-23.51
bee7ccee,Chennai,2022-04-17 11:00:00,2022-04-17 11:00:00,1,SPIKE,surface_pressure_hpa,1004.6,998.982372243514,medium,mag=-5.62
104249df,Chennai,2024-04-30 10:00:00,2024-04-30 10:00:00,1,SPIKE,relative_humidity_pct,51.0,56.29657067741849,small,mag=5.30
fbd9771c,Chennai,2021-08-28 17:00:00,2021-08-28 17:00:00,1,SPIKE,surface_pressure_hpa,998.5,996.6303102565362,small,mag=-1.87
cd535224,Chennai,2023-05-23 16:00:00,2023-05-23 16:00:00,1,SPIKE,relative_humidity_pct,64.0,99.09058060353934,large,mag=35.09
2ba657be,Chennai,2023-08-07 16:00:00,2023-08-07 16:00:00,1,SPIKE,surface_pressure_hpa,1000.6,1023.2159186022105,large,mag=22.62
3de46c40,Chennai,2021-06-27 07:00:00,2021-06-27 07:00:00,1,SPIKE,surface_pressure_hpa,1004.4,999.0614882931801,medium,mag=-5.34
81024478,Chennai,2023-03-04 21:00:00,2023-03-04 21:00:00,1,SPIKE,temperature_c,24.8,22.45133969039889,small,mag=-2.35
f07d1e8b,Chennai,2023-03-31 01:00:00,2023-03-31 01:00:00,1,SPIKE,temperature_c,24.9,20.006528956387093,medium,mag=-4.89
349b9712,Chennai,2022-03-07 02:00:00,2022-03-07 02:00:00,1,SPIKE,relative_humidity_pct,73.0,56.66270482959402,medium,mag=-16.34
99c6706c,Chennai,2022-04-21 09:00:00,2022-04-21 09:00:00,1,SPIKE,temperature_c,32.6,37.985537180845476,medium,mag=5.39
cfd20a8e,Chennai,2023-09-15 02:00:00,2023-09-15 02:00:00,1,SPIKE,temperature_c,25.5,11.659161947978282,large,mag=-13.84
55eb282a,Chennai,2024-10-21 05:00:00,2024-10-21 05:00:00,1,SPIKE,relative_humidity_pct,97.0,143.32189391706007,large,mag=46.32
94f02d56,Chennai,2022-09-05 07:00:00,2022-09-05 07:00:00,1,SPIKE,surface_pressure_hpa,1005.5,1010.7774226503988,medium,mag=5.28
88eff834,Chennai,2021-11-28 09:00:00,2021-11-28 09:00:00,1,SPIKE,relative_humidity_pct,92.0,105.31477160561207,medium,mag=13.31
83dac6f9,Chennai,2022-07-03 19:00:00,2022-07-03 19:00:00,1,SPIKE,temperature_c,29.8,24.304530325698288,medium,mag=-5.50
61d8559b,Chennai,2022-01-15 05:00:00,2022-01-15 05:00:00,1,SPIKE,surface_pressure_hpa,1008.7,1003.6015309823633,medium,mag=-5.10
4be7fce1,Chennai,2022-10-09 10:00:00,2022-10-09 10:00:00,1,SPIKE,relative_humidity_pct,77.0,122.2096561453833,large,mag=45.21
59e656d1,Chennai,2024-09-11 00:00:00,2024-09-11 00:00:00,1,SPIKE,temperature_c,27.9,45.1388103509264,large,mag=17.24
4e059073,Chennai,2021-03-13 18:00:00,2021-03-13 18:00:00,1,SPIKE,temperature_c,26.4,10.177403249064763,large,mag=-16.22
37bfc3d7,Chennai,2023-09-13 11:00:00,2023-09-13 11:00:00,1,SPIKE,temperature_c,33.5,16.52735567624945,large,mag=-16.97
da1fa897,Chennai,2023-10-05 08:00:00,2023-10-05 08:00:00,1,SPIKE,surface_pressure_hpa,1007.6,1009.319881905106,small,mag=1.72
fba18394,Chennai,2024-06-30 07:00:00,2024-06-30 07:00:00,1,SPIKE,relative_humidity_pct,76.0,33.11527619297486,large,mag=-42.88
2afd8c21,Chennai,2021-12-21 08:00:00,2021-12-21 08:00:00,1,SPIKE,surface_pressure_hpa,1014.3,991.1088851862921,large,mag=-23.19
5d145815,Chennai,2021-08-24 10:00:00,2021-08-24 10:00:00,1,SPIKE,relative_humidity_pct,65.0,59.97350431359672,small,mag=-5.03
b080d14c,Chennai,2021-06-29 12:00:00,2021-06-29 12:00:00,1,SPIKE,relative_humidity_pct,67.0,27.60194710817722,large,mag=-39.40
bf8505e9,Chennai,2023-04-25 13:00:00,2023-04-25 13:00:00,1,SPIKE,relative_humidity_pct,57.0,20.9286844949182,large,mag=-36.07
19b06433,Chennai,2023-12-24 05:00:00,2023-12-24 05:00:00,1,SPIKE,temperature_c,21.1,8.661822844507256,large,mag=-12.44
206f6ecf,Chennai,2024-07-31 01:00:00,2024-07-31 01:00:00,1,SPIKE,relative_humidity_pct,71.0,86.24698102447944,medium,mag=15.25
5982a6a9,Chennai,2024-12-06 11:00:00,2024-12-06 11:00:00,1,SPIKE,temperature_c,28.8,30.77765696067652,small,mag=1.98
33b65735,Chennai,2024-01-27 17:00:00,2024-01-27 17:00:00,1,SPIKE,relative_humidity_pct,68.0,55.187426801063374,medium,mag=-12.81
e7ba316f,Chennai,2024-01-24 00:00:00,2024-01-24 00:00:00,1,SPIKE,surface_pressure_hpa,1011.9,1031.2628955110586,large,mag=19.36
674b4a2a,Chennai,2021-07-21 09:00:00,2021-07-21 09:00:00,1,SPIKE,relative_humidity_pct,64.0,81.44060386914744,medium,mag=17.44
a8ced8fb,Chennai,2021-12-09 05:00:00,2021-12-09 05:00:00,1,SPIKE,relative_humidity_pct,91.0,96.32358507625094,small,mag=5.32
b6088624,Chennai,2023-05-16 16:00:00,2023-05-16 16:00:00,1,SPIKE,surface_pressure_hpa,1001.9,1003.7782159097113,small,mag=1.88
0d4a2ec8,Chennai,2021-07-22 12:00:00,2021-07-22 12:00:00,1,SPIKE,temperature_c,31.8,19.03591747606435,large,mag=-12.76
33bd7b10,Chennai,2024-05-13 17:00:00,2024-05-13 17:00:00,1,SPIKE,temperature_c,30.7,33.08279254614331,small,mag=2.38
c986df15,Chennai,2024-06-26 00:00:00,2024-06-26 00:00:00,1,SPIKE,relative_humidity_pct,78.0,116.78604847573442,large,mag=38.79
52253a4e,Chennai,2024-11-13 17:00:00,2024-11-13 17:00:00,1,SPIKE,relative_humidity_pct,87.0,82.30768053002474,small,mag=-4.69
3b68465d,Chennai,2023-07-30 18:00:00,2023-07-30 18:00:00,1,SPIKE,relative_humidity_pct,66.0,71.45004789181783,small,mag=5.45
fe6bd370,Chennai,2021-12-17 10:00:00,2021-12-17 10:00:00,1,SPIKE,temperature_c,28.1,30.035392478793405,small,mag=1.94
ae569511,Chennai,2022-05-12 21:00:00,2022-05-12 21:00:00,1,SPIKE,temperature_c,25.7,24.019282629525993,small,mag=-1.68
f37e8eff,Chennai,2021-12-19 08:00:00,2021-12-19 08:00:00,1,SPIKE,temperature_c,23.7,29.106572533729857,medium,mag=5.41
261207c3,Chennai,2024-03-27 08:00:00,2024-03-27 08:00:00,1,SPIKE,temperature_c,29.8,31.721812280648727,small,mag=1.92
0f953661,Chennai,2024-10-05 03:00:00,2024-10-05 03:00:00,1,SPIKE,temperature_c,25.5,8.317618543979663,large,mag=-17.18
c716a1ba,Chennai,2021-06-01 07:00:00,2021-06-01 07:00:00,1,SPIKE,temperature_c,30.7,32.53141076108314,small,mag=1.83
fc37020f,Chennai,2021-12-06 01:00:00,2021-12-06 01:00:00,1,SPIKE,surface_pressure_hpa,1008.4,987.6166586057818,large,mag=-20.78
54604bfe,Chennai,2024-11-15 18:00:00,2024-11-15 18:00:00,1,SPIKE,surface_pressure_hpa,1007.9,1002.1474833556524,medium,mag=-5.75
5038e11a,Chennai,2022-02-22 20:00:00,2022-02-22 20:00:00,1,SPIKE,surface_pressure_hpa,1010.6,992.1959923699407,large,mag=-18.40
5d96992b,Chennai,2023-04-11 11:00:00,2023-04-11 11:00:00,1,SPIKE,temperature_c,33.5,50.778283345783294,large,mag=17.28
a7d06593,Chennai,2022-03-26 14:00:00,2022-03-26 14:00:00,1,SPIKE,temperature_c,31.7,47.035103995902276,large,mag=15.34
e84c5583,Chennai,2022-03-19 06:00:00,2022-03-19 06:00:00,1,SPIKE,temperature_c,25.1,30.442685049491445,medium,mag=5.34
9589c7ff,Chennai,2023-06-01 01:00:00,2023-06-01 01:00:00,1,SPIKE,surface_pressure_hpa,1003.8,1008.6165183536591,medium,mag=4.82
69ed4ed3,Chennai,2022-09-08 16:00:00,2022-09-08 16:00:00,1,SPIKE,relative_humidity_pct,75.0,59.772430413655094,medium,mag=-15.23
bb586900,Chennai,2023-08-03 20:00:00,2023-08-03 20:00:00,1,SPIKE,temperature_c,29.6,27.433938562009622,small,mag=-2.17
0e45e500,Chennai,2024-11-17 22:00:00,2024-11-17 22:00:00,1,SPIKE,relative_humidity_pct,83.0,88.93557237709325,small,mag=5.94
5d7a017b,Chennai,2023-02-15 15:00:00,2023-02-15 15:00:00,1,SPIKE,surface_pressure_hpa,1008.1,990.1571318712834,large,mag=-17.94
47ef92b3,Chennai,2021-08-04 08:00:00,2021-08-04 08:00:00,1,SPIKE,temperature_c,31.1,36.944452209022444,medium,mag=5.84
8b6415fc,Chennai,2022-11-16 07:00:00,2022-11-16 07:00:00,1,SPIKE,relative_humidity_pct,86.0,91.65881257043006,small,mag=5.66
f185a30e,Chennai,2022-06-21 00:00:00,2022-06-21 00:00:00,1,SPIKE,temperature_c,27.7,22.49006110723433,medium,mag=-5.21
f3712ad6,Chennai,2023-01-20 10:00:00,2023-01-20 10:00:00,1,SPIKE,temperature_c,26.5,24.29064286597023,small,mag=-2.21
338dcca2,Chennai,2021-12-08 19:00:00,2021-12-08 19:00:00,1,SPIKE,surface_pressure_hpa,1009.9,1029.7351536517674,large,mag=19.84
e95bb0b8,Chennai,2023-04-07 21:00:00,2023-04-07 21:00:00,1,SPIKE,relative_humidity_pct,84.0,96.09200223737096,medium,mag=12.09
5f2dd232,Chennai,2024-12-27 18:00:00,2024-12-27 18:00:00,1,SPIKE,temperature_c,26.1,8.102567957893132,large,mag=-18.00
1722769f,Chennai,2021-09-13 02:00:00,2021-09-13 02:00:00,1,SPIKE,relative_humidity_pct,77.0,82.40753716535141,small,mag=5.41
c3d9e131,Chennai,2024-10-04 08:00:00,2024-10-04 08:00:00,1,SPIKE,relative_humidity_pct,74.0,79.55102776412754,small,mag=5.55
3e772985,Chennai,2022-04-06 11:00:00,2022-04-06 11:00:00,1,SPIKE,relative_humidity_pct,54.0,68.15555733330946,medium,mag=14.16
490a81cc,Chennai,2022-02-26 01:00:00,2022-02-26 01:00:00,1,SPIKE,relative_humidity_pct,87.0,101.9836637586059,medium,mag=14.98
2e5f1a4c,Chennai,2022-04-13 11:00:00,2022-04-13 11:00:00,1,SPIKE,temperature_c,31.9,14.86161291061789,large,mag=-17.04
0a6fff94,Chennai,2023-07-11 22:00:00,2023-07-11 22:00:00,1,SPIKE,temperature_c,28.0,23.90856910403781,medium,mag=-4.09
8cc06e41,Chennai,2021-04-23 11:00:00,2021-04-23 11:00:00,1,SPIKE,temperature_c,35.1,21.535355340541383,large,mag=-13.56
9b398138,Chennai,2021-03-19 11:00:00,2021-03-19 11:00:00,1,SPIKE,surface_pressure_hpa,1009.7,1028.061538300062,large,mag=18.36
4f4b51a6,Chennai,2021-08-10 19:00:00,2021-08-10 19:00:00,1,SPIKE,temperature_c,29.5,24.360420974591932,medium,mag=-5.14
0a0ce64f,Chennai,2021-05-05 03:00:00,2021-05-05 03:00:00,1,SPIKE,temperature_c,26.9,32.786929090095256,medium,mag=5.89
88817836,Chennai,2022-12-24 16:00:00,2022-12-24 16:00:00,1,SPIKE,relative_humidity_pct,73.0,87.93172660320289,medium,mag=14.93
8bef5bbd,Chennai,2022-07-30 15:00:00,2022-07-30 15:00:00,1,SPIKE,surface_pressure_hpa,1001.6,1021.2866319875857,large,mag=19.69
3539962c,Chennai,2024-02-12 13:00:00,2024-02-12 13:00:00,1,SPIKE,surface_pressure_hpa,1013.2,1007.7593729384758,medium,mag=-5.44
652e0d19,Chennai,2021-03-24 16:00:00,2021-03-24 16:00:00,1,SPIKE,relative_humidity_pct,63.0,68.08427371070272,small,mag=5.08
4777e0f5,Chennai,2024-09-21 23:00:00,2024-09-21 23:00:00,1,SPIKE,surface_pressure_hpa,1004.6,1006.871254794876,small,mag=2.27
010ba822,Chennai,2023-03-02 23:00:00,2023-03-02 23:00:00,1,SPIKE,temperature_c,23.1,11.061697053355328,large,mag=-12.04
b975ab83,Chennai,2023-04-05 22:00:00,2023-04-05 22:00:00,1,SPIKE,temperature_c,27.2,10.95698261777924,large,mag=-16.24
1fbf72ea,Chennai,2024-08-11 18:00:00,2024-08-11 18:00:00,1,SPIKE,temperature_c,29.3,31.19856055414945,small,mag=1.90
2d2472a9,Chennai,2022-10-31 16:00:00,2022-10-31 16:00:00,1,SPIKE,surface_pressure_hpa,1006.7,1027.6321548886747,large,mag=20.93
220d38cc,Chennai,2024-01-14 21:00:00,2024-01-14 21:00:00,1,SPIKE,relative_humidity_pct,88.0,55.894202288125456,large,mag=-32.11
04f09bc1,Chennai,2023-03-24 04:00:00,2023-03-24 04:00:00,1,SPIKE,surface_pressure_hpa,1005.7,1000.6411647063168,medium,mag=-5.06
4ba2a602,Chennai,2024-05-23 11:00:00,2024-05-23 11:00:00,1,SPIKE,relative_humidity_pct,73.0,105.27428156163884,large,mag=32.27
cbffbe15,Chennai,2021-07-19 06:00:00,2021-07-19 06:00:00,1,SPIKE,surface_pressure_hpa,1002.7,979.1823046976464,large,mag=-23.52
94a9acbe,Chennai,2021-06-13 14:00:00,2021-06-13 14:00:00,1,SPIKE,temperature_c,37.9,39.919508320980654,small,mag=2.02
669ff9f3,Chennai,2022-03-08 15:00:00,2022-03-08 15:00:00,1,SPIKE,temperature_c,30.3,32.10193455705175,small,mag=1.80
26c93734,Chennai,2024-04-15 09:00:00,2024-04-15 09:00:00,1,SPIKE,relative_humidity_pct,56.0,68.47411546288662,medium,mag=12.47
9c78d4b8,Chennai,2024-02-09 22:00:00,2024-02-09 22:00:00,1,SPIKE,relative_humidity_pct,81.0,98.94139818983837,medium,mag=17.94
e25e7bf0,Chennai,2024-08-15 07:00:00,2024-08-15 07:00:00,1,SPIKE,temperature_c,27.5,33.19573420406307,medium,mag=5.70
21b5442f,Chennai,2024-06-22 05:00:00,2024-06-22 05:00:00,1,SPIKE,surface_pressure_hpa,999.7,1016.448004043417,large,mag=16.75
447b1cb4,Chennai,2022-07-12 02:00:00,2022-07-12 02:00:00,1,SPIKE,relative_humidity_pct,71.0,83.33668963477379,medium,mag=12.34
c7a57cc9,Chennai,2023-07-18 22:00:00,2023-07-18 22:00:00,1,SPIKE,temperature_c,29.1,14.100849641323249,large,mag=-15.00
1b403eae,Chennai,2022-01-28 07:00:00,2022-01-28 07:00:00,1,SPIKE,relative_humidity_pct,86.0,127.05370604721656,large,mag=41.05
67ac29de,Chennai,2023-05-04 13:00:00,2023-05-04 13:00:00,1,SPIKE,temperature_c,31.5,44.8785989826061,large,mag=13.38
e7147a71,Chennai,2023-05-22 22:00:00,2023-05-22 22:00:00,1,SPIKE,surface_pressure_hpa,1008.8,992.427504234066,large,mag=-16.37
386c498c,Chennai,2023-08-02 02:00:00,2023-08-02 02:00:00,1,SPIKE,temperature_c,29.5,46.895869905190054,large,mag=17.40
c3f0024d,Chennai,2023-12-25 18:00:00,2023-12-25 18:00:00,1,SPIKE,surface_pressure_hpa,1012.3,988.8698691099627,large,mag=-23.43
5684e92d,Chennai,2021-12-24 01:00:00,2021-12-24 01:00:00,1,SPIKE,relative_humidity_pct,79.0,84.17407220816898,small,mag=5.17
a7f968f8,Chennai,2023-10-09 19:00:00,2023-10-09 19:00:00,1,SPIKE,surface_pressure_hpa,1008.8,1013.3985537791617,medium,mag=4.60
86a4be49,Chennai,2024-11-07 05:00:00,2024-11-07 05:00:00,1,SPIKE,surface_pressure_hpa,1008.0,1010.2795539402315,small,mag=2.28
6055bddd,Chennai,2021-10-17 22:00:00,2021-10-17 22:00:00,1,SPIKE,surface_pressure_hpa,1003.3,981.2551258838328,large,mag=-22.04
7727fa7f,Chennai,2023-05-22 09:00:00,2023-05-22 09:00:00,1,SPIKE,temperature_c,33.1,48.10475710982635,large,mag=15.00
ae1a5be8,Chennai,2022-10-23 02:00:00,2022-10-23 02:00:00,1,SPIKE,relative_humidity_pct,92.0,87.53571199121066,small,mag=-4.46
ab7260a5,Chennai,2024-06-27 18:00:00,2024-06-27 18:00:00,1,SPIKE,temperature_c,31.1,36.32773046724287,medium,mag=5.23
d1a29359,Chennai,2021-12-01 13:00:00,2021-12-01 13:00:00,1,SPIKE,surface_pressure_hpa,1007.7,1012.3527532939557,medium,mag=4.65
9ddbc7ac,Chennai,2023-01-01 09:00:00,2023-01-01 09:00:00,1,SPIKE,surface_pressure_hpa,1016.0,1020.9011003895193,medium,mag=4.90
3be8fce3,Chennai,2024-05-12 16:00:00,2024-05-12 16:00:00,1,SPIKE,temperature_c,32.7,37.45085399198306,medium,mag=4.75
99a3cf0a,Chennai,2022-11-08 23:00:00,2022-11-08 23:00:00,1,SPIKE,temperature_c,25.5,39.780436281220354,large,mag=14.28
4c2dc775,Chennai,2022-01-20 16:00:00,2022-01-20 16:00:00,1,SPIKE,surface_pressure_hpa,1006.6,1012.0262170653568,medium,mag=5.43
2de020fb,Chennai,2021-09-22 08:00:00,2021-09-22 08:00:00,1,SPIKE,temperature_c,27.2,21.776645690442766,medium,mag=-5.42
404e77df,Chennai,2021-05-19 04:00:00,2021-05-19 04:00:00,1,SPIKE,surface_pressure_hpa,1003.2,1005.0533425829452,small,mag=1.85
08001879,Chennai,2023-03-04 11:00:00,2023-03-04 11:00:00,1,SPIKE,temperature_c,31.7,29.85338603589096,small,mag=-1.85
dca8f324,Chennai,2023-11-15 23:00:00,2023-11-15 23:00:00,1,SPIKE,relative_humidity_pct,95.0,82.4762166058693,medium,mag=-12.52
59eae8e9,Chennai,2024-02-16 18:00:00,2024-02-16 18:00:00,1,SPIKE,relative_humidity_pct,73.0,88.07464509046275,medium,mag=15.07
dec112e4,Chennai,2022-11-09 22:00:00,2022-11-09 22:00:00,1,SPIKE,temperature_c,24.6,22.556624155681945,small,mag=-2.04
d3ea5e4b,Chennai,2023-06-05 21:00:00,2023-06-08 21:00:00,2,DRIFT,temperature_c,30.1,27.750000000000004,medium,"rate=-0.050,dur=73"
44fc8dac,Chennai,2021-08-20 06:00:00,2021-08-25 01:00:00,2,DRIFT,surface_pressure_hpa,1003.6,1005.56,slow,"rate=0.010,dur=116"
4eda2eec,Chennai,2022-04-09 01:00:00,2022-04-13 15:00:00,2,DRIFT,relative_humidity_pct,82.0,65.89,slow,"rate=-0.010,dur=111"
9151dba8,Chennai,2023-04-03 06:00:00,2023-04-05 15:00:00,2,DRIFT,relative_humidity_pct,88.0,62.42,slow,"rate=-0.010,dur=58"
60b5c377,Chennai,2024-04-01 22:00:00,2024-04-04 08:00:00,2,DRIFT,relative_humidity_pct,86.0,65.05,medium,"rate=-0.050,dur=59"
bcb0c3dd,Chennai,2021-07-30 01:00:00,2021-07-31 11:00:00,3,FREEZE,relative_humidity_pct,54.0,54.0,exact,dur=35
e2f9c659,Chennai,2024-09-15 20:00:00,2024-09-16 19:00:00,3,FREEZE,relative_humidity_pct,78.1,78.0,quantized,dur=24
51b62a0d,Chennai,2023-12-09 23:00:00,2023-12-11 09:00:00,3,FREEZE,temperature_c,25.1,25.1,exact,dur=35
e4af23a8,Chennai,2022-06-30 14:00:00,2022-07-02 11:00:00,3,FREEZE,temperature_c,35.4,35.4,exact,dur=46
cc76a39b,Chennai,2021-03-15 11:00:00,2021-03-17 03:00:00,3,FREEZE,surface_pressure_hpa,1010.3000000000001,1010.2,quantized,dur=41
8b05be10,Chennai,2021-10-13 11:00:00,2021-10-14 16:00:00,3,FREEZE,relative_humidity_pct,65.0,65.0,exact,dur=30
2d324ac3,Chennai,2021-08-23 10:00:00,2021-08-24 04:00:00,3,FREEZE,surface_pressure_hpa,1008.27,1008.17,quantized,dur=19
5dc66b98,Chennai,2022-10-29 01:00:00,2022-10-30 21:00:00,3,FREEZE,temperature_c,25.4,25.4,exact,dur=45
2ba7400a,Chennai,2023-06-23 19:00:00,2023-06-25 17:00:00,3,FREEZE,relative_humidity_pct,85.0,85.0,exact,dur=47
0c146b71,Chennai,2022-09-26 02:00:00,2022-09-27 14:00:00,3,FREEZE,surface_pressure_hpa,1003.9,1003.8,quantized,dur=37
48a39c82,Chennai,2022-05-15 20:00:00,2022-05-15 20:00:00,4,RANGE,temperature_c,27.1,56.46044954779353,just_outside,out_of_bounds
4f3a8824,Chennai,2023-10-17 08:00:00,2023-10-17 08:00:00,4,RANGE,relative_humidity_pct,82.0,103.15043447281928,just_outside,out_of_bounds
2ba3d6ff,Chennai,2022-01-22 00:00:00,2022-01-22 00:00:00,4,RANGE,temperature_c,23.2,91.31300922371719,severe,out_of_bounds
f744daee,Chennai,2024-10-26 21:00:00,2024-10-26 21:00:00,4,RANGE,relative_humidity_pct,81.0,-999.0,impossible,out_of_bounds
c3d0c8cd,Chennai,2023-11-27 18:00:00,2023-11-27 18:00:00,4,RANGE,temperature_c,26.4,9999.0,impossible,out_of_bounds
fca8ed82,Chennai,2024-02-17 01:00:00,2024-02-17 01:00:00,4,RANGE,temperature_c,23.2,95.50226055727991,severe,out_of_bounds
9e730c8b,Chennai,2022-01-12 11:00:00,2022-01-12 11:00:00,4,RANGE,relative_humidity_pct,64.0,-999.0,impossible,out_of_bounds
30025515,Chennai,2023-11-14 18:00:00,2023-11-14 18:00:00,4,RANGE,temperature_c,24.5,9999.0,impossible,out_of_bounds
a89806ba,Chennai,2024-03-01 04:00:00,2024-03-01 04:00:00,4,RANGE,relative_humidity_pct,99.0,-999.0,impossible,out_of_bounds
d94459aa,Chennai,2022-05-23 05:00:00,2022-05-23 05:00:00,4,RANGE,temperature_c,28.2,82.04832877754997,severe,out_of_bounds
385a6a1f,Chennai,2024-08-21 22:00:00,2024-08-21 22:00:00,4,RANGE,temperature_c,28.3,97.49619692553769,severe,out_of_bounds
57ddb6fb,Chennai,2022-04-19 01:00:00,2022-04-19 01:00:00,4,RANGE,temperature_c,27.5,85.25630449482455,severe,out_of_bounds
2d4afd3e,Chennai,2022-04-01 15:00:00,2022-04-01 15:00:00,4,RANGE,temperature_c,31.9,97.30580940752591,severe,out_of_bounds
57adc749,Chennai,2024-08-30 01:00:00,2024-08-30 01:00:00,4,RANGE,temperature_c,26.0,56.04939083794887,just_outside,out_of_bounds
e917a192,Chennai,2023-02-28 17:00:00,2023-02-28 17:00:00,4,RANGE,relative_humidity_pct,68.0,-999.0,impossible,out_of_bounds
2d79e55c,Chennai,2022-01-19 02:00:00,2022-01-19 02:00:00,4,RANGE,relative_humidity_pct,88.0,103.46460479912862,just_outside,out_of_bounds
fcc43199,Chennai,2022-05-26 21:00:00,2022-05-26 21:00:00,4,RANGE,temperature_c,29.7,59.02720246685139,just_outside,out_of_bounds
7780f709,Chennai,2023-05-10 00:00:00,2023-05-10 00:00:00,4,RANGE,relative_humidity_pct,95.0,-999.0,impossible,out_of_bounds
1f6cbe71,Chennai,2024-05-16 12:00:00,2024-05-16 12:00:00,4,RANGE,relative_humidity_pct,73.0,-999.0,impossible,out_of_bounds
22d02560,Chennai,2021-05-27 09:00:00,2021-05-27 09:00:00,4,RANGE,temperature_c,34.4,99.58000312805977,severe,out_of_bounds
1b764c04,Chennai,2023-09-08 09:00:00,2023-09-08 09:00:00,4,RANGE,relative_humidity_pct,63.0,165.8188463850874,severe,out_of_bounds
b3157d8e,Chennai,2021-01-27 04:00:00,2021-01-27 04:00:00,4,RANGE,temperature_c,20.3,59.81385997496896,just_outside,out_of_bounds
1b82daa2,Chennai,2024-08-16 07:00:00,2024-08-16 07:00:00,4,RANGE,relative_humidity_pct,83.0,104.9699449025787,just_outside,out_of_bounds
784de786,Chennai,2022-01-08 19:00:00,2022-01-08 19:00:00,4,RANGE,temperature_c,24.7,9999.0,impossible,out_of_bounds
ed058e73,Chennai,2022-06-17 19:00:00,2022-06-17 19:00:00,4,RANGE,temperature_c,28.1,55.73121721712481,just_outside,out_of_bounds
4946c24b,Chennai,2023-11-15 10:00:00,2023-11-15 10:00:00,4,RANGE,relative_humidity_pct,91.0,104.04589434991942,just_outside,out_of_bounds
0a38ac0e,Chennai,2024-10-12 04:00:00,2024-10-12 04:00:00,4,RANGE,relative_humidity_pct,95.0,131.37373064602943,severe,out_of_bounds
aa74e757,Chennai,2024-09-13 14:00:00,2024-09-13 14:00:00,4,RANGE,relative_humidity_pct,44.0,-999.0,impossible,out_of_bounds
e44c9509,Chennai,2024-01-23 05:00:00,2024-01-23 05:00:00,4,RANGE,relative_humidity_pct,92.0,156.15933780402915,severe,out_of_bounds
99e824fc,Chennai,2024-09-04 17:00:00,2024-09-04 17:00:00,4,RANGE,temperature_c,30.9,90.31226944175398,severe,out_of_bounds
8227e4e3,Chennai,2024-02-09 22:00:00,2024-02-09 22:00:00,4,RANGE,relative_humidity_pct,98.94139818983837,-999.0,impossible,out_of_bounds
14b4cb00,Chennai,2024-04-27 00:00:00,2024-04-27 00:00:00,4,RANGE,relative_humidity_pct,93.0,196.0203263092306,severe,out_of_bounds
9eceabaf,Chennai,2024-08-27 11:00:00,2024-08-27 11:00:00,4,RANGE,relative_humidity_pct,54.0,-999.0,impossible,out_of_bounds
a33b24ed,Chennai,2022-04-02 17:00:00,2022-04-02 17:00:00,4,RANGE,temperature_c,29.9,9999.0,impossible,out_of_bounds
aa3fa06a,Chennai,2021-08-14 17:00:00,2021-08-14 17:00:00,4,RANGE,temperature_c,30.6,9999.0,impossible,out_of_bounds
724bed3c,Chennai,2024-06-05 20:00:00,2024-06-05 20:00:00,5,COMMUNICATION,temperature_c,26.8,,partial_missing,dur=1
50e7a20f,Chennai,2023-09-06 04:00:00,2023-09-06 12:00:00,5,COMMUNICATION,all,26.0,,burst_missing,dur=9
13fd257a,Chennai,2022-08-18 19:00:00,2022-08-18 19:00:00,5,COMMUNICATION,all,29.1,,missing_packet,dur=1
8818fdc0,Chennai,2022-08-02 11:00:00,2022-08-02 11:00:00,5,COMMUNICATION,all,31.5,,missing_packet,dur=1
04cfb149,Chennai,2023-01-04 06:00:00,2023-01-04 06:00:00,5,COMMUNICATION,all,22.3,,missing_packet,dur=1
7438bcd6,Chennai,2023-02-14 09:00:00,2023-02-14 09:00:00,5,COMMUNICATION,all,26.2,,missing_packet,dur=1
6a0f27be,Chennai,2021-12-23 14:00:00,2021-12-23 14:00:00,5,COMMUNICATION,temperature_c,27.9,,partial_missing,dur=1
fcf7b595,Chennai,2024-08-18 07:00:00,2024-08-18 07:00:00,5,COMMUNICATION,all,27.8,,missing_packet,dur=1
9e10a149,Chennai,2021-05-13 04:00:00,2021-05-13 07:00:00,5,COMMUNICATION,all,28.1,,burst_missing,dur=4
d89fc57a,Chennai,2024-06-08 23:00:00,2024-06-09 02:00:00,5,COMMUNICATION,all,28.7,,burst_missing,dur=4
7049dc61,Chennai,2022-03-08 09:00:00,2022-03-08 09:00:00,5,COMMUNICATION,all,29.2,,missing_packet,dur=1
94b933f6,Chennai,2024-05-31 14:00:00,2024-05-31 22:00:00,5,COMMUNICATION,all,39.8,,burst_missing,dur=9
d783e5f7,Chennai,2022-07-07 11:00:00,2022-07-07 11:00:00,5,COMMUNICATION,temperature_c,32.6,,partial_missing,dur=1
f3e81d4a,Chennai,2021-12-27 05:00:00,2021-12-27 05:00:00,5,COMMUNICATION,temperature_c,20.7,,partial_missing,dur=1
8dbfd7e5,Chennai,2023-04-05 07:00:00,2023-04-05 13:00:00,5,COMMUNICATION,all,28.2,,burst_missing,dur=7
c5e5c68e,Chennai,2021-09-12 21:00:00,2021-09-12 21:00:00,5,COMMUNICATION,temperature_c,28.3,,partial_missing,dur=1
0639dd09,Chennai,2023-09-12 05:00:00,2023-09-12 05:00:00,5,COMMUNICATION,all,28.9,,missing_packet,dur=1
4582f74a,Chennai,2021-08-14 01:00:00,2021-08-14 01:00:00,5,COMMUNICATION,all,26.6,,missing_packet,dur=1
4997ecee,Chennai,2022-03-28 23:00:00,2022-03-29 07:00:00,5,COMMUNICATION,all,27.1,,burst_missing,dur=9
d53f1229,Chennai,2023-04-15 05:00:00,2023-04-15 05:00:00,5,COMMUNICATION,temperature_c,23.5,,partial_missing,dur=1
852a6b3e,Chennai,2022-10-02 08:00:00,2022-10-02 08:00:00,5,COMMUNICATION,all,28.5,,missing_packet,dur=1
621611c4,Chennai,2021-09-07 00:00:00,2021-09-07 00:00:00,5,COMMUNICATION,temperature_c,28.0,,partial_missing,dur=1
1e29617e,Chennai,2021-09-17 21:00:00,2021-09-18 02:00:00,5,COMMUNICATION,all,28.4,,burst_missing,dur=6
d31592a0,Chennai,2024-07-26 00:00:00,2024-07-26 04:00:00,5,COMMUNICATION,all,28.9,,burst_missing,dur=5
93e63f26,Chennai,2022-09-10 15:00:00,2022-09-10 15:00:00,5,COMMUNICATION,temperature_c,31.3,,partial_missing,dur=1
98d3e091,Chennai,2024-04-30 07:00:00,2024-04-30 09:00:00,5,COMMUNICATION,all,30.6,,burst_missing,dur=3
6fb82be7,Chennai,2023-07-28 04:00:00,2023-07-28 12:00:00,5,COMMUNICATION,all,26.8,,burst_missing,dur=9
41b4bbce,Chennai,2021-12-27 22:00:00,2021-12-27 22:00:00,5,COMMUNICATION,all,23.7,,missing_packet,dur=1
ee86ff38,Chennai,2021-07-13 09:00:00,2021-07-13 17:00:00,5,COMMUNICATION,all,30.8,,burst_missing,dur=9
84f4b473,Chennai,2021-09-01 22:00:00,2021-09-01 22:00:00,5,COMMUNICATION,temperature_c,27.1,,partial_missing,dur=1
a2c2714b,Chennai,2021-10-07 16:00:00,2021-10-07 23:00:00,5,COMMUNICATION,all,29.2,,burst_missing,dur=8
985ba695,Chennai,2023-10-01 16:00:00,2023-10-01 16:00:00,5,COMMUNICATION,all,30.4,,missing_packet,dur=1
ac00d729,Chennai,2022-01-10 10:00:00,2022-01-10 10:00:00,5,COMMUNICATION,all,28.2,,missing_packet,dur=1
f12889f7,Chennai,2021-12-30 13:00:00,2021-12-30 13:00:00,5,COMMUNICATION,temperature_c,26.2,,partial_missing,dur=1
8af5c6e8,Chennai,2022-01-26 02:00:00,2022-01-26 04:00:00,5,COMMUNICATION,all,23.0,,burst_missing,dur=3
56739833,Chennai,2022-03-25 03:00:00,2022-03-25 03:00:00,5,COMMUNICATION,all,25.8,,missing_packet,dur=1
6612b610,Chennai,2023-08-17 23:00:00,2023-08-17 23:00:00,5,COMMUNICATION,temperature_c,24.5,,partial_missing,dur=1
225a6a9c,Chennai,2022-08-05 18:00:00,2022-08-05 18:00:00,5,COMMUNICATION,temperature_c,28.5,,partial_missing,dur=1
d9dc7ca9,Chennai,2022-02-18 08:00:00,2022-02-18 08:00:00,5,COMMUNICATION,all,27.9,,missing_packet,dur=1
ffdf84c0,Chennai,2024-04-23 00:00:00,2024-04-23 03:00:00,5,COMMUNICATION,all,26.4,,burst_missing,dur=4
20e51a12,Chennai,2021-10-02 08:00:00,2021-10-02 11:00:00,5,COMMUNICATION,all,28.3,,burst_missing,dur=4
d5ca4919,Chennai,2023-11-15 15:00:00,2023-11-15 15:00:00,5,COMMUNICATION,all,23.5,,missing_packet,dur=1
74c7be67,Chennai,2024-03-18 12:00:00,2024-03-18 12:00:00,5,COMMUNICATION,all,34.5,,missing_packet,dur=1
999c66ee,Chennai,2022-01-17 19:00:00,2022-01-18 01:00:00,5,COMMUNICATION,all,24.8,,burst_missing,dur=7
d5ac8646,Chennai,2021-08-19 01:00:00,2021-08-19 07:00:00,5,COMMUNICATION,all,28.0,,burst_missing,dur=7
ac968038,Chennai,2021-03-15 05:00:00,2021-03-15 05:00:00,5,COMMUNICATION,temperature_c,22.9,,partial_missing,dur=1
05cb199e,Chennai,2023-04-04 16:00:00,2023-04-04 21:00:00,5,COMMUNICATION,all,30.2,,burst_missing,dur=6
2dcb5569,Chennai,2023-12-06 17:00:00,2023-12-06 17:00:00,5,COMMUNICATION,all,27.1,,missing_packet,dur=1
3ac36760,Chennai,2021-05-30 00:00:00,2021-05-30 09:00:00,5,COMMUNICATION,all,29.0,,burst_missing,dur=10
8bd10b79,Chennai,2023-11-20 17:00:00,2023-11-20 22:00:00,5,COMMUNICATION,all,24.8,,burst_missing,dur=6
0ff45f79,Chennai,2024-09-26 04:00:00,2024-09-26 04:00:00,5,COMMUNICATION,temperature_c,26.0,,partial_missing,dur=1
58cd264c,Chennai,2021-07-13 21:00:00,2021-07-13 21:00:00,5,COMMUNICATION,temperature_c,29.5,,partial_missing,dur=1
980b050c,Chennai,2021-02-02 22:00:00,2021-02-02 22:00:00,5,COMMUNICATION,all,25.0,,missing_packet,dur=1
3e484d25,Chennai,2023-05-15 04:00:00,2023-05-15 12:00:00,5,COMMUNICATION,all,28.0,,burst_missing,dur=9
dec56cc3,Chennai,2024-02-24 05:00:00,2024-02-24 05:00:00,5,COMMUNICATION,all,25.3,,missing_packet,dur=1
db547a65,Chennai,2022-04-17 18:00:00,2022-04-17 18:00:00,5,COMMUNICATION,all,30.0,,missing_packet,dur=1
fe00c091,Chennai,2021-07-19 07:00:00,2021-07-19 10:00:00,5,COMMUNICATION,all,27.0,,burst_missing,dur=4
8f4b6b25,Chennai,2021-02-07 15:00:00,2021-02-07 15:00:00,5,COMMUNICATION,all,29.2,,missing_packet,dur=1
b66b964d,Chennai,2022-08-13 02:00:00,2022-08-13 04:00:00,5,COMMUNICATION,all,27.6,,burst_missing,dur=3
72ffa622,Chennai,2023-12-23 17:00:00,2023-12-23 17:00:00,5,COMMUNICATION,temperature_c,25.5,,partial_missing,dur=1
94262803,Chennai,2023-02-22 07:00:00,2023-02-22 07:00:00,5,COMMUNICATION,temperature_c,21.5,,partial_missing,dur=1
271f8440,Chennai,2024-09-30 04:00:00,2024-09-30 04:00:00,5,COMMUNICATION,all,24.9,,missing_packet,dur=1
acbc0983,Chennai,2024-03-02 15:00:00,2024-03-02 15:00:00,5,COMMUNICATION,temperature_c,34.1,,partial_missing,dur=1
dce84603,Chennai,2024-01-04 11:00:00,2024-01-04 15:00:00,5,COMMUNICATION,all,30.0,,burst_missing,dur=5
bcf7e1dd,Chennai,2023-01-28 16:00:00,2023-01-28 22:00:00,5,COMMUNICATION,all,28.1,,burst_missing,dur=7
a5a6cff0,Chennai,2021-08-04 18:00:00,2021-08-04 18:00:00,5,COMMUNICATION,temperature_c,31.5,,partial_missing,dur=1
2a242a76,Chennai,2022-07-09 20:00:00,2022-07-10 03:00:00,5,COMMUNICATION,all,27.8,,burst_missing,dur=8
7ce1e1f6,Chennai,2023-12-03 22:00:00,2023-12-03 22:00:00,5,COMMUNICATION,temperature_c,24.3,,partial_missing,dur=1
580323ed,Chennai,2021-06-30 12:00:00,2021-06-30 12:00:00,5,COMMUNICATION,all,33.5,,missing_packet,dur=1
ff91bc22,Chennai,2024-04-09 15:00:00,2024-04-09 15:00:00,5,COMMUNICATION,temperature_c,33.2,,partial_missing,dur=1
d9a7f938,Chennai,2022-10-14 15:00:00,2022-10-14 15:00:00,6,MULTIVARIATE,temperature_c,28.2,38.2,t_rh_mismatch,
4020e8c1,Chennai,2022-10-30 14:00:00,2022-10-30 14:00:00,6,MULTIVARIATE,temperature_c,25.4,35.4,t_rh_mismatch,
e9717af9,Chennai,2024-04-01 10:00:00,2024-04-01 10:00:00,6,MULTIVARIATE,temperature_c,34.4,44.4,t_rh_mismatch,
62dc2975,Chennai,2024-05-23 00:00:00,2024-05-23 00:00:00,6,MULTIVARIATE,temperature_c,27.5,37.5,t_rh_mismatch,
3a140f9e,Chennai,2023-04-25 13:00:00,2023-04-25 13:00:00,6,MULTIVARIATE,temperature_c,33.3,43.3,t_rh_mismatch,
6b872067,Chennai,2021-11-23 03:00:00,2021-11-23 03:00:00,6,MULTIVARIATE,temperature_c,23.9,33.9,t_rh_mismatch,
1f6e5df1,Chennai,2022-01-10 16:00:00,2022-01-10 16:00:00,6,MULTIVARIATE,temperature_c,27.8,37.8,t_rh_mismatch,
72269333,Chennai,2022-03-24 08:00:00,2022-03-24 08:00:00,6,MULTIVARIATE,relative_humidity_pct,75.0,35.0,moisture_mismatch,
44397d92,Chennai,2023-08-05 17:00:00,2023-08-05 17:00:00,6,MULTIVARIATE,relative_humidity_pct,65.0,25.0,moisture_mismatch,
66bebada,Chennai,2022-04-01 22:00:00,2022-04-01 22:00:00,6,MULTIVARIATE,relative_humidity_pct,90.0,50.0,moisture_mismatch,
1c7be2e2,Chennai,2021-12-13 14:00:00,2021-12-13 14:00:00,6,MULTIVARIATE,relative_humidity_pct,75.0,35.0,moisture_mismatch,
14716376,Chennai,2021-11-19 08:00:00,2021-11-19 08:00:00,6,MULTIVARIATE,temperature_c,26.2,36.2,t_rh_mismatch,
34904c90,Chennai,2023-07-04 19:00:00,2023-07-04 19:00:00,6,MULTIVARIATE,relative_humidity_pct,93.0,53.0,moisture_mismatch,
7d502562,Chennai,2023-01-13 16:00:00,2023-01-13 16:00:00,6,MULTIVARIATE,temperature_c,26.8,36.8,t_rh_mismatch,
1ed0f0af,Chennai,2022-12-20 00:00:00,2022-12-20 00:00:00,6,MULTIVARIATE,temperature_c,24.4,34.4,t_rh_mismatch,
fa375d80,Chennai,2024-09-16 19:00:00,2024-09-16 19:00:00,6,MULTIVARIATE,relative_humidity_pct,78.1,38.099999999999994,moisture_mismatch,
a74d9934,Chennai,2024-10-26 18:00:00,2024-10-26 18:00:00,6,MULTIVARIATE,relative_humidity_pct,85.0,45.0,moisture_mismatch,
77b18c6f,Chennai,2021-06-01 09:00:00,2021-06-01 09:00:00,6,MULTIVARIATE,relative_humidity_pct,50.0,10.0,moisture_mismatch,
421652b6,Chennai,2022-04-01 16:00:00,2022-04-01 16:00:00,6,MULTIVARIATE,relative_humidity_pct,66.0,26.0,moisture_mismatch,
05ae6e3b,Chennai,2022-03-06 13:00:00,2022-03-06 13:00:00,6,MULTIVARIATE,relative_humidity_pct,56.0,16.0,moisture_mismatch,
52a9651e,Chennai,2021-10-08 23:00:00,2021-10-08 23:00:00,6,MULTIVARIATE,temperature_c,27.3,37.3,t_rh_mismatch,
49002406,Chennai,2022-09-16 16:00:00,2022-09-16 16:00:00,6,MULTIVARIATE,temperature_c,31.4,41.4,t_rh_mismatch,
578e1e3e,Chennai,2021-05-01 06:00:00,2021-05-01 06:00:00,6,MULTIVARIATE,temperature_c,27.9,37.9,t_rh_mismatch,
f51de83f,Chennai,2022-10-30 18:00:00,2022-10-30 18:00:00,6,MULTIVARIATE,temperature_c,25.4,35.4,t_rh_mismatch,
12354198,Chennai,2024-07-12 05:00:00,2024-07-12 05:00:00,6,MULTIVARIATE,relative_humidity_pct,83.0,43.0,moisture_mismatch,
bb79edcf,Chennai,2023-11-12 18:00:00,2023-11-12 18:00:00,6,MULTIVARIATE,temperature_c,26.5,36.5,t_rh_mismatch,
4e7d3bfb,Chennai,2022-05-04 16:00:00,2022-05-04 16:00:00,6,MULTIVARIATE,temperature_c,32.1,42.1,t_rh_mismatch,
c5161e97,Chennai,2024-02-20 03:00:00,2024-02-20 03:00:00,6,MULTIVARIATE,temperature_c,22.8,32.8,t_rh_mismatch,
249ebb65,Chennai,2023-05-29 17:00:00,2023-05-29 17:00:00,6,MULTIVARIATE,temperature_c,31.5,41.5,t_rh_mismatch,
9e3918db,Chennai,2024-02-11 15:00:00,2024-02-11 15:00:00,6,MULTIVARIATE,relative_humidity_pct,54.0,14.0,moisture_mismatch,
09939e9c,Chennai,2023-01-11 17:00:00,2023-01-11 17:00:00,6,MULTIVARIATE,temperature_c,25.8,35.8,t_rh_mismatch,
952bb087,Chennai,2023-10-16 00:00:00,2023-10-16 00:00:00,6,MULTIVARIATE,temperature_c,26.0,36.0,t_rh_mismatch,
52b9cacc,Chennai,2024-10-02 21:00:00,2024-10-02 21:00:00,6,MULTIVARIATE,temperature_c,29.0,39.0,t_rh_mismatch,
962b2014,Chennai,2022-05-05 17:00:00,2022-05-05 17:00:00,6,MULTIVARIATE,temperature_c,31.5,41.5,t_rh_mismatch,
502f1d08,Chennai,2024-11-09 09:00:00,2024-11-09 09:00:00,6,MULTIVARIATE,temperature_c,28.6,38.6,t_rh_mismatch,
8f22e744,Chennai,2023-12-31 19:00:00,2023-12-31 19:00:00,6,MULTIVARIATE,temperature_c,24.8,34.8,t_rh_mismatch,
717f5fcc,Chennai,2024-06-24 00:00:00,2024-06-24 00:00:00,6,MULTIVARIATE,relative_humidity_pct,72.0,32.0,moisture_mismatch,
a677c625,Chennai,2023-04-29 09:00:00,2023-04-29 09:00:00,6,MULTIVARIATE,relative_humidity_pct,65.0,25.0,moisture_mismatch,
2a9417b1,Chennai,2021-08-24 21:00:00,2021-08-24 21:00:00,6,MULTIVARIATE,relative_humidity_pct,84.0,44.0,moisture_mismatch,
d4925d5d,Chennai,2021-01-22 18:00:00,2021-01-22 18:00:00,6,MULTIVARIATE,relative_humidity_pct,85.0,45.0,moisture_mismatch,
31874a70,Chennai,2022-07-02 23:00:00,2022-07-02 23:00:00,6,MULTIVARIATE,relative_humidity_pct,80.0,40.0,moisture_mismatch,
3d6bab2a,Chennai,2023-04-10 21:00:00,2023-04-10 21:00:00,6,MULTIVARIATE,temperature_c,27.2,37.2,t_rh_mismatch,
a0853fdf,Chennai,2024-06-20 19:00:00,2024-06-20 19:00:00,6,MULTIVARIATE,relative_humidity_pct,66.0,26.0,moisture_mismatch,
f11189d3,Chennai,2024-09-09 04:00:00,2024-09-09 04:00:00,6,MULTIVARIATE,temperature_c,27.0,37.0,t_rh_mismatch,
4f63d398,Chennai,2022-11-01 08:00:00,2022-11-01 08:00:00,6,MULTIVARIATE,temperature_c,24.6,34.6,t_rh_mismatch,
477f22d3,Chennai,2021-01-18 09:00:00,2021-01-18 09:00:00,6,MULTIVARIATE,relative_humidity_pct,66.0,26.0,moisture_mismatch,
e0266f4f,Chennai,2021-03-07 06:00:00,2021-03-07 06:00:00,6,MULTIVARIATE,temperature_c,23.6,33.6,t_rh_mismatch,
3d412069,Chennai,2023-08-04 23:00:00,2023-08-04 23:00:00,6,MULTIVARIATE,temperature_c,29.0,39.0,t_rh_mismatch,
1a943569,Chennai,2023-07-04 19:00:00,2023-07-04 19:00:00,6,MULTIVARIATE,temperature_c,26.5,36.5,t_rh_mismatch,
92f55134,Chennai,2023-10-25 11:00:00,2023-10-25 11:00:00,6,MULTIVARIATE,relative_humidity_pct,50.0,10.0,moisture_mismatch,
948760ef,Chennai,2021-10-11 20:00:00,2021-10-11 20:00:00,6,MULTIVARIATE,temperature_c,26.5,36.5,t_rh_mismatch,
6dc0e8f7,Chennai,2024-12-17 17:00:00,2024-12-17 17:00:00,6,MULTIVARIATE,temperature_c,24.4,34.4,t_rh_mismatch,
5767e398,Chennai,2024-02-21 09:00:00,2024-02-21 09:00:00,6,MULTIVARIATE,relative_humidity_pct,64.0,24.0,moisture_mismatch,
c539a7e0,Chennai,2021-06-13 13:00:00,2021-06-13 13:00:00,6,MULTIVARIATE,temperature_c,37.0,47.0,t_rh_mismatch,
810da3c8,Chennai,2023-02-04 02:00:00,2023-02-04 02:00:00,6,MULTIVARIATE,temperature_c,24.5,34.5,t_rh_mismatch,
ad42ff2b,Chennai,2021-04-30 21:00:00,2021-04-30 21:00:00,6,MULTIVARIATE,temperature_c,28.6,38.6,t_rh_mismatch,
d16bc3e0,Chennai,2024-11-20 06:00:00,2024-11-20 06:00:00,6,MULTIVARIATE,relative_humidity_pct,81.0,41.0,moisture_mismatch,
3fa444cc,Chennai,2023-10-15 03:00:00,2023-10-15 03:00:00,6,MULTIVARIATE,relative_humidity_pct,97.0,57.0,moisture_mismatch,
29d58b67,Chennai,2021-08-20 20:00:00,2021-08-20 20:00:00,6,MULTIVARIATE,temperature_c,27.6,37.6,t_rh_mismatch,
4e7418ba,Chennai,2024-10-12 03:00:00,2024-10-12 03:00:00,6,MULTIVARIATE,temperature_c,24.8,34.8,t_rh_mismatch,
5c078c44,Chennai,2023-12-13 20:00:00,2023-12-13 20:00:00,6,MULTIVARIATE,temperature_c,24.7,34.7,t_rh_mismatch,
2cbbf1c0,Chennai,2021-06-20 01:00:00,2021-06-20 01:00:00,6,MULTIVARIATE,relative_humidity_pct,68.0,28.0,moisture_mismatch,
2b3492fe,Chennai,2021-12-23 22:00:00,2021-12-23 22:00:00,6,MULTIVARIATE,temperature_c,20.5,30.5,t_rh_mismatch,
abf0a255,Chennai,2023-03-08 11:00:00,2023-03-08 11:00:00,6,MULTIVARIATE,relative_humidity_pct,43.0,3.0,moisture_mismatch,
f205f80a,Chennai,2023-05-11 04:00:00,2023-05-11 04:00:00,6,MULTIVARIATE,relative_humidity_pct,97.0,57.0,moisture_mismatch,
ebbd0070,Chennai,2023-06-10 21:00:00,2023-06-10 21:00:00,6,MULTIVARIATE,relative_humidity_pct,75.0,35.0,moisture_mismatch,
3bb82107,Chennai,2024-05-21 07:00:00,2024-05-21 07:00:00,6,MULTIVARIATE,relative_humidity_pct,91.0,51.0,moisture_mismatch,
9c95c925,Chennai,2022-09-30 21:00:00,2022-09-30 21:00:00,6,MULTIVARIATE,temperature_c,26.7,36.7,t_rh_mismatch,
2527cfac,Chennai,2022-07-08 12:00:00,2022-07-08 12:00:00,6,MULTIVARIATE,temperature_c,32.7,42.7,t_rh_mismatch,
9108784a,Chennai,2021-10-25 13:00:00,2021-10-25 13:00:00,6,MULTIVARIATE,temperature_c,30.2,40.2,t_rh_mismatch,
9a0b3973,Cherrapunji,2021-10-16 12:00:00,2021-10-16 12:00:00,1,SPIKE,temperature_c,26.0,28.35903048337703,small,mag=2.36
6539cb59,Cherrapunji,2022-03-25 20:00:00,2022-03-25 20:00:00,1,SPIKE,surface_pressure_hpa,869.3,874.8416607851563,medium,mag=5.54
ce80549c,Cherrapunji,2024-05-12 14:00:00,2024-05-12 14:00:00,1,SPIKE,surface_pressure_hpa,872.4,870.5454264705119,small,mag=-1.85
813b54fe,Cherrapunji,2024-06-26 15:00:00,2024-06-26 15:00:00,1,SPIKE,surface_pressure_hpa,865.4,867.0832881864112,small,mag=1.68
77013ce5,Cherrapunji,2023-05-08 12:00:00,2023-05-08 12:00:00,1,SPIKE,relative_humidity_pct,52.0,47.844386723071395,small,mag=-4.16
73dfb75d,Cherrapunji,2024-01-16 01:00:00,2024-01-16 01:00:00,1,SPIKE,relative_humidity_pct,68.0,50.688078479629176,medium,mag=-17.31
ab485c70,Cherrapunji,2021-11-26 16:00:00,2021-11-26 16:00:00,1,SPIKE,temperature_c,13.4,29.775715682803998,large,mag=16.38
6d0ffd1a,Cherrapunji,2023-09-06 08:00:00,2023-09-06 08:00:00,1,SPIKE,relative_humidity_pct,72.0,58.741894293597,medium,mag=-13.26
d5e24b36,Cherrapunji,2022-07-21 23:00:00,2022-07-21 23:00:00,1,SPIKE,surface_pressure_hpa,869.1,866.8703839951274,small,mag=-2.23
9b60025a,Cherrapunji,2024-05-19 00:00:00,2024-05-19 00:00:00,1,SPIKE,surface_pressure_hpa,867.7,865.7494238869394,small,mag=-1.95
4821d1b9,Cherrapunji,2023-04-22 21:00:00,2023-04-22 21:00:00,1,SPIKE,relative_humidity_pct,76.0,80.9861639869477,small,mag=4.99
b5705912,Cherrapunji,2024-06-19 05:00:00,2024-06-19 05:00:00,1,SPIKE,relative_humidity_pct,100.0,112.60857135782273,medium,mag=12.61
22f6c8b6,Cherrapunji,2022-12-25 15:00:00,2022-12-25 15:00:00,1,SPIKE,relative_humidity_pct,75.0,117.99456646747383,large,mag=42.99
8ef282e8,Cherrapunji,2021-11-24 10:00:00,2021-11-24 10:00:00,1,SPIKE,temperature_c,18.6,12.90847503195088,medium,mag=-5.69
8762f1e2,Cherrapunji,2021-09-04 21:00:00,2021-09-04 21:00:00,1,SPIKE,relative_humidity_pct,93.0,87.09667573713176,small,mag=-5.90
5788cad8,Cherrapunji,2022-03-07 09:00:00,2022-03-07 09:00:00,1,SPIKE,temperature_c,22.6,17.84908423184001,medium,mag=-4.75
5557a7c9,Cherrapunji,2023-04-11 17:00:00,2023-04-11 17:00:00,1,SPIKE,surface_pressure_hpa,872.0,874.3184993384959,small,mag=2.32
836d0abc,Cherrapunji,2021-04-21 03:00:00,2021-04-21 03:00:00,1,SPIKE,temperature_c,15.0,20.227289451557787,medium,mag=5.23
e6a6a5d0,Cherrapunji,2022-08-11 03:00:00,2022-08-11 03:00:00,1,SPIKE,relative_humidity_pct,94.0,46.92092387036858,large,mag=-47.08
63d7493d,Cherrapunji,2023-06-15 02:00:00,2023-06-15 02:00:00,1,SPIKE,temperature_c,18.9,31.842622663984706,large,mag=12.94
84337cd7,Cherrapunji,2022-02-10 00:00:00,2022-02-10 00:00:00,1,SPIKE,temperature_c,5.4,1.02003148482323,medium,mag=-4.38
b2247cec,Cherrapunji,2021-09-07 01:00:00,2021-09-07 01:00:00,1,SPIKE,surface_pressure_hpa,872.3,894.1397920453622,large,mag=21.84
9855fe9a,Cherrapunji,2022-11-09 19:00:00,2022-11-09 19:00:00,1,SPIKE,relative_humidity_pct,89.0,53.19922744084407,large,mag=-35.80
14027a6d,Cherrapunji,2023-08-30 09:00:00,2023-08-30 09:00:00,1,SPIKE,temperature_c,24.4,30.0797090096913,medium,mag=5.68
d01621c9,Cherrapunji,2023-12-19 00:00:00,2023-12-19 00:00:00,1,SPIKE,temperature_c,6.0,4.0579152340434295,small,mag=-1.94
da0d651b,Cherrapunji,2024-11-03 02:00:00,2024-11-03 02:00:00,1,SPIKE,relative_humidity_pct,85.0,124.68525435920654,large,mag=39.69
e9044f1f,Cherrapunji,2021-05-14 16:00:00,2021-05-14 16:00:00,1,SPIKE,temperature_c,19.0,16.889447472740343,small,mag=-2.11
06282520,Cherrapunji,2023-03-28 00:00:00,2023-03-28 00:00:00,1,SPIKE,temperature_c,14.1,18.716706800235457,medium,mag=4.62
247da09c,Cherrapunji,2022-12-12 10:00:00,2022-12-12 10:00:00,1,SPIKE,relative_humidity_pct,63.0,47.03375967152397,medium,mag=-15.97
92f1bbee,Cherrapunji,2022-04-20 18:00:00,2022-04-20 18:00:00,1,SPIKE,temperature_c,15.6,28.709287323252283,large,mag=13.11
546ba383,Cherrapunji,2021-03-26 20:00:00,2021-03-26 20:00:00,1,SPIKE,relative_humidity_pct,56.0,43.732298451812746,medium,mag=-12.27
9074c307,Cherrapunji,2024-01-10 06:00:00,2024-01-10 06:00:00,1,SPIKE,relative_humidity_pct,93.0,75.97752748719326,medium,mag=-17.02
24ac0923,Cherrapunji,2024-05-19 19:00:00,2024-05-19 19:00:00,1,SPIKE,surface_pressure_hpa,868.2,866.0428232391628,small,mag=-2.16
c591ef8a,Cherrapunji,2022-11-14 06:00:00,2022-11-14 06:00:00,1,SPIKE,temperature_c,11.4,13.64654412592321,small,mag=2.25
84d46f32,Cherrapunji,2021-09-16 15:00:00,2021-09-16 15:00:00,1,SPIKE,relative_humidity_pct,90.0,57.024260063076355,large,mag=-32.98
beef78c1,Cherrapunji,2024-06-15 16:00:00,2024-06-15 16:00:00,1,SPIKE,relative_humidity_pct,95.0,54.431769408337125,large,mag=-40.57
96c35ab5,Cherrapunji,2021-10-06 06:00:00,2021-10-06 06:00:00,1,SPIKE,relative_humidity_pct,90.0,129.62019649730348,large,mag=39.62
176db1a0,Cherrapunji,2022-01-17 17:00:00,2022-01-17 17:00:00,1,SPIKE,temperature_c,10.7,16.12861139826072,medium,mag=5.43
50d96e7f,Cherrapunji,2021-11-28 15:00:00,2021-11-28 15:00:00,1,SPIKE,surface_pressure_hpa,873.1,895.5036026937655,large,mag=22.40
f10ed7b6,Cherrapunji,2021-02-02 15:00:00,2021-02-02 15:00:00,1,SPIKE,surface_pressure_hpa,872.6,849.0059614683873,large,mag=-23.59
93eb0649,Cherrapunji,2021-06-18 09:00:00,2021-06-18 09:00:00,1,SPIKE,relative_humidity_pct,95.0,99.33432957488544,small,mag=4.33
64bc5b09,Cherrapunji,2022-08-30 23:00:00,2022-08-30 23:00:00,1,SPIKE,temperature_c,19.0,17.06130008054752,small,mag=-1.94
e2857729,Cherrapunji,2021-12-23 22:00:00,2021-12-23 22:00:00,1,SPIKE,surface_pressure_hpa,869.2,863.5548719342466,medium,mag=-5.65
1d9575f4,Cherrapunji,2022-06-26 00:00:00,2022-06-26 00:00:00,1,SPIKE,temperature_c,19.1,1.635173085610436,large,mag=-17.46
1413f2d0,Cherrapunji,2023-12-30 20:00:00,2023-12-30 20:00:00,1,SPIKE,temperature_c,10.2,8.282116004514371,small,mag=-1.92
1a442a1a,Cherrapunji,2023-10-14 11:00:00,2023-10-14 11:00:00,1,SPIKE,relative_humidity_pct,72.0,89.50297146469948,medium,mag=17.50
add37134,Cherrapunji,2021-08-18 11:00:00,2021-08-18 11:00:00,1,SPIKE,temperature_c,21.0,36.135372062698856,large,mag=15.14
44f8d119,Cherrapunji,2022-12-08 18:00:00,2022-12-08 18:00:00,1,SPIKE,relative_humidity_pct,76.0,71.70360051741311,small,mag=-4.30
19c92dab,Cherrapunji,2021-07-24 18:00:00,2021-07-24 18:00:00,1,SPIKE,surface_pressure_hpa,865.1,888.6171998798969,large,mag=23.52
7eb6e222,Cherrapunji,2021-03-01 12:00:00,2021-03-01 12:00:00,1,SPIKE,temperature_c,21.3,38.014473781858065,large,mag=16.71
a2c77f4f,Cherrapunji,2021-06-26 01:00:00,2021-06-26 01:00:00,1,SPIKE,surface_pressure_hpa,866.9,871.4282732603407,medium,mag=4.53
f50aa0c4,Cherrapunji,2022-06-24 23:00:00,2022-06-24 23:00:00,1,SPIKE,surface_pressure_hpa,868.3,873.2460932319979,medium,mag=4.95
df8bd92b,Cherrapunji,2024-04-25 20:00:00,2024-04-25 20:00:00,1,SPIKE,temperature_c,18.9,13.663511022796403,medium,mag=-5.24
8b46996f,Cherrapunji,2021-12-18 16:00:00,2021-12-18 16:00:00,1,SPIKE,surface_pressure_hpa,871.1,851.9336580461518,large,mag=-19.17
b93b424d,Cherrapunji,2021-09-09 03:00:00,2021-09-09 03:00:00,1,SPIKE,relative_humidity_pct,94.0,50.06800288257382,large,mag=-43.93
f035f61f,Cherrapunji,2023-06-25 08:00:00,2023-06-25 08:00:00,1,SPIKE,relative_humidity_pct,84.0,67.09568444816833,medium,mag=-16.90
1f37b030,Cherrapunji,2021-12-01 13:00:00,2021-12-01 13:00:00,1,SPIKE,relative_humidity_pct,50.0,35.0502847198441,medium,mag=-14.95
41f6298c,Cherrapunji,2021-04-27 14:00:00,2021-04-27 14:00:00,1,SPIKE,surface_pressure_hpa,871.3,848.3487997992064,large,mag=-22.95
d54e783b,Cherrapunji,2024-06-12 19:00:00,2024-06-12 19:00:00,1,SPIKE,temperature_c,20.0,24.886221226662858,medium,mag=4.89
f448cad2,Cherrapunji,2021-05-19 06:00:00,2021-05-19 06:00:00,1,SPIKE,relative_humidity_pct,98.0,113.6298747947315,medium,mag=15.63
28f0e340,Cherrapunji,2022-04-04 17:00:00,2022-04-04 17:00:00,1,SPIKE,temperature_c,17.6,15.269253755665009,small,mag=-2.33
b98db38d,Cherrapunji,2024-03-28 19:00:00,2024-03-28 19:00:00,1,SPIKE,relative_humidity_pct,85.0,44.73597730789316,large,mag=-40.26
d1a6e40f,Cherrapunji,2023-12-15 14:00:00,2023-12-15 14:00:00,1,SPIKE,relative_humidity_pct,79.0,83.317944885278,small,mag=4.32
b25c6f31,Cherrapunji,2024-09-16 18:00:00,2024-09-16 18:00:00,1,SPIKE,relative_humidity_pct,91.0,125.17039713627295,large,mag=34.17
a442c689,Cherrapunji,2021-03-22 12:00:00,2021-03-22 12:00:00,1,SPIKE,surface_pressure_hpa,875.0,857.4578924253475,large,mag=-17.54
3f066116,Cherrapunji,2023-11-12 02:00:00,2023-11-12 02:00:00,1,SPIKE,temperature_c,11.7,9.734841066297534,small,mag=-1.97
60f430bf,Cherrapunji,2024-03-11 01:00:00,2024-03-11 01:00:00,1,SPIKE,relative_humidity_pct,64.0,26.106369158803666,large,mag=-37.89
ad3a52ae,Cherrapunji,2022-04-17 21:00:00,2022-04-17 21:00:00,1,SPIKE,relative_humidity_pct,97.0,50.23082290603246,large,mag=-46.77
91ec955e,Cherrapunji,2023-08-25 12:00:00,2023-08-25 12:00:00,1,SPIKE,surface_pressure_hpa,865.5,863.5089706087467,small,mag=-1.99
f03378b5,Cherrapunji,2022-08-10 07:00:00,2022-08-10 07:00:00,1,SPIKE,relative_humidity_pct,94.0,98.9491645781231,small,mag=4.95
17fd70ae,Cherrapunji,2022-05-27 01:00:00,2022-05-27 01:00:00,1,SPIKE,surface_pressure_hpa,865.1,859.4246924594866,medium,mag=-5.68
20b76833,Cherrapunji,2023-01-21 21:00:00,2023-01-21 21:00:00,1,SPIKE,relative_humidity_pct,73.0,106.44627073825234,large,mag=33.45
671c7f8b,Cherrapunji,2023-02-04 04:00:00,2023-02-04 04:00:00,1,SPIKE,temperature_c,8.6,2.8923573468289066,medium,mag=-5.71
bad2c450,Cherrapunji,2024-05-02 21:00:00,2024-05-02 21:00:00,1,SPIKE,temperature_c,17.1,19.242156196872777,small,mag=2.14
d3021795,Cherrapunji,2022-02-10 20:00:00,2022-02-10 20:00:00,1,SPIKE,relative_humidity_pct,95.0,62.67916228000761,large,mag=-32.32
2795db87,Cherrapunji,2021-04-05 14:00:00,2021-04-05 14:00:00,1,SPIKE,surface_pressure_hpa,872.0,870.294148727373,small,mag=-1.71
e519fd5d,Cherrapunji,2022-11-03 03:00:00,2022-11-03 03:00:00,1,SPIKE,temperature_c,13.9,27.242620190339856,large,mag=13.34
161d4bdb,Cherrapunji,2023-03-17 20:00:00,2023-03-17 20:00:00,1,SPIKE,surface_pressure_hpa,872.6,878.0187363928965,medium,mag=5.42
3cddef16,Cherrapunji,2024-09-24 07:00:00,2024-09-24 07:00:00,1,SPIKE,relative_humidity_pct,76.0,93.10951703855585,medium,mag=17.11
df97088f,Cherrapunji,2024-01-31 00:00:00,2024-01-31 00:00:00,1,SPIKE,relative_humidity_pct,84.0,70.18712945235389,medium,mag=-13.81
e92083df,Cherrapunji,2024-08-01 01:00:00,2024-08-01 01:00:00,1,SPIKE,surface_pressure_hpa,866.0,849.1815031762512,large,mag=-16.82
80e6e5ca,Cherrapunji,2021-06-16 12:00:00,2021-06-16 12:00:00,1,SPIKE,surface_pressure_hpa,865.6,888.3150273546117,large,mag=22.72
3c0d3f8e,Cherrapunji,2021-08-28 12:00:00,2021-08-28 12:00:00,1,SPIKE,surface_pressure_hpa,868.7,886.9614150225208,large,mag=18.26
fd0b5a98,Cherrapunji,2023-02-03 23:00:00,2023-02-03 23:00:00,1,SPIKE,surface_pressure_hpa,868.8,866.9309730768897,small,mag=-1.87
82483132,Cherrapunji,2023-11-12 21:00:00,2023-11-12 21:00:00,1,SPIKE,relative_humidity_pct,89.0,52.56984111533798,large,mag=-36.43
0a340f7b,Cherrapunji,2022-01-10 17:00:00,2022-01-10 17:00:00,1,SPIKE,surface_pressure_hpa,871.8,893.011731749701,large,mag=21.21
57d4854a,Cherrapunji,2024-02-19 18:00:00,2024-02-19 18:00:00,1,SPIKE,temperature_c,11.0,12.792241662142796,small,mag=1.79
74244193,Cherrapunji,2022-06-29 15:00:00,2022-06-29 15:00:00,1,SPIKE,temperature_c,21.1,7.18248557087381,large,mag=-13.92
eeb20531,Cherrapunji,2024-12-06 19:00:00,2024-12-06 19:00:00,1,SPIKE,temperature_c,10.7,-4.284236970430722,large,mag=-14.98
0c38326f,Cherrapunji,2022-11-12 08:00:00,2022-11-12 08:00:00,1,SPIKE,relative_humidity_pct,66.0,80.4275933677677,medium,mag=14.43
9cc3c603,Cherrapunji,2021-02-23 07:00:00,2021-02-23 07:00:00,1,SPIKE,surface_pressure_hpa,872.9,875.295802984071,small,mag=2.40
d97799de,Cherrapunji,2023-11-11 11:00:00,2023-11-11 11:00:00,1,SPIKE,temperature_c,21.2,25.644726387952538,medium,mag=4.44
1d5a942c,Cherrapunji,2023-09-08 14:00:00,2023-09-08 14:00:00,1,SPIKE,surface_pressure_hpa,869.5,892.7522120440404,large,mag=23.25
9b003b49,Cherrapunji,2024-08-02 20:00:00,2024-08-02 20:00:00,1,SPIKE,surface_pressure_hpa,868.3,873.9908384884891,medium,mag=5.69
834eb8bc,Cherrapunji,2024-08-16 11:00:00,2024-08-16 11:00:00,1,SPIKE,surface_pressure_hpa,869.2,852.4191754894983,large,mag=-16.78
341e4940,Cherrapunji,2023-07-29 10:00:00,2023-07-29 10:00:00,1,SPIKE,temperature_c,20.3,3.44993678514518,large,mag=-16.85
1e5401b5,Cherrapunji,2024-10-03 20:00:00,2024-10-03 20:00:00,1,SPIKE,temperature_c,18.7,34.626607866106916,large,mag=15.93
12fa2202,Cherrapunji,2023-05-29 04:00:00,2023-05-29 04:00:00,1,SPIKE,temperature_c,15.6,9.857135535671038,medium,mag=-5.74
3d31cf59,Cherrapunji,2023-11-27 12:00:00,2023-11-27 12:00:00,1,SPIKE,relative_humidity_pct,34.0,18.48657582875858,medium,mag=-15.51
ab0ee6fb,Cherrapunji,2023-01-09 11:00:00,2023-01-09 11:00:00,1,SPIKE,relative_humidity_pct,34.0,28.26721326061492,small,mag=-5.73
cfd4e9c2,Cherrapunji,2022-05-07 00:00:00,2022-05-07 00:00:00,1,SPIKE,surface_pressure_hpa,870.1,886.6697258992326,large,mag=16.57
964f743f,Cherrapunji,2021-03-13 04:00:00,2021-03-13 04:00:00,1,SPIKE,temperature_c,10.8,-5.284186585918182,large,mag=-16.08
19de4bbb,Cherrapunji,2023-05-21 17:00:00,2023-05-21 17:00:00,1,SPIKE,surface_pressure_hpa,871.1,865.358301707294,medium,mag=-5.74
5b70a58d,Cherrapunji,2022-08-22 01:00:00,2022-08-22 01:00:00,1,SPIKE,temperature_c,18.8,20.6741359079432,small,mag=1.87
76a1bc24,Cherrapunji,2021-03-22 00:00:00,2021-03-22 00:00:00,1,SPIKE,surface_pressure_hpa,869.7,863.9752121133258,medium,mag=-5.72
a636a31e,Cherrapunji,2023-02-07 03:00:00,2023-02-07 03:00:00,1,SPIKE,temperature_c,6.1,3.9951737821898434,small,mag=-2.10
3b791f0a,Cherrapunji,2021-06-09 23:00:00,2021-06-09 23:00:00,1,SPIKE,temperature_c,19.9,23.909427002847988,medium,mag=4.01
73ea1352,Cherrapunji,2024-07-12 00:00:00,2024-07-12 00:00:00,1,SPIKE,relative_humidity_pct,100.0,104.33721151316581,small,mag=4.34
ef1a38f7,Cherrapunji,2024-12-16 16:00:00,2024-12-16 16:00:00,1,SPIKE,temperature_c,12.8,18.35950491261544,medium,mag=5.56
88c2ccc1,Cherrapunji,2023-09-04 00:00:00,2023-09-04 00:00:00,1,SPIKE,temperature_c,19.2,4.623541661945277,large,mag=-14.58
a52a8204,Cherrapunji,2022-09-28 14:00:00,2022-09-28 14:00:00,1,SPIKE,relative_humidity_pct,85.0,72.77364808915037,medium,mag=-12.23
d3c01444,Cherrapunji,2022-03-12 21:00:00,2022-03-12 21:00:00,1,SPIKE,temperature_c,14.3,2.2155372876522073,large,mag=-12.08
4998f575,Cherrapunji,2021-10-01 10:00:00,2021-10-01 10:00:00,1,SPIKE,relative_humidity_pct,70.0,27.17202973316624,large,mag=-42.83
ab25398f,Cherrapunji,2022-11-08 19:00:00,2022-11-08 19:00:00,1,SPIKE,surface_pressure_hpa,873.9,852.3518020226368,large,mag=-21.55
1433542e,Cherrapunji,2022-10-21 12:00:00,2022-10-21 12:00:00,1,SPIKE,relative_humidity_pct,45.0,30.69869714215384,medium,mag=-14.30
ee87660a,Cherrapunji,2022-12-29 19:00:00,2022-12-29 19:00:00,1,SPIKE,surface_pressure_hpa,872.4,866.7523123406512,medium,mag=-5.65
6544a125,Cherrapunji,2024-12-28 07:00:00,2024-12-28 07:00:00,1,SPIKE,relative_humidity_pct,57.0,41.8782695265247,medium,mag=-15.12
99ab0ae2,Cherrapunji,2021-06-02 16:00:00,2021-06-02 16:00:00,1,SPIKE,surface_pressure_hpa,867.7,862.3264396906574,medium,mag=-5.37
85501fc1,Cherrapunji,2022-08-23 03:00:00,2022-08-23 03:00:00,1,SPIKE,temperature_c,20.4,25.38035736917333,medium,mag=4.98
85ab479d,Cherrapunji,2023-11-27 15:00:00,2023-11-27 15:00:00,1,SPIKE,temperature_c,18.7,21.034564327073145,small,mag=2.33
17110b6e,Cherrapunji,2023-08-27 20:00:00,2023-08-27 20:00:00,1,SPIKE,relative_humidity_pct,100.0,94.54566234372736,small,mag=-5.45
1e68d596,Cherrapunji,2022-04-20 08:00:00,2022-04-20 08:00:00,1,SPIKE,temperature_c,17.2,19.27175426783939,small,mag=2.07
3b00a18c,Cherrapunji,2022-04-26 20:00:00,2022-04-26 20:00:00,1,SPIKE,temperature_c,18.7,16.57956769590302,small,mag=-2.12
cf62efd1,Cherrapunji,2022-10-08 22:00:00,2022-10-08 22:00:00,1,SPIKE,temperature_c,17.8,22.311578347850585,medium,mag=4.51
d95d66f2,Cherrapunji,2023-05-19 08:00:00,2023-05-19 08:00:00,1,SPIKE,surface_pressure_hpa,871.9,847.9425581307435,large,mag=-23.96
48295639,Cherrapunji,2023-09-07 17:00:00,2023-09-07 17:00:00,1,SPIKE,surface_pressure_hpa,868.7,870.3157934132114,small,mag=1.62
104fd796,Cherrapunji,2021-03-19 00:00:00,2021-03-19 00:00:00,1,SPIKE,surface_pressure_hpa,869.6,867.6957969896579,small,mag=-1.90
1f7e0ca2,Cherrapunji,2023-08-19 07:00:00,2023-08-19 07:00:00,1,SPIKE,surface_pressure_hpa,871.7,867.3937458037511,medium,mag=-4.31
c00ea1d6,Cherrapunji,2022-01-24 00:00:00,2022-01-24 00:00:00,1,SPIKE,surface_pressure_hpa,868.1,886.5089316380544,large,mag=18.41
80affcb5,Cherrapunji,2022-05-30 00:00:00,2022-05-30 00:00:00,1,SPIKE,surface_pressure_hpa,865.6,867.4159817196298,small,mag=1.82
4e556d11,Cherrapunji,2024-09-06 02:00:00,2024-09-06 02:00:00,1,SPIKE,surface_pressure_hpa,867.7,845.0547782362329,large,mag=-22.65
7c7653fe,Cherrapunji,2023-04-24 22:00:00,2023-04-24 22:00:00,1,SPIKE,temperature_c,14.8,27.50640741062344,large,mag=12.71
387a4421,Cherrapunji,2022-04-25 09:00:00,2022-04-25 09:00:00,1,SPIKE,temperature_c,20.9,18.812798552514614,small,mag=-2.09
c3e19987,Cherrapunji,2024-09-01 05:00:00,2024-09-01 05:00:00,1,SPIKE,relative_humidity_pct,95.0,132.72674938481293,large,mag=37.73
8baf2828,Cherrapunji,2021-04-14 15:00:00,2021-04-14 15:00:00,1,SPIKE,relative_humidity_pct,72.0,56.711167417629596,medium,mag=-15.29
c023c55e,Cherrapunji,2021-09-04 11:00:00,2021-09-04 11:00:00,1,SPIKE,temperature_c,23.8,37.78362169718021,large,mag=13.98
379af7e9,Cherrapunji,2021-06-03 09:00:00,2021-06-03 09:00:00,1,SPIKE,temperature_c,21.2,23.525504035415832,small,mag=2.33
7a2bb23d,Cherrapunji,2022-09-28 05:00:00,2022-09-28 05:00:00,1,SPIKE,surface_pressure_hpa,868.8,845.204431874151,large,mag=-23.60
8a667c11,Cherrapunji,2022-08-21 11:00:00,2022-08-21 11:00:00,1,SPIKE,surface_pressure_hpa,869.1,870.7810323828744,small,mag=1.68
56fd4b0c,Cherrapunji,2021-02-24 10:00:00,2021-02-24 10:00:00,1,SPIKE,relative_humidity_pct,45.0,-2.818654892121664,large,mag=-47.82
0e229e0e,Cherrapunji,2024-12-08 13:00:00,2024-12-08 13:00:00,1,SPIKE,relative_humidity_pct,44.0,31.401146509654296,medium,mag=-12.60
1d0f0062,Cherrapunji,2024-07-29 05:00:00,2024-07-29 05:00:00,1,SPIKE,temperature_c,20.4,22.28817173124311,small,mag=1.89
9635fcfd,Cherrapunji,2021-01-02 20:00:00,2021-01-02 20:00:00,1,SPIKE,surface_pressure_hpa,869.9,865.6681978926807,medium,mag=-4.23
cc889901,Cherrapunji,2023-06-25 20:00:00,2023-06-25 20:00:00,1,SPIKE,temperature_c,21.2,23.330684021992674,small,mag=2.13
930297fb,Cherrapunji,2022-07-05 03:00:00,2022-07-05 03:00:00,1,SPIKE,temperature_c,19.8,14.924570966436132,medium,mag=-4.88
23ea3249,Cherrapunji,2021-12-23 07:00:00,2021-12-23 07:00:00,1,SPIKE,surface_pressure_hpa,869.6,873.7859026308748,medium,mag=4.19
dd35373b,Cherrapunji,2023-07-20 11:00:00,2023-07-20 11:00:00,1,SPIKE,relative_humidity_pct,79.0,74.19949954804316,small,mag=-4.80
ab85e5c9,Cherrapunji,2022-04-30 14:00:00,2022-04-30 14:00:00,1,SPIKE,relative_humidity_pct,73.0,89.13941458690188,medium,mag=16.14
aea030ee,Cherrapunji,2023-06-03 14:00:00,2023-06-03 14:00:00,1,SPIKE,relative_humidity_pct,77.0,93.78145734221243,medium,mag=16.78
572118aa,Cherrapunji,2021-06-12 15:00:00,2021-06-12 15:00:00,1,SPIKE,temperature_c,23.9,25.54691711653214,small,mag=1.65
02b55d8f,Cherrapunji,2021-03-01 20:00:00,2021-03-01 20:00:00,1,SPIKE,temperature_c,13.5,11.427399757607729,small,mag=-2.07
bc98684b,Cherrapunji,2022-02-08 08:00:00,2022-02-08 08:00:00,1,SPIKE,surface_pressure_hpa,871.7,850.8094147336632,large,mag=-20.89
aef9946b,Cherrapunji,2022-01-22 19:00:00,2022-01-22 19:00:00,1,SPIKE,relative_humidity_pct,68.0,25.048573865896437,large,mag=-42.95
82572fd3,Cherrapunji,2021-10-30 21:00:00,2021-10-30 21:00:00,1,SPIKE,surface_pressure_hpa,872.7,870.7095017784063,small,mag=-1.99
88b2ee29,Cherrapunji,2024-12-08 03:00:00,2024-12-08 03:00:00,1,SPIKE,relative_humidity_pct,72.0,58.430322796629056,medium,mag=-13.57
2fcd03c1,Cherrapunji,2023-09-24 09:00:00,2023-09-24 09:00:00,1,SPIKE,relative_humidity_pct,78.0,83.35585784204032,small,mag=5.36
0252ab53,Cherrapunji,2021-07-18 01:00:00,2021-07-18 01:00:00,1,SPIKE,surface_pressure_hpa,867.9,885.6918793545899,large,mag=17.79
06fa9bb5,Cherrapunji,2023-10-18 03:00:00,2023-10-18 03:00:00,1,SPIKE,surface_pressure_hpa,871.2,876.5764832869258,medium,mag=5.38
a0ff5c93,Cherrapunji,2023-12-17 05:00:00,2023-12-17 05:00:00,1,SPIKE,surface_pressure_hpa,870.1,867.918678425261,small,mag=-2.18
1f70103c,Cherrapunji,2021-10-03 21:00:00,2021-10-03 21:00:00,1,SPIKE,relative_humidity_pct,97.0,112.84842671684369,medium,mag=15.85
831b4957,Cherrapunji,2023-07-09 00:00:00,2023-07-09 00:00:00,1,SPIKE,temperature_c,19.5,35.17748406773356,large,mag=15.68
daf93fca,Cherrapunji,2023-04-05 00:00:00,2023-04-05 00:00:00,1,SPIKE,temperature_c,15.0,30.0334054313084,large,mag=15.03
033c2e41,Cherrapunji,2023-05-31 22:00:00,2023-05-31 22:00:00,1,SPIKE,relative_humidity_pct,93.0,105.4491914548619,medium,mag=12.45
138dec80,Cherrapunji,2022-01-08 14:00:00,2022-01-08 14:00:00,1,SPIKE,relative_humidity_pct,71.0,53.179129707299595,medium,mag=-17.82
88bff706,Cherrapunji,2022-03-07 02:00:00,2022-03-07 02:00:00,1,SPIKE,temperature_c,11.0,-4.859903888939511,large,mag=-15.86
024ff489,Cherrapunji,2024-04-07 22:00:00,2024-04-07 22:00:00,1,SPIKE,relative_humidity_pct,95.0,90.11162224708109,small,mag=-4.89
fca81f59,Cherrapunji,2024-08-23 09:00:00,2024-08-23 09:00:00,1,SPIKE,surface_pressure_hpa,871.9,866.9030877076526,medium,mag=-5.00
b6a5f1b7,Cherrapunji,2023-05-17 09:00:00,2023-05-17 09:00:00,1,SPIKE,relative_humidity_pct,80.0,85.49047792931457,small,mag=5.49
9a12f8f4,Cherrapunji,2022-04-21 16:00:00,2022-04-21 16:00:00,1,SPIKE,temperature_c,19.8,18.171334454076703,small,mag=-1.63
fa1e4431,Cherrapunji,2023-09-02 08:00:00,2023-09-02 08:00:00,1,SPIKE,surface_pressure_hpa,871.1,873.3334266281379,small,mag=2.23
1671a7fa,Cherrapunji,2022-09-02 14:00:00,2022-09-02 14:00:00,1,SPIKE,surface_pressure_hpa,869.6,849.5332980774443,large,mag=-20.07
9bafc0ee,Cherrapunji,2022-04-24 19:00:00,2022-04-24 19:00:00,1,SPIKE,temperature_c,18.5,36.20213077996019,large,mag=17.70
5e3b51fe,Cherrapunji,2023-10-31 05:00:00,2023-10-31 05:00:00,1,SPIKE,relative_humidity_pct,79.0,84.68863487920851,small,mag=5.69
f570a3de,Cherrapunji,2023-04-18 19:00:00,2023-04-18 19:00:00,1,SPIKE,relative_humidity_pct,87.0,128.5992184249322,large,mag=41.60
5d339722,Cherrapunji,2023-03-16 05:00:00,2023-03-16 05:00:00,1,SPIKE,surface_pressure_hpa,871.4,851.7797403506027,large,mag=-19.62
5b8dc351,Cherrapunji,2021-09-24 01:00:00,2021-09-28 12:00:00,2,DRIFT,temperature_c,18.7,21.619999999999997,slow,"rate=-0.010,dur=108"
91942dcf,Cherrapunji,2023-03-09 07:00:00,2023-03-13 04:00:00,2,DRIFT,surface_pressure_hpa,876.9,875.5,medium,"rate=0.050,dur=94"
b153c032,Cherrapunji,2021-05-06 00:00:00,2021-05-07 20:00:00,2,DRIFT,relative_humidity_pct,88.0,96.45,slow,"rate=0.010,dur=45"
eb579672,Cherrapunji,2024-01-23 10:00:00,2024-01-24 22:00:00,2,DRIFT,relative_humidity_pct,49.0,86.3,fast,"rate=-0.100,dur=37"
381e80a7,Cherrapunji,2021-11-26 17:00:00,2021-11-29 18:00:00,2,DRIFT,temperature_c,13.9,16.699999999999996,medium,"rate=0.050,dur=74"
b5edf606,Cherrapunji,2022-06-05 09:00:00,2022-06-06 17:00:00,3,FREEZE,temperature_c,20.1,20.1,exact,dur=33
c57efe6e,Cherrapunji,2021-05-07 23:00:00,2021-05-08 17:00:00,3,FREEZE,relative_humidity_pct,96.9,97.0,quantized,dur=19
c4a12173,Cherrapunji,2024-05-21 13:00:00,2024-05-22 08:00:00,3,FREEZE,temperature_c,24.1,24.0,quantized,dur=20
d0d3b032,Cherrapunji,2022-02-01 20:00:00,2022-02-02 10:00:00,3,FREEZE,surface_pressure_hpa,866.0,865.9,quantized,dur=15
dabad2ac,Cherrapunji,2024-10-27 03:00:00,2024-10-28 08:00:00,3,FREEZE,surface_pressure_hpa,870.2,870.2,exact,dur=30
607a3379,Cherrapunji,2023-11-08 23:00:00,2023-11-10 10:00:00,3,FREEZE,relative_humidity_pct,93.0,93.0,exact,dur=36
bdfbc027,Cherrapunji,2023-05-04 18:00:00,2023-05-06 16:00:00,3,FREEZE,temperature_c,17.1,17.0,quantized,dur=47
15612549,Cherrapunji,2023-09-13 05:00:00,2023-09-14 10:00:00,3,FREEZE,temperature_c,20.1,20.1,exact,dur=30
087f7e1b,Cherrapunji,2024-12-19 14:00:00,2024-12-21 07:00:00,3,FREEZE,surface_pressure_hpa,872.1,872.1,exact,dur=42
f27f39c7,Cherrapunji,2021-01-25 00:00:00,2021-01-25 18:00:00,3,FREEZE,surface_pressure_hpa,868.6999999999999,868.8,quantized,dur=19
8571d2c8,Cherrapunji,2022-04-03 02:00:00,2022-04-03 02:00:00,4,RANGE,temperature_c,17.9,9999.0,impossible,out_of_bounds
6889bf73,Cherrapunji,2024-12-27 00:00:00,2024-12-27 00:00:00,4,RANGE,temperature_c,9.8,9999.0,impossible,out_of_bounds
f468b796,Cherrapunji,2021-01-21 00:00:00,2021-01-21 00:00:00,4,RANGE,temperature_c,9.8,98.56095500332668,severe,out_of_bounds
ad2fd613,Cherrapunji,2021-06-28 18:00:00,2021-06-28 18:00:00,4,RANGE,temperature_c,20.0,95.7378379532514,severe,out_of_bounds
4bea9b49,Cherrapunji,2022-07-30 13:00:00,2022-07-30 13:00:00,4,RANGE,relative_humidity_pct,89.0,-999.0,impossible,out_of_bounds
057d1640,Cherrapunji,2022-08-06 02:00:00,2022-08-06 02:00:00,4,RANGE,temperature_c,19.3,95.30548482040925,severe,out_of_bounds
48f89e87,Cherrapunji,2024-03-04 08:00:00,2024-03-04 08:00:00,4,RANGE,relative_humidity_pct,73.0,151.60906065828942,severe,out_of_bounds
3c625a8c,Cherrapunji,2021-10-11 18:00:00,2021-10-11 18:00:00,4,RANGE,temperature_c,21.1,83.12646948299822,severe,out_of_bounds
a3e0f69e,Cherrapunji,2022-07-16 08:00:00,2022-07-16 08:00:00,4,RANGE,temperature_c,22.9,58.73376955803456,just_outside,out_of_bounds
eb6ea7f1,Cherrapunji,2024-04-03 11:00:00,2024-04-03 11:00:00,4,RANGE,relative_humidity_pct,71.0,-999.0,impossible,out_of_bounds
de1930ca,Cherrapunji,2021-07-16 22:00:00,2021-07-16 22:00:00,4,RANGE,temperature_c,20.4,93.54578091010126,severe,out_of_bounds
32b342c2,Cherrapunji,2022-02-24 20:00:00,2022-02-24 20:00:00,4,RANGE,relative_humidity_pct,87.0,103.21409675105711,just_outside,out_of_bounds
5dcff3b5,Cherrapunji,2021-03-06 20:00:00,2021-03-06 20:00:00,4,RANGE,temperature_c,13.4,55.20886570233963,just_outside,out_of_bounds
a51155ad,Cherrapunji,2024-06-07 23:00:00,2024-06-07 23:00:00,4,RANGE,relative_humidity_pct,97.0,-999.0,impossible,out_of_bounds
d64ba00e,Cherrapunji,2023-06-25 19:00:00,2023-06-25 19:00:00,4,RANGE,temperature_c,21.2,84.20105781380781,severe,out_of_bounds
f2778b0a,Cherrapunji,2021-04-14 10:00:00,2021-04-14 10:00:00,4,RANGE,relative_humidity_pct,66.0,102.650617984105,just_outside,out_of_bounds
ee51a47d,Cherrapunji,2021-08-27 23:00:00,2021-08-27 23:00:00,4,RANGE,temperature_c,21.1,55.91996361392692,just_outside,out_of_bounds
28ad30cf,Cherrapunji,2021-07-20 00:00:00,2021-07-20 00:00:00,4,RANGE,relative_humidity_pct,100.0,101.45849016849273,just_outside,out_of_bounds
c5bca459,Cherrapunji,2021-05-29 04:00:00,2021-05-29 04:00:00,4,RANGE,temperature_c,18.1,9999.0,impossible,out_of_bounds
26cf9b6a,Cherrapunji,2022-05-02 00:00:00,2022-05-02 00:00:00,4,RANGE,relative_humidity_pct,80.0,-999.0,impossible,out_of_bounds
8549bebb,Cherrapunji,2022-11-19 21:00:00,2022-11-19 21:00:00,4,RANGE,temperature_c,11.5,93.43370498230499,severe,out_of_bounds
e9b952f6,Cherrapunji,2021-07-12 08:00:00,2021-07-12 08:00:00,4,RANGE,relative_humidity_pct,78.0,101.78967036979166,just_outside,out_of_bounds
f806a5e0,Cherrapunji,2022-09-14 14:00:00,2022-09-14 14:00:00,4,RANGE,relative_humidity_pct,87.0,148.5710687209458,severe,out_of_bounds
48f8a4fb,Cherrapunji,2022-12-08 06:00:00,2022-12-08 06:00:00,4,RANGE,temperature_c,8.1,56.42568571938261,just_outside,out_of_bounds
a468e791,Cherrapunji,2024-01-19 02:00:00,2024-01-19 02:00:00,4,RANGE,temperature_c,4.9,56.588929686168626,just_outside,out_of_bounds
e7b813c1,Cherrapunji,2023-11-26 14:00:00,2023-11-26 14:00:00,4,RANGE,relative_humidity_pct,43.0,169.30739442075625,severe,out_of_bounds
88521742,Cherrapunji,2024-05-16 20:00:00,2024-05-16 20:00:00,4,RANGE,relative_humidity_pct,93.0,-999.0,impossible,out_of_bounds
82da2053,Cherrapunji,2024-01-10 09:00:00,2024-01-10 09:00:00,4,RANGE,temperature_c,13.7,9999.0,impossible,out_of_bounds
71513c32,Cherrapunji,2024-03-28 10:00:00,2024-03-28 10:00:00,4,RANGE,relative_humidity_pct,58.0,196.6927137543603,severe,out_of_bounds
6e00a7b9,Cherrapunji,2023-05-14 23:00:00,2023-05-14 23:00:00,4,RANGE,temperature_c,17.7,56.56607390367147,just_outside,out_of_bounds
eab22d85,Cherrapunji,2021-02-16 02:00:00,2021-02-16 02:00:00,4,RANGE,temperature_c,8.3,9999.0,impossible,out_of_bounds
964ed88f,Cherrapunji,2023-11-30 14:00:00,2023-11-30 14:00:00,4,RANGE,relative_humidity_pct,68.0,187.20880470245243,severe,out_of_bounds
a91b6445,Cherrapunji,2021-11-20 01:00:00,2021-11-20 01:00:00,4,RANGE,temperature_c,11.0,9999.0,impossible,out_of_bounds
be7d73c1,Cherrapunji,2024-12-31 10:00:00,2024-12-31 10:00:00,4,RANGE,relative_humidity_pct,55.0,157.02787008604884,severe,out_of_bounds
75c2968d,Cherrapunji,2021-01-17 02:00:00,2021-01-17 02:00:00,4,RANGE,relative_humidity_pct,90.0,158.9577105949353,severe,out_of_bounds
4fff3398,Cherrapunji,2021-10-25 04:00:00,2021-10-25 07:00:00,5,COMMUNICATION,all,13.5,,burst_missing,dur=4
c960aeb1,Cherrapunji,2023-02-06 06:00:00,2023-02-06 11:00:00,5,COMMUNICATION,all,9.1,,burst_missing,dur=6
3f3c3cc5,Cherrapunji,2022-12-20 19:00:00,2022-12-20 19:00:00,5,COMMUNICATION,temperature_c,12.5,,partial_missing,dur=1
b7bcc0dc,Cherrapunji,2021-07-28 19:00:00,2021-07-28 19:00:00,5,COMMUNICATION,temperature_c,19.8,,partial_missing,dur=1
e4da1399,Cherrapunji,2021-07-25 21:00:00,2021-07-25 23:00:00,5,COMMUNICATION,all,20.4,,burst_missing,dur=3
33017d72,Cherrapunji,2024-01-12 06:00:00,2024-01-12 06:00:00,5,COMMUNICATION,temperature_c,6.5,,partial_missing,dur=1
93219263,Cherrapunji,2022-08-04 23:00:00,2022-08-05 05:00:00,5,COMMUNICATION,all,19.5,,burst_missing,dur=7
0c95acfe,Cherrapunji,2024-07-13 03:00:00,2024-07-13 03:00:00,5,COMMUNICATION,temperature_c,19.4,,partial_missing,dur=1
900ccbf8,Cherrapunji,2022-02-10 20:00:00,2022-02-10 20:00:00,5,COMMUNICATION,all,7.6,,missing_packet,dur=1
77d4c41b,Cherrapunji,2023-12-08 18:00:00,2023-12-09 00:00:00,5,COMMUNICATION,all,14.2,,burst_missing,dur=7
d01c692c,Cherrapunji,2022-01-01 14:00:00,2022-01-01 14:00:00,5,COMMUNICATION,all,15.1,,missing_packet,dur=1
fc1e3aaf,Cherrapunji,2024-09-30 09:00:00,2024-09-30 09:00:00,5,COMMUNICATION,temperature_c,22.0,,partial_missing,dur=1
ec8bdd96,Cherrapunji,2021-09-05 06:00:00,2021-09-05 06:00:00,5,COMMUNICATION,all,20.7,,missing_packet,dur=1
71bf856e,Cherrapunji,2023-09-21 14:00:00,2023-09-21 14:00:00,5,COMMUNICATION,temperature_c,21.0,,partial_missing,dur=1
27d8662b,Cherrapunji,2021-01-29 22:00:00,2021-01-29 22:00:00,5,COMMUNICATION,temperature_c,7.4,,partial_missing,dur=1
d05ef17a,Cherrapunji,2022-10-15 07:00:00,2022-10-15 07:00:00,5,COMMUNICATION,temperature_c,20.7,,partial_missing,dur=1
95d68315,Cherrapunji,2022-03-29 20:00:00,2022-03-29 20:00:00,5,COMMUNICATION,temperature_c,16.8,,partial_missing,dur=1
ed767980,Cherrapunji,2022-01-19 07:00:00,2022-01-19 07:00:00,5,COMMUNICATION,all,11.5,,missing_packet,dur=1
7d0477bf,Cherrapunji,2022-03-11 18:00:00,2022-03-11 22:00:00,5,COMMUNICATION,all,16.6,,burst_missing,dur=5
56abe3f9,Cherrapunji,2024-08-13 06:00:00,2024-08-13 06:00:00,5,COMMUNICATION,all,19.9,,missing_packet,dur=1
59d42751,Cherrapunji,2021-04-21 08:00:00,2021-04-21 17:00:00,5,COMMUNICATION,all,21.9,,burst_missing,dur=10
3f20c60f,Cherrapunji,2022-09-25 19:00:00,2022-09-26 01:00:00,5,COMMUNICATION,all,19.2,,burst_missing,dur=7
8c11a778,Cherrapunji,2023-10-06 19:00:00,2023-10-06 21:00:00,5,COMMUNICATION,all,18.7,,burst_missing,dur=3
31d0dd5a,Cherrapunji,2022-07-19 15:00:00,2022-07-19 15:00:00,5,COMMUNICATION,temperature_c,22.5,,partial_missing,dur=1
6ad7fecb,Cherrapunji,2023-09-14 10:00:00,2023-09-14 10:00:00,5,COMMUNICATION,all,20.1,,missing_packet,dur=1
6daa3b53,Cherrapunji,2024-07-06 12:00:00,2024-07-06 12:00:00,5,COMMUNICATION,all,21.3,,missing_packet,dur=1
48f04009,Cherrapunji,2021-05-07 19:00:00,2021-05-08 02:00:00,5,COMMUNICATION,all,16.5,,burst_missing,dur=8
93b146c6,Cherrapunji,2021-10-09 20:00:00,2021-10-09 20:00:00,5,COMMUNICATION,temperature_c,18.9,,partial_missing,dur=1
3687bd70,Cherrapunji,2024-11-24 16:00:00,2024-11-24 16:00:00,5,COMMUNICATION,temperature_c,13.1,,partial_missing,dur=1
86310c56,Cherrapunji,2023-01-17 19:00:00,2023-01-17 19:00:00,5,COMMUNICATION,temperature_c,4.7,,partial_missing,dur=1
aaf09444,Cherrapunji,2022-12-21 00:00:00,2022-12-21 00:00:00,5,COMMUNICATION,temperature_c,9.1,,partial_missing,dur=1
14717d3e,Cherrapunji,2022-04-20 17:00:00,2022-04-20 17:00:00,5,COMMUNICATION,all,15.6,,missing_packet,dur=1
f48d0389,Cherrapunji,2023-10-31 14:00:00,2023-10-31 14:00:00,5,COMMUNICATION,all,22.4,,missing_packet,dur=1
b430a0b5,Cherrapunji,2021-08-01 13:00:00,2021-08-01 13:00:00,5,COMMUNICATION,temperature_c,21.8,,partial_missing,dur=1
685feb07,Cherrapunji,2022-11-18 23:00:00,2022-11-18 23:00:00,5,COMMUNICATION,all,9.9,,missing_packet,dur=1
ca7c6737,Cherrapunji,2022-09-01 15:00:00,2022-09-01 15:00:00,5,COMMUNICATION,temperature_c,22.7,,partial_missing,dur=1
0b75bfeb,Cherrapunji,2024-01-14 05:00:00,2024-01-14 05:00:00,5,COMMUNICATION,all,7.6,,missing_packet,dur=1
cb9a973e,Cherrapunji,2023-08-01 04:00:00,2023-08-01 04:00:00,5,COMMUNICATION,all,20.6,,missing_packet,dur=1
01007ae3,Cherrapunji,2024-08-09 11:00:00,2024-08-09 11:00:00,5,COMMUNICATION,temperature_c,19.9,,partial_missing,dur=1
c2dbfa7e,Cherrapunji,2021-01-19 00:00:00,2021-01-19 00:00:00,5,COMMUNICATION,temperature_c,10.6,,partial_missing,dur=1
2838668b,Cherrapunji,2022-01-15 11:00:00,2022-01-15 11:00:00,5,COMMUNICATION,all,14.3,,missing_packet,dur=1
dd30aeb6,Cherrapunji,2022-03-29 05:00:00,2022-03-29 08:00:00,5,COMMUNICATION,all,15.1,,burst_missing,dur=4
888ce585,Cherrapunji,2024-11-06 00:00:00,2024-11-06 00:00:00,5,COMMUNICATION,temperature_c,14.9,,partial_missing,dur=1
15ca1111,Cherrapunji,2023-02-06 19:00:00,2023-02-06 23:00:00,5,COMMUNICATION,all,10.8,,burst_missing,dur=5
f0b8f063,Cherrapunji,2022-05-26 09:00:00,2022-05-26 16:00:00,5,COMMUNICATION,all,21.4,,burst_missing,dur=8
4b737844,Cherrapunji,2021-11-20 02:00:00,2021-11-20 02:00:00,5,COMMUNICATION,temperature_c,10.8,,partial_missing,dur=1
7d6dfff6,Cherrapunji,2022-09-21 23:00:00,2022-09-21 23:00:00,5,COMMUNICATION,all,19.5,,missing_packet,dur=1
293eb01e,Cherrapunji,2023-06-21 17:00:00,2023-06-21 17:00:00,5,COMMUNICATION,temperature_c,19.9,,partial_missing,dur=1
0a25f62c,Cherrapunji,2021-11-06 11:00:00,2021-11-06 11:00:00,5,COMMUNICATION,all,19.5,,missing_packet,dur=1
6239f2f5,Cherrapunji,2024-07-31 11:00:00,2024-07-31 11:00:00,5,COMMUNICATION,all,24.6,,missing_packet,dur=1
4e0f1bf8,Cherrapunji,2022-07-30 08:00:00,2022-07-30 08:00:00,5,COMMUNICATION,temperature_c,21.3,,partial_missing,dur=1
a716dcec,Cherrapunji,2022-03-17 07:00:00,2022-03-17 07:00:00,5,COMMUNICATION,temperature_c,20.2,,partial_missing,dur=1
92d382b4,Cherrapunji,2024-01-28 00:00:00,2024-01-28 05:00:00,5,COMMUNICATION,all,4.9,,burst_missing,dur=6
a3edfca2,Cherrapunji,2021-04-28 19:00:00,2021-04-28 23:00:00,5,COMMUNICATION,all,19.3,,burst_missing,dur=5
165411c5,Cherrapunji,2022-01-03 21:00:00,2022-01-03 21:00:00,5,COMMUNICATION,temperature_c,7.8,,partial_missing,dur=1
cd796718,Cherrapunji,2024-10-31 20:00:00,2024-11-01 00:00:00,5,COMMUNICATION,all,16.7,,burst_missing,dur=5
28abdbbf,Cherrapunji,2021-06-02 16:00:00,2021-06-02 22:00:00,5,COMMUNICATION,all,20.7,,burst_missing,dur=7
8a9ea7dd,Cherrapunji,2022-05-07 14:00:00,2022-05-07 14:00:00,5,COMMUNICATION,temperature_c,22.9,,partial_missing,dur=1
948071bc,Cherrapunji,2024-01-13 03:00:00,2024-01-13 03:00:00,5,COMMUNICATION,temperature_c,7.1,,partial_missing,dur=1
07d4af9b,Cherrapunji,2021-02-20 20:00:00,2021-02-20 20:00:00,5,COMMUNICATION,temperature_c,11.1,,partial_missing,dur=1
f734952b,Cherrapunji,2023-02-14 00:00:00,2023-02-14 05:00:00,5,COMMUNICATION,all,7.7,,burst_missing,dur=6
cb548537,Cherrapunji,2024-05-11 14:00:00,2024-05-11 14:00:00,5,COMMUNICATION,temperature_c,21.0,,partial_missing,dur=1
33119523,Cherrapunji,2024-07-11 06:00:00,2024-07-11 06:00:00,5,COMMUNICATION,all,19.9,,missing_packet,dur=1
e18e2156,Cherrapunji,2022-04-11 18:00:00,2022-04-12 02:00:00,5,COMMUNICATION,all,17.7,,burst_missing,dur=9
1f21288e,Cherrapunji,2022-01-25 16:00:00,2022-01-25 16:00:00,5,COMMUNICATION,temperature_c,11.4,,partial_missing,dur=1
9400062f,Cherrapunji,2022-05-12 15:00:00,2022-05-12 15:00:00,5,COMMUNICATION,temperature_c,20.5,,partial_missing,dur=1
6f74d55d,Cherrapunji,2024-10-26 20:00:00,2024-10-26 20:00:00,5,COMMUNICATION,all,17.4,,missing_packet,dur=1
5c01a9a0,Cherrapunji,2022-04-03 23:00:00,2022-04-03 23:00:00,5,COMMUNICATION,temperature_c,17.6,,partial_missing,dur=1
104c8595,Cherrapunji,2023-07-25 17:00:00,2023-07-25 17:00:00,5,COMMUNICATION,all,22.7,,missing_packet,dur=1
78050846,Cherrapunji,2021-07-07 23:00:00,2021-07-08 07:00:00,5,COMMUNICATION,all,19.6,,burst_missing,dur=9
2e9a4357,Cherrapunji,2023-11-19 13:00:00,2023-11-19 13:00:00,6,MULTIVARIATE,temperature_c,20.1,30.1,t_rh_mismatch,
2f6e942b,Cherrapunji,2021-10-24 11:00:00,2021-10-24 11:00:00,6,MULTIVARIATE,temperature_c,21.1,31.1,t_rh_mismatch,
5bb05f42,Cherrapunji,2022-07-07 13:00:00,2022-07-07 13:00:00,6,MULTIVARIATE,relative_humidity_pct,72.0,32.0,moisture_mismatch,
94890288,Cherrapunji,2022-02-13 09:00:00,2022-02-13 09:00:00,6,MULTIVARIATE,temperature_c,14.8,24.8,t_rh_mismatch,
50c4d65f,Cherrapunji,2022-04-30 11:00:00,2022-04-30 11:00:00,6,MULTIVARIATE,relative_humidity_pct,72.0,32.0,moisture_mismatch,
aa2ff098,Cherrapunji,2021-04-17 14:00:00,2021-04-17 14:00:00,6,MULTIVARIATE,temperature_c,21.3,31.3,t_rh_mismatch,
0fa06593,Cherrapunji,2021-09-12 11:00:00,2021-09-12 11:00:00,6,MULTIVARIATE,relative_humidity_pct,66.0,26.0,moisture_mismatch,
9fc94c00,Cherrapunji,2021-12-22 21:00:00,2021-12-22 21:00:00,6,MULTIVARIATE,temperature_c,7.6,17.6,t_rh_mismatch,
30efb33d,Cherrapunji,2024-03-24 06:00:00,2024-03-24 06:00:00,6,MULTIVARIATE,relative_humidity_pct,94.0,54.0,moisture_mismatch,
181a2df8,Cherrapunji,2023-10-09 09:00:00,2023-10-09 09:00:00,6,MULTIVARIATE,temperature_c,20.8,30.8,t_rh_mismatch,
507b4811,Cherrapunji,2024-12-17 18:00:00,2024-12-17 18:00:00,6,MULTIVARIATE,relative_humidity_pct,86.0,46.0,moisture_mismatch,
d7b7de8c,Cherrapunji,2022-09-19 15:00:00,2022-09-19 15:00:00,6,MULTIVARIATE,relative_humidity_pct,84.0,44.0,moisture_mismatch,
c7985e63,Cherrapunji,2023-11-08 00:00:00,2023-11-08 00:00:00,6,MULTIVARIATE,relative_humidity_pct,92.0,52.0,moisture_mismatch,
767e7241,Cherrapunji,2021-09-24 19:00:00,2021-09-24 19:00:00,6,MULTIVARIATE,relative_humidity_pct,93.0,53.0,moisture_mismatch,
e6b946e1,Cherrapunji,2022-01-01 14:00:00,2022-01-01 14:00:00,6,MULTIVARIATE,relative_humidity_pct,,,moisture_mismatch,
0091ce05,Cherrapunji,2024-07-26 21:00:00,2024-07-26 21:00:00,6,MULTIVARIATE,temperature_c,21.2,31.2,t_rh_mismatch,
d5889f99,Cherrapunji,2021-08-17 21:00:00,2021-08-17 21:00:00,6,MULTIVARIATE,relative_humidity_pct,100.0,60.0,moisture_mismatch,
dc062785,Cherrapunji,2024-01-21 21:00:00,2024-01-21 21:00:00,6,MULTIVARIATE,relative_humidity_pct,96.0,56.0,moisture_mismatch,
04c5ba0e,Cherrapunji,2022-06-01 03:00:00,2022-06-01 03:00:00,6,MULTIVARIATE,temperature_c,18.1,28.1,t_rh_mismatch,
77176e75,Cherrapunji,2021-01-20 10:00:00,2021-01-20 10:00:00,6,MULTIVARIATE,temperature_c,12.8,22.8,t_rh_mismatch,
39eded87,Cherrapunji,2024-11-20 07:00:00,2024-11-20 07:00:00,6,MULTIVARIATE,temperature_c,16.4,26.4,t_rh_mismatch,
8002ba35,Cherrapunji,2023-10-22 01:00:00,2023-10-22 01:00:00,6,MULTIVARIATE,temperature_c,14.4,24.4,t_rh_mismatch,
e7d6c993,Cherrapunji,2023-05-13 14:00:00,2023-05-13 14:00:00,6,MULTIVARIATE,relative_humidity_pct,56.0,16.0,moisture_mismatch,
df6b38df,Cherrapunji,2023-09-17 05:00:00,2023-09-17 05:00:00,6,MULTIVARIATE,temperature_c,19.3,29.3,t_rh_mismatch,
a31928b5,Cherrapunji,2022-02-27 15:00:00,2022-02-27 15:00:00,6,MULTIVARIATE,relative_humidity_pct,62.0,22.0,moisture_mismatch,
5c226e0b,Cherrapunji,2022-11-24 14:00:00,2022-11-24 14:00:00,6,MULTIVARIATE,relative_humidity_pct,63.0,23.0,moisture_mismatch,
7cdfa9ae,Cherrapunji,2024-03-02 14:00:00,2024-03-02 14:00:00,6,MULTIVARIATE,relative_humidity_pct,56.0,16.0,moisture_mismatch,
c7d81d43,Cherrapunji,2023-01-23 11:00:00,2023-01-23 11:00:00,6,MULTIVARIATE,relative_humidity_pct,51.0,11.0,moisture_mismatch,
675cb108,Cherrapunji,2022-07-11 05:00:00,2022-07-11 05:00:00,6,MULTIVARIATE,relative_humidity_pct,99.0,59.0,moisture_mismatch,
14c94471,Cherrapunji,2024-08-10 11:00:00,2024-08-10 11:00:00,6,MULTIVARIATE,temperature_c,20.0,30.0,t_rh_mismatch,
75118b68,Cherrapunji,2023-10-08 22:00:00,2023-10-08 22:00:00,6,MULTIVARIATE,relative_humidity_pct,99.0,59.0,moisture_mismatch,
e4969d98,Cherrapunji,2022-11-24 23:00:00,2022-11-24 23:00:00,6,MULTIVARIATE,relative_humidity_pct,67.0,27.0,moisture_mismatch,
f0f836cb,Cherrapunji,2023-07-30 07:00:00,2023-07-30 07:00:00,6,MULTIVARIATE,relative_humidity_pct,85.0,45.0,moisture_mismatch,
ffaaaecf,Cherrapunji,2022-01-13 00:00:00,2022-01-13 00:00:00,6,MULTIVARIATE,temperature_c,7.9,17.9,t_rh_mismatch,
dae265d4,Cherrapunji,2022-09-20 10:00:00,2022-09-20 10:00:00,6,MULTIVARIATE,relative_humidity_pct,87.0,47.0,moisture_mismatch,
39aa6508,Cherrapunji,2022-03-18 19:00:00,2022-03-18 19:00:00,6,MULTIVARIATE,temperature_c,18.7,28.7,t_rh_mismatch,
c5449a58,Cherrapunji,2022-08-09 14:00:00,2022-08-09 14:00:00,6,MULTIVARIATE,relative_humidity_pct,76.0,36.0,moisture_mismatch,
02f52acb,Cherrapunji,2023-07-14 03:00:00,2023-07-14 03:00:00,6,MULTIVARIATE,temperature_c,19.5,29.5,t_rh_mismatch,
a5c021b6,Cherrapunji,2022-03-15 22:00:00,2022-03-15 22:00:00,6,MULTIVARIATE,relative_humidity_pct,75.0,35.0,moisture_mismatch,
420280a5,Cherrapunji,2021-01-15 10:00:00,2021-01-15 10:00:00,6,MULTIVARIATE,temperature_c,13.8,23.8,t_rh_mismatch,
d20c7fee,Cherrapunji,2022-02-01 20:00:00,2022-02-01 20:00:00,6,MULTIVARIATE,relative_humidity_pct,99.0,59.0,moisture_mismatch,
f6a46190,Cherrapunji,2024-04-03 20:00:00,2024-04-03 20:00:00,6,MULTIVARIATE,temperature_c,15.7,25.7,t_rh_mismatch,
c037f884,Cherrapunji,2021-06-24 23:00:00,2021-06-24 23:00:00,6,MULTIVARIATE,relative_humidity_pct,100.0,60.0,moisture_mismatch,
0f22bfcc,Cherrapunji,2022-08-29 13:00:00,2022-08-29 13:00:00,6,MULTIVARIATE,relative_humidity_pct,84.0,44.0,moisture_mismatch,
2df8fbe1,Cherrapunji,2021-08-07 13:00:00,2021-08-07 13:00:00,6,MULTIVARIATE,temperature_c,20.6,30.6,t_rh_mismatch,
3266f74f,Cherrapunji,2023-11-16 11:00:00,2023-11-16 11:00:00,6,MULTIVARIATE,relative_humidity_pct,60.0,20.0,moisture_mismatch,
acbb33be,Cherrapunji,2024-11-23 16:00:00,2024-11-23 16:00:00,6,MULTIVARIATE,relative_humidity_pct,94.0,54.0,moisture_mismatch,
badc57a5,Cherrapunji,2021-06-06 21:00:00,2021-06-06 21:00:00,6,MULTIVARIATE,temperature_c,19.5,29.5,t_rh_mismatch,
f8cb227b,Cherrapunji,2024-09-11 22:00:00,2024-09-11 22:00:00,6,MULTIVARIATE,relative_humidity_pct,82.0,42.0,moisture_mismatch,
ddbec8d0,Cherrapunji,2021-01-30 05:00:00,2021-01-30 05:00:00,6,MULTIVARIATE,temperature_c,7.6,17.6,t_rh_mismatch,
b789a957,Cherrapunji,2024-11-15 21:00:00,2024-11-15 21:00:00,6,MULTIVARIATE,relative_humidity_pct,94.0,54.0,moisture_mismatch,
12decdce,Cherrapunji,2022-06-16 18:00:00,2022-06-16 18:00:00,6,MULTIVARIATE,temperature_c,18.9,28.9,t_rh_mismatch,
368d2927,Cherrapunji,2024-10-26 03:00:00,2024-10-26 03:00:00,6,MULTIVARIATE,temperature_c,17.1,27.1,t_rh_mismatch,
b3578e3a,Cherrapunji,2022-04-08 19:00:00,2022-04-08 19:00:00,6,MULTIVARIATE,temperature_c,17.1,27.1,t_rh_mismatch,
0adc0959,Cherrapunji,2023-09-10 07:00:00,2023-09-10 07:00:00,6,MULTIVARIATE,temperature_c,22.2,32.2,t_rh_mismatch,
72908f7e,Cherrapunji,2021-01-01 18:00:00,2021-01-01 18:00:00,6,MULTIVARIATE,temperature_c,9.5,19.5,t_rh_mismatch,
9fed9e13,Cherrapunji,2021-08-26 03:00:00,2021-08-26 03:00:00,6,MULTIVARIATE,relative_humidity_pct,98.0,58.0,moisture_mismatch,
17751e9f,Cherrapunji,2023-12-27 17:00:00,2023-12-27 17:00:00,6,MULTIVARIATE,relative_humidity_pct,87.0,47.0,moisture_mismatch,
0654a3d8,Cherrapunji,2023-12-16 00:00:00,2023-12-16 00:00:00,6,MULTIVARIATE,relative_humidity_pct,89.0,49.0,moisture_mismatch,
0e9d3721,Cherrapunji,2022-07-01 23:00:00,2022-07-01 23:00:00,6,MULTIVARIATE,temperature_c,19.2,29.2,t_rh_mismatch,
dd5ee509,Cherrapunji,2021-07-07 08:00:00,2021-07-07 08:00:00,6,MULTIVARIATE,temperature_c,20.4,30.4,t_rh_mismatch,
82189c65,Cherrapunji,2023-02-16 20:00:00,2023-02-16 20:00:00,6,MULTIVARIATE,relative_humidity_pct,56.0,16.0,moisture_mismatch,
e6e11122,Cherrapunji,2023-08-07 20:00:00,2023-08-07 20:00:00,6,MULTIVARIATE,relative_humidity_pct,100.0,60.0,moisture_mismatch,
0e3b42e4,Cherrapunji,2022-09-10 22:00:00,2022-09-10 22:00:00,6,MULTIVARIATE,temperature_c,19.3,29.3,t_rh_mismatch,
58196dec,Cherrapunji,2024-05-26 19:00:00,2024-05-26 19:00:00,6,MULTIVARIATE,relative_humidity_pct,78.0,38.0,moisture_mismatch,
5f216583,Cherrapunji,2021-01-13 16:00:00,2021-01-13 16:00:00,6,MULTIVARIATE,relative_humidity_pct,76.0,36.0,moisture_mismatch,
ecefc304,Cherrapunji,2022-04-23 23:00:00,2022-04-23 23:00:00,6,MULTIVARIATE,relative_humidity_pct,96.0,56.0,moisture_mismatch,
ec0f9d2e,Cherrapunji,2024-10-14 08:00:00,2024-10-14 08:00:00,6,MULTIVARIATE,temperature_c,21.0,31.0,t_rh_mismatch,
12b1ca46,Cherrapunji,2021-07-17 15:00:00,2021-07-17 15:00:00,6,MULTIVARIATE,relative_humidity_pct,85.0,45.0,moisture_mismatch,
708d08c8,Cherrapunji,2023-07-18 08:00:00,2023-07-18 08:00:00,6,MULTIVARIATE,temperature_c,24.3,34.3,t_rh_mismatch,
53821947,Jaisalmer,2024-11-02 14:00:00,2024-11-02 14:00:00,1,SPIKE,relative_humidity_pct,19.0,36.63261900975547,medium,mag=17.63
cc5f939d,Jaisalmer,2022-12-05 16:00:00,2022-12-05 16:00:00,1,SPIKE,surface_pressure_hpa,988.2,1007.8023092516655,large,mag=19.60
2c6ba24e,Jaisalmer,2022-11-15 01:00:00,2022-11-15 01:00:00,1,SPIKE,temperature_c,20.7,22.4000319285856,small,mag=1.70
27100d1d,Jaisalmer,2024-04-24 01:00:00,2024-04-24 01:00:00,1,SPIKE,temperature_c,29.1,12.636747930912811,large,mag=-16.46
3d1876e2,Jaisalmer,2023-10-27 16:00:00,2023-10-27 16:00:00,1,SPIKE,surface_pressure_hpa,983.8,981.8823635333597,small,mag=-1.92
7b9bef1f,Jaisalmer,2024-08-13 15:00:00,2024-08-13 15:00:00,1,SPIKE,temperature_c,33.6,35.5785486373212,small,mag=1.98
4926a44a,Jaisalmer,2022-10-27 07:00:00,2022-10-27 07:00:00,1,SPIKE,temperature_c,22.2,24.21918623307345,small,mag=2.02
f1edf2c7,Jaisalmer,2023-07-17 12:00:00,2023-07-17 12:00:00,1,SPIKE,temperature_c,37.2,35.47578051039987,small,mag=-1.72
2ab18fb4,Jaisalmer,2024-06-06 23:00:00,2024-06-06 23:00:00,1,SPIKE,surface_pressure_hpa,977.3,972.8052069613695,medium,mag=-4.49
761ed78b,Jaisalmer,2024-06-12 01:00:00,2024-06-12 01:00:00,1,SPIKE,relative_humidity_pct,40.0,52.78766266376118,medium,mag=12.79
7dfe01a7,Jaisalmer,2021-03-16 16:00:00,2021-03-16 16:00:00,1,SPIKE,temperature_c,35.7,33.81452700578947,small,mag=-1.89
41bdc322,Jaisalmer,2024-08-09 02:00:00,2024-08-09 02:00:00,1,SPIKE,relative_humidity_pct,89.0,71.77461036113273,medium,mag=-17.23
6aa13b2e,Jaisalmer,2021-11-14 11:00:00,2021-11-14 11:00:00,1,SPIKE,relative_humidity_pct,19.0,-28.512676232872735,large,mag=-47.51
d946a17e,Jaisalmer,2022-12-06 00:00:00,2022-12-06 00:00:00,1,SPIKE,surface_pressure_hpa,989.1,968.3193264093076,large,mag=-20.78
023f99d5,Jaisalmer,2021-07-04 11:00:00,2021-07-04 11:00:00,1,SPIKE,surface_pressure_hpa,977.1,997.6118758937703,large,mag=20.51
b0a6a0c7,Jaisalmer,2023-11-11 22:00:00,2023-11-11 22:00:00,1,SPIKE,surface_pressure_hpa,992.0,1010.477290624912,large,mag=18.48
6be354b0,Jaisalmer,2022-08-25 18:00:00,2022-08-25 18:00:00,1,SPIKE,relative_humidity_pct,79.0,95.82824659747871,medium,mag=16.83
f0619b17,Jaisalmer,2022-09-20 20:00:00,2022-09-20 20:00:00,1,SPIKE,relative_humidity_pct,32.0,18.441157736373654,medium,mag=-13.56
b9b05397,Jaisalmer,2023-05-13 03:00:00,2023-05-13 03:00:00,1,SPIKE,relative_humidity_pct,21.0,15.369240421678224,small,mag=-5.63
0999d6de,Jaisalmer,2024-02-01 04:00:00,2024-02-01 04:00:00,1,SPIKE,temperature_c,15.1,10.029802223916096,medium,mag=-5.07
454ce9af,Jaisalmer,2023-08-23 04:00:00,2023-08-23 04:00:00,1,SPIKE,surface_pressure_hpa,973.0,977.954134140903,medium,mag=4.95
2e49faf2,Jaisalmer,2024-11-11 09:00:00,2024-11-11 09:00:00,1,SPIKE,temperature_c,26.9,32.094007504451504,medium,mag=5.19
7d772a7e,Jaisalmer,2021-01-27 13:00:00,2021-01-27 13:00:00,1,SPIKE,temperature_c,21.6,7.129584785603194,large,mag=-14.47
0b0931cc,Jaisalmer,2022-12-21 02:00:00,2022-12-21 02:00:00,1,SPIKE,surface_pressure_hpa,985.0,980.6734610093395,medium,mag=-4.33
ce0e6913,Jaisalmer,2022-11-09 21:00:00,2022-11-09 21:00:00,1,SPIKE,surface_pressure_hpa,988.0,968.9731355178003,large,mag=-19.03
01a25927,Jaisalmer,2023-02-24 11:00:00,2023-02-24 11:00:00,1,SPIKE,relative_humidity_pct,33.0,28.520876370122878,small,mag=-4.48
84dae11d,Jaisalmer,2021-09-11 23:00:00,2021-09-11 23:00:00,1,SPIKE,surface_pressure_hpa,974.4,992.6774148373876,large,mag=18.28
ee2fc7e6,Jaisalmer,2023-12-26 08:00:00,2023-12-26 08:00:00,1,SPIKE,surface_pressure_hpa,989.8,1009.1032310121059,large,mag=19.30
550aeccd,Jaisalmer,2023-07-23 20:00:00,2023-07-23 20:00:00,1,SPIKE,temperature_c,29.2,27.51171491958563,small,mag=-1.69
551755a3,Jaisalmer,2021-07-27 14:00:00,2021-07-27 14:00:00,1,SPIKE,relative_humidity_pct,57.0,13.792438432842047,large,mag=-43.21
bb1e8a4d,Jaisalmer,2022-05-03 09:00:00,2022-05-03 09:00:00,1,SPIKE,relative_humidity_pct,60.0,55.69570138976526,small,mag=-4.30
bb3a835e,Jaisalmer,2024-07-25 07:00:00,2024-07-25 07:00:00,1,SPIKE,surface_pressure_hpa,967.2,965.5181812090748,small,mag=-1.68
3854dab2,Jaisalmer,2023-05-08 01:00:00,2023-05-08 01:00:00,1,SPIKE,relative_humidity_pct,16.0,21.45421414089507,small,mag=5.45
f14e106f,Jaisalmer,2023-08-24 09:00:00,2023-08-24 09:00:00,1,SPIKE,temperature_c,28.0,26.005136357443405,small,mag=-1.99
262e9ac0,Jaisalmer,2022-08-20 19:00:00,2022-08-20 19:00:00,1,SPIKE,relative_humidity_pct,85.0,68.20322588838357,medium,mag=-16.80
a6e06c37,Jaisalmer,2023-01-05 18:00:00,2023-01-05 18:00:00,1,SPIKE,relative_humidity_pct,33.0,45.19042272851983,medium,mag=12.19
920d3875,Jaisalmer,2022-05-15 02:00:00,2022-05-15 02:00:00,1,SPIKE,temperature_c,33.1,30.87947767142998,small,mag=-2.22
0ba310cc,Jaisalmer,2022-06-04 06:00:00,2022-06-04 06:00:00,1,SPIKE,temperature_c,27.3,14.146846242441283,large,mag=-13.15
782f40c3,Jaisalmer,2024-09-24 14:00:00,2024-09-24 14:00:00,1,SPIKE,relative_humidity_pct,34.0,46.73176933711463,medium,mag=12.73
0f5b807d,Jaisalmer,2022-06-30 05:00:00,2022-06-30 05:00:00,1,SPIKE,surface_pressure_hpa,969.2,966.8200222287002,small,mag=-2.38
07dcdca6,Jaisalmer,2022-10-04 07:00:00,2022-10-04 07:00:00,1,SPIKE,temperature_c,24.7,37.89507925782358,large,mag=13.20
d429c349,Jaisalmer,2022-10-23 23:00:00,2022-10-23 23:00:00,1,SPIKE,surface_pressure_hpa,986.6,988.9856926811245,small,mag=2.39
a9c17dad,Jaisalmer,2022-12-26 17:00:00,2022-12-26 17:00:00,1,SPIKE,relative_humidity_pct,25.0,38.87265619350442,medium,mag=13.87
13c0542e,Jaisalmer,2022-07-19 15:00:00,2022-07-19 15:00:00,1,SPIKE,relative_humidity_pct,64.0,68.08437183118946,small,mag=4.08
8a526287,Jaisalmer,2022-09-18 21:00:00,2022-09-18 21:00:00,1,SPIKE,surface_pressure_hpa,980.4,960.5501632548261,large,mag=-19.85
01232e56,Jaisalmer,2022-07-08 16:00:00,2022-07-08 16:00:00,1,SPIKE,relative_humidity_pct,73.0,68.8958249708465,small,mag=-4.10
964f2bd9,Jaisalmer,2022-11-13 20:00:00,2022-11-13 20:00:00,1,SPIKE,surface_pressure_hpa,985.9,987.6887726702267,small,mag=1.79
abd4b64b,Jaisalmer,2023-08-31 04:00:00,2023-08-31 04:00:00,1,SPIKE,relative_humidity_pct,77.0,60.233657615955174,medium,mag=-16.77
c4b91290,Jaisalmer,2022-03-02 23:00:00,2022-03-02 23:00:00,1,SPIKE,surface_pressure_hpa,988.8,987.0055285334055,small,mag=-1.79
44aa55e0,Jaisalmer,2021-10-19 07:00:00,2021-10-19 07:00:00,1,SPIKE,temperature_c,22.7,37.5516240725699,large,mag=14.85
09ee1f22,Jaisalmer,2021-11-24 08:00:00,2021-11-24 08:00:00,1,SPIKE,surface_pressure_hpa,984.5,982.8284160778003,small,mag=-1.67
dc6d42aa,Jaisalmer,2021-08-03 07:00:00,2021-08-03 07:00:00,1,SPIKE,temperature_c,27.1,21.86271028312412,medium,mag=-5.24
95939c19,Jaisalmer,2024-09-07 07:00:00,2024-09-07 07:00:00,1,SPIKE,surface_pressure_hpa,977.7,975.5843400826817,small,mag=-2.12
ccfcd04e,Jaisalmer,2021-01-19 02:00:00,2021-01-19 02:00:00,1,SPIKE,surface_pressure_hpa,987.1,1004.1066196613218,large,mag=17.01
c8c8410c,Jaisalmer,2021-04-26 09:00:00,2021-04-26 09:00:00,1,SPIKE,temperature_c,34.4,39.97712365157375,medium,mag=5.58
4ff89367,Jaisalmer,2024-08-09 23:00:00,2024-08-09 23:00:00,1,SPIKE,relative_humidity_pct,90.0,102.12811699610576,medium,mag=12.13
d15adc6d,Jaisalmer,2023-10-11 14:00:00,2023-10-11 14:00:00,1,SPIKE,relative_humidity_pct,26.0,39.50417744660361,medium,mag=13.50
4d08751a,Jaisalmer,2023-05-12 07:00:00,2023-05-12 07:00:00,1,SPIKE,temperature_c,30.2,35.31804958127014,medium,mag=5.12
77278270,Jaisalmer,2024-09-06 10:00:00,2024-09-06 10:00:00,1,SPIKE,surface_pressure_hpa,977.7,957.1663861282691,large,mag=-20.53
27c260f5,Jaisalmer,2023-01-21 04:00:00,2023-01-21 04:00:00,1,SPIKE,surface_pressure_hpa,988.6,983.6632105577689,medium,mag=-4.94
618c9da7,Jaisalmer,2024-09-02 05:00:00,2024-09-02 05:00:00,1,SPIKE,surface_pressure_hpa,977.7,957.4509005573377,large,mag=-20.25
ef968038,Jaisalmer,2022-05-15 08:00:00,2022-05-15 08:00:00,1,SPIKE,relative_humidity_pct,49.0,64.24963571282235,medium,mag=15.25
38e5d93c,Jaisalmer,2024-10-27 17:00:00,2024-10-27 17:00:00,1,SPIKE,relative_humidity_pct,16.0,21.01191546587711,small,mag=5.01
b80e7ec2,Jaisalmer,2023-02-05 07:00:00,2023-02-05 07:00:00,1,SPIKE,surface_pressure_hpa,984.4,986.4957876852561,small,mag=2.10
fd5a08fe,Jaisalmer,2023-12-23 11:00:00,2023-12-23 11:00:00,1,SPIKE,relative_humidity_pct,34.0,-9.53605700294277,large,mag=-43.54
6e877686,Jaisalmer,2022-08-30 11:00:00,2022-08-30 11:00:00,1,SPIKE,surface_pressure_hpa,983.2,1000.7189556195779,large,mag=17.52
3952312c,Jaisalmer,2021-12-17 04:00:00,2021-12-17 04:00:00,1,SPIKE,surface_pressure_hpa,992.3,996.6082630278622,medium,mag=4.31
ff5ce47b,Jaisalmer,2021-05-28 20:00:00,2021-05-28 20:00:00,1,SPIKE,relative_humidity_pct,29.0,15.067855666110033,medium,mag=-13.93
b95ed82c,Jaisalmer,2024-12-06 14:00:00,2024-12-06 14:00:00,1,SPIKE,temperature_c,26.4,38.662663580560384,large,mag=12.26
2f21ef7c,Jaisalmer,2024-03-01 13:00:00,2024-03-01 13:00:00,1,SPIKE,temperature_c,31.9,33.66166322295103,small,mag=1.76
e334fa85,Jaisalmer,2024-07-30 03:00:00,2024-07-30 03:00:00,1,SPIKE,relative_humidity_pct,86.0,80.85797563729061,small,mag=-5.14
91afc307,Jaisalmer,2021-03-30 22:00:00,2021-03-30 22:00:00,1,SPIKE,relative_humidity_pct,9.0,-32.98352774397301,large,mag=-41.98
da564329,Jaisalmer,2024-10-04 02:00:00,2024-10-04 02:00:00,1,SPIKE,surface_pressure_hpa,977.2,972.7585544317074,medium,mag=-4.44
b0e333e7,Jaisalmer,2023-08-07 07:00:00,2023-08-07 07:00:00,1,SPIKE,surface_pressure_hpa,970.5,968.1631718325094,small,mag=-2.34
830efbef,Jaisalmer,2023-12-12 02:00:00,2023-12-12 02:00:00,1,SPIKE,surface_pressure_hpa,984.5,990.1641553950303,medium,mag=5.66
4f055f40,Jaisalmer,2022-04-23 07:00:00,2022-04-23 07:00:00,1,SPIKE,relative_humidity_pct,20.0,-20.92831823152035,large,mag=-40.93
64317d57,Jaisalmer,2024-06-02 10:00:00,2024-06-02 10:00:00,1,SPIKE,relative_humidity_pct,47.0,59.349800146682995,medium,mag=12.35
1edb05be,Jaisalmer,2021-11-25 16:00:00,2021-11-25 16:00:00,1,SPIKE,surface_pressure_hpa,985.1,990.5686006765126,medium,mag=5.47
7ab7e255,Jaisalmer,2024-11-16 01:00:00,2024-11-16 01:00:00,1,SPIKE,relative_humidity_pct,46.0,51.92117349087425,small,mag=5.92
dc8c2d96,Jaisalmer,2024-06-10 07:00:00,2024-06-10 07:00:00,1,SPIKE,temperature_c,30.0,32.025328841121976,small,mag=2.03
b9cb9668,Jaisalmer,2023-05-12 22:00:00,2023-05-12 22:00:00,1,SPIKE,temperature_c,36.6,38.39901042324321,small,mag=1.80
df706e47,Jaisalmer,2021-01-23 23:00:00,2021-01-23 23:00:00,1,SPIKE,surface_pressure_hpa,986.3,988.3465132857274,small,mag=2.05
6a03c609,Jaisalmer,2021-02-02 06:00:00,2021-02-02 06:00:00,1,SPIKE,surface_pressure_hpa,988.4,990.4612509271977,small,mag=2.06
8bbd6a84,Jaisalmer,2022-07-30 11:00:00,2022-07-30 11:00:00,1,SPIKE,surface_pressure_hpa,977.3,982.1541499805871,medium,mag=4.85
725befc7,Jaisalmer,2023-11-03 02:00:00,2023-11-03 02:00:00,1,SPIKE,temperature_c,25.4,27.439972373256428,small,mag=2.04
121f6ca0,Jaisalmer,2021-10-03 02:00:00,2021-10-03 02:00:00,1,SPIKE,surface_pressure_hpa,980.0,985.067800953961,medium,mag=5.07
398206a5,Jaisalmer,2023-06-08 15:00:00,2023-06-08 15:00:00,1,SPIKE,surface_pressure_hpa,976.3,982.1049699413054,medium,mag=5.80
d5b42904,Jaisalmer,2023-09-15 09:00:00,2023-09-15 09:00:00,1,SPIKE,surface_pressure_hpa,979.7,984.5246865833429,medium,mag=4.82
5a8ae778,Jaisalmer,2022-12-11 03:00:00,2022-12-11 03:00:00,1,SPIKE,surface_pressure_hpa,986.8,991.4469018400969,medium,mag=4.65
2598a36f,Jaisalmer,2022-05-27 01:00:00,2022-05-27 01:00:00,1,SPIKE,temperature_c,29.9,44.15037844921834,large,mag=14.25
79a796ff,Jaisalmer,2022-12-19 18:00:00,2022-12-19 18:00:00,1,SPIKE,surface_pressure_hpa,984.9,961.2067857949493,large,mag=-23.69
677cd0ee,Jaisalmer,2022-10-10 13:00:00,2022-10-10 13:00:00,1,SPIKE,relative_humidity_pct,28.0,15.79202258663074,medium,mag=-12.21
b8ffc841,Jaisalmer,2023-01-06 15:00:00,2023-01-06 15:00:00,1,SPIKE,relative_humidity_pct,15.0,-19.161371349503042,large,mag=-34.16
9192c670,Jaisalmer,2024-07-11 02:00:00,2024-07-11 02:00:00,1,SPIKE,relative_humidity_pct,73.0,68.55622659303512,small,mag=-4.44
6c0661f7,Jaisalmer,2023-07-26 21:00:00,2023-07-26 21:00:00,1,SPIKE,relative_humidity_pct,89.0,94.88669581248938,small,mag=5.89
24b40435,Jaisalmer,2023-09-27 05:00:00,2023-09-27 05:00:00,1,SPIKE,relative_humidity_pct,58.0,99.130691281071,large,mag=41.13
b37301a2,Jaisalmer,2022-05-18 04:00:00,2022-05-18 04:00:00,1,SPIKE,surface_pressure_hpa,973.3,971.3317041554709,small,mag=-1.97
998dd815,Jaisalmer,2024-09-23 23:00:00,2024-09-23 23:00:00,1,SPIKE,temperature_c,32.3,29.988299718009493,small,mag=-2.31
a1bd13a2,Jaisalmer,2024-03-03 15:00:00,2024-03-03 15:00:00,1,SPIKE,temperature_c,20.0,18.159758054662316,small,mag=-1.84
bbfd3bc3,Jaisalmer,2022-07-29 21:00:00,2022-07-29 21:00:00,1,SPIKE,surface_pressure_hpa,977.4,981.8348745604495,medium,mag=4.43
5494f7ce,Jaisalmer,2024-02-19 09:00:00,2024-02-19 09:00:00,1,SPIKE,temperature_c,21.8,6.904800961632915,large,mag=-14.90
3071daa1,Jaisalmer,2023-10-14 15:00:00,2023-10-14 15:00:00,1,SPIKE,relative_humidity_pct,23.0,68.11224423738189,large,mag=45.11
a79ce50a,Jaisalmer,2023-09-24 21:00:00,2023-09-24 21:00:00,1,SPIKE,temperature_c,32.7,44.92422957707,large,mag=12.22
7b00479c,Jaisalmer,2023-12-30 21:00:00,2023-12-30 21:00:00,1,SPIKE,surface_pressure_hpa,989.4,985.2881545823533,medium,mag=-4.11
c82735de,Jaisalmer,2023-02-03 13:00:00,2023-02-03 13:00:00,1,SPIKE,relative_humidity_pct,17.0,31.605826381587462,medium,mag=14.61
758e8abb,Jaisalmer,2024-05-15 18:00:00,2024-05-15 18:00:00,1,SPIKE,temperature_c,40.4,42.67958253385008,small,mag=2.28
32676111,Jaisalmer,2022-05-07 05:00:00,2022-05-07 05:00:00,1,SPIKE,temperature_c,27.8,42.09492177311158,large,mag=14.29
3b07dffe,Jaisalmer,2021-12-25 02:00:00,2021-12-25 02:00:00,1,SPIKE,relative_humidity_pct,91.0,50.36112432898129,large,mag=-40.64
4b7016f3,Jaisalmer,2022-09-17 03:00:00,2022-09-17 03:00:00,1,SPIKE,temperature_c,25.0,29.44159434964057,medium,mag=4.44
16c8abc0,Jaisalmer,2021-09-30 17:00:00,2021-09-30 17:00:00,1,SPIKE,temperature_c,32.3,46.65729622711421,large,mag=14.36
9e527e27,Jaisalmer,2023-01-08 03:00:00,2023-01-08 03:00:00,1,SPIKE,relative_humidity_pct,40.0,73.44132724071571,large,mag=33.44
700a5548,Jaisalmer,2022-10-06 21:00:00,2022-10-06 21:00:00,1,SPIKE,relative_humidity_pct,26.0,38.888074403950085,medium,mag=12.89
7c125421,Jaisalmer,2024-03-26 05:00:00,2024-03-26 05:00:00,1,SPIKE,relative_humidity_pct,38.0,32.509369923929704,small,mag=-5.49
a1c0cc1f,Jaisalmer,2023-11-07 01:00:00,2023-11-07 01:00:00,1,SPIKE,surface_pressure_hpa,987.0,982.2029459252682,medium,mag=-4.80
900fbff7,Jaisalmer,2022-06-20 09:00:00,2022-06-20 09:00:00,1,SPIKE,relative_humidity_pct,58.0,23.842067780384717,large,mag=-34.16
d81207b6,Jaisalmer,2022-02-03 06:00:00,2022-02-03 06:00:00,1,SPIKE,surface_pressure_hpa,980.8,978.6782012488167,small,mag=-2.12
089e1cd6,Jaisalmer,2022-02-13 08:00:00,2022-02-13 08:00:00,1,SPIKE,temperature_c,15.0,31.414006524871933,large,mag=16.41
e22171ad,Jaisalmer,2024-07-15 13:00:00,2024-07-15 13:00:00,1,SPIKE,temperature_c,38.6,36.37858248096666,small,mag=-2.22
f8f01c4b,Jaisalmer,2021-01-27 14:00:00,2021-01-27 14:00:00,1,SPIKE,relative_humidity_pct,13.0,46.433514370027765,large,mag=33.43
dfaf8c6c,Jaisalmer,2022-04-28 06:00:00,2022-04-28 06:00:00,1,SPIKE,surface_pressure_hpa,978.0,973.3033842863069,medium,mag=-4.70
91c358aa,Jaisalmer,2024-02-26 00:00:00,2024-02-26 00:00:00,1,SPIKE,relative_humidity_pct,28.0,40.145240982011615,medium,mag=12.15
917c07f7,Jaisalmer,2024-09-26 05:00:00,2024-09-26 05:00:00,1,SPIKE,relative_humidity_pct,56.0,61.23244198890901,small,mag=5.23
769c3b70,Jaisalmer,2022-01-03 04:00:00,2022-01-03 04:00:00,1,SPIKE,relative_humidity_pct,60.0,27.28195918509803,large,mag=-32.72
19f38f50,Jaisalmer,2024-11-12 18:00:00,2024-11-12 18:00:00,1,SPIKE,temperature_c,28.1,29.824792973743286,small,mag=1.72
0bd1f673,Jaisalmer,2024-12-29 03:00:00,2024-12-29 03:00:00,1,SPIKE,surface_pressure_hpa,991.3,989.6563695893105,small,mag=-1.64
d504d074,Jaisalmer,2024-08-21 19:00:00,2024-08-21 19:00:00,1,SPIKE,surface_pressure_hpa,976.4,978.656107165144,small,mag=2.26
604589dd,Jaisalmer,2023-03-31 07:00:00,2023-03-31 07:00:00,1,SPIKE,temperature_c,19.2,23.42255598463294,medium,mag=4.22
973a43ec,Jaisalmer,2022-11-17 07:00:00,2022-11-17 07:00:00,1,SPIKE,relative_humidity_pct,62.0,48.74594275325479,medium,mag=-13.25
da9f0362,Jaisalmer,2021-05-11 06:00:00,2021-05-11 06:00:00,1,SPIKE,surface_pressure_hpa,976.6,974.5813872948268,small,mag=-2.02
726052fa,Jaisalmer,2023-12-24 21:00:00,2023-12-24 21:00:00,1,SPIKE,relative_humidity_pct,54.0,10.321222663843372,large,mag=-43.68
a16e58de,Jaisalmer,2021-09-28 06:00:00,2021-09-28 06:00:00,1,SPIKE,temperature_c,25.3,37.41033107533783,large,mag=12.11
f4f5b966,Jaisalmer,2022-03-23 00:00:00,2022-03-23 00:00:00,1,SPIKE,surface_pressure_hpa,981.6,999.6436507564974,large,mag=18.04
4a7f954e,Jaisalmer,2021-06-13 22:00:00,2021-06-13 22:00:00,1,SPIKE,temperature_c,35.6,30.206946623057654,medium,mag=-5.39
4d38c37d,Jaisalmer,2022-08-12 08:00:00,2022-08-12 08:00:00,1,SPIKE,relative_humidity_pct,86.0,80.10964703547457,small,mag=-5.89
731f115a,Jaisalmer,2022-11-26 09:00:00,2022-11-26 09:00:00,1,SPIKE,temperature_c,19.9,25.22596327144031,medium,mag=5.33
57739378,Jaisalmer,2024-07-25 06:00:00,2024-07-25 06:00:00,1,SPIKE,surface_pressure_hpa,966.7,970.7381566478684,medium,mag=4.04
6da16556,Jaisalmer,2021-09-20 23:00:00,2021-09-20 23:00:00,1,SPIKE,surface_pressure_hpa,978.6,973.8385975940744,medium,mag=-4.76
9f356458,Jaisalmer,2024-05-13 09:00:00,2024-05-13 09:00:00,1,SPIKE,surface_pressure_hpa,983.4,985.3877297214673,small,mag=1.99
9c736d5c,Jaisalmer,2023-07-03 20:00:00,2023-07-03 20:00:00,1,SPIKE,surface_pressure_hpa,972.2,954.6089983999342,large,mag=-17.59
f1868a65,Jaisalmer,2022-12-11 08:00:00,2022-12-11 08:00:00,1,SPIKE,relative_humidity_pct,66.0,98.34381533142952,large,mag=32.34
7b3030dc,Jaisalmer,2023-09-13 16:00:00,2023-09-13 16:00:00,1,SPIKE,temperature_c,37.2,22.26040292709769,large,mag=-14.94
c3c19d84,Jaisalmer,2023-09-11 21:00:00,2023-09-11 21:00:00,1,SPIKE,surface_pressure_hpa,975.0,972.8525509157663,small,mag=-2.15
50e9460b,Jaisalmer,2022-12-05 17:00:00,2022-12-05 17:00:00,1,SPIKE,relative_humidity_pct,24.0,-23.93591057994894,large,mag=-47.94
ce899526,Jaisalmer,2023-07-29 17:00:00,2023-07-29 17:00:00,1,SPIKE,surface_pressure_hpa,971.6,976.8515847274316,medium,mag=5.25
b2f4c2ab,Jaisalmer,2021-02-24 03:00:00,2021-02-24 03:00:00,1,SPIKE,relative_humidity_pct,36.0,41.898232836726216,small,mag=5.90
3b2f4ff0,Jaisalmer,2024-01-30 09:00:00,2024-01-30 09:00:00,1,SPIKE,temperature_c,17.5,15.585722722667862,small,mag=-1.91
d839fa4a,Jaisalmer,2021-11-28 01:00:00,2021-11-28 01:00:00,1,SPIKE,temperature_c,18.0,20.01657427525881,small,mag=2.02
e43a4c0d,Jaisalmer,2023-08-17 17:00:00,2023-08-17 17:00:00,1,SPIKE,surface_pressure_hpa,976.0,997.4921865002768,large,mag=21.49
4e2b320e,Jaisalmer,2022-06-28 06:00:00,2022-06-28 06:00:00,1,SPIKE,relative_humidity_pct,62.0,66.85292999402489,small,mag=4.85
a15d13dd,Jaisalmer,2022-04-22 14:00:00,2022-04-22 14:00:00,1,SPIKE,relative_humidity_pct,7.0,-33.67574001929428,large,mag=-40.68
63d24af1,Jaisalmer,2023-02-17 04:00:00,2023-02-17 04:00:00,1,SPIKE,temperature_c,22.9,7.651877038893909,large,mag=-15.25
fc688668,Jaisalmer,2023-08-28 16:00:00,2023-08-28 16:00:00,1,SPIKE,temperature_c,36.7,34.53589088977192,small,mag=-2.16
33228611,Jaisalmer,2023-06-07 17:00:00,2023-06-07 17:00:00,1,SPIKE,surface_pressure_hpa,975.4,973.0727983237756,small,mag=-2.33
66f6e573,Jaisalmer,2024-10-25 20:00:00,2024-10-25 20:00:00,1,SPIKE,temperature_c,30.8,48.302672724040505,large,mag=17.50
39e6357a,Jaisalmer,2024-08-24 04:00:00,2024-08-24 04:00:00,1,SPIKE,relative_humidity_pct,86.0,91.89720312832952,small,mag=5.90
48aaebb9,Jaisalmer,2024-05-05 10:00:00,2024-05-05 10:00:00,1,SPIKE,temperature_c,33.4,31.096289502706988,small,mag=-2.30
2b8906a6,Jaisalmer,2021-08-03 02:00:00,2021-08-03 02:00:00,1,SPIKE,surface_pressure_hpa,973.1,975.4041055200869,small,mag=2.30
3cbb1c32,Jaisalmer,2023-11-07 13:00:00,2023-11-07 13:00:00,1,SPIKE,relative_humidity_pct,25.0,8.52634162006817,medium,mag=-16.47
b2ba6f76,Jaisalmer,2023-02-22 09:00:00,2023-02-22 09:00:00,1,SPIKE,surface_pressure_hpa,985.7,963.4671369202177,large,mag=-22.23
145ccee4,Jaisalmer,2024-06-20 08:00:00,2024-06-20 08:00:00,1,SPIKE,temperature_c,29.7,27.49004201301363,small,mag=-2.21
ade0b82f,Jaisalmer,2022-01-31 12:00:00,2022-01-31 12:00:00,1,SPIKE,surface_pressure_hpa,985.0,964.4636552564882,large,mag=-20.54
fe79980c,Jaisalmer,2022-04-03 14:00:00,2022-04-03 14:00:00,1,SPIKE,temperature_c,39.8,23.67573268892983,large,mag=-16.12
87c89e11,Jaisalmer,2023-07-11 07:00:00,2023-07-11 07:00:00,1,SPIKE,relative_humidity_pct,81.0,85.95320444008837,small,mag=4.95
639d1a9f,Jaisalmer,2024-02-26 20:00:00,2024-02-26 20:00:00,1,SPIKE,surface_pressure_hpa,988.9,967.7034515754009,large,mag=-21.20
19ecd588,Jaisalmer,2024-01-11 07:00:00,2024-01-11 07:00:00,1,SPIKE,temperature_c,7.0,2.72497455531677,medium,mag=-4.28
a4b5ba70,Jaisalmer,2021-07-14 19:00:00,2021-07-14 19:00:00,1,SPIKE,temperature_c,34.1,31.888368916697413,small,mag=-2.21
039ad8be,Jaisalmer,2021-08-05 00:00:00,2021-08-05 00:00:00,1,SPIKE,temperature_c,31.6,36.04510842475842,medium,mag=4.45
034a9d56,Jaisalmer,2022-03-19 08:00:00,2022-03-19 08:00:00,1,SPIKE,surface_pressure_hpa,978.7,980.3529090593879,small,mag=1.65
c040274d,Jaisalmer,2023-07-28 07:00:00,2023-07-28 07:00:00,1,SPIKE,relative_humidity_pct,92.0,54.80166997113527,large,mag=-37.20
d1280126,Jaisalmer,2022-09-16 04:00:00,2022-09-16 04:00:00,1,SPIKE,relative_humidity_pct,76.0,70.44757056173941,small,mag=-5.55
ab339119,Jaisalmer,2023-05-07 00:00:00,2023-05-07 00:00:00,1,SPIKE,surface_pressure_hpa,978.4,1000.1616073079643,large,mag=21.76
402c0062,Jaisalmer,2023-05-16 06:00:00,2023-05-16 06:00:00,1,SPIKE,relative_humidity_pct,81.0,122.15095121786663,large,mag=41.15
b5773732,Jaisalmer,2023-03-07 14:00:00,2023-03-07 14:00:00,1,SPIKE,surface_pressure_hpa,987.3,1008.9329004041505,large,mag=21.63
76a538ee,Jaisalmer,2023-01-01 09:00:00,2023-01-01 09:00:00,1,SPIKE,temperature_c,13.8,-0.9414025437985387,large,mag=-14.74
879eba04,Jaisalmer,2023-12-16 20:00:00,2023-12-16 20:00:00,1,SPIKE,temperature_c,18.5,20.416488957308715,small,mag=1.92
40ebf9ec,Jaisalmer,2021-04-18 04:00:00,2021-04-22 02:00:00,2,DRIFT,relative_humidity_pct,27.0,42.499999999999986,fast,"rate=0.100,dur=95"
60af0d98,Jaisalmer,2021-05-15 14:00:00,2021-05-17 13:00:00,2,DRIFT,relative_humidity_pct,19.0,19.6,medium,"rate=-0.050,dur=48"
a03b6485,Jaisalmer,2023-04-12 15:00:00,2023-04-15 02:00:00,2,DRIFT,relative_humidity_pct,16.0,19.4,slow,"rate=-0.010,dur=60"
f9f1f470,Jaisalmer,2021-05-29 22:00:00,2021-06-03 13:00:00,2,DRIFT,surface_pressure_hpa,975.0,975.98,slow,"rate=-0.010,dur=112"
29fc8f96,Jaisalmer,2024-05-18 10:00:00,2024-05-19 20:00:00,2,DRIFT,surface_pressure_hpa,979.1,970.3,fast,"rate=-0.100,dur=35"
cec09223,Jaisalmer,2022-01-05 11:00:00,2022-01-06 23:00:00,3,FREEZE,relative_humidity_pct,84.9,85.0,quantized,dur=37
a3bc0fa8,Jaisalmer,2022-11-23 03:00:00,2022-11-23 14:00:00,3,FREEZE,relative_humidity_pct,45.1,45.0,quantized,dur=12
c35bedb3,Jaisalmer,2023-01-30 10:00:00,2023-02-01 08:00:00,3,FREEZE,temperature_c,16.9,17.0,quantized,dur=47
5bb9de50,Jaisalmer,2024-11-20 03:00:00,2024-11-21 21:00:00,3,FREEZE,relative_humidity_pct,37.0,37.0,exact,dur=43
9ba87a07,Jaisalmer,2022-09-28 11:00:00,2022-09-29 16:00:00,3,FREEZE,temperature_c,32.9,33.0,quantized,dur=30
955a839e,Jaisalmer,2021-04-08 02:00:00,2021-04-08 21:00:00,3,FREEZE,relative_humidity_pct,28.1,28.0,quantized,dur=20
545a8970,Jaisalmer,2021-11-16 01:00:00,2021-11-17 07:00:00,3,FREEZE,surface_pressure_hpa,983.1,983.1,exact,dur=31
bd1a1188,Jaisalmer,2021-03-28 08:00:00,2021-03-29 12:00:00,3,FREEZE,relative_humidity_pct,23.9,24.0,quantized,dur=29
9c8d7755,Jaisalmer,2021-01-12 05:00:00,2021-01-13 11:00:00,3,FREEZE,temperature_c,12.7,12.7,exact,dur=31
22cd7665,Jaisalmer,2021-08-26 18:00:00,2021-08-28 02:00:00,3,FREEZE,relative_humidity_pct,39.0,39.0,exact,dur=33
fa4a214b,Jaisalmer,2021-10-09 12:00:00,2021-10-09 12:00:00,4,RANGE,temperature_c,36.4,55.14496343101321,just_outside,out_of_bounds
dbe038cc,Jaisalmer,2024-11-22 12:00:00,2024-11-22 12:00:00,4,RANGE,temperature_c,28.0,56.91799819669872,just_outside,out_of_bounds
05f03bfd,Jaisalmer,2023-05-04 06:00:00,2023-05-04 06:00:00,4,RANGE,temperature_c,23.8,87.8383352129136,severe,out_of_bounds
c8b0791b,Jaisalmer,2021-03-03 09:00:00,2021-03-03 09:00:00,4,RANGE,relative_humidity_pct,19.0,-999.0,impossible,out_of_bounds
5392f791,Jaisalmer,2023-05-03 08:00:00,2023-05-03 08:00:00,4,RANGE,relative_humidity_pct,77.0,146.5865676507008,severe,out_of_bounds
deabde6c,Jaisalmer,2022-07-28 00:00:00,2022-07-28 00:00:00,4,RANGE,temperature_c,25.7,9999.0,impossible,out_of_bounds
50a136ea,Jaisalmer,2023-05-27 05:00:00,2023-05-27 05:00:00,4,RANGE,temperature_c,27.2,91.35578604516317,severe,out_of_bounds
45236ddf,Jaisalmer,2022-07-02 15:00:00,2022-07-02 15:00:00,4,RANGE,temperature_c,31.3,9999.0,impossible,out_of_bounds
3feab80a,Jaisalmer,2022-06-10 18:00:00,2022-06-10 18:00:00,4,RANGE,relative_humidity_pct,28.0,102.82233668298697,just_outside,out_of_bounds
f88d5d58,Jaisalmer,2023-02-22 12:00:00,2023-02-22 12:00:00,4,RANGE,relative_humidity_pct,17.0,138.53553709235683,severe,out_of_bounds
abd020be,Jaisalmer,2023-01-26 10:00:00,2023-01-26 10:00:00,4,RANGE,temperature_c,12.2,59.30548138527948,just_outside,out_of_bounds
a3f0b672,Jaisalmer,2024-12-24 11:00:00,2024-12-24 11:00:00,4,RANGE,relative_humidity_pct,65.0,151.36615346870008,severe,out_of_bounds
18c4848d,Jaisalmer,2023-05-22 11:00:00,2023-05-22 11:00:00,4,RANGE,relative_humidity_pct,40.0,156.26264541596575,severe,out_of_bounds
e3d4983b,Jaisalmer,2024-04-19 12:00:00,2024-04-19 12:00:00,4,RANGE,temperature_c,32.1,57.37667181018319,just_outside,out_of_bounds
eeb6f3e9,Jaisalmer,2021-11-18 06:00:00,2021-11-18 06:00:00,4,RANGE,relative_humidity_pct,51.0,156.89933469639197,severe,out_of_bounds
de29f86b,Jaisalmer,2023-01-15 12:00:00,2023-01-15 12:00:00,4,RANGE,temperature_c,15.5,95.35883029529683,severe,out_of_bounds
60315ed6,Jaisalmer,2022-02-12 17:00:00,2022-02-12 17:00:00,4,RANGE,temperature_c,26.3,9999.0,impossible,out_of_bounds
caad477e,Jaisalmer,2022-03-07 01:00:00,2022-03-07 01:00:00,4,RANGE,temperature_c,22.0,96.3510578445007,severe,out_of_bounds
a8da8b14,Jaisalmer,2023-01-18 05:00:00,2023-01-18 05:00:00,4,RANGE,temperature_c,9.1,91.12299720189742,severe,out_of_bounds
d0beb8cc,Jaisalmer,2021-11-09 13:00:00,2021-11-09 13:00:00,4,RANGE,temperature_c,32.0,90.65491131856663,severe,out_of_bounds
976b7037,Jaisalmer,2021-02-11 15:00:00,2021-02-11 15:00:00,4,RANGE,relative_humidity_pct,11.0,-999.0,impossible,out_of_bounds
bcf3fdb9,Jaisalmer,2024-11-04 17:00:00,2024-11-04 17:00:00,4,RANGE,relative_humidity_pct,23.0,103.48349935542616,just_outside,out_of_bounds
d387687a,Jaisalmer,2021-10-07 13:00:00,2021-10-07 13:00:00,4,RANGE,temperature_c,36.1,87.6763291755408,severe,out_of_bounds
c5b09da8,Jaisalmer,2022-07-19 02:00:00,2022-07-19 02:00:00,4,RANGE,relative_humidity_pct,94.0,104.25566281956613,just_outside,out_of_bounds
3894f23e,Jaisalmer,2023-08-15 14:00:00,2023-08-15 14:00:00,4,RANGE,relative_humidity_pct,47.0,165.3768955393593,severe,out_of_bounds
391f4cb0,Jaisalmer,2023-05-20 16:00:00,2023-05-20 16:00:00,4,RANGE,relative_humidity_pct,11.0,-999.0,impossible,out_of_bounds
5ef0a5d9,Jaisalmer,2023-01-11 03:00:00,2023-01-11 03:00:00,4,RANGE,temperature_c,11.9,58.31306128463169,just_outside,out_of_bounds
0872caaf,Jaisalmer,2022-01-22 13:00:00,2022-01-22 13:00:00,4,RANGE,temperature_c,17.9,9999.0,impossible,out_of_bounds
cadb172a,Jaisalmer,2023-02-13 12:00:00,2023-02-13 12:00:00,4,RANGE,relative_humidity_pct,6.0,103.36865254032837,just_outside,out_of_bounds
c5aff178,Jaisalmer,2022-10-31 12:00:00,2022-10-31 12:00:00,4,RANGE,relative_humidity_pct,20.0,164.4070160971009,severe,out_of_bounds
3814ea81,Jaisalmer,2022-04-13 16:00:00,2022-04-13 16:00:00,4,RANGE,relative_humidity_pct,15.0,102.23214289414535,just_outside,out_of_bounds
7026423e,Jaisalmer,2021-07-14 12:00:00,2021-07-14 12:00:00,4,RANGE,relative_humidity_pct,55.0,103.39303672637774,just_outside,out_of_bounds
2bf12f3c,Jaisalmer,2023-05-01 06:00:00,2023-05-01 06:00:00,4,RANGE,relative_humidity_pct,88.0,159.54361179172344,severe,out_of_bounds
f3e1ad39,Jaisalmer,2023-07-14 23:00:00,2023-07-14 23:00:00,4,RANGE,temperature_c,33.6,56.08805886719501,just_outside,out_of_bounds
1135d634,Jaisalmer,2024-04-26 10:00:00,2024-04-26 10:00:00,4,RANGE,temperature_c,30.9,9999.0,impossible,out_of_bounds
a0d7983e,Jaisalmer,2021-01-01 12:00:00,2021-01-01 16:00:00,5,COMMUNICATION,all,16.6,,burst_missing,dur=5
1764cdd6,Jaisalmer,2024-05-21 22:00:00,2024-05-21 22:00:00,5,COMMUNICATION,temperature_c,36.9,,partial_missing,dur=1
e13a8d08,Jaisalmer,2023-03-07 23:00:00,2023-03-07 23:00:00,5,COMMUNICATION,all,22.4,,missing_packet,dur=1
06188bb5,Jaisalmer,2024-05-06 01:00:00,2024-05-06 06:00:00,5,COMMUNICATION,all,30.5,,burst_missing,dur=6
851bca49,Jaisalmer,2023-05-15 12:00:00,2023-05-15 12:00:00,5,COMMUNICATION,all,37.1,,missing_packet,dur=1
14649823,Jaisalmer,2023-04-12 14:00:00,2023-04-12 14:00:00,5,COMMUNICATION,all,36.1,,missing_packet,dur=1
09e172b4,Jaisalmer,2023-07-30 01:00:00,2023-07-30 03:00:00,5,COMMUNICATION,all,25.9,,burst_missing,dur=3
48cea14b,Jaisalmer,2024-10-25 19:00:00,2024-10-25 19:00:00,5,COMMUNICATION,all,31.6,,missing_packet,dur=1
13f45229,Jaisalmer,2021-12-15 07:00:00,2021-12-15 07:00:00,5,COMMUNICATION,all,7.7,,missing_packet,dur=1
0d5735d1,Jaisalmer,2021-06-20 10:00:00,2021-06-20 10:00:00,5,COMMUNICATION,all,33.1,,missing_packet,dur=1
5f18c4c7,Jaisalmer,2021-05-26 01:00:00,2021-05-26 08:00:00,5,COMMUNICATION,all,28.8,,burst_missing,dur=8
a79e20dc,Jaisalmer,2021-10-27 13:00:00,2021-10-27 13:00:00,5,COMMUNICATION,all,31.3,,missing_packet,dur=1
a7ec9c0e,Jaisalmer,2021-03-27 03:00:00,2021-03-27 11:00:00,5,COMMUNICATION,all,25.6,,burst_missing,dur=9
efcb1ea7,Jaisalmer,2023-12-13 14:00:00,2023-12-13 14:00:00,5,COMMUNICATION,temperature_c,24.3,,partial_missing,dur=1
c4e57a2b,Jaisalmer,2023-05-19 16:00:00,2023-05-19 16:00:00,5,COMMUNICATION,temperature_c,40.8,,partial_missing,dur=1
0bbbb040,Jaisalmer,2023-11-12 06:00:00,2023-11-12 06:00:00,5,COMMUNICATION,all,15.8,,missing_packet,dur=1
96165399,Jaisalmer,2023-11-08 22:00:00,2023-11-08 22:00:00,5,COMMUNICATION,all,25.6,,missing_packet,dur=1
8cdcc6a0,Jaisalmer,2022-07-31 18:00:00,2022-07-31 18:00:00,5,COMMUNICATION,temperature_c,30.5,,partial_missing,dur=1
71819062,Jaisalmer,2022-04-19 12:00:00,2022-04-19 12:00:00,5,COMMUNICATION,all,37.9,,missing_packet,dur=1
79404eb1,Jaisalmer,2022-01-15 18:00:00,2022-01-16 02:00:00,5,COMMUNICATION,all,14.9,,burst_missing,dur=9
7cb783fd,Jaisalmer,2023-09-11 19:00:00,2023-09-11 19:00:00,5,COMMUNICATION,all,36.5,,missing_packet,dur=1
c63b4a21,Jaisalmer,2022-02-26 06:00:00,2022-02-26 06:00:00,5,COMMUNICATION,all,14.0,,missing_packet,dur=1
db1853f7,Jaisalmer,2021-12-09 19:00:00,2021-12-09 21:00:00,5,COMMUNICATION,all,19.2,,burst_missing,dur=3
d3fa9b82,Jaisalmer,2021-07-15 21:00:00,2021-07-15 21:00:00,5,COMMUNICATION,temperature_c,33.2,,partial_missing,dur=1
8490b350,Jaisalmer,2021-02-12 21:00:00,2021-02-13 06:00:00,5,COMMUNICATION,all,22.7,,burst_missing,dur=10
a9c87573,Jaisalmer,2024-04-07 13:00:00,2024-04-07 16:00:00,5,COMMUNICATION,all,36.0,,burst_missing,dur=4
1edf525c,Jaisalmer,2022-01-10 16:00:00,2022-01-10 16:00:00,5,COMMUNICATION,temperature_c,17.2,,partial_missing,dur=1
f57e5d66,Jaisalmer,2024-02-10 13:00:00,2024-02-10 13:00:00,5,COMMUNICATION,all,24.7,,missing_packet,dur=1
047046df,Jaisalmer,2024-03-08 10:00:00,2024-03-08 10:00:00,5,COMMUNICATION,temperature_c,21.1,,partial_missing,dur=1
830c47aa,Jaisalmer,2022-05-06 23:00:00,2022-05-06 23:00:00,5,COMMUNICATION,all,32.9,,missing_packet,dur=1
d2ee0fba,Jaisalmer,2024-10-23 01:00:00,2024-10-23 01:00:00,5,COMMUNICATION,all,25.5,,missing_packet,dur=1
8697651b,Jaisalmer,2024-05-13 22:00:00,2024-05-13 22:00:00,5,COMMUNICATION,all,33.9,,missing_packet,dur=1
c601f6e3,Jaisalmer,2023-08-29 05:00:00,2023-08-29 09:00:00,5,COMMUNICATION,all,25.1,,burst_missing,dur=5
1c468ca0,Jaisalmer,2024-03-05 21:00:00,2024-03-05 21:00:00,5,COMMUNICATION,temperature_c,17.9,,partial_missing,dur=1
51b2220e,Jaisalmer,2021-01-21 06:00:00,2021-01-21 06:00:00,5,COMMUNICATION,temperature_c,10.0,,partial_missing,dur=1
2a622e23,Jaisalmer,2024-09-22 07:00:00,2024-09-22 07:00:00,5,COMMUNICATION,temperature_c,27.7,,partial_missing,dur=1
f0b34e73,Jaisalmer,2022-10-09 11:00:00,2022-10-09 11:00:00,5,COMMUNICATION,temperature_c,30.7,,partial_missing,dur=1
176c88a0,Jaisalmer,2024-10-02 01:00:00,2024-10-02 01:00:00,5,COMMUNICATION,all,29.0,,missing_packet,dur=1
8d67dd97,Jaisalmer,2024-01-27 20:00:00,2024-01-27 20:00:00,5,COMMUNICATION,temperature_c,17.0,,partial_missing,dur=1
007d7a0c,Jaisalmer,2023-09-30 01:00:00,2023-09-30 03:00:00,5,COMMUNICATION,all,29.0,,burst_missing,dur=3
67171444,Jaisalmer,2024-08-12 15:00:00,2024-08-12 15:00:00,5,COMMUNICATION,temperature_c,32.2,,partial_missing,dur=1
910d6479,Jaisalmer,2023-10-04 11:00:00,2023-10-04 20:00:00,5,COMMUNICATION,all,35.7,,burst_missing,dur=10
ec1e2058,Jaisalmer,2021-08-07 15:00:00,2021-08-07 21:00:00,5,COMMUNICATION,all,38.9,,burst_missing,dur=7
e1aae63d,Jaisalmer,2024-06-23 14:00:00,2024-06-23 14:00:00,5,COMMUNICATION,temperature_c,40.5,,partial_missing,dur=1
96a24440,Jaisalmer,2021-08-02 15:00:00,2021-08-02 15:00:00,5,COMMUNICATION,temperature_c,34.3,,partial_missing,dur=1
b2560187,Jaisalmer,2021-08-30 12:00:00,2021-08-30 21:00:00,5,COMMUNICATION,all,35.7,,burst_missing,dur=10
93e4ad9d,Jaisalmer,2021-08-02 05:00:00,2021-08-02 05:00:00,5,COMMUNICATION,temperature_c,26.4,,partial_missing,dur=1
60223dac,Jaisalmer,2023-05-04 07:00:00,2023-05-04 07:00:00,5,COMMUNICATION,temperature_c,24.6,,partial_missing,dur=1
3b231102,Jaisalmer,2021-05-25 02:00:00,2021-05-25 02:00:00,5,COMMUNICATION,all,26.5,,missing_packet,dur=1
1fab3046,Jaisalmer,2021-01-30 10:00:00,2021-01-30 10:00:00,5,COMMUNICATION,all,18.2,,missing_packet,dur=1
9e1637f9,Jaisalmer,2024-05-24 19:00:00,2024-05-24 19:00:00,5,COMMUNICATION,temperature_c,43.0,,partial_missing,dur=1
78f9cc73,Jaisalmer,2024-07-05 07:00:00,2024-07-05 07:00:00,5,COMMUNICATION,temperature_c,30.0,,partial_missing,dur=1
05cb4ee4,Jaisalmer,2023-06-25 06:00:00,2023-06-25 06:00:00,5,COMMUNICATION,all,28.9,,missing_packet,dur=1
991f30db,Jaisalmer,2023-08-22 16:00:00,2023-08-22 16:00:00,5,COMMUNICATION,all,36.4,,missing_packet,dur=1
e1860e56,Jaisalmer,2023-03-01 17:00:00,2023-03-01 19:00:00,5,COMMUNICATION,all,30.9,,burst_missing,dur=3
b2a7862a,Jaisalmer,2023-04-11 07:00:00,2023-04-11 07:00:00,5,COMMUNICATION,temperature_c,27.1,,partial_missing,dur=1
57f9339a,Jaisalmer,2022-12-13 04:00:00,2022-12-13 13:00:00,5,COMMUNICATION,all,14.6,,burst_missing,dur=10
c406e4ad,Jaisalmer,2022-04-07 16:00:00,2022-04-07 16:00:00,5,COMMUNICATION,temperature_c,41.8,,partial_missing,dur=1
6ac6de85,Jaisalmer,2021-05-21 22:00:00,2021-05-21 22:00:00,5,COMMUNICATION,temperature_c,33.7,,partial_missing,dur=1
77233de0,Jaisalmer,2023-03-08 16:00:00,2023-03-08 16:00:00,5,COMMUNICATION,temperature_c,31.1,,partial_missing,dur=1
a9a2e606,Jaisalmer,2021-03-16 13:00:00,2021-03-16 13:00:00,5,COMMUNICATION,all,35.7,,missing_packet,dur=1
9725bc24,Jaisalmer,2024-08-16 17:00:00,2024-08-16 21:00:00,5,COMMUNICATION,all,27.7,,burst_missing,dur=5
80a80881,Jaisalmer,2024-10-12 14:00:00,2024-10-12 20:00:00,5,COMMUNICATION,all,35.5,,burst_missing,dur=7
dcee7730,Jaisalmer,2022-11-20 06:00:00,2022-11-20 12:00:00,5,COMMUNICATION,all,16.4,,burst_missing,dur=7
b4cda2fb,Jaisalmer,2023-01-22 12:00:00,2023-01-22 12:00:00,5,COMMUNICATION,all,17.3,,missing_packet,dur=1
4d50b73b,Jaisalmer,2021-02-08 18:00:00,2021-02-08 18:00:00,5,COMMUNICATION,temperature_c,26.9,,partial_missing,dur=1
3b4bf0bf,Jaisalmer,2021-11-01 14:00:00,2021-11-01 14:00:00,5,COMMUNICATION,temperature_c,33.1,,partial_missing,dur=1
95dcda5d,Jaisalmer,2022-04-22 19:00:00,2022-04-22 19:00:00,5,COMMUNICATION,temperature_c,34.9,,partial_missing,dur=1
665e2f19,Jaisalmer,2022-02-17 16:00:00,2022-02-17 16:00:00,5,COMMUNICATION,temperature_c,28.6,,partial_missing,dur=1
4d3d649f,Jaisalmer,2024-05-04 15:00:00,2024-05-04 15:00:00,5,COMMUNICATION,all,38.1,,missing_packet,dur=1
c9f5ee90,Jaisalmer,2022-04-24 22:00:00,2022-04-24 22:00:00,6,MULTIVARIATE,relative_humidity_pct,14.0,5.0,moisture_mismatch,
c147accc,Jaisalmer,2022-10-07 23:00:00,2022-10-07 23:00:00,6,MULTIVARIATE,relative_humidity_pct,27.0,5.0,moisture_mismatch,
58f0d6cc,Jaisalmer,2022-05-09 17:00:00,2022-05-09 17:00:00,6,MULTIVARIATE,temperature_c,41.6,51.6,t_rh_mismatch,
1cd699c4,Jaisalmer,2023-07-26 04:00:00,2023-07-26 04:00:00,6,MULTIVARIATE,temperature_c,25.9,35.9,t_rh_mismatch,
9400f5dd,Jaisalmer,2022-02-01 03:00:00,2022-02-01 03:00:00,6,MULTIVARIATE,temperature_c,15.4,25.4,t_rh_mismatch,
88f81263,Jaisalmer,2024-09-16 06:00:00,2024-09-16 06:00:00,6,MULTIVARIATE,relative_humidity_pct,87.0,47.0,moisture_mismatch,
e4601be7,Jaisalmer,2023-11-13 07:00:00,2023-11-13 07:00:00,6,MULTIVARIATE,temperature_c,15.7,25.7,t_rh_mismatch,
0ed726c0,Jaisalmer,2024-04-16 23:00:00,2024-04-16 23:00:00,6,MULTIVARIATE,temperature_c,29.8,39.8,t_rh_mismatch,
1c84020c,Jaisalmer,2022-07-30 18:00:00,2022-07-30 18:00:00,6,MULTIVARIATE,relative_humidity_pct,74.0,34.0,moisture_mismatch,
ced377df,Jaisalmer,2021-05-29 08:00:00,2021-05-29 08:00:00,6,MULTIVARIATE,relative_humidity_pct,70.0,30.0,moisture_mismatch,
dcec2697,Jaisalmer,2021-11-13 17:00:00,2021-11-13 17:00:00,6,MULTIVARIATE,temperature_c,28.1,38.1,t_rh_mismatch,
7843926b,Jaisalmer,2022-04-03 15:00:00,2022-04-03 15:00:00,6,MULTIVARIATE,relative_humidity_pct,5.0,5.0,moisture_mismatch,
92341a67,Jaisalmer,2023-12-25 20:00:00,2023-12-25 20:00:00,6,MULTIVARIATE,relative_humidity_pct,61.0,21.0,moisture_mismatch,
6422084f,Jaisalmer,2023-04-03 22:00:00,2023-04-03 22:00:00,6,MULTIVARIATE,relative_humidity_pct,24.0,5.0,moisture_mismatch,
7b841163,Jaisalmer,2024-12-25 03:00:00,2024-12-25 03:00:00,6,MULTIVARIATE,temperature_c,10.7,20.7,t_rh_mismatch,
545781ae,Jaisalmer,2023-11-04 02:00:00,2023-11-04 02:00:00,6,MULTIVARIATE,relative_humidity_pct,32.0,5.0,moisture_mismatch,
f21c5abe,Jaisalmer,2024-07-19 22:00:00,2024-07-19 22:00:00,6,MULTIVARIATE,relative_humidity_pct,72.0,32.0,moisture_mismatch,
b01bc212,Jaisalmer,2022-02-01 08:00:00,2022-02-01 08:00:00,6,MULTIVARIATE,relative_humidity_pct,72.0,32.0,moisture_mismatch,
c4efb6a2,Jaisalmer,2021-02-02 09:00:00,2021-02-02 09:00:00,6,MULTIVARIATE,relative_humidity_pct,42.0,2.0,moisture_mismatch,
7983c05f,Jaisalmer,2024-05-10 13:00:00,2024-05-10 13:00:00,6,MULTIVARIATE,relative_humidity_pct,16.0,5.0,moisture_mismatch,
04ef0980,Jaisalmer,2023-05-13 00:00:00,2023-05-13 00:00:00,6,MULTIVARIATE,temperature_c,34.5,44.5,t_rh_mismatch,
4862d8d5,Jaisalmer,2021-09-23 20:00:00,2021-09-23 20:00:00,6,MULTIVARIATE,relative_humidity_pct,83.0,43.0,moisture_mismatch,
5c1348b5,Jaisalmer,2024-03-25 01:00:00,2024-03-25 01:00:00,6,MULTIVARIATE,relative_humidity_pct,31.0,5.0,moisture_mismatch,
e4edbdbc,Jaisalmer,2023-07-04 16:00:00,2023-07-04 16:00:00,6,MULTIVARIATE,relative_humidity_pct,30.0,5.0,moisture_mismatch,
e2935c18,Jaisalmer,2022-12-31 07:00:00,2022-12-31 07:00:00,6,MULTIVARIATE,temperature_c,8.1,18.1,t_rh_mismatch,
5a6e4759,Jaisalmer,2022-11-29 06:00:00,2022-11-29 06:00:00,6,MULTIVARIATE,relative_humidity_pct,45.0,5.0,moisture_mismatch,
744b6af2,Jaisalmer,2024-06-13 03:00:00,2024-06-13 03:00:00,6,MULTIVARIATE,temperature_c,29.4,39.4,t_rh_mismatch,
4b253415,Jaisalmer,2022-06-17 06:00:00,2022-06-17 06:00:00,6,MULTIVARIATE,relative_humidity_pct,76.0,36.0,moisture_mismatch,
2f591b6c,Jaisalmer,2022-05-07 07:00:00,2022-05-07 07:00:00,6,MULTIVARIATE,relative_humidity_pct,38.0,5.0,moisture_mismatch,
4d1449ac,Jaisalmer,2021-01-29 21:00:00,2021-01-29 21:00:00,6,MULTIVARIATE,temperature_c,16.5,26.5,t_rh_mismatch,
fdf1efe3,Jaisalmer,2021-07-05 13:00:00,2021-07-05 13:00:00,6,MULTIVARIATE,temperature_c,36.4,46.4,t_rh_mismatch,
8933dc95,Jaisalmer,2024-01-28 23:00:00,2024-01-28 23:00:00,6,MULTIVARIATE,temperature_c,18.8,28.8,t_rh_mismatch,
ac50ef7a,Jaisalmer,2024-12-05 07:00:00,2024-12-05 07:00:00,6,MULTIVARIATE,temperature_c,14.8,24.8,t_rh_mismatch,
40a159e8,Jaisalmer,2024-05-02 17:00:00,2024-05-02 17:00:00,6,MULTIVARIATE,relative_humidity_pct,9.0,5.0,moisture_mismatch,
8c7c259d,Jaisalmer,2022-08-23 03:00:00,2022-08-23 03:00:00,6,MULTIVARIATE,relative_humidity_pct,99.0,59.0,moisture_mismatch,
fdf1587f,Jaisalmer,2022-11-19 20:00:00,2022-11-19 20:00:00,6,MULTIVARIATE,temperature_c,24.8,34.8,t_rh_mismatch,
1d7637e3,Jaisalmer,2021-04-03 22:00:00,2021-04-03 22:00:00,6,MULTIVARIATE,temperature_c,28.7,38.7,t_rh_mismatch,
d8f50bec,Jaisalmer,2021-09-09 01:00:00,2021-09-09 01:00:00,6,MULTIVARIATE,temperature_c,32.0,42.0,t_rh_mismatch,
636d9326,Jaisalmer,2022-08-16 01:00:00,2022-08-16 01:00:00,6,MULTIVARIATE,temperature_c,26.3,36.3,t_rh_mismatch,
12c3e5e8,Jaisalmer,2021-11-24 14:00:00,2021-11-24 14:00:00,6,MULTIVARIATE,temperature_c,30.6,40.6,t_rh_mismatch,
bdb7d714,Jaisalmer,2021-12-21 17:00:00,2021-12-21 17:00:00,6,MULTIVARIATE,relative_humidity_pct,20.0,5.0,moisture_mismatch,
ff2dec55,Jaisalmer,2022-05-20 12:00:00,2022-05-20 12:00:00,6,MULTIVARIATE,temperature_c,41.1,51.1,t_rh_mismatch,
c957ceef,Jaisalmer,2022-05-19 03:00:00,2022-05-19 03:00:00,6,MULTIVARIATE,relative_humidity_pct,27.0,5.0,moisture_mismatch,
bb3e304e,Jaisalmer,2023-03-16 08:00:00,2023-03-16 08:00:00,6,MULTIVARIATE,relative_humidity_pct,40.0,0.0,moisture_mismatch,
8235312f,Jaisalmer,2021-07-26 18:00:00,2021-07-26 18:00:00,6,MULTIVARIATE,relative_humidity_pct,53.0,13.0,moisture_mismatch,
dac011b3,Jaisalmer,2023-01-25 17:00:00,2023-01-25 17:00:00,6,MULTIVARIATE,relative_humidity_pct,15.0,5.0,moisture_mismatch,
4a3b5356,Jaisalmer,2023-06-03 02:00:00,2023-06-03 02:00:00,6,MULTIVARIATE,relative_humidity_pct,78.0,38.0,moisture_mismatch,
03d668e7,Jaisalmer,2022-03-19 06:00:00,2022-03-19 06:00:00,6,MULTIVARIATE,temperature_c,22.8,32.8,t_rh_mismatch,
9fac7ab8,Jaisalmer,2023-01-28 04:00:00,2023-01-28 04:00:00,6,MULTIVARIATE,temperature_c,8.7,18.7,t_rh_mismatch,
a27ba8a9,Jaisalmer,2023-11-12 07:00:00,2023-11-12 07:00:00,6,MULTIVARIATE,relative_humidity_pct,78.0,38.0,moisture_mismatch,
3775d775,Jaisalmer,2023-06-28 08:00:00,2023-06-28 08:00:00,6,MULTIVARIATE,temperature_c,30.0,40.0,t_rh_mismatch,
3253387e,Jaisalmer,2022-12-07 03:00:00,2022-12-07 03:00:00,6,MULTIVARIATE,relative_humidity_pct,51.0,11.0,moisture_mismatch,
f46fe7f6,Jaisalmer,2022-05-01 20:00:00,2022-05-01 20:00:00,6,MULTIVARIATE,relative_humidity_pct,11.0,5.0,moisture_mismatch,
8731072d,Jaisalmer,2021-07-09 12:00:00,2021-07-09 12:00:00,6,MULTIVARIATE,relative_humidity_pct,43.0,3.0,moisture_mismatch,
a2a1172b,Jaisalmer,2022-07-02 23:00:00,2022-07-02 23:00:00,6,MULTIVARIATE,relative_humidity_pct,91.0,51.0,moisture_mismatch,
15c54da1,Jaisalmer,2022-05-03 06:00:00,2022-05-03 06:00:00,6,MULTIVARIATE,relative_humidity_pct,63.0,23.0,moisture_mismatch,
b374e91a,Jaisalmer,2021-10-24 02:00:00,2021-10-24 02:00:00,6,MULTIVARIATE,temperature_c,23.6,33.6,t_rh_mismatch,
d1e1016b,Jaisalmer,2024-03-23 14:00:00,2024-03-23 14:00:00,6,MULTIVARIATE,temperature_c,36.5,46.5,t_rh_mismatch,
746de1e0,Jaisalmer,2021-10-18 03:00:00,2021-10-18 03:00:00,6,MULTIVARIATE,relative_humidity_pct,42.0,2.0,moisture_mismatch,
ace2b6db,Jaisalmer,2022-12-09 05:00:00,2022-12-09 05:00:00,6,MULTIVARIATE,temperature_c,15.1,25.1,t_rh_mismatch,
f622f65e,Jaisalmer,2021-04-06 04:00:00,2021-04-06 04:00:00,6,MULTIVARIATE,temperature_c,25.4,35.4,t_rh_mismatch,
a8f1fcc4,Jaisalmer,2021-07-12 06:00:00,2021-07-12 06:00:00,6,MULTIVARIATE,relative_humidity_pct,83.0,43.0,moisture_mismatch,
9b1e0d79,Jaisalmer,2024-05-02 13:00:00,2024-05-02 13:00:00,6,MULTIVARIATE,temperature_c,35.1,45.1,t_rh_mismatch,
dcb73c70,Jaisalmer,2024-09-21 01:00:00,2024-09-21 01:00:00,6,MULTIVARIATE,temperature_c,30.7,40.7,t_rh_mismatch,
d566b794,Jaisalmer,2021-01-03 08:00:00,2021-01-03 08:00:00,6,MULTIVARIATE,temperature_c,9.1,19.1,t_rh_mismatch,
bc9150e5,Jaisalmer,2023-12-03 06:00:00,2023-12-03 06:00:00,6,MULTIVARIATE,relative_humidity_pct,89.0,49.0,moisture_mismatch,
f488fd0f,Jaisalmer,2022-02-18 23:00:00,2022-02-18 23:00:00,6,MULTIVARIATE,relative_humidity_pct,44.0,4.0,moisture_mismatch,
997ec348,Jaisalmer,2023-12-05 14:00:00,2023-12-05 14:00:00,6,MULTIVARIATE,temperature_c,23.3,33.3,t_rh_mismatch,
b81f014f,Jaisalmer,2024-11-08 08:00:00,2024-11-08 08:00:00,6,MULTIVARIATE,relative_humidity_pct,51.0,11.0,moisture_mismatch,
05f6ce59,Jaisalmer,2024-07-29 15:00:00,2024-07-29 15:00:00,6,MULTIVARIATE,relative_humidity_pct,36.0,5.0,moisture_mismatch,
89b26783,Mumbai,2024-01-08 22:00:00,2024-01-08 22:00:00,1,SPIKE,temperature_c,25.8,39.75410975352212,large,mag=13.95
d617d3f5,Mumbai,2021-07-11 10:00:00,2021-07-11 10:00:00,1,SPIKE,temperature_c,27.3,22.825763277146997,medium,mag=-4.47
b2da98c0,Mumbai,2022-09-09 17:00:00,2022-09-09 17:00:00,1,SPIKE,relative_humidity_pct,83.0,78.55867448339566,small,mag=-4.44
f383cf5d,Mumbai,2021-01-10 00:00:00,2021-01-10 00:00:00,1,SPIKE,relative_humidity_pct,85.0,38.75217849780738,large,mag=-46.25
5f2d6361,Mumbai,2023-11-16 17:00:00,2023-11-16 17:00:00,1,SPIKE,temperature_c,29.6,31.56399269806183,small,mag=1.96
6f7f88a6,Mumbai,2024-08-09 08:00:00,2024-08-09 08:00:00,1,SPIKE,relative_humidity_pct,94.0,77.68107270326519,medium,mag=-16.32
84385c53,Mumbai,2021-11-27 23:00:00,2021-11-27 23:00:00,1,SPIKE,surface_pressure_hpa,1009.6,1014.0044217815383,medium,mag=4.40
fb0c27ce,Mumbai,2023-09-08 02:00:00,2023-09-08 02:00:00,1,SPIKE,temperature_c,26.3,27.947721375707413,small,mag=1.65
87f6e8d0,Mumbai,2023-06-30 12:00:00,2023-06-30 12:00:00,1,SPIKE,temperature_c,26.8,28.766863139976405,small,mag=1.97
fff0547a,Mumbai,2023-04-07 22:00:00,2023-04-07 22:00:00,1,SPIKE,temperature_c,29.9,25.309676974957643,medium,mag=-4.59
c23e8ba3,Mumbai,2023-12-30 22:00:00,2023-12-30 22:00:00,1,SPIKE,temperature_c,23.6,41.03346860274384,large,mag=17.43
3d3fb39b,Mumbai,2021-05-31 17:00:00,2021-05-31 17:00:00,1,SPIKE,surface_pressure_hpa,1001.0,1017.6917946584043,large,mag=16.69
5b86e319,Mumbai,2021-09-05 13:00:00,2021-09-05 13:00:00,1,SPIKE,surface_pressure_hpa,1003.4,1007.8328852086005,medium,mag=4.43
2645bf35,Mumbai,2023-09-25 15:00:00,2023-09-25 15:00:00,1,SPIKE,relative_humidity_pct,80.0,63.61989347213013,medium,mag=-16.38
d4275622,Mumbai,2024-12-30 21:00:00,2024-12-30 21:00:00,1,SPIKE,surface_pressure_hpa,1012.8,1010.8526010240348,small,mag=-1.95
9b7dbdc5,Mumbai,2023-07-18 14:00:00,2023-07-18 14:00:00,1,SPIKE,temperature_c,26.2,43.682528324739664,large,mag=17.48
567f6a38,Mumbai,2021-08-08 16:00:00,2021-08-08 16:00:00,1,SPIKE,temperature_c,27.8,31.88011735962739,medium,mag=4.08
ac85cb51,Mumbai,2024-06-09 02:00:00,2024-06-09 02:00:00,1,SPIKE,relative_humidity_pct,78.0,110.53792887040348,large,mag=32.54
4a9806cc,Mumbai,2023-03-03 18:00:00,2023-03-03 18:00:00,1,SPIKE,surface_pressure_hpa,1010.9,1005.3039649710557,medium,mag=-5.60
d8ea768f,Mumbai,2022-07-09 15:00:00,2022-07-09 15:00:00,1,SPIKE,temperature_c,26.6,22.433816952131885,medium,mag=-4.17
ea38e670,Mumbai,2022-04-28 06:00:00,2022-04-28 06:00:00,1,SPIKE,temperature_c,27.7,45.399603373617225,large,mag=17.70
adc6b01a,Mumbai,2021-04-18 09:00:00,2021-04-18 09:00:00,1,SPIKE,temperature_c,30.9,25.604719603077296,medium,mag=-5.30
891b233a,Mumbai,2023-11-16 00:00:00,2023-11-16 00:00:00,1,SPIKE,temperature_c,23.5,21.656130718220457,small,mag=-1.84
4b6b63df,Mumbai,2022-06-06 13:00:00,2022-06-06 13:00:00,1,SPIKE,surface_pressure_hpa,1002.9,1008.3945733932205,medium,mag=5.49
6bcf005b,Mumbai,2023-03-28 02:00:00,2023-03-28 02:00:00,1,SPIKE,temperature_c,22.5,18.222752170649187,medium,mag=-4.28
323b5126,Mumbai,2023-12-02 05:00:00,2023-12-02 05:00:00,1,SPIKE,surface_pressure_hpa,1007.4,1001.6568964008924,medium,mag=-5.74
c35528e1,Mumbai,2021-10-19 13:00:00,2021-10-19 13:00:00,1,SPIKE,surface_pressure_hpa,1008.1,1012.1027272978482,medium,mag=4.00
f34826ca,Mumbai,2023-09-09 00:00:00,2023-09-09 00:00:00,1,SPIKE,surface_pressure_hpa,1003.8,1001.6473994890874,small,mag=-2.15
1db22636,Mumbai,2024-08-21 11:00:00,2024-08-21 11:00:00,1,SPIKE,surface_pressure_hpa,1003.5,1001.2976895912302,small,mag=-2.20
dee90011,Mumbai,2021-08-20 17:00:00,2021-08-20 17:00:00,1,SPIKE,surface_pressure_hpa,1002.3,1024.6558300260988,large,mag=22.36
ab23a1d4,Mumbai,2024-04-10 23:00:00,2024-04-10 23:00:00,1,SPIKE,surface_pressure_hpa,1007.2,1009.0685557409273,small,mag=1.87
d26c135a,Mumbai,2022-06-02 08:00:00,2022-06-02 08:00:00,1,SPIKE,temperature_c,30.8,46.847917799531984,large,mag=16.05
b82bf309,Mumbai,2022-01-18 03:00:00,2022-01-18 03:00:00,1,SPIKE,temperature_c,21.4,19.427717699890533,small,mag=-1.97
4f836be7,Mumbai,2021-04-08 11:00:00,2021-04-08 11:00:00,1,SPIKE,temperature_c,31.1,25.803654683250333,medium,mag=-5.30
a6ea7ac6,Mumbai,2022-06-12 06:00:00,2022-06-12 06:00:00,1,SPIKE,surface_pressure_hpa,1002.2,1004.4188604069037,small,mag=2.22
47d53c96,Mumbai,2021-03-11 06:00:00,2021-03-11 06:00:00,1,SPIKE,temperature_c,23.5,19.272884642347123,medium,mag=-4.23
6ddce42e,Mumbai,2022-10-14 05:00:00,2022-10-14 05:00:00,1,SPIKE,relative_humidity_pct,93.0,134.2819101656832,large,mag=41.28
9d266be9,Mumbai,2024-08-28 22:00:00,2024-08-28 22:00:00,1,SPIKE,surface_pressure_hpa,1004.3,1006.508708722743,small,mag=2.21
bcd07ae4,Mumbai,2023-11-28 14:00:00,2023-11-28 14:00:00,1,SPIKE,relative_humidity_pct,57.0,72.02139583290636,medium,mag=15.02
5f03a81a,Mumbai,2021-06-22 00:00:00,2021-06-22 00:00:00,1,SPIKE,relative_humidity_pct,82.0,67.7631173277545,medium,mag=-14.24
457c3743,Mumbai,2023-04-21 07:00:00,2023-04-21 07:00:00,1,SPIKE,relative_humidity_pct,78.0,94.97735895765018,medium,mag=16.98
e9957c18,Mumbai,2024-09-26 11:00:00,2024-09-26 11:00:00,1,SPIKE,relative_humidity_pct,94.0,139.2060642877645,large,mag=45.21
67ea625e,Mumbai,2024-12-29 00:00:00,2024-12-29 00:00:00,1,SPIKE,relative_humidity_pct,74.0,90.7994232031691,medium,mag=16.80
caeaaa29,Mumbai,2024-05-11 21:00:00,2024-05-11 21:00:00,1,SPIKE,surface_pressure_hpa,1007.1,1004.7928168150313,small,mag=-2.31
ebb08957,Mumbai,2021-02-14 19:00:00,2021-02-14 19:00:00,1,SPIKE,temperature_c,24.4,22.65695054359214,small,mag=-1.74
b12523b0,Mumbai,2021-04-12 03:00:00,2021-04-12 03:00:00,1,SPIKE,temperature_c,25.4,23.710380335467562,small,mag=-1.69
a3c28430,Mumbai,2023-07-16 11:00:00,2023-07-16 11:00:00,1,SPIKE,temperature_c,26.9,22.491487683047538,medium,mag=-4.41
4fd54c45,Mumbai,2021-06-03 01:00:00,2021-06-03 01:00:00,1,SPIKE,surface_pressure_hpa,1004.2,1001.8243403155661,small,mag=-2.38
59430b60,Mumbai,2023-07-12 04:00:00,2023-07-12 04:00:00,1,SPIKE,surface_pressure_hpa,1002.4,1000.4638960215815,small,mag=-1.94
acb1a39c,Mumbai,2021-04-27 21:00:00,2021-04-27 21:00:00,1,SPIKE,surface_pressure_hpa,1007.9,990.387514730516,large,mag=-17.51
987ae398,Mumbai,2024-01-13 07:00:00,2024-01-13 07:00:00,1,SPIKE,temperature_c,20.7,22.715696386365128,small,mag=2.02
4a4152b0,Mumbai,2021-11-19 17:00:00,2021-11-19 17:00:00,1,SPIKE,relative_humidity_pct,82.0,97.93456301000943,medium,mag=15.93
01c31088,Mumbai,2022-08-02 00:00:00,2022-08-02 00:00:00,1,SPIKE,relative_humidity_pct,88.0,104.18118148431925,medium,mag=16.18
a155d2d2,Mumbai,2024-11-29 11:00:00,2024-11-29 11:00:00,1,SPIKE,surface_pressure_hpa,1010.1,1004.9654966781742,medium,mag=-5.13
740308d1,Mumbai,2024-06-05 15:00:00,2024-06-05 15:00:00,1,SPIKE,relative_humidity_pct,62.0,66.45356387621527,small,mag=4.45
cde453e2,Mumbai,2022-02-11 17:00:00,2022-02-11 17:00:00,1,SPIKE,relative_humidity_pct,53.0,65.28391361899696,medium,mag=12.28
2dff5f89,Mumbai,2022-09-29 04:00:00,2022-09-29 04:00:00,1,SPIKE,relative_humidity_pct,96.0,83.00182156479522,medium,mag=-13.00
092f3267,Mumbai,2021-07-16 16:00:00,2021-07-16 16:00:00,1,SPIKE,temperature_c,27.2,40.29368306278614,large,mag=13.09
a4b00226,Mumbai,2021-04-11 16:00:00,2021-04-11 16:00:00,1,SPIKE,temperature_c,32.2,48.19813579594153,large,mag=16.00
b4272dcd,Mumbai,2022-01-22 15:00:00,2022-01-22 15:00:00,1,SPIKE,temperature_c,26.3,24.667078834809224,small,mag=-1.63
cb9a3bcf,Mumbai,2024-08-28 00:00:00,2024-08-28 00:00:00,1,SPIKE,relative_humidity_pct,91.0,54.833484844008424,large,mag=-36.17
b99a63b2,Mumbai,2021-02-22 01:00:00,2021-02-22 01:00:00,1,SPIKE,temperature_c,23.7,25.327751270923336,small,mag=1.63
ec6ff8e3,Mumbai,2024-07-10 17:00:00,2024-07-10 17:00:00,1,SPIKE,relative_humidity_pct,81.0,66.30942541927696,medium,mag=-14.69
a34a9086,Mumbai,2021-05-06 01:00:00,2021-05-06 01:00:00,1,SPIKE,temperature_c,27.5,9.977396144348745,large,mag=-17.52
5cc864e6,Mumbai,2022-10-25 16:00:00,2022-10-25 16:00:00,1,SPIKE,relative_humidity_pct,68.0,85.68673432430808,medium,mag=17.69
7427572e,Mumbai,2021-12-23 10:00:00,2021-12-23 10:00:00,1,SPIKE,relative_humidity_pct,57.0,51.52301003715179,small,mag=-5.48
35d3bba1,Mumbai,2021-02-09 05:00:00,2021-02-09 05:00:00,1,SPIKE,surface_pressure_hpa,1009.8,1014.3911137383268,medium,mag=4.59
ae404f1e,Mumbai,2022-04-16 08:00:00,2022-04-16 08:00:00,1,SPIKE,relative_humidity_pct,80.0,124.79321879926104,large,mag=44.79
e634c52d,Mumbai,2021-05-17 10:00:00,2021-05-17 10:00:00,1,SPIKE,surface_pressure_hpa,992.6,988.3753687540942,medium,mag=-4.22
26944972,Mumbai,2023-04-20 05:00:00,2023-04-20 05:00:00,1,SPIKE,relative_humidity_pct,86.0,80.89808001940136,small,mag=-5.10
72e07b9a,Mumbai,2021-09-23 16:00:00,2021-09-23 16:00:00,1,SPIKE,relative_humidity_pct,88.0,82.31824616759472,small,mag=-5.68
7f82b9ad,Mumbai,2024-05-30 16:00:00,2024-05-30 16:00:00,1,SPIKE,relative_humidity_pct,58.0,45.66979818307677,medium,mag=-12.33
0045fe84,Mumbai,2022-04-12 02:00:00,2022-04-12 02:00:00,1,SPIKE,surface_pressure_hpa,1003.7,1005.4777150856333,small,mag=1.78
8c03de03,Mumbai,2021-06-24 15:00:00,2021-06-24 15:00:00,1,SPIKE,relative_humidity_pct,90.0,84.92317541167958,small,mag=-5.08
57cdb09a,Mumbai,2021-10-18 08:00:00,2021-10-18 08:00:00,1,SPIKE,relative_humidity_pct,75.0,108.39803099344248,large,mag=33.40
545e984f,Mumbai,2021-11-08 18:00:00,2021-11-08 18:00:00,1,SPIKE,surface_pressure_hpa,1007.5,1002.864484375668,medium,mag=-4.64
4bc49ae1,Mumbai,2024-09-19 12:00:00,2024-09-19 12:00:00,1,SPIKE,surface_pressure_hpa,1005.3,1028.5675756017426,large,mag=23.27
a5c5d2e1,Mumbai,2022-08-26 07:00:00,2022-08-26 07:00:00,1,SPIKE,relative_humidity_pct,87.0,69.8771755802196,medium,mag=-17.12
268afdbe,Mumbai,2021-06-22 07:00:00,2021-06-22 07:00:00,1,SPIKE,relative_humidity_pct,89.0,75.29209780641257,medium,mag=-13.71
73ab2bfb,Mumbai,2022-07-08 08:00:00,2022-07-08 08:00:00,1,SPIKE,relative_humidity_pct,91.0,108.24581041459886,medium,mag=17.25
aea63fd0,Mumbai,2024-03-09 20:00:00,2024-03-09 20:00:00,1,SPIKE,temperature_c,26.9,28.85537628973441,small,mag=1.96
22bc3cd7,Mumbai,2023-07-11 04:00:00,2023-07-11 04:00:00,1,SPIKE,relative_humidity_pct,86.0,69.16596328938004,medium,mag=-16.83
4ccc175f,Mumbai,2024-01-03 18:00:00,2024-01-03 18:00:00,1,SPIKE,relative_humidity_pct,67.0,101.2330829901113,large,mag=34.23
e795b57b,Mumbai,2023-06-05 09:00:00,2023-06-05 09:00:00,1,SPIKE,surface_pressure_hpa,1006.9,989.2377296743852,large,mag=-17.66
c8904b01,Mumbai,2021-11-26 20:00:00,2021-11-26 20:00:00,1,SPIKE,relative_humidity_pct,83.0,116.05785249866878,large,mag=33.06
d2f105ae,Mumbai,2022-01-11 00:00:00,2022-01-11 00:00:00,1,SPIKE,surface_pressure_hpa,1011.0,1006.1810787224947,medium,mag=-4.82
1cee8d6b,Mumbai,2023-05-29 03:00:00,2023-05-29 03:00:00,1,SPIKE,relative_humidity_pct,85.0,70.22728021248071,medium,mag=-14.77
f35be0ac,Mumbai,2022-08-06 06:00:00,2022-08-06 06:00:00,1,SPIKE,surface_pressure_hpa,997.9,995.6341730214251,small,mag=-2.27
5e027c4d,Mumbai,2021-05-05 11:00:00,2021-05-05 11:00:00,1,SPIKE,relative_humidity_pct,59.0,13.83521248981377,large,mag=-45.16
3353979e,Mumbai,2022-04-19 15:00:00,2022-04-19 15:00:00,1,SPIKE,relative_humidity_pct,62.0,21.05150309325981,large,mag=-40.95
014d8fa3,Mumbai,2023-07-06 03:00:00,2023-07-06 03:00:00,1,SPIKE,relative_humidity_pct,95.0,90.9951066500839,small,mag=-4.00
dae2244f,Mumbai,2021-06-22 15:00:00,2021-06-22 15:00:00,1,SPIKE,relative_humidity_pct,85.0,102.00545842810992,medium,mag=17.01
d96baf82,Mumbai,2021-11-26 17:00:00,2021-11-26 17:00:00,1,SPIKE,relative_humidity_pct,75.0,80.78537305128111,small,mag=5.79
dcda87d8,Mumbai,2023-01-18 21:00:00,2023-01-18 21:00:00,1,SPIKE,relative_humidity_pct,89.0,83.62431362800619,small,mag=-5.38
7ca3b991,Mumbai,2022-01-21 16:00:00,2022-01-21 16:00:00,1,SPIKE,temperature_c,25.4,23.578226372641023,small,mag=-1.82
3b7b1256,Mumbai,2024-02-08 15:00:00,2024-02-08 15:00:00,1,SPIKE,temperature_c,30.5,45.98639462055948,large,mag=15.49
73c8a0fc,Mumbai,2022-04-04 21:00:00,2022-04-04 21:00:00,1,SPIKE,surface_pressure_hpa,1008.2,1013.4559920949625,medium,mag=5.26
a2b123d1,Mumbai,2023-10-08 03:00:00,2023-10-08 03:00:00,1,SPIKE,relative_humidity_pct,87.0,124.97123545557568,large,mag=37.97
bacf153f,Mumbai,2022-03-27 13:00:00,2022-03-27 13:00:00,1,SPIKE,surface_pressure_hpa,1007.4,989.323702528307,large,mag=-18.08
97cb3b07,Mumbai,2024-04-12 20:00:00,2024-04-12 20:00:00,1,SPIKE,surface_pressure_hpa,1006.7,1004.731164825688,small,mag=-1.97
eeed5f84,Mumbai,2022-10-28 07:00:00,2022-10-28 07:00:00,1,SPIKE,surface_pressure_hpa,1011.0,1009.3576893372973,small,mag=-1.64
e03b8816,Mumbai,2021-04-22 03:00:00,2021-04-22 03:00:00,1,SPIKE,relative_humidity_pct,93.0,110.73093815249135,medium,mag=17.73
df5f9b25,Mumbai,2021-12-31 04:00:00,2021-12-31 04:00:00,1,SPIKE,temperature_c,21.2,15.922106949443862,medium,mag=-5.28
73ccecee,Mumbai,2021-09-30 23:00:00,2021-09-30 23:00:00,1,SPIKE,temperature_c,25.8,10.031820292029645,large,mag=-15.77
eae04723,Mumbai,2023-10-25 02:00:00,2023-10-25 02:00:00,1,SPIKE,temperature_c,24.3,39.56227401149006,large,mag=15.26
76617012,Mumbai,2022-03-07 18:00:00,2022-03-07 18:00:00,1,SPIKE,relative_humidity_pct,63.0,99.34334357803388,large,mag=36.34
4bbecf6e,Mumbai,2021-02-12 16:00:00,2021-02-12 16:00:00,1,SPIKE,surface_pressure_hpa,1006.8,986.5246374142141,large,mag=-20.28
2bd2787a,Mumbai,2024-08-22 17:00:00,2024-08-22 17:00:00,1,SPIKE,relative_humidity_pct,81.0,75.96365850744519,small,mag=-5.04
51d89988,Mumbai,2021-08-09 10:00:00,2021-08-09 10:00:00,1,SPIKE,relative_humidity_pct,89.0,71.4745557348078,medium,mag=-17.53
e45282e3,Mumbai,2021-01-18 08:00:00,2021-01-18 08:00:00,1,SPIKE,temperature_c,22.8,20.797293685548823,small,mag=-2.00
f531dc70,Mumbai,2021-01-20 17:00:00,2021-01-20 17:00:00,1,SPIKE,temperature_c,26.6,43.58849709119626,large,mag=16.99
3a7c7c94,Mumbai,2022-05-05 22:00:00,2022-05-05 22:00:00,1,SPIKE,surface_pressure_hpa,1005.6,1027.2181191060727,large,mag=21.62
577fcb1c,Mumbai,2021-09-01 09:00:00,2021-09-01 09:00:00,1,SPIKE,temperature_c,26.5,22.34719934885851,medium,mag=-4.15
ee6b51e9,Mumbai,2023-02-14 18:00:00,2023-02-14 18:00:00,1,SPIKE,temperature_c,26.0,24.150741227322513,small,mag=-1.85
41bd9abd,Mumbai,2024-02-11 13:00:00,2024-02-11 13:00:00,1,SPIKE,relative_humidity_pct,38.0,43.77945277076336,small,mag=5.78
602fd50a,Mumbai,2024-07-23 19:00:00,2024-07-23 19:00:00,1,SPIKE,surface_pressure_hpa,1001.1,1019.8363610370283,large,mag=18.74
a70799a8,Mumbai,2021-12-13 12:00:00,2021-12-13 12:00:00,1,SPIKE,surface_pressure_hpa,1011.0,1005.3708517831773,medium,mag=-5.63
57496dd2,Mumbai,2022-07-17 22:00:00,2022-07-17 22:00:00,1,SPIKE,temperature_c,26.2,27.913887469101233,small,mag=1.71
e7a2d6b8,Mumbai,2022-01-26 17:00:00,2022-01-26 17:00:00,1,SPIKE,temperature_c,23.6,19.33956349520222,medium,mag=-4.26
e5506a75,Mumbai,2023-01-10 20:00:00,2023-01-10 20:00:00,1,SPIKE,temperature_c,23.8,29.368059446092282,medium,mag=5.57
6d6fe5e4,Mumbai,2024-11-29 09:00:00,2024-11-29 09:00:00,1,SPIKE,temperature_c,24.1,26.305867227502155,small,mag=2.21
1ac25daf,Mumbai,2024-05-14 22:00:00,2024-05-14 22:00:00,1,SPIKE,temperature_c,29.5,27.265555854679413,small,mag=-2.23
6f49f6bd,Mumbai,2024-01-31 02:00:00,2024-01-31 02:00:00,1,SPIKE,surface_pressure_hpa,1011.6,994.648622256009,large,mag=-16.95
949725d0,Mumbai,2022-10-16 07:00:00,2022-10-16 07:00:00,1,SPIKE,relative_humidity_pct,69.0,63.66482715293359,small,mag=-5.34
841679b7,Mumbai,2022-04-22 15:00:00,2022-04-22 15:00:00,1,SPIKE,temperature_c,34.7,36.464320949242136,small,mag=1.76
1c4bbabb,Mumbai,2021-04-13 17:00:00,2021-04-13 17:00:00,1,SPIKE,temperature_c,32.0,33.62340729290712,small,mag=1.62
60c078b3,Mumbai,2022-05-07 12:00:00,2022-05-07 12:00:00,1,SPIKE,temperature_c,33.0,50.69274963049969,large,mag=17.69
d2d6c393,Mumbai,2024-09-27 00:00:00,2024-09-27 00:00:00,1,SPIKE,relative_humidity_pct,92.0,76.99619350817194,medium,mag=-15.00
e742873d,Mumbai,2021-08-29 08:00:00,2021-08-29 08:00:00,1,SPIKE,surface_pressure_hpa,1001.8,981.2381171424188,large,mag=-20.56
8c08f152,Mumbai,2023-04-03 11:00:00,2023-04-03 11:00:00,1,SPIKE,temperature_c,30.1,45.27303244249514,large,mag=15.17
5f499f51,Mumbai,2023-08-08 20:00:00,2023-08-08 20:00:00,1,SPIKE,surface_pressure_hpa,1006.2,1007.937418770204,small,mag=1.74
bdeb837c,Mumbai,2024-02-18 13:00:00,2024-02-18 13:00:00,1,SPIKE,surface_pressure_hpa,1007.9,1009.5789485748066,small,mag=1.68
61cd1188,Mumbai,2021-01-13 11:00:00,2021-01-13 11:00:00,1,SPIKE,temperature_c,31.5,46.34829302280231,large,mag=14.85
6f3d54f7,Mumbai,2022-10-06 10:00:00,2022-10-06 10:00:00,1,SPIKE,surface_pressure_hpa,1005.3,983.9117944146544,large,mag=-21.39
76392138,Mumbai,2022-06-09 00:00:00,2022-06-09 00:00:00,1,SPIKE,temperature_c,28.5,30.885040899393648,small,mag=2.39
21801ef3,Mumbai,2021-11-17 20:00:00,2021-11-17 20:00:00,1,SPIKE,relative_humidity_pct,94.0,98.81515593994924,small,mag=4.82
f8e7d2ea,Mumbai,2024-12-18 19:00:00,2024-12-18 19:00:00,1,SPIKE,relative_humidity_pct,71.0,65.96054483747614,small,mag=-5.04
78409556,Mumbai,2021-09-19 06:00:00,2021-09-19 06:00:00,1,SPIKE,relative_humidity_pct,94.0,109.34279273698344,medium,mag=15.34
3d4845eb,Mumbai,2023-09-16 05:00:00,2023-09-16 05:00:00,1,SPIKE,temperature_c,25.9,24.207421914429776,small,mag=-1.69
3a455ef7,Mumbai,2024-10-17 22:00:00,2024-10-17 22:00:00,1,SPIKE,relative_humidity_pct,92.0,105.87204146476299,medium,mag=13.87
6c63b19e,Mumbai,2022-08-22 18:00:00,2022-08-22 18:00:00,1,SPIKE,relative_humidity_pct,88.0,92.5811786500359,small,mag=4.58
fc231aeb,Mumbai,2024-06-21 14:00:00,2024-06-21 14:00:00,1,SPIKE,relative_humidity_pct,72.0,77.78950929404883,small,mag=5.79
ba5e70a7,Mumbai,2022-07-23 06:00:00,2022-07-23 06:00:00,1,SPIKE,relative_humidity_pct,92.0,59.79542648807486,large,mag=-32.20
6f3c10bf,Mumbai,2023-01-25 19:00:00,2023-01-25 19:00:00,1,SPIKE,surface_pressure_hpa,1009.7,1014.4927395170638,medium,mag=4.79
8c1071ef,Mumbai,2021-05-25 21:00:00,2021-05-25 21:00:00,1,SPIKE,surface_pressure_hpa,1004.6,1021.5537427510839,large,mag=16.95
c5c516bb,Mumbai,2022-06-13 23:00:00,2022-06-13 23:00:00,1,SPIKE,relative_humidity_pct,91.0,108.86542512931177,medium,mag=17.87
513cdd5d,Mumbai,2021-11-04 16:00:00,2021-11-04 16:00:00,1,SPIKE,surface_pressure_hpa,1004.7,1002.319834004646,small,mag=-2.38
16734323,Mumbai,2022-02-12 11:00:00,2022-02-12 11:00:00,1,SPIKE,relative_humidity_pct,31.0,36.98132263726427,small,mag=5.98
0c97a215,Mumbai,2024-07-19 11:00:00,2024-07-19 11:00:00,1,SPIKE,temperature_c,26.5,28.68016040026611,small,mag=2.18
fd4dce00,Mumbai,2024-09-20 13:00:00,2024-09-20 13:00:00,1,SPIKE,relative_humidity_pct,79.0,120.49839952861939,large,mag=41.50
60539d49,Mumbai,2022-04-27 11:00:00,2022-04-27 11:00:00,1,SPIKE,surface_pressure_hpa,1005.3,999.9666459798341,medium,mag=-5.33
e53d86b0,Mumbai,2022-03-13 06:00:00,2022-03-13 06:00:00,1,SPIKE,relative_humidity_pct,55.0,67.88424459552763,medium,mag=12.88
47094300,Mumbai,2021-04-28 17:00:00,2021-04-28 17:00:00,1,SPIKE,relative_humidity_pct,65.0,60.02131723616609,small,mag=-4.98
d7c13aa5,Mumbai,2021-05-28 12:00:00,2021-05-28 12:00:00,1,SPIKE,temperature_c,31.0,43.178341110032946,large,mag=12.18
e4c63650,Mumbai,2023-09-22 11:00:00,2023-09-22 11:00:00,1,SPIKE,surface_pressure_hpa,1007.0,1008.9985079269296,small,mag=2.00
fe9cffe6,Mumbai,2023-02-18 09:00:00,2023-02-18 09:00:00,1,SPIKE,temperature_c,26.8,24.656636510330703,small,mag=-2.14
c6caea27,Mumbai,2022-07-27 07:00:00,2022-07-27 07:00:00,1,SPIKE,temperature_c,25.9,30.092667257192304,medium,mag=4.19
ac260d90,Mumbai,2024-04-01 22:00:00,2024-04-01 22:00:00,1,SPIKE,temperature_c,26.0,42.60543265158776,large,mag=16.61
9ad02967,Mumbai,2022-11-18 10:00:00,2022-11-18 10:00:00,1,SPIKE,relative_humidity_pct,40.0,35.004201911535105,small,mag=-5.00
17ed5aed,Mumbai,2023-07-02 20:00:00,2023-07-02 20:00:00,1,SPIKE,surface_pressure_hpa,1003.0,1008.6189631947826,medium,mag=5.62
9aa39b18,Mumbai,2024-05-22 09:00:00,2024-05-22 09:00:00,1,SPIKE,surface_pressure_hpa,1002.3,980.1882807474375,large,mag=-22.11
998925e6,Mumbai,2021-04-29 06:00:00,2021-04-29 06:00:00,1,SPIKE,relative_humidity_pct,97.0,92.37088160436042,small,mag=-4.63
3e57efa3,Mumbai,2021-10-13 03:00:00,2021-10-13 03:00:00,1,SPIKE,relative_humidity_pct,87.0,74.80284122332026,medium,mag=-12.20
c287621e,Mumbai,2021-05-24 05:00:00,2021-05-24 05:00:00,1,SPIKE,surface_pressure_hpa,1006.0,1024.4243565729082,large,mag=18.42
b2148a9d,Mumbai,2022-04-26 06:00:00,2022-04-26 06:00:00,1,SPIKE,surface_pressure_hpa,1005.4,1003.6924094062301,small,mag=-1.71
1eaebeb3,Mumbai,2022-03-08 13:00:00,2022-03-08 13:00:00,1,SPIKE,surface_pressure_hpa,1006.9,1002.6812360142342,medium,mag=-4.22
427afa2c,Mumbai,2021-03-21 08:00:00,2021-03-21 08:00:00,1,SPIKE,surface_pressure_hpa,1007.1,1012.4707483342199,medium,mag=5.37
b6ebf6b2,Mumbai,2024-08-17 12:00:00,2024-08-17 12:00:00,1,SPIKE,surface_pressure_hpa,1003.9,998.1912970609022,medium,mag=-5.71
1fb5fe7a,Mumbai,2024-11-07 00:00:00,2024-11-07 00:00:00,1,SPIKE,surface_pressure_hpa,1009.5,1007.5042470956382,small,mag=-2.00
89d04cd1,Mumbai,2021-11-13 22:00:00,2021-11-13 22:00:00,1,SPIKE,relative_humidity_pct,70.0,114.26353227827346,large,mag=44.26
d7941266,Mumbai,2021-07-13 11:00:00,2021-07-13 11:00:00,1,SPIKE,relative_humidity_pct,89.0,73.45721950925358,medium,mag=-15.54
c97ec443,Mumbai,2022-10-05 12:00:00,2022-10-05 12:00:00,1,SPIKE,temperature_c,30.0,24.515885731816784,medium,mag=-5.48
89b1c625,Mumbai,2024-04-29 15:00:00,2024-04-29 15:00:00,1,SPIKE,temperature_c,37.5,24.91589970462852,large,mag=-12.58
938d8d7f,Mumbai,2023-06-10 02:00:00,2023-06-10 02:00:00,1,SPIKE,relative_humidity_pct,83.0,70.66130451882303,medium,mag=-12.34
3bd77974,Mumbai,2024-02-19 07:00:00,2024-02-19 07:00:00,1,SPIKE,temperature_c,22.4,20.550320377394367,small,mag=-1.85
2126176c,Mumbai,2021-08-20 22:00:00,2021-08-25 13:00:00,2,DRIFT,temperature_c,25.5,22.30000000000001,medium,"rate=-0.050,dur=112"
00019137,Mumbai,2022-04-09 14:00:00,2022-04-10 15:00:00,2,DRIFT,surface_pressure_hpa,1004.9,1002.8000000000001,medium,"rate=-0.050,dur=26"
baa1dafc,Mumbai,2024-02-28 15:00:00,2024-03-03 14:00:00,2,DRIFT,surface_pressure_hpa,1006.5,1004.8000000000001,medium,"rate=-0.050,dur=96"
48b78013,Mumbai,2024-07-06 14:00:00,2024-07-10 16:00:00,2,DRIFT,temperature_c,29.1,23.45000000000001,medium,"rate=-0.050,dur=99"
ef8c1a45,Mumbai,2023-12-02 18:00:00,2023-12-05 10:00:00,2,DRIFT,surface_pressure_hpa,1006.4,1008.05,slow,"rate=0.010,dur=65"
2df3f971,Mumbai,2021-10-01 05:00:00,2021-10-02 05:00:00,3,FREEZE,relative_humidity_pct,96.1,96.0,quantized,dur=25
b1d5e28d,Mumbai,2023-04-05 05:00:00,2023-04-07 00:00:00,3,FREEZE,relative_humidity_pct,99.1,99.0,quantized,dur=44
fa1a8619,Mumbai,2024-02-27 09:00:00,2024-02-27 22:00:00,3,FREEZE,temperature_c,29.599999999999998,29.7,quantized,dur=14
85165a56,Mumbai,2023-09-20 10:00:00,2023-09-21 02:00:00,3,FREEZE,relative_humidity_pct,83.0,83.0,exact,dur=17
a607b1f0,Mumbai,2022-01-19 19:00:00,2022-01-20 21:00:00,3,FREEZE,temperature_c,23.9,23.9,exact,dur=27
4734dbb8,Mumbai,2024-09-28 00:00:00,2024-09-28 18:00:00,3,FREEZE,surface_pressure_hpa,1004.4,1004.4,exact,dur=19
278f9083,Mumbai,2024-12-05 07:00:00,2024-12-06 10:00:00,3,FREEZE,relative_humidity_pct,77.0,77.0,exact,dur=28
a4019f86,Mumbai,2022-10-13 02:00:00,2022-10-13 20:00:00,3,FREEZE,relative_humidity_pct,96.1,96.0,quantized,dur=19
a131f64e,Mumbai,2022-11-04 16:00:00,2022-11-05 20:00:00,3,FREEZE,temperature_c,31.8,31.7,quantized,dur=29
bc4a5828,Mumbai,2024-09-04 15:00:00,2024-09-06 08:00:00,3,FREEZE,surface_pressure_hpa,1003.2,1003.1,quantized,dur=42
c5d327c7,Mumbai,2021-02-26 14:00:00,2021-02-26 14:00:00,4,RANGE,temperature_c,30.3,83.60739743836584,severe,out_of_bounds
5c8d3980,Mumbai,2021-03-04 17:00:00,2021-03-04 17:00:00,4,RANGE,temperature_c,31.2,56.450964807574756,just_outside,out_of_bounds
9f77ad8b,Mumbai,2022-09-17 12:00:00,2022-09-17 12:00:00,4,RANGE,relative_humidity_pct,83.0,103.47072096022895,just_outside,out_of_bounds
9319139e,Mumbai,2021-08-31 23:00:00,2021-08-31 23:00:00,4,RANGE,temperature_c,25.4,91.6580615467231,severe,out_of_bounds
4a79aa3b,Mumbai,2024-06-16 17:00:00,2024-06-16 17:00:00,4,RANGE,relative_humidity_pct,75.0,101.04128096904998,just_outside,out_of_bounds
f725459f,Mumbai,2022-06-26 09:00:00,2022-06-26 09:00:00,4,RANGE,temperature_c,26.3,99.48798353866093,severe,out_of_bounds
7b01a34d,Mumbai,2022-12-16 20:00:00,2022-12-16 20:00:00,4,RANGE,relative_humidity_pct,73.0,-999.0,impossible,out_of_bounds
6ca47930,Mumbai,2022-04-06 19:00:00,2022-04-06 19:00:00,4,RANGE,temperature_c,27.6,9999.0,impossible,out_of_bounds
bb2d2e06,Mumbai,2021-05-16 22:00:00,2021-05-16 22:00:00,4,RANGE,relative_humidity_pct,70.0,-999.0,impossible,out_of_bounds
e1322712,Mumbai,2024-01-01 02:00:00,2024-01-01 02:00:00,4,RANGE,relative_humidity_pct,74.0,-999.0,impossible,out_of_bounds
afce9ec4,Mumbai,2024-03-17 04:00:00,2024-03-17 04:00:00,4,RANGE,relative_humidity_pct,95.0,101.38111768832803,just_outside,out_of_bounds
2a00658e,Mumbai,2022-12-12 09:00:00,2022-12-12 09:00:00,4,RANGE,temperature_c,27.4,56.66431270282956,just_outside,out_of_bounds
e3384136,Mumbai,2022-02-12 13:00:00,2022-02-12 13:00:00,4,RANGE,temperature_c,30.4,98.16453074727977,severe,out_of_bounds
d9b6e415,Mumbai,2021-09-01 04:00:00,2021-09-01 04:00:00,4,RANGE,temperature_c,25.2,56.26828441413276,just_outside,out_of_bounds
40ae3185,Mumbai,2023-10-02 16:00:00,2023-10-02 16:00:00,4,RANGE,relative_humidity_pct,78.0,198.20190989655066,severe,out_of_bounds
e26dcbce,Mumbai,2022-04-10 13:00:00,2022-04-10 13:00:00,4,RANGE,relative_humidity_pct,49.0,104.87223124182897,just_outside,out_of_bounds
10003019,Mumbai,2021-11-17 10:00:00,2021-11-17 10:00:00,4,RANGE,temperature_c,30.4,9999.0,impossible,out_of_bounds
71a94657,Mumbai,2021-02-08 13:00:00,2021-02-08 13:00:00,4,RANGE,temperature_c,32.7,83.39732997175257,severe,out_of_bounds
9dbe0acb,Mumbai,2024-12-06 21:00:00,2024-12-06 21:00:00,4,RANGE,relative_humidity_pct,58.0,190.2317401576548,severe,out_of_bounds
57654f44,Mumbai,2024-04-03 06:00:00,2024-04-03 06:00:00,4,RANGE,temperature_c,22.6,56.58658693396507,just_outside,out_of_bounds
db01543c,Mumbai,2024-05-23 22:00:00,2024-05-23 22:00:00,4,RANGE,relative_humidity_pct,87.0,102.04162404289372,just_outside,out_of_bounds
e202bb8f,Mumbai,2024-09-11 08:00:00,2024-09-11 08:00:00,4,RANGE,relative_humidity_pct,85.0,104.9140664079151,just_outside,out_of_bounds
156a5003,Mumbai,2021-11-20 14:00:00,2021-11-20 14:00:00,4,RANGE,relative_humidity_pct,59.0,179.82586941754352,severe,out_of_bounds
a01c3376,Mumbai,2022-09-05 23:00:00,2022-09-05 23:00:00,4,RANGE,relative_humidity_pct,90.0,192.22341410931134,severe,out_of_bounds
2744908d,Mumbai,2022-07-09 17:00:00,2022-07-09 17:00:00,4,RANGE,relative_humidity_pct,93.0,-999.0,impossible,out_of_bounds
3f2e8fd6,Mumbai,2022-06-05 07:00:00,2022-06-05 07:00:00,4,RANGE,relative_humidity_pct,73.0,-999.0,impossible,out_of_bounds
564b5227,Mumbai,2022-12-28 21:00:00,2022-12-28 21:00:00,4,RANGE,relative_humidity_pct,76.0,191.41374478637206,severe,out_of_bounds
e2059213,Mumbai,2023-02-26 07:00:00,2023-02-26 07:00:00,4,RANGE,relative_humidity_pct,50.0,-999.0,impossible,out_of_bounds
384ad9cf,Mumbai,2024-09-11 09:00:00,2024-09-11 09:00:00,4,RANGE,relative_humidity_pct,83.0,103.22269883313875,just_outside,out_of_bounds
ef8089cb,Mumbai,2023-11-10 07:00:00,2023-11-10 07:00:00,4,RANGE,relative_humidity_pct,83.0,101.75567982043685,just_outside,out_of_bounds
cb29ba7e,Mumbai,2021-12-22 12:00:00,2021-12-22 12:00:00,4,RANGE,temperature_c,27.9,55.91570660605513,just_outside,out_of_bounds
80dfe387,Mumbai,2024-03-23 18:00:00,2024-03-23 18:00:00,4,RANGE,relative_humidity_pct,67.0,133.08439654467276,severe,out_of_bounds
3748ac87,Mumbai,2022-07-19 04:00:00,2022-07-19 04:00:00,4,RANGE,relative_humidity_pct,89.0,129.28192376804455,severe,out_of_bounds
efac61cd,Mumbai,2022-08-12 15:00:00,2022-08-12 15:00:00,4,RANGE,relative_humidity_pct,80.0,102.76607875098348,just_outside,out_of_bounds
5f618bb7,Mumbai,2023-02-12 16:00:00,2023-02-12 16:00:00,4,RANGE,relative_humidity_pct,53.0,159.43908400088006,severe,out_of_bounds
f7efad8a,Mumbai,2022-02-09 06:00:00,2022-02-09 13:00:00,5,COMMUNICATION,all,18.1,,burst_missing,dur=8
0b66af64,Mumbai,2021-09-13 12:00:00,2021-09-13 18:00:00,5,COMMUNICATION,all,26.8,,burst_missing,dur=7
f11787f2,Mumbai,2022-05-09 07:00:00,2022-05-09 13:00:00,5,COMMUNICATION,all,29.1,,burst_missing,dur=7
9365a2ef,Mumbai,2022-08-03 23:00:00,2022-08-03 23:00:00,5,COMMUNICATION,temperature_c,26.1,,partial_missing,dur=1
e958b9f0,Mumbai,2021-01-12 06:00:00,2021-01-12 06:00:00,5,COMMUNICATION,temperature_c,24.0,,partial_missing,dur=1
9968a065,Mumbai,2022-05-09 01:00:00,2022-05-09 01:00:00,5,COMMUNICATION,all,27.5,,missing_packet,dur=1
3feff68e,Mumbai,2021-07-29 19:00:00,2021-07-30 04:00:00,5,COMMUNICATION,all,26.9,,burst_missing,dur=10
1d27730d,Mumbai,2021-09-15 12:00:00,2021-09-15 12:00:00,5,COMMUNICATION,all,26.8,,missing_packet,dur=1
06757494,Mumbai,2021-03-12 21:00:00,2021-03-12 21:00:00,5,COMMUNICATION,all,26.1,,missing_packet,dur=1
4c180187,Mumbai,2021-11-30 02:00:00,2021-11-30 02:00:00,5,COMMUNICATION,all,23.8,,missing_packet,dur=1
09bd997b,Mumbai,2023-10-18 01:00:00,2023-10-18 01:00:00,5,COMMUNICATION,temperature_c,24.7,,partial_missing,dur=1
88013e4c,Mumbai,2021-10-17 15:00:00,2021-10-17 15:00:00,5,COMMUNICATION,all,29.8,,missing_packet,dur=1
aafdcabf,Mumbai,2022-02-24 21:00:00,2022-02-25 00:00:00,5,COMMUNICATION,all,25.3,,burst_missing,dur=4
affccf44,Mumbai,2024-06-10 17:00:00,2024-06-10 17:00:00,5,COMMUNICATION,temperature_c,27.3,,partial_missing,dur=1
e76317a5,Mumbai,2024-08-03 07:00:00,2024-08-03 07:00:00,5,COMMUNICATION,all,26.1,,missing_packet,dur=1
3391ef8b,Mumbai,2023-01-06 10:00:00,2023-01-06 10:00:00,5,COMMUNICATION,temperature_c,28.4,,partial_missing,dur=1
c9a2edab,Mumbai,2021-01-16 20:00:00,2021-01-16 20:00:00,5,COMMUNICATION,all,22.4,,missing_packet,dur=1
933fc9a6,Mumbai,2021-04-30 17:00:00,2021-04-30 17:00:00,5,COMMUNICATION,temperature_c,30.3,,partial_missing,dur=1
7cc01251,Mumbai,2024-05-22 06:00:00,2024-05-22 06:00:00,5,COMMUNICATION,all,30.0,,missing_packet,dur=1
e00d3e60,Mumbai,2021-12-20 03:00:00,2021-12-20 05:00:00,5,COMMUNICATION,all,19.0,,burst_missing,dur=3
12804851,Mumbai,2023-02-12 15:00:00,2023-02-12 15:00:00,5,COMMUNICATION,all,31.0,,missing_packet,dur=1
24a77d7a,Mumbai,2021-06-01 15:00:00,2021-06-01 15:00:00,5,COMMUNICATION,temperature_c,30.0,,partial_missing,dur=1
8bf7853a,Mumbai,2021-07-13 02:00:00,2021-07-13 02:00:00,5,COMMUNICATION,temperature_c,26.2,,partial_missing,dur=1
4dda3bfc,Mumbai,2023-11-08 10:00:00,2023-11-08 18:00:00,5,COMMUNICATION,all,30.9,,burst_missing,dur=9
eca7a578,Mumbai,2022-11-28 18:00:00,2022-11-28 23:00:00,5,COMMUNICATION,all,25.2,,burst_missing,dur=6
72d6a4ed,Mumbai,2023-12-26 07:00:00,2023-12-26 09:00:00,5,COMMUNICATION,all,19.9,,burst_missing,dur=3
eb3b7440,Mumbai,2022-07-23 14:00:00,2022-07-23 22:00:00,5,COMMUNICATION,all,26.5,,burst_missing,dur=9
7368d576,Mumbai,2024-01-04 19:00:00,2024-01-04 19:00:00,5,COMMUNICATION,all,23.1,,missing_packet,dur=1
55fd83c2,Mumbai,2022-02-25 21:00:00,2022-02-26 03:00:00,5,COMMUNICATION,all,24.8,,burst_missing,dur=7
e4a02cd9,Mumbai,2024-09-02 08:00:00,2024-09-02 08:00:00,5,COMMUNICATION,all,26.9,,missing_packet,dur=1
29526162,Mumbai,2023-04-27 18:00:00,2023-04-27 18:00:00,5,COMMUNICATION,temperature_c,28.5,,partial_missing,dur=1
f1dbe838,Mumbai,2021-12-25 12:00:00,2021-12-25 12:00:00,5,COMMUNICATION,all,26.0,,missing_packet,dur=1
fddde46c,Mumbai,2021-09-20 10:00:00,2021-09-20 10:00:00,5,COMMUNICATION,all,27.3,,missing_packet,dur=1
ae42c978,Mumbai,2024-10-31 21:00:00,2024-11-01 06:00:00,5,COMMUNICATION,all,28.6,,burst_missing,dur=10
bbb30788,Mumbai,2024-05-01 08:00:00,2024-05-01 08:00:00,5,COMMUNICATION,all,30.6,,missing_packet,dur=1
ff974982,Mumbai,2024-07-24 23:00:00,2024-07-24 23:00:00,5,COMMUNICATION,all,26.2,,missing_packet,dur=1
5e485475,Mumbai,2024-03-01 06:00:00,2024-03-01 14:00:00,5,COMMUNICATION,all,24.4,,burst_missing,dur=9
6ba8edf3,Mumbai,2023-10-03 12:00:00,2023-10-03 12:00:00,5,COMMUNICATION,temperature_c,29.6,,partial_missing,dur=1
8b5329b8,Mumbai,2022-05-24 21:00:00,2022-05-24 21:00:00,5,COMMUNICATION,all,29.1,,missing_packet,dur=1
d32341f0,Mumbai,2024-03-09 07:00:00,2024-03-09 09:00:00,5,COMMUNICATION,all,23.2,,burst_missing,dur=3
41a9e135,Mumbai,2024-11-02 18:00:00,2024-11-02 18:00:00,5,COMMUNICATION,all,29.0,,missing_packet,dur=1
e4e983a6,Mumbai,2024-06-19 17:00:00,2024-06-19 17:00:00,5,COMMUNICATION,temperature_c,28.2,,partial_missing,dur=1
b0ae00af,Mumbai,2022-09-05 07:00:00,2022-09-05 07:00:00,5,COMMUNICATION,temperature_c,26.7,,partial_missing,dur=1
d23f1d3b,Mumbai,2022-02-28 10:00:00,2022-02-28 10:00:00,5,COMMUNICATION,all,29.6,,missing_packet,dur=1
69ca803b,Mumbai,2024-12-10 19:00:00,2024-12-10 19:00:00,5,COMMUNICATION,temperature_c,25.8,,partial_missing,dur=1
f8efb80d,Mumbai,2024-12-03 17:00:00,2024-12-03 23:00:00,5,COMMUNICATION,all,29.6,,burst_missing,dur=7
16d19534,Mumbai,2024-07-02 13:00:00,2024-07-02 13:00:00,5,COMMUNICATION,all,30.2,,missing_packet,dur=1
80e64447,Mumbai,2021-08-05 05:00:00,2021-08-05 05:00:00,5,COMMUNICATION,all,26.2,,missing_packet,dur=1
b1ebc348,Mumbai,2023-04-01 06:00:00,2023-04-01 10:00:00,5,COMMUNICATION,all,22.3,,burst_missing,dur=5
d7005fe7,Mumbai,2023-04-01 07:00:00,2023-04-01 15:00:00,5,COMMUNICATION,all,,,burst_missing,dur=9
76ad4ea7,Mumbai,2023-03-18 20:00:00,2023-03-18 20:00:00,5,COMMUNICATION,temperature_c,26.4,,partial_missing,dur=1
47446ba3,Mumbai,2021-05-11 07:00:00,2021-05-11 07:00:00,5,COMMUNICATION,temperature_c,29.0,,partial_missing,dur=1
82ac0cd2,Mumbai,2021-07-28 23:00:00,2021-07-29 02:00:00,5,COMMUNICATION,all,27.3,,burst_missing,dur=4
264e3539,Mumbai,2024-10-26 10:00:00,2024-10-26 10:00:00,5,COMMUNICATION,all,29.4,,missing_packet,dur=1
971bc98a,Mumbai,2024-02-02 19:00:00,2024-02-03 04:00:00,5,COMMUNICATION,all,24.4,,burst_missing,dur=10
63e09ff9,Mumbai,2022-11-23 21:00:00,2022-11-23 21:00:00,5,COMMUNICATION,all,25.6,,missing_packet,dur=1
55a295cf,Mumbai,2022-11-27 22:00:00,2022-11-27 22:00:00,5,COMMUNICATION,temperature_c,25.0,,partial_missing,dur=1
68b193f4,Mumbai,2021-08-12 06:00:00,2021-08-12 06:00:00,5,COMMUNICATION,temperature_c,25.4,,partial_missing,dur=1
2d9cc972,Mumbai,2021-02-14 10:00:00,2021-02-14 19:00:00,5,COMMUNICATION,all,28.3,,burst_missing,dur=10
8115d961,Mumbai,2022-05-06 07:00:00,2022-05-06 15:00:00,5,COMMUNICATION,all,28.1,,burst_missing,dur=9
fd900684,Mumbai,2021-05-04 14:00:00,2021-05-04 22:00:00,5,COMMUNICATION,all,33.6,,burst_missing,dur=9
41cb31a4,Mumbai,2023-03-24 18:00:00,2023-03-24 18:00:00,5,COMMUNICATION,all,27.0,,missing_packet,dur=1
1cd21081,Mumbai,2024-05-27 10:00:00,2024-05-27 10:00:00,5,COMMUNICATION,temperature_c,32.0,,partial_missing,dur=1
401fb4b1,Mumbai,2024-05-13 15:00:00,2024-05-13 15:00:00,5,COMMUNICATION,temperature_c,33.9,,partial_missing,dur=1
55c82c73,Mumbai,2022-12-25 19:00:00,2022-12-25 19:00:00,5,COMMUNICATION,all,22.1,,missing_packet,dur=1
174e99e0,Mumbai,2022-05-27 03:00:00,2022-05-27 07:00:00,5,COMMUNICATION,all,28.5,,burst_missing,dur=5
9f3608d2,Mumbai,2021-08-02 14:00:00,2021-08-02 14:00:00,5,COMMUNICATION,temperature_c,27.9,,partial_missing,dur=1
1eb46b45,Mumbai,2022-12-10 02:00:00,2022-12-10 02:00:00,5,COMMUNICATION,temperature_c,18.8,,partial_missing,dur=1
7cf82549,Mumbai,2021-10-18 08:00:00,2021-10-18 08:00:00,5,COMMUNICATION,all,29.0,,missing_packet,dur=1
f16143db,Mumbai,2021-02-18 22:00:00,2021-02-19 06:00:00,5,COMMUNICATION,all,23.5,,burst_missing,dur=9
fe4f7d57,Mumbai,2021-11-15 14:00:00,2021-11-15 14:00:00,6,MULTIVARIATE,temperature_c,30.6,40.6,t_rh_mismatch,
65b9e6c1,Mumbai,2022-04-14 22:00:00,2022-04-14 22:00:00,6,MULTIVARIATE,relative_humidity_pct,92.0,52.0,moisture_mismatch,
df11b85e,Mumbai,2024-06-10 13:00:00,2024-06-10 13:00:00,6,MULTIVARIATE,relative_humidity_pct,75.0,35.0,moisture_mismatch,
65e77310,Mumbai,2024-08-22 01:00:00,2024-08-22 01:00:00,6,MULTIVARIATE,relative_humidity_pct,95.0,55.0,moisture_mismatch,
383e5238,Mumbai,2023-09-13 00:00:00,2023-09-13 00:00:00,6,MULTIVARIATE,relative_humidity_pct,91.0,51.0,moisture_mismatch,
22a5c1ea,Mumbai,2023-04-07 10:00:00,2023-04-07 10:00:00,6,MULTIVARIATE,temperature_c,33.9,43.9,t_rh_mismatch,
15cf0fad,Mumbai,2021-12-08 13:00:00,2021-12-08 13:00:00,6,MULTIVARIATE,temperature_c,30.9,40.9,t_rh_mismatch,
94892c05,Mumbai,2021-02-07 21:00:00,2021-02-07 21:00:00,6,MULTIVARIATE,temperature_c,25.0,35.0,t_rh_mismatch,
a9058c41,Mumbai,2021-11-02 14:00:00,2021-11-02 14:00:00,6,MULTIVARIATE,temperature_c,32.3,42.3,t_rh_mismatch,
b8469f4d,Mumbai,2022-05-29 23:00:00,2022-05-29 23:00:00,6,MULTIVARIATE,temperature_c,28.9,38.9,t_rh_mismatch,
850beb72,Mumbai,2022-07-26 08:00:00,2022-07-26 08:00:00,6,MULTIVARIATE,relative_humidity_pct,85.0,45.0,moisture_mismatch,
79c38d35,Mumbai,2022-02-01 08:00:00,2022-02-01 08:00:00,6,MULTIVARIATE,temperature_c,19.2,29.2,t_rh_mismatch,
b7e5617a,Mumbai,2024-04-04 23:00:00,2024-04-04 23:00:00,6,MULTIVARIATE,temperature_c,26.0,36.0,t_rh_mismatch,
2b079941,Mumbai,2021-08-24 02:00:00,2021-08-24 02:00:00,6,MULTIVARIATE,relative_humidity_pct,93.0,53.0,moisture_mismatch,
ba2accad,Mumbai,2024-06-19 11:00:00,2024-06-19 11:00:00,6,MULTIVARIATE,temperature_c,27.3,37.3,t_rh_mismatch,
fbd39a85,Mumbai,2024-07-18 07:00:00,2024-07-18 07:00:00,6,MULTIVARIATE,relative_humidity_pct,92.0,52.0,moisture_mismatch,
7b7cc5aa,Mumbai,2021-03-01 13:00:00,2021-03-01 13:00:00,6,MULTIVARIATE,temperature_c,34.1,44.1,t_rh_mismatch,
5f877a43,Mumbai,2022-03-30 13:00:00,2022-03-30 13:00:00,6,MULTIVARIATE,temperature_c,33.8,43.8,t_rh_mismatch,
2b5a4d52,Mumbai,2024-04-30 20:00:00,2024-04-30 20:00:00,6,MULTIVARIATE,relative_humidity_pct,71.0,31.0,moisture_mismatch,
9302163f,Mumbai,2024-07-11 11:00:00,2024-07-11 11:00:00,6,MULTIVARIATE,temperature_c,27.8,37.8,t_rh_mismatch,
19a4d775,Mumbai,2024-05-12 11:00:00,2024-05-12 11:00:00,6,MULTIVARIATE,temperature_c,33.8,43.8,t_rh_mismatch,
f67175f2,Mumbai,2022-07-04 18:00:00,2022-07-04 18:00:00,6,MULTIVARIATE,relative_humidity_pct,91.0,51.0,moisture_mismatch,
82c80d18,Mumbai,2023-12-06 16:00:00,2023-12-06 16:00:00,6,MULTIVARIATE,temperature_c,28.8,38.8,t_rh_mismatch,
e010710a,Mumbai,2023-07-01 15:00:00,2023-07-01 15:00:00,6,MULTIVARIATE,temperature_c,27.2,37.2,t_rh_mismatch,
5d4aa776,Mumbai,2021-10-08 08:00:00,2021-10-08 08:00:00,6,MULTIVARIATE,relative_humidity_pct,88.0,48.0,moisture_mismatch,
1a21c1ed,Mumbai,2024-02-10 02:00:00,2024-02-10 02:00:00,6,MULTIVARIATE,relative_humidity_pct,42.0,2.0,moisture_mismatch,
b547c87f,Mumbai,2023-03-06 00:00:00,2023-03-06 00:00:00,6,MULTIVARIATE,temperature_c,25.8,35.8,t_rh_mismatch,
0159729a,Mumbai,2024-08-24 04:00:00,2024-08-24 04:00:00,6,MULTIVARIATE,relative_humidity_pct,95.0,55.0,moisture_mismatch,
881cd8f8,Mumbai,2024-08-20 09:00:00,2024-08-20 09:00:00,6,MULTIVARIATE,relative_humidity_pct,89.0,49.0,moisture_mismatch,
5b8c8418,Mumbai,2022-09-26 06:00:00,2022-09-26 06:00:00,6,MULTIVARIATE,temperature_c,23.5,33.5,t_rh_mismatch,
afdbcb80,Mumbai,2024-12-13 15:00:00,2024-12-13 15:00:00,6,MULTIVARIATE,temperature_c,32.1,42.1,t_rh_mismatch,
6d28a81f,Mumbai,2024-02-27 08:00:00,2024-02-27 08:00:00,6,MULTIVARIATE,relative_humidity_pct,65.0,25.0,moisture_mismatch,
bc6feb4d,Mumbai,2021-06-23 10:00:00,2021-06-23 10:00:00,6,MULTIVARIATE,relative_humidity_pct,88.0,48.0,moisture_mismatch,
0546fb3b,Mumbai,2024-02-14 01:00:00,2024-02-14 01:00:00,6,MULTIVARIATE,relative_humidity_pct,34.0,5.0,moisture_mismatch,
3df34c15,Mumbai,2021-11-16 07:00:00,2021-11-16 07:00:00,6,MULTIVARIATE,relative_humidity_pct,74.0,34.0,moisture_mismatch,
9ec4bbcb,Mumbai,2023-08-05 21:00:00,2023-08-05 21:00:00,6,MULTIVARIATE,relative_humidity_pct,84.0,44.0,moisture_mismatch,
41beb636,Mumbai,2024-04-06 04:00:00,2024-04-06 04:00:00,6,MULTIVARIATE,temperature_c,25.9,35.9,t_rh_mismatch,
d7743485,Mumbai,2022-03-17 13:00:00,2022-03-17 13:00:00,6,MULTIVARIATE,relative_humidity_pct,41.0,1.0,moisture_mismatch,
b1cfc689,Mumbai,2022-06-09 20:00:00,2022-06-09 20:00:00,6,MULTIVARIATE,relative_humidity_pct,77.0,37.0,moisture_mismatch,
20be9017,Mumbai,2023-07-28 22:00:00,2023-07-28 22:00:00,6,MULTIVARIATE,relative_humidity_pct,90.0,50.0,moisture_mismatch,
b87b6e54,Mumbai,2022-09-26 19:00:00,2022-09-26 19:00:00,6,MULTIVARIATE,temperature_c,26.1,36.1,t_rh_mismatch,
4297ff7b,Mumbai,2023-07-16 02:00:00,2023-07-16 02:00:00,6,MULTIVARIATE,relative_humidity_pct,95.0,55.0,moisture_mismatch,
c2a4b330,Mumbai,2021-12-25 03:00:00,2021-12-25 03:00:00,6,MULTIVARIATE,relative_humidity_pct,98.0,58.0,moisture_mismatch,
f68ee41a,Mumbai,2023-12-02 23:00:00,2023-12-02 23:00:00,6,MULTIVARIATE,relative_humidity_pct,77.0,37.0,moisture_mismatch,
5ecc7609,Mumbai,2023-09-11 17:00:00,2023-09-11 17:00:00,6,MULTIVARIATE,relative_humidity_pct,85.0,45.0,moisture_mismatch,
75a4192c,Mumbai,2022-03-19 10:00:00,2022-03-19 10:00:00,6,MULTIVARIATE,temperature_c,30.4,40.4,t_rh_mismatch,
9bb647de,Mumbai,2023-02-11 07:00:00,2023-02-11 07:00:00,6,MULTIVARIATE,temperature_c,17.8,27.8,t_rh_mismatch,
475bae78,Mumbai,2024-08-11 14:00:00,2024-08-11 14:00:00,6,MULTIVARIATE,temperature_c,28.3,38.3,t_rh_mismatch,
39361131,Mumbai,2022-04-19 04:00:00,2022-04-19 04:00:00,6,MULTIVARIATE,temperature_c,24.9,34.9,t_rh_mismatch,
b3e6b93a,Mumbai,2022-03-03 20:00:00,2022-03-03 20:00:00,6,MULTIVARIATE,relative_humidity_pct,47.0,7.0,moisture_mismatch,
730a0529,Mumbai,2021-10-03 12:00:00,2021-10-03 12:00:00,6,MULTIVARIATE,relative_humidity_pct,78.0,38.0,moisture_mismatch,
44180e71,Mumbai,2024-09-10 04:00:00,2024-09-10 04:00:00,6,MULTIVARIATE,relative_humidity_pct,94.0,54.0,moisture_mismatch,
d0814895,Mumbai,2022-10-03 22:00:00,2022-10-03 22:00:00,6,MULTIVARIATE,temperature_c,25.8,35.8,t_rh_mismatch,
9d437c17,Mumbai,2021-05-09 11:00:00,2021-05-09 11:00:00,6,MULTIVARIATE,temperature_c,32.7,42.7,t_rh_mismatch,
ef8f05a4,Mumbai,2023-09-07 17:00:00,2023-09-07 17:00:00,6,MULTIVARIATE,relative_humidity_pct,84.0,44.0,moisture_mismatch,
4d870aa8,Mumbai,2023-09-02 23:00:00,2023-09-02 23:00:00,6,MULTIVARIATE,temperature_c,26.6,36.6,t_rh_mismatch,
3f666dd5,Mumbai,2022-04-23 02:00:00,2022-04-23 02:00:00,6,MULTIVARIATE,temperature_c,28.0,38.0,t_rh_mismatch,
c365152e,Mumbai,2021-06-23 20:00:00,2021-06-23 20:00:00,6,MULTIVARIATE,relative_humidity_pct,92.0,52.0,moisture_mismatch,
710b8130,Mumbai,2024-03-21 21:00:00,2024-03-21 21:00:00,6,MULTIVARIATE,temperature_c,27.6,37.6,t_rh_mismatch,
3138c915,Mumbai,2022-09-12 00:00:00,2022-09-12 00:00:00,6,MULTIVARIATE,temperature_c,25.3,35.3,t_rh_mismatch,
8eb614d0,Mumbai,2022-09-04 22:00:00,2022-09-04 22:00:00,6,MULTIVARIATE,relative_humidity_pct,93.0,53.0,moisture_mismatch,
ad3061ee,Mumbai,2022-12-06 00:00:00,2022-12-06 00:00:00,6,MULTIVARIATE,relative_humidity_pct,75.0,35.0,moisture_mismatch,
539d3a0c,Mumbai,2023-08-29 01:00:00,2023-08-29 01:00:00,6,MULTIVARIATE,temperature_c,25.0,35.0,t_rh_mismatch,
b2a08904,Mumbai,2023-01-01 10:00:00,2023-01-01 10:00:00,6,MULTIVARIATE,temperature_c,24.4,34.4,t_rh_mismatch,
7eff3665,Mumbai,2024-11-08 08:00:00,2024-11-08 08:00:00,6,MULTIVARIATE,temperature_c,25.5,35.5,t_rh_mismatch,
73f66c83,Mumbai,2021-05-18 16:00:00,2021-05-18 16:00:00,6,MULTIVARIATE,relative_humidity_pct,84.0,44.0,moisture_mismatch,
a6e0b95f,Mumbai,2024-06-02 06:00:00,2024-06-02 06:00:00,6,MULTIVARIATE,temperature_c,29.5,39.5,t_rh_mismatch,
5dd54dcb,Mumbai,2021-10-17 03:00:00,2021-10-17 03:00:00,6,MULTIVARIATE,temperature_c,24.7,34.7,t_rh_mismatch,
a818854c,Mumbai,2021-04-25 14:00:00,2021-04-25 14:00:00,6,MULTIVARIATE,temperature_c,32.8,42.8,t_rh_mismatch,
d8c32d66,Mumbai,2022-04-02 03:00:00,2022-04-02 03:00:00,6,MULTIVARIATE,temperature_c,23.4,33.4,t_rh_mismatch,
d15ccb5c,New,2022-07-15 20:00:00,2022-07-15 20:00:00,1,SPIKE,temperature_c,30.7,28.307183919105174,small,mag=-2.39
37c77dda,New,2023-09-15 12:00:00,2023-09-15 12:00:00,1,SPIKE,relative_humidity_pct,81.0,64.2527777935772,medium,mag=-16.75
8964f722,New,2022-03-05 19:00:00,2022-03-05 19:00:00,1,SPIKE,temperature_c,20.0,2.3790760683602272,large,mag=-17.62
1e6a5758,New,2023-03-09 16:00:00,2023-03-09 16:00:00,1,SPIKE,relative_humidity_pct,39.0,22.085249584630414,medium,mag=-16.91
d77145aa,New,2024-04-20 15:00:00,2024-04-20 15:00:00,1,SPIKE,relative_humidity_pct,19.0,14.302702112979226,small,mag=-4.70
dd901926,New,2024-10-13 10:00:00,2024-10-13 10:00:00,1,SPIKE,temperature_c,29.5,24.8805962418651,medium,mag=-4.62
eb4058c6,New,2024-09-22 22:00:00,2024-09-22 22:00:00,1,SPIKE,relative_humidity_pct,86.0,100.85136529063254,medium,mag=14.85
2be18a3b,New,2021-09-29 03:00:00,2021-09-29 03:00:00,1,SPIKE,surface_pressure_hpa,982.4,965.2918217119715,large,mag=-17.11
f10a3151,New,2022-02-26 07:00:00,2022-02-26 07:00:00,1,SPIKE,surface_pressure_hpa,991.2,996.5344414897125,medium,mag=5.33
42f25e8c,New,2023-09-21 05:00:00,2023-09-21 05:00:00,1,SPIKE,temperature_c,27.6,10.801130272830857,large,mag=-16.80
8c7c071e,New,2023-07-03 16:00:00,2023-07-03 16:00:00,1,SPIKE,surface_pressure_hpa,973.3,955.4374217331264,large,mag=-17.86
6924d41c,New,2022-01-12 05:00:00,2022-01-12 05:00:00,1,SPIKE,relative_humidity_pct,86.0,103.74847695248323,medium,mag=17.75
db7af5db,New,2021-12-02 19:00:00,2021-12-02 19:00:00,1,SPIKE,relative_humidity_pct,88.0,54.583521739726834,large,mag=-33.42
ace9e8fe,New,2022-07-06 07:00:00,2022-07-06 07:00:00,1,SPIKE,temperature_c,30.6,14.819344729356821,large,mag=-15.78
1c635537,New,2024-04-14 01:00:00,2024-04-14 01:00:00,1,SPIKE,surface_pressure_hpa,985.3,989.547563222705,medium,mag=4.25
590e2e03,New,2024-02-10 06:00:00,2024-02-10 06:00:00,1,SPIKE,surface_pressure_hpa,994.9,992.8050367561469,small,mag=-2.09
92371ab5,New,2021-01-18 23:00:00,2021-01-18 23:00:00,1,SPIKE,surface_pressure_hpa,988.6,990.6174030315244,small,mag=2.02
5f08c5fe,New,2022-11-01 21:00:00,2022-11-01 21:00:00,1,SPIKE,relative_humidity_pct,73.0,106.92453082302265,large,mag=33.92
7e7aa443,New,2024-07-17 10:00:00,2024-07-17 10:00:00,1,SPIKE,surface_pressure_hpa,977.8,979.619970022361,small,mag=1.82
177dd788,New,2023-07-22 00:00:00,2023-07-22 00:00:00,1,SPIKE,temperature_c,28.7,30.971133952663276,small,mag=2.27
80e20cfc,New,2023-02-23 00:00:00,2023-02-23 00:00:00,1,SPIKE,surface_pressure_hpa,987.3,982.2329122661522,medium,mag=-5.07
2edf92af,New,2024-10-11 01:00:00,2024-10-11 01:00:00,1,SPIKE,relative_humidity_pct,67.0,81.94883824267869,medium,mag=14.95
a8ac791f,New,2022-04-13 15:00:00,2022-04-13 15:00:00,1,SPIKE,temperature_c,38.9,34.07012715303813,medium,mag=-4.83
e55c6702,New,2021-08-21 17:00:00,2021-08-21 17:00:00,1,SPIKE,surface_pressure_hpa,979.1,974.9179498297774,medium,mag=-4.18
fb4ecb8b,New,2022-12-28 09:00:00,2022-12-28 09:00:00,1,SPIKE,temperature_c,11.5,-1.3642055175901486,large,mag=-12.86
88fab81c,New,2023-10-14 23:00:00,2023-10-14 23:00:00,1,SPIKE,relative_humidity_pct,58.0,52.09567054499274,small,mag=-5.90
9d65a2ef,New,2024-02-08 06:00:00,2024-02-08 06:00:00,1,SPIKE,surface_pressure_hpa,993.5,991.1311013321562,small,mag=-2.37
20a2bf15,New,2023-09-12 19:00:00,2023-09-12 19:00:00,1,SPIKE,temperature_c,28.5,30.33841946953499,small,mag=1.84
88fc4154,New,2022-11-02 05:00:00,2022-11-02 05:00:00,1,SPIKE,temperature_c,18.1,12.313977957901095,medium,mag=-5.79
778a94bd,New,2022-02-18 23:00:00,2022-02-18 23:00:00,1,SPIKE,relative_humidity_pct,76.0,93.39700902049093,medium,mag=17.40
62e7c64b,New,2024-12-17 07:00:00,2024-12-17 07:00:00,1,SPIKE,temperature_c,7.7,5.622396304690665,small,mag=-2.08
17bd524f,New,2024-02-26 13:00:00,2024-02-26 13:00:00,1,SPIKE,temperature_c,24.6,29.608842503801714,medium,mag=5.01
8796890f,New,2022-09-16 02:00:00,2022-09-16 02:00:00,1,SPIKE,temperature_c,24.1,19.170352933509335,medium,mag=-4.93
50de519b,New,2022-01-12 19:00:00,2022-01-12 19:00:00,1,SPIKE,relative_humidity_pct,87.0,82.18501242051212,small,mag=-4.81
722f2bbe,New,2024-03-16 23:00:00,2024-03-16 23:00:00,1,SPIKE,temperature_c,16.6,14.229220249735281,small,mag=-2.37
d34d1117,New,2024-02-03 21:00:00,2024-02-03 21:00:00,1,SPIKE,surface_pressure_hpa,992.1,990.0562340399531,small,mag=-2.04
5b188614,New,2024-01-23 16:00:00,2024-01-23 16:00:00,1,SPIKE,temperature_c,17.1,21.99196451133353,medium,mag=4.89
58a8ab0c,New,2024-06-06 16:00:00,2024-06-06 16:00:00,1,SPIKE,surface_pressure_hpa,977.9,954.1567078982373,large,mag=-23.74
42d75e70,New,2024-11-10 10:00:00,2024-11-10 10:00:00,1,SPIKE,relative_humidity_pct,61.0,105.5123786026432,large,mag=44.51
7df32f32,New,2023-09-15 21:00:00,2023-09-15 21:00:00,1,SPIKE,surface_pressure_hpa,981.0,986.1103044964633,medium,mag=5.11
2e22d2fe,New,2021-03-23 06:00:00,2021-03-23 06:00:00,1,SPIKE,temperature_c,20.2,22.568891554053852,small,mag=2.37
5d8bfb17,New,2024-04-23 12:00:00,2024-04-23 12:00:00,1,SPIKE,surface_pressure_hpa,982.0,986.3347633481106,medium,mag=4.33
68f6dbde,New,2022-02-02 13:00:00,2022-02-02 13:00:00,1,SPIKE,temperature_c,20.1,15.598222085245137,medium,mag=-4.50
ca23cf56,New,2021-01-28 03:00:00,2021-01-28 03:00:00,1,SPIKE,surface_pressure_hpa,989.8,995.4848773454459,medium,mag=5.68
991e15e3,New,2024-11-13 16:00:00,2024-11-13 16:00:00,1,SPIKE,temperature_c,29.0,42.687867732889266,large,mag=13.69
60049bd0,New,2021-07-10 00:00:00,2021-07-10 00:00:00,1,SPIKE,temperature_c,31.8,44.219611318437984,large,mag=12.42
09d4121b,New,2021-08-20 12:00:00,2021-08-20 12:00:00,1,SPIKE,temperature_c,28.6,34.26099621563629,medium,mag=5.66
369e23cb,New,2023-07-13 19:00:00,2023-07-13 19:00:00,1,SPIKE,surface_pressure_hpa,975.8,998.8262343544937,large,mag=23.03
9e35aca2,New,2023-05-10 15:00:00,2023-05-10 15:00:00,1,SPIKE,temperature_c,36.5,53.31233932010698,large,mag=16.81
72cd39fb,New,2024-01-02 18:00:00,2024-01-02 18:00:00,1,SPIKE,surface_pressure_hpa,991.3,997.2592806958063,medium,mag=5.96
33288e91,New,2022-03-25 17:00:00,2022-03-25 17:00:00,1,SPIKE,surface_pressure_hpa,981.4,976.0754459443237,medium,mag=-5.32
61cf2105,New,2024-03-31 07:00:00,2024-03-31 07:00:00,1,SPIKE,relative_humidity_pct,64.0,46.24604392351894,medium,mag=-17.75
2ceb7e22,New,2021-06-17 20:00:00,2021-06-17 20:00:00,1,SPIKE,relative_humidity_pct,73.0,77.26745148966377,small,mag=4.27
c469f904,New,2023-12-10 21:00:00,2023-12-10 21:00:00,1,SPIKE,temperature_c,14.0,-3.40866996390724,large,mag=-17.41
665facc2,New,2021-04-12 06:00:00,2021-04-12 06:00:00,1,SPIKE,surface_pressure_hpa,986.5,984.183785458228,small,mag=-2.32
7a8b0867,New,2022-02-17 04:00:00,2022-02-17 04:00:00,1,SPIKE,surface_pressure_hpa,983.5,988.5762629074029,medium,mag=5.08
ae56313d,New,2021-06-07 20:00:00,2021-06-07 20:00:00,1,SPIKE,surface_pressure_hpa,974.5,958.2524198357718,large,mag=-16.25
64f5a044,New,2024-11-20 08:00:00,2024-11-20 08:00:00,1,SPIKE,surface_pressure_hpa,991.6,996.3059894647008,medium,mag=4.71
45202d80,New,2023-03-19 12:00:00,2023-03-19 12:00:00,1,SPIKE,relative_humidity_pct,66.0,31.165013809305933,large,mag=-34.83
338bb4b6,New,2024-02-19 23:00:00,2024-02-19 23:00:00,1,SPIKE,surface_pressure_hpa,984.7,982.8036154870019,small,mag=-1.90
4d70fc64,New,2024-01-03 17:00:00,2024-01-03 17:00:00,1,SPIKE,temperature_c,12.4,6.913711109462654,medium,mag=-5.49
76984c4d,New,2023-04-12 00:00:00,2023-04-12 00:00:00,1,SPIKE,relative_humidity_pct,31.0,68.72513630288978,large,mag=37.73
5cbc0814,New,2023-05-07 14:00:00,2023-05-07 14:00:00,1,SPIKE,temperature_c,34.8,51.65048696627361,large,mag=16.85
f748f036,New,2023-07-29 18:00:00,2023-07-29 18:00:00,1,SPIKE,temperature_c,29.2,31.57383720495104,small,mag=2.37
203fb764,New,2021-01-22 13:00:00,2021-01-22 13:00:00,1,SPIKE,temperature_c,20.8,15.391904599860789,medium,mag=-5.41
6dd23b96,New,2023-02-03 23:00:00,2023-02-03 23:00:00,1,SPIKE,surface_pressure_hpa,989.6,987.2125891696148,small,mag=-2.39
ff99fea8,New,2024-12-12 05:00:00,2024-12-12 05:00:00,1,SPIKE,surface_pressure_hpa,988.4,983.8453048919275,medium,mag=-4.55
52833c00,New,2022-02-06 00:00:00,2022-02-06 00:00:00,1,SPIKE,surface_pressure_hpa,990.2,985.8124594858314,medium,mag=-4.39
eaf15f47,New,2024-01-09 00:00:00,2024-01-09 00:00:00,1,SPIKE,surface_pressure_hpa,992.4,1013.2237803915226,large,mag=20.82
d85825df,New,2024-05-03 09:00:00,2024-05-03 09:00:00,1,SPIKE,temperature_c,31.8,33.996778750807344,small,mag=2.20
08903e79,New,2022-07-15 03:00:00,2022-07-15 03:00:00,1,SPIKE,temperature_c,29.2,34.91095791798778,medium,mag=5.71
60711f42,New,2024-04-22 08:00:00,2024-04-22 08:00:00,1,SPIKE,surface_pressure_hpa,983.7,1001.2348123817246,large,mag=17.53
0480698b,New,2023-08-01 18:00:00,2023-08-01 18:00:00,1,SPIKE,surface_pressure_hpa,972.3,974.4543886523111,small,mag=2.15
858c5abc,New,2024-01-10 13:00:00,2024-01-10 13:00:00,1,SPIKE,surface_pressure_hpa,991.3,970.8190721819935,large,mag=-20.48
3a620c15,New,2022-06-23 17:00:00,2022-06-23 17:00:00,1,SPIKE,relative_humidity_pct,35.0,40.28193257261961,small,mag=5.28
939c8cf7,New,2023-04-04 09:00:00,2023-04-04 09:00:00,1,SPIKE,surface_pressure_hpa,986.3,988.1583994116338,small,mag=1.86
c11332aa,New,2021-08-19 03:00:00,2021-08-19 03:00:00,1,SPIKE,relative_humidity_pct,76.0,60.89022838473677,medium,mag=-15.11
7fa709e0,New,2021-04-11 22:00:00,2021-04-11 22:00:00,1,SPIKE,relative_humidity_pct,21.0,33.26078804807972,medium,mag=12.26
e6487361,New,2023-07-03 09:00:00,2023-07-03 09:00:00,1,SPIKE,surface_pressure_hpa,977.8,975.4652868067022,small,mag=-2.33
f6ccde52,New,2023-12-01 22:00:00,2023-12-01 22:00:00,1,SPIKE,surface_pressure_hpa,991.7,986.916282230696,medium,mag=-4.78
0aa95f22,New,2021-12-11 01:00:00,2021-12-11 01:00:00,1,SPIKE,relative_humidity_pct,76.0,81.61534582116263,small,mag=5.62
c3622bd3,New,2024-11-22 05:00:00,2024-11-22 05:00:00,1,SPIKE,surface_pressure_hpa,988.2,990.1390562054979,small,mag=1.94
bab4bb66,New,2023-02-15 07:00:00,2023-02-15 07:00:00,1,SPIKE,temperature_c,13.0,11.136620293195213,small,mag=-1.86
225853fd,New,2022-08-07 15:00:00,2022-08-07 15:00:00,1,SPIKE,temperature_c,30.2,42.36723651349394,large,mag=12.17
f062777e,New,2021-09-11 11:00:00,2021-09-11 11:00:00,1,SPIKE,relative_humidity_pct,88.0,93.25259421669037,small,mag=5.25
08bae303,New,2024-10-29 04:00:00,2024-10-29 04:00:00,1,SPIKE,relative_humidity_pct,92.0,77.15854084916297,medium,mag=-14.84
ee75d284,New,2023-05-03 15:00:00,2023-05-03 15:00:00,1,SPIKE,relative_humidity_pct,55.0,60.03935008934306,small,mag=5.04
65f42e5e,New,2024-11-24 14:00:00,2024-11-24 14:00:00,1,SPIKE,temperature_c,27.7,29.795653244486626,small,mag=2.10
7c4e56ac,New,2023-07-20 08:00:00,2023-07-20 08:00:00,1,SPIKE,temperature_c,27.7,14.951041766157683,large,mag=-12.75
212b96b0,New,2022-03-13 23:00:00,2022-03-13 23:00:00,1,SPIKE,temperature_c,21.7,19.387933010770723,small,mag=-2.31
4b1d0080,New,2021-03-05 22:00:00,2021-03-05 22:00:00,1,SPIKE,surface_pressure_hpa,986.4,988.0496017868466,small,mag=1.65
1456c6e7,New,2021-03-18 03:00:00,2021-03-18 03:00:00,1,SPIKE,relative_humidity_pct,56.0,50.747629576447025,small,mag=-5.25
92fa180a,New,2022-12-08 09:00:00,2022-12-08 09:00:00,1,SPIKE,temperature_c,15.5,17.547406441284437,small,mag=2.05
db44e1c1,New,2022-10-22 00:00:00,2022-10-22 00:00:00,1,SPIKE,relative_humidity_pct,73.0,57.296188142062874,medium,mag=-15.70
bdf5560f,New,2023-04-10 23:00:00,2023-04-10 23:00:00,1,SPIKE,relative_humidity_pct,32.0,37.57494961708373,small,mag=5.57
a20215f5,New,2024-02-29 09:00:00,2024-02-29 09:00:00,1,SPIKE,surface_pressure_hpa,991.1,989.128632725506,small,mag=-1.97
a9bb3bec,New,2024-10-11 17:00:00,2024-10-11 17:00:00,1,SPIKE,relative_humidity_pct,51.0,88.43386359821812,large,mag=37.43
b1702f8f,New,2021-10-29 13:00:00,2021-10-29 13:00:00,1,SPIKE,surface_pressure_hpa,991.4,989.5374450648557,small,mag=-1.86
7d640160,New,2021-06-13 16:00:00,2021-06-13 16:00:00,1,SPIKE,temperature_c,36.7,34.62385991386593,small,mag=-2.08
e3f5f08e,New,2023-10-16 11:00:00,2023-10-16 11:00:00,1,SPIKE,temperature_c,25.7,38.86168725063071,large,mag=13.16
92771ae6,New,2022-12-11 07:00:00,2022-12-11 07:00:00,1,SPIKE,surface_pressure_hpa,990.4,992.2050288817608,small,mag=1.81
658c8b22,New,2024-10-17 19:00:00,2024-10-17 19:00:00,1,SPIKE,relative_humidity_pct,64.0,78.66774588164344,medium,mag=14.67
6119757a,New,2023-08-26 22:00:00,2023-08-26 22:00:00,1,SPIKE,temperature_c,28.8,30.44839294628907,small,mag=1.65
248911d6,New,2021-12-05 02:00:00,2021-12-05 02:00:00,1,SPIKE,relative_humidity_pct,86.0,38.644138377701644,large,mag=-47.36
0c2459e1,New,2021-05-11 08:00:00,2021-05-11 08:00:00,1,SPIKE,relative_humidity_pct,48.0,63.246862237550125,medium,mag=15.25
b386a654,New,2021-12-07 15:00:00,2021-12-07 15:00:00,1,SPIKE,temperature_c,22.5,20.417336408240196,small,mag=-2.08
7cc8e103,New,2024-05-10 08:00:00,2024-05-10 08:00:00,1,SPIKE,relative_humidity_pct,52.0,67.10608353852211,medium,mag=15.11
afcd03f9,New,2023-03-25 15:00:00,2023-03-25 15:00:00,1,SPIKE,surface_pressure_hpa,985.5,967.6009011562402,large,mag=-17.90
c27a0b20,New,2021-01-15 05:00:00,2021-01-15 05:00:00,1,SPIKE,surface_pressure_hpa,988.4,986.6436742962807,small,mag=-1.76
9ce2446e,New,2024-05-22 09:00:00,2024-05-22 09:00:00,1,SPIKE,temperature_c,36.4,53.111582842546866,large,mag=16.71
2675ab0a,New,2023-07-15 15:00:00,2023-07-15 15:00:00,1,SPIKE,relative_humidity_pct,66.0,71.38956315356256,small,mag=5.39
59dc306a,New,2022-10-07 16:00:00,2022-10-07 16:00:00,1,SPIKE,relative_humidity_pct,81.0,126.63213891725668,large,mag=45.63
a5463937,New,2024-12-27 05:00:00,2024-12-27 05:00:00,1,SPIKE,surface_pressure_hpa,992.4,997.2373905767295,medium,mag=4.84
2d76e399,New,2022-10-01 12:00:00,2022-10-01 12:00:00,1,SPIKE,temperature_c,32.1,29.86864689045821,small,mag=-2.23
3aa9d0ad,New,2023-08-15 15:00:00,2023-08-15 15:00:00,1,SPIKE,temperature_c,34.7,30.69260585548331,medium,mag=-4.01
8c3f98a4,New,2023-03-29 00:00:00,2023-03-29 00:00:00,1,SPIKE,temperature_c,18.0,2.256479894527562,large,mag=-15.74
4913f653,New,2023-02-16 23:00:00,2023-02-16 23:00:00,1,SPIKE,temperature_c,15.3,21.20517645798106,medium,mag=5.91
6b0a0a59,New,2022-01-18 05:00:00,2022-01-18 05:00:00,1,SPIKE,relative_humidity_pct,97.0,58.594998933762966,large,mag=-38.41
8a6dcc07,New,2023-10-29 06:00:00,2023-10-29 06:00:00,1,SPIKE,temperature_c,20.1,15.384226670413948,medium,mag=-4.72
0132a33b,New,2024-11-20 00:00:00,2024-11-20 00:00:00,1,SPIKE,surface_pressure_hpa,990.0,988.0476735043859,small,mag=-1.95
8d7007eb,New,2022-11-08 04:00:00,2022-11-08 04:00:00,1,SPIKE,surface_pressure_hpa,988.5,1007.3792738940659,large,mag=18.88
b47fceda,New,2021-10-15 08:00:00,2021-10-15 08:00:00,1,SPIKE,temperature_c,23.4,21.660682712680426,small,mag=-1.74
300e5540,New,2023-06-15 05:00:00,2023-06-15 05:00:00,1,SPIKE,relative_humidity_pct,52.0,6.439453058897854,large,mag=-45.56
9ae0c170,New,2024-11-11 06:00:00,2024-11-11 06:00:00,1,SPIKE,temperature_c,18.9,17.159138060552586,small,mag=-1.74
f952798e,New,2022-06-10 19:00:00,2022-06-10 19:00:00,1,SPIKE,relative_humidity_pct,13.0,7.645095242004938,small,mag=-5.35
129b45be,New,2023-09-14 12:00:00,2023-09-14 12:00:00,1,SPIKE,relative_humidity_pct,63.0,96.77550415258209,large,mag=33.78
3ecc27b3,New,2024-05-25 13:00:00,2024-05-25 13:00:00,1,SPIKE,temperature_c,43.6,38.86071869120765,medium,mag=-4.74
97194371,New,2021-09-25 13:00:00,2021-09-25 13:00:00,1,SPIKE,relative_humidity_pct,72.0,31.569172146665828,large,mag=-40.43
2aec54d7,New,2022-02-05 04:00:00,2022-02-05 04:00:00,1,SPIKE,surface_pressure_hpa,985.6,989.730755038835,medium,mag=4.13
16d9553d,New,2024-03-08 10:00:00,2024-03-08 10:00:00,1,SPIKE,temperature_c,21.4,23.15334503372046,small,mag=1.75
bdbe04db,New,2024-01-31 04:00:00,2024-01-31 04:00:00,1,SPIKE,relative_humidity_pct,99.0,57.40721339827297,large,mag=-41.59
a650e9c6,New,2021-08-12 18:00:00,2021-08-12 18:00:00,1,SPIKE,surface_pressure_hpa,977.0,979.2104658998014,small,mag=2.21
5680574b,New,2021-09-09 21:00:00,2021-09-09 21:00:00,1,SPIKE,surface_pressure_hpa,979.5,981.3353461968278,small,mag=1.84
d663e5f6,New,2021-06-19 19:00:00,2021-06-19 19:00:00,1,SPIKE,temperature_c,26.9,21.641081717675746,medium,mag=-5.26
66d45afd,New,2024-03-06 05:00:00,2024-03-06 05:00:00,1,SPIKE,relative_humidity_pct,69.0,74.93676861500863,small,mag=5.94
dafce150,New,2021-12-22 03:00:00,2021-12-22 03:00:00,1,SPIKE,relative_humidity_pct,86.0,91.569330445985,small,mag=5.57
f3f776a0,New,2024-07-24 11:00:00,2024-07-24 11:00:00,1,SPIKE,surface_pressure_hpa,971.0,950.9310895569256,large,mag=-20.07
f05c11e9,New,2022-08-10 12:00:00,2022-08-10 12:00:00,1,SPIKE,surface_pressure_hpa,973.3,953.1488610706169,large,mag=-20.15
7779468a,New,2024-05-03 07:00:00,2024-05-03 07:00:00,1,SPIKE,temperature_c,25.3,30.35095134220287,medium,mag=5.05
16b3f50a,New,2021-08-02 04:00:00,2021-08-02 04:00:00,1,SPIKE,relative_humidity_pct,97.0,136.58013048986618,large,mag=39.58
01b5a6d8,New,2023-10-06 10:00:00,2023-10-06 10:00:00,1,SPIKE,surface_pressure_hpa,983.2,988.7812489626406,medium,mag=5.58
03206eb9,New,2024-12-08 00:00:00,2024-12-08 00:00:00,1,SPIKE,surface_pressure_hpa,987.8,985.4840922999202,small,mag=-2.32
20255892,New,2024-01-05 18:00:00,2024-01-05 18:00:00,1,SPIKE,relative_humidity_pct,90.0,85.38800192736055,small,mag=-4.61
b1508b62,New,2024-11-18 01:00:00,2024-11-18 01:00:00,1,SPIKE,relative_humidity_pct,69.0,23.521094396816814,large,mag=-45.48
38a6b0c3,New,2023-12-15 00:00:00,2023-12-15 00:00:00,1,SPIKE,relative_humidity_pct,88.0,43.97403596830033,large,mag=-44.03
bdf0b28a,New,2022-12-22 01:00:00,2022-12-22 01:00:00,1,SPIKE,relative_humidity_pct,92.0,105.38106546926329,medium,mag=13.38
1ce075e5,New,2024-09-24 03:00:00,2024-09-24 03:00:00,1,SPIKE,temperature_c,25.8,30.47274796107564,medium,mag=4.67
3c104983,New,2024-03-02 05:00:00,2024-03-02 05:00:00,1,SPIKE,relative_humidity_pct,67.0,52.79492835084329,medium,mag=-14.21
4f13739f,New,2024-04-16 17:00:00,2024-04-16 17:00:00,1,SPIKE,relative_humidity_pct,20.0,7.851690820772987,medium,mag=-12.15
3a43a0ac,New,2024-08-29 18:00:00,2024-08-29 18:00:00,1,SPIKE,relative_humidity_pct,85.0,80.84822311462324,small,mag=-4.15
d51b850d,New,2024-02-13 11:00:00,2024-02-13 11:00:00,1,SPIKE,temperature_c,20.1,25.12558197895664,medium,mag=5.03
b3a011cf,New,2022-03-21 16:00:00,2022-03-21 16:00:00,1,SPIKE,surface_pressure_hpa,981.0,983.3412847353682,small,mag=2.34
1cef67de,New,2022-01-30 03:00:00,2022-01-30 03:00:00,1,SPIKE,temperature_c,9.8,8.169374891841256,small,mag=-1.63
01156e5b,New,2024-10-13 03:00:00,2024-10-13 03:00:00,1,SPIKE,temperature_c,21.3,16.64151741489733,medium,mag=-4.66
f2ca4412,New,2021-12-14 03:00:00,2021-12-14 03:00:00,1,SPIKE,relative_humidity_pct,90.0,132.93662927692512,large,mag=42.94
281584fd,New,2024-08-16 17:00:00,2024-08-16 17:00:00,1,SPIKE,relative_humidity_pct,90.0,95.99599141087927,small,mag=6.00
8c3cb4e2,New,2024-06-03 20:00:00,2024-06-03 20:00:00,1,SPIKE,surface_pressure_hpa,975.1,993.1890835528692,large,mag=18.09
66bca5d2,New,2021-12-20 07:00:00,2021-12-20 07:00:00,1,SPIKE,relative_humidity_pct,87.0,103.69876952455233,medium,mag=16.70
017f78c6,New,2024-11-02 08:00:00,2024-11-02 08:00:00,1,SPIKE,relative_humidity_pct,63.0,79.54683645018824,medium,mag=16.55
00cf0940,New,2024-12-15 21:00:00,2024-12-15 21:00:00,1,SPIKE,temperature_c,14.4,20.37854925336183,medium,mag=5.98
e9be3b1b,New,2021-11-19 09:00:00,2021-11-19 09:00:00,1,SPIKE,temperature_c,18.4,12.953328219814043,medium,mag=-5.45
b9e585d5,New,2022-08-04 15:00:00,2022-08-04 15:00:00,1,SPIKE,temperature_c,28.7,23.52599272152819,medium,mag=-5.17
3e801e90,New,2024-05-28 15:00:00,2024-05-28 15:00:00,1,SPIKE,surface_pressure_hpa,967.9,972.822802274535,medium,mag=4.92
7f3b7048,New,2024-07-16 13:00:00,2024-07-16 13:00:00,1,SPIKE,temperature_c,34.2,39.057585948260595,medium,mag=4.86
0b86aafa,New,2021-03-31 00:00:00,2021-03-31 00:00:00,1,SPIKE,surface_pressure_hpa,976.3,971.400056128905,medium,mag=-4.90
86500321,New,2022-03-05 06:00:00,2022-03-05 06:00:00,1,SPIKE,surface_pressure_hpa,988.8,986.7379932411089,small,mag=-2.06
eded4bde,New,2023-10-06 12:00:00,2023-10-06 12:00:00,1,SPIKE,temperature_c,34.2,38.21936230808199,medium,mag=4.02
f7e16577,New,2021-11-21 07:00:00,2021-11-21 07:00:00,1,SPIKE,surface_pressure_hpa,988.3,983.4617053683739,medium,mag=-4.84
e13b2b61,New,2024-01-21 19:00:00,2024-01-21 19:00:00,1,SPIKE,surface_pressure_hpa,992.3,997.6810372134686,medium,mag=5.38
2c4fd659,New,2021-10-29 06:00:00,2021-10-29 06:00:00,1,SPIKE,relative_humidity_pct,86.0,101.40546456509938,medium,mag=15.41
881c767e,New,2021-11-27 01:00:00,2021-11-27 01:00:00,1,SPIKE,temperature_c,14.5,12.137889963422673,small,mag=-2.36
c6aa684a,New,2023-10-07 05:00:00,2023-10-07 05:00:00,1,SPIKE,relative_humidity_pct,80.0,121.64804457590009,large,mag=41.65
d879336b,New,2023-03-02 18:00:00,2023-03-02 18:00:00,1,SPIKE,surface_pressure_hpa,992.7,1016.5413769234013,large,mag=23.84
8ff179d2,New,2021-04-20 23:00:00,2021-04-20 23:00:00,1,SPIKE,temperature_c,25.3,20.52713231759759,medium,mag=-4.77
295cba1e,New,2024-11-28 12:00:00,2024-11-28 12:00:00,1,SPIKE,relative_humidity_pct,32.0,26.076123707718622,small,mag=-5.92
2a3250a9,New,2023-04-12 21:00:00,2023-04-14 07:00:00,2,DRIFT,temperature_c,27.4,26.05,slow,"rate=0.010,dur=35"
67b80a9f,New,2022-05-01 01:00:00,2022-05-02 04:00:00,2,DRIFT,surface_pressure_hpa,974.8,972.6,fast,"rate=-0.100,dur=28"
b2bb2f4c,New,2022-05-25 19:00:00,2022-05-27 19:00:00,2,DRIFT,temperature_c,29.0,28.85,medium,"rate=-0.050,dur=49"
73a41a91,New,2022-09-29 08:00:00,2022-10-01 20:00:00,2,DRIFT,surface_pressure_hpa,982.9,973.8,fast,"rate=-0.100,dur=61"
aacd06a4,New,2021-06-06 21:00:00,2021-06-09 19:00:00,2,DRIFT,surface_pressure_hpa,976.9,970.29,slow,"rate=-0.010,dur=71"
f94d2864,New,2024-01-27 22:00:00,2024-01-29 10:00:00,3,FREEZE,temperature_c,10.5,10.5,exact,dur=37
a0a9172e,New,2021-12-19 15:00:00,2021-12-21 12:00:00,3,FREEZE,relative_humidity_pct,41.9,42.0,quantized,dur=46
39c639ef,New,2021-07-02 06:00:00,2021-07-03 06:00:00,3,FREEZE,relative_humidity_pct,44.9,45.0,quantized,dur=25
289f0f68,New,2023-06-13 05:00:00,2023-06-14 21:00:00,3,FREEZE,relative_humidity_pct,59.9,60.0,quantized,dur=41
cd824023,New,2021-02-13 19:00:00,2021-02-15 08:00:00,3,FREEZE,temperature_c,17.3,17.3,exact,dur=38
1f43a9d5,New,2023-07-10 13:00:00,2023-07-11 12:00:00,3,FREEZE,surface_pressure_hpa,976.4,976.4,exact,dur=24
a7b6988b,New,2022-08-26 07:00:00,2022-08-27 00:00:00,3,FREEZE,surface_pressure_hpa,979.8,979.9,quantized,dur=18
675be081,New,2024-01-04 02:00:00,2024-01-05 09:00:00,3,FREEZE,temperature_c,6.3,6.2,quantized,dur=32
76bb6bd9,New,2023-04-24 08:00:00,2023-04-25 10:00:00,3,FREEZE,surface_pressure_hpa,986.6,986.7,quantized,dur=27
e44645a9,New,2021-05-28 15:00:00,2021-05-29 17:00:00,3,FREEZE,surface_pressure_hpa,975.0,975.0,exact,dur=27
c6fad551,New,2022-08-31 10:00:00,2022-08-31 10:00:00,4,RANGE,relative_humidity_pct,50.0,104.80405276931987,just_outside,out_of_bounds
29f04cbb,New,2023-11-08 17:00:00,2023-11-08 17:00:00,4,RANGE,relative_humidity_pct,58.0,150.21739910111788,severe,out_of_bounds
181847ff,New,2024-11-24 23:00:00,2024-11-24 23:00:00,4,RANGE,relative_humidity_pct,55.0,153.8157805831984,severe,out_of_bounds
7067468d,New,2023-05-29 06:00:00,2023-05-29 06:00:00,4,RANGE,relative_humidity_pct,87.0,104.27841523151866,just_outside,out_of_bounds
e161caab,New,2022-05-17 04:00:00,2022-05-17 04:00:00,4,RANGE,relative_humidity_pct,66.0,104.04771719519553,just_outside,out_of_bounds
7e0b2eb0,New,2024-04-22 22:00:00,2024-04-22 22:00:00,4,RANGE,relative_humidity_pct,24.0,104.03543328960112,just_outside,out_of_bounds
d8a60a29,New,2021-01-17 12:00:00,2021-01-17 12:00:00,4,RANGE,relative_humidity_pct,66.0,-999.0,impossible,out_of_bounds
0094f202,New,2021-06-26 10:00:00,2021-06-26 10:00:00,4,RANGE,temperature_c,32.9,9999.0,impossible,out_of_bounds
772cdcd1,New,2024-09-04 12:00:00,2024-09-04 12:00:00,4,RANGE,temperature_c,29.6,87.60900474543143,severe,out_of_bounds
f672a76a,New,2021-07-11 02:00:00,2021-07-11 02:00:00,4,RANGE,relative_humidity_pct,67.0,142.65805982062034,severe,out_of_bounds
a032ee91,New,2022-06-10 13:00:00,2022-06-10 13:00:00,4,RANGE,relative_humidity_pct,18.0,102.33293655921985,just_outside,out_of_bounds
d7f87b3e,New,2021-05-23 06:00:00,2021-05-23 06:00:00,4,RANGE,relative_humidity_pct,76.0,101.61889782298005,just_outside,out_of_bounds
b699f24a,New,2022-01-22 11:00:00,2022-01-22 11:00:00,4,RANGE,temperature_c,13.5,55.064171361239815,just_outside,out_of_bounds
c4b7792c,New,2022-07-12 15:00:00,2022-07-12 15:00:00,4,RANGE,relative_humidity_pct,63.0,152.36442084651654,severe,out_of_bounds
060a645c,New,2021-12-09 20:00:00,2021-12-09 20:00:00,4,RANGE,relative_humidity_pct,67.0,197.63941093814014,severe,out_of_bounds
49e3d787,New,2021-09-08 13:00:00,2021-09-08 13:00:00,4,RANGE,relative_humidity_pct,74.0,159.1640891479318,severe,out_of_bounds
4a0ae7f4,New,2022-04-20 06:00:00,2022-04-20 06:00:00,4,RANGE,temperature_c,27.4,97.69999161941215,severe,out_of_bounds
129a3f89,New,2022-07-13 01:00:00,2022-07-13 01:00:00,4,RANGE,temperature_c,28.2,98.64259117329249,severe,out_of_bounds
92bf0e89,New,2022-10-08 06:00:00,2022-10-08 06:00:00,4,RANGE,temperature_c,21.7,58.81475427881993,just_outside,out_of_bounds
9a503a7e,New,2024-10-17 14:00:00,2024-10-17 14:00:00,4,RANGE,relative_humidity_pct,38.0,-999.0,impossible,out_of_bounds
ebc017db,New,2021-08-02 10:00:00,2021-08-02 10:00:00,4,RANGE,relative_humidity_pct,80.0,-999.0,impossible,out_of_bounds
9cacc6c9,New,2024-03-09 22:00:00,2024-03-09 22:00:00,4,RANGE,relative_humidity_pct,60.0,-999.0,impossible,out_of_bounds
79c40c3a,New,2024-06-29 10:00:00,2024-06-29 10:00:00,4,RANGE,relative_humidity_pct,71.0,-999.0,impossible,out_of_bounds
26eb5773,New,2023-05-01 12:00:00,2023-05-01 12:00:00,4,RANGE,temperature_c,25.3,9999.0,impossible,out_of_bounds
492aa1a4,New,2022-03-25 06:00:00,2022-03-25 06:00:00,4,RANGE,relative_humidity_pct,55.0,178.85313644814005,severe,out_of_bounds
3734518f,New,2022-06-24 09:00:00,2022-06-24 09:00:00,4,RANGE,temperature_c,32.3,80.69015144131609,severe,out_of_bounds
161d21d6,New,2022-10-31 19:00:00,2022-10-31 19:00:00,4,RANGE,relative_humidity_pct,64.0,-999.0,impossible,out_of_bounds
7bb1d546,New,2024-03-03 20:00:00,2024-03-03 20:00:00,4,RANGE,temperature_c,15.7,9999.0,impossible,out_of_bounds
6b1d57bf,New,2022-04-27 18:00:00,2022-04-27 18:00:00,4,RANGE,temperature_c,36.8,92.10871271125536,severe,out_of_bounds
09f3dfe0,New,2022-11-11 20:00:00,2022-11-11 20:00:00,4,RANGE,temperature_c,19.5,84.94829604061682,severe,out_of_bounds
48e80ded,New,2023-04-08 16:00:00,2023-04-08 16:00:00,4,RANGE,temperature_c,31.3,55.58365321796284,just_outside,out_of_bounds
b65766d6,New,2023-02-19 04:00:00,2023-02-19 04:00:00,4,RANGE,temperature_c,17.9,9999.0,impossible,out_of_bounds
1e58920d,New,2024-05-09 01:00:00,2024-05-09 01:00:00,4,RANGE,relative_humidity_pct,43.0,176.4855817473891,severe,out_of_bounds
bb9d2a0f,New,2022-07-04 23:00:00,2022-07-04 23:00:00,4,RANGE,temperature_c,30.0,9999.0,impossible,out_of_bounds
ceb1adba,New,2023-01-13 08:00:00,2023-01-13 08:00:00,4,RANGE,temperature_c,12.3,83.31647214736783,severe,out_of_bounds
839dbafc,New,2024-03-11 15:00:00,2024-03-11 15:00:00,5,COMMUNICATION,all,29.4,,missing_packet,dur=1
6c9bf413,New,2023-04-06 06:00:00,2023-04-06 06:00:00,5,COMMUNICATION,temperature_c,18.6,,partial_missing,dur=1
b56b48b4,New,2024-12-26 23:00:00,2024-12-26 23:00:00,5,COMMUNICATION,temperature_c,16.5,,partial_missing,dur=1
de1178db,New,2023-11-12 06:00:00,2023-11-12 06:00:00,5,COMMUNICATION,temperature_c,14.2,,partial_missing,dur=1
1d0516e7,New,2023-04-21 23:00:00,2023-04-21 23:00:00,5,COMMUNICATION,temperature_c,26.4,,partial_missing,dur=1
ea32dc99,New,2024-01-29 23:00:00,2024-01-29 23:00:00,5,COMMUNICATION,temperature_c,11.8,,partial_missing,dur=1
1925031e,New,2021-08-31 16:00:00,2021-08-31 23:00:00,5,COMMUNICATION,all,28.9,,burst_missing,dur=8
f1c0d28b,New,2022-01-25 16:00:00,2022-01-25 16:00:00,5,COMMUNICATION,all,16.1,,missing_packet,dur=1
19638768,New,2022-07-27 03:00:00,2022-07-27 03:00:00,5,COMMUNICATION,temperature_c,25.4,,partial_missing,dur=1
f9ab1705,New,2023-12-23 17:00:00,2023-12-23 17:00:00,5,COMMUNICATION,temperature_c,16.8,,partial_missing,dur=1
e93b3dde,New,2023-04-22 07:00:00,2023-04-22 11:00:00,5,COMMUNICATION,all,25.6,,burst_missing,dur=5
2055bed6,New,2024-09-04 17:00:00,2024-09-04 20:00:00,5,COMMUNICATION,all,30.1,,burst_missing,dur=4
d376f155,New,2021-07-10 17:00:00,2021-07-10 17:00:00,5,COMMUNICATION,temperature_c,36.5,,partial_missing,dur=1
7409ae63,New,2024-02-15 23:00:00,2024-02-15 23:00:00,5,COMMUNICATION,temperature_c,11.6,,partial_missing,dur=1
19afa1fb,New,2024-02-13 06:00:00,2024-02-13 06:00:00,5,COMMUNICATION,temperature_c,9.4,,partial_missing,dur=1
4d3bfccb,New,2023-02-27 08:00:00,2023-02-27 08:00:00,5,COMMUNICATION,temperature_c,19.6,,partial_missing,dur=1
2b251476,New,2024-03-22 18:00:00,2024-03-22 22:00:00,5,COMMUNICATION,all,28.9,,burst_missing,dur=5
e2cdeef5,New,2023-10-21 01:00:00,2023-10-21 05:00:00,5,COMMUNICATION,all,17.8,,burst_missing,dur=5
721d6402,New,2022-06-25 17:00:00,2022-06-25 17:00:00,5,COMMUNICATION,all,37.6,,missing_packet,dur=1
ff0eceae,New,2022-05-12 22:00:00,2022-05-12 22:00:00,5,COMMUNICATION,temperature_c,32.7,,partial_missing,dur=1
10c8d42e,New,2021-10-29 00:00:00,2021-10-29 00:00:00,5,COMMUNICATION,all,17.4,,missing_packet,dur=1
6fbf48f4,New,2022-08-04 11:00:00,2022-08-04 16:00:00,5,COMMUNICATION,all,30.2,,burst_missing,dur=6
d1533ddf,New,2021-06-11 01:00:00,2021-06-11 01:00:00,5,COMMUNICATION,temperature_c,28.7,,partial_missing,dur=1
d38ee1f8,New,2022-05-14 23:00:00,2022-05-15 05:00:00,5,COMMUNICATION,all,33.3,,burst_missing,dur=7
95692cf7,New,2024-01-22 06:00:00,2024-01-22 06:00:00,5,COMMUNICATION,all,5.6,,missing_packet,dur=1
a001861d,New,2021-10-26 04:00:00,2021-10-26 04:00:00,5,COMMUNICATION,temperature_c,17.0,,partial_missing,dur=1
052608e2,New,2022-03-30 15:00:00,2022-03-30 21:00:00,5,COMMUNICATION,all,38.1,,burst_missing,dur=7
8c00becb,New,2021-08-23 00:00:00,2021-08-23 00:00:00,5,COMMUNICATION,all,27.0,,missing_packet,dur=1
e52adb9c,New,2021-12-07 11:00:00,2021-12-07 11:00:00,5,COMMUNICATION,all,20.9,,missing_packet,dur=1
78f4726d,New,2021-06-25 11:00:00,2021-06-25 11:00:00,5,COMMUNICATION,all,36.6,,missing_packet,dur=1
e72e4163,New,2021-03-23 00:00:00,2021-03-23 00:00:00,5,COMMUNICATION,temperature_c,22.4,,partial_missing,dur=1
95647ed8,New,2022-10-04 02:00:00,2022-10-04 02:00:00,5,COMMUNICATION,all,24.0,,missing_packet,dur=1
6d04e91b,New,2024-08-17 21:00:00,2024-08-17 21:00:00,5,COMMUNICATION,temperature_c,27.9,,partial_missing,dur=1
e0332628,New,2021-10-03 06:00:00,2021-10-03 08:00:00,5,COMMUNICATION,all,26.2,,burst_missing,dur=3
0bc73ab0,New,2022-12-28 13:00:00,2022-12-28 15:00:00,5,COMMUNICATION,all,19.1,,burst_missing,dur=3
b539be75,New,2021-09-22 10:00:00,2021-09-22 12:00:00,5,COMMUNICATION,all,28.6,,burst_missing,dur=3
ed645b15,New,2023-10-23 19:00:00,2023-10-23 19:00:00,5,COMMUNICATION,temperature_c,23.1,,partial_missing,dur=1
d15889eb,New,2024-11-21 03:00:00,2024-11-21 03:00:00,5,COMMUNICATION,all,15.7,,missing_packet,dur=1
2629ac5b,New,2024-08-19 21:00:00,2024-08-19 21:00:00,5,COMMUNICATION,all,27.9,,missing_packet,dur=1
6dff450d,New,2023-07-10 07:00:00,2023-07-10 07:00:00,5,COMMUNICATION,temperature_c,26.3,,partial_missing,dur=1
e894cdc3,New,2024-03-18 16:00:00,2024-03-18 16:00:00,5,COMMUNICATION,all,27.8,,missing_packet,dur=1
7f198835,New,2023-10-10 11:00:00,2023-10-10 11:00:00,5,COMMUNICATION,temperature_c,32.5,,partial_missing,dur=1
08048ec6,New,2023-07-26 19:00:00,2023-07-26 19:00:00,5,COMMUNICATION,all,27.2,,missing_packet,dur=1
b135ea1b,New,2022-10-17 06:00:00,2022-10-17 06:00:00,5,COMMUNICATION,all,19.1,,missing_packet,dur=1
b64e844f,New,2023-12-25 02:00:00,2023-12-25 02:00:00,5,COMMUNICATION,all,11.5,,missing_packet,dur=1
50cf8925,New,2021-06-06 07:00:00,2021-06-06 07:00:00,5,COMMUNICATION,all,29.3,,missing_packet,dur=1
f9d5b296,New,2023-06-21 19:00:00,2023-06-21 21:00:00,5,COMMUNICATION,all,30.6,,burst_missing,dur=3
00f5752a,New,2024-06-01 16:00:00,2024-06-01 16:00:00,5,COMMUNICATION,temperature_c,42.5,,partial_missing,dur=1
f87b887f,New,2024-01-03 04:00:00,2024-01-03 04:00:00,5,COMMUNICATION,temperature_c,5.7,,partial_missing,dur=1
cb80b4f1,New,2022-01-15 04:00:00,2022-01-15 07:00:00,5,COMMUNICATION,all,6.2,,burst_missing,dur=4
280520e8,New,2024-12-19 23:00:00,2024-12-19 23:00:00,5,COMMUNICATION,all,14.0,,missing_packet,dur=1
fde899b4,New,2022-11-10 16:00:00,2022-11-10 16:00:00,5,COMMUNICATION,all,24.8,,missing_packet,dur=1
30ed238f,New,2024-05-19 00:00:00,2024-05-19 00:00:00,5,COMMUNICATION,temperature_c,32.4,,partial_missing,dur=1
3232b95c,New,2024-07-21 14:00:00,2024-07-21 14:00:00,5,COMMUNICATION,temperature_c,34.6,,partial_missing,dur=1
8b208af8,New,2024-02-03 02:00:00,2024-02-03 02:00:00,5,COMMUNICATION,temperature_c,8.8,,partial_missing,dur=1
9a91f1b0,New,2022-05-29 04:00:00,2022-05-29 11:00:00,5,COMMUNICATION,all,26.7,,burst_missing,dur=8
8e752280,New,2021-02-15 09:00:00,2021-02-15 09:00:00,5,COMMUNICATION,temperature_c,20.9,,partial_missing,dur=1
6114f3a0,New,2023-09-11 14:00:00,2023-09-11 21:00:00,5,COMMUNICATION,all,30.7,,burst_missing,dur=8
f9e54353,New,2024-04-28 06:00:00,2024-04-28 15:00:00,5,COMMUNICATION,all,24.2,,burst_missing,dur=10
7fdef0b9,New,2023-12-29 17:00:00,2023-12-29 17:00:00,5,COMMUNICATION,temperature_c,17.3,,partial_missing,dur=1
7ed7f640,New,2021-08-11 04:00:00,2021-08-11 04:00:00,5,COMMUNICATION,all,28.0,,missing_packet,dur=1
22c895f1,New,2024-03-14 11:00:00,2024-03-14 11:00:00,5,COMMUNICATION,all,27.5,,missing_packet,dur=1
d3f7cd06,New,2021-10-02 07:00:00,2021-10-02 07:00:00,5,COMMUNICATION,temperature_c,26.9,,partial_missing,dur=1
9c98a42c,New,2023-11-17 22:00:00,2023-11-17 22:00:00,5,COMMUNICATION,all,18.3,,missing_packet,dur=1
bdc60e0e,New,2022-06-17 16:00:00,2022-06-17 16:00:00,5,COMMUNICATION,temperature_c,36.5,,partial_missing,dur=1
6230a241,New,2022-01-26 22:00:00,2022-01-26 22:00:00,5,COMMUNICATION,temperature_c,9.2,,partial_missing,dur=1
e88003c8,New,2024-10-09 23:00:00,2024-10-10 03:00:00,5,COMMUNICATION,all,24.3,,burst_missing,dur=5
f01e3bb2,New,2024-09-21 16:00:00,2024-09-21 22:00:00,5,COMMUNICATION,all,31.5,,burst_missing,dur=7
7eb3e2cc,New,2024-06-28 16:00:00,2024-06-29 01:00:00,5,COMMUNICATION,all,30.4,,burst_missing,dur=10
0af4dbb0,New,2021-11-12 21:00:00,2021-11-12 21:00:00,5,COMMUNICATION,all,17.8,,missing_packet,dur=1
c42c5584,New,2022-10-20 19:00:00,2022-10-20 19:00:00,6,MULTIVARIATE,temperature_c,23.0,33.0,t_rh_mismatch,
f1dd5e14,New,2022-08-01 22:00:00,2022-08-01 22:00:00,6,MULTIVARIATE,temperature_c,26.6,36.6,t_rh_mismatch,
6301d099,New,2021-09-02 05:00:00,2021-09-02 05:00:00,6,MULTIVARIATE,temperature_c,24.8,34.8,t_rh_mismatch,
46fa16fc,New,2024-04-02 13:00:00,2024-04-02 13:00:00,6,MULTIVARIATE,temperature_c,32.7,42.7,t_rh_mismatch,
37181f5b,New,2022-03-14 13:00:00,2022-03-14 13:00:00,6,MULTIVARIATE,relative_humidity_pct,40.0,0.0,moisture_mismatch,
55cb092f,New,2023-11-14 04:00:00,2023-11-14 04:00:00,6,MULTIVARIATE,relative_humidity_pct,84.0,44.0,moisture_mismatch,
b8e0ebb7,New,2022-08-25 18:00:00,2022-08-25 18:00:00,6,MULTIVARIATE,relative_humidity_pct,62.0,22.0,moisture_mismatch,
c26e90ca,New,2024-07-24 14:00:00,2024-07-24 14:00:00,6,MULTIVARIATE,temperature_c,33.1,43.1,t_rh_mismatch,
139ca10d,New,2022-01-06 16:00:00,2022-01-06 16:00:00,6,MULTIVARIATE,relative_humidity_pct,65.0,25.0,moisture_mismatch,
d1a2f7c7,New,2021-09-04 23:00:00,2021-09-04 23:00:00,6,MULTIVARIATE,relative_humidity_pct,94.0,54.0,moisture_mismatch,
2d00a3f8,New,2022-09-04 03:00:00,2022-09-04 03:00:00,6,MULTIVARIATE,temperature_c,28.1,38.1,t_rh_mismatch,
8dd93763,New,2023-07-27 05:00:00,2023-07-27 05:00:00,6,MULTIVARIATE,relative_humidity_pct,96.0,56.0,moisture_mismatch,
76242110,New,2023-11-09 03:00:00,2023-11-09 03:00:00,6,MULTIVARIATE,relative_humidity_pct,87.0,47.0,moisture_mismatch,
d9f94f3d,New,2022-09-30 05:00:00,2022-09-30 05:00:00,6,MULTIVARIATE,temperature_c,23.1,33.1,t_rh_mismatch,
75c2a46b,New,2022-12-09 11:00:00,2022-12-09 11:00:00,6,MULTIVARIATE,temperature_c,21.1,31.1,t_rh_mismatch,
39a25fca,New,2023-03-06 13:00:00,2023-03-06 13:00:00,6,MULTIVARIATE,temperature_c,28.6,38.6,t_rh_mismatch,
a9110792,New,2021-11-01 03:00:00,2021-11-01 03:00:00,6,MULTIVARIATE,temperature_c,16.8,26.8,t_rh_mismatch,
a537a099,New,2023-07-19 01:00:00,2023-07-19 01:00:00,6,MULTIVARIATE,temperature_c,26.7,36.7,t_rh_mismatch,
2ba4e440,New,2021-11-14 01:00:00,2021-11-14 01:00:00,6,MULTIVARIATE,relative_humidity_pct,67.0,27.0,moisture_mismatch,
00ffe8d2,New,2021-12-14 22:00:00,2021-12-14 22:00:00,6,MULTIVARIATE,relative_humidity_pct,84.0,44.0,moisture_mismatch,
b06b4879,New,2023-11-05 04:00:00,2023-11-05 04:00:00,6,MULTIVARIATE,temperature_c,16.9,26.9,t_rh_mismatch,
afa5f7d0,New,2023-04-29 16:00:00,2023-04-29 16:00:00,6,MULTIVARIATE,temperature_c,30.1,40.1,t_rh_mismatch,
8233c32a,New,2022-06-03 10:00:00,2022-06-03 10:00:00,6,MULTIVARIATE,relative_humidity_pct,18.0,5.0,moisture_mismatch,
b804e705,New,2024-03-02 23:00:00,2024-03-02 23:00:00,6,MULTIVARIATE,relative_humidity_pct,92.0,52.0,moisture_mismatch,
2f60022b,New,2023-09-24 18:00:00,2023-09-24 18:00:00,6,MULTIVARIATE,temperature_c,28.4,38.4,t_rh_mismatch,
3502dfda,New,2024-11-20 06:00:00,2024-11-20 06:00:00,6,MULTIVARIATE,temperature_c,13.6,23.6,t_rh_mismatch,
31f0ac84,New,2021-10-19 01:00:00,2021-10-19 01:00:00,6,MULTIVARIATE,relative_humidity_pct,97.0,57.0,moisture_mismatch,
5348956f,New,2021-01-26 02:00:00,2021-01-26 02:00:00,6,MULTIVARIATE,relative_humidity_pct,92.0,52.0,moisture_mismatch,
1819625d,New,2023-05-13 16:00:00,2023-05-13 16:00:00,6,MULTIVARIATE,temperature_c,41.5,51.5,t_rh_mismatch,
5c89747f,New,2023-03-22 12:00:00,2023-03-22 12:00:00,6,MULTIVARIATE,temperature_c,25.0,35.0,t_rh_mismatch,
ad302b7b,New,2024-09-26 21:00:00,2024-09-26 21:00:00,6,MULTIVARIATE,relative_humidity_pct,81.0,41.0,moisture_mismatch,
2a4edde1,New,2022-02-07 13:00:00,2022-02-07 13:00:00,6,MULTIVARIATE,relative_humidity_pct,53.0,13.0,moisture_mismatch,
d426b0e9,New,2022-02-03 07:00:00,2022-02-03 07:00:00,6,MULTIVARIATE,temperature_c,11.8,21.8,t_rh_mismatch,
d9519537,New,2023-05-25 04:00:00,2023-05-25 04:00:00,6,MULTIVARIATE,relative_humidity_pct,79.0,39.0,moisture_mismatch,
bc4311db,New,2024-10-03 19:00:00,2024-10-03 19:00:00,6,MULTIVARIATE,temperature_c,27.4,37.4,t_rh_mismatch,
a8617e3f,New,2023-01-17 16:00:00,2023-01-17 16:00:00,6,MULTIVARIATE,relative_humidity_pct,39.0,5.0,moisture_mismatch,
85cc998c,New,2022-08-13 00:00:00,2022-08-13 00:00:00,6,MULTIVARIATE,relative_humidity_pct,80.0,40.0,moisture_mismatch,
b09d54be,New,2023-03-07 23:00:00,2023-03-07 23:00:00,6,MULTIVARIATE,relative_humidity_pct,56.0,16.0,moisture_mismatch,
1beeb56f,New,2021-06-10 14:00:00,2021-06-10 14:00:00,6,MULTIVARIATE,relative_humidity_pct,42.0,2.0,moisture_mismatch,
99c994bc,New,2022-02-21 23:00:00,2022-02-21 23:00:00,6,MULTIVARIATE,temperature_c,14.0,24.0,t_rh_mismatch,
a31b5695,New,2022-09-07 14:00:00,2022-09-07 14:00:00,6,MULTIVARIATE,temperature_c,37.2,47.2,t_rh_mismatch,
16c69aef,New,2022-05-04 20:00:00,2022-05-04 20:00:00,6,MULTIVARIATE,relative_humidity_pct,66.0,26.0,moisture_mismatch,
39850e2b,New,2023-12-06 21:00:00,2023-12-06 21:00:00,6,MULTIVARIATE,relative_humidity_pct,86.0,46.0,moisture_mismatch,
fa179654,New,2022-03-11 16:00:00,2022-03-11 16:00:00,6,MULTIVARIATE,temperature_c,28.2,38.2,t_rh_mismatch,
4e0b071d,New,2023-12-08 04:00:00,2023-12-08 04:00:00,6,MULTIVARIATE,relative_humidity_pct,92.0,52.0,moisture_mismatch,
9faa7fff,New,2024-02-28 12:00:00,2024-02-28 12:00:00,6,MULTIVARIATE,relative_humidity_pct,35.0,5.0,moisture_mismatch,
372f764e,New,2023-08-10 02:00:00,2023-08-10 02:00:00,6,MULTIVARIATE,relative_humidity_pct,72.0,32.0,moisture_mismatch,
f4f00ff7,New,2023-12-04 20:00:00,2023-12-04 20:00:00,6,MULTIVARIATE,temperature_c,16.6,26.6,t_rh_mismatch,
0ce30a88,New,2024-12-12 08:00:00,2024-12-12 08:00:00,6,MULTIVARIATE,relative_humidity_pct,66.0,26.0,moisture_mismatch,
53ff38f6,New,2023-02-11 01:00:00,2023-02-11 01:00:00,6,MULTIVARIATE,temperature_c,15.8,25.8,t_rh_mismatch,
1d6f090e,New,2023-12-12 06:00:00,2023-12-12 06:00:00,6,MULTIVARIATE,temperature_c,9.3,19.3,t_rh_mismatch,
6ae76353,New,2021-12-24 10:00:00,2021-12-24 10:00:00,6,MULTIVARIATE,relative_humidity_pct,65.0,25.0,moisture_mismatch,
ed3be180,New,2021-05-28 19:00:00,2021-05-28 19:00:00,6,MULTIVARIATE,relative_humidity_pct,58.0,18.0,moisture_mismatch,
65a0d3e3,New,2024-06-03 08:00:00,2024-06-03 08:00:00,6,MULTIVARIATE,temperature_c,34.3,44.3,t_rh_mismatch,
312c81c5,New,2022-01-11 15:00:00,2022-01-11 15:00:00,6,MULTIVARIATE,relative_humidity_pct,53.0,13.0,moisture_mismatch,
2d40f682,New,2024-08-10 09:00:00,2024-08-10 09:00:00,6,MULTIVARIATE,relative_humidity_pct,84.0,44.0,moisture_mismatch,
653d1c9c,New,2022-01-31 11:00:00,2022-01-31 11:00:00,6,MULTIVARIATE,temperature_c,18.2,28.2,t_rh_mismatch,
468e0071,New,2022-08-19 15:00:00,2022-08-19 15:00:00,6,MULTIVARIATE,temperature_c,33.9,43.9,t_rh_mismatch,
6e816ad8,New,2021-01-25 22:00:00,2021-01-25 22:00:00,6,MULTIVARIATE,relative_humidity_pct,88.0,48.0,moisture_mismatch,
9b39cf9d,New,2021-10-06 09:00:00,2021-10-06 09:00:00,6,MULTIVARIATE,temperature_c,29.4,39.4,t_rh_mismatch,
24ea9ff5,New,2023-10-26 05:00:00,2023-10-26 05:00:00,6,MULTIVARIATE,relative_humidity_pct,83.0,43.0,moisture_mismatch,
cb792abc,New,2022-04-05 08:00:00,2022-04-05 08:00:00,6,MULTIVARIATE,temperature_c,27.8,37.8,t_rh_mismatch,
117862e3,New,2021-09-20 06:00:00,2021-09-20 06:00:00,6,MULTIVARIATE,relative_humidity_pct,93.0,53.0,moisture_mismatch,
2b22bf6e,New,2024-07-17 23:00:00,2024-07-17 23:00:00,6,MULTIVARIATE,temperature_c,29.8,39.8,t_rh_mismatch,
587a84fd,New,2021-05-24 06:00:00,2021-05-24 06:00:00,6,MULTIVARIATE,temperature_c,23.7,33.7,t_rh_mismatch,
860de029,New,2024-11-08 11:00:00,2024-11-08 11:00:00,6,MULTIVARIATE,relative_humidity_pct,49.0,9.0,moisture_mismatch,
a572abd0,New,2024-03-30 14:00:00,2024-03-30 14:00:00,6,MULTIVARIATE,temperature_c,35.2,45.2,t_rh_mismatch,
792c1fac,New,2024-01-09 04:00:00,2024-01-09 04:00:00,6,MULTIVARIATE,temperature_c,6.7,16.7,t_rh_mismatch,
34cf82dc,New,2021-04-03 19:00:00,2021-04-03 19:00:00,6,MULTIVARIATE,temperature_c,25.7,35.7,t_rh_mismatch,
f6173c78,New,2022-10-20 16:00:00,2022-10-20 16:00:00,6,MULTIVARIATE,relative_humidity_pct,59.0,19.0,moisture_mismatch,
edb1d56a,Shimla,2024-08-27 06:00:00,2024-08-27 06:00:00,1,SPIKE,relative_humidity_pct,94.0,109.12356798090087,medium,mag=15.12
9dd55ae4,Shimla,2023-04-07 13:00:00,2023-04-07 13:00:00,1,SPIKE,surface_pressure_hpa,790.0,787.7136628205362,small,mag=-2.29
fa201b98,Shimla,2022-04-17 00:00:00,2022-04-17 00:00:00,1,SPIKE,relative_humidity_pct,55.0,72.07147364721331,medium,mag=17.07
7269b4c7,Shimla,2023-10-23 00:00:00,2023-10-23 00:00:00,1,SPIKE,surface_pressure_hpa,785.0,783.2079706076094,small,mag=-1.79
55328ad5,Shimla,2021-09-02 16:00:00,2021-09-02 16:00:00,1,SPIKE,temperature_c,17.7,19.36766809668189,small,mag=1.67
6b008565,Shimla,2024-06-20 03:00:00,2024-06-20 03:00:00,1,SPIKE,relative_humidity_pct,57.0,101.93355070046817,large,mag=44.93
e09910ba,Shimla,2023-11-10 09:00:00,2023-11-10 09:00:00,1,SPIKE,temperature_c,11.7,17.564882837694842,medium,mag=5.86
aa0212d5,Shimla,2023-01-22 12:00:00,2023-01-22 12:00:00,1,SPIKE,temperature_c,7.1,1.7297562718696238,medium,mag=-5.37
db306ba9,Shimla,2024-04-30 11:00:00,2024-04-30 11:00:00,1,SPIKE,surface_pressure_hpa,785.9,805.1437716134727,large,mag=19.24
5b137b63,Shimla,2023-10-01 00:00:00,2023-10-01 00:00:00,1,SPIKE,surface_pressure_hpa,782.3,784.4967338085609,small,mag=2.20
9c8a3d45,Shimla,2021-02-01 16:00:00,2021-02-01 16:00:00,1,SPIKE,surface_pressure_hpa,785.8,791.2993359050909,medium,mag=5.50
acd475bb,Shimla,2021-11-24 16:00:00,2021-11-24 16:00:00,1,SPIKE,temperature_c,9.1,26.622753737421185,large,mag=17.52
528594b8,Shimla,2021-11-15 11:00:00,2021-11-15 11:00:00,1,SPIKE,surface_pressure_hpa,785.0,805.8589883714111,large,mag=20.86
f1b8a3d5,Shimla,2021-08-14 15:00:00,2021-08-14 15:00:00,1,SPIKE,temperature_c,18.7,35.28226270333751,large,mag=16.58
2e390476,Shimla,2021-11-30 06:00:00,2021-11-30 06:00:00,1,SPIKE,temperature_c,-0.1,-2.3715271480877327,small,mag=-2.27
a8794ce3,Shimla,2024-08-28 21:00:00,2024-08-28 21:00:00,1,SPIKE,surface_pressure_hpa,782.6,787.4454445376323,medium,mag=4.85
c4554a5a,Shimla,2024-10-23 22:00:00,2024-10-23 22:00:00,1,SPIKE,relative_humidity_pct,64.0,59.77353298160496,small,mag=-4.23
c086fa3a,Shimla,2022-09-07 05:00:00,2022-09-07 05:00:00,1,SPIKE,surface_pressure_hpa,781.1,783.3806216404821,small,mag=2.28
60e22d53,Shimla,2021-03-04 21:00:00,2021-03-04 21:00:00,1,SPIKE,temperature_c,7.3,2.712909921038884,medium,mag=-4.59
72304900,Shimla,2024-08-02 08:00:00,2024-08-02 08:00:00,1,SPIKE,temperature_c,19.1,21.155073555669915,small,mag=2.06
a3507109,Shimla,2023-01-18 10:00:00,2023-01-18 10:00:00,1,SPIKE,temperature_c,5.8,11.718269882246458,medium,mag=5.92
9a2d4d57,Shimla,2021-09-16 04:00:00,2021-09-16 04:00:00,1,SPIKE,surface_pressure_hpa,781.1,783.4139951265917,small,mag=2.31
c72bb958,Shimla,2022-05-10 12:00:00,2022-05-10 12:00:00,1,SPIKE,relative_humidity_pct,56.0,50.768939503128024,small,mag=-5.23
d170d2ac,Shimla,2023-11-15 11:00:00,2023-11-15 11:00:00,1,SPIKE,relative_humidity_pct,44.0,31.96907353327922,medium,mag=-12.03
fe0a3cc1,Shimla,2024-08-15 03:00:00,2024-08-15 03:00:00,1,SPIKE,surface_pressure_hpa,782.5,780.892909013621,small,mag=-1.61
d6a5082a,Shimla,2024-03-30 04:00:00,2024-03-30 04:00:00,1,SPIKE,relative_humidity_pct,87.0,71.82542062486775,medium,mag=-15.17
65ade7bf,Shimla,2023-03-26 17:00:00,2023-03-26 17:00:00,1,SPIKE,temperature_c,8.0,3.0251756905479663,medium,mag=-4.97
60e7970a,Shimla,2021-12-08 23:00:00,2021-12-08 23:00:00,1,SPIKE,temperature_c,1.3,-13.524192079694217,large,mag=-14.82
d0f34f4a,Shimla,2021-09-29 12:00:00,2021-09-29 12:00:00,1,SPIKE,relative_humidity_pct,66.0,48.6468396850445,medium,mag=-17.35
c77113af,Shimla,2023-06-08 02:00:00,2023-06-08 02:00:00,1,SPIKE,surface_pressure_hpa,779.0,774.1228558621365,medium,mag=-4.88
0f9ac3bf,Shimla,2021-06-23 09:00:00,2021-06-23 09:00:00,1,SPIKE,relative_humidity_pct,45.0,39.505817824096084,small,mag=-5.49
d8d94a62,Shimla,2022-05-20 20:00:00,2022-05-20 20:00:00,1,SPIKE,temperature_c,17.1,22.51843886969186,medium,mag=5.42
46a28672,Shimla,2024-01-12 19:00:00,2024-01-12 19:00:00,1,SPIKE,temperature_c,3.6,1.8930557346669077,small,mag=-1.71
793a91b7,Shimla,2021-02-23 22:00:00,2021-02-23 22:00:00,1,SPIKE,relative_humidity_pct,77.0,44.4942953395471,large,mag=-32.51
3085e586,Shimla,2023-12-12 07:00:00,2023-12-12 07:00:00,1,SPIKE,surface_pressure_hpa,776.4,778.7677590827062,small,mag=2.37
ad5e0ccd,Shimla,2024-12-18 11:00:00,2024-12-18 11:00:00,1,SPIKE,relative_humidity_pct,21.0,15.899752654201276,small,mag=-5.10
e64e8efe,Shimla,2024-08-27 02:00:00,2024-08-27 02:00:00,1,SPIKE,surface_pressure_hpa,782.5,760.4912807485823,large,mag=-22.01
64ac0892,Shimla,2021-06-24 13:00:00,2021-06-24 13:00:00,1,SPIKE,relative_humidity_pct,60.0,103.87029121435438,large,mag=43.87
cee2f441,Shimla,2024-11-17 22:00:00,2024-11-17 22:00:00,1,SPIKE,relative_humidity_pct,85.0,80.78424083005319,small,mag=-4.22
0188160e,Shimla,2021-12-05 20:00:00,2021-12-05 20:00:00,1,SPIKE,temperature_c,3.8,1.799999254860586,small,mag=-2.00
3859277d,Shimla,2022-07-21 12:00:00,2022-07-21 12:00:00,1,SPIKE,surface_pressure_hpa,784.4,782.1361313918701,small,mag=-2.26
666264f3,Shimla,2021-11-17 09:00:00,2021-11-17 09:00:00,1,SPIKE,relative_humidity_pct,45.0,83.94925623896039,large,mag=38.95
c12bc0b3,Shimla,2022-05-09 08:00:00,2022-05-09 08:00:00,1,SPIKE,relative_humidity_pct,55.0,38.434600617187385,medium,mag=-16.57
0a1e5fb9,Shimla,2022-05-07 08:00:00,2022-05-07 08:00:00,1,SPIKE,temperature_c,17.8,2.732560986867835,large,mag=-15.07
cb4d15cb,Shimla,2021-01-15 12:00:00,2021-01-15 12:00:00,1,SPIKE,temperature_c,11.4,17.12833361124293,medium,mag=5.73
0a18da24,Shimla,2024-05-06 05:00:00,2024-05-06 05:00:00,1,SPIKE,surface_pressure_hpa,777.9,779.8433271419907,small,mag=1.94
c7008745,Shimla,2023-05-09 05:00:00,2023-05-09 05:00:00,1,SPIKE,relative_humidity_pct,62.0,95.64903827919304,large,mag=33.65
0984ed43,Shimla,2021-12-02 23:00:00,2021-12-02 23:00:00,1,SPIKE,surface_pressure_hpa,784.1,801.6093519683213,large,mag=17.51
f40a3c52,Shimla,2021-04-17 21:00:00,2021-04-17 21:00:00,1,SPIKE,surface_pressure_hpa,784.5,802.335073537854,large,mag=17.84
e05f5945,Shimla,2021-12-18 18:00:00,2021-12-18 18:00:00,1,SPIKE,temperature_c,-2.4,-8.380797591688891,medium,mag=-5.98
7184f7a4,Shimla,2022-07-18 03:00:00,2022-07-18 03:00:00,1,SPIKE,temperature_c,15.1,10.700713013247617,medium,mag=-4.40
9019dd32,Shimla,2022-03-17 05:00:00,2022-03-17 05:00:00,1,SPIKE,temperature_c,9.0,4.387108106908816,medium,mag=-4.61
2ce869a0,Shimla,2021-08-28 19:00:00,2021-08-28 19:00:00,1,SPIKE,surface_pressure_hpa,780.9,778.9591393144178,small,mag=-1.94
d7b599bb,Shimla,2022-12-03 03:00:00,2022-12-03 03:00:00,1,SPIKE,temperature_c,5.7,-6.609932930959313,large,mag=-12.31
dda27bc5,Shimla,2021-04-06 14:00:00,2021-04-06 14:00:00,1,SPIKE,temperature_c,11.6,5.714002505674593,medium,mag=-5.89
d0788d1a,Shimla,2021-08-20 01:00:00,2021-08-20 01:00:00,1,SPIKE,surface_pressure_hpa,781.9,776.1097875319786,medium,mag=-5.79
6fde860d,Shimla,2021-12-07 13:00:00,2021-12-07 13:00:00,1,SPIKE,temperature_c,11.8,9.671655394168171,small,mag=-2.13
78408874,Shimla,2024-10-14 02:00:00,2024-10-14 02:00:00,1,SPIKE,relative_humidity_pct,92.0,87.43968129294393,small,mag=-4.56
b408d42d,Shimla,2023-03-27 07:00:00,2023-03-27 07:00:00,1,SPIKE,surface_pressure_hpa,778.4,776.5981895628671,small,mag=-1.80
a25b55d1,Shimla,2023-09-20 18:00:00,2023-09-20 18:00:00,1,SPIKE,relative_humidity_pct,98.0,85.3308283196291,medium,mag=-12.67
cb1346df,Shimla,2022-04-14 14:00:00,2022-04-14 14:00:00,1,SPIKE,surface_pressure_hpa,785.3,787.5163709155438,small,mag=2.22
9d9470cd,Shimla,2024-03-01 05:00:00,2024-03-01 05:00:00,1,SPIKE,temperature_c,5.7,0.07992950735412574,medium,mag=-5.62
a4f6c212,Shimla,2021-01-01 05:00:00,2021-01-01 05:00:00,1,SPIKE,surface_pressure_hpa,780.2,799.1727382801922,large,mag=18.97
91ba4ba5,Shimla,2022-11-10 03:00:00,2022-11-10 03:00:00,1,SPIKE,surface_pressure_hpa,782.7,777.9319012867327,medium,mag=-4.77
fae6b551,Shimla,2023-04-01 20:00:00,2023-04-01 20:00:00,1,SPIKE,temperature_c,5.7,7.781468100073066,small,mag=2.08
c0253749,Shimla,2021-05-07 01:00:00,2021-05-07 01:00:00,1,SPIKE,temperature_c,10.6,27.904248243019957,large,mag=17.30
cac10360,Shimla,2024-11-19 10:00:00,2024-11-19 10:00:00,1,SPIKE,temperature_c,13.1,15.440400511614307,small,mag=2.34
61f518da,Shimla,2023-03-13 04:00:00,2023-03-13 04:00:00,1,SPIKE,temperature_c,4.6,18.40885850155431,large,mag=13.81
6e044ce6,Shimla,2024-12-29 10:00:00,2024-12-29 10:00:00,1,SPIKE,relative_humidity_pct,54.0,58.30734470551925,small,mag=4.31
9a675db7,Shimla,2024-04-29 22:00:00,2024-04-29 22:00:00,1,SPIKE,temperature_c,7.7,5.530717496558872,small,mag=-2.17
8bbdcaf6,Shimla,2022-01-17 21:00:00,2022-01-17 21:00:00,1,SPIKE,surface_pressure_hpa,785.3,790.1969644401947,medium,mag=4.90
51ca02d3,Shimla,2024-09-01 05:00:00,2024-09-01 05:00:00,1,SPIKE,surface_pressure_hpa,782.0,783.6541667967011,small,mag=1.65
e319e637,Shimla,2023-05-05 12:00:00,2023-05-05 12:00:00,1,SPIKE,relative_humidity_pct,71.0,111.06191084276261,large,mag=40.06
fb2d87bd,Shimla,2024-11-28 05:00:00,2024-11-28 05:00:00,1,SPIKE,temperature_c,1.1,3.257364982172769,small,mag=2.16
f8d34ceb,Shimla,2023-08-20 12:00:00,2023-08-20 12:00:00,1,SPIKE,temperature_c,21.4,16.267650463271238,medium,mag=-5.13
90bd11e3,Shimla,2024-10-26 06:00:00,2024-10-26 06:00:00,1,SPIKE,surface_pressure_hpa,786.5,788.4179950624408,small,mag=1.92
3bda4b2a,Shimla,2022-07-28 00:00:00,2022-07-28 00:00:00,1,SPIKE,surface_pressure_hpa,784.4,808.1723073407999,large,mag=23.77
e975decb,Shimla,2021-09-28 08:00:00,2021-09-28 08:00:00,1,SPIKE,temperature_c,17.8,22.568300839699784,medium,mag=4.77
d3dc8db9,Shimla,2021-05-03 03:00:00,2021-05-03 03:00:00,1,SPIKE,relative_humidity_pct,75.0,88.24154757786094,medium,mag=13.24
6fbb5089,Shimla,2022-10-10 10:00:00,2022-10-10 10:00:00,1,SPIKE,temperature_c,15.9,17.973690204004775,small,mag=2.07
f839d257,Shimla,2021-04-11 07:00:00,2021-04-11 07:00:00,1,SPIKE,temperature_c,11.1,-5.146524127747677,large,mag=-16.25
a694f66c,Shimla,2022-05-29 13:00:00,2022-05-29 13:00:00,1,SPIKE,surface_pressure_hpa,783.6,779.1593273446506,medium,mag=-4.44
338cf05c,Shimla,2022-01-22 20:00:00,2022-01-22 20:00:00,1,SPIKE,surface_pressure_hpa,772.0,776.3422181937684,medium,mag=4.34
5327b472,Shimla,2023-03-30 09:00:00,2023-03-30 09:00:00,1,SPIKE,temperature_c,12.8,0.5654559475355452,large,mag=-12.23
13ae038d,Shimla,2022-08-11 16:00:00,2022-08-11 16:00:00,1,SPIKE,temperature_c,17.5,22.040869710942847,medium,mag=4.54
3f2af98d,Shimla,2022-01-02 11:00:00,2022-01-02 11:00:00,1,SPIKE,temperature_c,9.4,27.337217615101196,large,mag=17.94
56e6200e,Shimla,2022-08-13 22:00:00,2022-08-13 22:00:00,1,SPIKE,temperature_c,16.1,0.20812699731609996,large,mag=-15.89
e4254c43,Shimla,2023-09-08 11:00:00,2023-09-08 11:00:00,1,SPIKE,surface_pressure_hpa,788.3,806.8964949776677,large,mag=18.60
b139d884,Shimla,2023-01-28 11:00:00,2023-01-28 11:00:00,1,SPIKE,surface_pressure_hpa,787.6,770.5311071986948,large,mag=-17.07
3035a068,Shimla,2021-12-17 20:00:00,2021-12-17 20:00:00,1,SPIKE,surface_pressure_hpa,779.2,775.0854731377073,medium,mag=-4.11
46710067,Shimla,2024-02-27 09:00:00,2024-02-27 09:00:00,1,SPIKE,temperature_c,4.9,-1.0304549288703466,medium,mag=-5.93
266522f8,Shimla,2021-07-23 01:00:00,2021-07-23 01:00:00,1,SPIKE,temperature_c,15.4,20.47477738942679,medium,mag=5.07
33c370d4,Shimla,2022-11-28 05:00:00,2022-11-28 05:00:00,1,SPIKE,surface_pressure_hpa,776.0,778.1504923128008,small,mag=2.15
2ebadd1c,Shimla,2022-12-13 19:00:00,2022-12-13 19:00:00,1,SPIKE,surface_pressure_hpa,783.0,788.2686110824993,medium,mag=5.27
6f48a499,Shimla,2023-11-09 12:00:00,2023-11-09 12:00:00,1,SPIKE,surface_pressure_hpa,788.6,790.3765112300174,small,mag=1.78
871c9e59,Shimla,2022-03-22 23:00:00,2022-03-22 23:00:00,1,SPIKE,relative_humidity_pct,56.0,61.61546592203112,small,mag=5.62
86fc98d2,Shimla,2023-12-29 10:00:00,2023-12-29 10:00:00,1,SPIKE,relative_humidity_pct,45.0,39.54037619044951,small,mag=-5.46
be08a6f2,Shimla,2024-05-30 08:00:00,2024-05-30 08:00:00,1,SPIKE,relative_humidity_pct,15.0,0.1259586769182519,medium,mag=-14.87
b98c8246,Shimla,2021-08-16 08:00:00,2021-08-16 08:00:00,1,SPIKE,relative_humidity_pct,69.0,63.3688040247209,small,mag=-5.63
50665bc4,Shimla,2022-11-26 01:00:00,2022-11-26 01:00:00,1,SPIKE,temperature_c,2.7,5.054684047278643,small,mag=2.35
95657058,Shimla,2024-03-07 11:00:00,2024-03-07 11:00:00,1,SPIKE,temperature_c,8.5,-5.360961325299083,large,mag=-13.86
0eee63c3,Shimla,2022-01-27 03:00:00,2022-01-27 03:00:00,1,SPIKE,temperature_c,-6.2,-1.8243039657256883,medium,mag=4.38
bfe67ae9,Shimla,2022-07-11 09:00:00,2022-07-11 09:00:00,1,SPIKE,temperature_c,20.0,18.035980672185833,small,mag=-1.96
07ffe444,Shimla,2021-07-12 16:00:00,2021-07-12 16:00:00,1,SPIKE,surface_pressure_hpa,785.0,779.9464429000424,medium,mag=-5.05
c922187f,Shimla,2023-01-06 15:00:00,2023-01-06 15:00:00,1,SPIKE,surface_pressure_hpa,788.7,790.6023001038075,small,mag=1.90
0b415b65,Shimla,2022-06-11 00:00:00,2022-06-11 00:00:00,1,SPIKE,temperature_c,21.6,23.810756604853374,small,mag=2.21
7795ef56,Shimla,2023-10-14 04:00:00,2023-10-14 04:00:00,1,SPIKE,surface_pressure_hpa,783.2,780.9839058990265,small,mag=-2.22
1c1dc4dc,Shimla,2024-10-28 12:00:00,2024-10-28 12:00:00,1,SPIKE,relative_humidity_pct,60.0,65.19927436133469,small,mag=5.20
2587712c,Shimla,2022-03-24 22:00:00,2022-03-24 22:00:00,1,SPIKE,temperature_c,7.8,10.05460428797239,small,mag=2.25
e6416477,Shimla,2024-02-21 00:00:00,2024-02-21 00:00:00,1,SPIKE,surface_pressure_hpa,775.2,773.215659655573,small,mag=-1.98
0a371bda,Shimla,2022-02-24 03:00:00,2022-02-24 03:00:00,1,SPIKE,surface_pressure_hpa,779.4,784.0147699852549,medium,mag=4.61
1ec19ca9,Shimla,2023-05-14 20:00:00,2023-05-14 20:00:00,1,SPIKE,relative_humidity_pct,48.0,42.91294712287126,small,mag=-5.09
d05fd47a,Shimla,2024-03-30 02:00:00,2024-03-30 02:00:00,1,SPIKE,relative_humidity_pct,38.0,70.33932648002207,large,mag=32.34
41f023f7,Shimla,2023-11-01 18:00:00,2023-11-01 18:00:00,1,SPIKE,temperature_c,8.7,10.38205287165369,small,mag=1.68
ab4fe169,Shimla,2021-03-12 18:00:00,2021-03-12 18:00:00,1,SPIKE,relative_humidity_pct,74.0,69.55137450957297,small,mag=-4.45
8dbd4b93,Shimla,2022-11-07 20:00:00,2022-11-07 20:00:00,1,SPIKE,temperature_c,6.1,1.393380176196029,medium,mag=-4.71
4ad2d9f1,Shimla,2021-07-31 16:00:00,2021-07-31 16:00:00,1,SPIKE,relative_humidity_pct,79.0,84.3688349483124,small,mag=5.37
1512549d,Shimla,2023-01-08 14:00:00,2023-01-08 14:00:00,1,SPIKE,surface_pressure_hpa,788.4,805.2992693717373,large,mag=16.90
c3894bfc,Shimla,2021-12-07 07:00:00,2021-12-07 07:00:00,1,SPIKE,temperature_c,-3.2,-5.565173190568978,small,mag=-2.37
27d561db,Shimla,2024-12-22 06:00:00,2024-12-22 06:00:00,1,SPIKE,relative_humidity_pct,46.0,31.997651258780763,medium,mag=-14.00
2a6fdec4,Shimla,2021-10-28 08:00:00,2021-10-28 08:00:00,1,SPIKE,relative_humidity_pct,68.0,73.20901276396368,small,mag=5.21
a274a14d,Shimla,2024-01-16 18:00:00,2024-01-16 18:00:00,1,SPIKE,temperature_c,3.8,8.999222969731175,medium,mag=5.20
1e9ef9f0,Shimla,2021-06-30 02:00:00,2021-06-30 02:00:00,1,SPIKE,surface_pressure_hpa,780.0,774.6654532300358,medium,mag=-5.33
85e79464,Shimla,2023-06-19 08:00:00,2023-06-19 08:00:00,1,SPIKE,relative_humidity_pct,60.0,97.57417093222168,large,mag=37.57
88d7c9c6,Shimla,2021-08-31 23:00:00,2021-08-31 23:00:00,1,SPIKE,temperature_c,13.3,18.62346343054045,medium,mag=5.32
ad925197,Shimla,2023-09-18 17:00:00,2023-09-18 17:00:00,1,SPIKE,relative_humidity_pct,88.0,132.62169802214845,large,mag=44.62
5231a11f,Shimla,2023-06-30 17:00:00,2023-06-30 17:00:00,1,SPIKE,temperature_c,20.1,7.213318902674338,large,mag=-12.89
a22c1789,Shimla,2023-01-17 03:00:00,2023-01-17 03:00:00,1,SPIKE,relative_humidity_pct,89.0,136.62142795067214,large,mag=47.62
172fdfd7,Shimla,2022-02-04 13:00:00,2022-02-04 13:00:00,1,SPIKE,temperature_c,-1.3,1.0676682515544156,small,mag=2.37
3a06799e,Shimla,2022-09-09 11:00:00,2022-09-09 11:00:00,1,SPIKE,relative_humidity_pct,69.0,63.01045663464761,small,mag=-5.99
93eeef45,Shimla,2023-01-18 05:00:00,2023-01-18 05:00:00,1,SPIKE,temperature_c,-5.3,-10.28841295277822,medium,mag=-4.99
9cbe2ef5,Shimla,2021-01-27 22:00:00,2021-01-27 22:00:00,1,SPIKE,relative_humidity_pct,89.0,130.62788984698076,large,mag=41.63
53ef7f5d,Shimla,2021-09-25 11:00:00,2021-09-25 11:00:00,1,SPIKE,surface_pressure_hpa,788.0,782.1119394651956,medium,mag=-5.89
589b7555,Shimla,2023-10-27 21:00:00,2023-10-27 21:00:00,1,SPIKE,temperature_c,10.4,5.405795411188197,medium,mag=-4.99
9920662a,Shimla,2022-08-30 19:00:00,2022-08-30 19:00:00,1,SPIKE,surface_pressure_hpa,785.9,791.5428083960729,medium,mag=5.64
68d7b4c4,Shimla,2023-10-31 22:00:00,2023-10-31 22:00:00,1,SPIKE,relative_humidity_pct,81.0,85.84368152211526,small,mag=4.84
b3adcd7d,Shimla,2021-10-14 17:00:00,2021-10-14 17:00:00,1,SPIKE,surface_pressure_hpa,784.8,802.5546719135697,large,mag=17.75
71224290,Shimla,2021-12-04 05:00:00,2021-12-04 05:00:00,1,SPIKE,temperature_c,2.3,0.5373762667542377,small,mag=-1.76
c77c2e2f,Shimla,2022-04-25 20:00:00,2022-04-25 20:00:00,1,SPIKE,temperature_c,13.6,19.515231542789827,medium,mag=5.92
a6c3e7f4,Shimla,2024-12-08 15:00:00,2024-12-08 15:00:00,1,SPIKE,temperature_c,5.6,7.488686828903862,small,mag=1.89
9ed5d909,Shimla,2023-04-18 02:00:00,2023-04-18 02:00:00,1,SPIKE,temperature_c,10.3,4.629495327870367,medium,mag=-5.67
09c5f849,Shimla,2024-08-29 23:00:00,2024-08-29 23:00:00,1,SPIKE,surface_pressure_hpa,784.7,779.0443563845071,medium,mag=-5.66
f211296b,Shimla,2021-09-18 21:00:00,2021-09-18 21:00:00,1,SPIKE,temperature_c,14.4,-3.3723119122883976,large,mag=-17.77
3f526382,Shimla,2024-12-15 09:00:00,2024-12-15 09:00:00,1,SPIKE,surface_pressure_hpa,789.5,787.878922494077,small,mag=-1.62
21365647,Shimla,2023-08-11 17:00:00,2023-08-11 17:00:00,1,SPIKE,relative_humidity_pct,82.0,69.36394101398822,medium,mag=-12.64
aa1d6f3d,Shimla,2023-02-10 00:00:00,2023-02-10 00:00:00,1,SPIKE,surface_pressure_hpa,779.9,777.8248594828219,small,mag=-2.08
3f26f499,Shimla,2023-01-11 03:00:00,2023-01-11 03:00:00,1,SPIKE,temperature_c,1.0,-0.7130219941079217,small,mag=-1.71
886057a6,Shimla,2021-09-28 12:00:00,2021-09-28 12:00:00,1,SPIKE,temperature_c,17.7,15.435145605720809,small,mag=-2.26
bcda64f3,Shimla,2021-05-11 23:00:00,2021-05-11 23:00:00,1,SPIKE,relative_humidity_pct,87.0,91.93952947472867,small,mag=4.94
a9acc908,Shimla,2022-04-12 06:00:00,2022-04-12 06:00:00,1,SPIKE,temperature_c,10.9,28.592594586290765,large,mag=17.69
e26b6910,Shimla,2023-05-19 08:00:00,2023-05-19 08:00:00,1,SPIKE,relative_humidity_pct,52.0,66.66384181893156,medium,mag=14.66
89b30c39,Shimla,2023-11-30 18:00:00,2023-11-30 18:00:00,1,SPIKE,surface_pressure_hpa,783.2,766.3098666694232,large,mag=-16.89
336973a3,Shimla,2023-08-01 13:00:00,2023-08-01 13:00:00,1,SPIKE,temperature_c,22.2,5.693202425230432,large,mag=-16.51
d320b7ec,Shimla,2024-12-22 20:00:00,2024-12-22 20:00:00,1,SPIKE,surface_pressure_hpa,778.3,776.0338559244655,small,mag=-2.27
97171639,Shimla,2024-01-05 12:00:00,2024-01-05 12:00:00,1,SPIKE,surface_pressure_hpa,785.3,790.9590364613839,medium,mag=5.66
0cdd9ebc,Shimla,2024-07-26 03:00:00,2024-07-26 03:00:00,1,SPIKE,surface_pressure_hpa,777.2,759.3814811573226,large,mag=-17.82
2c8d7276,Shimla,2021-12-15 08:00:00,2021-12-15 08:00:00,1,SPIKE,temperature_c,0.5,5.543002089523677,medium,mag=5.04
86bbf475,Shimla,2022-12-09 09:00:00,2022-12-09 09:00:00,1,SPIKE,temperature_c,10.5,-5.214262562513209,large,mag=-15.71
07d30a7f,Shimla,2021-01-26 22:00:00,2021-01-26 22:00:00,1,SPIKE,temperature_c,-1.5,-6.991991474866679,medium,mag=-5.49
2911dc04,Shimla,2024-11-03 09:00:00,2024-11-03 09:00:00,1,SPIKE,surface_pressure_hpa,791.8,814.3324706847922,large,mag=22.53
d2648381,Shimla,2022-03-01 14:00:00,2022-03-01 14:00:00,1,SPIKE,relative_humidity_pct,58.0,42.14865499414057,medium,mag=-15.85
475c92bb,Shimla,2021-12-12 01:00:00,2021-12-12 01:00:00,1,SPIKE,relative_humidity_pct,62.0,57.25704372455706,small,mag=-4.74
e35713ef,Shimla,2022-01-25 14:00:00,2022-01-25 14:00:00,1,SPIKE,relative_humidity_pct,78.0,73.79119987669873,small,mag=-4.21
08bfbe66,Shimla,2023-11-01 09:00:00,2023-11-01 09:00:00,1,SPIKE,relative_humidity_pct,45.0,82.36754656172381,large,mag=37.37
034b33e0,Shimla,2023-01-01 02:00:00,2023-01-01 02:00:00,1,SPIKE,temperature_c,-3.1,-7.312929085870373,medium,mag=-4.21
97d316be,Shimla,2021-05-25 08:00:00,2021-05-25 08:00:00,1,SPIKE,temperature_c,17.4,-0.058122088422781104,large,mag=-17.46
69526baf,Shimla,2023-10-08 18:00:00,2023-10-08 18:00:00,1,SPIKE,temperature_c,14.3,-3.2752114519044824,large,mag=-17.58
b95e6291,Shimla,2022-11-12 05:00:00,2022-11-12 05:00:00,1,SPIKE,temperature_c,4.3,-0.8402455503463271,medium,mag=-5.14
39d9430d,Shimla,2024-02-17 02:00:00,2024-02-17 02:00:00,1,SPIKE,temperature_c,0.9,15.802841942564276,large,mag=14.90
ada714a2,Shimla,2024-06-04 01:00:00,2024-06-04 01:00:00,1,SPIKE,temperature_c,17.0,12.382790282242318,medium,mag=-4.62
81acb8ad,Shimla,2022-05-15 23:00:00,2022-05-15 23:00:00,1,SPIKE,relative_humidity_pct,40.0,55.00129649914281,medium,mag=15.00
8ad05b51,Shimla,2024-04-13 15:00:00,2024-04-13 15:00:00,1,SPIKE,relative_humidity_pct,24.0,41.84310445768462,medium,mag=17.84
009e1951,Shimla,2023-08-25 15:00:00,2023-08-25 15:00:00,1,SPIKE,surface_pressure_hpa,781.1,761.8417075099641,large,mag=-19.26
04050765,Shimla,2024-07-03 18:00:00,2024-07-03 18:00:00,1,SPIKE,surface_pressure_hpa,780.1,757.6400453343952,large,mag=-22.46
7e7ca8a9,Shimla,2024-10-03 10:00:00,2024-10-03 10:00:00,1,SPIKE,temperature_c,20.1,22.005689385395964,small,mag=1.91
76330d81,Shimla,2021-04-13 03:00:00,2021-04-15 15:00:00,2,DRIFT,temperature_c,6.9,17.81,slow,"rate=0.010,dur=61"
742bbdc9,Shimla,2021-08-04 01:00:00,2021-08-08 08:00:00,2,DRIFT,temperature_c,16.1,7.5000000000000195,fast,"rate=-0.100,dur=104"
eadc2de4,Shimla,2022-08-12 20:00:00,2022-08-17 10:00:00,2,DRIFT,surface_pressure_hpa,779.9,787.21,slow,"rate=0.010,dur=111"
1dc01c0f,Shimla,2022-03-16 18:00:00,2022-03-20 09:00:00,2,DRIFT,surface_pressure_hpa,781.3,794.8,fast,"rate=0.100,dur=88"
03341eaf,Shimla,2024-11-29 22:00:00,2024-12-02 16:00:00,2,DRIFT,relative_humidity_pct,81.0,38.33,slow,"rate=-0.010,dur=67"
3c805a7f,Shimla,2023-09-11 21:00:00,2023-09-13 11:00:00,3,FREEZE,temperature_c,14.1,14.1,exact,dur=39
edd26d0d,Shimla,2023-11-25 11:00:00,2023-11-26 13:00:00,3,FREEZE,temperature_c,14.2,14.2,exact,dur=27
9d5e8ced,Shimla,2021-07-24 19:00:00,2021-07-25 15:00:00,3,FREEZE,surface_pressure_hpa,781.0,781.0,exact,dur=21
3a9508eb,Shimla,2024-09-20 13:00:00,2024-09-21 06:00:00,3,FREEZE,temperature_c,21.5,21.4,quantized,dur=18
3cbe4f35,Shimla,2024-07-16 07:00:00,2024-07-17 10:00:00,3,FREEZE,relative_humidity_pct,81.0,81.0,exact,dur=28
55c165aa,Shimla,2022-01-19 12:00:00,2022-01-20 06:00:00,3,FREEZE,surface_pressure_hpa,783.4,783.3,quantized,dur=19
2eebfd1e,Shimla,2023-03-05 16:00:00,2023-03-07 03:00:00,3,FREEZE,temperature_c,11.3,11.3,exact,dur=36
db20b1b1,Shimla,2021-07-19 06:00:00,2021-07-20 07:00:00,3,FREEZE,relative_humidity_pct,97.0,97.0,exact,dur=26
3913f1e0,Shimla,2021-09-13 07:00:00,2021-09-14 16:00:00,3,FREEZE,relative_humidity_pct,90.1,90.0,quantized,dur=34
05d12f0c,Shimla,2021-03-04 15:00:00,2021-03-06 05:00:00,3,FREEZE,relative_humidity_pct,20.9,21.0,quantized,dur=39
bb498f7b,Shimla,2023-05-15 00:00:00,2023-05-15 00:00:00,4,RANGE,relative_humidity_pct,49.0,104.70539543556612,just_outside,out_of_bounds
72d3d537,Shimla,2021-11-07 05:00:00,2021-11-07 05:00:00,4,RANGE,relative_humidity_pct,77.0,149.84971891456553,severe,out_of_bounds
ccc7f804,Shimla,2024-01-15 16:00:00,2024-01-15 16:00:00,4,RANGE,temperature_c,8.4,9999.0,impossible,out_of_bounds
d669fb05,Shimla,2022-12-19 15:00:00,2022-12-19 15:00:00,4,RANGE,relative_humidity_pct,55.0,142.80223479574417,severe,out_of_bounds
76427c6c,Shimla,2024-11-22 20:00:00,2024-11-22 20:00:00,4,RANGE,relative_humidity_pct,81.0,-999.0,impossible,out_of_bounds
0b8bd97d,Shimla,2021-01-11 00:00:00,2021-01-11 00:00:00,4,RANGE,relative_humidity_pct,56.0,-999.0,impossible,out_of_bounds
ce7f39b9,Shimla,2024-05-15 07:00:00,2024-05-15 07:00:00,4,RANGE,temperature_c,17.8,59.029698812858555,just_outside,out_of_bounds
566a23f5,Shimla,2021-12-10 07:00:00,2021-12-10 07:00:00,4,RANGE,temperature_c,-0.9,58.24812293113867,just_outside,out_of_bounds
2d937d49,Shimla,2024-05-11 23:00:00,2024-05-11 23:00:00,4,RANGE,relative_humidity_pct,75.0,102.98561971634459,just_outside,out_of_bounds
96a4dda6,Shimla,2021-09-24 02:00:00,2021-09-24 02:00:00,4,RANGE,temperature_c,13.6,9999.0,impossible,out_of_bounds
5633144e,Shimla,2021-04-10 15:00:00,2021-04-10 15:00:00,4,RANGE,relative_humidity_pct,14.0,-999.0,impossible,out_of_bounds
11f9a732,Shimla,2022-08-20 23:00:00,2022-08-20 23:00:00,4,RANGE,temperature_c,14.8,9999.0,impossible,out_of_bounds
8b38b98b,Shimla,2022-05-28 10:00:00,2022-05-28 10:00:00,4,RANGE,relative_humidity_pct,65.0,136.94969011716805,severe,out_of_bounds
2d79c288,Shimla,2024-02-22 08:00:00,2024-02-22 08:00:00,4,RANGE,relative_humidity_pct,69.0,-999.0,impossible,out_of_bounds
50aa9971,Shimla,2022-03-30 13:00:00,2022-03-30 13:00:00,4,RANGE,relative_humidity_pct,13.0,101.7822409527404,just_outside,out_of_bounds
87e6d1dd,Shimla,2023-10-28 23:00:00,2023-10-28 23:00:00,4,RANGE,relative_humidity_pct,76.0,102.40245473288346,just_outside,out_of_bounds
af86c0ec,Shimla,2022-08-14 04:00:00,2022-08-14 04:00:00,4,RANGE,relative_humidity_pct,93.0,192.63948549057125,severe,out_of_bounds
863c32c9,Shimla,2023-08-09 12:00:00,2023-08-09 12:00:00,4,RANGE,relative_humidity_pct,67.0,104.75846723838579,just_outside,out_of_bounds
360b3fd9,Shimla,2022-07-27 19:00:00,2022-07-27 19:00:00,4,RANGE,temperature_c,16.3,9999.0,impossible,out_of_bounds
7ff6ef21,Shimla,2022-06-06 23:00:00,2022-06-06 23:00:00,4,RANGE,relative_humidity_pct,38.0,190.368572866131,severe,out_of_bounds
910d844f,Shimla,2021-02-09 05:00:00,2021-02-09 05:00:00,4,RANGE,relative_humidity_pct,42.0,187.07873398224893,severe,out_of_bounds
92973dd9,Shimla,2023-10-09 01:00:00,2023-10-09 01:00:00,4,RANGE,relative_humidity_pct,84.0,-999.0,impossible,out_of_bounds
01f70550,Shimla,2023-09-21 09:00:00,2023-09-21 09:00:00,4,RANGE,temperature_c,18.7,59.50093626637232,just_outside,out_of_bounds
6943516e,Shimla,2021-02-14 05:00:00,2021-02-14 05:00:00,4,RANGE,relative_humidity_pct,96.0,101.06212025959036,just_outside,out_of_bounds
2ba2c787,Shimla,2023-04-05 12:00:00,2023-04-05 12:00:00,4,RANGE,temperature_c,14.2,96.8153924966912,severe,out_of_bounds
ad4e286b,Shimla,2023-04-19 05:00:00,2023-04-19 05:00:00,4,RANGE,relative_humidity_pct,88.0,133.63286015937362,severe,out_of_bounds
96c3dc39,Shimla,2024-10-03 00:00:00,2024-10-03 00:00:00,4,RANGE,relative_humidity_pct,84.0,103.22295832554967,just_outside,out_of_bounds
8d0ad245,Shimla,2021-12-07 15:00:00,2021-12-07 15:00:00,4,RANGE,relative_humidity_pct,49.0,103.46507166756494,just_outside,out_of_bounds
bea19afb,Shimla,2024-09-24 23:00:00,2024-09-24 23:00:00,4,RANGE,relative_humidity_pct,96.0,104.20532658493342,just_outside,out_of_bounds
f48713ee,Shimla,2024-05-30 04:00:00,2024-05-30 04:00:00,4,RANGE,relative_humidity_pct,29.0,104.75756685841898,just_outside,out_of_bounds
86d22cf9,Shimla,2024-02-05 15:00:00,2024-02-05 15:00:00,4,RANGE,relative_humidity_pct,74.0,-999.0,impossible,out_of_bounds
f857fcdc,Shimla,2024-01-26 15:00:00,2024-01-26 15:00:00,4,RANGE,temperature_c,7.3,98.08342744680121,severe,out_of_bounds
b3ad85f3,Shimla,2023-08-19 10:00:00,2023-08-19 10:00:00,4,RANGE,temperature_c,20.4,84.61939008527665,severe,out_of_bounds
7010910e,Shimla,2023-08-20 18:00:00,2023-08-20 18:00:00,4,RANGE,temperature_c,18.0,9999.0,impossible,out_of_bounds
668a72d7,Shimla,2024-03-08 20:00:00,2024-03-08 20:00:00,4,RANGE,temperature_c,1.8,9999.0,impossible,out_of_bounds
6d22c9c2,Shimla,2023-12-07 10:00:00,2023-12-07 10:00:00,5,COMMUNICATION,temperature_c,11.0,,partial_missing,dur=1
cba9f717,Shimla,2022-12-12 14:00:00,2022-12-12 14:00:00,5,COMMUNICATION,temperature_c,12.9,,partial_missing,dur=1
d03c8791,Shimla,2022-03-11 07:00:00,2022-03-11 07:00:00,5,COMMUNICATION,all,4.7,,missing_packet,dur=1
57e27c59,Shimla,2022-07-11 09:00:00,2022-07-11 12:00:00,5,COMMUNICATION,all,18.035980672185833,,burst_missing,dur=4
e1977c88,Shimla,2021-03-12 00:00:00,2021-03-12 00:00:00,5,COMMUNICATION,all,5.6,,missing_packet,dur=1
817ca3da,Shimla,2021-02-01 12:00:00,2021-02-01 12:00:00,5,COMMUNICATION,temperature_c,10.3,,partial_missing,dur=1
cb0ca154,Shimla,2022-02-22 22:00:00,2022-02-23 01:00:00,5,COMMUNICATION,all,7.1,,burst_missing,dur=4
b94f6513,Shimla,2023-11-11 05:00:00,2023-11-11 09:00:00,5,COMMUNICATION,all,2.3,,burst_missing,dur=5
113b169e,Shimla,2024-05-23 22:00:00,2024-05-23 22:00:00,5,COMMUNICATION,temperature_c,19.3,,partial_missing,dur=1
a1e26939,Shimla,2023-09-05 21:00:00,2023-09-06 02:00:00,5,COMMUNICATION,all,14.0,,burst_missing,dur=6
097ee08d,Shimla,2022-08-29 12:00:00,2022-08-29 12:00:00,5,COMMUNICATION,all,18.8,,missing_packet,dur=1
e72d7939,Shimla,2022-06-14 06:00:00,2022-06-14 06:00:00,5,COMMUNICATION,temperature_c,17.9,,partial_missing,dur=1
58f36b45,Shimla,2022-11-01 16:00:00,2022-11-01 16:00:00,5,COMMUNICATION,temperature_c,13.3,,partial_missing,dur=1
71c386a2,Shimla,2023-10-30 11:00:00,2023-10-30 11:00:00,5,COMMUNICATION,all,16.1,,missing_packet,dur=1
ef443c65,Shimla,2021-05-22 07:00:00,2021-05-22 07:00:00,5,COMMUNICATION,all,14.7,,missing_packet,dur=1
a484f779,Shimla,2021-08-15 13:00:00,2021-08-15 15:00:00,5,COMMUNICATION,all,20.8,,burst_missing,dur=3
8aef5724,Shimla,2021-10-10 09:00:00,2021-10-10 18:00:00,5,COMMUNICATION,all,17.9,,burst_missing,dur=10
160ab10d,Shimla,2021-12-02 00:00:00,2021-12-02 04:00:00,5,COMMUNICATION,all,4.9,,burst_missing,dur=5
3f8eb536,Shimla,2023-02-11 07:00:00,2023-02-11 07:00:00,5,COMMUNICATION,all,0.4,,missing_packet,dur=1
af53db94,Shimla,2022-05-09 05:00:00,2022-05-09 08:00:00,5,COMMUNICATION,all,10.8,,burst_missing,dur=4
753e9c3e,Shimla,2024-09-11 14:00:00,2024-09-11 14:00:00,5,COMMUNICATION,all,21.1,,missing_packet,dur=1
a457794f,Shimla,2022-07-22 21:00:00,2022-07-22 21:00:00,5,COMMUNICATION,all,15.7,,missing_packet,dur=1
39bad666,Shimla,2021-10-02 21:00:00,2021-10-02 21:00:00,5,COMMUNICATION,all,14.7,,missing_packet,dur=1
7bfb6553,Shimla,2021-03-01 22:00:00,2021-03-01 22:00:00,5,COMMUNICATION,all,5.9,,missing_packet,dur=1
6b4194ce,Shimla,2021-07-20 21:00:00,2021-07-20 21:00:00,5,COMMUNICATION,all,16.0,,missing_packet,dur=1
77df7c9a,Shimla,2021-07-28 09:00:00,2021-07-28 17:00:00,5,COMMUNICATION,all,16.5,,burst_missing,dur=9
de173b54,Shimla,2023-10-22 16:00:00,2023-10-22 16:00:00,5,COMMUNICATION,all,12.7,,missing_packet,dur=1
427a678c,Shimla,2024-05-16 04:00:00,2024-05-16 08:00:00,5,COMMUNICATION,all,10.9,,burst_missing,dur=5
de5885e2,Shimla,2023-03-27 19:00:00,2023-03-27 23:00:00,5,COMMUNICATION,all,8.5,,burst_missing,dur=5
2f5d79b4,Shimla,2021-03-27 21:00:00,2021-03-28 04:00:00,5,COMMUNICATION,all,12.8,,burst_missing,dur=8
b71796f3,Shimla,2023-08-05 22:00:00,2023-08-05 22:00:00,5,COMMUNICATION,all,16.5,,missing_packet,dur=1
350118e7,Shimla,2021-01-14 16:00:00,2021-01-14 22:00:00,5,COMMUNICATION,all,8.2,,burst_missing,dur=7
83b944d1,Shimla,2021-11-29 00:00:00,2021-11-29 02:00:00,5,COMMUNICATION,all,1.4,,burst_missing,dur=3
af02e741,Shimla,2021-03-04 21:00:00,2021-03-04 21:00:00,5,COMMUNICATION,temperature_c,2.712909921038884,,partial_missing,dur=1
f1561ddd,Shimla,2024-10-29 09:00:00,2024-10-29 14:00:00,5,COMMUNICATION,all,16.4,,burst_missing,dur=6
c5653651,Shimla,2023-09-24 09:00:00,2023-09-24 14:00:00,5,COMMUNICATION,all,17.9,,burst_missing,dur=6
22b0cdd9,Shimla,2021-03-22 13:00:00,2021-03-22 13:00:00,5,COMMUNICATION,all,13.9,,missing_packet,dur=1
13f4724f,Shimla,2022-01-14 08:00:00,2022-01-14 11:00:00,5,COMMUNICATION,all,-1.8,,burst_missing,dur=4
f1f43c70,Shimla,2021-12-12 15:00:00,2021-12-12 15:00:00,5,COMMUNICATION,all,8.3,,missing_packet,dur=1
7b41cd5c,Shimla,2023-01-18 07:00:00,2023-01-18 07:00:00,5,COMMUNICATION,all,-4.9,,missing_packet,dur=1
b96f2f99,Shimla,2022-06-29 01:00:00,2022-06-29 08:00:00,5,COMMUNICATION,all,18.3,,burst_missing,dur=8
ca1f7a46,Shimla,2023-03-15 16:00:00,2023-03-15 16:00:00,5,COMMUNICATION,all,13.0,,missing_packet,dur=1
49c74346,Shimla,2024-09-15 20:00:00,2024-09-15 20:00:00,5,COMMUNICATION,all,13.3,,missing_packet,dur=1
b70304a5,Shimla,2024-10-31 21:00:00,2024-10-31 21:00:00,5,COMMUNICATION,all,13.5,,missing_packet,dur=1
d32b7b9d,Shimla,2022-06-12 04:00:00,2022-06-12 04:00:00,5,COMMUNICATION,all,15.1,,missing_packet,dur=1
2b0fc95d,Shimla,2022-04-18 07:00:00,2022-04-18 13:00:00,5,COMMUNICATION,all,15.2,,burst_missing,dur=7
7af0a617,Shimla,2023-12-09 16:00:00,2023-12-09 22:00:00,5,COMMUNICATION,all,6.9,,burst_missing,dur=7
da3fe5f1,Shimla,2022-03-29 08:00:00,2022-03-29 17:00:00,5,COMMUNICATION,all,17.3,,burst_missing,dur=10
b8fc8920,Shimla,2024-03-29 15:00:00,2024-03-29 15:00:00,5,COMMUNICATION,all,18.6,,missing_packet,dur=1
d626aa66,Shimla,2024-03-03 02:00:00,2024-03-03 02:00:00,5,COMMUNICATION,temperature_c,2.4,,partial_missing,dur=1
992578ae,Shimla,2023-01-12 20:00:00,2023-01-12 20:00:00,5,COMMUNICATION,all,0.3,,missing_packet,dur=1
390b07a0,Shimla,2021-10-21 16:00:00,2021-10-21 16:00:00,5,COMMUNICATION,temperature_c,14.6,,partial_missing,dur=1
518235f0,Shimla,2023-11-12 23:00:00,2023-11-12 23:00:00,5,COMMUNICATION,all,4.5,,missing_packet,dur=1
3aeea18b,Shimla,2022-06-30 08:00:00,2022-06-30 08:00:00,5,COMMUNICATION,temperature_c,16.6,,partial_missing,dur=1
918b0756,Shimla,2023-08-22 16:00:00,2023-08-22 16:00:00,5,COMMUNICATION,all,19.3,,missing_packet,dur=1
a00a29c9,Shimla,2021-06-25 11:00:00,2021-06-25 11:00:00,5,COMMUNICATION,all,20.0,,missing_packet,dur=1
ec598693,Shimla,2022-04-02 16:00:00,2022-04-02 22:00:00,5,COMMUNICATION,all,20.0,,burst_missing,dur=7
a4efd433,Shimla,2024-01-25 01:00:00,2024-01-25 01:00:00,5,COMMUNICATION,all,-3.0,,missing_packet,dur=1
43d5e889,Shimla,2024-12-19 14:00:00,2024-12-19 14:00:00,5,COMMUNICATION,all,9.4,,missing_packet,dur=1
78545566,Shimla,2023-12-24 15:00:00,2023-12-24 18:00:00,5,COMMUNICATION,all,10.3,,burst_missing,dur=4
7cd2092a,Shimla,2022-05-07 06:00:00,2022-05-07 06:00:00,5,COMMUNICATION,all,10.9,,missing_packet,dur=1
2284596e,Shimla,2024-03-18 12:00:00,2024-03-18 19:00:00,5,COMMUNICATION,all,15.8,,burst_missing,dur=8
332daab3,Shimla,2022-11-01 21:00:00,2022-11-02 02:00:00,5,COMMUNICATION,all,7.6,,burst_missing,dur=6
f2a48831,Shimla,2023-10-12 21:00:00,2023-10-12 21:00:00,5,COMMUNICATION,all,9.6,,missing_packet,dur=1
0a57b4f4,Shimla,2022-02-01 01:00:00,2022-02-01 01:00:00,5,COMMUNICATION,all,-3.2,,missing_packet,dur=1
a433e9de,Shimla,2021-11-30 23:00:00,2021-12-01 06:00:00,5,COMMUNICATION,all,1.9,,burst_missing,dur=8
d4eb296a,Shimla,2021-01-30 18:00:00,2021-01-30 18:00:00,5,COMMUNICATION,temperature_c,2.6,,partial_missing,dur=1
cada5418,Shimla,2023-06-18 00:00:00,2023-06-18 09:00:00,5,COMMUNICATION,all,16.0,,burst_missing,dur=10
a98252a9,Shimla,2023-05-29 01:00:00,2023-05-29 04:00:00,5,COMMUNICATION,all,11.2,,burst_missing,dur=4
a1838183,Shimla,2023-11-19 22:00:00,2023-11-19 22:00:00,5,COMMUNICATION,all,3.8,,missing_packet,dur=1
1d324820,Shimla,2022-08-03 09:00:00,2022-08-03 09:00:00,6,MULTIVARIATE,temperature_c,19.7,29.7,t_rh_mismatch,
1b632bc7,Shimla,2021-10-09 00:00:00,2021-10-09 00:00:00,6,MULTIVARIATE,relative_humidity_pct,92.0,52.0,moisture_mismatch,
57b02d0c,Shimla,2021-07-24 07:00:00,2021-07-24 07:00:00,6,MULTIVARIATE,relative_humidity_pct,88.0,48.0,moisture_mismatch,
f05032e2,Shimla,2024-04-03 09:00:00,2024-04-03 09:00:00,6,MULTIVARIATE,relative_humidity_pct,37.0,5.0,moisture_mismatch,
0501d5f5,Shimla,2023-05-25 03:00:00,2023-05-25 03:00:00,6,MULTIVARIATE,temperature_c,10.7,20.7,t_rh_mismatch,
bd040f25,Shimla,2022-06-23 06:00:00,2022-06-23 06:00:00,6,MULTIVARIATE,temperature_c,14.3,24.3,t_rh_mismatch,
e17125b8,Shimla,2024-09-10 18:00:00,2024-09-10 18:00:00,6,MULTIVARIATE,relative_humidity_pct,92.0,52.0,moisture_mismatch,
ef547426,Shimla,2021-05-08 18:00:00,2021-05-08 18:00:00,6,MULTIVARIATE,relative_humidity_pct,74.0,34.0,moisture_mismatch,
70c2e935,Shimla,2024-02-25 06:00:00,2024-02-25 06:00:00,6,MULTIVARIATE,temperature_c,-4.5,5.5,t_rh_mismatch,
e0ee700d,Shimla,2021-12-05 20:00:00,2021-12-05 20:00:00,6,MULTIVARIATE,relative_humidity_pct,89.0,49.0,moisture_mismatch,
5c8d7531,Shimla,2022-04-13 07:00:00,2022-04-13 07:00:00,6,MULTIVARIATE,relative_humidity_pct,52.0,12.0,moisture_mismatch,
ef60c879,Shimla,2023-11-12 10:00:00,2023-11-12 10:00:00,6,MULTIVARIATE,temperature_c,13.2,23.2,t_rh_mismatch,
52d31282,Shimla,2021-02-28 01:00:00,2021-02-28 01:00:00,6,MULTIVARIATE,relative_humidity_pct,67.0,27.0,moisture_mismatch,
a4afe210,Shimla,2021-02-18 16:00:00,2021-02-18 16:00:00,6,MULTIVARIATE,temperature_c,9.1,19.1,t_rh_mismatch,
7da76af2,Shimla,2024-06-14 22:00:00,2024-06-14 22:00:00,6,MULTIVARIATE,relative_humidity_pct,35.0,5.0,moisture_mismatch,
ea545dbc,Shimla,2021-12-24 21:00:00,2021-12-24 21:00:00,6,MULTIVARIATE,relative_humidity_pct,89.0,49.0,moisture_mismatch,
62cfc72e,Shimla,2021-04-12 01:00:00,2021-04-12 01:00:00,6,MULTIVARIATE,temperature_c,8.4,18.4,t_rh_mismatch,
63921986,Shimla,2023-07-11 07:00:00,2023-07-11 07:00:00,6,MULTIVARIATE,temperature_c,17.2,27.2,t_rh_mismatch,
f4d83654,Shimla,2021-07-09 15:00:00,2021-07-09 15:00:00,6,MULTIVARIATE,relative_humidity_pct,79.0,39.0,moisture_mismatch,
79d9b93b,Shimla,2021-09-17 17:00:00,2021-09-17 17:00:00,6,MULTIVARIATE,relative_humidity_pct,82.0,42.0,moisture_mismatch,
0e964d0b,Shimla,2023-04-02 22:00:00,2023-04-02 22:00:00,6,MULTIVARIATE,relative_humidity_pct,91.0,51.0,moisture_mismatch,
2c4188a6,Shimla,2023-05-17 03:00:00,2023-05-17 03:00:00,6,MULTIVARIATE,relative_humidity_pct,55.0,15.0,moisture_mismatch,
34c26389,Shimla,2023-12-30 04:00:00,2023-12-30 04:00:00,6,MULTIVARIATE,temperature_c,0.2,10.2,t_rh_mismatch,
c735cf30,Shimla,2023-05-06 04:00:00,2023-05-06 04:00:00,6,MULTIVARIATE,relative_humidity_pct,79.0,39.0,moisture_mismatch,
739fd46a,Shimla,2021-05-09 12:00:00,2021-05-09 12:00:00,6,MULTIVARIATE,relative_humidity_pct,53.0,13.0,moisture_mismatch,
e1313123,Shimla,2023-03-26 22:00:00,2023-03-26 22:00:00,6,MULTIVARIATE,relative_humidity_pct,88.0,48.0,moisture_mismatch,
b4b5aaf3,Shimla,2024-09-09 03:00:00,2024-09-09 03:00:00,6,MULTIVARIATE,temperature_c,15.4,25.4,t_rh_mismatch,
f2ca02d2,Shimla,2023-10-19 00:00:00,2023-10-19 00:00:00,6,MULTIVARIATE,temperature_c,5.1,15.1,t_rh_mismatch,
ad0008e5,Shimla,2021-03-21 23:00:00,2021-03-21 23:00:00,6,MULTIVARIATE,temperature_c,9.3,19.3,t_rh_mismatch,
b29c0919,Shimla,2021-05-11 14:00:00,2021-05-11 14:00:00,6,MULTIVARIATE,temperature_c,15.8,25.8,t_rh_mismatch,
93024f0a,Shimla,2022-01-14 20:00:00,2022-01-14 20:00:00,6,MULTIVARIATE,temperature_c,-2.6,7.4,t_rh_mismatch,
26bde189,Shimla,2023-06-01 14:00:00,2023-06-01 14:00:00,6,MULTIVARIATE,relative_humidity_pct,58.0,18.0,moisture_mismatch,
e4c73c2b,Shimla,2022-09-11 01:00:00,2022-09-11 01:00:00,6,MULTIVARIATE,temperature_c,13.7,23.7,t_rh_mismatch,
9d1be279,Shimla,2021-08-29 08:00:00,2021-08-29 08:00:00,6,MULTIVARIATE,temperature_c,16.5,26.5,t_rh_mismatch,
8b4e96e6,Shimla,2023-10-05 06:00:00,2023-10-05 06:00:00,6,MULTIVARIATE,temperature_c,8.9,18.9,t_rh_mismatch,
40e2e13f,Shimla,2021-05-24 08:00:00,2021-05-24 08:00:00,6,MULTIVARIATE,relative_humidity_pct,52.0,12.0,moisture_mismatch,
00986624,Shimla,2021-04-28 15:00:00,2021-04-28 15:00:00,6,MULTIVARIATE,temperature_c,21.4,31.4,t_rh_mismatch,
03fc3db7,Shimla,2021-05-12 01:00:00,2021-05-12 01:00:00,6,MULTIVARIATE,relative_humidity_pct,88.0,48.0,moisture_mismatch,
20cdda33,Shimla,2021-07-24 21:00:00,2021-07-24 21:00:00,6,MULTIVARIATE,relative_humidity_pct,92.0,52.0,moisture_mismatch,
ac1b222f,Shimla,2023-06-19 06:00:00,2023-06-19 06:00:00,6,MULTIVARIATE,relative_humidity_pct,81.0,41.0,moisture_mismatch,
d69a8ee3,Shimla,2023-01-08 00:00:00,2023-01-08 00:00:00,6,MULTIVARIATE,temperature_c,2.7,12.7,t_rh_mismatch,
4b308101,Shimla,2022-01-12 04:00:00,2022-01-12 04:00:00,6,MULTIVARIATE,relative_humidity_pct,86.0,46.0,moisture_mismatch,
7f90712e,Shimla,2021-11-24 09:00:00,2021-11-24 09:00:00,6,MULTIVARIATE,temperature_c,12.1,22.1,t_rh_mismatch,
a7bc18db,Shimla,2023-05-22 23:00:00,2023-05-22 23:00:00,6,MULTIVARIATE,temperature_c,15.5,25.5,t_rh_mismatch,
8dae5de7,Shimla,2024-02-03 13:00:00,2024-02-03 13:00:00,6,MULTIVARIATE,relative_humidity_pct,33.0,5.0,moisture_mismatch,
3fadfc93,Shimla,2021-12-01 03:00:00,2021-12-01 03:00:00,6,MULTIVARIATE,temperature_c,,,t_rh_mismatch,
4eaa5c99,Shimla,2024-07-29 01:00:00,2024-07-29 01:00:00,6,MULTIVARIATE,relative_humidity_pct,91.0,51.0,moisture_mismatch,
00ca6073,Shimla,2023-02-06 01:00:00,2023-02-06 01:00:00,6,MULTIVARIATE,relative_humidity_pct,76.0,36.0,moisture_mismatch,
88ebcabf,Shimla,2024-08-11 02:00:00,2024-08-11 02:00:00,6,MULTIVARIATE,temperature_c,14.4,24.4,t_rh_mismatch,
9c43f757,Shimla,2021-09-08 16:00:00,2021-09-08 16:00:00,6,MULTIVARIATE,relative_humidity_pct,95.0,55.0,moisture_mismatch,
0f428773,Shimla,2023-03-20 22:00:00,2023-03-20 22:00:00,6,MULTIVARIATE,temperature_c,5.0,15.0,t_rh_mismatch,
eddead70,Shimla,2023-08-22 22:00:00,2023-08-22 22:00:00,6,MULTIVARIATE,temperature_c,17.1,27.1,t_rh_mismatch,
4ecb820e,Shimla,2022-07-17 05:00:00,2022-07-17 05:00:00,6,MULTIVARIATE,temperature_c,16.0,26.0,t_rh_mismatch,
f881b723,Shimla,2021-07-25 04:00:00,2021-07-25 04:00:00,6,MULTIVARIATE,relative_humidity_pct,96.0,56.0,moisture_mismatch,
a83fdb3f,Shimla,2021-06-14 13:00:00,2021-06-14 13:00:00,6,MULTIVARIATE,temperature_c,21.3,31.3,t_rh_mismatch,
f312a64f,Shimla,2021-02-05 20:00:00,2021-02-05 20:00:00,6,MULTIVARIATE,temperature_c,-2.4,7.6,t_rh_mismatch,
bcca0790,Shimla,2024-07-02 08:00:00,2024-07-02 08:00:00,6,MULTIVARIATE,relative_humidity_pct,87.0,47.0,moisture_mismatch,
81db2d92,Shimla,2022-05-29 03:00:00,2022-05-29 03:00:00,6,MULTIVARIATE,relative_humidity_pct,89.0,49.0,moisture_mismatch,
f3c0c971,Shimla,2021-10-13 10:00:00,2021-10-13 10:00:00,6,MULTIVARIATE,relative_humidity_pct,38.0,5.0,moisture_mismatch,
88002234,Shimla,2022-07-24 18:00:00,2022-07-24 18:00:00,6,MULTIVARIATE,relative_humidity_pct,85.0,45.0,moisture_mismatch,
9bc42402,Shimla,2023-05-02 11:00:00,2023-05-02 11:00:00,6,MULTIVARIATE,relative_humidity_pct,78.0,38.0,moisture_mismatch,
9fae8a5f,Shimla,2022-02-25 12:00:00,2022-02-25 12:00:00,6,MULTIVARIATE,temperature_c,8.8,18.8,t_rh_mismatch,
c005f90c,Shimla,2021-12-22 03:00:00,2021-12-22 03:00:00,6,MULTIVARIATE,temperature_c,-2.1,7.9,t_rh_mismatch,
0b991b08,Shimla,2023-09-20 23:00:00,2023-09-20 23:00:00,6,MULTIVARIATE,relative_humidity_pct,98.0,58.0,moisture_mismatch,
a30c1f62,Shimla,2024-05-20 10:00:00,2024-05-20 10:00:00,6,MULTIVARIATE,temperature_c,25.8,35.8,t_rh_mismatch,
2d1570f5,Shimla,2023-12-29 19:00:00,2023-12-29 19:00:00,6,MULTIVARIATE,temperature_c,2.1,12.1,t_rh_mismatch,
a5cd54c2,Shimla,2021-07-07 10:00:00,2021-07-07 10:00:00,6,MULTIVARIATE,relative_humidity_pct,57.0,17.0,moisture_mismatch,
e448c43a,Shimla,2024-03-01 07:00:00,2024-03-01 07:00:00,6,MULTIVARIATE,temperature_c,5.8,15.8,t_rh_mismatch,
fa8a7186,Shimla,2023-04-19 17:00:00,2023-04-19 17:00:00,6,MULTIVARIATE,temperature_c,13.2,23.2,t_rh_mismatch,
62bbc3e1,Shimla,2022-02-07 04:00:00,2022-02-07 04:00:00,6,MULTIVARIATE,relative_humidity_pct,68.0,28.0,moisture_mismatch,
