timestamp,station,temperature_c,relative_humidity_pct,surface_pressure_hpa,anomaly_label,original_temperature_c,original_relative_humidity_pct,original_surface_pressure_hpa
2025-01-01 00:00:00,SubtleStation,24.78287387933989,80.31876350299814,1009.379515163895,0,24.78287387933989,80.31876350299814,1009.379515163895
2025-01-01 01:00:00,SubtleStation,25.299482422782717,81.50710240676995,1009.8435266074829,0,25.299482422782717,81.50710240676995,1009.8435266074829
2025-01-01 02:00:00,SubtleStation,25.256582346536632,78.8473689561827,1009.5755266041258,0,25.256582346536632,78.8473689561827,1009.5755266041258
2025-01-01 03:00:00,SubtleStation,24.998620993605204,80.60645630941136,1011.188976297313,0,24.998620993605204,80.60645630941136,1011.188976297313
2025-01-01 04:00:00,SubtleStation,25.28393317948951,78.80812680066599,1010.3287503120209,0,25.28393317948951,78.80812680066599,1010.3287503120209
2025-01-01 05:00:00,SubtleStation,25.82955391087428,79.34647737719578,1010.1065434459646,0,25.82955391087428,79.34647737719578,1010.1065434459646
2025-01-01 06:00:00,SubtleStation,25.11334434846199,78.88659305063184,1009.7545148437445,0,25.11334434846199,78.88659305063184,1009.7545148437445
2025-01-01 07:00:00,SubtleStation,25.61207170514738,79.07028180877377,1009.4592448024451,0,25.61207170514738,79.07028180877377,1009.4592448024451
2025-01-01 08:00:00,SubtleStation,26.049936272367223,80.37360572041756,1010.0024005535943,0,26.049936272367223,80.37360572041756,1010.0024005535943
2025-01-01 09:00:00,SubtleStation,25.721976913385934,79.7802167302618,1009.8196017129151,0,25.721976913385934,79.7802167302618,1009.8196017129151
2025-01-01 10:00:00,SubtleStation,25.85776547538192,78.21391307457824,1010.0060097136151,0,25.85776547538192,78.21391307457824,1010.0060097136151
2025-01-01 11:00:00,SubtleStation,26.07242106094718,78.22035959185263,1010.4648934156529,0,26.07242106094718,78.22035959185263,1010.4648934156529
2025-01-01 12:00:00,SubtleStation,26.487024223738242,80.78444713541322,1009.9114762215104,0,26.487024223738242,80.78444713541322,1009.9114762215104
2025-01-01 13:00:00,SubtleStation,26.157873670041816,77.73295923588667,1009.1355458097096,0,26.157873670041816,77.73295923588667,1009.1355458097096
2025-01-01 14:00:00,SubtleStation,26.293250998076317,80.70088446554895,1009.8674086344143,0,26.293250998076317,80.70088446554895,1009.8674086344143
2025-01-01 15:00:00,SubtleStation,26.39101743380047,78.31712446406155,1010.3563421716893,0,26.39101743380047,78.31712446406155,1010.3563421716893
2025-01-01 16:00:00,SubtleStation,27.01432263250003,79.03469053974179,1009.1289883401851,0,27.01432263250003,79.03469053974179,1009.1289883401851
2025-01-01 17:00:00,SubtleStation,27.10511327534835,79.07641672931648,1009.0510241729856,0,27.10511327534835,79.07641672931648,1009.0510241729856
2025-01-01 18:00:00,SubtleStation,26.962518931638208,78.23603384968372,1010.6447102291455,0,26.962518931638208,78.23603384968372,1010.6447102291455
2025-01-01 19:00:00,SubtleStation,26.93219258469546,79.1382672938947,1010.0960285781823,0,26.93219258469546,79.1382672938947,1010.0960285781823
2025-01-01 20:00:00,SubtleStation,27.094933918586143,78.17822980845112,1010.5526212366636,0,27.094933918586143,78.17822980845112,1010.5526212366636
2025-01-01 21:00:00,SubtleStation,27.337332237801533,77.38461202042951,1009.6743504480609,0,27.337332237801533,77.38461202042951,1009.6743504480609
2025-01-01 22:00:00,SubtleStation,26.942928713765408,77.29974328338125,1009.2930881302343,0,26.942928713765408,77.29974328338125,1009.2930881302343
2025-01-01 23:00:00,SubtleStation,27.45531860098792,77.59401258662425,1009.9087528577827,0,27.45531860098792,77.59401258662425,1009.9087528577827
2025-01-02 00:00:00,SubtleStation,27.05854557624479,79.33041306052883,1010.698607444591,0,27.05854557624479,79.33041306052883,1010.698607444591
2025-01-02 01:00:00,SubtleStation,27.270016259595923,77.56817798793443,1009.325146600306,0,27.270016259595923,77.56817798793443,1009.325146600306
2025-01-02 02:00:00,SubtleStation,27.666273071181596,76.74297658100076,1009.8674747178284,0,27.666273071181596,76.74297658100076,1009.8674747178284
2025-01-02 03:00:00,SubtleStation,27.28540705856027,75.92530594165049,1010.9619959347276,0,27.28540705856027,75.92530594165049,1010.9619959347276
2025-01-02 04:00:00,SubtleStation,27.62839178667475,76.90248546365144,1009.837262734603,0,27.62839178667475,76.90248546365144,1009.837262734603
2025-01-02 05:00:00,SubtleStation,27.56825393172947,76.18689701451393,1009.7036644508813,0,27.56825393172947,76.18689701451393,1009.7036644508813
2025-01-02 06:00:00,SubtleStation,27.77258377296164,74.30144259787582,1010.0980966973123,0,27.77258377296164,74.30144259787582,1010.0980966973123
2025-01-02 07:00:00,SubtleStation,27.345962664833404,76.79221507987558,1010.2501413075476,0,27.345962664833404,76.79221507987558,1010.2501413075476
2025-01-02 08:00:00,SubtleStation,27.632184005411517,76.81669952417742,1011.1540663581505,0,27.632184005411517,76.81669952417742,1011.1540663581505
2025-01-02 09:00:00,SubtleStation,27.92613028540064,76.33136611082635,1010.3400980683427,0,27.92613028540064,76.33136611082635,1010.3400980683427
2025-01-02 10:00:00,SubtleStation,28.3299864325752,77.38218571564788,1010.2455837186196,0,28.3299864325752,77.38218571564788,1010.2455837186196
2025-01-02 11:00:00,SubtleStation,28.18689676467979,75.70685795349952,1009.8574564473306,0,28.18689676467979,75.70685795349952,1009.8574564473306
2025-01-02 12:00:00,SubtleStation,28.29803391724534,74.73042795126992,1009.8408700893289,0,28.29803391724534,74.73042795126992,1009.8408700893289
2025-01-02 13:00:00,SubtleStation,28.509630639469076,75.32469723456111,1009.9139267404225,0,28.509630639469076,75.32469723456111,1009.9139267404225
2025-01-02 14:00:00,SubtleStation,28.269250902706077,75.32929306423347,1010.5862641093562,0,28.269250902706077,75.32929306423347,1010.5862641093562
2025-01-02 15:00:00,SubtleStation,28.573677141440967,74.13129097275116,1010.2827519343098,0,28.573677141440967,74.13129097275116,1010.2827519343098
2025-01-02 16:00:00,SubtleStation,28.426264581815804,74.20558255239908,1009.5012679073204,0,28.426264581815804,74.20558255239908,1009.5012679073204
2025-01-02 17:00:00,SubtleStation,28.31075473392257,73.53509944721208,1010.6495973433101,0,28.31075473392257,73.53509944721208,1010.6495973433101
2025-01-02 18:00:00,SubtleStation,28.64559636946749,74.73090383832849,1011.009036175361,0,28.64559636946749,74.73090383832849,1011.009036175361
2025-01-02 19:00:00,SubtleStation,28.90453513934648,74.33192941345219,1010.7399091759031,0,28.90453513934648,74.33192941345219,1010.7399091759031
2025-01-02 20:00:00,SubtleStation,28.921972950149936,72.52004625965753,1010.2986940664517,0,28.921972950149936,72.52004625965753,1010.2986940664517
2025-01-02 21:00:00,SubtleStation,28.914827946647385,71.65469577469217,1009.7328341225751,0,28.914827946647385,71.65469577469217,1009.7328341225751
2025-01-02 22:00:00,SubtleStation,29.457038552036884,72.0260659575685,1010.7759865742615,0,29.457038552036884,72.0260659575685,1010.7759865742615
2025-01-02 23:00:00,SubtleStation,29.120927374345534,70.14587738456821,1009.3766469381463,0,29.120927374345534,70.14587738456821,1009.3766469381463
2025-01-03 00:00:00,SubtleStation,29.292255656486667,72.24893912445161,1010.2932728807623,0,29.292255656486667,72.24893912445161,1010.2932728807623
2025-01-03 01:00:00,SubtleStation,29.60066143165715,72.03501179775179,1009.8131484269483,0,29.60066143165715,72.03501179775179,1009.8131484269483
2025-01-03 02:00:00,SubtleStation,28.949078185610805,69.78513503601211,1009.0845761111864,0,28.949078185610805,69.78513503601211,1009.0845761111864
2025-01-03 03:00:00,SubtleStation,29.053316319071616,71.32190972623981,1010.1617567825614,0,29.053316319071616,71.32190972623981,1010.1617567825614
2025-01-03 04:00:00,SubtleStation,29.661290062304918,69.90791982726834,1010.721280396967,0,29.661290062304918,69.90791982726834,1010.721280396967
2025-01-03 05:00:00,SubtleStation,29.20268307468414,71.66823426018101,1010.0248406563179,0,29.20268307468414,71.66823426018101,1010.0248406563179
2025-01-03 06:00:00,SubtleStation,29.416234714029322,71.78728154353398,1010.2456981308037,0,29.416234714029322,71.78728154353398,1010.2456981308037
2025-01-03 07:00:00,SubtleStation,29.670398941853456,68.85410105436638,1009.4507354438725,0,29.670398941853456,68.85410105436638,1009.4507354438725
2025-01-03 08:00:00,SubtleStation,29.67913143813552,67.19765188042622,1009.8690927520145,0,29.67913143813552,67.19765188042622,1009.8690927520145
2025-01-03 09:00:00,SubtleStation,29.89462075180336,69.63447050291069,1009.1756289771414,0,29.89462075180336,69.63447050291069,1009.1756289771414
2025-01-03 10:00:00,SubtleStation,29.883607574366398,69.76516791538062,1010.0864025342215,0,29.883607574366398,69.76516791538062,1010.0864025342215
2025-01-03 11:00:00,SubtleStation,29.837358048392417,68.40321886141656,1010.1842994476256,0,29.837358048392417,68.40321886141656,1010.1842994476256
2025-01-03 12:00:00,SubtleStation,29.506088469003817,67.28392275122346,1009.4394568585525,0,29.506088469003817,67.28392275122346,1009.4394568585525
2025-01-03 13:00:00,SubtleStation,29.854888506995184,67.99929387105811,1009.8388196665801,0,29.854888506995184,67.99929387105811,1009.8388196665801
2025-01-03 14:00:00,SubtleStation,29.792177078621297,65.3609988464281,1010.4651674388772,0,29.792177078621297,65.3609988464281,1010.4651674388772
2025-01-03 15:00:00,SubtleStation,29.495583871131902,67.21653044735552,1010.7583317902806,0,29.495583871131902,67.21653044735552,1010.7583317902806
2025-01-03 16:00:00,SubtleStation,30.073906022595466,65.02451646328868,1009.4055872858587,0,30.073906022595466,65.02451646328868,1009.4055872858587
2025-01-03 17:00:00,SubtleStation,29.979585889132093,65.15694093741455,1010.8026600225505,0,29.979585889132093,65.15694093741455,1010.8026600225505
2025-01-03 18:00:00,SubtleStation,29.853001004984893,66.25993546742595,1010.2294053392649,0,29.853001004984893,66.25993546742595,1010.2294053392649
2025-01-03 19:00:00,SubtleStation,29.8211107114877,65.83905459754767,1010.703499294335,0,29.8211107114877,65.83905459754767,1010.703499294335
2025-01-03 20:00:00,SubtleStation,29.649947223804624,64.033377356975,1009.5969374257145,0,29.649947223804624,64.033377356975,1009.5969374257145
2025-01-03 21:00:00,SubtleStation,29.94943403620973,63.14918213588376,1009.3371849661721,0,29.94943403620973,63.14918213588376,1009.3371849661721
2025-01-03 22:00:00,SubtleStation,30.021174282203273,63.534077860096666,1010.3484129724029,0,30.021174282203273,63.534077860096666,1010.3484129724029
2025-01-03 23:00:00,SubtleStation,29.77724098081541,62.11239184328814,1010.0585497881525,0,29.77724098081541,62.11239184328814,1010.0585497881525
2025-01-04 00:00:00,SubtleStation,30.189920192814803,63.81548927131245,1009.4525762500567,0,30.189920192814803,63.81548927131245,1009.4525762500567
2025-01-04 01:00:00,SubtleStation,29.750062459992947,61.53587594369052,1010.4451007367869,0,29.750062459992947,61.53587594369052,1010.4451007367869
2025-01-04 02:00:00,SubtleStation,29.55491815530111,60.79792513833682,1010.0965493541936,0,29.55491815530111,60.79792513833682,1010.0965493541936
2025-01-04 03:00:00,SubtleStation,30.195526253698954,62.28547834660827,1009.8824819386117,0,30.195526253698954,62.28547834660827,1009.8824819386117
2025-01-04 04:00:00,SubtleStation,29.91295447407762,61.367473589118596,1009.1250914791716,0,29.91295447407762,61.367473589118596,1009.1250914791716
2025-01-04 05:00:00,SubtleStation,29.972470427154303,60.00578356658271,1010.2653445719106,0,29.972470427154303,60.00578356658271,1010.2653445719106
2025-01-04 06:00:00,SubtleStation,29.83222185845304,59.671388692752686,1010.2789641800987,0,29.83222185845304,59.671388692752686,1010.2789641800987
2025-01-04 07:00:00,SubtleStation,29.678580886113892,59.59356788218099,1009.8509220005576,0,29.678580886113892,59.59356788218099,1009.8509220005576
2025-01-04 08:00:00,SubtleStation,30.248868505578542,58.506056278638525,1009.5525261505394,0,30.248868505578542,58.506056278638525,1009.5525261505394
2025-01-04 09:00:00,SubtleStation,29.856094964627125,59.18588529190312,1010.0464311038589,0,29.856094964627125,59.18588529190312,1010.0464311038589
2025-01-04 10:00:00,SubtleStation,30.320108709662904,58.40911456633499,1011.0921401153091,0,30.320108709662904,58.40911456633499,1011.0921401153091
2025-01-04 11:00:00,SubtleStation,30.14143340087897,56.57146037336073,1010.6295202060867,0,30.14143340087897,56.57146037336073,1010.6295202060867
2025-01-04 12:00:00,SubtleStation,29.907080966608692,57.39736259725543,1009.7033374022324,0,29.907080966608692,57.39736259725543,1009.7033374022324
2025-01-04 13:00:00,SubtleStation,29.7409242058792,58.844066295269045,1010.1999738965517,0,29.7409242058792,58.844066295269045,1010.1999738965517
2025-01-04 14:00:00,SubtleStation,29.797700409663726,56.09100911974316,1009.8403575230469,0,29.797700409663726,56.09100911974316,1009.8403575230469
2025-01-04 15:00:00,SubtleStation,29.68579789923544,56.03370134559734,1010.2747811972904,0,29.68579789923544,56.03370134559734,1010.2747811972904
2025-01-04 16:00:00,SubtleStation,30.32786287180598,55.83047355376716,1010.4445589470589,0,30.32786287180598,55.83047355376716,1010.4445589470589
2025-01-04 17:00:00,SubtleStation,29.92350122390609,55.73169609498214,1010.9734506649024,0,29.92350122390609,55.73169609498214,1010.9734506649024
2025-01-04 18:00:00,SubtleStation,30.0988699016767,54.06784247664598,1010.1244190481949,0,30.0988699016767,54.06784247664598,1010.1244190481949
2025-01-04 19:00:00,SubtleStation,29.591625952877745,54.27534991147272,1008.9925334178967,0,29.591625952877745,54.27534991147272,1008.9925334178967
2025-01-04 20:00:00,SubtleStation,29.855632208770622,54.481654465162094,1009.9893526358128,0,29.855632208770622,54.481654465162094,1009.9893526358128
2025-01-04 21:00:00,SubtleStation,30.027397913681384,54.90918416483974,1009.4560169935919,0,30.027397913681384,54.90918416483974,1009.4560169935919
2025-01-04 22:00:00,SubtleStation,29.69530628341028,54.41113732641909,1009.9677612676068,0,29.69530628341028,54.41113732641909,1009.9677612676068
2025-01-04 23:00:00,SubtleStation,29.937108615433548,53.77126345201806,1010.1967190289064,0,29.937108615433548,53.77126345201806,1010.1967190289064
2025-01-05 00:00:00,SubtleStation,29.480656380770164,53.39906358647868,1010.5418357091972,0,29.480656380770164,53.39906358647868,1010.5418357091972
2025-01-05 01:00:00,SubtleStation,29.38968017663128,51.80434707556512,1010.7956556533293,0,29.38968017663128,51.80434707556512,1010.7956556533293
2025-01-05 02:00:00,SubtleStation,29.701193496570227,50.48522808088687,1010.6398156191592,0,29.701193496570227,50.48522808088687,1010.6398156191592
2025-01-05 03:00:00,SubtleStation,29.5105661719372,50.62137254723981,1009.7369745380812,0,29.5105661719372,50.62137254723981,1009.7369745380812
2025-01-05 04:00:00,SubtleStation,29.67406524797536,52.023969667123865,1009.5906928418555,0,29.67406524797536,52.023969667123865,1009.5906928418555
2025-01-05 05:00:00,SubtleStation,29.107510646495623,51.78182827464999,1010.0508218736694,0,29.107510646495623,51.78182827464999,1010.0508218736694
2025-01-05 06:00:00,SubtleStation,29.601173186657523,49.97025093118644,1010.290522655188,0,29.601173186657523,49.97025093118644,1010.290522655188
2025-01-05 07:00:00,SubtleStation,29.93222892956424,52.267098823974564,1010.6260761584329,0,29.93222892956424,52.267098823974564,1010.6260761584329
2025-01-05 08:00:00,SubtleStation,29.359725157771177,51.881982316425464,1009.7858582110082,0,29.359725157771177,51.881982316425464,1009.7858582110082
2025-01-05 09:00:00,SubtleStation,29.321814489332446,49.03182245558559,1009.9490688110847,0,29.321814489332446,49.03182245558559,1009.9490688110847
2025-01-05 10:00:00,SubtleStation,29.29950504251928,49.64480287186637,1009.8036524223187,0,29.29950504251928,49.64480287186637,1009.8036524223187
2025-01-05 11:00:00,SubtleStation,28.83810302192876,50.28938367488629,1009.506298470129,0,28.83810302192876,50.28938367488629,1009.506298470129
2025-01-05 12:00:00,SubtleStation,29.240945693557418,50.37010345653287,1010.3401262756776,0,29.240945693557418,50.37010345653287,1010.3401262756776
2025-01-05 13:00:00,SubtleStation,28.778189722141164,48.77553571562916,1010.1561607270818,0,28.778189722141164,48.77553571562916,1010.1561607270818
2025-01-05 14:00:00,SubtleStation,28.955650746595914,47.73937585529202,1010.390161456526,0,28.955650746595914,47.73937585529202,1010.390161456526
2025-01-05 15:00:00,SubtleStation,29.230058503892252,48.4861756477282,1010.0933154204837,0,29.230058503892252,48.4861756477282,1010.0933154204837
2025-01-05 16:00:00,SubtleStation,28.773145952564274,48.096350670327226,1010.087432099376,0,28.773145952564274,48.096350670327226,1010.087432099376
2025-01-05 17:00:00,SubtleStation,28.95757524066486,48.99799855569661,1010.5025514305595,0,28.95757524066486,48.99799855569661,1010.5025514305595
2025-01-05 18:00:00,SubtleStation,28.995465856446852,47.738095118962114,1009.0650957229702,0,28.995465856446852,47.738095118962114,1009.0650957229702
2025-01-05 19:00:00,SubtleStation,28.782741096123765,47.16694352110538,1009.5725058194542,0,28.782741096123765,47.16694352110538,1009.5725058194542
2025-01-05 20:00:00,SubtleStation,28.385386766199204,46.335824606981824,1010.2380086193697,0,28.385386766199204,46.335824606981824,1010.2380086193697
2025-01-05 21:00:00,SubtleStation,28.524200573002137,46.619694637928525,1010.2038144829949,0,28.524200573002137,46.619694637928525,1010.2038144829949
2025-01-05 22:00:00,SubtleStation,28.912260259383064,43.6392367372979,1009.7917553682728,0,28.912260259383064,43.6392367372979,1009.7917553682728
2025-01-05 23:00:00,SubtleStation,28.04364253348835,45.784429005966196,1009.54141641589,0,28.04364253348835,45.784429005966196,1009.54141641589
2025-01-06 00:00:00,SubtleStation,28.320388211890975,45.89148380111244,1010.7076802373193,0,28.320388211890975,45.89148380111244,1010.7076802373193
2025-01-06 01:00:00,SubtleStation,28.190666815570445,43.376369077719126,1009.5377769513444,0,28.190666815570445,43.376369077719126,1009.5377769513444
2025-01-06 02:00:00,SubtleStation,28.24945999803592,43.66549906884885,1010.31558485986,0,28.24945999803592,43.66549906884885,1010.31558485986
2025-01-06 03:00:00,SubtleStation,28.297885147025642,42.57995040133321,1009.130816683548,0,28.297885147025642,42.57995040133321,1009.130816683548
2025-01-06 04:00:00,SubtleStation,28.39165195669459,44.74860039735515,1009.7791165336242,0,28.39165195669459,44.74860039735515,1009.7791165336242
2025-01-06 05:00:00,SubtleStation,27.9363106083159,44.79148584960012,1010.2980907730841,0,27.9363106083159,44.79148584960012,1010.2980907730841
2025-01-06 06:00:00,SubtleStation,28.072072094808064,42.31405061810041,1009.148434292026,0,28.072072094808064,42.31405061810041,1009.148434292026
2025-01-06 07:00:00,SubtleStation,27.927634331498112,43.20157290450602,1010.1692363776431,0,27.927634331498112,43.20157290450602,1010.1692363776431
2025-01-06 08:00:00,SubtleStation,27.839506746457396,42.28191683980976,1010.529289473252,0,27.839506746457396,42.28191683980976,1010.529289473252
2025-01-06 09:00:00,SubtleStation,27.54770522737116,43.61759116495017,1010.3419923801083,0,27.54770522737116,43.61759116495017,1010.3419923801083
2025-01-06 10:00:00,SubtleStation,27.375813860404204,41.88876754222639,1009.5444002216813,0,27.375813860404204,41.88876754222639,1009.5444002216813
2025-01-06 11:00:00,SubtleStation,27.26902718305243,41.76262258788693,1009.654341011197,0,27.26902718305243,41.76262258788693,1009.654341011197
2025-01-06 12:00:00,SubtleStation,27.25051003563973,42.87500114489577,1010.3683281861546,0,27.25051003563973,42.87500114489577,1010.3683281861546
2025-01-06 13:00:00,SubtleStation,27.377935393291033,44.59600424291229,1010.166537890127,0,27.377935393291033,44.59600424291229,1010.166537890127
2025-01-06 14:00:00,SubtleStation,27.37666277869592,41.27349194013935,1010.6245465673609,0,27.37666277869592,41.27349194013935,1010.6245465673609
2025-01-06 15:00:00,SubtleStation,27.199151376094584,41.236323693142616,1009.3130923121558,0,27.199151376094584,41.236323693142616,1009.3130923121558
2025-01-06 16:00:00,SubtleStation,26.933797197560537,41.44563986749642,1009.3180308500016,0,26.933797197560537,41.44563986749642,1009.3180308500016
2025-01-06 17:00:00,SubtleStation,27.31309511397299,42.17262901954547,1009.6742210954847,0,27.31309511397299,42.17262901954547,1009.6742210954847
2025-01-06 18:00:00,SubtleStation,27.163206045110762,41.62184888088205,1009.5035963875156,0,27.163206045110762,41.62184888088205,1009.5035963875156
2025-01-06 19:00:00,SubtleStation,26.695420680277632,40.644461061921085,1009.8117067235196,0,26.695420680277632,40.644461061921085,1009.8117067235196
2025-01-06 20:00:00,SubtleStation,26.507615456680643,40.693993988153736,1009.9974414348202,0,26.507615456680643,40.693993988153736,1009.9974414348202
2025-01-06 21:00:00,SubtleStation,26.60375659773067,40.46909834415817,1009.2540557124653,0,26.60375659773067,40.46909834415817,1009.2540557124653
2025-01-06 22:00:00,SubtleStation,26.735953888031293,39.79978730062864,1009.8219387029422,0,26.735953888031293,39.79978730062864,1009.8219387029422
2025-01-06 23:00:00,SubtleStation,26.453234491440888,41.78301775158086,1010.0993549926759,0,26.453234491440888,41.78301775158086,1010.0993549926759
2025-01-07 00:00:00,SubtleStation,26.401623697911337,40.30707083470039,1009.6382411185838,0,26.401623697911337,40.30707083470039,1009.6382411185838
2025-01-07 01:00:00,SubtleStation,26.15101407853624,41.09286971888584,1009.8928881170957,0,26.15101407853624,41.09286971888584,1009.8928881170957
2025-01-07 02:00:00,SubtleStation,26.187322880971465,39.8662573468227,1010.2027597230895,0,26.187322880971465,39.8662573468227,1010.2027597230895
2025-01-07 03:00:00,SubtleStation,26.307177602883254,40.50946313916018,1010.1493854929529,0,26.307177602883254,40.50946313916018,1010.1493854929529
2025-01-07 04:00:00,SubtleStation,25.852135513022258,41.39701237806803,1010.3889737406859,0,25.852135513022258,41.39701237806803,1010.3889737406859
2025-01-07 05:00:00,SubtleStation,25.83017121279349,41.740216233255374,1010.513154708073,0,25.83017121279349,41.740216233255374,1010.513154708073
2025-01-07 06:00:00,SubtleStation,25.75339263712462,41.164905021521406,1010.1680252141491,0,25.75339263712462,41.164905021521406,1010.1680252141491
2025-01-07 07:00:00,SubtleStation,25.66021293367629,39.24153842038403,1009.8180322610739,0,25.66021293367629,39.24153842038403,1009.8180322610739
2025-01-07 08:00:00,SubtleStation,25.221687132338957,38.63827673914942,1010.0724193380182,0,25.221687132338957,38.63827673914942,1010.0724193380182
2025-01-07 09:00:00,SubtleStation,25.029086521498087,40.038482802977555,1010.2719953000561,0,25.029086521498087,40.038482802977555,1010.2719953000561
2025-01-07 10:00:00,SubtleStation,25.100762740171085,40.53688670684031,1010.5374192879334,0,25.100762740171085,40.53688670684031,1010.5374192879334
2025-01-07 11:00:00,SubtleStation,25.238393792916778,41.73038618589529,1011.0260820393036,0,25.238393792916778,41.73038618589529,1011.0260820393036
2025-01-07 12:00:00,SubtleStation,25.215606194338744,39.92117632150167,1010.1378472119625,0,25.215606194338744,39.92117632150167,1010.1378472119625
2025-01-07 13:00:00,SubtleStation,24.89868772712085,40.79917567723227,1010.0175447149711,0,24.89868772712085,40.79917567723227,1010.0175447149711
2025-01-07 14:00:00,SubtleStation,25.180259883823382,40.28828822386989,1009.4893195785141,0,25.180259883823382,40.28828822386989,1009.4893195785141
2025-01-07 15:00:00,SubtleStation,24.776197031169136,38.79860912713655,1009.0259979308394,0,24.776197031169136,38.79860912713655,1009.0259979308394
2025-01-07 16:00:00,SubtleStation,24.708997360207267,40.682293564847775,1010.9612533487499,0,24.708997360207267,40.682293564847775,1010.9612533487499
2025-01-07 17:00:00,SubtleStation,24.566361390598946,39.93389939096077,1010.9192003139638,0,24.566361390598946,39.93389939096077,1010.9192003139638
2025-01-07 18:00:00,SubtleStation,24.5323375236676,40.96648184662274,1010.7411728668162,0,24.5323375236676,40.96648184662274,1010.7411728668162
2025-01-07 19:00:00,SubtleStation,24.547002840010233,38.772801748436656,1010.1956278454941,0,24.547002840010233,38.772801748436656,1010.1956278454941
2025-01-07 20:00:00,SubtleStation,24.44005221678358,41.01371191792604,1010.545165986934,0,24.44005221678358,41.01371191792604,1010.545165986934
2025-01-07 21:00:00,SubtleStation,24.02832777814463,40.132092960084236,1010.4029800384701,0,24.02832777814463,40.132092960084236,1010.4029800384701
2025-01-07 22:00:00,SubtleStation,24.41415286986908,39.81098268655999,1009.9452287072113,0,24.41415286986908,39.81098268655999,1009.9452287072113
2025-01-07 23:00:00,SubtleStation,23.792178934000784,41.97035406706041,1009.6151691639038,0,23.792178934000784,41.97035406706041,1009.6151691639038
2025-01-08 00:00:00,SubtleStation,23.929189410590304,41.3025733629128,1009.8847781392269,0,23.929189410590304,41.3025733629128,1009.8847781392269
2025-01-08 01:00:00,SubtleStation,23.7610592971676,41.3735936270977,1010.0694626045251,0,23.7610592971676,41.3735936270977,1010.0694626045251
2025-01-08 02:00:00,SubtleStation,23.50920867877027,40.53242436287026,1009.106950057017,0,23.50920867877027,40.53242436287026,1009.106950057017
2025-01-08 03:00:00,SubtleStation,23.607563884122442,39.6133200374017,1010.3860389137852,0,23.607563884122442,39.6133200374017,1010.3860389137852
2025-01-08 04:00:00,SubtleStation,23.378557401413385,39.60311513647987,1010.0357358340423,0,23.378557401413385,39.60311513647987,1010.0357358340423
2025-01-08 05:00:00,SubtleStation,23.446023287155622,40.68277194258731,1009.2063086752611,0,23.446023287155622,40.68277194258731,1009.2063086752611
2025-01-08 06:00:00,SubtleStation,23.41740836655148,39.74810780404311,1010.2107892864723,0,23.41740836655148,39.74810780404311,1010.2107892864723
2025-01-08 07:00:00,SubtleStation,23.537191911439425,40.80293603235133,1010.0516097971619,0,23.537191911439425,40.80293603235133,1010.0516097971619
2025-01-08 08:00:00,SubtleStation,23.211000880080075,41.3758884015722,1010.8163136077742,0,23.211000880080075,41.3758884015722,1010.8163136077742
2025-01-08 09:00:00,SubtleStation,22.93473742886147,41.22200011461801,1009.6444432782903,0,22.93473742886147,41.22200011461801,1009.6444432782903
2025-01-08 10:00:00,SubtleStation,22.886894487396393,41.92875779741509,1008.6251723834322,0,22.886894487396393,41.92875779741509,1008.6251723834322
2025-01-08 11:00:00,SubtleStation,22.90226423451226,39.604558245420755,1009.582756681503,0,22.90226423451226,39.604558245420755,1009.582756681503
2025-01-08 12:00:00,SubtleStation,22.802861547339184,42.86333101563304,1010.1998547170958,0,22.802861547339184,42.86333101563304,1010.1998547170958
2025-01-08 13:00:00,SubtleStation,22.986874660568894,42.13272561304086,1010.0685544301439,0,22.986874660568894,42.13272561304086,1010.0685544301439
2025-01-08 14:00:00,SubtleStation,22.885737173787767,43.012574436078104,1009.6622121758143,0,22.885737173787767,43.012574436078104,1009.6622121758143
2025-01-08 15:00:00,SubtleStation,22.447546867977984,42.265737475750484,1010.2114736876624,0,22.447546867977984,42.265737475750484,1010.2114736876624
2025-01-08 16:00:00,SubtleStation,22.32326572328205,42.69447473703954,1009.8268049604877,0,22.32326572328205,42.69447473703954,1009.8268049604877
2025-01-08 17:00:00,SubtleStation,21.8362705027295,41.934360322980886,1009.0635052379096,0,21.8362705027295,41.934360322980886,1009.0635052379096
2025-01-08 18:00:00,SubtleStation,22.15364593203923,43.50198983641493,1009.7702116711044,0,22.15364593203923,43.50198983641493,1009.7702116711044
2025-01-08 19:00:00,SubtleStation,21.98466209410781,42.76969490874074,1010.998109836415,0,21.98466209410781,42.76969490874074,1010.998109836415
2025-01-08 20:00:00,SubtleStation,22.027280668538225,43.96551401822908,1010.2709967957026,0,22.027280668538225,43.96551401822908,1010.2709967957026
2025-01-08 21:00:00,SubtleStation,22.09569546093519,44.80917697114113,1009.8588882945594,0,22.09569546093519,44.80917697114113,1009.8588882945594
2025-01-08 22:00:00,SubtleStation,21.973143616731,44.35307877238689,1009.5902439022983,0,21.973143616731,44.35307877238689,1009.5902439022983
2025-01-08 23:00:00,SubtleStation,21.853263455098848,46.40016838190667,1009.9634220444561,0,21.853263455098848,46.40016838190667,1009.9634220444561
2025-01-09 00:00:00,SubtleStation,21.821982142280742,45.11366508846247,1010.2158751869213,0,21.821982142280742,45.11366508846247,1010.2158751869213
2025-01-09 01:00:00,SubtleStation,21.680938474767924,44.90164884338181,1010.2823410328261,0,21.680938474767924,44.90164884338181,1010.2823410328261
2025-01-09 02:00:00,SubtleStation,21.670980143681955,45.421610043111514,1009.9358379628894,0,21.670980143681955,45.421610043111514,1009.9358379628894
2025-01-09 03:00:00,SubtleStation,20.91212754696751,45.666067782745316,1010.5359166821567,0,20.91212754696751,45.666067782745316,1010.5359166821567
2025-01-09 04:00:00,SubtleStation,21.432619211466054,46.40843575222535,1009.4462599747974,0,21.432619211466054,46.40843575222535,1009.4462599747974
2025-01-09 05:00:00,SubtleStation,21.393853050355066,45.467603221405604,1009.5841378765236,0,21.393853050355066,45.467603221405604,1009.5841378765236
2025-01-09 06:00:00,SubtleStation,21.278750252980384,46.69244367950717,1010.1490269200843,0,21.278750252980384,46.69244367950717,1010.1490269200843
2025-01-09 07:00:00,SubtleStation,21.235854480328666,45.71318077682535,1009.2148453549272,0,21.235854480328666,45.71318077682535,1009.2148453549272
2025-01-09 08:00:00,SubtleStation,21.354035661166233,47.084437526946616,1009.3111541749917,0,21.354035661166233,47.084437526946616,1009.3111541749917
2025-01-09 09:00:00,SubtleStation,21.029197682251244,47.90588590451074,1010.4410630850584,0,21.029197682251244,47.90588590451074,1010.4410630850584
2025-01-09 10:00:00,SubtleStation,21.525945316762364,48.435935077496026,1010.1203990546813,0,21.525945316762364,48.435935077496026,1010.1203990546813
2025-01-09 11:00:00,SubtleStation,21.16201668363292,47.50325988434545,1009.7883101695679,0,21.16201668363292,47.50325988434545,1009.7883101695679
2025-01-09 12:00:00,SubtleStation,20.963239088399675,49.39935201469718,1009.6855743672119,0,20.963239088399675,49.39935201469718,1009.6855743672119
2025-01-09 13:00:00,SubtleStation,20.86492611074612,48.30233683444117,1009.5209799041945,0,20.86492611074612,48.30233683444117,1009.5209799041945
2025-01-09 14:00:00,SubtleStation,20.83235024405283,47.65042048117409,1009.4526417581725,0,20.83235024405283,47.65042048117409,1009.4526417581725
2025-01-09 15:00:00,SubtleStation,20.611650164276583,49.299957035709625,1009.1783559695259,0,20.611650164276583,49.299957035709625,1009.1783559695259
2025-01-09 16:00:00,SubtleStation,20.722410679652004,50.252758619187226,1009.6448734551111,0,20.722410679652004,50.252758619187226,1009.6448734551111
2025-01-09 17:00:00,SubtleStation,20.74563154435918,49.16393989938451,1010.6262109948868,0,20.74563154435918,49.16393989938451,1010.6262109948868
2025-01-09 18:00:00,SubtleStation,20.75597149201264,48.84550865133125,1010.0677214924236,0,20.75597149201264,48.84550865133125,1010.0677214924236
2025-01-09 19:00:00,SubtleStation,20.707914066964502,50.561400964192124,1009.5991392216384,0,20.707914066964502,50.561400964192124,1009.5991392216384
2025-01-09 20:00:00,SubtleStation,20.490677400291197,50.81160361327219,1009.7265412555919,0,20.490677400291197,50.81160361327219,1009.7265412555919
2025-01-09 21:00:00,SubtleStation,20.21789564987626,50.485986302954004,1010.1348875729647,0,20.21789564987626,50.485986302954004,1010.1348875729647
2025-01-09 22:00:00,SubtleStation,20.324550981075756,52.968349037927986,1009.9719990710371,0,20.324550981075756,52.968349037927986,1009.9719990710371
2025-01-09 23:00:00,SubtleStation,20.7398868385001,52.817151581789275,1010.0277293479977,0,20.7398868385001,52.817151581789275,1010.0277293479977
2025-01-10 00:00:00,SubtleStation,20.55757030922234,53.37492422587569,1008.6944736285687,0,20.55757030922234,53.37492422587569,1008.6944736285687
2025-01-10 01:00:00,SubtleStation,20.415042314959425,51.45116614446008,1010.5778756045053,0,20.415042314959425,51.45116614446008,1010.5778756045053
2025-01-10 02:00:00,SubtleStation,20.15348353602316,52.830193774184345,1010.1007486879198,0,20.15348353602316,52.830193774184345,1010.1007486879198
2025-01-10 03:00:00,SubtleStation,20.272973794959782,53.00731923136409,1010.0391536082029,0,20.272973794959782,53.00731923136409,1010.0391536082029
2025-01-10 04:00:00,SubtleStation,19.989505201498268,53.494519330929116,1010.6055516993333,0,19.989505201498268,53.494519330929116,1010.6055516993333
2025-01-10 05:00:00,SubtleStation,20.10055018080002,55.27409963930251,1009.3884397307246,0,20.10055018080002,55.27409963930251,1009.3884397307246
2025-01-10 06:00:00,SubtleStation,20.134111832463798,54.06894349515531,1009.5511954541613,0,20.134111832463798,54.06894349515531,1009.5511954541613
2025-01-10 07:00:00,SubtleStation,20.084966904940764,54.38122919951236,1010.6889485263852,0,20.084966904940764,54.38122919951236,1010.6889485263852
2025-01-10 08:00:00,SubtleStation,20.324695460526563,56.44343061209028,1009.7650578382172,0,20.324695460526563,56.44343061209028,1009.7650578382172
2025-01-10 09:00:00,SubtleStation,19.82765743843434,57.60030984799671,1009.6746088807631,0,19.82765743843434,57.60030984799671,1009.6746088807631
2025-01-10 10:00:00,SubtleStation,19.918299869993675,57.49737807922763,1009.5979524224099,0,19.918299869993675,57.49737807922763,1009.5979524224099
2025-01-10 11:00:00,SubtleStation,19.798396598731983,55.6850110753616,1009.5216993349453,0,19.798396598731983,55.6850110753616,1009.5216993349453
2025-01-10 12:00:00,SubtleStation,19.809782808123902,54.94495984243658,1010.0987079162444,0,19.809782808123902,54.94495984243658,1010.0987079162444
2025-01-10 13:00:00,SubtleStation,20.06796171141719,56.605393435881695,1010.6058509284486,0,20.06796171141719,56.605393435881695,1010.6058509284486
2025-01-10 14:00:00,SubtleStation,19.710942973960705,57.64577674182154,1009.7693887796152,0,19.710942973960705,57.64577674182154,1009.7693887796152
2025-01-10 15:00:00,SubtleStation,20.171673701319893,58.49557239120056,1010.1658440537709,0,20.171673701319893,58.49557239120056,1010.1658440537709
2025-01-10 16:00:00,SubtleStation,19.96339802562116,58.066757247940814,1010.1421838694183,0,19.96339802562116,58.066757247940814,1010.1421838694183
2025-01-10 17:00:00,SubtleStation,20.020375710147977,60.11726395058361,1010.0275439453899,0,20.020375710147977,60.11726395058361,1010.0275439453899
2025-01-10 18:00:00,SubtleStation,20.066988339208205,59.9473660479945,1010.40851336209,0,20.066988339208205,59.9473660479945,1010.40851336209
2025-01-10 19:00:00,SubtleStation,19.91349437948592,59.78325884301751,1010.4911323587103,0,19.91349437948592,59.78325884301751,1010.4911323587103
2025-01-10 20:00:00,SubtleStation,20.206678921013822,58.75753154658103,1010.6531300480416,0,20.206678921013822,58.75753154658103,1010.6531300480416
2025-01-10 21:00:00,SubtleStation,19.96317038714747,61.73019193364065,1010.4311161070942,0,19.96317038714747,61.73019193364065,1010.4311161070942
2025-01-10 22:00:00,SubtleStation,20.12470885581947,60.92681045270071,1010.9022046286468,0,20.12470885581947,60.92681045270071,1010.9022046286468
2025-01-10 23:00:00,SubtleStation,19.97192657523309,59.59528410025874,1009.2785308911594,0,19.97192657523309,59.59528410025874,1009.2785308911594
2025-01-11 00:00:00,SubtleStation,20.07777420845899,62.99654208706512,1009.8822148549473,0,20.07777420845899,62.99654208706512,1009.8822148549473
2025-01-11 01:00:00,SubtleStation,20.085375035108296,64.06236679100631,1009.6628659415655,0,20.085375035108296,64.06236679100631,1009.6628659415655
2025-01-11 02:00:00,SubtleStation,20.091268611271666,62.340474346605404,1009.5858943657659,0,20.091268611271666,62.340474346605404,1009.5858943657659
2025-01-11 03:00:00,SubtleStation,19.86022939337665,61.9405298713113,1010.2056022491664,0,19.86022939337665,61.9405298713113,1010.2056022491664
2025-01-11 04:00:00,SubtleStation,20.158061146384124,64.46932773323869,1010.0211938040571,0,20.158061146384124,64.46932773323869,1010.0211938040571
2025-01-11 05:00:00,SubtleStation,20.024861992153266,65.18073188472187,1011.3157722145835,0,20.024861992153266,65.18073188472187,1011.3157722145835
2025-01-11 06:00:00,SubtleStation,20.23448365292883,64.85037925236506,1009.4576578915642,0,20.23448365292883,64.85037925236506,1009.4576578915642
2025-01-11 07:00:00,SubtleStation,19.699577378007557,62.46393152939676,1008.9692230613126,0,19.699577378007557,62.46393152939676,1008.9692230613126
2025-01-11 08:00:00,SubtleStation,19.86069152654967,64.27978574922275,1010.6997850580527,0,19.86069152654967,64.27978574922275,1010.6997850580527
2025-01-11 09:00:00,SubtleStation,20.25198181252025,64.40248334478427,1010.4201229413843,0,20.25198181252025,64.40248334478427,1010.4201229413843
2025-01-11 10:00:00,SubtleStation,20.579385136384772,66.25779253263089,1009.7938095019051,0,20.579385136384772,66.25779253263089,1009.7938095019051
2025-01-11 11:00:00,SubtleStation,20.403236271331266,67.54691716439156,1009.7341727992725,0,20.403236271331266,67.54691716439156,1009.7341727992725
2025-01-11 12:00:00,SubtleStation,20.131065446791332,66.46604968447744,1009.609938966309,0,20.131065446791332,66.46604968447744,1009.609938966309
2025-01-11 13:00:00,SubtleStation,19.96236993423399,66.67729455956729,1010.3911882917596,0,19.96236993423399,66.67729455956729,1010.3911882917596
2025-01-11 14:00:00,SubtleStation,20.484422822448412,65.72755830269115,1011.1791861495617,0,20.484422822448412,65.72755830269115,1011.1791861495617
2025-01-11 15:00:00,SubtleStation,20.35674042472783,66.24774552058517,1009.98387836798,0,20.35674042472783,66.24774552058517,1009.98387836798
2025-01-11 16:00:00,SubtleStation,20.52982093962921,67.951504378276,1009.3033181361169,0,20.52982093962921,67.951504378276,1009.3033181361169
2025-01-11 17:00:00,SubtleStation,20.475398868493713,69.74518923033816,1009.645565163346,0,20.475398868493713,69.74518923033816,1009.645565163346
2025-01-11 18:00:00,SubtleStation,20.50074646858814,68.18225490220645,1009.3565738622145,0,20.50074646858814,68.18225490220645,1009.3565738622145
2025-01-11 19:00:00,SubtleStation,21.130824466030813,68.45253178599062,1009.8129985704994,0,21.130824466030813,68.45253178599062,1009.8129985704994
2025-01-11 20:00:00,SubtleStation,20.58393989261325,68.29717110651727,1009.3797184835192,0,20.58393989261325,68.29717110651727,1009.3797184835192
2025-01-11 21:00:00,SubtleStation,20.601149932262615,68.46689268321683,1010.113912491813,0,20.601149932262615,68.46689268321683,1010.113912491813
2025-01-11 22:00:00,SubtleStation,20.658289769391047,71.0426072449305,1010.5928379075915,0,20.658289769391047,71.0426072449305,1010.5928379075915
2025-01-11 23:00:00,SubtleStation,20.61718029307077,70.17791185749157,1009.7836488899611,0,20.61718029307077,70.17791185749157,1009.7836488899611
2025-01-12 00:00:00,SubtleStation,20.98492941809779,71.59140078486986,1009.6383440192118,0,20.98492941809779,71.59140078486986,1009.6383440192118
2025-01-12 01:00:00,SubtleStation,20.77085303208421,69.26394227730863,1010.3064218760718,0,20.77085303208421,69.26394227730863,1010.3064218760718
2025-01-12 02:00:00,SubtleStation,21.025157468149725,71.07691954767114,1009.5400057130962,0,21.025157468149725,71.07691954767114,1009.5400057130962
2025-01-12 03:00:00,SubtleStation,21.012895975378168,73.26566924507998,1009.4364420438327,0,21.012895975378168,73.26566924507998,1009.4364420438327
2025-01-12 04:00:00,SubtleStation,21.25939718736416,70.92074754573997,1009.7825184048315,0,21.25939718736416,70.92074754573997,1009.7825184048315
2025-01-12 05:00:00,SubtleStation,21.160854924379745,71.3742613611918,1010.0541355831161,0,21.160854924379745,71.3742613611918,1010.0541355831161
2025-01-12 06:00:00,SubtleStation,20.896930886782023,72.58373250938693,1010.2118100821452,0,20.896930886782023,72.58373250938693,1010.2118100821452
2025-01-12 07:00:00,SubtleStation,20.938643847148743,73.00821014013951,1010.3746403781632,0,20.938643847148743,73.00821014013951,1010.3746403781632
2025-01-12 08:00:00,SubtleStation,21.55146777489891,73.60619397427952,1010.3156685477359,0,21.55146777489891,73.60619397427952,1010.3156685477359
2025-01-12 09:00:00,SubtleStation,21.21539695621321,73.49488228528074,1010.7517143803709,0,21.21539695621321,73.49488228528074,1010.7517143803709
2025-01-12 10:00:00,SubtleStation,21.141829453801005,73.9618377657036,1010.651987799355,0,21.141829453801005,73.9618377657036,1010.651987799355
2025-01-12 11:00:00,SubtleStation,21.34227524995211,74.19686551329097,1010.394809362253,0,21.34227524995211,74.19686551329097,1010.394809362253
2025-01-12 12:00:00,SubtleStation,21.800783064855167,73.54961208284196,1010.7312400394616,0,21.800783064855167,73.54961208284196,1010.7312400394616
2025-01-12 13:00:00,SubtleStation,21.336855808448068,74.29608682530132,1008.6590740014785,0,21.336855808448068,74.29608682530132,1008.6590740014785
2025-01-12 14:00:00,SubtleStation,21.521991904627107,73.66723827209367,1009.9167252830388,0,21.521991904627107,73.66723827209367,1009.9167252830388
2025-01-12 15:00:00,SubtleStation,21.637644349197476,75.4572287163768,1010.0082350277057,0,21.637644349197476,75.4572287163768,1010.0082350277057
2025-01-12 16:00:00,SubtleStation,21.59777485320647,74.63938180785219,1009.8855835222937,0,21.59777485320647,74.63938180785219,1009.8855835222937
2025-01-12 17:00:00,SubtleStation,21.689415594421654,76.31356858357982,1009.9356903491639,0,21.689415594421654,76.31356858357982,1009.9356903491639
2025-01-12 18:00:00,SubtleStation,21.702157639796717,76.54081669880833,1010.0544715161782,0,21.702157639796717,76.54081669880833,1010.0544715161782
2025-01-12 19:00:00,SubtleStation,21.994238052518345,74.14906819834286,1010.440499094408,0,21.994238052518345,74.14906819834286,1010.440499094408
2025-01-12 20:00:00,SubtleStation,22.09735590630609,77.31818065764065,1010.415616552491,0,22.09735590630609,77.31818065764065,1010.415616552491
2025-01-12 21:00:00,SubtleStation,22.11482525966951,77.38652593581372,1010.4750025565596,0,22.11482525966951,77.38652593581372,1010.4750025565596
2025-01-12 22:00:00,SubtleStation,22.004688410657476,77.03108263318724,1010.7596490777868,0,22.004688410657476,77.03108263318724,1010.7596490777868
2025-01-12 23:00:00,SubtleStation,22.671256475475527,74.94014321004474,1010.5632227576406,0,22.671256475475527,74.94014321004474,1010.5632227576406
2025-01-13 00:00:00,SubtleStation,22.240966970619123,75.46098899569965,1009.6334044905203,0,22.240966970619123,75.46098899569965,1009.6334044905203
2025-01-13 01:00:00,SubtleStation,22.649580581878183,78.32710024671347,1009.6974139997792,0,22.649580581878183,78.32710024671347,1009.6974139997792
2025-01-13 02:00:00,SubtleStation,22.46717438730821,77.20705506756003,1009.5877234855657,0,22.46717438730821,77.20705506756003,1009.5877234855657
2025-01-13 03:00:00,SubtleStation,22.90487243469785,78.1944714721575,1009.8358942031558,0,22.90487243469785,78.1944714721575,1009.8358942031558
2025-01-13 04:00:00,SubtleStation,23.052348731148964,75.24984875642126,1010.5749112816102,0,23.052348731148964,75.24984875642126,1010.5749112816102
2025-01-13 05:00:00,SubtleStation,22.776488582425454,78.72333542055881,1009.7211526745288,0,22.776488582425454,78.72333542055881,1009.7211526745288
2025-01-13 06:00:00,SubtleStation,22.65891668937563,77.66899892572191,1010.265603183445,0,22.65891668937563,77.66899892572191,1010.265603183445
2025-01-13 07:00:00,SubtleStation,23.275248657776206,77.79121819765368,1009.4727637693937,0,23.275248657776206,77.79121819765368,1009.4727637693937
2025-01-13 08:00:00,SubtleStation,23.604428498889888,79.67906806539106,1009.883227380604,0,23.604428498889888,79.67906806539106,1009.883227380604
2025-01-13 09:00:00,SubtleStation,23.406293045542448,78.47896339095361,1009.9753466479833,0,23.406293045542448,78.47896339095361,1009.9753466479833
2025-01-13 10:00:00,SubtleStation,23.44981975422198,79.32649170912806,1010.9237857538387,0,23.44981975422198,79.32649170912806,1010.9237857538387
2025-01-13 11:00:00,SubtleStation,23.67685287199062,78.23980346636608,1008.9370974044772,0,23.67685287199062,78.23980346636608,1008.9370974044772
2025-01-13 12:00:00,SubtleStation,23.761696657274186,81.15598313101844,1010.3070418986903,0,23.761696657274186,81.15598313101844,1010.3070418986903
2025-01-13 13:00:00,SubtleStation,23.53922958916518,78.5062186395569,1010.6584356915199,0,23.53922958916518,78.5062186395569,1010.6584356915199
2025-01-13 14:00:00,SubtleStation,23.670056940656202,80.20678131353452,1009.5453065264568,0,23.670056940656202,80.20678131353452,1009.5453065264568
2025-01-13 15:00:00,SubtleStation,24.021451180571898,78.98094362042607,1009.6024667915434,0,24.021451180571898,78.98094362042607,1009.6024667915434
2025-01-13 16:00:00,SubtleStation,23.968203539729707,79.74169258437091,1009.412430777362,0,23.968203539729707,79.74169258437091,1009.412430777362
2025-01-13 17:00:00,SubtleStation,24.35850841172322,79.46888828801912,1010.6421576530477,0,24.35850841172322,79.46888828801912,1010.6421576530477
2025-01-13 18:00:00,SubtleStation,24.052862004272292,79.478531790222,1009.7198196819785,0,24.052862004272292,79.478531790222,1009.7198196819785
2025-01-13 19:00:00,SubtleStation,24.442718184328918,79.48688944027955,1010.7643293304598,0,24.442718184328918,79.48688944027955,1010.7643293304598
2025-01-13 20:00:00,SubtleStation,24.46027262978496,78.94363517848701,1010.5853436279685,0,24.46027262978496,78.94363517848701,1010.5853436279685
2025-01-13 21:00:00,SubtleStation,24.465849744545224,80.28406735196329,1010.2982771426394,0,24.465849744545224,80.28406735196329,1010.2982771426394
2025-01-13 22:00:00,SubtleStation,24.82591525517949,80.1557455472284,1010.0115347822313,0,24.82591525517949,80.1557455472284,1010.0115347822313
2025-01-13 23:00:00,SubtleStation,24.826507017712313,79.89726465858293,1009.6187439986049,0,24.826507017712313,79.89726465858293,1009.6187439986049
2025-01-14 00:00:00,SubtleStation,24.589382739110224,81.29952687234154,1010.3234097216036,0,24.589382739110224,81.29952687234154,1010.3234097216036
2025-01-14 01:00:00,SubtleStation,25.01838724480321,80.82440762498628,1009.7868917450572,0,25.01838724480321,80.82440762498628,1009.7868917450572
2025-01-14 02:00:00,SubtleStation,25.265352852634255,79.29654651176642,1010.5209733021442,0,25.265352852634255,79.29654651176642,1010.5209733021442
2025-01-14 03:00:00,SubtleStation,25.064280865679127,80.12067372748513,1009.6336695334842,0,25.064280865679127,80.12067372748513,1009.6336695334842
2025-01-14 04:00:00,SubtleStation,25.14061754936068,81.03662754228036,1009.5020659039607,0,25.14061754936068,81.03662754228036,1009.5020659039607
2025-01-14 05:00:00,SubtleStation,25.156322038457866,79.83866267035468,1010.2528929615963,0,25.156322038457866,79.83866267035468,1010.2528929615963
2025-01-14 06:00:00,SubtleStation,25.387317296232094,79.95457715090993,1009.6001950945396,0,25.387317296232094,79.95457715090993,1009.6001950945396
2025-01-14 07:00:00,SubtleStation,25.62690874350878,79.50167315127547,1009.1567598846617,0,25.62690874350878,79.50167315127547,1009.1567598846617
2025-01-14 08:00:00,SubtleStation,25.425569540034523,79.38328562062102,1009.9139646044464,0,25.425569540034523,79.38328562062102,1009.9139646044464
2025-01-14 09:00:00,SubtleStation,25.419030553751018,80.67805253514652,1010.7509036190152,0,25.419030553751018,80.67805253514652,1010.7509036190152
2025-01-14 10:00:00,SubtleStation,25.71207552784712,79.9702355983279,1010.2693367693506,0,25.71207552784712,79.9702355983279,1010.2693367693506
2025-01-14 11:00:00,SubtleStation,25.609888952763498,80.31591404281605,1010.3458619210535,0,25.609888952763498,80.31591404281605,1010.3458619210535
2025-01-14 12:00:00,SubtleStation,26.088731611668575,79.76962524179409,1009.9761602266401,0,26.088731611668575,79.76962524179409,1009.9761602266401
2025-01-14 13:00:00,SubtleStation,25.9966101647909,79.06139925749058,1009.3983854705258,0,25.9966101647909,79.06139925749058,1009.3983854705258
2025-01-14 14:00:00,SubtleStation,25.828295007283284,78.37819333862707,1011.0921897083068,0,25.828295007283284,78.37819333862707,1011.0921897083068
2025-01-14 15:00:00,SubtleStation,26.206609207479744,78.9930729012744,1010.6237662995784,0,26.206609207479744,78.9930729012744,1010.6237662995784
2025-01-14 16:00:00,SubtleStation,26.334252327975403,79.78874559798426,1009.708907486226,0,26.334252327975403,79.78874559798426,1009.708907486226
2025-01-14 17:00:00,SubtleStation,26.558497750991,79.55648796950801,1010.8283934579256,0,26.558497750991,79.55648796950801,1010.8283934579256
2025-01-14 18:00:00,SubtleStation,26.53490553916159,77.39444624936121,1010.1255053362299,0,26.53490553916159,77.39444624936121,1010.1255053362299
2025-01-14 19:00:00,SubtleStation,27.0324053378925,80.67174744313273,1010.1552473838838,0,27.0324053378925,80.67174744313273,1010.1552473838838
2025-01-14 20:00:00,SubtleStation,26.648937367597863,78.09158495677852,1010.0246576108899,0,26.648937367597863,78.09158495677852,1010.0246576108899
2025-01-14 21:00:00,SubtleStation,26.833515191189942,78.4965314890491,1009.7391030257493,0,26.833515191189942,78.4965314890491,1009.7391030257493
2025-01-14 22:00:00,SubtleStation,26.917990872279073,78.64741217978973,1010.0946288726011,0,26.917990872279073,78.64741217978973,1010.0946288726011
2025-01-14 23:00:00,SubtleStation,26.973849698880585,79.94430209433692,1009.6253036941334,0,26.973849698880585,79.94430209433692,1009.6253036941334
2025-01-15 00:00:00,SubtleStation,27.149850425380084,77.2729268304594,1009.0112267824574,0,27.149850425380084,77.2729268304594,1009.0112267824574
2025-01-15 01:00:00,SubtleStation,27.319752643096017,77.12438157182315,1010.0262688770408,0,27.319752643096017,77.12438157182315,1010.0262688770408
2025-01-15 02:00:00,SubtleStation,27.568782272652047,76.7699879601509,1009.747893877515,0,27.568782272652047,76.7699879601509,1009.747893877515
2025-01-15 03:00:00,SubtleStation,27.07524681220988,77.79298386764637,1010.2108963685606,0,27.07524681220988,77.79298386764637,1010.2108963685606
2025-01-15 04:00:00,SubtleStation,27.374408978965803,77.93473716418282,1009.7848940652249,0,27.374408978965803,77.93473716418282,1009.7848940652249
2025-01-15 05:00:00,SubtleStation,27.473311830363716,77.34550079316503,1009.9427743876588,0,27.473311830363716,77.34550079316503,1009.9427743876588
2025-01-15 06:00:00,SubtleStation,27.835799214184288,78.8122682346073,1011.2836177639651,0,27.835799214184288,78.8122682346073,1011.2836177639651
2025-01-15 07:00:00,SubtleStation,27.661199901606874,76.41038629945238,1010.4343032091647,0,27.661199901606874,76.41038629945238,1010.4343032091647
2025-01-15 08:00:00,SubtleStation,27.436707340435788,76.73936179590244,1010.7697773859572,0,27.436707340435788,76.73936179590244,1010.7697773859572
2025-01-15 09:00:00,SubtleStation,27.915371786990253,74.518613772369,1009.8225327043351,0,27.915371786990253,74.518613772369,1009.8225327043351
2025-01-15 10:00:00,SubtleStation,27.97201152767319,73.68937756615716,1010.0140359079198,0,27.97201152767319,73.68937756615716,1010.0140359079198
2025-01-15 11:00:00,SubtleStation,28.09443143015549,76.34284098257598,1009.6135555768157,0,28.09443143015549,76.34284098257598,1009.6135555768157
2025-01-15 12:00:00,SubtleStation,27.928956442686392,76.09757539486353,1010.3100203481077,0,27.928956442686392,76.09757539486353,1010.3100203481077
2025-01-15 13:00:00,SubtleStation,28.558048601163286,74.16353024960642,1009.6794642855118,0,28.558048601163286,74.16353024960642,1009.6794642855118
2025-01-15 14:00:00,SubtleStation,28.225436186044725,74.99515691694019,1010.6664833093303,0,28.225436186044725,74.99515691694019,1010.6664833093303
2025-01-15 15:00:00,SubtleStation,28.327198683014046,75.39680073914472,1011.2440482350884,0,28.327198683014046,75.39680073914472,1011.2440482350884
2025-01-15 16:00:00,SubtleStation,28.258159815801285,74.21123469189968,1009.7515739914863,0,28.258159815801285,74.21123469189968,1009.7515739914863
2025-01-15 17:00:00,SubtleStation,28.323888835033923,73.42347507573741,1010.0562252881065,0,28.323888835033923,73.42347507573741,1010.0562252881065
2025-01-15 18:00:00,SubtleStation,28.336064999265748,73.88633455346407,1009.9407525922982,0,28.336064999265748,73.88633455346407,1009.9407525922982
2025-01-15 19:00:00,SubtleStation,28.571040606018606,75.66404144974543,1010.5077127899139,0,28.571040606018606,75.66404144974543,1010.5077127899139
2025-01-15 20:00:00,SubtleStation,28.52581637724562,74.18464717619486,1010.0572370239643,0,28.52581637724562,74.18464717619486,1010.0572370239643
2025-01-15 21:00:00,SubtleStation,29.194768703417825,72.63604313487292,1010.9979677136462,0,29.194768703417825,72.63604313487292,1010.9979677136462
2025-01-15 22:00:00,SubtleStation,28.47040530412553,73.66507020450916,1010.0836729329108,0,28.47040530412553,73.66507020450916,1010.0836729329108
2025-01-15 23:00:00,SubtleStation,28.685526409551642,72.73001403143577,1009.3410551424666,0,28.685526409551642,72.73001403143577,1009.3410551424666
2025-01-16 00:00:00,SubtleStation,28.89243332168571,72.22075438632918,1010.1303440984692,0,28.89243332168571,72.22075438632918,1010.1303440984692
2025-01-16 01:00:00,SubtleStation,29.167348481888844,72.16093085202387,1009.6978838635667,0,29.167348481888844,72.16093085202387,1009.6978838635667
2025-01-16 02:00:00,SubtleStation,29.008219217188064,71.84069748562236,1009.472895875183,0,29.008219217188064,71.84069748562236,1009.472895875183
2025-01-16 03:00:00,SubtleStation,29.28284665085967,69.85524819139782,1010.0675745503867,0,29.28284665085967,69.85524819139782,1010.0675745503867
2025-01-16 04:00:00,SubtleStation,29.005316903128907,71.09483640741546,1010.283541385638,0,29.005316903128907,71.09483640741546,1010.283541385638
2025-01-16 05:00:00,SubtleStation,29.267877928871012,70.14782553477636,1010.1278389122881,0,29.267877928871012,70.14782553477636,1010.1278389122881
2025-01-16 06:00:00,SubtleStation,29.656466908342594,70.10604163102442,1009.3133817278676,0,29.656466908342594,70.10604163102442,1009.3133817278676
2025-01-16 07:00:00,SubtleStation,29.164025105220958,68.87686598642074,1009.7050168468584,0,29.164025105220958,68.87686598642074,1009.7050168468584
2025-01-16 08:00:00,SubtleStation,29.48965914409227,69.8464413496671,1010.1976596253006,0,29.48965914409227,69.8464413496671,1010.1976596253006
2025-01-16 09:00:00,SubtleStation,29.49353979273729,69.30300259568362,1009.7642646220513,0,29.49353979273729,69.30300259568362,1009.7642646220513
2025-01-16 10:00:00,SubtleStation,29.046474456785294,68.71552819634012,1010.816634640676,0,29.046474456785294,68.71552819634012,1010.816634640676
2025-01-16 11:00:00,SubtleStation,29.42181513751271,68.64939842051727,1010.1894353778271,0,29.42181513751271,68.64939842051727,1010.1894353778271
2025-01-16 12:00:00,SubtleStation,29.80685091101362,68.37312868350432,1009.0896001133127,0,29.80685091101362,68.37312868350432,1009.0896001133127
2025-01-16 13:00:00,SubtleStation,29.64681442738675,68.57243168869451,1010.0082823375287,0,29.64681442738675,68.57243168869451,1010.0082823375287
2025-01-16 14:00:00,SubtleStation,29.414674865947,65.83619856022993,1009.6541532952302,0,29.414674865947,65.83619856022993,1009.6541532952302
2025-01-16 15:00:00,SubtleStation,29.830750344062064,68.58163672379897,1010.0474786984449,0,29.830750344062064,68.58163672379897,1010.0474786984449
2025-01-16 16:00:00,SubtleStation,29.630358804989687,66.59464649062758,1010.4192171369976,0,29.630358804989687,66.59464649062758,1010.4192171369976
2025-01-16 17:00:00,SubtleStation,29.829890877533842,65.7667065984056,1009.0561188444838,0,29.829890877533842,65.7667065984056,1009.0561188444838
2025-01-16 18:00:00,SubtleStation,29.863058242376532,66.65980987115373,1009.4414087680658,0,29.863058242376532,66.65980987115373,1009.4414087680658
2025-01-16 19:00:00,SubtleStation,29.59181281477158,65.32262425711215,1009.795421188052,0,29.59181281477158,65.32262425711215,1009.795421188052
2025-01-16 20:00:00,SubtleStation,29.99946833022362,66.6570913625282,1010.2521626543986,0,29.99946833022362,66.6570913625282,1010.2521626543986
2025-01-16 21:00:00,SubtleStation,29.66401443994777,64.81424937841275,1010.7146889300373,0,29.66401443994777,64.81424937841275,1010.7146889300373
2025-01-16 22:00:00,SubtleStation,29.626425583572846,65.19600506238811,1010.6160556419597,0,29.626425583572846,65.19600506238811,1010.6160556419597
2025-01-16 23:00:00,SubtleStation,29.731127765811557,63.864089086591534,1009.3361697256669,0,29.731127765811557,63.864089086591534,1009.3361697256669
2025-01-17 00:00:00,SubtleStation,29.85662256569358,63.09859333841474,1010.2294123196024,0,29.85662256569358,63.09859333841474,1010.2294123196024
2025-01-17 01:00:00,SubtleStation,29.963897153994317,63.73366235363004,1010.1682360083229,0,29.963897153994317,63.73366235363004,1010.1682360083229
2025-01-17 02:00:00,SubtleStation,29.80169819484783,64.1421703853148,1009.9199022557275,0,29.80169819484783,64.1421703853148,1009.9199022557275
2025-01-17 03:00:00,SubtleStation,30.117394009343588,63.4615194240037,1010.3141563771334,0,30.117394009343588,63.4615194240037,1010.3141563771334
2025-01-17 04:00:00,SubtleStation,30.02895008826729,62.502779787551205,1009.6453376856496,0,30.02895008826729,62.502779787551205,1009.6453376856496
2025-01-17 05:00:00,SubtleStation,29.847932519741036,62.29657906870684,1009.8423397831586,0,29.847932519741036,62.29657906870684,1009.8423397831586
2025-01-17 06:00:00,SubtleStation,30.170930169121615,62.07692675947704,1010.6401655918794,0,30.170930169121615,62.07692675947704,1010.6401655918794
2025-01-17 07:00:00,SubtleStation,30.229586694824903,61.68263332670089,1010.3136916806277,0,30.229586694824903,61.68263332670089,1010.3136916806277
2025-01-17 08:00:00,SubtleStation,29.97987783928181,61.37605684727565,1008.7180915370827,0,29.97987783928181,61.37605684727565,1008.7180915370827
2025-01-17 09:00:00,SubtleStation,29.956859345623172,57.883913761592574,1010.03610198536,0,29.956859345623172,57.883913761592574,1010.03610198536
2025-01-17 10:00:00,SubtleStation,29.64334218405527,58.76823010700941,1009.4852295833984,0,29.64334218405527,58.76823010700941,1009.4852295833984
2025-01-17 11:00:00,SubtleStation,29.91283446449529,59.83572119670517,1010.836123175394,0,29.91283446449529,59.83572119670517,1010.836123175394
2025-01-17 12:00:00,SubtleStation,29.930277701244226,59.38177641467835,1010.4874754021386,0,29.930277701244226,59.38177641467835,1010.4874754021386
2025-01-17 13:00:00,SubtleStation,30.02990082253002,56.255028132761865,1009.864706125687,0,30.02990082253002,56.255028132761865,1009.864706125687
2025-01-17 14:00:00,SubtleStation,29.937392491388476,57.59736610752587,1010.4987235992528,0,29.937392491388476,57.59736610752587,1010.4987235992528
2025-01-17 15:00:00,SubtleStation,30.008146841590158,55.86175187657816,1009.7109133907499,0,30.008146841590158,55.86175187657816,1009.7109133907499
2025-01-17 16:00:00,SubtleStation,30.252438723932585,55.781902926776084,1010.4599745537275,0,30.252438723932585,55.781902926776084,1010.4599745537275
2025-01-17 17:00:00,SubtleStation,29.82393808464515,56.71773139620457,1010.1632244918762,0,29.82393808464515,56.71773139620457,1010.1632244918762
2025-01-17 18:00:00,SubtleStation,29.814053994557007,55.63440542070752,1010.3720794553722,0,29.814053994557007,55.63440542070752,1010.3720794553722
2025-01-17 19:00:00,SubtleStation,29.630777314880117,55.38698268173978,1009.2585613359598,0,29.630777314880117,55.38698268173978,1009.2585613359598
2025-01-17 20:00:00,SubtleStation,29.86928244914526,55.05262709808595,1010.1659376899986,0,29.86928244914526,55.05262709808595,1010.1659376899986
2025-01-17 21:00:00,SubtleStation,30.04283218332522,55.34170319678292,1009.6042505805194,0,30.04283218332522,55.34170319678292,1009.6042505805194
2025-01-17 22:00:00,SubtleStation,29.47177086235174,55.53253406376541,1009.7696861753285,0,29.47177086235174,55.53253406376541,1009.7696861753285
2025-01-17 23:00:00,SubtleStation,29.661399382767,53.37686223561997,1009.8460774098849,0,29.661399382767,53.37686223561997,1009.8460774098849
2025-01-18 00:00:00,SubtleStation,29.772426188958256,53.76960476261757,1009.8568237992198,0,29.772426188958256,53.76960476261757,1009.8568237992198
2025-01-18 01:00:00,SubtleStation,29.9040191831332,53.85669168008068,1009.7673798634951,0,29.9040191831332,53.85669168008068,1009.7673798634951
2025-01-18 02:00:00,SubtleStation,29.777438878264547,52.88632790895475,1010.0329288781496,0,29.777438878264547,52.88632790895475,1010.0329288781496
2025-01-18 03:00:00,SubtleStation,29.730942744557733,53.546670397357296,1010.1138145851044,0,29.730942744557733,53.546670397357296,1010.1138145851044
2025-01-18 04:00:00,SubtleStation,29.584105625681964,52.480372129211105,1009.6084086328318,0,29.584105625681964,52.480372129211105,1009.6084086328318
2025-01-18 05:00:00,SubtleStation,29.686608931872566,53.26841101073104,1009.8235974401906,0,29.686608931872566,53.26841101073104,1009.8235974401906
2025-01-18 06:00:00,SubtleStation,29.752523987729454,50.637758687479455,1010.0811496941108,0,29.752523987729454,50.637758687479455,1010.0811496941108
2025-01-18 07:00:00,SubtleStation,29.165473453527817,53.83502199451085,1010.6779275824725,0,29.165473453527817,53.83502199451085,1010.6779275824725
2025-01-18 08:00:00,SubtleStation,29.608783916860403,50.37881739194071,1009.7567938892521,0,29.608783916860403,50.37881739194071,1009.7567938892521
2025-01-18 09:00:00,SubtleStation,29.397344017889026,52.02996520684295,1010.5703721018,0,29.397344017889026,52.02996520684295,1010.5703721018
2025-01-18 10:00:00,SubtleStation,29.263349862190363,51.41781647091343,1009.4436929803753,0,29.263349862190363,51.41781647091343,1009.4436929803753
2025-01-18 11:00:00,SubtleStation,28.8312357537727,51.616718204718225,1009.5997486003391,0,28.8312357537727,51.616718204718225,1009.5997486003391
2025-01-18 12:00:00,SubtleStation,28.992555348028418,50.3814549114034,1010.1706462861969,0,28.992555348028418,50.3814549114034,1010.1706462861969
2025-01-18 13:00:00,SubtleStation,29.55530403654909,48.54576584820495,1010.2744356816206,0,29.55530403654909,48.54576584820495,1010.2744356816206
2025-01-18 14:00:00,SubtleStation,29.023362261592357,45.94985633698716,1009.5317548494604,0,29.023362261592357,45.94985633698716,1009.5317548494604
2025-01-18 15:00:00,SubtleStation,28.88783290458597,47.83693689429019,1009.4456845159308,0,28.88783290458597,47.83693689429019,1009.4456845159308
2025-01-18 16:00:00,SubtleStation,28.955573641506472,49.333520355825115,1010.9603003955755,0,28.955573641506472,49.333520355825115,1010.9603003955755
2025-01-18 17:00:00,SubtleStation,28.838282225037847,48.16845017647796,1010.081664337143,0,28.838282225037847,48.16845017647796,1010.081664337143
2025-01-18 18:00:00,SubtleStation,28.951040722984658,46.590397554221276,1009.6065747731174,0,28.951040722984658,46.590397554221276,1009.6065747731174
2025-01-18 19:00:00,SubtleStation,29.16685001557749,46.08806636687987,1010.2751037728275,0,29.16685001557749,46.08806636687987,1010.2751037728275
2025-01-18 20:00:00,SubtleStation,28.681872424327988,45.83236503551263,1010.6826766051076,0,28.681872424327988,45.83236503551263,1010.6826766051076
2025-01-18 21:00:00,SubtleStation,28.764273723575375,46.21883514823334,1010.6188909776818,0,28.764273723575375,46.21883514823334,1010.6188909776818
2025-01-18 22:00:00,SubtleStation,28.43669447019042,46.248643588113964,1009.3344837167446,0,28.43669447019042,46.248643588113964,1009.3344837167446
2025-01-18 23:00:00,SubtleStation,28.90143437725551,47.64027069130019,1009.6584516233671,0,28.90143437725551,47.64027069130019,1009.6584516233671
2025-01-19 00:00:00,SubtleStation,28.565029479483435,46.11051824643364,1009.6091702117736,0,28.565029479483435,46.11051824643364,1009.6091702117736
2025-01-19 01:00:00,SubtleStation,28.239265262754447,44.95499527384114,1010.1437573439114,0,28.239265262754447,44.95499527384114,1010.1437573439114
2025-01-19 02:00:00,SubtleStation,28.56351586926124,45.64992567093185,1009.9780296383254,0,28.56351586926124,45.64992567093185,1009.9780296383254
2025-01-19 03:00:00,SubtleStation,28.548324134672892,44.207830066702215,1009.4111641283093,0,28.548324134672892,44.207830066702215,1009.4111641283093
2025-01-19 04:00:00,SubtleStation,28.264966041372613,46.2434430612211,1009.6599730833277,0,28.264966041372613,46.2434430612211,1009.6599730833277
2025-01-19 05:00:00,SubtleStation,27.82784999476325,42.98168449478222,1009.6880530885536,0,27.82784999476325,42.98168449478222,1009.6880530885536
2025-01-19 06:00:00,SubtleStation,28.434555015841003,44.8259985501839,1009.3128832602188,0,28.434555015841003,44.8259985501839,1009.3128832602188
2025-01-19 07:00:00,SubtleStation,28.06010616214281,42.64437302561076,1010.6380518908378,0,28.06010616214281,42.64437302561076,1010.6380518908378
2025-01-19 08:00:00,SubtleStation,28.151533249875257,43.335910845094716,1009.9066135277534,0,28.151533249875257,43.335910845094716,1009.9066135277534
2025-01-19 09:00:00,SubtleStation,27.72545707680783,44.17169405708452,1009.7878577189391,0,27.72545707680783,44.17169405708452,1009.7878577189391
2025-01-19 10:00:00,SubtleStation,27.672969590026014,43.74875007512816,1010.6952584025381,0,27.672969590026014,43.74875007512816,1010.6952584025381
2025-01-19 11:00:00,SubtleStation,27.69074217239067,42.87465783045874,1009.3067543409422,0,27.69074217239067,42.87465783045874,1009.3067543409422
2025-01-19 12:00:00,SubtleStation,27.806221209576925,42.97464971359004,1010.274572075212,0,27.806221209576925,42.97464971359004,1010.274572075212
2025-01-19 13:00:00,SubtleStation,27.525994407674528,41.12273145469091,1010.733943603582,0,27.525994407674528,41.12273145469091,1010.733943603582
2025-01-19 14:00:00,SubtleStation,27.15888584266638,40.970776264396676,1010.3719318098213,0,27.15888584266638,40.970776264396676,1010.3719318098213
2025-01-19 15:00:00,SubtleStation,27.374542193025594,42.83327663533511,1011.0915027099021,0,27.374542193025594,42.83327663533511,1011.0915027099021
2025-01-19 16:00:00,SubtleStation,27.559013742657122,43.886583888232245,1009.7581771732542,0,27.559013742657122,43.886583888232245,1009.7581771732542
2025-01-19 17:00:00,SubtleStation,27.15633713996595,42.76267388896958,1009.8298579568653,0,27.15633713996595,42.76267388896958,1009.8298579568653
2025-01-19 18:00:00,SubtleStation,27.07826438318083,42.015545234133285,1010.030087786971,0,27.07826438318083,42.015545234133285,1010.030087786971
2025-01-19 19:00:00,SubtleStation,26.708268668815748,42.60090503510362,1010.1053439308599,0,26.708268668815748,42.60090503510362,1010.1053439308599
2025-01-19 20:00:00,SubtleStation,26.58778514015372,41.59159718305467,1009.598131014361,0,26.58778514015372,41.59159718305467,1009.598131014361
2025-01-19 21:00:00,SubtleStation,26.647702442978737,42.207840803856215,1010.3818350162908,0,26.647702442978737,42.207840803856215,1010.3818350162908
2025-01-19 22:00:00,SubtleStation,26.616084897677172,41.56418471551069,1009.7339136284639,0,26.616084897677172,41.56418471551069,1009.7339136284639
2025-01-19 23:00:00,SubtleStation,26.607675328224985,41.155107882834045,1009.7137311832383,0,26.607675328224985,41.155107882834045,1009.7137311832383
2025-01-20 00:00:00,SubtleStation,26.524894352267818,39.33365437442591,1009.2771705338178,0,26.524894352267818,39.33365437442591,1009.2771705338178
2025-01-20 01:00:00,SubtleStation,26.716327363704405,41.164501872882795,1010.7480095141832,0,26.716327363704405,41.164501872882795,1010.7480095141832
2025-01-20 02:00:00,SubtleStation,26.31136761419454,41.047122903536405,1010.205218019892,0,26.31136761419454,41.047122903536405,1010.205218019892
2025-01-20 03:00:00,SubtleStation,26.4156789144785,41.35628788096722,1009.8374452366758,0,26.4156789144785,41.35628788096722,1009.8374452366758
2025-01-20 04:00:00,SubtleStation,26.097611465953406,40.369730749772984,1009.2831021563077,0,26.097611465953406,40.369730749772984,1009.2831021563077
2025-01-20 05:00:00,SubtleStation,26.29749865818231,40.73870423385805,1010.7310667947175,0,26.29749865818231,40.73870423385805,1010.7310667947175
2025-01-20 06:00:00,SubtleStation,25.535475808071702,39.82677668226809,1009.7863304950348,0,25.535475808071702,39.82677668226809,1009.7863304950348
2025-01-20 07:00:00,SubtleStation,25.691282362892345,41.83575592319652,1009.8338231125051,0,25.691282362892345,41.83575592319652,1009.8338231125051
2025-01-20 08:00:00,SubtleStation,25.908784277418967,39.69456227989261,1010.0209694503521,0,25.908784277418967,39.69456227989261,1010.0209694503521
2025-01-20 09:00:00,SubtleStation,25.578722303536164,39.58193553089076,1010.5523696120786,0,25.578722303536164,39.58193553089076,1010.5523696120786
2025-01-20 10:00:00,SubtleStation,25.699966027147898,40.15379581422418,1010.4714288433892,0,25.699966027147898,40.15379581422418,1010.4714288433892
2025-01-20 11:00:00,SubtleStation,25.49108638551068,38.395935620433555,1009.9106395447773,0,25.49108638551068,38.395935620433555,1009.9106395447773
2025-01-20 12:00:00,SubtleStation,25.503495932170505,39.16247877855259,1010.4554396831888,0,25.503495932170505,39.16247877855259,1010.4554396831888
2025-01-20 13:00:00,SubtleStation,25.337055677180032,38.407278010228126,1010.1591949954707,0,25.337055677180032,38.407278010228126,1010.1591949954707
2025-01-20 14:00:00,SubtleStation,25.24920770617119,41.659692344203854,1009.4127456633884,0,25.24920770617119,41.659692344203854,1009.4127456633884
2025-01-20 15:00:00,SubtleStation,25.31295897671077,40.40969725190455,1009.6355654180347,0,25.31295897671077,40.40969725190455,1009.6355654180347
2025-01-20 16:00:00,SubtleStation,25.11174689361046,39.465518958608534,1009.9561290083877,0,25.11174689361046,39.465518958608534,1009.9561290083877
2025-01-20 17:00:00,SubtleStation,25.013231853601653,39.03779100082542,1009.764767872082,0,25.013231853601653,39.03779100082542,1009.764767872082
2025-01-20 18:00:00,SubtleStation,24.718646925248663,42.11076183118576,1010.0378903912671,0,24.718646925248663,42.11076183118576,1010.0378903912671
2025-01-20 19:00:00,SubtleStation,24.498400009450737,38.44021628549792,1009.9932196136443,0,24.498400009450737,38.44021628549792,1009.9932196136443
2025-01-20 20:00:00,SubtleStation,24.38321906017649,40.10926675837787,1011.5060983529688,0,24.38321906017649,40.10926675837787,1011.5060983529688
2025-01-20 21:00:00,SubtleStation,24.5658750423869,41.46104749684527,1009.8301891333805,0,24.5658750423869,41.46104749684527,1009.8301891333805
2025-01-20 22:00:00,SubtleStation,23.828782866530076,39.560956679830106,1010.4411850658571,0,23.828782866530076,39.560956679830106,1010.4411850658571
2025-01-20 23:00:00,SubtleStation,23.95610170835259,39.2536974276673,1009.6380540804631,0,23.95610170835259,39.2536974276673,1009.6380540804631
2025-01-21 00:00:00,SubtleStation,23.9262620753642,38.99608480014182,1010.1488982845625,0,23.9262620753642,38.99608480014182,1010.1488982845625
2025-01-21 01:00:00,SubtleStation,23.971116567461902,41.22199527696415,1009.4644844895786,0,23.971116567461902,41.22199527696415,1009.4644844895786
2025-01-21 02:00:00,SubtleStation,23.396473153838436,39.75819992872766,1010.3397692940094,0,23.396473153838436,39.75819992872766,1010.3397692940094
2025-01-21 03:00:00,SubtleStation,24.07705599344847,39.60190220577254,1009.7613077891372,0,24.07705599344847,39.60190220577254,1009.7613077891372
2025-01-21 04:00:00,SubtleStation,23.848367799565537,38.90981111150974,1009.7594420751919,0,23.848367799565537,38.90981111150974,1009.7594420751919
2025-01-21 05:00:00,SubtleStation,24.028779104818337,40.104942436485715,1009.9101459203034,0,24.028779104818337,40.104942436485715,1009.9101459203034
2025-01-21 06:00:00,SubtleStation,23.748382847399608,41.67093336015866,1009.586087834546,0,23.748382847399608,41.67093336015866,1009.586087834546
2025-01-21 07:00:00,SubtleStation,23.646678987136184,41.61537495998256,1011.0932400319591,0,23.646678987136184,41.61537495998256,1011.0932400319591
2025-01-21 08:00:00,SubtleStation,23.796025481924357,41.07498556435546,1010.7147530591249,0,23.796025481924357,41.07498556435546,1010.7147530591249
2025-01-21 09:00:00,SubtleStation,23.13764769971365,40.683687558757356,1010.5879013602764,0,23.13764769971365,40.683687558757356,1010.5879013602764
2025-01-21 10:00:00,SubtleStation,22.85779619933785,40.686980653184385,1010.8063857043087,0,22.85779619933785,40.686980653184385,1010.8063857043087
2025-01-21 11:00:00,SubtleStation,23.019401836997638,40.0682791086808,1009.9424632027141,0,23.019401836997638,40.0682791086808,1009.9424632027141
2025-01-21 12:00:00,SubtleStation,22.809034277053172,42.077370972807095,1010.7239751976736,0,22.809034277053172,42.077370972807095,1010.7239751976736
2025-01-21 13:00:00,SubtleStation,22.831633671286887,41.989259452173656,1009.8755910862109,0,22.831633671286887,41.989259452173656,1009.8755910862109
2025-01-21 14:00:00,SubtleStation,22.582776110584295,41.95968763886865,1009.365607619171,0,22.582776110584295,41.95968763886865,1009.365607619171
2025-01-21 15:00:00,SubtleStation,22.817096283109947,42.53464480838218,1008.639370515817,0,22.817096283109947,42.53464480838218,1008.639370515817
2025-01-21 16:00:00,SubtleStation,22.717736129317473,43.19877010808795,1011.3538923721279,0,22.717736129317473,43.19877010808795,1011.3538923721279
2025-01-21 17:00:00,SubtleStation,22.5223286251079,43.20582178199328,1009.8170588028868,0,22.5223286251079,43.20582178199328,1009.8170588028868
2025-01-21 18:00:00,SubtleStation,22.503592305159497,40.83053621751023,1009.7427838751155,0,22.503592305159497,40.83053621751023,1009.7427838751155
2025-01-21 19:00:00,SubtleStation,22.327452585292182,42.68555380570437,1009.2899609002576,0,22.327452585292182,42.68555380570437,1009.2899609002576
2025-01-21 20:00:00,SubtleStation,22.421914233420285,43.541592781352584,1010.749304721665,0,22.421914233420285,43.541592781352584,1010.749304721665
2025-01-21 21:00:00,SubtleStation,22.20217221599408,43.39708123371659,1009.9137469594767,0,22.20217221599408,43.39708123371659,1009.9137469594767
2025-01-21 22:00:00,SubtleStation,22.05301662231795,43.08390614513879,1010.2793591476287,0,22.05301662231795,43.08390614513879,1010.2793591476287
2025-01-21 23:00:00,SubtleStation,22.211042304733226,43.696453312144044,1010.0725941809851,0,22.211042304733226,43.696453312144044,1010.0725941809851
2025-01-22 00:00:00,SubtleStation,22.197499714299873,45.942464665080294,1010.1960078513792,0,22.197499714299873,45.942464665080294,1010.1960078513792
2025-01-22 01:00:00,SubtleStation,22.134258589240495,45.74417302285692,1010.3139526422058,0,22.134258589240495,45.74417302285692,1010.3139526422058
2025-01-22 02:00:00,SubtleStation,21.59139900243471,44.74811707030298,1010.1203542754267,0,21.59139900243471,44.74811707030298,1010.1203542754267
2025-01-22 03:00:00,SubtleStation,21.60653530430105,44.533576726570416,1010.0989296492546,0,21.60653530430105,44.533576726570416,1010.0989296492546
2025-01-22 04:00:00,SubtleStation,21.298411444826613,45.71236682152394,1009.9034031063236,0,21.298411444826613,45.71236682152394,1009.9034031063236
2025-01-22 05:00:00,SubtleStation,21.5176285868519,46.40276854535706,1010.0605991370527,0,21.5176285868519,46.40276854535706,1010.0605991370527
2025-01-22 06:00:00,SubtleStation,21.57657164734718,46.09625638159143,1010.1912651548187,0,21.57657164734718,46.09625638159143,1010.1912651548187
2025-01-22 07:00:00,SubtleStation,21.396195119195202,44.9625400847949,1010.0498824431788,0,21.396195119195202,44.9625400847949,1010.0498824431788
2025-01-22 08:00:00,SubtleStation,21.73976541980832,46.36868375945888,1009.385992690193,0,21.73976541980832,46.36868375945888,1009.385992690193
2025-01-22 09:00:00,SubtleStation,21.204725560521737,46.770987241048715,1010.0720739756566,0,21.204725560521737,46.770987241048715,1010.0720739756566
2025-01-22 10:00:00,SubtleStation,21.001977700772212,45.81504747035052,1010.477751047555,0,21.001977700772212,45.81504747035052,1010.477751047555
2025-01-22 11:00:00,SubtleStation,21.268678112353665,47.36628980988921,1009.6519312152245,0,21.268678112353665,47.36628980988921,1009.6519312152245
2025-01-22 12:00:00,SubtleStation,21.121800469042338,48.14447406663488,1009.4143394753603,0,21.121800469042338,48.14447406663488,1009.4143394753603
2025-01-22 13:00:00,SubtleStation,21.140142502691347,48.39913545711318,1010.5189582595816,0,21.140142502691347,48.39913545711318,1010.5189582595816
2025-01-22 14:00:00,SubtleStation,21.030960346667882,49.49874325678232,1009.8103394622024,0,21.030960346667882,49.49874325678232,1009.8103394622024
2025-01-22 15:00:00,SubtleStation,20.96055719968011,47.14536645502299,1009.3248449626207,0,20.96055719968011,47.14536645502299,1009.3248449626207
2025-01-22 16:00:00,SubtleStation,20.430581436165138,49.0651589514426,1009.7919720080345,0,20.430581436165138,49.0651589514426,1009.7919720080345
2025-01-22 17:00:00,SubtleStation,20.6547141640676,48.6530480159756,1009.8624529635994,0,20.6547141640676,48.6530480159756,1009.8624529635994
2025-01-22 18:00:00,SubtleStation,20.628448384156908,50.34957620886193,1009.9782537059963,0,20.628448384156908,50.34957620886193,1009.9782537059963
2025-01-22 19:00:00,SubtleStation,20.625198916994098,50.84977673565892,1009.5589876506115,0,20.625198916994098,50.84977673565892,1009.5589876506115
2025-01-22 20:00:00,SubtleStation,20.55511458860073,48.83872378962218,1010.3834217619628,0,20.55511458860073,48.83872378962218,1010.3834217619628
2025-01-22 21:00:00,SubtleStation,20.679100522102882,50.16787400771478,1009.8401221449975,0,20.679100522102882,50.16787400771478,1009.8401221449975
2025-01-22 22:00:00,SubtleStation,20.67021915627475,49.90663564547207,1009.6660072722224,0,20.67021915627475,49.90663564547207,1009.6660072722224
2025-01-22 23:00:00,SubtleStation,20.27900098972268,51.141573701433416,1010.256138532341,0,20.27900098972268,51.141573701433416,1010.256138532341
2025-01-23 00:00:00,SubtleStation,20.599775104685396,51.545757868910975,1009.3563044797924,0,20.599775104685396,51.545757868910975,1009.3563044797924
2025-01-23 01:00:00,SubtleStation,20.538468599306924,53.27051467519724,1010.6236264070249,0,20.538468599306924,53.27051467519724,1010.6236264070249
2025-01-23 02:00:00,SubtleStation,20.475201878751825,52.82701703287413,1009.6376960867747,0,20.475201878751825,52.82701703287413,1009.6376960867747
2025-01-23 03:00:00,SubtleStation,20.06104972023561,53.75755928910908,1010.097636376502,0,20.06104972023561,53.75755928910908,1010.097636376502
2025-01-23 04:00:00,SubtleStation,20.39718866171204,54.03662137915076,1010.4270022811878,0,20.39718866171204,54.03662137915076,1010.4270022811878
2025-01-23 05:00:00,SubtleStation,20.291911928672267,52.399370665430155,1010.4799956263823,0,20.291911928672267,52.399370665430155,1010.4799956263823
2025-01-23 06:00:00,SubtleStation,20.435780038900294,53.88477892381114,1009.7742706483087,0,20.435780038900294,53.88477892381114,1009.7742706483087
2025-01-23 07:00:00,SubtleStation,20.57058981818395,55.16657213216685,1010.2521924449757,0,20.57058981818395,55.16657213216685,1010.2521924449757
2025-01-23 08:00:00,SubtleStation,20.503361686292596,55.98739378312079,1010.1091160515409,0,20.503361686292596,55.98739378312079,1010.1091160515409
2025-01-23 09:00:00,SubtleStation,20.182233000699018,55.737393707142374,1009.9786040550284,0,20.182233000699018,55.737393707142374,1009.9786040550284
2025-01-23 10:00:00,SubtleStation,20.135222113408318,53.65950862185846,1010.3572552955831,0,20.135222113408318,53.65950862185846,1010.3572552955831
2025-01-23 11:00:00,SubtleStation,20.23982606886535,56.20922268241987,1010.8573379612827,0,20.23982606886535,56.20922268241987,1010.8573379612827
2025-01-23 12:00:00,SubtleStation,19.870223124004113,56.09134469657013,1009.5080949768329,0,19.870223124004113,56.09134469657013,1009.5080949768329
2025-01-23 13:00:00,SubtleStation,19.784852616389216,57.254943127416276,1009.4759537967149,0,19.784852616389216,57.254943127416276,1009.4759537967149
2025-01-23 14:00:00,SubtleStation,19.96421198314916,56.24163862137843,1010.0946938911599,0,19.96421198314916,56.24163862137843,1010.0946938911599
2025-01-23 15:00:00,SubtleStation,20.28853797880716,57.429012340992514,1010.3826617380794,0,20.28853797880716,57.429012340992514,1010.3826617380794
2025-01-23 16:00:00,SubtleStation,19.965887588243145,57.42164585185825,1010.7952276623987,0,19.965887588243145,57.42164585185825,1010.7952276623987
2025-01-23 17:00:00,SubtleStation,20.322306364407527,59.41162935575485,1010.7849921583633,0,20.322306364407527,59.41162935575485,1010.7849921583633
2025-01-23 18:00:00,SubtleStation,19.455836556225563,59.149223566183906,1010.0326843161317,0,19.455836556225563,59.149223566183906,1010.0326843161317
2025-01-23 19:00:00,SubtleStation,19.689682144975237,58.684180339643895,1010.2749192551029,0,19.689682144975237,58.684180339643895,1010.2749192551029
2025-01-23 20:00:00,SubtleStation,19.97804786435558,58.710506848501026,1010.2286607798865,0,19.97804786435558,58.710506848501026,1010.2286607798865
2025-01-23 21:00:00,SubtleStation,20.17808631865675,59.308393036720055,1009.3386478170268,0,20.17808631865675,59.308393036720055,1009.3386478170268
2025-01-23 22:00:00,SubtleStation,19.986185144597542,61.80983167190383,1011.2785192613451,0,19.986185144597542,61.80983167190383,1011.2785192613451
2025-01-23 23:00:00,SubtleStation,19.98264225899498,60.336295641847386,1009.9174115147622,0,19.98264225899498,60.336295641847386,1009.9174115147622
2025-01-24 00:00:00,SubtleStation,19.981087576531984,62.95912159051541,1010.6458112043957,0,19.981087576531984,62.95912159051541,1010.6458112043957
2025-01-24 01:00:00,SubtleStation,19.658517954766182,61.513178945011575,1010.6728239712847,0,19.658517954766182,61.513178945011575,1010.6728239712847
2025-01-24 02:00:00,SubtleStation,20.250369195489583,60.57838321909052,1010.0155298784683,0,20.250369195489583,60.57838321909052,1010.0155298784683
2025-01-24 03:00:00,SubtleStation,19.89185362419054,63.25993969517183,1010.1179140465428,0,19.89185362419054,63.25993969517183,1010.1179140465428
2025-01-24 04:00:00,SubtleStation,20.257953613883604,60.47448455988001,1009.2816269224232,0,20.257953613883604,60.47448455988001,1009.2816269224232
2025-01-24 05:00:00,SubtleStation,20.039567621943824,63.02775122534004,1011.1252649733485,0,20.039567621943824,63.02775122534004,1011.1252649733485
2025-01-24 06:00:00,SubtleStation,20.282908862822453,65.65090950711615,1009.7927940277865,0,20.282908862822453,65.65090950711615,1009.7927940277865
2025-01-24 07:00:00,SubtleStation,20.15550587401608,65.40019124076822,1010.6813735309535,0,20.15550587401608,65.40019124076822,1010.6813735309535
2025-01-24 08:00:00,SubtleStation,20.085062851240764,65.52995572208818,1009.2309838009867,0,20.085062851240764,65.52995572208818,1009.2309838009867
2025-01-24 09:00:00,SubtleStation,20.17315170911019,65.45538345195916,1009.9667478167316,0,20.17315170911019,65.45538345195916,1009.9667478167316
2025-01-24 10:00:00,SubtleStation,19.856755043223842,66.09171237289961,1010.081753282242,0,19.856755043223842,66.09171237289961,1010.081753282242
2025-01-24 11:00:00,SubtleStation,20.177947786921223,64.4405861786228,1009.0749057587539,0,20.177947786921223,64.4405861786228,1009.0749057587539
2025-01-24 12:00:00,SubtleStation,20.54727135317385,66.46139675353459,1009.5530511128479,0,20.54727135317385,66.46139675353459,1009.5530511128479
2025-01-24 13:00:00,SubtleStation,20.494942447082067,66.42102580901478,1008.8168753622218,0,20.494942447082067,66.42102580901478,1008.8168753622218
2025-01-24 14:00:00,SubtleStation,20.067446841078187,67.7891174692263,1009.9614127849715,0,20.067446841078187,67.7891174692263,1009.9614127849715
2025-01-24 15:00:00,SubtleStation,20.39863146532059,68.45963470414699,1010.1412835927766,0,20.39863146532059,68.45963470414699,1010.1412835927766
2025-01-24 16:00:00,SubtleStation,20.38201470159697,66.7196824036355,1009.5483880524554,0,20.38201470159697,66.7196824036355,1009.5483880524554
2025-01-24 17:00:00,SubtleStation,20.53264852752925,66.09293288851234,1009.8689905180145,0,20.53264852752925,66.09293288851234,1009.8689905180145
2025-01-24 18:00:00,SubtleStation,20.42668659047606,67.95542798379888,1009.9786681259706,0,20.42668659047606,67.95542798379888,1009.9786681259706
2025-01-24 19:00:00,SubtleStation,20.401637887892843,69.78474565455384,1010.4432558446567,0,20.401637887892843,69.78474565455384,1010.4432558446567
2025-01-24 20:00:00,SubtleStation,20.756768847211394,67.21064571065202,1010.1864929598181,0,20.756768847211394,67.21064571065202,1010.1864929598181
2025-01-24 21:00:00,SubtleStation,20.578030415478885,68.77701324044494,1010.6012182488423,0,20.578030415478885,68.77701324044494,1010.6012182488423
2025-01-24 22:00:00,SubtleStation,20.831739130728934,67.40208351504565,1010.0273482583898,0,20.831739130728934,67.40208351504565,1010.0273482583898
2025-01-24 23:00:00,SubtleStation,20.823187061354915,69.0398057699423,1009.8566817795839,0,20.823187061354915,69.0398057699423,1009.8566817795839
2025-01-25 00:00:00,SubtleStation,20.61282524414555,70.42507134245335,1010.5878573977252,0,20.61282524414555,70.42507134245335,1010.5878573977252
2025-01-25 01:00:00,SubtleStation,20.695465054360408,70.36101458425803,1010.4257056005271,0,20.695465054360408,70.36101458425803,1010.4257056005271
2025-01-25 02:00:00,SubtleStation,21.167683093363827,69.89693588243794,1009.1797793296677,0,21.167683093363827,69.89693588243794,1009.1797793296677
2025-01-25 03:00:00,SubtleStation,20.874552501181387,72.56235208942267,1009.6356131670235,0,20.874552501181387,72.56235208942267,1009.6356131670235
2025-01-25 04:00:00,SubtleStation,20.740735889375014,70.98691001657986,1009.1814010381883,0,20.740735889375014,70.98691001657986,1009.1814010381883
2025-01-25 05:00:00,SubtleStation,20.71030207436709,69.82451284555334,1010.2286067644561,0,20.71030207436709,69.82451284555334,1010.2286067644561
2025-01-25 06:00:00,SubtleStation,21.204606842747094,73.99851339868007,1009.7839436546402,0,21.204606842747094,73.99851339868007,1009.7839436546402
2025-01-25 07:00:00,SubtleStation,21.1029053988859,73.43742589818551,1010.9627497040314,0,21.1029053988859,73.43742589818551,1010.9627497040314
2025-01-25 08:00:00,SubtleStation,20.975066801293316,72.9932819270783,1010.1480147243186,0,20.975066801293316,72.9932819270783,1010.1480147243186
2025-01-25 09:00:00,SubtleStation,21.332587867536258,72.02288194307066,1010.6388669564872,0,21.332587867536258,72.02288194307066,1010.6388669564872
2025-01-25 10:00:00,SubtleStation,21.295327839647015,72.22891449724749,1010.2835295483947,0,21.295327839647015,72.22891449724749,1010.2835295483947
2025-01-25 11:00:00,SubtleStation,20.99848548276795,73.7109879608774,1009.4005624812845,0,20.99848548276795,73.7109879608774,1009.4005624812845
2025-01-25 12:00:00,SubtleStation,21.516988310267852,74.02753371894752,1010.5678259360222,0,21.516988310267852,74.02753371894752,1010.5678259360222
2025-01-25 13:00:00,SubtleStation,21.736000870064668,72.72526226475004,1010.6574235158249,0,21.736000870064668,72.72526226475004,1010.6574235158249
2025-01-25 14:00:00,SubtleStation,22.05285707866032,73.44352780079792,1010.1155841452437,0,22.05285707866032,73.44352780079792,1010.1155841452437
2025-01-25 15:00:00,SubtleStation,21.620776001037367,75.20007384686016,1010.1053114300914,0,21.620776001037367,75.20007384686016,1010.1053114300914
2025-01-25 16:00:00,SubtleStation,21.734588854133296,73.72281896603334,1010.3633622486934,0,21.734588854133296,73.72281896603334,1010.3633622486934
2025-01-25 17:00:00,SubtleStation,22.08496698011099,76.34832994459148,1009.5119744155065,0,22.08496698011099,76.34832994459148,1009.5119744155065
2025-01-25 18:00:00,SubtleStation,21.874275784762986,75.11498016296169,1010.5582150291133,0,21.874275784762986,75.11498016296169,1010.5582150291133
2025-01-25 19:00:00,SubtleStation,21.97374766727806,76.89164027587265,1010.6997028546327,0,21.97374766727806,76.89164027587265,1010.6997028546327
2025-01-25 20:00:00,SubtleStation,21.871936559987127,75.42280019455674,1009.9311955993867,0,21.871936559987127,75.42280019455674,1009.9311955993867
2025-01-25 21:00:00,SubtleStation,21.799767375643587,76.90674968501698,1010.3886076482653,0,21.799767375643587,76.90674968501698,1010.3886076482653
2025-01-25 22:00:00,SubtleStation,22.342931116879292,76.70658220253712,1010.0674220221562,0,22.342931116879292,76.70658220253712,1010.0674220221562
2025-01-25 23:00:00,SubtleStation,21.98856687305224,78.37720754112506,1009.8238127684148,0,21.98856687305224,78.37720754112506,1009.8238127684148
2025-01-26 00:00:00,SubtleStation,22.555402651757603,76.25190692021941,1010.0341816959077,0,22.555402651757603,76.25190692021941,1010.0341816959077
2025-01-26 01:00:00,SubtleStation,22.254698257683213,79.1928294741154,1010.0253511187386,0,22.254698257683213,79.1928294741154,1010.0253511187386
2025-01-26 02:00:00,SubtleStation,22.551473574507067,78.7621703558453,1009.7073583517797,0,22.551473574507067,78.7621703558453,1009.7073583517797
2025-01-26 03:00:00,SubtleStation,22.511068846200548,76.84550767504147,1009.3551394287684,0,22.511068846200548,76.84550767504147,1009.3551394287684
2025-01-26 04:00:00,SubtleStation,22.908505794645333,77.12204021226235,1010.187296196294,0,22.908505794645333,77.12204021226235,1010.187296196294
2025-01-26 05:00:00,SubtleStation,22.822748489072723,78.24784760737701,1010.755135698452,0,22.822748489072723,78.24784760737701,1010.755135698452
2025-01-26 06:00:00,SubtleStation,23.244287037265924,78.82441932885185,1009.4943236408778,0,23.244287037265924,78.82441932885185,1009.4943236408778
2025-01-26 07:00:00,SubtleStation,22.726480516890902,77.25878165061084,1009.8720050382025,0,22.726480516890902,77.25878165061084,1009.8720050382025
2025-01-26 08:00:00,SubtleStation,23.117559770385995,77.16603006185841,1010.6411371764251,0,23.117559770385995,77.16603006185841,1010.6411371764251
2025-01-26 09:00:00,SubtleStation,23.136613005019623,76.80886586137679,1010.0268303601895,0,23.136613005019623,76.80886586137679,1010.0268303601895
2025-01-26 10:00:00,SubtleStation,23.27624023475311,80.21943773891248,1010.581756171305,0,23.27624023475311,80.21943773891248,1010.581756171305
2025-01-26 11:00:00,SubtleStation,23.633254806975703,78.80855114696799,1010.3911609743916,0,23.633254806975703,78.80855114696799,1010.3911609743916
2025-01-26 12:00:00,SubtleStation,23.525627849927794,77.19440966978607,1010.2197251513373,0,23.525627849927794,77.19440966978607,1010.2197251513373
2025-01-26 13:00:00,SubtleStation,23.27418964120234,78.80373081705845,1009.6098809951839,0,23.27418964120234,78.80373081705845,1009.6098809951839
2025-01-26 14:00:00,SubtleStation,23.70612610725927,80.01747855714633,1010.0033732811614,0,23.70612610725927,80.01747855714633,1010.0033732811614
2025-01-26 15:00:00,SubtleStation,23.61258972490661,79.71025693248556,1009.7053272978336,0,23.61258972490661,79.71025693248556,1009.7053272978336
2025-01-26 16:00:00,SubtleStation,23.69785416857427,81.30150643629005,1009.7023907928339,0,23.69785416857427,81.30150643629005,1009.7023907928339
2025-01-26 17:00:00,SubtleStation,24.09899135772235,79.70354510953679,1010.1097844494002,0,24.09899135772235,79.70354510953679,1010.1097844494002
2025-01-26 18:00:00,SubtleStation,23.867090859948902,79.2874704221336,1010.012856129041,0,23.867090859948902,79.2874704221336,1010.012856129041
2025-01-26 19:00:00,SubtleStation,24.009756880463325,79.95457203351803,1009.3846424128616,0,24.009756880463325,79.95457203351803,1009.3846424128616
2025-01-26 20:00:00,SubtleStation,24.190694339238142,81.25720077225935,1011.1647438803684,0,24.190694339238142,81.25720077225935,1011.1647438803684
2025-01-26 21:00:00,SubtleStation,24.4722864446085,80.45236962666155,1009.9371772225335,0,24.4722864446085,80.45236962666155,1009.9371772225335
2025-01-26 22:00:00,SubtleStation,24.49849048820729,79.72068289370834,1009.7389861243893,0,24.49849048820729,79.72068289370834,1009.7389861243893
2025-01-26 23:00:00,SubtleStation,24.434660029253923,78.84045181163266,1009.6000415360837,0,24.434660029253923,78.84045181163266,1009.6000415360837
2025-01-27 00:00:00,SubtleStation,24.52668566135762,79.78085957420502,1010.4991535071342,0,24.52668566135762,79.78085957420502,1010.4991535071342
2025-01-27 01:00:00,SubtleStation,24.44884057811551,78.65302549580124,1010.1044533468335,0,24.44884057811551,78.65302549580124,1010.1044533468335
2025-01-27 02:00:00,SubtleStation,24.628772748844845,80.4004019782786,1011.0122812979698,0,24.628772748844845,80.4004019782786,1011.0122812979698
2025-01-27 03:00:00,SubtleStation,24.749824541800216,80.40450281988926,1010.3911937365934,0,24.749824541800216,80.40450281988926,1010.3911937365934
2025-01-27 04:00:00,SubtleStation,24.950851300213866,79.0086705555565,1008.9598479854039,0,24.950851300213866,79.0086705555565,1008.9598479854039
2025-01-27 05:00:00,SubtleStation,25.478078544630797,79.20227499803026,1010.331735688741,0,25.478078544630797,79.20227499803026,1010.331735688741
2025-01-27 06:00:00,SubtleStation,25.045616196855587,80.81994932126103,1009.120769019514,0,25.045616196855587,80.81994932126103,1009.120769019514
2025-01-27 07:00:00,SubtleStation,25.221456105903282,79.92594883733054,1009.4167019695049,0,25.221456105903282,79.92594883733054,1009.4167019695049
2025-01-27 08:00:00,SubtleStation,24.969941784424417,80.48650214341966,1009.5144128455253,0,24.969941784424417,80.48650214341966,1009.5144128455253
2025-01-27 09:00:00,SubtleStation,25.600183005821588,79.31401836744236,1010.3418478688802,0,25.600183005821588,79.31401836744236,1010.3418478688802
2025-01-27 10:00:00,SubtleStation,25.264034251790942,79.06448919994642,1010.2374883174463,0,25.264034251790942,79.06448919994642,1010.2374883174463
2025-01-27 11:00:00,SubtleStation,25.497429435097512,79.51795172787618,1009.2956841019493,0,25.497429435097512,79.51795172787618,1009.2956841019493
2025-01-27 12:00:00,SubtleStation,25.98616614368173,78.57862310689902,1009.8415399053289,0,25.98616614368173,78.57862310689902,1009.8415399053289
2025-01-27 13:00:00,SubtleStation,25.455353920821185,79.11387172752896,1010.6805736830885,0,25.455353920821185,79.11387172752896,1010.6805736830885
2025-01-27 14:00:00,SubtleStation,25.993813561554084,80.56585971999847,1010.1470595393607,0,25.993813561554084,80.56585971999847,1010.1470595393607
2025-01-27 15:00:00,SubtleStation,26.232715285972272,78.89768257619409,1009.6063480331956,0,26.232715285972272,78.89768257619409,1009.6063480331956
2025-01-27 16:00:00,SubtleStation,26.475088912404306,81.01655582079717,1009.7286448261651,0,26.475088912404306,81.01655582079717,1009.7286448261651
2025-01-27 17:00:00,SubtleStation,26.082983980225382,80.29446534187547,1010.2345114575069,0,26.082983980225382,80.29446534187547,1010.2345114575069
2025-01-27 18:00:00,SubtleStation,26.238693181767033,80.13052217076901,1010.1369866124112,0,26.238693181767033,80.13052217076901,1010.1369866124112
2025-01-27 19:00:00,SubtleStation,26.820335367095616,79.47291950494785,1010.6350328480626,0,26.820335367095616,79.47291950494785,1010.6350328480626
2025-01-27 20:00:00,SubtleStation,26.54980203075075,78.29712530589701,1010.1147826571267,0,26.54980203075075,78.29712530589701,1010.1147826571267
2025-01-27 21:00:00,SubtleStation,26.502305076343518,77.7872386001629,1009.5447570333135,0,26.502305076343518,77.7872386001629,1009.5447570333135
2025-01-27 22:00:00,SubtleStation,26.600144434124065,77.604331734984,1010.526306077616,0,26.600144434124065,77.604331734984,1010.526306077616
2025-01-27 23:00:00,SubtleStation,26.642516362819915,78.80506609979756,1010.3988250261265,0,26.642516362819915,78.80506609979756,1010.3988250261265
2025-01-28 00:00:00,SubtleStation,26.84174413184546,80.85177494679864,1010.9739266052193,0,26.84174413184546,80.85177494679864,1010.9739266052193
2025-01-28 01:00:00,SubtleStation,27.23920145909668,78.767459446644,1010.5324991713223,0,27.23920145909668,78.767459446644,1010.5324991713223
2025-01-28 02:00:00,SubtleStation,27.290180448881205,79.62900277408679,1009.9429375898563,0,27.290180448881205,79.62900277408679,1009.9429375898563
2025-01-28 03:00:00,SubtleStation,26.967997685135824,77.80459125204702,1010.4212150567967,0,26.967997685135824,77.80459125204702,1010.4212150567967
2025-01-28 04:00:00,SubtleStation,27.335112007310265,77.19608611766425,1009.5506959779142,0,27.335112007310265,77.19608611766425,1009.5506959779142
2025-01-28 05:00:00,SubtleStation,27.300188677831926,78.38552655269469,1009.9001170376853,0,27.300188677831926,78.38552655269469,1009.9001170376853
2025-01-28 06:00:00,SubtleStation,27.624581940647378,76.90082821843669,1010.4270290695582,0,27.624581940647378,76.90082821843669,1010.4270290695582
2025-01-28 07:00:00,SubtleStation,27.523307549737062,76.90183446764757,1009.8855146934948,0,27.523307549737062,76.90183446764757,1009.8855146934948
2025-01-28 08:00:00,SubtleStation,27.71434786033373,77.08209418214518,1009.8821684246551,0,27.71434786033373,77.08209418214518,1009.8821684246551
2025-01-28 09:00:00,SubtleStation,27.692728906897997,75.69578661944982,1009.7260910219183,0,27.692728906897997,75.69578661944982,1009.7260910219183
2025-01-28 10:00:00,SubtleStation,27.370349606810443,76.80425842052047,1009.7377216937173,0,27.370349606810443,76.80425842052047,1009.7377216937173
2025-01-28 11:00:00,SubtleStation,27.89936060803189,76.18200751794365,1010.3824384936411,0,27.89936060803189,76.18200751794365,1010.3824384936411
2025-01-28 12:00:00,SubtleStation,27.716647647055392,74.78328977131447,1009.5363934489915,0,27.716647647055392,74.78328977131447,1009.5363934489915
2025-01-28 13:00:00,SubtleStation,28.200270802627543,75.88932529295573,1009.4561352086123,0,28.200270802627543,75.88932529295573,1009.4561352086123
2025-01-28 14:00:00,SubtleStation,27.99350683952311,76.31207720418551,1009.5171609867083,0,27.99350683952311,76.31207720418551,1009.5171609867083
2025-01-28 15:00:00,SubtleStation,28.085844936425467,74.5364232253053,1010.6935644783647,0,28.085844936425467,74.5364232253053,1010.6935644783647
2025-01-28 16:00:00,SubtleStation,28.281158742829597,77.39749775632204,1009.7845736605118,0,28.281158742829597,77.39749775632204,1009.7845736605118
2025-01-28 17:00:00,SubtleStation,28.473276281524857,73.55115987713181,1010.1871120736018,0,28.473276281524857,73.55115987713181,1010.1871120736018
2025-01-28 18:00:00,SubtleStation,28.39720333038059,73.67702270378102,1010.4623881037966,0,28.39720333038059,73.67702270378102,1010.4623881037966
2025-01-28 19:00:00,SubtleStation,28.831650287407918,74.8563133937676,1009.8174925673142,0,28.831650287407918,74.8563133937676,1009.8174925673142
2025-01-28 20:00:00,SubtleStation,28.90363714492525,74.04874123515334,1010.7407575283246,0,28.90363714492525,74.04874123515334,1010.7407575283246
2025-01-28 21:00:00,SubtleStation,28.98619705696,72.73344680756068,1009.7133163309554,0,28.98619705696,72.73344680756068,1009.7133163309554
2025-01-28 22:00:00,SubtleStation,28.664011583718242,74.11484251548498,1010.2023377012152,0,28.664011583718242,74.11484251548498,1010.2023377012152
2025-01-28 23:00:00,SubtleStation,28.480770732981025,71.94253932604884,1010.5808417447068,0,28.480770732981025,71.94253932604884,1010.5808417447068
2025-01-29 00:00:00,SubtleStation,29.085953803525634,73.55622160007539,1011.117249732413,0,29.085953803525634,73.55622160007539,1011.117249732413
2025-01-29 01:00:00,SubtleStation,28.821907381225735,73.71616753107608,1010.3680487267843,0,28.821907381225735,73.71616753107608,1010.3680487267843
2025-01-29 02:00:00,SubtleStation,28.974485394812756,72.82581264256858,1010.2766961750112,0,28.974485394812756,72.82581264256858,1010.2766961750112
2025-01-29 03:00:00,SubtleStation,29.15260452430328,72.04807152374457,1009.6907482989448,0,29.15260452430328,72.04807152374457,1009.6907482989448
2025-01-29 04:00:00,SubtleStation,28.764530227979087,70.87499721112152,1010.4677684312396,0,28.764530227979087,70.87499721112152,1010.4677684312396
2025-01-29 05:00:00,SubtleStation,29.46808398714641,70.26334893152483,1009.9500067176192,0,29.46808398714641,70.26334893152483,1009.9500067176192
2025-01-29 06:00:00,SubtleStation,29.372436938313594,71.62178706263457,1009.9372769209211,0,29.372436938313594,71.62178706263457,1009.9372769209211
2025-01-29 07:00:00,SubtleStation,29.32140392174858,71.29975384285055,1009.5493417871526,0,29.32140392174858,71.29975384285055,1009.5493417871526
2025-01-29 08:00:00,SubtleStation,29.480937084797137,69.60911682817661,1010.0597587622964,0,29.480937084797137,69.60911682817661,1010.0597587622964
2025-01-29 09:00:00,SubtleStation,29.46422663920812,70.04138549526922,1010.1339057038163,0,29.46422663920812,70.04138549526922,1010.1339057038163
2025-01-29 10:00:00,SubtleStation,29.424542378065905,71.53981169280627,1010.062196790315,0,29.424542378065905,71.53981169280627,1010.062196790315
2025-01-29 11:00:00,SubtleStation,29.386201397759585,68.74006115472594,1009.1063987854875,0,29.386201397759585,68.74006115472594,1009.1063987854875
2025-01-29 12:00:00,SubtleStation,29.344727559544413,69.20981439275657,1009.5640112385971,0,29.344727559544413,69.20981439275657,1009.5640112385971
2025-01-29 13:00:00,SubtleStation,29.59300094134078,68.7984121826062,1010.2225435013195,0,29.59300094134078,68.7984121826062,1010.2225435013195
2025-01-29 14:00:00,SubtleStation,29.648985879239554,68.72779959007995,1009.5615227450047,0,29.648985879239554,68.72779959007995,1009.5615227450047
2025-01-29 15:00:00,SubtleStation,29.832740840413376,69.43393441881707,1010.3300923809347,0,29.832740840413376,69.43393441881707,1010.3300923809347
2025-01-29 16:00:00,SubtleStation,29.69374177657679,68.56659932851652,1008.8950420373501,0,29.69374177657679,68.56659932851652,1008.8950420373501
2025-01-29 17:00:00,SubtleStation,29.518616040020092,66.0981191844926,1010.7701366894055,0,29.518616040020092,66.0981191844926,1010.7701366894055
2025-01-29 18:00:00,SubtleStation,29.40777995156932,66.7879956870291,1010.0807364184761,0,29.40777995156932,66.7879956870291,1010.0807364184761
2025-01-29 19:00:00,SubtleStation,29.729394363022937,63.99239268252751,1010.5537085190194,0,29.729394363022937,63.99239268252751,1010.5537085190194
2025-01-29 20:00:00,SubtleStation,29.779392734180384,65.44568778893309,1010.6842655002916,0,29.779392734180384,65.44568778893309,1010.6842655002916
2025-01-29 21:00:00,SubtleStation,29.793329051326573,63.504311835915686,1010.3187622577193,0,29.793329051326573,63.504311835915686,1010.3187622577193
2025-01-29 22:00:00,SubtleStation,29.532981861754482,63.67108186972658,1008.527115050394,0,29.532981861754482,63.67108186972658,1008.527115050394
2025-01-29 23:00:00,SubtleStation,30.0781781989826,64.96279782364263,1010.3777865913227,0,30.0781781989826,64.96279782364263,1010.3777865913227
2025-01-30 00:00:00,SubtleStation,30.1000658222395,66.45796833249422,1010.0059494504355,0,30.1000658222395,66.45796833249422,1010.0059494504355
2025-01-30 01:00:00,SubtleStation,29.741182609508748,64.34061454272778,1010.0750993548755,0,29.741182609508748,64.34061454272778,1010.0750993548755
2025-01-30 02:00:00,SubtleStation,30.085372778630795,65.23733344183908,1010.1726212570829,0,30.085372778630795,65.23733344183908,1010.1726212570829
2025-01-30 03:00:00,SubtleStation,30.131108849603613,60.869420571326295,1009.1477347029421,0,30.131108849603613,60.869420571326295,1009.1477347029421
2025-01-30 04:00:00,SubtleStation,29.96262147163655,61.50079151492278,1009.4826601751244,0,29.96262147163655,61.50079151492278,1009.4826601751244
2025-01-30 05:00:00,SubtleStation,29.777639010402137,61.481248966008074,1008.510108659113,0,29.777639010402137,61.481248966008074,1008.510108659113
2025-01-30 06:00:00,SubtleStation,30.30043405780345,61.15378947895152,1009.9873798868429,0,30.30043405780345,61.15378947895152,1009.9873798868429
2025-01-30 07:00:00,SubtleStation,30.06236921925779,62.47013498818341,1010.8462410256607,0,30.06236921925779,62.47013498818341,1010.8462410256607
2025-01-30 08:00:00,SubtleStation,29.94240941774584,60.03053407797922,1009.7053323489467,0,29.94240941774584,60.03053407797922,1009.7053323489467
2025-01-30 09:00:00,SubtleStation,30.151620185006415,59.74810977447791,1010.23490388088,0,30.151620185006415,59.74810977447791,1010.23490388088
2025-01-30 10:00:00,SubtleStation,30.32392744699479,59.5856539861476,1010.451279265176,0,30.32392744699479,59.5856539861476,1010.451279265176
2025-01-30 11:00:00,SubtleStation,29.900487835894662,57.6407653807556,1009.3208910924653,0,29.900487835894662,57.6407653807556,1009.3208910924653
2025-01-30 12:00:00,SubtleStation,30.136637788636197,59.03982665556984,1010.1318551091664,0,30.136637788636197,59.03982665556984,1010.1318551091664
2025-01-30 13:00:00,SubtleStation,30.38341865349101,59.48672910180522,1010.3987873785358,0,30.38341865349101,59.48672910180522,1010.3987873785358
2025-01-30 14:00:00,SubtleStation,29.76590834485636,58.42518900021884,1010.0076772306011,0,29.76590834485636,58.42518900021884,1010.0076772306011
2025-01-30 15:00:00,SubtleStation,29.871808865850902,58.30606244151681,1009.6949463650711,0,29.871808865850902,58.30606244151681,1009.6949463650711
2025-01-30 16:00:00,SubtleStation,29.852533444707376,58.07129649228439,1010.2638825135776,0,29.852533444707376,58.07129649228439,1010.2638825135776
2025-01-30 17:00:00,SubtleStation,29.928894339432418,56.976426878505805,1009.517064248784,0,29.928894339432418,56.976426878505805,1009.517064248784
2025-01-30 18:00:00,SubtleStation,29.905035374040246,56.664235434247495,1010.7473029594219,0,29.905035374040246,56.664235434247495,1010.7473029594219
2025-01-30 19:00:00,SubtleStation,29.99168002566681,56.45987783234657,1009.9587545392471,0,29.99168002566681,56.45987783234657,1009.9587545392471
2025-01-30 20:00:00,SubtleStation,29.749963318492888,56.41403539858606,1010.9885121636908,0,29.749963318492888,56.41403539858606,1010.9885121636908
2025-01-30 21:00:00,SubtleStation,29.770056873191077,55.384558902915785,1010.4310268026318,0,29.770056873191077,55.384558902915785,1010.4310268026318
2025-01-30 22:00:00,SubtleStation,29.93344026232603,54.305395721787654,1009.5940232261493,0,29.93344026232603,54.305395721787654,1009.5940232261493
2025-01-30 23:00:00,SubtleStation,29.88080714425608,55.46069187616994,1010.3701073304371,0,29.88080714425608,55.46069187616994,1010.3701073304371
2025-01-31 00:00:00,SubtleStation,29.99934269952269,53.12501302330154,1009.7879043394381,0,29.99934269952269,53.12501302330154,1009.7879043394381
2025-01-31 01:00:00,SubtleStation,29.87916918958375,53.64663770526488,1009.6566090681347,0,29.87916918958375,53.64663770526488,1009.6566090681347
2025-01-31 02:00:00,SubtleStation,29.92251933556118,53.50132096242555,1009.8132032870742,0,29.92251933556118,53.50132096242555,1009.8132032870742
2025-01-31 03:00:00,SubtleStation,29.508503464880192,52.63649890186781,1010.1439156570007,0,29.508503464880192,52.63649890186781,1010.1439156570007
2025-01-31 04:00:00,SubtleStation,29.62745894240419,52.38752241426623,1009.1127647853616,0,29.62745894240419,52.38752241426623,1009.1127647853616
2025-01-31 05:00:00,SubtleStation,30.03898417964368,53.404103366468696,1010.2817870234,0,30.03898417964368,53.404103366468696,1010.2817870234
2025-01-31 06:00:00,SubtleStation,29.711021375334134,54.207297104131456,1009.6509500415505,0,29.711021375334134,54.207297104131456,1009.6509500415505
2025-01-31 07:00:00,SubtleStation,29.743528212960808,50.52682218221899,1010.8324894622143,0,29.743528212960808,50.52682218221899,1010.8324894622143
2025-01-31 08:00:00,SubtleStation,29.60820212889728,51.307602412612326,1010.8686549501325,0,29.60820212889728,51.307602412612326,1010.8686549501325
2025-01-31 09:00:00,SubtleStation,29.59650578355079,51.45691579292179,1010.7218290614106,0,29.59650578355079,51.45691579292179,1010.7218290614106
2025-01-31 10:00:00,SubtleStation,29.421235995267917,51.11443440020116,1010.6146804272362,0,29.421235995267917,51.11443440020116,1010.6146804272362
2025-01-31 11:00:00,SubtleStation,30.135923220476364,49.00046754494528,1009.0038621012995,0,30.135923220476364,49.00046754494528,1009.0038621012995
2025-01-31 12:00:00,SubtleStation,29.294797472067653,50.405830122547066,1011.1231605810036,0,29.294797472067653,50.405830122547066,1011.1231605810036
2025-01-31 13:00:00,SubtleStation,29.317035439528524,49.963216971567235,1010.1882632833957,0,29.317035439528524,49.963216971567235,1010.1882632833957
2025-01-31 14:00:00,SubtleStation,28.788672930188888,50.12333170570171,1010.8956981091834,0,28.788672930188888,50.12333170570171,1010.8956981091834
2025-01-31 15:00:00,SubtleStation,29.442123955962654,48.1072660784204,1011.3083911607708,0,29.442123955962654,48.1072660784204,1011.3083911607708
2025-01-31 16:00:00,SubtleStation,29.05596149620133,48.88824551444288,1010.1590313526099,0,29.05596149620133,48.88824551444288,1010.1590313526099
2025-01-31 17:00:00,SubtleStation,29.098127550566048,47.73461858360104,1009.1867769617318,0,29.098127550566048,47.73461858360104,1009.1867769617318
2025-01-31 18:00:00,SubtleStation,28.946907829677144,48.56658670927866,1009.9563350479364,0,28.946907829677144,48.56658670927866,1009.9563350479364
2025-01-31 19:00:00,SubtleStation,28.96538731798669,49.639575621256164,1010.429201801127,0,28.96538731798669,49.639575621256164,1010.429201801127
2025-01-31 20:00:00,SubtleStation,28.875284619174867,48.453150297423676,1009.9164980436631,0,28.875284619174867,48.453150297423676,1009.9164980436631
2025-01-31 21:00:00,SubtleStation,28.860962385044136,46.861862358343615,1009.5821712891972,0,28.860962385044136,46.861862358343615,1009.5821712891972
2025-01-31 22:00:00,SubtleStation,28.79489874903247,47.284375173392256,1010.6982004704321,0,28.79489874903247,47.284375173392256,1010.6982004704321
2025-01-31 23:00:00,SubtleStation,28.708983546734036,46.90891415770378,1010.0907318042574,0,28.708983546734036,46.90891415770378,1010.0907318042574
2025-02-01 00:00:00,SubtleStation,28.639118248698395,45.10990224549076,1009.8930530067597,0,28.639118248698395,45.10990224549076,1009.8930530067597
2025-02-01 01:00:00,SubtleStation,28.865796853172156,48.27977142890999,1010.0371287454602,0,28.865796853172156,48.27977142890999,1010.0371287454602
2025-02-01 02:00:00,SubtleStation,28.71033384935747,46.43478413207514,1010.0143668499834,0,28.71033384935747,46.43478413207514,1010.0143668499834
2025-02-01 03:00:00,SubtleStation,28.640082093147445,46.55676540206544,1010.4778111950731,0,28.640082093147445,46.55676540206544,1010.4778111950731
2025-02-01 04:00:00,SubtleStation,28.243261471859515,44.504561293395085,1010.6339594242277,0,28.243261471859515,44.504561293395085,1010.6339594242277
2025-02-01 05:00:00,SubtleStation,28.566916635285363,43.79395535392039,1010.4948146084439,0,28.566916635285363,43.79395535392039,1010.4948146084439
2025-02-01 06:00:00,SubtleStation,28.466355884195696,44.24892715646496,1009.7851466728537,0,28.466355884195696,44.24892715646496,1009.7851466728537
2025-02-01 07:00:00,SubtleStation,28.05252414391857,44.609541284333844,1010.554528366835,0,28.05252414391857,44.609541284333844,1010.554528366835
2025-02-01 08:00:00,SubtleStation,28.389887694381926,44.08620893079651,1009.8534843587664,0,28.389887694381926,44.08620893079651,1009.8534843587664
2025-02-01 09:00:00,SubtleStation,27.86914988408909,42.98215210574259,1010.2473748236688,0,27.86914988408909,42.98215210574259,1010.2473748236688
2025-02-01 10:00:00,SubtleStation,27.556863727763325,44.527958492130054,1010.1467318493499,0,27.556863727763325,44.527958492130054,1010.1467318493499
2025-02-01 11:00:00,SubtleStation,28.06387977824272,42.95732958957197,1009.5124478033505,0,28.06387977824272,42.95732958957197,1009.5124478033505
2025-02-01 12:00:00,SubtleStation,27.736837463497118,44.74049350052001,1010.156006738875,0,27.736837463497118,44.74049350052001,1010.156006738875
2025-02-01 13:00:00,SubtleStation,27.872187469569052,42.91396035232409,1010.1515944913197,0,27.872187469569052,42.91396035232409,1010.1515944913197
2025-02-01 14:00:00,SubtleStation,27.44095354721925,42.53848032954594,1010.5352802106148,0,27.44095354721925,42.53848032954594,1010.5352802106148
2025-02-01 15:00:00,SubtleStation,27.253393702705786,42.51800317430709,1010.9822014485658,0,27.253393702705786,42.51800317430709,1010.9822014485658
2025-02-01 16:00:00,SubtleStation,27.665073121385397,42.39119233067504,1011.2072785404974,0,27.665073121385397,42.39119233067504,1011.2072785404974
2025-02-01 17:00:00,SubtleStation,27.04922827524816,42.59572280064117,1009.9061293602788,0,27.04922827524816,42.59572280064117,1009.9061293602788
2025-02-01 18:00:00,SubtleStation,26.92952649519058,40.96659484803608,1009.4118137780046,0,26.92952649519058,40.96659484803608,1009.4118137780046
2025-02-01 19:00:00,SubtleStation,26.766768806965374,43.80718096731666,1010.2037006865262,0,26.766768806965374,43.80718096731666,1010.2037006865262
2025-02-01 20:00:00,SubtleStation,26.50228424293216,42.547608604235734,1009.9273408500217,0,26.50228424293216,42.547608604235734,1009.9273408500217
2025-02-01 21:00:00,SubtleStation,26.76182556955165,42.95069887695678,1009.9344303852665,0,26.76182556955165,42.95069887695678,1009.9344303852665
2025-02-01 22:00:00,SubtleStation,26.443444450599117,40.24986509861006,1010.0798888028548,0,26.443444450599117,40.24986509861006,1010.0798888028548
2025-02-01 23:00:00,SubtleStation,26.77713333560805,41.723617078015984,1010.015010332157,0,26.77713333560805,41.723617078015984,1010.015010332157
2025-02-02 00:00:00,SubtleStation,26.24318538918298,42.12230341124041,1009.5436931496027,0,26.24318538918298,42.12230341124041,1009.5436931496027
2025-02-02 01:00:00,SubtleStation,26.37715216658805,42.52877996066699,1009.7154455800353,0,26.37715216658805,42.52877996066699,1009.7154455800353
2025-02-02 02:00:00,SubtleStation,26.967318603959455,39.1773017617243,1010.8347589165672,0,26.967318603959455,39.1773017617243,1010.8347589165672
2025-02-02 03:00:00,SubtleStation,26.47422982446311,39.914207407713924,1009.9065022821228,0,26.47422982446311,39.914207407713924,1009.9065022821228
2025-02-02 04:00:00,SubtleStation,26.31950259490542,40.349440461373376,1009.9382219502845,0,26.31950259490542,40.349440461373376,1009.9382219502845
2025-02-02 05:00:00,SubtleStation,25.888003778631965,40.95537210140182,1011.0771738792179,0,25.888003778631965,40.95537210140182,1011.0771738792179
2025-02-02 06:00:00,SubtleStation,26.065762316880274,39.371357071259595,1009.93278855271,0,26.065762316880274,39.371357071259595,1009.93278855271
2025-02-02 07:00:00,SubtleStation,26.026785121773578,41.643957927224925,1010.0213462284354,0,26.026785121773578,41.643957927224925,1010.0213462284354
2025-02-02 08:00:00,SubtleStation,25.598001794479288,39.333819477500505,1009.4694962835514,0,25.598001794479288,39.333819477500505,1009.4694962835514
2025-02-02 09:00:00,SubtleStation,25.845780884295095,38.31546691454482,1010.8158823783072,0,25.845780884295095,38.31546691454482,1010.8158823783072
2025-02-02 10:00:00,SubtleStation,25.95996969573767,40.36321510260791,1010.8340564987453,0,25.95996969573767,40.36321510260791,1010.8340564987453
2025-02-02 11:00:00,SubtleStation,25.552961241600908,39.706044043203505,1009.3871947871125,0,25.552961241600908,39.706044043203505,1009.3871947871125
2025-02-02 12:00:00,SubtleStation,25.483806116245997,40.17081303932371,1010.0299228815676,0,25.483806116245997,40.17081303932371,1010.0299228815676
2025-02-02 13:00:00,SubtleStation,25.015265253266406,39.92922676465169,1010.1593510871623,0,25.015265253266406,39.92922676465169,1010.1593510871623
2025-02-02 14:00:00,SubtleStation,25.04409937311137,41.437158886250714,1009.9027730696447,0,25.04409937311137,41.437158886250714,1009.9027730696447
2025-02-02 15:00:00,SubtleStation,25.435617151603736,40.68670687641139,1010.5401040196808,0,25.435617151603736,40.68670687641139,1010.5401040196808
2025-02-02 16:00:00,SubtleStation,24.991810322361076,39.90495383015389,1009.9722685720377,0,24.991810322361076,39.90495383015389,1009.9722685720377
2025-02-02 17:00:00,SubtleStation,24.838170778758116,38.65319857603237,1010.2018993525387,0,24.838170778758116,38.65319857603237,1010.2018993525387
2025-02-02 18:00:00,SubtleStation,24.785579487641996,39.5480441731774,1010.246881416665,0,24.785579487641996,39.5480441731774,1010.246881416665
2025-02-02 19:00:00,SubtleStation,24.81261626331685,39.54574551397313,1010.0821507057192,0,24.81261626331685,39.54574551397313,1010.0821507057192
2025-02-02 20:00:00,SubtleStation,24.492510066433,38.50415700366731,1009.0940785041547,0,24.492510066433,38.50415700366731,1009.0940785041547
2025-02-02 21:00:00,SubtleStation,24.649690672851907,40.83792129330266,1009.673235461738,0,24.649690672851907,40.83792129330266,1009.673235461738
2025-02-02 22:00:00,SubtleStation,24.25273025944023,38.70256727872798,1009.541067965617,0,24.25273025944023,38.70256727872798,1009.541067965617
2025-02-02 23:00:00,SubtleStation,24.58006639549287,38.73948661084757,1010.1320395888937,0,24.58006639549287,38.73948661084757,1010.1320395888937
2025-02-03 00:00:00,SubtleStation,24.11461981758046,39.4345538333782,1009.9488641839063,0,24.11461981758046,39.4345538333782,1009.9488641839063
2025-02-03 01:00:00,SubtleStation,24.491118901290324,39.090157763324726,1009.8805132241549,0,24.491118901290324,39.090157763324726,1009.8805132241549
2025-02-03 02:00:00,SubtleStation,24.126402258705717,39.90623398449166,1010.1074173980336,0,24.126402258705717,39.90623398449166,1010.1074173980336
2025-02-03 03:00:00,SubtleStation,23.86097221968181,38.94670027425186,1010.0020040725067,0,23.86097221968181,38.94670027425186,1010.0020040725067
2025-02-03 04:00:00,SubtleStation,24.11447364522707,40.091306785787665,1009.3981932268329,0,24.11447364522707,40.091306785787665,1009.3981932268329
2025-02-03 05:00:00,SubtleStation,23.559789849483842,40.26641160793196,1009.4146652188507,0,23.559789849483842,40.26641160793196,1009.4146652188507
2025-02-03 06:00:00,SubtleStation,23.62825009356069,41.02177961350144,1010.5889921715918,0,23.62825009356069,41.02177961350144,1010.5889921715918
2025-02-03 07:00:00,SubtleStation,23.64112723440282,41.01579356673252,1010.0762490286381,0,23.64112723440282,41.01579356673252,1010.0762490286381
2025-02-03 08:00:00,SubtleStation,23.520931838642294,40.64125900920497,1009.9884211245255,0,23.520931838642294,40.64125900920497,1009.9884211245255
2025-02-03 09:00:00,SubtleStation,23.048053112551436,41.32440837428014,1010.40857900783,0,23.048053112551436,41.32440837428014,1010.40857900783
2025-02-03 10:00:00,SubtleStation,23.170866223971217,40.84188023553545,1009.9426579031802,0,23.170866223971217,40.84188023553545,1009.9426579031802
2025-02-03 11:00:00,SubtleStation,23.294525970362955,42.61433532521084,1010.0755503106739,0,23.294525970362955,42.61433532521084,1010.0755503106739
2025-02-03 12:00:00,SubtleStation,22.903480262886223,40.65433044064608,1010.1821429851468,0,22.903480262886223,40.65433044064608,1010.1821429851468
2025-02-03 13:00:00,SubtleStation,23.3280571927829,40.97523478902396,1010.5310247494183,0,23.3280571927829,40.97523478902396,1010.5310247494183
2025-02-03 14:00:00,SubtleStation,23.081890643004343,41.70051849326188,1010.6995795640772,0,23.081890643004343,41.70051849326188,1010.6995795640772
2025-02-03 15:00:00,SubtleStation,22.788896673439943,41.101772102674154,1009.6427737635606,0,22.788896673439943,41.101772102674154,1009.6427737635606
2025-02-03 16:00:00,SubtleStation,22.757420156246386,43.32232305143066,1010.6199523662007,0,22.757420156246386,43.32232305143066,1010.6199523662007
2025-02-03 17:00:00,SubtleStation,23.08440510286957,42.84198075730353,1009.8406174015798,0,23.08440510286957,42.84198075730353,1009.8406174015798
2025-02-03 18:00:00,SubtleStation,22.810819095809673,43.09632305912408,1010.3679690071829,0,22.810819095809673,43.09632305912408,1010.3679690071829
2025-02-03 19:00:00,SubtleStation,22.612145262201278,43.12515795599455,1009.7090234420754,0,22.612145262201278,43.12515795599455,1009.7090234420754
2025-02-03 20:00:00,SubtleStation,22.166463627625763,43.51697696816796,1009.4030845348738,0,22.166463627625763,43.51697696816796,1009.4030845348738
2025-02-03 21:00:00,SubtleStation,22.689976141132846,42.29916530794809,1010.5300284443343,0,22.689976141132846,42.29916530794809,1010.5300284443343
2025-02-03 22:00:00,SubtleStation,22.490075352022846,43.71996418485202,1010.9482002112704,0,22.490075352022846,43.71996418485202,1010.9482002112704
2025-02-03 23:00:00,SubtleStation,22.166543882619955,42.36339606622055,1009.8847671759332,0,22.166543882619955,42.36339606622055,1009.8847671759332
2025-02-04 00:00:00,SubtleStation,22.00403708951553,42.72566657325123,1010.6423507640486,0,22.00403708951553,42.72566657325123,1010.6423507640486
2025-02-04 01:00:00,SubtleStation,21.995302491537647,44.27929894447278,1009.7760922213494,0,21.995302491537647,44.27929894447278,1009.7760922213494
2025-02-04 02:00:00,SubtleStation,21.712589801032046,44.094930241878195,1010.1982240677619,0,21.712589801032046,44.094930241878195,1010.1982240677619
2025-02-04 03:00:00,SubtleStation,21.780133139732538,44.64314388410519,1010.0479417255738,0,21.780133139732538,44.64314388410519,1010.0479417255738
2025-02-04 04:00:00,SubtleStation,21.94948621062766,44.06995947858245,1009.9581757453273,0,21.94948621062766,44.06995947858245,1009.9581757453273
2025-02-04 05:00:00,SubtleStation,21.35917543714279,44.159265974382784,1009.9491567231971,0,21.35917543714279,44.159265974382784,1009.9491567231971
2025-02-04 06:00:00,SubtleStation,21.58304260374744,44.80979314292943,1009.4860825641531,0,21.58304260374744,44.80979314292943,1009.4860825641531
2025-02-04 07:00:00,SubtleStation,21.595108608251763,45.499356665988415,1010.6397798982215,0,21.595108608251763,45.499356665988415,1010.6397798982215
2025-02-04 08:00:00,SubtleStation,21.5209425161044,45.37687568596555,1009.6819134129433,0,21.5209425161044,45.37687568596555,1009.6819134129433
2025-02-04 09:00:00,SubtleStation,21.193713434664605,46.82793976278233,1010.6677044627385,0,21.193713434664605,46.82793976278233,1010.6677044627385
2025-02-04 10:00:00,SubtleStation,21.123770887514414,45.968150945902515,1009.7208354533861,0,21.123770887514414,45.968150945902515,1009.7208354533861
2025-02-04 11:00:00,SubtleStation,21.51019163596741,44.981264235054944,1009.7566091713883,0,21.51019163596741,44.981264235054944,1009.7566091713883
2025-02-04 12:00:00,SubtleStation,20.981093435111106,47.31051107064015,1010.371681231362,0,20.981093435111106,47.31051107064015,1010.371681231362
2025-02-04 13:00:00,SubtleStation,21.36288029309492,48.348757868359336,1010.5604282478107,0,21.36288029309492,48.348757868359336,1010.5604282478107
2025-02-04 14:00:00,SubtleStation,21.001363990105016,47.95424233795386,1010.7258904194838,0,21.001363990105016,47.95424233795386,1010.7258904194838
2025-02-04 15:00:00,SubtleStation,21.252044712122768,48.66155355460523,1009.3053834213177,0,21.252044712122768,48.66155355460523,1009.3053834213177
2025-02-04 16:00:00,SubtleStation,20.89170427726348,47.28772025887054,1009.658111711566,0,20.89170427726348,47.28772025887054,1009.658111711566
2025-02-04 17:00:00,SubtleStation,20.684070472861162,48.78637691723859,1010.8291548170878,0,20.684070472861162,48.78637691723859,1010.8291548170878
2025-02-04 18:00:00,SubtleStation,21.031754119947948,49.363029813516555,1009.5232708873607,0,21.031754119947948,49.363029813516555,1009.5232708873607
2025-02-04 19:00:00,SubtleStation,20.801699745938894,49.066197688195736,1010.1145403290358,0,20.801699745938894,49.066197688195736,1010.1145403290358
2025-02-04 20:00:00,SubtleStation,21.041306693367293,48.20770230687166,1009.7258048982176,0,21.041306693367293,48.20770230687166,1009.7258048982176
2025-02-04 21:00:00,SubtleStation,20.87814476595625,49.90697786411069,1009.7047862010689,0,20.87814476595625,49.90697786411069,1009.7047862010689
2025-02-04 22:00:00,SubtleStation,20.603653544737938,51.512831723843505,1008.7544803288546,0,20.603653544737938,51.512831723843505,1008.7544803288546
2025-02-04 23:00:00,SubtleStation,20.51118029447477,49.997300076349205,1010.4132626838856,0,20.51118029447477,49.997300076349205,1010.4132626838856
2025-02-05 00:00:00,SubtleStation,20.559123427554564,52.983323498698134,1009.2677363432592,0,20.559123427554564,52.983323498698134,1009.2677363432592
2025-02-05 01:00:00,SubtleStation,20.547604979156095,51.02296132454885,1010.037323441901,0,20.547604979156095,51.02296132454885,1010.037323441901
2025-02-05 02:00:00,SubtleStation,20.290124120500707,51.93263187064486,1009.4445921845665,0,20.290124120500707,51.93263187064486,1009.4445921845665
2025-02-05 03:00:00,SubtleStation,20.59358666627172,50.91520718973956,1010.2632770183601,0,20.59358666627172,50.91520718973956,1010.2632770183601
2025-02-05 04:00:00,SubtleStation,20.30628157076629,50.129125661160245,1010.0569743986472,0,20.30628157076629,50.129125661160245,1010.0569743986472
2025-02-05 05:00:00,SubtleStation,20.26355061278078,53.577362928637356,1009.055827443519,0,20.26355061278078,53.577362928637356,1009.055827443519
2025-02-05 06:00:00,SubtleStation,20.20428180700025,53.64818478456177,1009.5211838838962,0,20.20428180700025,53.64818478456177,1009.5211838838962
2025-02-05 07:00:00,SubtleStation,20.324761960504627,50.541936674934924,1009.4453279909527,0,20.324761960504627,50.541936674934924,1009.4453279909527
2025-02-05 08:00:00,SubtleStation,20.108176288505398,53.56858646314868,1010.0936805497784,0,20.108176288505398,53.56858646314868,1010.0936805497784
2025-02-05 09:00:00,SubtleStation,20.243511195283315,53.767337415473555,1009.3196628051821,0,20.243511195283315,53.767337415473555,1009.3196628051821
2025-02-05 10:00:00,SubtleStation,20.741682246828955,55.4489566951713,1010.0094279089172,0,20.741682246828955,55.4489566951713,1010.0094279089172
2025-02-05 11:00:00,SubtleStation,20.15140956115208,55.64947875352292,1010.2453962292842,0,20.15140956115208,55.64947875352292,1010.2453962292842
2025-02-05 12:00:00,SubtleStation,20.051036183218685,54.37145329243292,1009.917092563793,0,20.051036183218685,54.37145329243292,1009.917092563793
2025-02-05 13:00:00,SubtleStation,19.781950541408193,56.69956053818507,1010.4052285611069,0,19.781950541408193,56.69956053818507,1010.4052285611069
2025-02-05 14:00:00,SubtleStation,20.10513854937342,56.079862355006405,1008.9529350888156,0,20.10513854937342,56.079862355006405,1008.9529350888156
2025-02-05 15:00:00,SubtleStation,19.854816435057977,56.61453637376357,1009.4989951883935,0,19.854816435057977,56.61453637376357,1009.4989951883935
2025-02-05 16:00:00,SubtleStation,19.98508951642559,57.36270395784015,1010.3859685074374,0,19.98508951642559,57.36270395784015,1010.3859685074374
2025-02-05 17:00:00,SubtleStation,20.076037819694417,58.1626632116024,1010.7273094248948,0,20.076037819694417,58.1626632116024,1010.7273094248948
2025-02-05 18:00:00,SubtleStation,19.687016012039408,55.93943338164137,1009.4452969673437,0,19.687016012039408,55.93943338164137,1009.4452969673437
2025-02-05 19:00:00,SubtleStation,20.05419149660989,57.188854745438036,1010.985699543311,0,20.05419149660989,57.188854745438036,1010.985699543311
2025-02-05 20:00:00,SubtleStation,20.075078675954213,57.12526396569682,1010.7087289083914,0,20.075078675954213,57.12526396569682,1010.7087289083914
2025-02-05 21:00:00,SubtleStation,19.748227392859434,59.444413003360744,1010.486776508585,0,19.748227392859434,59.444413003360744,1010.486776508585
2025-02-05 22:00:00,SubtleStation,19.92465498773101,61.54557092326035,1010.3745069456955,0,19.92465498773101,61.54557092326035,1010.3745069456955
2025-02-05 23:00:00,SubtleStation,19.63445246941854,58.58467933938939,1009.8102573619167,0,19.63445246941854,58.58467933938939,1009.8102573619167
2025-02-06 00:00:00,SubtleStation,20.315155343858116,59.2619770854259,1009.7559020370182,0,20.315155343858116,59.2619770854259,1009.7559020370182
2025-02-06 01:00:00,SubtleStation,20.067637938285095,61.21691074634798,1010.8627870878689,0,20.067637938285095,61.21691074634798,1010.8627870878689
2025-02-06 02:00:00,SubtleStation,19.969077832249166,62.056069538106144,1010.2798529359541,0,19.969077832249166,62.056069538106144,1010.2798529359541
2025-02-06 03:00:00,SubtleStation,19.9777773503585,61.81727225473662,1010.4690102543314,0,19.9777773503585,61.81727225473662,1010.4690102543314
2025-02-06 04:00:00,SubtleStation,20.244218768326782,62.00701241057358,1010.7107977519025,0,20.244218768326782,62.00701241057358,1010.7107977519025
2025-02-06 05:00:00,SubtleStation,20.00855602542522,60.63800676947075,1009.8115309482488,0,20.00855602542522,60.63800676947075,1009.8115309482488
2025-02-06 06:00:00,SubtleStation,20.105001353008713,62.15756278536608,1009.7715880920839,0,20.105001353008713,62.15756278536608,1009.7715880920839
2025-02-06 07:00:00,SubtleStation,20.355997966394614,62.80735220305924,1009.9370874722022,0,20.355997966394614,62.80735220305924,1009.9370874722022
2025-02-06 08:00:00,SubtleStation,19.998452497319693,65.02026154027486,1010.2742106603312,0,19.998452497319693,65.02026154027486,1010.2742106603312
2025-02-06 09:00:00,SubtleStation,19.866546383837758,63.5574851854418,1009.8094320483569,0,19.866546383837758,63.5574851854418,1009.8094320483569
2025-02-06 10:00:00,SubtleStation,19.939527547268153,63.955883851976544,1009.7141537523895,0,19.939527547268153,63.955883851976544,1009.7141537523895
2025-02-06 11:00:00,SubtleStation,20.411473589722576,64.24034927871229,1010.5666953100181,0,20.411473589722576,64.24034927871229,1010.5666953100181
2025-02-06 12:00:00,SubtleStation,20.16729006389845,63.775337345225445,1009.4206735768822,0,20.16729006389845,63.775337345225445,1009.4206735768822
2025-02-06 13:00:00,SubtleStation,20.07374283380311,67.2608101305088,1009.6695306485132,0,20.07374283380311,67.2608101305088,1009.6695306485132
2025-02-06 14:00:00,SubtleStation,20.39607368100542,64.78514599446227,1010.0457799844379,0,20.39607368100542,64.78514599446227,1010.0457799844379
2025-02-06 15:00:00,SubtleStation,20.42999216183035,65.06803255132742,1011.1487875717476,0,20.42999216183035,65.06803255132742,1011.1487875717476
2025-02-06 16:00:00,SubtleStation,20.16623555020926,66.71222989129673,1010.0718517721145,0,20.16623555020926,66.71222989129673,1010.0718517721145
2025-02-06 17:00:00,SubtleStation,20.09983830460515,65.86299902633256,1009.5280981923295,0,20.09983830460515,65.86299902633256,1009.5280981923295
2025-02-06 18:00:00,SubtleStation,20.014863520129666,67.54820096291448,1009.0921667041321,0,20.014863520129666,67.54820096291448,1009.0921667041321
2025-02-06 19:00:00,SubtleStation,20.00680412203996,68.92827302201039,1009.1378693540291,0,20.00680412203996,68.92827302201039,1009.1378693540291
2025-02-06 20:00:00,SubtleStation,20.351051728865347,66.6773485911487,1010.269021226111,0,20.351051728865347,66.6773485911487,1010.269021226111
2025-02-06 21:00:00,SubtleStation,20.265715997474068,67.88314182367353,1009.7496890104129,0,20.265715997474068,67.88314182367353,1009.7496890104129
2025-02-06 22:00:00,SubtleStation,20.85817916274696,68.10512154996155,1009.5612018946366,0,20.85817916274696,68.10512154996155,1009.5612018946366
2025-02-06 23:00:00,SubtleStation,20.542126994068358,69.24859262336507,1009.7941959520423,0,20.542126994068358,69.24859262336507,1009.7941959520423
2025-02-07 00:00:00,SubtleStation,20.18771318475168,70.10494481624384,1009.6808196341897,0,20.18771318475168,70.10494481624384,1009.6808196341897
2025-02-07 01:00:00,SubtleStation,20.90738279053744,68.65701994682432,1009.1629893450216,0,20.90738279053744,68.65701994682432,1009.1629893450216
2025-02-07 02:00:00,SubtleStation,20.705224026609066,70.06214074294536,1010.2759929079344,0,20.705224026609066,70.06214074294536,1010.2759929079344
2025-02-07 03:00:00,SubtleStation,20.864854372110727,69.80647261982793,1010.1036651811856,0,20.864854372110727,69.80647261982793,1010.1036651811856
2025-02-07 04:00:00,SubtleStation,20.91295302665079,71.02743349806613,1010.6828408233224,0,20.91295302665079,71.02743349806613,1010.6828408233224
2025-02-07 05:00:00,SubtleStation,20.890234981159278,70.06193222709877,1010.3363787909328,0,20.890234981159278,70.06193222709877,1010.3363787909328
2025-02-07 06:00:00,SubtleStation,20.9916380323606,71.24249180767801,1009.30959220953,0,20.9916380323606,71.24249180767801,1009.30959220953
2025-02-07 07:00:00,SubtleStation,20.99241329478764,72.41973442118085,1009.489069810241,0,20.99241329478764,72.41973442118085,1009.489069810241
2025-02-07 08:00:00,SubtleStation,20.78269836388762,71.97025216886004,1010.5198965530636,0,20.78269836388762,71.97025216886004,1010.5198965530636
2025-02-07 09:00:00,SubtleStation,21.138235365363688,73.04827697744606,1010.1659832062765,0,21.138235365363688,73.04827697744606,1010.1659832062765
2025-02-07 10:00:00,SubtleStation,21.332158029115163,72.46856423575834,1010.1290876526975,0,21.332158029115163,72.46856423575834,1010.1290876526975
2025-02-07 11:00:00,SubtleStation,21.149403265327717,73.79710556473081,1009.0044009648643,0,21.149403265327717,73.79710556473081,1009.0044009648643
2025-02-07 12:00:00,SubtleStation,21.36723660412734,72.16288343281362,1009.9039911604323,0,21.36723660412734,72.16288343281362,1009.9039911604323
2025-02-07 13:00:00,SubtleStation,21.40795336086257,72.61540014141804,1010.5070484070709,0,21.40795336086257,72.61540014141804,1010.5070484070709
2025-02-07 14:00:00,SubtleStation,21.75569624098299,75.51950237408768,1009.2512189854386,0,21.75569624098299,75.51950237408768,1009.2512189854386
2025-02-07 15:00:00,SubtleStation,21.41198956732984,74.2022168560544,1010.4252264096114,0,21.41198956732984,74.2022168560544,1010.4252264096114
2025-02-07 16:00:00,SubtleStation,21.475528097295623,76.0454175651321,1010.1220660161705,0,21.475528097295623,76.0454175651321,1010.1220660161705
2025-02-07 17:00:00,SubtleStation,21.58331882111539,76.0724442606656,1009.0886644458885,0,21.58331882111539,76.0724442606656,1009.0886644458885
2025-02-07 18:00:00,SubtleStation,21.660361009161974,75.24256173775167,1010.0812334835522,0,21.660361009161974,75.24256173775167,1010.0812334835522
2025-02-07 19:00:00,SubtleStation,21.301777888274923,74.14538499855679,1009.6140407362083,0,21.301777888274923,74.14538499855679,1009.6140407362083
2025-02-07 20:00:00,SubtleStation,21.704539623747515,76.13798138347586,1009.7250311884359,0,21.704539623747515,76.13798138347586,1009.7250311884359
2025-02-07 21:00:00,SubtleStation,21.971066006891327,75.072229629602,1010.1950104242019,0,21.971066006891327,75.072229629602,1010.1950104242019
2025-02-07 22:00:00,SubtleStation,21.98870110974869,75.36883808598648,1009.4659402672337,0,21.98870110974869,75.36883808598648,1009.4659402672337
2025-02-07 23:00:00,SubtleStation,21.910952301505745,75.27988326862156,1010.1000293866362,0,21.910952301505745,75.27988326862156,1010.1000293866362
2025-02-08 00:00:00,SubtleStation,22.019504103243012,76.1732873591785,1009.8164690108468,0,22.019504103243012,76.1732873591785,1009.8164690108468
2025-02-08 01:00:00,SubtleStation,22.16411658311619,76.4887175324583,1009.4514365042188,0,22.16411658311619,76.4887175324583,1009.4514365042188
2025-02-08 02:00:00,SubtleStation,22.15881041763106,76.2203059045025,1009.3606843310744,0,22.15881041763106,76.2203059045025,1009.3606843310744
2025-02-08 03:00:00,SubtleStation,22.301472960104924,75.61718228085738,1010.3099354379868,0,22.301472960104924,75.61718228085738,1010.3099354379868
2025-02-08 04:00:00,SubtleStation,22.38220211429896,77.17373355463597,1009.9602501515046,0,22.38220211429896,77.17373355463597,1009.9602501515046
2025-02-08 05:00:00,SubtleStation,22.756155699677635,76.13917994866242,1010.2335490590531,0,22.756155699677635,76.13917994866242,1010.2335490590531
2025-02-08 06:00:00,SubtleStation,22.868330699066085,78.20383793343106,1010.7378841710846,0,22.868330699066085,78.20383793343106,1010.7378841710846
2025-02-08 07:00:00,SubtleStation,22.94067470080691,77.123589485895,1010.2610969499622,0,22.94067470080691,77.123589485895,1010.2610969499622
2025-02-08 08:00:00,SubtleStation,22.929102024764163,76.21841551877081,1010.5011611808438,0,22.929102024764163,76.21841551877081,1010.5011611808438
2025-02-08 09:00:00,SubtleStation,22.79276396271077,76.95750731380838,1010.210314439022,0,22.79276396271077,76.95750731380838,1010.210314439022
2025-02-08 10:00:00,SubtleStation,23.21788787590074,78.38959236732332,1009.3499466675219,0,23.21788787590074,78.38959236732332,1009.3499466675219
2025-02-08 11:00:00,SubtleStation,23.055354915797796,78.90728786498855,1009.9053157197804,0,23.055354915797796,78.90728786498855,1009.9053157197804
2025-02-08 12:00:00,SubtleStation,23.215851716007222,78.9630777528531,1009.1515260569981,0,23.215851716007222,78.9630777528531,1009.1515260569981
2025-02-08 13:00:00,SubtleStation,23.57263738790374,77.60619357032525,1009.600404917123,0,23.57263738790374,77.60619357032525,1009.600404917123
2025-02-08 14:00:00,SubtleStation,23.416222111258218,79.8652074054035,1010.5072959232148,0,23.416222111258218,79.8652074054035,1010.5072959232148
2025-02-08 15:00:00,SubtleStation,23.543951069988935,80.13490326020268,1010.2714974023042,0,23.543951069988935,80.13490326020268,1010.2714974023042
2025-02-08 16:00:00,SubtleStation,23.30761151381003,80.04482505538499,1010.011026328612,0,23.30761151381003,80.04482505538499,1010.011026328612
2025-02-08 17:00:00,SubtleStation,23.7838065566946,80.09877722241622,1010.5573585053459,0,23.7838065566946,80.09877722241622,1010.5573585053459
2025-02-08 18:00:00,SubtleStation,23.587166286243356,79.52942949911302,1010.4662426193285,0,23.587166286243356,79.52942949911302,1010.4662426193285
2025-02-08 19:00:00,SubtleStation,24.082805376208185,80.12464744105876,1009.664778074185,0,24.082805376208185,80.12464744105876,1009.664778074185
2025-02-08 20:00:00,SubtleStation,23.941195436000257,80.99542677162248,1010.3537460255931,0,23.941195436000257,80.99542677162248,1010.3537460255931
2025-02-08 21:00:00,SubtleStation,23.62898823333782,79.81428246788006,1009.1191236250781,0,23.62898823333782,79.81428246788006,1009.1191236250781
2025-02-08 22:00:00,SubtleStation,24.103094358256392,79.49957824133615,1009.7658821746447,0,24.103094358256392,79.49957824133615,1009.7658821746447
2025-02-08 23:00:00,SubtleStation,24.22789808986339,79.08306646521825,1010.1570697638276,0,24.22789808986339,79.08306646521825,1010.1570697638276
2025-02-09 00:00:00,SubtleStation,24.469697366068555,78.53072437896597,1009.8127513314209,0,24.469697366068555,78.53072437896597,1009.8127513314209
2025-02-09 01:00:00,SubtleStation,24.606053173428258,81.63686291341381,1010.3674686389663,0,24.606053173428258,81.63686291341381,1010.3674686389663
2025-02-09 02:00:00,SubtleStation,24.505957517989398,80.25563048641811,1010.2068745521692,0,24.505957517989398,80.25563048641811,1010.2068745521692
2025-02-09 03:00:00,SubtleStation,24.87381513625367,81.67496731886946,1010.1384640718234,0,24.87381513625367,81.67496731886946,1010.1384640718234
2025-02-09 04:00:00,SubtleStation,24.137693113532908,80.80957579395255,1010.4799312352986,0,24.137693113532908,80.80957579395255,1010.4799312352986
2025-02-09 05:00:00,SubtleStation,24.728260653547306,80.6946907711448,1009.9368542001492,0,24.728260653547306,80.6946907711448,1009.9368542001492
2025-02-09 06:00:00,SubtleStation,24.74859146840878,81.71524184924579,1010.7640685577909,0,24.74859146840878,81.71524184924579,1010.7640685577909
2025-02-09 07:00:00,SubtleStation,24.820245068399057,80.05190637691938,1010.4434337451524,0,24.820245068399057,80.05190637691938,1010.4434337451524
2025-02-09 08:00:00,SubtleStation,25.363012049589166,79.561828424391,1010.6665870563095,0,25.363012049589166,79.561828424391,1010.6665870563095
2025-02-09 09:00:00,SubtleStation,25.43682540652133,78.86900770337489,1010.3812946973615,0,25.43682540652133,78.86900770337489,1010.3812946973615
2025-02-09 10:00:00,SubtleStation,25.215649437744766,79.13349424642286,1009.0773301784806,0,25.215649437744766,79.13349424642286,1009.0773301784806
2025-02-09 11:00:00,SubtleStation,25.7060785819541,78.72355123392116,1010.2348942871434,0,25.7060785819541,78.72355123392116,1010.2348942871434
2025-02-09 12:00:00,SubtleStation,25.59023604309592,79.64274768219708,1010.1292993911836,0,25.59023604309592,79.64274768219708,1010.1292993911836
2025-02-09 13:00:00,SubtleStation,25.58485326721492,78.29586509655364,1010.0965565877993,0,25.58485326721492,78.29586509655364,1010.0965565877993
2025-02-09 14:00:00,SubtleStation,25.629585176652043,78.13161980685358,1009.7780048056097,0,25.629585176652043,78.13161980685358,1009.7780048056097
2025-02-09 15:00:00,SubtleStation,25.711187658602405,77.75362143509078,1011.1255640136295,0,25.711187658602405,77.75362143509078,1011.1255640136295
2025-02-09 16:00:00,SubtleStation,26.059722379382514,78.95820779128738,1010.7471253223206,0,26.059722379382514,78.95820779128738,1010.7471253223206
2025-02-09 17:00:00,SubtleStation,26.19313758352634,79.2994629807233,1009.7466539876497,0,26.19313758352634,79.2994629807233,1009.7466539876497
2025-02-09 18:00:00,SubtleStation,26.20832064260733,77.49180138729935,1009.2429744019325,0,26.20832064260733,77.49180138729935,1009.2429744019325
2025-02-09 19:00:00,SubtleStation,25.847626243102,78.7799855078909,1009.301179316219,0,25.847626243102,78.7799855078909,1009.301179316219
2025-02-09 20:00:00,SubtleStation,26.413487635781216,80.75665501456842,1010.5638579003911,0,26.413487635781216,80.75665501456842,1010.5638579003911
2025-02-09 21:00:00,SubtleStation,26.563299458339447,80.46695609215104,1009.5592946684358,0,26.563299458339447,80.46695609215104,1009.5592946684358
2025-02-09 22:00:00,SubtleStation,26.411802964588265,79.16882037698974,1010.3267797481267,0,26.411802964588265,79.16882037698974,1010.3267797481267
2025-02-09 23:00:00,SubtleStation,26.649099650023565,78.4001925572341,1009.920743791613,0,26.649099650023565,78.4001925572341,1009.920743791613
2025-02-10 00:00:00,SubtleStation,26.3618217168691,77.74030154269182,1010.3178222934648,0,26.3618217168691,77.74030154269182,1010.3178222934648
2025-02-10 01:00:00,SubtleStation,26.58205970577508,78.46392947178514,1010.0099316730373,0,26.58205970577508,78.46392947178514,1010.0099316730373
2025-02-10 02:00:00,SubtleStation,26.855929900254367,78.37437868092287,1009.8216859123296,0,26.855929900254367,78.37437868092287,1009.8216859123296
2025-02-10 03:00:00,SubtleStation,26.95078160031671,79.19653335808096,1010.5084917404104,0,26.95078160031671,79.19653335808096,1010.5084917404104
2025-02-10 04:00:00,SubtleStation,27.174217174679477,78.65121258636567,1010.4042067625143,0,27.174217174679477,78.65121258636567,1010.4042067625143
2025-02-10 05:00:00,SubtleStation,26.95680383306498,78.08079559851868,1010.181366260488,0,26.95680383306498,78.08079559851868,1010.181366260488
2025-02-10 06:00:00,SubtleStation,27.215377310027183,77.73819595037195,1010.2771023461695,0,27.215377310027183,77.73819595037195,1010.2771023461695
2025-02-10 07:00:00,SubtleStation,27.27417839702352,76.72051564202813,1009.9124459568701,0,27.27417839702352,76.72051564202813,1009.9124459568701
2025-02-10 08:00:00,SubtleStation,27.565303076313644,75.01900758478331,1009.5297903105453,0,27.565303076313644,75.01900758478331,1009.5297903105453
2025-02-10 09:00:00,SubtleStation,27.830491922362032,77.86274601108451,1010.2380836251341,0,27.830491922362032,77.86274601108451,1010.2380836251341
2025-02-10 10:00:00,SubtleStation,27.976030932923045,76.33906733946306,1010.1392373973492,0,27.976030932923045,76.33906733946306,1010.1392373973492
2025-02-10 11:00:00,SubtleStation,27.402669235016887,77.69909285971353,1009.4319577330917,0,27.402669235016887,77.69909285971353,1009.4319577330917
2025-02-10 12:00:00,SubtleStation,27.79017784005646,76.25080195433961,1010.2700928275312,0,27.79017784005646,76.25080195433961,1010.2700928275312
2025-02-10 13:00:00,SubtleStation,27.659577927370087,76.15987907095891,1010.2934286690668,0,27.659577927370087,76.15987907095891,1010.2934286690668
2025-02-10 14:00:00,SubtleStation,27.950284653804765,75.3440490697153,1009.7085742784894,0,27.950284653804765,75.3440490697153,1009.7085742784894
2025-02-10 15:00:00,SubtleStation,28.12778162653175,77.13366638623617,1010.6121249387245,0,28.12778162653175,77.13366638623617,1010.6121249387245
2025-02-10 16:00:00,SubtleStation,28.1382423512977,75.73364085198347,1010.1206682281197,0,28.1382423512977,75.73364085198347,1010.1206682281197
2025-02-10 17:00:00,SubtleStation,28.18963899707568,74.19205966164262,1009.3622509292948,0,28.18963899707568,74.19205966164262,1009.3622509292948
2025-02-10 18:00:00,SubtleStation,28.572266091159005,74.59204682562824,1010.0750035085848,0,28.572266091159005,74.59204682562824,1010.0750035085848
2025-02-10 19:00:00,SubtleStation,28.494762310062853,73.3215558698391,1010.5222910941388,0,28.494762310062853,73.3215558698391,1010.5222910941388
2025-02-10 20:00:00,SubtleStation,28.369598997616126,74.54923307454935,1010.1610185240273,0,28.369598997616126,74.54923307454935,1010.1610185240273
2025-02-10 21:00:00,SubtleStation,28.501167466014202,72.90710701299777,1009.6460929047335,0,28.501167466014202,72.90710701299777,1009.6460929047335
2025-02-10 22:00:00,SubtleStation,28.74130101610141,72.49249514202165,1009.9928829974217,0,28.74130101610141,72.49249514202165,1009.9928829974217
2025-02-10 23:00:00,SubtleStation,28.75844844496622,75.7536832193672,1010.0831199678651,0,28.75844844496622,75.7536832193672,1010.0831199678651
2025-02-11 00:00:00,SubtleStation,28.619388882407183,75.54239477546554,1009.5313895126236,0,28.619388882407183,75.54239477546554,1009.5313895126236
2025-02-11 01:00:00,SubtleStation,28.41578698922277,73.096787418718,1008.5740090533894,0,28.41578698922277,73.096787418718,1008.5740090533894
2025-02-11 02:00:00,SubtleStation,28.598826625764747,74.01436111971688,1011.2398919613156,0,28.598826625764747,74.01436111971688,1011.2398919613156
2025-02-11 03:00:00,SubtleStation,28.92834167022629,71.9836785287951,1010.0712041806333,0,28.92834167022629,71.9836785287951,1010.0712041806333
2025-02-11 04:00:00,SubtleStation,28.603667925240984,71.59814408157132,1010.1831995011868,0,28.603667925240984,71.59814408157132,1010.1831995011868
2025-02-11 05:00:00,SubtleStation,28.990736896317028,72.44398965402931,1009.7432968023725,0,28.990736896317028,72.44398965402931,1009.7432968023725
2025-02-11 06:00:00,SubtleStation,28.989135384578777,72.2886152388364,1010.0029716679464,0,28.989135384578777,72.2886152388364,1010.0029716679464
2025-02-11 07:00:00,SubtleStation,29.336700666102814,71.12628636715384,1010.6723216967928,0,29.336700666102814,71.12628636715384,1010.6723216967928
2025-02-11 08:00:00,SubtleStation,28.928586879539946,72.18907478762121,1010.2428371435094,0,28.928586879539946,72.18907478762121,1010.2428371435094
2025-02-11 09:00:00,SubtleStation,28.859509893926163,72.02007671774237,1009.3554684531578,0,28.859509893926163,72.02007671774237,1009.3554684531578
2025-02-11 10:00:00,SubtleStation,29.213904618493807,71.19769476918786,1010.9773718828119,0,29.213904618493807,71.19769476918786,1010.9773718828119
2025-02-11 11:00:00,SubtleStation,29.47503470662722,69.85304790973078,1009.9712878159116,0,29.47503470662722,69.85304790973078,1009.9712878159116
2025-02-11 12:00:00,SubtleStation,29.61057524287271,71.23448349501179,1009.8026342749235,0,29.61057524287271,71.23448349501179,1009.8026342749235
2025-02-11 13:00:00,SubtleStation,29.26147628094636,70.49592759798782,1009.8149621177756,0,29.26147628094636,70.49592759798782,1009.8149621177756
2025-02-11 14:00:00,SubtleStation,29.58236660641817,68.36289816855815,1009.7542763184133,0,29.58236660641817,68.36289816855815,1009.7542763184133
2025-02-11 15:00:00,SubtleStation,29.309203955989858,68.69355738804407,1009.8892539928918,0,29.309203955989858,68.69355738804407,1009.8892539928918
2025-02-11 16:00:00,SubtleStation,29.423087480265064,68.31543260732083,1010.5687451703349,2,29.423087480265064,68.31543260732083,1010.5687451703349
2025-02-11 17:00:00,SubtleStation,29.730905034375105,65.32247699043437,1010.1685785027562,2,29.725905034375106,65.32247699043437,1010.1685785027562
2025-02-11 18:00:00,SubtleStation,29.803703682378515,66.90258770307649,1010.3508100935323,2,29.793703682378514,66.90258770307649,1010.3508100935323
2025-02-11 19:00:00,SubtleStation,29.501024197097227,67.1743040187161,1010.2510885862149,2,29.486024197097226,67.1743040187161,1010.2510885862149
2025-02-11 20:00:00,SubtleStation,29.834831737043135,67.2279668117277,1011.0298232570784,2,29.814831737043136,67.2279668117277,1011.0298232570784
2025-02-11 21:00:00,SubtleStation,29.403215202058405,67.32707152820922,1009.4988702287617,2,29.378215202058406,67.32707152820922,1009.4988702287617
2025-02-11 22:00:00,SubtleStation,29.771545012336453,66.26573989874224,1010.1898914789487,2,29.741545012336452,66.26573989874224,1010.1898914789487
2025-02-11 23:00:00,SubtleStation,29.618475285306754,64.39584803817536,1010.5267557209046,2,29.583475285306754,64.39584803817536,1010.5267557209046
2025-02-12 00:00:00,SubtleStation,29.715108283664833,64.91986834303108,1010.0784366669532,2,29.675108283664834,64.91986834303108,1010.0784366669532
2025-02-12 01:00:00,SubtleStation,29.650820573600026,66.51137865026678,1009.5967679292488,2,29.605820573600024,66.51137865026678,1009.5967679292488
2025-02-12 02:00:00,SubtleStation,30.044204087869378,65.75979507675866,1009.7199446848325,2,29.994204087869377,65.75979507675866,1009.7199446848325
2025-02-12 03:00:00,SubtleStation,30.069742359710336,63.57966826692797,1009.6132956199046,2,30.014742359710336,63.57966826692797,1009.6132956199046
2025-02-12 04:00:00,SubtleStation,29.84425372696099,63.40775269438784,1010.241406443096,2,29.78425372696099,63.40775269438784,1010.241406443096
2025-02-12 05:00:00,SubtleStation,30.079166908042993,63.814248485584045,1009.2332605243489,2,30.01416690804299,63.814248485584045,1009.2332605243489
2025-02-12 06:00:00,SubtleStation,30.075885243349997,61.774236282499054,1010.5955454711814,2,30.005885243349997,61.774236282499054,1010.5955454711814
2025-02-12 07:00:00,SubtleStation,30.01553848881343,62.421728832389874,1010.3951540451069,2,29.94053848881343,62.421728832389874,1010.3951540451069
2025-02-12 08:00:00,SubtleStation,30.48847376645161,62.94877676203269,1009.2658115763606,2,30.40847376645161,62.94877676203269,1009.2658115763606
2025-02-12 09:00:00,SubtleStation,29.902283423947864,60.516544492803355,1009.2271919443208,2,29.817283423947863,60.516544492803355,1009.2271919443208
2025-02-12 10:00:00,SubtleStation,30.084944671312726,62.48875300715519,1011.2464125646262,2,29.994944671312727,62.48875300715519,1011.2464125646262
2025-02-12 11:00:00,SubtleStation,30.015233187284416,60.65791820872855,1010.1897104689591,2,29.920233187284417,60.65791820872855,1010.1897104689591
2025-02-12 12:00:00,SubtleStation,30.024982112915264,59.78865872825161,1010.2353487989373,2,29.924982112915263,59.78865872825161,1010.2353487989373
2025-02-12 13:00:00,SubtleStation,30.136847570687298,58.265994076616366,1011.1830662683559,2,30.031847570687297,58.265994076616366,1011.1830662683559
2025-02-12 14:00:00,SubtleStation,30.04971236427496,59.89812670899721,1009.4012922235249,2,29.93971236427496,59.89812670899721,1009.4012922235249
2025-02-12 15:00:00,SubtleStation,29.938132316822305,59.45887892877109,1009.4652708134769,2,29.823132316822306,59.45887892877109,1009.4652708134769
2025-02-12 16:00:00,SubtleStation,30.134690513073696,57.458197706891895,1009.8139976460276,2,30.014690513073695,57.458197706891895,1009.8139976460276
2025-02-12 17:00:00,SubtleStation,30.343942017436998,55.99549041367611,1009.8253110728299,2,30.218942017436998,55.99549041367611,1009.8253110728299
2025-02-12 18:00:00,SubtleStation,30.291665917461078,57.50533445181073,1010.2843610835695,2,30.16166591746108,57.50533445181073,1010.2843610835695
2025-02-12 19:00:00,SubtleStation,30.13736851789328,56.0360727312486,1010.4506549853203,2,30.002368517893277,56.0360727312486,1010.4506549853203
2025-02-12 20:00:00,SubtleStation,29.941341804438913,55.18662303187304,1011.2038350040445,2,29.801341804438913,55.18662303187304,1011.2038350040445
2025-02-12 21:00:00,SubtleStation,30.115388539844783,56.71318475054764,1010.4097943586053,2,29.970388539844784,56.71318475054764,1010.4097943586053
2025-02-12 22:00:00,SubtleStation,30.28273871224556,56.02355808385667,1010.0914437991437,2,30.132738712245562,56.02355808385667,1010.0914437991437
2025-02-12 23:00:00,SubtleStation,30.289788402640305,55.0702942332782,1009.6420038486822,2,30.134788402640304,55.0702942332782,1009.6420038486822
2025-02-13 00:00:00,SubtleStation,30.10726906612219,54.52058540859282,1011.1971545720938,2,29.94726906612219,54.52058540859282,1011.1971545720938
2025-02-13 01:00:00,SubtleStation,29.944290470316428,55.47804286094515,1010.3643912748464,2,29.77929047031643,55.47804286094515,1010.3643912748464
2025-02-13 02:00:00,SubtleStation,29.95650004000726,54.939004588608896,1009.2040840650635,2,29.786500040007258,54.939004588608896,1009.2040840650635
2025-02-13 03:00:00,SubtleStation,30.129416926521213,55.601539987497205,1009.9095541051645,2,29.954416926521212,55.601539987497205,1009.9095541051645
2025-02-13 04:00:00,SubtleStation,30.088313427909792,53.84423858923626,1010.471915667793,2,29.908313427909793,53.84423858923626,1010.471915667793
2025-02-13 05:00:00,SubtleStation,29.57363158878385,51.64247342371053,1009.6544037742473,2,29.388631588783852,51.64247342371053,1009.6544037742473
2025-02-13 06:00:00,SubtleStation,30.029125586438326,52.55268452165111,1010.8726395664652,2,29.839125586438325,52.55268452165111,1010.8726395664652
2025-02-13 07:00:00,SubtleStation,30.010006652329217,51.8994697307155,1009.819483153346,2,29.815006652329217,51.8994697307155,1009.819483153346
2025-02-13 08:00:00,SubtleStation,29.658787825060134,52.33445710958002,1009.6721642981399,2,29.458787825060135,52.33445710958002,1009.6721642981399
2025-02-13 09:00:00,SubtleStation,29.649851841956533,50.7734095239204,1010.1677080863745,2,29.444851841956535,50.7734095239204,1010.1677080863745
2025-02-13 10:00:00,SubtleStation,29.61619738696819,50.3859376290321,1009.3851928339734,2,29.406197386968188,50.3859376290321,1009.3851928339734
2025-02-13 11:00:00,SubtleStation,29.594536066771525,50.14475459855174,1010.5355057681127,2,29.379536066771525,50.14475459855174,1010.5355057681127
2025-02-13 12:00:00,SubtleStation,29.408390232614963,50.725450555476336,1010.1358838599583,2,29.188390232614964,50.725450555476336,1010.1358838599583
2025-02-13 13:00:00,SubtleStation,29.713720706658904,51.32585976790169,1010.3970697998686,2,29.488720706658903,51.32585976790169,1010.3970697998686
2025-02-13 14:00:00,SubtleStation,29.451549521433677,49.895646515544634,1010.20214786929,2,29.221549521433676,49.895646515544634,1010.20214786929
2025-02-13 15:00:00,SubtleStation,29.550455594674464,49.607712217665146,1010.0664942017141,2,29.315455594674464,49.607712217665146,1010.0664942017141
2025-02-13 16:00:00,SubtleStation,29.419125117883183,51.03917913512173,1010.7577794013399,2,29.179125117883185,51.03917913512173,1010.7577794013399
2025-02-13 17:00:00,SubtleStation,29.522068808128562,50.60739457922769,1009.8594503841355,2,29.27706880812856,50.60739457922769,1009.8594503841355
2025-02-13 18:00:00,SubtleStation,29.21961329269276,48.83315790624611,1010.451237951433,2,28.96961329269276,48.83315790624611,1010.451237951433
2025-02-13 19:00:00,SubtleStation,29.419823864253168,47.79297227103089,1010.1987969346036,2,29.16482386425317,47.79297227103089,1010.1987969346036
2025-02-13 20:00:00,SubtleStation,29.39611416971283,48.995665054208594,1010.1273218769984,2,29.13611416971283,48.995665054208594,1010.1273218769984
2025-02-13 21:00:00,SubtleStation,29.429440202278666,47.99768674662481,1009.927271931269,2,29.164440202278666,47.99768674662481,1009.927271931269
2025-02-13 22:00:00,SubtleStation,29.601638266659332,49.0164855888825,1009.5183393871318,2,29.331638266659333,49.0164855888825,1009.5183393871318
2025-02-13 23:00:00,SubtleStation,28.732251446759633,47.667206699727494,1010.1910532083612,2,28.457251446759635,47.667206699727494,1010.1910532083612
2025-02-14 00:00:00,SubtleStation,29.15577118241679,46.37870584912758,1009.4461338740348,2,28.875771182416788,46.37870584912758,1009.4461338740348
2025-02-14 01:00:00,SubtleStation,28.88938701943271,46.095031589832814,1009.116598673236,2,28.60438701943271,46.095031589832814,1009.116598673236
2025-02-14 02:00:00,SubtleStation,28.58422008796253,47.32329002597561,1010.192967769238,2,28.294220087962533,47.32329002597561,1010.192967769238
2025-02-14 03:00:00,SubtleStation,29.074097949509074,45.746964565170984,1009.2668696613888,2,28.779097949509072,45.746964565170984,1009.2668696613888
2025-02-14 04:00:00,SubtleStation,29.107306965484423,45.03697111285103,1010.754724983943,2,28.807306965484422,45.03697111285103,1010.754724983943
2025-02-14 05:00:00,SubtleStation,28.696219744207802,47.39944955598131,1009.6968103899259,2,28.391219744207802,47.39944955598131,1009.6968103899259
2025-02-14 06:00:00,SubtleStation,28.749018516042927,44.19052908205259,1010.0685157017981,2,28.43901851604293,44.19052908205259,1010.0685157017981
2025-02-14 07:00:00,SubtleStation,28.6249506468241,43.75300696736814,1009.7103998035094,2,28.3099506468241,43.75300696736814,1009.7103998035094
2025-02-14 08:00:00,SubtleStation,28.654206672671954,45.23040272011634,1010.1026212613438,2,28.334206672671954,45.23040272011634,1010.1026212613438
2025-02-14 09:00:00,SubtleStation,28.671776009776643,44.05581742971922,1010.3947233453688,2,28.346776009776644,44.05581742971922,1010.3947233453688
2025-02-14 10:00:00,SubtleStation,28.49168931537482,44.617528659510256,1010.5004267571372,2,28.161689315374822,44.617528659510256,1010.5004267571372
2025-02-14 11:00:00,SubtleStation,28.417651287920798,43.712334613025426,1009.7515784647909,2,28.082651287920797,43.712334613025426,1009.7515784647909
2025-02-14 12:00:00,SubtleStation,28.52503422338223,43.94565370218908,1009.6971652209169,2,28.18503422338223,43.94565370218908,1009.6971652209169
2025-02-14 13:00:00,SubtleStation,28.163570418089673,43.51671535779105,1008.604973966889,2,27.818570418089674,43.51671535779105,1008.604973966889
2025-02-14 14:00:00,SubtleStation,28.303390705029468,42.7631654856151,1010.7390823614461,2,27.953390705029467,42.7631654856151,1010.7390823614461
2025-02-14 15:00:00,SubtleStation,27.87554471726847,43.88253414922012,1009.7525072584466,2,27.520544717268468,43.88253414922012,1009.7525072584466
2025-02-14 16:00:00,SubtleStation,28.281454430173866,42.623242872264555,1010.1077020926829,2,27.921454430173867,42.623242872264555,1010.1077020926829
2025-02-14 17:00:00,SubtleStation,28.026654762016157,42.81693071598438,1010.4990699096345,2,27.66165476201616,42.81693071598438,1010.4990699096345
2025-02-14 18:00:00,SubtleStation,27.71638401477344,42.98688586686911,1011.0385892948932,2,27.346384014773438,42.98688586686911,1011.0385892948932
2025-02-14 19:00:00,SubtleStation,27.291301319704328,41.64655824828129,1009.3520951753235,2,26.916301319704328,41.64655824828129,1009.3520951753235
2025-02-14 20:00:00,SubtleStation,27.63028780571488,42.09810688987946,1009.7164978877003,2,27.25028780571488,42.09810688987946,1009.7164978877003
2025-02-14 21:00:00,SubtleStation,27.3092265972904,42.97776929474642,1009.7527927998053,2,26.9242265972904,42.97776929474642,1009.7527927998053
2025-02-14 22:00:00,SubtleStation,27.519889377224942,41.713262449091076,1009.2153211369849,2,27.12988937722494,41.713262449091076,1009.2153211369849
2025-02-14 23:00:00,SubtleStation,27.66374191003874,42.09859136769156,1010.0138784095913,2,27.26874191003874,42.09859136769156,1010.0138784095913
2025-02-15 00:00:00,SubtleStation,27.31827409941398,41.297178719787155,1009.8433521815937,2,26.91827409941398,41.297178719787155,1009.8433521815937
2025-02-15 01:00:00,SubtleStation,27.16265883178692,41.76639070424237,1009.8709643721902,2,26.75765883178692,41.76639070424237,1009.8709643721902
2025-02-15 02:00:00,SubtleStation,27.177984081627333,40.65797553675619,1009.6015824178311,2,26.767984081627333,40.65797553675619,1009.6015824178311
2025-02-15 03:00:00,SubtleStation,27.07727461969607,41.08323715075423,1010.0410655573197,2,26.66227461969607,41.08323715075423,1010.0410655573197
2025-02-15 04:00:00,SubtleStation,26.457531045115964,41.85136395471939,1010.1415194119274,2,26.037531045115962,41.85136395471939,1010.1415194119274
2025-02-15 05:00:00,SubtleStation,26.88764626286755,42.156271808170295,1010.0952938042512,2,26.462646262867548,42.156271808170295,1010.0952938042512
2025-02-15 06:00:00,SubtleStation,26.872303393460957,40.537252832980016,1009.7547059433966,2,26.442303393460957,40.537252832980016,1009.7547059433966
2025-02-15 07:00:00,SubtleStation,26.60464113500147,40.537686392490805,1010.3410312957948,2,26.16964113500147,40.537686392490805,1010.3410312957948
2025-02-15 08:00:00,SubtleStation,26.759994034125413,40.427072473228904,1010.2318938256923,2,26.31999403412541,40.427072473228904,1010.2318938256923
2025-02-15 09:00:00,SubtleStation,26.4460701823937,41.18764409651402,1009.7263250570523,2,26.0010701823937,41.18764409651402,1009.7263250570523
2025-02-15 10:00:00,SubtleStation,26.531916935973182,38.44944298559519,1009.8658608439814,2,26.081916935973183,38.44944298559519,1009.8658608439814
2025-02-15 11:00:00,SubtleStation,26.739678747965588,41.52971413963215,1009.7959144132583,2,26.28467874796559,41.52971413963215,1009.7959144132583
2025-02-15 12:00:00,SubtleStation,26.171987898960353,38.9884606949509,1009.4246718827026,2,25.711987898960352,38.9884606949509,1009.4246718827026
2025-02-15 13:00:00,SubtleStation,25.70875547606478,39.6973372243908,1009.8267189247983,2,25.24375547606478,39.6973372243908,1009.8267189247983
2025-02-15 14:00:00,SubtleStation,25.93552638340866,41.07425618017515,1009.5218741066343,2,25.465526383408662,41.07425618017515,1009.5218741066343
2025-02-15 15:00:00,SubtleStation,25.56311633017928,40.06363880918888,1010.0347601901148,2,25.08811633017928,40.06363880918888,1010.0347601901148
2025-02-15 16:00:00,SubtleStation,25.935818118040338,40.08898003739423,1010.0059022955587,2,25.455818118040337,40.08898003739423,1010.0059022955587
2025-02-15 17:00:00,SubtleStation,25.98058349201654,40.191376047994055,1009.4559054994944,2,25.49558349201654,40.191376047994055,1009.4559054994944
2025-02-15 18:00:00,SubtleStation,25.762938454405493,40.29297832400281,1010.2560591290646,2,25.272938454405494,40.29297832400281,1010.2560591290646
2025-02-15 19:00:00,SubtleStation,25.592819864830957,39.75912856635089,1009.4794163538413,2,25.097819864830957,39.75912856635089,1009.4794163538413
2025-02-15 20:00:00,SubtleStation,25.30475532275508,39.85846330468435,1009.905973877415,2,24.80475532275508,39.85846330468435,1009.905973877415
2025-02-15 21:00:00,SubtleStation,25.653879068986516,41.168961913134794,1009.2923635737577,2,25.148879068986517,41.168961913134794,1009.2923635737577
2025-02-15 22:00:00,SubtleStation,25.394479592468056,41.12353811247065,1009.725044813362,2,24.884479592468054,41.12353811247065,1009.725044813362
2025-02-15 23:00:00,SubtleStation,25.205900000998124,42.34405323002445,1009.722641017795,2,24.690900000998123,42.34405323002445,1009.722641017795
2025-02-16 00:00:00,SubtleStation,25.09530634430253,41.583383682562136,1011.1050892760493,2,24.57530634430253,41.583383682562136,1011.1050892760493
2025-02-16 01:00:00,SubtleStation,24.982174277667127,40.81148068522471,1009.3207387303268,2,24.45717427766713,40.81148068522471,1009.3207387303268
2025-02-16 02:00:00,SubtleStation,24.956032759560596,41.02687003363357,1009.9409202083382,2,24.426032759560595,41.02687003363357,1009.9409202083382
2025-02-16 03:00:00,SubtleStation,24.648930569469876,40.81540120548172,1009.4319637129915,2,24.113930569469876,40.81540120548172,1009.4319637129915
2025-02-16 04:00:00,SubtleStation,24.98295799618881,40.47524937433161,1010.6616134638004,2,24.44295799618881,40.47524937433161,1010.6616134638004
2025-02-16 05:00:00,SubtleStation,24.615032927337595,39.13253383690603,1010.965172651985,2,24.070032927337593,39.13253383690603,1010.965172651985
2025-02-16 06:00:00,SubtleStation,24.611617149141118,40.77919919425746,1009.8310430557106,2,24.061617149141117,40.77919919425746,1009.8310430557106
2025-02-16 07:00:00,SubtleStation,24.31235759856371,39.87156537656377,1010.8299853390129,2,23.75735759856371,39.87156537656377,1010.8299853390129
2025-02-16 08:00:00,SubtleStation,24.381982097021243,41.11775103545958,1010.1672408802611,2,23.821982097021245,41.11775103545958,1010.1672408802611
2025-02-16 09:00:00,SubtleStation,23.75907662571868,41.676520676640145,1009.8797543859757,2,23.19407662571868,41.676520676640145,1009.8797543859757
2025-02-16 10:00:00,SubtleStation,23.90073608310536,39.31327546497644,1009.8186755732098,2,23.33073608310536,39.31327546497644,1009.8186755732098
2025-02-16 11:00:00,SubtleStation,24.027660429709375,41.84863250659677,1009.30884633892,2,23.452660429709375,41.84863250659677,1009.30884633892
2025-02-16 12:00:00,SubtleStation,23.679612288740373,40.90166969668991,1009.862301942579,2,23.099612288740374,40.90166969668991,1009.862301942579
2025-02-16 13:00:00,SubtleStation,24.34280817115785,42.155292519100136,1009.8317918262323,2,23.757808171157848,42.155292519100136,1009.8317918262323
2025-02-16 14:00:00,SubtleStation,23.432819826901877,42.20662195749139,1010.0094332977089,2,22.842819826901877,42.20662195749139,1010.0094332977089
2025-02-16 15:00:00,SubtleStation,23.747856663878466,40.59994407723988,1010.0542115675544,2,23.152856663878467,40.59994407723988,1010.0542115675544
2025-02-16 16:00:00,SubtleStation,23.922838379680684,41.26719524737057,1010.4086399495841,2,23.322838379680682,41.26719524737057,1010.4086399495841
2025-02-16 17:00:00,SubtleStation,23.601752016911643,42.30153455423252,1010.6403671466367,2,22.996752016911643,42.30153455423252,1010.6403671466367
2025-02-16 18:00:00,SubtleStation,23.35810006056055,40.592440653142305,1010.9764245658585,2,22.74810006056055,40.592440653142305,1010.9764245658585
2025-02-16 19:00:00,SubtleStation,23.225243983710175,42.04338322470784,1010.3153230887317,2,22.610243983710177,42.04338322470784,1010.3153230887317
2025-02-16 20:00:00,SubtleStation,23.38676319273782,43.799794365096616,1009.5850656765674,2,22.76676319273782,43.799794365096616,1009.5850656765674
2025-02-16 21:00:00,SubtleStation,23.009444755822418,43.51350808253945,1009.3715437425258,2,22.384444755822418,43.51350808253945,1009.3715437425258
2025-02-16 22:00:00,SubtleStation,23.063971027792284,44.35843769212593,1009.903022486476,2,22.433971027792285,44.35843769212593,1009.903022486476
2025-02-16 23:00:00,SubtleStation,23.145494554262232,42.43228569195597,1010.237067083947,2,22.51049455426223,42.43228569195597,1010.237067083947
2025-02-17 00:00:00,SubtleStation,22.866117094735895,42.47735979423651,1009.5611665351819,2,22.226117094735894,42.47735979423651,1009.5611665351819
2025-02-17 01:00:00,SubtleStation,22.866718289768222,43.9011898471178,1009.82542809442,2,22.221718289768223,43.9011898471178,1009.82542809442
2025-02-17 02:00:00,SubtleStation,22.71104114053809,43.07687079154197,1010.0106477911387,2,22.06104114053809,43.07687079154197,1010.0106477911387
2025-02-17 03:00:00,SubtleStation,22.501692668539725,42.688330853430095,1009.566790309726,2,21.846692668539724,42.688330853430095,1009.566790309726
2025-02-17 04:00:00,SubtleStation,22.858460249651745,45.435845261680186,1010.5674043754171,2,22.198460249651745,45.435845261680186,1010.5674043754171
2025-02-17 05:00:00,SubtleStation,22.82543755811733,45.35686026267453,1008.9627708995002,2,22.16043755811733,45.35686026267453,1008.9627708995002
2025-02-17 06:00:00,SubtleStation,22.4109262042389,44.42897315623761,1010.5288506046353,2,21.7409262042389,44.42897315623761,1010.5288506046353
2025-02-17 07:00:00,SubtleStation,22.34987161065221,45.38476614578342,1011.1718388142557,2,21.67487161065221,45.38476614578342,1011.1718388142557
2025-02-17 08:00:00,SubtleStation,22.297436907241384,46.768874482435976,1010.0857202257582,2,21.617436907241384,46.768874482435976,1010.0857202257582
2025-02-17 09:00:00,SubtleStation,22.37214664671837,44.65336793501991,1009.8009535387613,2,21.68714664671837,44.65336793501991,1009.8009535387613
2025-02-17 10:00:00,SubtleStation,22.016063903322365,47.11174481469615,1010.0186243131164,2,21.326063903322364,47.11174481469615,1010.0186243131164
2025-02-17 11:00:00,SubtleStation,22.113554522474594,44.90377617140105,1009.9393190842922,2,21.418554522474594,44.90377617140105,1009.9393190842922
2025-02-17 12:00:00,SubtleStation,22.11941304081558,45.12766119874376,1010.2293518390319,2,21.41941304081558,45.12766119874376,1010.2293518390319
2025-02-17 13:00:00,SubtleStation,22.132245110366462,46.73624496376721,1010.1054958120862,2,21.427245110366464,46.73624496376721,1010.1054958120862
2025-02-17 14:00:00,SubtleStation,21.386165684523945,46.373833390055296,1009.6299580256623,2,20.676165684523944,46.373833390055296,1009.6299580256623
2025-02-17 15:00:00,SubtleStation,21.963017859901843,47.06609176575531,1010.4158898748597,2,21.248017859901843,47.06609176575531,1010.4158898748597
2025-02-17 16:00:00,SubtleStation,21.893044276240346,47.22356171692791,1009.5361136944717,2,21.173044276240347,47.22356171692791,1009.5361136944717
2025-02-17 17:00:00,SubtleStation,21.968517298673163,48.735440017070246,1009.970817189963,2,21.24351729867316,48.735440017070246,1009.970817189963
2025-02-17 18:00:00,SubtleStation,21.606399367764592,47.674689435311976,1010.3338538917366,2,20.87639936776459,47.674689435311976,1010.3338538917366
2025-02-17 19:00:00,SubtleStation,21.55426997787053,47.172818766703585,1010.6133523727708,2,20.81926997787053,47.172818766703585,1010.6133523727708
2025-02-17 20:00:00,SubtleStation,21.846363806248004,48.64326521973048,1010.0103125198275,2,21.106363806248005,48.64326521973048,1010.0103125198275
2025-02-17 21:00:00,SubtleStation,21.242803279973952,51.486515638371394,1010.4547468487261,2,20.49780327997395,51.486515638371394,1010.4547468487261
2025-02-17 22:00:00,SubtleStation,21.83250325254809,48.27788118286553,1009.9149502579551,2,21.08250325254809,48.27788118286553,1009.9149502579551
2025-02-17 23:00:00,SubtleStation,21.970812607619727,49.92186237448014,1010.3857529508086,2,21.21581260761973,49.92186237448014,1010.3857529508086
2025-02-18 00:00:00,SubtleStation,21.5097913508794,48.836866195107255,1010.1705311891099,2,20.7497913508794,48.836866195107255,1010.1705311891099
2025-02-18 01:00:00,SubtleStation,21.53352692394466,48.90945262764972,1010.351994351634,2,20.76852692394466,48.90945262764972,1010.351994351634
2025-02-18 02:00:00,SubtleStation,21.030955464869827,50.192427774143596,1010.3975022578053,2,20.260955464869827,50.192427774143596,1010.3975022578053
2025-02-18 03:00:00,SubtleStation,21.14990152882012,52.01003119475841,1010.2780481929027,2,20.37490152882012,52.01003119475841,1010.2780481929027
2025-02-18 04:00:00,SubtleStation,21.46212280821187,52.90384455012172,1009.6628873286481,2,20.68212280821187,52.90384455012172,1009.6628873286481
2025-02-18 05:00:00,SubtleStation,21.286462625161423,51.99387567111816,1009.6337855566113,2,20.501462625161423,51.99387567111816,1009.6337855566113
2025-02-18 06:00:00,SubtleStation,21.143192350895074,52.106714874228295,1009.9409564400064,2,20.353192350895075,52.106714874228295,1009.9409564400064
2025-02-18 07:00:00,SubtleStation,21.193274842949293,53.147424016109866,1009.5879831855586,2,20.39827484294929,53.147424016109866,1009.5879831855586
2025-02-18 08:00:00,SubtleStation,21.217179487844707,52.40744134691521,1010.9997792023615,2,20.417179487844706,52.40744134691521,1010.9997792023615
2025-02-18 09:00:00,SubtleStation,21.028122598780193,53.264311035818075,1009.707714119375,2,20.223122598780193,53.264311035818075,1009.707714119375
2025-02-18 10:00:00,SubtleStation,21.053798093511833,54.476295034886284,1009.8657226283519,2,20.243798093511835,54.476295034886284,1009.8657226283519
2025-02-18 11:00:00,SubtleStation,21.0270722130494,52.55163238032597,1010.1545273006487,2,20.2120722130494,52.55163238032597,1010.1545273006487
2025-02-18 12:00:00,SubtleStation,20.800537265097567,53.943255878121064,1009.6803290944979,2,19.980537265097567,53.943255878121064,1009.6803290944979
2025-02-18 13:00:00,SubtleStation,21.054295668619027,54.72981789460623,1009.4724080694664,2,20.229295668619027,54.72981789460623,1009.4724080694664
2025-02-18 14:00:00,SubtleStation,21.330812486276898,55.75431467896007,1010.2004696102418,2,20.500812486276896,55.75431467896007,1010.2004696102418
2025-02-18 15:00:00,SubtleStation,21.29895096456561,54.0707641591148,1010.0196686439895,2,20.46395096456561,54.0707641591148,1010.0196686439895
2025-02-18 16:00:00,SubtleStation,20.6416956073913,54.263636919982076,1010.3470047841291,2,19.8016956073913,54.263636919982076,1010.3470047841291
2025-02-18 17:00:00,SubtleStation,21.03748056767787,54.4063045879775,1010.2354880605568,2,20.192480567677872,54.4063045879775,1010.2354880605568
2025-02-18 18:00:00,SubtleStation,21.046803317321093,56.059415328164526,1011.1245281295269,2,20.19680331732109,56.059415328164526,1011.1245281295269
2025-02-18 19:00:00,SubtleStation,20.81992474945707,57.989906557113294,1010.2449601638036,2,19.96492474945707,57.989906557113294,1010.2449601638036
2025-02-18 20:00:00,SubtleStation,20.70149303184626,58.111207223582774,1009.2313403358175,2,19.841493031846262,58.111207223582774,1009.2313403358175
2025-02-18 21:00:00,SubtleStation,20.624463367989968,58.94542695983489,1009.8967738269102,2,19.75946336798997,58.94542695983489,1009.8967738269102
2025-02-18 22:00:00,SubtleStation,20.795969946652377,58.28762067258218,1010.3646592565553,2,19.925969946652376,58.28762067258218,1010.3646592565553
2025-02-18 23:00:00,SubtleStation,20.953191768394408,58.69287263044821,1010.1612849233792,2,20.078191768394408,58.69287263044821,1010.1612849233792
2025-02-19 00:00:00,SubtleStation,20.851855000913098,59.11834495029216,1009.9335276888746,2,19.9718550009131,59.11834495029216,1009.9335276888746
2025-02-19 01:00:00,SubtleStation,20.76355605976543,59.17483106936449,1009.0303652114158,2,19.87855605976543,59.17483106936449,1009.0303652114158
2025-02-19 02:00:00,SubtleStation,20.6401878288404,62.59065116393977,1009.9976304408585,2,19.7501878288404,62.59065116393977,1009.9976304408585
2025-02-19 03:00:00,SubtleStation,20.966439610336828,60.84072273196876,1010.4242638835241,2,20.071439610336828,60.84072273196876,1010.4242638835241
2025-02-19 04:00:00,SubtleStation,21.117882266388936,59.99495757100592,1010.5196392196607,2,20.217882266388937,59.99495757100592,1010.5196392196607
2025-02-19 05:00:00,SubtleStation,20.729465704263156,61.04196428259351,1009.7107129574523,2,19.824465704263154,61.04196428259351,1009.7107129574523
2025-02-19 06:00:00,SubtleStation,21.01680900521122,62.56185222056096,1010.7051035834113,2,20.10680900521122,62.56185222056096,1010.7051035834113
2025-02-19 07:00:00,SubtleStation,20.56549515903474,60.122088132635604,1010.0440412351903,2,19.65049515903474,60.122088132635604,1010.0440412351903
2025-02-19 08:00:00,SubtleStation,20.826154155030167,62.184501752990236,1010.1261570577931,2,19.906154155030165,62.184501752990236,1010.1261570577931
2025-02-19 09:00:00,SubtleStation,21.121811038770336,63.95772612681648,1010.1165387116064,2,20.196811038770335,63.95772612681648,1010.1165387116064
2025-02-19 10:00:00,SubtleStation,20.77255998100719,63.847058427355044,1009.9699045562857,2,19.84255998100719,63.847058427355044,1009.9699045562857
2025-02-19 11:00:00,SubtleStation,20.89742356439323,63.18140609226836,1009.39132686043,2,19.96242356439323,63.18140609226836,1009.39132686043
2025-02-19 12:00:00,SubtleStation,21.32606915844878,64.89452016717466,1009.5699259773727,2,20.38606915844878,64.89452016717466,1009.5699259773727
2025-02-19 13:00:00,SubtleStation,20.922031608286844,64.31377751813078,1009.4630602990497,2,19.977031608286843,64.31377751813078,1009.4630602990497
2025-02-19 14:00:00,SubtleStation,20.925887327293918,63.82923614515525,1009.7805117777796,2,19.97588732729392,63.82923614515525,1009.7805117777796
2025-02-19 15:00:00,SubtleStation,21.24186389181476,64.99536832485335,1010.1966188483354,2,20.28686389181476,64.99536832485335,1010.1966188483354
2025-02-19 16:00:00,SubtleStation,21.54959089099344,66.905710098763,1010.4443018917173,2,20.58959089099344,66.905710098763,1010.4443018917173
2025-02-19 17:00:00,SubtleStation,21.14458139454496,66.41523765983492,1009.1113435896808,2,20.17958139454496,66.41523765983492,1009.1113435896808
2025-02-19 18:00:00,SubtleStation,21.382043455698774,66.32203503757837,1009.151361068853,2,20.412043455698775,66.32203503757837,1009.151361068853
2025-02-19 19:00:00,SubtleStation,21.535128396403653,65.21046723066748,1010.1343474025576,2,20.560128396403652,65.21046723066748,1010.1343474025576
2025-02-19 20:00:00,SubtleStation,21.370647570711952,66.75156517741577,1010.3851507785284,2,20.390647570711952,66.75156517741577,1010.3851507785284
2025-02-19 21:00:00,SubtleStation,21.292986606562025,68.25767916467369,1009.890771447441,2,20.307986606562025,68.25767916467369,1009.890771447441
2025-02-19 22:00:00,SubtleStation,21.214993780080803,68.74500503610363,1009.4120388439239,2,20.224993780080805,68.74500503610363,1009.4120388439239
2025-02-19 23:00:00,SubtleStation,21.15034644777867,66.54218403906097,1009.5039144861408,2,20.15534644777867,66.54218403906097,1009.5039144861408
2025-02-20 00:00:00,SubtleStation,20.70468301459871,67.51042333541334,1009.5575895636379,0,20.70468301459871,67.51042333541334,1009.5575895636379
2025-02-20 01:00:00,SubtleStation,20.562295846034402,68.67416248342117,1009.6601120749843,0,20.562295846034402,68.67416248342117,1009.6601120749843
2025-02-20 02:00:00,SubtleStation,20.838216571251138,68.91607256896891,1010.8556808687578,0,20.838216571251138,68.91607256896891,1010.8556808687578
2025-02-20 03:00:00,SubtleStation,20.816765399020458,70.26838878154875,1010.0349353606696,0,20.816765399020458,70.26838878154875,1010.0349353606696
2025-02-20 04:00:00,SubtleStation,20.54466323530858,68.4253803422173,1010.1359351428772,0,20.54466323530858,68.4253803422173,1010.1359351428772
2025-02-20 05:00:00,SubtleStation,20.48149041547601,69.62220406213673,1009.4230098713971,0,20.48149041547601,69.62220406213673,1009.4230098713971
2025-02-20 06:00:00,SubtleStation,20.85392516914328,71.50074219551726,1010.4649068588449,0,20.85392516914328,71.50074219551726,1010.4649068588449
2025-02-20 07:00:00,SubtleStation,20.699105436641048,71.92810866782936,1009.8707743357118,0,20.699105436641048,71.92810866782936,1009.8707743357118
2025-02-20 08:00:00,SubtleStation,20.95683057233838,69.88717949522574,1010.1116455626812,0,20.95683057233838,69.88717949522574,1010.1116455626812
2025-02-20 09:00:00,SubtleStation,20.792796294339496,72.27588864418624,1009.9892183285278,0,20.792796294339496,72.27588864418624,1009.9892183285278
2025-02-20 10:00:00,SubtleStation,20.8259405540549,70.57329625008511,1009.6293371475383,0,20.8259405540549,70.57329625008511,1009.6293371475383
2025-02-20 11:00:00,SubtleStation,21.030747678449828,72.91365223032886,1009.9567607187997,0,21.030747678449828,72.91365223032886,1009.9567607187997
2025-02-20 12:00:00,SubtleStation,21.30810319993618,73.31518553906429,1010.1328136962203,0,21.30810319993618,73.31518553906429,1010.1328136962203
2025-02-20 13:00:00,SubtleStation,21.24648034620758,73.09834993697856,1008.9958570463208,0,21.24648034620758,73.09834993697856,1008.9958570463208
2025-02-20 14:00:00,SubtleStation,21.486263178873823,72.25548712146865,1009.7459518161204,0,21.486263178873823,72.25548712146865,1009.7459518161204
2025-02-20 15:00:00,SubtleStation,21.070791905317783,71.54270910733976,1009.6512769531431,0,21.070791905317783,71.54270910733976,1009.6512769531431
2025-02-20 16:00:00,SubtleStation,21.174478452950897,75.25425811842042,1009.6489257823197,0,21.174478452950897,75.25425811842042,1009.6489257823197
2025-02-20 17:00:00,SubtleStation,21.43789694940581,72.6381967094471,1010.1249956026709,0,21.43789694940581,72.6381967094471,1010.1249956026709
2025-02-20 18:00:00,SubtleStation,21.9601240019606,73.71823743033805,1009.4395904235284,0,21.9601240019606,73.71823743033805,1009.4395904235284
2025-02-20 19:00:00,SubtleStation,21.734484700094477,74.39395191030445,1009.8773612044348,0,21.734484700094477,74.39395191030445,1009.8773612044348
2025-02-20 20:00:00,SubtleStation,21.460309328911002,74.96443185468544,1009.8281704818645,0,21.460309328911002,74.96443185468544,1009.8281704818645
2025-02-20 21:00:00,SubtleStation,21.73373922190755,75.72720952376243,1010.1020564895003,0,21.73373922190755,75.72720952376243,1010.1020564895003
2025-02-20 22:00:00,SubtleStation,21.869746595853584,75.88083015391388,1011.2609082486125,0,21.869746595853584,75.88083015391388,1011.2609082486125
2025-02-20 23:00:00,SubtleStation,21.789773038017533,75.91558046607653,1010.0694836053242,0,21.789773038017533,75.91558046607653,1010.0694836053242
2025-02-21 00:00:00,SubtleStation,22.105310784970598,75.7423618612986,1010.537720649454,0,22.105310784970598,75.7423618612986,1010.537720649454
2025-02-21 01:00:00,SubtleStation,22.031719539098223,75.27687797657488,1010.850988341421,0,22.031719539098223,75.27687797657488,1010.850988341421
2025-02-21 02:00:00,SubtleStation,22.08467083042335,77.41048163600576,1009.2187672275156,0,22.08467083042335,77.41048163600576,1009.2187672275156
2025-02-21 03:00:00,SubtleStation,22.47925914295663,77.02735190509367,1010.0965004977338,0,22.47925914295663,77.02735190509367,1010.0965004977338
2025-02-21 04:00:00,SubtleStation,21.969055940204942,77.57283440427196,1009.9716213059806,0,21.969055940204942,77.57283440427196,1009.9716213059806
2025-02-21 05:00:00,SubtleStation,22.20348338663997,76.85387461781943,1009.3767404115839,0,22.20348338663997,76.85387461781943,1009.3767404115839
2025-02-21 06:00:00,SubtleStation,22.31828103732718,78.004970125853,1010.1857129941161,0,22.31828103732718,78.004970125853,1010.1857129941161
2025-02-21 07:00:00,SubtleStation,22.399112670539445,75.03266217180712,1009.9586151989038,0,22.399112670539445,75.03266217180712,1009.9586151989038
2025-02-21 08:00:00,SubtleStation,22.510777223540327,78.74533603343114,1009.0694476076845,0,22.510777223540327,78.74533603343114,1009.0694476076845
2025-02-21 09:00:00,SubtleStation,22.84303970490032,77.65134625505641,1010.722386805109,0,22.84303970490032,77.65134625505641,1010.722386805109
2025-02-21 10:00:00,SubtleStation,23.054369952689846,77.57056797890586,1010.2404369247681,0,23.054369952689846,77.57056797890586,1010.2404369247681
2025-02-21 11:00:00,SubtleStation,23.108856805075035,77.66387822783115,1010.1942511790061,0,23.108856805075035,77.66387822783115,1010.1942511790061
2025-02-21 12:00:00,SubtleStation,22.813151338468998,77.72139501311993,1010.2631468363558,0,22.813151338468998,77.72139501311993,1010.2631468363558
2025-02-21 13:00:00,SubtleStation,23.087788860291305,78.53161371912113,1009.6054535291954,0,23.087788860291305,78.53161371912113,1009.6054535291954
2025-02-21 14:00:00,SubtleStation,23.292690727332367,78.88320241042467,1010.6680198754406,0,23.292690727332367,78.88320241042467,1010.6680198754406
2025-02-21 15:00:00,SubtleStation,23.343922888392015,80.40979973177039,1009.858604331314,0,23.343922888392015,80.40979973177039,1009.858604331314
2025-02-21 16:00:00,SubtleStation,23.651438272210456,78.97075860652751,1010.393126816833,0,23.651438272210456,78.97075860652751,1010.393126816833
2025-02-21 17:00:00,SubtleStation,23.350232560207935,77.89686313532442,1009.3941405591165,0,23.350232560207935,77.89686313532442,1009.3941405591165
2025-02-21 18:00:00,SubtleStation,23.61218000899502,81.43865842108373,1010.6060944600059,0,23.61218000899502,81.43865842108373,1010.6060944600059
2025-02-21 19:00:00,SubtleStation,23.598454540987394,79.24499560595657,1009.6370264262753,0,23.598454540987394,79.24499560595657,1009.6370264262753
2025-02-21 20:00:00,SubtleStation,23.824029600781547,79.23114780580379,1010.012091121177,0,23.824029600781547,79.23114780580379,1010.012091121177
2025-02-21 21:00:00,SubtleStation,23.65523978146848,78.94711851186807,1010.049790774023,0,23.65523978146848,78.94711851186807,1010.049790774023
2025-02-21 22:00:00,SubtleStation,23.782887944818295,78.16995158878146,1010.9179308789276,0,23.782887944818295,78.16995158878146,1010.9179308789276
2025-02-21 23:00:00,SubtleStation,23.92072232315952,80.87119912699569,1009.5937342609978,0,23.92072232315952,80.87119912699569,1009.5937342609978
2025-02-22 00:00:00,SubtleStation,24.052453078108055,78.52625357449337,1010.2328680234227,0,24.052453078108055,78.52625357449337,1010.2328680234227
2025-02-22 01:00:00,SubtleStation,24.573548086381905,80.79026855658209,1009.6968205601444,0,24.573548086381905,80.79026855658209,1009.6968205601444
2025-02-22 02:00:00,SubtleStation,24.598114831637062,79.5511880407596,1011.1471579713073,0,24.598114831637062,79.5511880407596,1011.1471579713073
2025-02-22 03:00:00,SubtleStation,24.419830409823817,80.46486145705282,1010.0958035105136,0,24.419830409823817,80.46486145705282,1010.0958035105136
2025-02-22 04:00:00,SubtleStation,24.596488032733532,79.61801944586713,1010.865183393296,0,24.596488032733532,79.61801944586713,1010.865183393296
2025-02-22 05:00:00,SubtleStation,24.34273050391593,80.27716715561962,1011.0460765484975,0,24.34273050391593,80.27716715561962,1011.0460765484975
2025-02-22 06:00:00,SubtleStation,24.725610974433174,79.96755271950713,1009.2652844642869,0,24.725610974433174,79.96755271950713,1009.2652844642869
2025-02-22 07:00:00,SubtleStation,24.8933395698272,80.02612204229261,1010.5083867647279,0,24.8933395698272,80.02612204229261,1010.5083867647279
2025-02-22 08:00:00,SubtleStation,25.19055610694639,81.25268948229925,1010.0470704725367,0,25.19055610694639,81.25268948229925,1010.0470704725367
2025-02-22 09:00:00,SubtleStation,25.126798283256655,80.01292350917188,1009.7275539313733,0,25.126798283256655,80.01292350917188,1009.7275539313733
2025-02-22 10:00:00,SubtleStation,25.248008842183463,78.8963080929804,1009.4899277894057,0,25.248008842183463,78.8963080929804,1009.4899277894057
2025-02-22 11:00:00,SubtleStation,25.320912303470386,78.37703304807803,1009.0511321189642,0,25.320912303470386,78.37703304807803,1009.0511321189642
2025-02-22 12:00:00,SubtleStation,25.414984276313888,79.37854529960835,1010.5094718729079,0,25.414984276313888,79.37854529960835,1010.5094718729079
2025-02-22 13:00:00,SubtleStation,25.181511989449074,80.55898328034601,1010.4448841743398,0,25.181511989449074,80.55898328034601,1010.4448841743398
2025-02-22 14:00:00,SubtleStation,25.47700766408411,80.47765072647832,1010.1923446638015,0,25.47700766408411,80.47765072647832,1010.1923446638015
2025-02-22 15:00:00,SubtleStation,25.946607704690436,80.62197657701175,1009.65888394419,0,25.946607704690436,80.62197657701175,1009.65888394419
2025-02-22 16:00:00,SubtleStation,25.92341683182541,80.18048873363767,1009.3751965763979,0,25.92341683182541,80.18048873363767,1009.3751965763979
2025-02-22 17:00:00,SubtleStation,25.9561880751254,80.09108195210773,1009.7586716473462,0,25.9561880751254,80.09108195210773,1009.7586716473462
2025-02-22 18:00:00,SubtleStation,25.96904480692033,78.88078353388258,1009.9095657548974,0,25.96904480692033,78.88078353388258,1009.9095657548974
2025-02-22 19:00:00,SubtleStation,26.18556817308432,80.12119729479149,1009.9505908897506,0,26.18556817308432,80.12119729479149,1009.9505908897506
2025-02-22 20:00:00,SubtleStation,25.96225853446747,80.96096544299496,1010.190752290765,0,25.96225853446747,80.96096544299496,1010.190752290765
2025-02-22 21:00:00,SubtleStation,25.93232036272042,79.24096702041324,1011.0546943722284,0,25.93232036272042,79.24096702041324,1011.0546943722284
2025-02-22 22:00:00,SubtleStation,26.2685113074957,79.9216102089744,1010.1761889998322,0,26.2685113074957,79.9216102089744,1010.1761889998322
2025-02-22 23:00:00,SubtleStation,26.548571403553137,78.5777708433059,1009.9396008731786,0,26.548571403553137,78.5777708433059,1009.9396008731786
2025-02-23 00:00:00,SubtleStation,26.558034336412195,80.08236828491394,1010.2230005699148,0,26.558034336412195,80.08236828491394,1010.2230005699148
2025-02-23 01:00:00,SubtleStation,26.83412685092723,79.57238763432348,1010.4562812549772,0,26.83412685092723,79.57238763432348,1010.4562812549772
2025-02-23 02:00:00,SubtleStation,26.79583920030035,78.90245848004902,1010.6180977797678,0,26.79583920030035,78.90245848004902,1010.6180977797678
2025-02-23 03:00:00,SubtleStation,26.82804104527707,77.68695547408313,1009.8862468896974,0,26.82804104527707,77.68695547408313,1009.8862468896974
2025-02-23 04:00:00,SubtleStation,27.1773652099753,78.83263910126047,1009.1797340663355,0,27.1773652099753,78.83263910126047,1009.1797340663355
2025-02-23 05:00:00,SubtleStation,27.23037396023489,79.98034890834731,1009.928654900881,0,27.23037396023489,79.98034890834731,1009.928654900881
2025-02-23 06:00:00,SubtleStation,27.075509276168578,78.28737173659381,1009.0671240094346,0,27.075509276168578,78.28737173659381,1009.0671240094346
2025-02-23 07:00:00,SubtleStation,26.964907937699774,80.28163660322659,1009.2690949110282,0,26.964907937699774,80.28163660322659,1009.2690949110282
2025-02-23 08:00:00,SubtleStation,27.09356145715383,76.5361714609155,1009.7111367991084,0,27.09356145715383,76.5361714609155,1009.7111367991084
2025-02-23 09:00:00,SubtleStation,27.331349026390825,76.88040545257714,1010.1203244659944,0,27.331349026390825,76.88040545257714,1010.1203244659944
2025-02-23 10:00:00,SubtleStation,27.3779366733025,76.7395404096161,1010.0183595528367,0,27.3779366733025,76.7395404096161,1010.0183595528367
2025-02-23 11:00:00,SubtleStation,27.869530232798624,77.24869243020756,1009.6542021865753,0,27.869530232798624,77.24869243020756,1009.6542021865753
2025-02-23 12:00:00,SubtleStation,27.287614190384378,77.95807624871742,1009.9578519145484,0,27.287614190384378,77.95807624871742,1009.9578519145484
2025-02-23 13:00:00,SubtleStation,27.69540287483909,76.2845049521139,1010.2059856389908,0,27.69540287483909,76.2845049521139,1010.2059856389908
2025-02-23 14:00:00,SubtleStation,27.57853884769576,76.61313396332183,1010.2473162130688,0,27.57853884769576,76.61313396332183,1010.2473162130688
2025-02-23 15:00:00,SubtleStation,27.897557108692006,76.94199189875042,1009.7933828574684,0,27.897557108692006,76.94199189875042,1009.7933828574684
2025-02-23 16:00:00,SubtleStation,28.031912190871136,76.2755312948809,1009.3514502819692,0,28.031912190871136,76.2755312948809,1009.3514502819692
2025-02-23 17:00:00,SubtleStation,27.95455970152533,75.96982967007062,1009.4418396284667,0,27.95455970152533,75.96982967007062,1009.4418396284667
2025-02-23 18:00:00,SubtleStation,28.22050059029494,75.58267292538359,1008.7096608585472,0,28.22050059029494,75.58267292538359,1008.7096608585472
2025-02-23 19:00:00,SubtleStation,28.152297911988732,76.83121799546457,1011.3114459681949,0,28.152297911988732,76.83121799546457,1011.3114459681949
2025-02-23 20:00:00,SubtleStation,28.2324858924669,74.35158952516306,1009.1939189549648,0,28.2324858924669,74.35158952516306,1009.1939189549648
2025-02-23 21:00:00,SubtleStation,28.259821159373658,76.4245531712815,1009.7381784241156,0,28.259821159373658,76.4245531712815,1009.7381784241156
2025-02-23 22:00:00,SubtleStation,28.547259801590666,74.01878180555349,1010.4119792963257,0,28.547259801590666,74.01878180555349,1010.4119792963257
2025-02-23 23:00:00,SubtleStation,28.517123936692844,74.99578021308632,1009.4943437845131,0,28.517123936692844,74.99578021308632,1009.4943437845131
2025-02-24 00:00:00,SubtleStation,28.875003988644757,74.61396617095907,1010.2888564939742,0,28.875003988644757,74.61396617095907,1010.2888564939742
2025-02-24 01:00:00,SubtleStation,28.883868792045472,73.75699009852275,1010.3767349903089,0,28.883868792045472,73.75699009852275,1010.3767349903089
2025-02-24 02:00:00,SubtleStation,28.808674014144223,73.5190555224908,1010.8478330447355,0,28.808674014144223,73.5190555224908,1010.8478330447355
2025-02-24 03:00:00,SubtleStation,28.33260632922235,73.62401145348467,1010.462594146694,0,28.33260632922235,73.62401145348467,1010.462594146694
2025-02-24 04:00:00,SubtleStation,28.53269821171598,72.66170191394835,1009.122137265523,0,28.53269821171598,72.66170191394835,1009.122137265523
2025-02-24 05:00:00,SubtleStation,29.090350817001127,71.92944695079608,1010.0987370102962,0,29.090350817001127,71.92944695079608,1010.0987370102962
2025-02-24 06:00:00,SubtleStation,28.859952007442057,73.36997687330573,1010.581431350311,0,28.859952007442057,73.36997687330573,1010.581431350311
2025-02-24 07:00:00,SubtleStation,29.062444875672146,71.61613228780521,1009.8767534500231,0,29.062444875672146,71.61613228780521,1009.8767534500231
2025-02-24 08:00:00,SubtleStation,28.948170669389153,71.65494805314606,1010.4255526628326,0,28.948170669389153,71.65494805314606,1010.4255526628326
2025-02-24 09:00:00,SubtleStation,29.235002396733364,71.06869364384082,1010.0466329683393,0,29.235002396733364,71.06869364384082,1010.0466329683393
2025-02-24 10:00:00,SubtleStation,29.378529204564433,71.22252134029522,1010.3222271066601,0,29.378529204564433,71.22252134029522,1010.3222271066601
2025-02-24 11:00:00,SubtleStation,28.99883642621719,71.33132935341544,1010.9425479838044,0,28.99883642621719,71.33132935341544,1010.9425479838044
2025-02-24 12:00:00,SubtleStation,29.130181520498404,69.55072125424675,1010.1552987696633,0,29.130181520498404,69.55072125424675,1010.1552987696633
2025-02-24 13:00:00,SubtleStation,29.010566166283148,67.61973471558454,1010.5806634649534,0,29.010566166283148,67.61973471558454,1010.5806634649534
2025-02-24 14:00:00,SubtleStation,29.438671392747214,71.751025774355,1010.2239995394949,0,29.438671392747214,71.751025774355,1010.2239995394949
2025-02-24 15:00:00,SubtleStation,29.10585448735201,68.03066194167224,1010.096108337341,0,29.10585448735201,68.03066194167224,1010.096108337341
2025-02-24 16:00:00,SubtleStation,29.410838658239392,69.09964109240693,1009.764046480426,0,29.410838658239392,69.09964109240693,1009.764046480426
2025-02-24 17:00:00,SubtleStation,29.631327372398303,67.55154556974001,1009.2696765053936,0,29.631327372398303,67.55154556974001,1009.2696765053936
2025-02-24 18:00:00,SubtleStation,29.980562249652834,68.07743165360414,1010.9905804569767,0,29.980562249652834,68.07743165360414,1010.9905804569767
2025-02-24 19:00:00,SubtleStation,29.682337603053192,65.93609863380915,1010.6272543218657,0,29.682337603053192,65.93609863380915,1010.6272543218657
2025-02-24 20:00:00,SubtleStation,29.897097017185885,69.41156733310356,1009.57087274547,0,29.897097017185885,69.41156733310356,1009.57087274547
2025-02-24 21:00:00,SubtleStation,29.73435868180659,66.81311638579537,1008.9615534186478,0,29.73435868180659,66.81311638579537,1008.9615534186478
2025-02-24 22:00:00,SubtleStation,29.778508741963762,66.50395793096361,1009.9436334146123,0,29.778508741963762,66.50395793096361,1009.9436334146123
2025-02-24 23:00:00,SubtleStation,29.70672127134644,67.07879483677921,1009.8974480412215,0,29.70672127134644,67.07879483677921,1009.8974480412215
2025-02-25 00:00:00,SubtleStation,29.70259735610994,65.1803294307251,1009.8951980805343,0,29.70259735610994,65.1803294307251,1009.8951980805343
2025-02-25 01:00:00,SubtleStation,30.042560143099546,63.785536888023834,1010.4400867684075,0,30.042560143099546,63.785536888023834,1010.4400867684075
2025-02-25 02:00:00,SubtleStation,29.909128734343774,66.45460646170761,1009.8284017430221,0,29.909128734343774,66.45460646170761,1009.8284017430221
2025-02-25 03:00:00,SubtleStation,29.926028097001485,62.67405791852425,1009.9708173938031,0,29.926028097001485,62.67405791852425,1009.9708173938031
2025-02-25 04:00:00,SubtleStation,29.759764519851224,64.56427229509019,1010.4359994962041,0,29.759764519851224,64.56427229509019,1010.4359994962041
2025-02-25 05:00:00,SubtleStation,29.833068693614084,62.46228928300198,1010.1731731192231,0,29.833068693614084,62.46228928300198,1010.1731731192231
2025-02-25 06:00:00,SubtleStation,30.334291054486744,63.93717380106389,1010.037664334254,0,30.334291054486744,63.93717380106389,1010.037664334254
2025-02-25 07:00:00,SubtleStation,29.924039470712355,63.75539120805334,1009.947100168207,0,29.924039470712355,63.75539120805334,1009.947100168207
2025-02-25 08:00:00,SubtleStation,30.21754458733101,62.593021385775124,1009.7935822003693,0,30.21754458733101,62.593021385775124,1009.7935822003693
2025-02-25 09:00:00,SubtleStation,29.861050120845476,61.795882422015055,1010.5446883229117,0,29.861050120845476,61.795882422015055,1010.5446883229117
2025-02-25 10:00:00,SubtleStation,30.136212016535374,61.17861389984315,1009.640226059174,0,30.136212016535374,61.17861389984315,1009.640226059174
2025-02-25 11:00:00,SubtleStation,30.04267392984955,61.538985462549704,1009.1611421769625,0,30.04267392984955,61.538985462549704,1009.1611421769625
2025-02-25 12:00:00,SubtleStation,29.91078919966395,60.74168763904763,1009.5032991951769,0,29.91078919966395,60.74168763904763,1009.5032991951769
2025-02-25 13:00:00,SubtleStation,30.126064066086723,59.81804978381564,1009.7786675360882,0,30.126064066086723,59.81804978381564,1009.7786675360882
2025-02-25 14:00:00,SubtleStation,29.69048309666435,60.07288380455891,1010.3381864791951,0,29.69048309666435,60.07288380455891,1010.3381864791951
2025-02-25 15:00:00,SubtleStation,30.114916154141287,59.52689735588447,1009.8192683000617,0,30.114916154141287,59.52689735588447,1009.8192683000617
2025-02-25 16:00:00,SubtleStation,30.15619177238651,62.33507163587956,1009.4102285608632,0,30.15619177238651,62.33507163587956,1009.4102285608632
2025-02-25 17:00:00,SubtleStation,30.050244767476133,58.820205653915906,1009.5511848465007,0,30.050244767476133,58.820205653915906,1009.5511848465007
2025-02-25 18:00:00,SubtleStation,30.252634886071988,58.25112556942351,1009.8401298806416,0,30.252634886071988,58.25112556942351,1009.8401298806416
2025-02-25 19:00:00,SubtleStation,29.969653160571493,59.05449431571254,1010.1063011758577,0,29.969653160571493,59.05449431571254,1010.1063011758577
2025-02-25 20:00:00,SubtleStation,29.944274478951318,59.87161528992045,1011.6929760270726,0,29.944274478951318,59.87161528992045,1011.6929760270726
2025-02-25 21:00:00,SubtleStation,30.03394891542651,56.74002872639803,1010.7319172298369,0,30.03394891542651,56.74002872639803,1010.7319172298369
2025-02-25 22:00:00,SubtleStation,30.123335049384245,57.01049681263833,1010.4376577474134,0,30.123335049384245,57.01049681263833,1010.4376577474134
2025-02-25 23:00:00,SubtleStation,30.048634047291003,56.08303563352108,1009.879709509062,0,30.048634047291003,56.08303563352108,1009.879709509062
2025-02-26 00:00:00,SubtleStation,29.872240884714376,57.605289125399885,1010.5111535148197,0,29.872240884714376,57.605289125399885,1010.5111535148197
2025-02-26 01:00:00,SubtleStation,29.69944773903055,56.721153223258646,1010.6890650902046,0,29.69944773903055,56.721153223258646,1010.6890650902046
2025-02-26 02:00:00,SubtleStation,30.01015885172223,56.25246637993389,1010.2077455479127,0,30.01015885172223,56.25246637993389,1010.2077455479127
2025-02-26 03:00:00,SubtleStation,29.696566737400573,54.38262878381623,1009.9628054256492,0,29.696566737400573,54.38262878381623,1009.9628054256492
2025-02-26 04:00:00,SubtleStation,29.665901405815802,54.93737548876381,1009.170865403195,0,29.665901405815802,54.93737548876381,1009.170865403195
2025-02-26 05:00:00,SubtleStation,29.671770800244058,55.544183108027305,1009.7692330521538,0,29.671770800244058,55.544183108027305,1009.7692330521538
2025-02-26 06:00:00,SubtleStation,29.78546236849845,55.64678812732194,1009.656544169106,0,29.78546236849845,55.64678812732194,1009.656544169106
2025-02-26 07:00:00,SubtleStation,29.58397221738641,53.39089797384916,1009.8431497690885,0,29.58397221738641,53.39089797384916,1009.8431497690885
2025-02-26 08:00:00,SubtleStation,29.483506817528955,53.86425042607716,1010.3624510552027,0,29.483506817528955,53.86425042607716,1010.3624510552027
2025-02-26 09:00:00,SubtleStation,29.54440400179464,53.95166198019463,1010.1671081070269,0,29.54440400179464,53.95166198019463,1010.1671081070269
2025-02-26 10:00:00,SubtleStation,29.60316283942392,52.83306894679558,1009.5099049129569,0,29.60316283942392,52.83306894679558,1009.5099049129569
2025-02-26 11:00:00,SubtleStation,29.69248629361205,53.31029624587234,1008.2402873504292,0,29.69248629361205,53.31029624587234,1008.2402873504292
2025-02-26 12:00:00,SubtleStation,29.575041653764423,49.87519945443329,1010.7100160332977,0,29.575041653764423,49.87519945443329,1010.7100160332977
2025-02-26 13:00:00,SubtleStation,29.30362941967781,52.0743724163785,1010.4619794292615,0,29.30362941967781,52.0743724163785,1010.4619794292615
2025-02-26 14:00:00,SubtleStation,29.521779280360104,51.16072565029736,1010.2462105196594,0,29.521779280360104,51.16072565029736,1010.2462105196594
2025-02-26 15:00:00,SubtleStation,29.495131898246978,51.54970154983353,1010.6958496680489,0,29.495131898246978,51.54970154983353,1010.6958496680489
2025-02-26 16:00:00,SubtleStation,29.292349213504416,52.55594176826648,1009.8190176235304,0,29.292349213504416,52.55594176826648,1009.8190176235304
2025-02-26 17:00:00,SubtleStation,29.175099717646045,50.80667526613177,1010.15523825387,0,29.175099717646045,50.80667526613177,1010.15523825387
2025-02-26 18:00:00,SubtleStation,29.12429560098459,48.08041993532516,1009.65018132153,0,29.12429560098459,48.08041993532516,1009.65018132153
2025-02-26 19:00:00,SubtleStation,29.12481779373544,48.34518718298974,1010.3173507192957,0,29.12481779373544,48.34518718298974,1010.3173507192957
2025-02-26 20:00:00,SubtleStation,29.61989419686451,49.73621175284717,1009.7216642507503,0,29.61989419686451,49.73621175284717,1009.7216642507503
2025-02-26 21:00:00,SubtleStation,28.94342540918608,49.45297441073858,1010.0597185894717,0,28.94342540918608,49.45297441073858,1010.0597185894717
2025-02-26 22:00:00,SubtleStation,29.1169847251873,50.08652222923141,1010.2999427237605,0,29.1169847251873,50.08652222923141,1010.2999427237605
2025-02-26 23:00:00,SubtleStation,28.861883263153327,48.940422543701054,1009.8484589976389,0,28.861883263153327,48.940422543701054,1009.8484589976389
2025-02-27 00:00:00,SubtleStation,28.84282358092745,46.77367301035469,1009.7322812269201,0,28.84282358092745,46.77367301035469,1009.7322812269201
2025-02-27 01:00:00,SubtleStation,28.740531151175936,49.66412601475837,1009.4933103810546,0,28.740531151175936,49.66412601475837,1009.4933103810546
2025-02-27 02:00:00,SubtleStation,28.978183878361403,46.764575728277606,1009.6437645640071,0,28.978183878361403,46.764575728277606,1009.6437645640071
2025-02-27 03:00:00,SubtleStation,28.828422191544867,47.07361923251681,1010.7728188994355,0,28.828422191544867,47.07361923251681,1010.7728188994355
2025-02-27 04:00:00,SubtleStation,28.659887499491614,45.820153886510155,1009.5342699596881,0,28.659887499491614,45.820153886510155,1009.5342699596881
2025-02-27 05:00:00,SubtleStation,28.71802403971354,46.937375592153884,1009.8281466658159,0,28.71802403971354,46.937375592153884,1009.8281466658159
2025-02-27 06:00:00,SubtleStation,28.696363474588853,47.45512457875983,1010.2521259125303,0,28.696363474588853,47.45512457875983,1010.2521259125303
2025-02-27 07:00:00,SubtleStation,28.30634102281198,47.0830108669276,1010.1174064909577,0,28.30634102281198,47.0830108669276,1010.1174064909577
2025-02-27 08:00:00,SubtleStation,28.513357107659495,45.41485095001712,1009.3581672983772,0,28.513357107659495,45.41485095001712,1009.3581672983772
2025-02-27 09:00:00,SubtleStation,28.186440819051814,45.08216301127837,1009.7832544101836,0,28.186440819051814,45.08216301127837,1009.7832544101836
2025-02-27 10:00:00,SubtleStation,28.422282256905593,45.593863380089566,1010.2415429330832,0,28.422282256905593,45.593863380089566,1010.2415429330832
2025-02-27 11:00:00,SubtleStation,28.326160607312957,44.32891231952213,1009.4944279339596,0,28.326160607312957,44.32891231952213,1009.4944279339596
2025-02-27 12:00:00,SubtleStation,28.18101550693554,45.34481116877365,1010.3335968697419,0,28.18101550693554,45.34481116877365,1010.3335968697419
2025-02-27 13:00:00,SubtleStation,27.9792030491299,45.43276272756158,1009.5423020748777,0,27.9792030491299,45.43276272756158,1009.5423020748777
2025-02-27 14:00:00,SubtleStation,27.83567096678109,44.21788437115561,1011.0390480910975,0,27.83567096678109,44.21788437115561,1011.0390480910975
2025-02-27 15:00:00,SubtleStation,27.80669479313224,43.07190222952561,1010.1308780710414,0,27.80669479313224,43.07190222952561,1010.1308780710414
2025-02-27 16:00:00,SubtleStation,27.930635011437012,43.33145421686649,1010.2173189611369,0,27.930635011437012,43.33145421686649,1010.2173189611369
2025-02-27 17:00:00,SubtleStation,27.556610246259986,44.54212258778613,1009.4498075887794,0,27.556610246259986,44.54212258778613,1009.4498075887794
2025-02-27 18:00:00,SubtleStation,27.618205474487063,45.93305790994488,1010.1511165234986,0,27.618205474487063,45.93305790994488,1010.1511165234986
2025-02-27 19:00:00,SubtleStation,27.17289647259321,43.551465280513725,1010.7992407752524,0,27.17289647259321,43.551465280513725,1010.7992407752524
2025-02-27 20:00:00,SubtleStation,27.4876389791545,41.95889847838052,1010.3364233524937,0,27.4876389791545,41.95889847838052,1010.3364233524937
2025-02-27 21:00:00,SubtleStation,27.140625522031105,41.65907383750804,1009.7738387042019,0,27.140625522031105,41.65907383750804,1009.7738387042019
2025-02-27 22:00:00,SubtleStation,26.995331580309742,42.218677590140445,1009.9980767384103,0,26.995331580309742,42.218677590140445,1009.9980767384103
2025-02-27 23:00:00,SubtleStation,27.273025709256938,42.92726312752133,1009.9180832290688,0,27.273025709256938,42.92726312752133,1009.9180832290688
2025-02-28 00:00:00,SubtleStation,27.120806013751622,40.534233850697106,1010.1536717520688,0,27.120806013751622,40.534233850697106,1010.1536717520688
2025-02-28 01:00:00,SubtleStation,26.89868698428858,41.804121139764504,1009.8175856937913,0,26.89868698428858,41.804121139764504,1009.8175856937913
2025-02-28 02:00:00,SubtleStation,26.83477208501036,42.14941592286983,1009.1887989223724,0,26.83477208501036,42.14941592286983,1009.1887989223724
2025-02-28 03:00:00,SubtleStation,27.25646835708105,42.15605838575,1010.6622381126382,0,27.25646835708105,42.15605838575,1010.6622381126382
2025-02-28 04:00:00,SubtleStation,26.669781959369857,41.30582397152447,1010.167217181518,0,26.669781959369857,41.30582397152447,1010.167217181518
2025-02-28 05:00:00,SubtleStation,26.574033131716117,39.64900847273498,1010.9682635864698,0,26.574033131716117,39.64900847273498,1010.9682635864698
2025-02-28 06:00:00,SubtleStation,26.64975696524373,42.464389580477956,1010.2858544840732,0,26.64975696524373,42.464389580477956,1010.2858544840732
2025-02-28 07:00:00,SubtleStation,26.44115000765676,42.27809748455806,1010.7963127872662,0,26.44115000765676,42.27809748455806,1010.7963127872662
2025-02-28 08:00:00,SubtleStation,26.525035169064974,40.90677131720523,1010.0910671614195,0,26.525035169064974,40.90677131720523,1010.0910671614195
2025-02-28 09:00:00,SubtleStation,26.286349963851553,40.21352639658398,1010.0032053646933,0,26.286349963851553,40.21352639658398,1010.0032053646933
2025-02-28 10:00:00,SubtleStation,26.285896231690728,40.362640155932986,1010.3071489059507,0,26.285896231690728,40.362640155932986,1010.3071489059507
2025-02-28 11:00:00,SubtleStation,26.124709047811304,40.15890467397203,1010.3938556199098,0,26.124709047811304,40.15890467397203,1010.3938556199098
2025-02-28 12:00:00,SubtleStation,26.067053711032433,40.57133944331289,1010.4003891342859,0,26.067053711032433,40.57133944331289,1010.4003891342859
2025-02-28 13:00:00,SubtleStation,25.831037022161112,40.70502269127244,1010.592039854923,0,25.831037022161112,40.70502269127244,1010.592039854923
2025-02-28 14:00:00,SubtleStation,25.785311879432278,38.95143332451445,1010.574054365161,0,25.785311879432278,38.95143332451445,1010.574054365161
2025-02-28 15:00:00,SubtleStation,25.58754150197747,38.639877512532735,1009.1781283102698,0,25.58754150197747,38.639877512532735,1009.1781283102698
2025-02-28 16:00:00,SubtleStation,25.66326798514653,39.87816557791875,1009.5640035378487,0,25.66326798514653,39.87816557791875,1009.5640035378487
2025-02-28 17:00:00,SubtleStation,25.17369477659705,40.237256269757644,1009.9282540588064,0,25.17369477659705,40.237256269757644,1009.9282540588064
2025-02-28 18:00:00,SubtleStation,25.488420975347534,38.70018608832428,1010.3352903058585,0,25.488420975347534,38.70018608832428,1010.3352903058585
2025-02-28 19:00:00,SubtleStation,25.44295266343926,40.33260933803551,1010.354451113684,0,25.44295266343926,40.33260933803551,1010.354451113684
2025-02-28 20:00:00,SubtleStation,25.29175645026519,41.09552454930401,1009.4340674642549,0,25.29175645026519,41.09552454930401,1009.4340674642549
2025-02-28 21:00:00,SubtleStation,25.022583669390503,39.52197201001445,1010.9147515837311,0,25.022583669390503,39.52197201001445,1010.9147515837311
2025-02-28 22:00:00,SubtleStation,25.044430806474043,40.9838388925405,1010.3735146932077,0,25.044430806474043,40.9838388925405,1010.3735146932077
2025-02-28 23:00:00,SubtleStation,24.688073635942686,39.16524252330947,1009.7354317501764,0,24.688073635942686,39.16524252330947,1009.7354317501764
2025-03-01 00:00:00,SubtleStation,24.910876884818055,40.49532502008842,1008.7340021254653,0,24.910876884818055,40.49532502008842,1008.7340021254653
2025-03-01 01:00:00,SubtleStation,24.423783111485115,38.96405186893846,1009.2446314557135,0,24.423783111485115,38.96405186893846,1009.2446314557135
2025-03-01 02:00:00,SubtleStation,24.662684723232662,39.88665014648878,1009.6399071349912,0,24.662684723232662,39.88665014648878,1009.6399071349912
2025-03-01 03:00:00,SubtleStation,24.55096479879127,38.89745049702447,1009.6543947558348,0,24.55096479879127,38.89745049702447,1009.6543947558348
2025-03-01 04:00:00,SubtleStation,24.42649601618318,40.105359703668626,1010.5758304561213,0,24.42649601618318,40.105359703668626,1010.5758304561213
2025-03-01 05:00:00,SubtleStation,24.15671288503243,40.78656571675251,1010.6465113696801,0,24.15671288503243,40.78656571675251,1010.6465113696801
2025-03-01 06:00:00,SubtleStation,24.299443684177227,41.63980634459003,1010.5001554306098,0,24.299443684177227,41.63980634459003,1010.5001554306098
2025-03-01 07:00:00,SubtleStation,23.68157944967625,39.58581750673313,1009.8154612393954,0,23.68157944967625,39.58581750673313,1009.8154612393954
2025-03-01 08:00:00,SubtleStation,24.106479295809873,40.02796833643723,1010.7903635407268,0,24.106479295809873,40.02796833643723,1010.7903635407268
2025-03-01 09:00:00,SubtleStation,23.8917447663044,38.7612743951836,1008.9766154938512,0,23.8917447663044,38.7612743951836,1008.9766154938512
2025-03-01 10:00:00,SubtleStation,23.966529955296593,41.21325295507092,1008.8499566971905,0,23.966529955296593,41.21325295507092,1008.8499566971905
2025-03-01 11:00:00,SubtleStation,23.699726701324014,39.8369348832488,1009.311820371206,0,23.699726701324014,39.8369348832488,1009.311820371206
2025-03-01 12:00:00,SubtleStation,23.931269927108527,39.968300815388375,1010.1028029800982,0,23.931269927108527,39.968300815388375,1010.1028029800982
2025-03-01 13:00:00,SubtleStation,23.279757782444953,40.83311470535732,1009.9307698760133,0,23.279757782444953,40.83311470535732,1009.9307698760133
2025-03-01 14:00:00,SubtleStation,23.4951058402862,42.30355129830763,1010.0860603175672,0,23.4951058402862,42.30355129830763,1010.0860603175672
2025-03-01 15:00:00,SubtleStation,23.101777155110206,40.30265042151332,1009.6333433138188,0,23.101777155110206,40.30265042151332,1009.6333433138188
2025-03-01 16:00:00,SubtleStation,23.160143154465917,42.513493430220926,1009.7225292918278,0,23.160143154465917,42.513493430220926,1009.7225292918278
2025-03-01 17:00:00,SubtleStation,23.241063343750906,42.252100698776694,1010.11322415077,0,23.241063343750906,42.252100698776694,1010.11322415077
2025-03-01 18:00:00,SubtleStation,23.125606571424797,41.71277015409713,1009.8617044530757,0,23.125606571424797,41.71277015409713,1009.8617044530757
2025-03-01 19:00:00,SubtleStation,23.325160007344092,42.73123452427878,1010.6716589119932,0,23.325160007344092,42.73123452427878,1010.6716589119932
2025-03-01 20:00:00,SubtleStation,22.748539295502653,41.967692333823614,1010.1954347972028,0,22.748539295502653,41.967692333823614,1010.1954347972028
2025-03-01 21:00:00,SubtleStation,22.98646207363866,41.04734000358043,1009.3233356474194,0,22.98646207363866,41.04734000358043,1009.3233356474194
2025-03-01 22:00:00,SubtleStation,22.589751558422325,42.37795519436699,1009.7685231474725,0,22.589751558422325,42.37795519436699,1009.7685231474725
2025-03-01 23:00:00,SubtleStation,22.412725470724176,42.412808218931005,1010.0913388748786,0,22.412725470724176,42.412808218931005,1010.0913388748786
2025-03-02 00:00:00,SubtleStation,22.14158786543412,41.60531901522637,1009.7254891320349,0,22.14158786543412,41.60531901522637,1009.7254891320349
2025-03-02 01:00:00,SubtleStation,22.412999692525485,43.99829258160877,1010.5231893902721,0,22.412999692525485,43.99829258160877,1010.5231893902721
2025-03-02 02:00:00,SubtleStation,22.191539633919085,42.39493200345043,1009.5108880567544,0,22.191539633919085,42.39493200345043,1009.5108880567544
2025-03-02 03:00:00,SubtleStation,22.381721493120697,41.8053149121715,1009.5527666300064,0,22.381721493120697,41.8053149121715,1009.5527666300064
2025-03-02 04:00:00,SubtleStation,22.02407065405224,42.72443620296282,1009.8522433097139,0,22.02407065405224,42.72443620296282,1009.8522433097139
2025-03-02 05:00:00,SubtleStation,21.953111800162503,44.24413094357574,1010.2989347455184,0,21.953111800162503,44.24413094357574,1010.2989347455184
2025-03-02 06:00:00,SubtleStation,22.039225533767535,45.216514483927604,1010.5576002546501,0,22.039225533767535,45.216514483927604,1010.5576002546501
2025-03-02 07:00:00,SubtleStation,22.23361313188418,44.60914369114543,1010.7227054102663,0,22.23361313188418,44.60914369114543,1010.7227054102663
2025-03-02 08:00:00,SubtleStation,21.593960198197568,44.75616939384856,1009.9327345604496,0,21.593960198197568,44.75616939384856,1009.9327345604496
2025-03-02 09:00:00,SubtleStation,21.938808729128333,47.13024481059327,1009.4609597163367,0,21.938808729128333,47.13024481059327,1009.4609597163367
2025-03-02 10:00:00,SubtleStation,21.835009586418057,44.22141544363624,1010.0435473382756,0,21.835009586418057,44.22141544363624,1010.0435473382756
2025-03-02 11:00:00,SubtleStation,21.54223810521608,44.838303773061924,1009.2911769046977,0,21.54223810521608,44.838303773061924,1009.2911769046977
2025-03-02 12:00:00,SubtleStation,21.649115258989905,45.38757082555454,1010.472827959916,0,21.649115258989905,45.38757082555454,1010.472827959916
2025-03-02 13:00:00,SubtleStation,21.386176318022518,44.802274122732705,1010.2628738363139,0,21.386176318022518,44.802274122732705,1010.2628738363139
2025-03-02 14:00:00,SubtleStation,21.84773220457567,45.61894770636687,1010.0489499200646,0,21.84773220457567,45.61894770636687,1010.0489499200646
2025-03-02 15:00:00,SubtleStation,21.28290951612611,48.306270343909624,1009.0859975637575,0,21.28290951612611,48.306270343909624,1009.0859975637575
2025-03-02 16:00:00,SubtleStation,21.254763864488133,46.682287761125394,1009.5759267861321,0,21.254763864488133,46.682287761125394,1009.5759267861321
2025-03-02 17:00:00,SubtleStation,21.108380274630832,47.47374811960652,1010.3246131890189,0,21.108380274630832,47.47374811960652,1010.3246131890189
2025-03-02 18:00:00,SubtleStation,20.771236483561406,46.42134961938411,1010.1665592867258,0,20.771236483561406,46.42134961938411,1010.1665592867258
2025-03-02 19:00:00,SubtleStation,20.995241913463513,47.57782104721995,1010.3646848114147,0,20.995241913463513,47.57782104721995,1010.3646848114147
2025-03-02 20:00:00,SubtleStation,21.033806710880228,49.260239161695864,1009.4429020401328,0,21.033806710880228,49.260239161695864,1009.4429020401328
2025-03-02 21:00:00,SubtleStation,21.228716196975775,47.84168490983487,1010.5544151388914,0,21.228716196975775,47.84168490983487,1010.5544151388914
2025-03-02 22:00:00,SubtleStation,20.96968463890811,50.56364007085941,1010.1654802039914,0,20.96968463890811,50.56364007085941,1010.1654802039914
2025-03-02 23:00:00,SubtleStation,20.77783040491985,49.45607546776717,1009.9628821889272,0,20.77783040491985,49.45607546776717,1009.9628821889272
2025-03-03 00:00:00,SubtleStation,20.77378344124984,50.83986663651404,1009.627508119835,0,20.77378344124984,50.83986663651404,1009.627508119835
2025-03-03 01:00:00,SubtleStation,20.775046740057267,50.70829753716035,1009.7155306610811,0,20.775046740057267,50.70829753716035,1009.7155306610811
2025-03-03 02:00:00,SubtleStation,20.583286117091163,50.852088658964554,1010.5687762811459,0,20.583286117091163,50.852088658964554,1010.5687762811459
2025-03-03 03:00:00,SubtleStation,20.746764399298577,50.92898468092808,1010.5222246824604,0,20.746764399298577,50.92898468092808,1010.5222246824604
2025-03-03 04:00:00,SubtleStation,20.88832881187289,51.180263399767476,1010.4582481671249,0,20.88832881187289,51.180263399767476,1010.4582481671249
2025-03-03 05:00:00,SubtleStation,20.44545094328271,52.408427125662676,1009.2700574834038,0,20.44545094328271,52.408427125662676,1009.2700574834038
2025-03-03 06:00:00,SubtleStation,20.716149680118086,50.829303744244655,1010.0110294074054,0,20.716149680118086,50.829303744244655,1010.0110294074054
2025-03-03 07:00:00,SubtleStation,20.60828263019841,52.325867412385094,1010.4806304363918,0,20.60828263019841,52.325867412385094,1010.4806304363918
2025-03-03 08:00:00,SubtleStation,20.500667547014782,50.87965994487344,1009.9292941966323,0,20.500667547014782,50.87965994487344,1009.9292941966323
2025-03-03 09:00:00,SubtleStation,20.37764829237144,54.2270346645717,1009.9414568087556,0,20.37764829237144,54.2270346645717,1009.9414568087556
2025-03-03 10:00:00,SubtleStation,20.386723112847534,53.78427140984441,1010.9803943220261,0,20.386723112847534,53.78427140984441,1010.9803943220261
2025-03-03 11:00:00,SubtleStation,20.24146389402998,53.87922288880364,1010.8986095854449,0,20.24146389402998,53.87922288880364,1010.8986095854449
2025-03-03 12:00:00,SubtleStation,20.619979134410162,53.191798823667696,1009.7033777757525,0,20.619979134410162,53.191798823667696,1009.7033777757525
2025-03-03 13:00:00,SubtleStation,20.078487361663438,54.09968096109088,1010.1424473849991,0,20.078487361663438,54.09968096109088,1010.1424473849991
2025-03-03 14:00:00,SubtleStation,20.42063132455223,54.95567588370482,1009.8588781447814,0,20.42063132455223,54.95567588370482,1009.8588781447814
2025-03-03 15:00:00,SubtleStation,20.47698437098718,52.63552365543018,1010.2186986547749,0,20.47698437098718,52.63552365543018,1010.2186986547749
2025-03-03 16:00:00,SubtleStation,20.07774469421329,55.77020722178807,1009.3426293881564,0,20.07774469421329,55.77020722178807,1009.3426293881564
2025-03-03 17:00:00,SubtleStation,20.352816250690143,55.263389887240784,1011.3159810525856,0,20.352816250690143,55.263389887240784,1011.3159810525856
2025-03-03 18:00:00,SubtleStation,20.127671283356513,57.41106325439983,1010.449752700042,0,20.127671283356513,57.41106325439983,1010.449752700042
2025-03-03 19:00:00,SubtleStation,20.092536296125903,57.21368915045255,1009.7725341936729,0,20.092536296125903,57.21368915045255,1009.7725341936729
2025-03-03 20:00:00,SubtleStation,20.048309620159863,57.50239046158818,1010.0155392732987,0,20.048309620159863,57.50239046158818,1010.0155392732987
2025-03-03 21:00:00,SubtleStation,19.725609594249345,58.411569522862116,1010.2827172976262,0,19.725609594249345,58.411569522862116,1010.2827172976262
2025-03-03 22:00:00,SubtleStation,20.145055445740095,58.50904832086971,1010.0078924404169,0,20.145055445740095,58.50904832086971,1010.0078924404169
2025-03-03 23:00:00,SubtleStation,20.313282386747623,60.32090743958692,1010.3502452885283,0,20.313282386747623,60.32090743958692,1010.3502452885283
2025-03-04 00:00:00,SubtleStation,19.874720230242428,58.96483225359882,1010.4351373659513,0,19.874720230242428,58.96483225359882,1010.4351373659513
2025-03-04 01:00:00,SubtleStation,20.178218792770235,60.262565895577225,1010.857443961147,0,20.178218792770235,60.262565895577225,1010.857443961147
2025-03-04 02:00:00,SubtleStation,19.986793960895405,60.852796767525724,1010.6158864981363,0,19.986793960895405,60.852796767525724,1010.6158864981363
2025-03-04 03:00:00,SubtleStation,19.782380361500966,59.59386936600759,1010.0676997787751,0,19.782380361500966,59.59386936600759,1010.0676997787751
2025-03-04 04:00:00,SubtleStation,20.19957975288232,61.05068161014154,1009.7947809973136,0,20.19957975288232,61.05068161014154,1009.7947809973136
2025-03-04 05:00:00,SubtleStation,20.338293402056305,61.075110359406324,1010.2558413686083,0,20.338293402056305,61.075110359406324,1010.2558413686083
2025-03-04 06:00:00,SubtleStation,19.84532013902911,60.60930900617513,1010.2246674902067,0,19.84532013902911,60.60930900617513,1010.2246674902067
2025-03-04 07:00:00,SubtleStation,20.052414589580334,62.23735693536886,1009.8404396650684,0,20.052414589580334,62.23735693536886,1009.8404396650684
2025-03-04 08:00:00,SubtleStation,19.728387779071724,62.33594649913629,1010.7205016223566,0,19.728387779071724,62.33594649913629,1010.7205016223566
2025-03-04 09:00:00,SubtleStation,20.017008324183465,64.71290731493814,1009.545682050098,0,20.017008324183465,64.71290731493814,1009.545682050098
2025-03-04 10:00:00,SubtleStation,20.133688501634527,63.248677638389736,1011.3220480437268,0,20.133688501634527,63.248677638389736,1011.3220480437268
2025-03-04 11:00:00,SubtleStation,20.400108713484162,63.80752111393905,1009.656476483404,0,20.400108713484162,63.80752111393905,1009.656476483404
2025-03-04 12:00:00,SubtleStation,20.376074022328503,64.57874840033341,1009.9272187286814,0,20.376074022328503,64.57874840033341,1009.9272187286814
2025-03-04 13:00:00,SubtleStation,20.410066334541902,64.1224904436619,1010.6145406512605,0,20.410066334541902,64.1224904436619,1010.6145406512605
2025-03-04 14:00:00,SubtleStation,19.99512375986909,64.22143390062188,1009.9936530374697,0,19.99512375986909,64.22143390062188,1009.9936530374697
2025-03-04 15:00:00,SubtleStation,20.07244511846962,64.50930036854123,1009.5729119890783,0,20.07244511846962,64.50930036854123,1009.5729119890783
2025-03-04 16:00:00,SubtleStation,19.81150515555766,63.32997956924278,1010.6369552878009,0,19.81150515555766,63.32997956924278,1010.6369552878009
2025-03-04 17:00:00,SubtleStation,20.02616621307646,64.83210109832353,1010.0477894690348,0,20.02616621307646,64.83210109832353,1010.0477894690348
2025-03-04 18:00:00,SubtleStation,19.905595578382513,67.27973418074383,1009.962367683081,0,19.905595578382513,67.27973418074383,1009.962367683081
2025-03-04 19:00:00,SubtleStation,20.297755222275324,66.67428520287069,1010.1452994249892,0,20.297755222275324,66.67428520287069,1010.1452994249892
2025-03-04 20:00:00,SubtleStation,20.11584710761294,66.1537414901342,1009.9868689151723,0,20.11584710761294,66.1537414901342,1009.9868689151723
2025-03-04 21:00:00,SubtleStation,20.06745651826348,68.02647124891759,1009.9157075260322,0,20.06745651826348,68.02647124891759,1009.9157075260322
2025-03-04 22:00:00,SubtleStation,20.251039543620852,68.61070008565974,1009.865872843589,0,20.251039543620852,68.61070008565974,1009.865872843589
2025-03-04 23:00:00,SubtleStation,20.121400335481514,67.68819759077103,1010.2711181213566,0,20.121400335481514,67.68819759077103,1010.2711181213566
2025-03-05 00:00:00,SubtleStation,20.458289717146386,70.27130553736957,1009.8638761093521,0,20.458289717146386,70.27130553736957,1009.8638761093521
2025-03-05 01:00:00,SubtleStation,20.493328559328447,68.45242862611398,1009.9777766407291,0,20.493328559328447,68.45242862611398,1009.9777766407291
2025-03-05 02:00:00,SubtleStation,20.415075343716392,68.33177259908163,1010.3948216888487,0,20.415075343716392,68.33177259908163,1010.3948216888487
2025-03-05 03:00:00,SubtleStation,20.375670943069114,69.22721659985888,1009.6029610375582,0,20.375670943069114,69.22721659985888,1009.6029610375582
2025-03-05 04:00:00,SubtleStation,20.299297876160676,69.57349711685893,1009.928684924051,0,20.299297876160676,69.57349711685893,1009.928684924051
2025-03-05 05:00:00,SubtleStation,20.72541136000928,70.17347627364244,1010.1546786520569,0,20.72541136000928,70.17347627364244,1010.1546786520569
2025-03-05 06:00:00,SubtleStation,20.708992982155735,70.03206143751072,1010.1867675897379,0,20.708992982155735,70.03206143751072,1010.1867675897379
2025-03-05 07:00:00,SubtleStation,20.806756058887988,71.3677730525628,1009.2754421042742,0,20.806756058887988,71.3677730525628,1009.2754421042742
2025-03-05 08:00:00,SubtleStation,20.70496509337124,69.53150382030597,1010.0267154320414,0,20.70496509337124,69.53150382030597,1010.0267154320414
2025-03-05 09:00:00,SubtleStation,20.77672079218446,71.18499951971557,1009.6564207028123,0,20.77672079218446,71.18499951971557,1009.6564207028123
2025-03-05 10:00:00,SubtleStation,21.16443113777633,71.17644062032693,1009.8301049312988,0,21.16443113777633,71.17644062032693,1009.8301049312988
2025-03-05 11:00:00,SubtleStation,20.81329034212187,72.13601047570546,1009.8076951330554,0,20.81329034212187,72.13601047570546,1009.8076951330554
2025-03-05 12:00:00,SubtleStation,20.929881751570708,69.97811861056215,1009.8795309102743,0,20.929881751570708,69.97811861056215,1009.8795309102743
2025-03-05 13:00:00,SubtleStation,21.201795837223735,72.74427669373848,1009.6414303231031,0,21.201795837223735,72.74427669373848,1009.6414303231031
2025-03-05 14:00:00,SubtleStation,21.175785916600812,72.7224997197024,1010.0156518564728,0,21.175785916600812,72.7224997197024,1010.0156518564728
2025-03-05 15:00:00,SubtleStation,20.769619940968337,71.315733035036,1010.1050589131021,0,20.769619940968337,71.315733035036,1010.1050589131021
2025-03-05 16:00:00,SubtleStation,20.906636744279155,73.59973576180484,1010.7405980964631,0,20.906636744279155,73.59973576180484,1010.7405980964631
2025-03-05 17:00:00,SubtleStation,21.178820410220716,73.51213322358137,1009.3477014205508,0,21.178820410220716,73.51213322358137,1009.3477014205508
2025-03-05 18:00:00,SubtleStation,21.56129531621734,75.21308971348597,1010.1336088298069,0,21.56129531621734,75.21308971348597,1010.1336088298069
2025-03-05 19:00:00,SubtleStation,21.583267555678322,74.30319948772106,1009.2550176259927,0,21.583267555678322,74.30319948772106,1009.2550176259927
2025-03-05 20:00:00,SubtleStation,21.623956116885648,74.92885242913167,1009.6503877077049,0,21.623956116885648,74.92885242913167,1009.6503877077049
2025-03-05 21:00:00,SubtleStation,21.718111258541803,75.78115149609651,1009.2396717913794,0,21.718111258541803,75.78115149609651,1009.2396717913794
2025-03-05 22:00:00,SubtleStation,21.472647957798763,75.57083079109385,1010.2692277244777,0,21.472647957798763,75.57083079109385,1010.2692277244777
2025-03-05 23:00:00,SubtleStation,21.861854711106176,74.7583245926385,1009.7539735885834,0,21.861854711106176,74.7583245926385,1009.7539735885834
2025-03-06 00:00:00,SubtleStation,21.63390075674165,76.27066195771683,1009.8404142635591,0,21.63390075674165,76.27066195771683,1009.8404142635591
2025-03-06 01:00:00,SubtleStation,22.08540274386183,75.83685818746575,1009.8577776034552,0,22.08540274386183,75.83685818746575,1009.8577776034552
2025-03-06 02:00:00,SubtleStation,21.87285736230263,75.50966409652727,1009.4175361970063,0,21.87285736230263,75.50966409652727,1009.4175361970063
2025-03-06 03:00:00,SubtleStation,22.11153354603366,76.46625338356858,1010.202891378953,0,22.11153354603366,76.46625338356858,1010.202891378953
2025-03-06 04:00:00,SubtleStation,21.7617249396165,75.06185160314926,1010.1287475463503,0,21.7617249396165,75.06185160314926,1010.1287475463503
2025-03-06 05:00:00,SubtleStation,21.949408898088212,76.07746289073391,1009.6184758748452,0,21.949408898088212,76.07746289073391,1009.6184758748452
2025-03-06 06:00:00,SubtleStation,22.52099696156053,75.51345864576265,1010.245278914491,0,22.52099696156053,75.51345864576265,1010.245278914491
2025-03-06 07:00:00,SubtleStation,22.525964292566044,77.01668099674482,1010.4902540430621,0,22.525964292566044,77.01668099674482,1010.4902540430621
2025-03-06 08:00:00,SubtleStation,22.229827545450473,75.94361101325282,1010.0797601237391,0,22.229827545450473,75.94361101325282,1010.0797601237391
2025-03-06 09:00:00,SubtleStation,22.81734363088397,77.79936981863364,1010.072441969072,0,22.81734363088397,77.79936981863364,1010.072441969072
2025-03-06 10:00:00,SubtleStation,22.429855054734674,78.68399644304476,1009.4751359069191,0,22.429855054734674,78.68399644304476,1009.4751359069191
2025-03-06 11:00:00,SubtleStation,22.7407319556466,78.66788602232239,1010.3518785892558,0,22.7407319556466,78.66788602232239,1010.3518785892558
2025-03-06 12:00:00,SubtleStation,22.73035304099574,76.70822407410013,1009.7915215171871,0,22.73035304099574,76.70822407410013,1009.7915215171871
2025-03-06 13:00:00,SubtleStation,22.73219332616199,76.79358269425833,1009.4473481249867,0,22.73219332616199,76.79358269425833,1009.4473481249867
2025-03-06 14:00:00,SubtleStation,23.241801232967934,77.73017822613816,1009.8896886844982,0,23.241801232967934,77.73017822613816,1009.8896886844982
2025-03-06 15:00:00,SubtleStation,23.437343181914283,78.40545294950695,1009.9695549117637,0,23.437343181914283,78.40545294950695,1009.9695549117637
2025-03-06 16:00:00,SubtleStation,23.228895628272124,77.14310860024786,1010.5333408484578,0,23.228895628272124,77.14310860024786,1010.5333408484578
2025-03-06 17:00:00,SubtleStation,23.592057439033482,78.11740033894291,1010.2381050459417,0,23.592057439033482,78.11740033894291,1010.2381050459417
2025-03-06 18:00:00,SubtleStation,23.324917024094315,78.25538912217061,1009.293159354965,0,23.324917024094315,78.25538912217061,1009.293159354965
2025-03-06 19:00:00,SubtleStation,23.497771906956615,78.61740559732891,1009.985831749336,0,23.497771906956615,78.61740559732891,1009.985831749336
2025-03-06 20:00:00,SubtleStation,23.59796797059312,77.02806325586724,1010.896309801111,0,23.59796797059312,77.02806325586724,1010.896309801111
2025-03-06 21:00:00,SubtleStation,23.436459815117754,77.82029798136216,1010.3085294980687,0,23.436459815117754,77.82029798136216,1010.3085294980687
2025-03-06 22:00:00,SubtleStation,23.864357519665248,78.8398095744355,1010.1096062700159,0,23.864357519665248,78.8398095744355,1010.1096062700159
2025-03-06 23:00:00,SubtleStation,24.00356371233698,78.65868032061196,1010.1259493999619,0,24.00356371233698,78.65868032061196,1010.1259493999619
2025-03-07 00:00:00,SubtleStation,23.924544817478647,79.38157231240315,1009.7262170870952,0,23.924544817478647,79.38157231240315,1009.7262170870952
2025-03-07 01:00:00,SubtleStation,23.7189202277529,79.16702061333508,1010.8916019822074,0,23.7189202277529,79.16702061333508,1010.8916019822074
2025-03-07 02:00:00,SubtleStation,24.229219707336064,79.81743332999127,1010.2495477269792,0,24.229219707336064,79.81743332999127,1010.2495477269792
2025-03-07 03:00:00,SubtleStation,23.951421905140265,78.22247711887951,1010.1838049561031,0,23.951421905140265,78.22247711887951,1010.1838049561031
2025-03-07 04:00:00,SubtleStation,24.191214980287487,79.61358664396192,1010.0590350352168,0,24.191214980287487,79.61358664396192,1010.0590350352168
2025-03-07 05:00:00,SubtleStation,24.479056251819024,78.29726434201824,1010.269867942086,0,24.479056251819024,78.29726434201824,1010.269867942086
2025-03-07 06:00:00,SubtleStation,24.39836151826184,80.46771426794702,1009.6215321699513,0,24.39836151826184,80.46771426794702,1009.6215321699513
2025-03-07 07:00:00,SubtleStation,24.70273050710915,80.92492480058546,1010.1569107705235,0,24.70273050710915,80.92492480058546,1010.1569107705235
2025-03-07 08:00:00,SubtleStation,24.706593544877304,79.10983519117947,1009.8680734537892,0,24.706593544877304,79.10983519117947,1009.8680734537892
2025-03-07 09:00:00,SubtleStation,24.52567601473329,79.87209506579178,1008.9460778829678,0,24.52567601473329,79.87209506579178,1008.9460778829678
2025-03-07 10:00:00,SubtleStation,24.98536866174053,80.45030414989101,1009.8233965351669,0,24.98536866174053,80.45030414989101,1009.8233965351669
2025-03-07 11:00:00,SubtleStation,25.169108615560564,79.65178164009703,1009.5205502739699,0,25.169108615560564,79.65178164009703,1009.5205502739699
2025-03-07 12:00:00,SubtleStation,25.35427033337405,80.09539120275278,1009.7277968548179,0,25.35427033337405,80.09539120275278,1009.7277968548179
2025-03-07 13:00:00,SubtleStation,25.17841353678451,79.15897728542237,1010.2708871761674,0,25.17841353678451,79.15897728542237,1010.2708871761674
2025-03-07 14:00:00,SubtleStation,25.339266555126958,81.50793404808744,1009.6815926797628,0,25.339266555126958,81.50793404808744,1009.6815926797628
2025-03-07 15:00:00,SubtleStation,25.152237019249988,79.82046273520893,1010.0301200834405,0,25.152237019249988,79.82046273520893,1010.0301200834405
2025-03-07 16:00:00,SubtleStation,25.943751526726956,79.57420763194646,1009.3603911576556,0,25.943751526726956,79.57420763194646,1009.3603911576556
2025-03-07 17:00:00,SubtleStation,25.95106978581113,80.58076892305394,1010.505736687366,0,25.95106978581113,80.58076892305394,1010.505736687366
2025-03-07 18:00:00,SubtleStation,25.742735724073675,80.35948082525364,1010.8361179417723,0,25.742735724073675,80.35948082525364,1010.8361179417723
2025-03-07 19:00:00,SubtleStation,25.822868801815076,78.07445856219,1010.4448473396303,0,25.822868801815076,78.07445856219,1010.4448473396303
2025-03-07 20:00:00,SubtleStation,25.36018795697435,80.71754068014341,1010.753873493606,0,25.36018795697435,80.71754068014341,1010.753873493606
2025-03-07 21:00:00,SubtleStation,26.25130177610777,79.33281328576214,1009.8968635816528,0,26.25130177610777,79.33281328576214,1009.8968635816528
2025-03-07 22:00:00,SubtleStation,26.254420384532803,77.65049439774734,1010.6315408563075,0,26.254420384532803,77.65049439774734,1010.6315408563075
2025-03-07 23:00:00,SubtleStation,26.401552500403618,79.11590325800937,1010.8006709198372,0,26.401552500403618,79.11590325800937,1010.8006709198372
2025-03-08 00:00:00,SubtleStation,26.254586695431705,78.27776362529623,1010.022509516099,0,26.254586695431705,78.27776362529623,1010.022509516099
2025-03-08 01:00:00,SubtleStation,26.33786231119222,79.58802922800085,1009.7639700844994,0,26.33786231119222,79.58802922800085,1009.7639700844994
2025-03-08 02:00:00,SubtleStation,26.280203187480215,79.86240119828808,1009.6269281662625,0,26.280203187480215,79.86240119828808,1009.6269281662625
2025-03-08 03:00:00,SubtleStation,26.777816564294632,78.92164749121454,1010.0845826928385,0,26.777816564294632,78.92164749121454,1010.0845826928385
2025-03-08 04:00:00,SubtleStation,26.966923971777696,78.17912266017458,1008.7859040123675,0,26.966923971777696,78.17912266017458,1008.7859040123675
2025-03-08 05:00:00,SubtleStation,27.03486150007583,77.6749688341137,1010.8900613288835,0,27.03486150007583,77.6749688341137,1010.8900613288835
2025-03-08 06:00:00,SubtleStation,26.94040386909319,78.91610087317821,1010.3858067452452,0,26.94040386909319,78.91610087317821,1010.3858067452452
2025-03-08 07:00:00,SubtleStation,26.929727982513675,78.1945002221592,1010.2314890443937,0,26.929727982513675,78.1945002221592,1010.2314890443937
2025-03-08 08:00:00,SubtleStation,26.87597189131704,76.8458205382036,1010.8590046227827,0,26.87597189131704,76.8458205382036,1010.8590046227827
2025-03-08 09:00:00,SubtleStation,27.036488672638153,78.7505757723216,1010.4734552426469,0,27.036488672638153,78.7505757723216,1010.4734552426469
2025-03-08 10:00:00,SubtleStation,27.359950617003403,77.05062843622301,1009.4393459119409,0,27.359950617003403,77.05062843622301,1009.4393459119409
2025-03-08 11:00:00,SubtleStation,27.29822468420308,78.22282313359699,1009.7314228835837,0,27.29822468420308,78.22282313359699,1009.7314228835837
2025-03-08 12:00:00,SubtleStation,27.771168633585287,76.92030043149252,1010.2433564937995,0,27.771168633585287,76.92030043149252,1010.2433564937995
2025-03-08 13:00:00,SubtleStation,27.760133926657453,76.5449864892144,1010.5033223864016,0,27.760133926657453,76.5449864892144,1010.5033223864016
2025-03-08 14:00:00,SubtleStation,27.49506358172346,77.21687823327186,1010.1619532868597,0,27.49506358172346,77.21687823327186,1010.1619532868597
2025-03-08 15:00:00,SubtleStation,27.457009129076678,78.88549902260125,1009.8960463526803,0,27.457009129076678,78.88549902260125,1009.8960463526803
2025-03-08 16:00:00,SubtleStation,27.67409355444758,77.04865207816663,1009.35477898218,0,27.67409355444758,77.04865207816663,1009.35477898218
2025-03-08 17:00:00,SubtleStation,28.0793755740663,75.61398047940826,1009.3297429942288,0,28.0793755740663,75.61398047940826,1009.3297429942288
2025-03-08 18:00:00,SubtleStation,27.842889324839852,76.96792752300634,1009.6168042576527,0,27.842889324839852,76.96792752300634,1009.6168042576527
2025-03-08 19:00:00,SubtleStation,28.137066723224045,75.63657726853535,1009.8456265940307,0,28.137066723224045,75.63657726853535,1009.8456265940307
2025-03-08 20:00:00,SubtleStation,27.99367683022028,77.14318403407836,1009.9591276154822,0,27.99367683022028,77.14318403407836,1009.9591276154822
2025-03-08 21:00:00,SubtleStation,28.25322621641546,73.92072692280246,1009.0517780473768,0,28.25322621641546,73.92072692280246,1009.0517780473768
2025-03-08 22:00:00,SubtleStation,28.36668800607921,76.83100544891705,1010.3083245375318,0,28.36668800607921,76.83100544891705,1010.3083245375318
2025-03-08 23:00:00,SubtleStation,28.53338758466774,75.58355217424678,1011.0257474806024,0,28.53338758466774,75.58355217424678,1011.0257474806024
2025-03-09 00:00:00,SubtleStation,28.696695307997178,73.7170914826744,1010.6212658003986,0,28.696695307997178,73.7170914826744,1010.6212658003986
2025-03-09 01:00:00,SubtleStation,28.74455489599227,73.18449761360331,1010.5311979777057,0,28.74455489599227,73.18449761360331,1010.5311979777057
2025-03-09 02:00:00,SubtleStation,28.447543119803285,75.03230177536003,1010.0321251920541,0,28.447543119803285,75.03230177536003,1010.0321251920541
2025-03-09 03:00:00,SubtleStation,28.593820034722878,73.29957867695015,1010.2107531343734,0,28.593820034722878,73.29957867695015,1010.2107531343734
2025-03-09 04:00:00,SubtleStation,28.456715302168966,72.32339734649238,1010.5547364175976,0,28.456715302168966,72.32339734649238,1010.5547364175976
2025-03-09 05:00:00,SubtleStation,28.711002693287416,73.37244433862602,1009.0402600805667,0,28.711002693287416,73.37244433862602,1009.0402600805667
2025-03-09 06:00:00,SubtleStation,28.82821880211573,73.41843461992353,1010.4194659926634,0,28.82821880211573,73.41843461992353,1010.4194659926634
2025-03-09 07:00:00,SubtleStation,28.80624910545396,73.09106622515466,1009.923046508995,0,28.80624910545396,73.09106622515466,1009.923046508995
2025-03-09 08:00:00,SubtleStation,28.848454511364785,71.10381321624358,1009.9585236329154,0,28.848454511364785,71.10381321624358,1009.9585236329154
2025-03-09 09:00:00,SubtleStation,29.216137545290042,71.32516976250298,1009.3316412898633,0,29.216137545290042,71.32516976250298,1009.3316412898633
2025-03-09 10:00:00,SubtleStation,29.25016370659571,71.7400060602021,1009.58454612472,0,29.25016370659571,71.7400060602021,1009.58454612472
2025-03-09 11:00:00,SubtleStation,29.205809071248485,70.14662454067035,1010.2017161900304,0,29.205809071248485,70.14662454067035,1010.2017161900304
2025-03-09 12:00:00,SubtleStation,28.926149085902082,70.74931141740413,1009.9320502393615,0,28.926149085902082,70.74931141740413,1009.9320502393615
2025-03-09 13:00:00,SubtleStation,29.27583065750296,70.62208114246805,1009.5818862069161,0,29.27583065750296,70.62208114246805,1009.5818862069161
2025-03-09 14:00:00,SubtleStation,29.21109655522532,70.29487488618742,1010.1817193095621,0,29.21109655522532,70.29487488618742,1010.1817193095621
2025-03-09 15:00:00,SubtleStation,29.60167094717623,67.9865525040793,1009.7773617901418,0,29.60167094717623,67.9865525040793,1009.7773617901418
2025-03-09 16:00:00,SubtleStation,29.026913844623767,69.11936222999257,1009.3906359860754,0,29.026913844623767,69.11936222999257,1009.3906359860754
2025-03-09 17:00:00,SubtleStation,29.322698202196737,68.50870821034346,1011.1413686641912,0,29.322698202196737,68.50870821034346,1011.1413686641912
2025-03-09 18:00:00,SubtleStation,29.362449389573705,68.19418289116844,1009.7063867852631,0,29.362449389573705,68.19418289116844,1009.7063867852631
2025-03-09 19:00:00,SubtleStation,29.42998858661732,69.95482226988727,1010.638707866908,0,29.42998858661732,69.95482226988727,1010.638707866908
2025-03-09 20:00:00,SubtleStation,29.75653309954885,68.62459741877343,1009.3904293696954,0,29.75653309954885,68.62459741877343,1009.3904293696954
2025-03-09 21:00:00,SubtleStation,29.1344329478071,67.27296583172858,1010.1740777968669,0,29.1344329478071,67.27296583172858,1010.1740777968669
2025-03-09 22:00:00,SubtleStation,29.60133883757873,68.77626046148913,1010.2268372502591,0,29.60133883757873,68.77626046148913,1010.2268372502591
2025-03-09 23:00:00,SubtleStation,29.849280189581222,68.50446900867423,1010.622213564906,0,29.849280189581222,68.50446900867423,1010.622213564906
2025-03-10 00:00:00,SubtleStation,29.909473997021667,66.50743895690847,1009.8542649263906,0,29.909473997021667,66.50743895690847,1009.8542649263906
2025-03-10 01:00:00,SubtleStation,29.636063293093017,65.52427390714679,1010.0656455037279,0,29.636063293093017,65.52427390714679,1010.0656455037279
2025-03-10 02:00:00,SubtleStation,29.64045255692726,66.45799504720478,1009.7863741600764,0,29.64045255692726,66.45799504720478,1009.7863741600764
2025-03-10 03:00:00,SubtleStation,29.874268959091093,64.08226759244972,1010.5363682765487,0,29.874268959091093,64.08226759244972,1010.5363682765487
2025-03-10 04:00:00,SubtleStation,29.861928924632334,65.30342127602151,1009.2357175475053,0,29.861928924632334,65.30342127602151,1009.2357175475053
2025-03-10 05:00:00,SubtleStation,29.870364154304877,64.35888967603245,1009.9078345217783,0,29.870364154304877,64.35888967603245,1009.9078345217783
2025-03-10 06:00:00,SubtleStation,29.119026530765474,62.6287262247455,1010.1185745867474,0,29.119026530765474,62.6287262247455,1010.1185745867474
2025-03-10 07:00:00,SubtleStation,29.674733931313195,65.33092481711574,1010.6085273664602,0,29.674733931313195,65.33092481711574,1010.6085273664602
2025-03-10 08:00:00,SubtleStation,29.746429175656136,62.530634875069424,1009.2257297341099,0,29.746429175656136,62.530634875069424,1009.2257297341099
2025-03-10 09:00:00,SubtleStation,30.06461282538566,60.845273097582464,1009.5239206072429,0,30.06461282538566,60.845273097582464,1009.5239206072429
2025-03-10 10:00:00,SubtleStation,29.662820848353405,62.521330417379865,1010.2851745455,0,29.662820848353405,62.521330417379865,1010.2851745455
2025-03-10 11:00:00,SubtleStation,29.754628097964353,60.870987366313756,1009.7515014464793,0,29.754628097964353,60.870987366313756,1009.7515014464793
2025-03-10 12:00:00,SubtleStation,29.944071320122355,63.646578106589864,1010.9080616123509,0,29.944071320122355,63.646578106589864,1010.9080616123509
2025-03-10 13:00:00,SubtleStation,29.726432888031027,60.953558731371125,1009.9322583849124,0,29.726432888031027,60.953558731371125,1009.9322583849124
2025-03-10 14:00:00,SubtleStation,30.119532194565384,63.32362797079333,1009.2357872069043,0,30.119532194565384,63.32362797079333,1009.2357872069043
2025-03-10 15:00:00,SubtleStation,29.917693050949328,58.89902677901992,1010.5622122040611,0,29.917693050949328,58.89902677901992,1010.5622122040611
2025-03-10 16:00:00,SubtleStation,30.365568224306738,62.599728406803266,1010.5655152029243,0,30.365568224306738,62.599728406803266,1010.5655152029243
2025-03-10 17:00:00,SubtleStation,29.874056217185466,59.76637199005516,1009.376455773992,0,29.874056217185466,59.76637199005516,1009.376455773992
2025-03-10 18:00:00,SubtleStation,29.88375550920814,59.162648824067325,1009.6860155200204,0,29.88375550920814,59.162648824067325,1009.6860155200204
2025-03-10 19:00:00,SubtleStation,30.156911658703578,59.011772900935945,1009.6068618912323,0,30.156911658703578,59.011772900935945,1009.6068618912323
2025-03-10 20:00:00,SubtleStation,29.85996932398671,59.604526816913214,1009.9423760431798,0,29.85996932398671,59.604526816913214,1009.9423760431798
2025-03-10 21:00:00,SubtleStation,30.286365934989032,57.47391915189897,1010.0685082685442,0,30.286365934989032,57.47391915189897,1010.0685082685442
2025-03-10 22:00:00,SubtleStation,30.07165646884595,58.80808664948646,1010.8123825747757,0,30.07165646884595,58.80808664948646,1010.8123825747757
2025-03-10 23:00:00,SubtleStation,29.903327942737377,56.90962353424852,1009.1591452717892,0,29.903327942737377,56.90962353424852,1009.1591452717892
2025-03-11 00:00:00,SubtleStation,29.918988411618294,56.52282297191387,1010.0034918217533,0,29.918988411618294,56.52282297191387,1010.0034918217533
2025-03-11 01:00:00,SubtleStation,30.506352453306242,56.518201000199575,1009.40318706581,0,30.506352453306242,56.518201000199575,1009.40318706581
2025-03-11 02:00:00,SubtleStation,30.017029464006185,57.10421428205115,1010.4364477980592,0,30.017029464006185,57.10421428205115,1010.4364477980592
2025-03-11 03:00:00,SubtleStation,29.930513240600167,55.06987214075925,1009.8020364220242,0,29.930513240600167,55.06987214075925,1009.8020364220242
2025-03-11 04:00:00,SubtleStation,29.853060845533722,57.52869944875076,1009.9220535179126,0,29.853060845533722,57.52869944875076,1009.9220535179126
2025-03-11 05:00:00,SubtleStation,30.06421441593209,54.6624911731748,1010.4360365726044,0,30.06421441593209,54.6624911731748,1010.4360365726044
2025-03-11 06:00:00,SubtleStation,29.528379134147816,57.03743637417543,1009.6148041362595,0,29.528379134147816,57.03743637417543,1009.6148041362595
2025-03-11 07:00:00,SubtleStation,29.76913565318603,53.53671375182357,1010.563167018064,0,29.76913565318603,53.53671375182357,1010.563167018064
2025-03-11 08:00:00,SubtleStation,29.21004777317695,56.42959275038834,1010.3150056981258,0,29.21004777317695,56.42959275038834,1010.3150056981258
2025-03-11 09:00:00,SubtleStation,29.639592333318294,54.75382877418231,1010.1974636006704,0,29.639592333318294,54.75382877418231,1010.1974636006704
2025-03-11 10:00:00,SubtleStation,29.883454609362122,54.98111630498271,1009.1723416813888,0,29.883454609362122,54.98111630498271,1009.1723416813888
2025-03-11 11:00:00,SubtleStation,29.956024563587306,51.58753629372334,1010.0261258111494,0,29.956024563587306,51.58753629372334,1010.0261258111494
2025-03-11 12:00:00,SubtleStation,29.764609074616494,51.6895343280128,1009.135587809128,0,29.764609074616494,51.6895343280128,1009.135587809128
2025-03-11 13:00:00,SubtleStation,29.733387329225042,51.231554419034936,1009.706913819164,0,29.733387329225042,51.231554419034936,1009.706913819164
2025-03-11 14:00:00,SubtleStation,29.222349063804693,51.79104332309393,1010.1163844128973,0,29.222349063804693,51.79104332309393,1010.1163844128973
2025-03-11 15:00:00,SubtleStation,29.388163468859762,52.187918173124885,1009.3873235736477,0,29.388163468859762,52.187918173124885,1009.3873235736477
2025-03-11 16:00:00,SubtleStation,29.775217904705862,52.128739328593866,1009.3958301850521,0,29.775217904705862,52.128739328593866,1009.3958301850521
2025-03-11 17:00:00,SubtleStation,29.330270777766497,51.26089870374164,1009.6395517549257,0,29.330270777766497,51.26089870374164,1009.6395517549257
2025-03-11 18:00:00,SubtleStation,29.360777510033316,51.02781138736863,1010.25062302198,0,29.360777510033316,51.02781138736863,1010.25062302198
2025-03-11 19:00:00,SubtleStation,29.178036970438676,51.49490471058429,1010.4157598182745,0,29.178036970438676,51.49490471058429,1010.4157598182745
2025-03-11 20:00:00,SubtleStation,29.101838151551995,49.72201513849155,1010.1951129394184,0,29.101838151551995,49.72201513849155,1010.1951129394184
2025-03-11 21:00:00,SubtleStation,29.142257619760596,48.94561882784181,1010.4709662405838,0,29.142257619760596,48.94561882784181,1010.4709662405838
2025-03-11 22:00:00,SubtleStation,29.05012814220694,49.682439570438135,1010.7544426184595,0,29.05012814220694,49.682439570438135,1010.7544426184595
2025-03-11 23:00:00,SubtleStation,29.318194015590745,49.21318614002775,1009.0922136962818,0,29.318194015590745,49.21318614002775,1009.0922136962818
2025-03-12 00:00:00,SubtleStation,29.11247061417442,46.991984448130786,1009.8572359290239,0,29.11247061417442,46.991984448130786,1009.8572359290239
2025-03-12 01:00:00,SubtleStation,29.21424814237911,48.223447409328166,1010.3274892819029,0,29.21424814237911,48.223447409328166,1010.3274892819029
2025-03-12 02:00:00,SubtleStation,28.672493782015035,50.27871706540854,1010.3741591290446,0,28.672493782015035,50.27871706540854,1010.3741591290446
2025-03-12 03:00:00,SubtleStation,29.13292126192534,47.48489199389593,1010.3046041291458,0,29.13292126192534,47.48489199389593,1010.3046041291458
2025-03-12 04:00:00,SubtleStation,28.828455524083626,48.165802285241476,1010.3354297214304,0,28.828455524083626,48.165802285241476,1010.3354297214304
2025-03-12 05:00:00,SubtleStation,29.126837376357358,46.61856356864427,1010.0100908020925,0,29.126837376357358,46.61856356864427,1010.0100908020925
2025-03-12 06:00:00,SubtleStation,28.681711753581432,48.16460438393215,1009.7614179618924,0,28.681711753581432,48.16460438393215,1009.7614179618924
2025-03-12 07:00:00,SubtleStation,28.325408451578873,46.84551315301146,1010.2157068438408,0,28.325408451578873,46.84551315301146,1010.2157068438408
2025-03-12 08:00:00,SubtleStation,28.81130460614929,45.348391677369406,1009.2550294980687,0,28.81130460614929,45.348391677369406,1009.2550294980687
2025-03-12 09:00:00,SubtleStation,28.45611219336645,46.644868120008866,1010.5464592842674,0,28.45611219336645,46.644868120008866,1010.5464592842674
2025-03-12 10:00:00,SubtleStation,27.980542310507186,47.25180693256424,1010.344420782984,0,27.980542310507186,47.25180693256424,1010.344420782984
2025-03-12 11:00:00,SubtleStation,28.366194861630476,45.73210003796204,1010.2977587171031,0,28.366194861630476,45.73210003796204,1010.2977587171031
2025-03-12 12:00:00,SubtleStation,28.308256797499215,44.94035359877047,1010.4979192117331,0,28.308256797499215,44.94035359877047,1010.4979192117331
2025-03-12 13:00:00,SubtleStation,28.400783684944777,45.2969119162006,1009.9001192436809,0,28.400783684944777,45.2969119162006,1009.9001192436809
2025-03-12 14:00:00,SubtleStation,27.39033764219793,44.63643026755032,1010.4522801940785,0,27.39033764219793,44.63643026755032,1010.4522801940785
2025-03-12 15:00:00,SubtleStation,28.258641985128893,44.9799093133066,1009.8720708368998,0,28.258641985128893,44.9799093133066,1009.8720708368998
2025-03-12 16:00:00,SubtleStation,27.853768429240358,43.52962007452905,1009.4293103523539,0,27.853768429240358,43.52962007452905,1009.4293103523539
2025-03-12 17:00:00,SubtleStation,28.252577144158156,42.65906962069465,1009.8707776706893,0,28.252577144158156,42.65906962069465,1009.8707776706893
2025-03-12 18:00:00,SubtleStation,27.44116379311707,44.4929356276276,1009.8983677997427,0,27.44116379311707,44.4929356276276,1009.8983677997427
2025-03-12 19:00:00,SubtleStation,27.810265867838527,45.41376934423304,1009.3670567362776,0,27.810265867838527,45.41376934423304,1009.3670567362776
2025-03-12 20:00:00,SubtleStation,27.69883907226254,43.41387255368954,1010.5275816756613,0,27.69883907226254,43.41387255368954,1010.5275816756613
2025-03-12 21:00:00,SubtleStation,27.446322596743254,42.79999732051315,1009.37566132034,0,27.446322596743254,42.79999732051315,1009.37566132034
2025-03-12 22:00:00,SubtleStation,27.2892219289694,45.47409306468509,1010.9427154321478,0,27.2892219289694,45.47409306468509,1010.9427154321478
2025-03-12 23:00:00,SubtleStation,27.28149371985817,43.49440005915539,1009.8675693477464,0,27.28149371985817,43.49440005915539,1009.8675693477464
2025-03-13 00:00:00,SubtleStation,27.19821543993629,43.21241434329103,1009.8806693054653,0,27.19821543993629,43.21241434329103,1009.8806693054653
2025-03-13 01:00:00,SubtleStation,26.927281312949972,42.32394443701053,1009.783922531695,0,26.927281312949972,42.32394443701053,1009.783922531695
2025-03-13 02:00:00,SubtleStation,27.28610525735361,41.32769625021804,1010.5148381535706,0,27.28610525735361,41.32769625021804,1010.5148381535706
2025-03-13 03:00:00,SubtleStation,26.777769354187498,41.29929187292833,1010.5051183724627,0,26.777769354187498,41.29929187292833,1010.5051183724627
2025-03-13 04:00:00,SubtleStation,27.10875144253878,41.31252959489442,1010.9926766332338,0,27.10875144253878,41.31252959489442,1010.9926766332338
2025-03-13 05:00:00,SubtleStation,26.453468232801306,39.961283973899526,1009.410989990797,0,26.453468232801306,39.961283973899526,1009.410989990797
2025-03-13 06:00:00,SubtleStation,26.682234320904744,40.99759890577523,1010.0638683193237,0,26.682234320904744,40.99759890577523,1010.0638683193237
2025-03-13 07:00:00,SubtleStation,26.590940780527134,41.23442242083471,1010.2405683738258,0,26.590940780527134,41.23442242083471,1010.2405683738258
2025-03-13 08:00:00,SubtleStation,26.52532342394199,40.677253837462814,1010.0977080550475,0,26.52532342394199,40.677253837462814,1010.0977080550475
2025-03-13 09:00:00,SubtleStation,26.62421006830892,41.15150257892817,1009.5035903582594,0,26.62421006830892,41.15150257892817,1009.5035903582594
2025-03-13 10:00:00,SubtleStation,26.296376651846984,40.65129827017943,1009.9251820587274,0,26.296376651846984,40.65129827017943,1009.9251820587274
2025-03-13 11:00:00,SubtleStation,26.148620482688056,40.78797039668152,1009.7371511030145,0,26.148620482688056,40.78797039668152,1009.7371511030145
2025-03-13 12:00:00,SubtleStation,26.103204852189513,39.90847083578127,1010.0200053636577,0,26.103204852189513,39.90847083578127,1010.0200053636577
2025-03-13 13:00:00,SubtleStation,26.241678348851636,40.12556738247176,1009.7363238610205,0,26.241678348851636,40.12556738247176,1009.7363238610205
2025-03-13 14:00:00,SubtleStation,25.706343852519794,40.35866898357819,1009.8177112753758,0,25.706343852519794,40.35866898357819,1009.8177112753758
2025-03-13 15:00:00,SubtleStation,25.64494068150055,39.54999772507946,1010.5252149709726,0,25.64494068150055,39.54999772507946,1010.5252149709726
2025-03-13 16:00:00,SubtleStation,25.35900411597691,40.13400113509349,1009.1548940303242,0,25.35900411597691,40.13400113509349,1009.1548940303242
2025-03-13 17:00:00,SubtleStation,26.05676264305345,39.55371850102565,1009.6783768585456,0,26.05676264305345,39.55371850102565,1009.6783768585456
2025-03-13 18:00:00,SubtleStation,25.320072474922362,41.20863991099107,1010.4350458821777,0,25.320072474922362,41.20863991099107,1010.4350458821777
2025-03-13 19:00:00,SubtleStation,25.075422716555146,39.83836371676969,1009.6745188618212,0,25.075422716555146,39.83836371676969,1009.6745188618212
2025-03-13 20:00:00,SubtleStation,25.191035777146947,40.561972887326505,1009.7545467089362,0,25.191035777146947,40.561972887326505,1009.7545467089362
2025-03-13 21:00:00,SubtleStation,25.13048993441076,39.461164216502134,1010.2033183857579,0,25.13048993441076,39.461164216502134,1010.2033183857579
2025-03-13 22:00:00,SubtleStation,25.446136333907297,39.79721991074825,1010.1685342359166,0,25.446136333907297,39.79721991074825,1010.1685342359166
2025-03-13 23:00:00,SubtleStation,24.960068197676453,39.9082452387488,1010.1287233262588,0,24.960068197676453,39.9082452387488,1010.1287233262588
2025-03-14 00:00:00,SubtleStation,25.01138358106616,38.74748178533564,1010.075835379049,0,25.01138358106616,38.74748178533564,1010.075835379049
2025-03-14 01:00:00,SubtleStation,24.494874241112818,38.356988325814015,1009.9312208245826,0,24.494874241112818,38.356988325814015,1009.9312208245826
2025-03-14 02:00:00,SubtleStation,24.794686187027995,38.66979789801602,1010.3130959885206,0,24.794686187027995,38.66979789801602,1010.3130959885206
2025-03-14 03:00:00,SubtleStation,24.323488326768988,40.734426463556815,1009.6702828357389,0,24.323488326768988,40.734426463556815,1009.6702828357389
2025-03-14 04:00:00,SubtleStation,24.49082540482715,40.59445508756514,1010.1547704158368,0,24.49082540482715,40.59445508756514,1010.1547704158368
2025-03-14 05:00:00,SubtleStation,24.30204570500912,39.83577231493912,1010.0612056655777,0,24.30204570500912,39.83577231493912,1010.0612056655777
2025-03-14 06:00:00,SubtleStation,24.366368159388028,38.451546660174266,1010.7471484285751,0,24.366368159388028,38.451546660174266,1010.7471484285751
2025-03-14 07:00:00,SubtleStation,24.382547769053733,40.961571840799394,1009.4088406939206,0,24.382547769053733,40.961571840799394,1009.4088406939206
2025-03-14 08:00:00,SubtleStation,23.88973684832339,39.69407140248495,1009.6178970657859,0,23.88973684832339,39.69407140248495,1009.6178970657859
2025-03-14 09:00:00,SubtleStation,23.83121972076413,40.60669876394573,1009.3908665361932,0,23.83121972076413,40.60669876394573,1009.3908665361932
2025-03-14 10:00:00,SubtleStation,23.999185312282016,40.75558699559013,1010.4979580870498,0,23.999185312282016,40.75558699559013,1010.4979580870498
2025-03-14 11:00:00,SubtleStation,24.000304723437452,41.741240551699335,1010.3269397767133,0,24.000304723437452,41.741240551699335,1010.3269397767133
2025-03-14 12:00:00,SubtleStation,24.04915771827224,40.64150999696677,1009.3803614511381,0,24.04915771827224,40.64150999696677,1009.3803614511381
2025-03-14 13:00:00,SubtleStation,23.574633339166922,37.03613152393864,1009.7291955647478,0,23.574633339166922,37.03613152393864,1009.7291955647478
2025-03-14 14:00:00,SubtleStation,23.274577546826883,41.45675066875943,1010.7379538182033,0,23.274577546826883,41.45675066875943,1010.7379538182033
2025-03-14 15:00:00,SubtleStation,23.514631082345556,40.09149137180213,1010.7486061691588,0,23.514631082345556,40.09149137180213,1010.7486061691588
2025-03-14 16:00:00,SubtleStation,23.22341915249041,39.54498493642506,1009.7381654223626,0,23.22341915249041,39.54498493642506,1009.7381654223626
2025-03-14 17:00:00,SubtleStation,23.10315311234721,40.26014012345219,1009.7176833919526,0,23.10315311234721,40.26014012345219,1009.7176833919526
2025-03-14 18:00:00,SubtleStation,23.476046858817405,39.07389138909541,1010.6009431464303,0,23.476046858817405,39.07389138909541,1010.6009431464303
2025-03-14 19:00:00,SubtleStation,23.225251598355467,42.231405376615264,1010.0488384656542,0,23.225251598355467,42.231405376615264,1010.0488384656542
2025-03-14 20:00:00,SubtleStation,22.86374913109859,40.508765472910035,1009.8881144897645,0,22.86374913109859,40.508765472910035,1009.8881144897645
2025-03-14 21:00:00,SubtleStation,22.91427541065432,42.60417575740957,1010.0024296165541,0,22.91427541065432,42.60417575740957,1010.0024296165541
2025-03-14 22:00:00,SubtleStation,22.81036843221566,41.85833237132343,1010.0267093231148,0,22.81036843221566,41.85833237132343,1010.0267093231148
2025-03-14 23:00:00,SubtleStation,22.770878382706165,41.98858584158304,1009.3942725517626,0,22.770878382706165,41.98858584158304,1009.3942725517626
2025-03-15 00:00:00,SubtleStation,22.567931953929218,42.95916762721266,1009.3846229113557,0,22.567931953929218,42.95916762721266,1009.3846229113557
2025-03-15 01:00:00,SubtleStation,22.181308685468125,39.69535339902915,1009.6348169512279,0,22.181308685468125,39.69535339902915,1009.6348169512279
2025-03-15 02:00:00,SubtleStation,22.279228299677115,43.39465318129206,1009.6513799868254,0,22.279228299677115,43.39465318129206,1009.6513799868254
2025-03-15 03:00:00,SubtleStation,22.282286732477797,43.1317922074862,1009.8230628860049,0,22.282286732477797,43.1317922074862,1009.8230628860049
2025-03-15 04:00:00,SubtleStation,22.309541026303364,44.17860687582926,1010.0768031527422,0,22.309541026303364,44.17860687582926,1010.0768031527422
2025-03-15 05:00:00,SubtleStation,22.00377125219268,42.93954929540676,1010.1707857344472,0,22.00377125219268,42.93954929540676,1010.1707857344472
2025-03-15 06:00:00,SubtleStation,22.174910879540107,43.968735108748895,1010.7616080290754,0,22.174910879540107,43.968735108748895,1010.7616080290754
2025-03-15 07:00:00,SubtleStation,21.979968725418463,43.03283650229321,1010.036796512607,0,21.979968725418463,43.03283650229321,1010.036796512607
2025-03-15 08:00:00,SubtleStation,21.82407506562861,44.694656446428546,1009.3201278492296,0,21.82407506562861,44.694656446428546,1009.3201278492296
2025-03-15 09:00:00,SubtleStation,21.642871985168455,45.0899812293755,1009.9096123805697,0,21.642871985168455,45.0899812293755,1009.9096123805697
2025-03-15 10:00:00,SubtleStation,21.90842430154415,41.90708021827454,1009.9772955188191,0,21.90842430154415,41.90708021827454,1009.9772955188191
2025-03-15 11:00:00,SubtleStation,21.82744631997523,45.15643749039854,1009.8717128353783,0,21.82744631997523,45.15643749039854,1009.8717128353783
2025-03-15 12:00:00,SubtleStation,21.827416882530606,44.11461154355895,1009.9968180215238,0,21.827416882530606,44.11461154355895,1009.9968180215238
2025-03-15 13:00:00,SubtleStation,21.70333895448897,45.151213733740974,1010.1162487641491,0,21.70333895448897,45.151213733740974,1010.1162487641491
2025-03-15 14:00:00,SubtleStation,21.645779910738703,45.387837641366055,1010.1001911771356,0,21.645779910738703,45.387837641366055,1010.1001911771356
2025-03-15 15:00:00,SubtleStation,21.526232583311582,46.1227370087953,1010.0095781153491,0,21.526232583311582,46.1227370087953,1010.0095781153491
2025-03-15 16:00:00,SubtleStation,21.028419357342166,46.663587371400254,1010.9102314664201,0,21.028419357342166,46.663587371400254,1010.9102314664201
2025-03-15 17:00:00,SubtleStation,21.25601044139278,46.22676279822603,1009.4856460431915,0,21.25601044139278,46.22676279822603,1009.4856460431915
2025-03-15 18:00:00,SubtleStation,20.958566456532907,46.19161104379627,1009.8673089007129,0,20.958566456532907,46.19161104379627,1009.8673089007129
2025-03-15 19:00:00,SubtleStation,21.453596629273466,46.446741239201074,1009.6407547796158,0,21.453596629273466,46.446741239201074,1009.6407547796158
2025-03-15 20:00:00,SubtleStation,21.113191393284552,45.95687300067282,1010.2731904621203,0,21.113191393284552,45.95687300067282,1010.2731904621203
2025-03-15 21:00:00,SubtleStation,21.307739403518454,45.841588476745294,1009.2810656334849,0,21.307739403518454,45.841588476745294,1009.2810656334849
2025-03-15 22:00:00,SubtleStation,20.787096935892233,49.28824689382773,1010.161800007384,0,20.787096935892233,49.28824689382773,1010.161800007384
2025-03-15 23:00:00,SubtleStation,20.915764034160375,46.93002138349689,1009.3851215901875,0,20.915764034160375,46.93002138349689,1009.3851215901875
2025-03-16 00:00:00,SubtleStation,20.929416151698653,50.28207499565744,1009.8057236578998,0,20.929416151698653,50.28207499565744,1009.8057236578998
2025-03-16 01:00:00,SubtleStation,20.754814205432723,47.916148180020706,1010.5461684500609,0,20.754814205432723,47.916148180020706,1010.5461684500609
2025-03-16 02:00:00,SubtleStation,20.80447806252373,50.029828293994285,1010.0666313762773,0,20.80447806252373,50.029828293994285,1010.0666313762773
2025-03-16 03:00:00,SubtleStation,21.01097227487323,50.87794786029168,1010.4226591673216,0,21.01097227487323,50.87794786029168,1010.4226591673216
2025-03-16 04:00:00,SubtleStation,20.457491112751082,49.63478948108068,1009.9422353624125,0,20.457491112751082,49.63478948108068,1009.9422353624125
2025-03-16 05:00:00,SubtleStation,20.08735860032156,50.30646458777287,1010.4646302182451,0,20.08735860032156,50.30646458777287,1010.4646302182451
2025-03-16 06:00:00,SubtleStation,20.887891892141297,50.94768786797372,1011.0684369634102,0,20.887891892141297,50.94768786797372,1011.0684369634102
2025-03-16 07:00:00,SubtleStation,20.364032126843718,51.26720458267933,1009.9107322275198,0,20.364032126843718,51.26720458267933,1009.9107322275198
2025-03-16 08:00:00,SubtleStation,20.703253734370946,50.707229475684564,1010.6428812136386,0,20.703253734370946,50.707229475684564,1010.6428812136386
2025-03-16 09:00:00,SubtleStation,20.56733483790327,50.24564576833323,1009.6660091010925,0,20.56733483790327,50.24564576833323,1009.6660091010925
2025-03-16 10:00:00,SubtleStation,20.35363908951233,52.44673444129808,1008.9746843402495,0,20.35363908951233,52.44673444129808,1008.9746843402495
2025-03-16 11:00:00,SubtleStation,20.43491156302067,52.95591042941188,1010.0938269281678,0,20.43491156302067,52.95591042941188,1010.0938269281678
2025-03-16 12:00:00,SubtleStation,20.09445905202722,52.25094958245629,1010.1547185269869,0,20.09445905202722,52.25094958245629,1010.1547185269869
2025-03-16 13:00:00,SubtleStation,20.305340295423775,54.50927590283897,1010.5246804428132,0,20.305340295423775,54.50927590283897,1010.5246804428132
2025-03-16 14:00:00,SubtleStation,20.374449292048315,53.13128300778593,1010.3546315056542,0,20.374449292048315,53.13128300778593,1010.3546315056542
2025-03-16 15:00:00,SubtleStation,20.07015353188679,54.83528083998156,1009.8132499336978,0,20.07015353188679,54.83528083998156,1009.8132499336978
2025-03-16 16:00:00,SubtleStation,20.120251376273306,55.192382968680214,1009.6638840319744,0,20.120251376273306,55.192382968680214,1009.6638840319744
2025-03-16 17:00:00,SubtleStation,20.232039999070654,53.18584530857937,1010.770928363453,0,20.232039999070654,53.18584530857937,1010.770928363453
2025-03-16 18:00:00,SubtleStation,20.40932063660946,56.04120934327934,1010.6269118330159,0,20.40932063660946,56.04120934327934,1010.6269118330159
2025-03-16 19:00:00,SubtleStation,20.12112237220209,53.227952517257975,1010.2201168183816,0,20.12112237220209,53.227952517257975,1010.2201168183816
2025-03-16 20:00:00,SubtleStation,20.014660831076096,56.259847800672965,1010.1520545103674,0,20.014660831076096,56.259847800672965,1010.1520545103674
2025-03-16 21:00:00,SubtleStation,20.052509506526444,55.61591652884162,1009.7842516538916,0,20.052509506526444,55.61591652884162,1009.7842516538916
2025-03-16 22:00:00,SubtleStation,20.296795716726884,56.902412284666454,1009.6526851793133,0,20.296795716726884,56.902412284666454,1009.6526851793133
2025-03-16 23:00:00,SubtleStation,19.921400745861344,58.37754810850913,1009.2804161237925,0,19.921400745861344,58.37754810850913,1009.2804161237925
2025-03-17 00:00:00,SubtleStation,19.97658026425234,58.145259334233124,1009.7100830605146,0,19.97658026425234,58.145259334233124,1009.7100830605146
2025-03-17 01:00:00,SubtleStation,19.899084196122583,58.552448304837604,1009.463523983641,0,19.899084196122583,58.552448304837604,1009.463523983641
2025-03-17 02:00:00,SubtleStation,19.975573168144074,59.363163720173915,1010.4385081797274,0,19.975573168144074,59.363163720173915,1010.4385081797274
2025-03-17 03:00:00,SubtleStation,20.05206987541663,58.29849137231029,1010.1828008344926,0,20.05206987541663,58.29849137231029,1010.1828008344926
2025-03-17 04:00:00,SubtleStation,20.210997674952942,59.71626591424348,1010.110966783398,0,20.210997674952942,59.71626591424348,1010.110966783398
2025-03-17 05:00:00,SubtleStation,19.57619730148726,59.713273652749926,1010.0024605101864,0,19.57619730148726,59.713273652749926,1010.0024605101864
2025-03-17 06:00:00,SubtleStation,20.11110075379013,59.501190502465825,1010.3882864428361,0,20.11110075379013,59.501190502465825,1010.3882864428361
2025-03-17 07:00:00,SubtleStation,19.822576338691615,60.70052901392691,1009.9657953239753,0,19.822576338691615,60.70052901392691,1009.9657953239753
2025-03-17 08:00:00,SubtleStation,20.122400036395288,60.01788327952931,1009.5549460346505,0,20.122400036395288,60.01788327952931,1009.5549460346505
2025-03-17 09:00:00,SubtleStation,20.2566039719784,61.765990676523906,1009.7504048421187,0,20.2566039719784,61.765990676523906,1009.7504048421187
2025-03-17 10:00:00,SubtleStation,20.214684176725388,60.22364253476646,1010.3802053504211,0,20.214684176725388,60.22364253476646,1010.3802053504211
2025-03-17 11:00:00,SubtleStation,20.056039635732198,63.34295032237274,1011.2892723423727,0,20.056039635732198,63.34295032237274,1011.2892723423727
2025-03-17 12:00:00,SubtleStation,20.202221322649645,62.01042098113813,1010.1657652685714,0,20.202221322649645,62.01042098113813,1010.1657652685714
2025-03-17 13:00:00,SubtleStation,19.85950500446189,63.22411845460736,1010.3894902438467,0,19.85950500446189,63.22411845460736,1010.3894902438467
2025-03-17 14:00:00,SubtleStation,20.049457484198367,62.727404947221046,1009.7504150185007,0,20.049457484198367,62.727404947221046,1009.7504150185007
2025-03-17 15:00:00,SubtleStation,20.383734945186706,62.797216747301626,1009.3404960230798,0,20.383734945186706,62.797216747301626,1009.3404960230798
2025-03-17 16:00:00,SubtleStation,19.94077562990538,63.85850199503142,1009.6689376708974,0,19.94077562990538,63.85850199503142,1009.6689376708974
2025-03-17 17:00:00,SubtleStation,20.15882784723631,65.89842233286284,1010.5375832320246,0,20.15882784723631,65.89842233286284,1010.5375832320246
2025-03-17 18:00:00,SubtleStation,20.06823918454321,64.76410302162671,1010.4395675157294,0,20.06823918454321,64.76410302162671,1010.4395675157294
2025-03-17 19:00:00,SubtleStation,20.127696692701036,64.28410071849767,1009.9122749246853,0,20.127696692701036,64.28410071849767,1009.9122749246853
2025-03-17 20:00:00,SubtleStation,20.274510775225576,63.734089484203714,1009.879171484614,0,20.274510775225576,63.734089484203714,1009.879171484614
2025-03-17 21:00:00,SubtleStation,20.16789429115536,65.95442114070399,1009.3728890055887,0,20.16789429115536,65.95442114070399,1009.3728890055887
2025-03-17 22:00:00,SubtleStation,20.251529760645514,66.38789773060415,1009.8496619354001,0,20.251529760645514,66.38789773060415,1009.8496619354001
2025-03-17 23:00:00,SubtleStation,20.183608265670212,65.81418177201968,1009.487460020276,0,20.183608265670212,65.81418177201968,1009.487460020276
2025-03-18 00:00:00,SubtleStation,19.953719466010163,67.60432338260355,1009.5406209035242,0,19.953719466010163,67.60432338260355,1009.5406209035242
2025-03-18 01:00:00,SubtleStation,20.393417364851953,67.60068194244477,1010.1307621636263,0,20.393417364851953,67.60068194244477,1010.1307621636263
2025-03-18 02:00:00,SubtleStation,20.48062471675311,67.83859711391163,1010.4073172929378,0,20.48062471675311,67.83859711391163,1010.4073172929378
2025-03-18 03:00:00,SubtleStation,20.708941156102256,68.45607674150953,1010.0941752063792,0,20.708941156102256,68.45607674150953,1010.0941752063792
2025-03-18 04:00:00,SubtleStation,20.447736791957734,67.29346668552998,1010.2493037730977,0,20.447736791957734,67.29346668552998,1010.2493037730977
2025-03-18 05:00:00,SubtleStation,20.23858261964016,69.09977606187327,1010.7327477583513,0,20.23858261964016,69.09977606187327,1010.7327477583513
2025-03-18 06:00:00,SubtleStation,20.411930776311834,69.18643840344278,1010.2983407983209,0,20.411930776311834,69.18643840344278,1010.2983407983209
2025-03-18 07:00:00,SubtleStation,20.71779453139847,70.68547703314397,1010.339794265244,0,20.71779453139847,70.68547703314397,1010.339794265244
2025-03-18 08:00:00,SubtleStation,20.64155056505623,69.33944914913594,1009.9618805996587,0,20.64155056505623,69.33944914913594,1009.9618805996587
2025-03-18 09:00:00,SubtleStation,20.764792303202576,70.91897789982448,1009.3180191914861,0,20.764792303202576,70.91897789982448,1009.3180191914861
2025-03-18 10:00:00,SubtleStation,20.690512813728013,70.59418791071519,1009.1095437302278,0,20.690512813728013,70.59418791071519,1009.1095437302278
2025-03-18 11:00:00,SubtleStation,21.188981509620113,71.90136417184341,1010.7872782830409,0,21.188981509620113,71.90136417184341,1010.7872782830409
2025-03-18 12:00:00,SubtleStation,21.216182820501878,73.7572835963911,1010.5329386484067,0,21.216182820501878,73.7572835963911,1010.5329386484067
2025-03-18 13:00:00,SubtleStation,20.74148395631178,71.91336635769163,1010.2579867839078,0,20.74148395631178,71.91336635769163,1010.2579867839078
2025-03-18 14:00:00,SubtleStation,21.168456619357215,71.36065433188674,1010.6717522666404,0,21.168456619357215,71.36065433188674,1010.6717522666404
2025-03-18 15:00:00,SubtleStation,21.10791616663752,72.42392694879716,1010.2273178805572,0,21.10791616663752,72.42392694879716,1010.2273178805572
2025-03-18 16:00:00,SubtleStation,21.111850600102954,73.06100799470293,1010.2619060433274,0,21.111850600102954,73.06100799470293,1010.2619060433274
2025-03-18 17:00:00,SubtleStation,21.000793018874283,72.35104412610187,1009.168819554108,0,21.000793018874283,72.35104412610187,1009.168819554108
2025-03-18 18:00:00,SubtleStation,21.562160134360465,72.92740666003641,1009.4003942538495,0,21.562160134360465,72.92740666003641,1009.4003942538495
2025-03-18 19:00:00,SubtleStation,21.537534477151418,73.11560035998517,1009.6496398015507,0,21.537534477151418,73.11560035998517,1009.6496398015507
2025-03-18 20:00:00,SubtleStation,21.08117034866603,75.24183556998733,1010.1710234992709,0,21.08117034866603,75.24183556998733,1010.1710234992709
2025-03-18 21:00:00,SubtleStation,21.71884766712583,74.11373390064622,1009.71737490505,0,21.71884766712583,74.11373390064622,1009.71737490505
2025-03-18 22:00:00,SubtleStation,21.505456459876953,74.80293441006364,1009.9065451476497,0,21.505456459876953,74.80293441006364,1009.9065451476497
2025-03-18 23:00:00,SubtleStation,21.465951966304893,73.55804862272143,1010.6262272056965,0,21.465951966304893,73.55804862272143,1010.6262272056965
2025-03-19 00:00:00,SubtleStation,21.463938792251426,73.60393433981164,1010.2613501892314,0,21.463938792251426,73.60393433981164,1010.2613501892314
2025-03-19 01:00:00,SubtleStation,21.923299459955974,73.88092028090163,1010.128782617243,0,21.923299459955974,73.88092028090163,1010.128782617243
2025-03-19 02:00:00,SubtleStation,21.89070229921538,75.62712710846672,1009.3262619209293,0,21.89070229921538,75.62712710846672,1009.3262619209293
2025-03-19 03:00:00,SubtleStation,21.713557906821368,74.85538871165686,1010.8077954598256,0,21.713557906821368,74.85538871165686,1010.8077954598256
2025-03-19 04:00:00,SubtleStation,21.805076690773866,75.02656358787951,1009.5767677942503,0,21.805076690773866,75.02656358787951,1009.5767677942503
2025-03-19 05:00:00,SubtleStation,21.969914231693338,76.73051263667189,1010.4608564626266,0,21.969914231693338,76.73051263667189,1010.4608564626266
2025-03-19 06:00:00,SubtleStation,22.026221712879,77.35122697263161,1010.6965271445948,0,22.026221712879,77.35122697263161,1010.6965271445948
2025-03-19 07:00:00,SubtleStation,22.316731986088207,75.93883069719088,1009.3921687237976,0,22.316731986088207,75.93883069719088,1009.3921687237976
2025-03-19 08:00:00,SubtleStation,22.370492262687723,73.2495525460553,1009.8259619965426,0,22.370492262687723,73.2495525460553,1009.8259619965426
2025-03-19 09:00:00,SubtleStation,22.252266322838796,75.66384166864118,1010.1184595230898,0,22.252266322838796,75.66384166864118,1010.1184595230898
2025-03-19 10:00:00,SubtleStation,22.133594483727975,75.51633805780709,1009.7060377151948,0,22.133594483727975,75.51633805780709,1009.7060377151948
2025-03-19 11:00:00,SubtleStation,22.285010913918605,79.01195056006641,1010.2404252688024,0,22.285010913918605,79.01195056006641,1010.2404252688024
2025-03-19 12:00:00,SubtleStation,22.813515902512908,77.32395403784075,1009.4485965865651,0,22.813515902512908,77.32395403784075,1009.4485965865651
2025-03-19 13:00:00,SubtleStation,22.52918128387114,76.70208236843479,1010.384379971051,0,22.52918128387114,76.70208236843479,1010.384379971051
2025-03-19 14:00:00,SubtleStation,22.839918072125382,79.69831964913931,1009.3616697684304,0,22.839918072125382,79.69831964913931,1009.3616697684304
2025-03-19 15:00:00,SubtleStation,22.55548042310369,76.82243265547164,1009.5300785808794,0,22.55548042310369,76.82243265547164,1009.5300785808794
2025-03-19 16:00:00,SubtleStation,23.078781856626378,78.48779173589693,1009.63286833989,0,23.078781856626378,78.48779173589693,1009.63286833989
2025-03-19 17:00:00,SubtleStation,23.47533367578263,77.65065557259315,1009.2572148596923,0,23.47533367578263,77.65065557259315,1009.2572148596923
2025-03-19 18:00:00,SubtleStation,22.91863716228027,77.15189332652307,1009.5148121078366,0,22.91863716228027,77.15189332652307,1009.5148121078366
2025-03-19 19:00:00,SubtleStation,23.3877388422505,77.76801726691255,1010.2961420529388,0,23.3877388422505,77.76801726691255,1010.2961420529388
2025-03-19 20:00:00,SubtleStation,23.426529687896046,80.07034193331285,1009.9770970280915,0,23.426529687896046,80.07034193331285,1009.9770970280915
2025-03-19 21:00:00,SubtleStation,23.650503427257917,78.8377828405744,1010.1068851910858,0,23.650503427257917,78.8377828405744,1010.1068851910858
2025-03-19 22:00:00,SubtleStation,23.536181365167028,79.99049789200622,1009.3834772102242,0,23.536181365167028,79.99049789200622,1009.3834772102242
2025-03-19 23:00:00,SubtleStation,23.713072447580252,78.65393704330631,1010.5495211632355,0,23.713072447580252,78.65393704330631,1010.5495211632355
2025-03-20 00:00:00,SubtleStation,23.791517108749073,78.63962048536288,1010.8577495841747,0,23.791517108749073,78.63962048536288,1010.8577495841747
2025-03-20 01:00:00,SubtleStation,23.9668038045808,79.04619454734473,1009.49009454162,0,23.9668038045808,79.04619454734473,1009.49009454162
2025-03-20 02:00:00,SubtleStation,23.781984931735,80.59315921887891,1009.6852485375994,0,23.781984931735,80.59315921887891,1009.6852485375994
2025-03-20 03:00:00,SubtleStation,24.08628968804822,79.02657156111727,1010.3391602418625,0,24.08628968804822,79.02657156111727,1010.3391602418625
2025-03-20 04:00:00,SubtleStation,24.308238538017278,78.76653622253214,1010.0194406999651,0,24.308238538017278,78.76653622253214,1010.0194406999651
2025-03-20 05:00:00,SubtleStation,24.478486675446838,78.39112076817646,1009.7647154117218,0,24.478486675446838,78.39112076817646,1009.7647154117218
2025-03-20 06:00:00,SubtleStation,24.443051634263373,79.27047358202583,1010.3795636774705,0,24.443051634263373,79.27047358202583,1010.3795636774705
2025-03-20 07:00:00,SubtleStation,24.21679437227436,78.4356928360572,1009.2811428595469,0,24.21679437227436,78.4356928360572,1009.2811428595469
2025-03-20 08:00:00,SubtleStation,24.231972679285985,82.03006348269292,1010.4657450770292,0,24.231972679285985,82.03006348269292,1010.4657450770292
2025-03-20 09:00:00,SubtleStation,24.724099053645247,80.21615694438484,1009.1294617018935,0,24.724099053645247,80.21615694438484,1009.1294617018935
2025-03-20 10:00:00,SubtleStation,24.539873920818355,78.47329651826892,1010.358113057344,0,24.539873920818355,78.47329651826892,1010.358113057344
2025-03-20 11:00:00,SubtleStation,25.011001479397258,80.53834720263129,1010.4205518965339,0,25.011001479397258,80.53834720263129,1010.4205518965339
2025-03-20 12:00:00,SubtleStation,24.884572741531283,79.33283810954137,1009.710263430826,0,24.884572741531283,79.33283810954137,1009.710263430826
2025-03-20 13:00:00,SubtleStation,25.24447101562962,80.0253646740345,1009.9785235301875,0,25.24447101562962,80.0253646740345,1009.9785235301875
2025-03-20 14:00:00,SubtleStation,25.5673124992663,78.80985409727062,1009.3420766102031,0,25.5673124992663,78.80985409727062,1009.3420766102031
2025-03-20 15:00:00,SubtleStation,25.229629106176095,79.76030172864148,1011.1544031777381,0,25.229629106176095,79.76030172864148,1011.1544031777381
2025-03-20 16:00:00,SubtleStation,25.318741157817872,80.24864023756211,1009.876334400108,0,25.318741157817872,80.24864023756211,1009.876334400108
2025-03-20 17:00:00,SubtleStation,25.64435059219119,79.62284729533626,1009.4164480261837,0,25.64435059219119,79.62284729533626,1009.4164480261837
2025-03-20 18:00:00,SubtleStation,25.753967049554443,80.7820234750883,1009.7173222424434,0,25.753967049554443,80.7820234750883,1009.7173222424434
2025-03-20 19:00:00,SubtleStation,25.98082516545303,80.86545685390013,1009.9292336343609,0,25.98082516545303,80.86545685390013,1009.9292336343609
2025-03-20 20:00:00,SubtleStation,25.778878648150446,81.30477069299499,1010.2362832301095,0,25.778878648150446,81.30477069299499,1010.2362832301095
2025-03-20 21:00:00,SubtleStation,25.711756590688488,78.33693803017799,1010.2251854238767,0,25.711756590688488,78.33693803017799,1010.2251854238767
2025-03-20 22:00:00,SubtleStation,25.938302516898112,79.88170237814744,1010.1437121554047,0,25.938302516898112,79.88170237814744,1010.1437121554047
2025-03-20 23:00:00,SubtleStation,25.91008890857284,81.12519612107019,1010.2228708841161,0,25.91008890857284,81.12519612107019,1010.2228708841161
2025-03-21 00:00:00,SubtleStation,26.180417571921556,78.9453706618407,1010.0368318027272,0,26.180417571921556,78.9453706618407,1010.0368318027272
2025-03-21 01:00:00,SubtleStation,26.05599542931293,80.56404802116536,1010.0529405987252,0,26.05599542931293,80.56404802116536,1010.0529405987252
2025-03-21 02:00:00,SubtleStation,26.506740356059943,79.45152584381599,1009.0372706028699,0,26.506740356059943,79.45152584381599,1009.0372706028699
2025-03-21 03:00:00,SubtleStation,26.562002063418394,78.2856402622715,1010.4583394412008,0,26.562002063418394,78.2856402622715,1010.4583394412008
2025-03-21 04:00:00,SubtleStation,26.545906450688598,78.52994091912959,1009.5300579470014,0,26.545906450688598,78.52994091912959,1009.5300579470014
2025-03-21 05:00:00,SubtleStation,26.618203394032918,79.16016664180889,1010.0446690308248,0,26.618203394032918,79.16016664180889,1010.0446690308248
2025-03-21 06:00:00,SubtleStation,26.668142323941563,78.23764882929328,1010.3334071800189,0,26.668142323941563,78.23764882929328,1010.3334071800189
2025-03-21 07:00:00,SubtleStation,27.063541548327844,79.7727511093114,1009.5250329443979,0,27.063541548327844,79.7727511093114,1009.5250329443979
2025-03-21 08:00:00,SubtleStation,27.13151290377664,79.20828845541516,1009.5942302761722,0,27.13151290377664,79.20828845541516,1009.5942302761722
2025-03-21 09:00:00,SubtleStation,27.015353788144502,77.96831752355288,1009.3046145848468,0,27.015353788144502,77.96831752355288,1009.3046145848468
2025-03-21 10:00:00,SubtleStation,26.906266676245735,76.84648279041485,1009.44919432162,0,26.906266676245735,76.84648279041485,1009.44919432162
2025-03-21 11:00:00,SubtleStation,26.932781878814176,78.11489491485085,1011.1535389355673,0,26.932781878814176,78.11489491485085,1011.1535389355673
2025-03-21 12:00:00,SubtleStation,27.315362997550874,79.71104604292059,1010.8194207798506,0,27.315362997550874,79.71104604292059,1010.8194207798506
2025-03-21 13:00:00,SubtleStation,27.21901031297486,78.74910937221179,1010.7859173402816,0,27.21901031297486,78.74910937221179,1010.7859173402816
2025-03-21 14:00:00,SubtleStation,27.52965432710865,78.4775896095055,1009.7931497403999,0,27.52965432710865,78.4775896095055,1009.7931497403999
2025-03-21 15:00:00,SubtleStation,27.44399915316709,78.05551725206051,1010.363836893908,0,27.44399915316709,78.05551725206051,1010.363836893908
2025-03-21 16:00:00,SubtleStation,27.76195093530129,78.83615738943372,1009.8936829476538,0,27.76195093530129,78.83615738943372,1009.8936829476538
2025-03-21 17:00:00,SubtleStation,27.73350165264929,77.11515624558393,1010.1225268507012,0,27.73350165264929,77.11515624558393,1010.1225268507012
2025-03-21 18:00:00,SubtleStation,27.975370554071947,78.56098510413551,1009.9504546850784,0,27.975370554071947,78.56098510413551,1009.9504546850784
2025-03-21 19:00:00,SubtleStation,27.411609517958514,76.62942174516556,1009.804373032203,0,27.411609517958514,76.62942174516556,1009.804373032203
2025-03-21 20:00:00,SubtleStation,27.894467370422976,75.88180154348058,1009.8029282850015,0,27.894467370422976,75.88180154348058,1009.8029282850015
2025-03-21 21:00:00,SubtleStation,28.46354551515171,77.47885634029468,1010.9251848478551,0,28.46354551515171,77.47885634029468,1010.9251848478551
2025-03-21 22:00:00,SubtleStation,27.598657636831778,75.77941411337305,1009.9916242912814,0,27.598657636831778,75.77941411337305,1009.9916242912814
2025-03-21 23:00:00,SubtleStation,28.345682062702522,75.80057403100744,1009.9215460831085,0,28.345682062702522,75.80057403100744,1009.9215460831085
2025-03-22 00:00:00,SubtleStation,28.337342820716493,75.48306814141884,1009.9314351428089,0,28.337342820716493,75.48306814141884,1009.9314351428089
2025-03-22 01:00:00,SubtleStation,28.586170762583134,75.61658532721611,1010.4333693947694,0,28.586170762583134,75.61658532721611,1010.4333693947694
2025-03-22 02:00:00,SubtleStation,28.368268571155372,74.74895149975914,1009.9864196912098,0,28.368268571155372,74.74895149975914,1009.9864196912098
2025-03-22 03:00:00,SubtleStation,28.713652502613723,73.23543905801333,1009.1317985482622,0,28.713652502613723,73.23543905801333,1009.1317985482622
2025-03-22 04:00:00,SubtleStation,28.790166717645292,74.83406515785606,1009.8257426506688,0,28.790166717645292,74.83406515785606,1009.8257426506688
2025-03-22 05:00:00,SubtleStation,28.655926282821174,74.1090533444784,1010.7132297445868,0,28.655926282821174,74.1090533444784,1010.7132297445868
2025-03-22 06:00:00,SubtleStation,28.452105437398657,73.2010735273817,1010.3093118966634,0,28.452105437398657,73.2010735273817,1010.3093118966634
2025-03-22 07:00:00,SubtleStation,28.93437176496394,72.41542618981704,1009.3576167559712,0,28.93437176496394,72.41542618981704,1009.3576167559712
2025-03-22 08:00:00,SubtleStation,28.622445245421822,73.60837059135244,1009.6138568936798,0,28.622445245421822,73.60837059135244,1009.6138568936798
2025-03-22 09:00:00,SubtleStation,28.853491703650114,71.68724502901249,1010.9501747058081,0,28.853491703650114,71.68724502901249,1010.9501747058081
2025-03-22 10:00:00,SubtleStation,29.132630083718457,71.70787382752641,1009.7993136061224,0,29.132630083718457,71.70787382752641,1009.7993136061224
2025-03-22 11:00:00,SubtleStation,29.222365515442018,70.02969201642696,1009.6249116417863,0,29.222365515442018,70.02969201642696,1009.6249116417863
2025-03-22 12:00:00,SubtleStation,28.99346155057466,71.35942444949258,1010.0345852130494,0,28.99346155057466,71.35942444949258,1010.0345852130494
2025-03-22 13:00:00,SubtleStation,29.24592548615715,72.26691476478322,1010.621270881812,0,29.24592548615715,72.26691476478322,1010.621270881812
2025-03-22 14:00:00,SubtleStation,28.867848313713672,71.0071551633298,1009.6309183207726,0,28.867848313713672,71.0071551633298,1009.6309183207726
2025-03-22 15:00:00,SubtleStation,29.136035038901788,69.60926431837309,1010.2006790471935,0,29.136035038901788,69.60926431837309,1010.2006790471935
2025-03-22 16:00:00,SubtleStation,29.576757755883982,71.98561044994963,1010.1605016475137,0,29.576757755883982,71.98561044994963,1010.1605016475137
2025-03-22 17:00:00,SubtleStation,29.602400525891095,70.50744627346197,1009.619281655229,0,29.602400525891095,70.50744627346197,1009.619281655229
2025-03-22 18:00:00,SubtleStation,29.516580498285887,68.88889860877302,1010.1772587004153,0,29.516580498285887,68.88889860877302,1010.1772587004153
2025-03-22 19:00:00,SubtleStation,29.401631910463482,69.59440603756534,1010.3246028014676,0,29.401631910463482,69.59440603756534,1010.3246028014676
2025-03-22 20:00:00,SubtleStation,29.644939298154487,68.66034068760528,1009.1284135499977,0,29.644939298154487,68.66034068760528,1009.1284135499977
2025-03-22 21:00:00,SubtleStation,29.5145391721511,66.70791575026651,1009.907376555426,0,29.5145391721511,66.70791575026651,1009.907376555426
2025-03-22 22:00:00,SubtleStation,29.59471977088321,68.71486047628481,1009.9580462385028,0,29.59471977088321,68.71486047628481,1009.9580462385028
2025-03-22 23:00:00,SubtleStation,29.6188147711432,67.22025976302696,1009.8352065300152,0,29.6188147711432,67.22025976302696,1009.8352065300152
2025-03-23 00:00:00,SubtleStation,29.48425713804507,69.1657842199109,1009.9695940110739,0,29.48425713804507,69.1657842199109,1009.9695940110739
2025-03-23 01:00:00,SubtleStation,29.820912746223332,68.33490280165013,1009.4707627726402,0,29.820912746223332,68.33490280165013,1009.4707627726402
2025-03-23 02:00:00,SubtleStation,29.496233939484053,65.72044428250656,1010.1644726919525,0,29.496233939484053,65.72044428250656,1010.1644726919525
2025-03-23 03:00:00,SubtleStation,29.89800318971051,64.8759135843247,1010.0294503373859,0,29.89800318971051,64.8759135843247,1010.0294503373859
2025-03-23 04:00:00,SubtleStation,29.58142672255049,65.54091594497254,1010.2195101710624,0,29.58142672255049,65.54091594497254,1010.2195101710624
2025-03-23 05:00:00,SubtleStation,29.657934952091654,66.36828557956483,1009.3799014570599,0,29.657934952091654,66.36828557956483,1009.3799014570599
2025-03-23 06:00:00,SubtleStation,29.26106185815382,65.84355279395521,1009.6991550289648,0,29.26106185815382,65.84355279395521,1009.6991550289648
2025-03-23 07:00:00,SubtleStation,29.822963472009274,66.4565927836166,1009.8485105606453,0,29.822963472009274,66.4565927836166,1009.8485105606453
2025-03-23 08:00:00,SubtleStation,29.915024406193147,64.55185160343622,1009.3648409904355,0,29.915024406193147,64.55185160343622,1009.3648409904355
2025-03-23 09:00:00,SubtleStation,30.06365597151945,62.574071562618606,1010.1709635802848,0,30.06365597151945,62.574071562618606,1010.1709635802848
2025-03-23 10:00:00,SubtleStation,30.179511515369487,63.28411428785919,1009.4958521642446,0,30.179511515369487,63.28411428785919,1009.4958521642446
2025-03-23 11:00:00,SubtleStation,29.636420815465666,61.96273211226009,1008.9788273612818,0,29.636420815465666,61.96273211226009,1008.9788273612818
2025-03-23 12:00:00,SubtleStation,30.14658167674247,63.86478542558283,1009.6559933913662,0,30.14658167674247,63.86478542558283,1009.6559933913662
2025-03-23 13:00:00,SubtleStation,29.869981434300264,62.95626800017941,1009.5025545281958,0,29.869981434300264,62.95626800017941,1009.5025545281958
2025-03-23 14:00:00,SubtleStation,29.959562527696747,61.449823315302964,1010.981019556679,0,29.959562527696747,61.449823315302964,1010.981019556679
2025-03-23 15:00:00,SubtleStation,29.962116819019954,61.53770298947965,1010.6535274586698,0,29.962116819019954,61.53770298947965,1010.6535274586698
2025-03-23 16:00:00,SubtleStation,29.900469499518636,62.603193327159545,1010.1147392996236,0,29.900469499518636,62.603193327159545,1010.1147392996236
2025-03-23 17:00:00,SubtleStation,29.817595284772132,62.19922243540944,1009.9794625015086,0,29.817595284772132,62.19922243540944,1009.9794625015086
2025-03-23 18:00:00,SubtleStation,30.054626937787074,60.23865384105505,1010.209038629898,0,30.054626937787074,60.23865384105505,1010.209038629898
2025-03-23 19:00:00,SubtleStation,30.16221845549069,59.61420211241259,1009.7517063947055,0,30.16221845549069,59.61420211241259,1009.7517063947055
2025-03-23 20:00:00,SubtleStation,29.747240226524642,60.634744284489365,1010.421705883599,0,29.747240226524642,60.634744284489365,1010.421705883599
2025-03-23 21:00:00,SubtleStation,29.99250752908876,58.5956831417529,1009.8236762565376,0,29.99250752908876,58.5956831417529,1009.8236762565376
2025-03-23 22:00:00,SubtleStation,29.865802248008034,57.94894860194068,1009.939047914636,0,29.865802248008034,57.94894860194068,1009.939047914636
2025-03-23 23:00:00,SubtleStation,30.20399709892216,58.68171975621926,1010.2513489323759,0,30.20399709892216,58.68171975621926,1010.2513489323759
2025-03-24 00:00:00,SubtleStation,30.074742040770218,57.91807909966596,1009.465088705064,0,30.074742040770218,57.91807909966596,1009.465088705064
2025-03-24 01:00:00,SubtleStation,30.26698940183277,57.18731460146503,1009.8128722201454,0,30.26698940183277,57.18731460146503,1009.8128722201454
2025-03-24 02:00:00,SubtleStation,29.64273079845,58.96186909112838,1009.7976127632764,0,29.64273079845,58.96186909112838,1009.7976127632764
2025-03-24 03:00:00,SubtleStation,30.144576818534578,56.729775946961176,1009.8016815344828,0,30.144576818534578,56.729775946961176,1009.8016815344828
2025-03-24 04:00:00,SubtleStation,29.95354846089645,56.214536218510055,1010.4661396832432,0,29.95354846089645,56.214536218510055,1010.4661396832432
2025-03-24 05:00:00,SubtleStation,29.75728944109099,55.73280413003012,1010.0865263920697,0,29.75728944109099,55.73280413003012,1010.0865263920697
2025-03-24 06:00:00,SubtleStation,29.97951193316921,55.80707979859452,1011.0392557309025,0,29.97951193316921,55.80707979859452,1011.0392557309025
2025-03-24 07:00:00,SubtleStation,30.172271607775006,55.010166907211904,1011.5266916027247,0,30.172271607775006,55.010166907211904,1011.5266916027247
2025-03-24 08:00:00,SubtleStation,30.155437158069677,54.92956423718432,1010.7458022698265,0,30.155437158069677,54.92956423718432,1010.7458022698265
2025-03-24 09:00:00,SubtleStation,29.972472838935257,52.84260287970265,1010.06931663287,0,29.972472838935257,52.84260287970265,1010.06931663287
2025-03-24 10:00:00,SubtleStation,29.581299208831368,52.969451158480695,1009.4671489656378,0,29.581299208831368,52.969451158480695,1009.4671489656378
2025-03-24 11:00:00,SubtleStation,29.81127123534297,55.26650776197721,1009.603782637605,0,29.81127123534297,55.26650776197721,1009.603782637605
2025-03-24 12:00:00,SubtleStation,29.785561042377555,54.424249820072156,1010.1445572348,0,29.785561042377555,54.424249820072156,1010.1445572348
2025-03-24 13:00:00,SubtleStation,29.931370311567637,54.14852797532262,1009.7103884592417,0,29.931370311567637,54.14852797532262,1009.7103884592417
2025-03-24 14:00:00,SubtleStation,29.61400853730662,52.49351209861961,1010.4518575359467,0,29.61400853730662,52.49351209861961,1010.4518575359467
2025-03-24 15:00:00,SubtleStation,29.612255040624266,51.03363567930971,1010.0815618480252,0,29.612255040624266,51.03363567930971,1010.0815618480252
2025-03-24 16:00:00,SubtleStation,29.438751723891535,52.84574746909714,1010.0806376120782,0,29.438751723891535,52.84574746909714,1010.0806376120782
2025-03-24 17:00:00,SubtleStation,29.66155525331888,52.39462506788389,1010.3863267408062,0,29.66155525331888,52.39462506788389,1010.3863267408062
2025-03-24 18:00:00,SubtleStation,29.441528178691325,50.341051417881395,1009.1222517902071,0,29.441528178691325,50.341051417881395,1009.1222517902071
2025-03-24 19:00:00,SubtleStation,29.476683979582113,53.56982960433043,1009.5178158764265,0,29.476683979582113,53.56982960433043,1009.5178158764265
2025-03-24 20:00:00,SubtleStation,29.298679797966898,51.03255129087987,1010.2518734066123,0,29.298679797966898,51.03255129087987,1010.2518734066123
2025-03-24 21:00:00,SubtleStation,29.353381581671297,50.925099570310316,1009.8068294385847,0,29.353381581671297,50.925099570310316,1009.8068294385847
2025-03-24 22:00:00,SubtleStation,29.077456705573745,48.57415542662977,1009.6219600714047,0,29.077456705573745,48.57415542662977,1009.6219600714047
2025-03-24 23:00:00,SubtleStation,29.273604741975735,51.48709170089741,1009.2209940669954,0,29.273604741975735,51.48709170089741,1009.2209940669954
2025-03-25 00:00:00,SubtleStation,29.06710227280811,49.22594935783689,1010.2169794726348,0,29.06710227280811,49.22594935783689,1010.2169794726348
2025-03-25 01:00:00,SubtleStation,29.271997776314215,49.31282202803882,1010.2333350429808,0,29.271997776314215,49.31282202803882,1010.2333350429808
2025-03-25 02:00:00,SubtleStation,29.44448403787718,48.31519092304711,1009.7146814914674,0,29.44448403787718,48.31519092304711,1009.7146814914674
2025-03-25 03:00:00,SubtleStation,29.185364296188006,48.548072000249675,1009.5605744992608,0,29.185364296188006,48.548072000249675,1009.5605744992608
2025-03-25 04:00:00,SubtleStation,28.731863159768462,46.3506257611769,1010.6995721022699,0,28.731863159768462,46.3506257611769,1010.6995721022699
2025-03-25 05:00:00,SubtleStation,28.822029014722514,48.329112317197826,1008.8061022064248,0,28.822029014722514,48.329112317197826,1008.8061022064248
2025-03-25 06:00:00,SubtleStation,28.508431909852888,47.598456733113764,1009.8195795388838,0,28.508431909852888,47.598456733113764,1009.8195795388838
2025-03-25 07:00:00,SubtleStation,28.768034797526806,45.27795316144867,1009.2633691676177,0,28.768034797526806,45.27795316144867,1009.2633691676177
2025-03-25 08:00:00,SubtleStation,28.34391925304063,47.66027403630493,1009.3180741716436,2,28.34391925304063,47.66027403630493,1009.3180741716436
2025-03-25 09:00:00,SubtleStation,28.390451631337527,46.29345047232036,1009.7026185918922,2,28.390451631337527,46.24345047232036,1009.7026185918922
2025-03-25 10:00:00,SubtleStation,28.780488756626724,47.579825028719085,1010.5718952616478,2,28.780488756626724,47.479825028719084,1010.5718952616478
2025-03-25 11:00:00,SubtleStation,28.662530058120808,45.09576959290676,1009.4512334534477,2,28.662530058120808,44.945769592906764,1009.4512334534477
2025-03-25 12:00:00,SubtleStation,28.11393790999104,43.86209271268017,1009.7689523893077,2,28.11393790999104,43.66209271268017,1009.7689523893077
2025-03-25 13:00:00,SubtleStation,28.25484424359763,45.65039131967707,1009.8593787589634,2,28.25484424359763,45.40039131967707,1009.8593787589634
2025-03-25 14:00:00,SubtleStation,28.362012445395766,45.62872164420992,1009.6361701449829,2,28.362012445395766,45.32872164420992,1009.6361701449829
2025-03-25 15:00:00,SubtleStation,28.271488158437272,46.91252904574146,1009.7244988868532,2,28.271488158437272,46.56252904574146,1009.7244988868532
2025-03-25 16:00:00,SubtleStation,27.789952915590078,44.13069605241961,1010.3049298414909,2,27.789952915590078,43.73069605241961,1010.3049298414909
2025-03-25 17:00:00,SubtleStation,28.088538528078885,45.02166964079668,1009.8506633287811,2,28.088538528078885,44.57166964079668,1009.8506633287811
2025-03-25 18:00:00,SubtleStation,27.83490124198631,45.43438371508837,1009.9379025823094,2,27.83490124198631,44.93438371508837,1009.9379025823094
2025-03-25 19:00:00,SubtleStation,28.114957503211436,44.42784531243586,1010.9380002439577,2,28.114957503211436,43.877845312435866,1010.9380002439577
2025-03-25 20:00:00,SubtleStation,27.752789610386838,44.23447339893353,1010.9513401199821,2,27.752789610386838,43.63447339893353,1010.9513401199821
2025-03-25 21:00:00,SubtleStation,27.781167161751092,42.49411609078542,1009.5126052489753,2,27.781167161751092,41.84411609078542,1009.5126052489753
2025-03-25 22:00:00,SubtleStation,27.602885527585908,44.638431070566035,1010.4083930957013,2,27.602885527585908,43.93843107056603,1010.4083930957013
2025-03-25 23:00:00,SubtleStation,27.672348253645698,43.496988599040556,1009.7376043236691,2,27.672348253645698,42.746988599040556,1009.7376043236691
2025-03-26 00:00:00,SubtleStation,27.298779193644815,45.67610178576282,1011.0434671212646,2,27.298779193644815,44.87610178576282,1011.0434671212646
2025-03-26 01:00:00,SubtleStation,27.498396136039755,44.46844427084176,1010.7844570994349,2,27.498396136039755,43.618444270841756,1010.7844570994349
2025-03-26 02:00:00,SubtleStation,27.51794419525376,42.60248481962727,1009.1545655714498,2,27.51794419525376,41.70248481962727,1009.1545655714498
2025-03-26 03:00:00,SubtleStation,27.553759120408472,42.36287678278766,1010.5492015796267,2,27.553759120408472,41.412876782787656,1010.5492015796267
2025-03-26 04:00:00,SubtleStation,27.4130252930068,41.561329824450766,1009.8020995302463,2,27.4130252930068,40.561329824450766,1009.8020995302463
2025-03-26 05:00:00,SubtleStation,26.897824569587318,42.7097559997084,1010.8360563495133,2,26.897824569587318,41.6597559997084,1010.8360563495133
2025-03-26 06:00:00,SubtleStation,27.028458132802932,43.65902889890201,1010.4011844422516,2,27.028458132802932,42.55902889890201,1010.4011844422516
2025-03-26 07:00:00,SubtleStation,26.981741395500162,43.01849465497818,1010.8962363102598,2,26.981741395500162,41.86849465497818,1010.8962363102598
2025-03-26 08:00:00,SubtleStation,26.84473631508406,43.69639621762419,1009.8409135764323,2,26.84473631508406,42.49639621762419,1009.8409135764323
2025-03-26 09:00:00,SubtleStation,26.783217489280347,41.750869656901806,1009.9955963118771,2,26.783217489280347,40.500869656901806,1009.9955963118771
2025-03-26 10:00:00,SubtleStation,26.622451722093885,43.40666122845123,1010.3325663186278,2,26.622451722093885,42.10666122845123,1010.3325663186278
2025-03-26 11:00:00,SubtleStation,26.33313783061284,42.142704402028514,1009.3644779857085,2,26.33313783061284,40.79270440202851,1009.3644779857085
2025-03-26 12:00:00,SubtleStation,26.38755984850366,43.41116444636705,1010.20463430797,2,26.38755984850366,42.011164446367054,1010.20463430797
2025-03-26 13:00:00,SubtleStation,26.418905251149496,40.57748130850322,1010.2857076572145,2,26.418905251149496,39.12748130850322,1010.2857076572145
2025-03-26 14:00:00,SubtleStation,26.2447791601294,41.34826694723723,1009.6530464978581,2,26.2447791601294,39.84826694723723,1009.6530464978581
2025-03-26 15:00:00,SubtleStation,25.835636398738586,41.311326439803615,1008.6489046613242,2,25.835636398738586,39.76132643980362,1008.6489046613242
2025-03-26 16:00:00,SubtleStation,25.78141034511544,42.763142803450364,1010.1030975122128,2,25.78141034511544,41.16314280345036,1010.1030975122128
2025-03-26 17:00:00,SubtleStation,25.77672966382208,40.358809868542856,1010.5424219543096,2,25.77672966382208,38.70880986854286,1010.5424219543096
2025-03-26 18:00:00,SubtleStation,25.718915716414855,41.81733735090924,1010.1644712538357,2,25.718915716414855,40.11733735090924,1010.1644712538357
2025-03-26 19:00:00,SubtleStation,25.692329429113677,43.07970772376709,1010.0040553679909,2,25.692329429113677,41.32970772376709,1010.0040553679909
2025-03-26 20:00:00,SubtleStation,25.366187802614803,42.651575428635596,1010.0444388454829,2,25.366187802614803,40.8515754286356,1010.0444388454829
2025-03-26 21:00:00,SubtleStation,25.621105064868253,41.970518673726886,1010.3210637653474,2,25.621105064868253,40.120518673726885,1010.3210637653474
2025-03-26 22:00:00,SubtleStation,24.990923314611113,43.465946377608226,1009.633427971074,2,24.990923314611113,41.56594637760823,1009.633427971074
2025-03-26 23:00:00,SubtleStation,25.36835377049461,42.40838900740836,1009.5737510284067,2,25.36835377049461,40.45838900740836,1009.5737510284067
2025-03-27 00:00:00,SubtleStation,25.263992288640143,42.28588477005741,1010.0331020030343,2,25.263992288640143,40.28588477005741,1010.0331020030343
2025-03-27 01:00:00,SubtleStation,25.19151240571049,41.77781445588049,1010.7527655222377,2,25.19151240571049,39.72781445588049,1010.7527655222377
2025-03-27 02:00:00,SubtleStation,24.349277133799408,43.91144494025992,1009.6896413553725,2,24.349277133799408,41.81144494025992,1009.6896413553725
2025-03-27 03:00:00,SubtleStation,24.592816484613213,43.76917129864833,1009.601335749306,2,24.592816484613213,41.61917129864833,1009.601335749306
2025-03-27 04:00:00,SubtleStation,24.692184250641223,42.589780263899264,1010.8791860746146,2,24.692184250641223,40.38978026389926,1010.8791860746146
2025-03-27 05:00:00,SubtleStation,24.696526679737563,42.67101719348698,1010.2357956260665,2,24.696526679737563,40.42101719348698,1010.2357956260665
2025-03-27 06:00:00,SubtleStation,24.546873711163006,42.585113737013096,1009.2085586178026,2,24.546873711163006,40.2851137370131,1009.2085586178026
2025-03-27 07:00:00,SubtleStation,24.300859194280175,42.52803352299301,1010.5428528633176,2,24.300859194280175,40.17803352299301,1010.5428528633176
2025-03-27 08:00:00,SubtleStation,24.620888469607657,42.42441704409255,1010.0879798901155,2,24.620888469607657,40.02441704409255,1010.0879798901155
2025-03-27 09:00:00,SubtleStation,24.33001111154499,43.19328810080883,1010.4308878318575,2,24.33001111154499,40.743288100808826,1010.4308878318575
2025-03-27 10:00:00,SubtleStation,24.08747379294863,42.04833415162152,1009.3620617178399,2,24.08747379294863,39.54833415162152,1009.3620617178399
2025-03-27 11:00:00,SubtleStation,23.87046358810995,42.119731029119386,1009.7624760862551,2,23.87046358810995,39.56973102911939,1009.7624760862551
2025-03-27 12:00:00,SubtleStation,23.98354661519951,42.18695117466229,1010.8659997625563,2,23.98354661519951,39.58695117466229,1010.8659997625563
2025-03-27 13:00:00,SubtleStation,24.123982297944522,44.05999181171904,1010.1370097165525,2,24.123982297944522,41.40999181171904,1010.1370097165525
2025-03-27 14:00:00,SubtleStation,23.782067696413417,41.35971186027243,1009.6883368694978,2,23.782067696413417,38.659711860272424,1009.6883368694978
2025-03-27 15:00:00,SubtleStation,23.671901932447675,45.21136622850706,1010.7718392222449,2,23.671901932447675,42.46136622850706,1010.7718392222449
2025-03-27 16:00:00,SubtleStation,23.595376455493852,43.02244900978313,1010.172718211976,2,23.595376455493852,40.22244900978313,1010.172718211976
2025-03-27 17:00:00,SubtleStation,23.510619067603322,42.57426424656385,1008.7736108833341,2,23.510619067603322,39.72426424656385,1008.7736108833341
2025-03-27 18:00:00,SubtleStation,23.344840120320235,43.917798821172916,1010.1969428388405,2,23.344840120320235,41.01779882117292,1010.1969428388405
2025-03-27 19:00:00,SubtleStation,23.1025316203774,43.0834984442449,1009.8258578372117,2,23.1025316203774,40.1334984442449,1009.8258578372117
2025-03-27 20:00:00,SubtleStation,23.50921207821195,43.70816860116378,1010.5565507607561,2,23.50921207821195,40.70816860116378,1010.5565507607561
2025-03-27 21:00:00,SubtleStation,23.237933231678813,44.06291017198851,1010.570154265882,2,23.237933231678813,41.012910171988516,1010.570154265882
2025-03-27 22:00:00,SubtleStation,23.441642988687626,44.64855678690766,1010.6336019355742,2,23.441642988687626,41.54855678690766,1010.6336019355742
2025-03-27 23:00:00,SubtleStation,23.026302100154528,42.872731473269006,1010.5469805402304,2,23.026302100154528,39.72273147326901,1010.5469805402304
2025-03-28 00:00:00,SubtleStation,22.789936713217244,45.58701210036434,1010.3584118607345,2,22.789936713217244,42.38701210036434,1010.3584118607345
2025-03-28 01:00:00,SubtleStation,22.55729779530729,44.78334156726227,1010.363987107787,2,22.55729779530729,41.53334156726227,1010.363987107787
2025-03-28 02:00:00,SubtleStation,22.591637751144262,43.6857169877473,1009.5875776136296,2,22.591637751144262,40.3857169877473,1009.5875776136296
2025-03-28 03:00:00,SubtleStation,22.33915737820739,45.96874023097967,1010.2040889521874,2,22.33915737820739,42.61874023097967,1010.2040889521874
2025-03-28 04:00:00,SubtleStation,22.90239562489647,47.96275564680331,1009.7055467990142,2,22.90239562489647,44.56275564680331,1009.7055467990142
2025-03-28 05:00:00,SubtleStation,22.39350990717966,44.62924447534511,1011.243114529815,2,22.39350990717966,41.17924447534511,1011.243114529815
2025-03-28 06:00:00,SubtleStation,22.46925794548564,46.43220109246905,1009.800780123689,2,22.46925794548564,42.93220109246905,1009.800780123689
2025-03-28 07:00:00,SubtleStation,22.420646305500238,47.001516687629355,1009.3633126413499,2,22.420646305500238,43.45151668762936,1009.3633126413499
2025-03-28 08:00:00,SubtleStation,22.3617506568979,48.508841021834144,1009.0454291722523,2,22.3617506568979,44.90884102183414,1009.0454291722523
2025-03-28 09:00:00,SubtleStation,22.573598834905482,46.38613301351802,1009.4350219444358,2,22.573598834905482,42.73613301351802,1009.4350219444358
2025-03-28 10:00:00,SubtleStation,21.96457456741289,48.75530063573913,1009.5144998076087,2,21.96457456741289,45.05530063573913,1009.5144998076087
2025-03-28 11:00:00,SubtleStation,21.86812358215411,47.302754878856675,1009.8160310158407,2,21.86812358215411,43.552754878856675,1009.8160310158407
2025-03-28 12:00:00,SubtleStation,21.859469757387515,49.15442341961739,1009.791127175606,2,21.859469757387515,45.35442341961739,1009.791127175606
2025-03-28 13:00:00,SubtleStation,21.899629544818215,49.72780423229529,1009.7872810330649,2,21.899629544818215,45.87780423229529,1009.7872810330649
2025-03-28 14:00:00,SubtleStation,21.710344709308075,48.55912184488887,1010.1919572966384,2,21.710344709308075,44.65912184488887,1010.1919572966384
2025-03-28 15:00:00,SubtleStation,21.5467777424933,48.04013289080978,1009.8820141068384,2,21.5467777424933,44.09013289080978,1009.8820141068384
2025-03-28 16:00:00,SubtleStation,21.38469950490954,49.915748768582255,1009.9853623430915,2,21.38469950490954,45.915748768582255,1009.9853623430915
2025-03-28 17:00:00,SubtleStation,21.30174542982534,50.06693846289444,1010.5748045740057,2,21.30174542982534,46.016938462894444,1010.5748045740057
2025-03-28 18:00:00,SubtleStation,21.44065607959442,49.09486086665991,1009.6923022440993,2,21.44065607959442,44.994860866659906,1009.6923022440993
2025-03-28 19:00:00,SubtleStation,21.11857793470763,50.98076860494361,1009.9098901765783,2,21.11857793470763,46.830768604943614,1009.9098901765783
2025-03-28 20:00:00,SubtleStation,20.888612305433025,50.89442658897107,1009.6725736599926,2,20.888612305433025,46.69442658897107,1009.6725736599926
2025-03-28 21:00:00,SubtleStation,21.209031953950507,51.263118918972296,1010.6596908018003,2,21.209031953950507,47.013118918972296,1010.6596908018003
2025-03-28 22:00:00,SubtleStation,21.354601420293942,51.769814657161476,1010.1667032333559,2,21.354601420293942,47.46981465716148,1010.1667032333559
2025-03-28 23:00:00,SubtleStation,21.192080754393377,52.013863212826436,1010.163244117069,2,21.192080754393377,47.663863212826435,1010.163244117069
2025-03-29 00:00:00,SubtleStation,20.995360814279884,51.848165458002676,1009.4213397799697,2,20.995360814279884,47.44816545800268,1009.4213397799697
2025-03-29 01:00:00,SubtleStation,21.02035957862294,53.38245265311133,1010.1613365066924,2,21.02035957862294,48.932452653111326,1010.1613365066924
2025-03-29 02:00:00,SubtleStation,20.552781593272332,52.10762903745593,1010.5462950181122,2,20.552781593272332,47.60762903745593,1010.5462950181122
2025-03-29 03:00:00,SubtleStation,20.688369944896206,55.485647051030114,1009.5055981135379,2,20.688369944896206,50.93564705103012,1009.5055981135379
2025-03-29 04:00:00,SubtleStation,21.107675056677607,51.1820508978578,1009.7198120487889,2,21.107675056677607,46.5820508978578,1009.7198120487889
2025-03-29 05:00:00,SubtleStation,20.95634019710038,55.119259526736464,1009.4667232782142,2,20.95634019710038,50.469259526736465,1009.4667232782142
2025-03-29 06:00:00,SubtleStation,20.52636986752165,55.57665914261554,1009.3662349527276,2,20.52636986752165,50.87665914261554,1009.3662349527276
2025-03-29 07:00:00,SubtleStation,20.97044796922098,54.799166547119974,1009.7667519871366,2,20.97044796922098,50.049166547119974,1009.7667519871366
2025-03-29 08:00:00,SubtleStation,20.428661263402727,54.31543930475014,1010.3194726088414,2,20.428661263402727,49.51543930475014,1010.3194726088414
2025-03-29 09:00:00,SubtleStation,20.36202671209275,55.98486337570764,1009.7754501398132,2,20.36202671209275,51.13486337570764,1009.7754501398132
2025-03-29 10:00:00,SubtleStation,20.79006430165118,55.36334320591473,1011.0550003383813,2,20.79006430165118,50.46334320591473,1011.0550003383813
2025-03-29 11:00:00,SubtleStation,20.702451977289403,56.41682416669851,1009.730087906629,2,20.702451977289403,51.46682416669851,1009.730087906629
2025-03-29 12:00:00,SubtleStation,20.283039551940373,56.265235471635265,1010.1499355259931,2,20.283039551940373,51.265235471635265,1010.1499355259931
2025-03-29 13:00:00,SubtleStation,20.352621547539805,58.556080352392144,1009.8285956957309,2,20.352621547539805,53.50608035239214,1009.8285956957309
2025-03-29 14:00:00,SubtleStation,20.25764288077842,57.92433471214491,1009.7706766433257,2,20.25764288077842,52.82433471214491,1009.7706766433257
2025-03-29 15:00:00,SubtleStation,20.392224445264876,59.579557244546706,1009.2028041856722,2,20.392224445264876,54.42955724454671,1009.2028041856722
2025-03-29 16:00:00,SubtleStation,20.572173107182746,58.80099973458987,1010.0003986933228,2,20.572173107182746,53.60099973458987,1010.0003986933228
2025-03-29 17:00:00,SubtleStation,20.33432083888715,57.511870759502806,1010.3823515852104,2,20.33432083888715,52.261870759502806,1010.3823515852104
2025-03-29 18:00:00,SubtleStation,20.176213799138374,59.8818180128974,1010.3097283538511,2,20.176213799138374,54.5818180128974,1010.3097283538511
2025-03-29 19:00:00,SubtleStation,19.902760537104026,61.54245325365452,1010.1533836318979,2,19.902760537104026,56.19245325365452,1010.1533836318979
2025-03-29 20:00:00,SubtleStation,20.30257092290226,60.45965329119912,1010.4982985898728,2,20.30257092290226,55.05965329119912,1010.4982985898728
2025-03-29 21:00:00,SubtleStation,19.87928854493457,59.79593657268477,1009.9031649597291,2,19.87928854493457,54.345936572684764,1009.9031649597291
2025-03-29 22:00:00,SubtleStation,20.06530220338869,61.12910941002766,1010.2067442853443,2,20.06530220338869,55.62910941002766,1010.2067442853443
2025-03-29 23:00:00,SubtleStation,20.27518641514104,60.78185597614437,1009.7527121665158,2,20.27518641514104,55.23185597614437,1009.7527121665158
2025-03-30 00:00:00,SubtleStation,20.228562153241835,63.2980903831044,1010.2236470932166,2,20.228562153241835,57.6980903831044,1010.2236470932166
2025-03-30 01:00:00,SubtleStation,20.218811688082166,61.65423145348654,1010.3418324824719,2,20.218811688082166,56.00423145348654,1010.3418324824719
2025-03-30 02:00:00,SubtleStation,20.1775855502744,62.25024224582987,1010.1739326039054,2,20.1775855502744,56.550242245829864,1010.1739326039054
2025-03-30 03:00:00,SubtleStation,20.055691073189415,63.626639775345986,1010.6756900718484,2,20.055691073189415,57.876639775345986,1010.6756900718484
2025-03-30 04:00:00,SubtleStation,20.07765810542984,65.40167477716615,1010.82762018339,2,20.07765810542984,59.60167477716615,1010.82762018339
2025-03-30 05:00:00,SubtleStation,20.02834307324381,63.63078402964783,1009.4726439055296,2,20.02834307324381,57.780784029647826,1009.4726439055296
2025-03-30 06:00:00,SubtleStation,20.101143106954634,64.81574634413624,1010.4478221741332,2,20.101143106954634,58.915746344136245,1010.4478221741332
2025-03-30 07:00:00,SubtleStation,20.108372390715363,65.03148973562938,1009.6769297721886,2,20.108372390715363,59.08148973562938,1009.6769297721886
2025-03-30 08:00:00,SubtleStation,20.026688486243213,65.57320712599316,1009.7732569403504,2,20.026688486243213,59.573207125993164,1009.7732569403504
2025-03-30 09:00:00,SubtleStation,20.103484021989193,64.20670098869576,1009.3172678412834,2,20.103484021989193,58.15670098869575,1009.3172678412834
2025-03-30 10:00:00,SubtleStation,19.86645584645284,65.46303495903574,1010.040917836401,2,19.86645584645284,59.363034959035744,1010.040917836401
2025-03-30 11:00:00,SubtleStation,19.94672693620166,66.47110028617575,1009.3253678588644,2,19.94672693620166,60.321100286175756,1009.3253678588644
2025-03-30 12:00:00,SubtleStation,20.060913688604117,68.02812318246293,1010.8147154999892,2,20.060913688604117,61.82812318246294,1010.8147154999892
2025-03-30 13:00:00,SubtleStation,20.40820708331793,67.61416200478669,1010.3132643668947,2,20.40820708331793,61.3641620047867,1010.3132643668947
2025-03-30 14:00:00,SubtleStation,20.139984494313378,67.07549978300976,1010.2268822537118,2,20.139984494313378,60.775499783009764,1010.2268822537118
2025-03-30 15:00:00,SubtleStation,20.01990802879991,68.73446413932912,1009.7045185892312,2,20.01990802879991,62.38446413932912,1009.7045185892312
2025-03-30 16:00:00,SubtleStation,20.017461323004,69.8409538184166,1010.8099388320127,2,20.017461323004,63.440953818416595,1010.8099388320127
2025-03-30 17:00:00,SubtleStation,20.22696619639152,71.53446803422585,1009.5068200083188,2,20.22696619639152,65.08446803422585,1009.5068200083188
2025-03-30 18:00:00,SubtleStation,20.077277298872126,70.74353085263955,1009.7239967077239,2,20.077277298872126,64.24353085263955,1009.7239967077239
2025-03-30 19:00:00,SubtleStation,20.244764255453454,69.86836764305619,1009.5721262304326,2,20.244764255453454,63.318367643056185,1009.5721262304326
2025-03-30 20:00:00,SubtleStation,20.242121166257622,71.30007956168154,1009.7716213170132,2,20.242121166257622,64.70007956168155,1009.7716213170132
2025-03-30 21:00:00,SubtleStation,19.91504185116322,71.44302974693967,1009.5465070010382,2,19.91504185116322,64.79302974693967,1009.5465070010382
2025-03-30 22:00:00,SubtleStation,20.285206545157656,70.73296911467531,1009.8676398175902,2,20.285206545157656,64.03296911467531,1009.8676398175902
2025-03-30 23:00:00,SubtleStation,20.312090845161155,72.63942324191868,1009.8816814382063,2,20.312090845161155,65.88942324191868,1009.8816814382063
2025-03-31 00:00:00,SubtleStation,20.40852931269053,74.44270777377628,1010.3887020951307,2,20.40852931269053,67.64270777377628,1010.3887020951307
2025-03-31 01:00:00,SubtleStation,20.1139097368807,74.76551110340611,1010.7501589247802,2,20.1139097368807,67.91551110340612,1010.7501589247802
2025-03-31 02:00:00,SubtleStation,20.53416727153456,71.16723906769619,1009.9268657505786,2,20.53416727153456,64.26723906769618,1009.9268657505786
2025-03-31 03:00:00,SubtleStation,20.317879139469014,74.13954524219277,1010.809746056119,2,20.317879139469014,67.18954524219276,1010.809746056119
2025-03-31 04:00:00,SubtleStation,20.786647077157255,74.29725187273552,1010.3838248332585,2,20.786647077157255,67.29725187273552,1010.3838248332585
2025-03-31 05:00:00,SubtleStation,20.77907745372176,74.8785497957124,1010.1981919539677,2,20.77907745372176,67.8285497957124,1010.1981919539677
2025-03-31 06:00:00,SubtleStation,20.348406711094015,75.65789914127019,1010.4738605327408,2,20.348406711094015,68.5578991412702,1010.4738605327408
2025-03-31 07:00:00,SubtleStation,20.23941557415067,74.64783817841082,1010.8220839330168,2,20.23941557415067,67.49783817841082,1010.8220839330168
2025-03-31 08:00:00,SubtleStation,20.697743680245303,76.10357501987414,1009.6011634314461,2,20.697743680245303,68.90357501987414,1009.6011634314461
2025-03-31 09:00:00,SubtleStation,20.441114616348777,76.52327923360974,1010.6756499001001,2,20.441114616348777,69.27327923360974,1010.6756499001001
2025-03-31 10:00:00,SubtleStation,20.883181760805915,78.97876677784139,1010.328318586618,2,20.883181760805915,71.67876677784139,1010.328318586618
2025-03-31 11:00:00,SubtleStation,20.809963630352577,76.296532065894,1010.3001282976836,2,20.809963630352577,68.946532065894,1010.3001282976836
2025-03-31 12:00:00,SubtleStation,20.46529948898297,78.05064507300864,1010.2523389396018,2,20.46529948898297,70.65064507300863,1010.2523389396018
2025-03-31 13:00:00,SubtleStation,20.966162382527088,76.54497630747704,1010.1960517760584,2,20.966162382527088,69.09497630747704,1010.1960517760584
2025-03-31 14:00:00,SubtleStation,20.892604678790235,72.57144021227995,1010.4335213527115,0,20.892604678790235,72.57144021227995,1010.4335213527115
2025-03-31 15:00:00,SubtleStation,21.004636326054392,71.17714629227736,1010.3955915773246,0,21.004636326054392,71.17714629227736,1010.3955915773246
2025-03-31 16:00:00,SubtleStation,21.285714540047227,72.10138669769073,1010.8764191979926,0,21.285714540047227,72.10138669769073,1010.8764191979926
2025-03-31 17:00:00,SubtleStation,21.015220234023616,71.8909118804611,1009.687810455099,0,21.015220234023616,71.8909118804611,1009.687810455099
2025-03-31 18:00:00,SubtleStation,21.25469255796649,71.13998771882557,1009.3847045774322,0,21.25469255796649,71.13998771882557,1009.3847045774322
2025-03-31 19:00:00,SubtleStation,21.04685335928388,73.06853961047554,1009.2107093562813,0,21.04685335928388,73.06853961047554,1009.2107093562813
2025-03-31 20:00:00,SubtleStation,21.116746939307294,73.44533905731738,1009.5607729832524,0,21.116746939307294,73.44533905731738,1009.5607729832524
2025-03-31 21:00:00,SubtleStation,21.254363203523297,72.49025803762875,1010.0762175864965,0,21.254363203523297,72.49025803762875,1010.0762175864965
2025-03-31 22:00:00,SubtleStation,21.24188255308696,73.85169795123132,1009.8804316544192,0,21.24188255308696,73.85169795123132,1009.8804316544192
2025-03-31 23:00:00,SubtleStation,21.54895141014537,73.87742106774834,1009.6845701654955,0,21.54895141014537,73.87742106774834,1009.6845701654955
2025-04-01 00:00:00,SubtleStation,21.241538505525696,75.88530858551972,1010.5034210460512,0,21.241538505525696,75.88530858551972,1010.5034210460512
2025-04-01 01:00:00,SubtleStation,21.744379858005868,75.49421698095703,1009.0667373815213,0,21.744379858005868,75.49421698095703,1009.0667373815213
2025-04-01 02:00:00,SubtleStation,21.499778495920914,75.66050382807188,1008.8153098889886,0,21.499778495920914,75.66050382807188,1008.8153098889886
2025-04-01 03:00:00,SubtleStation,21.802578567847597,75.35128659147523,1010.2479628777984,0,21.802578567847597,75.35128659147523,1010.2479628777984
2025-04-01 04:00:00,SubtleStation,21.565814109590224,75.46261818271262,1010.6782842424284,0,21.565814109590224,75.46261818271262,1010.6782842424284
2025-04-01 05:00:00,SubtleStation,21.976389492101077,75.0851035782534,1010.3094123589273,0,21.976389492101077,75.0851035782534,1010.3094123589273
2025-04-01 06:00:00,SubtleStation,22.176434892389274,74.92305353917415,1009.9406964156691,0,22.176434892389274,74.92305353917415,1009.9406964156691
2025-04-01 07:00:00,SubtleStation,22.041594596317353,77.10783193384296,1010.1684540638577,0,22.041594596317353,77.10783193384296,1010.1684540638577
2025-04-01 08:00:00,SubtleStation,22.4305683561654,75.22142195270217,1010.3511044244883,0,22.4305683561654,75.22142195270217,1010.3511044244883
2025-04-01 09:00:00,SubtleStation,22.175194074324985,76.47425220541518,1010.0638815363073,0,22.175194074324985,76.47425220541518,1010.0638815363073
2025-04-01 10:00:00,SubtleStation,22.368911871480755,75.54735414215087,1009.615208402322,0,22.368911871480755,75.54735414215087,1009.615208402322
2025-04-01 11:00:00,SubtleStation,22.186093445609817,76.71256965583221,1010.4494539005718,0,22.186093445609817,76.71256965583221,1010.4494539005718
2025-04-01 12:00:00,SubtleStation,22.54447345084056,76.73485372450214,1009.1524526358793,0,22.54447345084056,76.73485372450214,1009.1524526358793
2025-04-01 13:00:00,SubtleStation,22.42977749997152,78.03164159825393,1010.1612843385536,0,22.42977749997152,78.03164159825393,1010.1612843385536
2025-04-01 14:00:00,SubtleStation,22.486928182283417,76.42761393114039,1010.1425203556566,0,22.486928182283417,76.42761393114039,1010.1425203556566
2025-04-01 15:00:00,SubtleStation,23.035576198036317,75.20671665123486,1009.7979307322237,0,23.035576198036317,75.20671665123486,1009.7979307322237
2025-04-01 16:00:00,SubtleStation,22.55497284922829,78.35175782778438,1010.4154507544299,0,22.55497284922829,78.35175782778438,1010.4154507544299
2025-04-01 17:00:00,SubtleStation,22.87640158725658,79.13379585685993,1010.2128618533794,0,22.87640158725658,79.13379585685993,1010.2128618533794
2025-04-01 18:00:00,SubtleStation,23.13309215599911,77.72243249086185,1009.5581605325947,0,23.13309215599911,77.72243249086185,1009.5581605325947
2025-04-01 19:00:00,SubtleStation,23.129331190073525,78.54449713601822,1009.0115822502534,0,23.129331190073525,78.54449713601822,1009.0115822502534
2025-04-01 20:00:00,SubtleStation,22.80580179039498,78.36409733393108,1009.7539148618554,0,22.80580179039498,78.36409733393108,1009.7539148618554
2025-04-01 21:00:00,SubtleStation,23.389529383877463,78.39088595409869,1010.0902749418351,0,23.389529383877463,78.39088595409869,1010.0902749418351
2025-04-01 22:00:00,SubtleStation,23.087120834197925,79.49239494191956,1009.897308208294,0,23.087120834197925,79.49239494191956,1009.897308208294
2025-04-01 23:00:00,SubtleStation,23.36909840400282,79.53350214182711,1010.3369084511122,0,23.36909840400282,79.53350214182711,1010.3369084511122
2025-04-02 00:00:00,SubtleStation,23.504345557814812,79.83805311822061,1010.5052360229374,0,23.504345557814812,79.83805311822061,1010.5052360229374
2025-04-02 01:00:00,SubtleStation,23.065212453465687,79.2499107159317,1010.4301240475456,0,23.065212453465687,79.2499107159317,1010.4301240475456
2025-04-02 02:00:00,SubtleStation,23.724602944606552,79.52706490678426,1009.6198675549791,0,23.724602944606552,79.52706490678426,1009.6198675549791
2025-04-02 03:00:00,SubtleStation,23.97602514782714,79.49102848262397,1009.7734921717981,0,23.97602514782714,79.49102848262397,1009.7734921717981
2025-04-02 04:00:00,SubtleStation,23.906362423900624,79.88274028853667,1010.61818431812,0,23.906362423900624,79.88274028853667,1010.61818431812
2025-04-02 05:00:00,SubtleStation,24.075318916227175,79.46665828383377,1010.627264906139,0,24.075318916227175,79.46665828383377,1010.627264906139
2025-04-02 06:00:00,SubtleStation,24.589028776643016,78.3387094921069,1010.3188590553433,0,24.589028776643016,78.3387094921069,1010.3188590553433
2025-04-02 07:00:00,SubtleStation,24.46044336291992,79.8940059518641,1010.5533762848835,0,24.46044336291992,79.8940059518641,1010.5533762848835
2025-04-02 08:00:00,SubtleStation,24.34622236033903,80.10812983920466,1010.2691561269233,0,24.34622236033903,80.10812983920466,1010.2691561269233
2025-04-02 09:00:00,SubtleStation,24.95100320256533,80.06907466945746,1010.9354696969018,0,24.95100320256533,80.06907466945746,1010.9354696969018
2025-04-02 10:00:00,SubtleStation,24.405810114547243,81.05533929904544,1011.4042748976755,0,24.405810114547243,81.05533929904544,1011.4042748976755
2025-04-02 11:00:00,SubtleStation,24.736689458384312,80.5981278923635,1009.8178139271748,0,24.736689458384312,80.5981278923635,1009.8178139271748
2025-04-02 12:00:00,SubtleStation,24.417245925797634,80.82097730920653,1010.409869035323,0,24.417245925797634,80.82097730920653,1010.409869035323
2025-04-02 13:00:00,SubtleStation,24.912159987941198,78.85499370574281,1008.7982158155202,0,24.912159987941198,78.85499370574281,1008.7982158155202
2025-04-02 14:00:00,SubtleStation,24.9102030324302,80.64849499069678,1009.962060958504,0,24.9102030324302,80.64849499069678,1009.962060958504
2025-04-02 15:00:00,SubtleStation,25.04466147091975,79.83931558654747,1010.308103722756,0,25.04466147091975,79.83931558654747,1010.308103722756
2025-04-02 16:00:00,SubtleStation,25.206603813899708,79.05128478102776,1009.0664688268126,0,25.206603813899708,79.05128478102776,1009.0664688268126
2025-04-02 17:00:00,SubtleStation,25.28846001279708,81.01701802165107,1010.8589671844709,0,25.28846001279708,81.01701802165107,1010.8589671844709
2025-04-02 18:00:00,SubtleStation,25.117792458468635,78.52329792875396,1009.9065951445169,0,25.117792458468635,78.52329792875396,1009.9065951445169
2025-04-02 19:00:00,SubtleStation,25.35537458076456,78.30469268630925,1010.4962501341951,0,25.35537458076456,78.30469268630925,1010.4962501341951
2025-04-02 20:00:00,SubtleStation,25.53280857123862,79.60711397409231,1008.7694762838834,0,25.53280857123862,79.60711397409231,1008.7694762838834
2025-04-02 21:00:00,SubtleStation,25.345101410035426,82.5580974554687,1009.459429505259,0,25.345101410035426,82.5580974554687,1009.459429505259
2025-04-02 22:00:00,SubtleStation,25.890538058969295,79.95733019387158,1010.5984653931322,0,25.890538058969295,79.95733019387158,1010.5984653931322
2025-04-02 23:00:00,SubtleStation,26.205396150679732,80.68673741691738,1010.0084201468253,0,26.205396150679732,80.68673741691738,1010.0084201468253
2025-04-03 00:00:00,SubtleStation,25.98799226603944,79.7843185696492,1010.3122917059219,0,25.98799226603944,79.7843185696492,1010.3122917059219
2025-04-03 01:00:00,SubtleStation,25.919833747034176,78.74059555936968,1010.2425545707162,0,25.919833747034176,78.74059555936968,1010.2425545707162
2025-04-03 02:00:00,SubtleStation,25.662674007789708,80.32449710678448,1010.060771404004,0,25.662674007789708,80.32449710678448,1010.060771404004
2025-04-03 03:00:00,SubtleStation,25.916110380388762,78.23278694911475,1011.1849091986803,0,25.916110380388762,78.23278694911475,1011.1849091986803
2025-04-03 04:00:00,SubtleStation,26.38488264025735,79.81015759043052,1010.3309081688116,0,26.38488264025735,79.81015759043052,1010.3309081688116
2025-04-03 05:00:00,SubtleStation,26.665742002655126,77.05247084382732,1010.359843529107,0,26.665742002655126,77.05247084382732,1010.359843529107
2025-04-03 06:00:00,SubtleStation,26.464890140123,77.93757850184599,1009.3915357208788,0,26.464890140123,77.93757850184599,1009.3915357208788
2025-04-03 07:00:00,SubtleStation,26.30650729484485,80.58253120266163,1010.6994976964368,0,26.30650729484485,80.58253120266163,1010.6994976964368
2025-04-03 08:00:00,SubtleStation,26.52415721650606,80.44433032854717,1010.649393545951,0,26.52415721650606,80.44433032854717,1010.649393545951
2025-04-03 09:00:00,SubtleStation,26.677643638690263,77.74470338756007,1008.5186175783497,0,26.677643638690263,77.74470338756007,1008.5186175783497
2025-04-03 10:00:00,SubtleStation,26.49858993968846,79.25859564667972,1010.2144631380005,0,26.49858993968846,79.25859564667972,1010.2144631380005
2025-04-03 11:00:00,SubtleStation,26.915241873218047,79.33850808091609,1010.075900216911,0,26.915241873218047,79.33850808091609,1010.075900216911
2025-04-03 12:00:00,SubtleStation,27.247296947746186,78.76857691229583,1009.6592578295996,0,27.247296947746186,78.76857691229583,1009.6592578295996
2025-04-03 13:00:00,SubtleStation,26.82309985735039,77.97510742005095,1010.8752837135926,0,26.82309985735039,77.97510742005095,1010.8752837135926
2025-04-03 14:00:00,SubtleStation,27.137300775054566,75.92143510994404,1009.6997842769027,0,27.137300775054566,75.92143510994404,1009.6997842769027
2025-04-03 15:00:00,SubtleStation,26.93324045415727,79.3336131929359,1010.2751071015174,0,26.93324045415727,79.3336131929359,1010.2751071015174
2025-04-03 16:00:00,SubtleStation,27.26220838069531,76.81095667409029,1009.374342830963,0,27.26220838069531,76.81095667409029,1009.374342830963
2025-04-03 17:00:00,SubtleStation,27.4833956124391,78.23976308175406,1009.8797540043424,0,27.4833956124391,78.23976308175406,1009.8797540043424
2025-04-03 18:00:00,SubtleStation,27.803206259204426,78.16328694959742,1009.540097968657,0,27.803206259204426,78.16328694959742,1009.540097968657
2025-04-03 19:00:00,SubtleStation,27.775027374590397,76.53433137055295,1010.5359223131915,0,27.775027374590397,76.53433137055295,1010.5359223131915
2025-04-03 20:00:00,SubtleStation,27.531042790766648,76.95950230710105,1010.1911892796124,0,27.531042790766648,76.95950230710105,1010.1911892796124
2025-04-03 21:00:00,SubtleStation,27.869267777157827,76.60173569660233,1009.2942906424114,0,27.869267777157827,76.60173569660233,1009.2942906424114
2025-04-03 22:00:00,SubtleStation,27.86528341040906,75.29602677113623,1010.0759143331237,0,27.86528341040906,75.29602677113623,1010.0759143331237
2025-04-03 23:00:00,SubtleStation,28.00992138630523,75.91723013648785,1010.4881555961887,0,28.00992138630523,75.91723013648785,1010.4881555961887
2025-04-04 00:00:00,SubtleStation,28.051816325512902,76.1106895155789,1009.512442180003,0,28.051816325512902,76.1106895155789,1009.512442180003
2025-04-04 01:00:00,SubtleStation,28.232372444036724,76.91785074326334,1009.711519584529,0,28.232372444036724,76.91785074326334,1009.711519584529
2025-04-04 02:00:00,SubtleStation,28.28263495303493,76.74033745422969,1009.9253400629723,0,28.28263495303493,76.74033745422969,1009.9253400629723
2025-04-04 03:00:00,SubtleStation,28.4951144760602,73.8104366926987,1010.1797875630565,0,28.4951144760602,73.8104366926987,1010.1797875630565
2025-04-04 04:00:00,SubtleStation,28.419232292589452,75.71430959557634,1010.1292671044351,0,28.419232292589452,75.71430959557634,1010.1292671044351
2025-04-04 05:00:00,SubtleStation,28.8066273291681,72.33794030044152,1010.7974701162324,0,28.8066273291681,72.33794030044152,1010.7974701162324
2025-04-04 06:00:00,SubtleStation,28.64382573027818,73.86059100681848,1009.6666082135978,0,28.64382573027818,73.86059100681848,1009.6666082135978
2025-04-04 07:00:00,SubtleStation,28.90556535534911,72.64743219635692,1010.5848809720355,0,28.90556535534911,72.64743219635692,1010.5848809720355
2025-04-04 08:00:00,SubtleStation,28.82243159706987,74.49113118868924,1010.2159385213065,0,28.82243159706987,74.49113118868924,1010.2159385213065
2025-04-04 09:00:00,SubtleStation,28.610830856970033,73.73348799983943,1010.7306416096698,0,28.610830856970033,73.73348799983943,1010.7306416096698
2025-04-04 10:00:00,SubtleStation,29.059479290705042,71.3410788058174,1010.3941414029198,0,29.059479290705042,71.3410788058174,1010.3941414029198
2025-04-04 11:00:00,SubtleStation,29.111713926685372,71.83783119264932,1009.971330174177,0,29.111713926685372,71.83783119264932,1009.971330174177
2025-04-04 12:00:00,SubtleStation,28.362899049028652,72.49102868543082,1009.8617536063472,0,28.362899049028652,72.49102868543082,1009.8617536063472
2025-04-04 13:00:00,SubtleStation,28.888478469785092,71.91438916785056,1010.4572531066675,0,28.888478469785092,71.91438916785056,1010.4572531066675
2025-04-04 14:00:00,SubtleStation,29.345976274591774,71.34884939045499,1010.4462660694298,0,29.345976274591774,71.34884939045499,1010.4462660694298
2025-04-04 15:00:00,SubtleStation,29.32593541038046,71.07876996418045,1010.5530645064296,0,29.32593541038046,71.07876996418045,1010.5530645064296
2025-04-04 16:00:00,SubtleStation,28.87896102325616,69.45751310955227,1009.8181134458467,0,28.87896102325616,69.45751310955227,1009.8181134458467
2025-04-04 17:00:00,SubtleStation,29.397114580942468,72.13038646458189,1009.3381385985773,0,29.397114580942468,72.13038646458189,1009.3381385985773
2025-04-04 18:00:00,SubtleStation,29.62343612619403,71.45647049825781,1010.0379309265768,0,29.62343612619403,71.45647049825781,1010.0379309265768
2025-04-04 19:00:00,SubtleStation,29.45024393534392,70.7872901371862,1010.4762421761314,0,29.45024393534392,70.7872901371862,1010.4762421761314
2025-04-04 20:00:00,SubtleStation,29.08291592363665,69.6562390305467,1009.5977736550632,0,29.08291592363665,69.6562390305467,1009.5977736550632
2025-04-04 21:00:00,SubtleStation,29.26875512280689,69.63989053354648,1009.9702786556048,0,29.26875512280689,69.63989053354648,1009.9702786556048
2025-04-04 22:00:00,SubtleStation,29.551279238988972,70.3506500237813,1010.8080312758351,0,29.551279238988972,70.3506500237813,1010.8080312758351
2025-04-04 23:00:00,SubtleStation,29.47194241842709,68.03906114564921,1009.46368547986,0,29.47194241842709,68.03906114564921,1009.46368547986
2025-04-05 00:00:00,SubtleStation,29.81264631123838,68.08529166362906,1010.13104748419,0,29.81264631123838,68.08529166362906,1010.13104748419
2025-04-05 01:00:00,SubtleStation,29.743604374000064,65.87485126192814,1009.6982131275902,0,29.743604374000064,65.87485126192814,1009.6982131275902
2025-04-05 02:00:00,SubtleStation,30.0283913967493,67.64772390071452,1009.7525904093935,0,30.0283913967493,67.64772390071452,1009.7525904093935
2025-04-05 03:00:00,SubtleStation,29.87642549599579,67.16042152600939,1009.9526731452139,0,29.87642549599579,67.16042152600939,1009.9526731452139
2025-04-05 04:00:00,SubtleStation,29.817486228892918,66.25843161318367,1010.3945693369749,0,29.817486228892918,66.25843161318367,1010.3945693369749
2025-04-05 05:00:00,SubtleStation,29.67690505947898,66.92824141774231,1009.3305976950326,0,29.67690505947898,66.92824141774231,1009.3305976950326
2025-04-05 06:00:00,SubtleStation,30.05156083553621,66.31771861356279,1010.073025921233,0,30.05156083553621,66.31771861356279,1010.073025921233
2025-04-05 07:00:00,SubtleStation,29.80075574410124,66.94061901906323,1010.8742994107397,0,29.80075574410124,66.94061901906323,1010.8742994107397
2025-04-05 08:00:00,SubtleStation,29.621543087581273,64.17709385558364,1010.8430524991034,0,29.621543087581273,64.17709385558364,1010.8430524991034
2025-04-05 09:00:00,SubtleStation,29.861492894470096,64.2716701041662,1010.255857946988,0,29.861492894470096,64.2716701041662,1010.255857946988
2025-04-05 10:00:00,SubtleStation,29.856681787352596,65.24687972333646,1010.0919883821969,0,29.856681787352596,65.24687972333646,1010.0919883821969
2025-04-05 11:00:00,SubtleStation,29.697588301973447,63.90344999003333,1008.3059419447507,0,29.697588301973447,63.90344999003333,1008.3059419447507
2025-04-05 12:00:00,SubtleStation,30.081148235863978,63.62196538394939,1008.6201707479762,0,30.081148235863978,63.62196538394939,1008.6201707479762
2025-04-05 13:00:00,SubtleStation,29.904812140518438,65.5654135076652,1010.009828738007,0,29.904812140518438,65.5654135076652,1010.009828738007
2025-04-05 14:00:00,SubtleStation,30.027358875140468,61.62659295891592,1009.7052574975561,0,30.027358875140468,61.62659295891592,1009.7052574975561
2025-04-05 15:00:00,SubtleStation,29.805422770853703,62.383591561575976,1008.5654805227418,0,29.805422770853703,62.383591561575976,1008.5654805227418
2025-04-05 16:00:00,SubtleStation,29.94004822489884,61.31442014274987,1010.2939059266974,0,29.94004822489884,61.31442014274987,1010.2939059266974
2025-04-05 17:00:00,SubtleStation,30.137235745708196,62.65696769412818,1010.2647333929455,0,30.137235745708196,62.65696769412818,1010.2647333929455
2025-04-05 18:00:00,SubtleStation,29.940399222988585,60.68557233419739,1010.0840132433093,0,29.940399222988585,60.68557233419739,1010.0840132433093
2025-04-05 19:00:00,SubtleStation,29.922094301585,61.22351450236367,1009.8163101252312,0,29.922094301585,61.22351450236367,1009.8163101252312
2025-04-05 20:00:00,SubtleStation,30.435424290377615,61.22057875469466,1009.6139240913316,0,30.435424290377615,61.22057875469466,1009.6139240913316
2025-04-05 21:00:00,SubtleStation,30.063199311396463,60.8199669482123,1010.6498855145077,0,30.063199311396463,60.8199669482123,1010.6498855145077
2025-04-05 22:00:00,SubtleStation,30.146019690608025,59.927506144590495,1010.3413887329122,0,30.146019690608025,59.927506144590495,1010.3413887329122
2025-04-05 23:00:00,SubtleStation,30.146003553408995,59.24111710015662,1009.8892324550725,0,30.146003553408995,59.24111710015662,1009.8892324550725
2025-04-06 00:00:00,SubtleStation,30.011546840866853,58.09499511752201,1009.5776707574838,0,30.011546840866853,58.09499511752201,1009.5776707574838
2025-04-06 01:00:00,SubtleStation,30.091079591523954,58.46242670588469,1009.4263805830589,0,30.091079591523954,58.46242670588469,1009.4263805830589
2025-04-06 02:00:00,SubtleStation,29.78235790500278,58.25892208884237,1010.2078466969571,0,29.78235790500278,58.25892208884237,1010.2078466969571
2025-04-06 03:00:00,SubtleStation,30.256016060689774,58.19774966291365,1010.3934551364724,0,30.256016060689774,58.19774966291365,1010.3934551364724
2025-04-06 04:00:00,SubtleStation,30.20319110922326,57.14058503880557,1010.0454673372991,0,30.20319110922326,57.14058503880557,1010.0454673372991
2025-04-06 05:00:00,SubtleStation,29.97728863023287,58.70630669595302,1009.5524048731866,0,29.97728863023287,58.70630669595302,1009.5524048731866
2025-04-06 06:00:00,SubtleStation,29.923985028171458,56.336896728216544,1009.4549260848719,0,29.923985028171458,56.336896728216544,1009.4549260848719
2025-04-06 07:00:00,SubtleStation,29.656287567797644,57.274242583871114,1009.9064114802605,0,29.656287567797644,57.274242583871114,1009.9064114802605
2025-04-06 08:00:00,SubtleStation,30.089610300735913,58.26656562164676,1009.9640358390787,0,30.089610300735913,58.26656562164676,1009.9640358390787
2025-04-06 09:00:00,SubtleStation,29.81032245469291,57.12910488124476,1010.3924950839479,0,29.81032245469291,57.12910488124476,1010.3924950839479
2025-04-06 10:00:00,SubtleStation,29.958919660557406,55.669144153573896,1009.61139629438,0,29.958919660557406,55.669144153573896,1009.61139629438
2025-04-06 11:00:00,SubtleStation,29.522532447676287,54.265425774805934,1010.1563090627967,0,29.522532447676287,54.265425774805934,1010.1563090627967
2025-04-06 12:00:00,SubtleStation,29.908734164695566,55.49204348054011,1011.2215168653736,0,29.908734164695566,55.49204348054011,1011.2215168653736
2025-04-06 13:00:00,SubtleStation,29.717255346535353,52.72972584171977,1010.3184270354318,0,29.717255346535353,52.72972584171977,1010.3184270354318
2025-04-06 14:00:00,SubtleStation,29.722647828472507,52.57388930958183,1009.5746384762772,0,29.722647828472507,52.57388930958183,1009.5746384762772
2025-04-06 15:00:00,SubtleStation,29.402775798540464,53.422626256636526,1009.6134270547387,0,29.402775798540464,53.422626256636526,1009.6134270547387
2025-04-06 16:00:00,SubtleStation,29.786347685997594,52.96008735394485,1009.6050831411096,0,29.786347685997594,52.96008735394485,1009.6050831411096
2025-04-06 17:00:00,SubtleStation,29.490365534902555,52.499082613730344,1009.6590449102064,0,29.490365534902555,52.499082613730344,1009.6590449102064
2025-04-06 18:00:00,SubtleStation,29.56395830815814,52.88570594156216,1010.1793345412024,0,29.56395830815814,52.88570594156216,1010.1793345412024
2025-04-06 19:00:00,SubtleStation,29.69285669791237,51.10024317423639,1010.364941035349,0,29.69285669791237,51.10024317423639,1010.364941035349
2025-04-06 20:00:00,SubtleStation,29.47173319234907,52.61417809508939,1009.5867102071697,0,29.47173319234907,52.61417809508939,1009.5867102071697
2025-04-06 21:00:00,SubtleStation,29.841165815774634,51.52852977841183,1010.8322365224952,0,29.841165815774634,51.52852977841183,1010.8322365224952
2025-04-06 22:00:00,SubtleStation,29.217428651639732,49.97287390586248,1009.9282064649747,0,29.217428651639732,49.97287390586248,1009.9282064649747
2025-04-06 23:00:00,SubtleStation,29.396798934882575,51.35549176179712,1010.9077585755083,0,29.396798934882575,51.35549176179712,1010.9077585755083
2025-04-07 00:00:00,SubtleStation,29.381138819826802,50.846786344699005,1011.0890161709727,0,29.381138819826802,50.846786344699005,1011.0890161709727
2025-04-07 01:00:00,SubtleStation,29.04273201266766,49.78088331518054,1009.3445683548327,0,29.04273201266766,49.78088331518054,1009.3445683548327
2025-04-07 02:00:00,SubtleStation,29.210361518243833,47.973677584281276,1010.9069160735955,0,29.210361518243833,47.973677584281276,1010.9069160735955
2025-04-07 03:00:00,SubtleStation,29.09857874629256,47.3292611131788,1009.5444771042729,0,29.09857874629256,47.3292611131788,1009.5444771042729
2025-04-07 04:00:00,SubtleStation,29.125737734853246,48.4802998250689,1009.991132048763,0,29.125737734853246,48.4802998250689,1009.991132048763
2025-04-07 05:00:00,SubtleStation,29.11269136892483,46.788160339452226,1009.5529545089297,0,29.11269136892483,46.788160339452226,1009.5529545089297
2025-04-07 06:00:00,SubtleStation,29.241389488061635,49.354110397617355,1010.4048100252372,0,29.241389488061635,49.354110397617355,1010.4048100252372
2025-04-07 07:00:00,SubtleStation,28.95756635921224,49.64898691313011,1009.6722968735097,0,28.95756635921224,49.64898691313011,1009.6722968735097
2025-04-07 08:00:00,SubtleStation,28.945977146573366,46.422830979839425,1010.0992083423185,0,28.945977146573366,46.422830979839425,1010.0992083423185
2025-04-07 09:00:00,SubtleStation,29.07152305242403,48.61979818929426,1009.8902738748978,0,29.07152305242403,48.61979818929426,1009.8902738748978
2025-04-07 10:00:00,SubtleStation,28.388394433164844,46.859270874209614,1009.598830967155,0,28.388394433164844,46.859270874209614,1009.598830967155
2025-04-07 11:00:00,SubtleStation,28.585112495408037,46.203644894625135,1009.7014789113961,0,28.585112495408037,46.203644894625135,1009.7014789113961
2025-04-07 12:00:00,SubtleStation,28.575635436976885,47.319185895639365,1010.9973842234167,0,28.575635436976885,47.319185895639365,1010.9973842234167
2025-04-07 13:00:00,SubtleStation,28.186110476965453,46.55247769521951,1009.741694168011,0,28.186110476965453,46.55247769521951,1009.741694168011
2025-04-07 14:00:00,SubtleStation,28.44038071793058,44.99500286312132,1010.5380414208994,0,28.44038071793058,44.99500286312132,1010.5380414208994
2025-04-07 15:00:00,SubtleStation,27.880334999714677,45.70531346673844,1009.4167433397316,0,27.880334999714677,45.70531346673844,1009.4167433397316
2025-04-07 16:00:00,SubtleStation,28.417714195467493,45.7232781264273,1010.0572263317238,0,28.417714195467493,45.7232781264273,1010.0572263317238
2025-04-07 17:00:00,SubtleStation,27.904748908309248,47.00899735537047,1010.136266970942,0,27.904748908309248,47.00899735537047,1010.136266970942
2025-04-07 18:00:00,SubtleStation,27.872687720438293,44.96366498729194,1010.2384167314683,0,27.872687720438293,44.96366498729194,1010.2384167314683
2025-04-07 19:00:00,SubtleStation,28.14906266410197,44.54135148354346,1009.8521594958662,0,28.14906266410197,44.54135148354346,1009.8521594958662
2025-04-07 20:00:00,SubtleStation,27.630730084810327,44.78882156592325,1010.2613466871032,0,27.630730084810327,44.78882156592325,1010.2613466871032
2025-04-07 21:00:00,SubtleStation,28.29386563734013,43.038896773752256,1010.463204372214,0,28.29386563734013,43.038896773752256,1010.463204372214
2025-04-07 22:00:00,SubtleStation,27.824141296873538,44.171493315936104,1009.6741288482182,0,27.824141296873538,44.171493315936104,1009.6741288482182
2025-04-07 23:00:00,SubtleStation,27.697992549597313,42.2192396325708,1010.5292330915679,0,27.697992549597313,42.2192396325708,1010.5292330915679
2025-04-08 00:00:00,SubtleStation,27.873552795249882,45.38192906655854,1009.6868218346629,0,27.873552795249882,45.38192906655854,1009.6868218346629
2025-04-08 01:00:00,SubtleStation,27.531421964062204,43.05799227087434,1008.7839142588031,0,27.531421964062204,43.05799227087434,1008.7839142588031
2025-04-08 02:00:00,SubtleStation,27.50892015788698,42.54895334572268,1010.8214150674492,0,27.50892015788698,42.54895334572268,1010.8214150674492
2025-04-08 03:00:00,SubtleStation,27.34205939284038,44.29287535610398,1009.2480917890573,0,27.34205939284038,44.29287535610398,1009.2480917890573
2025-04-08 04:00:00,SubtleStation,27.184371873722604,41.45495805430137,1010.3279957835204,0,27.184371873722604,41.45495805430137,1010.3279957835204
2025-04-08 05:00:00,SubtleStation,27.269554431362238,41.39641435063262,1009.6614827706134,0,27.269554431362238,41.39641435063262,1009.6614827706134
2025-04-08 06:00:00,SubtleStation,27.210025728366055,41.67690842892861,1009.792725673385,0,27.210025728366055,41.67690842892861,1009.792725673385
2025-04-08 07:00:00,SubtleStation,26.759253338819494,41.24674120827061,1010.5666295863386,0,26.759253338819494,41.24674120827061,1010.5666295863386
2025-04-08 08:00:00,SubtleStation,26.745701415403502,43.20590285335147,1010.5407096114799,0,26.745701415403502,43.20590285335147,1010.5407096114799
2025-04-08 09:00:00,SubtleStation,26.69733896600342,40.34119408767491,1010.2349781853051,0,26.69733896600342,40.34119408767491,1010.2349781853051
2025-04-08 10:00:00,SubtleStation,26.729858342472394,41.67707793893924,1009.7505333379418,0,26.729858342472394,41.67707793893924,1009.7505333379418
2025-04-08 11:00:00,SubtleStation,26.710767552936815,40.212618103665456,1011.098995144125,0,26.710767552936815,40.212618103665456,1011.098995144125
2025-04-08 12:00:00,SubtleStation,26.978055107351857,39.54378333869367,1010.8372546372957,0,26.978055107351857,39.54378333869367,1010.8372546372957
2025-04-08 13:00:00,SubtleStation,26.506429595452637,38.678206534947954,1009.1923360175796,0,26.506429595452637,38.678206534947954,1009.1923360175796
2025-04-08 14:00:00,SubtleStation,26.320555634193937,41.8263405542614,1010.6945278037068,0,26.320555634193937,41.8263405542614,1010.6945278037068
2025-04-08 15:00:00,SubtleStation,26.115908652224935,39.64738895393283,1008.8479613738191,0,26.115908652224935,39.64738895393283,1008.8479613738191
2025-04-08 16:00:00,SubtleStation,26.358898018355546,39.94099555761741,1010.1397049155415,0,26.358898018355546,39.94099555761741,1010.1397049155415
2025-04-08 17:00:00,SubtleStation,26.061952801986465,40.82008955208361,1010.4592421028977,0,26.061952801986465,40.82008955208361,1010.4592421028977
2025-04-08 18:00:00,SubtleStation,26.034750111418482,41.12644247949528,1009.3025620852027,0,26.034750111418482,41.12644247949528,1009.3025620852027
2025-04-08 19:00:00,SubtleStation,25.8679425649695,39.39435772618624,1009.7408801015055,0,25.8679425649695,39.39435772618624,1009.7408801015055
2025-04-08 20:00:00,SubtleStation,25.87952570779376,40.79458334299491,1009.0902453900693,0,25.87952570779376,40.79458334299491,1009.0902453900693
2025-04-08 21:00:00,SubtleStation,25.766174204844077,41.819834309860724,1009.8842524131929,0,25.766174204844077,41.819834309860724,1009.8842524131929
2025-04-08 22:00:00,SubtleStation,25.645958437104937,40.390568585781594,1010.8891092495687,0,25.645958437104937,40.390568585781594,1010.8891092495687
2025-04-08 23:00:00,SubtleStation,25.47248364597909,39.42722261839825,1010.0404804466082,0,25.47248364597909,39.42722261839825,1010.0404804466082
2025-04-09 00:00:00,SubtleStation,25.390741163765917,38.790879204236525,1009.813625134962,0,25.390741163765917,38.790879204236525,1009.813625134962
2025-04-09 01:00:00,SubtleStation,25.34870881700673,40.184572551276474,1009.0257638143544,0,25.34870881700673,40.184572551276474,1009.0257638143544
2025-04-09 02:00:00,SubtleStation,24.787486230193895,40.004065527036694,1010.4514964563516,0,24.787486230193895,40.004065527036694,1010.4514964563516
2025-04-09 03:00:00,SubtleStation,25.065522547916974,40.904080891386315,1010.216615949629,0,25.065522547916974,40.904080891386315,1010.216615949629
2025-04-09 04:00:00,SubtleStation,25.168477629354317,40.50202002601557,1008.8426488937172,0,25.168477629354317,40.50202002601557,1008.8426488937172
2025-04-09 05:00:00,SubtleStation,24.77625056970099,39.44189345304133,1010.3374949349223,0,24.77625056970099,39.44189345304133,1010.3374949349223
2025-04-09 06:00:00,SubtleStation,24.35433450278967,38.568717155194584,1010.2223314173351,0,24.35433450278967,38.568717155194584,1010.2223314173351
2025-04-09 07:00:00,SubtleStation,24.395487211908144,38.64290340037845,1009.3782303594913,0,24.395487211908144,38.64290340037845,1009.3782303594913
2025-04-09 08:00:00,SubtleStation,24.587800701587803,40.189830515103964,1009.5250259220763,0,24.587800701587803,40.189830515103964,1009.5250259220763
2025-04-09 09:00:00,SubtleStation,24.32904720974872,40.064242454055154,1009.1402737475916,0,24.32904720974872,40.064242454055154,1009.1402737475916
2025-04-09 10:00:00,SubtleStation,24.40063283910779,40.18341634007972,1009.5749800337259,0,24.40063283910779,40.18341634007972,1009.5749800337259
2025-04-09 11:00:00,SubtleStation,24.271054696296964,39.62312407319302,1009.9767392390927,0,24.271054696296964,39.62312407319302,1009.9767392390927
2025-04-09 12:00:00,SubtleStation,24.082105796710284,40.91611148847364,1010.4646985768169,0,24.082105796710284,40.91611148847364,1010.4646985768169
2025-04-09 13:00:00,SubtleStation,23.89445628578131,40.8397949596649,1009.7542062542344,0,23.89445628578131,40.8397949596649,1009.7542062542344
2025-04-09 14:00:00,SubtleStation,24.01844162754603,41.965960021528026,1009.5533546421117,0,24.01844162754603,41.965960021528026,1009.5533546421117
2025-04-09 15:00:00,SubtleStation,23.895427374066827,40.74416008153679,1010.6161746471142,0,23.895427374066827,40.74416008153679,1010.6161746471142
2025-04-09 16:00:00,SubtleStation,23.759607441631506,40.6486876494527,1009.7400934162409,0,23.759607441631506,40.6486876494527,1009.7400934162409
2025-04-09 17:00:00,SubtleStation,23.8620989586789,41.13831239438525,1009.3757140906987,0,23.8620989586789,41.13831239438525,1009.3757140906987
2025-04-09 18:00:00,SubtleStation,23.631638835259675,40.435442630994075,1010.3275305690473,0,23.631638835259675,40.435442630994075,1010.3275305690473
2025-04-09 19:00:00,SubtleStation,23.376485174639924,41.83932362945504,1010.5624171598045,0,23.376485174639924,41.83932362945504,1010.5624171598045
2025-04-09 20:00:00,SubtleStation,23.328894170135168,41.341912229886084,1010.4182035553632,0,23.328894170135168,41.341912229886084,1010.4182035553632
2025-04-09 21:00:00,SubtleStation,23.293788238202147,41.56698616758267,1010.5018373868995,0,23.293788238202147,41.56698616758267,1010.5018373868995
2025-04-09 22:00:00,SubtleStation,23.23705182904092,42.315062616304,1010.7313952215295,0,23.23705182904092,42.315062616304,1010.7313952215295
2025-04-09 23:00:00,SubtleStation,23.386651251822304,43.13482347286188,1009.741694905629,0,23.386651251822304,43.13482347286188,1009.741694905629
2025-04-10 00:00:00,SubtleStation,23.364690737723823,41.8211129919989,1010.2470240904624,0,23.364690737723823,41.8211129919989,1010.2470240904624
2025-04-10 01:00:00,SubtleStation,22.84178275832857,41.459779490713416,1009.9197520174923,0,22.84178275832857,41.459779490713416,1009.9197520174923
2025-04-10 02:00:00,SubtleStation,22.641012999692656,42.43957066858206,1010.1035221895565,0,22.641012999692656,42.43957066858206,1010.1035221895565
2025-04-10 03:00:00,SubtleStation,22.64650308715439,41.54994247026803,1010.592974824529,0,22.64650308715439,41.54994247026803,1010.592974824529
2025-04-10 04:00:00,SubtleStation,22.750187903632877,41.86918476938446,1009.9264224310565,0,22.750187903632877,41.86918476938446,1009.9264224310565
2025-04-10 05:00:00,SubtleStation,22.74473705935314,44.19216594863213,1010.4057143076549,0,22.74473705935314,44.19216594863213,1010.4057143076549
2025-04-10 06:00:00,SubtleStation,22.40954304033798,42.55136733883407,1010.4449510845832,0,22.40954304033798,42.55136733883407,1010.4449510845832
2025-04-10 07:00:00,SubtleStation,22.222320819092634,41.8775714827068,1010.3319520965531,0,22.222320819092634,41.8775714827068,1010.3319520965531
2025-04-10 08:00:00,SubtleStation,22.396656811209432,42.776296461112786,1010.4886155785653,0,22.396656811209432,42.776296461112786,1010.4886155785653
2025-04-10 09:00:00,SubtleStation,22.361003922879277,42.676249215903866,1010.2754189940433,0,22.361003922879277,42.676249215903866,1010.2754189940433
2025-04-10 10:00:00,SubtleStation,22.36042073195063,43.189713605461215,1009.6948933809044,0,22.36042073195063,43.189713605461215,1009.6948933809044
2025-04-10 11:00:00,SubtleStation,21.944294222192596,42.1268054886621,1009.7222616884935,0,21.944294222192596,42.1268054886621,1009.7222616884935
2025-04-10 12:00:00,SubtleStation,22.05712752706065,43.83591801268505,1010.0028789716641,0,22.05712752706065,43.83591801268505,1010.0028789716641
2025-04-10 13:00:00,SubtleStation,21.585736385095945,43.64499435568602,1010.1978830591279,0,21.585736385095945,43.64499435568602,1010.1978830591279
2025-04-10 14:00:00,SubtleStation,21.81289377721836,45.75176434295781,1010.8196616173201,0,21.81289377721836,45.75176434295781,1010.8196616173201
2025-04-10 15:00:00,SubtleStation,21.90095983097497,45.79820349957872,1009.819128064537,0,21.90095983097497,45.79820349957872,1009.819128064537
2025-04-10 16:00:00,SubtleStation,21.97852238182751,44.511547083540165,1010.011083889789,0,21.97852238182751,44.511547083540165,1010.011083889789
2025-04-10 17:00:00,SubtleStation,21.66805992356718,43.81605287327757,1009.6564609403365,0,21.66805992356718,43.81605287327757,1009.6564609403365
2025-04-10 18:00:00,SubtleStation,21.486483840301766,44.908803339798254,1009.8464839443369,0,21.486483840301766,44.908803339798254,1009.8464839443369
2025-04-10 19:00:00,SubtleStation,21.182234792872844,46.783612538041695,1010.5584857791823,0,21.182234792872844,46.783612538041695,1010.5584857791823
2025-04-10 20:00:00,SubtleStation,21.439109458619267,45.995386255095475,1009.8996856552614,0,21.439109458619267,45.995386255095475,1009.8996856552614
2025-04-10 21:00:00,SubtleStation,21.451238436267587,45.17484971733744,1010.0018354838558,0,21.451238436267587,45.17484971733744,1010.0018354838558
2025-04-10 22:00:00,SubtleStation,21.460541802837916,46.746559969775845,1010.8776546569994,0,21.460541802837916,46.746559969775845,1010.8776546569994
2025-04-10 23:00:00,SubtleStation,21.240870416884107,48.06693455409941,1009.3847302552434,0,21.240870416884107,48.06693455409941,1009.3847302552434
2025-04-11 00:00:00,SubtleStation,20.937076892687735,46.99321652208698,1010.4371166655052,0,20.937076892687735,46.99321652208698,1010.4371166655052
2025-04-11 01:00:00,SubtleStation,21.176364325144135,47.11277584795114,1010.2979330534905,0,21.176364325144135,47.11277584795114,1010.2979330534905
2025-04-11 02:00:00,SubtleStation,21.34270616538793,47.31974101461592,1010.5113796853896,0,21.34270616538793,47.31974101461592,1010.5113796853896
2025-04-11 03:00:00,SubtleStation,20.892915941342206,47.984304606858174,1009.775761670374,0,20.892915941342206,47.984304606858174,1009.775761670374
2025-04-11 04:00:00,SubtleStation,20.72719427582187,48.81832215228989,1009.3419490113088,0,20.72719427582187,48.81832215228989,1009.3419490113088
2025-04-11 05:00:00,SubtleStation,20.76568149033655,50.26452035466609,1010.8377665946385,0,20.76568149033655,50.26452035466609,1010.8377665946385
2025-04-11 06:00:00,SubtleStation,20.774582451480907,49.527504464349406,1009.0179400362696,0,20.774582451480907,49.527504464349406,1009.0179400362696
2025-04-11 07:00:00,SubtleStation,20.61981293477794,50.444650432227554,1009.9359028899902,0,20.61981293477794,50.444650432227554,1009.9359028899902
2025-04-11 08:00:00,SubtleStation,20.8147776921364,50.231429144236564,1009.7620891148423,0,20.8147776921364,50.231429144236564,1009.7620891148423
2025-04-11 09:00:00,SubtleStation,20.710390274319334,49.39396746112341,1010.2633342538219,0,20.710390274319334,49.39396746112341,1010.2633342538219
2025-04-11 10:00:00,SubtleStation,20.50986323377247,52.02427986251906,1009.147369364621,0,20.50986323377247,52.02427986251906,1009.147369364621
2025-04-11 11:00:00,SubtleStation,20.527017263255043,50.155223305622684,1009.3741888609756,0,20.527017263255043,50.155223305622684,1009.3741888609756
2025-04-11 12:00:00,SubtleStation,20.17921142028863,50.77972849740321,1009.375233172838,0,20.17921142028863,50.77972849740321,1009.375233172838
2025-04-11 13:00:00,SubtleStation,20.509123576041414,52.43570602305718,1010.1866058602178,0,20.509123576041414,52.43570602305718,1010.1866058602178
2025-04-11 14:00:00,SubtleStation,20.125782242107665,52.54644266121376,1009.202136441179,0,20.125782242107665,52.54644266121376,1009.202136441179
2025-04-11 15:00:00,SubtleStation,20.310586966152187,51.452378525424365,1009.1389853424552,0,20.310586966152187,51.452378525424365,1009.1389853424552
2025-04-11 16:00:00,SubtleStation,20.23714834972006,51.538448320679656,1010.6108595098101,0,20.23714834972006,51.538448320679656,1010.6108595098101
2025-04-11 17:00:00,SubtleStation,20.38796592598899,54.163195952068634,1010.4284218760374,0,20.38796592598899,54.163195952068634,1010.4284218760374
2025-04-11 18:00:00,SubtleStation,20.172937427519706,54.6328628262154,1010.25754451423,0,20.172937427519706,54.6328628262154,1010.25754451423
2025-04-11 19:00:00,SubtleStation,20.221385952406468,54.10615098685418,1008.8152413217462,0,20.221385952406468,54.10615098685418,1008.8152413217462
2025-04-11 20:00:00,SubtleStation,20.500736039744734,53.39469423574992,1009.1002616741662,0,20.500736039744734,53.39469423574992,1009.1002616741662
2025-04-11 21:00:00,SubtleStation,19.86065134097625,54.771114661765104,1009.4185106526808,0,19.86065134097625,54.771114661765104,1009.4185106526808
2025-04-11 22:00:00,SubtleStation,20.171929083035756,56.45654858333605,1009.2985314785121,0,20.171929083035756,56.45654858333605,1009.2985314785121
2025-04-11 23:00:00,SubtleStation,20.29886260874687,55.856074839294806,1010.1964592252708,0,20.29886260874687,55.856074839294806,1010.1964592252708
2025-04-12 00:00:00,SubtleStation,19.979133018955523,55.28997959781935,1009.7963912579705,0,19.979133018955523,55.28997959781935,1009.7963912579705
2025-04-12 01:00:00,SubtleStation,20.089488699575572,57.11340446999769,1010.179172186769,0,20.089488699575572,57.11340446999769,1010.179172186769
2025-04-12 02:00:00,SubtleStation,19.795626182833733,58.666451361325066,1009.6221043814709,0,19.795626182833733,58.666451361325066,1009.6221043814709
2025-04-12 03:00:00,SubtleStation,19.73069744197,59.23569868598622,1008.8728109972938,0,19.73069744197,59.23569868598622,1008.8728109972938
2025-04-12 04:00:00,SubtleStation,20.183416132853026,58.03387892434813,1009.3095113250192,0,20.183416132853026,58.03387892434813,1009.3095113250192
2025-04-12 05:00:00,SubtleStation,19.96209179761838,57.85281335982224,1010.1007586629906,0,19.96209179761838,57.85281335982224,1010.1007586629906
2025-04-12 06:00:00,SubtleStation,19.755499458822243,56.810473102096836,1010.701904983991,0,19.755499458822243,56.810473102096836,1010.701904983991
2025-04-12 07:00:00,SubtleStation,19.915870065073463,57.96195914494229,1010.3407301607862,0,19.915870065073463,57.96195914494229,1010.3407301607862
2025-04-12 08:00:00,SubtleStation,20.125938675340144,60.38339131785814,1009.8389688807937,0,20.125938675340144,60.38339131785814,1009.8389688807937
2025-04-12 09:00:00,SubtleStation,20.111802791382516,60.284427269440464,1010.1863772793613,0,20.111802791382516,60.284427269440464,1010.1863772793613
2025-04-12 10:00:00,SubtleStation,20.209608045595818,60.07945932622797,1010.0967947362949,0,20.209608045595818,60.07945932622797,1010.0967947362949
2025-04-12 11:00:00,SubtleStation,19.89976731307034,59.47221730527991,1010.0292565569858,0,19.89976731307034,59.47221730527991,1010.0292565569858
2025-04-12 12:00:00,SubtleStation,19.87758534741526,61.45908739930116,1009.6226867790809,0,19.87758534741526,61.45908739930116,1009.6226867790809
2025-04-12 13:00:00,SubtleStation,20.073754424697,61.712143020637015,1009.8806567817235,0,20.073754424697,61.712143020637015,1009.8806567817235
2025-04-12 14:00:00,SubtleStation,20.214100441958426,62.01418214876699,1009.7856790105122,0,20.214100441958426,62.01418214876699,1009.7856790105122
2025-04-12 15:00:00,SubtleStation,19.947667900383117,61.14318622154332,1009.8733527682544,0,19.947667900383117,61.14318622154332,1009.8733527682544
2025-04-12 16:00:00,SubtleStation,20.22470782223878,61.62025375220913,1009.2518176080408,0,20.22470782223878,61.62025375220913,1009.2518176080408
2025-04-12 17:00:00,SubtleStation,19.978853112421262,61.393295722153276,1009.9559444112109,0,19.978853112421262,61.393295722153276,1009.9559444112109
2025-04-12 18:00:00,SubtleStation,20.46749745524381,60.888362063253325,1009.5081507531677,0,20.46749745524381,60.888362063253325,1009.5081507531677
2025-04-12 19:00:00,SubtleStation,19.732508998194238,62.94942175008283,1009.5903901717023,0,19.732508998194238,62.94942175008283,1009.5903901717023
2025-04-12 20:00:00,SubtleStation,20.401817611319164,64.09856813514436,1009.7710547928816,0,20.401817611319164,64.09856813514436,1009.7710547928816
2025-04-12 21:00:00,SubtleStation,19.81572423194108,63.79989460535905,1010.7579888431014,0,19.81572423194108,63.79989460535905,1010.7579888431014
2025-04-12 22:00:00,SubtleStation,20.38217920919021,65.78033111578884,1011.0863523828513,0,20.38217920919021,65.78033111578884,1011.0863523828513
2025-04-12 23:00:00,SubtleStation,20.178974626055016,63.756638548026906,1010.4473201030902,0,20.178974626055016,63.756638548026906,1010.4473201030902
2025-04-13 00:00:00,SubtleStation,20.097351860813145,66.7507936845101,1010.3055448760122,0,20.097351860813145,66.7507936845101,1010.3055448760122
2025-04-13 01:00:00,SubtleStation,20.0343978361843,66.6519586303771,1010.2980484295902,0,20.0343978361843,66.6519586303771,1010.2980484295902
2025-04-13 02:00:00,SubtleStation,20.060573138390684,64.95030165837282,1010.4080769316614,0,20.060573138390684,64.95030165837282,1010.4080769316614
2025-04-13 03:00:00,SubtleStation,20.414496660016358,69.15883445679829,1010.0114790909608,0,20.414496660016358,69.15883445679829,1010.0114790909608
2025-04-13 04:00:00,SubtleStation,20.404044647566113,66.72573147934133,1010.4645582712301,0,20.404044647566113,66.72573147934133,1010.4645582712301
2025-04-13 05:00:00,SubtleStation,20.310007129001647,66.32093412010184,1010.7109422868645,0,20.310007129001647,66.32093412010184,1010.7109422868645
2025-04-13 06:00:00,SubtleStation,20.37995402180039,66.73465445840074,1009.9327463143219,0,20.37995402180039,66.73465445840074,1009.9327463143219
2025-04-13 07:00:00,SubtleStation,20.250436034254996,67.58810419476244,1010.4952008851823,0,20.250436034254996,67.58810419476244,1010.4952008851823
2025-04-13 08:00:00,SubtleStation,20.439430982107996,68.06900970589233,1010.5885117846937,0,20.439430982107996,68.06900970589233,1010.5885117846937
2025-04-13 09:00:00,SubtleStation,20.686179178990763,68.20938556013213,1010.7391216090355,0,20.686179178990763,68.20938556013213,1010.7391216090355
2025-04-13 10:00:00,SubtleStation,20.372356097158143,69.4415551460336,1010.808305675432,0,20.372356097158143,69.4415551460336,1010.808305675432
2025-04-13 11:00:00,SubtleStation,20.704744641212987,70.74690224775138,1010.4172784142787,0,20.704744641212987,70.74690224775138,1010.4172784142787
2025-04-13 12:00:00,SubtleStation,20.55663084633373,69.18440335607677,1009.6054602117066,0,20.55663084633373,69.18440335607677,1009.6054602117066
2025-04-13 13:00:00,SubtleStation,20.393550516587474,70.4693799917046,1009.8941249543257,0,20.393550516587474,70.4693799917046,1009.8941249543257
2025-04-13 14:00:00,SubtleStation,20.963265292305284,71.6255372181973,1010.7646639058273,0,20.963265292305284,71.6255372181973,1010.7646639058273
2025-04-13 15:00:00,SubtleStation,20.529705501995732,70.36786254726832,1009.169953432779,0,20.529705501995732,70.36786254726832,1009.169953432779
2025-04-13 16:00:00,SubtleStation,20.766773612065002,70.51184204791943,1009.9857594400899,0,20.766773612065002,70.51184204791943,1009.9857594400899
2025-04-13 17:00:00,SubtleStation,21.130490782714308,71.71260120051161,1010.4501324000636,0,21.130490782714308,71.71260120051161,1010.4501324000636
2025-04-13 18:00:00,SubtleStation,20.81773281676373,68.66504185782833,1010.0820543623694,0,20.81773281676373,68.66504185782833,1010.0820543623694
2025-04-13 19:00:00,SubtleStation,21.223831060651,72.1200233763143,1009.3624350179368,0,21.223831060651,72.1200233763143,1009.3624350179368
2025-04-13 20:00:00,SubtleStation,21.007351915408375,74.53294117643378,1009.7200496157128,0,21.007351915408375,74.53294117643378,1009.7200496157128
2025-04-13 21:00:00,SubtleStation,21.141627999625452,72.36731508984396,1010.641745415188,0,21.141627999625452,72.36731508984396,1010.641745415188
2025-04-13 22:00:00,SubtleStation,21.602085361139103,74.77451309737728,1010.7163885004795,0,21.602085361139103,74.77451309737728,1010.7163885004795
2025-04-13 23:00:00,SubtleStation,21.518674511946415,73.82390314480799,1009.1631670809122,0,21.518674511946415,73.82390314480799,1009.1631670809122
2025-04-14 00:00:00,SubtleStation,21.376577917733197,73.48124106661925,1009.8776005345433,0,21.376577917733197,73.48124106661925,1009.8776005345433
2025-04-14 01:00:00,SubtleStation,21.297823970832948,74.22785776584935,1009.2621673028327,0,21.297823970832948,74.22785776584935,1009.2621673028327
2025-04-14 02:00:00,SubtleStation,21.504709658542993,74.72574976534904,1010.0637144327761,0,21.504709658542993,74.72574976534904,1010.0637144327761
2025-04-14 03:00:00,SubtleStation,21.901365455555755,73.9230831084488,1009.499969948894,0,21.901365455555755,73.9230831084488,1009.499969948894
2025-04-14 04:00:00,SubtleStation,22.07933672275856,73.36849399219355,1010.0524480028275,0,22.07933672275856,73.36849399219355,1010.0524480028275
2025-04-14 05:00:00,SubtleStation,21.595785685307078,74.82214702794988,1009.5337335428032,0,21.595785685307078,74.82214702794988,1009.5337335428032
2025-04-14 06:00:00,SubtleStation,22.084739237074352,74.65425174347268,1010.4308299885201,0,22.084739237074352,74.65425174347268,1010.4308299885201
2025-04-14 07:00:00,SubtleStation,21.55774491344768,76.22122144927533,1009.6948286733958,0,21.55774491344768,76.22122144927533,1009.6948286733958
2025-04-14 08:00:00,SubtleStation,22.069623133548355,76.53427692540686,1009.6144649011634,0,22.069623133548355,76.53427692540686,1009.6144649011634
2025-04-14 09:00:00,SubtleStation,22.10674617144555,75.65171264175787,1009.5080998056154,0,22.10674617144555,75.65171264175787,1009.5080998056154
2025-04-14 10:00:00,SubtleStation,22.321170993316183,76.85285097472578,1009.3108141094269,0,22.321170993316183,76.85285097472578,1009.3108141094269
2025-04-14 11:00:00,SubtleStation,22.02870380833025,76.97818585946055,1009.3057453529167,0,22.02870380833025,76.97818585946055,1009.3057453529167
2025-04-14 12:00:00,SubtleStation,22.30774530599601,74.53908858751153,1009.4656036981294,0,22.30774530599601,74.53908858751153,1009.4656036981294
2025-04-14 13:00:00,SubtleStation,21.99063520878623,77.9595752609626,1009.8806669473004,0,21.99063520878623,77.9595752609626,1009.8806669473004
2025-04-14 14:00:00,SubtleStation,22.32247459215163,75.83137568594388,1009.3597803896824,0,22.32247459215163,75.83137568594388,1009.3597803896824
2025-04-14 15:00:00,SubtleStation,22.531608374821012,77.1680259289599,1009.6014943763153,0,22.531608374821012,77.1680259289599,1009.6014943763153
2025-04-14 16:00:00,SubtleStation,22.66141952140435,79.1990987010654,1010.5202717638239,0,22.66141952140435,79.1990987010654,1010.5202717638239
2025-04-14 17:00:00,SubtleStation,23.269370293714747,78.61621350210405,1010.6080797099988,0,23.269370293714747,78.61621350210405,1010.6080797099988
2025-04-14 18:00:00,SubtleStation,22.698472162652635,76.63149158645548,1009.2374633645563,0,22.698472162652635,76.63149158645548,1009.2374633645563
2025-04-14 19:00:00,SubtleStation,22.894776647847813,78.20187394943132,1010.6877051866376,0,22.894776647847813,78.20187394943132,1010.6877051866376
2025-04-14 20:00:00,SubtleStation,22.75130530231242,78.34194819360131,1010.0888837966817,0,22.75130530231242,78.34194819360131,1010.0888837966817
2025-04-14 21:00:00,SubtleStation,22.69633343883718,78.7290990455533,1010.3040396345859,0,22.69633343883718,78.7290990455533,1010.3040396345859
2025-04-14 22:00:00,SubtleStation,23.345961541151002,77.2384347950372,1010.9705942976983,0,23.345961541151002,77.2384347950372,1010.9705942976983
2025-04-14 23:00:00,SubtleStation,23.4407926810849,80.93634560028168,1010.2091076596583,0,23.4407926810849,80.93634560028168,1010.2091076596583
2025-04-15 00:00:00,SubtleStation,23.0787219345137,79.32303808229246,1008.7597993496258,0,23.0787219345137,79.32303808229246,1008.7597993496258
2025-04-15 01:00:00,SubtleStation,23.110618509610006,79.14144165863759,1009.9008154400656,0,23.110618509610006,79.14144165863759,1009.9008154400656
2025-04-15 02:00:00,SubtleStation,23.416787809598716,80.08079122809993,1010.2458221765369,0,23.416787809598716,80.08079122809993,1010.2458221765369
2025-04-15 03:00:00,SubtleStation,23.973339359862685,79.05983539538872,1010.0843112112594,0,23.973339359862685,79.05983539538872,1010.0843112112594
2025-04-15 04:00:00,SubtleStation,23.4388202294472,79.97201161537353,1009.9518632385243,0,23.4388202294472,79.97201161537353,1009.9518632385243
2025-04-15 05:00:00,SubtleStation,23.969827773594346,78.70378360697221,1009.1879739966696,0,23.969827773594346,78.70378360697221,1009.1879739966696
2025-04-15 06:00:00,SubtleStation,23.95724041471829,78.88065755405434,1010.7454173763057,0,23.95724041471829,78.88065755405434,1010.7454173763057
2025-04-15 07:00:00,SubtleStation,23.968506059100807,80.17324281628586,1009.5351912201393,0,23.968506059100807,80.17324281628586,1009.5351912201393
2025-04-15 08:00:00,SubtleStation,24.00625228552671,79.69974459773975,1009.6869997370255,0,24.00625228552671,79.69974459773975,1009.6869997370255
2025-04-15 09:00:00,SubtleStation,24.274821330136913,79.71359430215942,1009.9244317510056,0,24.274821330136913,79.71359430215942,1009.9244317510056
2025-04-15 10:00:00,SubtleStation,24.26262800617552,80.18547558043562,1009.9097889296809,0,24.26262800617552,80.18547558043562,1009.9097889296809
2025-04-15 11:00:00,SubtleStation,24.34415522261286,78.69782492948005,1010.0058509617573,0,24.34415522261286,78.69782492948005,1010.0058509617573
2025-04-15 12:00:00,SubtleStation,24.481974111812335,77.29817188422487,1009.3040826134668,0,24.481974111812335,77.29817188422487,1009.3040826134668
2025-04-15 13:00:00,SubtleStation,24.84545999612644,79.67720218511745,1009.7180205381112,0,24.84545999612644,79.67720218511745,1009.7180205381112
2025-04-15 14:00:00,SubtleStation,24.765508023534668,78.60371409544302,1009.7661592445911,0,24.765508023534668,78.60371409544302,1009.7661592445911
2025-04-15 15:00:00,SubtleStation,24.83664522392745,80.34490942755036,1009.752051309326,0,24.83664522392745,80.34490942755036,1009.752051309326
2025-04-15 16:00:00,SubtleStation,25.199356583976964,81.10477760846649,1010.1704618128099,0,25.199356583976964,81.10477760846649,1010.1704618128099
2025-04-15 17:00:00,SubtleStation,24.969227996630178,79.80756597158155,1009.9904033948078,0,24.969227996630178,79.80756597158155,1009.9904033948078
2025-04-15 18:00:00,SubtleStation,25.409432915703537,78.57881242878935,1010.3875031198123,0,25.409432915703537,78.57881242878935,1010.3875031198123
2025-04-15 19:00:00,SubtleStation,25.087661494161132,79.85205130807175,1010.4000753837466,0,25.087661494161132,79.85205130807175,1010.4000753837466
2025-04-15 20:00:00,SubtleStation,25.428923124717485,79.10428653981829,1009.6882583189517,0,25.428923124717485,79.10428653981829,1009.6882583189517
2025-04-15 21:00:00,SubtleStation,25.357812948186186,81.07296729163602,1009.9486010871933,0,25.357812948186186,81.07296729163602,1009.9486010871933
2025-04-15 22:00:00,SubtleStation,25.508305579391887,79.8969821579479,1009.4133011007177,0,25.508305579391887,79.8969821579479,1009.4133011007177
2025-04-15 23:00:00,SubtleStation,25.49271933762652,81.04916723700755,1010.1134790651911,0,25.49271933762652,81.04916723700755,1010.1134790651911
2025-04-16 00:00:00,SubtleStation,25.661403554584858,78.97373094723795,1009.6183151011578,0,25.661403554584858,78.97373094723795,1009.6183151011578
2025-04-16 01:00:00,SubtleStation,25.679188135651753,79.7080746377902,1010.3009502715116,0,25.679188135651753,79.7080746377902,1010.3009502715116
2025-04-16 02:00:00,SubtleStation,25.998374242054695,78.90039417812397,1009.1361171838438,0,25.998374242054695,78.90039417812397,1009.1361171838438
2025-04-16 03:00:00,SubtleStation,25.850980567589584,80.07059649212239,1009.2049690754457,0,25.850980567589584,80.07059649212239,1009.2049690754457
2025-04-16 04:00:00,SubtleStation,26.22096953263302,79.2011594397839,1009.9552539901741,0,26.22096953263302,79.2011594397839,1009.9552539901741
2025-04-16 05:00:00,SubtleStation,26.68034932849925,78.68350607533065,1010.3137859606893,0,26.68034932849925,78.68350607533065,1010.3137859606893
2025-04-16 06:00:00,SubtleStation,25.996721510438167,77.88946847982386,1010.6594917364464,0,25.996721510438167,77.88946847982386,1010.6594917364464
2025-04-16 07:00:00,SubtleStation,25.92957582348069,80.03444297013179,1009.8106224859039,0,25.92957582348069,80.03444297013179,1009.8106224859039
2025-04-16 08:00:00,SubtleStation,26.302069516996717,79.69898045638311,1009.5747228204344,0,26.302069516996717,79.69898045638311,1009.5747228204344
2025-04-16 09:00:00,SubtleStation,26.743476403211695,78.39757240223359,1009.9199084352581,0,26.743476403211695,78.39757240223359,1009.9199084352581
2025-04-16 10:00:00,SubtleStation,26.547055302701782,78.07390438005335,1009.7967637833997,0,26.547055302701782,78.07390438005335,1009.7967637833997
2025-04-16 11:00:00,SubtleStation,26.898577817501838,79.17004047816577,1009.506432457972,0,26.898577817501838,79.17004047816577,1009.506432457972
2025-04-16 12:00:00,SubtleStation,27.066006652624534,79.79445992904253,1009.850151225026,0,27.066006652624534,79.79445992904253,1009.850151225026
2025-04-16 13:00:00,SubtleStation,26.918276841675986,74.80331864677639,1010.0104460115821,0,26.918276841675986,74.80331864677639,1010.0104460115821
2025-04-16 14:00:00,SubtleStation,27.236988492076893,79.35548961052427,1009.1386252774043,0,27.236988492076893,79.35548961052427,1009.1386252774043
2025-04-16 15:00:00,SubtleStation,26.69685254777952,78.3718394609919,1010.7567135137577,0,26.69685254777952,78.3718394609919,1010.7567135137577
2025-04-16 16:00:00,SubtleStation,27.407516892525845,78.37568263025753,1009.9340387421679,0,27.407516892525845,78.37568263025753,1009.9340387421679
2025-04-16 17:00:00,SubtleStation,27.489431892021262,77.26141952533085,1009.9769283413939,0,27.489431892021262,77.26141952533085,1009.9769283413939
2025-04-16 18:00:00,SubtleStation,27.39771334580522,76.50761319165889,1009.6981112061892,0,27.39771334580522,76.50761319165889,1009.6981112061892
2025-04-16 19:00:00,SubtleStation,27.705368536847185,77.61992984037275,1009.8858764833884,0,27.705368536847185,77.61992984037275,1009.8858764833884
2025-04-16 20:00:00,SubtleStation,27.87891287545424,75.45813603597878,1009.3903160390831,0,27.87891287545424,75.45813603597878,1009.3903160390831
2025-04-16 21:00:00,SubtleStation,28.06230682094421,78.20128922898844,1009.9379763663014,0,28.06230682094421,78.20128922898844,1009.9379763663014
2025-04-16 22:00:00,SubtleStation,28.147944280089828,77.16928908139629,1010.2564018629947,0,28.147944280089828,77.16928908139629,1010.2564018629947
2025-04-16 23:00:00,SubtleStation,27.85364696062015,75.42893115423104,1009.7079909616667,0,27.85364696062015,75.42893115423104,1009.7079909616667
2025-04-17 00:00:00,SubtleStation,27.8960084148475,76.8134231295736,1010.0005285919491,0,27.8960084148475,76.8134231295736,1010.0005285919491
2025-04-17 01:00:00,SubtleStation,27.98917146786503,74.48813424797653,1009.7557018848833,0,27.98917146786503,74.48813424797653,1009.7557018848833
2025-04-17 02:00:00,SubtleStation,27.549231179782968,76.3659063917341,1009.3511165147632,0,27.549231179782968,76.3659063917341,1009.3511165147632
2025-04-17 03:00:00,SubtleStation,28.301864002665788,76.27256631402219,1010.1279278520823,0,28.301864002665788,76.27256631402219,1010.1279278520823
2025-04-17 04:00:00,SubtleStation,28.708941837041927,75.28664090431046,1010.8008252565329,0,28.708941837041927,75.28664090431046,1010.8008252565329
2025-04-17 05:00:00,SubtleStation,28.427779356092866,75.55534176173312,1009.8170181131591,0,28.427779356092866,75.55534176173312,1009.8170181131591
2025-04-17 06:00:00,SubtleStation,28.104532494194956,73.7275002957575,1010.2790975511488,0,28.104532494194956,73.7275002957575,1010.2790975511488
2025-04-17 07:00:00,SubtleStation,28.262749512103827,71.91011376065745,1009.8615978003468,0,28.262749512103827,71.91011376065745,1009.8615978003468
2025-04-17 08:00:00,SubtleStation,28.345477109929842,74.87436996206127,1010.4160744021201,0,28.345477109929842,74.87436996206127,1010.4160744021201
2025-04-17 09:00:00,SubtleStation,28.934633275470528,74.8756847325129,1009.6952370683742,0,28.934633275470528,74.8756847325129,1009.6952370683742
2025-04-17 10:00:00,SubtleStation,28.772320447480304,74.83569889339987,1010.1094832674271,0,28.772320447480304,74.83569889339987,1010.1094832674271
2025-04-17 11:00:00,SubtleStation,28.866616939496136,73.11416570589287,1010.7473158421717,0,28.866616939496136,73.11416570589287,1010.7473158421717
2025-04-17 12:00:00,SubtleStation,28.875350539564185,71.95232889143618,1010.1837177959871,0,28.875350539564185,71.95232889143618,1010.1837177959871
2025-04-17 13:00:00,SubtleStation,28.646479818921478,70.23727206824253,1009.4471772993447,0,28.646479818921478,70.23727206824253,1009.4471772993447
2025-04-17 14:00:00,SubtleStation,28.742576313430792,75.66935293619386,1010.1160324040462,0,28.742576313430792,75.66935293619386,1010.1160324040462
2025-04-17 15:00:00,SubtleStation,29.12851592225083,72.7204090997787,1009.8422579361674,0,29.12851592225083,72.7204090997787,1009.8422579361674
2025-04-17 16:00:00,SubtleStation,29.06902277190099,72.13107773798248,1010.0270737079327,0,29.06902277190099,72.13107773798248,1010.0270737079327
2025-04-17 17:00:00,SubtleStation,28.737951709154693,70.73451723323456,1010.3060818422881,0,28.737951709154693,70.73451723323456,1010.3060818422881
2025-04-17 18:00:00,SubtleStation,29.32292329155607,71.26568709741687,1010.1769844444418,0,29.32292329155607,71.26568709741687,1010.1769844444418
2025-04-17 19:00:00,SubtleStation,29.50354343144649,70.92067207562424,1010.0418101479509,0,29.50354343144649,70.92067207562424,1010.0418101479509
2025-04-17 20:00:00,SubtleStation,29.274266771938354,69.97262539815912,1009.7343944788265,0,29.274266771938354,69.97262539815912,1009.7343944788265
2025-04-17 21:00:00,SubtleStation,29.26087657366532,70.38285278736792,1010.4043193583775,0,29.26087657366532,70.38285278736792,1010.4043193583775
2025-04-17 22:00:00,SubtleStation,29.646578766278758,69.70057515693642,1010.0007267749213,0,29.646578766278758,69.70057515693642,1010.0007267749213
2025-04-17 23:00:00,SubtleStation,29.381874750703528,70.9406644648262,1010.07404926106,0,29.381874750703528,70.9406644648262,1010.07404926106
2025-04-18 00:00:00,SubtleStation,29.344088468298157,67.32878407668129,1009.9183725963031,0,29.344088468298157,67.32878407668129,1009.9183725963031
2025-04-18 01:00:00,SubtleStation,29.203196495940702,68.21144577212085,1010.0177341375668,0,29.203196495940702,68.21144577212085,1010.0177341375668
2025-04-18 02:00:00,SubtleStation,29.454896783957807,68.34535914949568,1009.7569588941874,0,29.454896783957807,68.34535914949568,1009.7569588941874
2025-04-18 03:00:00,SubtleStation,29.966954082649245,67.96252954543299,1008.8878605515423,0,29.966954082649245,67.96252954543299,1008.8878605515423
2025-04-18 04:00:00,SubtleStation,29.86489421544309,64.79092429821289,1010.2502636303908,0,29.86489421544309,64.79092429821289,1010.2502636303908
2025-04-18 05:00:00,SubtleStation,29.69273202019317,66.95754094435483,1010.667025991335,0,29.69273202019317,66.95754094435483,1010.667025991335
2025-04-18 06:00:00,SubtleStation,29.702541819889994,67.31387793420353,1010.4340215039917,0,29.702541819889994,67.31387793420353,1010.4340215039917
2025-04-18 07:00:00,SubtleStation,29.934619853759276,63.632430984683275,1010.0749895751057,0,29.934619853759276,63.632430984683275,1010.0749895751057
2025-04-18 08:00:00,SubtleStation,29.788232276806475,67.3327376546363,1010.2202276036039,0,29.788232276806475,67.3327376546363,1010.2202276036039
2025-04-18 09:00:00,SubtleStation,29.544163246927596,66.33493315600975,1010.2164622711372,0,29.544163246927596,66.33493315600975,1010.2164622711372
2025-04-18 10:00:00,SubtleStation,29.853055316854565,67.5025401410236,1010.6375926288908,0,29.853055316854565,67.5025401410236,1010.6375926288908
2025-04-18 11:00:00,SubtleStation,29.884621293158023,63.947247957893005,1009.519008403443,0,29.884621293158023,63.947247957893005,1009.519008403443
2025-04-18 12:00:00,SubtleStation,29.87548194469357,63.59527349026325,1010.4679799933831,0,29.87548194469357,63.59527349026325,1010.4679799933831
2025-04-18 13:00:00,SubtleStation,29.945822977072325,62.8963496945235,1010.4410237904502,0,29.945822977072325,62.8963496945235,1010.4410237904502
2025-04-18 14:00:00,SubtleStation,29.775226317098248,63.352676759259246,1009.6501305787458,0,29.775226317098248,63.352676759259246,1009.6501305787458
2025-04-18 15:00:00,SubtleStation,29.96232813220433,62.94443040745438,1009.8662269220631,0,29.96232813220433,62.94443040745438,1009.8662269220631
2025-04-18 16:00:00,SubtleStation,29.62619198030831,60.87269782937129,1008.6376748426158,0,29.62619198030831,60.87269782937129,1008.6376748426158
2025-04-18 17:00:00,SubtleStation,29.776275950939375,61.49533083018629,1009.2440972025429,0,29.776275950939375,61.49533083018629,1009.2440972025429
2025-04-18 18:00:00,SubtleStation,29.923200854099914,62.895529479297,1009.6983034207058,0,29.923200854099914,62.895529479297,1009.6983034207058
2025-04-18 19:00:00,SubtleStation,30.102059508537625,60.93002419354963,1009.7317071766386,0,30.102059508537625,60.93002419354963,1009.7317071766386
2025-04-18 20:00:00,SubtleStation,29.929672487364748,62.903265768605635,1009.8229407709905,0,29.929672487364748,62.903265768605635,1009.8229407709905
2025-04-18 21:00:00,SubtleStation,30.08276882518663,59.42811820877382,1010.3506274092289,0,30.08276882518663,59.42811820877382,1010.3506274092289
2025-04-18 22:00:00,SubtleStation,30.202856395698262,61.14521853265623,1010.2205435325034,0,30.202856395698262,61.14521853265623,1010.2205435325034
2025-04-18 23:00:00,SubtleStation,30.483959253986452,59.2815509445377,1009.276543204985,0,30.483959253986452,59.2815509445377,1009.276543204985
2025-04-19 00:00:00,SubtleStation,29.940874841919157,59.980790145850364,1010.0836984465711,0,29.940874841919157,59.980790145850364,1010.0836984465711
2025-04-19 01:00:00,SubtleStation,29.86834778328507,59.372803180323665,1009.7644043565068,0,29.86834778328507,59.372803180323665,1009.7644043565068
2025-04-19 02:00:00,SubtleStation,30.00040277814847,59.46079690259047,1010.0661034741412,0,30.00040277814847,59.46079690259047,1010.0661034741412
2025-04-19 03:00:00,SubtleStation,30.025963237298658,56.46641585819139,1010.1381849701415,0,30.025963237298658,56.46641585819139,1010.1381849701415
2025-04-19 04:00:00,SubtleStation,30.08710055520369,58.779112902809224,1010.2491808355346,0,30.08710055520369,58.779112902809224,1010.2491808355346
2025-04-19 05:00:00,SubtleStation,30.129992542065857,57.8194262330205,1010.2917827330639,0,30.129992542065857,57.8194262330205,1010.2917827330639
2025-04-19 06:00:00,SubtleStation,29.898621527096108,57.290325643469735,1010.2202283151587,0,29.898621527096108,57.290325643469735,1010.2202283151587
2025-04-19 07:00:00,SubtleStation,30.086122469266083,58.29914924620868,1010.4754645997408,0,30.086122469266083,58.29914924620868,1010.4754645997408
2025-04-19 08:00:00,SubtleStation,29.940787244533187,58.10183042005458,1010.3164855899222,0,29.940787244533187,58.10183042005458,1010.3164855899222
2025-04-19 09:00:00,SubtleStation,30.151556311172307,57.69689520888355,1009.7034988336202,0,30.151556311172307,57.69689520888355,1009.7034988336202
2025-04-19 10:00:00,SubtleStation,29.8300442779193,54.37410743454799,1010.5654119828915,0,29.8300442779193,54.37410743454799,1010.5654119828915
2025-04-19 11:00:00,SubtleStation,29.891627707409295,56.36817316975898,1010.094021295348,0,29.891627707409295,56.36817316975898,1010.094021295348
2025-04-19 12:00:00,SubtleStation,29.893451459146796,54.567664264642936,1010.4702610317112,0,29.893451459146796,54.567664264642936,1010.4702610317112
2025-04-19 13:00:00,SubtleStation,30.039792445670088,53.3648287938626,1010.1683069065765,0,30.039792445670088,53.3648287938626,1010.1683069065765
2025-04-19 14:00:00,SubtleStation,29.78442783876307,54.04946249864865,1010.2207681434944,0,29.78442783876307,54.04946249864865,1010.2207681434944
2025-04-19 15:00:00,SubtleStation,29.54797410919312,52.49534183778881,1010.217555019078,0,29.54797410919312,52.49534183778881,1010.217555019078
2025-04-19 16:00:00,SubtleStation,29.384314055954874,53.215074032666884,1009.4289485185965,0,29.384314055954874,53.215074032666884,1009.4289485185965
2025-04-19 17:00:00,SubtleStation,29.896493848583535,53.79333619288046,1009.7414981187136,0,29.896493848583535,53.79333619288046,1009.7414981187136
2025-04-19 18:00:00,SubtleStation,29.78212367628378,52.22138644366671,1009.7745619203444,0,29.78212367628378,52.22138644366671,1009.7745619203444
2025-04-19 19:00:00,SubtleStation,29.948972866362865,52.64679473432801,1010.6857286982188,0,29.948972866362865,52.64679473432801,1010.6857286982188
2025-04-19 20:00:00,SubtleStation,29.595743929521756,53.29835035962498,1011.4283570358738,0,29.595743929521756,53.29835035962498,1011.4283570358738
2025-04-19 21:00:00,SubtleStation,29.553405892498198,51.941250148550665,1009.3589243134714,0,29.553405892498198,51.941250148550665,1009.3589243134714
2025-04-19 22:00:00,SubtleStation,29.528980243721552,53.07159167907388,1010.1268689466983,0,29.528980243721552,53.07159167907388,1010.1268689466983
2025-04-19 23:00:00,SubtleStation,29.341122012563265,51.27123336380195,1009.4003031782275,0,29.341122012563265,51.27123336380195,1009.4003031782275
2025-04-20 00:00:00,SubtleStation,29.26101286187096,49.240649227272996,1008.7934074453781,0,29.26101286187096,49.240649227272996,1008.7934074453781
2025-04-20 01:00:00,SubtleStation,29.441133009907364,49.55666958907074,1010.351082569295,0,29.441133009907364,49.55666958907074,1010.351082569295
2025-04-20 02:00:00,SubtleStation,29.539561906685865,49.78370949546084,1009.2089942029806,0,29.539561906685865,49.78370949546084,1009.2089942029806
2025-04-20 03:00:00,SubtleStation,29.372372098056335,49.721384346769334,1010.2858135005694,0,29.372372098056335,49.721384346769334,1010.2858135005694
2025-04-20 04:00:00,SubtleStation,29.101926808058238,50.1125913034753,1009.5575173012296,0,29.101926808058238,50.1125913034753,1009.5575173012296
2025-04-20 05:00:00,SubtleStation,29.227892448104985,47.790390220301994,1009.7991773033202,0,29.227892448104985,47.790390220301994,1009.7991773033202
2025-04-20 06:00:00,SubtleStation,29.12143392637343,48.215981650630525,1009.8009021959061,0,29.12143392637343,48.215981650630525,1009.8009021959061
2025-04-20 07:00:00,SubtleStation,28.915014074824093,48.48682489650108,1010.6729697129689,0,28.915014074824093,48.48682489650108,1010.6729697129689
2025-04-20 08:00:00,SubtleStation,28.72311445241236,48.16726535132104,1009.6128459315335,0,28.72311445241236,48.16726535132104,1009.6128459315335
2025-04-20 09:00:00,SubtleStation,28.739838558670108,49.353475491538376,1009.2045571088835,0,28.739838558670108,49.353475491538376,1009.2045571088835
2025-04-20 10:00:00,SubtleStation,29.081837798262804,45.46832058014093,1009.8719509444935,0,29.081837798262804,45.46832058014093,1009.8719509444935
2025-04-20 11:00:00,SubtleStation,28.828708585168872,47.51835498962288,1009.762619514025,0,28.828708585168872,47.51835498962288,1009.762619514025
2025-04-20 12:00:00,SubtleStation,28.589891954100974,46.90118429933531,1010.0070305190851,0,28.589891954100974,46.90118429933531,1010.0070305190851
2025-04-20 13:00:00,SubtleStation,28.65927619596375,46.59694712262615,1009.9918046981095,0,28.65927619596375,46.59694712262615,1009.9918046981095
2025-04-20 14:00:00,SubtleStation,28.696921142843987,47.61527918748449,1011.6341272705098,0,28.696921142843987,47.61527918748449,1011.6341272705098
2025-04-20 15:00:00,SubtleStation,28.396080032527358,45.12358835181537,1009.4297913809276,0,28.396080032527358,45.12358835181537,1009.4297913809276
2025-04-20 16:00:00,SubtleStation,28.279062166001353,44.07796650273755,1009.5492769195396,0,28.279062166001353,44.07796650273755,1009.5492769195396
2025-04-20 17:00:00,SubtleStation,28.00336731171676,43.66238422823745,1009.9149727313378,0,28.00336731171676,43.66238422823745,1009.9149727313378
2025-04-20 18:00:00,SubtleStation,28.501595921884633,44.375378350551166,1010.8401635714841,0,28.501595921884633,44.375378350551166,1010.8401635714841
2025-04-20 19:00:00,SubtleStation,28.325395066739592,44.94118690730434,1011.3680508085595,0,28.325395066739592,44.94118690730434,1011.3680508085595
2025-04-20 20:00:00,SubtleStation,28.264329254591228,44.448689961550755,1009.9566365454086,0,28.264329254591228,44.448689961550755,1009.9566365454086
2025-04-20 21:00:00,SubtleStation,28.164223791672953,45.818524637147874,1010.8419142474456,0,28.164223791672953,45.818524637147874,1010.8419142474456
2025-04-20 22:00:00,SubtleStation,27.566488396429097,42.666236736573,1009.2044832784676,0,27.566488396429097,42.666236736573,1009.2044832784676
2025-04-20 23:00:00,SubtleStation,27.912906139204814,43.739113747695875,1009.9190606721882,0,27.912906139204814,43.739113747695875,1009.9190606721882
2025-04-21 00:00:00,SubtleStation,27.89879911549717,42.55592527379393,1009.442024061784,0,27.89879911549717,42.55592527379393,1009.442024061784
2025-04-21 01:00:00,SubtleStation,27.739649086913264,42.428161096007734,1010.7289228342325,0,27.739649086913264,42.428161096007734,1010.7289228342325
2025-04-21 02:00:00,SubtleStation,27.17084328142321,43.52789373466289,1010.192895161554,0,27.17084328142321,43.52789373466289,1010.192895161554
2025-04-21 03:00:00,SubtleStation,27.530697339642824,43.7770110108265,1010.6839795887079,0,27.530697339642824,43.7770110108265,1010.6839795887079
2025-04-21 04:00:00,SubtleStation,27.41772831257671,42.56398424450272,1008.957783546271,0,27.41772831257671,42.56398424450272,1008.957783546271
2025-04-21 05:00:00,SubtleStation,27.58922627650589,41.65348927280429,1010.7604591076657,0,27.58922627650589,41.65348927280429,1010.7604591076657
2025-04-21 06:00:00,SubtleStation,27.272524303308654,41.09952506170852,1010.6132261928044,0,27.272524303308654,41.09952506170852,1010.6132261928044
2025-04-21 07:00:00,SubtleStation,27.09994228937745,41.757491047058636,1010.241845918924,0,27.09994228937745,41.757491047058636,1010.241845918924
2025-04-21 08:00:00,SubtleStation,27.009611423789167,41.68861093670876,1009.7573883443282,0,27.009611423789167,41.68861093670876,1009.7573883443282
2025-04-21 09:00:00,SubtleStation,27.167274907536438,42.519743802784305,1009.7334931583567,0,27.167274907536438,42.519743802784305,1009.7334931583567
2025-04-21 10:00:00,SubtleStation,27.06533782385303,40.27452154841318,1010.5742352536089,0,27.06533782385303,40.27452154841318,1010.5742352536089
2025-04-21 11:00:00,SubtleStation,26.79540063935161,43.26808332391335,1009.3703118156068,0,26.79540063935161,43.26808332391335,1009.3703118156068
2025-04-21 12:00:00,SubtleStation,26.665041503843373,44.0929951138607,1010.4108088292572,0,26.665041503843373,44.0929951138607,1010.4108088292572
2025-04-21 13:00:00,SubtleStation,26.19034991413145,41.29699814307219,1010.1397354514046,0,26.19034991413145,41.29699814307219,1010.1397354514046
2025-04-21 14:00:00,SubtleStation,26.147677419385797,41.21163520364793,1009.8290124314407,0,26.147677419385797,41.21163520364793,1009.8290124314407
2025-04-21 15:00:00,SubtleStation,26.29355880978141,41.109047730996764,1009.9185541244324,0,26.29355880978141,41.109047730996764,1009.9185541244324
2025-04-21 16:00:00,SubtleStation,26.335930249983818,41.34147248147006,1011.036589529361,0,26.335930249983818,41.34147248147006,1011.036589529361
2025-04-21 17:00:00,SubtleStation,26.110024571531344,39.793277518768086,1009.4530144865928,0,26.110024571531344,39.793277518768086,1009.4530144865928
2025-04-21 18:00:00,SubtleStation,25.86839343585806,40.71674277123038,1010.307178963268,0,25.86839343585806,40.71674277123038,1010.307178963268
2025-04-21 19:00:00,SubtleStation,26.066389398220483,40.31660184613518,1009.5567497613406,0,26.066389398220483,40.31660184613518,1009.5567497613406
2025-04-21 20:00:00,SubtleStation,25.97149996092165,39.95996083840205,1010.1407940607289,0,25.97149996092165,39.95996083840205,1010.1407940607289
2025-04-21 21:00:00,SubtleStation,26.139422276218948,41.30380518262326,1010.0331488554004,0,26.139422276218948,41.30380518262326,1010.0331488554004
2025-04-21 22:00:00,SubtleStation,25.70719573655166,39.44150280422992,1009.5954947058561,0,25.70719573655166,39.44150280422992,1009.5954947058561
2025-04-21 23:00:00,SubtleStation,25.63305843075644,41.14343379673237,1009.7824036943005,0,25.63305843075644,41.14343379673237,1009.7824036943005
2025-04-22 00:00:00,SubtleStation,25.43735411146939,40.54750956354499,1010.1291212892378,0,25.43735411146939,40.54750956354499,1010.1291212892378
2025-04-22 01:00:00,SubtleStation,26.002089539702393,41.12736627030284,1010.115840410099,0,26.002089539702393,41.12736627030284,1010.115840410099
2025-04-22 02:00:00,SubtleStation,25.51061911099239,39.95292068022639,1009.7191257449686,0,25.51061911099239,39.95292068022639,1009.7191257449686
2025-04-22 03:00:00,SubtleStation,25.11620477134717,39.61098978910566,1009.614561471791,0,25.11620477134717,39.61098978910566,1009.614561471791
2025-04-22 04:00:00,SubtleStation,24.787966716745327,39.95114740716846,1009.6502497967876,0,24.787966716745327,39.95114740716846,1009.6502497967876
2025-04-22 05:00:00,SubtleStation,24.82421603284193,40.97934254756649,1010.1483313551649,0,24.82421603284193,40.97934254756649,1010.1483313551649
2025-04-22 06:00:00,SubtleStation,24.798118653946247,41.462784772726266,1009.705012949727,0,24.798118653946247,41.462784772726266,1009.705012949727
2025-04-22 07:00:00,SubtleStation,24.60959360520345,40.86153722806697,1010.1235999682981,0,24.60959360520345,40.86153722806697,1010.1235999682981
2025-04-22 08:00:00,SubtleStation,24.75825436003945,37.92097904887531,1009.8240002943373,0,24.75825436003945,37.92097904887531,1009.8240002943373
2025-04-22 09:00:00,SubtleStation,24.478741829565685,41.15986464534749,1010.8867525952339,0,24.478741829565685,41.15986464534749,1010.8867525952339
2025-04-22 10:00:00,SubtleStation,24.261370590442656,40.10605497362118,1010.2216279386807,0,24.261370590442656,40.10605497362118,1010.2216279386807
2025-04-22 11:00:00,SubtleStation,24.61030843602428,40.1440610527641,1010.2061626254124,0,24.61030843602428,40.1440610527641,1010.2061626254124
2025-04-22 12:00:00,SubtleStation,24.07520729323585,37.73669293741226,1010.4793320276315,0,24.07520729323585,37.73669293741226,1010.4793320276315
2025-04-22 13:00:00,SubtleStation,23.77363108427485,39.50767429439382,1009.9906293647064,0,23.77363108427485,39.50767429439382,1009.9906293647064
2025-04-22 14:00:00,SubtleStation,24.37285739418022,40.94483960301323,1010.0473425860538,0,24.37285739418022,40.94483960301323,1010.0473425860538
2025-04-22 15:00:00,SubtleStation,24.445018876246365,39.24222770297141,1009.9760731839323,0,24.445018876246365,39.24222770297141,1009.9760731839323
2025-04-22 16:00:00,SubtleStation,23.99685638860099,37.86020391752637,1009.5509621563093,0,23.99685638860099,37.86020391752637,1009.5509621563093
2025-04-22 17:00:00,SubtleStation,24.028339205874993,40.41302886122555,1010.1356000319383,0,24.028339205874993,40.41302886122555,1010.1356000319383
2025-04-22 18:00:00,SubtleStation,23.928020305073147,39.53820150777379,1009.9627392950302,0,23.928020305073147,39.53820150777379,1009.9627392950302
2025-04-22 19:00:00,SubtleStation,24.167972715449835,41.20694601620383,1010.3863750978132,0,24.167972715449835,41.20694601620383,1010.3863750978132
2025-04-22 20:00:00,SubtleStation,23.40256817117827,41.732837586257396,1010.4971322718312,0,23.40256817117827,41.732837586257396,1010.4971322718312
2025-04-22 21:00:00,SubtleStation,23.414071514388606,41.04554197106505,1010.7612465202085,0,23.414071514388606,41.04554197106505,1010.7612465202085
2025-04-22 22:00:00,SubtleStation,23.321941557429465,40.77554357801113,1009.9859478105532,0,23.321941557429465,40.77554357801113,1009.9859478105532
2025-04-22 23:00:00,SubtleStation,23.32608718486454,40.573400305367954,1010.7005526781852,0,23.32608718486454,40.573400305367954,1010.7005526781852
2025-04-23 00:00:00,SubtleStation,23.179965478020332,41.39345906623273,1009.6024840428901,0,23.179965478020332,41.39345906623273,1009.6024840428901
2025-04-23 01:00:00,SubtleStation,23.111857687286406,40.68785920771943,1010.3293377581015,0,23.111857687286406,40.68785920771943,1010.3293377581015
2025-04-23 02:00:00,SubtleStation,23.064479929518985,41.7548877586956,1010.1373127925111,0,23.064479929518985,41.7548877586956,1010.1373127925111
2025-04-23 03:00:00,SubtleStation,23.339961288221424,42.814317666502525,1009.1554721679119,0,23.339961288221424,42.814317666502525,1009.1554721679119
2025-04-23 04:00:00,SubtleStation,22.90840815888275,41.750210209648024,1011.4441371233119,0,22.90840815888275,41.750210209648024,1011.4441371233119
2025-04-23 05:00:00,SubtleStation,22.929585124241697,42.30017166940176,1010.1934016212813,0,22.929585124241697,42.30017166940176,1010.1934016212813
2025-04-23 06:00:00,SubtleStation,22.80827836060728,42.778296712096314,1009.9612887079778,0,22.80827836060728,42.778296712096314,1009.9612887079778
2025-04-23 07:00:00,SubtleStation,22.65791156951497,41.93919417787134,1009.9558002978418,0,22.65791156951497,41.93919417787134,1009.9558002978418
2025-04-23 08:00:00,SubtleStation,22.446238739383766,42.73544942690239,1010.2259823217786,0,22.446238739383766,42.73544942690239,1010.2259823217786
2025-04-23 09:00:00,SubtleStation,22.574356313520124,42.1728487801528,1011.0098943081507,0,22.574356313520124,42.1728487801528,1011.0098943081507
2025-04-23 10:00:00,SubtleStation,21.978204520528124,42.227873557379446,1010.1829402532834,0,21.978204520528124,42.227873557379446,1010.1829402532834
2025-04-23 11:00:00,SubtleStation,22.552306502024134,43.967526778625775,1010.608646298464,0,22.552306502024134,43.967526778625775,1010.608646298464
2025-04-23 12:00:00,SubtleStation,22.29493331778548,42.39272084313852,1009.9699598448204,0,22.29493331778548,42.39272084313852,1009.9699598448204
2025-04-23 13:00:00,SubtleStation,22.099752968101868,43.739545452450656,1011.1266149927322,0,22.099752968101868,43.739545452450656,1011.1266149927322
2025-04-23 14:00:00,SubtleStation,21.996542406360014,43.71024675668061,1009.3488943961909,0,21.996542406360014,43.71024675668061,1009.3488943961909
2025-04-23 15:00:00,SubtleStation,21.96364943447134,43.42706793867722,1011.4797466963838,0,21.96364943447134,43.42706793867722,1011.4797466963838
2025-04-23 16:00:00,SubtleStation,22.00422906047175,44.84389765135503,1010.1145143001469,0,22.00422906047175,44.84389765135503,1010.1145143001469
2025-04-23 17:00:00,SubtleStation,21.857194606824198,43.2338892540046,1009.7245541388212,0,21.857194606824198,43.2338892540046,1009.7245541388212
2025-04-23 18:00:00,SubtleStation,21.96207321646182,43.89917365138337,1009.8646522767671,0,21.96207321646182,43.89917365138337,1009.8646522767671
2025-04-23 19:00:00,SubtleStation,21.957715498241484,44.36322484216855,1010.2242959075082,0,21.957715498241484,44.36322484216855,1010.2242959075082
2025-04-23 20:00:00,SubtleStation,21.76058762197226,44.31153364170426,1010.5280425957764,0,21.76058762197226,44.31153364170426,1010.5280425957764
2025-04-23 21:00:00,SubtleStation,21.171943581215228,45.236335921398535,1009.9686255731164,0,21.171943581215228,45.236335921398535,1009.9686255731164
2025-04-23 22:00:00,SubtleStation,21.29588276931665,46.15181578450089,1009.9733556640048,0,21.29588276931665,46.15181578450089,1009.9733556640048
2025-04-23 23:00:00,SubtleStation,21.52688080343987,46.36985498982506,1010.6155474283329,0,21.52688080343987,46.36985498982506,1010.6155474283329
2025-04-24 00:00:00,SubtleStation,21.690277375377786,46.8416613734806,1009.8836595058864,0,21.690277375377786,46.8416613734806,1009.8836595058864
2025-04-24 01:00:00,SubtleStation,21.08110356604078,46.65092118237288,1010.8479898624347,0,21.08110356604078,46.65092118237288,1010.8479898624347
2025-04-24 02:00:00,SubtleStation,21.254291811444585,47.31889456585225,1009.7101536521116,0,21.254291811444585,47.31889456585225,1009.7101536521116
2025-04-24 03:00:00,SubtleStation,21.317208990116654,48.92099473776721,1010.5473501120399,0,21.317208990116654,48.92099473776721,1010.5473501120399
2025-04-24 04:00:00,SubtleStation,21.031731604245394,46.0594679307563,1010.1871718685821,0,21.031731604245394,46.0594679307563,1010.1871718685821
2025-04-24 05:00:00,SubtleStation,20.707433997327115,48.53337267460929,1010.3604705410445,0,20.707433997327115,48.53337267460929,1010.3604705410445
2025-04-24 06:00:00,SubtleStation,21.284230543278404,48.34039182075774,1011.4293217028503,0,21.284230543278404,48.34039182075774,1011.4293217028503
2025-04-24 07:00:00,SubtleStation,20.663311078939245,48.52038958969786,1009.4298681805508,0,20.663311078939245,48.52038958969786,1009.4298681805508
2025-04-24 08:00:00,SubtleStation,20.634375243015565,48.399781092946675,1009.956601606628,0,20.634375243015565,48.399781092946675,1009.956601606628
2025-04-24 09:00:00,SubtleStation,20.783192558523385,47.58146163622114,1009.6893057210173,0,20.783192558523385,47.58146163622114,1009.6893057210173
2025-04-24 10:00:00,SubtleStation,20.689389511109933,49.91771524005482,1010.3824357789473,0,20.689389511109933,49.91771524005482,1010.3824357789473
2025-04-24 11:00:00,SubtleStation,20.445450555949265,49.035910902313866,1010.2423699848381,0,20.445450555949265,49.035910902313866,1010.2423699848381
2025-04-24 12:00:00,SubtleStation,20.91649118876328,51.327541785368616,1009.538136816431,0,20.91649118876328,51.327541785368616,1009.538136816431
2025-04-24 13:00:00,SubtleStation,20.639449731197505,50.15387504933357,1009.4408906153255,0,20.639449731197505,50.15387504933357,1009.4408906153255
2025-04-24 14:00:00,SubtleStation,20.67227277324237,50.69431975344292,1010.3206810517657,0,20.67227277324237,50.69431975344292,1010.3206810517657
2025-04-24 15:00:00,SubtleStation,20.4402176504283,51.302010672876776,1010.2426694288303,0,20.4402176504283,51.302010672876776,1010.2426694288303
2025-04-24 16:00:00,SubtleStation,20.406993462462285,52.61613869263152,1009.1673583290757,0,20.406993462462285,52.61613869263152,1009.1673583290757
2025-04-24 17:00:00,SubtleStation,20.6342535257332,53.161887756098274,1010.37031070637,0,20.6342535257332,53.161887756098274,1010.37031070637
2025-04-24 18:00:00,SubtleStation,20.22883581187494,53.45716288416624,1010.2315759526581,0,20.22883581187494,53.45716288416624,1010.2315759526581
2025-04-24 19:00:00,SubtleStation,20.226673553066323,52.58538058715325,1010.0959647340667,0,20.226673553066323,52.58538058715325,1010.0959647340667
2025-04-24 20:00:00,SubtleStation,20.35810197390227,54.24568772383645,1009.9685113899717,0,20.35810197390227,54.24568772383645,1009.9685113899717
2025-04-24 21:00:00,SubtleStation,20.414552562750643,52.516551486758004,1009.8492130169761,0,20.414552562750643,52.516551486758004,1009.8492130169761
2025-04-24 22:00:00,SubtleStation,20.38587161367878,54.92410804262386,1009.5714515217188,0,20.38587161367878,54.92410804262386,1009.5714515217188
2025-04-24 23:00:00,SubtleStation,19.9886152174572,55.088539963239256,1010.1395630413017,0,19.9886152174572,55.088539963239256,1010.1395630413017
2025-04-25 00:00:00,SubtleStation,19.934984682969013,55.6354180412491,1010.2675715631977,0,19.934984682969013,55.6354180412491,1010.2675715631977
2025-04-25 01:00:00,SubtleStation,19.958516431944435,54.695949788419014,1008.7293698350367,0,19.958516431944435,54.695949788419014,1008.7293698350367
2025-04-25 02:00:00,SubtleStation,20.283435429012716,55.66691552002743,1009.6314760554221,0,20.283435429012716,55.66691552002743,1009.6314760554221
2025-04-25 03:00:00,SubtleStation,20.263606152301797,57.54672013704092,1010.442119011407,0,20.263606152301797,57.54672013704092,1010.442119011407
2025-04-25 04:00:00,SubtleStation,20.1336114428095,55.11495903854752,1010.452331571899,0,20.1336114428095,55.11495903854752,1010.452331571899
2025-04-25 05:00:00,SubtleStation,20.113232405889896,57.2789123669048,1009.5927187202262,0,20.113232405889896,57.2789123669048,1009.5927187202262
2025-04-25 06:00:00,SubtleStation,19.70992726886705,57.03592585534904,1009.6879881602487,0,19.70992726886705,57.03592585534904,1009.6879881602487
2025-04-25 07:00:00,SubtleStation,20.09234609196092,57.71062779010083,1009.7365819518386,0,20.09234609196092,57.71062779010083,1009.7365819518386
2025-04-25 08:00:00,SubtleStation,19.70419653957385,58.5541811585192,1010.269398411757,0,19.70419653957385,58.5541811585192,1010.269398411757
2025-04-25 09:00:00,SubtleStation,20.176316794802915,57.568880832721305,1009.6903100072286,0,20.176316794802915,57.568880832721305,1009.6903100072286
2025-04-25 10:00:00,SubtleStation,19.942444474239295,59.59944925358985,1009.7850273513451,0,19.942444474239295,59.59944925358985,1009.7850273513451
2025-04-25 11:00:00,SubtleStation,20.05026575652513,58.379763922572955,1010.6231315387959,0,20.05026575652513,58.379763922572955,1010.6231315387959
2025-04-25 12:00:00,SubtleStation,19.957436162046168,59.6118584087645,1009.7680386107361,0,19.957436162046168,59.6118584087645,1009.7680386107361
2025-04-25 13:00:00,SubtleStation,19.984390770713013,58.597622164229314,1009.6459868663721,0,19.984390770713013,58.597622164229314,1009.6459868663721
2025-04-25 14:00:00,SubtleStation,19.779975309939136,60.647050511183195,1009.8138297600573,0,19.779975309939136,60.647050511183195,1009.8138297600573
2025-04-25 15:00:00,SubtleStation,19.97329707962026,59.72460542806543,1010.5846408700718,0,19.97329707962026,59.72460542806543,1010.5846408700718
2025-04-25 16:00:00,SubtleStation,20.00075298016816,61.81988924587654,1009.6553211508261,0,20.00075298016816,61.81988924587654,1009.6553211508261
2025-04-25 17:00:00,SubtleStation,20.063004179194696,63.81823239077398,1009.8550312881026,0,20.063004179194696,63.81823239077398,1009.8550312881026
2025-04-25 18:00:00,SubtleStation,20.140900889170894,61.849911727097094,1010.547413895978,0,20.140900889170894,61.849911727097094,1010.547413895978
2025-04-25 19:00:00,SubtleStation,20.140324901763705,61.68326088733848,1009.6567372399693,0,20.140324901763705,61.68326088733848,1009.6567372399693
2025-04-25 20:00:00,SubtleStation,20.112453292143595,62.7026386574218,1010.1738504930579,0,20.112453292143595,62.7026386574218,1010.1738504930579
2025-04-25 21:00:00,SubtleStation,19.944310577350418,63.6816010905345,1009.8154888191339,0,19.944310577350418,63.6816010905345,1009.8154888191339
2025-04-25 22:00:00,SubtleStation,19.83308938446328,62.629151368816956,1009.6865456673842,0,19.83308938446328,62.629151368816956,1009.6865456673842
2025-04-25 23:00:00,SubtleStation,19.91268746952833,64.04499338300957,1009.4432255293178,0,19.91268746952833,64.04499338300957,1009.4432255293178
2025-04-26 00:00:00,SubtleStation,19.971804625569867,66.54080782801705,1009.2706200928702,0,19.971804625569867,66.54080782801705,1009.2706200928702
2025-04-26 01:00:00,SubtleStation,20.328658908886165,65.61705930596108,1010.1903154153339,0,20.328658908886165,65.61705930596108,1010.1903154153339
2025-04-26 02:00:00,SubtleStation,20.40051601946244,64.41505364919917,1010.4382887517755,0,20.40051601946244,64.41505364919917,1010.4382887517755
2025-04-26 03:00:00,SubtleStation,20.05405324828328,65.92576122373603,1008.6466399616075,0,20.05405324828328,65.92576122373603,1008.6466399616075
2025-04-26 04:00:00,SubtleStation,20.011215132014495,65.83166669528873,1010.9579293159968,0,20.011215132014495,65.83166669528873,1010.9579293159968
2025-04-26 05:00:00,SubtleStation,19.95047233770738,65.95019837149312,1009.8960214655743,0,19.95047233770738,65.95019837149312,1009.8960214655743
2025-04-26 06:00:00,SubtleStation,20.183897671823555,65.97556106671047,1010.23985466062,0,20.183897671823555,65.97556106671047,1010.23985466062
2025-04-26 07:00:00,SubtleStation,20.42731289650779,69.15727417503977,1009.9499989038093,0,20.42731289650779,69.15727417503977,1009.9499989038093
2025-04-26 08:00:00,SubtleStation,20.164038366881027,65.24692096052958,1010.2807992201984,0,20.164038366881027,65.24692096052958,1010.2807992201984
2025-04-26 09:00:00,SubtleStation,20.658038029661295,68.91965940903081,1009.3575481872543,0,20.658038029661295,68.91965940903081,1009.3575481872543
2025-04-26 10:00:00,SubtleStation,20.535222786561043,67.87422713205251,1009.7125929748579,0,20.535222786561043,67.87422713205251,1009.7125929748579
2025-04-26 11:00:00,SubtleStation,20.71800018556743,70.17106683520913,1009.6345375629985,0,20.71800018556743,70.17106683520913,1009.6345375629985
2025-04-26 12:00:00,SubtleStation,20.39016466351502,67.83773275628221,1009.58914055296,0,20.39016466351502,67.83773275628221,1009.58914055296
2025-04-26 13:00:00,SubtleStation,20.73836539023397,70.00407538613855,1009.9618299814695,0,20.73836539023397,70.00407538613855,1009.9618299814695
2025-04-26 14:00:00,SubtleStation,20.42231058764909,70.87452956036438,1010.6277387945836,0,20.42231058764909,70.87452956036438,1010.6277387945836
2025-04-26 15:00:00,SubtleStation,20.83251546513674,70.26263677418764,1010.6228482782542,0,20.83251546513674,70.26263677418764,1010.6228482782542
2025-04-26 16:00:00,SubtleStation,21.03400218681556,70.79702527897096,1010.0267810979074,0,21.03400218681556,70.79702527897096,1010.0267810979074
2025-04-26 17:00:00,SubtleStation,21.084490001357867,69.99711847546045,1009.6157541655725,0,21.084490001357867,69.99711847546045,1009.6157541655725
2025-04-26 18:00:00,SubtleStation,20.74807818260773,70.53794837152114,1010.1354108429078,0,20.74807818260773,70.53794837152114,1010.1354108429078
2025-04-26 19:00:00,SubtleStation,20.734623903858527,71.12721645671701,1010.0241667443057,0,20.734623903858527,71.12721645671701,1010.0241667443057
2025-04-26 20:00:00,SubtleStation,20.93630781416056,72.09609546777538,1009.6625433463278,0,20.93630781416056,72.09609546777538,1009.6625433463278
2025-04-26 21:00:00,SubtleStation,21.343664894517133,70.76424634581598,1009.8639912539799,0,21.343664894517133,70.76424634581598,1009.8639912539799
2025-04-26 22:00:00,SubtleStation,20.818573139279824,70.54032633697643,1010.0426370481483,0,20.818573139279824,70.54032633697643,1010.0426370481483
2025-04-26 23:00:00,SubtleStation,20.851520265289036,71.89886552498025,1010.22815555643,0,20.851520265289036,71.89886552498025,1010.22815555643
2025-04-27 00:00:00,SubtleStation,20.809753788462388,73.5946773872064,1009.2752847744432,0,20.809753788462388,73.5946773872064,1009.2752847744432
2025-04-27 01:00:00,SubtleStation,21.303905712295922,72.67805543821093,1009.7392683418001,0,21.303905712295922,72.67805543821093,1009.7392683418001
2025-04-27 02:00:00,SubtleStation,21.012888135086662,73.07372864089828,1011.3982203016684,0,21.012888135086662,73.07372864089828,1011.3982203016684
2025-04-27 03:00:00,SubtleStation,21.660058360411007,74.31611789852946,1009.8896831916546,0,21.660058360411007,74.31611789852946,1009.8896831916546
2025-04-27 04:00:00,SubtleStation,21.82061150014294,74.25792043474527,1010.0327864279953,0,21.82061150014294,74.25792043474527,1010.0327864279953
2025-04-27 05:00:00,SubtleStation,21.537060766753694,74.74155886295121,1009.9594989909313,0,21.537060766753694,74.74155886295121,1009.9594989909313
2025-04-27 06:00:00,SubtleStation,22.116397213502694,75.22980633654261,1010.510088047546,0,22.116397213502694,75.22980633654261,1010.510088047546
2025-04-27 07:00:00,SubtleStation,21.759178898244702,74.66762002598048,1009.5946248996597,0,21.759178898244702,74.66762002598048,1009.5946248996597
2025-04-27 08:00:00,SubtleStation,21.687511052554814,74.13317038788817,1009.4538650274837,0,21.687511052554814,74.13317038788817,1009.4538650274837
2025-04-27 09:00:00,SubtleStation,21.761524381272874,74.04372814792674,1010.2683061124627,0,21.761524381272874,74.04372814792674,1010.2683061124627
2025-04-27 10:00:00,SubtleStation,22.2309321852906,74.16823050821651,1010.0184612910477,0,22.2309321852906,74.16823050821651,1010.0184612910477
2025-04-27 11:00:00,SubtleStation,22.182678269997716,76.74597699310905,1010.1792602546774,0,22.182678269997716,76.74597699310905,1010.1792602546774
2025-04-27 12:00:00,SubtleStation,21.69902784226435,74.65469251456003,1009.610173267211,0,21.69902784226435,74.65469251456003,1009.610173267211
2025-04-27 13:00:00,SubtleStation,21.81116252514779,77.2412369233938,1010.6850615831544,0,21.81116252514779,77.2412369233938,1010.6850615831544
2025-04-27 14:00:00,SubtleStation,21.976561499161672,76.21451561083008,1010.2736653363293,0,21.976561499161672,76.21451561083008,1010.2736653363293
2025-04-27 15:00:00,SubtleStation,22.23627578632214,77.38135153558314,1010.1393110496346,0,22.23627578632214,77.38135153558314,1010.1393110496346
2025-04-27 16:00:00,SubtleStation,22.18042137182358,77.67098966100212,1010.5258479056656,0,22.18042137182358,77.67098966100212,1010.5258479056656
2025-04-27 17:00:00,SubtleStation,22.373706395048607,77.22842326532728,1011.0426756905928,0,22.373706395048607,77.22842326532728,1011.0426756905928
2025-04-27 18:00:00,SubtleStation,22.449479025270055,77.95688759875199,1011.0766060386984,0,22.449479025270055,77.95688759875199,1011.0766060386984
2025-04-27 19:00:00,SubtleStation,22.47830362214243,78.05803129031808,1009.520704585966,0,22.47830362214243,78.05803129031808,1009.520704585966
2025-04-27 20:00:00,SubtleStation,23.21559722996803,79.01448536516592,1009.9668950883391,0,23.21559722996803,79.01448536516592,1009.9668950883391
2025-04-27 21:00:00,SubtleStation,23.16571024921696,76.73217743096814,1010.0504186408871,0,23.16571024921696,76.73217743096814,1010.0504186408871
2025-04-27 22:00:00,SubtleStation,23.328878709773115,78.45685290284075,1010.0859320602996,0,23.328878709773115,78.45685290284075,1010.0859320602996
2025-04-27 23:00:00,SubtleStation,23.400395963672892,77.92590709278808,1010.1618663349831,0,23.400395963672892,77.92590709278808,1010.1618663349831
2025-04-28 00:00:00,SubtleStation,23.14315108254814,77.98211363044692,1010.5736130076805,0,23.14315108254814,77.98211363044692,1010.5736130076805
2025-04-28 01:00:00,SubtleStation,23.272793042737455,78.20768309060023,1009.7098650709216,0,23.272793042737455,78.20768309060023,1009.7098650709216
2025-04-28 02:00:00,SubtleStation,23.15917775940696,80.14649084982575,1010.1853592630873,0,23.15917775940696,80.14649084982575,1010.1853592630873
2025-04-28 03:00:00,SubtleStation,23.46908569479831,77.59866150315453,1010.3613201428727,0,23.46908569479831,77.59866150315453,1010.3613201428727
2025-04-28 04:00:00,SubtleStation,23.334687737253244,78.95052064459288,1009.9566809491245,0,23.334687737253244,78.95052064459288,1009.9566809491245
2025-04-28 05:00:00,SubtleStation,23.310176429553024,78.56182062477754,1009.5018486131464,0,23.310176429553024,78.56182062477754,1009.5018486131464
2025-04-28 06:00:00,SubtleStation,23.573713120216212,80.19189438334352,1009.8710435099703,0,23.573713120216212,80.19189438334352,1009.8710435099703
2025-04-28 07:00:00,SubtleStation,23.998520631684126,78.43226767046299,1011.3538012159987,0,23.998520631684126,78.43226767046299,1011.3538012159987
2025-04-28 08:00:00,SubtleStation,23.940933122837457,79.2507565155624,1011.2115354878943,0,23.940933122837457,79.2507565155624,1011.2115354878943
2025-04-28 09:00:00,SubtleStation,24.13998028001259,80.54250888474604,1009.4232150077634,0,24.13998028001259,80.54250888474604,1009.4232150077634
2025-04-28 10:00:00,SubtleStation,24.12109618471942,80.63291223455334,1010.0312005086956,0,24.12109618471942,80.63291223455334,1010.0312005086956
2025-04-28 11:00:00,SubtleStation,24.03255455264136,79.57857745318174,1009.951533917594,0,24.03255455264136,79.57857745318174,1009.951533917594
2025-04-28 12:00:00,SubtleStation,24.41912683960009,79.80834576448048,1010.9419732647823,0,24.41912683960009,79.80834576448048,1010.9419732647823
2025-04-28 13:00:00,SubtleStation,24.43340578471046,80.47738752882499,1009.8390291012431,0,24.43340578471046,80.47738752882499,1009.8390291012431
2025-04-28 14:00:00,SubtleStation,24.77706386598387,79.80694413967339,1010.1980054821124,0,24.77706386598387,79.80694413967339,1010.1980054821124
2025-04-28 15:00:00,SubtleStation,24.884513917385085,79.15248218329096,1009.6105692086608,0,24.884513917385085,79.15248218329096,1009.6105692086608
2025-04-28 16:00:00,SubtleStation,24.65404618408127,78.51414827343552,1010.1760161352611,0,24.65404618408127,78.51414827343552,1010.1760161352611
2025-04-28 17:00:00,SubtleStation,24.837475415389346,80.16818485378641,1010.0321566737417,0,24.837475415389346,80.16818485378641,1010.0321566737417
2025-04-28 18:00:00,SubtleStation,24.734130663082823,78.87191909125164,1010.6424872282693,0,24.734130663082823,78.87191909125164,1010.6424872282693
2025-04-28 19:00:00,SubtleStation,24.84125745786878,80.23638315290093,1009.8119793258489,0,24.84125745786878,80.23638315290093,1009.8119793258489
2025-04-28 20:00:00,SubtleStation,24.997910702348022,78.92549846750174,1010.4403982207037,0,24.997910702348022,78.92549846750174,1010.4403982207037
2025-04-28 21:00:00,SubtleStation,25.311604980851858,80.19310411428981,1009.4088368223843,0,25.311604980851858,80.19310411428981,1009.4088368223843
2025-04-28 22:00:00,SubtleStation,25.20902694231684,79.35448082893545,1009.6499663226318,0,25.20902694231684,79.35448082893545,1009.6499663226318
2025-04-28 23:00:00,SubtleStation,25.72190009606441,79.19320555158498,1010.3422734680464,0,25.72190009606441,79.19320555158498,1010.3422734680464
2025-04-29 00:00:00,SubtleStation,25.607106080219424,81.93789306381258,1010.6525430480949,0,25.607106080219424,81.93789306381258,1010.6525430480949
2025-04-29 01:00:00,SubtleStation,25.55808621534245,79.54613709880074,1010.3686928568154,0,25.55808621534245,79.54613709880074,1010.3686928568154
2025-04-29 02:00:00,SubtleStation,25.914092486921756,81.12165123526697,1009.8553990062015,0,25.914092486921756,81.12165123526697,1009.8553990062015
2025-04-29 03:00:00,SubtleStation,25.662805425137186,77.95040565743597,1010.6919076835587,0,25.662805425137186,77.95040565743597,1010.6919076835587
2025-04-29 04:00:00,SubtleStation,25.779450196655304,78.91379478101639,1010.413990940744,0,25.779450196655304,78.91379478101639,1010.413990940744
2025-04-29 05:00:00,SubtleStation,26.275940130039135,80.79139638683726,1010.1191656175376,0,26.275940130039135,80.79139638683726,1010.1191656175376
2025-04-29 06:00:00,SubtleStation,25.84293048544879,78.95585092416515,1011.3138675998254,0,25.84293048544879,78.95585092416515,1011.3138675998254
2025-04-29 07:00:00,SubtleStation,26.171647299800846,80.03960813080339,1009.6647640663471,0,26.171647299800846,80.03960813080339,1009.6647640663471
2025-04-29 08:00:00,SubtleStation,26.222496803553796,77.59749334565912,1010.7308986399821,0,26.222496803553796,77.59749334565912,1010.7308986399821
2025-04-29 09:00:00,SubtleStation,26.2480212182045,79.11991640463049,1009.2817338116208,0,26.2480212182045,79.11991640463049,1009.2817338116208
2025-04-29 10:00:00,SubtleStation,26.687667634880583,78.56440234191908,1009.0225779949923,0,26.687667634880583,78.56440234191908,1009.0225779949923
2025-04-29 11:00:00,SubtleStation,26.758183308061486,79.45203368092919,1010.0705573211895,0,26.758183308061486,79.45203368092919,1010.0705573211895
2025-04-29 12:00:00,SubtleStation,26.81564888770669,77.8236888158273,1009.7462791218915,0,26.81564888770669,77.8236888158273,1009.7462791218915
2025-04-29 13:00:00,SubtleStation,26.778670696950392,77.74691830278582,1011.0652809368878,0,26.778670696950392,77.74691830278582,1011.0652809368878
2025-04-29 14:00:00,SubtleStation,26.995550502820997,79.05422116858095,1010.0412686950824,0,26.995550502820997,79.05422116858095,1010.0412686950824
2025-04-29 15:00:00,SubtleStation,26.559182661864504,78.35570781154033,1009.4877817672957,0,26.559182661864504,78.35570781154033,1009.4877817672957
2025-04-29 16:00:00,SubtleStation,26.970297747372133,79.3500591610746,1009.5657107455829,0,26.970297747372133,79.3500591610746,1009.5657107455829
2025-04-29 17:00:00,SubtleStation,27.149534518805552,76.84776638970028,1010.655683430982,0,27.149534518805552,76.84776638970028,1010.655683430982
2025-04-29 18:00:00,SubtleStation,27.11407561903866,78.38697379433589,1011.0700528036492,0,27.11407561903866,78.38697379433589,1011.0700528036492
2025-04-29 19:00:00,SubtleStation,27.35818747208224,77.43500462855961,1010.4275163615607,0,27.35818747208224,77.43500462855961,1010.4275163615607
2025-04-29 20:00:00,SubtleStation,27.885640867667234,75.90160725696116,1009.7287943992046,0,27.885640867667234,75.90160725696116,1009.7287943992046
2025-04-29 21:00:00,SubtleStation,27.518843749545933,77.33404896610053,1010.6828148831726,0,27.518843749545933,77.33404896610053,1010.6828148831726
2025-04-29 22:00:00,SubtleStation,27.66473426016083,76.25153308224306,1009.4492753340029,0,27.66473426016083,76.25153308224306,1009.4492753340029
2025-04-29 23:00:00,SubtleStation,27.708137441170685,76.57525432220609,1009.2075061800224,0,27.708137441170685,76.57525432220609,1009.2075061800224
2025-04-30 00:00:00,SubtleStation,27.512037471819518,74.80667358555024,1010.0014336195748,0,27.512037471819518,74.80667358555024,1010.0014336195748
2025-04-30 01:00:00,SubtleStation,27.536991412988524,75.11535516993347,1009.7213430924087,0,27.536991412988524,75.11535516993347,1009.7213430924087
2025-04-30 02:00:00,SubtleStation,27.59238646978061,77.2133145401967,1010.0983385219736,0,27.59238646978061,77.2133145401967,1010.0983385219736
2025-04-30 03:00:00,SubtleStation,28.053291636482825,76.59783787460869,1009.3915272848441,0,28.053291636482825,76.59783787460869,1009.3915272848441
2025-04-30 04:00:00,SubtleStation,27.668659145797438,74.96372367048333,1009.5945304269821,0,27.668659145797438,74.96372367048333,1009.5945304269821
2025-04-30 05:00:00,SubtleStation,28.283328429905822,75.95059059198121,1010.2033515003352,0,28.283328429905822,75.95059059198121,1010.2033515003352
2025-04-30 06:00:00,SubtleStation,28.19128980646811,74.0598710307589,1009.9397802177239,0,28.19128980646811,74.0598710307589,1009.9397802177239
2025-04-30 07:00:00,SubtleStation,28.397770210044108,73.79935383048667,1009.1157262000598,0,28.397770210044108,73.79935383048667,1009.1157262000598
2025-04-30 08:00:00,SubtleStation,28.11638377907388,74.21800416477663,1010.359578172528,0,28.11638377907388,74.21800416477663,1010.359578172528
2025-04-30 09:00:00,SubtleStation,28.765253719308184,74.14058667937908,1010.5684982805024,0,28.765253719308184,74.14058667937908,1010.5684982805024
2025-04-30 10:00:00,SubtleStation,28.514516867634022,72.84496236695622,1010.2788994703222,0,28.514516867634022,72.84496236695622,1010.2788994703222
2025-04-30 11:00:00,SubtleStation,28.217856007392086,73.54539457789534,1011.154401917786,0,28.217856007392086,73.54539457789534,1011.154401917786
2025-04-30 12:00:00,SubtleStation,28.91199216947083,74.4095575724005,1011.2424008343831,0,28.91199216947083,74.4095575724005,1011.2424008343831
2025-04-30 13:00:00,SubtleStation,28.477923265436882,74.32631800509809,1010.2659193939483,0,28.477923265436882,74.32631800509809,1010.2659193939483
2025-04-30 14:00:00,SubtleStation,28.553991392843184,72.11063170817208,1010.2505062083784,0,28.553991392843184,72.11063170817208,1010.2505062083784
2025-04-30 15:00:00,SubtleStation,28.623123437875716,72.23594210186869,1009.5417379191769,0,28.623123437875716,72.23594210186869,1009.5417379191769
2025-04-30 16:00:00,SubtleStation,28.863325007106987,71.06106066896307,1010.2043431643183,0,28.863325007106987,71.06106066896307,1010.2043431643183
2025-04-30 17:00:00,SubtleStation,29.10400095099362,71.84384485542598,1009.982276347035,0,29.10400095099362,71.84384485542598,1009.982276347035
2025-04-30 18:00:00,SubtleStation,29.157749692972217,69.59397227504543,1009.338055130076,0,29.157749692972217,69.59397227504543,1009.338055130076
2025-04-30 19:00:00,SubtleStation,29.60834391324326,71.880781233437,1009.207546975802,0,29.60834391324326,71.880781233437,1009.207546975802
2025-04-30 20:00:00,SubtleStation,29.027696730222473,71.33470126809001,1010.230827130727,0,29.027696730222473,71.33470126809001,1010.230827130727
2025-04-30 21:00:00,SubtleStation,29.123682100246793,70.80049636735431,1009.5624885619422,0,29.123682100246793,70.80049636735431,1009.5624885619422
2025-04-30 22:00:00,SubtleStation,28.995244014783772,70.95350244929412,1009.7553732731504,0,28.995244014783772,70.95350244929412,1009.7553732731504
2025-04-30 23:00:00,SubtleStation,29.09985048659101,68.75678630561094,1008.9018305811136,0,29.09985048659101,68.75678630561094,1008.9018305811136
2025-05-01 00:00:00,SubtleStation,29.592870336594608,70.68599929905479,1009.590980977494,0,29.592870336594608,70.68599929905479,1009.590980977494
2025-05-01 01:00:00,SubtleStation,29.315886751754892,69.83626570156147,1010.5103454180697,0,29.315886751754892,69.83626570156147,1010.5103454180697
2025-05-01 02:00:00,SubtleStation,29.5528580372856,68.56808076599171,1009.7442715035107,0,29.5528580372856,68.56808076599171,1009.7442715035107
2025-05-01 03:00:00,SubtleStation,29.513133031049854,69.76894376186661,1010.4509880951873,0,29.513133031049854,69.76894376186661,1010.4509880951873
2025-05-01 04:00:00,SubtleStation,29.339095407863926,68.57855487101763,1009.8770472515902,0,29.339095407863926,68.57855487101763,1009.8770472515902
2025-05-01 05:00:00,SubtleStation,29.424896349548106,68.04277882595521,1009.0690576252337,0,29.424896349548106,68.04277882595521,1009.0690576252337
2025-05-01 06:00:00,SubtleStation,29.253459061144028,67.46638525622097,1010.1143845146665,0,29.253459061144028,67.46638525622097,1010.1143845146665
2025-05-01 07:00:00,SubtleStation,29.62480455069941,67.5053574287908,1010.7173987766923,0,29.62480455069941,67.5053574287908,1010.7173987766923
2025-05-01 08:00:00,SubtleStation,29.716266022843104,67.55157324245691,1010.496095730916,0,29.716266022843104,67.55157324245691,1010.496095730916
2025-05-01 09:00:00,SubtleStation,29.67279424650255,64.31445488729415,1010.5802833361087,0,29.67279424650255,64.31445488729415,1010.5802833361087
2025-05-01 10:00:00,SubtleStation,29.963533039750455,64.70411953248545,1009.8196268506578,0,29.963533039750455,64.70411953248545,1009.8196268506578
2025-05-01 11:00:00,SubtleStation,29.529303373480587,65.66647467496081,1008.889440744658,0,29.529303373480587,65.66647467496081,1008.889440744658
2025-05-01 12:00:00,SubtleStation,29.830952478724964,65.22144632967768,1010.3798463476433,0,29.830952478724964,65.22144632967768,1010.3798463476433
2025-05-01 13:00:00,SubtleStation,29.64639839714689,63.83602214501996,1009.1464365048632,0,29.64639839714689,63.83602214501996,1009.1464365048632
2025-05-01 14:00:00,SubtleStation,29.946875179918973,64.94528897705696,1009.6052545592418,0,29.946875179918973,64.94528897705696,1009.6052545592418
2025-05-01 15:00:00,SubtleStation,29.713007758592692,62.25058828126979,1009.7356526403638,0,29.713007758592692,62.25058828126979,1009.7356526403638
2025-05-01 16:00:00,SubtleStation,30.07452823945203,64.59830229222699,1009.7361738550329,0,30.07452823945203,64.59830229222699,1009.7361738550329
2025-05-01 17:00:00,SubtleStation,30.05718353105502,64.07495258810894,1010.7502390548643,0,30.05718353105502,64.07495258810894,1010.7502390548643
2025-05-01 18:00:00,SubtleStation,30.011978245224487,62.28919661677755,1010.5559689063733,0,30.011978245224487,62.28919661677755,1010.5559689063733
2025-05-01 19:00:00,SubtleStation,30.010828880900903,62.392738453795104,1009.2845097787803,0,30.010828880900903,62.392738453795104,1009.2845097787803
2025-05-01 20:00:00,SubtleStation,30.028091559683393,61.55929767947111,1010.6687021122603,0,30.028091559683393,61.55929767947111,1010.6687021122603
2025-05-01 21:00:00,SubtleStation,30.047370820371658,61.38431153806496,1009.1566636432968,0,30.047370820371658,61.38431153806496,1009.1566636432968
2025-05-01 22:00:00,SubtleStation,30.09485542187792,62.03096556332151,1010.6293398750623,0,30.09485542187792,62.03096556332151,1010.6293398750623
2025-05-01 23:00:00,SubtleStation,29.923323953758814,61.48371875240265,1009.8487329629233,0,29.923323953758814,61.48371875240265,1009.8487329629233
2025-05-02 00:00:00,SubtleStation,29.77389874416506,60.548660258569235,1010.4406076023118,0,29.77389874416506,60.548660258569235,1010.4406076023118
2025-05-02 01:00:00,SubtleStation,29.991087653045952,58.261873398916194,1010.5448045241654,0,29.991087653045952,58.261873398916194,1010.5448045241654
2025-05-02 02:00:00,SubtleStation,30.102231861679012,61.48021708407498,1010.4497224611489,0,30.102231861679012,61.48021708407498,1010.4497224611489
2025-05-02 03:00:00,SubtleStation,30.09973320128358,59.73389995680175,1010.3056469543305,0,30.09973320128358,59.73389995680175,1010.3056469543305
2025-05-02 04:00:00,SubtleStation,30.339208265449766,58.61315914774123,1010.534114128639,0,30.339208265449766,58.61315914774123,1010.534114128639
2025-05-02 05:00:00,SubtleStation,29.887122035148174,60.0574998834735,1010.2778021211302,0,29.887122035148174,60.0574998834735,1010.2778021211302
2025-05-02 06:00:00,SubtleStation,29.69661624236536,57.167465391831705,1009.1474238885984,0,29.69661624236536,57.167465391831705,1009.1474238885984
2025-05-02 07:00:00,SubtleStation,29.859605114400466,56.817383003418755,1010.6429453172855,0,29.859605114400466,56.817383003418755,1010.6429453172855
2025-05-02 08:00:00,SubtleStation,29.871861742876522,58.972956442046474,1010.8513676459421,0,29.871861742876522,58.972956442046474,1010.8513676459421
2025-05-02 09:00:00,SubtleStation,29.781215590179542,57.2862182562714,1010.1768474399954,0,29.781215590179542,57.2862182562714,1010.1768474399954
2025-05-02 10:00:00,SubtleStation,29.718214636592013,56.63204749129421,1009.5329202478096,0,29.718214636592013,56.63204749129421,1009.5329202478096
2025-05-02 11:00:00,SubtleStation,29.880659216892468,56.56035187274781,1010.4771655704143,0,29.880659216892468,56.56035187274781,1010.4771655704143
2025-05-02 12:00:00,SubtleStation,29.874025028935204,56.336432049274244,1010.1924359682029,0,29.874025028935204,56.336432049274244,1010.1924359682029
2025-05-02 13:00:00,SubtleStation,29.658150957531706,54.896196108223386,1009.41817111058,0,29.658150957531706,54.896196108223386,1009.41817111058
2025-05-02 14:00:00,SubtleStation,29.6129289727079,53.59300708095371,1010.5011348986378,0,29.6129289727079,53.59300708095371,1010.5011348986378
2025-05-02 15:00:00,SubtleStation,29.889882256988653,55.87847886848151,1009.4506462378481,0,29.889882256988653,55.87847886848151,1009.4506462378481
2025-05-02 16:00:00,SubtleStation,29.882353420479085,54.492629486366404,1009.3243286291455,0,29.882353420479085,54.492629486366404,1009.3243286291455
2025-05-02 17:00:00,SubtleStation,29.59453419250595,54.690441589542544,1009.9231307555364,0,29.59453419250595,54.690441589542544,1009.9231307555364
2025-05-02 18:00:00,SubtleStation,29.692191968028382,52.55782999024279,1010.5791372804861,0,29.692191968028382,52.55782999024279,1010.5791372804861
2025-05-02 19:00:00,SubtleStation,29.792352723371295,53.44219354359993,1010.4245060167659,0,29.792352723371295,53.44219354359993,1010.4245060167659
2025-05-02 20:00:00,SubtleStation,29.683737742004045,50.788225903519184,1010.2098265311683,0,29.683737742004045,50.788225903519184,1010.2098265311683
2025-05-02 21:00:00,SubtleStation,29.93279518121344,51.5488268793406,1010.1211503926604,0,29.93279518121344,51.5488268793406,1010.1211503926604
2025-05-02 22:00:00,SubtleStation,29.312684195476262,51.81949129253586,1010.4043437937278,0,29.312684195476262,51.81949129253586,1010.4043437937278
2025-05-02 23:00:00,SubtleStation,29.228781469839088,51.52657209207505,1010.7519603290647,0,29.228781469839088,51.52657209207505,1010.7519603290647
2025-05-03 00:00:00,SubtleStation,29.64189602348333,52.5696165412067,1009.9057620237378,0,29.64189602348333,52.5696165412067,1009.9057620237378
2025-05-03 01:00:00,SubtleStation,29.522749172619715,49.46010395088236,1010.3389323011986,0,29.522749172619715,49.46010395088236,1010.3389323011986
2025-05-03 02:00:00,SubtleStation,29.29673029011094,50.430401469957445,1010.0655519990514,0,29.29673029011094,50.430401469957445,1010.0655519990514
2025-05-03 03:00:00,SubtleStation,29.57564122475584,50.45742132775692,1009.5984309399864,0,29.57564122475584,50.45742132775692,1009.5984309399864
2025-05-03 04:00:00,SubtleStation,29.179300243414282,50.87266439089144,1009.8947432796523,0,29.179300243414282,50.87266439089144,1009.8947432796523
2025-05-03 05:00:00,SubtleStation,29.359054145805572,47.7286547013217,1010.4927151031793,0,29.359054145805572,47.7286547013217,1010.4927151031793
2025-05-03 06:00:00,SubtleStation,29.1674692476471,49.69666303648111,1009.901536311094,0,29.1674692476471,49.69666303648111,1009.901536311094
2025-05-03 07:00:00,SubtleStation,28.99334867890456,49.3450031733394,1009.9762901326911,0,28.99334867890456,49.3450031733394,1009.9762901326911
2025-05-03 08:00:00,SubtleStation,29.00691427184262,46.27645198965336,1010.1936299222292,0,29.00691427184262,46.27645198965336,1010.1936299222292
2025-05-03 09:00:00,SubtleStation,29.26769731904046,49.232538723886414,1010.4187936471362,0,29.26769731904046,49.232538723886414,1010.4187936471362
2025-05-03 10:00:00,SubtleStation,28.896229068082086,49.52126567973647,1010.081281692604,0,28.896229068082086,49.52126567973647,1010.081281692604
2025-05-03 11:00:00,SubtleStation,29.21362598480995,47.01221822006504,1009.5536232123189,0,29.21362598480995,47.01221822006504,1009.5536232123189
2025-05-03 12:00:00,SubtleStation,28.87999098939254,48.93358735450342,1009.0201853710762,0,28.87999098939254,48.93358735450342,1009.0201853710762
2025-05-03 13:00:00,SubtleStation,28.73357693403279,47.12266563745643,1010.3694634890094,0,28.73357693403279,47.12266563745643,1010.3694634890094
2025-05-03 14:00:00,SubtleStation,28.517320267419876,44.54395773017643,1009.9936415309899,0,28.517320267419876,44.54395773017643,1009.9936415309899
2025-05-03 15:00:00,SubtleStation,28.785861014997717,46.02636280837214,1009.696653515282,0,28.785861014997717,46.02636280837214,1009.696653515282
2025-05-03 16:00:00,SubtleStation,28.622717258772987,46.69868657535193,1009.7927261101768,0,28.622717258772987,46.69868657535193,1009.7927261101768
2025-05-03 17:00:00,SubtleStation,28.495328183059804,46.082601171734495,1010.5032795717435,0,28.495328183059804,46.082601171734495,1010.5032795717435
2025-05-03 18:00:00,SubtleStation,28.45905450143928,46.65512764425869,1009.8618606298173,0,28.45905450143928,46.65512764425869,1009.8618606298173
2025-05-03 19:00:00,SubtleStation,28.341499763558158,45.093904001172625,1010.0346606483678,0,28.341499763558158,45.093904001172625,1010.0346606483678
2025-05-03 20:00:00,SubtleStation,28.051830578665303,43.17049488308623,1009.9120077025628,0,28.051830578665303,43.17049488308623,1009.9120077025628
2025-05-03 21:00:00,SubtleStation,28.346101574510794,45.92302946237522,1010.1772574160655,0,28.346101574510794,45.92302946237522,1010.1772574160655
2025-05-03 22:00:00,SubtleStation,28.50939635587959,44.09704020924298,1008.4595795730738,0,28.50939635587959,44.09704020924298,1008.4595795730738
2025-05-03 23:00:00,SubtleStation,28.399079497294576,46.3569234746987,1010.7279137964716,0,28.399079497294576,46.3569234746987,1010.7279137964716
2025-05-04 00:00:00,SubtleStation,28.00086525939691,44.03750816309673,1009.6824666769785,0,28.00086525939691,44.03750816309673,1009.6824666769785
2025-05-04 01:00:00,SubtleStation,27.848144766529046,44.310316222146064,1010.1969377917115,0,27.848144766529046,44.310316222146064,1010.1969377917115
2025-05-04 02:00:00,SubtleStation,27.833709054018257,42.32547806673994,1010.0989333130179,0,27.833709054018257,42.32547806673994,1010.0989333130179
2025-05-04 03:00:00,SubtleStation,27.609305031065077,40.821259761125916,1009.3048352078607,0,27.609305031065077,40.821259761125916,1009.3048352078607
2025-05-04 04:00:00,SubtleStation,27.705500089518825,43.20328984043176,1009.7707623522513,0,27.705500089518825,43.20328984043176,1009.7707623522513
2025-05-04 05:00:00,SubtleStation,27.638841657808403,42.97107027377308,1010.6874136811315,0,27.638841657808403,42.97107027377308,1010.6874136811315
2025-05-04 06:00:00,SubtleStation,27.236986279814985,42.4369800046305,1010.2017363954735,0,27.236986279814985,42.4369800046305,1010.2017363954735
2025-05-04 07:00:00,SubtleStation,27.32443045254455,42.47454055988534,1010.5621236099325,0,27.32443045254455,42.47454055988534,1010.5621236099325
2025-05-04 08:00:00,SubtleStation,27.476717420597833,42.75837273848371,1011.5904635846429,0,27.476717420597833,42.75837273848371,1011.5904635846429
2025-05-04 09:00:00,SubtleStation,27.392726017280115,42.127858477381814,1010.1841807520481,0,27.392726017280115,42.127858477381814,1010.1841807520481
2025-05-04 10:00:00,SubtleStation,26.870840968349896,43.29790021429262,1009.8182606244794,0,26.870840968349896,43.29790021429262,1009.8182606244794
2025-05-04 11:00:00,SubtleStation,27.250693553087718,41.983806926491425,1009.6708400651409,0,27.250693553087718,41.983806926491425,1009.6708400651409
2025-05-04 12:00:00,SubtleStation,26.882590682650093,42.84726877935781,1010.0414095038176,0,26.882590682650093,42.84726877935781,1010.0414095038176
2025-05-04 13:00:00,SubtleStation,26.84182051215876,42.47681406433243,1010.2302393684884,0,26.84182051215876,42.47681406433243,1010.2302393684884
2025-05-04 14:00:00,SubtleStation,26.721257058210515,42.85521718197168,1009.696509824789,0,26.721257058210515,42.85521718197168,1009.696509824789
2025-05-04 15:00:00,SubtleStation,26.23710325677597,41.38533006666224,1010.956058509315,0,26.23710325677597,41.38533006666224,1010.956058509315
2025-05-04 16:00:00,SubtleStation,26.649385324282715,42.41629734102575,1009.7159186620728,0,26.649385324282715,42.41629734102575,1009.7159186620728
2025-05-04 17:00:00,SubtleStation,26.148141284174514,40.87871145489987,1009.6500242640237,0,26.148141284174514,40.87871145489987,1009.6500242640237
2025-05-04 18:00:00,SubtleStation,26.539997729386688,40.40101342328387,1010.0822488281933,0,26.539997729386688,40.40101342328387,1010.0822488281933
2025-05-04 19:00:00,SubtleStation,26.017124938973616,39.617137224290566,1010.1043263039411,0,26.017124938973616,39.617137224290566,1010.1043263039411
2025-05-04 20:00:00,SubtleStation,26.392630083907022,39.6541763203351,1009.3376441968267,0,26.392630083907022,39.6541763203351,1009.3376441968267
2025-05-04 21:00:00,SubtleStation,26.129389392571223,38.6153037268569,1009.9898446959327,0,26.129389392571223,38.6153037268569,1009.9898446959327
2025-05-04 22:00:00,SubtleStation,26.106996635222036,42.37232212731321,1009.6632185181473,0,26.106996635222036,42.37232212731321,1009.6632185181473
2025-05-04 23:00:00,SubtleStation,25.74366826430601,40.901761646169746,1010.1000639890764,0,25.74366826430601,40.901761646169746,1010.1000639890764
2025-05-05 00:00:00,SubtleStation,25.42666934639886,42.01546688624115,1009.7994842883099,0,25.42666934639886,42.01546688624115,1009.7994842883099
2025-05-05 01:00:00,SubtleStation,25.4933471817617,39.667426874954785,1010.8258063273017,0,25.4933471817617,39.667426874954785,1010.8258063273017
2025-05-05 02:00:00,SubtleStation,25.65451658553497,38.85728041892634,1010.3458844325539,0,25.65451658553497,38.85728041892634,1010.3458844325539
2025-05-05 03:00:00,SubtleStation,25.582273067319008,40.18153710462906,1010.1903663491365,0,25.582273067319008,40.18153710462906,1010.1903663491365
2025-05-05 04:00:00,SubtleStation,25.219171157441146,39.75033739133361,1009.762580301084,0,25.219171157441146,39.75033739133361,1009.762580301084
2025-05-05 05:00:00,SubtleStation,25.556582362031598,41.15803952385849,1009.3066805195613,0,25.556582362031598,41.15803952385849,1009.3066805195613
2025-05-05 06:00:00,SubtleStation,25.187795636312146,39.79903092186854,1010.3813305642351,0,25.187795636312146,39.79903092186854,1010.3813305642351
2025-05-05 07:00:00,SubtleStation,24.763550403817796,39.684141741569206,1009.503693559409,0,24.763550403817796,39.684141741569206,1009.503693559409
2025-05-05 08:00:00,SubtleStation,25.045463725798186,42.32539931145856,1009.5061308176608,0,25.045463725798186,42.32539931145856,1009.5061308176608
2025-05-05 09:00:00,SubtleStation,24.73704779154536,38.1865609455241,1010.020986100104,0,24.73704779154536,38.1865609455241,1010.020986100104
2025-05-05 10:00:00,SubtleStation,24.956061490026947,39.731143488369646,1010.4171240892244,0,24.956061490026947,39.731143488369646,1010.4171240892244
2025-05-05 11:00:00,SubtleStation,24.736736445039828,40.724140092968554,1009.386419739535,0,24.736736445039828,40.724140092968554,1009.386419739535
2025-05-05 12:00:00,SubtleStation,24.622082309875932,39.54739234969081,1009.2573492702287,0,24.622082309875932,39.54739234969081,1009.2573492702287
2025-05-05 13:00:00,SubtleStation,24.434615404948445,39.603238150604696,1010.636463441348,0,24.434615404948445,39.603238150604696,1010.636463441348
2025-05-05 14:00:00,SubtleStation,24.617637737662246,41.43649485945432,1009.6029562646512,0,24.617637737662246,41.43649485945432,1009.6029562646512
2025-05-05 15:00:00,SubtleStation,24.11205709867962,42.3551931361464,1009.7945572142867,0,24.11205709867962,42.3551931361464,1009.7945572142867
2025-05-05 16:00:00,SubtleStation,24.262226622898474,41.27900891989614,1010.4996050180956,0,24.262226622898474,41.27900891989614,1010.4996050180956
2025-05-05 17:00:00,SubtleStation,24.104811655088703,39.66871377036617,1010.5725476987553,0,24.104811655088703,39.66871377036617,1010.5725476987553
2025-05-05 18:00:00,SubtleStation,23.79154861468275,42.168978438078646,1008.8743150235812,0,23.79154861468275,42.168978438078646,1008.8743150235812
2025-05-05 19:00:00,SubtleStation,23.885384162968002,41.24814055092668,1009.5512818476406,0,23.885384162968002,41.24814055092668,1009.5512818476406
2025-05-05 20:00:00,SubtleStation,23.613866282660027,41.16393962357288,1010.1148641369216,0,23.613866282660027,41.16393962357288,1010.1148641369216
2025-05-05 21:00:00,SubtleStation,24.11432639105186,39.074089571239384,1010.3391137194534,0,24.11432639105186,39.074089571239384,1010.3391137194534
2025-05-05 22:00:00,SubtleStation,23.81307497550509,40.39774311090045,1010.7879158226456,0,23.81307497550509,40.39774311090045,1010.7879158226456
2025-05-05 23:00:00,SubtleStation,23.187341783177327,42.04789153466217,1010.271525415,0,23.187341783177327,42.04789153466217,1010.271525415
2025-05-06 00:00:00,SubtleStation,20.32878209360988,25.70335981738083,1009.9260779188246,6,23.32878209360988,40.70335981738083,1009.9260779188246
2025-05-06 01:00:00,SubtleStation,23.446254981399758,41.65774087329094,1009.4321451975255,0,23.446254981399758,41.65774087329094,1009.4321451975255
2025-05-06 02:00:00,SubtleStation,23.46519138924496,41.43035351895271,1011.5169625275857,0,23.46519138924496,41.43035351895271,1011.5169625275857
2025-05-06 03:00:00,SubtleStation,23.31161911007928,41.83676127984279,1010.3056285483447,0,23.31161911007928,41.83676127984279,1010.3056285483447
2025-05-06 04:00:00,SubtleStation,23.425759926605842,41.325513642988746,1010.4957838985415,0,23.425759926605842,41.325513642988746,1010.4957838985415
2025-05-06 05:00:00,SubtleStation,22.97985490264281,42.735652746189686,1010.7493811519078,0,22.97985490264281,42.735652746189686,1010.7493811519078
2025-05-06 06:00:00,SubtleStation,23.118685868868855,43.660269053106305,1009.9903155262311,0,23.118685868868855,43.660269053106305,1009.9903155262311
2025-05-06 07:00:00,SubtleStation,22.54049558134493,40.53044408249936,1009.6846483706571,0,22.54049558134493,40.53044408249936,1009.6846483706571
2025-05-06 08:00:00,SubtleStation,22.85734054296694,41.99676350048871,1009.471213780199,0,22.85734054296694,41.99676350048871,1009.471213780199
2025-05-06 09:00:00,SubtleStation,22.553147368602534,43.208381857034794,1009.9960930290748,0,22.553147368602534,43.208381857034794,1009.9960930290748
2025-05-06 10:00:00,SubtleStation,22.478536770486237,43.94164600921555,1010.9171680211091,0,22.478536770486237,43.94164600921555,1010.9171680211091
2025-05-06 11:00:00,SubtleStation,22.697783091948043,42.115824102759696,1009.9252795099119,0,22.697783091948043,42.115824102759696,1009.9252795099119
2025-05-06 12:00:00,SubtleStation,22.530218145850295,43.248427789866845,1009.5834528619249,0,22.530218145850295,43.248427789866845,1009.5834528619249
2025-05-06 13:00:00,SubtleStation,22.218755847673545,40.94602456976091,1009.6679167015486,0,22.218755847673545,40.94602456976091,1009.6679167015486
2025-05-06 14:00:00,SubtleStation,22.679818492858203,43.0475578172596,1010.6921379080893,0,22.679818492858203,43.0475578172596,1010.6921379080893
2025-05-06 15:00:00,SubtleStation,22.33926183625315,45.77327254015148,1010.3620816479282,0,22.33926183625315,45.77327254015148,1010.3620816479282
2025-05-06 16:00:00,SubtleStation,21.91843090298489,43.97173268101931,1009.5984921311256,0,21.91843090298489,43.97173268101931,1009.5984921311256
2025-05-06 17:00:00,SubtleStation,21.442702506457284,42.26852346357781,1009.127362217283,0,21.442702506457284,42.26852346357781,1009.127362217283
2025-05-06 18:00:00,SubtleStation,21.90454987286994,45.37427525939531,1009.7088044364097,0,21.90454987286994,45.37427525939531,1009.7088044364097
2025-05-06 19:00:00,SubtleStation,21.69375345179001,44.6317190109045,1009.4614163577108,0,21.69375345179001,44.6317190109045,1009.4614163577108
2025-05-06 20:00:00,SubtleStation,21.570925441646786,45.53374899035659,1010.1378852129724,0,21.570925441646786,45.53374899035659,1010.1378852129724
2025-05-06 21:00:00,SubtleStation,21.522701419934673,45.6493062705751,1011.0617869289655,0,21.522701419934673,45.6493062705751,1011.0617869289655
2025-05-06 22:00:00,SubtleStation,21.579392576993566,45.75524317592618,1010.4527214618752,0,21.579392576993566,45.75524317592618,1010.4527214618752
2025-05-06 23:00:00,SubtleStation,21.740072244524463,44.99661434700823,1009.1589547203621,0,21.740072244524463,44.99661434700823,1009.1589547203621
2025-05-07 00:00:00,SubtleStation,21.21075922264449,44.470003302155504,1009.654075698979,0,21.21075922264449,44.470003302155504,1009.654075698979
2025-05-07 01:00:00,SubtleStation,21.323917722300212,46.47096844329041,1010.066256334323,0,21.323917722300212,46.47096844329041,1010.066256334323
2025-05-07 02:00:00,SubtleStation,21.230279831619573,47.58487405140437,1010.6115153306629,0,21.230279831619573,47.58487405140437,1010.6115153306629
2025-05-07 03:00:00,SubtleStation,21.04000390372503,46.1618088197945,1010.516651138162,0,21.04000390372503,46.1618088197945,1010.516651138162
2025-05-07 04:00:00,SubtleStation,21.19666498310072,46.51509295085382,1011.1361571380031,0,21.19666498310072,46.51509295085382,1011.1361571380031
2025-05-07 05:00:00,SubtleStation,21.432019709891467,48.07496249067982,1009.5196435770576,0,21.432019709891467,48.07496249067982,1009.5196435770576
2025-05-07 06:00:00,SubtleStation,21.139594316793215,49.81028653501649,1010.3652977456251,0,21.139594316793215,49.81028653501649,1010.3652977456251
2025-05-07 07:00:00,SubtleStation,20.970936582241798,49.9758548141173,1009.5241344407075,0,20.970936582241798,49.9758548141173,1009.5241344407075
2025-05-07 08:00:00,SubtleStation,20.81093045253356,47.50099543032781,1010.5556052896844,0,20.81093045253356,47.50099543032781,1010.5556052896844
2025-05-07 09:00:00,SubtleStation,20.85165858663679,49.520225755046866,1009.2509699667993,0,20.85165858663679,49.520225755046866,1009.2509699667993
2025-05-07 10:00:00,SubtleStation,20.444070444689725,49.40430227513158,1009.9036865353013,0,20.444070444689725,49.40430227513158,1009.9036865353013
2025-05-07 11:00:00,SubtleStation,20.72250693941667,50.00948184585309,1009.7058928366474,0,20.72250693941667,50.00948184585309,1009.7058928366474
2025-05-07 12:00:00,SubtleStation,20.64455289797302,49.82158041572799,1010.3054834802009,0,20.64455289797302,49.82158041572799,1010.3054834802009
2025-05-07 13:00:00,SubtleStation,20.7290810731951,49.75991613916792,1009.3326562597229,0,20.7290810731951,49.75991613916792,1009.3326562597229
2025-05-07 14:00:00,SubtleStation,20.775456308388964,51.77280649328551,1009.7546241334148,0,20.775456308388964,51.77280649328551,1009.7546241334148
2025-05-07 15:00:00,SubtleStation,20.688732455326203,50.03450816146783,1009.999546402622,0,20.688732455326203,50.03450816146783,1009.999546402622
2025-05-07 16:00:00,SubtleStation,20.468975115001157,51.628307303801435,1009.6643183136919,0,20.468975115001157,51.628307303801435,1009.6643183136919
2025-05-07 17:00:00,SubtleStation,20.349379213333023,53.35470465574326,1010.3308625631938,0,20.349379213333023,53.35470465574326,1010.3308625631938
2025-05-07 18:00:00,SubtleStation,20.28670048125437,52.04261170982706,1009.6904191849482,0,20.28670048125437,52.04261170982706,1009.6904191849482
2025-05-07 19:00:00,SubtleStation,20.21699174571679,53.02020756533281,1009.4322533925622,0,20.21699174571679,53.02020756533281,1009.4322533925622
2025-05-07 20:00:00,SubtleStation,20.213325134105215,54.02911464210365,1010.384181565118,0,20.213325134105215,54.02911464210365,1010.384181565118
2025-05-07 21:00:00,SubtleStation,20.276583940188672,52.31685289653746,1009.4770698590542,0,20.276583940188672,52.31685289653746,1009.4770698590542
2025-05-07 22:00:00,SubtleStation,20.023910546760757,52.4920212064494,1009.5290466970217,0,20.023910546760757,52.4920212064494,1009.5290466970217
2025-05-07 23:00:00,SubtleStation,20.32525171486894,53.02842053511611,1010.3976502495083,0,20.32525171486894,53.02842053511611,1010.3976502495083
2025-05-08 00:00:00,SubtleStation,20.185455652046713,56.352340058014875,1009.1084121867522,0,20.185455652046713,56.352340058014875,1009.1084121867522
2025-05-08 01:00:00,SubtleStation,20.012648882369238,54.30687681808404,1010.1321994899403,0,20.012648882369238,54.30687681808404,1010.1321994899403
2025-05-08 02:00:00,SubtleStation,20.025997888506698,55.15637483613022,1010.3305714637623,0,20.025997888506698,55.15637483613022,1010.3305714637623
2025-05-08 03:00:00,SubtleStation,20.29814274066012,54.8654313248746,1009.4339183993641,0,20.29814274066012,54.8654313248746,1009.4339183993641
2025-05-08 04:00:00,SubtleStation,20.289476840222815,55.06872273992753,1010.8655304942753,0,20.289476840222815,55.06872273992753,1010.8655304942753
2025-05-08 05:00:00,SubtleStation,20.56663316322313,55.82879456396533,1010.0969976144892,0,20.56663316322313,55.82879456396533,1010.0969976144892
2025-05-08 06:00:00,SubtleStation,20.18452136473333,57.80792361327046,1010.0222088644138,0,20.18452136473333,57.80792361327046,1010.0222088644138
2025-05-08 07:00:00,SubtleStation,19.920155944207607,57.356997851052704,1008.968063216285,0,19.920155944207607,57.356997851052704,1008.968063216285
2025-05-08 08:00:00,SubtleStation,19.89720660147875,57.95060249699149,1009.5314291009994,0,19.89720660147875,57.95060249699149,1009.5314291009994
2025-05-08 09:00:00,SubtleStation,20.107409140238353,57.405579643617635,1010.4335528117336,0,20.107409140238353,57.405579643617635,1010.4335528117336
2025-05-08 10:00:00,SubtleStation,20.180837868421417,58.95988641927211,1010.0690774583621,0,20.180837868421417,58.95988641927211,1010.0690774583621
2025-05-08 11:00:00,SubtleStation,20.29338453032725,59.017752155580254,1009.9867567751932,0,20.29338453032725,59.017752155580254,1009.9867567751932
2025-05-08 12:00:00,SubtleStation,19.831110719877053,57.685829008282546,1008.8903189353849,0,19.831110719877053,57.685829008282546,1008.8903189353849
2025-05-08 13:00:00,SubtleStation,20.02227085964681,59.891961617922796,1010.0071818706987,0,20.02227085964681,59.891961617922796,1010.0071818706987
2025-05-08 14:00:00,SubtleStation,19.76787537269633,58.786886569983864,1010.2793893320165,0,19.76787537269633,58.786886569983864,1010.2793893320165
2025-05-08 15:00:00,SubtleStation,20.076288407501718,61.171099641347695,1009.2831999071475,0,20.076288407501718,61.171099641347695,1009.2831999071475
2025-05-08 16:00:00,SubtleStation,19.79975409025054,60.61607991998848,1009.5509896667397,0,19.79975409025054,60.61607991998848,1009.5509896667397
2025-05-08 17:00:00,SubtleStation,20.29760850063296,60.11946251154936,1010.0506560901891,0,20.29760850063296,60.11946251154936,1010.0506560901891
2025-05-08 18:00:00,SubtleStation,19.857068566543674,61.92808137097725,1010.8080521208838,0,19.857068566543674,61.92808137097725,1010.8080521208838
2025-05-08 19:00:00,SubtleStation,20.14261216701429,60.87967136294144,1009.2610572994793,0,20.14261216701429,60.87967136294144,1009.2610572994793
2025-05-08 20:00:00,SubtleStation,20.061117406492187,62.59499775516187,1009.7848257229797,0,20.061117406492187,62.59499775516187,1009.7848257229797
2025-05-08 21:00:00,SubtleStation,20.052803029936083,61.07360919397785,1010.0761457378685,0,20.052803029936083,61.07360919397785,1010.0761457378685
2025-05-08 22:00:00,SubtleStation,19.6962095029997,63.27477377917354,1009.4595834492554,0,19.6962095029997,63.27477377917354,1009.4595834492554
2025-05-08 23:00:00,SubtleStation,20.054899536705165,63.86899310906438,1010.3742750965321,0,20.054899536705165,63.86899310906438,1010.3742750965321
2025-05-09 00:00:00,SubtleStation,19.89523737353015,62.821435495097525,1009.5518936974948,0,19.89523737353015,62.821435495097525,1009.5518936974948
2025-05-09 01:00:00,SubtleStation,19.994139224858863,63.200502747481394,1009.9438670378995,0,19.994139224858863,63.200502747481394,1009.9438670378995
2025-05-09 02:00:00,SubtleStation,20.230831388730536,63.68665033641744,1010.0603617149148,0,20.230831388730536,63.68665033641744,1010.0603617149148
2025-05-09 03:00:00,SubtleStation,20.700468371257358,63.8009847087137,1010.2513928676274,0,20.700468371257358,63.8009847087137,1010.2513928676274
2025-05-09 04:00:00,SubtleStation,20.56245716670274,65.45272842822921,1010.0940915368474,0,20.56245716670274,65.45272842822921,1010.0940915368474
2025-05-09 05:00:00,SubtleStation,20.313904143176067,65.21015750630781,1009.8563348425344,0,20.313904143176067,65.21015750630781,1009.8563348425344
2025-05-09 06:00:00,SubtleStation,20.31733285767326,65.24042287119738,1009.739233032863,0,20.31733285767326,65.24042287119738,1009.739233032863
2025-05-09 07:00:00,SubtleStation,20.201669520457738,66.67225563024971,1009.9499750413399,0,20.201669520457738,66.67225563024971,1009.9499750413399
2025-05-09 08:00:00,SubtleStation,20.105103236531054,65.49699666434192,1009.2446248820675,0,20.105103236531054,65.49699666434192,1009.2446248820675
2025-05-09 09:00:00,SubtleStation,20.429257730086636,67.51754893553205,1009.7289414104042,0,20.429257730086636,67.51754893553205,1009.7289414104042
2025-05-09 10:00:00,SubtleStation,20.288990078048514,68.90266746765863,1009.8505677695556,0,20.288990078048514,68.90266746765863,1009.8505677695556
2025-05-09 11:00:00,SubtleStation,20.768187347471326,70.31657302271311,1009.9978018464122,0,20.768187347471326,70.31657302271311,1009.9978018464122
2025-05-09 12:00:00,SubtleStation,20.88712345826453,67.48412196171643,1009.3583982527681,0,20.88712345826453,67.48412196171643,1009.3583982527681
2025-05-09 13:00:00,SubtleStation,20.928648591216394,67.83958438292512,1010.0881944927738,0,20.928648591216394,67.83958438292512,1010.0881944927738
2025-05-09 14:00:00,SubtleStation,20.417983445092084,67.73691226836793,1011.0632208942303,0,20.417983445092084,67.73691226836793,1011.0632208942303
2025-05-09 15:00:00,SubtleStation,20.489930224390324,71.11510809301902,1009.1353603179726,0,20.489930224390324,71.11510809301902,1009.1353603179726
2025-05-09 16:00:00,SubtleStation,20.397264959253913,71.59136325379029,1009.7711998431527,0,20.397264959253913,71.59136325379029,1009.7711998431527
2025-05-09 17:00:00,SubtleStation,20.81893824780727,71.80114306751561,1009.8081506658165,0,20.81893824780727,71.80114306751561,1009.8081506658165
2025-05-09 18:00:00,SubtleStation,20.569826324720097,69.83286839921632,1010.6824132027859,0,20.569826324720097,69.83286839921632,1010.6824132027859
2025-05-09 19:00:00,SubtleStation,20.673277917016733,72.54749408403694,1010.2050630669715,0,20.673277917016733,72.54749408403694,1010.2050630669715
2025-05-09 20:00:00,SubtleStation,20.671440803616747,70.90535481282753,1010.447018286085,0,20.671440803616747,70.90535481282753,1010.447018286085
2025-05-09 21:00:00,SubtleStation,20.79417120276947,69.71306912758234,1010.0461482388903,0,20.79417120276947,69.71306912758234,1010.0461482388903
2025-05-09 22:00:00,SubtleStation,21.294504618259257,70.0110161998299,1010.6310862021678,0,21.294504618259257,70.0110161998299,1010.6310862021678
2025-05-09 23:00:00,SubtleStation,20.530262663768806,72.6401481106906,1010.4161639371048,0,20.530262663768806,72.6401481106906,1010.4161639371048
2025-05-10 00:00:00,SubtleStation,21.19020242407686,70.97524161311988,1009.8313776876868,0,21.19020242407686,70.97524161311988,1009.8313776876868
2025-05-10 01:00:00,SubtleStation,20.986738477888125,73.60680467822836,1010.3790816749693,0,20.986738477888125,73.60680467822836,1010.3790816749693
2025-05-10 02:00:00,SubtleStation,21.6813964567252,74.08512004472608,1009.4870898352567,0,21.6813964567252,74.08512004472608,1009.4870898352567
2025-05-10 03:00:00,SubtleStation,21.444202256693256,75.17184350761181,1010.5879515916499,0,21.444202256693256,75.17184350761181,1010.5879515916499
2025-05-10 04:00:00,SubtleStation,21.142395294931266,73.19192579234172,1009.690906335271,0,21.142395294931266,73.19192579234172,1009.690906335271
2025-05-10 05:00:00,SubtleStation,21.2929980503638,73.03180256622416,1009.663581534525,0,21.2929980503638,73.03180256622416,1009.663581534525
2025-05-10 06:00:00,SubtleStation,21.371598628543904,73.44511884047927,1010.0836288300187,0,21.371598628543904,73.44511884047927,1010.0836288300187
2025-05-10 07:00:00,SubtleStation,21.78755957118056,74.39733566974178,1010.9701590144123,0,21.78755957118056,74.39733566974178,1010.9701590144123
2025-05-10 08:00:00,SubtleStation,21.969542155703767,74.1191086750972,1010.4836977594824,0,21.969542155703767,74.1191086750972,1010.4836977594824
2025-05-10 09:00:00,SubtleStation,21.7359411151376,74.87910701955757,1010.949953870223,0,21.7359411151376,74.87910701955757,1010.949953870223
2025-05-10 10:00:00,SubtleStation,21.7524607323073,76.44217733192848,1009.8112353883067,0,21.7524607323073,76.44217733192848,1009.8112353883067
2025-05-10 11:00:00,SubtleStation,22.067029314049957,75.3666577595933,1010.1559973174491,0,22.067029314049957,75.3666577595933,1010.1559973174491
2025-05-10 12:00:00,SubtleStation,21.942185077072917,74.92284683300895,1009.4474603441276,0,21.942185077072917,74.92284683300895,1009.4474603441276
2025-05-10 13:00:00,SubtleStation,22.10996228606749,76.0828007104417,1009.5448471322732,0,22.10996228606749,76.0828007104417,1009.5448471322732
2025-05-10 14:00:00,SubtleStation,22.141484078948682,75.08054113387533,1009.7323703422836,0,22.141484078948682,75.08054113387533,1009.7323703422836
2025-05-10 15:00:00,SubtleStation,22.021585209602534,76.48569274254798,1009.0201557960814,0,22.021585209602534,76.48569274254798,1009.0201557960814
2025-05-10 16:00:00,SubtleStation,22.53503200603186,78.04380785622159,1010.8192203382658,0,22.53503200603186,78.04380785622159,1010.8192203382658
2025-05-10 17:00:00,SubtleStation,22.228245372633644,76.25409098889705,1009.4692592996049,0,22.228245372633644,76.25409098889705,1009.4692592996049
2025-05-10 18:00:00,SubtleStation,22.819476731963867,76.30698997077506,1010.0419319887126,0,22.819476731963867,76.30698997077506,1010.0419319887126
2025-05-10 19:00:00,SubtleStation,22.754280873945607,77.17905849808864,1010.4428795167153,0,22.754280873945607,77.17905849808864,1010.4428795167153
2025-05-10 20:00:00,SubtleStation,22.644304568047914,79.67809748031411,1010.354953738375,0,22.644304568047914,79.67809748031411,1010.354953738375
2025-05-10 21:00:00,SubtleStation,22.445085678550665,77.71312782587067,1010.1796267024174,0,22.445085678550665,77.71312782587067,1010.1796267024174
2025-05-10 22:00:00,SubtleStation,23.118209451601807,76.68423739044682,1009.8375124532865,0,23.118209451601807,76.68423739044682,1009.8375124532865
2025-05-10 23:00:00,SubtleStation,22.93620798601441,78.6903269491363,1010.1629069394121,0,22.93620798601441,78.6903269491363,1010.1629069394121
2025-05-11 00:00:00,SubtleStation,23.14278553111681,78.8707767259364,1009.8164545879102,0,23.14278553111681,78.8707767259364,1009.8164545879102
2025-05-11 01:00:00,SubtleStation,23.35121287344752,79.88584668108848,1009.9085799187044,0,23.35121287344752,79.88584668108848,1009.9085799187044
2025-05-11 02:00:00,SubtleStation,22.924357262783968,78.88281321766141,1009.9214028801995,0,22.924357262783968,78.88281321766141,1009.9214028801995
2025-05-11 03:00:00,SubtleStation,23.314356832503247,77.50251143364757,1010.1405962388595,0,23.314356832503247,77.50251143364757,1010.1405962388595
2025-05-11 04:00:00,SubtleStation,23.260222056003524,77.52665414645881,1010.1916380527759,0,23.260222056003524,77.52665414645881,1010.1916380527759
2025-05-11 05:00:00,SubtleStation,23.494147582618584,78.63503792530989,1009.9275573130031,0,23.494147582618584,78.63503792530989,1009.9275573130031
2025-05-11 06:00:00,SubtleStation,23.6169458620998,80.37681764575169,1010.0735709697155,0,23.6169458620998,80.37681764575169,1010.0735709697155
2025-05-11 07:00:00,SubtleStation,23.288666412141406,78.37075349304938,1009.2952331322822,0,23.288666412141406,78.37075349304938,1009.2952331322822
2025-05-11 08:00:00,SubtleStation,23.67217762816893,79.7292291144618,1008.8562203633389,0,23.67217762816893,79.7292291144618,1008.8562203633389
2025-05-11 09:00:00,SubtleStation,23.832648747779675,78.8476102086204,1010.4957394987821,0,23.832648747779675,78.8476102086204,1010.4957394987821
2025-05-11 10:00:00,SubtleStation,23.66165360332568,79.93305453400015,1009.7309746711842,0,23.66165360332568,79.93305453400015,1009.7309746711842
2025-05-11 11:00:00,SubtleStation,23.86288411079934,81.06859596446417,1009.3067001024092,0,23.86288411079934,81.06859596446417,1009.3067001024092
2025-05-11 12:00:00,SubtleStation,24.13311175848038,79.91848655727928,1009.858000744468,0,24.13311175848038,79.91848655727928,1009.858000744468
2025-05-11 13:00:00,SubtleStation,24.344021333136347,79.12316339009138,1009.945164114523,0,24.344021333136347,79.12316339009138,1009.945164114523
2025-05-11 14:00:00,SubtleStation,24.27633744965436,80.24886660593873,1009.4554781368348,0,24.27633744965436,80.24886660593873,1009.4554781368348
2025-05-11 15:00:00,SubtleStation,24.265104388217335,82.0677201921503,1009.65169423713,0,24.265104388217335,82.0677201921503,1009.65169423713
2025-05-11 16:00:00,SubtleStation,24.303448654830657,79.49367340624667,1009.8246226921898,0,24.303448654830657,79.49367340624667,1009.8246226921898
2025-05-11 17:00:00,SubtleStation,24.53244841487335,80.30447061838576,1011.4146712993294,0,24.53244841487335,80.30447061838576,1011.4146712993294
2025-05-11 18:00:00,SubtleStation,24.543876356279643,80.93357952726268,1010.0241219037787,0,24.543876356279643,80.93357952726268,1010.0241219037787
2025-05-11 19:00:00,SubtleStation,24.922640911627564,80.9807005113028,1010.0015046859721,0,24.922640911627564,80.9807005113028,1010.0015046859721
2025-05-11 20:00:00,SubtleStation,24.95415301588554,80.75846427854945,1010.0551607403905,0,24.95415301588554,80.75846427854945,1010.0551607403905
2025-05-11 21:00:00,SubtleStation,24.873516031576305,80.37909340988769,1009.152708320392,0,24.873516031576305,80.37909340988769,1009.152708320392
2025-05-11 22:00:00,SubtleStation,25.14918481877749,81.47274096307399,1010.0185840806594,0,25.14918481877749,81.47274096307399,1010.0185840806594
2025-05-11 23:00:00,SubtleStation,25.669643650306348,81.1712333280474,1009.4457908122247,0,25.669643650306348,81.1712333280474,1009.4457908122247
2025-05-12 00:00:00,SubtleStation,25.453914002215527,79.51046937342093,1009.3147427712998,0,25.453914002215527,79.51046937342093,1009.3147427712998
2025-05-12 01:00:00,SubtleStation,25.454139781585404,80.3867941099892,1009.8906556147379,0,25.454139781585404,80.3867941099892,1009.8906556147379
2025-05-12 02:00:00,SubtleStation,25.646241044713,80.2509619551021,1009.7390400664069,0,25.646241044713,80.2509619551021,1009.7390400664069
2025-05-12 03:00:00,SubtleStation,25.855071127108122,79.46445327612261,1010.163227085678,0,25.855071127108122,79.46445327612261,1010.163227085678
2025-05-12 04:00:00,SubtleStation,25.397116210640032,77.81783902804108,1009.1787184286845,0,25.397116210640032,77.81783902804108,1009.1787184286845
2025-05-12 05:00:00,SubtleStation,25.715046548159975,80.6280449168044,1010.050939681271,0,25.715046548159975,80.6280449168044,1010.050939681271
2025-05-12 06:00:00,SubtleStation,25.775415256071483,79.19220137704986,1009.2153842791184,0,25.775415256071483,79.19220137704986,1009.2153842791184
2025-05-12 07:00:00,SubtleStation,25.86790182137233,79.29055947986501,1008.6933467435324,0,25.86790182137233,79.29055947986501,1008.6933467435324
2025-05-12 08:00:00,SubtleStation,26.517699416198628,79.84192572826487,1009.3377163489794,0,26.517699416198628,79.84192572826487,1009.3377163489794
2025-05-12 09:00:00,SubtleStation,26.294267519785524,78.52036985086174,1009.1758766147974,0,26.294267519785524,78.52036985086174,1009.1758766147974
2025-05-12 10:00:00,SubtleStation,26.512260957419176,79.7787653262749,1010.2245414432572,0,26.512260957419176,79.7787653262749,1010.2245414432572
2025-05-12 11:00:00,SubtleStation,26.445261720689544,80.60676316127918,1009.9581611914014,0,26.445261720689544,80.60676316127918,1009.9581611914014
2025-05-12 12:00:00,SubtleStation,27.031867989280183,79.32447412211474,1010.2570216218794,0,27.031867989280183,79.32447412211474,1010.2570216218794
2025-05-12 13:00:00,SubtleStation,26.17451451370004,80.18152877454085,1009.9814636601668,0,26.17451451370004,80.18152877454085,1009.9814636601668
2025-05-12 14:00:00,SubtleStation,26.57424159286908,78.1873594817102,1008.8311035462644,0,26.57424159286908,78.1873594817102,1008.8311035462644
2025-05-12 15:00:00,SubtleStation,26.676921892052103,79.25118164449141,1009.2170770584353,0,26.676921892052103,79.25118164449141,1009.2170770584353
2025-05-12 16:00:00,SubtleStation,26.788508761877647,78.50690238241242,1010.0402515242806,0,26.788508761877647,78.50690238241242,1010.0402515242806
2025-05-12 17:00:00,SubtleStation,27.133645580063977,76.34181944953419,1010.4349205767999,0,27.133645580063977,76.34181944953419,1010.4349205767999
2025-05-12 18:00:00,SubtleStation,27.06048325393548,79.40452060061283,1010.5702228145612,0,27.06048325393548,79.40452060061283,1010.5702228145612
2025-05-12 19:00:00,SubtleStation,27.263428999698075,78.04702001498022,1009.8007009808101,0,27.263428999698075,78.04702001498022,1009.8007009808101
2025-05-12 20:00:00,SubtleStation,27.431810093198482,78.35720950275818,1010.0836589340536,0,27.431810093198482,78.35720950275818,1010.0836589340536
2025-05-12 21:00:00,SubtleStation,27.357566663362267,77.52823633397207,1009.6937981420374,0,27.357566663362267,77.52823633397207,1009.6937981420374
2025-05-12 22:00:00,SubtleStation,27.546401883709,77.29089209486368,1010.9745249108136,0,27.546401883709,77.29089209486368,1010.9745249108136
2025-05-12 23:00:00,SubtleStation,27.399898050195244,77.067375849938,1009.7746991429855,0,27.399898050195244,77.067375849938,1009.7746991429855
2025-05-13 00:00:00,SubtleStation,27.445226392396204,76.70369637976638,1009.8713036838752,0,27.445226392396204,76.70369637976638,1009.8713036838752
2025-05-13 01:00:00,SubtleStation,27.48218687531342,76.6384727763891,1010.1776205945379,0,27.48218687531342,76.6384727763891,1010.1776205945379
2025-05-13 02:00:00,SubtleStation,27.76046942881909,76.13205962285926,1010.1289201463087,0,27.76046942881909,76.13205962285926,1010.1289201463087
2025-05-13 03:00:00,SubtleStation,27.635822611324173,75.85196069949885,1011.1929232479631,0,27.635822611324173,75.85196069949885,1011.1929232479631
2025-05-13 04:00:00,SubtleStation,27.694592638430464,75.09802129006194,1009.484237935512,0,27.694592638430464,75.09802129006194,1009.484237935512
2025-05-13 05:00:00,SubtleStation,28.119632583750334,78.75497035154,1009.1721197220403,0,28.119632583750334,78.75497035154,1009.1721197220403
2025-05-13 06:00:00,SubtleStation,27.882840279372196,75.13414029750311,1009.8138816287366,0,27.882840279372196,75.13414029750311,1009.8138816287366
2025-05-13 07:00:00,SubtleStation,28.260752362411523,75.8078232905273,1010.2506451663891,0,28.260752362411523,75.8078232905273,1010.2506451663891
2025-05-13 08:00:00,SubtleStation,28.1599199155412,74.04494283669008,1010.169355050368,0,28.1599199155412,74.04494283669008,1010.169355050368
2025-05-13 09:00:00,SubtleStation,28.18440842946829,74.93199545666893,1010.8354373152275,0,28.18440842946829,74.93199545666893,1010.8354373152275
2025-05-13 10:00:00,SubtleStation,28.55634426779754,73.81901322101928,1010.239266119426,0,28.55634426779754,73.81901322101928,1010.239266119426
2025-05-13 11:00:00,SubtleStation,28.64620477967363,73.78687552139172,1008.9000718528195,0,28.64620477967363,73.78687552139172,1008.9000718528195
2025-05-13 12:00:00,SubtleStation,28.562325924954163,73.50786515173374,1010.0145371805856,0,28.562325924954163,73.50786515173374,1010.0145371805856
2025-05-13 13:00:00,SubtleStation,28.871827778524814,74.16137744425609,1010.0231824875295,0,28.871827778524814,74.16137744425609,1010.0231824875295
2025-05-13 14:00:00,SubtleStation,28.322410165374322,72.94050260602936,1010.0614124879115,0,28.322410165374322,72.94050260602936,1010.0614124879115
2025-05-13 15:00:00,SubtleStation,28.94232344909131,74.91836104441313,1009.4272770823219,0,28.94232344909131,74.91836104441313,1009.4272770823219
2025-05-13 16:00:00,SubtleStation,28.63132938114579,73.16262940389393,1009.0998516968306,0,28.63132938114579,73.16262940389393,1009.0998516968306
2025-05-13 17:00:00,SubtleStation,28.810354456385856,70.83807171260526,1010.9538664350836,0,28.810354456385856,70.83807171260526,1010.9538664350836
2025-05-13 18:00:00,SubtleStation,28.9911201957551,72.79309176732922,1009.8225233050393,0,28.9911201957551,72.79309176732922,1009.8225233050393
2025-05-13 19:00:00,SubtleStation,28.841997726674563,73.97451832271038,1009.9149401038562,0,28.841997726674563,73.97451832271038,1009.9149401038562
2025-05-13 20:00:00,SubtleStation,29.031918860762016,72.07361196946898,1009.8361875120731,0,29.031918860762016,72.07361196946898,1009.8361875120731
2025-05-13 21:00:00,SubtleStation,29.013204042206247,71.95546439680203,1010.2013274568501,0,29.013204042206247,71.95546439680203,1010.2013274568501
2025-05-13 22:00:00,SubtleStation,29.109480310213463,70.83256661448665,1009.8367501324868,0,29.109480310213463,70.83256661448665,1009.8367501324868
2025-05-13 23:00:00,SubtleStation,29.63072080665285,71.40913453387591,1010.5932255977363,0,29.63072080665285,71.40913453387591,1010.5932255977363
2025-05-14 00:00:00,SubtleStation,28.89160687443641,71.42587312678017,1011.1386752890963,0,28.89160687443641,71.42587312678017,1011.1386752890963
2025-05-14 01:00:00,SubtleStation,29.271409060224105,70.34748790680413,1010.5614544034929,0,29.271409060224105,70.34748790680413,1010.5614544034929
2025-05-14 02:00:00,SubtleStation,29.442603279789743,71.09163962864962,1009.6836191654221,0,29.442603279789743,71.09163962864962,1009.6836191654221
2025-05-14 03:00:00,SubtleStation,29.185646753498464,70.71592721519298,1009.7481035102064,0,29.185646753498464,70.71592721519298,1009.7481035102064
2025-05-14 04:00:00,SubtleStation,29.424502044292954,69.50429332317209,1009.215194089236,0,29.424502044292954,69.50429332317209,1009.215194089236
2025-05-14 05:00:00,SubtleStation,29.56311784751319,67.86415842181081,1010.1199105140155,0,29.56311784751319,67.86415842181081,1010.1199105140155
2025-05-14 06:00:00,SubtleStation,29.61696831187774,67.8296624004273,1010.4763346756722,0,29.61696831187774,67.8296624004273,1010.4763346756722
2025-05-14 07:00:00,SubtleStation,29.75050318584305,68.24712633300126,1010.4344293586266,0,29.75050318584305,68.24712633300126,1010.4344293586266
2025-05-14 08:00:00,SubtleStation,29.84421651841437,67.47608335538328,1010.5012772245922,0,29.84421651841437,67.47608335538328,1010.5012772245922
2025-05-14 09:00:00,SubtleStation,29.59580688189305,66.39193693195823,1009.9621174814857,0,29.59580688189305,66.39193693195823,1009.9621174814857
2025-05-14 10:00:00,SubtleStation,29.714653400110034,67.71628972669977,1010.5638568866649,0,29.714653400110034,67.71628972669977,1010.5638568866649
2025-05-14 11:00:00,SubtleStation,29.446614976979692,66.02072820009013,1010.1486553078767,0,29.446614976979692,66.02072820009013,1010.1486553078767
2025-05-14 12:00:00,SubtleStation,29.751424963303123,65.06373240468012,1010.1814608871135,0,29.751424963303123,65.06373240468012,1010.1814608871135
2025-05-14 13:00:00,SubtleStation,29.501252326030066,66.21968761670728,1009.5429341003061,0,29.501252326030066,66.21968761670728,1009.5429341003061
2025-05-14 14:00:00,SubtleStation,29.821265439133974,64.70734489544093,1010.0561712704965,0,29.821265439133974,64.70734489544093,1010.0561712704965
2025-05-14 15:00:00,SubtleStation,30.009470636233154,63.98990997090116,1009.7441862177126,0,30.009470636233154,63.98990997090116,1009.7441862177126
2025-05-14 16:00:00,SubtleStation,29.951187491516304,64.65156010549464,1010.1288558121025,0,29.951187491516304,64.65156010549464,1010.1288558121025
2025-05-14 17:00:00,SubtleStation,29.908594814052897,66.97857862091965,1010.3690452108415,0,29.908594814052897,66.97857862091965,1010.3690452108415
2025-05-14 18:00:00,SubtleStation,30.07160601002781,63.26982423609019,1009.3359556205592,0,30.07160601002781,63.26982423609019,1009.3359556205592
2025-05-14 19:00:00,SubtleStation,30.142330502200014,63.356830563976295,1010.1541393264088,0,30.142330502200014,63.356830563976295,1010.1541393264088
2025-05-14 20:00:00,SubtleStation,29.778282826311028,62.603085633077,1010.3172509344402,0,29.778282826311028,62.603085633077,1010.3172509344402
2025-05-14 21:00:00,SubtleStation,30.19516524512092,62.62182444292503,1010.3094087841648,0,30.19516524512092,62.62182444292503,1010.3094087841648
2025-05-14 22:00:00,SubtleStation,29.818610766094157,60.778261377692736,1010.831694371095,0,29.818610766094157,60.778261377692736,1010.831694371095
2025-05-14 23:00:00,SubtleStation,29.890754206502432,61.520993266585535,1009.8160341201308,0,29.890754206502432,61.520993266585535,1009.8160341201308
2025-05-15 00:00:00,SubtleStation,30.1329809504087,62.42698825774082,1010.5099011464954,0,30.1329809504087,62.42698825774082,1010.5099011464954
2025-05-15 01:00:00,SubtleStation,30.029325342567113,59.67422787950834,1010.4874381276112,0,30.029325342567113,59.67422787950834,1010.4874381276112
2025-05-15 02:00:00,SubtleStation,29.993152710029744,62.08970605055894,1010.2231603100024,0,29.993152710029744,62.08970605055894,1010.2231603100024
2025-05-15 03:00:00,SubtleStation,30.03430750532164,58.486318949677575,1009.970946756961,0,30.03430750532164,58.486318949677575,1009.970946756961
2025-05-15 04:00:00,SubtleStation,30.26240688008168,60.69263236153278,1009.763622532472,0,30.26240688008168,60.69263236153278,1009.763622532472
2025-05-15 05:00:00,SubtleStation,30.011317845776468,60.370673812572285,1010.9313006392491,0,30.011317845776468,60.370673812572285,1010.9313006392491
2025-05-15 06:00:00,SubtleStation,30.142785306588163,60.08370284339024,1009.4531201055386,0,30.142785306588163,60.08370284339024,1009.4531201055386
2025-05-15 07:00:00,SubtleStation,30.131683247510452,58.714746883713104,1010.0216081276044,0,30.131683247510452,58.714746883713104,1010.0216081276044
2025-05-15 08:00:00,SubtleStation,30.397191283162805,58.519618665987466,1010.256614021675,0,30.397191283162805,58.519618665987466,1010.256614021675
2025-05-15 09:00:00,SubtleStation,30.246304521712823,58.53642311750138,1010.7074794261193,0,30.246304521712823,58.53642311750138,1010.7074794261193
2025-05-15 10:00:00,SubtleStation,30.098539608129926,56.03617107612737,1009.9701422206806,0,30.098539608129926,56.03617107612737,1009.9701422206806
2025-05-15 11:00:00,SubtleStation,30.08756825730749,57.572942430738564,1010.4199472932785,0,30.08756825730749,57.572942430738564,1010.4199472932785
2025-05-15 12:00:00,SubtleStation,29.961486169522576,55.790952528842,1010.4528842808621,0,29.961486169522576,55.790952528842,1010.4528842808621
2025-05-15 13:00:00,SubtleStation,29.877318055232067,56.224598423598465,1008.6018193827238,0,29.877318055232067,56.224598423598465,1008.6018193827238
2025-05-15 14:00:00,SubtleStation,29.887375820851464,57.22791421013493,1009.864766258376,0,29.887375820851464,57.22791421013493,1009.864766258376
2025-05-15 15:00:00,SubtleStation,29.872895847439175,56.006239132187865,1010.372766713198,0,29.872895847439175,56.006239132187865,1010.372766713198
2025-05-15 16:00:00,SubtleStation,29.754369319279334,54.21582248296647,1010.2168665811148,0,29.754369319279334,54.21582248296647,1010.2168665811148
2025-05-15 17:00:00,SubtleStation,29.735747293683254,56.24325434902961,1010.2551144838473,0,29.735747293683254,56.24325434902961,1010.2551144838473
2025-05-15 18:00:00,SubtleStation,29.77810655328555,52.99873366386047,1009.9387262826642,0,29.77810655328555,52.99873366386047,1009.9387262826642
2025-05-15 19:00:00,SubtleStation,29.696368439178702,53.04988344072903,1010.2845165808326,0,29.696368439178702,53.04988344072903,1010.2845165808326
2025-05-15 20:00:00,SubtleStation,29.69100683970089,54.489990399463885,1010.1206368111664,0,29.69100683970089,54.489990399463885,1010.1206368111664
2025-05-15 21:00:00,SubtleStation,29.66300153986375,52.4106651991498,1010.4623113647538,0,29.66300153986375,52.4106651991498,1010.4623113647538
2025-05-15 22:00:00,SubtleStation,29.842255298503616,53.47255284138797,1009.9460983683624,0,29.842255298503616,53.47255284138797,1009.9460983683624
2025-05-15 23:00:00,SubtleStation,29.78242595388064,53.059514259770836,1009.7180531031028,0,29.78242595388064,53.059514259770836,1009.7180531031028
2025-05-16 00:00:00,SubtleStation,29.789907338568124,52.14326527653559,1010.5772330444914,0,29.789907338568124,52.14326527653559,1010.5772330444914
2025-05-16 01:00:00,SubtleStation,29.793180334838723,52.313329864406455,1010.479340290672,0,29.793180334838723,52.313329864406455,1010.479340290672
2025-05-16 02:00:00,SubtleStation,29.3574428853983,50.80882524008245,1010.5593216154662,0,29.3574428853983,50.80882524008245,1010.5593216154662
2025-05-16 03:00:00,SubtleStation,29.462879071324046,50.24052829068401,1011.465747063224,0,29.462879071324046,50.24052829068401,1011.465747063224
2025-05-16 04:00:00,SubtleStation,29.471157069938098,50.450746357702734,1009.7747844563509,0,29.471157069938098,50.450746357702734,1009.7747844563509
2025-05-16 05:00:00,SubtleStation,29.451356133745467,50.21496690157423,1009.131903789249,0,29.451356133745467,50.21496690157423,1009.131903789249
2025-05-16 06:00:00,SubtleStation,29.41572732227325,48.96069640951327,1010.922145011818,0,29.41572732227325,48.96069640951327,1010.922145011818
2025-05-16 07:00:00,SubtleStation,29.545775687029007,47.59943469507907,1010.5173788864951,0,29.545775687029007,47.59943469507907,1010.5173788864951
2025-05-16 08:00:00,SubtleStation,29.09878698399843,50.36144440702558,1010.1356558058166,0,29.09878698399843,50.36144440702558,1010.1356558058166
2025-05-16 09:00:00,SubtleStation,29.19988823808445,49.786617494079955,1009.6194853695782,0,29.19988823808445,49.786617494079955,1009.6194853695782
2025-05-16 10:00:00,SubtleStation,28.85384512421889,48.643918781591985,1010.2430938739618,0,28.85384512421889,48.643918781591985,1010.2430938739618
2025-05-16 11:00:00,SubtleStation,29.122488691444964,47.40302114897782,1010.021461162533,0,29.122488691444964,47.40302114897782,1010.021461162533
2025-05-16 12:00:00,SubtleStation,28.660850516858034,50.592518128925555,1010.8246105010442,0,28.660850516858034,50.592518128925555,1010.8246105010442
2025-05-16 13:00:00,SubtleStation,28.990073706483162,48.65227871777278,1009.3509271830674,0,28.990073706483162,48.65227871777278,1009.3509271830674
2025-05-16 14:00:00,SubtleStation,29.103222518814714,45.78534489308038,1011.5618032566238,0,29.103222518814714,45.78534489308038,1011.5618032566238
2025-05-16 15:00:00,SubtleStation,28.91496599495413,47.55156882675444,1009.3005041091702,0,28.91496599495413,47.55156882675444,1009.3005041091702
2025-05-16 16:00:00,SubtleStation,28.511854270255302,46.37459829326829,1009.5816940960174,0,28.511854270255302,46.37459829326829,1009.5816940960174
2025-05-16 17:00:00,SubtleStation,28.50217415954768,48.05145594885837,1010.3442338563916,0,28.50217415954768,48.05145594885837,1010.3442338563916
2025-05-16 18:00:00,SubtleStation,28.71161757711495,46.63605302439607,1009.4934568191753,0,28.71161757711495,46.63605302439607,1009.4934568191753
2025-05-16 19:00:00,SubtleStation,28.495369324355877,44.6596964009064,1009.0549133935071,0,28.495369324355877,44.6596964009064,1009.0549133935071
2025-05-16 20:00:00,SubtleStation,28.010405896190214,44.29851703070667,1010.309891076175,0,28.010405896190214,44.29851703070667,1010.309891076175
2025-05-16 21:00:00,SubtleStation,28.656302484640303,43.8998425920435,1010.0801607575501,0,28.656302484640303,43.8998425920435,1010.0801607575501
2025-05-16 22:00:00,SubtleStation,28.335531963578557,45.14492567739294,1009.9465217486891,0,28.335531963578557,45.14492567739294,1009.9465217486891
2025-05-16 23:00:00,SubtleStation,27.93667478051461,43.0514247817913,1009.498511951689,0,27.93667478051461,43.0514247817913,1009.498511951689
2025-05-17 00:00:00,SubtleStation,28.192350873133357,41.729839740600205,1009.317257153048,0,28.192350873133357,41.729839740600205,1009.317257153048
2025-05-17 01:00:00,SubtleStation,28.509996736040723,43.72032005998626,1009.7502729287849,0,28.509996736040723,43.72032005998626,1009.7502729287849
2025-05-17 02:00:00,SubtleStation,27.95818777125468,42.745890220899405,1010.2230244663355,0,27.95818777125468,42.745890220899405,1010.2230244663355
2025-05-17 03:00:00,SubtleStation,27.874390330638068,43.357155276242096,1010.0975161067087,0,27.874390330638068,43.357155276242096,1010.0975161067087
2025-05-17 04:00:00,SubtleStation,27.696404316500967,41.346667747920236,1010.340824663009,0,27.696404316500967,41.346667747920236,1010.340824663009
2025-05-17 05:00:00,SubtleStation,27.871058539625178,43.15677613776708,1010.2002510677511,0,27.871058539625178,43.15677613776708,1010.2002510677511
2025-05-17 06:00:00,SubtleStation,27.70774049931104,43.07064542082895,1009.5087912249297,0,27.70774049931104,43.07064542082895,1009.5087912249297
2025-05-17 07:00:00,SubtleStation,27.73458842456757,41.700814617643786,1009.9642024735813,0,27.73458842456757,41.700814617643786,1009.9642024735813
2025-05-17 08:00:00,SubtleStation,27.340790992479427,40.73077222444899,1009.2354709776669,0,27.340790992479427,40.73077222444899,1009.2354709776669
2025-05-17 09:00:00,SubtleStation,27.54444968374103,42.37211988817126,1010.1898396604296,0,27.54444968374103,42.37211988817126,1010.1898396604296
2025-05-17 10:00:00,SubtleStation,27.074834030016884,43.411864300468906,1010.0964510636594,0,27.074834030016884,43.411864300468906,1010.0964510636594
2025-05-17 11:00:00,SubtleStation,27.320571484126713,39.59637208585288,1010.3737157157101,0,27.320571484126713,39.59637208585288,1010.3737157157101
2025-05-17 12:00:00,SubtleStation,26.97285519994594,41.90583954956188,1009.5998174507579,0,26.97285519994594,41.90583954956188,1009.5998174507579
2025-05-17 13:00:00,SubtleStation,27.048010994938345,39.127975032653744,1010.468970184751,0,27.048010994938345,39.127975032653744,1010.468970184751
2025-05-17 14:00:00,SubtleStation,26.636885763442606,42.19504721688063,1009.3015530818222,0,26.636885763442606,42.19504721688063,1009.3015530818222
2025-05-17 15:00:00,SubtleStation,26.875708142147843,40.79612278144664,1010.5427427326049,0,26.875708142147843,40.79612278144664,1010.5427427326049
2025-05-17 16:00:00,SubtleStation,26.7589275769665,41.24359721035335,1009.9530873783548,0,26.7589275769665,41.24359721035335,1009.9530873783548
2025-05-17 17:00:00,SubtleStation,26.363246910400264,39.771482104668245,1009.9761353379954,0,26.363246910400264,39.771482104668245,1009.9761353379954
2025-05-17 18:00:00,SubtleStation,26.920569382575728,42.190683122284966,1009.8720509598137,0,26.920569382575728,42.190683122284966,1009.8720509598137
2025-05-17 19:00:00,SubtleStation,26.603556646979158,41.74150662090615,1010.907298670687,0,26.603556646979158,41.74150662090615,1010.907298670687
2025-05-17 20:00:00,SubtleStation,26.165320461008264,42.29409558880788,1010.6814440614708,0,26.165320461008264,42.29409558880788,1010.6814440614708
2025-05-17 21:00:00,SubtleStation,26.0853647117602,39.601678134931944,1011.0503966547254,0,26.0853647117602,39.601678134931944,1011.0503966547254
2025-05-17 22:00:00,SubtleStation,26.140165391909473,41.35600690336471,1010.2505239817098,0,26.140165391909473,41.35600690336471,1010.2505239817098
2025-05-17 23:00:00,SubtleStation,25.97906785905327,44.55143674857224,1010.6991178476981,0,25.97906785905327,44.55143674857224,1010.6991178476981
2025-05-18 00:00:00,SubtleStation,25.976192342555372,38.92291148180337,1009.9508457170958,0,25.976192342555372,38.92291148180337,1009.9508457170958
2025-05-18 01:00:00,SubtleStation,25.462998538009316,40.195729417947526,1010.323626670825,0,25.462998538009316,40.195729417947526,1010.323626670825
2025-05-18 02:00:00,SubtleStation,26.136458446142818,39.66588251202106,1010.4586955265777,0,26.136458446142818,39.66588251202106,1010.4586955265777
2025-05-18 03:00:00,SubtleStation,25.555613560595535,39.040878830913734,1009.7855736126869,0,25.555613560595535,39.040878830913734,1009.7855736126869
2025-05-18 04:00:00,SubtleStation,25.84234397925655,40.76211449441047,1010.7561244049142,0,25.84234397925655,40.76211449441047,1010.7561244049142
2025-05-18 05:00:00,SubtleStation,25.466911158189262,40.521337837844975,1009.6995252778158,0,25.466911158189262,40.521337837844975,1009.6995252778158
2025-05-18 06:00:00,SubtleStation,25.89046721014265,38.3153954951493,1010.4771714946237,0,25.89046721014265,38.3153954951493,1010.4771714946237
2025-05-18 07:00:00,SubtleStation,25.47292223652852,39.72191017849736,1009.1938667274047,0,25.47292223652852,39.72191017849736,1009.1938667274047
2025-05-18 08:00:00,SubtleStation,25.41372263134911,38.21753277182697,1010.1055961770949,0,25.41372263134911,38.21753277182697,1010.1055961770949
2025-05-18 09:00:00,SubtleStation,25.34041782899069,37.611433381629105,1009.9537061910529,0,25.34041782899069,37.611433381629105,1009.9537061910529
2025-05-18 10:00:00,SubtleStation,25.017954683507693,40.60914062042788,1010.3334125218214,0,25.017954683507693,40.60914062042788,1010.3334125218214
2025-05-18 11:00:00,SubtleStation,24.931384672939373,40.84313893814498,1010.1204227459534,0,24.931384672939373,40.84313893814498,1010.1204227459534
2025-05-18 12:00:00,SubtleStation,24.776177836085154,39.354814997899155,1010.1059688355559,0,24.776177836085154,39.354814997899155,1010.1059688355559
2025-05-18 13:00:00,SubtleStation,24.773682372951896,39.034920950583746,1009.3473086972942,0,24.773682372951896,39.034920950583746,1009.3473086972942
2025-05-18 14:00:00,SubtleStation,24.61675259940888,40.136219935541476,1009.8982868230831,0,24.61675259940888,40.136219935541476,1009.8982868230831
2025-05-18 15:00:00,SubtleStation,24.574403063133392,40.70230849952965,1010.0107154448251,0,24.574403063133392,40.70230849952965,1010.0107154448251
2025-05-18 16:00:00,SubtleStation,24.243833164955035,42.710786003911544,1009.0997907274841,0,24.243833164955035,42.710786003911544,1009.0997907274841
2025-05-18 17:00:00,SubtleStation,24.220070162303884,40.57314321095876,1009.9940850502229,0,24.220070162303884,40.57314321095876,1009.9940850502229
2025-05-18 18:00:00,SubtleStation,24.315363615241576,42.08192765696218,1010.3884851142873,0,24.315363615241576,42.08192765696218,1010.3884851142873
2025-05-18 19:00:00,SubtleStation,24.11010876547569,41.74266636952965,1010.1306201694853,0,24.11010876547569,41.74266636952965,1010.1306201694853
2025-05-18 20:00:00,SubtleStation,24.104616848195285,38.88071034582697,1009.6271043800425,0,24.104616848195285,38.88071034582697,1009.6271043800425
2025-05-18 21:00:00,SubtleStation,24.044056528483043,38.9082957552361,1010.5336853637051,0,24.044056528483043,38.9082957552361,1010.5336853637051
2025-05-18 22:00:00,SubtleStation,23.990071454100324,40.775985887017555,1011.762972745557,0,23.990071454100324,40.775985887017555,1011.762972745557
2025-05-18 23:00:00,SubtleStation,23.81434899362307,41.00240022212754,1010.510279540943,0,23.81434899362307,41.00240022212754,1010.510279540943
2025-05-19 00:00:00,SubtleStation,23.572704933613565,39.45409736602388,1010.3258021284248,0,23.572704933613565,39.45409736602388,1010.3258021284248
2025-05-19 01:00:00,SubtleStation,23.350266251816603,40.171599149801935,1009.3763075243235,0,23.350266251816603,40.171599149801935,1009.3763075243235
2025-05-19 02:00:00,SubtleStation,23.659626555172537,40.591970485461665,1010.3471418014706,0,23.659626555172537,40.591970485461665,1010.3471418014706
2025-05-19 03:00:00,SubtleStation,23.194892487499676,40.562580942961226,1009.4841204551051,0,23.194892487499676,40.562580942961226,1009.4841204551051
2025-05-19 04:00:00,SubtleStation,23.23949015351047,42.145717927774356,1010.3481959766585,0,23.23949015351047,42.145717927774356,1010.3481959766585
2025-05-19 05:00:00,SubtleStation,23.46975432731108,41.69519779801648,1009.9044405351765,0,23.46975432731108,41.69519779801648,1009.9044405351765
2025-05-19 06:00:00,SubtleStation,22.895099640934767,42.69168039501727,1010.0769667905693,0,22.895099640934767,42.69168039501727,1010.0769667905693
2025-05-19 07:00:00,SubtleStation,22.907467932232652,41.3995952990578,1009.5458869938556,0,22.907467932232652,41.3995952990578,1009.5458869938556
2025-05-19 08:00:00,SubtleStation,22.894739009666914,41.00869222862371,1010.0979444537442,0,22.894739009666914,41.00869222862371,1010.0979444537442
2025-05-19 09:00:00,SubtleStation,22.423670393914247,42.37221782700749,1009.8016987553423,0,22.423670393914247,42.37221782700749,1009.8016987553423
2025-05-19 10:00:00,SubtleStation,22.477996744609836,44.19035651179397,1010.9740352763353,0,22.477996744609836,44.19035651179397,1010.9740352763353
2025-05-19 11:00:00,SubtleStation,22.853808170862305,43.96659883951852,1009.7547117454651,0,22.853808170862305,43.96659883951852,1009.7547117454651
2025-05-19 12:00:00,SubtleStation,22.60665673182453,43.20021497161353,1011.1536227315588,0,22.60665673182453,43.20021497161353,1011.1536227315588
2025-05-19 13:00:00,SubtleStation,22.595038061646523,41.12068731044246,1009.9274767687939,0,22.595038061646523,41.12068731044246,1009.9274767687939
2025-05-19 14:00:00,SubtleStation,22.395819819388638,42.28051410691908,1010.8249117712954,0,22.395819819388638,42.28051410691908,1010.8249117712954
2025-05-19 15:00:00,SubtleStation,21.869877461783464,42.66266408504908,1009.6016230068346,0,21.869877461783464,42.66266408504908,1009.6016230068346
2025-05-19 16:00:00,SubtleStation,21.973618893245565,44.479197164217474,1010.8746161453674,0,21.973618893245565,44.479197164217474,1010.8746161453674
2025-05-19 17:00:00,SubtleStation,21.650101736935678,46.51450667558342,1010.8074459550568,0,21.650101736935678,46.51450667558342,1010.8074459550568
2025-05-19 18:00:00,SubtleStation,22.142860668877045,43.17086972700317,1010.4952453535033,0,22.142860668877045,43.17086972700317,1010.4952453535033
2025-05-19 19:00:00,SubtleStation,22.476937961417192,43.74106689609478,1010.0843181141,0,22.476937961417192,43.74106689609478,1010.0843181141
2025-05-19 20:00:00,SubtleStation,21.543007298253833,45.1674672940258,1009.7300514116349,0,21.543007298253833,45.1674672940258,1009.7300514116349
2025-05-19 21:00:00,SubtleStation,21.993564035812728,45.33166162505584,1009.7735046355441,0,21.993564035812728,45.33166162505584,1009.7735046355441
2025-05-19 22:00:00,SubtleStation,21.92137423763958,44.22676634823258,1009.4560703093957,0,21.92137423763958,44.22676634823258,1009.4560703093957
2025-05-19 23:00:00,SubtleStation,21.66628691237191,45.69807736821395,1008.8252393167461,0,21.66628691237191,45.69807736821395,1008.8252393167461
2025-05-20 00:00:00,SubtleStation,21.281649454573895,47.374773242604356,1009.9194943933834,0,21.281649454573895,47.374773242604356,1009.9194943933834
2025-05-20 01:00:00,SubtleStation,21.310603528032676,44.304567340456394,1010.5393729907589,0,21.310603528032676,44.304567340456394,1010.5393729907589
2025-05-20 02:00:00,SubtleStation,21.009533504108877,45.8365071975071,1009.5723006805623,0,21.009533504108877,45.8365071975071,1009.5723006805623
2025-05-20 03:00:00,SubtleStation,21.319455248194384,46.27158610830983,1009.8588904152228,0,21.319455248194384,46.27158610830983,1009.8588904152228
2025-05-20 04:00:00,SubtleStation,21.320565099642312,48.36896955218871,1009.9483868535774,0,21.320565099642312,48.36896955218871,1009.9483868535774
2025-05-20 05:00:00,SubtleStation,21.37545478743016,47.37769431664921,1010.7768542234619,0,21.37545478743016,47.37769431664921,1010.7768542234619
2025-05-20 06:00:00,SubtleStation,21.10570813603458,46.826728540726904,1009.6406204839458,0,21.10570813603458,46.826728540726904,1009.6406204839458
2025-05-20 07:00:00,SubtleStation,20.91402928320133,45.95046136010484,1008.6081664539354,0,20.91402928320133,45.95046136010484,1008.6081664539354
2025-05-20 08:00:00,SubtleStation,20.884171764682243,47.193661616011454,1009.4828986175581,0,20.884171764682243,47.193661616011454,1009.4828986175581
2025-05-20 09:00:00,SubtleStation,20.936069789970205,47.42536813588788,1009.490670371426,0,20.936069789970205,47.42536813588788,1009.490670371426
2025-05-20 10:00:00,SubtleStation,20.964489486106082,47.332362766457834,1010.4208249547326,0,20.964489486106082,47.332362766457834,1010.4208249547326
2025-05-20 11:00:00,SubtleStation,21.12586049967244,47.906881511093935,1009.1529098657344,0,21.12586049967244,47.906881511093935,1009.1529098657344
2025-05-20 12:00:00,SubtleStation,21.20208044137143,49.62857619625977,1010.3322180945917,0,21.20208044137143,49.62857619625977,1010.3322180945917
2025-05-20 13:00:00,SubtleStation,20.737993907314607,49.46300233961751,1010.8420799900779,0,20.737993907314607,49.46300233961751,1010.8420799900779
2025-05-20 14:00:00,SubtleStation,20.47251878759807,48.929055105835744,1010.2160906319268,0,20.47251878759807,48.929055105835744,1010.2160906319268
2025-05-20 15:00:00,SubtleStation,20.88400275453313,50.00452937173882,1009.9777512155154,0,20.88400275453313,50.00452937173882,1009.9777512155154
2025-05-20 16:00:00,SubtleStation,21.101687493132445,50.83461935919244,1010.1524506040805,0,21.101687493132445,50.83461935919244,1010.1524506040805
2025-05-20 17:00:00,SubtleStation,20.393283644398917,50.03070629445565,1010.1484879089344,0,20.393283644398917,50.03070629445565,1010.1484879089344
2025-05-20 18:00:00,SubtleStation,20.400065723789336,50.44475974296923,1010.6516067827515,0,20.400065723789336,50.44475974296923,1010.6516067827515
2025-05-20 19:00:00,SubtleStation,20.432812467920506,51.98154092315292,1009.8960456293232,0,20.432812467920506,51.98154092315292,1009.8960456293232
2025-05-20 20:00:00,SubtleStation,20.42045962922072,52.44282377319018,1009.5995044878732,0,20.42045962922072,52.44282377319018,1009.5995044878732
2025-05-20 21:00:00,SubtleStation,20.241715544321067,51.644247363286766,1010.315814448893,0,20.241715544321067,51.644247363286766,1010.315814448893
2025-05-20 22:00:00,SubtleStation,20.062484034138983,52.682657719741435,1010.2406915998336,0,20.062484034138983,52.682657719741435,1010.2406915998336
2025-05-20 23:00:00,SubtleStation,20.426982726974558,53.82775533184598,1009.8618888426124,0,20.426982726974558,53.82775533184598,1009.8618888426124
2025-05-21 00:00:00,SubtleStation,20.24404964559424,53.98032719603686,1009.1090209314921,0,20.24404964559424,53.98032719603686,1009.1090209314921
2025-05-21 01:00:00,SubtleStation,20.46536356183336,52.55858529809544,1009.8828841178622,0,20.46536356183336,52.55858529809544,1009.8828841178622
2025-05-21 02:00:00,SubtleStation,20.318779544650923,54.04274575855835,1010.737715839868,0,20.318779544650923,54.04274575855835,1010.737715839868
2025-05-21 03:00:00,SubtleStation,20.386220418930353,54.05160342983079,1009.9685084882871,0,20.386220418930353,54.05160342983079,1009.9685084882871
2025-05-21 04:00:00,SubtleStation,20.169008359422204,54.330722165040335,1010.1621724777414,0,20.169008359422204,54.330722165040335,1010.1621724777414
2025-05-21 05:00:00,SubtleStation,20.272843638994395,54.61882913114698,1009.7437224555233,0,20.272843638994395,54.61882913114698,1009.7437224555233
2025-05-21 06:00:00,SubtleStation,19.96518422835683,54.25061544463691,1010.3085670144933,0,19.96518422835683,54.25061544463691,1010.3085670144933
2025-05-21 07:00:00,SubtleStation,20.19121874639836,58.44171919264209,1009.9985565994705,0,20.19121874639836,58.44171919264209,1009.9985565994705
2025-05-21 08:00:00,SubtleStation,20.275008697314387,56.547271549129576,1009.7158048339797,0,20.275008697314387,56.547271549129576,1009.7158048339797
2025-05-21 09:00:00,SubtleStation,20.322320151510564,58.297419282743185,1011.0012914162683,0,20.322320151510564,58.297419282743185,1011.0012914162683
2025-05-21 10:00:00,SubtleStation,19.9839620327156,57.557608043928774,1010.2628476941566,0,19.9839620327156,57.557608043928774,1010.2628476941566
2025-05-21 11:00:00,SubtleStation,20.15070648607556,55.145899149691395,1010.2039738929009,0,20.15070648607556,55.145899149691395,1010.2039738929009
2025-05-21 12:00:00,SubtleStation,20.28192187796195,58.585785565649275,1010.7206455721781,0,20.28192187796195,58.585785565649275,1010.7206455721781
2025-05-21 13:00:00,SubtleStation,19.701383168420303,60.64156654907757,1010.2073553968008,0,19.701383168420303,60.64156654907757,1010.2073553968008
2025-05-21 14:00:00,SubtleStation,19.935151134173275,58.9763752402334,1010.1752099687973,0,19.935151134173275,58.9763752402334,1010.1752099687973
2025-05-21 15:00:00,SubtleStation,20.1193805533235,58.87831488485341,1009.678040709809,0,20.1193805533235,58.87831488485341,1009.678040709809
2025-05-21 16:00:00,SubtleStation,19.943792070419867,59.32786795836389,1008.8248286283055,0,19.943792070419867,59.32786795836389,1008.8248286283055
2025-05-21 17:00:00,SubtleStation,19.869481759387334,59.938418096978246,1010.564035051214,0,19.869481759387334,59.938418096978246,1010.564035051214
2025-05-21 18:00:00,SubtleStation,20.090690008760863,62.00346441597436,1010.280181839252,0,20.090690008760863,62.00346441597436,1010.280181839252
2025-05-21 19:00:00,SubtleStation,19.913183853842767,60.472310010460916,1009.8149700794773,0,19.913183853842767,60.472310010460916,1009.8149700794773
2025-05-21 20:00:00,SubtleStation,20.0281879382577,60.160084400099635,1010.5409789560138,0,20.0281879382577,60.160084400099635,1010.5409789560138
2025-05-21 21:00:00,SubtleStation,19.711694534832553,62.287734910526275,1009.9591803095781,0,19.711694534832553,62.287734910526275,1009.9591803095781
2025-05-21 22:00:00,SubtleStation,19.93802143812915,63.76596552291207,1010.3363898974688,0,19.93802143812915,63.76596552291207,1010.3363898974688
2025-05-21 23:00:00,SubtleStation,20.100030983562455,61.331356226408346,1010.1792105221576,0,20.100030983562455,61.331356226408346,1010.1792105221576
2025-05-22 00:00:00,SubtleStation,20.037836847330425,65.37039137525636,1010.3375470814,0,20.037836847330425,65.37039137525636,1010.3375470814
2025-05-22 01:00:00,SubtleStation,20.064806186869742,62.93599584955667,1009.9447257209823,0,20.064806186869742,62.93599584955667,1009.9447257209823
2025-05-22 02:00:00,SubtleStation,20.155109262972623,65.246009058031,1009.8806204873451,0,20.155109262972623,65.246009058031,1009.8806204873451
2025-05-22 03:00:00,SubtleStation,20.330290511407405,64.4308023131862,1009.7077117674918,0,20.330290511407405,64.4308023131862,1009.7077117674918
2025-05-22 04:00:00,SubtleStation,20.08440368314969,65.42297100732362,1009.671756264249,0,20.08440368314969,65.42297100732362,1009.671756264249
2025-05-22 05:00:00,SubtleStation,20.152331585221155,65.3159339081788,1010.2756868510795,0,20.152331585221155,65.3159339081788,1010.2756868510795
2025-05-22 06:00:00,SubtleStation,20.197470966877727,65.19746875357266,1009.9289487616664,0,20.197470966877727,65.19746875357266,1009.9289487616664
2025-05-22 07:00:00,SubtleStation,20.114504678563165,63.491488061643324,1010.2431927543339,0,20.114504678563165,63.491488061643324,1010.2431927543339
2025-05-22 08:00:00,SubtleStation,20.08238299389645,63.180612845930106,1009.338283510006,0,20.08238299389645,63.180612845930106,1009.338283510006
2025-05-22 09:00:00,SubtleStation,20.439826582861617,66.65091835480284,1010.2252558425096,0,20.439826582861617,66.65091835480284,1010.2252558425096
2025-05-22 10:00:00,SubtleStation,20.07178963189124,66.62087245243588,1010.1230644241816,0,20.07178963189124,66.62087245243588,1010.1230644241816
2025-05-22 11:00:00,SubtleStation,20.45829012303996,67.82987657219506,1010.0891890927288,0,20.45829012303996,67.82987657219506,1010.0891890927288
2025-05-22 12:00:00,SubtleStation,20.33440808641425,65.851193572878,1010.5487701468126,0,20.33440808641425,65.851193572878,1010.5487701468126
2025-05-22 13:00:00,SubtleStation,20.34727908429354,67.24970951148543,1009.941712012691,0,20.34727908429354,67.24970951148543,1009.941712012691
2025-05-22 14:00:00,SubtleStation,20.5208943614202,68.11686797363625,1009.8704947022736,0,20.5208943614202,68.11686797363625,1009.8704947022736
2025-05-22 15:00:00,SubtleStation,20.593656630587304,69.81727576840791,1010.0446709848935,0,20.593656630587304,69.81727576840791,1010.0446709848935
2025-05-22 16:00:00,SubtleStation,20.335275321445753,69.99875127917203,1010.3613445870672,0,20.335275321445753,69.99875127917203,1010.3613445870672
2025-05-22 17:00:00,SubtleStation,20.581846830433715,67.96056307007909,1009.705942021366,0,20.581846830433715,67.96056307007909,1009.705942021366
2025-05-22 18:00:00,SubtleStation,20.54831653155615,68.78653314456149,1009.8053437182679,0,20.54831653155615,68.78653314456149,1009.8053437182679
2025-05-22 19:00:00,SubtleStation,20.538178046781372,70.51795936964669,1010.377375839798,0,20.538178046781372,70.51795936964669,1010.377375839798
2025-05-22 20:00:00,SubtleStation,20.319515260911604,70.71965376230906,1010.3127067645254,0,20.319515260911604,70.71965376230906,1010.3127067645254
2025-05-22 21:00:00,SubtleStation,20.960714400231108,71.05115876948629,1010.0423307838562,0,20.960714400231108,71.05115876948629,1010.0423307838562
2025-05-22 22:00:00,SubtleStation,21.02336047393839,72.59800800376019,1009.0819934337655,0,21.02336047393839,72.59800800376019,1009.0819934337655
2025-05-22 23:00:00,SubtleStation,20.66865067185122,71.91903766573424,1009.7956688877823,0,20.66865067185122,71.91903766573424,1009.7956688877823
2025-05-23 00:00:00,SubtleStation,20.938377533207966,72.55997816641678,1010.0106954657304,0,20.938377533207966,72.55997816641678,1010.0106954657304
2025-05-23 01:00:00,SubtleStation,20.774495002384185,72.98603073001705,1009.8801582135751,0,20.774495002384185,72.98603073001705,1009.8801582135751
2025-05-23 02:00:00,SubtleStation,21.009308098247935,72.0004285037485,1009.3358337519364,0,21.009308098247935,72.0004285037485,1009.3358337519364
2025-05-23 03:00:00,SubtleStation,21.01562902172767,71.33520408502501,1009.5950593266236,0,21.01562902172767,71.33520408502501,1009.5950593266236
2025-05-23 04:00:00,SubtleStation,21.477626063649033,75.01492622063742,1009.4402494543638,0,21.477626063649033,75.01492622063742,1009.4402494543638
2025-05-23 05:00:00,SubtleStation,20.99927443197591,73.55162164789009,1010.6044159308237,0,20.99927443197591,73.55162164789009,1010.6044159308237
2025-05-23 06:00:00,SubtleStation,20.983170443560468,72.8664976553807,1010.4500486860846,0,20.983170443560468,72.8664976553807,1010.4500486860846
2025-05-23 07:00:00,SubtleStation,21.338939427854076,73.05749923831998,1010.2888763705394,0,21.338939427854076,73.05749923831998,1010.2888763705394
2025-05-23 08:00:00,SubtleStation,21.421340928981337,74.96159548393446,1010.2148116573427,0,21.421340928981337,74.96159548393446,1010.2148116573427
2025-05-23 09:00:00,SubtleStation,21.94403633414237,72.86116724994784,1009.7434220281885,0,21.94403633414237,72.86116724994784,1009.7434220281885
2025-05-23 10:00:00,SubtleStation,21.472123477179043,72.75782218325196,1008.8788141146124,0,21.472123477179043,72.75782218325196,1008.8788141146124
2025-05-23 11:00:00,SubtleStation,21.993535255700934,73.99719994423641,1010.1261763021404,0,21.993535255700934,73.99719994423641,1010.1261763021404
2025-05-23 12:00:00,SubtleStation,21.875179481378993,77.54840766791943,1010.2013304693324,0,21.875179481378993,77.54840766791943,1010.2013304693324
2025-05-23 13:00:00,SubtleStation,22.181840854425396,76.44087017758235,1009.6748316181379,0,22.181840854425396,76.44087017758235,1009.6748316181379
2025-05-23 14:00:00,SubtleStation,21.985134040759842,76.861618013666,1008.8200354945371,0,21.985134040759842,76.861618013666,1008.8200354945371
2025-05-23 15:00:00,SubtleStation,21.68661498645423,75.73090965430555,1009.4281810830222,0,21.68661498645423,75.73090965430555,1009.4281810830222
2025-05-23 16:00:00,SubtleStation,21.90451691610285,76.70367235223505,1009.2486155554748,0,21.90451691610285,76.70367235223505,1009.2486155554748
2025-05-23 17:00:00,SubtleStation,22.28095745995625,76.79817109450903,1010.2351574961308,0,22.28095745995625,76.79817109450903,1010.2351574961308
2025-05-23 18:00:00,SubtleStation,22.07772392596399,76.55753532359768,1011.2538545560335,0,22.07772392596399,76.55753532359768,1011.2538545560335
2025-05-23 19:00:00,SubtleStation,22.817161151487106,76.87999650919946,1009.0306346459051,0,22.817161151487106,76.87999650919946,1009.0306346459051
2025-05-23 20:00:00,SubtleStation,22.058342591272762,76.95606292035085,1009.6423722461392,0,22.058342591272762,76.95606292035085,1009.6423722461392
2025-05-23 21:00:00,SubtleStation,22.384507479979206,76.88697263694628,1009.7046684360784,0,22.384507479979206,76.88697263694628,1009.7046684360784
2025-05-23 22:00:00,SubtleStation,22.691643770040354,77.55412194916931,1010.0694337469815,0,22.691643770040354,77.55412194916931,1010.0694337469815
2025-05-23 23:00:00,SubtleStation,22.689715308481635,77.16753240631947,1010.3951465671967,0,22.689715308481635,77.16753240631947,1010.3951465671967
2025-05-24 00:00:00,SubtleStation,22.68042989525255,77.66304483267703,1010.1632330138649,0,22.68042989525255,77.66304483267703,1010.1632330138649
2025-05-24 01:00:00,SubtleStation,23.154408451395927,77.56545140073885,1009.7124155679437,0,23.154408451395927,77.56545140073885,1009.7124155679437
2025-05-24 02:00:00,SubtleStation,22.97076020091624,77.88620679884832,1009.9147006523796,0,22.97076020091624,77.88620679884832,1009.9147006523796
2025-05-24 03:00:00,SubtleStation,23.262647293894513,78.9629806624424,1009.9909331124933,0,23.262647293894513,78.9629806624424,1009.9909331124933
2025-05-24 04:00:00,SubtleStation,23.055790724059086,79.5490958641712,1009.7130947240365,0,23.055790724059086,79.5490958641712,1009.7130947240365
2025-05-24 05:00:00,SubtleStation,23.44123404285822,78.44903036010813,1009.5100447351219,0,23.44123404285822,78.44903036010813,1009.5100447351219
2025-05-24 06:00:00,SubtleStation,23.373382945371848,79.29766448309965,1009.6346450154626,0,23.373382945371848,79.29766448309965,1009.6346450154626
2025-05-24 07:00:00,SubtleStation,23.0972384950235,79.24087489946659,1009.7625556149649,0,23.0972384950235,79.24087489946659,1009.7625556149649
2025-05-24 08:00:00,SubtleStation,23.27410087700831,79.57039656526871,1009.9115931661972,0,23.27410087700831,79.57039656526871,1009.9115931661972
2025-05-24 09:00:00,SubtleStation,23.838080775703787,79.23312194666768,1010.1335064006252,0,23.838080775703787,79.23312194666768,1010.1335064006252
2025-05-24 10:00:00,SubtleStation,23.70904755874078,79.07871216130238,1010.8965416196846,0,23.70904755874078,79.07871216130238,1010.8965416196846
2025-05-24 11:00:00,SubtleStation,24.034497131699002,79.04752758308196,1010.8225699446314,0,24.034497131699002,79.04752758308196,1010.8225699446314
2025-05-24 12:00:00,SubtleStation,24.048405795255164,79.39949611059554,1009.736435359235,0,24.048405795255164,79.39949611059554,1009.736435359235
2025-05-24 13:00:00,SubtleStation,23.776884406269726,79.59473722264833,1009.6210653392733,0,23.776884406269726,79.59473722264833,1009.6210653392733
2025-05-24 14:00:00,SubtleStation,23.86075696277529,78.4145426016338,1009.776330114849,0,23.86075696277529,78.4145426016338,1009.776330114849
2025-05-24 15:00:00,SubtleStation,24.17688396172882,79.00319486782935,1009.4996577484883,0,24.17688396172882,79.00319486782935,1009.4996577484883
2025-05-24 16:00:00,SubtleStation,24.330065994837394,78.21856012882023,1010.5346428905216,0,24.330065994837394,78.21856012882023,1010.5346428905216
2025-05-24 17:00:00,SubtleStation,24.25615879982716,78.9539110441493,1009.9955533255338,0,24.25615879982716,78.9539110441493,1009.9955533255338
2025-05-24 18:00:00,SubtleStation,24.596894654912138,80.00458577567318,1009.6226233074356,0,24.596894654912138,80.00458577567318,1009.6226233074356
2025-05-24 19:00:00,SubtleStation,24.55143717067594,80.38168811847042,1009.4730900638009,0,24.55143717067594,80.38168811847042,1009.4730900638009
2025-05-24 20:00:00,SubtleStation,24.5426992918966,78.12886919478093,1010.806131469889,0,24.5426992918966,78.12886919478093,1010.806131469889
2025-05-24 21:00:00,SubtleStation,24.84494750739693,80.79317004253026,1011.0036016286138,0,24.84494750739693,80.79317004253026,1011.0036016286138
2025-05-24 22:00:00,SubtleStation,24.765301086399123,80.53069269762435,1010.3275941622461,0,24.765301086399123,80.53069269762435,1010.3275941622461
2025-05-24 23:00:00,SubtleStation,24.70377403851098,82.59330768888196,1009.2917733721379,0,24.70377403851098,82.59330768888196,1009.2917733721379
2025-05-25 00:00:00,SubtleStation,25.40837669121029,81.28649391385993,1009.6904722636144,0,25.40837669121029,81.28649391385993,1009.6904722636144
2025-05-25 01:00:00,SubtleStation,24.800371650194368,78.4717503680148,1010.1749552950737,0,24.800371650194368,78.4717503680148,1010.1749552950737
2025-05-25 02:00:00,SubtleStation,24.962299367042508,79.43597566225762,1009.963329479089,0,24.962299367042508,79.43597566225762,1009.963329479089
2025-05-25 03:00:00,SubtleStation,25.559465009978958,82.3882697357862,1010.3202139507184,0,25.559465009978958,82.3882697357862,1010.3202139507184
2025-05-25 04:00:00,SubtleStation,25.545907969607633,77.54478085375472,1009.7021553511897,0,25.545907969607633,77.54478085375472,1009.7021553511897
2025-05-25 05:00:00,SubtleStation,25.479158659648533,80.42300864111027,1010.0232484079992,0,25.479158659648533,80.42300864111027,1010.0232484079992
2025-05-25 06:00:00,SubtleStation,26.0799917430173,81.40510233608362,1010.1814841301284,0,26.0799917430173,81.40510233608362,1010.1814841301284
2025-05-25 07:00:00,SubtleStation,25.711874521166866,80.61497234284893,1009.1683266702595,0,25.711874521166866,80.61497234284893,1009.1683266702595
2025-05-25 08:00:00,SubtleStation,25.86685603138641,79.47380608255797,1010.2113141262488,0,25.86685603138641,79.47380608255797,1010.2113141262488
2025-05-25 09:00:00,SubtleStation,25.990696542305542,80.44167692995643,1010.5380504356079,0,25.990696542305542,80.44167692995643,1010.5380504356079
2025-05-25 10:00:00,SubtleStation,26.207914139680078,80.04682308283519,1010.3536403358872,0,26.207914139680078,80.04682308283519,1010.3536403358872
2025-05-25 11:00:00,SubtleStation,26.320945837969813,79.18200445665732,1010.0382505622954,0,26.320945837969813,79.18200445665732,1010.0382505622954
2025-05-25 12:00:00,SubtleStation,26.55225100773898,79.94428676671912,1009.4856024988665,0,26.55225100773898,79.94428676671912,1009.4856024988665
2025-05-25 13:00:00,SubtleStation,26.282694359093867,78.97664199469521,1009.9192160214053,0,26.282694359093867,78.97664199469521,1009.9192160214053
2025-05-25 14:00:00,SubtleStation,26.462906520945296,80.327723006741,1009.1333307388031,0,26.462906520945296,80.327723006741,1009.1333307388031
2025-05-25 15:00:00,SubtleStation,26.507446304373428,79.49493007661643,1010.354569969818,0,26.507446304373428,79.49493007661643,1010.354569969818
2025-05-25 16:00:00,SubtleStation,26.396247166657464,78.33715814632346,1010.8670335295627,0,26.396247166657464,78.33715814632346,1010.8670335295627
2025-05-25 17:00:00,SubtleStation,26.690171566988123,79.5719547026827,1009.3598698487349,0,26.690171566988123,79.5719547026827,1009.3598698487349
2025-05-25 18:00:00,SubtleStation,26.91585742430145,77.0434227809457,1009.6645486489645,0,26.91585742430145,77.0434227809457,1009.6645486489645
2025-05-25 19:00:00,SubtleStation,26.96477946896447,78.05541743574261,1009.8186552636361,0,26.96477946896447,78.05541743574261,1009.8186552636361
2025-05-25 20:00:00,SubtleStation,27.319250347428994,80.60920408089241,1010.7598209446677,0,27.319250347428994,80.60920408089241,1010.7598209446677
2025-05-25 21:00:00,SubtleStation,27.16433246864829,78.27235468536082,1010.194669176295,0,27.16433246864829,78.27235468536082,1010.194669176295
2025-05-25 22:00:00,SubtleStation,27.016584541655003,78.46340956683132,1010.6670999215563,0,27.016584541655003,78.46340956683132,1010.6670999215563
2025-05-25 23:00:00,SubtleStation,27.200818223532988,78.0613110538772,1009.8806777942365,0,27.200818223532988,78.0613110538772,1009.8806777942365
2025-05-26 00:00:00,SubtleStation,27.22894920575362,77.25425072405277,1010.4736079741355,0,27.22894920575362,77.25425072405277,1010.4736079741355
2025-05-26 01:00:00,SubtleStation,27.359416854266946,76.92090728945664,1010.2133539312407,0,27.359416854266946,76.92090728945664,1010.2133539312407
2025-05-26 02:00:00,SubtleStation,27.548252327093024,76.48814076940096,1010.1138619460476,0,27.548252327093024,76.48814076940096,1010.1138619460476
2025-05-26 03:00:00,SubtleStation,27.80372554343257,77.71430977900265,1009.8838966729795,0,27.80372554343257,77.71430977900265,1009.8838966729795
2025-05-26 04:00:00,SubtleStation,27.9083075654902,76.30376773006866,1009.7024344357459,0,27.9083075654902,76.30376773006866,1009.7024344357459
2025-05-26 05:00:00,SubtleStation,27.63608785422227,77.21110587702287,1009.4186490281053,0,27.63608785422227,77.21110587702287,1009.4186490281053
2025-05-26 06:00:00,SubtleStation,27.984819231930988,77.79042570159372,1010.5156397034135,0,27.984819231930988,77.79042570159372,1010.5156397034135
2025-05-26 07:00:00,SubtleStation,27.967957048299564,76.1735106931025,1009.5241254969354,0,27.967957048299564,76.1735106931025,1009.5241254969354
2025-05-26 08:00:00,SubtleStation,27.991057516133413,75.69849638022264,1009.3413103509782,0,27.991057516133413,75.69849638022264,1009.3413103509782
2025-05-26 09:00:00,SubtleStation,28.006181436495627,75.43788774455771,1010.3015109081974,0,28.006181436495627,75.43788774455771,1010.3015109081974
2025-05-26 10:00:00,SubtleStation,28.069837446464835,74.8392177562816,1009.91045195829,0,28.069837446464835,74.8392177562816,1009.91045195829
2025-05-26 11:00:00,SubtleStation,28.18652744428787,74.62822160422219,1008.7462148913397,0,28.18652744428787,74.62822160422219,1008.7462148913397
2025-05-26 12:00:00,SubtleStation,28.576197864202374,75.41107769921148,1010.4070413173844,0,28.576197864202374,75.41107769921148,1010.4070413173844
2025-05-26 13:00:00,SubtleStation,28.628842285725842,73.50603597001135,1009.533772481103,0,28.628842285725842,73.50603597001135,1009.533772481103
2025-05-26 14:00:00,SubtleStation,28.678588965871814,74.80459406707222,1009.7511485206887,0,28.678588965871814,74.80459406707222,1009.7511485206887
2025-05-26 15:00:00,SubtleStation,28.12815888160983,73.06882815264399,1010.4620424616936,0,28.12815888160983,73.06882815264399,1010.4620424616936
2025-05-26 16:00:00,SubtleStation,28.90086124215908,73.73221128115736,1009.3849579527708,0,28.90086124215908,73.73221128115736,1009.3849579527708
2025-05-26 17:00:00,SubtleStation,28.780461442301405,71.18648609474295,1009.7724669888368,0,28.780461442301405,71.18648609474295,1009.7724669888368
2025-05-26 18:00:00,SubtleStation,28.958988842510763,73.87710215410952,1009.4773437742056,0,28.958988842510763,73.87710215410952,1009.4773437742056
2025-05-26 19:00:00,SubtleStation,28.816127735279178,74.53372553160438,1011.0173134119068,0,28.816127735279178,74.53372553160438,1011.0173134119068
2025-05-26 20:00:00,SubtleStation,28.950364259261764,71.87380412262844,1009.9189648864916,0,28.950364259261764,71.87380412262844,1009.9189648864916
2025-05-26 21:00:00,SubtleStation,29.241787499765465,71.8361217360794,1010.5162850761336,0,29.241787499765465,71.8361217360794,1010.5162850761336
2025-05-26 22:00:00,SubtleStation,29.23745231573663,72.2641225604078,1010.5238412100321,0,29.23745231573663,72.2641225604078,1010.5238412100321
2025-05-26 23:00:00,SubtleStation,28.907597463249783,73.10948358015979,1011.0418299542355,0,28.907597463249783,73.10948358015979,1011.0418299542355
2025-05-27 00:00:00,SubtleStation,28.99067721911289,71.9439240517866,1009.2310310860315,0,28.99067721911289,71.9439240517866,1009.2310310860315
2025-05-27 01:00:00,SubtleStation,29.294385027855927,69.41238213999974,1010.3211532898895,0,29.294385027855927,69.41238213999974,1010.3211532898895
2025-05-27 02:00:00,SubtleStation,29.297470659312594,70.46997840605461,1010.0965220562425,0,29.297470659312594,70.46997840605461,1010.0965220562425
2025-05-27 03:00:00,SubtleStation,29.131636117859717,71.43938077919042,1011.107977919435,0,29.131636117859717,71.43938077919042,1011.107977919435
2025-05-27 04:00:00,SubtleStation,29.34770483866178,71.40931703863117,1009.5731109863324,0,29.34770483866178,71.40931703863117,1009.5731109863324
2025-05-27 05:00:00,SubtleStation,29.271136796886175,69.69671313832855,1010.777936956713,0,29.271136796886175,69.69671313832855,1010.777936956713
2025-05-27 06:00:00,SubtleStation,29.570551598904267,68.96451136299268,1009.6923439148057,0,29.570551598904267,68.96451136299268,1009.6923439148057
2025-05-27 07:00:00,SubtleStation,29.9532806271328,68.80174920898257,1009.810533154784,0,29.9532806271328,68.80174920898257,1009.810533154784
2025-05-27 08:00:00,SubtleStation,29.359569874453648,68.60306689870716,1010.1899061035688,0,29.359569874453648,68.60306689870716,1010.1899061035688
2025-05-27 09:00:00,SubtleStation,29.670659972726003,68.26128208501476,1010.0039424300141,0,29.670659972726003,68.26128208501476,1010.0039424300141
2025-05-27 10:00:00,SubtleStation,29.705338433923533,66.99944311086855,1009.9967033467162,0,29.705338433923533,66.99944311086855,1009.9967033467162
2025-05-27 11:00:00,SubtleStation,29.61829420126566,66.6320492096457,1010.0760503719786,0,29.61829420126566,66.6320492096457,1010.0760503719786
2025-05-27 12:00:00,SubtleStation,29.61847719245947,68.4391698356652,1010.2220010055579,0,29.61847719245947,68.4391698356652,1010.2220010055579
2025-05-27 13:00:00,SubtleStation,29.658321591792348,65.32186793317648,1010.0012025063583,0,29.658321591792348,65.32186793317648,1010.0012025063583
2025-05-27 14:00:00,SubtleStation,29.466207526292397,65.43457438524796,1009.9735090450463,0,29.466207526292397,65.43457438524796,1009.9735090450463
2025-05-27 15:00:00,SubtleStation,29.393641709020457,66.91646022038462,1010.0961081113587,0,29.393641709020457,66.91646022038462,1010.0961081113587
2025-05-27 16:00:00,SubtleStation,29.64408534695348,64.4563746170557,1010.3554714780179,0,29.64408534695348,64.4563746170557,1010.3554714780179
2025-05-27 17:00:00,SubtleStation,29.7216654128278,64.4355100979037,1010.1535293720913,0,29.7216654128278,64.4355100979037,1010.1535293720913
2025-05-27 18:00:00,SubtleStation,30.01563434582373,64.61166884389961,1010.3670984619979,0,30.01563434582373,64.61166884389961,1010.3670984619979
2025-05-27 19:00:00,SubtleStation,29.6680945213486,62.78950835039117,1009.6719576311299,0,29.6680945213486,62.78950835039117,1009.6719576311299
2025-05-27 20:00:00,SubtleStation,29.803653857203784,67.37024643976041,1009.8752631930843,0,29.803653857203784,67.37024643976041,1009.8752631930843
2025-05-27 21:00:00,SubtleStation,30.140953593733542,61.74752906214536,1009.1220390063006,0,30.140953593733542,61.74752906214536,1009.1220390063006
2025-05-27 22:00:00,SubtleStation,30.1017104865049,64.07940968697248,1010.0140885132976,0,30.1017104865049,64.07940968697248,1010.0140885132976
2025-05-27 23:00:00,SubtleStation,30.052325296593217,64.19053832361317,1010.8747431462359,0,30.052325296593217,64.19053832361317,1010.8747431462359
2025-05-28 00:00:00,SubtleStation,30.18970475193212,61.632363895717134,1010.5859086161887,0,30.18970475193212,61.632363895717134,1010.5859086161887
2025-05-28 01:00:00,SubtleStation,30.509974688686228,61.57189671720224,1009.6905802033666,0,30.509974688686228,61.57189671720224,1009.6905802033666
2025-05-28 02:00:00,SubtleStation,29.96710370740543,60.62123035913141,1009.92041455472,0,29.96710370740543,60.62123035913141,1009.92041455472
2025-05-28 03:00:00,SubtleStation,30.115373564257016,60.1814046358359,1010.641717189671,0,30.115373564257016,60.1814046358359,1010.641717189671
2025-05-28 04:00:00,SubtleStation,29.971683965052247,61.49694849531688,1009.480633625255,0,29.971683965052247,61.49694849531688,1009.480633625255
2025-05-28 05:00:00,SubtleStation,29.96304047207281,59.533790930212234,1010.316217267173,0,29.96304047207281,59.533790930212234,1010.316217267173
2025-05-28 06:00:00,SubtleStation,29.820163929209908,58.0827348691671,1009.5914069562929,0,29.820163929209908,58.0827348691671,1009.5914069562929
2025-05-28 07:00:00,SubtleStation,30.336338454345118,59.58051080290352,1010.3536380435778,0,30.336338454345118,59.58051080290352,1010.3536380435778
2025-05-28 08:00:00,SubtleStation,30.032776422844208,59.21907212488156,1010.0103269092934,0,30.032776422844208,59.21907212488156,1010.0103269092934
2025-05-28 09:00:00,SubtleStation,30.295130627162553,58.98240084098255,1010.4867386175099,0,30.295130627162553,58.98240084098255,1010.4867386175099
2025-05-28 10:00:00,SubtleStation,30.05724019976199,56.32152550656379,1010.5710860970186,0,30.05724019976199,56.32152550656379,1010.5710860970186
2025-05-28 11:00:00,SubtleStation,29.797568849067595,60.274981848961104,1010.0324601537004,0,29.797568849067595,60.274981848961104,1010.0324601537004
2025-05-28 12:00:00,SubtleStation,29.962459717469223,58.31025305674808,1010.0051853158635,0,29.962459717469223,58.31025305674808,1010.0051853158635
2025-05-28 13:00:00,SubtleStation,30.074694631196916,56.07985859680659,1009.6320597000387,0,30.074694631196916,56.07985859680659,1009.6320597000387
2025-05-28 14:00:00,SubtleStation,29.97295283805193,55.50902662058842,1009.6193476291602,0,29.97295283805193,55.50902662058842,1009.6193476291602
2025-05-28 15:00:00,SubtleStation,29.54832440752214,55.956091534152854,1010.0901786330334,0,29.54832440752214,55.956091534152854,1010.0901786330334
2025-05-28 16:00:00,SubtleStation,29.89527706296297,57.15519093048487,1009.9640098582344,0,29.89527706296297,57.15519093048487,1009.9640098582344
2025-05-28 17:00:00,SubtleStation,29.792697242262893,56.2873234818095,1009.7626999203886,0,29.792697242262893,56.2873234818095,1009.7626999203886
2025-05-28 18:00:00,SubtleStation,29.76386336101798,54.39778056231292,1009.7887784398902,0,29.76386336101798,54.39778056231292,1009.7887784398902
2025-05-28 19:00:00,SubtleStation,29.547218245852985,54.906480647077586,1010.4985799412841,0,29.547218245852985,54.906480647077586,1010.4985799412841
2025-05-28 20:00:00,SubtleStation,30.17133097637355,55.839243090270536,1010.2904879605125,0,30.17133097637355,55.839243090270536,1010.2904879605125
2025-05-28 21:00:00,SubtleStation,29.96085117299669,53.99408358640198,1010.1662504637163,0,29.96085117299669,53.99408358640198,1010.1662504637163
2025-05-28 22:00:00,SubtleStation,29.567432412726678,52.01237281000321,1009.7989977669603,0,29.567432412726678,52.01237281000321,1009.7989977669603
2025-05-28 23:00:00,SubtleStation,29.654987336673827,52.53930878829446,1010.2035811932702,0,29.654987336673827,52.53930878829446,1010.2035811932702
2025-05-29 00:00:00,SubtleStation,29.92293399996938,51.74523116423029,1009.5725918761351,0,29.92293399996938,51.74523116423029,1009.5725918761351
2025-05-29 01:00:00,SubtleStation,29.3025541108531,51.67648033651762,1010.2388791713415,0,29.3025541108531,51.67648033651762,1010.2388791713415
2025-05-29 02:00:00,SubtleStation,29.904106225720234,52.33726226198684,1010.3672450325241,0,29.904106225720234,52.33726226198684,1010.3672450325241
2025-05-29 03:00:00,SubtleStation,29.620796125708285,52.7637314242187,1010.687455591647,0,29.620796125708285,52.7637314242187,1010.687455591647
2025-05-29 04:00:00,SubtleStation,29.600752324860593,50.760406460892376,1010.0491086035356,0,29.600752324860593,50.760406460892376,1010.0491086035356
2025-05-29 05:00:00,SubtleStation,29.42937058964962,51.419700689710574,1010.2685600463857,0,29.42937058964962,51.419700689710574,1010.2685600463857
2025-05-29 06:00:00,SubtleStation,29.50359426985037,51.61558282654004,1008.797225411887,0,29.50359426985037,51.61558282654004,1008.797225411887
2025-05-29 07:00:00,SubtleStation,29.759205729103343,50.11915507614792,1009.6103646503099,0,29.759205729103343,50.11915507614792,1009.6103646503099
2025-05-29 08:00:00,SubtleStation,29.340089207973655,48.151181489951014,1010.5128937755162,0,29.340089207973655,48.151181489951014,1010.5128937755162
2025-05-29 09:00:00,SubtleStation,29.129422447991097,48.435502928651324,1009.9318566022564,0,29.129422447991097,48.435502928651324,1009.9318566022564
2025-05-29 10:00:00,SubtleStation,29.109194263892647,49.55465933582229,1009.5136961240855,0,29.109194263892647,49.55465933582229,1009.5136961240855
2025-05-29 11:00:00,SubtleStation,29.367956048726576,47.94941768538712,1009.9687583925232,0,29.367956048726576,47.94941768538712,1009.9687583925232
2025-05-29 12:00:00,SubtleStation,29.15838365275922,47.02473396089724,1009.8835557283668,0,29.15838365275922,47.02473396089724,1009.8835557283668
2025-05-29 13:00:00,SubtleStation,29.09201962244201,46.21378269631965,1010.5172203410502,0,29.09201962244201,46.21378269631965,1010.5172203410502
2025-05-29 14:00:00,SubtleStation,28.87536750842545,50.001617465395974,1009.2741804944042,0,28.87536750842545,50.001617465395974,1009.2741804944042
2025-05-29 15:00:00,SubtleStation,29.206570231397272,45.9631567806746,1010.8123503004126,0,29.206570231397272,45.9631567806746,1010.8123503004126
2025-05-29 16:00:00,SubtleStation,28.887302517000023,47.831660372403995,1009.0798049560835,0,28.887302517000023,47.831660372403995,1009.0798049560835
2025-05-29 17:00:00,SubtleStation,28.63550280135103,48.61367634061453,1010.6917559707688,0,28.63550280135103,48.61367634061453,1010.6917559707688
2025-05-29 18:00:00,SubtleStation,28.381077028937668,47.39867424211684,1010.0182152648144,0,28.381077028937668,47.39867424211684,1010.0182152648144
2025-05-29 19:00:00,SubtleStation,28.418810898333586,47.044532230317806,1009.6927989225231,0,28.418810898333586,47.044532230317806,1009.6927989225231
2025-05-29 20:00:00,SubtleStation,28.67644139397344,45.371116693236544,1009.8745201221238,0,28.67644139397344,45.371116693236544,1009.8745201221238
2025-05-29 21:00:00,SubtleStation,28.348546000194585,44.64864744006538,1010.6123492595374,0,28.348546000194585,44.64864744006538,1010.6123492595374
2025-05-29 22:00:00,SubtleStation,28.046858289919896,46.55299019409484,1010.2470000924995,0,28.046858289919896,46.55299019409484,1010.2470000924995
2025-05-29 23:00:00,SubtleStation,28.211855556101533,45.36708288870655,1009.7304269895229,0,28.211855556101533,45.36708288870655,1009.7304269895229
2025-05-30 00:00:00,SubtleStation,28.276103857008977,45.40979349414862,1010.6915902477598,0,28.276103857008977,45.40979349414862,1010.6915902477598
2025-05-30 01:00:00,SubtleStation,28.348389214801998,44.38775502258083,1010.3040889205329,0,28.348389214801998,44.38775502258083,1010.3040889205329
2025-05-30 02:00:00,SubtleStation,27.646450725354885,44.5901282412007,1009.8994000501409,0,27.646450725354885,44.5901282412007,1009.8994000501409
2025-05-30 03:00:00,SubtleStation,28.064535552922997,45.84335379906367,1009.7585510813101,0,28.064535552922997,45.84335379906367,1009.7585510813101
2025-05-30 04:00:00,SubtleStation,28.17523328323284,42.32120031694236,1010.9286482159556,0,28.17523328323284,42.32120031694236,1010.9286482159556
2025-05-30 05:00:00,SubtleStation,27.74099900762992,44.99718028256108,1010.972071272219,0,27.74099900762992,44.99718028256108,1010.972071272219
2025-05-30 06:00:00,SubtleStation,27.717305000832575,43.56559395227458,1010.1946218473236,0,27.717305000832575,43.56559395227458,1010.1946218473236
2025-05-30 07:00:00,SubtleStation,27.789890180717006,44.82864279074972,1009.7958426284789,0,27.789890180717006,44.82864279074972,1009.7958426284789
2025-05-30 08:00:00,SubtleStation,27.467171402731562,43.92938411107471,1009.5799148414397,0,27.467171402731562,43.92938411107471,1009.5799148414397
2025-05-30 09:00:00,SubtleStation,27.397561568417874,42.32017592172005,1010.9850156223362,0,27.397561568417874,42.32017592172005,1010.9850156223362
2025-05-30 10:00:00,SubtleStation,27.47106534632019,44.039526000271245,1009.3551236490131,0,27.47106534632019,44.039526000271245,1009.3551236490131
2025-05-30 11:00:00,SubtleStation,27.442521068486112,43.56523426755554,1010.1083544892067,0,27.442521068486112,43.56523426755554,1010.1083544892067
2025-05-30 12:00:00,SubtleStation,27.433956761741698,42.07485796500223,1009.8663256991905,0,27.433956761741698,42.07485796500223,1009.8663256991905
2025-05-30 13:00:00,SubtleStation,27.233156421424912,40.89754648429576,1010.3510211244019,0,27.233156421424912,40.89754648429576,1010.3510211244019
2025-05-30 14:00:00,SubtleStation,27.140489751955936,41.37999331403246,1010.4702901764501,0,27.140489751955936,41.37999331403246,1010.4702901764501
2025-05-30 15:00:00,SubtleStation,27.099011340471492,41.91389501392343,1009.7916756092752,0,27.099011340471492,41.91389501392343,1009.7916756092752
2025-05-30 16:00:00,SubtleStation,26.782697639404816,41.07985194271043,1009.925235672308,0,26.782697639404816,41.07985194271043,1009.925235672308
2025-05-30 17:00:00,SubtleStation,26.44556183272476,42.67611566811931,1010.5990027094573,0,26.44556183272476,42.67611566811931,1010.5990027094573
2025-05-30 18:00:00,SubtleStation,26.591559030182825,41.00124169194281,1009.8043832067015,0,26.591559030182825,41.00124169194281,1009.8043832067015
2025-05-30 19:00:00,SubtleStation,26.580702930346312,43.21037813518437,1009.9209037233281,0,26.580702930346312,43.21037813518437,1009.9209037233281
2025-05-30 20:00:00,SubtleStation,26.419793940599828,42.51696042705247,1010.2829936261803,0,26.419793940599828,42.51696042705247,1010.2829936261803
2025-05-30 21:00:00,SubtleStation,26.26069200543741,42.40103471841749,1010.72507238522,0,26.26069200543741,42.40103471841749,1010.72507238522
2025-05-30 22:00:00,SubtleStation,26.60503858470044,41.221419479628636,1009.5690708831916,0,26.60503858470044,41.221419479628636,1009.5690708831916
2025-05-30 23:00:00,SubtleStation,26.129977171868063,41.50736678724048,1010.1159448589849,0,26.129977171868063,41.50736678724048,1010.1159448589849
2025-05-31 00:00:00,SubtleStation,26.125847821178215,41.298847691800326,1010.0281661180975,0,26.125847821178215,41.298847691800326,1010.0281661180975
2025-05-31 01:00:00,SubtleStation,26.21705264391025,39.797767347149104,1009.6049724116166,0,26.21705264391025,39.797767347149104,1009.6049724116166
2025-05-31 02:00:00,SubtleStation,26.092093840991538,41.54825978370553,1010.118957740577,0,26.092093840991538,41.54825978370553,1010.118957740577
2025-05-31 03:00:00,SubtleStation,25.76041694776422,41.44969735735703,1010.2830221748535,0,25.76041694776422,41.44969735735703,1010.2830221748535
2025-05-31 04:00:00,SubtleStation,25.629802618139983,42.582269089242494,1009.9641138275394,0,25.629802618139983,42.582269089242494,1009.9641138275394
2025-05-31 05:00:00,SubtleStation,25.695225440049025,40.70967368673525,1010.2926294099339,0,25.695225440049025,40.70967368673525,1010.2926294099339
2025-05-31 06:00:00,SubtleStation,25.470932944674857,40.654226613559985,1009.8895952076521,0,25.470932944674857,40.654226613559985,1009.8895952076521
2025-05-31 07:00:00,SubtleStation,25.48393126727865,40.87587285900712,1009.5242093861937,0,25.48393126727865,40.87587285900712,1009.5242093861937
2025-05-31 08:00:00,SubtleStation,25.238188180798943,38.07135944497074,1010.3041543541772,0,25.238188180798943,38.07135944497074,1010.3041543541772
2025-05-31 09:00:00,SubtleStation,25.393921098462446,40.518750340908824,1010.1272350163728,0,25.393921098462446,40.518750340908824,1010.1272350163728
2025-05-31 10:00:00,SubtleStation,24.928252602253615,40.38317168935189,1009.4000517670897,0,24.928252602253615,40.38317168935189,1009.4000517670897
2025-05-31 11:00:00,SubtleStation,25.068207848968708,39.51749667194755,1010.1765500167324,0,25.068207848968708,39.51749667194755,1010.1765500167324
2025-05-31 12:00:00,SubtleStation,25.06918682682614,39.737987380426496,1010.3723597431987,0,25.06918682682614,39.737987380426496,1010.3723597431987
2025-05-31 13:00:00,SubtleStation,24.96944945293815,38.414780901643745,1010.3555695080989,0,24.96944945293815,38.414780901643745,1010.3555695080989
2025-05-31 14:00:00,SubtleStation,25.294472260389327,37.972989654646796,1010.795083263934,0,25.294472260389327,37.972989654646796,1010.795083263934
2025-05-31 15:00:00,SubtleStation,24.665129712523537,39.896488893957795,1010.7272994303171,0,24.665129712523537,39.896488893957795,1010.7272994303171
2025-05-31 16:00:00,SubtleStation,24.640042821457907,41.564564553833875,1009.5587294485074,0,24.640042821457907,41.564564553833875,1009.5587294485074
2025-05-31 17:00:00,SubtleStation,24.4929674137156,39.09926962119775,1010.6928085123129,0,24.4929674137156,39.09926962119775,1010.6928085123129
2025-05-31 18:00:00,SubtleStation,24.793183817813492,41.09093275315333,1009.8440297300017,0,24.793183817813492,41.09093275315333,1009.8440297300017
2025-05-31 19:00:00,SubtleStation,24.51441221026762,40.004057237683405,1010.4321625869607,0,24.51441221026762,40.004057237683405,1010.4321625869607
2025-05-31 20:00:00,SubtleStation,24.600307558222184,40.28306251690116,1009.9760493861453,0,24.600307558222184,40.28306251690116,1009.9760493861453
2025-05-31 21:00:00,SubtleStation,24.00031925375659,41.084272849348146,1010.0330375269122,0,24.00031925375659,41.084272849348146,1010.0330375269122
2025-05-31 22:00:00,SubtleStation,24.050220904780762,40.057998891041784,1010.6235934115538,0,24.050220904780762,40.057998891041784,1010.6235934115538
2025-05-31 23:00:00,SubtleStation,23.92952560704478,40.26300621578769,1010.1500505997205,0,23.92952560704478,40.26300621578769,1010.1500505997205
2025-06-01 00:00:00,SubtleStation,23.59153187773026,39.556558468867905,1009.8316205213852,0,23.59153187773026,39.556558468867905,1009.8316205213852
2025-06-01 01:00:00,SubtleStation,23.793665752306016,41.52790562941134,1010.3673659660876,0,23.793665752306016,41.52790562941134,1010.3673659660876
2025-06-01 02:00:00,SubtleStation,23.4307513752832,41.13904194176951,1009.8819721653605,0,23.4307513752832,41.13904194176951,1009.8819721653605
2025-06-01 03:00:00,SubtleStation,23.743316748383645,42.52126600122305,1009.8265106179666,0,23.743316748383645,42.52126600122305,1009.8265106179666
2025-06-01 04:00:00,SubtleStation,23.395395405396776,40.63821375543057,1010.9656118162555,0,23.395395405396776,40.63821375543057,1010.9656118162555
2025-06-01 05:00:00,SubtleStation,23.03837070451225,42.301069048614956,1010.1945933974775,0,23.03837070451225,42.301069048614956,1010.1945933974775
2025-06-01 06:00:00,SubtleStation,23.136550243221297,40.553498970892385,1010.064524612937,0,23.136550243221297,40.553498970892385,1010.064524612937
2025-06-01 07:00:00,SubtleStation,23.164574094943944,43.48672070786349,1009.3940228176755,0,23.164574094943944,43.48672070786349,1009.3940228176755
2025-06-01 08:00:00,SubtleStation,23.4118083666754,41.446113502011656,1009.7347553541089,0,23.4118083666754,41.446113502011656,1009.7347553541089
2025-06-01 09:00:00,SubtleStation,23.144282729419626,41.63907941200938,1009.8766535449641,0,23.144282729419626,41.63907941200938,1009.8766535449641
2025-06-01 10:00:00,SubtleStation,22.898302479694284,42.24979978674805,1011.2347920881673,0,22.898302479694284,42.24979978674805,1011.2347920881673
2025-06-01 11:00:00,SubtleStation,22.964845798953903,43.994913581822146,1010.2796563817916,0,22.964845798953903,43.994913581822146,1010.2796563817916
2025-06-01 12:00:00,SubtleStation,22.734713883340333,43.20750479191226,1009.4278532979716,0,22.734713883340333,43.20750479191226,1009.4278532979716
2025-06-01 13:00:00,SubtleStation,22.434034465000742,43.772413941380385,1010.75081154732,0,22.434034465000742,43.772413941380385,1010.75081154732
2025-06-01 14:00:00,SubtleStation,22.607219816511872,43.605704413592925,1010.4978832056449,0,22.607219816511872,43.605704413592925,1010.4978832056449
2025-06-01 15:00:00,SubtleStation,22.610274383128647,43.69107859045391,1010.1651183516312,0,22.610274383128647,43.69107859045391,1010.1651183516312
2025-06-01 16:00:00,SubtleStation,22.962986797088675,43.20291701499372,1009.1666724198326,0,22.962986797088675,43.20291701499372,1009.1666724198326
2025-06-01 17:00:00,SubtleStation,22.327829262539325,42.61012781764872,1010.4159324067895,0,22.327829262539325,42.61012781764872,1010.4159324067895
2025-06-01 18:00:00,SubtleStation,22.0889265019749,44.8736863587054,1009.1502818545035,0,22.0889265019749,44.8736863587054,1009.1502818545035
2025-06-01 19:00:00,SubtleStation,22.289354784732996,44.464652702038954,1009.6204002867956,0,22.289354784732996,44.464652702038954,1009.6204002867956
2025-06-01 20:00:00,SubtleStation,22.160228378009762,43.772432915831196,1010.0384284451239,0,22.160228378009762,43.772432915831196,1010.0384284451239
2025-06-01 21:00:00,SubtleStation,22.258765396251007,43.29834151393815,1010.0473180778372,0,22.258765396251007,43.29834151393815,1010.0473180778372
2025-06-01 22:00:00,SubtleStation,22.014062109431308,42.583629204729434,1010.2268575491673,0,22.014062109431308,42.583629204729434,1010.2268575491673
2025-06-01 23:00:00,SubtleStation,21.444826533278423,43.62321800817438,1009.4892842063757,0,21.444826533278423,43.62321800817438,1009.4892842063757
2025-06-02 00:00:00,SubtleStation,21.698572279057522,44.021829483802364,1009.6165737174525,0,21.698572279057522,44.021829483802364,1009.6165737174525
2025-06-02 01:00:00,SubtleStation,21.8937855428925,45.25621477158811,1010.2056805058216,0,21.8937855428925,45.25621477158811,1010.2056805058216
2025-06-02 02:00:00,SubtleStation,21.904708448332226,44.18245262492664,1009.0903547090786,0,21.904708448332226,44.18245262492664,1009.0903547090786
2025-06-02 03:00:00,SubtleStation,21.324538159921207,44.78104183296422,1010.0991585363261,0,21.324538159921207,44.78104183296422,1010.0991585363261
2025-06-02 04:00:00,SubtleStation,21.3770591477557,46.15377750692747,1009.5848251156146,0,21.3770591477557,46.15377750692747,1009.5848251156146
2025-06-02 05:00:00,SubtleStation,21.482189173415637,47.03038301316469,1010.1485591573269,0,21.482189173415637,47.03038301316469,1010.1485591573269
2025-06-02 06:00:00,SubtleStation,21.2017248952987,44.516428029663274,1009.6886490162158,0,21.2017248952987,44.516428029663274,1009.6886490162158
2025-06-02 07:00:00,SubtleStation,21.16589173437241,46.17072130973298,1010.6738021697761,0,21.16589173437241,46.17072130973298,1010.6738021697761
2025-06-02 08:00:00,SubtleStation,21.334731660441236,46.305806492164336,1009.792435776493,0,21.334731660441236,46.305806492164336,1009.792435776493
2025-06-02 09:00:00,SubtleStation,21.292415902820107,47.51759675575818,1009.9083284708767,0,21.292415902820107,47.51759675575818,1009.9083284708767
2025-06-02 10:00:00,SubtleStation,21.256470046401905,49.18046179895057,1009.5716738262488,0,21.256470046401905,49.18046179895057,1009.5716738262488
2025-06-02 11:00:00,SubtleStation,21.06904788205693,48.03738140464792,1009.8263474754443,0,21.06904788205693,48.03738140464792,1009.8263474754443
2025-06-02 12:00:00,SubtleStation,20.70788392165912,47.271874437754256,1010.8104148801809,0,20.70788392165912,47.271874437754256,1010.8104148801809
2025-06-02 13:00:00,SubtleStation,20.82561315249513,48.73781041389883,1009.7319829253544,0,20.82561315249513,48.73781041389883,1009.7319829253544
2025-06-02 14:00:00,SubtleStation,20.600945657673467,48.49337798490081,1010.8825466293196,0,20.600945657673467,48.49337798490081,1010.8825466293196
2025-06-02 15:00:00,SubtleStation,20.643032621199634,51.009660659680286,1010.7032117345402,0,20.643032621199634,51.009660659680286,1010.7032117345402
2025-06-02 16:00:00,SubtleStation,20.808023896524958,49.49991918088838,1010.22007354559,0,20.808023896524958,49.49991918088838,1010.22007354559
2025-06-02 17:00:00,SubtleStation,20.67621879582976,50.49017100481973,1010.5825023190611,0,20.67621879582976,50.49017100481973,1010.5825023190611
2025-06-02 18:00:00,SubtleStation,21.03685578723129,49.204662296147546,1010.0206694763839,0,21.03685578723129,49.204662296147546,1010.0206694763839
2025-06-02 19:00:00,SubtleStation,20.601131960820524,49.268615665947415,1009.9220120995408,0,20.601131960820524,49.268615665947415,1009.9220120995408
2025-06-02 20:00:00,SubtleStation,20.58558202954332,49.377496387159084,1009.9668189934381,0,20.58558202954332,49.377496387159084,1009.9668189934381
2025-06-02 21:00:00,SubtleStation,20.455400178137868,51.47446998397345,1010.0240105581929,0,20.455400178137868,51.47446998397345,1010.0240105581929
2025-06-02 22:00:00,SubtleStation,20.57413935446248,50.89770331469535,1010.2039564307402,0,20.57413935446248,50.89770331469535,1010.2039564307402
2025-06-02 23:00:00,SubtleStation,20.713945202879074,54.18260840197327,1010.1794242599813,0,20.713945202879074,54.18260840197327,1010.1794242599813
2025-06-03 00:00:00,SubtleStation,20.377269434762987,52.180540283301376,1010.9109015669982,0,20.377269434762987,52.180540283301376,1010.9109015669982
2025-06-03 01:00:00,SubtleStation,20.61266535740047,53.53149973691327,1009.900334967116,0,20.61266535740047,53.53149973691327,1009.900334967116
2025-06-03 02:00:00,SubtleStation,20.254580404507156,52.99693724377422,1009.9393008903517,0,20.254580404507156,52.99693724377422,1009.9393008903517
2025-06-03 03:00:00,SubtleStation,20.457863867595513,54.30402400672219,1010.3165574804095,0,20.457863867595513,54.30402400672219,1010.3165574804095
2025-06-03 04:00:00,SubtleStation,20.196952694669157,54.01667360187857,1009.9249702514686,0,20.196952694669157,54.01667360187857,1009.9249702514686
2025-06-03 05:00:00,SubtleStation,20.164164912599443,53.36704534269323,1009.5419155504233,0,20.164164912599443,53.36704534269323,1009.5419155504233
2025-06-03 06:00:00,SubtleStation,19.754353106992024,54.12636206463233,1009.8857018905165,0,19.754353106992024,54.12636206463233,1009.8857018905165
2025-06-03 07:00:00,SubtleStation,19.77459542363517,55.29209611414726,1009.8789040540927,0,19.77459542363517,55.29209611414726,1009.8789040540927
2025-06-03 08:00:00,SubtleStation,20.088451434763883,54.61676959090138,1009.8089651210961,0,20.088451434763883,54.61676959090138,1009.8089651210961
2025-06-03 09:00:00,SubtleStation,20.243244604095644,55.6573037116197,1010.4274641062308,0,20.243244604095644,55.6573037116197,1010.4274641062308
2025-06-03 10:00:00,SubtleStation,20.0658138204739,57.39703400949661,1009.9849618177221,0,20.0658138204739,57.39703400949661,1009.9849618177221
2025-06-03 11:00:00,SubtleStation,19.88941446961726,56.56763654132078,1010.3289392048986,0,19.88941446961726,56.56763654132078,1010.3289392048986
2025-06-03 12:00:00,SubtleStation,19.85200545972548,57.42414899395711,1009.4972417978556,0,19.85200545972548,57.42414899395711,1009.4972417978556
2025-06-03 13:00:00,SubtleStation,20.182273620372733,57.51078131240809,1009.4999661301681,0,20.182273620372733,57.51078131240809,1009.4999661301681
2025-06-03 14:00:00,SubtleStation,19.81705255588957,57.068380131911994,1010.6970944867536,0,19.81705255588957,57.068380131911994,1010.6970944867536
2025-06-03 15:00:00,SubtleStation,20.180281167010854,57.18794341943187,1010.5578261252049,0,20.180281167010854,57.18794341943187,1010.5578261252049
2025-06-03 16:00:00,SubtleStation,20.146224681299795,59.79041335251205,1010.0157361259099,0,20.146224681299795,59.79041335251205,1010.0157361259099
2025-06-03 17:00:00,SubtleStation,20.302217542162726,60.333407373164164,1010.9184847039237,0,20.302217542162726,60.333407373164164,1010.9184847039237
2025-06-03 18:00:00,SubtleStation,20.4926599196206,58.5100782153552,1010.2675662181089,0,20.4926599196206,58.5100782153552,1010.2675662181089
2025-06-03 19:00:00,SubtleStation,19.949908187178053,61.02487457628856,1009.7029767633469,0,19.949908187178053,61.02487457628856,1009.7029767633469
2025-06-03 20:00:00,SubtleStation,19.979010054088874,60.62053187120292,1010.5836512381449,0,19.979010054088874,60.62053187120292,1010.5836512381449
2025-06-03 21:00:00,SubtleStation,20.29470282403743,61.420002232489665,1009.475124424553,0,20.29470282403743,61.420002232489665,1009.475124424553
2025-06-03 22:00:00,SubtleStation,20.00218443784814,63.37726546555599,1009.5122077537877,0,20.00218443784814,63.37726546555599,1009.5122077537877
2025-06-03 23:00:00,SubtleStation,19.706692109928408,59.67316090080176,1010.1438442195705,0,19.706692109928408,59.67316090080176,1010.1438442195705
2025-06-04 00:00:00,SubtleStation,19.875223674540962,61.67683054656272,1010.1731147498602,0,19.875223674540962,61.67683054656272,1010.1731147498602
2025-06-04 01:00:00,SubtleStation,20.11794357249665,62.83987738093596,1009.1818574787274,0,20.11794357249665,62.83987738093596,1009.1818574787274
2025-06-04 02:00:00,SubtleStation,19.811611327937698,63.787774070024014,1009.6715072041717,0,19.811611327937698,63.787774070024014,1009.6715072041717
2025-06-04 03:00:00,SubtleStation,20.47361258809612,62.246771020582074,1009.4148970208672,0,20.47361258809612,62.246771020582074,1009.4148970208672
2025-06-04 04:00:00,SubtleStation,20.347701719865878,64.38318441506249,1009.8523145605916,0,20.347701719865878,64.38318441506249,1009.8523145605916
2025-06-04 05:00:00,SubtleStation,19.921000572486918,64.28137646802604,1009.5543967106157,0,19.921000572486918,64.28137646802604,1009.5543967106157
2025-06-04 06:00:00,SubtleStation,19.958439638310463,66.01331944968858,1010.4005033816811,0,19.958439638310463,66.01331944968858,1010.4005033816811
2025-06-04 07:00:00,SubtleStation,20.179539685161867,64.3407068501906,1010.5696238973626,0,20.179539685161867,64.3407068501906,1010.5696238973626
2025-06-04 08:00:00,SubtleStation,20.09283232502099,65.9726120090597,1010.3135681640296,0,20.09283232502099,65.9726120090597,1010.3135681640296
2025-06-04 09:00:00,SubtleStation,20.184529005163466,65.64492617731892,1010.238635541293,0,20.184529005163466,65.64492617731892,1010.238635541293
2025-06-04 10:00:00,SubtleStation,20.3705101937531,65.18724027533105,1009.8425361548959,0,20.3705101937531,65.18724027533105,1009.8425361548959
2025-06-04 11:00:00,SubtleStation,20.226514155724367,65.7514037264698,1010.6713652171702,0,20.226514155724367,65.7514037264698,1010.6713652171702
2025-06-04 12:00:00,SubtleStation,20.584163922525594,66.12557578339002,1009.4414782782571,0,20.584163922525594,66.12557578339002,1009.4414782782571
2025-06-04 13:00:00,SubtleStation,20.507067609159904,67.06292994889287,1010.0894933328706,0,20.507067609159904,67.06292994889287,1010.0894933328706
2025-06-04 14:00:00,SubtleStation,20.574981849965045,67.7525309242017,1010.995244728245,0,20.574981849965045,67.7525309242017,1010.995244728245
2025-06-04 15:00:00,SubtleStation,20.178566562441663,67.3692845323585,1009.8288248388632,0,20.178566562441663,67.3692845323585,1009.8288248388632
2025-06-04 16:00:00,SubtleStation,20.163295999325552,69.18721862432285,1009.7340200416832,0,20.163295999325552,69.18721862432285,1009.7340200416832
2025-06-04 17:00:00,SubtleStation,20.48847585261409,68.34245329487324,1010.1127024082463,0,20.48847585261409,68.34245329487324,1010.1127024082463
2025-06-04 18:00:00,SubtleStation,20.894528447495517,70.2276183923049,1009.9626890167037,0,20.894528447495517,70.2276183923049,1009.9626890167037
2025-06-04 19:00:00,SubtleStation,20.82546806293163,69.58968664796082,1010.2782704302513,0,20.82546806293163,69.58968664796082,1010.2782704302513
2025-06-04 20:00:00,SubtleStation,20.779009799302838,69.86502056255583,1009.6670602731307,0,20.779009799302838,69.86502056255583,1009.6670602731307
2025-06-04 21:00:00,SubtleStation,20.928823034424173,69.66024577595775,1009.7945137821177,0,20.928823034424173,69.66024577595775,1009.7945137821177
2025-06-04 22:00:00,SubtleStation,20.50899237525108,71.33687406264836,1010.0088615131444,0,20.50899237525108,71.33687406264836,1010.0088615131444
2025-06-04 23:00:00,SubtleStation,20.495518340913527,68.84795333438849,1009.4838239464981,0,20.495518340913527,68.84795333438849,1009.4838239464981
2025-06-05 00:00:00,SubtleStation,21.098299319516023,71.60313944318408,1010.0555272426367,0,21.098299319516023,71.60313944318408,1010.0555272426367
2025-06-05 01:00:00,SubtleStation,20.77301210027504,72.14868417909632,1010.2813472557269,0,20.77301210027504,72.14868417909632,1010.2813472557269
2025-06-05 02:00:00,SubtleStation,20.79209378141239,72.60796516811315,1009.3379204330295,0,20.79209378141239,72.60796516811315,1009.3379204330295
2025-06-05 03:00:00,SubtleStation,21.133689970863376,72.24976795360934,1009.910426202052,0,21.133689970863376,72.24976795360934,1009.910426202052
2025-06-05 04:00:00,SubtleStation,21.023530839685822,75.39101493207646,1010.012903556733,0,21.023530839685822,75.39101493207646,1010.012903556733
2025-06-05 05:00:00,SubtleStation,21.11136835348252,72.85537463743327,1009.9675301307026,0,21.11136835348252,72.85537463743327,1009.9675301307026
2025-06-05 06:00:00,SubtleStation,21.26833151955126,71.03451954831668,1009.636714010645,0,21.26833151955126,71.03451954831668,1009.636714010645
2025-06-05 07:00:00,SubtleStation,21.30069567766427,73.3008568406144,1010.4380285206599,0,21.30069567766427,73.3008568406144,1010.4380285206599
2025-06-05 08:00:00,SubtleStation,21.007668203438275,73.80568016864973,1009.8005142484274,0,21.007668203438275,73.80568016864973,1009.8005142484274
2025-06-05 09:00:00,SubtleStation,21.30793852706003,73.09328319121063,1009.8483510695451,0,21.30793852706003,73.09328319121063,1009.8483510695451
2025-06-05 10:00:00,SubtleStation,21.616780995628204,75.80157562152617,1010.1505117750661,0,21.616780995628204,75.80157562152617,1010.1505117750661
2025-06-05 11:00:00,SubtleStation,21.40614232938752,74.17971864209049,1010.4526389677688,0,21.40614232938752,74.17971864209049,1010.4526389677688
2025-06-05 12:00:00,SubtleStation,21.55203433717854,73.68823317193076,1010.0001376317812,0,21.55203433717854,73.68823317193076,1010.0001376317812
2025-06-05 13:00:00,SubtleStation,21.632663385057544,75.16617106942543,1010.2249818708981,0,21.632663385057544,75.16617106942543,1010.2249818708981
2025-06-05 14:00:00,SubtleStation,21.25601282716961,75.41322926365991,1009.7722223992115,0,21.25601282716961,75.41322926365991,1009.7722223992115
2025-06-05 15:00:00,SubtleStation,21.86361677930713,75.99439285346062,1009.5979288562978,0,21.86361677930713,75.99439285346062,1009.5979288562978
2025-06-05 16:00:00,SubtleStation,21.799284325183635,73.1192777735481,1009.5878498425157,0,21.799284325183635,73.1192777735481,1009.5878498425157
2025-06-05 17:00:00,SubtleStation,22.118064417389135,75.18043687920054,1010.1092099053234,0,22.118064417389135,75.18043687920054,1010.1092099053234
2025-06-05 18:00:00,SubtleStation,22.133455238317595,76.62651483332186,1010.9071348598383,0,22.133455238317595,76.62651483332186,1010.9071348598383
2025-06-05 19:00:00,SubtleStation,22.00437635407097,77.63230611574646,1009.6950507409842,0,22.00437635407097,77.63230611574646,1009.6950507409842
2025-06-05 20:00:00,SubtleStation,22.339692704904262,76.99129085614344,1010.2141423355228,0,22.339692704904262,76.99129085614344,1010.2141423355228
2025-06-05 21:00:00,SubtleStation,22.233190821273574,76.1098210719308,1010.4068716996209,0,22.233190821273574,76.1098210719308,1010.4068716996209
2025-06-05 22:00:00,SubtleStation,22.277896477179432,76.9758872990503,1010.2081270161522,0,22.277896477179432,76.9758872990503,1010.2081270161522
2025-06-05 23:00:00,SubtleStation,22.209237575712102,78.28521415097543,1010.6048044300684,0,22.209237575712102,78.28521415097543,1010.6048044300684
2025-06-06 00:00:00,SubtleStation,22.676401275909733,78.28827991853643,1009.4406542373723,0,22.676401275909733,78.28827991853643,1009.4406542373723
2025-06-06 01:00:00,SubtleStation,22.64645345492655,78.44599787485316,1009.5476727323611,0,22.64645345492655,78.44599787485316,1009.5476727323611
2025-06-06 02:00:00,SubtleStation,22.66267909534205,79.2181973365228,1009.4593627039362,0,22.66267909534205,79.2181973365228,1009.4593627039362
2025-06-06 03:00:00,SubtleStation,22.542539225525907,79.61041141927062,1010.1838967954127,0,22.542539225525907,79.61041141927062,1010.1838967954127
2025-06-06 04:00:00,SubtleStation,23.166347758538492,77.10216021743017,1009.7978517081614,0,23.166347758538492,77.10216021743017,1009.7978517081614
2025-06-06 05:00:00,SubtleStation,22.981585099949907,77.73193480480863,1009.3683012795248,0,22.981585099949907,77.73193480480863,1009.3683012795248
2025-06-06 06:00:00,SubtleStation,23.198549841173925,79.83031984978578,1010.3954532111377,0,23.198549841173925,79.83031984978578,1010.3954532111377
2025-06-06 07:00:00,SubtleStation,23.284675774301462,77.14780208440749,1010.9055378311272,0,23.284675774301462,77.14780208440749,1010.9055378311272
2025-06-06 08:00:00,SubtleStation,23.042848381850597,79.82271531977081,1010.5665073059321,0,23.042848381850597,79.82271531977081,1010.5665073059321
2025-06-06 09:00:00,SubtleStation,23.54943864223211,77.4692470200978,1009.9750173326762,0,23.54943864223211,77.4692470200978,1009.9750173326762
2025-06-06 10:00:00,SubtleStation,23.456113468128756,80.22145150026755,1010.4824137488545,0,23.456113468128756,80.22145150026755,1010.4824137488545
2025-06-06 11:00:00,SubtleStation,23.562341060100884,79.32289873185347,1010.0404693333555,0,23.562341060100884,79.32289873185347,1010.0404693333555
2025-06-06 12:00:00,SubtleStation,23.311011350599635,79.47634068637383,1010.1186810997557,0,23.311011350599635,79.47634068637383,1010.1186810997557
2025-06-06 13:00:00,SubtleStation,24.04133146985896,79.79075960700055,1010.8121126865898,0,24.04133146985896,79.79075960700055,1010.8121126865898
2025-06-06 14:00:00,SubtleStation,23.913878414884188,78.57639669439224,1010.5586428490624,0,23.913878414884188,78.57639669439224,1010.5586428490624
2025-06-06 15:00:00,SubtleStation,23.94788614315011,80.92024794234338,1010.6851511538185,0,23.94788614315011,80.92024794234338,1010.6851511538185
2025-06-06 16:00:00,SubtleStation,23.950283078063475,80.85648058367674,1010.2405671115902,0,23.950283078063475,80.85648058367674,1010.2405671115902
2025-06-06 17:00:00,SubtleStation,24.17604723511158,77.7515078889184,1010.2838370743362,0,24.17604723511158,77.7515078889184,1010.2838370743362
2025-06-06 18:00:00,SubtleStation,24.414251204040355,81.68900481990512,1009.1137974676577,0,24.414251204040355,81.68900481990512,1009.1137974676577
2025-06-06 19:00:00,SubtleStation,24.369304096548472,78.92120036512287,1009.1644810519502,0,24.369304096548472,78.92120036512287,1009.1644810519502
2025-06-06 20:00:00,SubtleStation,24.57939662614067,78.51913968667999,1009.3943686688731,0,24.57939662614067,78.51913968667999,1009.3943686688731
2025-06-06 21:00:00,SubtleStation,24.365872580021,78.68994542781068,1009.4695599984092,0,24.365872580021,78.68994542781068,1009.4695599984092
2025-06-06 22:00:00,SubtleStation,24.317961746430914,80.664371183359,1009.7492903261359,0,24.317961746430914,80.664371183359,1009.7492903261359
2025-06-06 23:00:00,SubtleStation,24.628399748613038,76.66537094190969,1010.0441637985333,0,24.628399748613038,76.66537094190969,1010.0441637985333
2025-06-07 00:00:00,SubtleStation,24.8123724931505,79.46839322882049,1009.371233467071,0,24.8123724931505,79.46839322882049,1009.371233467071
2025-06-07 01:00:00,SubtleStation,24.7765476005932,79.40900684168048,1010.2328548745382,0,24.7765476005932,79.40900684168048,1010.2328548745382
2025-06-07 02:00:00,SubtleStation,25.069787938145822,79.56409651228083,1010.7521105748734,0,25.069787938145822,79.56409651228083,1010.7521105748734
2025-06-07 03:00:00,SubtleStation,25.13052405309011,78.53098967462111,1009.7649819711384,0,25.13052405309011,78.53098967462111,1009.7649819711384
2025-06-07 04:00:00,SubtleStation,24.907073419971894,79.928388312591,1010.3494023676042,0,24.907073419971894,79.928388312591,1010.3494023676042
2025-06-07 05:00:00,SubtleStation,25.531764276613902,80.01085927555938,1009.465931734107,0,25.531764276613902,80.01085927555938,1009.465931734107
2025-06-07 06:00:00,SubtleStation,25.438282577604408,79.4223930781421,1010.2775764799501,0,25.438282577604408,79.4223930781421,1010.2775764799501
2025-06-07 07:00:00,SubtleStation,25.352245240815133,80.96092727201024,1009.9362451959303,0,25.352245240815133,80.96092727201024,1009.9362451959303
2025-06-07 08:00:00,SubtleStation,25.378362307400835,78.82025624514729,1009.7629979150864,0,25.378362307400835,78.82025624514729,1009.7629979150864
2025-06-07 09:00:00,SubtleStation,26.23705216923182,79.52229741261259,1009.2968496332481,0,26.23705216923182,79.52229741261259,1009.2968496332481
2025-06-07 10:00:00,SubtleStation,25.781517148599676,80.07337670453195,1009.7912845283139,0,25.781517148599676,80.07337670453195,1009.7912845283139
2025-06-07 11:00:00,SubtleStation,25.551900068580117,78.01018518462375,1009.6454568875378,0,25.551900068580117,78.01018518462375,1009.6454568875378
2025-06-07 12:00:00,SubtleStation,25.78454314767928,77.38619396993788,1009.9319878975892,0,25.78454314767928,77.38619396993788,1009.9319878975892
2025-06-07 13:00:00,SubtleStation,26.18944043643541,79.64695769786913,1009.4471490272017,0,26.18944043643541,79.64695769786913,1009.4471490272017
2025-06-07 14:00:00,SubtleStation,26.12249719739382,80.2164067130633,1009.5140965325483,0,26.12249719739382,80.2164067130633,1009.5140965325483
2025-06-07 15:00:00,SubtleStation,26.31754590626842,81.02088967405577,1010.1203511708663,0,26.31754590626842,81.02088967405577,1010.1203511708663
2025-06-07 16:00:00,SubtleStation,26.45396429648761,79.04620410320804,1010.1948259429739,0,26.45396429648761,79.04620410320804,1010.1948259429739
2025-06-07 17:00:00,SubtleStation,26.551426261148954,79.03959473113972,1010.0385456889711,0,26.551426261148954,79.03959473113972,1010.0385456889711
2025-06-07 18:00:00,SubtleStation,26.64508020766313,78.1543475617367,1009.7631064291539,0,26.64508020766313,78.1543475617367,1009.7631064291539
2025-06-07 19:00:00,SubtleStation,26.71136747837887,79.08518907675042,1009.7216659349548,0,26.71136747837887,79.08518907675042,1009.7216659349548
2025-06-07 20:00:00,SubtleStation,27.163183005419118,77.33178619929035,1009.8308662196099,0,27.163183005419118,77.33178619929035,1009.8308662196099
2025-06-07 21:00:00,SubtleStation,26.86129601721093,79.01903274913901,1009.5302979089133,0,26.86129601721093,79.01903274913901,1009.5302979089133
2025-06-07 22:00:00,SubtleStation,27.246116390137395,78.17023168006212,1010.8592544952904,0,27.246116390137395,78.17023168006212,1010.8592544952904
2025-06-07 23:00:00,SubtleStation,27.157293716166766,77.29560084794753,1009.9776187001586,0,27.157293716166766,77.29560084794753,1009.9776187001586
2025-06-08 00:00:00,SubtleStation,27.396921377690987,78.41456031809572,1009.3217535359643,0,27.396921377690987,78.41456031809572,1009.3217535359643
2025-06-08 01:00:00,SubtleStation,27.407142973491005,78.4554578033551,1009.7647966978791,0,27.407142973491005,78.4554578033551,1009.7647966978791
2025-06-08 02:00:00,SubtleStation,27.61135890075231,79.84106832260012,1009.8852274120673,0,27.61135890075231,79.84106832260012,1009.8852274120673
2025-06-08 03:00:00,SubtleStation,27.979298407170635,77.55395053769564,1009.3331829250501,0,27.979298407170635,77.55395053769564,1009.3331829250501
2025-06-08 04:00:00,SubtleStation,27.54110404231573,76.92857705670248,1009.3614156504467,0,27.54110404231573,76.92857705670248,1009.3614156504467
2025-06-08 05:00:00,SubtleStation,27.731995931297497,77.2840258887641,1009.5759775760687,0,27.731995931297497,77.2840258887641,1009.5759775760687
2025-06-08 06:00:00,SubtleStation,28.106721166456815,77.08025745675822,1009.8248235573099,0,28.106721166456815,77.08025745675822,1009.8248235573099
2025-06-08 07:00:00,SubtleStation,27.85823384237582,76.57967826971176,1009.4378298196043,0,27.85823384237582,76.57967826971176,1009.4378298196043
2025-06-08 08:00:00,SubtleStation,27.364185383133343,78.83240695380107,1009.4562672480877,0,27.364185383133343,78.83240695380107,1009.4562672480877
2025-06-08 09:00:00,SubtleStation,27.884067262050568,77.40548091598053,1011.0631908616663,0,27.884067262050568,77.40548091598053,1011.0631908616663
2025-06-08 10:00:00,SubtleStation,27.981889106179906,76.81611843107073,1010.8537236768574,0,27.981889106179906,76.81611843107073,1010.8537236768574
2025-06-08 11:00:00,SubtleStation,28.158892516250432,75.76615155208533,1010.9157599389242,0,28.158892516250432,75.76615155208533,1010.9157599389242
2025-06-08 12:00:00,SubtleStation,28.08073515833055,75.51197184866943,1010.464046685025,0,28.08073515833055,75.51197184866943,1010.464046685025
2025-06-08 13:00:00,SubtleStation,28.749102989936002,74.5666784440309,1010.2500352367546,0,28.749102989936002,74.5666784440309,1010.2500352367546
2025-06-08 14:00:00,SubtleStation,28.79710390071355,73.242602169246,1009.2246968867224,0,28.79710390071355,73.242602169246,1009.2246968867224
2025-06-08 15:00:00,SubtleStation,28.10795166666531,74.48832351067799,1009.3129541377928,0,28.10795166666531,74.48832351067799,1009.3129541377928
2025-06-08 16:00:00,SubtleStation,28.320791886820864,74.26185465474438,1009.9896801107434,0,28.320791886820864,74.26185465474438,1009.9896801107434
2025-06-08 17:00:00,SubtleStation,28.78798503447584,73.56005658276983,1010.1665852066527,0,28.78798503447584,73.56005658276983,1010.1665852066527
2025-06-08 18:00:00,SubtleStation,28.482678606934517,74.79156414561184,1009.5993037370764,0,28.482678606934517,74.79156414561184,1009.5993037370764
2025-06-08 19:00:00,SubtleStation,28.63095343574766,73.78742615752105,1009.464893669826,0,28.63095343574766,73.78742615752105,1009.464893669826
2025-06-08 20:00:00,SubtleStation,28.62185621369842,73.27892688650621,1010.1397927034897,0,28.62185621369842,73.27892688650621,1010.1397927034897
2025-06-08 21:00:00,SubtleStation,29.125929593030257,73.25360673916633,1009.9041682645294,0,29.125929593030257,73.25360673916633,1009.9041682645294
2025-06-08 22:00:00,SubtleStation,28.892994536948226,71.28060586854589,1010.2047959521971,0,28.892994536948226,71.28060586854589,1010.2047959521971
2025-06-08 23:00:00,SubtleStation,29.220072916173667,71.86894219371905,1010.6807346908911,0,29.220072916173667,71.86894219371905,1010.6807346908911
2025-06-09 00:00:00,SubtleStation,28.913354668706603,70.83461209621827,1009.729975631877,0,28.913354668706603,70.83461209621827,1009.729975631877
2025-06-09 01:00:00,SubtleStation,29.246971082156495,72.51953730011512,1010.448225732777,0,29.246971082156495,72.51953730011512,1010.448225732777
2025-06-09 02:00:00,SubtleStation,29.091519127162176,70.55429064019431,1010.1433079621017,0,29.091519127162176,70.55429064019431,1010.1433079621017
2025-06-09 03:00:00,SubtleStation,29.23788047915691,69.543193843115,1009.6973152608348,0,29.23788047915691,69.543193843115,1009.6973152608348
2025-06-09 04:00:00,SubtleStation,29.167055164664678,70.81248116476432,1009.94210706229,0,29.167055164664678,70.81248116476432,1009.94210706229
2025-06-09 05:00:00,SubtleStation,29.2526378367113,71.42113053965205,1009.193691225223,0,29.2526378367113,71.42113053965205,1009.193691225223
2025-06-09 06:00:00,SubtleStation,29.336333655954608,68.49665150130852,1010.1030829494383,0,29.336333655954608,68.49665150130852,1010.1030829494383
2025-06-09 07:00:00,SubtleStation,29.452907999723838,70.54253056028209,1009.8859910935054,0,29.452907999723838,70.54253056028209,1009.8859910935054
2025-06-09 08:00:00,SubtleStation,29.606095042053266,68.94870349985126,1010.7498504226647,0,29.606095042053266,68.94870349985126,1010.7498504226647
2025-06-09 09:00:00,SubtleStation,29.30364992413679,68.09211165373951,1009.8366572160372,0,29.30364992413679,68.09211165373951,1009.8366572160372
2025-06-09 10:00:00,SubtleStation,29.272727316110455,69.8679049533603,1010.4216987513538,0,29.272727316110455,69.8679049533603,1010.4216987513538
2025-06-09 11:00:00,SubtleStation,29.830406663186455,69.24686838254534,1009.9194332565718,0,29.830406663186455,69.24686838254534,1009.9194332565718
2025-06-09 12:00:00,SubtleStation,30.025534018869248,66.48443145538357,1009.4388094347744,0,30.025534018869248,66.48443145538357,1009.4388094347744
2025-06-09 13:00:00,SubtleStation,29.84728129756014,68.51808174807393,1009.917770417389,0,29.84728129756014,68.51808174807393,1009.917770417389
2025-06-09 14:00:00,SubtleStation,29.952230756445616,67.19175590950687,1010.4130832340194,0,29.952230756445616,67.19175590950687,1010.4130832340194
2025-06-09 15:00:00,SubtleStation,29.649848247264067,66.85908522881427,1010.6288674032904,0,29.649848247264067,66.85908522881427,1010.6288674032904
2025-06-09 16:00:00,SubtleStation,29.879203820460365,65.36533423136044,1009.9862646255851,0,29.879203820460365,65.36533423136044,1009.9862646255851
2025-06-09 17:00:00,SubtleStation,29.87269158982342,65.41367811866121,1010.5580378012124,0,29.87269158982342,65.41367811866121,1010.5580378012124
2025-06-09 18:00:00,SubtleStation,29.848882494833493,67.01580520742343,1009.3363643920023,0,29.848882494833493,67.01580520742343,1009.3363643920023
2025-06-09 19:00:00,SubtleStation,29.670079796068,64.37533418887924,1010.1190143354239,0,29.670079796068,64.37533418887924,1010.1190143354239
2025-06-09 20:00:00,SubtleStation,29.540213216198374,66.06467570150609,1010.2939426319211,0,29.540213216198374,66.06467570150609,1010.2939426319211
2025-06-09 21:00:00,SubtleStation,30.13498415032291,67.01201385685494,1010.3767625632804,0,30.13498415032291,67.01201385685494,1010.3767625632804
2025-06-09 22:00:00,SubtleStation,30.062791189388644,63.146422042301666,1009.7098835183939,0,30.062791189388644,63.146422042301666,1009.7098835183939
2025-06-09 23:00:00,SubtleStation,29.79304221287393,64.02358687749786,1009.5965232616733,0,29.79304221287393,64.02358687749786,1009.5965232616733
2025-06-10 00:00:00,SubtleStation,30.011727165561698,64.13383426208719,1010.8269264906633,0,30.011727165561698,64.13383426208719,1010.8269264906633
2025-06-10 01:00:00,SubtleStation,29.8641478548073,62.847700293117555,1010.2988902087894,0,29.8641478548073,62.847700293117555,1010.2988902087894
2025-06-10 02:00:00,SubtleStation,30.153826906203996,60.657369237633716,1010.6399592125407,0,30.153826906203996,60.657369237633716,1010.6399592125407
2025-06-10 03:00:00,SubtleStation,30.08414466562476,61.988930354969874,1009.5973453214223,0,30.08414466562476,61.988930354969874,1009.5973453214223
2025-06-10 04:00:00,SubtleStation,30.296490392095347,62.153284173236365,1009.8429706791406,0,30.296490392095347,62.153284173236365,1009.8429706791406
2025-06-10 05:00:00,SubtleStation,30.01886076353376,61.96903789406684,1009.676283605976,0,30.01886076353376,61.96903789406684,1009.676283605976
2025-06-10 06:00:00,SubtleStation,29.980885585184236,59.69216188906087,1009.8127456612788,0,29.980885585184236,59.69216188906087,1009.8127456612788
2025-06-10 07:00:00,SubtleStation,30.008042211703284,60.66592136869687,1010.222043233612,0,30.008042211703284,60.66592136869687,1010.222043233612
2025-06-10 08:00:00,SubtleStation,30.559803186025686,60.24870508004109,1010.4321856125349,0,30.559803186025686,60.24870508004109,1010.4321856125349
2025-06-10 09:00:00,SubtleStation,30.136161461756313,61.10747338731783,1010.0366087804421,0,30.136161461756313,61.10747338731783,1010.0366087804421
2025-06-10 10:00:00,SubtleStation,30.01711446022276,60.18360465019587,1009.6755076920557,0,30.01711446022276,60.18360465019587,1009.6755076920557
2025-06-10 11:00:00,SubtleStation,30.17005444226124,59.06980253787369,1010.5118329156847,0,30.17005444226124,59.06980253787369,1010.5118329156847
2025-06-10 12:00:00,SubtleStation,29.934681925032454,59.813306059208266,1009.1312282034312,0,29.934681925032454,59.813306059208266,1009.1312282034312
2025-06-10 13:00:00,SubtleStation,30.043377918840754,58.588280756100446,1009.3582215054805,0,30.043377918840754,58.588280756100446,1009.3582215054805
2025-06-10 14:00:00,SubtleStation,30.163623532851673,57.035418319566695,1010.3648155991244,0,30.163623532851673,57.035418319566695,1010.3648155991244
2025-06-10 15:00:00,SubtleStation,29.42956210234532,57.590981422512996,1010.0006820976539,0,29.42956210234532,57.590981422512996,1010.0006820976539
2025-06-10 16:00:00,SubtleStation,29.666755679514065,56.72623039080923,1009.9481055525692,0,29.666755679514065,56.72623039080923,1009.9481055525692
2025-06-10 17:00:00,SubtleStation,29.664787565866245,56.85327245602572,1010.1123448248728,0,29.664787565866245,56.85327245602572,1010.1123448248728
2025-06-10 18:00:00,SubtleStation,29.826401828465745,58.06333368235417,1009.621187246276,0,29.826401828465745,58.06333368235417,1009.621187246276
2025-06-10 19:00:00,SubtleStation,29.802578325432794,55.00709403832101,1009.4578667667428,0,29.802578325432794,55.00709403832101,1009.4578667667428
2025-06-10 20:00:00,SubtleStation,29.94025884036867,55.9212816601628,1010.0305972581149,0,29.94025884036867,55.9212816601628,1010.0305972581149
2025-06-10 21:00:00,SubtleStation,29.958008722695983,56.31618303883567,1010.0079218716548,0,29.958008722695983,56.31618303883567,1010.0079218716548
2025-06-10 22:00:00,SubtleStation,30.091174978585048,56.63230316442022,1009.8838171416786,0,30.091174978585048,56.63230316442022,1009.8838171416786
2025-06-10 23:00:00,SubtleStation,29.703616788185826,55.05822486925588,1010.0009203087844,0,29.703616788185826,55.05822486925588,1010.0009203087844
2025-06-11 00:00:00,SubtleStation,29.657538029511198,53.26983742109841,1009.4546997719892,0,29.657538029511198,53.26983742109841,1009.4546997719892
2025-06-11 01:00:00,SubtleStation,29.608398134814802,52.29277065874239,1010.2101167184852,0,29.608398134814802,52.29277065874239,1010.2101167184852
2025-06-11 02:00:00,SubtleStation,29.48936687287163,51.97967223899241,1010.1745892630311,0,29.48936687287163,51.97967223899241,1010.1745892630311
2025-06-11 03:00:00,SubtleStation,29.671403243334613,50.04925883515472,1011.1053891826065,0,29.671403243334613,50.04925883515472,1011.1053891826065
2025-06-11 04:00:00,SubtleStation,29.34886982798624,52.52147763238741,1010.1973878752534,0,29.34886982798624,52.52147763238741,1010.1973878752534
2025-06-11 05:00:00,SubtleStation,29.783158468799044,51.48470837358163,1009.5786939980018,0,29.783158468799044,51.48470837358163,1009.5786939980018
2025-06-11 06:00:00,SubtleStation,29.563311242584053,51.293174669827756,1009.9990869870712,0,29.563311242584053,51.293174669827756,1009.9990869870712
2025-06-11 07:00:00,SubtleStation,29.629710203309646,50.62194199567069,1010.0244098415633,0,29.629710203309646,50.62194199567069,1010.0244098415633
2025-06-11 08:00:00,SubtleStation,29.74414793641614,50.70990284934654,1010.3354158600035,0,29.74414793641614,50.70990284934654,1010.3354158600035
2025-06-11 09:00:00,SubtleStation,28.918911495854584,49.85693774270544,1010.2847938878793,0,28.918911495854584,49.85693774270544,1010.2847938878793
2025-06-11 10:00:00,SubtleStation,29.296274710483935,49.87196003638043,1011.5766980311838,0,29.296274710483935,49.87196003638043,1011.5766980311838
2025-06-11 11:00:00,SubtleStation,29.15225073535545,49.44428051872156,1009.571136612501,0,29.15225073535545,49.44428051872156,1009.571136612501
2025-06-11 12:00:00,SubtleStation,29.31161271325358,49.60015237660063,1008.8936347122196,0,29.31161271325358,49.60015237660063,1008.8936347122196
2025-06-11 13:00:00,SubtleStation,29.33294678951053,50.53929998502968,1009.3416330298976,0,29.33294678951053,50.53929998502968,1009.3416330298976
2025-06-11 14:00:00,SubtleStation,29.194569723043266,49.205505499165355,1010.0633373402802,0,29.194569723043266,49.205505499165355,1010.0633373402802
2025-06-11 15:00:00,SubtleStation,29.077766841739923,48.47913959197069,1009.3302802236492,0,29.077766841739923,48.47913959197069,1009.3302802236492
2025-06-11 16:00:00,SubtleStation,28.95741291916736,46.7699725763519,1010.048741239503,0,28.95741291916736,46.7699725763519,1010.048741239503
2025-06-11 17:00:00,SubtleStation,29.11556977171924,47.471085146285134,1010.832432096587,0,29.11556977171924,47.471085146285134,1010.832432096587
2025-06-11 18:00:00,SubtleStation,28.873159520380685,48.75902994371617,1009.8418039160691,0,28.873159520380685,48.75902994371617,1009.8418039160691
2025-06-11 19:00:00,SubtleStation,29.142717234642486,46.87674739114401,1010.7477166437513,0,29.142717234642486,46.87674739114401,1010.7477166437513
2025-06-11 20:00:00,SubtleStation,28.635868500211103,48.683395282150286,1010.2201675154328,0,28.635868500211103,48.683395282150286,1010.2201675154328
2025-06-11 21:00:00,SubtleStation,29.035935404261558,47.47215412489142,1010.2861651490175,0,29.035935404261558,47.47215412489142,1010.2861651490175
2025-06-11 22:00:00,SubtleStation,28.36534992908649,45.018072777161684,1010.2862717231594,0,28.36534992908649,45.018072777161684,1010.2862717231594
2025-06-11 23:00:00,SubtleStation,28.586327737013953,45.601286123632015,1009.4172357048923,0,28.586327737013953,45.601286123632015,1009.4172357048923
2025-06-12 00:00:00,SubtleStation,28.47610600226421,46.105378638769395,1009.948595014343,0,28.47610600226421,46.105378638769395,1009.948595014343
2025-06-12 01:00:00,SubtleStation,28.246697608893985,46.272254587187675,1010.8352424981161,0,28.246697608893985,46.272254587187675,1010.8352424981161
2025-06-12 02:00:00,SubtleStation,28.042117569471284,44.82813798187248,1010.1065622735415,0,28.042117569471284,44.82813798187248,1010.1065622735415
2025-06-12 03:00:00,SubtleStation,28.42357555911085,44.3052337289605,1010.3839044978071,0,28.42357555911085,44.3052337289605,1010.3839044978071
2025-06-12 04:00:00,SubtleStation,28.160637075987196,45.68838727437685,1010.3221623600207,0,28.160637075987196,45.68838727437685,1010.3221623600207
2025-06-12 05:00:00,SubtleStation,28.27351902404692,45.04581117385926,1009.525310540064,0,28.27351902404692,45.04581117385926,1009.525310540064
2025-06-12 06:00:00,SubtleStation,28.359947297523746,45.70391074457797,1009.9964039331463,0,28.359947297523746,45.70391074457797,1009.9964039331463
2025-06-12 07:00:00,SubtleStation,28.057807601270746,43.25316814849573,1009.4743236790019,0,28.057807601270746,43.25316814849573,1009.4743236790019
2025-06-12 08:00:00,SubtleStation,28.03332053858224,42.20721916376862,1009.977846327632,0,28.03332053858224,42.20721916376862,1009.977846327632
2025-06-12 09:00:00,SubtleStation,27.682061648941755,44.45471861459386,1010.2076154214345,0,27.682061648941755,44.45471861459386,1010.2076154214345
2025-06-12 10:00:00,SubtleStation,27.959701278445085,43.72158784321926,1010.2880856446621,0,27.959701278445085,43.72158784321926,1010.2880856446621
2025-06-12 11:00:00,SubtleStation,27.895197390862016,42.64645131395965,1010.5799159835882,0,27.895197390862016,42.64645131395965,1010.5799159835882
2025-06-12 12:00:00,SubtleStation,27.617044712836424,41.69211279627164,1010.2390685553619,0,27.617044712836424,41.69211279627164,1010.2390685553619
2025-06-12 13:00:00,SubtleStation,27.372129562291914,41.62835682496672,1009.7666997174516,0,27.372129562291914,41.62835682496672,1009.7666997174516
2025-06-12 14:00:00,SubtleStation,27.338389037474677,41.7364847278649,1009.8275900019053,0,27.338389037474677,41.7364847278649,1009.8275900019053
2025-06-12 15:00:00,SubtleStation,27.269742960922155,40.257536448134175,1009.4388467650475,0,27.269742960922155,40.257536448134175,1009.4388467650475
2025-06-12 16:00:00,SubtleStation,27.242227609868507,43.04207945158415,1010.3458914306768,0,27.242227609868507,43.04207945158415,1010.3458914306768
2025-06-12 17:00:00,SubtleStation,27.056808148917053,42.49003611847846,1009.3397395781235,0,27.056808148917053,42.49003611847846,1009.3397395781235
2025-06-12 18:00:00,SubtleStation,26.909090103293508,41.09413728563029,1010.2239174395854,0,26.909090103293508,41.09413728563029,1010.2239174395854
2025-06-12 19:00:00,SubtleStation,26.84070703770386,40.636277679066836,1010.4508136545602,0,26.84070703770386,40.636277679066836,1010.4508136545602
2025-06-12 20:00:00,SubtleStation,26.782102827268336,41.267760384595746,1009.6836007866096,0,26.782102827268336,41.267760384595746,1009.6836007866096
2025-06-12 21:00:00,SubtleStation,26.93279484496188,43.86760393288531,1009.2331375317452,0,26.93279484496188,43.86760393288531,1009.2331375317452
2025-06-12 22:00:00,SubtleStation,26.407067106354138,41.41081151175197,1009.8128418316834,0,26.407067106354138,41.41081151175197,1009.8128418316834
2025-06-12 23:00:00,SubtleStation,26.110530005522698,41.161906746097905,1009.9889968228608,0,26.110530005522698,41.161906746097905,1009.9889968228608
2025-06-13 00:00:00,SubtleStation,26.09864001301534,39.87544425019206,1009.7326649991162,0,26.09864001301534,39.87544425019206,1009.7326649991162
2025-06-13 01:00:00,SubtleStation,26.35106003591767,39.84072966233622,1009.5104580447029,0,26.35106003591767,39.84072966233622,1009.5104580447029
2025-06-13 02:00:00,SubtleStation,26.26487517353147,42.209512234160265,1010.659893815539,0,26.26487517353147,42.209512234160265,1010.659893815539
2025-06-13 03:00:00,SubtleStation,26.346359876363795,40.03081433284331,1010.4596162656238,0,26.346359876363795,40.03081433284331,1010.4596162656238
2025-06-13 04:00:00,SubtleStation,26.51088754129747,40.77803053662869,1010.3339031761303,0,26.51088754129747,40.77803053662869,1010.3339031761303
2025-06-13 05:00:00,SubtleStation,25.88346352693846,40.206776894798026,1010.2032361342137,0,25.88346352693846,40.206776894798026,1010.2032361342137
2025-06-13 06:00:00,SubtleStation,26.029565090054327,39.9893604051867,1010.3664532685647,0,26.029565090054327,39.9893604051867,1010.3664532685647
2025-06-13 07:00:00,SubtleStation,25.602729810362117,39.74954069813175,1009.418864267949,0,25.602729810362117,39.74954069813175,1009.418864267949
2025-06-13 08:00:00,SubtleStation,25.84025736735989,40.89155544040411,1010.3932150677306,0,25.84025736735989,40.89155544040411,1010.3932150677306
2025-06-13 09:00:00,SubtleStation,25.57725411595427,38.92079220777809,1010.0839781292341,0,25.57725411595427,38.92079220777809,1010.0839781292341
2025-06-13 10:00:00,SubtleStation,25.18177482486686,41.057778665388156,1009.6308534187029,0,25.18177482486686,41.057778665388156,1009.6308534187029
2025-06-13 11:00:00,SubtleStation,25.386354877346978,40.044487225660816,1009.4237087584054,0,25.386354877346978,40.044487225660816,1009.4237087584054
2025-06-13 12:00:00,SubtleStation,25.32572839259173,38.5457621045976,1010.3656415202868,0,25.32572839259173,38.5457621045976,1010.3656415202868
2025-06-13 13:00:00,SubtleStation,25.198648993889343,39.08265801838586,1009.4568970343248,0,25.198648993889343,39.08265801838586,1009.4568970343248
2025-06-13 14:00:00,SubtleStation,24.966218485565662,39.5592382738178,1009.6518275063679,0,24.966218485565662,39.5592382738178,1009.6518275063679
2025-06-13 15:00:00,SubtleStation,25.216281233749328,39.0357502560564,1010.3576790004984,0,25.216281233749328,39.0357502560564,1010.3576790004984
2025-06-13 16:00:00,SubtleStation,25.04961599557787,38.80543481201057,1010.5086103043309,0,25.04961599557787,38.80543481201057,1010.5086103043309
2025-06-13 17:00:00,SubtleStation,24.859433935335716,40.42017076991266,1009.8647802213349,0,24.859433935335716,40.42017076991266,1009.8647802213349
2025-06-13 18:00:00,SubtleStation,24.482673650051613,41.746043117159736,1009.9845394784968,0,24.482673650051613,41.746043117159736,1009.9845394784968
2025-06-13 19:00:00,SubtleStation,24.443739313026047,40.27619464452241,1009.5111935733534,0,24.443739313026047,40.27619464452241,1009.5111935733534
2025-06-13 20:00:00,SubtleStation,24.587231032915696,39.47562692103048,1009.2315419142594,0,24.587231032915696,39.47562692103048,1009.2315419142594
2025-06-13 21:00:00,SubtleStation,24.664828673494753,39.79543002772709,1009.0934409855012,0,24.664828673494753,39.79543002772709,1009.0934409855012
2025-06-13 22:00:00,SubtleStation,24.431148610948906,40.06866239588654,1010.2588559515149,0,24.431148610948906,40.06866239588654,1010.2588559515149
2025-06-13 23:00:00,SubtleStation,24.089831582927125,40.595047903424984,1010.329981348951,0,24.089831582927125,40.595047903424984,1010.329981348951
2025-06-14 00:00:00,SubtleStation,24.05971438276053,42.33647832284692,1009.6411326377056,0,24.05971438276053,42.33647832284692,1009.6411326377056
2025-06-14 01:00:00,SubtleStation,24.177307482755023,40.86526089152427,1010.8924266994951,0,24.177307482755023,40.86526089152427,1010.8924266994951
2025-06-14 02:00:00,SubtleStation,23.57308962998693,41.72275262007673,1010.5409115360941,0,23.57308962998693,41.72275262007673,1010.5409115360941
2025-06-14 03:00:00,SubtleStation,23.45493056369453,40.988686088015044,1010.5058340825819,0,23.45493056369453,40.988686088015044,1010.5058340825819
2025-06-14 04:00:00,SubtleStation,23.84926383452609,40.95217526112683,1010.2716960018192,0,23.84926383452609,40.95217526112683,1010.2716960018192
2025-06-14 05:00:00,SubtleStation,23.57071378317189,40.43600272663897,1009.5398600675437,0,23.57071378317189,40.43600272663897,1009.5398600675437
2025-06-14 06:00:00,SubtleStation,23.25984968389421,40.637871898311495,1009.9119585170387,0,23.25984968389421,40.637871898311495,1009.9119585170387
2025-06-14 07:00:00,SubtleStation,23.315303644627917,42.3053016793031,1009.9281788950789,0,23.315303644627917,42.3053016793031,1009.9281788950789
2025-06-14 08:00:00,SubtleStation,23.189023832691564,42.14886104882105,1008.6949056777319,0,23.189023832691564,42.14886104882105,1008.6949056777319
2025-06-14 09:00:00,SubtleStation,23.26650793951632,42.55716686686354,1010.2970400926722,0,23.26650793951632,42.55716686686354,1010.2970400926722
2025-06-14 10:00:00,SubtleStation,23.048085401472704,41.76204792673793,1010.2362429129641,0,23.048085401472704,41.76204792673793,1010.2362429129641
2025-06-14 11:00:00,SubtleStation,23.068293988778976,41.28451875983733,1011.3209488433916,0,23.068293988778976,41.28451875983733,1011.3209488433916
2025-06-14 12:00:00,SubtleStation,23.206914791617514,43.18845728144673,1009.9273225562108,0,23.206914791617514,43.18845728144673,1009.9273225562108
2025-06-14 13:00:00,SubtleStation,22.83827624946539,41.0832280476228,1009.2285268251687,0,22.83827624946539,41.0832280476228,1009.2285268251687
2025-06-14 14:00:00,SubtleStation,22.68934412436246,41.516436251747116,1010.8224116759914,0,22.68934412436246,41.516436251747116,1010.8224116759914
2025-06-14 15:00:00,SubtleStation,22.51951359965172,42.628498580615265,1010.4712097766018,0,22.51951359965172,42.628498580615265,1010.4712097766018
2025-06-14 16:00:00,SubtleStation,22.439442981173443,42.85013974112263,1009.8673121891112,0,22.439442981173443,42.85013974112263,1009.8673121891112
2025-06-14 17:00:00,SubtleStation,22.426467957597527,41.742186201856335,1009.7963471988181,0,22.426467957597527,41.742186201856335,1009.7963471988181
2025-06-14 18:00:00,SubtleStation,22.566689459031885,42.796195600295746,1010.2093667628968,0,22.566689459031885,42.796195600295746,1010.2093667628968
2025-06-14 19:00:00,SubtleStation,22.43579713226282,42.43136173012086,1009.7258043172968,0,22.43579713226282,42.43136173012086,1009.7258043172968
2025-06-14 20:00:00,SubtleStation,21.89882479754709,46.26488784765652,1010.0191602218276,0,21.89882479754709,46.26488784765652,1010.0191602218276
2025-06-14 21:00:00,SubtleStation,22.4871170793348,43.700449066016375,1009.9065477538696,0,22.4871170793348,43.700449066016375,1009.9065477538696
2025-06-14 22:00:00,SubtleStation,21.921269773886973,45.395389692499656,1009.9936235548331,0,21.921269773886973,45.395389692499656,1009.9936235548331
2025-06-14 23:00:00,SubtleStation,21.841991847365524,44.345466271694406,1010.7696003168227,0,21.841991847365524,44.345466271694406,1010.7696003168227
2025-06-15 00:00:00,SubtleStation,21.8382124444345,44.959984938796765,1009.9789530492066,0,21.8382124444345,44.959984938796765,1009.9789530492066
2025-06-15 01:00:00,SubtleStation,22.20652851887195,44.251791831283555,1010.1356199779171,0,22.20652851887195,44.251791831283555,1010.1356199779171
2025-06-15 02:00:00,SubtleStation,21.846646611622397,45.77659711779292,1010.3440500713109,0,21.846646611622397,45.77659711779292,1010.3440500713109
2025-06-15 03:00:00,SubtleStation,21.68994453578113,47.0367460929802,1008.9583822384855,0,21.68994453578113,47.0367460929802,1008.9583822384855
2025-06-15 04:00:00,SubtleStation,21.453804988130962,46.2089062806833,1010.2606106404264,0,21.453804988130962,46.2089062806833,1010.2606106404264
2025-06-15 05:00:00,SubtleStation,21.534177614061356,45.32748996723877,1008.9070011890929,0,21.534177614061356,45.32748996723877,1008.9070011890929
2025-06-15 06:00:00,SubtleStation,21.88334110456435,45.27803274447918,1009.5748839510445,0,21.88334110456435,45.27803274447918,1009.5748839510445
2025-06-15 07:00:00,SubtleStation,21.532622028747088,47.46518876615094,1010.8794685074517,0,21.532622028747088,47.46518876615094,1010.8794685074517
2025-06-15 08:00:00,SubtleStation,21.201794190918715,45.632220956347666,1010.3721632429177,0,21.201794190918715,45.632220956347666,1010.3721632429177
2025-06-15 09:00:00,SubtleStation,21.15531686473319,46.31726358845507,1009.4462519530639,0,21.15531686473319,46.31726358845507,1009.4462519530639
2025-06-15 10:00:00,SubtleStation,21.28025101301268,48.00515229388752,1009.6880800815153,0,21.28025101301268,48.00515229388752,1009.6880800815153
2025-06-15 11:00:00,SubtleStation,21.288536884254313,48.020978756755206,1010.3118614498708,0,21.288536884254313,48.020978756755206,1010.3118614498708
2025-06-15 12:00:00,SubtleStation,20.804513033080266,46.557264227643486,1010.7385261702914,0,20.804513033080266,46.557264227643486,1010.7385261702914
2025-06-15 13:00:00,SubtleStation,21.052032706840937,47.9711057714965,1010.441438119214,0,21.052032706840937,47.9711057714965,1010.441438119214
2025-06-15 14:00:00,SubtleStation,21.059962770326464,48.59480918733279,1009.8453995701702,0,21.059962770326464,48.59480918733279,1009.8453995701702
2025-06-15 15:00:00,SubtleStation,21.110663537408463,49.81802878438239,1008.9996918493806,0,21.110663537408463,49.81802878438239,1008.9996918493806
2025-06-15 16:00:00,SubtleStation,20.562361093526164,49.08915262656399,1009.7725494195392,0,20.562361093526164,49.08915262656399,1009.7725494195392
2025-06-15 17:00:00,SubtleStation,21.21112878978684,48.33487041040404,1009.7588709341125,0,21.21112878978684,48.33487041040404,1009.7588709341125
2025-06-15 18:00:00,SubtleStation,20.616803870347976,51.77371788270595,1010.6343024639843,0,20.616803870347976,51.77371788270595,1010.6343024639843
2025-06-15 19:00:00,SubtleStation,20.56016330328019,51.39885724058099,1009.7107506167812,0,20.56016330328019,51.39885724058099,1009.7107506167812
2025-06-15 20:00:00,SubtleStation,20.49943977779244,49.79019591878745,1009.5031892064715,0,20.49943977779244,49.79019591878745,1009.5031892064715
2025-06-15 21:00:00,SubtleStation,20.67034677183293,51.10955254951,1010.6661596743561,0,20.67034677183293,51.10955254951,1010.6661596743561
2025-06-15 22:00:00,SubtleStation,20.322686881087584,52.44265037301228,1009.559027660738,0,20.322686881087584,52.44265037301228,1009.559027660738
2025-06-15 23:00:00,SubtleStation,20.81236690176416,50.166126994352744,1010.6202175801316,0,20.81236690176416,50.166126994352744,1010.6202175801316
2025-06-16 00:00:00,SubtleStation,20.33185048145593,52.4819447453661,1010.292455702614,0,20.33185048145593,52.4819447453661,1010.292455702614
2025-06-16 01:00:00,SubtleStation,20.40954588585453,51.758516574530304,1009.449368782613,0,20.40954588585453,51.758516574530304,1009.449368782613
2025-06-16 02:00:00,SubtleStation,20.122860204099243,51.86582710657344,1010.1900430731796,0,20.122860204099243,51.86582710657344,1010.1900430731796
2025-06-16 03:00:00,SubtleStation,20.2068020957706,52.85216942323424,1009.390707003135,0,20.2068020957706,52.85216942323424,1009.390707003135
2025-06-16 04:00:00,SubtleStation,19.87469966091388,53.248993104781114,1009.2623391604906,0,19.87469966091388,53.248993104781114,1009.2623391604906
2025-06-16 05:00:00,SubtleStation,20.23973991473247,53.328324712867506,1010.3981236715516,0,20.23973991473247,53.328324712867506,1010.3981236715516
2025-06-16 06:00:00,SubtleStation,20.194851531268334,52.591901647412534,1010.0486358564436,0,20.194851531268334,52.591901647412534,1010.0486358564436
2025-06-16 07:00:00,SubtleStation,19.83513032935569,53.969575540986106,1009.8958375037903,0,19.83513032935569,53.969575540986106,1009.8958375037903
2025-06-16 08:00:00,SubtleStation,20.124198303656915,54.69914065186154,1010.1198466646915,0,20.124198303656915,54.69914065186154,1010.1198466646915
2025-06-16 09:00:00,SubtleStation,20.23782191603681,54.62242492980279,1010.0823736326007,0,20.23782191603681,54.62242492980279,1010.0823736326007
2025-06-16 10:00:00,SubtleStation,20.3856407196007,55.441854880320484,1010.1540018917004,0,20.3856407196007,55.441854880320484,1010.1540018917004
2025-06-16 11:00:00,SubtleStation,19.91281256662255,56.6381888954768,1009.9759280294226,0,19.91281256662255,56.6381888954768,1009.9759280294226
2025-06-16 12:00:00,SubtleStation,19.71243268867105,57.65969285980331,1010.578655092635,0,19.71243268867105,57.65969285980331,1010.578655092635
2025-06-16 13:00:00,SubtleStation,20.035103931858753,56.26590015060218,1010.3609740007569,0,20.035103931858753,56.26590015060218,1010.3609740007569
2025-06-16 14:00:00,SubtleStation,20.4041334840479,57.33167148261118,1009.8709914287549,0,20.4041334840479,57.33167148261118,1009.8709914287549
2025-06-16 15:00:00,SubtleStation,19.96870277970827,57.60258044769984,1009.9849711634034,0,19.96870277970827,57.60258044769984,1009.9849711634034
2025-06-16 16:00:00,SubtleStation,20.381887675125697,59.242170698057826,1010.0505800458848,6,19.92810558713111,59.242170698057826,1010.0505800458848
2025-06-16 17:00:00,SubtleStation,21.09018373530739,58.187764247618105,1010.311386414502,6,20.2307229710626,58.187764247618105,1010.311386414502
2025-06-16 18:00:00,SubtleStation,19.351125956905772,59.300660878457926,1009.6019860395623,6,19.931606793070454,59.300660878457926,1009.6019860395623
2025-06-16 19:00:00,SubtleStation,20.01193146112908,58.76619100708821,1009.8076634475624,6,19.93053738585554,58.76619100708821,1009.8076634475624
2025-06-16 20:00:00,SubtleStation,19.894424910940444,58.19475534056115,1009.6584670255015,6,19.864318279914222,58.19475534056115,1009.6584670255015
2025-06-16 21:00:00,SubtleStation,19.743414097482823,60.37036034912813,1009.8652016550569,6,20.023114741342024,60.37036034912813,1009.8652016550569
2025-06-16 22:00:00,SubtleStation,19.76915999166529,58.866045097190394,1009.7456194377668,6,19.998099720261198,58.866045097190394,1009.7456194377668
2025-06-16 23:00:00,SubtleStation,19.999839980806872,61.718111671912226,1009.5295968473778,6,20.037683254062934,61.718111671912226,1009.5295968473778
2025-06-17 00:00:00,SubtleStation,20.503650368116176,61.237791772454514,1010.6037840013743,6,20.03126876407238,61.237791772454514,1010.6037840013743
2025-06-17 01:00:00,SubtleStation,19.74821166610652,60.80495789261,1010.3190735533201,6,19.7067369986164,60.80495789261,1010.3190735533201
2025-06-17 02:00:00,SubtleStation,20.156936293540763,61.780822250758455,1010.0619668837592,6,20.157532655683887,61.780822250758455,1010.0619668837592
2025-06-17 03:00:00,SubtleStation,20.426191116571523,61.0800328381917,1009.5580376772623,6,19.76082772758847,61.0800328381917,1009.5580376772623
2025-06-17 04:00:00,SubtleStation,21.598435077308913,61.79806466225411,1010.1586420441681,6,19.992656427670884,61.79806466225411,1010.1586420441681
2025-06-17 05:00:00,SubtleStation,19.687468036029614,63.215857122807705,1010.746340795884,6,20.318555211043957,63.215857122807705,1010.746340795884
2025-06-17 06:00:00,SubtleStation,20.089434519133427,65.90055553930185,1010.5452335670338,6,20.204807850444016,65.90055553930185,1010.5452335670338
2025-06-17 07:00:00,SubtleStation,20.08358627606666,63.43141578880785,1009.9030178613477,6,20.41157804607488,63.43141578880785,1009.9030178613477
2025-06-17 08:00:00,SubtleStation,19.738690649884735,65.35513139446662,1010.0974138126721,6,20.03058847385194,65.35513139446662,1010.0974138126721
2025-06-17 09:00:00,SubtleStation,20.54462406410454,63.159588208654675,1010.4087939374351,6,20.038855969044867,63.159588208654675,1010.4087939374351
2025-06-17 10:00:00,SubtleStation,18.53131236507862,65.66795517296237,1010.2777801031192,6,20.410268708594245,65.66795517296237,1010.2777801031192
2025-06-17 11:00:00,SubtleStation,20.224263031202735,64.60446563322779,1009.8875395693059,6,20.232441936495746,64.60446563322779,1009.8875395693059
2025-06-17 12:00:00,SubtleStation,20.456333665888035,67.19766974646512,1009.9479779299626,6,20.64687409588423,67.19766974646512,1009.9479779299626
2025-06-17 13:00:00,SubtleStation,19.451367827379997,64.9278459499686,1010.3713629330283,6,20.07840093575709,64.9278459499686,1010.3713629330283
2025-06-17 14:00:00,SubtleStation,20.838491980318533,68.16862450981958,1009.4733295846357,6,20.442092837810716,68.16862450981958,1009.4733295846357
2025-06-17 15:00:00,SubtleStation,19.612785770976217,67.74596680673838,1009.8898206040524,6,20.457459848708265,67.74596680673838,1009.8898206040524
2025-06-17 16:00:00,SubtleStation,20.2060116392737,65.04471333519353,1010.3725297780662,6,20.605185161114715,65.04471333519353,1010.3725297780662
2025-06-17 17:00:00,SubtleStation,19.66359338618067,67.13574576389541,1008.9252041992935,6,20.53024062982944,67.13574576389541,1008.9252041992935
2025-06-17 18:00:00,SubtleStation,19.908117561567355,67.74082647659554,1010.2720112415135,6,20.587962703564635,67.74082647659554,1010.2720112415135
2025-06-17 19:00:00,SubtleStation,20.913396215104903,67.44389074665278,1009.858721637859,6,20.52320998233282,67.44389074665278,1009.858721637859
2025-06-17 20:00:00,SubtleStation,21.261337983431506,69.67983067401683,1009.990586233575,6,20.729459365645436,69.67983067401683,1009.990586233575
2025-06-17 21:00:00,SubtleStation,21.958525799798405,71.10385227300557,1009.6249885364855,6,20.48517722571413,71.10385227300557,1009.6249885364855
2025-06-17 22:00:00,SubtleStation,21.16470240549728,71.18616498679127,1009.6517080641488,6,20.812186722619195,71.18616498679127,1009.6517080641488
2025-06-17 23:00:00,SubtleStation,19.367351882145098,72.63372233216586,1009.670545914841,6,21.05207060889831,72.63372233216586,1009.670545914841
2025-06-18 00:00:00,SubtleStation,19.030870950422933,68.3507027257832,1009.9708395011157,6,20.587746953001282,68.3507027257832,1009.9708395011157
2025-06-18 01:00:00,SubtleStation,20.000134804298995,69.08967472794028,1009.1755626540435,6,20.921839952864485,69.08967472794028,1009.1755626540435
2025-06-18 02:00:00,SubtleStation,21.12857016240877,70.89109530510464,1009.3822157556802,6,20.921389206432988,70.89109530510464,1009.3822157556802
2025-06-18 03:00:00,SubtleStation,21.748052315960937,72.44845136253777,1009.8415310609906,6,20.70269673598994,72.44845136253777,1009.8415310609906
2025-06-18 04:00:00,SubtleStation,22.12557603519187,72.53474928179962,1010.5384071335525,6,20.969282014308412,72.53474928179962,1010.5384071335525
2025-06-18 05:00:00,SubtleStation,21.091979012027657,71.98924442857711,1009.7570596225933,6,21.187529115393488,71.98924442857711,1009.7570596225933
2025-06-18 06:00:00,SubtleStation,21.197762004839678,72.61742022097697,1009.9364222292718,6,21.221640633125148,72.61742022097697,1009.9364222292718
2025-06-18 07:00:00,SubtleStation,22.3724901938666,72.99226935165917,1009.8773871366704,6,20.957548511916674,72.99226935165917,1009.8773871366704
2025-06-18 08:00:00,SubtleStation,20.795203080215956,75.67182197862815,1009.1518041205921,6,21.250251157025936,75.67182197862815,1009.1518041205921
2025-06-18 09:00:00,SubtleStation,22.232609520619917,74.80128223360903,1010.2781552447971,6,21.355321102705275,74.80128223360903,1010.2781552447971
2025-06-18 10:00:00,SubtleStation,22.474404090785033,73.71514298984927,1010.1444878964701,6,21.511406711631217,73.71514298984927,1010.1444878964701
2025-06-18 11:00:00,SubtleStation,20.99027271779449,73.00533672122405,1009.7216665228179,6,21.40651905003229,73.00533672122405,1009.7216665228179
2025-06-18 12:00:00,SubtleStation,20.96128180510804,72.0252559880421,1009.8823947691566,6,21.353743200366495,72.0252559880421,1009.8823947691566
2025-06-18 13:00:00,SubtleStation,23.09010555337734,75.1585268457372,1010.0698918324605,6,21.76096994982798,75.1585268457372,1010.0698918324605
2025-06-18 14:00:00,SubtleStation,21.093346167358042,74.60600543781632,1010.1887514935239,6,21.39501938748269,74.60600543781632,1010.1887514935239
2025-06-18 15:00:00,SubtleStation,21.20333321063275,76.25283060751092,1009.6685333784485,6,21.55665585420039,76.25283060751092,1009.6685333784485
2025-06-18 16:00:00,SubtleStation,21.410846457865187,76.1461853792499,1009.6962029374031,6,21.913442840738057,76.1461853792499,1009.6962029374031
2025-06-18 17:00:00,SubtleStation,21.897297000336106,75.03748391531784,1009.5205224473144,6,21.902422494032532,75.03748391531784,1009.5205224473144
2025-06-18 18:00:00,SubtleStation,21.45999374453572,77.1527042672418,1009.4111400991313,6,21.944268804286445,77.1527042672418,1009.4111400991313
2025-06-18 19:00:00,SubtleStation,23.418600949900707,78.69799605692046,1009.8468896102346,6,21.833194649368647,78.69799605692046,1009.8468896102346
2025-06-18 20:00:00,SubtleStation,22.498469835737666,74.88934925017013,1009.8097980260337,6,22.257061188524283,74.88934925017013,1009.8097980260337
2025-06-18 21:00:00,SubtleStation,22.799543838191124,76.54623691304566,1010.278410617676,6,22.271085358052726,76.54623691304566,1010.278410617676
2025-06-18 22:00:00,SubtleStation,20.8538554840401,76.81541843897477,1009.6133745991925,6,22.62913025980697,76.81541843897477,1009.6133745991925
2025-06-18 23:00:00,SubtleStation,22.78627355251251,77.68001909104977,1009.794442077648,6,22.46220810359496,77.68001909104977,1009.794442077648
2025-06-19 00:00:00,SubtleStation,20.27127666123442,79.00989351095691,1010.3439526054814,6,22.130384300089034,79.00989351095691,1010.3439526054814
2025-06-19 01:00:00,SubtleStation,23.412727995036235,76.66863359622982,1010.5972063203262,6,22.51421462439237,76.66863359622982,1010.5972063203262
2025-06-19 02:00:00,SubtleStation,22.36051908449839,77.99118104429937,1009.8231690855519,6,22.562470237853546,77.99118104429937,1009.8231690855519
2025-06-19 03:00:00,SubtleStation,21.516264351195655,75.22524015638659,1010.6807786958913,6,22.636839649587586,75.22524015638659,1010.6807786958913
2025-06-19 04:00:00,SubtleStation,24.057934505533087,78.39921142515726,1009.8114038883308,6,22.71736792533706,78.39921142515726,1009.8114038883308
2025-06-19 05:00:00,SubtleStation,23.118854047026595,78.3594460834267,1010.2796485757242,6,22.879934130025337,78.3594460834267,1010.2796485757242
2025-06-19 06:00:00,SubtleStation,22.484051096123952,78.80617606984012,1010.3406486393303,6,22.789855290939414,78.80617606984012,1010.3406486393303
2025-06-19 07:00:00,SubtleStation,23.34589358710564,77.91673178860424,1009.3975930669387,6,22.71126597702696,77.91673178860424,1009.3975930669387
2025-06-19 08:00:00,SubtleStation,22.450816781104578,80.04531994566646,1010.6853639032097,6,23.203185252749584,80.04531994566646,1010.6853639032097
2025-06-19 09:00:00,SubtleStation,21.41543348966614,78.83508447348699,1009.6540216991989,6,23.433523230368156,78.83508447348699,1009.6540216991989
2025-06-19 10:00:00,SubtleStation,22.12623884566675,77.39248414160133,1009.9037940774076,6,23.400414475648255,77.39248414160133,1009.9037940774076
2025-06-19 11:00:00,SubtleStation,23.378292741920315,78.32158127514347,1009.4793240025974,6,23.461846632005688,78.32158127514347,1009.4793240025974
2025-06-19 12:00:00,SubtleStation,23.68464827414436,79.77463107267654,1010.4711391884417,6,23.344196107566027,79.77463107267654,1010.4711391884417
2025-06-19 13:00:00,SubtleStation,22.423788215511905,80.0250667570917,1009.9782897848035,6,23.76608275105636,80.0250667570917,1009.9782897848035
2025-06-19 14:00:00,SubtleStation,22.702478141772545,78.8088905997919,1009.8436565501531,6,23.296217099498403,78.8088905997919,1009.8436565501531
2025-06-19 15:00:00,SubtleStation,23.69790660589703,79.33111937597256,1010.5205902283755,6,24.193793269732705,79.33111937597256,1010.5205902283755
2025-06-19 16:00:00,SubtleStation,23.15764303771294,79.03880468657809,1009.1061523005212,6,23.773111524738916,79.03880468657809,1009.1061523005212
2025-06-19 17:00:00,SubtleStation,22.881077953578075,77.63156406340718,1010.4720561911419,6,24.124309785997024,77.63156406340718,1010.4720561911419
2025-06-19 18:00:00,SubtleStation,23.72562047749579,79.62979134003382,1010.2373787793936,6,23.988204429357022,79.62979134003382,1010.2373787793936
2025-06-19 19:00:00,SubtleStation,26.652400564338812,78.72056834664988,1010.0214921417667,6,24.199786939156688,78.72056834664988,1010.0214921417667
2025-06-19 20:00:00,SubtleStation,24.051827612525223,78.9141420564199,1010.0161146239359,6,24.208555784296742,78.9141420564199,1010.0161146239359
2025-06-19 21:00:00,SubtleStation,24.054713677974423,79.4513617938944,1009.8434658546937,6,23.975610713973822,79.4513617938944,1009.8434658546937
2025-06-19 22:00:00,SubtleStation,23.74362494627152,78.98671092547222,1009.3707141666819,6,24.601153492693395,78.98671092547222,1009.3707141666819
2025-06-19 23:00:00,SubtleStation,23.247114709412788,78.86263743503578,1009.9786818509886,6,24.36123729576214,78.86263743503578,1009.9786818509886
2025-06-20 00:00:00,SubtleStation,24.14073484145792,80.77718760221974,1009.6744332913579,6,24.444862173154434,80.77718760221974,1009.6744332913579
2025-06-20 01:00:00,SubtleStation,25.22785212515305,78.46340805838108,1010.5023186184314,6,24.67746495695728,78.46340805838108,1010.5023186184314
2025-06-20 02:00:00,SubtleStation,26.22280836558847,79.16506376414044,1009.7731985076015,6,24.81749083771009,79.16506376414044,1009.7731985076015
2025-06-20 03:00:00,SubtleStation,25.00865361446069,79.22687122827537,1010.4277795749408,6,25.04497455857863,79.22687122827537,1010.4277795749408
2025-06-20 04:00:00,SubtleStation,26.59830916195129,80.82387042369713,1009.5245336902847,6,24.97244787454521,80.82387042369713,1009.5245336902847
2025-06-20 05:00:00,SubtleStation,24.698751064667682,80.816036602069,1009.5189538556955,6,25.711193438559373,80.816036602069,1009.5189538556955
2025-06-20 06:00:00,SubtleStation,26.054908449649425,81.84933191745812,1009.2225792667086,6,24.966585658978865,81.84933191745812,1009.2225792667086
2025-06-20 07:00:00,SubtleStation,24.272215629126883,79.59223082163456,1009.6321162114075,6,25.309151848363044,79.59223082163456,1009.6321162114075
2025-06-20 08:00:00,SubtleStation,26.00484258092252,79.80878063538981,1009.7601529162051,6,25.571128790394503,79.80878063538981,1009.7601529162051
2025-06-20 09:00:00,SubtleStation,25.601259284437397,79.04797628594639,1009.9508926675588,6,25.79112629207699,79.04797628594639,1009.9508926675588
2025-06-20 10:00:00,SubtleStation,26.480931761616887,79.07849309172349,1009.3588533020652,6,25.798517093775427,79.07849309172349,1009.3588533020652
2025-06-20 11:00:00,SubtleStation,26.111563517475357,81.55540764497947,1010.4909531595384,6,25.941022153805164,81.55540764497947,1010.4909531595384
2025-06-20 12:00:00,SubtleStation,24.018584766286047,78.69178114351388,1009.1592677602989,6,25.731715195115655,78.69178114351388,1009.1592677602989
2025-06-20 13:00:00,SubtleStation,24.70612513027737,79.82595285729023,1009.7411309763874,6,26.087717260987805,79.82595285729023,1009.7411309763874
2025-06-20 14:00:00,SubtleStation,27.59773005643829,79.73884292719572,1010.127483537994,6,26.327152883015064,79.73884292719572,1010.127483537994
2025-06-20 15:00:00,SubtleStation,26.04402406096527,79.53064908116674,1010.0265447781406,6,26.26258631137491,79.53064908116674,1010.0265447781406
2025-06-20 16:00:00,SubtleStation,26.638009763045694,78.81100426913949,1009.0646188342771,6,26.74005815909684,78.81100426913949,1009.0646188342771
2025-06-20 17:00:00,SubtleStation,26.99034312943239,80.70513204561372,1010.3477696865442,6,26.345771168148616,80.70513204561372,1010.3477696865442
2025-06-20 18:00:00,SubtleStation,26.918066480148433,80.18297668018919,1010.9401380071487,6,26.38754598567308,80.18297668018919,1010.9401380071487
2025-06-20 19:00:00,SubtleStation,25.99686835491365,78.6068214014608,1010.1080167921323,6,26.20487656043264,78.6068214014608,1010.1080167921323
2025-06-20 20:00:00,SubtleStation,26.555781497703244,80.85445903675686,1009.7036324023336,0,26.555781497703244,80.85445903675686,1009.7036324023336
2025-06-20 21:00:00,SubtleStation,26.84060408161305,79.69144532675946,1010.0230442441572,0,26.84060408161305,79.69144532675946,1010.0230442441572
2025-06-20 22:00:00,SubtleStation,27.01068423951048,78.77150526424843,1009.4946562768893,0,27.01068423951048,78.77150526424843,1009.4946562768893
2025-06-20 23:00:00,SubtleStation,27.20349600384861,76.94187814104855,1009.4804912968899,0,27.20349600384861,76.94187814104855,1009.4804912968899
2025-06-21 00:00:00,SubtleStation,27.06005878116375,78.8432947154544,1010.3266052402537,0,27.06005878116375,78.8432947154544,1010.3266052402537
2025-06-21 01:00:00,SubtleStation,26.993312179682558,78.82846731452263,1010.6160718031059,0,26.993312179682558,78.82846731452263,1010.6160718031059
2025-06-21 02:00:00,SubtleStation,26.933692867785986,78.18624114078729,1009.6972055254936,0,26.933692867785986,78.18624114078729,1009.6972055254936
2025-06-21 03:00:00,SubtleStation,27.25035473640108,77.69506603160129,1010.1978282008395,0,27.25035473640108,77.69506603160129,1010.1978282008395
2025-06-21 04:00:00,SubtleStation,27.169921956758444,77.63875266496427,1009.915186066674,0,27.169921956758444,77.63875266496427,1009.915186066674
2025-06-21 05:00:00,SubtleStation,27.42282072674895,77.7075267397993,1010.3903982579006,0,27.42282072674895,77.7075267397993,1010.3903982579006
2025-06-21 06:00:00,SubtleStation,27.271770149795753,77.51164721008074,1009.5975437882863,0,27.271770149795753,77.51164721008074,1009.5975437882863
2025-06-21 07:00:00,SubtleStation,27.564008844445826,77.72246130099774,1009.1080089150249,0,27.564008844445826,77.72246130099774,1009.1080089150249
2025-06-21 08:00:00,SubtleStation,27.59297086835763,75.60466344831461,1010.0456487552702,0,27.59297086835763,75.60466344831461,1010.0456487552702
2025-06-21 09:00:00,SubtleStation,28.006597103037155,76.70292850527542,1010.6377860702055,0,28.006597103037155,76.70292850527542,1010.6377860702055
2025-06-21 10:00:00,SubtleStation,27.651076062041103,75.94389224590181,1009.1809681578749,0,27.651076062041103,75.94389224590181,1009.1809681578749
2025-06-21 11:00:00,SubtleStation,27.62895899728096,76.6195805383339,1009.5130734138781,0,27.62895899728096,76.6195805383339,1009.5130734138781
2025-06-21 12:00:00,SubtleStation,28.202902237151275,74.07818874696335,1009.869316291256,0,28.202902237151275,74.07818874696335,1009.869316291256
2025-06-21 13:00:00,SubtleStation,28.425907808237273,75.92131863170835,1010.2464704631857,0,28.425907808237273,75.92131863170835,1010.2464704631857
2025-06-21 14:00:00,SubtleStation,28.35683183013777,75.57806584408094,1009.9839972923342,0,28.35683183013777,75.57806584408094,1009.9839972923342
2025-06-21 15:00:00,SubtleStation,28.249919201520292,75.6676108037931,1010.2947004638413,0,28.249919201520292,75.6676108037931,1010.2947004638413
2025-06-21 16:00:00,SubtleStation,28.18148024205956,77.0429558890628,1009.5217702201769,0,28.18148024205956,77.0429558890628,1009.5217702201769
2025-06-21 17:00:00,SubtleStation,28.384816899705275,72.75912471544672,1010.008121323886,0,28.384816899705275,72.75912471544672,1010.008121323886
2025-06-21 18:00:00,SubtleStation,28.419894585924617,74.62177387998058,1009.4144455416234,0,28.419894585924617,74.62177387998058,1009.4144455416234
2025-06-21 19:00:00,SubtleStation,28.329442615409995,73.25300813706636,1009.5093108823776,0,28.329442615409995,73.25300813706636,1009.5093108823776
2025-06-21 20:00:00,SubtleStation,28.64158132432172,75.18659322297204,1009.1176756855882,0,28.64158132432172,75.18659322297204,1009.1176756855882
2025-06-21 21:00:00,SubtleStation,28.964392412471312,73.52547011556145,1010.726037696391,0,28.964392412471312,73.52547011556145,1010.726037696391
2025-06-21 22:00:00,SubtleStation,28.94407575054798,73.54913341474989,1010.4128998163462,0,28.94407575054798,73.54913341474989,1010.4128998163462
2025-06-21 23:00:00,SubtleStation,28.908670632692747,72.29506349082988,1009.5895350757029,0,28.908670632692747,72.29506349082988,1009.5895350757029
2025-06-22 00:00:00,SubtleStation,28.88995373570386,71.52371991257412,1009.3947641365728,0,28.88995373570386,71.52371991257412,1009.3947641365728
2025-06-22 01:00:00,SubtleStation,28.76728685997652,72.55699871223155,1010.6883943901566,0,28.76728685997652,72.55699871223155,1010.6883943901566
2025-06-22 02:00:00,SubtleStation,29.24138734676717,72.44755870779122,1009.6644570718623,0,29.24138734676717,72.44755870779122,1009.6644570718623
2025-06-22 03:00:00,SubtleStation,28.794499951329904,70.20445006088262,1009.9423722773848,0,28.794499951329904,70.20445006088262,1009.9423722773848
2025-06-22 04:00:00,SubtleStation,28.710222238825345,71.46115603571846,1011.0662821789664,0,28.710222238825345,71.46115603571846,1011.0662821789664
2025-06-22 05:00:00,SubtleStation,29.181636153121623,70.86874046860578,1011.2221899725957,0,29.181636153121623,70.86874046860578,1011.2221899725957
2025-06-22 06:00:00,SubtleStation,29.16310572522899,70.70076304499254,1010.4092100156623,0,29.16310572522899,70.70076304499254,1010.4092100156623
2025-06-22 07:00:00,SubtleStation,29.22875599785001,69.96661131077163,1009.3852205977942,0,29.22875599785001,69.96661131077163,1009.3852205977942
2025-06-22 08:00:00,SubtleStation,29.49486795884485,69.44053705707907,1009.2294740953006,0,29.49486795884485,69.44053705707907,1009.2294740953006
2025-06-22 09:00:00,SubtleStation,29.506139546735366,68.35692847455903,1009.4526038516706,0,29.506139546735366,68.35692847455903,1009.4526038516706
2025-06-22 10:00:00,SubtleStation,29.5778156673508,68.66850311695863,1009.726376912498,0,29.5778156673508,68.66850311695863,1009.726376912498
2025-06-22 11:00:00,SubtleStation,29.70801853477706,69.27649668148955,1010.0449340738579,0,29.70801853477706,69.27649668148955,1010.0449340738579
2025-06-22 12:00:00,SubtleStation,29.279334164871567,70.37251022119806,1010.6760127556485,0,29.279334164871567,70.37251022119806,1010.6760127556485
2025-06-22 13:00:00,SubtleStation,29.924108929520244,68.57717756909857,1009.5193144697466,0,29.924108929520244,68.57717756909857,1009.5193144697466
2025-06-22 14:00:00,SubtleStation,29.443065765893504,65.8905405228201,1009.9889423845088,0,29.443065765893504,65.8905405228201,1009.9889423845088
2025-06-22 15:00:00,SubtleStation,29.7133017186239,68.45309505304643,1009.996746316078,0,29.7133017186239,68.45309505304643,1009.996746316078
2025-06-22 16:00:00,SubtleStation,30.06192517603918,67.32844194762978,1009.7535641892389,0,30.06192517603918,67.32844194762978,1009.7535641892389
2025-06-22 17:00:00,SubtleStation,30.04680118878305,67.86503743768742,1010.286223331755,0,30.04680118878305,67.86503743768742,1010.286223331755
2025-06-22 18:00:00,SubtleStation,30.03569910045442,68.14349898489736,1009.6827625576261,0,30.03569910045442,68.14349898489736,1009.6827625576261
2025-06-22 19:00:00,SubtleStation,29.778790572851246,67.08180887760318,1009.129228479959,0,29.778790572851246,67.08180887760318,1009.129228479959
2025-06-22 20:00:00,SubtleStation,29.519591997510513,65.76941918387851,1009.712734973269,0,29.519591997510513,65.76941918387851,1009.712734973269
2025-06-22 21:00:00,SubtleStation,29.623697012492514,65.06100610776251,1009.911361702262,0,29.623697012492514,65.06100610776251,1009.911361702262
2025-06-22 22:00:00,SubtleStation,29.798530866073918,65.70756100284822,1010.5719246597891,0,29.798530866073918,65.70756100284822,1010.5719246597891
2025-06-22 23:00:00,SubtleStation,29.747412448783564,63.92050308488542,1010.2981834242767,0,29.747412448783564,63.92050308488542,1010.2981834242767
2025-06-23 00:00:00,SubtleStation,29.76112914392278,63.77582677293916,1010.2865435718362,0,29.76112914392278,63.77582677293916,1010.2865435718362
2025-06-23 01:00:00,SubtleStation,29.87594871977634,64.51857225677092,1010.2121296687976,0,29.87594871977634,64.51857225677092,1010.2121296687976
2025-06-23 02:00:00,SubtleStation,29.81170342711385,64.0720716122753,1009.6246848742044,0,29.81170342711385,64.0720716122753,1009.6246848742044
2025-06-23 03:00:00,SubtleStation,29.850897452105215,62.17084214545076,1009.9690093880396,0,29.850897452105215,62.17084214545076,1009.9690093880396
2025-06-23 04:00:00,SubtleStation,29.985142423128163,63.124315891145166,1009.9505649842915,0,29.985142423128163,63.124315891145166,1009.9505649842915
2025-06-23 05:00:00,SubtleStation,29.779025709630083,61.01335530092188,1008.9846142132452,0,29.779025709630083,61.01335530092188,1008.9846142132452
2025-06-23 06:00:00,SubtleStation,30.129364566743114,60.98830804183867,1009.9127435591762,0,30.129364566743114,60.98830804183867,1009.9127435591762
2025-06-23 07:00:00,SubtleStation,30.18157758295767,61.73906137836305,1010.2020174984675,0,30.18157758295767,61.73906137836305,1010.2020174984675
2025-06-23 08:00:00,SubtleStation,29.90527241863548,62.89948929121007,1010.0938442737981,0,29.90527241863548,62.89948929121007,1010.0938442737981
2025-06-23 09:00:00,SubtleStation,30.00136416542257,61.434814833095274,1010.7073813654381,0,30.00136416542257,61.434814833095274,1010.7073813654381
2025-06-23 10:00:00,SubtleStation,30.303623708920668,60.161016946725624,1010.3128195205086,0,30.303623708920668,60.161016946725624,1010.3128195205086
2025-06-23 11:00:00,SubtleStation,30.158709021214946,57.8530082188317,1010.7673056197806,0,30.158709021214946,57.8530082188317,1010.7673056197806
2025-06-23 12:00:00,SubtleStation,30.318423718732014,58.63565164836234,1009.2602370696916,0,30.318423718732014,58.63565164836234,1009.2602370696916
2025-06-23 13:00:00,SubtleStation,30.1438081915413,58.89518180714903,1010.3569703415495,0,30.1438081915413,58.89518180714903,1010.3569703415495
2025-06-23 14:00:00,SubtleStation,30.1884599327996,58.713413861303835,1010.0279204033249,0,30.1884599327996,58.713413861303835,1010.0279204033249
2025-06-23 15:00:00,SubtleStation,29.859583643154977,57.66235170309038,1009.9697587143952,0,29.859583643154977,57.66235170309038,1009.9697587143952
2025-06-23 16:00:00,SubtleStation,29.95538373580645,55.810639680830676,1009.8806571666635,0,29.95538373580645,55.810639680830676,1009.8806571666635
2025-06-23 17:00:00,SubtleStation,29.795247232700323,56.53526394822122,1009.922922959048,0,29.795247232700323,56.53526394822122,1009.922922959048
2025-06-23 18:00:00,SubtleStation,29.949294997503365,56.59213974380313,1009.725537595559,0,29.949294997503365,56.59213974380313,1009.725537595559
2025-06-23 19:00:00,SubtleStation,30.023878830774727,55.534472725443514,1010.1624577588776,0,30.023878830774727,55.534472725443514,1010.1624577588776
2025-06-23 20:00:00,SubtleStation,29.942839758788576,56.46413646232553,1010.1459992066866,0,29.942839758788576,56.46413646232553,1010.1459992066866
2025-06-23 21:00:00,SubtleStation,29.575066447715145,54.544897624890375,1009.0262521157711,0,29.575066447715145,54.544897624890375,1009.0262521157711
2025-06-23 22:00:00,SubtleStation,29.6933360016883,54.960200991923536,1008.8727919077033,0,29.6933360016883,54.960200991923536,1008.8727919077033
2025-06-23 23:00:00,SubtleStation,29.590523728036207,54.326672229312514,1010.2692660742301,0,29.590523728036207,54.326672229312514,1010.2692660742301
2025-06-24 00:00:00,SubtleStation,29.86144992687061,52.42384467930377,1009.6589936877114,0,29.86144992687061,52.42384467930377,1009.6589936877114
2025-06-24 01:00:00,SubtleStation,29.69146413769458,53.593150107842426,1009.8708504163292,0,29.69146413769458,53.593150107842426,1009.8708504163292
2025-06-24 02:00:00,SubtleStation,29.7929859434442,53.52290327282726,1009.8556674391091,0,29.7929859434442,53.52290327282726,1009.8556674391091
2025-06-24 03:00:00,SubtleStation,29.29179793423994,54.27266199515917,1010.4282476305046,0,29.29179793423994,54.27266199515917,1010.4282476305046
2025-06-24 04:00:00,SubtleStation,29.691235760923686,53.49346590101398,1010.6492209748179,0,29.691235760923686,53.49346590101398,1010.6492209748179
2025-06-24 05:00:00,SubtleStation,29.430745852998,52.629246963340776,1009.4466954638411,0,29.430745852998,52.629246963340776,1009.4466954638411
2025-06-24 06:00:00,SubtleStation,29.739115090339084,51.83583452616215,1010.3512486663386,0,29.739115090339084,51.83583452616215,1010.3512486663386
2025-06-24 07:00:00,SubtleStation,29.710471584907225,52.20478345657378,1009.5038459559179,0,29.710471584907225,52.20478345657378,1009.5038459559179
2025-06-24 08:00:00,SubtleStation,29.62520063771094,51.68332363491354,1010.8512921225664,0,29.62520063771094,51.68332363491354,1010.8512921225664
2025-06-24 09:00:00,SubtleStation,29.658542021648827,49.15227634940229,1010.315966425129,0,29.658542021648827,49.15227634940229,1010.315966425129
2025-06-24 10:00:00,SubtleStation,29.58649529606341,49.33799716902123,1009.3749087560332,0,29.58649529606341,49.33799716902123,1009.3749087560332
2025-06-24 11:00:00,SubtleStation,29.273507555334884,48.091171134487034,1009.4879882438275,0,29.273507555334884,48.091171134487034,1009.4879882438275
2025-06-24 12:00:00,SubtleStation,29.038692156230336,51.03494425925375,1009.3921590836212,0,29.038692156230336,51.03494425925375,1009.3921590836212
2025-06-24 13:00:00,SubtleStation,29.419690329652855,46.890072348784145,1009.6379211577125,0,29.419690329652855,46.890072348784145,1009.6379211577125
2025-06-24 14:00:00,SubtleStation,29.288496713714128,51.444301615692645,1010.0258314550023,0,29.288496713714128,51.444301615692645,1010.0258314550023
2025-06-24 15:00:00,SubtleStation,28.714393830390755,49.626982274536836,1010.3307700643953,0,28.714393830390755,49.626982274536836,1010.3307700643953
2025-06-24 16:00:00,SubtleStation,28.770858961411886,48.51766454552943,1010.4470934452561,0,28.770858961411886,48.51766454552943,1010.4470934452561
2025-06-24 17:00:00,SubtleStation,28.79725699979666,49.03223891064713,1009.9293699725577,0,28.79725699979666,49.03223891064713,1009.9293699725577
2025-06-24 18:00:00,SubtleStation,28.980995798382025,47.023975638225956,1009.8515575656352,0,28.980995798382025,47.023975638225956,1009.8515575656352
2025-06-24 19:00:00,SubtleStation,28.655962131720347,46.8663306626289,1009.3779213017765,0,28.655962131720347,46.8663306626289,1009.3779213017765
2025-06-24 20:00:00,SubtleStation,29.00443345064282,47.72457313656128,1009.973784763089,0,29.00443345064282,47.72457313656128,1009.973784763089
2025-06-24 21:00:00,SubtleStation,28.707421898308258,46.58909091801867,1009.5292851587824,0,28.707421898308258,46.58909091801867,1009.5292851587824
2025-06-24 22:00:00,SubtleStation,29.05310129528067,46.60387498740909,1010.4181333973813,0,29.05310129528067,46.60387498740909,1010.4181333973813
2025-06-24 23:00:00,SubtleStation,28.762156696462796,45.754025103610914,1010.607388105585,0,28.762156696462796,45.754025103610914,1010.607388105585
2025-06-25 00:00:00,SubtleStation,28.58220905112731,45.653432224810736,1010.4552208551615,0,28.58220905112731,45.653432224810736,1010.4552208551615
2025-06-25 01:00:00,SubtleStation,28.622717238506358,45.917097120396754,1009.9434431417686,0,28.622717238506358,45.917097120396754,1009.9434431417686
2025-06-25 02:00:00,SubtleStation,28.280329474690483,46.98415533560369,1010.5287195323708,0,28.280329474690483,46.98415533560369,1010.5287195323708
2025-06-25 03:00:00,SubtleStation,28.683417048776164,45.444958712535346,1009.6134637254295,0,28.683417048776164,45.444958712535346,1009.6134637254295
2025-06-25 04:00:00,SubtleStation,28.53018600349335,44.46688753991932,1010.9031723799766,0,28.53018600349335,44.46688753991932,1010.9031723799766
2025-06-25 05:00:00,SubtleStation,28.293967349224225,45.33421080404412,1010.2129517295659,0,28.293967349224225,45.33421080404412,1010.2129517295659
2025-06-25 06:00:00,SubtleStation,28.55455644751162,43.76609858163874,1009.9799962526461,0,28.55455644751162,43.76609858163874,1009.9799962526461
2025-06-25 07:00:00,SubtleStation,27.796832350081235,43.97315928535015,1009.8873013850234,0,27.796832350081235,43.97315928535015,1009.8873013850234
2025-06-25 08:00:00,SubtleStation,28.172547115692613,46.33771923781684,1010.2892922838375,0,28.172547115692613,46.33771923781684,1010.2892922838375
2025-06-25 09:00:00,SubtleStation,28.171024263633544,42.89432470131833,1010.4137358049181,0,28.171024263633544,42.89432470131833,1010.4137358049181
2025-06-25 10:00:00,SubtleStation,27.94790594999825,43.94195559132199,1009.2832237095663,0,27.94790594999825,43.94195559132199,1009.2832237095663
2025-06-25 11:00:00,SubtleStation,27.734691354480113,43.015323642328546,1010.7046568293912,0,27.734691354480113,43.015323642328546,1010.7046568293912
2025-06-25 12:00:00,SubtleStation,27.26995447886955,42.553219468797664,1009.1020733736217,0,27.26995447886955,42.553219468797664,1009.1020733736217
2025-06-25 13:00:00,SubtleStation,27.814030019488186,42.594502971705126,1010.1596435889849,0,27.814030019488186,42.594502971705126,1010.1596435889849
2025-06-25 14:00:00,SubtleStation,27.425676681768998,40.69640454335879,1009.3259193342609,0,27.425676681768998,40.69640454335879,1009.3259193342609
2025-06-25 15:00:00,SubtleStation,27.409742385791635,41.41086560740867,1010.3669594675928,0,27.409742385791635,41.41086560740867,1010.3669594675928
2025-06-25 16:00:00,SubtleStation,27.533338810260528,43.01064958651782,1010.0138618750909,0,27.533338810260528,43.01064958651782,1010.0138618750909
2025-06-25 17:00:00,SubtleStation,27.444975951692147,41.873815347490456,1010.9685019249475,0,27.444975951692147,41.873815347490456,1010.9685019249475
2025-06-25 18:00:00,SubtleStation,26.92622997446608,40.64266646867255,1010.49543958115,0,26.92622997446608,40.64266646867255,1010.49543958115
2025-06-25 19:00:00,SubtleStation,26.869209947735662,39.95774742129902,1009.3357933467003,0,26.869209947735662,39.95774742129902,1009.3357933467003
2025-06-25 20:00:00,SubtleStation,26.833680364767176,41.1219425499807,1010.4405184595472,0,26.833680364767176,41.1219425499807,1010.4405184595472
2025-06-25 21:00:00,SubtleStation,27.020756065121713,41.17338498480771,1009.9096022468243,0,27.020756065121713,41.17338498480771,1009.9096022468243
2025-06-25 22:00:00,SubtleStation,27.00583317958536,41.224368256725334,1009.8231494490019,0,27.00583317958536,41.224368256725334,1009.8231494490019
2025-06-25 23:00:00,SubtleStation,26.796667065104476,42.45128368145002,1009.9525402307556,0,26.796667065104476,42.45128368145002,1009.9525402307556
2025-06-26 00:00:00,SubtleStation,26.513648336331507,40.36846434912729,1009.8226826866295,0,26.513648336331507,40.36846434912729,1009.8226826866295
2025-06-26 01:00:00,SubtleStation,26.477958080389996,40.849975688369994,1009.261129574049,0,26.477958080389996,40.849975688369994,1009.261129574049
2025-06-26 02:00:00,SubtleStation,26.688290324021388,40.95373416088863,1010.0621731568363,0,26.688290324021388,40.95373416088863,1010.0621731568363
2025-06-26 03:00:00,SubtleStation,26.09005032371727,38.82777901668232,1009.3042038859683,0,26.09005032371727,38.82777901668232,1009.3042038859683
2025-06-26 04:00:00,SubtleStation,26.374014390213546,41.36215875147635,1010.5707199081743,0,26.374014390213546,41.36215875147635,1010.5707199081743
2025-06-26 05:00:00,SubtleStation,26.099391787484212,39.97011094356351,1010.5155500858434,0,26.099391787484212,39.97011094356351,1010.5155500858434
2025-06-26 06:00:00,SubtleStation,26.121042895588577,40.68588460642977,1009.5388328744136,0,26.121042895588577,40.68588460642977,1009.5388328744136
2025-06-26 07:00:00,SubtleStation,25.930021529659783,40.04313396761844,1008.9282284733271,0,25.930021529659783,40.04313396761844,1008.9282284733271
2025-06-26 08:00:00,SubtleStation,26.032842648751586,41.24026626424662,1009.8247411546836,0,26.032842648751586,41.24026626424662,1009.8247411546836
2025-06-26 09:00:00,SubtleStation,25.83387682140874,40.330325342119664,1009.6877094281979,0,25.83387682140874,40.330325342119664,1009.6877094281979
2025-06-26 10:00:00,SubtleStation,25.642734048571413,40.852780261590915,1009.103010916132,0,25.642734048571413,40.852780261590915,1009.103010916132
2025-06-26 11:00:00,SubtleStation,25.982256558773557,40.55637666366611,1010.2074608056696,0,25.982256558773557,40.55637666366611,1010.2074608056696
2025-06-26 12:00:00,SubtleStation,25.679910842849196,39.72392199402172,1009.6577752544243,0,25.679910842849196,39.72392199402172,1009.6577752544243
2025-06-26 13:00:00,SubtleStation,25.38432646982265,39.02787549632993,1010.3006724861007,0,25.38432646982265,39.02787549632993,1010.3006724861007
2025-06-26 14:00:00,SubtleStation,25.385248478871283,38.5880596356197,1009.4639755694171,0,25.385248478871283,38.5880596356197,1009.4639755694171
2025-06-26 15:00:00,SubtleStation,25.153626130123982,37.31693762678672,1010.161196951608,0,25.153626130123982,37.31693762678672,1010.161196951608
2025-06-26 16:00:00,SubtleStation,24.891942042884235,40.396762487280405,1010.371979510276,0,24.891942042884235,40.396762487280405,1010.371979510276
2025-06-26 17:00:00,SubtleStation,24.58554040869496,39.07388217991222,1009.9330347120903,0,24.58554040869496,39.07388217991222,1009.9330347120903
2025-06-26 18:00:00,SubtleStation,25.24311645601744,41.27666139453454,1009.9643210320896,0,25.24311645601744,41.27666139453454,1009.9643210320896
2025-06-26 19:00:00,SubtleStation,24.642402156676695,40.15345617459492,1009.8620374701292,0,24.642402156676695,40.15345617459492,1009.8620374701292
2025-06-26 20:00:00,SubtleStation,24.748266818553496,41.2946678103586,1009.6867562363603,0,24.748266818553496,41.2946678103586,1009.6867562363603
2025-06-26 21:00:00,SubtleStation,24.78374190906082,40.91405450899348,1010.8457423773225,0,24.78374190906082,40.91405450899348,1010.8457423773225
2025-06-26 22:00:00,SubtleStation,24.34349391240702,40.185275920897794,1010.347284387327,0,24.34349391240702,40.185275920897794,1010.347284387327
2025-06-26 23:00:00,SubtleStation,24.276492637076736,39.71099461189338,1010.1214100609672,0,24.276492637076736,39.71099461189338,1010.1214100609672
2025-06-27 00:00:00,SubtleStation,24.336901471773444,40.7225551684386,1010.9273393693953,0,24.336901471773444,40.7225551684386,1010.9273393693953
2025-06-27 01:00:00,SubtleStation,24.240020319064897,40.04330621910136,1009.6097653683232,0,24.240020319064897,40.04330621910136,1009.6097653683232
2025-06-27 02:00:00,SubtleStation,24.04270816985871,38.99010336989911,1010.0869069995068,0,24.04270816985871,38.99010336989911,1010.0869069995068
2025-06-27 03:00:00,SubtleStation,23.726961557424186,39.72115707572819,1009.5312293867494,0,23.726961557424186,39.72115707572819,1009.5312293867494
2025-06-27 04:00:00,SubtleStation,24.098419113754467,40.45399553214977,1010.2125392560547,0,24.098419113754467,40.45399553214977,1010.2125392560547
2025-06-27 05:00:00,SubtleStation,23.896092463226825,40.96425769194568,1010.0182012978062,0,23.896092463226825,40.96425769194568,1010.0182012978062
2025-06-27 06:00:00,SubtleStation,23.683375843666823,39.516231880001094,1009.9599247160797,0,23.683375843666823,39.516231880001094,1009.9599247160797
2025-06-27 07:00:00,SubtleStation,23.71193829740338,40.11985669997143,1009.3881604025884,0,23.71193829740338,40.11985669997143,1009.3881604025884
2025-06-27 08:00:00,SubtleStation,22.80677429612176,41.992129375851775,1009.6060888967929,0,22.80677429612176,41.992129375851775,1009.6060888967929
2025-06-27 09:00:00,SubtleStation,23.373426940109194,40.161441888385404,1009.6756416423112,0,23.373426940109194,40.161441888385404,1009.6756416423112
2025-06-27 10:00:00,SubtleStation,23.182010796391506,40.23982597776004,1008.8420208402355,0,23.182010796391506,40.23982597776004,1008.8420208402355
2025-06-27 11:00:00,SubtleStation,22.781072615739106,42.73968407785276,1009.8640044303729,0,22.781072615739106,42.73968407785276,1009.8640044303729
2025-06-27 12:00:00,SubtleStation,23.189350504192483,41.83391310409053,1009.9659081002007,0,23.189350504192483,41.83391310409053,1009.9659081002007
2025-06-27 13:00:00,SubtleStation,22.791614924697786,40.59020709243878,1009.6472061267282,0,22.791614924697786,40.59020709243878,1009.6472061267282
2025-06-27 14:00:00,SubtleStation,23.180497224893664,42.44480330257664,1010.1403020404389,0,23.180497224893664,42.44480330257664,1010.1403020404389
2025-06-27 15:00:00,SubtleStation,22.778585488257733,41.73657541601449,1010.858316084096,0,22.778585488257733,41.73657541601449,1010.858316084096
2025-06-27 16:00:00,SubtleStation,22.85081388508844,42.1450079717972,1009.5430231926828,0,22.85081388508844,42.1450079717972,1009.5430231926828
2025-06-27 17:00:00,SubtleStation,22.513243346963726,41.820922686472024,1010.0904145853833,0,22.513243346963726,41.820922686472024,1010.0904145853833
2025-06-27 18:00:00,SubtleStation,22.705878184343575,42.21139436722662,1009.4764799080691,0,22.705878184343575,42.21139436722662,1009.4764799080691
2025-06-27 19:00:00,SubtleStation,22.738239202737855,43.87300517804844,1009.1235320856443,0,22.738239202737855,43.87300517804844,1009.1235320856443
2025-06-27 20:00:00,SubtleStation,22.05441034213177,44.16101843067112,1009.7825910136228,0,22.05441034213177,44.16101843067112,1009.7825910136228
2025-06-27 21:00:00,SubtleStation,22.408301888684736,45.77025595113424,1010.1580943813973,0,22.408301888684736,45.77025595113424,1010.1580943813973
2025-06-27 22:00:00,SubtleStation,21.871720911455558,42.32585773358622,1011.2514712730606,0,21.871720911455558,42.32585773358622,1011.2514712730606
2025-06-27 23:00:00,SubtleStation,22.09602370786496,44.76711970407691,1009.5906806673098,0,22.09602370786496,44.76711970407691,1009.5906806673098
2025-06-28 00:00:00,SubtleStation,22.08969189951971,44.02288259447613,1009.8697739811931,0,22.08969189951971,44.02288259447613,1009.8697739811931
2025-06-28 01:00:00,SubtleStation,21.739364372421697,44.56028317484308,1009.6350391276483,0,21.739364372421697,44.56028317484308,1009.6350391276483
2025-06-28 02:00:00,SubtleStation,21.812846143992143,43.832837888529795,1011.0622207572642,0,21.812846143992143,43.832837888529795,1011.0622207572642
2025-06-28 03:00:00,SubtleStation,22.100887200550943,45.35356348303224,1010.4276918544759,0,22.100887200550943,45.35356348303224,1010.4276918544759
2025-06-28 04:00:00,SubtleStation,21.90435716262352,44.054529798990515,1010.0466080756934,0,21.90435716262352,44.054529798990515,1010.0466080756934
2025-06-28 05:00:00,SubtleStation,21.85724611350722,46.46392240998358,1009.7329830776614,0,21.85724611350722,46.46392240998358,1009.7329830776614
2025-06-28 06:00:00,SubtleStation,21.90285799793885,44.29456025627431,1010.9397823888892,0,21.90285799793885,44.29456025627431,1010.9397823888892
2025-06-28 07:00:00,SubtleStation,21.441445893351663,45.27987738616336,1009.4555402438967,0,21.441445893351663,45.27987738616336,1009.4555402438967
2025-06-28 08:00:00,SubtleStation,21.634105755299085,45.91704168089412,1009.4336141421426,0,21.634105755299085,45.91704168089412,1009.4336141421426
2025-06-28 09:00:00,SubtleStation,21.2438605838681,45.02629642665767,1009.4328316839851,0,21.2438605838681,45.02629642665767,1009.4328316839851
2025-06-28 10:00:00,SubtleStation,21.54608561861148,47.381352990582315,1008.5765469386843,0,21.54608561861148,47.381352990582315,1008.5765469386843
2025-06-28 11:00:00,SubtleStation,21.004318296256642,48.36395173761831,1010.0145198176929,0,21.004318296256642,48.36395173761831,1010.0145198176929
2025-06-28 12:00:00,SubtleStation,20.99900122503547,47.622699362542676,1009.717172359892,0,20.99900122503547,47.622699362542676,1009.717172359892
2025-06-28 13:00:00,SubtleStation,21.45125526333964,46.64948970268944,1009.4979879116362,0,21.45125526333964,46.64948970268944,1009.4979879116362
2025-06-28 14:00:00,SubtleStation,21.161576117915487,46.35052684706201,1010.7342196485937,0,21.161576117915487,46.35052684706201,1010.7342196485937
2025-06-28 15:00:00,SubtleStation,21.045375395149847,50.51351233047955,1009.7333296937462,0,21.045375395149847,50.51351233047955,1009.7333296937462
2025-06-28 16:00:00,SubtleStation,20.884815711327278,51.4283902396971,1010.2490584660911,0,20.884815711327278,51.4283902396971,1010.2490584660911
2025-06-28 17:00:00,SubtleStation,20.787661526028202,49.7555017481712,1010.0956084609624,0,20.787661526028202,49.7555017481712,1010.0956084609624
2025-06-28 18:00:00,SubtleStation,20.79355778065449,50.13496305753668,1009.9466469807809,0,20.79355778065449,50.13496305753668,1009.9466469807809
2025-06-28 19:00:00,SubtleStation,20.737099828754115,50.220127187481694,1010.8420535757039,0,20.737099828754115,50.220127187481694,1010.8420535757039
2025-06-28 20:00:00,SubtleStation,20.839250218352248,49.06221127317005,1009.9348709960291,0,20.839250218352248,49.06221127317005,1009.9348709960291
2025-06-28 21:00:00,SubtleStation,20.99280605509683,50.42583047193991,1009.4255650294565,0,20.99280605509683,50.42583047193991,1009.4255650294565
2025-06-28 22:00:00,SubtleStation,20.436014268594423,50.14961675139062,1010.2059129497143,0,20.436014268594423,50.14961675139062,1010.2059129497143
2025-06-28 23:00:00,SubtleStation,20.593113061441702,50.95042159950768,1010.2795595003989,0,20.593113061441702,50.95042159950768,1010.2795595003989
2025-06-29 00:00:00,SubtleStation,20.674519679435814,53.34224745467057,1010.5880063621441,0,20.674519679435814,53.34224745467057,1010.5880063621441
2025-06-29 01:00:00,SubtleStation,20.413791002971685,51.04637324717451,1010.6929472974747,0,20.413791002971685,51.04637324717451,1010.6929472974747
2025-06-29 02:00:00,SubtleStation,20.592200354176004,51.26154948616854,1010.0983444378213,0,20.592200354176004,51.26154948616854,1010.0983444378213
2025-06-29 03:00:00,SubtleStation,20.112679569312025,51.00652454995601,1009.5445097497345,0,20.112679569312025,51.00652454995601,1009.5445097497345
2025-06-29 04:00:00,SubtleStation,20.810610292302023,52.83260104890791,1010.5326269265495,0,20.810610292302023,52.83260104890791,1010.5326269265495
2025-06-29 05:00:00,SubtleStation,20.382349602470455,52.37279736885884,1009.3256591318581,0,20.382349602470455,52.37279736885884,1009.3256591318581
2025-06-29 06:00:00,SubtleStation,20.27169907245071,51.71290336602263,1010.4540749582465,0,20.27169907245071,51.71290336602263,1010.4540749582465
2025-06-29 07:00:00,SubtleStation,20.105825363439866,53.320597727669266,1010.0583233958964,0,20.105825363439866,53.320597727669266,1010.0583233958964
2025-06-29 08:00:00,SubtleStation,20.16526854529101,54.097673710442,1010.5726491255986,0,20.16526854529101,54.097673710442,1010.5726491255986
2025-06-29 09:00:00,SubtleStation,20.338137499461872,54.59959524136319,1009.5562607638153,0,20.338137499461872,54.59959524136319,1009.5562607638153
2025-06-29 10:00:00,SubtleStation,20.641685291617474,54.75850028802202,1010.2485931028153,0,20.641685291617474,54.75850028802202,1010.2485931028153
2025-06-29 11:00:00,SubtleStation,19.87955472409667,54.55747135836166,1009.7540629340307,0,19.87955472409667,54.55747135836166,1009.7540629340307
2025-06-29 12:00:00,SubtleStation,20.097244853364586,55.80925321478726,1009.961226128732,0,20.097244853364586,55.80925321478726,1009.961226128732
2025-06-29 13:00:00,SubtleStation,19.871805241992394,56.18562030718811,1011.1830437628165,0,19.871805241992394,56.18562030718811,1011.1830437628165
2025-06-29 14:00:00,SubtleStation,19.835636035358682,55.51563602215025,1010.7051777335012,0,19.835636035358682,55.51563602215025,1010.7051777335012
2025-06-29 15:00:00,SubtleStation,20.07912015315898,56.97328543999886,1010.0118176564271,0,20.07912015315898,56.97328543999886,1010.0118176564271
2025-06-29 16:00:00,SubtleStation,19.946369284521165,58.03166972299185,1010.3986527325069,0,19.946369284521165,58.03166972299185,1010.3986527325069
2025-06-29 17:00:00,SubtleStation,20.10076147568999,57.009882600462895,1009.7049023670568,0,20.10076147568999,57.009882600462895,1009.7049023670568
2025-06-29 18:00:00,SubtleStation,20.16209633592039,57.45333037690597,1010.0908793254067,0,20.16209633592039,57.45333037690597,1010.0908793254067
2025-06-29 19:00:00,SubtleStation,19.76449391146526,57.876700233291984,1008.9586877912205,0,19.76449391146526,57.876700233291984,1008.9586877912205
2025-06-29 20:00:00,SubtleStation,19.901744862647035,59.615703574871375,1009.5218076263387,0,19.901744862647035,59.615703574871375,1009.5218076263387
2025-06-29 21:00:00,SubtleStation,19.948049233399967,57.588297236964436,1009.8863050207401,0,19.948049233399967,57.588297236964436,1009.8863050207401
2025-06-29 22:00:00,SubtleStation,19.566825794340666,59.5809564700551,1009.4566936804287,0,19.566825794340666,59.5809564700551,1009.4566936804287
2025-06-29 23:00:00,SubtleStation,19.948500025175875,58.58128841224741,1009.3550438182556,0,19.948500025175875,58.58128841224741,1009.3550438182556
2025-06-30 00:00:00,SubtleStation,19.74636023383446,60.94431041022744,1011.1837690428381,0,19.74636023383446,60.94431041022744,1011.1837690428381
2025-06-30 01:00:00,SubtleStation,19.96033436154957,60.74275729856141,1010.1605965135266,0,19.96033436154957,60.74275729856141,1010.1605965135266
2025-06-30 02:00:00,SubtleStation,20.0007749482978,62.31017754205736,1009.870913865335,0,20.0007749482978,62.31017754205736,1009.870913865335
2025-06-30 03:00:00,SubtleStation,19.64213076635573,60.91253270696382,1009.9360042248899,0,19.64213076635573,60.91253270696382,1009.9360042248899
2025-06-30 04:00:00,SubtleStation,19.804047380490594,62.95475553049141,1010.4477256882345,0,19.804047380490594,62.95475553049141,1010.4477256882345
2025-06-30 05:00:00,SubtleStation,20.117010148797824,61.817958871677526,1009.9920495182002,0,20.117010148797824,61.817958871677526,1009.9920495182002
2025-06-30 06:00:00,SubtleStation,20.229357465300343,62.23417463181217,1009.9272897721206,0,20.229357465300343,62.23417463181217,1009.9272897721206
2025-06-30 07:00:00,SubtleStation,20.445840354798598,62.45992072611822,1009.5568334235376,0,20.445840354798598,62.45992072611822,1009.5568334235376
2025-06-30 08:00:00,SubtleStation,20.154118672004504,63.299533428175245,1009.8239475208823,0,20.154118672004504,63.299533428175245,1009.8239475208823
2025-06-30 09:00:00,SubtleStation,19.97191055059027,63.958616469620054,1009.8931229753176,0,19.97191055059027,63.958616469620054,1009.8931229753176
2025-06-30 10:00:00,SubtleStation,19.940448244328532,63.43246986991012,1010.8425435464658,0,19.940448244328532,63.43246986991012,1010.8425435464658
2025-06-30 11:00:00,SubtleStation,19.892539304552955,64.33253966419014,1010.6936970887526,0,19.892539304552955,64.33253966419014,1010.6936970887526
2025-06-30 12:00:00,SubtleStation,20.378115465242576,66.12491513727605,1010.8039806427017,0,20.378115465242576,66.12491513727605,1010.8039806427017
2025-06-30 13:00:00,SubtleStation,19.927516616638194,65.64642919094479,1009.8321190355575,0,19.927516616638194,65.64642919094479,1009.8321190355575
2025-06-30 14:00:00,SubtleStation,20.073299734883676,67.33731342611097,1010.0977902474777,0,20.073299734883676,67.33731342611097,1010.0977902474777
2025-06-30 15:00:00,SubtleStation,20.233863953072632,66.92083485840024,1008.9338126257647,0,20.233863953072632,66.92083485840024,1008.9338126257647
2025-06-30 16:00:00,SubtleStation,20.547232339951744,67.05619663901363,1010.1791639051203,0,20.547232339951744,67.05619663901363,1010.1791639051203
2025-06-30 17:00:00,SubtleStation,20.44890931046845,67.15824758385848,1010.421822084957,0,20.44890931046845,67.15824758385848,1010.421822084957
2025-06-30 18:00:00,SubtleStation,20.33588344409412,68.17388192987906,1009.9412740657175,0,20.33588344409412,68.17388192987906,1009.9412740657175
2025-06-30 19:00:00,SubtleStation,20.528303766735252,67.90111096660485,1009.5850729328318,0,20.528303766735252,67.90111096660485,1009.5850729328318
2025-06-30 20:00:00,SubtleStation,20.826462961407614,68.64984032974452,1009.8651360558199,0,20.826462961407614,68.64984032974452,1009.8651360558199
2025-06-30 21:00:00,SubtleStation,20.41662806748083,69.24350238147719,1010.8614002588538,0,20.41662806748083,69.24350238147719,1010.8614002588538
2025-06-30 22:00:00,SubtleStation,20.756360647462717,68.23063719788033,1009.9770909821418,0,20.756360647462717,68.23063719788033,1009.9770909821418
2025-06-30 23:00:00,SubtleStation,20.696372415344197,71.24400260386088,1009.9104931512479,0,20.696372415344197,71.24400260386088,1009.9104931512479
2025-07-01 00:00:00,SubtleStation,20.869872431232483,70.34073217249846,1009.6471598022963,0,20.869872431232483,70.34073217249846,1009.6471598022963
2025-07-01 01:00:00,SubtleStation,20.699192993941445,68.65664171728378,1009.0687547700838,0,20.699192993941445,68.65664171728378,1009.0687547700838
2025-07-01 02:00:00,SubtleStation,20.582819863953016,71.72652758785881,1010.408969783534,0,20.582819863953016,71.72652758785881,1010.408969783534
2025-07-01 03:00:00,SubtleStation,20.564375572587707,69.53346627599404,1009.9458523530132,0,20.564375572587707,69.53346627599404,1009.9458523530132
2025-07-01 04:00:00,SubtleStation,20.78867890457792,71.94787728143046,1009.3859875713149,0,20.78867890457792,71.94787728143046,1009.3859875713149
2025-07-01 05:00:00,SubtleStation,20.681211393151127,70.13797710263292,1010.0399993449482,0,20.681211393151127,70.13797710263292,1010.0399993449482
2025-07-01 06:00:00,SubtleStation,20.65451889639207,70.3980949836372,1009.2245918432752,0,20.65451889639207,70.3980949836372,1009.2245918432752
2025-07-01 07:00:00,SubtleStation,21.468832616438164,72.0851115363365,1009.0231118773125,0,21.468832616438164,72.0851115363365,1009.0231118773125
2025-07-01 08:00:00,SubtleStation,20.875305566346803,73.68792582528856,1009.6426423830692,0,20.875305566346803,73.68792582528856,1009.6426423830692
2025-07-01 09:00:00,SubtleStation,21.02656581370588,72.71081749423912,1009.8237383066585,0,21.02656581370588,72.71081749423912,1009.8237383066585
2025-07-01 10:00:00,SubtleStation,21.21358771776459,72.46359365807245,1009.5236504150251,0,21.21358771776459,72.46359365807245,1009.5236504150251
2025-07-01 11:00:00,SubtleStation,21.613582597177032,72.0974871776153,1009.59837121596,0,21.613582597177032,72.0974871776153,1009.59837121596
2025-07-01 12:00:00,SubtleStation,21.453045422017205,74.68033568600634,1009.8561600880213,0,21.453045422017205,74.68033568600634,1009.8561600880213
2025-07-01 13:00:00,SubtleStation,21.666939622406343,74.3341216677261,1009.6710525617316,0,21.666939622406343,74.3341216677261,1009.6710525617316
2025-07-01 14:00:00,SubtleStation,21.492567163437442,73.57592897185891,1009.8465472186282,0,21.492567163437442,73.57592897185891,1009.8465472186282
2025-07-01 15:00:00,SubtleStation,21.535984697789477,74.24237051748813,1009.9459731503912,0,21.535984697789477,74.24237051748813,1009.9459731503912
2025-07-01 16:00:00,SubtleStation,21.644753877279825,75.87499671557416,1009.4517378372574,0,21.644753877279825,75.87499671557416,1009.4517378372574
2025-07-01 17:00:00,SubtleStation,21.92208730190708,76.36746950300072,1009.6069995764144,0,21.92208730190708,76.36746950300072,1009.6069995764144
2025-07-01 18:00:00,SubtleStation,21.573300934544555,75.7379969616963,1010.2360818777498,0,21.573300934544555,75.7379969616963,1010.2360818777498
2025-07-01 19:00:00,SubtleStation,21.71036022790758,75.39423828271876,1009.3840724977487,0,21.71036022790758,75.39423828271876,1009.3840724977487
2025-07-01 20:00:00,SubtleStation,22.092684982504853,75.0966112051921,1010.1450181950247,0,22.092684982504853,75.0966112051921,1010.1450181950247
2025-07-01 21:00:00,SubtleStation,22.26560248832853,75.31351801399012,1009.4931806795959,0,22.26560248832853,75.31351801399012,1009.4931806795959
2025-07-01 22:00:00,SubtleStation,21.775309293494935,77.86964468221542,1009.550083476513,0,21.775309293494935,77.86964468221542,1009.550083476513
2025-07-01 23:00:00,SubtleStation,22.050510173271036,76.58806397271049,1010.2960288787721,0,22.050510173271036,76.58806397271049,1010.2960288787721
2025-07-02 00:00:00,SubtleStation,22.329687685246675,76.97321072948978,1009.4997314021919,0,22.329687685246675,76.97321072948978,1009.4997314021919
2025-07-02 01:00:00,SubtleStation,22.434970460838777,78.61076465863688,1010.3360698410056,0,22.434970460838777,78.61076465863688,1010.3360698410056
2025-07-02 02:00:00,SubtleStation,22.636735881739803,75.10402935967036,1010.6436152202637,0,22.636735881739803,75.10402935967036,1010.6436152202637
2025-07-02 03:00:00,SubtleStation,22.774626267245612,79.2089194737933,1009.7488206634403,0,22.774626267245612,79.2089194737933,1009.7488206634403
2025-07-02 04:00:00,SubtleStation,22.489177497311317,76.54393572972613,1011.1033492060288,0,22.489177497311317,76.54393572972613,1011.1033492060288
2025-07-02 05:00:00,SubtleStation,22.881972998825635,76.26079028513924,1009.9842257350016,0,22.881972998825635,76.26079028513924,1009.9842257350016
2025-07-02 06:00:00,SubtleStation,22.574828809405442,76.61601071264438,1010.4739791005909,0,22.574828809405442,76.61601071264438,1010.4739791005909
2025-07-02 07:00:00,SubtleStation,23.050224897971557,76.55036465098142,1009.7401427428933,0,23.050224897971557,76.55036465098142,1009.7401427428933
2025-07-02 08:00:00,SubtleStation,22.89356231503382,79.04957057418898,1009.877084136459,0,22.89356231503382,79.04957057418898,1009.877084136459
2025-07-02 09:00:00,SubtleStation,23.110025301471143,78.96471169730222,1010.5913554519226,0,23.110025301471143,78.96471169730222,1010.5913554519226
2025-07-02 10:00:00,SubtleStation,23.27007280363399,79.54776511657235,1010.253438783862,0,23.27007280363399,79.54776511657235,1010.253438783862
2025-07-02 11:00:00,SubtleStation,23.38291391212179,77.62012885436077,1009.0626617580941,0,23.38291391212179,77.62012885436077,1009.0626617580941
2025-07-02 12:00:00,SubtleStation,23.374892187013373,79.38116700526217,1010.1306711555476,0,23.374892187013373,79.38116700526217,1010.1306711555476
2025-07-02 13:00:00,SubtleStation,23.45949459900001,79.29589606216213,1011.0656775332344,0,23.45949459900001,79.29589606216213,1011.0656775332344
2025-07-02 14:00:00,SubtleStation,23.237263364943743,78.85441342974876,1009.3133971273016,0,23.237263364943743,78.85441342974876,1009.3133971273016
2025-07-02 15:00:00,SubtleStation,23.674871610267367,80.2814179988234,1010.801373071265,0,23.674871610267367,80.2814179988234,1010.801373071265
2025-07-02 16:00:00,SubtleStation,23.551527780066376,78.56137062519865,1010.2102018616778,0,23.551527780066376,78.56137062519865,1010.2102018616778
2025-07-02 17:00:00,SubtleStation,23.679097451211753,77.1238018050834,1009.6038271677799,0,23.679097451211753,77.1238018050834,1009.6038271677799
2025-07-02 18:00:00,SubtleStation,23.95622291587749,80.542130266979,1010.2272696947136,0,23.95622291587749,80.542130266979,1010.2272696947136
2025-07-02 19:00:00,SubtleStation,24.29003838747548,80.32966663663032,1010.6618681232701,0,24.29003838747548,80.32966663663032,1010.6618681232701
2025-07-02 20:00:00,SubtleStation,24.268226963790696,79.16444676111774,1010.142819675567,0,24.268226963790696,79.16444676111774,1010.142819675567
2025-07-02 21:00:00,SubtleStation,24.1546268065499,79.73127417457583,1011.0627291501208,0,24.1546268065499,79.73127417457583,1011.0627291501208
2025-07-02 22:00:00,SubtleStation,24.229917098964915,79.71970178301532,1010.4566421985861,0,24.229917098964915,79.71970178301532,1010.4566421985861
2025-07-02 23:00:00,SubtleStation,24.22378760713053,79.47787174999283,1008.8819050191732,0,24.22378760713053,79.47787174999283,1008.8819050191732
2025-07-03 00:00:00,SubtleStation,24.477089446121642,80.24036913395706,1010.7399836453501,0,24.477089446121642,80.24036913395706,1010.7399836453501
2025-07-03 01:00:00,SubtleStation,24.10111885569454,80.02531041973519,1010.6205614242721,0,24.10111885569454,80.02531041973519,1010.6205614242721
2025-07-03 02:00:00,SubtleStation,24.640535169865142,79.66378333478532,1009.7322587366948,0,24.640535169865142,79.66378333478532,1009.7322587366948
2025-07-03 03:00:00,SubtleStation,24.63622831679937,79.88248879827924,1010.9049815109663,0,24.63622831679937,79.88248879827924,1010.9049815109663
2025-07-03 04:00:00,SubtleStation,24.8314493333983,78.55463935203788,1009.8549452272065,0,24.8314493333983,78.55463935203788,1009.8549452272065
2025-07-03 05:00:00,SubtleStation,24.662836439073462,79.30907295579267,1010.2655776676356,0,24.662836439073462,79.30907295579267,1010.2655776676356
2025-07-03 06:00:00,SubtleStation,24.98205975182031,79.34024207516546,1010.1482648938637,0,24.98205975182031,79.34024207516546,1010.1482648938637
2025-07-03 07:00:00,SubtleStation,25.46414643906694,79.87608951557532,1009.4451220189833,0,25.46414643906694,79.87608951557532,1009.4451220189833
2025-07-03 08:00:00,SubtleStation,25.303105733191845,80.06975443771788,1009.3914850015557,0,25.303105733191845,80.06975443771788,1009.3914850015557
2025-07-03 09:00:00,SubtleStation,25.14106379761505,80.68111897110784,1009.5834759930607,0,25.14106379761505,80.68111897110784,1009.5834759930607
2025-07-03 10:00:00,SubtleStation,25.37335877957924,79.72777966362848,1009.200038042177,0,25.37335877957924,79.72777966362848,1009.200038042177
2025-07-03 11:00:00,SubtleStation,25.59001354736413,79.22491767552258,1009.6393204514342,0,25.59001354736413,79.22491767552258,1009.6393204514342
2025-07-03 12:00:00,SubtleStation,25.205997113629603,80.75187935609638,1009.7712330380045,0,25.205997113629603,80.75187935609638,1009.7712330380045
2025-07-03 13:00:00,SubtleStation,26.234204871788506,80.4300596373457,1009.4020711856238,0,26.234204871788506,80.4300596373457,1009.4020711856238
2025-07-03 14:00:00,SubtleStation,25.912706995228607,79.59687129338305,1009.1750013192182,0,25.912706995228607,79.59687129338305,1009.1750013192182
2025-07-03 15:00:00,SubtleStation,26.0105874817945,78.69580444120348,1010.7754375781154,0,26.0105874817945,78.69580444120348,1010.7754375781154
2025-07-03 16:00:00,SubtleStation,26.213324383195957,80.87025523340557,1010.1443974160992,0,26.213324383195957,80.87025523340557,1010.1443974160992
2025-07-03 17:00:00,SubtleStation,26.267042696818248,78.86171690305089,1010.6089297281994,0,26.267042696818248,78.86171690305089,1010.6089297281994
2025-07-03 18:00:00,SubtleStation,26.53935696143104,79.81159135612123,1010.2720922847311,0,26.53935696143104,79.81159135612123,1010.2720922847311
2025-07-03 19:00:00,SubtleStation,26.688539524451826,78.37621495576698,1009.9634585773233,0,26.688539524451826,78.37621495576698,1009.9634585773233
2025-07-03 20:00:00,SubtleStation,26.281197093121868,79.7407941174176,1010.2721251568048,0,26.281197093121868,79.7407941174176,1010.2721251568048
2025-07-03 21:00:00,SubtleStation,26.151565283937046,78.6986914660281,1010.1837717463737,0,26.151565283937046,78.6986914660281,1010.1837717463737
2025-07-03 22:00:00,SubtleStation,26.29550395268971,79.49548977807386,1010.7360417885657,0,26.29550395268971,79.49548977807386,1010.7360417885657
2025-07-03 23:00:00,SubtleStation,27.169391297678228,78.37901000761563,1010.2166823271199,0,27.169391297678228,78.37901000761563,1010.2166823271199
2025-07-04 00:00:00,SubtleStation,26.606962312776524,80.31216177204074,1009.7328814858037,0,26.606962312776524,80.31216177204074,1009.7328814858037
2025-07-04 01:00:00,SubtleStation,27.21618638751847,78.43905867080117,1009.4644812126794,0,27.21618638751847,78.43905867080117,1009.4644812126794
2025-07-04 02:00:00,SubtleStation,26.79383905116269,78.51484050211803,1010.0729647377418,0,26.79383905116269,78.51484050211803,1010.0729647377418
2025-07-04 03:00:00,SubtleStation,27.357744926422807,78.73830115377154,1010.9259383841567,0,27.357744926422807,78.73830115377154,1010.9259383841567
2025-07-04 04:00:00,SubtleStation,27.446068117573677,79.60660382130392,1009.3379765279486,0,27.446068117573677,79.60660382130392,1009.3379765279486
2025-07-04 05:00:00,SubtleStation,27.324943717092385,77.58154685911846,1009.2756056413987,0,27.324943717092385,77.58154685911846,1009.2756056413987
2025-07-04 06:00:00,SubtleStation,27.239376722745277,76.7604065137238,1009.5643706605584,0,27.239376722745277,76.7604065137238,1009.5643706605584
2025-07-04 07:00:00,SubtleStation,27.684470265375065,77.39459755739365,1010.2696409589063,0,27.684470265375065,77.39459755739365,1010.2696409589063
2025-07-04 08:00:00,SubtleStation,27.430552952863096,75.58911469718186,1010.3291565499416,0,27.430552952863096,75.58911469718186,1010.3291565499416
2025-07-04 09:00:00,SubtleStation,27.939044606423053,75.63230993867246,1010.0759298838402,0,27.939044606423053,75.63230993867246,1010.0759298838402
2025-07-04 10:00:00,SubtleStation,27.594247307458144,78.72193869358071,1010.3849725166227,0,27.594247307458144,78.72193869358071,1010.3849725166227
2025-07-04 11:00:00,SubtleStation,28.072157265023353,76.71332277506724,1010.399002307685,0,28.072157265023353,76.71332277506724,1010.399002307685
2025-07-04 12:00:00,SubtleStation,27.738634877052824,76.38975573667093,1010.398087646802,0,27.738634877052824,76.38975573667093,1010.398087646802
2025-07-04 13:00:00,SubtleStation,27.809905619200734,75.39143720767062,1009.9478573747607,0,27.809905619200734,75.39143720767062,1009.9478573747607
2025-07-04 14:00:00,SubtleStation,28.17924655631542,74.17857993271892,1010.5739478266213,0,28.17924655631542,74.17857993271892,1010.5739478266213
2025-07-04 15:00:00,SubtleStation,28.1211398645032,76.80239486705423,1010.3533737748961,0,28.1211398645032,76.80239486705423,1010.3533737748961
2025-07-04 16:00:00,SubtleStation,28.32303635139015,75.59852429038234,1010.8167097545406,0,28.32303635139015,75.59852429038234,1010.8167097545406
2025-07-04 17:00:00,SubtleStation,28.828961112283018,74.06317266343886,1008.4834415037977,0,28.828961112283018,74.06317266343886,1008.4834415037977
2025-07-04 18:00:00,SubtleStation,28.161704304460102,74.3253519499078,1010.048728631782,0,28.161704304460102,74.3253519499078,1010.048728631782
2025-07-04 19:00:00,SubtleStation,28.349822435064517,73.9040086229407,1009.670174622276,0,28.349822435064517,73.9040086229407,1009.670174622276
2025-07-04 20:00:00,SubtleStation,28.519400431232977,74.7060026819069,1009.4070105962479,0,28.519400431232977,74.7060026819069,1009.4070105962479
2025-07-04 21:00:00,SubtleStation,28.352429319837135,75.43508473743658,1009.6520971801385,0,28.352429319837135,75.43508473743658,1009.6520971801385
2025-07-04 22:00:00,SubtleStation,28.30154864823068,72.40133456252711,1010.0738150037878,0,28.30154864823068,72.40133456252711,1010.0738150037878
2025-07-04 23:00:00,SubtleStation,28.516360261138157,73.74510929620376,1009.9549869426945,0,28.516360261138157,73.74510929620376,1009.9549869426945
2025-07-05 00:00:00,SubtleStation,28.91484103272716,72.70636188149422,1009.0497889892415,0,28.91484103272716,72.70636188149422,1009.0497889892415
2025-07-05 01:00:00,SubtleStation,28.690291448693625,71.73122970519798,1009.7111744258003,0,28.690291448693625,71.73122970519798,1009.7111744258003
2025-07-05 02:00:00,SubtleStation,28.755308494762662,71.65291852204928,1010.0933378077045,0,28.755308494762662,71.65291852204928,1010.0933378077045
2025-07-05 03:00:00,SubtleStation,29.05440866949501,73.93745359940182,1010.3643550465349,0,29.05440866949501,73.93745359940182,1010.3643550465349
2025-07-05 04:00:00,SubtleStation,28.815867188237707,70.30621602157751,1010.2562240872135,0,28.815867188237707,70.30621602157751,1010.2562240872135
2025-07-05 05:00:00,SubtleStation,29.259967950845354,71.37954984494995,1010.1651912131641,0,29.259967950845354,71.37954984494995,1010.1651912131641
2025-07-05 06:00:00,SubtleStation,29.519630636497535,71.13669164522888,1010.2989294428426,0,29.519630636497535,71.13669164522888,1010.2989294428426
2025-07-05 07:00:00,SubtleStation,29.24588556988482,70.39905320044448,1010.0181344296669,0,29.24588556988482,70.39905320044448,1010.0181344296669
2025-07-05 08:00:00,SubtleStation,29.33186316258112,71.39328579312868,1010.6683775759859,0,29.33186316258112,71.39328579312868,1010.6683775759859
2025-07-05 09:00:00,SubtleStation,29.1526186199054,70.86904394660489,1010.1336069783212,0,29.1526186199054,70.86904394660489,1010.1336069783212
2025-07-05 10:00:00,SubtleStation,29.40197384745787,70.96321046655092,1009.7692803069497,0,29.40197384745787,70.96321046655092,1009.7692803069497
2025-07-05 11:00:00,SubtleStation,29.490203369067018,71.229144495743,1010.7040718533026,0,29.490203369067018,71.229144495743,1010.7040718533026
2025-07-05 12:00:00,SubtleStation,29.187048497874336,70.31518674217263,1009.7436710678764,0,29.187048497874336,70.31518674217263,1009.7436710678764
2025-07-05 13:00:00,SubtleStation,29.293922535822016,69.31062722514379,1010.3225689634178,0,29.293922535822016,69.31062722514379,1010.3225689634178
2025-07-05 14:00:00,SubtleStation,29.367362922428576,66.74457977976095,1009.98495309117,0,29.367362922428576,66.74457977976095,1009.98495309117
2025-07-05 15:00:00,SubtleStation,29.612768421763857,67.56667365339078,1009.5812286336579,0,29.612768421763857,67.56667365339078,1009.5812286336579
2025-07-05 16:00:00,SubtleStation,29.50467368028909,68.32382706807161,1009.2832732798489,0,29.50467368028909,68.32382706807161,1009.2832732798489
2025-07-05 17:00:00,SubtleStation,29.68651300391645,67.90244935567965,1010.2757293725625,0,29.68651300391645,67.90244935567965,1010.2757293725625
2025-07-05 18:00:00,SubtleStation,29.586071357703055,65.78477546000683,1009.7124213616084,0,29.586071357703055,65.78477546000683,1009.7124213616084
2025-07-05 19:00:00,SubtleStation,29.937328838229355,66.11681043520682,1009.9906208591915,0,29.937328838229355,66.11681043520682,1009.9906208591915
2025-07-05 20:00:00,SubtleStation,29.714072167896468,66.96551610877079,1010.1669838207794,0,29.714072167896468,66.96551610877079,1010.1669838207794
2025-07-05 21:00:00,SubtleStation,29.577703907311825,65.56867570894177,1010.0362185989733,0,29.577703907311825,65.56867570894177,1010.0362185989733
2025-07-05 22:00:00,SubtleStation,30.13483197657608,65.78876639732998,1009.0485129437157,0,30.13483197657608,65.78876639732998,1009.0485129437157
2025-07-05 23:00:00,SubtleStation,30.24888881228932,65.39308106233806,1010.1207143587479,0,30.24888881228932,65.39308106233806,1010.1207143587479
2025-07-06 00:00:00,SubtleStation,30.013897843656846,64.56604241200019,1010.1143657668886,0,30.013897843656846,64.56604241200019,1010.1143657668886
2025-07-06 01:00:00,SubtleStation,29.974863538975644,65.04766398923717,1009.9248721430497,0,29.974863538975644,65.04766398923717,1009.9248721430497
2025-07-06 02:00:00,SubtleStation,29.897652202941,63.43777525768965,1010.1394285854706,0,29.897652202941,63.43777525768965,1010.1394285854706
2025-07-06 03:00:00,SubtleStation,30.010367669998967,63.456175249899275,1009.7742313663421,0,30.010367669998967,63.456175249899275,1009.7742313663421
2025-07-06 04:00:00,SubtleStation,29.723718309950193,63.011114363959614,1010.0101015027776,0,29.723718309950193,63.011114363959614,1010.0101015027776
2025-07-06 05:00:00,SubtleStation,29.722357222640014,61.47237372675396,1010.5946883787199,0,29.722357222640014,61.47237372675396,1010.5946883787199
2025-07-06 06:00:00,SubtleStation,30.08235228218085,60.53369890872035,1010.2857271893928,0,30.08235228218085,60.53369890872035,1010.2857271893928
2025-07-06 07:00:00,SubtleStation,29.73889405752376,61.45443010472881,1009.7738794759596,0,29.73889405752376,61.45443010472881,1009.7738794759596
2025-07-06 08:00:00,SubtleStation,30.349087595041254,59.49957943977514,1009.4867569954505,0,30.349087595041254,59.49957943977514,1009.4867569954505
2025-07-06 09:00:00,SubtleStation,29.834731944170912,62.6765737242329,1009.8871037279964,0,29.834731944170912,62.6765737242329,1009.8871037279964
2025-07-06 10:00:00,SubtleStation,30.10599492103092,61.53459238193283,1009.6446244894945,0,30.10599492103092,61.53459238193283,1009.6446244894945
2025-07-06 11:00:00,SubtleStation,29.75144120735991,60.56155634538986,1010.1821002342521,0,29.75144120735991,60.56155634538986,1010.1821002342521
2025-07-06 12:00:00,SubtleStation,29.99623918717566,60.230765725580866,1009.6850525079009,0,29.99623918717566,60.230765725580866,1009.6850525079009
2025-07-06 13:00:00,SubtleStation,30.08229459811922,58.118077374491236,1009.9260830312049,0,30.08229459811922,58.118077374491236,1009.9260830312049
2025-07-06 14:00:00,SubtleStation,29.909702900513366,61.654070009529136,1009.3593153664366,0,29.909702900513366,61.654070009529136,1009.3593153664366
2025-07-06 15:00:00,SubtleStation,29.863999290888867,59.74327964169514,1009.4423928890725,0,29.863999290888867,59.74327964169514,1009.4423928890725
2025-07-06 16:00:00,SubtleStation,29.929037080605774,58.27886308887798,1009.6740752345393,0,29.929037080605774,58.27886308887798,1009.6740752345393
2025-07-06 17:00:00,SubtleStation,30.234823340210497,58.488530724414765,1009.9042953630606,0,30.234823340210497,58.488530724414765,1009.9042953630606
2025-07-06 18:00:00,SubtleStation,30.16486803375823,56.27618980212401,1009.2710773817505,0,30.16486803375823,56.27618980212401,1009.2710773817505
2025-07-06 19:00:00,SubtleStation,30.170516766544768,56.71223399949627,1009.5848847135201,0,30.170516766544768,56.71223399949627,1009.5848847135201
2025-07-06 20:00:00,SubtleStation,30.141854321593442,56.96136087843865,1010.826483746762,0,30.141854321593442,56.96136087843865,1010.826483746762
2025-07-06 21:00:00,SubtleStation,30.22087451611781,55.111570454689094,1010.5983735120676,0,30.22087451611781,55.111570454689094,1010.5983735120676
2025-07-06 22:00:00,SubtleStation,30.060145905398613,54.81585438838414,1010.5465071300255,0,30.060145905398613,54.81585438838414,1010.5465071300255
2025-07-06 23:00:00,SubtleStation,29.420373587508042,54.726363977380025,1009.7918279182662,0,29.420373587508042,54.726363977380025,1009.7918279182662
2025-07-07 00:00:00,SubtleStation,29.982221923703467,54.8269365466219,1010.1651088357415,0,29.982221923703467,54.8269365466219,1010.1651088357415
2025-07-07 01:00:00,SubtleStation,29.918805825343718,56.12898804976986,1010.4968616755731,0,29.918805825343718,56.12898804976986,1010.4968616755731
2025-07-07 02:00:00,SubtleStation,29.75744070434549,54.82015864103635,1010.6671550842836,0,29.75744070434549,54.82015864103635,1010.6671550842836
2025-07-07 03:00:00,SubtleStation,29.47833627061988,54.425429230535414,1010.3149867471789,0,29.47833627061988,54.425429230535414,1010.3149867471789
2025-07-07 04:00:00,SubtleStation,29.60595855657876,52.05919364131866,1010.1134341837296,0,29.60595855657876,52.05919364131866,1010.1134341837296
2025-07-07 05:00:00,SubtleStation,29.64280633359145,52.78828109145983,1008.8318053010287,0,29.64280633359145,52.78828109145983,1008.8318053010287
2025-07-07 06:00:00,SubtleStation,29.84988948013229,51.55072996826131,1009.7775315646945,0,29.84988948013229,51.55072996826131,1009.7775315646945
2025-07-07 07:00:00,SubtleStation,29.78249692916203,52.814823587043826,1009.2145862503315,0,29.78249692916203,52.814823587043826,1009.2145862503315
2025-07-07 08:00:00,SubtleStation,29.368326739441017,51.71029129614749,1010.3608461056245,0,29.368326739441017,51.71029129614749,1010.3608461056245
2025-07-07 09:00:00,SubtleStation,29.682044659392236,53.01899186580105,1010.6657423319133,0,29.682044659392236,53.01899186580105,1010.6657423319133
2025-07-07 10:00:00,SubtleStation,29.134278793694037,51.2878328423043,1010.4655242093628,0,29.134278793694037,51.2878328423043,1010.4655242093628
2025-07-07 11:00:00,SubtleStation,29.389128971520265,50.28743897118773,1009.4499658358304,0,29.389128971520265,50.28743897118773,1009.4499658358304
2025-07-07 12:00:00,SubtleStation,29.425705958954822,51.895053890422034,1008.8056712892945,0,29.425705958954822,51.895053890422034,1008.8056712892945
2025-07-07 13:00:00,SubtleStation,29.53102653777483,50.33303837568242,1009.9066750730818,0,29.53102653777483,50.33303837568242,1009.9066750730818
2025-07-07 14:00:00,SubtleStation,29.281001093506795,48.883968311664525,1009.6753425270537,0,29.281001093506795,48.883968311664525,1009.6753425270537
2025-07-07 15:00:00,SubtleStation,29.394105040433395,48.00421847408829,1010.4872438921138,0,29.394105040433395,48.00421847408829,1010.4872438921138
2025-07-07 16:00:00,SubtleStation,29.288349139748746,49.206443199080944,1009.1325965495363,0,29.288349139748746,49.206443199080944,1009.1325965495363
2025-07-07 17:00:00,SubtleStation,29.272591781391878,49.44478731684721,1010.0718575171472,0,29.272591781391878,49.44478731684721,1010.0718575171472
2025-07-07 18:00:00,SubtleStation,29.251750772502817,48.78102776339003,1010.995974633552,0,29.251750772502817,48.78102776339003,1010.995974633552
2025-07-07 19:00:00,SubtleStation,29.005201639207755,47.655671597857186,1009.5621128884574,0,29.005201639207755,47.655671597857186,1009.5621128884574
2025-07-07 20:00:00,SubtleStation,29.17879218724933,48.00042993056591,1009.288574149605,0,29.17879218724933,48.00042993056591,1009.288574149605
2025-07-07 21:00:00,SubtleStation,29.252696175821324,46.71961746457183,1009.8415419716443,0,29.252696175821324,46.71961746457183,1009.8415419716443
2025-07-07 22:00:00,SubtleStation,28.84761238773802,46.49834028905656,1010.5843556671487,0,28.84761238773802,46.49834028905656,1010.5843556671487
2025-07-07 23:00:00,SubtleStation,28.363155684788,45.1842836676921,1009.7380014410923,0,28.363155684788,45.1842836676921,1009.7380014410923
2025-07-08 00:00:00,SubtleStation,28.881801837812215,46.46170119368235,1009.9678431783627,0,28.881801837812215,46.46170119368235,1009.9678431783627
2025-07-08 01:00:00,SubtleStation,28.687763478008165,47.11307472227391,1009.6059948916286,0,28.687763478008165,47.11307472227391,1009.6059948916286
2025-07-08 02:00:00,SubtleStation,28.711376735636016,46.028610507681776,1009.3871104554881,0,28.711376735636016,46.028610507681776,1009.3871104554881
2025-07-08 03:00:00,SubtleStation,28.385842886414544,45.801506839795046,1009.2971133402499,0,28.385842886414544,45.801506839795046,1009.2971133402499
2025-07-08 04:00:00,SubtleStation,28.3813849576415,47.266773098803725,1010.3241965415233,0,28.3813849576415,47.266773098803725,1010.3241965415233
2025-07-08 05:00:00,SubtleStation,28.412640261368768,47.12867690758984,1009.4467326754129,0,28.412640261368768,47.12867690758984,1009.4467326754129
2025-07-08 06:00:00,SubtleStation,28.292355455020246,44.47680495111718,1009.7699280968756,0,28.292355455020246,44.47680495111718,1009.7699280968756
2025-07-08 07:00:00,SubtleStation,28.241070262661275,44.96586843738635,1009.5646628952562,0,28.241070262661275,44.96586843738635,1009.5646628952562
2025-07-08 08:00:00,SubtleStation,28.076798717899,46.753391434099804,1009.7724832209825,0,28.076798717899,46.753391434099804,1009.7724832209825
2025-07-08 09:00:00,SubtleStation,28.07135946113802,43.057077642457095,1010.2091877195453,0,28.07135946113802,43.057077642457095,1010.2091877195453
2025-07-08 10:00:00,SubtleStation,28.155099558344396,42.429295250908105,1009.5509480250904,0,28.155099558344396,42.429295250908105,1009.5509480250904
2025-07-08 11:00:00,SubtleStation,28.045538846017628,43.08347540570565,1009.7686127828979,0,28.045538846017628,43.08347540570565,1009.7686127828979
2025-07-08 12:00:00,SubtleStation,27.603695482608003,43.13276567118797,1010.4270371159697,0,27.603695482608003,43.13276567118797,1010.4270371159697
2025-07-08 13:00:00,SubtleStation,27.816564746985755,44.82967661977736,1010.2472642088234,0,27.816564746985755,44.82967661977736,1010.2472642088234
2025-07-08 14:00:00,SubtleStation,27.544266500992507,42.20531372898566,1010.3498140701995,0,27.544266500992507,42.20531372898566,1010.3498140701995
2025-07-08 15:00:00,SubtleStation,27.679942486863208,41.84400472454925,1010.2150913814469,0,27.679942486863208,41.84400472454925,1010.2150913814469
2025-07-08 16:00:00,SubtleStation,27.757731027537943,45.86061528714852,1010.3010939151209,0,27.757731027537943,45.86061528714852,1010.3010939151209
2025-07-08 17:00:00,SubtleStation,27.596677804133105,42.041524835369685,1009.9238863412802,0,27.596677804133105,42.041524835369685,1009.9238863412802
2025-07-08 18:00:00,SubtleStation,27.212917238204405,42.697078919732554,1009.3978671817073,0,27.212917238204405,42.697078919732554,1009.3978671817073
2025-07-08 19:00:00,SubtleStation,27.274370635801045,42.49433546986188,1009.7200819259989,0,27.274370635801045,42.49433546986188,1009.7200819259989
2025-07-08 20:00:00,SubtleStation,27.242845714863233,42.850428684443,1010.2350638608216,0,27.242845714863233,42.850428684443,1010.2350638608216
2025-07-08 21:00:00,SubtleStation,27.166568198501686,41.92172433364867,1010.1091810193811,0,27.166568198501686,41.92172433364867,1010.1091810193811
2025-07-08 22:00:00,SubtleStation,26.812958211077294,40.75738151078722,1009.9182813856717,0,26.812958211077294,40.75738151078722,1009.9182813856717
2025-07-08 23:00:00,SubtleStation,26.99774203004837,41.646704313445525,1010.0817545511604,0,26.99774203004837,41.646704313445525,1010.0817545511604
2025-07-09 00:00:00,SubtleStation,26.86278471032775,41.86057064722806,1010.629853383677,0,26.86278471032775,41.86057064722806,1010.629853383677
2025-07-09 01:00:00,SubtleStation,26.51405999710236,41.11388350578583,1010.1047339633762,0,26.51405999710236,41.11388350578583,1010.1047339633762
2025-07-09 02:00:00,SubtleStation,26.683177142913134,40.87460963447584,1010.6722751703942,0,26.683177142913134,40.87460963447584,1010.6722751703942
2025-07-09 03:00:00,SubtleStation,26.42668260667301,42.08451466626666,1009.5318377496781,0,26.42668260667301,42.08451466626666,1009.5318377496781
2025-07-09 04:00:00,SubtleStation,26.240745173585207,39.77046793693956,1009.4412445383025,0,26.240745173585207,39.77046793693956,1009.4412445383025
2025-07-09 05:00:00,SubtleStation,26.244089270553946,41.47660410165653,1010.6253175179573,0,26.244089270553946,41.47660410165653,1010.6253175179573
2025-07-09 06:00:00,SubtleStation,26.037296957904495,40.90242351551392,1010.2156826579829,0,26.037296957904495,40.90242351551392,1010.2156826579829
2025-07-09 07:00:00,SubtleStation,25.986545934012607,41.26299856635987,1010.445943091463,0,25.986545934012607,41.26299856635987,1010.445943091463
2025-07-09 08:00:00,SubtleStation,26.328711529484256,40.0363864538241,1010.2712713491586,0,26.328711529484256,40.0363864538241,1010.2712713491586
2025-07-09 09:00:00,SubtleStation,25.67536855462949,41.11331749087278,1009.1405489377851,0,25.67536855462949,41.11331749087278,1009.1405489377851
2025-07-09 10:00:00,SubtleStation,25.992151422354098,40.64431405877183,1009.5896092733539,0,25.992151422354098,40.64431405877183,1009.5896092733539
2025-07-09 11:00:00,SubtleStation,25.830679935062008,39.683295790137244,1009.9445673076793,0,25.830679935062008,39.683295790137244,1009.9445673076793
2025-07-09 12:00:00,SubtleStation,25.942838636217072,38.58615544746871,1009.2103666243428,0,25.942838636217072,38.58615544746871,1009.2103666243428
2025-07-09 13:00:00,SubtleStation,25.939149175925408,37.94112507608235,1009.812482118143,0,25.939149175925408,37.94112507608235,1009.812482118143
2025-07-09 14:00:00,SubtleStation,25.41034126885272,39.94304283021913,1010.1883789893709,0,25.41034126885272,39.94304283021913,1010.1883789893709
2025-07-09 15:00:00,SubtleStation,25.40296662651906,39.21029835277372,1009.8428913255343,0,25.40296662651906,39.21029835277372,1009.8428913255343
2025-07-09 16:00:00,SubtleStation,25.252774362904738,39.54928942712829,1010.3527866435658,0,25.252774362904738,39.54928942712829,1010.3527866435658
2025-07-09 17:00:00,SubtleStation,24.919273037504112,39.225142479356236,1009.4496318197562,0,24.919273037504112,39.225142479356236,1009.4496318197562
2025-07-09 18:00:00,SubtleStation,24.95234249071264,39.84189624834171,1010.1139279938237,0,24.95234249071264,39.84189624834171,1010.1139279938237
2025-07-09 19:00:00,SubtleStation,25.493497611194638,39.89392466058225,1009.5515282634292,0,25.493497611194638,39.89392466058225,1009.5515282634292
2025-07-09 20:00:00,SubtleStation,24.924558056121402,40.955131068752635,1009.3578099701324,0,24.924558056121402,40.955131068752635,1009.3578099701324
2025-07-09 21:00:00,SubtleStation,24.428652528614293,39.13741929628324,1010.341465721167,0,24.428652528614293,39.13741929628324,1010.341465721167
2025-07-09 22:00:00,SubtleStation,24.76660909079538,40.530566005774666,1010.3210432141519,0,24.76660909079538,40.530566005774666,1010.3210432141519
2025-07-09 23:00:00,SubtleStation,24.751187069720537,38.946329447664645,1010.8108459131993,0,24.751187069720537,38.946329447664645,1010.8108459131993
2025-07-10 00:00:00,SubtleStation,24.582566339781945,37.412625054692825,1010.6094746139332,0,24.582566339781945,37.412625054692825,1010.6094746139332
2025-07-10 01:00:00,SubtleStation,24.04965554431273,40.596178001569264,1009.1090527527696,0,24.04965554431273,40.596178001569264,1009.1090527527696
2025-07-10 02:00:00,SubtleStation,24.295564779973112,39.202194740114976,1010.5549895045222,0,24.295564779973112,39.202194740114976,1010.5549895045222
2025-07-10 03:00:00,SubtleStation,23.817600157884836,41.47922208574005,1009.8143167278624,0,23.817600157884836,41.47922208574005,1009.8143167278624
2025-07-10 04:00:00,SubtleStation,23.996472706960674,39.6561548798201,1009.8332906124195,0,23.996472706960674,39.6561548798201,1009.8332906124195
2025-07-10 05:00:00,SubtleStation,23.39013684717471,40.06905829280304,1009.4394714567266,0,23.39013684717471,40.06905829280304,1009.4394714567266
2025-07-10 06:00:00,SubtleStation,23.481807376623866,39.02905300766303,1009.1223485921219,0,23.481807376623866,39.02905300766303,1009.1223485921219
2025-07-10 07:00:00,SubtleStation,23.819364738922584,41.28557122789797,1009.1300207144534,0,23.819364738922584,41.28557122789797,1009.1300207144534
2025-07-10 08:00:00,SubtleStation,23.87653403977778,41.354865526577115,1009.5536021921808,0,23.87653403977778,41.354865526577115,1009.5536021921808
2025-07-10 09:00:00,SubtleStation,23.537053161340815,41.175899623001506,1010.6227935498293,0,23.537053161340815,41.175899623001506,1010.6227935498293
2025-07-10 10:00:00,SubtleStation,23.601406398154598,41.61342870892761,1009.2636121170208,0,23.601406398154598,41.61342870892761,1009.2636121170208
2025-07-10 11:00:00,SubtleStation,23.746684283895455,39.80437011593688,1010.5225807946528,0,23.746684283895455,39.80437011593688,1010.5225807946528
2025-07-10 12:00:00,SubtleStation,23.072819111176038,41.41102434951535,1010.2260290817986,0,23.072819111176038,41.41102434951535,1010.2260290817986
2025-07-10 13:00:00,SubtleStation,23.308543407606145,40.51091462136818,1009.810381002037,0,23.308543407606145,40.51091462136818,1009.810381002037
2025-07-10 14:00:00,SubtleStation,23.339840197942642,42.800380199543916,1009.8151352306127,0,23.339840197942642,42.800380199543916,1009.8151352306127
2025-07-10 15:00:00,SubtleStation,23.033592649935738,41.1833010731742,1009.4895223853046,0,23.033592649935738,41.1833010731742,1009.4895223853046
2025-07-10 16:00:00,SubtleStation,22.986697887335293,42.548237755606095,1009.3399872951612,0,22.986697887335293,42.548237755606095,1009.3399872951612
2025-07-10 17:00:00,SubtleStation,22.91466709174713,42.59612152338433,1010.0931855977736,0,22.91466709174713,42.59612152338433,1010.0931855977736
2025-07-10 18:00:00,SubtleStation,22.638065070961677,40.85239216256846,1010.3950703856362,0,22.638065070961677,40.85239216256846,1010.3950703856362
2025-07-10 19:00:00,SubtleStation,22.889868711769,41.27989254618819,1010.8382245052362,0,22.889868711769,41.27989254618819,1010.8382245052362
2025-07-10 20:00:00,SubtleStation,22.294282428333638,42.563466159704326,1009.9636820151718,0,22.294282428333638,42.563466159704326,1009.9636820151718
2025-07-10 21:00:00,SubtleStation,22.38243634883636,43.9228697272639,1009.2752048937627,0,22.38243634883636,43.9228697272639,1009.2752048937627
2025-07-10 22:00:00,SubtleStation,22.404221160322727,43.01135226515189,1010.0212873291541,0,22.404221160322727,43.01135226515189,1010.0212873291541
2025-07-10 23:00:00,SubtleStation,22.480994093556877,44.124007917351356,1009.7701134553465,0,22.480994093556877,44.124007917351356,1009.7701134553465
2025-07-11 00:00:00,SubtleStation,21.98799457737162,43.13869867484701,1010.1548845825733,0,21.98799457737162,43.13869867484701,1010.1548845825733
2025-07-11 01:00:00,SubtleStation,22.31361968972044,43.24426155741931,1009.9363705753093,0,22.31361968972044,43.24426155741931,1009.9363705753093
2025-07-11 02:00:00,SubtleStation,22.021269601062297,44.7761285338605,1009.5503830872422,0,22.021269601062297,44.7761285338605,1009.5503830872422
2025-07-11 03:00:00,SubtleStation,22.16769142794975,44.84050905486344,1009.8692320817626,0,22.16769142794975,44.84050905486344,1009.8692320817626
2025-07-11 04:00:00,SubtleStation,22.319744283546417,43.364789618100545,1009.1852980750307,0,22.319744283546417,43.364789618100545,1009.1852980750307
2025-07-11 05:00:00,SubtleStation,21.998612816881256,45.48588026232455,1009.1594218086358,0,21.998612816881256,45.48588026232455,1009.1594218086358
2025-07-11 06:00:00,SubtleStation,21.799556260380587,45.754162352005686,1010.4622970832522,0,21.799556260380587,45.754162352005686,1010.4622970832522
2025-07-11 07:00:00,SubtleStation,21.72769878094428,43.765809729426095,1009.5662168444276,0,21.72769878094428,43.765809729426095,1009.5662168444276
2025-07-11 08:00:00,SubtleStation,21.712591353327106,46.04378675203149,1009.8943371372064,0,21.712591353327106,46.04378675203149,1009.8943371372064
2025-07-11 09:00:00,SubtleStation,21.633032391340013,45.59236549573855,1010.6123549406063,0,21.633032391340013,45.59236549573855,1010.6123549406063
2025-07-11 10:00:00,SubtleStation,21.27118820018678,47.23182121511475,1009.5609377823665,0,21.27118820018678,47.23182121511475,1009.5609377823665
2025-07-11 11:00:00,SubtleStation,21.420550781408053,48.46737423217085,1010.7329685298174,0,21.420550781408053,48.46737423217085,1010.7329685298174
2025-07-11 12:00:00,SubtleStation,21.414704635622687,47.8068282840795,1009.6858261733473,0,21.414704635622687,47.8068282840795,1009.6858261733473
2025-07-11 13:00:00,SubtleStation,21.046600851822824,45.67538452853349,1009.4423055344356,0,21.046600851822824,45.67538452853349,1009.4423055344356
2025-07-11 14:00:00,SubtleStation,21.149680664094547,44.797341312365425,1010.7311538807865,0,21.149680664094547,44.797341312365425,1010.7311538807865
2025-07-11 15:00:00,SubtleStation,20.829882324745405,46.74974837257196,1010.0164559102083,0,20.829882324745405,46.74974837257196,1010.0164559102083
2025-07-11 16:00:00,SubtleStation,20.517774861984215,49.3464676488085,1009.1447282808153,0,20.517774861984215,49.3464676488085,1009.1447282808153
2025-07-11 17:00:00,SubtleStation,20.945309979017157,48.877666194883325,1009.4339021943883,0,20.945309979017157,48.877666194883325,1009.4339021943883
2025-07-11 18:00:00,SubtleStation,20.861922618510707,47.41934620256211,1010.2589702446356,0,20.861922618510707,47.41934620256211,1010.2589702446356
2025-07-11 19:00:00,SubtleStation,21.174527824107376,48.81661834129947,1010.3733829126998,0,21.174527824107376,48.81661834129947,1010.3733829126998
2025-07-11 20:00:00,SubtleStation,20.528145757822884,49.60031394518268,1010.23363602252,0,20.528145757822884,49.60031394518268,1010.23363602252
2025-07-11 21:00:00,SubtleStation,20.878951474307573,48.97835649871527,1009.7662557487209,0,20.878951474307573,48.97835649871527,1009.7662557487209
2025-07-11 22:00:00,SubtleStation,20.745363164674412,49.971049020611396,1009.9286487619996,0,20.745363164674412,49.971049020611396,1009.9286487619996
2025-07-11 23:00:00,SubtleStation,20.871117688153824,48.46903017552915,1009.9709107923804,0,20.871117688153824,48.46903017552915,1009.9709107923804
2025-07-12 00:00:00,SubtleStation,20.523571006993258,48.35749087885184,1009.6478246324808,0,20.523571006993258,48.35749087885184,1009.6478246324808
2025-07-12 01:00:00,SubtleStation,20.682734936547348,50.541706095570675,1009.4310165926172,0,20.682734936547348,50.541706095570675,1009.4310165926172
2025-07-12 02:00:00,SubtleStation,20.318890898886057,51.63203001506129,1010.3298889577917,0,20.318890898886057,51.63203001506129,1010.3298889577917
2025-07-12 03:00:00,SubtleStation,20.56298308946019,50.605137862790734,1010.1792852836804,0,20.56298308946019,50.605137862790734,1010.1792852836804
2025-07-12 04:00:00,SubtleStation,20.460116794938973,51.25401756175902,1009.7340862042174,0,20.460116794938973,51.25401756175902,1009.7340862042174
2025-07-12 05:00:00,SubtleStation,20.29334641121711,53.27725267457758,1010.2337615489869,0,20.29334641121711,53.27725267457758,1010.2337615489869
2025-07-12 06:00:00,SubtleStation,20.582383030315533,51.632145861214184,1011.0490803900992,0,20.582383030315533,51.632145861214184,1011.0490803900992
2025-07-12 07:00:00,SubtleStation,20.345015584544065,53.89214673369363,1009.8656491593082,0,20.345015584544065,53.89214673369363,1009.8656491593082
2025-07-12 08:00:00,SubtleStation,20.424338348581827,54.48200589440476,1009.5419685320652,0,20.424338348581827,54.48200589440476,1009.5419685320652
2025-07-12 09:00:00,SubtleStation,20.563447850947146,53.50039521389767,1008.9546510479955,0,20.563447850947146,53.50039521389767,1008.9546510479955
2025-07-12 10:00:00,SubtleStation,20.484648035792983,53.83928841328878,1009.370047797358,0,20.484648035792983,53.83928841328878,1009.370047797358
2025-07-12 11:00:00,SubtleStation,20.407738866056302,53.10674093859919,1009.6224020382305,0,20.407738866056302,53.10674093859919,1009.6224020382305
2025-07-12 12:00:00,SubtleStation,20.125351525877583,55.51113752578212,1010.7799922146891,0,20.125351525877583,55.51113752578212,1010.7799922146891
2025-07-12 13:00:00,SubtleStation,20.21140706705734,54.62889967943629,1009.2994280101199,0,20.21140706705734,54.62889967943629,1009.2994280101199
2025-07-12 14:00:00,SubtleStation,20.229745286714408,55.050876443696254,1009.7438516100875,0,20.229745286714408,55.050876443696254,1009.7438516100875
2025-07-12 15:00:00,SubtleStation,20.268805736372837,54.56325052072519,1009.7771336655017,0,20.268805736372837,54.56325052072519,1009.7771336655017
2025-07-12 16:00:00,SubtleStation,20.195247120397838,57.66177205855111,1009.5363531057915,0,20.195247120397838,57.66177205855111,1009.5363531057915
2025-07-12 17:00:00,SubtleStation,19.95259304940837,57.34013422465392,1009.5254871665901,0,19.95259304940837,57.34013422465392,1009.5254871665901
2025-07-12 18:00:00,SubtleStation,20.000011025817933,57.05657693993667,1009.5404225026449,0,20.000011025817933,57.05657693993667,1009.5404225026449
2025-07-12 19:00:00,SubtleStation,19.996045343607104,57.993888655070286,1010.3715900416006,0,19.996045343607104,57.993888655070286,1010.3715900416006
2025-07-12 20:00:00,SubtleStation,19.949205335300558,57.36520800690657,1009.6702121604524,0,19.949205335300558,57.36520800690657,1009.6702121604524
2025-07-12 21:00:00,SubtleStation,20.16920136441298,59.368736327499875,1010.844255926659,0,20.16920136441298,59.368736327499875,1010.844255926659
2025-07-12 22:00:00,SubtleStation,19.65278485056126,58.62055517694242,1009.9554619994528,0,19.65278485056126,58.62055517694242,1009.9554619994528
2025-07-12 23:00:00,SubtleStation,19.88127153347785,58.904730146800176,1009.5588892087532,0,19.88127153347785,58.904730146800176,1009.5588892087532
2025-07-13 00:00:00,SubtleStation,19.939307384309934,58.87532327664371,1010.4781990855827,0,19.939307384309934,58.87532327664371,1010.4781990855827
2025-07-13 01:00:00,SubtleStation,20.252172748018292,60.712600319415074,1009.7540045008203,0,20.252172748018292,60.712600319415074,1009.7540045008203
2025-07-13 02:00:00,SubtleStation,19.80457308542017,61.26972569815132,1009.2791522232931,0,19.80457308542017,61.26972569815132,1009.2791522232931
2025-07-13 03:00:00,SubtleStation,20.10853252417538,59.952271825946895,1009.5692821684521,0,20.10853252417538,59.952271825946895,1009.5692821684521
2025-07-13 04:00:00,SubtleStation,20.03320125212587,61.89591540496314,1010.527917522923,0,20.03320125212587,61.89591540496314,1010.527917522923
2025-07-13 05:00:00,SubtleStation,19.884902090081432,61.662097343630734,1010.0023564944934,0,19.884902090081432,61.662097343630734,1010.0023564944934
2025-07-13 06:00:00,SubtleStation,20.440912892086814,60.41430248811798,1009.921161213557,0,20.440912892086814,60.41430248811798,1009.921161213557
2025-07-13 07:00:00,SubtleStation,20.17945246482887,64.19935962692252,1009.3964163040778,0,20.17945246482887,64.19935962692252,1009.3964163040778
2025-07-13 08:00:00,SubtleStation,19.950402261507655,63.166439202146314,1009.5110128535813,0,19.950402261507655,63.166439202146314,1009.5110128535813
2025-07-13 09:00:00,SubtleStation,20.30130048358165,62.60122326745646,1009.8198262873185,0,20.30130048358165,62.60122326745646,1009.8198262873185
2025-07-13 10:00:00,SubtleStation,20.09046838946397,61.88130560545225,1009.8560265216081,0,20.09046838946397,61.88130560545225,1009.8560265216081
2025-07-13 11:00:00,SubtleStation,19.864369646883574,63.39193871439449,1009.7909462991026,0,19.864369646883574,63.39193871439449,1009.7909462991026
2025-07-13 12:00:00,SubtleStation,19.530196495542473,64.3374380551874,1009.6459732222381,0,19.530196495542473,64.3374380551874,1009.6459732222381
2025-07-13 13:00:00,SubtleStation,20.275644768714713,64.62858695944567,1008.8293145997094,0,20.275644768714713,64.62858695944567,1008.8293145997094
2025-07-13 14:00:00,SubtleStation,20.25298311662625,65.70679380135826,1010.9242139315836,0,20.25298311662625,65.70679380135826,1010.9242139315836
2025-07-13 15:00:00,SubtleStation,20.021064834866042,65.42379420174427,1009.6105780980203,0,20.021064834866042,65.42379420174427,1009.6105780980203
2025-07-13 16:00:00,SubtleStation,19.928560687267154,64.62204113983333,1010.4253902383251,0,19.928560687267154,64.62204113983333,1010.4253902383251
2025-07-13 17:00:00,SubtleStation,20.10721946605695,66.12714789169813,1010.0715949485262,0,20.10721946605695,66.12714789169813,1010.0715949485262
2025-07-13 18:00:00,SubtleStation,20.185721742649402,66.7940746581682,1009.7756859994719,0,20.185721742649402,66.7940746581682,1009.7756859994719
2025-07-13 19:00:00,SubtleStation,20.415383810109276,68.07726020886636,1009.239310922933,0,20.415383810109276,68.07726020886636,1009.239310922933
2025-07-13 20:00:00,SubtleStation,20.41527309263715,67.47834458794884,1009.8819407258846,0,20.41527309263715,67.47834458794884,1009.8819407258846
2025-07-13 21:00:00,SubtleStation,20.3156876399401,67.1676632964334,1010.8724329610018,0,20.3156876399401,67.1676632964334,1010.8724329610018
2025-07-13 22:00:00,SubtleStation,20.08918064221597,68.14807618946567,1010.5984445379427,0,20.08918064221597,68.14807618946567,1010.5984445379427
2025-07-13 23:00:00,SubtleStation,20.233221176979676,67.29667835466863,1009.9840378147671,0,20.233221176979676,67.29667835466863,1009.9840378147671
2025-07-14 00:00:00,SubtleStation,20.842517008885263,68.87458256397133,1011.0830232749297,0,20.842517008885263,68.87458256397133,1011.0830232749297
2025-07-14 01:00:00,SubtleStation,20.47992738282164,69.29307850624883,1010.3795771287758,0,20.47992738282164,69.29307850624883,1010.3795771287758
2025-07-14 02:00:00,SubtleStation,20.86415623773672,70.56743723337385,1009.9869089807693,0,20.86415623773672,70.56743723337385,1009.9869089807693
2025-07-14 03:00:00,SubtleStation,20.846480206105365,71.76200754403004,1010.1627770954215,0,20.846480206105365,71.76200754403004,1010.1627770954215
2025-07-14 04:00:00,SubtleStation,20.384673448079237,70.74228943876388,1010.1413416916228,0,20.384673448079237,70.74228943876388,1010.1413416916228
2025-07-14 05:00:00,SubtleStation,20.923042868426172,70.80092550840968,1010.6131372232724,0,20.923042868426172,70.80092550840968,1010.6131372232724
2025-07-14 06:00:00,SubtleStation,20.613497589726116,71.10643674317906,1010.105463364155,0,20.613497589726116,71.10643674317906,1010.105463364155
2025-07-14 07:00:00,SubtleStation,20.69093309931372,71.41909014663088,1009.9894380702419,0,20.69093309931372,71.41909014663088,1009.9894380702419
2025-07-14 08:00:00,SubtleStation,21.094624937766653,71.09020304991203,1009.908593008857,0,21.094624937766653,71.09020304991203,1009.908593008857
2025-07-14 09:00:00,SubtleStation,20.886912300586385,72.50577593536529,1009.5629298414448,0,20.886912300586385,72.50577593536529,1009.5629298414448
2025-07-14 10:00:00,SubtleStation,20.746009293755552,72.17206784451906,1010.3018479925561,0,20.746009293755552,72.17206784451906,1010.3018479925561
2025-07-14 11:00:00,SubtleStation,20.88565634032439,72.15762853896561,1009.6822414721424,0,20.88565634032439,72.15762853896561,1009.6822414721424
2025-07-14 12:00:00,SubtleStation,21.10050435180196,73.5493924721414,1009.2555342888714,0,21.10050435180196,73.5493924721414,1009.2555342888714
2025-07-14 13:00:00,SubtleStation,21.380063697773423,72.44562999585546,1009.7868168982445,0,21.380063697773423,72.44562999585546,1009.7868168982445
2025-07-14 14:00:00,SubtleStation,21.01522991764272,74.0880685798869,1010.492460184412,0,21.01522991764272,74.0880685798869,1010.492460184412
2025-07-14 15:00:00,SubtleStation,21.388598736383056,72.71106860455328,1009.6883695076389,0,21.388598736383056,72.71106860455328,1009.6883695076389
2025-07-14 16:00:00,SubtleStation,21.77890393551415,73.0678587285459,1009.577622820744,0,21.77890393551415,73.0678587285459,1009.577622820744
2025-07-14 17:00:00,SubtleStation,21.257430366263208,73.4969327096631,1010.052633371985,0,21.257430366263208,73.4969327096631,1010.052633371985
2025-07-14 18:00:00,SubtleStation,21.489263268074602,73.64941648868911,1009.8067799003808,0,21.489263268074602,73.64941648868911,1009.8067799003808
2025-07-14 19:00:00,SubtleStation,21.57246278951304,75.19157361306246,1010.1336425085079,0,21.57246278951304,75.19157361306246,1010.1336425085079
2025-07-14 20:00:00,SubtleStation,21.55301685273191,76.14963090683891,1010.4202980120778,0,21.55301685273191,76.14963090683891,1010.4202980120778
2025-07-14 21:00:00,SubtleStation,21.983361794551048,74.87232867129933,1010.4031377601391,0,21.983361794551048,74.87232867129933,1010.4031377601391
2025-07-14 22:00:00,SubtleStation,21.876372713401377,76.31325674764861,1009.8080569776891,0,21.876372713401377,76.31325674764861,1009.8080569776891
2025-07-14 23:00:00,SubtleStation,21.9598374100116,72.81878477799279,1010.0597256943349,0,21.9598374100116,72.81878477799279,1010.0597256943349
2025-07-15 00:00:00,SubtleStation,22.353026661042918,74.47973394199734,1010.6542423765319,0,22.353026661042918,74.47973394199734,1010.6542423765319
2025-07-15 01:00:00,SubtleStation,22.194368647171565,76.07379104511757,1010.1315427911693,0,22.194368647171565,76.07379104511757,1010.1315427911693
2025-07-15 02:00:00,SubtleStation,22.207423236000995,76.438450731901,1009.1724136816599,0,22.207423236000995,76.438450731901,1009.1724136816599
2025-07-15 03:00:00,SubtleStation,22.291913658088582,78.60292015184811,1010.3226429582619,0,22.291913658088582,78.60292015184811,1010.3226429582619
2025-07-15 04:00:00,SubtleStation,22.233921251638193,77.41745784948876,1009.5172829548688,0,22.233921251638193,77.41745784948876,1009.5172829548688
2025-07-15 05:00:00,SubtleStation,22.718322246085986,78.24903548960624,1010.129283630106,0,22.718322246085986,78.24903548960624,1010.129283630106
2025-07-15 06:00:00,SubtleStation,22.47240913827426,77.98598794855364,1009.2916074801032,0,22.47240913827426,77.98598794855364,1009.2916074801032
2025-07-15 07:00:00,SubtleStation,22.656100553549045,78.8043777944426,1009.9541422781425,0,22.656100553549045,78.8043777944426,1009.9541422781425
2025-07-15 08:00:00,SubtleStation,22.329899138270246,78.00860694737004,1009.9665443514892,0,22.329899138270246,78.00860694737004,1009.9665443514892
2025-07-15 09:00:00,SubtleStation,22.957538447275642,77.46101323700744,1009.530896950919,0,22.957538447275642,77.46101323700744,1009.530896950919
2025-07-15 10:00:00,SubtleStation,23.20427705689962,78.23248403753291,1010.654561930002,0,23.20427705689962,78.23248403753291,1010.654561930002
2025-07-15 11:00:00,SubtleStation,23.26081173338687,78.16077708161336,1009.7830361697274,0,23.26081173338687,78.16077708161336,1009.7830361697274
2025-07-15 12:00:00,SubtleStation,22.89488839668223,78.21465719428073,1010.916329336815,0,22.89488839668223,78.21465719428073,1010.916329336815
2025-07-15 13:00:00,SubtleStation,23.31626421134112,78.63896720683546,1009.8480990009782,0,23.31626421134112,78.63896720683546,1009.8480990009782
2025-07-15 14:00:00,SubtleStation,23.300535095418642,79.85485475500786,1009.367416423099,0,23.300535095418642,79.85485475500786,1009.367416423099
2025-07-15 15:00:00,SubtleStation,23.26056743578631,80.5691243766721,1009.3868027346066,0,23.26056743578631,80.5691243766721,1009.3868027346066
2025-07-15 16:00:00,SubtleStation,23.58441271753344,80.48169899020527,1009.8404034119578,0,23.58441271753344,80.48169899020527,1009.8404034119578
2025-07-15 17:00:00,SubtleStation,23.708306435604673,81.42455411604807,1010.1019784376781,0,23.708306435604673,81.42455411604807,1010.1019784376781
2025-07-15 18:00:00,SubtleStation,23.76086871201449,79.4321649142355,1008.9124332036731,0,23.76086871201449,79.4321649142355,1008.9124332036731
2025-07-15 19:00:00,SubtleStation,23.866799512824446,79.60510336845766,1010.515727446898,0,23.866799512824446,79.60510336845766,1010.515727446898
2025-07-15 20:00:00,SubtleStation,23.846411649528523,80.11945944667065,1010.3631040159021,0,23.846411649528523,80.11945944667065,1010.3631040159021
2025-07-15 21:00:00,SubtleStation,24.29285956605403,78.79939877082336,1009.8608421559893,0,24.29285956605403,78.79939877082336,1009.8608421559893
2025-07-15 22:00:00,SubtleStation,23.891773102997927,78.23899804829117,1010.5061612472042,0,23.891773102997927,78.23899804829117,1010.5061612472042
2025-07-15 23:00:00,SubtleStation,24.238362609115057,78.84878536357523,1009.3576850886334,0,24.238362609115057,78.84878536357523,1009.3576850886334
2025-07-16 00:00:00,SubtleStation,23.989533761194203,78.09356165948202,1010.3812366231471,0,23.989533761194203,78.09356165948202,1010.3812366231471
2025-07-16 01:00:00,SubtleStation,24.336527259942965,80.05540077533102,1009.3275549626198,0,24.336527259942965,80.05540077533102,1009.3275549626198
2025-07-16 02:00:00,SubtleStation,24.507193278656608,79.40386657180764,1009.6241461611867,0,24.507193278656608,79.40386657180764,1009.6241461611867
2025-07-16 03:00:00,SubtleStation,24.59063640189167,80.56686650799871,1010.1030869029191,0,24.59063640189167,80.56686650799871,1010.1030869029191
2025-07-16 04:00:00,SubtleStation,24.792229824795196,81.16471050000618,1009.8075775939543,0,24.792229824795196,81.16471050000618,1009.8075775939543
2025-07-16 05:00:00,SubtleStation,24.59606371478714,79.01457946827712,1010.1148487220408,0,24.59606371478714,79.01457946827712,1010.1148487220408
2025-07-16 06:00:00,SubtleStation,24.69258406555233,80.35967606625907,1009.9156251434516,0,24.69258406555233,80.35967606625907,1009.9156251434516
2025-07-16 07:00:00,SubtleStation,24.70136294305585,79.85983078953453,1010.2377462440853,0,24.70136294305585,79.85983078953453,1010.2377462440853
2025-07-16 08:00:00,SubtleStation,24.888792708442246,79.66473884994828,1009.6212615985854,0,24.888792708442246,79.66473884994828,1009.6212615985854
2025-07-16 09:00:00,SubtleStation,25.017959254565582,79.15619557756554,1009.7778579599515,0,25.017959254565582,79.15619557756554,1009.7778579599515
2025-07-16 10:00:00,SubtleStation,25.08496579051555,80.57710777482723,1010.3366356650808,0,25.08496579051555,80.57710777482723,1010.3366356650808
2025-07-16 11:00:00,SubtleStation,25.07995332730669,79.6424016117199,1009.6460160273915,0,25.07995332730669,79.6424016117199,1009.6460160273915
2025-07-16 12:00:00,SubtleStation,25.51955864216961,80.2691200135909,1009.1064294779782,0,25.51955864216961,80.2691200135909,1009.1064294779782
2025-07-16 13:00:00,SubtleStation,25.498654222782285,80.00993147850556,1009.685593531338,0,25.498654222782285,80.00993147850556,1009.685593531338
2025-07-16 14:00:00,SubtleStation,25.683457077066578,79.51515670439058,1010.0675166702787,0,25.683457077066578,79.51515670439058,1010.0675166702787
2025-07-16 15:00:00,SubtleStation,25.6732072071547,81.39807968151509,1010.3646033749638,0,25.6732072071547,81.39807968151509,1010.3646033749638
2025-07-16 16:00:00,SubtleStation,26.282521801110143,80.54401107038571,1009.4594178279887,0,26.282521801110143,80.54401107038571,1009.4594178279887
2025-07-16 17:00:00,SubtleStation,25.554135011722085,78.00624044873703,1010.4566681486602,0,25.554135011722085,78.00624044873703,1010.4566681486602
2025-07-16 18:00:00,SubtleStation,25.928403881768205,80.27655090491639,1010.5634697719939,0,25.928403881768205,80.27655090491639,1010.5634697719939
2025-07-16 19:00:00,SubtleStation,25.841117626946883,78.233409274216,1009.9506975758159,0,25.841117626946883,78.233409274216,1009.9506975758159
2025-07-16 20:00:00,SubtleStation,26.382566700664263,79.98541293173199,1010.0773266573801,0,26.382566700664263,79.98541293173199,1010.0773266573801
2025-07-16 21:00:00,SubtleStation,26.212121979630464,79.84237748957221,1009.7026213211842,0,26.212121979630464,79.84237748957221,1009.7026213211842
2025-07-16 22:00:00,SubtleStation,26.488496267140455,78.79264310040908,1010.1464211509673,0,26.488496267140455,78.79264310040908,1010.1464211509673
2025-07-16 23:00:00,SubtleStation,26.282313295087462,79.1023497886406,1008.7997464551528,0,26.282313295087462,79.1023497886406,1008.7997464551528
2025-07-17 00:00:00,SubtleStation,26.631483825668337,80.17848051400358,1010.1965404810976,0,26.631483825668337,80.17848051400358,1010.1965404810976
2025-07-17 01:00:00,SubtleStation,26.688871578878658,78.86309204872421,1010.1831594014129,0,26.688871578878658,78.86309204872421,1010.1831594014129
2025-07-17 02:00:00,SubtleStation,26.703870932344458,79.13566326145532,1009.4925120641631,0,26.703870932344458,79.13566326145532,1009.4925120641631
2025-07-17 03:00:00,SubtleStation,27.513826316282657,80.09834421272123,1009.5199026489029,0,27.513826316282657,80.09834421272123,1009.5199026489029
2025-07-17 04:00:00,SubtleStation,27.054628971591644,77.42357192749932,1009.8898886933914,0,27.054628971591644,77.42357192749932,1009.8898886933914
2025-07-17 05:00:00,SubtleStation,26.713843317490724,77.21075534674354,1010.1132493169109,0,26.713843317490724,77.21075534674354,1010.1132493169109
2025-07-17 06:00:00,SubtleStation,27.615367833613647,78.85286661539571,1010.2277678154352,0,27.615367833613647,78.85286661539571,1010.2277678154352
2025-07-17 07:00:00,SubtleStation,27.235123447722632,76.82161301330106,1010.4169872567338,0,27.235123447722632,76.82161301330106,1010.4169872567338
2025-07-17 08:00:00,SubtleStation,27.131315356085228,77.7999346727627,1010.0588506488659,0,27.131315356085228,77.7999346727627,1010.0588506488659
2025-07-17 09:00:00,SubtleStation,27.30238346134935,78.00596942535805,1010.3613783825867,0,27.30238346134935,78.00596942535805,1010.3613783825867
2025-07-17 10:00:00,SubtleStation,27.720724368201054,78.01892306794377,1010.1961789530736,0,27.720724368201054,78.01892306794377,1010.1961789530736
2025-07-17 11:00:00,SubtleStation,27.833479878615027,77.68149634590092,1009.4478478715235,0,27.833479878615027,77.68149634590092,1009.4478478715235
2025-07-17 12:00:00,SubtleStation,27.798560202225605,75.22274896628055,1009.4138232482265,0,27.798560202225605,75.22274896628055,1009.4138232482265
2025-07-17 13:00:00,SubtleStation,27.63962946416005,76.847997006857,1009.5335458813591,0,27.63962946416005,76.847997006857,1009.5335458813591
2025-07-17 14:00:00,SubtleStation,28.007083437750765,75.20452217849504,1009.84207219695,0,28.007083437750765,75.20452217849504,1009.84207219695
2025-07-17 15:00:00,SubtleStation,28.004386217871414,74.75750417683423,1010.6068832990801,0,28.004386217871414,74.75750417683423,1010.6068832990801
2025-07-17 16:00:00,SubtleStation,28.065971029808313,76.7752078285893,1010.2856305583489,0,28.065971029808313,76.7752078285893,1010.2856305583489
2025-07-17 17:00:00,SubtleStation,28.12613673650424,76.25699851694021,1011.0429948378929,0,28.12613673650424,76.25699851694021,1011.0429948378929
2025-07-17 18:00:00,SubtleStation,28.1373338458922,77.13245705448593,1009.867700362853,0,28.1373338458922,77.13245705448593,1009.867700362853
2025-07-17 19:00:00,SubtleStation,28.293958774553108,73.87722930939411,1009.2347492729028,0,28.293958774553108,73.87722930939411,1009.2347492729028
2025-07-17 20:00:00,SubtleStation,28.233748081270672,74.5214872677704,1010.0938276040696,0,28.233748081270672,74.5214872677704,1010.0938276040696
2025-07-17 21:00:00,SubtleStation,28.544646589535823,74.59869590683293,1009.561201912848,0,28.544646589535823,74.59869590683293,1009.561201912848
2025-07-17 22:00:00,SubtleStation,28.5323604254336,72.63408773370233,1010.1067197369301,0,28.5323604254336,72.63408773370233,1010.1067197369301
2025-07-17 23:00:00,SubtleStation,28.943952933109927,71.87113463347927,1009.9772375582505,0,28.943952933109927,71.87113463347927,1009.9772375582505
2025-07-18 00:00:00,SubtleStation,28.386918464978535,72.95477645874541,1009.5656426933185,0,28.386918464978535,72.95477645874541,1009.5656426933185
2025-07-18 01:00:00,SubtleStation,28.943531430180375,74.67516294971414,1010.0154769305698,0,28.943531430180375,74.67516294971414,1010.0154769305698
2025-07-18 02:00:00,SubtleStation,28.579968314746193,72.67496449842415,1009.2643535945548,0,28.579968314746193,72.67496449842415,1009.2643535945548
2025-07-18 03:00:00,SubtleStation,28.710121423327518,72.7295214574817,1009.8788786626585,0,28.710121423327518,72.7295214574817,1009.8788786626585
2025-07-18 04:00:00,SubtleStation,28.86915180897518,72.1432657744476,1009.6974166960014,0,28.86915180897518,72.1432657744476,1009.6974166960014
2025-07-18 05:00:00,SubtleStation,29.263679880855896,71.8939115574076,1009.461042497565,0,29.263679880855896,71.8939115574076,1009.461042497565
2025-07-18 06:00:00,SubtleStation,28.836762759592027,71.28464637005402,1009.7766663604613,0,28.836762759592027,71.28464637005402,1009.7766663604613
2025-07-18 07:00:00,SubtleStation,29.279702607565547,71.05084052349714,1009.8653320621703,0,29.279702607565547,71.05084052349714,1009.8653320621703
2025-07-18 08:00:00,SubtleStation,29.326656271075116,69.90174352939228,1010.262100332171,0,29.326656271075116,69.90174352939228,1010.262100332171
2025-07-18 09:00:00,SubtleStation,29.427749994690814,70.2606580109574,1010.3714934973948,0,29.427749994690814,70.2606580109574,1010.3714934973948
2025-07-18 10:00:00,SubtleStation,29.11431919730752,72.87949632522573,1010.0739072592595,0,29.11431919730752,72.87949632522573,1010.0739072592595
2025-07-18 11:00:00,SubtleStation,29.4565760439129,70.67309550030714,1010.2836898033005,0,29.4565760439129,70.67309550030714,1010.2836898033005
2025-07-18 12:00:00,SubtleStation,29.34564461064774,70.8054813163859,1009.9759887477645,0,29.34564461064774,70.8054813163859,1009.9759887477645
2025-07-18 13:00:00,SubtleStation,29.48564660315667,69.36595557924065,1009.6667849030871,0,29.48564660315667,69.36595557924065,1009.6667849030871
2025-07-18 14:00:00,SubtleStation,29.35205022904427,68.73518228180772,1010.8303237361904,0,29.35205022904427,68.73518228180772,1010.8303237361904
2025-07-18 15:00:00,SubtleStation,29.093781691667175,69.1097297487778,1010.4020790853988,0,29.093781691667175,69.1097297487778,1010.4020790853988
2025-07-18 16:00:00,SubtleStation,29.565038949269805,67.3922770074204,1009.250610431171,0,29.565038949269805,67.3922770074204,1009.250610431171
2025-07-18 17:00:00,SubtleStation,29.725307928456782,70.26740584546701,1010.3212186139987,0,29.725307928456782,70.26740584546701,1010.3212186139987
2025-07-18 18:00:00,SubtleStation,29.791356859895163,67.05898909541972,1010.3072643297039,0,29.791356859895163,67.05898909541972,1010.3072643297039
2025-07-18 19:00:00,SubtleStation,29.718193558918053,68.3698199804027,1009.8888492493795,0,29.718193558918053,68.3698199804027,1009.8888492493795
2025-07-18 20:00:00,SubtleStation,29.60942116113464,66.1676344962525,1009.7986058766397,0,29.60942116113464,66.1676344962525,1009.7986058766397
2025-07-18 21:00:00,SubtleStation,29.56513643637546,67.28029015690174,1010.2805578341938,0,29.56513643637546,67.28029015690174,1010.2805578341938
2025-07-18 22:00:00,SubtleStation,29.911559308295125,66.59795046148487,1010.5934521086383,0,29.911559308295125,66.59795046148487,1010.5934521086383
2025-07-18 23:00:00,SubtleStation,29.959234362740776,65.38067029500492,1010.2219819138563,0,29.959234362740776,65.38067029500492,1010.2219819138563
2025-07-19 00:00:00,SubtleStation,29.79823452992512,66.42816671655106,1010.2312848475361,0,29.79823452992512,66.42816671655106,1010.2312848475361
2025-07-19 01:00:00,SubtleStation,29.88445803725985,64.4672264826354,1010.8613161499204,0,29.88445803725985,64.4672264826354,1010.8613161499204
2025-07-19 02:00:00,SubtleStation,29.894848441191588,62.81030026539764,1010.373653156518,0,29.894848441191588,62.81030026539764,1010.373653156518
2025-07-19 03:00:00,SubtleStation,29.78138323143042,65.05386946519127,1010.9054938937401,0,29.78138323143042,65.05386946519127,1010.9054938937401
2025-07-19 04:00:00,SubtleStation,30.078049103210205,63.791320082752755,1008.8687538587578,0,30.078049103210205,63.791320082752755,1008.8687538587578
2025-07-19 05:00:00,SubtleStation,30.212710619114837,63.269091861377106,1010.236310230995,0,30.212710619114837,63.269091861377106,1010.236310230995
2025-07-19 06:00:00,SubtleStation,29.603251586789188,63.31215110341671,1009.4672486949563,0,29.603251586789188,63.31215110341671,1009.4672486949563
2025-07-19 07:00:00,SubtleStation,30.05686256654731,62.365819234595406,1009.842905888157,0,30.05686256654731,62.365819234595406,1009.842905888157
2025-07-19 08:00:00,SubtleStation,30.047645144804257,61.70881828279433,1010.3145893203958,0,30.047645144804257,61.70881828279433,1010.3145893203958
2025-07-19 09:00:00,SubtleStation,29.942924378807994,61.442380419077885,1010.2594483958787,0,29.942924378807994,61.442380419077885,1010.2594483958787
2025-07-19 10:00:00,SubtleStation,29.788575661506744,61.55169453954028,1009.8995014377152,0,29.788575661506744,61.55169453954028,1009.8995014377152
2025-07-19 11:00:00,SubtleStation,30.34036264530498,59.031476561839085,1010.1113309221105,0,30.34036264530498,59.031476561839085,1010.1113309221105
2025-07-19 12:00:00,SubtleStation,29.960687968933204,61.0545990533304,1010.4213648381786,0,29.960687968933204,61.0545990533304,1010.4213648381786
2025-07-19 13:00:00,SubtleStation,30.347699907933794,61.04356866974725,1009.684924834553,0,30.347699907933794,61.04356866974725,1009.684924834553
2025-07-19 14:00:00,SubtleStation,30.176544823314693,59.41666252868256,1010.8842825439958,0,30.176544823314693,59.41666252868256,1010.8842825439958
2025-07-19 15:00:00,SubtleStation,30.010754853233436,60.477586493987936,1010.6358419352013,0,30.010754853233436,60.477586493987936,1010.6358419352013
2025-07-19 16:00:00,SubtleStation,29.961592261229892,59.85879101763154,1009.8411778389122,0,29.961592261229892,59.85879101763154,1009.8411778389122
2025-07-19 17:00:00,SubtleStation,30.028107880993733,57.985143042393155,1009.8369738615036,0,30.028107880993733,57.985143042393155,1009.8369738615036
2025-07-19 18:00:00,SubtleStation,30.089825247690886,60.182435599844034,1009.571639419394,0,30.089825247690886,60.182435599844034,1009.571639419394
2025-07-19 19:00:00,SubtleStation,30.011248651896675,57.41512407956986,1010.6675646863282,0,30.011248651896675,57.41512407956986,1010.6675646863282
2025-07-19 20:00:00,SubtleStation,29.882425666132914,57.74392885696954,1009.8495954004846,0,29.882425666132914,57.74392885696954,1009.8495954004846
2025-07-19 21:00:00,SubtleStation,30.17060251495535,55.46231786484012,1010.5766225670159,0,30.17060251495535,55.46231786484012,1010.5766225670159
2025-07-19 22:00:00,SubtleStation,30.268453298065403,56.38462823352157,1010.9566544574071,0,30.268453298065403,56.38462823352157,1010.9566544574071
2025-07-19 23:00:00,SubtleStation,29.914393644194682,56.71410310292931,1009.7112239832933,0,29.914393644194682,56.71410310292931,1009.7112239832933
2025-07-20 00:00:00,SubtleStation,29.93125807247395,56.292176763700205,1009.946514845981,0,29.93125807247395,56.292176763700205,1009.946514845981
2025-07-20 01:00:00,SubtleStation,30.029071907204298,55.81138712045223,1009.4490182444198,0,30.029071907204298,55.81138712045223,1009.4490182444198
2025-07-20 02:00:00,SubtleStation,29.78818669751556,58.61970932272954,1010.2369267901919,0,29.78818669751556,58.61970932272954,1010.2369267901919
2025-07-20 03:00:00,SubtleStation,29.412078747954954,56.30890447896502,1009.9369223637515,0,29.412078747954954,56.30890447896502,1009.9369223637515
2025-07-20 04:00:00,SubtleStation,29.835305666025395,55.17151991128085,1009.8713608483589,0,29.835305666025395,55.17151991128085,1009.8713608483589
2025-07-20 05:00:00,SubtleStation,29.99130794118397,54.47999956188851,1009.8568105521941,0,29.99130794118397,54.47999956188851,1009.8568105521941
2025-07-20 06:00:00,SubtleStation,29.48592388840669,52.91852635828441,1009.5639563719528,0,29.48592388840669,52.91852635828441,1009.5639563719528
2025-07-20 07:00:00,SubtleStation,29.28052593966652,53.319353137431484,1010.9037464624064,0,29.28052593966652,53.319353137431484,1010.9037464624064
2025-07-20 08:00:00,SubtleStation,29.797528935273792,53.92179920493578,1010.7254868588245,0,29.797528935273792,53.92179920493578,1010.7254868588245
2025-07-20 09:00:00,SubtleStation,29.441111085697962,52.733692115106145,1009.8684060216121,0,29.441111085697962,52.733692115106145,1009.8684060216121
2025-07-20 10:00:00,SubtleStation,29.323262520001713,52.66764685651438,1011.0128450789365,0,29.323262520001713,52.66764685651438,1011.0128450789365
2025-07-20 11:00:00,SubtleStation,29.327786302214186,52.53770535047908,1010.5291958648112,0,29.327786302214186,52.53770535047908,1010.5291958648112
2025-07-20 12:00:00,SubtleStation,29.58830037445581,53.13662724049147,1010.3915108435256,0,29.58830037445581,53.13662724049147,1010.3915108435256
2025-07-20 13:00:00,SubtleStation,29.739927722230416,50.27334317560441,1009.0099536797163,0,29.739927722230416,50.27334317560441,1009.0099536797163
2025-07-20 14:00:00,SubtleStation,29.159885155224345,51.07297319891952,1010.2428183658201,0,29.159885155224345,51.07297319891952,1010.2428183658201
2025-07-20 15:00:00,SubtleStation,29.42837459338836,51.313469517675905,1010.343480078754,0,29.42837459338836,51.313469517675905,1010.343480078754
2025-07-20 16:00:00,SubtleStation,29.396533383746675,48.749294034394474,1009.4547896739638,0,29.396533383746675,48.749294034394474,1009.4547896739638
2025-07-20 17:00:00,SubtleStation,29.328719167771066,48.55686625389121,1010.7784767739688,0,29.328719167771066,48.55686625389121,1010.7784767739688
2025-07-20 18:00:00,SubtleStation,29.36050131960058,48.8123048857837,1010.4443073647695,0,29.36050131960058,48.8123048857837,1010.4443073647695
2025-07-20 19:00:00,SubtleStation,29.17547169541082,47.98615742749253,1010.3422362212357,0,29.17547169541082,47.98615742749253,1010.3422362212357
2025-07-20 20:00:00,SubtleStation,28.83857338493489,49.53181704466275,1010.4393028320067,0,28.83857338493489,49.53181704466275,1010.4393028320067
2025-07-20 21:00:00,SubtleStation,29.114655821418392,49.30626186051428,1010.1000890552383,0,29.114655821418392,49.30626186051428,1010.1000890552383
2025-07-20 22:00:00,SubtleStation,29.217161206071907,47.640028540842295,1010.0376729768319,0,29.217161206071907,47.640028540842295,1010.0376729768319
2025-07-20 23:00:00,SubtleStation,28.89563278923202,47.36209225895726,1010.1177623671019,0,28.89563278923202,47.36209225895726,1010.1177623671019
2025-07-21 00:00:00,SubtleStation,28.72023460400815,48.383482128214666,1010.7454344639958,0,28.72023460400815,48.383482128214666,1010.7454344639958
2025-07-21 01:00:00,SubtleStation,28.98326122726147,48.85762255010121,1009.5877542979636,0,28.98326122726147,48.85762255010121,1009.5877542979636
2025-07-21 02:00:00,SubtleStation,28.64965590384115,48.65934197079082,1009.905835266426,0,28.64965590384115,48.65934197079082,1009.905835266426
2025-07-21 03:00:00,SubtleStation,28.638667478558073,47.16052728006554,1010.1218552112048,0,28.638667478558073,47.16052728006554,1010.1218552112048
2025-07-21 04:00:00,SubtleStation,28.788395997023198,47.6504066910823,1010.1728785752118,0,28.788395997023198,47.6504066910823,1010.1728785752118
2025-07-21 05:00:00,SubtleStation,28.66684760155565,46.78213679760108,1010.3418797255581,0,28.66684760155565,46.78213679760108,1010.3418797255581
2025-07-21 06:00:00,SubtleStation,28.955225720146583,46.21696848435145,1009.6592379527407,0,28.955225720146583,46.21696848435145,1009.6592379527407
2025-07-21 07:00:00,SubtleStation,28.329654043067794,46.23265597279911,1010.0294768670402,0,28.329654043067794,46.23265597279911,1010.0294768670402
2025-07-21 08:00:00,SubtleStation,28.561774066203874,46.748529246058254,1010.2132044426775,0,28.561774066203874,46.748529246058254,1010.2132044426775
2025-07-21 09:00:00,SubtleStation,28.085547642870836,46.33015394976579,1009.8078573197671,0,28.085547642870836,46.33015394976579,1009.8078573197671
2025-07-21 10:00:00,SubtleStation,28.606549351133758,46.05965797034521,1010.2046335210597,0,28.606549351133758,46.05965797034521,1010.2046335210597
2025-07-21 11:00:00,SubtleStation,28.396411605639845,45.20213709038646,1009.26963534664,0,28.396411605639845,45.20213709038646,1009.26963534664
2025-07-21 12:00:00,SubtleStation,28.180226643660355,42.164137223714896,1009.488609248834,0,28.180226643660355,42.164137223714896,1009.488609248834
2025-07-21 13:00:00,SubtleStation,27.678176375947107,43.482294532664284,1010.2844978174975,0,27.678176375947107,43.482294532664284,1010.2844978174975
2025-07-21 14:00:00,SubtleStation,27.97302850388144,42.75266153643776,1009.5093895256691,0,27.97302850388144,42.75266153643776,1009.5093895256691
2025-07-21 15:00:00,SubtleStation,27.644193584019487,42.002847584650844,1010.0605624981487,0,27.644193584019487,42.002847584650844,1010.0605624981487
2025-07-21 16:00:00,SubtleStation,27.845720764015965,43.17769763582983,1009.5027587123224,0,27.845720764015965,43.17769763582983,1009.5027587123224
2025-07-21 17:00:00,SubtleStation,27.647973344529003,42.631393772307845,1009.7115394845199,0,27.647973344529003,42.631393772307845,1009.7115394845199
2025-07-21 18:00:00,SubtleStation,27.493815127165853,41.64581420703881,1009.5890927866873,0,27.493815127165853,41.64581420703881,1009.5890927866873
2025-07-21 19:00:00,SubtleStation,27.83272789429721,43.398527519638165,1009.9098623581358,0,27.83272789429721,43.398527519638165,1009.9098623581358
2025-07-21 20:00:00,SubtleStation,27.18775801091209,41.77680861582831,1009.6722462123145,0,27.18775801091209,41.77680861582831,1009.6722462123145
2025-07-21 21:00:00,SubtleStation,27.16224197072904,42.251364042863685,1010.751127168927,0,27.16224197072904,42.251364042863685,1010.751127168927
2025-07-21 22:00:00,SubtleStation,27.32311628842926,44.02531351338118,1009.7361954090355,0,27.32311628842926,44.02531351338118,1009.7361954090355
2025-07-21 23:00:00,SubtleStation,26.969493904795094,41.276196567681346,1009.3517474168491,0,26.969493904795094,41.276196567681346,1009.3517474168491
2025-07-22 00:00:00,SubtleStation,26.88549766927367,40.164722067491326,1010.7741337554213,0,26.88549766927367,40.164722067491326,1010.7741337554213
2025-07-22 01:00:00,SubtleStation,27.08893475708213,42.90382178862863,1009.7549681668459,0,27.08893475708213,42.90382178862863,1009.7549681668459
2025-07-22 02:00:00,SubtleStation,26.99314243763866,40.309810369295754,1010.8494825389791,0,26.99314243763866,40.309810369295754,1010.8494825389791
2025-07-22 03:00:00,SubtleStation,27.106354688019685,41.52703280699219,1010.6744155061517,0,27.106354688019685,41.52703280699219,1010.6744155061517
2025-07-22 04:00:00,SubtleStation,26.746566172736614,39.82150276454316,1009.9342912827009,0,26.746566172736614,39.82150276454316,1009.9342912827009
2025-07-22 05:00:00,SubtleStation,26.743897418155818,41.479349514390016,1010.1396935862332,0,26.743897418155818,41.479349514390016,1010.1396935862332
2025-07-22 06:00:00,SubtleStation,26.439906390102806,39.28662602721427,1010.1530537027553,0,26.439906390102806,39.28662602721427,1010.1530537027553
2025-07-22 07:00:00,SubtleStation,26.289704413347142,41.56718013899608,1010.6385762075809,0,26.289704413347142,41.56718013899608,1010.6385762075809
2025-07-22 08:00:00,SubtleStation,26.27557347277015,39.364898519842335,1009.7475337149638,0,26.27557347277015,39.364898519842335,1009.7475337149638
2025-07-22 09:00:00,SubtleStation,26.033301307085768,41.47728720436848,1010.1660792939567,0,26.033301307085768,41.47728720436848,1010.1660792939567
2025-07-22 10:00:00,SubtleStation,26.27522823319781,39.29243753213008,1010.1649476667725,0,26.27522823319781,39.29243753213008,1010.1649476667725
2025-07-22 11:00:00,SubtleStation,25.78660616576223,41.096282725735044,1010.198779616595,0,25.78660616576223,41.096282725735044,1010.198779616595
2025-07-22 12:00:00,SubtleStation,26.006880792081386,40.11355109251873,1010.0826585390494,0,26.006880792081386,40.11355109251873,1010.0826585390494
2025-07-22 13:00:00,SubtleStation,26.163142438128105,39.42075652975709,1009.8946744657278,0,26.163142438128105,39.42075652975709,1009.8946744657278
2025-07-22 14:00:00,SubtleStation,25.6348378717498,40.790265884682434,1009.7898183142122,0,25.6348378717498,40.790265884682434,1009.7898183142122
2025-07-22 15:00:00,SubtleStation,25.807347427544066,39.493641700691235,1010.1157583364401,0,25.807347427544066,39.493641700691235,1010.1157583364401
2025-07-22 16:00:00,SubtleStation,25.52632598585523,40.16387243682228,1010.0219385447434,0,25.52632598585523,40.16387243682228,1010.0219385447434
2025-07-22 17:00:00,SubtleStation,25.369337624342172,40.561717562767214,1009.5879952979682,0,25.369337624342172,40.561717562767214,1009.5879952979682
2025-07-22 18:00:00,SubtleStation,25.420656509995215,38.10611632108635,1010.1375818288718,0,25.420656509995215,38.10611632108635,1010.1375818288718
2025-07-22 19:00:00,SubtleStation,25.28709156340529,41.78025616174464,1010.7631797622054,0,25.28709156340529,41.78025616174464,1010.7631797622054
2025-07-22 20:00:00,SubtleStation,25.154528319117095,41.22256617754709,1009.4121104195624,0,25.154528319117095,41.22256617754709,1009.4121104195624
2025-07-22 21:00:00,SubtleStation,24.95819302236757,38.37263647008791,1008.88752868451,0,24.95819302236757,38.37263647008791,1008.88752868451
2025-07-22 22:00:00,SubtleStation,24.71582743263659,40.19991838524717,1009.8118854984283,0,24.71582743263659,40.19991838524717,1009.8118854984283
2025-07-22 23:00:00,SubtleStation,25.08715013721887,40.32316726510777,1010.1426206427299,0,25.08715013721887,40.32316726510777,1010.1426206427299
2025-07-23 00:00:00,SubtleStation,24.7113481085111,41.29439514167397,1010.9607664278032,0,24.7113481085111,41.29439514167397,1010.9607664278032
2025-07-23 01:00:00,SubtleStation,24.722368331135776,39.7128608471805,1009.0774309982595,0,24.722368331135776,39.7128608471805,1009.0774309982595
2025-07-23 02:00:00,SubtleStation,24.880841521648406,41.30195562404038,1010.1537592277558,0,24.880841521648406,41.30195562404038,1010.1537592277558
2025-07-23 03:00:00,SubtleStation,24.555403754451458,42.53023193920956,1010.6322093953203,0,24.555403754451458,42.53023193920956,1010.6322093953203
2025-07-23 04:00:00,SubtleStation,24.047787864412417,40.047786142950635,1011.3826053805874,0,24.047787864412417,40.047786142950635,1011.3826053805874
2025-07-23 05:00:00,SubtleStation,23.93585638476486,40.11279981663809,1010.3863142327252,0,23.93585638476486,40.11279981663809,1010.3863142327252
2025-07-23 06:00:00,SubtleStation,24.462028258172747,40.24036473846374,1010.1334602808896,0,24.462028258172747,40.24036473846374,1010.1334602808896
2025-07-23 07:00:00,SubtleStation,23.627180744400516,39.65893407430456,1010.7103016948355,0,23.627180744400516,39.65893407430456,1010.7103016948355
2025-07-23 08:00:00,SubtleStation,23.717846580382286,38.88730481460216,1010.855114044108,0,23.717846580382286,38.88730481460216,1010.855114044108
2025-07-23 09:00:00,SubtleStation,23.901578022254295,40.66837285196999,1010.0158221232006,0,23.901578022254295,40.66837285196999,1010.0158221232006
2025-07-23 10:00:00,SubtleStation,23.729260353006158,41.80364580502147,1009.9415586823688,0,23.729260353006158,41.80364580502147,1009.9415586823688
2025-07-23 11:00:00,SubtleStation,23.2794196221281,42.44816812786427,1010.1697956895975,0,23.2794196221281,42.44816812786427,1010.1697956895975
2025-07-23 12:00:00,SubtleStation,23.4991523173816,42.01860501251767,1010.7505395804842,0,23.4991523173816,42.01860501251767,1010.7505395804842
2025-07-23 13:00:00,SubtleStation,23.784597248003358,40.96642522006427,1010.4932816103161,0,23.784597248003358,40.96642522006427,1010.4932816103161
2025-07-23 14:00:00,SubtleStation,23.11120530343895,40.381248886715994,1010.5519994795523,0,23.11120530343895,40.381248886715994,1010.5519994795523
2025-07-23 15:00:00,SubtleStation,22.881112567244937,42.58324010113633,1009.8757458980899,0,22.881112567244937,42.58324010113633,1009.8757458980899
2025-07-23 16:00:00,SubtleStation,22.969681953008145,42.30300785414506,1010.097329577915,0,22.969681953008145,42.30300785414506,1010.097329577915
2025-07-23 17:00:00,SubtleStation,23.031565149814938,41.02715616904817,1010.4264616690498,0,23.031565149814938,41.02715616904817,1010.4264616690498
2025-07-23 18:00:00,SubtleStation,22.834357969720532,42.195082448767785,1010.2714652352573,0,22.834357969720532,42.195082448767785,1010.2714652352573
2025-07-23 19:00:00,SubtleStation,23.03045311569821,41.438603365756606,1010.0181799237794,0,23.03045311569821,41.438603365756606,1010.0181799237794
2025-07-23 20:00:00,SubtleStation,22.969639832891566,41.48323973616502,1009.286537357326,0,22.969639832891566,41.48323973616502,1009.286537357326
2025-07-23 21:00:00,SubtleStation,22.92146329959055,41.528864494886655,1010.1474584669859,0,22.92146329959055,41.528864494886655,1010.1474584669859
2025-07-23 22:00:00,SubtleStation,22.75033940908813,42.95003150926007,1010.3930990566791,0,22.75033940908813,42.95003150926007,1010.3930990566791
2025-07-23 23:00:00,SubtleStation,22.42542389737281,43.51341494395155,1010.4588271471479,0,22.42542389737281,43.51341494395155,1010.4588271471479
2025-07-24 00:00:00,SubtleStation,22.278941880870136,42.56117893723141,1010.6006769139201,0,22.278941880870136,42.56117893723141,1010.6006769139201
2025-07-24 01:00:00,SubtleStation,22.31309997289647,43.13760703570141,1009.3113854234839,0,22.31309997289647,43.13760703570141,1009.3113854234839
2025-07-24 02:00:00,SubtleStation,22.425539056284634,42.93820225622415,1010.1029712277109,0,22.425539056284634,42.93820225622415,1010.1029712277109
2025-07-24 03:00:00,SubtleStation,21.962163818229804,42.78774071055167,1010.7245897838941,0,21.962163818229804,42.78774071055167,1010.7245897838941
2025-07-24 04:00:00,SubtleStation,22.119032849490456,43.17372677202528,1010.2749183283955,0,22.119032849490456,43.17372677202528,1010.2749183283955
2025-07-24 05:00:00,SubtleStation,22.18077607144715,41.92341529652507,1010.1191625041325,0,22.18077607144715,41.92341529652507,1010.1191625041325
2025-07-24 06:00:00,SubtleStation,22.123543640806048,43.44467778100671,1009.9103878106299,0,22.123543640806048,43.44467778100671,1009.9103878106299
2025-07-24 07:00:00,SubtleStation,21.944025458865283,45.79544073834002,1009.929026526704,0,21.944025458865283,45.79544073834002,1009.929026526704
2025-07-24 08:00:00,SubtleStation,21.52473902800193,44.38758274210053,1010.4592781886013,0,21.52473902800193,44.38758274210053,1010.4592781886013
2025-07-24 09:00:00,SubtleStation,21.619005627195875,46.83410227528669,1010.2986005317412,0,21.619005627195875,46.83410227528669,1010.2986005317412
2025-07-24 10:00:00,SubtleStation,21.57447683464009,45.4696438326905,1010.0310567589054,0,21.57447683464009,45.4696438326905,1010.0310567589054
2025-07-24 11:00:00,SubtleStation,21.142295167316092,45.38154330146494,1010.5609846885777,0,21.142295167316092,45.38154330146494,1010.5609846885777
2025-07-24 12:00:00,SubtleStation,21.269830655776005,45.864412393833135,1010.5144710620075,0,21.269830655776005,45.864412393833135,1010.5144710620075
2025-07-24 13:00:00,SubtleStation,21.66299764923546,45.23786605336603,1010.1980520677794,0,21.66299764923546,45.23786605336603,1010.1980520677794
2025-07-24 14:00:00,SubtleStation,21.220857718983623,46.935708679368766,1010.1040143039323,0,21.220857718983623,46.935708679368766,1010.1040143039323
2025-07-24 15:00:00,SubtleStation,20.946430929039444,44.39911464393273,1009.0433667427899,0,20.946430929039444,44.39911464393273,1009.0433667427899
2025-07-24 16:00:00,SubtleStation,21.275547932849474,48.94789440598174,1010.2048466807576,0,21.275547932849474,48.94789440598174,1010.2048466807576
2025-07-24 17:00:00,SubtleStation,21.35089044178875,47.36027266218069,1010.064274024776,0,21.35089044178875,47.36027266218069,1010.064274024776
2025-07-24 18:00:00,SubtleStation,20.70031049365356,46.64843574402698,1010.1134060228309,0,20.70031049365356,46.64843574402698,1010.1134060228309
2025-07-24 19:00:00,SubtleStation,20.955314556509805,48.274920964602316,1009.9768193111953,0,20.955314556509805,48.274920964602316,1009.9768193111953
2025-07-24 20:00:00,SubtleStation,20.756785280286476,48.33744938806675,1010.2045199604272,0,20.756785280286476,48.33744938806675,1010.2045199604272
2025-07-24 21:00:00,SubtleStation,20.71310609569062,48.80509907981598,1010.0749574518704,0,20.71310609569062,48.80509907981598,1010.0749574518704
2025-07-24 22:00:00,SubtleStation,20.62402804336397,48.61741962097737,1010.1212566548566,0,20.62402804336397,48.61741962097737,1010.1212566548566
2025-07-24 23:00:00,SubtleStation,20.81347168785872,49.78601523090404,1010.1762991367664,0,20.81347168785872,49.78601523090404,1010.1762991367664
2025-07-25 00:00:00,SubtleStation,20.694727591442707,49.88553997139029,1009.7805441057994,0,20.694727591442707,49.88553997139029,1009.7805441057994
2025-07-25 01:00:00,SubtleStation,20.940140882625776,49.746228052303465,1009.9938393442958,0,20.940140882625776,49.746228052303465,1009.9938393442958
2025-07-25 02:00:00,SubtleStation,20.40397298161372,51.77903269315039,1010.0258182066846,0,20.40397298161372,51.77903269315039,1010.0258182066846
2025-07-25 03:00:00,SubtleStation,20.86757408723355,49.785229596269176,1009.3775986326103,0,20.86757408723355,49.785229596269176,1009.3775986326103
2025-07-25 04:00:00,SubtleStation,20.52665588951883,50.68842992593607,1010.2871385567764,0,20.52665588951883,50.68842992593607,1010.2871385567764
2025-07-25 05:00:00,SubtleStation,20.498999700768284,55.04208347057099,1009.7727937700786,0,20.498999700768284,55.04208347057099,1009.7727937700786
2025-07-25 06:00:00,SubtleStation,20.27237269512612,53.25959336990768,1010.3861109550957,0,20.27237269512612,53.25959336990768,1010.3861109550957
2025-07-25 07:00:00,SubtleStation,20.48087557820601,51.668764696479606,1010.5504954665305,0,20.48087557820601,51.668764696479606,1010.5504954665305
2025-07-25 08:00:00,SubtleStation,20.63456879069525,51.566599339254275,1009.7771115390034,0,20.63456879069525,51.566599339254275,1009.7771115390034
2025-07-25 09:00:00,SubtleStation,20.144413920271685,52.7731198649179,1009.5940410892201,0,20.144413920271685,52.7731198649179,1009.5940410892201
2025-07-25 10:00:00,SubtleStation,20.5126127974473,53.294967241108516,1010.9539366291389,0,20.5126127974473,53.294967241108516,1010.9539366291389
2025-07-25 11:00:00,SubtleStation,20.116945621138065,54.53387253306761,1010.1132176574889,0,20.116945621138065,54.53387253306761,1010.1132176574889
2025-07-25 12:00:00,SubtleStation,20.13230699439527,53.35007346574539,1010.03608244178,0,20.13230699439527,53.35007346574539,1010.03608244178
2025-07-25 13:00:00,SubtleStation,20.24793508993017,53.72279095663949,1010.478184337724,0,20.24793508993017,53.72279095663949,1010.478184337724
2025-07-25 14:00:00,SubtleStation,20.16105170267261,53.84318570895674,1009.5338186561559,0,20.16105170267261,53.84318570895674,1009.5338186561559
2025-07-25 15:00:00,SubtleStation,20.12337969329857,54.03362579742314,1010.0026352397614,0,20.12337969329857,54.03362579742314,1010.0026352397614
2025-07-25 16:00:00,SubtleStation,20.1181454626203,56.02346599507779,1009.766389801071,0,20.1181454626203,56.02346599507779,1009.766389801071
2025-07-25 17:00:00,SubtleStation,20.50550586774684,54.55466741472656,1009.9566910225177,0,20.50550586774684,54.55466741472656,1009.9566910225177
2025-07-25 18:00:00,SubtleStation,20.112814145232104,56.30387131118547,1010.2773528930294,0,20.112814145232104,56.30387131118547,1010.2773528930294
2025-07-25 19:00:00,SubtleStation,19.846280482494414,55.21891698593501,1009.8343662976233,0,19.846280482494414,55.21891698593501,1009.8343662976233
2025-07-25 20:00:00,SubtleStation,19.805190401063662,58.26061917574754,1009.8748557854472,0,19.805190401063662,58.26061917574754,1009.8748557854472
2025-07-25 21:00:00,SubtleStation,19.977717092652153,55.28990847151547,1010.05618486515,0,19.977717092652153,55.28990847151547,1010.05618486515
2025-07-25 22:00:00,SubtleStation,20.40454859459102,57.846031827083856,1010.6715113600416,0,20.40454859459102,57.846031827083856,1010.6715113600416
2025-07-25 23:00:00,SubtleStation,20.530403242800052,57.97718074193607,1010.4584600326224,0,20.530403242800052,57.97718074193607,1010.4584600326224
2025-07-26 00:00:00,SubtleStation,20.19934785762364,57.780364097857415,1010.441222118432,0,20.19934785762364,57.780364097857415,1010.441222118432
2025-07-26 01:00:00,SubtleStation,19.759489666788006,60.5560547442992,1010.3567227765251,0,19.759489666788006,60.5560547442992,1010.3567227765251
2025-07-26 02:00:00,SubtleStation,19.816009302108142,58.304703883572614,1010.2283783909644,0,19.816009302108142,58.304703883572614,1010.2283783909644
2025-07-26 03:00:00,SubtleStation,19.762603262077835,60.0712761904718,1009.1129293321533,0,19.762603262077835,60.0712761904718,1009.1129293321533
2025-07-26 04:00:00,SubtleStation,19.818555009106422,59.840031693160654,1010.2874346420282,0,19.818555009106422,59.840031693160654,1010.2874346420282
2025-07-26 05:00:00,SubtleStation,19.52503364776357,62.35917363677127,1010.5023162945654,0,19.52503364776357,62.35917363677127,1010.5023162945654
2025-07-26 06:00:00,SubtleStation,20.122278036997027,60.72987548582488,1010.2899766482489,0,20.122278036997027,60.72987548582488,1010.2899766482489
2025-07-26 07:00:00,SubtleStation,19.89223184145709,61.94859549674298,1009.7464620176937,0,19.89223184145709,61.94859549674298,1009.7464620176937
2025-07-26 08:00:00,SubtleStation,20.39741886480982,62.485393765846545,1010.4928392200037,0,20.39741886480982,62.485393765846545,1010.4928392200037
2025-07-26 09:00:00,SubtleStation,20.11818448971044,63.67344583429992,1009.3765014192891,0,20.11818448971044,63.67344583429992,1009.3765014192891
2025-07-26 10:00:00,SubtleStation,20.19399639255497,62.088407265369995,1010.1896868783963,0,20.19399639255497,62.088407265369995,1010.1896868783963
2025-07-26 11:00:00,SubtleStation,19.702604542892182,63.11380007076647,1010.5274341657794,0,19.702604542892182,63.11380007076647,1010.5274341657794
2025-07-26 12:00:00,SubtleStation,19.98020352657133,63.8638543854271,1010.1151945053019,0,19.98020352657133,63.8638543854271,1010.1151945053019
2025-07-26 13:00:00,SubtleStation,19.855946726293897,63.20637585791279,1009.9579696378005,0,19.855946726293897,63.20637585791279,1009.9579696378005
2025-07-26 14:00:00,SubtleStation,19.79155759561238,65.79555159232932,1009.6253762187163,0,19.79155759561238,65.79555159232932,1009.6253762187163
2025-07-26 15:00:00,SubtleStation,20.25901936307844,64.41200011248796,1010.2047116708864,0,20.25901936307844,64.41200011248796,1010.2047116708864
2025-07-26 16:00:00,SubtleStation,20.18046253346757,65.93294761138927,1010.8335195447696,0,20.18046253346757,65.93294761138927,1010.8335195447696
2025-07-26 17:00:00,SubtleStation,19.884734345679036,65.16608473820551,1009.6295454065471,0,19.884734345679036,65.16608473820551,1009.6295454065471
2025-07-26 18:00:00,SubtleStation,20.484891290088893,64.6110337434675,1010.5251714289159,0,20.484891290088893,64.6110337434675,1010.5251714289159
2025-07-26 19:00:00,SubtleStation,20.37670258332393,66.18358467530572,1009.3262336610368,0,20.37670258332393,66.18358467530572,1009.3262336610368
2025-07-26 20:00:00,SubtleStation,20.15758009149669,66.06813872651794,1010.9318274972742,0,20.15758009149669,66.06813872651794,1010.9318274972742
2025-07-26 21:00:00,SubtleStation,20.431264139094868,67.1570585738491,1010.6091013609667,0,20.431264139094868,67.1570585738491,1010.6091013609667
2025-07-26 22:00:00,SubtleStation,20.388204296229134,67.29812669507265,1010.0169236178035,0,20.388204296229134,67.29812669507265,1010.0169236178035
2025-07-26 23:00:00,SubtleStation,20.271704584086415,68.52806556510687,1009.7267614769271,0,20.271704584086415,68.52806556510687,1009.7267614769271
2025-07-27 00:00:00,SubtleStation,20.288259609341175,67.5138771070387,1010.3640966578305,0,20.288259609341175,67.5138771070387,1010.3640966578305
2025-07-27 01:00:00,SubtleStation,20.617038301890542,69.36169912419216,1009.6925628914024,0,20.617038301890542,69.36169912419216,1009.6925628914024
2025-07-27 02:00:00,SubtleStation,20.583799499367146,68.28831939399421,1008.953680006948,0,20.583799499367146,68.28831939399421,1008.953680006948
2025-07-27 03:00:00,SubtleStation,20.26397398553783,69.31669612700054,1009.8961783060047,0,20.26397398553783,69.31669612700054,1009.8961783060047
2025-07-27 04:00:00,SubtleStation,20.76430500051364,69.48249697149313,1009.3644123516867,0,20.76430500051364,69.48249697149313,1009.3644123516867
2025-07-27 05:00:00,SubtleStation,20.4083039837126,69.51446941847307,1009.1615741810896,0,20.4083039837126,69.51446941847307,1009.1615741810896
2025-07-27 06:00:00,SubtleStation,20.603171309300652,70.76820355745079,1009.2835110981656,0,20.603171309300652,70.76820355745079,1009.2835110981656
2025-07-27 07:00:00,SubtleStation,20.93158730218786,71.32266975132907,1010.1288815267013,0,20.93158730218786,71.32266975132907,1010.1288815267013
2025-07-27 08:00:00,SubtleStation,20.785355333417296,72.35348014032861,1010.2833354074736,0,20.785355333417296,72.35348014032861,1010.2833354074736
2025-07-27 09:00:00,SubtleStation,21.051558275291757,69.86921382966082,1009.3197672991804,0,21.051558275291757,69.86921382966082,1009.3197672991804
2025-07-27 10:00:00,SubtleStation,21.312400450572092,74.4427889383484,1009.8215563692071,0,21.312400450572092,74.4427889383484,1009.8215563692071
2025-07-27 11:00:00,SubtleStation,20.84399124803475,72.73333225840048,1010.5154922154311,0,20.84399124803475,72.73333225840048,1010.5154922154311
2025-07-27 12:00:00,SubtleStation,21.172374413011724,72.55194237733218,1010.3421515638522,0,21.172374413011724,72.55194237733218,1010.3421515638522
2025-07-27 13:00:00,SubtleStation,21.286251817995225,73.22442633373586,1009.7607237407992,0,21.286251817995225,73.22442633373586,1009.7607237407992
2025-07-27 14:00:00,SubtleStation,21.425112329391965,73.44858402400253,1009.1205281694472,0,21.425112329391965,73.44858402400253,1009.1205281694472
2025-07-27 15:00:00,SubtleStation,21.267096452567973,74.66310522279852,1010.661751169604,0,21.267096452567973,74.66310522279852,1010.661751169604
2025-07-27 16:00:00,SubtleStation,21.127672922259414,73.08231086011989,1009.3304704439661,0,21.127672922259414,73.08231086011989,1009.3304704439661
2025-07-27 17:00:00,SubtleStation,21.06835412042189,72.10761479313133,1009.8164701721034,0,21.06835412042189,72.10761479313133,1009.8164701721034
2025-07-27 18:00:00,SubtleStation,21.5922472231272,72.71167153332216,1008.9223997295654,0,21.5922472231272,72.71167153332216,1008.9223997295654
2025-07-27 19:00:00,SubtleStation,21.71973240849183,74.23147956792259,1009.4313738689063,0,21.71973240849183,74.23147956792259,1009.4313738689063
2025-07-27 20:00:00,SubtleStation,21.786354953564494,75.15910108260772,1009.9066562605248,0,21.786354953564494,75.15910108260772,1009.9066562605248
2025-07-27 21:00:00,SubtleStation,21.794366844760017,74.35237140877673,1010.1444836044069,0,21.794366844760017,74.35237140877673,1010.1444836044069
2025-07-27 22:00:00,SubtleStation,21.52890619651625,74.09344162498267,1011.0162570474806,0,21.52890619651625,74.09344162498267,1011.0162570474806
2025-07-27 23:00:00,SubtleStation,22.004241021863688,74.1271423736901,1010.5388899398735,0,22.004241021863688,74.1271423736901,1010.5388899398735
2025-07-28 00:00:00,SubtleStation,21.50914350875809,76.7353487482376,1010.2127158329014,0,21.50914350875809,76.7353487482376,1010.2127158329014
2025-07-28 01:00:00,SubtleStation,22.12582270405213,77.82063132119366,1009.3869608651164,0,22.12582270405213,77.82063132119366,1009.3869608651164
2025-07-28 02:00:00,SubtleStation,21.838710592497513,76.79810863108695,1009.0896022769923,0,21.838710592497513,76.79810863108695,1009.0896022769923
2025-07-28 03:00:00,SubtleStation,21.9071899488512,75.7837961772895,1010.6904754808966,0,21.9071899488512,75.7837961772895,1010.6904754808966
2025-07-28 04:00:00,SubtleStation,21.930409839260737,75.2100035217949,1011.301310333312,0,21.930409839260737,75.2100035217949,1011.301310333312
2025-07-28 05:00:00,SubtleStation,21.925802507634135,76.35524478444611,1009.0853267912909,0,21.925802507634135,76.35524478444611,1009.0853267912909
2025-07-28 06:00:00,SubtleStation,22.565199399466913,77.62231800759503,1010.4870895480115,0,22.565199399466913,77.62231800759503,1010.4870895480115
2025-07-28 07:00:00,SubtleStation,22.197403840509356,78.21699030850688,1009.653336747669,0,22.197403840509356,78.21699030850688,1009.653336747669
