timestamp,temperature_c,relative_humidity_pct,surface_pressure_hpa,station,latitude,longitude
2023-01-01T00:00,16.3,74,915.7,Bengaluru,12.9716,77.5946
2023-01-01T01:00,16.2,75,915,Bengaluru,12.9716,77.5946
2023-01-01T02:00,15.7,80,914.2,Bengaluru,12.9716,77.5946
2023-01-01T03:00,15.4,84,913.8,Bengaluru,12.9716,77.5946
2023-01-01T04:00,14.9,89,913.8,Bengaluru,12.9716,77.5946
2023-01-01T05:00,15,94,914.4,Bengaluru,12.9716,77.5946
2023-01-01T06:00,15,95,915.1,Bengaluru,12.9716,77.5946
2023-01-01T07:00,16.4,91,916.4,Bengaluru,12.9716,77.5946
2023-01-01T08:00,19.8,77,918.1,Bengaluru,12.9716,77.5946
2023-01-01T09:00,22.9,57,919.4,Bengaluru,12.9716,77.5946
2023-01-01T10:00,24.7,46,919.4,Bengaluru,12.9716,77.5946
2023-01-01T11:00,26,41,919.1,Bengaluru,12.9716,77.5946
2023-01-01T12:00,26.9,38,918.1,Bengaluru,12.9716,77.5946
2023-01-01T13:00,27.3,38,917,Bengaluru,12.9716,77.5946
2023-01-01T14:00,27.5,38,915.8,Bengaluru,12.9716,77.5946
2023-01-01T15:00,27.3,39,915.1,Bengaluru,12.9716,77.5946
2023-01-01T16:00,26.6,41,915,Bengaluru,12.9716,77.5946
2023-01-01T17:00,25.1,43,915.4,Bengaluru,12.9716,77.5946
2023-01-01T18:00,22.5,51,915.3,Bengaluru,12.9716,77.5946
2023-01-01T19:00,21.3,55,916,Bengaluru,12.9716,77.5946
2023-01-01T20:00,19.9,59,916.5,Bengaluru,12.9716,77.5946
2023-01-01T21:00,19,64,916.6,Bengaluru,12.9716,77.5946
2023-01-01T22:00,18.5,67,916.7,Bengaluru,12.9716,77.5946
2023-01-01T23:00,18.1,69,916.2,Bengaluru,12.9716,77.5946
2023-01-02T00:00,17.7,73,915.7,Bengaluru,12.9716,77.5946
2023-01-02T01:00,17.2,80,915,Bengaluru,12.9716,77.5946
2023-01-02T02:00,16.6,86,914.1,Bengaluru,12.9716,77.5946
2023-01-02T03:00,16,91,913.8,Bengaluru,12.9716,77.5946
2023-01-02T04:00,15.6,93,913.6,Bengaluru,12.9716,77.5946
2023-01-02T05:00,15.6,96,914.4,Bengaluru,12.9716,77.5946
2023-01-02T06:00,15.5,95,914.9,Bengaluru,12.9716,77.5946
2023-01-02T07:00,16.6,89,915.9,Bengaluru,12.9716,77.5946
2023-01-02T08:00,19.4,73,917.6,Bengaluru,12.9716,77.5946
2023-01-02T09:00,22,54,918.5,Bengaluru,12.9716,77.5946
2023-01-02T10:00,24.1,42,918.8,Bengaluru,12.9716,77.5946
2023-01-02T11:00,25.3,37,918.2,Bengaluru,12.9716,77.5946
2023-01-02T12:00,26.2,35,917.4,Bengaluru,12.9716,77.5946
2023-01-02T13:00,26.7,34,916.5,Bengaluru,12.9716,77.5946
2023-01-02T14:00,26.7,35,915.6,Bengaluru,12.9716,77.5946
2023-01-02T15:00,26.2,36,915.1,Bengaluru,12.9716,77.5946
2023-01-02T16:00,25.4,39,915,Bengaluru,12.9716,77.5946
2023-01-02T17:00,24,45,915.2,Bengaluru,12.9716,77.5946
2023-01-02T18:00,21.8,52,915.6,Bengaluru,12.9716,77.5946
2023-01-02T19:00,20.8,57,916.2,Bengaluru,12.9716,77.5946
2023-01-02T20:00,19.9,65,916.8,Bengaluru,12.9716,77.5946
2023-01-02T21:00,18.9,72,917.1,Bengaluru,12.9716,77.5946
2023-01-02T22:00,18,78,917.2,Bengaluru,12.9716,77.5946
2023-01-02T23:00,17.3,84,916.7,Bengaluru,12.9716,77.5946
2023-01-03T00:00,16.6,89,916.2,Bengaluru,12.9716,77.5946
2023-01-03T01:00,16,93,915.8,Bengaluru,12.9716,77.5946
2023-01-03T02:00,15.5,95,915.1,Bengaluru,12.9716,77.5946
2023-01-03T03:00,15.1,97,914.5,Bengaluru,12.9716,77.5946
2023-01-03T04:00,14.9,97,914.4,Bengaluru,12.9716,77.5946
2023-01-03T05:00,15.1,98,914.7,Bengaluru,12.9716,77.5946
2023-01-03T06:00,15.2,99,915.2,Bengaluru,12.9716,77.5946
2023-01-03T07:00,16,99,916.3,Bengaluru,12.9716,77.5946
2023-01-03T08:00,17.9,92,917.9,Bengaluru,12.9716,77.5946
2023-01-03T09:00,20.8,70,918.9,Bengaluru,12.9716,77.5946
2023-01-03T10:00,23.3,49,919.1,Bengaluru,12.9716,77.5946
2023-01-03T11:00,24.6,46,918.5,Bengaluru,12.9716,77.5946
2023-01-03T12:00,25.7,41,917.5,Bengaluru,12.9716,77.5946
2023-01-03T13:00,26.3,39,916.4,Bengaluru,12.9716,77.5946
2023-01-03T14:00,26.5,39,915.3,Bengaluru,12.9716,77.5946
2023-01-03T15:00,26.4,38,914.9,Bengaluru,12.9716,77.5946
2023-01-03T16:00,25.5,40,914.9,Bengaluru,12.9716,77.5946
2023-01-03T17:00,24,41,915,Bengaluru,12.9716,77.5946
2023-01-03T18:00,21.6,50,915.2,Bengaluru,12.9716,77.5946
2023-01-03T19:00,20.2,58,915.5,Bengaluru,12.9716,77.5946
2023-01-03T20:00,19.6,63,916,Bengaluru,12.9716,77.5946
2023-01-03T21:00,19,69,916.6,Bengaluru,12.9716,77.5946
2023-01-03T22:00,17.7,84,916.6,Bengaluru,12.9716,77.5946
2023-01-03T23:00,16.8,94,916.2,Bengaluru,12.9716,77.5946
2023-01-04T00:00,16.6,97,915.9,Bengaluru,12.9716,77.5946
2023-01-04T01:00,16.5,98,915.6,Bengaluru,12.9716,77.5946
2023-01-04T02:00,16.7,99,915.1,Bengaluru,12.9716,77.5946
2023-01-04T03:00,16.8,98,914.9,Bengaluru,12.9716,77.5946
2023-01-04T04:00,16.8,95,914.9,Bengaluru,12.9716,77.5946
2023-01-04T05:00,16.1,97,914.8,Bengaluru,12.9716,77.5946
2023-01-04T06:00,16,99,915.2,Bengaluru,12.9716,77.5946
2023-01-04T07:00,16.9,91,916.1,Bengaluru,12.9716,77.5946
2023-01-04T08:00,18.7,79,917.2,Bengaluru,12.9716,77.5946
2023-01-04T09:00,21.3,61,918.1,Bengaluru,12.9716,77.5946
2023-01-04T10:00,23.2,48,918.1,Bengaluru,12.9716,77.5946
2023-01-04T11:00,24.7,41,917.5,Bengaluru,12.9716,77.5946
2023-01-04T12:00,25.7,38,916.4,Bengaluru,12.9716,77.5946
2023-01-04T13:00,26,40,915.4,Bengaluru,12.9716,77.5946
2023-01-04T14:00,26.1,40,914.2,Bengaluru,12.9716,77.5946
2023-01-04T15:00,26.4,37,913.9,Bengaluru,12.9716,77.5946
2023-01-04T16:00,25.8,38,913.8,Bengaluru,12.9716,77.5946
2023-01-04T17:00,24.1,44,913.6,Bengaluru,12.9716,77.5946
2023-01-04T18:00,21.7,55,913.7,Bengaluru,12.9716,77.5946
2023-01-04T19:00,20.6,63,914.5,Bengaluru,12.9716,77.5946
2023-01-04T20:00,19.8,68,914.9,Bengaluru,12.9716,77.5946
2023-01-04T21:00,18.6,82,915.3,Bengaluru,12.9716,77.5946
2023-01-04T22:00,17.4,93,915.4,Bengaluru,12.9716,77.5946
2023-01-04T23:00,17,97,915.3,Bengaluru,12.9716,77.5946
2023-01-05T00:00,17.3,97,915.1,Bengaluru,12.9716,77.5946
2023-01-05T01:00,17.8,91,914.8,Bengaluru,12.9716,77.5946
2023-01-05T02:00,17.2,93,913.9,Bengaluru,12.9716,77.5946
2023-01-05T03:00,17,93,913.5,Bengaluru,12.9716,77.5946
2023-01-05T04:00,17.4,89,913.5,Bengaluru,12.9716,77.5946
2023-01-05T05:00,16.1,96,913.8,Bengaluru,12.9716,77.5946
2023-01-05T06:00,15.8,97,914.5,Bengaluru,12.9716,77.5946
2023-01-05T07:00,16.4,95,915.3,Bengaluru,12.9716,77.5946
2023-01-05T08:00,18.4,80,916.9,Bengaluru,12.9716,77.5946
2023-01-05T09:00,21,63,918,Bengaluru,12.9716,77.5946
2023-01-05T10:00,22.7,57,918.2,Bengaluru,12.9716,77.5946
2023-01-05T11:00,22.8,56,917.5,Bengaluru,12.9716,77.5946
2023-01-05T12:00,24.3,51,916.8,Bengaluru,12.9716,77.5946
2023-01-05T13:00,24.5,51,915.9,Bengaluru,12.9716,77.5946
2023-01-05T14:00,25.1,48,915.1,Bengaluru,12.9716,77.5946
2023-01-05T15:00,24.4,52,914.7,Bengaluru,12.9716,77.5946
2023-01-05T16:00,23.6,55,914.7,Bengaluru,12.9716,77.5946
2023-01-05T17:00,23.1,56,915.1,Bengaluru,12.9716,77.5946
2023-01-05T18:00,21.4,65,915.5,Bengaluru,12.9716,77.5946
2023-01-05T19:00,20.4,73,916.4,Bengaluru,12.9716,77.5946
2023-01-05T20:00,19.7,76,917,Bengaluru,12.9716,77.5946
2023-01-05T21:00,19,80,917.1,Bengaluru,12.9716,77.5946
2023-01-05T22:00,18.2,86,917,Bengaluru,12.9716,77.5946
2023-01-05T23:00,17.3,91,916.7,Bengaluru,12.9716,77.5946
2023-01-06T00:00,16.8,94,915.9,Bengaluru,12.9716,77.5946
2023-01-06T01:00,16.3,95,915.1,Bengaluru,12.9716,77.5946
2023-01-06T02:00,15.9,96,914.4,Bengaluru,12.9716,77.5946
2023-01-06T03:00,15.5,96,914,Bengaluru,12.9716,77.5946
2023-01-06T04:00,15.2,94,913.9,Bengaluru,12.9716,77.5946
2023-01-06T05:00,15,96,914.7,Bengaluru,12.9716,77.5946
2023-01-06T06:00,15,98,915.6,Bengaluru,12.9716,77.5946
2023-01-06T07:00,15.3,98,916.6,Bengaluru,12.9716,77.5946
2023-01-06T08:00,16.8,88,918.1,Bengaluru,12.9716,77.5946
2023-01-06T09:00,19.8,71,919.2,Bengaluru,12.9716,77.5946
2023-01-06T10:00,22.6,51,919.4,Bengaluru,12.9716,77.5946
2023-01-06T11:00,24.5,44,919.2,Bengaluru,12.9716,77.5946
2023-01-06T12:00,25.7,40,918.3,Bengaluru,12.9716,77.5946
2023-01-06T13:00,26.1,43,917.2,Bengaluru,12.9716,77.5946
2023-01-06T14:00,26.8,39,916.3,Bengaluru,12.9716,77.5946
2023-01-06T15:00,26.3,40,915.6,Bengaluru,12.9716,77.5946
2023-01-06T16:00,24.5,50,915.3,Bengaluru,12.9716,77.5946
2023-01-06T17:00,22.6,59,915.8,Bengaluru,12.9716,77.5946
2023-01-06T18:00,21.4,65,916,Bengaluru,12.9716,77.5946
2023-01-06T19:00,20.2,71,916.8,Bengaluru,12.9716,77.5946
2023-01-06T20:00,19.2,80,917.4,Bengaluru,12.9716,77.5946
2023-01-06T21:00,18.5,84,917.7,Bengaluru,12.9716,77.5946
2023-01-06T22:00,18,85,917.5,Bengaluru,12.9716,77.5946
2023-01-06T23:00,17.4,86,916.7,Bengaluru,12.9716,77.5946
2023-01-07T00:00,16.7,89,916,Bengaluru,12.9716,77.5946
2023-01-07T01:00,16.2,93,915.2,Bengaluru,12.9716,77.5946
2023-01-07T02:00,15.8,95,914.4,Bengaluru,12.9716,77.5946
2023-01-07T03:00,15.5,94,913.8,Bengaluru,12.9716,77.5946
2023-01-07T04:00,15.3,93,913.5,Bengaluru,12.9716,77.5946
2023-01-07T05:00,16.2,90,915,Bengaluru,12.9716,77.5946
2023-01-07T06:00,16,90,915.6,Bengaluru,12.9716,77.5946
2023-01-07T07:00,16.4,87,916.4,Bengaluru,12.9716,77.5946
2023-01-07T08:00,17.9,81,917.6,Bengaluru,12.9716,77.5946
2023-01-07T09:00,20.1,69,918.5,Bengaluru,12.9716,77.5946
2023-01-07T10:00,22.6,57,918.8,Bengaluru,12.9716,77.5946
2023-01-07T11:00,24.2,52,918.4,Bengaluru,12.9716,77.5946
2023-01-07T12:00,25.6,46,917.7,Bengaluru,12.9716,77.5946
2023-01-07T13:00,26.5,41,916.5,Bengaluru,12.9716,77.5946
2023-01-07T14:00,26.6,40,915.6,Bengaluru,12.9716,77.5946
2023-01-07T15:00,25,45,914.8,Bengaluru,12.9716,77.5946
2023-01-07T16:00,25.2,44,914.8,Bengaluru,12.9716,77.5946
2023-01-07T17:00,22.8,53,915.1,Bengaluru,12.9716,77.5946
2023-01-07T18:00,22,57,915.4,Bengaluru,12.9716,77.5946
2023-01-07T19:00,21.6,59,916.2,Bengaluru,12.9716,77.5946
2023-01-07T20:00,21.2,61,916.9,Bengaluru,12.9716,77.5946
2023-01-07T21:00,20.8,63,917.2,Bengaluru,12.9716,77.5946
2023-01-07T22:00,19.8,68,916.8,Bengaluru,12.9716,77.5946
2023-01-07T23:00,18.6,75,916.3,Bengaluru,12.9716,77.5946
2023-01-08T00:00,17,90,915.2,Bengaluru,12.9716,77.5946
2023-01-08T01:00,16.4,97,914.3,Bengaluru,12.9716,77.5946
2023-01-08T02:00,16.2,98,913.7,Bengaluru,12.9716,77.5946
2023-01-08T03:00,16,98,913.2,Bengaluru,12.9716,77.5946
2023-01-08T04:00,15.8,97,913.1,Bengaluru,12.9716,77.5946
2023-01-08T05:00,16.3,97,914.2,Bengaluru,12.9716,77.5946
2023-01-08T06:00,16,98,914.5,Bengaluru,12.9716,77.5946
2023-01-08T07:00,16.2,96,915,Bengaluru,12.9716,77.5946
2023-01-08T08:00,18.5,82,916.6,Bengaluru,12.9716,77.5946
2023-01-08T09:00,21,67,917.6,Bengaluru,12.9716,77.5946
2023-01-08T10:00,23,56,917.8,Bengaluru,12.9716,77.5946
2023-01-08T11:00,24.5,49,917.5,Bengaluru,12.9716,77.5946
2023-01-08T12:00,25.7,43,916.4,Bengaluru,12.9716,77.5946
2023-01-08T13:00,26.4,39,915.4,Bengaluru,12.9716,77.5946
2023-01-08T14:00,26.7,37,914.5,Bengaluru,12.9716,77.5946
2023-01-08T15:00,26.6,37,914.1,Bengaluru,12.9716,77.5946
2023-01-08T16:00,26.2,37,914,Bengaluru,12.9716,77.5946
2023-01-08T17:00,24.3,45,914.2,Bengaluru,12.9716,77.5946
2023-01-08T18:00,22.4,50,914.3,Bengaluru,12.9716,77.5946
2023-01-08T19:00,20.7,56,914.6,Bengaluru,12.9716,77.5946
2023-01-08T20:00,19.5,60,915.1,Bengaluru,12.9716,77.5946
2023-01-08T21:00,18.2,66,915.4,Bengaluru,12.9716,77.5946
2023-01-08T22:00,17.3,71,915.5,Bengaluru,12.9716,77.5946
2023-01-08T23:00,16.6,73,915,Bengaluru,12.9716,77.5946
2023-01-09T00:00,16,78,914.6,Bengaluru,12.9716,77.5946
2023-01-09T01:00,15.2,88,914.1,Bengaluru,12.9716,77.5946
2023-01-09T02:00,14.6,96,913.6,Bengaluru,12.9716,77.5946
2023-01-09T03:00,14.5,99,913.5,Bengaluru,12.9716,77.5946
2023-01-09T04:00,14.8,99,913.9,Bengaluru,12.9716,77.5946
2023-01-09T05:00,14.8,96,914.6,Bengaluru,12.9716,77.5946
2023-01-09T06:00,14.5,97,915.2,Bengaluru,12.9716,77.5946
2023-01-09T07:00,14.6,93,916.1,Bengaluru,12.9716,77.5946
2023-01-09T08:00,17,78,917.5,Bengaluru,12.9716,77.5946
2023-01-09T09:00,20,53,918.4,Bengaluru,12.9716,77.5946
2023-01-09T10:00,22.3,38,918.5,Bengaluru,12.9716,77.5946
2023-01-09T11:00,24.1,28,918.1,Bengaluru,12.9716,77.5946
2023-01-09T12:00,25.3,23,917.3,Bengaluru,12.9716,77.5946
2023-01-09T13:00,26,21,916.5,Bengaluru,12.9716,77.5946
2023-01-09T14:00,26.1,20,915.9,Bengaluru,12.9716,77.5946
2023-01-09T15:00,25.9,20,915.6,Bengaluru,12.9716,77.5946
2023-01-09T16:00,25.1,21,915.5,Bengaluru,12.9716,77.5946
2023-01-09T17:00,23.4,29,915.2,Bengaluru,12.9716,77.5946
2023-01-09T18:00,19.8,38,914.7,Bengaluru,12.9716,77.5946
2023-01-09T19:00,18.6,43,915.1,Bengaluru,12.9716,77.5946
2023-01-09T20:00,17.4,49,915.5,Bengaluru,12.9716,77.5946
2023-01-09T21:00,16.4,59,916,Bengaluru,12.9716,77.5946
2023-01-09T22:00,15.6,70,915.9,Bengaluru,12.9716,77.5946
2023-01-09T23:00,15.1,81,915.6,Bengaluru,12.9716,77.5946
2023-01-10T00:00,14.6,90,915.2,Bengaluru,12.9716,77.5946
2023-01-10T01:00,14.2,94,914.3,Bengaluru,12.9716,77.5946
2023-01-10T02:00,14,95,913.6,Bengaluru,12.9716,77.5946
2023-01-10T03:00,13.6,96,913.2,Bengaluru,12.9716,77.5946
2023-01-10T04:00,13.1,97,913,Bengaluru,12.9716,77.5946
2023-01-10T05:00,12.7,97,914,Bengaluru,12.9716,77.5946
2023-01-10T06:00,12.8,98,914.6,Bengaluru,12.9716,77.5946
2023-01-10T07:00,13.4,97,915.2,Bengaluru,12.9716,77.5946
2023-01-10T08:00,15.8,83,916.8,Bengaluru,12.9716,77.5946
2023-01-10T09:00,18.7,58,917.6,Bengaluru,12.9716,77.5946
2023-01-10T10:00,21.7,40,917.8,Bengaluru,12.9716,77.5946
2023-01-10T11:00,24.2,28,917.7,Bengaluru,12.9716,77.5946
2023-01-10T12:00,25.6,25,917,Bengaluru,12.9716,77.5946
2023-01-10T13:00,26.4,24,916.1,Bengaluru,12.9716,77.5946
2023-01-10T14:00,26.6,24,915.3,Bengaluru,12.9716,77.5946
2023-01-10T15:00,26.1,25,914.9,Bengaluru,12.9716,77.5946
2023-01-10T16:00,25.1,27,914.6,Bengaluru,12.9716,77.5946
2023-01-10T17:00,23.1,35,914.7,Bengaluru,12.9716,77.5946
2023-01-10T18:00,19.8,46,914.3,Bengaluru,12.9716,77.5946
2023-01-10T19:00,18.3,55,914.8,Bengaluru,12.9716,77.5946
2023-01-10T20:00,17.1,64,915.4,Bengaluru,12.9716,77.5946
2023-01-10T21:00,16.1,72,915.5,Bengaluru,12.9716,77.5946
2023-01-10T22:00,15.2,80,915.1,Bengaluru,12.9716,77.5946
2023-01-10T23:00,14.5,87,914.7,Bengaluru,12.9716,77.5946
2023-01-11T00:00,13.8,91,913.9,Bengaluru,12.9716,77.5946
2023-01-11T01:00,13.3,92,912.9,Bengaluru,12.9716,77.5946
2023-01-11T02:00,12.7,94,911.9,Bengaluru,12.9716,77.5946
2023-01-11T03:00,12.3,95,911.2,Bengaluru,12.9716,77.5946
2023-01-11T04:00,11.9,97,910.8,Bengaluru,12.9716,77.5946
2023-01-11T05:00,12.2,99,911.9,Bengaluru,12.9716,77.5946
2023-01-11T06:00,12.2,99,912.3,Bengaluru,12.9716,77.5946
2023-01-11T07:00,12.9,98,913.1,Bengaluru,12.9716,77.5946
2023-01-11T08:00,15.8,84,914.9,Bengaluru,12.9716,77.5946
2023-01-11T09:00,20,49,916.6,Bengaluru,12.9716,77.5946
2023-01-11T10:00,22.8,31,916.9,Bengaluru,12.9716,77.5946
2023-01-11T11:00,24.8,26,916.6,Bengaluru,12.9716,77.5946
2023-01-11T12:00,26.3,21,915.8,Bengaluru,12.9716,77.5946
2023-01-11T13:00,27,21,914.8,Bengaluru,12.9716,77.5946
2023-01-11T14:00,27.2,22,914,Bengaluru,12.9716,77.5946
2023-01-11T15:00,27,23,913.4,Bengaluru,12.9716,77.5946
2023-01-11T16:00,26.2,24,913.1,Bengaluru,12.9716,77.5946
2023-01-11T17:00,24.2,30,913,Bengaluru,12.9716,77.5946
2023-01-11T18:00,20.7,38,912.2,Bengaluru,12.9716,77.5946
2023-01-11T19:00,19.1,44,912.6,Bengaluru,12.9716,77.5946
2023-01-11T20:00,17.7,54,913.4,Bengaluru,12.9716,77.5946
2023-01-11T21:00,16.9,63,913.9,Bengaluru,12.9716,77.5946
2023-01-11T22:00,16.2,71,913.8,Bengaluru,12.9716,77.5946
2023-01-11T23:00,15.5,79,913.6,Bengaluru,12.9716,77.5946
2023-01-12T00:00,14.7,85,913,Bengaluru,12.9716,77.5946
2023-01-12T01:00,14,91,912.3,Bengaluru,12.9716,77.5946
2023-01-12T02:00,13.5,93,911.6,Bengaluru,12.9716,77.5946
2023-01-12T03:00,13,94,910.9,Bengaluru,12.9716,77.5946
2023-01-12T04:00,12.8,95,910.6,Bengaluru,12.9716,77.5946
2023-01-12T05:00,13,96,911.2,Bengaluru,12.9716,77.5946
2023-01-12T06:00,13.1,96,911.4,Bengaluru,12.9716,77.5946
2023-01-12T07:00,14.2,93,912.4,Bengaluru,12.9716,77.5946
2023-01-12T08:00,18,75,914.4,Bengaluru,12.9716,77.5946
2023-01-12T09:00,21.5,47,915.8,Bengaluru,12.9716,77.5946
2023-01-12T10:00,24.1,27,915.9,Bengaluru,12.9716,77.5946
2023-01-12T11:00,26,20,915.5,Bengaluru,12.9716,77.5946
2023-01-12T12:00,27.2,18,914.9,Bengaluru,12.9716,77.5946
2023-01-12T13:00,27.9,17,913.8,Bengaluru,12.9716,77.5946
2023-01-12T14:00,28.2,16,913,Bengaluru,12.9716,77.5946
2023-01-12T15:00,28,16,912.5,Bengaluru,12.9716,77.5946
2023-01-12T16:00,27.3,18,912.3,Bengaluru,12.9716,77.5946
2023-01-12T17:00,25.1,26,911.7,Bengaluru,12.9716,77.5946
2023-01-12T18:00,21.1,34,911.1,Bengaluru,12.9716,77.5946
2023-01-12T19:00,19.6,42,912.1,Bengaluru,12.9716,77.5946
2023-01-12T20:00,18.9,49,912.7,Bengaluru,12.9716,77.5946
2023-01-12T21:00,17.9,56,913.1,Bengaluru,12.9716,77.5946
2023-01-12T22:00,17.1,62,912.9,Bengaluru,12.9716,77.5946
2023-01-12T23:00,16.3,67,912.4,Bengaluru,12.9716,77.5946
2023-01-13T00:00,15.5,71,911.8,Bengaluru,12.9716,77.5946
2023-01-13T01:00,14.4,77,911.1,Bengaluru,12.9716,77.5946
2023-01-13T02:00,12.9,85,910.2,Bengaluru,12.9716,77.5946
2023-01-13T03:00,12.4,88,910,Bengaluru,12.9716,77.5946
2023-01-13T04:00,12.3,90,909.8,Bengaluru,12.9716,77.5946
2023-01-13T05:00,13,93,910.4,Bengaluru,12.9716,77.5946
2023-01-13T06:00,12.9,94,910.8,Bengaluru,12.9716,77.5946
2023-01-13T07:00,13.9,91,912.1,Bengaluru,12.9716,77.5946
2023-01-13T08:00,17.8,74,914.4,Bengaluru,12.9716,77.5946
2023-01-13T09:00,21.5,55,916.2,Bengaluru,12.9716,77.5946
2023-01-13T10:00,24.2,39,916.2,Bengaluru,12.9716,77.5946
2023-01-13T11:00,26.1,31,916,Bengaluru,12.9716,77.5946
2023-01-13T12:00,27.3,27,915,Bengaluru,12.9716,77.5946
2023-01-13T13:00,28.2,23,914.2,Bengaluru,12.9716,77.5946
2023-01-13T14:00,28.4,21,913.2,Bengaluru,12.9716,77.5946
2023-01-13T15:00,28.2,21,912.8,Bengaluru,12.9716,77.5946
2023-01-13T16:00,27.5,22,912.8,Bengaluru,12.9716,77.5946
2023-01-13T17:00,25.2,28,912.9,Bengaluru,12.9716,77.5946
2023-01-13T18:00,21.5,39,912.3,Bengaluru,12.9716,77.5946
2023-01-13T19:00,19.9,53,912.9,Bengaluru,12.9716,77.5946
2023-01-13T20:00,19.1,53,913.4,Bengaluru,12.9716,77.5946
2023-01-13T21:00,18.1,51,913.7,Bengaluru,12.9716,77.5946
2023-01-13T22:00,17,63,913.4,Bengaluru,12.9716,77.5946
2023-01-13T23:00,16.3,72,913.2,Bengaluru,12.9716,77.5946
2023-01-14T00:00,15.8,76,912.8,Bengaluru,12.9716,77.5946
2023-01-14T01:00,15.2,81,912.3,Bengaluru,12.9716,77.5946
2023-01-14T02:00,14.6,87,911.9,Bengaluru,12.9716,77.5946
2023-01-14T03:00,13.9,93,911.6,Bengaluru,12.9716,77.5946
2023-01-14T04:00,13.4,96,911.5,Bengaluru,12.9716,77.5946
2023-01-14T05:00,13.4,98,912.2,Bengaluru,12.9716,77.5946
2023-01-14T06:00,13.4,99,912.4,Bengaluru,12.9716,77.5946
2023-01-14T07:00,14.3,98,913.2,Bengaluru,12.9716,77.5946
2023-01-14T08:00,16.6,86,914.8,Bengaluru,12.9716,77.5946
2023-01-14T09:00,20,66,916,Bengaluru,12.9716,77.5946
2023-01-14T10:00,23.4,42,916.1,Bengaluru,12.9716,77.5946
2023-01-14T11:00,26,24,915.6,Bengaluru,12.9716,77.5946
2023-01-14T12:00,27.7,17,914.8,Bengaluru,12.9716,77.5946
2023-01-14T13:00,28.7,15,913.7,Bengaluru,12.9716,77.5946
2023-01-14T14:00,29,14,912.9,Bengaluru,12.9716,77.5946
2023-01-14T15:00,28.8,14,912.5,Bengaluru,12.9716,77.5946
2023-01-14T16:00,28,16,912.4,Bengaluru,12.9716,77.5946
2023-01-14T17:00,25.5,24,912.4,Bengaluru,12.9716,77.5946
2023-01-14T18:00,21.4,33,911.7,Bengaluru,12.9716,77.5946
2023-01-14T19:00,19.8,40,912.3,Bengaluru,12.9716,77.5946
2023-01-14T20:00,19,47,912.9,Bengaluru,12.9716,77.5946
2023-01-14T21:00,18.1,49,913.1,Bengaluru,12.9716,77.5946
2023-01-14T22:00,17,54,913.1,Bengaluru,12.9716,77.5946
2023-01-14T23:00,16.2,59,912.6,Bengaluru,12.9716,77.5946
2023-01-15T00:00,15.6,65,912.2,Bengaluru,12.9716,77.5946
2023-01-15T01:00,14.8,73,911.2,Bengaluru,12.9716,77.5946
2023-01-15T02:00,14,79,910.2,Bengaluru,12.9716,77.5946
2023-01-15T03:00,13.3,84,909.5,Bengaluru,12.9716,77.5946
2023-01-15T04:00,12.5,88,909.1,Bengaluru,12.9716,77.5946
2023-01-15T05:00,12.3,90,909.9,Bengaluru,12.9716,77.5946
2023-01-15T06:00,12,92,910.4,Bengaluru,12.9716,77.5946
2023-01-15T07:00,13.2,88,911.5,Bengaluru,12.9716,77.5946
2023-01-15T08:00,17.2,71,913.5,Bengaluru,12.9716,77.5946
2023-01-15T09:00,21.2,47,915.2,Bengaluru,12.9716,77.5946
2023-01-15T10:00,23.9,32,915.2,Bengaluru,12.9716,77.5946
2023-01-15T11:00,25.8,24,914.8,Bengaluru,12.9716,77.5946
2023-01-15T12:00,27.2,21,914,Bengaluru,12.9716,77.5946
2023-01-15T13:00,28.1,18,913.3,Bengaluru,12.9716,77.5946
2023-01-15T14:00,28.4,17,912.5,Bengaluru,12.9716,77.5946
2023-01-15T15:00,28.3,18,912,Bengaluru,12.9716,77.5946
2023-01-15T16:00,27.5,20,911.7,Bengaluru,12.9716,77.5946
2023-01-15T17:00,25.4,28,911.7,Bengaluru,12.9716,77.5946
2023-01-15T18:00,21.8,40,911.4,Bengaluru,12.9716,77.5946
2023-01-15T19:00,20.5,46,912.1,Bengaluru,12.9716,77.5946
2023-01-15T20:00,19.3,44,912.6,Bengaluru,12.9716,77.5946
2023-01-15T21:00,18.1,58,912.5,Bengaluru,12.9716,77.5946
2023-01-15T22:00,17.2,74,912.3,Bengaluru,12.9716,77.5946
2023-01-15T23:00,16.3,80,912.2,Bengaluru,12.9716,77.5946
2023-01-16T00:00,15.4,83,911.8,Bengaluru,12.9716,77.5946
2023-01-16T01:00,14.5,90,911.2,Bengaluru,12.9716,77.5946
2023-01-16T02:00,14,93,910.3,Bengaluru,12.9716,77.5946
2023-01-16T03:00,13.1,96,909.7,Bengaluru,12.9716,77.5946
2023-01-16T04:00,12.5,97,909.7,Bengaluru,12.9716,77.5946
2023-01-16T05:00,12.8,98,910.5,Bengaluru,12.9716,77.5946
2023-01-16T06:00,12.5,99,911.1,Bengaluru,12.9716,77.5946
2023-01-16T07:00,13.9,98,912.3,Bengaluru,12.9716,77.5946
2023-01-16T08:00,16.4,88,913.8,Bengaluru,12.9716,77.5946
2023-01-16T09:00,21.1,60,915.6,Bengaluru,12.9716,77.5946
2023-01-16T10:00,24.4,39,915.9,Bengaluru,12.9716,77.5946
2023-01-16T11:00,26.5,28,915.5,Bengaluru,12.9716,77.5946
2023-01-16T12:00,27.7,24,914.8,Bengaluru,12.9716,77.5946
2023-01-16T13:00,28.5,22,914,Bengaluru,12.9716,77.5946
2023-01-16T14:00,29,20,913,Bengaluru,12.9716,77.5946
2023-01-16T15:00,28.9,19,912.6,Bengaluru,12.9716,77.5946
2023-01-16T16:00,28.2,20,912.4,Bengaluru,12.9716,77.5946
2023-01-16T17:00,26.2,27,912.6,Bengaluru,12.9716,77.5946
2023-01-16T18:00,22.8,32,912.2,Bengaluru,12.9716,77.5946
2023-01-16T19:00,20.9,39,912.8,Bengaluru,12.9716,77.5946
2023-01-16T20:00,20.1,50,913.7,Bengaluru,12.9716,77.5946
2023-01-16T21:00,18.7,60,914,Bengaluru,12.9716,77.5946
2023-01-16T22:00,17.8,67,914,Bengaluru,12.9716,77.5946
2023-01-16T23:00,17.3,73,913.7,Bengaluru,12.9716,77.5946
2023-01-17T00:00,16.6,80,913.1,Bengaluru,12.9716,77.5946
2023-01-17T01:00,15.6,90,912.1,Bengaluru,12.9716,77.5946
2023-01-17T02:00,14.8,95,911.2,Bengaluru,12.9716,77.5946
2023-01-17T03:00,14.4,97,910.6,Bengaluru,12.9716,77.5946
2023-01-17T04:00,14.1,99,910.6,Bengaluru,12.9716,77.5946
2023-01-17T05:00,14.8,99,911.4,Bengaluru,12.9716,77.5946
2023-01-17T06:00,14.5,98,911.9,Bengaluru,12.9716,77.5946
2023-01-17T07:00,14.3,96,912.9,Bengaluru,12.9716,77.5946
2023-01-17T08:00,16.6,80,914.8,Bengaluru,12.9716,77.5946
2023-01-17T09:00,20,60,916.2,Bengaluru,12.9716,77.5946
2023-01-17T10:00,23.6,37,916.7,Bengaluru,12.9716,77.5946
2023-01-17T11:00,26.1,24,916.7,Bengaluru,12.9716,77.5946
2023-01-17T12:00,27.4,21,915.8,Bengaluru,12.9716,77.5946
2023-01-17T13:00,28.2,20,914.9,Bengaluru,12.9716,77.5946
2023-01-17T14:00,28.6,19,913.8,Bengaluru,12.9716,77.5946
2023-01-17T15:00,28.3,21,913.4,Bengaluru,12.9716,77.5946
2023-01-17T16:00,27.2,26,913.1,Bengaluru,12.9716,77.5946
2023-01-17T17:00,24.4,33,913.3,Bengaluru,12.9716,77.5946
2023-01-17T18:00,21.4,41,913.4,Bengaluru,12.9716,77.5946
2023-01-17T19:00,20,49,914,Bengaluru,12.9716,77.5946
2023-01-17T20:00,19,62,914.8,Bengaluru,12.9716,77.5946
2023-01-17T21:00,17.9,69,915,Bengaluru,12.9716,77.5946
2023-01-17T22:00,16.9,76,914.6,Bengaluru,12.9716,77.5946
2023-01-17T23:00,16.1,83,914.2,Bengaluru,12.9716,77.5946
2023-01-18T00:00,15.3,90,913.5,Bengaluru,12.9716,77.5946
2023-01-18T01:00,14.9,93,913,Bengaluru,12.9716,77.5946
2023-01-18T02:00,14.5,95,912.5,Bengaluru,12.9716,77.5946
2023-01-18T03:00,14,96,912,Bengaluru,12.9716,77.5946
2023-01-18T04:00,13.6,97,912,Bengaluru,12.9716,77.5946
2023-01-18T05:00,13.5,99,912.7,Bengaluru,12.9716,77.5946
2023-01-18T06:00,13.7,99,913.5,Bengaluru,12.9716,77.5946
2023-01-18T07:00,14.1,98,914.9,Bengaluru,12.9716,77.5946
2023-01-18T08:00,14.7,96,916.2,Bengaluru,12.9716,77.5946
2023-01-18T09:00,18.1,75,917.6,Bengaluru,12.9716,77.5946
2023-01-18T10:00,21.1,57,917.8,Bengaluru,12.9716,77.5946
2023-01-18T11:00,24,42,917.7,Bengaluru,12.9716,77.5946
2023-01-18T12:00,25.8,34,916.9,Bengaluru,12.9716,77.5946
2023-01-18T13:00,27,28,915.9,Bengaluru,12.9716,77.5946
2023-01-18T14:00,27.5,25,915,Bengaluru,12.9716,77.5946
2023-01-18T15:00,27.4,26,914.4,Bengaluru,12.9716,77.5946
2023-01-18T16:00,26.7,29,914,Bengaluru,12.9716,77.5946
2023-01-18T17:00,24.8,35,914.1,Bengaluru,12.9716,77.5946
2023-01-18T18:00,21.4,47,914.1,Bengaluru,12.9716,77.5946
2023-01-18T19:00,20,52,914.8,Bengaluru,12.9716,77.5946
2023-01-18T20:00,19,60,915.6,Bengaluru,12.9716,77.5946
2023-01-18T21:00,18.1,67,915.9,Bengaluru,12.9716,77.5946
2023-01-18T22:00,17.2,71,915.8,Bengaluru,12.9716,77.5946
2023-01-18T23:00,16.3,76,915.4,Bengaluru,12.9716,77.5946
2023-01-19T00:00,15.7,77,914.9,Bengaluru,12.9716,77.5946
2023-01-19T01:00,15.2,81,914.2,Bengaluru,12.9716,77.5946
2023-01-19T02:00,14.4,90,913.4,Bengaluru,12.9716,77.5946
2023-01-19T03:00,14,95,912.8,Bengaluru,12.9716,77.5946
2023-01-19T04:00,13.7,97,912.7,Bengaluru,12.9716,77.5946
2023-01-19T05:00,13.9,99,913.7,Bengaluru,12.9716,77.5946
2023-01-19T06:00,14.2,99,914.5,Bengaluru,12.9716,77.5946
2023-01-19T07:00,14.5,97,915.4,Bengaluru,12.9716,77.5946
2023-01-19T08:00,16.2,83,916.7,Bengaluru,12.9716,77.5946
2023-01-19T09:00,19.1,64,917.8,Bengaluru,12.9716,77.5946
2023-01-19T10:00,21.9,45,918,Bengaluru,12.9716,77.5946
2023-01-19T11:00,24.1,32,917.7,Bengaluru,12.9716,77.5946
2023-01-19T12:00,25.8,24,916.7,Bengaluru,12.9716,77.5946
2023-01-19T13:00,26.7,21,915.6,Bengaluru,12.9716,77.5946
2023-01-19T14:00,27.1,21,914.7,Bengaluru,12.9716,77.5946
2023-01-19T15:00,27,23,914.1,Bengaluru,12.9716,77.5946
2023-01-19T16:00,26.4,26,913.8,Bengaluru,12.9716,77.5946
2023-01-19T17:00,24.4,32,914,Bengaluru,12.9716,77.5946
2023-01-19T18:00,21.2,43,913.7,Bengaluru,12.9716,77.5946
2023-01-19T19:00,19.8,53,914.2,Bengaluru,12.9716,77.5946
2023-01-19T20:00,18.9,62,914.9,Bengaluru,12.9716,77.5946
2023-01-19T21:00,17.8,71,915.1,Bengaluru,12.9716,77.5946
2023-01-19T22:00,17.1,75,914.7,Bengaluru,12.9716,77.5946
2023-01-19T23:00,16.6,77,914.5,Bengaluru,12.9716,77.5946
2023-01-20T00:00,15.8,86,914.4,Bengaluru,12.9716,77.5946
2023-01-20T01:00,15,92,913.5,Bengaluru,12.9716,77.5946
2023-01-20T02:00,14.4,94,912.8,Bengaluru,12.9716,77.5946
2023-01-20T03:00,14,94,912.6,Bengaluru,12.9716,77.5946
2023-01-20T04:00,13.8,95,912.5,Bengaluru,12.9716,77.5946
2023-01-20T05:00,13.8,95,913.2,Bengaluru,12.9716,77.5946
2023-01-20T06:00,13.5,96,913.6,Bengaluru,12.9716,77.5946
2023-01-20T07:00,14.3,93,914.8,Bengaluru,12.9716,77.5946
2023-01-20T08:00,17.1,80,916.6,Bengaluru,12.9716,77.5946
2023-01-20T09:00,19.7,63,917.6,Bengaluru,12.9716,77.5946
2023-01-20T10:00,21.8,55,917.6,Bengaluru,12.9716,77.5946
2023-01-20T11:00,23.4,51,917.1,Bengaluru,12.9716,77.5946
2023-01-20T12:00,24.9,46,916.2,Bengaluru,12.9716,77.5946
2023-01-20T13:00,26,43,915.3,Bengaluru,12.9716,77.5946
2023-01-20T14:00,26.5,41,914.3,Bengaluru,12.9716,77.5946
2023-01-20T15:00,26.3,42,913.7,Bengaluru,12.9716,77.5946
2023-01-20T16:00,25.4,44,913.7,Bengaluru,12.9716,77.5946
2023-01-20T17:00,23.8,50,913.9,Bengaluru,12.9716,77.5946
2023-01-20T18:00,22.8,55,914.3,Bengaluru,12.9716,77.5946
2023-01-20T19:00,20.9,64,914.7,Bengaluru,12.9716,77.5946
2023-01-20T20:00,19.8,71,915.3,Bengaluru,12.9716,77.5946
2023-01-20T21:00,19,78,915.6,Bengaluru,12.9716,77.5946
2023-01-20T22:00,17.9,88,915.4,Bengaluru,12.9716,77.5946
2023-01-20T23:00,17.2,97,915.1,Bengaluru,12.9716,77.5946
2023-01-21T00:00,16.9,99,914.6,Bengaluru,12.9716,77.5946
2023-01-21T01:00,17.2,98,914.3,Bengaluru,12.9716,77.5946
2023-01-21T02:00,17.3,95,913.6,Bengaluru,12.9716,77.5946
2023-01-21T03:00,17.3,93,913.1,Bengaluru,12.9716,77.5946
2023-01-21T04:00,16.8,96,913,Bengaluru,12.9716,77.5946
2023-01-21T05:00,16.6,97,913.6,Bengaluru,12.9716,77.5946
2023-01-21T06:00,16.9,92,914.1,Bengaluru,12.9716,77.5946
2023-01-21T07:00,17.2,89,914.6,Bengaluru,12.9716,77.5946
2023-01-21T08:00,18.6,79,915.9,Bengaluru,12.9716,77.5946
2023-01-21T09:00,20.8,67,917,Bengaluru,12.9716,77.5946
2023-01-21T10:00,22.8,56,917,Bengaluru,12.9716,77.5946
2023-01-21T11:00,24.6,47,916.6,Bengaluru,12.9716,77.5946
2023-01-21T12:00,25.8,43,915.7,Bengaluru,12.9716,77.5946
2023-01-21T13:00,26.1,41,914.5,Bengaluru,12.9716,77.5946
2023-01-21T14:00,26.6,40,913.7,Bengaluru,12.9716,77.5946
2023-01-21T15:00,26.5,40,913.2,Bengaluru,12.9716,77.5946
2023-01-21T16:00,26.2,41,913,Bengaluru,12.9716,77.5946
2023-01-21T17:00,24.6,41,913.4,Bengaluru,12.9716,77.5946
2023-01-21T18:00,22.8,48,913.4,Bengaluru,12.9716,77.5946
2023-01-21T19:00,22.6,51,914.1,Bengaluru,12.9716,77.5946
2023-01-21T20:00,21.5,56,914.5,Bengaluru,12.9716,77.5946
2023-01-21T21:00,20.3,63,914.5,Bengaluru,12.9716,77.5946
2023-01-21T22:00,19.1,70,914.2,Bengaluru,12.9716,77.5946
2023-01-21T23:00,18.4,74,914,Bengaluru,12.9716,77.5946
2023-01-22T00:00,17.6,79,913.5,Bengaluru,12.9716,77.5946
2023-01-22T01:00,16.5,85,912.8,Bengaluru,12.9716,77.5946
2023-01-22T02:00,15.7,91,912,Bengaluru,12.9716,77.5946
2023-01-22T03:00,15.1,95,911.6,Bengaluru,12.9716,77.5946
2023-01-22T04:00,14.9,96,911.4,Bengaluru,12.9716,77.5946
2023-01-22T05:00,14.7,97,912,Bengaluru,12.9716,77.5946
2023-01-22T06:00,14.8,97,912.7,Bengaluru,12.9716,77.5946
2023-01-22T07:00,15.5,94,913.6,Bengaluru,12.9716,77.5946
2023-01-22T08:00,18.1,77,915.1,Bengaluru,12.9716,77.5946
2023-01-22T09:00,21,56,916.1,Bengaluru,12.9716,77.5946
2023-01-22T10:00,23.1,45,916.2,Bengaluru,12.9716,77.5946
2023-01-22T11:00,24.7,39,915.6,Bengaluru,12.9716,77.5946
2023-01-22T12:00,25.8,37,914.8,Bengaluru,12.9716,77.5946
2023-01-22T13:00,26.4,36,913.7,Bengaluru,12.9716,77.5946
2023-01-22T14:00,26.7,34,912.7,Bengaluru,12.9716,77.5946
2023-01-22T15:00,26.7,30,912.2,Bengaluru,12.9716,77.5946
2023-01-22T16:00,25.9,28,912.2,Bengaluru,12.9716,77.5946
2023-01-22T17:00,24.4,35,912.4,Bengaluru,12.9716,77.5946
2023-01-22T18:00,22,44,912.4,Bengaluru,12.9716,77.5946
2023-01-22T19:00,20.8,52,913.2,Bengaluru,12.9716,77.5946
2023-01-22T20:00,19.8,62,913.8,Bengaluru,12.9716,77.5946
2023-01-22T21:00,19,66,913.9,Bengaluru,12.9716,77.5946
2023-01-22T22:00,18.4,67,913.7,Bengaluru,12.9716,77.5946
2023-01-22T23:00,17.9,69,913.2,Bengaluru,12.9716,77.5946
2023-01-23T00:00,17.2,73,912.5,Bengaluru,12.9716,77.5946
2023-01-23T01:00,16.4,81,911.8,Bengaluru,12.9716,77.5946
2023-01-23T02:00,15.8,89,911,Bengaluru,12.9716,77.5946
2023-01-23T03:00,15.4,94,910.8,Bengaluru,12.9716,77.5946
2023-01-23T04:00,15.1,97,910.7,Bengaluru,12.9716,77.5946
2023-01-23T05:00,14.9,97,911.2,Bengaluru,12.9716,77.5946
2023-01-23T06:00,15,97,911.6,Bengaluru,12.9716,77.5946
2023-01-23T07:00,15.5,94,912.6,Bengaluru,12.9716,77.5946
2023-01-23T08:00,17.8,80,914,Bengaluru,12.9716,77.5946
2023-01-23T09:00,20.7,67,914.9,Bengaluru,12.9716,77.5946
2023-01-23T10:00,22.9,60,915.3,Bengaluru,12.9716,77.5946
2023-01-23T11:00,24.8,54,914.9,Bengaluru,12.9716,77.5946
2023-01-23T12:00,26.9,44,914,Bengaluru,12.9716,77.5946
2023-01-23T13:00,27.4,42,913,Bengaluru,12.9716,77.5946
2023-01-23T14:00,26.7,43,912,Bengaluru,12.9716,77.5946
2023-01-23T15:00,25.8,48,911.4,Bengaluru,12.9716,77.5946
2023-01-23T16:00,25.1,50,911.5,Bengaluru,12.9716,77.5946
2023-01-23T17:00,23.6,59,911.9,Bengaluru,12.9716,77.5946
2023-01-23T18:00,22.3,65,912.2,Bengaluru,12.9716,77.5946
2023-01-23T19:00,21.1,72,912.8,Bengaluru,12.9716,77.5946
2023-01-23T20:00,20.6,76,913.4,Bengaluru,12.9716,77.5946
2023-01-23T21:00,20.5,77,913.7,Bengaluru,12.9716,77.5946
2023-01-23T22:00,20.1,80,914,Bengaluru,12.9716,77.5946
2023-01-23T23:00,19,87,913.4,Bengaluru,12.9716,77.5946
2023-01-24T00:00,18.4,94,912.7,Bengaluru,12.9716,77.5946
2023-01-24T01:00,18,97,912,Bengaluru,12.9716,77.5946
2023-01-24T02:00,17.9,98,911.3,Bengaluru,12.9716,77.5946
2023-01-24T03:00,18.2,94,911.2,Bengaluru,12.9716,77.5946
2023-01-24T04:00,18.2,93,911.3,Bengaluru,12.9716,77.5946
2023-01-24T05:00,18.1,94,911.8,Bengaluru,12.9716,77.5946
2023-01-24T06:00,17.9,94,912.4,Bengaluru,12.9716,77.5946
2023-01-24T07:00,18.2,90,913.1,Bengaluru,12.9716,77.5946
2023-01-24T08:00,19.8,79,914.3,Bengaluru,12.9716,77.5946
2023-01-24T09:00,21.8,68,915.5,Bengaluru,12.9716,77.5946
2023-01-24T10:00,24,58,915.9,Bengaluru,12.9716,77.5946
2023-01-24T11:00,25.9,49,915.5,Bengaluru,12.9716,77.5946
2023-01-24T12:00,26.8,45,914.5,Bengaluru,12.9716,77.5946
2023-01-24T13:00,27.3,44,913.2,Bengaluru,12.9716,77.5946
2023-01-24T14:00,27.8,43,912.2,Bengaluru,12.9716,77.5946
2023-01-24T15:00,27.9,41,911.4,Bengaluru,12.9716,77.5946
2023-01-24T16:00,27.3,42,911.2,Bengaluru,12.9716,77.5946
2023-01-24T17:00,25.5,47,911.8,Bengaluru,12.9716,77.5946
2023-01-24T18:00,23.6,54,912.2,Bengaluru,12.9716,77.5946
2023-01-24T19:00,22.4,58,912.7,Bengaluru,12.9716,77.5946
2023-01-24T20:00,21.4,62,913.6,Bengaluru,12.9716,77.5946
2023-01-24T21:00,20.4,67,913.8,Bengaluru,12.9716,77.5946
2023-01-24T22:00,19.8,69,913.6,Bengaluru,12.9716,77.5946
2023-01-24T23:00,19.1,73,913.3,Bengaluru,12.9716,77.5946
2023-01-25T00:00,18,82,912.9,Bengaluru,12.9716,77.5946
2023-01-25T01:00,17,89,912.1,Bengaluru,12.9716,77.5946
2023-01-25T02:00,16.4,95,911.5,Bengaluru,12.9716,77.5946
2023-01-25T03:00,16.2,97,911,Bengaluru,12.9716,77.5946
2023-01-25T04:00,16.4,93,910.9,Bengaluru,12.9716,77.5946
2023-01-25T05:00,16.2,96,911.7,Bengaluru,12.9716,77.5946
2023-01-25T06:00,16.1,93,912.1,Bengaluru,12.9716,77.5946
2023-01-25T07:00,16.1,91,912.9,Bengaluru,12.9716,77.5946
2023-01-25T08:00,17.9,81,914,Bengaluru,12.9716,77.5946
2023-01-25T09:00,20.3,67,914.7,Bengaluru,12.9716,77.5946
2023-01-25T10:00,22.8,54,915.1,Bengaluru,12.9716,77.5946
2023-01-25T11:00,24.9,41,914.9,Bengaluru,12.9716,77.5946
2023-01-25T12:00,26.7,29,914.1,Bengaluru,12.9716,77.5946
2023-01-25T13:00,27.6,24,913,Bengaluru,12.9716,77.5946
2023-01-25T14:00,27.8,24,912.1,Bengaluru,12.9716,77.5946
2023-01-25T15:00,27.5,26,911.7,Bengaluru,12.9716,77.5946
2023-01-25T16:00,26.5,32,911.6,Bengaluru,12.9716,77.5946
2023-01-25T17:00,24.8,36,911.9,Bengaluru,12.9716,77.5946
2023-01-25T18:00,22.4,46,912.1,Bengaluru,12.9716,77.5946
2023-01-25T19:00,21.1,55,912.9,Bengaluru,12.9716,77.5946
2023-01-25T20:00,20.1,64,913.3,Bengaluru,12.9716,77.5946
2023-01-25T21:00,19,71,913.6,Bengaluru,12.9716,77.5946
2023-01-25T22:00,18.3,73,913.5,Bengaluru,12.9716,77.5946
2023-01-25T23:00,17.7,77,913.2,Bengaluru,12.9716,77.5946
2023-01-26T00:00,16.9,84,912.6,Bengaluru,12.9716,77.5946
2023-01-26T01:00,16,92,911.9,Bengaluru,12.9716,77.5946
2023-01-26T02:00,15.7,96,911.1,Bengaluru,12.9716,77.5946
2023-01-26T03:00,16.3,94,911.2,Bengaluru,12.9716,77.5946
2023-01-26T04:00,15.9,94,911,Bengaluru,12.9716,77.5946
2023-01-26T05:00,16.2,91,911.6,Bengaluru,12.9716,77.5946
2023-01-26T06:00,15,96,911.8,Bengaluru,12.9716,77.5946
2023-01-26T07:00,15.4,93,912.7,Bengaluru,12.9716,77.5946
2023-01-26T08:00,17.4,79,913.9,Bengaluru,12.9716,77.5946
2023-01-26T09:00,19.8,66,915,Bengaluru,12.9716,77.5946
2023-01-26T10:00,22.4,50,915.2,Bengaluru,12.9716,77.5946
2023-01-26T11:00,24.7,40,915.1,Bengaluru,12.9716,77.5946
2023-01-26T12:00,26.2,34,914.3,Bengaluru,12.9716,77.5946
2023-01-26T13:00,27.2,30,913.1,Bengaluru,12.9716,77.5946
2023-01-26T14:00,27.8,28,912.3,Bengaluru,12.9716,77.5946
2023-01-26T15:00,27.7,30,911.9,Bengaluru,12.9716,77.5946
2023-01-26T16:00,26.9,34,911.9,Bengaluru,12.9716,77.5946
2023-01-26T17:00,25.2,37,912.1,Bengaluru,12.9716,77.5946
2023-01-26T18:00,22.4,51,912.3,Bengaluru,12.9716,77.5946
2023-01-26T19:00,21,59,913.2,Bengaluru,12.9716,77.5946
2023-01-26T20:00,20,64,913.7,Bengaluru,12.9716,77.5946
2023-01-26T21:00,19.2,66,913.8,Bengaluru,12.9716,77.5946
2023-01-26T22:00,18.4,69,913.5,Bengaluru,12.9716,77.5946
2023-01-26T23:00,17.5,73,913.1,Bengaluru,12.9716,77.5946
2023-01-27T00:00,16.8,75,912.9,Bengaluru,12.9716,77.5946
2023-01-27T01:00,16.1,90,912.2,Bengaluru,12.9716,77.5946
2023-01-27T02:00,15.5,97,911.6,Bengaluru,12.9716,77.5946
2023-01-27T03:00,15.3,100,911.1,Bengaluru,12.9716,77.5946
2023-01-27T04:00,15.7,99,911.3,Bengaluru,12.9716,77.5946
2023-01-27T05:00,15.5,99,911.8,Bengaluru,12.9716,77.5946
2023-01-27T06:00,15.5,99,912.5,Bengaluru,12.9716,77.5946
2023-01-27T07:00,15.6,97,913.4,Bengaluru,12.9716,77.5946
2023-01-27T08:00,17.3,83,914.4,Bengaluru,12.9716,77.5946
2023-01-27T09:00,20.4,65,915.4,Bengaluru,12.9716,77.5946
2023-01-27T10:00,23,49,915.3,Bengaluru,12.9716,77.5946
2023-01-27T11:00,25.2,37,915,Bengaluru,12.9716,77.5946
2023-01-27T12:00,26.7,30,914.1,Bengaluru,12.9716,77.5946
2023-01-27T13:00,27.7,27,913,Bengaluru,12.9716,77.5946
2023-01-27T14:00,28.3,26,912.5,Bengaluru,12.9716,77.5946
2023-01-27T15:00,28.2,25,912.2,Bengaluru,12.9716,77.5946
2023-01-27T16:00,27.5,26,912,Bengaluru,12.9716,77.5946
2023-01-27T17:00,25.9,32,912.3,Bengaluru,12.9716,77.5946
2023-01-27T18:00,22.9,41,912.3,Bengaluru,12.9716,77.5946
2023-01-27T19:00,21.3,51,912.9,Bengaluru,12.9716,77.5946
2023-01-27T20:00,20.3,63,913.5,Bengaluru,12.9716,77.5946
2023-01-27T21:00,19.4,71,913.6,Bengaluru,12.9716,77.5946
2023-01-27T22:00,18.6,76,913.2,Bengaluru,12.9716,77.5946
2023-01-27T23:00,17.6,80,912.7,Bengaluru,12.9716,77.5946
2023-01-28T00:00,16.9,83,912.1,Bengaluru,12.9716,77.5946
2023-01-28T01:00,15.8,89,911.3,Bengaluru,12.9716,77.5946
2023-01-28T02:00,14.9,93,910.4,Bengaluru,12.9716,77.5946
2023-01-28T03:00,14.5,95,910,Bengaluru,12.9716,77.5946
2023-01-28T04:00,14,96,910,Bengaluru,12.9716,77.5946
2023-01-28T05:00,13.9,95,910.6,Bengaluru,12.9716,77.5946
2023-01-28T06:00,13.9,95,911.4,Bengaluru,12.9716,77.5946
2023-01-28T07:00,14.8,87,912.3,Bengaluru,12.9716,77.5946
2023-01-28T08:00,18.1,66,913.8,Bengaluru,12.9716,77.5946
2023-01-28T09:00,21.8,36,915,Bengaluru,12.9716,77.5946
2023-01-28T10:00,24.2,25,915.1,Bengaluru,12.9716,77.5946
2023-01-28T11:00,26,20,914.7,Bengaluru,12.9716,77.5946
2023-01-28T12:00,27.1,20,913.8,Bengaluru,12.9716,77.5946
2023-01-28T13:00,27.7,20,912.8,Bengaluru,12.9716,77.5946
2023-01-28T14:00,27.9,20,911.8,Bengaluru,12.9716,77.5946
2023-01-28T15:00,27.7,22,911.4,Bengaluru,12.9716,77.5946
2023-01-28T16:00,26.9,24,911.4,Bengaluru,12.9716,77.5946
2023-01-28T17:00,24.7,28,911.7,Bengaluru,12.9716,77.5946
2023-01-28T18:00,21.6,38,911.5,Bengaluru,12.9716,77.5946
2023-01-28T19:00,20.1,46,912,Bengaluru,12.9716,77.5946
2023-01-28T20:00,19.3,54,912.6,Bengaluru,12.9716,77.5946
2023-01-28T21:00,18.2,63,912.8,Bengaluru,12.9716,77.5946
2023-01-28T22:00,17,72,912.5,Bengaluru,12.9716,77.5946
2023-01-28T23:00,16,79,911.6,Bengaluru,12.9716,77.5946
2023-01-29T00:00,15.3,84,911.1,Bengaluru,12.9716,77.5946
2023-01-29T01:00,15,86,910.6,Bengaluru,12.9716,77.5946
2023-01-29T02:00,14.5,88,909.8,Bengaluru,12.9716,77.5946
2023-01-29T03:00,13.8,89,909.1,Bengaluru,12.9716,77.5946
2023-01-29T04:00,13.5,89,909,Bengaluru,12.9716,77.5946
2023-01-29T05:00,14.1,82,909.5,Bengaluru,12.9716,77.5946
2023-01-29T06:00,14.7,76,910.3,Bengaluru,12.9716,77.5946
2023-01-29T07:00,16.1,68,911.4,Bengaluru,12.9716,77.5946
2023-01-29T08:00,19.3,57,913.3,Bengaluru,12.9716,77.5946
2023-01-29T09:00,22.3,40,914.3,Bengaluru,12.9716,77.5946
2023-01-29T10:00,24.4,33,914.1,Bengaluru,12.9716,77.5946
2023-01-29T11:00,26,29,913.5,Bengaluru,12.9716,77.5946
2023-01-29T12:00,26.9,29,912.4,Bengaluru,12.9716,77.5946
2023-01-29T13:00,27.7,28,911.5,Bengaluru,12.9716,77.5946
2023-01-29T14:00,27.4,36,910.5,Bengaluru,12.9716,77.5946
2023-01-29T15:00,27,39,910.1,Bengaluru,12.9716,77.5946
2023-01-29T16:00,26.2,40,909.9,Bengaluru,12.9716,77.5946
2023-01-29T17:00,25.3,43,910.4,Bengaluru,12.9716,77.5946
2023-01-29T18:00,23.1,49,910.7,Bengaluru,12.9716,77.5946
2023-01-29T19:00,21.5,59,911.7,Bengaluru,12.9716,77.5946
2023-01-29T20:00,20.6,65,912.5,Bengaluru,12.9716,77.5946
2023-01-29T21:00,19.9,69,913.1,Bengaluru,12.9716,77.5946
2023-01-29T22:00,19.2,75,913,Bengaluru,12.9716,77.5946
2023-01-29T23:00,18.5,83,912.6,Bengaluru,12.9716,77.5946
2023-01-30T00:00,17.8,91,912,Bengaluru,12.9716,77.5946
2023-01-30T01:00,17.2,97,911.6,Bengaluru,12.9716,77.5946
2023-01-30T02:00,17.1,99,911.1,Bengaluru,12.9716,77.5946
2023-01-30T03:00,17.5,97,910.9,Bengaluru,12.9716,77.5946
2023-01-30T04:00,17.8,94,910.9,Bengaluru,12.9716,77.5946
2023-01-30T05:00,17,98,911.3,Bengaluru,12.9716,77.5946
2023-01-30T06:00,17.1,97,912.2,Bengaluru,12.9716,77.5946
2023-01-30T07:00,17.9,91,913.1,Bengaluru,12.9716,77.5946
2023-01-30T08:00,19.9,78,914.3,Bengaluru,12.9716,77.5946
2023-01-30T09:00,22.4,66,915.1,Bengaluru,12.9716,77.5946
2023-01-30T10:00,24.3,58,915.1,Bengaluru,12.9716,77.5946
2023-01-30T11:00,26.7,48,915,Bengaluru,12.9716,77.5946
2023-01-30T12:00,26,51,913.8,Bengaluru,12.9716,77.5946
2023-01-30T13:00,26,52,912.9,Bengaluru,12.9716,77.5946
2023-01-30T14:00,26.7,50,912.3,Bengaluru,12.9716,77.5946
2023-01-30T15:00,27.1,48,911.9,Bengaluru,12.9716,77.5946
2023-01-30T16:00,27.2,47,911.9,Bengaluru,12.9716,77.5946
2023-01-30T17:00,25.5,52,912.3,Bengaluru,12.9716,77.5946
2023-01-30T18:00,23.2,67,912.7,Bengaluru,12.9716,77.5946
2023-01-30T19:00,21.9,70,913.4,Bengaluru,12.9716,77.5946
2023-01-30T20:00,19.9,87,914.1,Bengaluru,12.9716,77.5946
2023-01-30T21:00,19.4,90,914.2,Bengaluru,12.9716,77.5946
2023-01-30T22:00,19.6,93,914,Bengaluru,12.9716,77.5946
2023-01-30T23:00,19,94,913.4,Bengaluru,12.9716,77.5946
2023-01-31T00:00,18.4,96,913,Bengaluru,12.9716,77.5946
2023-01-31T01:00,18.2,98,912.1,Bengaluru,12.9716,77.5946
2023-01-31T02:00,18.5,97,911.7,Bengaluru,12.9716,77.5946
2023-01-31T03:00,18.9,94,911.6,Bengaluru,12.9716,77.5946
2023-01-31T04:00,19,93,911.6,Bengaluru,12.9716,77.5946
2023-01-31T05:00,19,88,912.1,Bengaluru,12.9716,77.5946
2023-01-31T06:00,17.5,96,912.1,Bengaluru,12.9716,77.5946
2023-01-31T07:00,17.6,94,913.1,Bengaluru,12.9716,77.5946
2023-01-31T08:00,19.5,81,914.4,Bengaluru,12.9716,77.5946
2023-01-31T09:00,21.8,68,915.6,Bengaluru,12.9716,77.5946
2023-01-31T10:00,24.3,52,915.8,Bengaluru,12.9716,77.5946
2023-01-31T11:00,26.3,42,915.4,Bengaluru,12.9716,77.5946
2023-01-31T12:00,27.7,37,914.1,Bengaluru,12.9716,77.5946
2023-01-31T13:00,28.6,35,912.8,Bengaluru,12.9716,77.5946
2023-01-31T14:00,28.9,34,911.9,Bengaluru,12.9716,77.5946
2023-01-31T15:00,29.1,32,911.4,Bengaluru,12.9716,77.5946
2023-01-31T16:00,28.1,33,911.4,Bengaluru,12.9716,77.5946
2023-01-31T17:00,25.4,39,911.7,Bengaluru,12.9716,77.5946
2023-01-31T18:00,23.2,45,911.6,Bengaluru,12.9716,77.5946
2023-01-31T19:00,21.6,51,911.8,Bengaluru,12.9716,77.5946
2023-01-31T20:00,20.9,53,912.6,Bengaluru,12.9716,77.5946
2023-01-31T21:00,20.4,55,913.2,Bengaluru,12.9716,77.5946
2023-01-31T22:00,19.7,60,913.1,Bengaluru,12.9716,77.5946
2023-01-31T23:00,18.8,68,912.7,Bengaluru,12.9716,77.5946
2023-02-01T00:00,18,75,912.4,Bengaluru,12.9716,77.5946
2023-02-01T01:00,17.1,77,911.2,Bengaluru,12.9716,77.5946
2023-02-01T02:00,16.2,78,910.3,Bengaluru,12.9716,77.5946
2023-02-01T03:00,15.8,78,909.9,Bengaluru,12.9716,77.5946
2023-02-01T04:00,15.7,77,909.8,Bengaluru,12.9716,77.5946
2023-02-01T05:00,15.9,78,910.7,Bengaluru,12.9716,77.5946
2023-02-01T06:00,16,77,911.2,Bengaluru,12.9716,77.5946
2023-02-01T07:00,16.9,73,912.4,Bengaluru,12.9716,77.5946
2023-02-01T08:00,19.9,63,913.7,Bengaluru,12.9716,77.5946
2023-02-01T09:00,22.7,52,914.7,Bengaluru,12.9716,77.5946
2023-02-01T10:00,24.9,45,914.9,Bengaluru,12.9716,77.5946
2023-02-01T11:00,26.5,39,914.7,Bengaluru,12.9716,77.5946
2023-02-01T12:00,27.6,36,913.9,Bengaluru,12.9716,77.5946
2023-02-01T13:00,28.3,34,912.8,Bengaluru,12.9716,77.5946
2023-02-01T14:00,28.4,32,911.8,Bengaluru,12.9716,77.5946
2023-02-01T15:00,28,33,911.4,Bengaluru,12.9716,77.5946
2023-02-01T16:00,27.6,34,911.3,Bengaluru,12.9716,77.5946
2023-02-01T17:00,25.7,40,911.7,Bengaluru,12.9716,77.5946
2023-02-01T18:00,24.1,46,911.9,Bengaluru,12.9716,77.5946
2023-02-01T19:00,22.6,52,912.5,Bengaluru,12.9716,77.5946
2023-02-01T20:00,21.5,58,913.2,Bengaluru,12.9716,77.5946
2023-02-01T21:00,20.9,62,913.4,Bengaluru,12.9716,77.5946
2023-02-01T22:00,20.4,64,913.5,Bengaluru,12.9716,77.5946
2023-02-01T23:00,19.7,65,913.2,Bengaluru,12.9716,77.5946
2023-02-02T00:00,19.2,64,912.7,Bengaluru,12.9716,77.5946
2023-02-02T01:00,18.8,65,911.8,Bengaluru,12.9716,77.5946
2023-02-02T02:00,18.2,67,911.3,Bengaluru,12.9716,77.5946
2023-02-02T03:00,17.9,70,910.7,Bengaluru,12.9716,77.5946
2023-02-02T04:00,17.9,71,910.7,Bengaluru,12.9716,77.5946
2023-02-02T05:00,17.5,67,911.1,Bengaluru,12.9716,77.5946
2023-02-02T06:00,17.3,59,911.6,Bengaluru,12.9716,77.5946
2023-02-02T07:00,17.8,53,912.4,Bengaluru,12.9716,77.5946
2023-02-02T08:00,20.1,48,914,Bengaluru,12.9716,77.5946
2023-02-02T09:00,23.1,40,915.3,Bengaluru,12.9716,77.5946
2023-02-02T10:00,25.2,35,915.3,Bengaluru,12.9716,77.5946
2023-02-02T11:00,26.7,33,915,Bengaluru,12.9716,77.5946
2023-02-02T12:00,27.4,31,914.2,Bengaluru,12.9716,77.5946
2023-02-02T13:00,28,32,913.2,Bengaluru,12.9716,77.5946
2023-02-02T14:00,29,33,912.2,Bengaluru,12.9716,77.5946
2023-02-02T15:00,27,42,911.3,Bengaluru,12.9716,77.5946
2023-02-02T16:00,26,43,911.3,Bengaluru,12.9716,77.5946
2023-02-02T17:00,25.5,44,911.7,Bengaluru,12.9716,77.5946
2023-02-02T18:00,24,49,912.1,Bengaluru,12.9716,77.5946
2023-02-02T19:00,22.8,55,912.8,Bengaluru,12.9716,77.5946
2023-02-02T20:00,22,59,913.6,Bengaluru,12.9716,77.5946
2023-02-02T21:00,21.2,60,914,Bengaluru,12.9716,77.5946
2023-02-02T22:00,20.3,63,914.1,Bengaluru,12.9716,77.5946
2023-02-02T23:00,19.4,65,913.5,Bengaluru,12.9716,77.5946
2023-02-03T00:00,18.6,66,912.7,Bengaluru,12.9716,77.5946
2023-02-03T01:00,17.9,67,912,Bengaluru,12.9716,77.5946
2023-02-03T02:00,17.4,67,911.4,Bengaluru,12.9716,77.5946
2023-02-03T03:00,17,66,911.1,Bengaluru,12.9716,77.5946
2023-02-03T04:00,16.5,69,911,Bengaluru,12.9716,77.5946
2023-02-03T05:00,16.5,67,911.5,Bengaluru,12.9716,77.5946
2023-02-03T06:00,16.4,73,911.8,Bengaluru,12.9716,77.5946
2023-02-03T07:00,17.3,77,913.1,Bengaluru,12.9716,77.5946
2023-02-03T08:00,19.6,75,914.3,Bengaluru,12.9716,77.5946
2023-02-03T09:00,21.7,67,915.4,Bengaluru,12.9716,77.5946
2023-02-03T10:00,24,56,915.8,Bengaluru,12.9716,77.5946
2023-02-03T11:00,25.5,50,915.2,Bengaluru,12.9716,77.5946
2023-02-03T12:00,25.9,49,914.6,Bengaluru,12.9716,77.5946
2023-02-03T13:00,25.6,50,913.5,Bengaluru,12.9716,77.5946
2023-02-03T14:00,26.6,47,912.6,Bengaluru,12.9716,77.5946
2023-02-03T15:00,26.4,47,912,Bengaluru,12.9716,77.5946
2023-02-03T16:00,26.3,47,911.9,Bengaluru,12.9716,77.5946
2023-02-03T17:00,24.6,53,912.3,Bengaluru,12.9716,77.5946
2023-02-03T18:00,24,55,912.8,Bengaluru,12.9716,77.5946
2023-02-03T19:00,23.6,55,913.3,Bengaluru,12.9716,77.5946
2023-02-03T20:00,22.9,57,914,Bengaluru,12.9716,77.5946
2023-02-03T21:00,22.3,59,914.8,Bengaluru,12.9716,77.5946
2023-02-03T22:00,21.1,62,914.7,Bengaluru,12.9716,77.5946
2023-02-03T23:00,20,69,914.4,Bengaluru,12.9716,77.5946
2023-02-04T00:00,19,77,913.5,Bengaluru,12.9716,77.5946
2023-02-04T01:00,18.3,83,912.5,Bengaluru,12.9716,77.5946
2023-02-04T02:00,17.8,86,911.8,Bengaluru,12.9716,77.5946
2023-02-04T03:00,17.3,87,911,Bengaluru,12.9716,77.5946
2023-02-04T04:00,17,84,910.9,Bengaluru,12.9716,77.5946
2023-02-04T05:00,17.1,80,911,Bengaluru,12.9716,77.5946
2023-02-04T06:00,17.2,74,911.6,Bengaluru,12.9716,77.5946
2023-02-04T07:00,18.1,65,912.7,Bengaluru,12.9716,77.5946
2023-02-04T08:00,20.8,52,914.1,Bengaluru,12.9716,77.5946
2023-02-04T09:00,23.6,43,915.2,Bengaluru,12.9716,77.5946
2023-02-04T10:00,25.7,39,915.1,Bengaluru,12.9716,77.5946
2023-02-04T11:00,27.4,34,915,Bengaluru,12.9716,77.5946
2023-02-04T12:00,28.4,31,914.2,Bengaluru,12.9716,77.5946
2023-02-04T13:00,29,31,913.4,Bengaluru,12.9716,77.5946
2023-02-04T14:00,29.2,32,912.5,Bengaluru,12.9716,77.5946
2023-02-04T15:00,29,32,912,Bengaluru,12.9716,77.5946
2023-02-04T16:00,29,33,911.8,Bengaluru,12.9716,77.5946
2023-02-04T17:00,26.7,36,912.2,Bengaluru,12.9716,77.5946
2023-02-04T18:00,24.1,44,911.7,Bengaluru,12.9716,77.5946
2023-02-04T19:00,23,50,912.4,Bengaluru,12.9716,77.5946
2023-02-04T20:00,22,55,913.3,Bengaluru,12.9716,77.5946
2023-02-04T21:00,21.1,62,913.9,Bengaluru,12.9716,77.5946
2023-02-04T22:00,20.4,69,913.8,Bengaluru,12.9716,77.5946
2023-02-04T23:00,19.8,73,913.6,Bengaluru,12.9716,77.5946
2023-02-05T00:00,19.1,75,912.8,Bengaluru,12.9716,77.5946
2023-02-05T01:00,18.4,79,911.8,Bengaluru,12.9716,77.5946
2023-02-05T02:00,17.8,83,910.9,Bengaluru,12.9716,77.5946
2023-02-05T03:00,17.1,87,910.2,Bengaluru,12.9716,77.5946
2023-02-05T04:00,16.5,90,910.1,Bengaluru,12.9716,77.5946
2023-02-05T05:00,16.6,90,910,Bengaluru,12.9716,77.5946
2023-02-05T06:00,16.8,83,910.5,Bengaluru,12.9716,77.5946
2023-02-05T07:00,17.9,72,911.8,Bengaluru,12.9716,77.5946
2023-02-05T08:00,21.2,54,913.6,Bengaluru,12.9716,77.5946
2023-02-05T09:00,24.5,35,914.9,Bengaluru,12.9716,77.5946
2023-02-05T10:00,26.8,27,915.1,Bengaluru,12.9716,77.5946
2023-02-05T11:00,28.3,24,914.8,Bengaluru,12.9716,77.5946
2023-02-05T12:00,29.3,23,914.1,Bengaluru,12.9716,77.5946
2023-02-05T13:00,29.9,23,913.1,Bengaluru,12.9716,77.5946
2023-02-05T14:00,30.1,24,912.2,Bengaluru,12.9716,77.5946
2023-02-05T15:00,29.8,24,911.9,Bengaluru,12.9716,77.5946
2023-02-05T16:00,29.1,25,911.8,Bengaluru,12.9716,77.5946
2023-02-05T17:00,27.5,26,912.1,Bengaluru,12.9716,77.5946
2023-02-05T18:00,24.5,32,912,Bengaluru,12.9716,77.5946
2023-02-05T19:00,22.9,37,912.5,Bengaluru,12.9716,77.5946
2023-02-05T20:00,21.4,42,912.9,Bengaluru,12.9716,77.5946
2023-02-05T21:00,20.4,50,913.5,Bengaluru,12.9716,77.5946
2023-02-05T22:00,19.6,61,913.6,Bengaluru,12.9716,77.5946
2023-02-05T23:00,19,67,913.2,Bengaluru,12.9716,77.5946
2023-02-06T00:00,18.3,72,912.6,Bengaluru,12.9716,77.5946
2023-02-06T01:00,17.5,77,911.9,Bengaluru,12.9716,77.5946
2023-02-06T02:00,16.8,82,911.2,Bengaluru,12.9716,77.5946
2023-02-06T03:00,16.3,86,910.7,Bengaluru,12.9716,77.5946
2023-02-06T04:00,15.9,86,910.5,Bengaluru,12.9716,77.5946
2023-02-06T05:00,16.2,83,911.4,Bengaluru,12.9716,77.5946
2023-02-06T06:00,16.1,77,911.7,Bengaluru,12.9716,77.5946
2023-02-06T07:00,17.1,70,912.8,Bengaluru,12.9716,77.5946
2023-02-06T08:00,20.4,54,914.4,Bengaluru,12.9716,77.5946
2023-02-06T09:00,23.8,38,915.8,Bengaluru,12.9716,77.5946
2023-02-06T10:00,26.1,30,916,Bengaluru,12.9716,77.5946
2023-02-06T11:00,27.5,28,915.7,Bengaluru,12.9716,77.5946
2023-02-06T12:00,28.5,27,914.8,Bengaluru,12.9716,77.5946
2023-02-06T13:00,29.1,26,913.7,Bengaluru,12.9716,77.5946
2023-02-06T14:00,29.4,26,912.4,Bengaluru,12.9716,77.5946
2023-02-06T15:00,29.2,26,911.9,Bengaluru,12.9716,77.5946
2023-02-06T16:00,28.6,27,911.9,Bengaluru,12.9716,77.5946
2023-02-06T17:00,27.5,29,912.2,Bengaluru,12.9716,77.5946
2023-02-06T18:00,24.3,36,911.7,Bengaluru,12.9716,77.5946
2023-02-06T19:00,22.7,38,911.9,Bengaluru,12.9716,77.5946
2023-02-06T20:00,21.5,42,912.1,Bengaluru,12.9716,77.5946
2023-02-06T21:00,20.7,45,912.2,Bengaluru,12.9716,77.5946
2023-02-06T22:00,19.6,50,912.5,Bengaluru,12.9716,77.5946
2023-02-06T23:00,19.1,56,912.3,Bengaluru,12.9716,77.5946
2023-02-07T00:00,18.7,66,912,Bengaluru,12.9716,77.5946
2023-02-07T01:00,17.9,78,912.1,Bengaluru,12.9716,77.5946
2023-02-07T02:00,17.2,83,911.6,Bengaluru,12.9716,77.5946
2023-02-07T03:00,16.7,86,911,Bengaluru,12.9716,77.5946
2023-02-07T04:00,16.3,90,910.8,Bengaluru,12.9716,77.5946
2023-02-07T05:00,16,95,911.4,Bengaluru,12.9716,77.5946
2023-02-07T06:00,16.1,95,912.1,Bengaluru,12.9716,77.5946
2023-02-07T07:00,17.2,89,913.2,Bengaluru,12.9716,77.5946
2023-02-07T08:00,20.3,74,914.9,Bengaluru,12.9716,77.5946
2023-02-07T09:00,23.1,58,916.1,Bengaluru,12.9716,77.5946
2023-02-07T10:00,25.3,46,916.3,Bengaluru,12.9716,77.5946
2023-02-07T11:00,27,39,915.7,Bengaluru,12.9716,77.5946
2023-02-07T12:00,28.2,35,914.9,Bengaluru,12.9716,77.5946
2023-02-07T13:00,29.1,32,913.9,Bengaluru,12.9716,77.5946
2023-02-07T14:00,29.6,31,912.8,Bengaluru,12.9716,77.5946
2023-02-07T15:00,29.7,30,912,Bengaluru,12.9716,77.5946
2023-02-07T16:00,29.5,30,911.9,Bengaluru,12.9716,77.5946
2023-02-07T17:00,28.2,35,911.9,Bengaluru,12.9716,77.5946
2023-02-07T18:00,25,46,911.5,Bengaluru,12.9716,77.5946
2023-02-07T19:00,23.5,48,911.8,Bengaluru,12.9716,77.5946
2023-02-07T20:00,23.5,47,912.5,Bengaluru,12.9716,77.5946
2023-02-07T21:00,22.3,51,912.7,Bengaluru,12.9716,77.5946
2023-02-07T22:00,21.2,55,912.8,Bengaluru,12.9716,77.5946
2023-02-07T23:00,19.8,57,912.4,Bengaluru,12.9716,77.5946
2023-02-08T00:00,19.8,54,912,Bengaluru,12.9716,77.5946
2023-02-08T01:00,19.2,58,911.6,Bengaluru,12.9716,77.5946
2023-02-08T02:00,18.1,70,910.9,Bengaluru,12.9716,77.5946
2023-02-08T03:00,17.4,85,910.5,Bengaluru,12.9716,77.5946
2023-02-08T04:00,17,94,910.3,Bengaluru,12.9716,77.5946
2023-02-08T05:00,17,94,911,Bengaluru,12.9716,77.5946
2023-02-08T06:00,17,93,911.5,Bengaluru,12.9716,77.5946
2023-02-08T07:00,18.1,85,912.4,Bengaluru,12.9716,77.5946
2023-02-08T08:00,21.4,68,914.4,Bengaluru,12.9716,77.5946
2023-02-08T09:00,24.6,46,915.8,Bengaluru,12.9716,77.5946
2023-02-08T10:00,26.8,37,916.2,Bengaluru,12.9716,77.5946
2023-02-08T11:00,28.3,34,915.6,Bengaluru,12.9716,77.5946
2023-02-08T12:00,29.7,30,914.7,Bengaluru,12.9716,77.5946
2023-02-08T13:00,30.3,28,913.8,Bengaluru,12.9716,77.5946
2023-02-08T14:00,30.7,28,912.7,Bengaluru,12.9716,77.5946
2023-02-08T15:00,30.9,27,912.1,Bengaluru,12.9716,77.5946
2023-02-08T16:00,30.4,26,911.8,Bengaluru,12.9716,77.5946
2023-02-08T17:00,28.8,30,912.1,Bengaluru,12.9716,77.5946
2023-02-08T18:00,26.1,36,912.1,Bengaluru,12.9716,77.5946
2023-02-08T19:00,24.4,41,912.3,Bengaluru,12.9716,77.5946
2023-02-08T20:00,22.8,47,913,Bengaluru,12.9716,77.5946
2023-02-08T21:00,22,57,913.8,Bengaluru,12.9716,77.5946
2023-02-08T22:00,21.3,61,913.8,Bengaluru,12.9716,77.5946
2023-02-08T23:00,20.5,66,913.5,Bengaluru,12.9716,77.5946
2023-02-09T00:00,19.6,71,913,Bengaluru,12.9716,77.5946
2023-02-09T01:00,18.6,76,912.4,Bengaluru,12.9716,77.5946
2023-02-09T02:00,18,79,911.6,Bengaluru,12.9716,77.5946
2023-02-09T03:00,17.5,82,911.1,Bengaluru,12.9716,77.5946
2023-02-09T04:00,17,84,910.9,Bengaluru,12.9716,77.5946
2023-02-09T05:00,16.9,91,911.1,Bengaluru,12.9716,77.5946
2023-02-09T06:00,17.1,87,911.6,Bengaluru,12.9716,77.5946
2023-02-09T07:00,18.3,78,912.7,Bengaluru,12.9716,77.5946
2023-02-09T08:00,21.7,57,914.6,Bengaluru,12.9716,77.5946
2023-02-09T09:00,24.3,44,915.7,Bengaluru,12.9716,77.5946
2023-02-09T10:00,26.3,39,916.2,Bengaluru,12.9716,77.5946
2023-02-09T11:00,28,32,915.9,Bengaluru,12.9716,77.5946
2023-02-09T12:00,29.1,28,915.2,Bengaluru,12.9716,77.5946
2023-02-09T13:00,29.7,28,914.2,Bengaluru,12.9716,77.5946
2023-02-09T14:00,30.3,27,913.1,Bengaluru,12.9716,77.5946
2023-02-09T15:00,30.2,26,912.5,Bengaluru,12.9716,77.5946
2023-02-09T16:00,29.8,26,912.4,Bengaluru,12.9716,77.5946
2023-02-09T17:00,27.8,34,913.1,Bengaluru,12.9716,77.5946
2023-02-09T18:00,25.2,40,913,Bengaluru,12.9716,77.5946
2023-02-09T19:00,23.8,43,913.6,Bengaluru,12.9716,77.5946
2023-02-09T20:00,22.7,47,914.5,Bengaluru,12.9716,77.5946
2023-02-09T21:00,21.5,51,914.8,Bengaluru,12.9716,77.5946
2023-02-09T22:00,20.6,55,914.8,Bengaluru,12.9716,77.5946
2023-02-09T23:00,19.9,60,914.8,Bengaluru,12.9716,77.5946
2023-02-10T00:00,19,65,914.2,Bengaluru,12.9716,77.5946
2023-02-10T01:00,18.1,72,913.6,Bengaluru,12.9716,77.5946
2023-02-10T02:00,17.4,77,912.8,Bengaluru,12.9716,77.5946
2023-02-10T03:00,16.9,80,912.2,Bengaluru,12.9716,77.5946
2023-02-10T04:00,16.4,84,911.9,Bengaluru,12.9716,77.5946
2023-02-10T05:00,16.3,86,912.6,Bengaluru,12.9716,77.5946
2023-02-10T06:00,16.3,87,913.1,Bengaluru,12.9716,77.5946
2023-02-10T07:00,17.6,81,914.2,Bengaluru,12.9716,77.5946
2023-02-10T08:00,21.2,62,916.1,Bengaluru,12.9716,77.5946
2023-02-10T09:00,24.3,39,917.4,Bengaluru,12.9716,77.5946
2023-02-10T10:00,26.5,32,917.7,Bengaluru,12.9716,77.5946
2023-02-10T11:00,28.1,26,917.3,Bengaluru,12.9716,77.5946
2023-02-10T12:00,29.1,23,916.4,Bengaluru,12.9716,77.5946
2023-02-10T13:00,29.6,23,915.4,Bengaluru,12.9716,77.5946
2023-02-10T14:00,30,23,914.3,Bengaluru,12.9716,77.5946
2023-02-10T15:00,30.2,21,913.8,Bengaluru,12.9716,77.5946
2023-02-10T16:00,29.4,23,913.3,Bengaluru,12.9716,77.5946
2023-02-10T17:00,27.6,26,913.5,Bengaluru,12.9716,77.5946
2023-02-10T18:00,24.8,32,913.4,Bengaluru,12.9716,77.5946
2023-02-10T19:00,23.3,35,913.5,Bengaluru,12.9716,77.5946
2023-02-10T20:00,21.8,39,913.9,Bengaluru,12.9716,77.5946
2023-02-10T21:00,20.8,45,914.7,Bengaluru,12.9716,77.5946
2023-02-10T22:00,20.1,50,914.8,Bengaluru,12.9716,77.5946
2023-02-10T23:00,19.6,52,915,Bengaluru,12.9716,77.5946
2023-02-11T00:00,18.9,56,914.6,Bengaluru,12.9716,77.5946
2023-02-11T01:00,17.9,62,913.9,Bengaluru,12.9716,77.5946
2023-02-11T02:00,17.1,66,912.9,Bengaluru,12.9716,77.5946
2023-02-11T03:00,16.4,70,912.2,Bengaluru,12.9716,77.5946
2023-02-11T04:00,15.6,74,911.9,Bengaluru,12.9716,77.5946
2023-02-11T05:00,14.9,80,912.1,Bengaluru,12.9716,77.5946
2023-02-11T06:00,14.8,80,912.8,Bengaluru,12.9716,77.5946
2023-02-11T07:00,16.4,73,914,Bengaluru,12.9716,77.5946
2023-02-11T08:00,20.2,55,916,Bengaluru,12.9716,77.5946
2023-02-11T09:00,23.5,35,917.3,Bengaluru,12.9716,77.5946
2023-02-11T10:00,25.9,26,917.5,Bengaluru,12.9716,77.5946
2023-02-11T11:00,27.9,20,917.2,Bengaluru,12.9716,77.5946
2023-02-11T12:00,29.1,18,916.3,Bengaluru,12.9716,77.5946
2023-02-11T13:00,29.7,20,915.5,Bengaluru,12.9716,77.5946
2023-02-11T14:00,30.1,20,914.6,Bengaluru,12.9716,77.5946
2023-02-11T15:00,30.3,20,914,Bengaluru,12.9716,77.5946
2023-02-11T16:00,29.9,21,913.8,Bengaluru,12.9716,77.5946
2023-02-11T17:00,27.9,24,913.9,Bengaluru,12.9716,77.5946
2023-02-11T18:00,24.8,31,913.5,Bengaluru,12.9716,77.5946
2023-02-11T19:00,23.2,35,914.1,Bengaluru,12.9716,77.5946
2023-02-11T20:00,21.9,40,914.6,Bengaluru,12.9716,77.5946
2023-02-11T21:00,20.8,47,915.3,Bengaluru,12.9716,77.5946
2023-02-11T22:00,20.2,50,915.5,Bengaluru,12.9716,77.5946
2023-02-11T23:00,19.9,52,915.5,Bengaluru,12.9716,77.5946
2023-02-12T00:00,19.3,55,915,Bengaluru,12.9716,77.5946
2023-02-12T01:00,18.7,59,914.2,Bengaluru,12.9716,77.5946
2023-02-12T02:00,18.1,64,913.3,Bengaluru,12.9716,77.5946
2023-02-12T03:00,17.3,69,912.6,Bengaluru,12.9716,77.5946
2023-02-12T04:00,16.4,74,912.1,Bengaluru,12.9716,77.5946
2023-02-12T05:00,16.8,75,912.8,Bengaluru,12.9716,77.5946
2023-02-12T06:00,16.1,79,913.3,Bengaluru,12.9716,77.5946
2023-02-12T07:00,17,76,914.5,Bengaluru,12.9716,77.5946
2023-02-12T08:00,20.5,61,916.1,Bengaluru,12.9716,77.5946
2023-02-12T09:00,23.8,40,917.4,Bengaluru,12.9716,77.5946
2023-02-12T10:00,26.5,26,917.9,Bengaluru,12.9716,77.5946
2023-02-12T11:00,28.2,21,917.5,Bengaluru,12.9716,77.5946
2023-02-12T12:00,29.6,19,916.8,Bengaluru,12.9716,77.5946
2023-02-12T13:00,30.3,20,915.8,Bengaluru,12.9716,77.5946
2023-02-12T14:00,31,19,914.8,Bengaluru,12.9716,77.5946
2023-02-12T15:00,30.9,19,914.3,Bengaluru,12.9716,77.5946
2023-02-12T16:00,30.3,20,914.1,Bengaluru,12.9716,77.5946
2023-02-12T17:00,28.8,22,914.1,Bengaluru,12.9716,77.5946
2023-02-12T18:00,25.5,28,913.9,Bengaluru,12.9716,77.5946
2023-02-12T19:00,23.3,34,913.9,Bengaluru,12.9716,77.5946
2023-02-12T20:00,22,40,914.6,Bengaluru,12.9716,77.5946
2023-02-12T21:00,21.3,43,915,Bengaluru,12.9716,77.5946
2023-02-12T22:00,20.4,46,915.4,Bengaluru,12.9716,77.5946
2023-02-12T23:00,19.6,50,915.1,Bengaluru,12.9716,77.5946
2023-02-13T00:00,18.8,53,914.6,Bengaluru,12.9716,77.5946
2023-02-13T01:00,17.9,57,913.6,Bengaluru,12.9716,77.5946
2023-02-13T02:00,17.1,61,912.6,Bengaluru,12.9716,77.5946
2023-02-13T03:00,16.8,63,912.2,Bengaluru,12.9716,77.5946
2023-02-13T04:00,16.8,62,912.1,Bengaluru,12.9716,77.5946
2023-02-13T05:00,16.5,64,912.5,Bengaluru,12.9716,77.5946
2023-02-13T06:00,16.4,63,913.2,Bengaluru,12.9716,77.5946
2023-02-13T07:00,17.8,58,914.5,Bengaluru,12.9716,77.5946
2023-02-13T08:00,21.4,47,916.4,Bengaluru,12.9716,77.5946
2023-02-13T09:00,25,36,917.7,Bengaluru,12.9716,77.5946
2023-02-13T10:00,27,30,918,Bengaluru,12.9716,77.5946
2023-02-13T11:00,28.3,27,917.5,Bengaluru,12.9716,77.5946
2023-02-13T12:00,29.4,25,916.7,Bengaluru,12.9716,77.5946
2023-02-13T13:00,30.2,24,915.7,Bengaluru,12.9716,77.5946
2023-02-13T14:00,30.5,23,914.6,Bengaluru,12.9716,77.5946
2023-02-13T15:00,30.5,22,914,Bengaluru,12.9716,77.5946
2023-02-13T16:00,29.8,24,913.8,Bengaluru,12.9716,77.5946
2023-02-13T17:00,28.7,26,913.9,Bengaluru,12.9716,77.5946
2023-02-13T18:00,25.5,32,913.6,Bengaluru,12.9716,77.5946
2023-02-13T19:00,23.9,35,914.1,Bengaluru,12.9716,77.5946
2023-02-13T20:00,22.7,38,915,Bengaluru,12.9716,77.5946
2023-02-13T21:00,21.4,39,915.5,Bengaluru,12.9716,77.5946
2023-02-13T22:00,20.5,41,915.3,Bengaluru,12.9716,77.5946
2023-02-13T23:00,19.6,43,915.2,Bengaluru,12.9716,77.5946
2023-02-14T00:00,18.6,46,914.7,Bengaluru,12.9716,77.5946
2023-02-14T01:00,17.7,51,914,Bengaluru,12.9716,77.5946
2023-02-14T02:00,16.9,57,912.9,Bengaluru,12.9716,77.5946
2023-02-14T03:00,16.3,62,912.3,Bengaluru,12.9716,77.5946
2023-02-14T04:00,15.9,66,912.2,Bengaluru,12.9716,77.5946
2023-02-14T05:00,15.6,72,912.9,Bengaluru,12.9716,77.5946
2023-02-14T06:00,15.6,72,913.5,Bengaluru,12.9716,77.5946
2023-02-14T07:00,17,66,914.5,Bengaluru,12.9716,77.5946
2023-02-14T08:00,20.9,49,916.5,Bengaluru,12.9716,77.5946
2023-02-14T09:00,24.2,32,917.7,Bengaluru,12.9716,77.5946
2023-02-14T10:00,26.4,23,917.8,Bengaluru,12.9716,77.5946
2023-02-14T11:00,28.1,20,917.3,Bengaluru,12.9716,77.5946
2023-02-14T12:00,29.3,19,916.4,Bengaluru,12.9716,77.5946
2023-02-14T13:00,30.1,18,915.4,Bengaluru,12.9716,77.5946
2023-02-14T14:00,30.5,18,914.1,Bengaluru,12.9716,77.5946
2023-02-14T15:00,30.4,18,913.3,Bengaluru,12.9716,77.5946
2023-02-14T16:00,30,19,913,Bengaluru,12.9716,77.5946
2023-02-14T17:00,28.3,24,913.1,Bengaluru,12.9716,77.5946
2023-02-14T18:00,24.6,32,912.6,Bengaluru,12.9716,77.5946
2023-02-14T19:00,23.1,36,912.9,Bengaluru,12.9716,77.5946
2023-02-14T20:00,21.7,41,913.6,Bengaluru,12.9716,77.5946
2023-02-14T21:00,20.5,45,913.9,Bengaluru,12.9716,77.5946
2023-02-14T22:00,19.6,48,914,Bengaluru,12.9716,77.5946
2023-02-14T23:00,18.9,50,913.5,Bengaluru,12.9716,77.5946
2023-02-15T00:00,18.3,52,912.9,Bengaluru,12.9716,77.5946
2023-02-15T01:00,17.6,55,912.4,Bengaluru,12.9716,77.5946
2023-02-15T02:00,16.6,62,911.6,Bengaluru,12.9716,77.5946
2023-02-15T03:00,15.8,69,910.7,Bengaluru,12.9716,77.5946
2023-02-15T04:00,15,75,910.4,Bengaluru,12.9716,77.5946
2023-02-15T05:00,14.8,77,910.5,Bengaluru,12.9716,77.5946
2023-02-15T06:00,14.7,79,911,Bengaluru,12.9716,77.5946
2023-02-15T07:00,16.3,73,912.2,Bengaluru,12.9716,77.5946
2023-02-15T08:00,20.7,57,914.2,Bengaluru,12.9716,77.5946
2023-02-15T09:00,24.2,38,915.8,Bengaluru,12.9716,77.5946
2023-02-15T10:00,26.6,25,916.3,Bengaluru,12.9716,77.5946
2023-02-15T11:00,28.3,19,916.1,Bengaluru,12.9716,77.5946
2023-02-15T12:00,29.5,16,915.4,Bengaluru,12.9716,77.5946
2023-02-15T13:00,30.3,15,914.5,Bengaluru,12.9716,77.5946
2023-02-15T14:00,30.6,15,913.5,Bengaluru,12.9716,77.5946
2023-02-15T15:00,30.6,16,912.8,Bengaluru,12.9716,77.5946
2023-02-15T16:00,30,17,912.4,Bengaluru,12.9716,77.5946
2023-02-15T17:00,28.5,21,912.5,Bengaluru,12.9716,77.5946
2023-02-15T18:00,25.3,27,912,Bengaluru,12.9716,77.5946
2023-02-15T19:00,23.4,33,912.3,Bengaluru,12.9716,77.5946
2023-02-15T20:00,22.1,38,913,Bengaluru,12.9716,77.5946
2023-02-15T21:00,21.2,40,913.6,Bengaluru,12.9716,77.5946
2023-02-15T22:00,20.3,46,913.8,Bengaluru,12.9716,77.5946
2023-02-15T23:00,19.7,52,913.6,Bengaluru,12.9716,77.5946
2023-02-16T00:00,18.8,55,912.9,Bengaluru,12.9716,77.5946
2023-02-16T01:00,17.8,59,911.8,Bengaluru,12.9716,77.5946
2023-02-16T02:00,16.9,65,910.6,Bengaluru,12.9716,77.5946
2023-02-16T03:00,16.3,71,909.9,Bengaluru,12.9716,77.5946
2023-02-16T04:00,16.2,70,909.7,Bengaluru,12.9716,77.5946
2023-02-16T05:00,15.7,77,910.3,Bengaluru,12.9716,77.5946
2023-02-16T06:00,15.8,72,911.2,Bengaluru,12.9716,77.5946
2023-02-16T07:00,17.4,59,912.5,Bengaluru,12.9716,77.5946
2023-02-16T08:00,21.4,44,914.5,Bengaluru,12.9716,77.5946
2023-02-16T09:00,24.9,28,916.1,Bengaluru,12.9716,77.5946
2023-02-16T10:00,26.9,23,916.6,Bengaluru,12.9716,77.5946
2023-02-16T11:00,28.5,20,916,Bengaluru,12.9716,77.5946
2023-02-16T12:00,29.5,19,915.2,Bengaluru,12.9716,77.5946
2023-02-16T13:00,30.2,18,914.3,Bengaluru,12.9716,77.5946
2023-02-16T14:00,30.5,18,913.2,Bengaluru,12.9716,77.5946
2023-02-16T15:00,30.4,18,912.7,Bengaluru,12.9716,77.5946
2023-02-16T16:00,29.8,19,912.6,Bengaluru,12.9716,77.5946
2023-02-16T17:00,28,24,912.6,Bengaluru,12.9716,77.5946
2023-02-16T18:00,25.1,31,912.3,Bengaluru,12.9716,77.5946
2023-02-16T19:00,23.7,35,912.8,Bengaluru,12.9716,77.5946
2023-02-16T20:00,22.3,41,913.6,Bengaluru,12.9716,77.5946
2023-02-16T21:00,21.2,47,914.1,Bengaluru,12.9716,77.5946
2023-02-16T22:00,20.1,53,914.3,Bengaluru,12.9716,77.5946
2023-02-16T23:00,19.5,58,914.2,Bengaluru,12.9716,77.5946
2023-02-17T00:00,18.6,64,913.7,Bengaluru,12.9716,77.5946
2023-02-17T01:00,17.6,70,912.8,Bengaluru,12.9716,77.5946
2023-02-17T02:00,16.8,77,912,Bengaluru,12.9716,77.5946
2023-02-17T03:00,16.2,83,911.5,Bengaluru,12.9716,77.5946
2023-02-17T04:00,15.6,87,911.3,Bengaluru,12.9716,77.5946
2023-02-17T05:00,15.5,91,911.7,Bengaluru,12.9716,77.5946
2023-02-17T06:00,15.5,88,912.2,Bengaluru,12.9716,77.5946
2023-02-17T07:00,17.2,76,913.4,Bengaluru,12.9716,77.5946
2023-02-17T08:00,21.5,54,915.5,Bengaluru,12.9716,77.5946
2023-02-17T09:00,24.9,31,916.7,Bengaluru,12.9716,77.5946
2023-02-17T10:00,27,23,916.9,Bengaluru,12.9716,77.5946
2023-02-17T11:00,28.5,19,916.3,Bengaluru,12.9716,77.5946
2023-02-17T12:00,29.4,18,915.5,Bengaluru,12.9716,77.5946
2023-02-17T13:00,30.1,17,914.6,Bengaluru,12.9716,77.5946
2023-02-17T14:00,30.4,17,913.6,Bengaluru,12.9716,77.5946
2023-02-17T15:00,30.2,17,913,Bengaluru,12.9716,77.5946
2023-02-17T16:00,29.6,18,912.9,Bengaluru,12.9716,77.5946
2023-02-17T17:00,28.1,19,913,Bengaluru,12.9716,77.5946
2023-02-17T18:00,24.8,25,912.7,Bengaluru,12.9716,77.5946
2023-02-17T19:00,23.1,32,913.2,Bengaluru,12.9716,77.5946
2023-02-17T20:00,22.1,39,914,Bengaluru,12.9716,77.5946
2023-02-17T21:00,21.2,42,914.3,Bengaluru,12.9716,77.5946
2023-02-17T22:00,20,45,914.2,Bengaluru,12.9716,77.5946
2023-02-17T23:00,19.2,49,914,Bengaluru,12.9716,77.5946
2023-02-18T00:00,18.6,53,913.3,Bengaluru,12.9716,77.5946
2023-02-18T01:00,17.9,60,912.5,Bengaluru,12.9716,77.5946
2023-02-18T02:00,17.3,70,911.9,Bengaluru,12.9716,77.5946
2023-02-18T03:00,16.7,78,911.3,Bengaluru,12.9716,77.5946
2023-02-18T04:00,16,84,911.2,Bengaluru,12.9716,77.5946
2023-02-18T05:00,15.2,87,911.6,Bengaluru,12.9716,77.5946
2023-02-18T06:00,14.8,91,912.4,Bengaluru,12.9716,77.5946
2023-02-18T07:00,16.8,82,914,Bengaluru,12.9716,77.5946
2023-02-18T08:00,20.5,67,915.7,Bengaluru,12.9716,77.5946
2023-02-18T09:00,24.2,42,916.8,Bengaluru,12.9716,77.5946
2023-02-18T10:00,27,25,917.1,Bengaluru,12.9716,77.5946
2023-02-18T11:00,28.2,25,916.5,Bengaluru,12.9716,77.5946
2023-02-18T12:00,29.2,22,915.4,Bengaluru,12.9716,77.5946
2023-02-18T13:00,30,20,914.4,Bengaluru,12.9716,77.5946
2023-02-18T14:00,30.2,20,913.6,Bengaluru,12.9716,77.5946
2023-02-18T15:00,30,20,912.9,Bengaluru,12.9716,77.5946
2023-02-18T16:00,29.4,21,912.8,Bengaluru,12.9716,77.5946
2023-02-18T17:00,28.1,23,913.1,Bengaluru,12.9716,77.5946
2023-02-18T18:00,24.8,29,912.7,Bengaluru,12.9716,77.5946
2023-02-18T19:00,23.8,30,913.2,Bengaluru,12.9716,77.5946
2023-02-18T20:00,22.3,34,913.9,Bengaluru,12.9716,77.5946
2023-02-18T21:00,21.1,37,914.5,Bengaluru,12.9716,77.5946
2023-02-18T22:00,20.5,43,914.6,Bengaluru,12.9716,77.5946
2023-02-18T23:00,19.9,50,914.4,Bengaluru,12.9716,77.5946
2023-02-19T00:00,19.2,55,914,Bengaluru,12.9716,77.5946
2023-02-19T01:00,18.4,62,913.4,Bengaluru,12.9716,77.5946
2023-02-19T02:00,17.4,73,912.7,Bengaluru,12.9716,77.5946
2023-02-19T03:00,16.5,83,912.2,Bengaluru,12.9716,77.5946
2023-02-19T04:00,16,90,911.9,Bengaluru,12.9716,77.5946
2023-02-19T05:00,15.4,91,912.3,Bengaluru,12.9716,77.5946
2023-02-19T06:00,15.4,93,912.8,Bengaluru,12.9716,77.5946
2023-02-19T07:00,16.8,88,914.3,Bengaluru,12.9716,77.5946
2023-02-19T08:00,19.8,74,916,Bengaluru,12.9716,77.5946
2023-02-19T09:00,22.9,58,917,Bengaluru,12.9716,77.5946
2023-02-19T10:00,25.2,45,917.2,Bengaluru,12.9716,77.5946
2023-02-19T11:00,27.2,36,916.6,Bengaluru,12.9716,77.5946
2023-02-19T12:00,28.5,31,915.4,Bengaluru,12.9716,77.5946
2023-02-19T13:00,29.5,27,914.6,Bengaluru,12.9716,77.5946
2023-02-19T14:00,29.9,25,913.7,Bengaluru,12.9716,77.5946
2023-02-19T15:00,29.8,25,913.1,Bengaluru,12.9716,77.5946
2023-02-19T16:00,29.4,25,912.9,Bengaluru,12.9716,77.5946
2023-02-19T17:00,27.9,31,913.2,Bengaluru,12.9716,77.5946
2023-02-19T18:00,25.6,36,913.2,Bengaluru,12.9716,77.5946
2023-02-19T19:00,24.2,40,913.5,Bengaluru,12.9716,77.5946
2023-02-19T20:00,23.1,43,914.1,Bengaluru,12.9716,77.5946
2023-02-19T21:00,21.8,49,914.7,Bengaluru,12.9716,77.5946
2023-02-19T22:00,21,53,914.8,Bengaluru,12.9716,77.5946
2023-02-19T23:00,20.4,54,914.3,Bengaluru,12.9716,77.5946
2023-02-20T00:00,19.8,57,913.7,Bengaluru,12.9716,77.5946
2023-02-20T01:00,18.6,65,913.1,Bengaluru,12.9716,77.5946
2023-02-20T02:00,17.7,74,912.5,Bengaluru,12.9716,77.5946
2023-02-20T03:00,17,84,912.1,Bengaluru,12.9716,77.5946
2023-02-20T04:00,16.5,93,912,Bengaluru,12.9716,77.5946
2023-02-20T05:00,16.5,97,912.3,Bengaluru,12.9716,77.5946
2023-02-20T06:00,16.4,97,913.4,Bengaluru,12.9716,77.5946
2023-02-20T07:00,17.5,92,914.4,Bengaluru,12.9716,77.5946
2023-02-20T08:00,20.5,76,916.1,Bengaluru,12.9716,77.5946
2023-02-20T09:00,23.5,55,917.1,Bengaluru,12.9716,77.5946
2023-02-20T10:00,25.6,43,917.4,Bengaluru,12.9716,77.5946
2023-02-20T11:00,27.2,37,916.9,Bengaluru,12.9716,77.5946
2023-02-20T12:00,28.5,32,916.1,Bengaluru,12.9716,77.5946
2023-02-20T13:00,29.4,29,915.3,Bengaluru,12.9716,77.5946
2023-02-20T14:00,29.9,26,914.4,Bengaluru,12.9716,77.5946
2023-02-20T15:00,30,24,914,Bengaluru,12.9716,77.5946
2023-02-20T16:00,29.7,22,913.8,Bengaluru,12.9716,77.5946
2023-02-20T17:00,28.4,28,913.7,Bengaluru,12.9716,77.5946
2023-02-20T18:00,25.7,33,913.3,Bengaluru,12.9716,77.5946
2023-02-20T19:00,24.2,37,913.6,Bengaluru,12.9716,77.5946
2023-02-20T20:00,23.4,38,914.3,Bengaluru,12.9716,77.5946
2023-02-20T21:00,22.2,44,915.1,Bengaluru,12.9716,77.5946
2023-02-20T22:00,21,48,914.9,Bengaluru,12.9716,77.5946
2023-02-20T23:00,20.4,47,914.8,Bengaluru,12.9716,77.5946
2023-02-21T00:00,19.8,49,914.4,Bengaluru,12.9716,77.5946
2023-02-21T01:00,18.8,59,913.5,Bengaluru,12.9716,77.5946
2023-02-21T02:00,18.1,64,912.9,Bengaluru,12.9716,77.5946
2023-02-21T03:00,17.5,65,912.4,Bengaluru,12.9716,77.5946
2023-02-21T04:00,16.9,67,911.9,Bengaluru,12.9716,77.5946
2023-02-21T05:00,16.9,70,912.8,Bengaluru,12.9716,77.5946
2023-02-21T06:00,17,68,913.4,Bengaluru,12.9716,77.5946
2023-02-21T07:00,18.3,62,914.7,Bengaluru,12.9716,77.5946
2023-02-21T08:00,21.9,49,916.4,Bengaluru,12.9716,77.5946
2023-02-21T09:00,25.2,37,917.7,Bengaluru,12.9716,77.5946
2023-02-21T10:00,27.1,29,917.8,Bengaluru,12.9716,77.5946
2023-02-21T11:00,28.6,26,917.3,Bengaluru,12.9716,77.5946
2023-02-21T12:00,29.7,24,916.5,Bengaluru,12.9716,77.5946
2023-02-21T13:00,30.5,22,915.7,Bengaluru,12.9716,77.5946
2023-02-21T14:00,31,22,914.7,Bengaluru,12.9716,77.5946
2023-02-21T15:00,31.1,21,914.1,Bengaluru,12.9716,77.5946
2023-02-21T16:00,30.8,21,914,Bengaluru,12.9716,77.5946
2023-02-21T17:00,28.8,26,914.3,Bengaluru,12.9716,77.5946
2023-02-21T18:00,25.9,31,913.9,Bengaluru,12.9716,77.5946
2023-02-21T19:00,24,34,913.9,Bengaluru,12.9716,77.5946
2023-02-21T20:00,22.6,36,914.5,Bengaluru,12.9716,77.5946
2023-02-21T21:00,21.4,39,914.7,Bengaluru,12.9716,77.5946
2023-02-21T22:00,20.5,43,914.8,Bengaluru,12.9716,77.5946
2023-02-21T23:00,19.9,47,914.6,Bengaluru,12.9716,77.5946
2023-02-22T00:00,19.5,51,914.4,Bengaluru,12.9716,77.5946
2023-02-22T01:00,18.7,59,913.7,Bengaluru,12.9716,77.5946
2023-02-22T02:00,18.2,63,912.8,Bengaluru,12.9716,77.5946
2023-02-22T03:00,17.6,66,912.3,Bengaluru,12.9716,77.5946
2023-02-22T04:00,17.2,67,911.8,Bengaluru,12.9716,77.5946
2023-02-22T05:00,16.7,72,912.4,Bengaluru,12.9716,77.5946
2023-02-22T06:00,16.9,70,912.8,Bengaluru,12.9716,77.5946
2023-02-22T07:00,18.3,63,913.9,Bengaluru,12.9716,77.5946
2023-02-22T08:00,21.9,46,915.6,Bengaluru,12.9716,77.5946
2023-02-22T09:00,24.7,32,916.7,Bengaluru,12.9716,77.5946
2023-02-22T10:00,26.8,29,917,Bengaluru,12.9716,77.5946
2023-02-22T11:00,28.7,23,916.6,Bengaluru,12.9716,77.5946
2023-02-22T12:00,30,20,915.9,Bengaluru,12.9716,77.5946
2023-02-22T13:00,30.6,20,915,Bengaluru,12.9716,77.5946
2023-02-22T14:00,31,21,914,Bengaluru,12.9716,77.5946
2023-02-22T15:00,31.1,21,913.4,Bengaluru,12.9716,77.5946
2023-02-22T16:00,30.6,22,913.2,Bengaluru,12.9716,77.5946
2023-02-22T17:00,29,26,913.3,Bengaluru,12.9716,77.5946
2023-02-22T18:00,26.3,32,913.1,Bengaluru,12.9716,77.5946
2023-02-22T19:00,24.4,36,913.4,Bengaluru,12.9716,77.5946
2023-02-22T20:00,23.3,39,914,Bengaluru,12.9716,77.5946
2023-02-22T21:00,22.3,41,914.5,Bengaluru,12.9716,77.5946
2023-02-22T22:00,21.1,45,914.5,Bengaluru,12.9716,77.5946
2023-02-22T23:00,20.2,49,914.5,Bengaluru,12.9716,77.5946
2023-02-23T00:00,19.2,54,914.4,Bengaluru,12.9716,77.5946
2023-02-23T01:00,18.1,60,913.3,Bengaluru,12.9716,77.5946
2023-02-23T02:00,17.2,64,912.6,Bengaluru,12.9716,77.5946
2023-02-23T03:00,16.5,68,912.1,Bengaluru,12.9716,77.5946
2023-02-23T04:00,15.8,72,911.8,Bengaluru,12.9716,77.5946
2023-02-23T05:00,15.5,75,912.1,Bengaluru,12.9716,77.5946
2023-02-23T06:00,15.1,77,912.4,Bengaluru,12.9716,77.5946
2023-02-23T07:00,16.7,69,913.6,Bengaluru,12.9716,77.5946
2023-02-23T08:00,20.7,51,915.4,Bengaluru,12.9716,77.5946
2023-02-23T09:00,23.9,30,916.5,Bengaluru,12.9716,77.5946
2023-02-23T10:00,26.3,22,916.8,Bengaluru,12.9716,77.5946
2023-02-23T11:00,28.4,15,916.3,Bengaluru,12.9716,77.5946
2023-02-23T12:00,29.5,15,915.5,Bengaluru,12.9716,77.5946
2023-02-23T13:00,30.4,15,914.5,Bengaluru,12.9716,77.5946
2023-02-23T14:00,31,13,913.5,Bengaluru,12.9716,77.5946
2023-02-23T15:00,30.8,14,912.8,Bengaluru,12.9716,77.5946
2023-02-23T16:00,30.2,14,912.7,Bengaluru,12.9716,77.5946
2023-02-23T17:00,28.1,16,913.3,Bengaluru,12.9716,77.5946
2023-02-23T18:00,25,22,912.9,Bengaluru,12.9716,77.5946
2023-02-23T19:00,23,27,913.1,Bengaluru,12.9716,77.5946
2023-02-23T20:00,21.9,32,913.6,Bengaluru,12.9716,77.5946
2023-02-23T21:00,21,36,914.1,Bengaluru,12.9716,77.5946
2023-02-23T22:00,20,42,914.2,Bengaluru,12.9716,77.5946
2023-02-23T23:00,19.3,47,913.8,Bengaluru,12.9716,77.5946
2023-02-24T00:00,18.5,51,913,Bengaluru,12.9716,77.5946
2023-02-24T01:00,17.6,56,912.1,Bengaluru,12.9716,77.5946
2023-02-24T02:00,16.3,63,911.5,Bengaluru,12.9716,77.5946
2023-02-24T03:00,15.3,71,910.9,Bengaluru,12.9716,77.5946
2023-02-24T04:00,14.6,76,911,Bengaluru,12.9716,77.5946
2023-02-24T05:00,14.2,92,911.5,Bengaluru,12.9716,77.5946
2023-02-24T06:00,14.3,94,912.2,Bengaluru,12.9716,77.5946
2023-02-24T07:00,16,88,913.8,Bengaluru,12.9716,77.5946
2023-02-24T08:00,19.8,64,915.6,Bengaluru,12.9716,77.5946
2023-02-24T09:00,23.6,32,917.2,Bengaluru,12.9716,77.5946
2023-02-24T10:00,26.3,21,917.6,Bengaluru,12.9716,77.5946
2023-02-24T11:00,28.6,15,917.3,Bengaluru,12.9716,77.5946
2023-02-24T12:00,30,12,916.5,Bengaluru,12.9716,77.5946
2023-02-24T13:00,30.9,11,915.5,Bengaluru,12.9716,77.5946
2023-02-24T14:00,31.4,10,914.7,Bengaluru,12.9716,77.5946
2023-02-24T15:00,31.2,10,914.1,Bengaluru,12.9716,77.5946
2023-02-24T16:00,30.6,11,914.1,Bengaluru,12.9716,77.5946
2023-02-24T17:00,28.9,16,914.2,Bengaluru,12.9716,77.5946
2023-02-24T18:00,25.2,21,914,Bengaluru,12.9716,77.5946
2023-02-24T19:00,23.2,26,914.5,Bengaluru,12.9716,77.5946
2023-02-24T20:00,22.2,34,915.2,Bengaluru,12.9716,77.5946
2023-02-24T21:00,21.5,36,915.6,Bengaluru,12.9716,77.5946
2023-02-24T22:00,20.3,39,915.7,Bengaluru,12.9716,77.5946
2023-02-24T23:00,19.1,44,915.7,Bengaluru,12.9716,77.5946
2023-02-25T00:00,18.5,50,915.3,Bengaluru,12.9716,77.5946
2023-02-25T01:00,17.9,58,915,Bengaluru,12.9716,77.5946
2023-02-25T02:00,16.9,68,914.1,Bengaluru,12.9716,77.5946
2023-02-25T03:00,16.1,76,913.4,Bengaluru,12.9716,77.5946
2023-02-25T04:00,15.4,83,913,Bengaluru,12.9716,77.5946
2023-02-25T05:00,15.4,79,913.6,Bengaluru,12.9716,77.5946
2023-02-25T06:00,15.7,72,914.5,Bengaluru,12.9716,77.5946
2023-02-25T07:00,17.8,57,915.6,Bengaluru,12.9716,77.5946
2023-02-25T08:00,22.1,39,917.5,Bengaluru,12.9716,77.5946
2023-02-25T09:00,25.6,24,918.5,Bengaluru,12.9716,77.5946
2023-02-25T10:00,28,19,919.1,Bengaluru,12.9716,77.5946
2023-02-25T11:00,29.6,16,918.6,Bengaluru,12.9716,77.5946
2023-02-25T12:00,30.6,16,917.7,Bengaluru,12.9716,77.5946
2023-02-25T13:00,31.4,15,916.8,Bengaluru,12.9716,77.5946
2023-02-25T14:00,31.7,14,915.8,Bengaluru,12.9716,77.5946
2023-02-25T15:00,31.6,14,915,Bengaluru,12.9716,77.5946
2023-02-25T16:00,31,15,914.9,Bengaluru,12.9716,77.5946
2023-02-25T17:00,29.4,18,915.2,Bengaluru,12.9716,77.5946
2023-02-25T18:00,26.3,23,915.1,Bengaluru,12.9716,77.5946
2023-02-25T19:00,24.8,26,915.9,Bengaluru,12.9716,77.5946
2023-02-25T20:00,23.6,29,916.8,Bengaluru,12.9716,77.5946
2023-02-25T21:00,22.6,32,917.4,Bengaluru,12.9716,77.5946
2023-02-25T22:00,21.6,36,917.7,Bengaluru,12.9716,77.5946
2023-02-25T23:00,20.8,37,917.4,Bengaluru,12.9716,77.5946
2023-02-26T00:00,19.7,41,916.7,Bengaluru,12.9716,77.5946
2023-02-26T01:00,18.7,45,915.8,Bengaluru,12.9716,77.5946
2023-02-26T02:00,18,48,914.9,Bengaluru,12.9716,77.5946
2023-02-26T03:00,17.3,51,914.3,Bengaluru,12.9716,77.5946
2023-02-26T04:00,16.9,50,914.2,Bengaluru,12.9716,77.5946
2023-02-26T05:00,16.4,55,914.8,Bengaluru,12.9716,77.5946
2023-02-26T06:00,16.8,47,915.6,Bengaluru,12.9716,77.5946
2023-02-26T07:00,18.5,39,916.9,Bengaluru,12.9716,77.5946
2023-02-26T08:00,22.1,29,918.5,Bengaluru,12.9716,77.5946
2023-02-26T09:00,25.1,21,919.5,Bengaluru,12.9716,77.5946
2023-02-26T10:00,27,17,919.7,Bengaluru,12.9716,77.5946
2023-02-26T11:00,28.6,16,919,Bengaluru,12.9716,77.5946
2023-02-26T12:00,29.7,17,918.2,Bengaluru,12.9716,77.5946
2023-02-26T13:00,30.4,16,917.4,Bengaluru,12.9716,77.5946
2023-02-26T14:00,30.5,16,916.6,Bengaluru,12.9716,77.5946
2023-02-26T15:00,30.3,16,916,Bengaluru,12.9716,77.5946
2023-02-26T16:00,29.4,18,915.7,Bengaluru,12.9716,77.5946
2023-02-26T17:00,27.5,22,916.3,Bengaluru,12.9716,77.5946
2023-02-26T18:00,25.1,27,916.5,Bengaluru,12.9716,77.5946
2023-02-26T19:00,23.4,32,916.6,Bengaluru,12.9716,77.5946
2023-02-26T20:00,22.3,37,917.4,Bengaluru,12.9716,77.5946
2023-02-26T21:00,21.2,44,917.8,Bengaluru,12.9716,77.5946
2023-02-26T22:00,20.3,47,918.1,Bengaluru,12.9716,77.5946
2023-02-26T23:00,19.2,48,917.6,Bengaluru,12.9716,77.5946
2023-02-27T00:00,18.1,51,917.2,Bengaluru,12.9716,77.5946
2023-02-27T01:00,17,57,916.3,Bengaluru,12.9716,77.5946
2023-02-27T02:00,16.2,63,915.6,Bengaluru,12.9716,77.5946
2023-02-27T03:00,15.2,69,915.1,Bengaluru,12.9716,77.5946
2023-02-27T04:00,14.3,75,914.6,Bengaluru,12.9716,77.5946
2023-02-27T05:00,13.9,88,915,Bengaluru,12.9716,77.5946
2023-02-27T06:00,14.3,83,915.7,Bengaluru,12.9716,77.5946
2023-02-27T07:00,16.3,68,916.9,Bengaluru,12.9716,77.5946
2023-02-27T08:00,20.3,46,918.7,Bengaluru,12.9716,77.5946
2023-02-27T09:00,23.5,28,919.8,Bengaluru,12.9716,77.5946
2023-02-27T10:00,25.7,22,920.1,Bengaluru,12.9716,77.5946
2023-02-27T11:00,27.5,19,919.5,Bengaluru,12.9716,77.5946
2023-02-27T12:00,28.8,18,918.8,Bengaluru,12.9716,77.5946
2023-02-27T13:00,29.6,16,917.9,Bengaluru,12.9716,77.5946
2023-02-27T14:00,29.9,13,916.9,Bengaluru,12.9716,77.5946
2023-02-27T15:00,29.5,13,916.2,Bengaluru,12.9716,77.5946
2023-02-27T16:00,28.8,15,916,Bengaluru,12.9716,77.5946
2023-02-27T17:00,27.1,20,916.2,Bengaluru,12.9716,77.5946
2023-02-27T18:00,24.3,24,915.7,Bengaluru,12.9716,77.5946
2023-02-27T19:00,22.3,27,915.9,Bengaluru,12.9716,77.5946
2023-02-27T20:00,20.8,31,916.1,Bengaluru,12.9716,77.5946
2023-02-27T21:00,20.1,34,916.5,Bengaluru,12.9716,77.5946
2023-02-27T22:00,19.4,37,916.3,Bengaluru,12.9716,77.5946
2023-02-27T23:00,18.8,40,916.2,Bengaluru,12.9716,77.5946
2023-02-28T00:00,17.9,41,915.5,Bengaluru,12.9716,77.5946
2023-02-28T01:00,17.1,44,915.1,Bengaluru,12.9716,77.5946
2023-02-28T02:00,15.7,53,914.4,Bengaluru,12.9716,77.5946
2023-02-28T03:00,14.8,60,914.2,Bengaluru,12.9716,77.5946
2023-02-28T04:00,14.2,67,913.6,Bengaluru,12.9716,77.5946
2023-02-28T05:00,14.3,73,914,Bengaluru,12.9716,77.5946
2023-02-28T06:00,14.5,72,914.7,Bengaluru,12.9716,77.5946
2023-02-28T07:00,16.5,64,916.2,Bengaluru,12.9716,77.5946
2023-02-28T08:00,20.3,50,918.1,Bengaluru,12.9716,77.5946
2023-02-28T09:00,23.7,35,919.3,Bengaluru,12.9716,77.5946
2023-02-28T10:00,26,29,919.9,Bengaluru,12.9716,77.5946
2023-02-28T11:00,27.5,29,919.6,Bengaluru,12.9716,77.5946
2023-02-28T12:00,28.6,29,919,Bengaluru,12.9716,77.5946
2023-02-28T13:00,29.2,29,918.1,Bengaluru,12.9716,77.5946
2023-02-28T14:00,30.7,29,916.6,Bengaluru,12.9716,77.5946
2023-02-28T15:00,29.5,30,915.5,Bengaluru,12.9716,77.5946
2023-02-28T16:00,28.2,34,915.1,Bengaluru,12.9716,77.5946
2023-02-28T17:00,26.7,40,915.6,Bengaluru,12.9716,77.5946
2023-02-28T18:00,24.7,51,915.8,Bengaluru,12.9716,77.5946
2023-02-28T19:00,23.4,55,916,Bengaluru,12.9716,77.5946
2023-02-28T20:00,22.9,57,916.8,Bengaluru,12.9716,77.5946
2023-02-28T21:00,23,57,917.4,Bengaluru,12.9716,77.5946
2023-02-28T22:00,21.7,62,917.3,Bengaluru,12.9716,77.5946
2023-02-28T23:00,20.7,70,917.3,Bengaluru,12.9716,77.5946
2023-03-01T00:00,20,75,916.5,Bengaluru,12.9716,77.5946
2023-03-01T01:00,19.5,74,915.8,Bengaluru,12.9716,77.5946
2023-03-01T02:00,19.1,73,915.4,Bengaluru,12.9716,77.5946
2023-03-01T03:00,18.7,76,915,Bengaluru,12.9716,77.5946
2023-03-01T04:00,18.2,82,914.9,Bengaluru,12.9716,77.5946
2023-03-01T05:00,18.3,85,915.3,Bengaluru,12.9716,77.5946
2023-03-01T06:00,18.5,85,916,Bengaluru,12.9716,77.5946
2023-03-01T07:00,19.3,81,917,Bengaluru,12.9716,77.5946
2023-03-01T08:00,21.4,67,918.1,Bengaluru,12.9716,77.5946
2023-03-01T09:00,24.1,48,919.3,Bengaluru,12.9716,77.5946
2023-03-01T10:00,26,40,919.8,Bengaluru,12.9716,77.5946
2023-03-01T11:00,27.9,37,919.7,Bengaluru,12.9716,77.5946
2023-03-01T12:00,29.2,34,919,Bengaluru,12.9716,77.5946
2023-03-01T13:00,30,32,918,Bengaluru,12.9716,77.5946
2023-03-01T14:00,29.5,32,916.7,Bengaluru,12.9716,77.5946
2023-03-01T15:00,29.6,31,915.8,Bengaluru,12.9716,77.5946
2023-03-01T16:00,29,32,915.7,Bengaluru,12.9716,77.5946
2023-03-01T17:00,27.3,38,916.1,Bengaluru,12.9716,77.5946
2023-03-01T18:00,25.9,42,916.1,Bengaluru,12.9716,77.5946
2023-03-01T19:00,24,46,916.3,Bengaluru,12.9716,77.5946
2023-03-01T20:00,23.2,49,916.9,Bengaluru,12.9716,77.5946
2023-03-01T21:00,22.3,54,917.4,Bengaluru,12.9716,77.5946
2023-03-01T22:00,21.9,55,917.9,Bengaluru,12.9716,77.5946
2023-03-01T23:00,21.3,52,917.7,Bengaluru,12.9716,77.5946
2023-03-02T00:00,20.5,46,917,Bengaluru,12.9716,77.5946
2023-03-02T01:00,19.4,50,916.3,Bengaluru,12.9716,77.5946
2023-03-02T02:00,18.1,64,915.6,Bengaluru,12.9716,77.5946
2023-03-02T03:00,17,76,915.2,Bengaluru,12.9716,77.5946
2023-03-02T04:00,15.9,85,914.8,Bengaluru,12.9716,77.5946
2023-03-02T05:00,15.5,84,914.9,Bengaluru,12.9716,77.5946
2023-03-02T06:00,15.2,85,915.8,Bengaluru,12.9716,77.5946
2023-03-02T07:00,16.6,75,917,Bengaluru,12.9716,77.5946
2023-03-02T08:00,19.9,52,918.7,Bengaluru,12.9716,77.5946
2023-03-02T09:00,23,32,919.7,Bengaluru,12.9716,77.5946
2023-03-02T10:00,25.6,23,920.1,Bengaluru,12.9716,77.5946
2023-03-02T11:00,27.6,19,919.8,Bengaluru,12.9716,77.5946
2023-03-02T12:00,29,16,918.9,Bengaluru,12.9716,77.5946
2023-03-02T13:00,29.9,14,917.8,Bengaluru,12.9716,77.5946
2023-03-02T14:00,30.1,15,916.9,Bengaluru,12.9716,77.5946
2023-03-02T15:00,29.8,17,916.3,Bengaluru,12.9716,77.5946
2023-03-02T16:00,29.1,17,915.9,Bengaluru,12.9716,77.5946
2023-03-02T17:00,27.4,23,916.3,Bengaluru,12.9716,77.5946
2023-03-02T18:00,25,31,916.4,Bengaluru,12.9716,77.5946
2023-03-02T19:00,23.5,36,917,Bengaluru,12.9716,77.5946
2023-03-02T20:00,22.6,39,917.9,Bengaluru,12.9716,77.5946
2023-03-02T21:00,21.7,35,918.5,Bengaluru,12.9716,77.5946
2023-03-02T22:00,20.6,33,918.5,Bengaluru,12.9716,77.5946
2023-03-02T23:00,19.2,35,918.2,Bengaluru,12.9716,77.5946
2023-03-03T00:00,18,36,917.2,Bengaluru,12.9716,77.5946
2023-03-03T01:00,16.9,38,916.2,Bengaluru,12.9716,77.5946
2023-03-03T02:00,16,41,915.5,Bengaluru,12.9716,77.5946
2023-03-03T03:00,15.4,45,915.1,Bengaluru,12.9716,77.5946
2023-03-03T04:00,15,47,914.9,Bengaluru,12.9716,77.5946
2023-03-03T05:00,15,53,915.5,Bengaluru,12.9716,77.5946
2023-03-03T06:00,15,52,916.2,Bengaluru,12.9716,77.5946
2023-03-03T07:00,17.2,45,917.8,Bengaluru,12.9716,77.5946
2023-03-03T08:00,21,35,919.4,Bengaluru,12.9716,77.5946
2023-03-03T09:00,24.6,22,920.7,Bengaluru,12.9716,77.5946
2023-03-03T10:00,27.1,17,920.9,Bengaluru,12.9716,77.5946
2023-03-03T11:00,28.9,17,920.3,Bengaluru,12.9716,77.5946
2023-03-03T12:00,30,16,919.2,Bengaluru,12.9716,77.5946
2023-03-03T13:00,30.7,16,918.1,Bengaluru,12.9716,77.5946
2023-03-03T14:00,31,15,917.1,Bengaluru,12.9716,77.5946
2023-03-03T15:00,30.6,16,916.3,Bengaluru,12.9716,77.5946
2023-03-03T16:00,29.9,17,916.3,Bengaluru,12.9716,77.5946
2023-03-03T17:00,28.3,22,916.7,Bengaluru,12.9716,77.5946
2023-03-03T18:00,26,27,916.8,Bengaluru,12.9716,77.5946
2023-03-03T19:00,24.4,30,917.6,Bengaluru,12.9716,77.5946
2023-03-03T20:00,23.4,29,918.5,Bengaluru,12.9716,77.5946
2023-03-03T21:00,22.4,30,918.9,Bengaluru,12.9716,77.5946
2023-03-03T22:00,21.1,31,918.7,Bengaluru,12.9716,77.5946
2023-03-03T23:00,20,31,918.1,Bengaluru,12.9716,77.5946
2023-03-04T00:00,19,32,917.1,Bengaluru,12.9716,77.5946
2023-03-04T01:00,18.4,31,916.1,Bengaluru,12.9716,77.5946
2023-03-04T02:00,17.7,32,915.6,Bengaluru,12.9716,77.5946
2023-03-04T03:00,16.9,35,915.2,Bengaluru,12.9716,77.5946
2023-03-04T04:00,16.6,37,915.2,Bengaluru,12.9716,77.5946
2023-03-04T05:00,16.3,33,915.9,Bengaluru,12.9716,77.5946
2023-03-04T06:00,16.2,36,916.3,Bengaluru,12.9716,77.5946
2023-03-04T07:00,18,35,917.7,Bengaluru,12.9716,77.5946
2023-03-04T08:00,21.6,29,919.6,Bengaluru,12.9716,77.5946
2023-03-04T09:00,25.1,20,920.5,Bengaluru,12.9716,77.5946
2023-03-04T10:00,27.7,16,920.8,Bengaluru,12.9716,77.5946
2023-03-04T11:00,29.3,15,920.2,Bengaluru,12.9716,77.5946
2023-03-04T12:00,30.4,14,919.3,Bengaluru,12.9716,77.5946
2023-03-04T13:00,31,12,918.3,Bengaluru,12.9716,77.5946
2023-03-04T14:00,31,13,917.4,Bengaluru,12.9716,77.5946
2023-03-04T15:00,30.6,15,916.7,Bengaluru,12.9716,77.5946
2023-03-04T16:00,29.8,17,916.5,Bengaluru,12.9716,77.5946
2023-03-04T17:00,27.8,21,916.6,Bengaluru,12.9716,77.5946
2023-03-04T18:00,25.7,25,916.9,Bengaluru,12.9716,77.5946
2023-03-04T19:00,24.5,29,917.5,Bengaluru,12.9716,77.5946
2023-03-04T20:00,23.8,36,918,Bengaluru,12.9716,77.5946
2023-03-04T21:00,23.1,39,918.6,Bengaluru,12.9716,77.5946
2023-03-04T22:00,22.2,39,918.7,Bengaluru,12.9716,77.5946
2023-03-04T23:00,21.1,41,918.4,Bengaluru,12.9716,77.5946
2023-03-05T00:00,19.9,46,917.6,Bengaluru,12.9716,77.5946
2023-03-05T01:00,18.8,51,916.5,Bengaluru,12.9716,77.5946
2023-03-05T02:00,17.9,55,915.4,Bengaluru,12.9716,77.5946
2023-03-05T03:00,17.5,54,914.9,Bengaluru,12.9716,77.5946
2023-03-05T04:00,17.2,49,914.8,Bengaluru,12.9716,77.5946
2023-03-05T05:00,17.6,45,915.6,Bengaluru,12.9716,77.5946
2023-03-05T06:00,17.6,39,916.4,Bengaluru,12.9716,77.5946
2023-03-05T07:00,19.3,32,917.7,Bengaluru,12.9716,77.5946
2023-03-05T08:00,22.7,26,919.1,Bengaluru,12.9716,77.5946
2023-03-05T09:00,25.9,19,920.1,Bengaluru,12.9716,77.5946
2023-03-05T10:00,28,16,920.3,Bengaluru,12.9716,77.5946
2023-03-05T11:00,29.5,14,919.7,Bengaluru,12.9716,77.5946
2023-03-05T12:00,30.6,13,918.8,Bengaluru,12.9716,77.5946
2023-03-05T13:00,31.2,12,917.8,Bengaluru,12.9716,77.5946
2023-03-05T14:00,31.3,13,916.8,Bengaluru,12.9716,77.5946
2023-03-05T15:00,31.1,14,916.2,Bengaluru,12.9716,77.5946
2023-03-05T16:00,30.3,16,915.9,Bengaluru,12.9716,77.5946
2023-03-05T17:00,28.9,19,916.4,Bengaluru,12.9716,77.5946
2023-03-05T18:00,26.4,23,916,Bengaluru,12.9716,77.5946
2023-03-05T19:00,24.5,30,916.7,Bengaluru,12.9716,77.5946
2023-03-05T20:00,23.4,36,917.2,Bengaluru,12.9716,77.5946
2023-03-05T21:00,22.8,39,917.8,Bengaluru,12.9716,77.5946
2023-03-05T22:00,22.1,40,918,Bengaluru,12.9716,77.5946
2023-03-05T23:00,20.8,42,917.4,Bengaluru,12.9716,77.5946
2023-03-06T00:00,19.6,46,916.5,Bengaluru,12.9716,77.5946
2023-03-06T01:00,18.3,51,915.2,Bengaluru,12.9716,77.5946
2023-03-06T02:00,17.5,54,914.4,Bengaluru,12.9716,77.5946
2023-03-06T03:00,17.1,56,914.1,Bengaluru,12.9716,77.5946
2023-03-06T04:00,16.8,56,914,Bengaluru,12.9716,77.5946
2023-03-06T05:00,17.3,51,914.5,Bengaluru,12.9716,77.5946
2023-03-06T06:00,17.4,49,915.1,Bengaluru,12.9716,77.5946
2023-03-06T07:00,19.2,44,916.5,Bengaluru,12.9716,77.5946
2023-03-06T08:00,22.7,32,918.1,Bengaluru,12.9716,77.5946
2023-03-06T09:00,25.5,23,918.9,Bengaluru,12.9716,77.5946
2023-03-06T10:00,27.7,18,919.1,Bengaluru,12.9716,77.5946
2023-03-06T11:00,29.4,15,918.8,Bengaluru,12.9716,77.5946
2023-03-06T12:00,30.5,13,917.7,Bengaluru,12.9716,77.5946
2023-03-06T13:00,31.1,12,916.5,Bengaluru,12.9716,77.5946
2023-03-06T14:00,31.2,13,915.3,Bengaluru,12.9716,77.5946
2023-03-06T15:00,31,15,914.7,Bengaluru,12.9716,77.5946
2023-03-06T16:00,30.2,16,914.3,Bengaluru,12.9716,77.5946
2023-03-06T17:00,28.7,20,914.8,Bengaluru,12.9716,77.5946
2023-03-06T18:00,26.2,23,914.6,Bengaluru,12.9716,77.5946
2023-03-06T19:00,24.7,27,915.1,Bengaluru,12.9716,77.5946
2023-03-06T20:00,24.1,31,915.9,Bengaluru,12.9716,77.5946
2023-03-06T21:00,23.3,33,916.2,Bengaluru,12.9716,77.5946
2023-03-06T22:00,22.4,31,916.2,Bengaluru,12.9716,77.5946
2023-03-06T23:00,21,33,916,Bengaluru,12.9716,77.5946
2023-03-07T00:00,19.6,38,915.1,Bengaluru,12.9716,77.5946
2023-03-07T01:00,18.4,43,914,Bengaluru,12.9716,77.5946
2023-03-07T02:00,17.3,50,913.1,Bengaluru,12.9716,77.5946
2023-03-07T03:00,16.6,54,912.6,Bengaluru,12.9716,77.5946
2023-03-07T04:00,16.1,57,912.5,Bengaluru,12.9716,77.5946
2023-03-07T05:00,16.3,61,913.1,Bengaluru,12.9716,77.5946
2023-03-07T06:00,16.3,60,913.4,Bengaluru,12.9716,77.5946
2023-03-07T07:00,18.1,53,914.7,Bengaluru,12.9716,77.5946
2023-03-07T08:00,21.2,41,916.7,Bengaluru,12.9716,77.5946
2023-03-07T09:00,24.6,25,917.9,Bengaluru,12.9716,77.5946
2023-03-07T10:00,27.7,16,918.5,Bengaluru,12.9716,77.5946
2023-03-07T11:00,29.5,12,918,Bengaluru,12.9716,77.5946
2023-03-07T12:00,30.2,14,917,Bengaluru,12.9716,77.5946
2023-03-07T13:00,30.8,13,915.9,Bengaluru,12.9716,77.5946
2023-03-07T14:00,31,12,915,Bengaluru,12.9716,77.5946
2023-03-07T15:00,30.2,13,914.4,Bengaluru,12.9716,77.5946
2023-03-07T16:00,29.4,16,914.3,Bengaluru,12.9716,77.5946
2023-03-07T17:00,27.7,21,915.2,Bengaluru,12.9716,77.5946
2023-03-07T18:00,26,25,914.8,Bengaluru,12.9716,77.5946
2023-03-07T19:00,24.7,29,915.4,Bengaluru,12.9716,77.5946
2023-03-07T20:00,24.1,33,915.8,Bengaluru,12.9716,77.5946
2023-03-07T21:00,23.5,37,916.2,Bengaluru,12.9716,77.5946
2023-03-07T22:00,23,42,915.7,Bengaluru,12.9716,77.5946
2023-03-07T23:00,22.3,45,915.5,Bengaluru,12.9716,77.5946
2023-03-08T00:00,21.2,53,915,Bengaluru,12.9716,77.5946
2023-03-08T01:00,20,63,914.5,Bengaluru,12.9716,77.5946
2023-03-08T02:00,18.9,74,913.7,Bengaluru,12.9716,77.5946
2023-03-08T03:00,17.7,84,913.1,Bengaluru,12.9716,77.5946
2023-03-08T04:00,16.9,88,912.7,Bengaluru,12.9716,77.5946
2023-03-08T05:00,16.2,91,913.2,Bengaluru,12.9716,77.5946
2023-03-08T06:00,16.9,82,913.9,Bengaluru,12.9716,77.5946
2023-03-08T07:00,18.6,67,915.2,Bengaluru,12.9716,77.5946
2023-03-08T08:00,21.5,49,916.8,Bengaluru,12.9716,77.5946
2023-03-08T09:00,24.6,31,918.1,Bengaluru,12.9716,77.5946
2023-03-08T10:00,27.1,19,918.6,Bengaluru,12.9716,77.5946
2023-03-08T11:00,28.7,16,918,Bengaluru,12.9716,77.5946
2023-03-08T12:00,29.9,15,917,Bengaluru,12.9716,77.5946
2023-03-08T13:00,30.6,15,915.9,Bengaluru,12.9716,77.5946
2023-03-08T14:00,30.8,15,914.9,Bengaluru,12.9716,77.5946
2023-03-08T15:00,30.7,15,913.9,Bengaluru,12.9716,77.5946
2023-03-08T16:00,29.9,17,913.8,Bengaluru,12.9716,77.5946
2023-03-08T17:00,28.4,23,914.2,Bengaluru,12.9716,77.5946
2023-03-08T18:00,26.2,26,914.2,Bengaluru,12.9716,77.5946
2023-03-08T19:00,24.3,31,914.5,Bengaluru,12.9716,77.5946
2023-03-08T20:00,23.3,37,914.9,Bengaluru,12.9716,77.5946
2023-03-08T21:00,22.6,41,915.4,Bengaluru,12.9716,77.5946
2023-03-08T22:00,21.8,41,915.6,Bengaluru,12.9716,77.5946
2023-03-08T23:00,20.5,46,915.2,Bengaluru,12.9716,77.5946
2023-03-09T00:00,19.1,52,914.6,Bengaluru,12.9716,77.5946
2023-03-09T01:00,18.1,57,913.6,Bengaluru,12.9716,77.5946
2023-03-09T02:00,17.2,61,912.7,Bengaluru,12.9716,77.5946
2023-03-09T03:00,16.5,63,912.1,Bengaluru,12.9716,77.5946
2023-03-09T04:00,16,63,911.8,Bengaluru,12.9716,77.5946
2023-03-09T05:00,16.1,64,912.7,Bengaluru,12.9716,77.5946
2023-03-09T06:00,16.3,61,913.3,Bengaluru,12.9716,77.5946
2023-03-09T07:00,18,55,914.7,Bengaluru,12.9716,77.5946
2023-03-09T08:00,21.5,43,916.4,Bengaluru,12.9716,77.5946
2023-03-09T09:00,24.9,29,917.4,Bengaluru,12.9716,77.5946
2023-03-09T10:00,27,21,917.5,Bengaluru,12.9716,77.5946
2023-03-09T11:00,28.6,17,917.2,Bengaluru,12.9716,77.5946
2023-03-09T12:00,29.6,15,916.2,Bengaluru,12.9716,77.5946
2023-03-09T13:00,30.4,14,915.3,Bengaluru,12.9716,77.5946
2023-03-09T14:00,30.5,14,914.4,Bengaluru,12.9716,77.5946
2023-03-09T15:00,30.4,15,913.6,Bengaluru,12.9716,77.5946
2023-03-09T16:00,29.6,16,913.4,Bengaluru,12.9716,77.5946
2023-03-09T17:00,27.8,27,913.8,Bengaluru,12.9716,77.5946
2023-03-09T18:00,25.6,37,913.8,Bengaluru,12.9716,77.5946
2023-03-09T19:00,24.9,40,914.5,Bengaluru,12.9716,77.5946
2023-03-09T20:00,24.1,43,915.1,Bengaluru,12.9716,77.5946
2023-03-09T21:00,23.2,45,915.6,Bengaluru,12.9716,77.5946
2023-03-09T22:00,22.6,44,916,Bengaluru,12.9716,77.5946
2023-03-09T23:00,21.2,46,915.6,Bengaluru,12.9716,77.5946
2023-03-10T00:00,20,51,914.7,Bengaluru,12.9716,77.5946
2023-03-10T01:00,19,56,914,Bengaluru,12.9716,77.5946
2023-03-10T02:00,18.1,61,912.9,Bengaluru,12.9716,77.5946
2023-03-10T03:00,17.3,62,912.4,Bengaluru,12.9716,77.5946
2023-03-10T04:00,16.8,60,912.3,Bengaluru,12.9716,77.5946
2023-03-10T05:00,17,70,912.9,Bengaluru,12.9716,77.5946
2023-03-10T06:00,16.5,74,912.9,Bengaluru,12.9716,77.5946
2023-03-10T07:00,18.3,68,914.3,Bengaluru,12.9716,77.5946
2023-03-10T08:00,21.6,51,916,Bengaluru,12.9716,77.5946
2023-03-10T09:00,24.6,34,916.7,Bengaluru,12.9716,77.5946
2023-03-10T10:00,26.7,24,916.8,Bengaluru,12.9716,77.5946
2023-03-10T11:00,28.3,21,916.4,Bengaluru,12.9716,77.5946
2023-03-10T12:00,29.4,21,915.5,Bengaluru,12.9716,77.5946
2023-03-10T13:00,30.2,19,914.7,Bengaluru,12.9716,77.5946
2023-03-10T14:00,30.4,19,913.8,Bengaluru,12.9716,77.5946
2023-03-10T15:00,30.3,22,912.8,Bengaluru,12.9716,77.5946
2023-03-10T16:00,29.6,24,912.6,Bengaluru,12.9716,77.5946
2023-03-10T17:00,27.1,32,913.4,Bengaluru,12.9716,77.5946
2023-03-10T18:00,25.1,38,913.4,Bengaluru,12.9716,77.5946
2023-03-10T19:00,23.5,43,913.9,Bengaluru,12.9716,77.5946
2023-03-10T20:00,22.5,48,914.4,Bengaluru,12.9716,77.5946
2023-03-10T21:00,21.9,51,914.7,Bengaluru,12.9716,77.5946
2023-03-10T22:00,21.3,54,914.8,Bengaluru,12.9716,77.5946
2023-03-10T23:00,20.4,58,914.7,Bengaluru,12.9716,77.5946
2023-03-11T00:00,19.4,60,914.1,Bengaluru,12.9716,77.5946
2023-03-11T01:00,18.5,61,913.1,Bengaluru,12.9716,77.5946
2023-03-11T02:00,17.7,62,912.2,Bengaluru,12.9716,77.5946
2023-03-11T03:00,17,64,911.8,Bengaluru,12.9716,77.5946
2023-03-11T04:00,16.2,68,911.6,Bengaluru,12.9716,77.5946
2023-03-11T05:00,15.7,72,911.9,Bengaluru,12.9716,77.5946
2023-03-11T06:00,15.7,74,912.6,Bengaluru,12.9716,77.5946
2023-03-11T07:00,17.9,65,914.1,Bengaluru,12.9716,77.5946
2023-03-11T08:00,21.8,49,915.9,Bengaluru,12.9716,77.5946
2023-03-11T09:00,25.1,30,916.9,Bengaluru,12.9716,77.5946
2023-03-11T10:00,27.5,21,917.2,Bengaluru,12.9716,77.5946
2023-03-11T11:00,29.1,17,916.8,Bengaluru,12.9716,77.5946
2023-03-11T12:00,30.3,16,915.9,Bengaluru,12.9716,77.5946
2023-03-11T13:00,31,16,915,Bengaluru,12.9716,77.5946
2023-03-11T14:00,31.4,15,913.9,Bengaluru,12.9716,77.5946
2023-03-11T15:00,31.1,17,913,Bengaluru,12.9716,77.5946
2023-03-11T16:00,30.1,22,912.9,Bengaluru,12.9716,77.5946
2023-03-11T17:00,28.8,25,913.4,Bengaluru,12.9716,77.5946
2023-03-11T18:00,26.6,31,913.3,Bengaluru,12.9716,77.5946
2023-03-11T19:00,25.4,33,914,Bengaluru,12.9716,77.5946
2023-03-11T20:00,24.3,36,914.4,Bengaluru,12.9716,77.5946
2023-03-11T21:00,22.9,41,915.1,Bengaluru,12.9716,77.5946
2023-03-11T22:00,22.4,45,915.5,Bengaluru,12.9716,77.5946
2023-03-11T23:00,21.6,52,915.3,Bengaluru,12.9716,77.5946
2023-03-12T00:00,20.3,59,914.6,Bengaluru,12.9716,77.5946
2023-03-12T01:00,19.2,67,913.7,Bengaluru,12.9716,77.5946
2023-03-12T02:00,17.8,76,912.8,Bengaluru,12.9716,77.5946
2023-03-12T03:00,16.7,86,912.3,Bengaluru,12.9716,77.5946
2023-03-12T04:00,16.2,95,912.1,Bengaluru,12.9716,77.5946
2023-03-12T05:00,15.3,95,912.6,Bengaluru,12.9716,77.5946
2023-03-12T06:00,15.4,98,913.2,Bengaluru,12.9716,77.5946
2023-03-12T07:00,16.3,94,914.2,Bengaluru,12.9716,77.5946
2023-03-12T08:00,19.9,67,915.8,Bengaluru,12.9716,77.5946
2023-03-12T09:00,24.1,50,917,Bengaluru,12.9716,77.5946
2023-03-12T10:00,26.8,36,917,Bengaluru,12.9716,77.5946
2023-03-12T11:00,28.7,30,916.5,Bengaluru,12.9716,77.5946
2023-03-12T12:00,30,30,915.6,Bengaluru,12.9716,77.5946
2023-03-12T13:00,30.7,29,914.6,Bengaluru,12.9716,77.5946
2023-03-12T14:00,31.2,27,913.5,Bengaluru,12.9716,77.5946
2023-03-12T15:00,31.1,27,912.8,Bengaluru,12.9716,77.5946
2023-03-12T16:00,30,28,912.5,Bengaluru,12.9716,77.5946
2023-03-12T17:00,28.6,26,913,Bengaluru,12.9716,77.5946
2023-03-12T18:00,26.5,31,912.7,Bengaluru,12.9716,77.5946
2023-03-12T19:00,25.1,37,913.4,Bengaluru,12.9716,77.5946
2023-03-12T20:00,24.1,42,914.2,Bengaluru,12.9716,77.5946
2023-03-12T21:00,23.3,46,914.5,Bengaluru,12.9716,77.5946
2023-03-12T22:00,22.6,51,914.7,Bengaluru,12.9716,77.5946
2023-03-12T23:00,22.1,56,915,Bengaluru,12.9716,77.5946
2023-03-13T00:00,21,62,914.5,Bengaluru,12.9716,77.5946
2023-03-13T01:00,20,68,913.7,Bengaluru,12.9716,77.5946
2023-03-13T02:00,19.2,74,912.6,Bengaluru,12.9716,77.5946
2023-03-13T03:00,18.5,79,912,Bengaluru,12.9716,77.5946
2023-03-13T04:00,17.9,85,911.6,Bengaluru,12.9716,77.5946
2023-03-13T05:00,17.6,90,911.9,Bengaluru,12.9716,77.5946
2023-03-13T06:00,17.5,92,912.7,Bengaluru,12.9716,77.5946
2023-03-13T07:00,19.2,83,913.8,Bengaluru,12.9716,77.5946
2023-03-13T08:00,22.8,62,915.3,Bengaluru,12.9716,77.5946
2023-03-13T09:00,25.9,41,916.2,Bengaluru,12.9716,77.5946
2023-03-13T10:00,28.1,32,916.4,Bengaluru,12.9716,77.5946
2023-03-13T11:00,29.6,28,915.9,Bengaluru,12.9716,77.5946
2023-03-13T12:00,30.7,26,914.9,Bengaluru,12.9716,77.5946
2023-03-13T13:00,31.4,25,914.1,Bengaluru,12.9716,77.5946
2023-03-13T14:00,31.8,23,913.3,Bengaluru,12.9716,77.5946
2023-03-13T15:00,31.7,23,912.6,Bengaluru,12.9716,77.5946
2023-03-13T16:00,30.5,24,912.1,Bengaluru,12.9716,77.5946
2023-03-13T17:00,29.7,26,912.3,Bengaluru,12.9716,77.5946
2023-03-13T18:00,28,29,912,Bengaluru,12.9716,77.5946
2023-03-13T19:00,26.7,33,912.5,Bengaluru,12.9716,77.5946
2023-03-13T20:00,25.3,39,913.2,Bengaluru,12.9716,77.5946
2023-03-13T21:00,24.2,46,913.5,Bengaluru,12.9716,77.5946
2023-03-13T22:00,23.4,50,913.5,Bengaluru,12.9716,77.5946
2023-03-13T23:00,22.5,53,913.4,Bengaluru,12.9716,77.5946
2023-03-14T00:00,21.8,56,913.1,Bengaluru,12.9716,77.5946
2023-03-14T01:00,20.8,59,912.3,Bengaluru,12.9716,77.5946
2023-03-14T02:00,19.9,63,911.8,Bengaluru,12.9716,77.5946
2023-03-14T03:00,18.9,68,911.3,Bengaluru,12.9716,77.5946
2023-03-14T04:00,18,73,911.1,Bengaluru,12.9716,77.5946
2023-03-14T05:00,18.7,74,911.6,Bengaluru,12.9716,77.5946
2023-03-14T06:00,18.7,76,912.3,Bengaluru,12.9716,77.5946
2023-03-14T07:00,20.7,68,913.4,Bengaluru,12.9716,77.5946
2023-03-14T08:00,24.3,50,914.7,Bengaluru,12.9716,77.5946
2023-03-14T09:00,27,37,915.3,Bengaluru,12.9716,77.5946
2023-03-14T10:00,28.9,31,915.4,Bengaluru,12.9716,77.5946
2023-03-14T11:00,30.4,26,914.7,Bengaluru,12.9716,77.5946
2023-03-14T12:00,31.5,23,913.6,Bengaluru,12.9716,77.5946
2023-03-14T13:00,32.5,21,912.7,Bengaluru,12.9716,77.5946
2023-03-14T14:00,32.7,20,911.6,Bengaluru,12.9716,77.5946
2023-03-14T15:00,32.1,20,910.7,Bengaluru,12.9716,77.5946
2023-03-14T16:00,31.1,21,910.5,Bengaluru,12.9716,77.5946
2023-03-14T17:00,30.1,22,910.5,Bengaluru,12.9716,77.5946
2023-03-14T18:00,28.1,24,910.5,Bengaluru,12.9716,77.5946
2023-03-14T19:00,26.8,27,911,Bengaluru,12.9716,77.5946
2023-03-14T20:00,26.4,27,911.4,Bengaluru,12.9716,77.5946
2023-03-14T21:00,25.7,33,912,Bengaluru,12.9716,77.5946
2023-03-14T22:00,24.6,45,912,Bengaluru,12.9716,77.5946
2023-03-14T23:00,23.6,48,912.1,Bengaluru,12.9716,77.5946
2023-03-15T00:00,22.5,52,911.6,Bengaluru,12.9716,77.5946
2023-03-15T01:00,21.4,57,911,Bengaluru,12.9716,77.5946
2023-03-15T02:00,20.3,61,910.3,Bengaluru,12.9716,77.5946
2023-03-15T03:00,19.4,66,910,Bengaluru,12.9716,77.5946
2023-03-15T04:00,18.6,72,909.6,Bengaluru,12.9716,77.5946
2023-03-15T05:00,18.4,82,910.3,Bengaluru,12.9716,77.5946
2023-03-15T06:00,18.3,85,910.7,Bengaluru,12.9716,77.5946
2023-03-15T07:00,19.9,80,911.5,Bengaluru,12.9716,77.5946
2023-03-15T08:00,23.5,59,913.1,Bengaluru,12.9716,77.5946
2023-03-15T09:00,26.6,41,914.3,Bengaluru,12.9716,77.5946
2023-03-15T10:00,29.2,32,914.5,Bengaluru,12.9716,77.5946
2023-03-15T11:00,31,26,913.8,Bengaluru,12.9716,77.5946
2023-03-15T12:00,32.2,24,912.9,Bengaluru,12.9716,77.5946
2023-03-15T13:00,32.6,23,912,Bengaluru,12.9716,77.5946
2023-03-15T14:00,32.3,23,911.2,Bengaluru,12.9716,77.5946
2023-03-15T15:00,32,23,910.2,Bengaluru,12.9716,77.5946
2023-03-15T16:00,31.4,23,909.9,Bengaluru,12.9716,77.5946
2023-03-15T17:00,30.2,26,910.3,Bengaluru,12.9716,77.5946
2023-03-15T18:00,28.5,29,910.4,Bengaluru,12.9716,77.5946
2023-03-15T19:00,27.4,32,911.1,Bengaluru,12.9716,77.5946
2023-03-15T20:00,26.2,39,911.7,Bengaluru,12.9716,77.5946
2023-03-15T21:00,24.8,51,912.4,Bengaluru,12.9716,77.5946
2023-03-15T22:00,23.3,65,912.6,Bengaluru,12.9716,77.5946
2023-03-15T23:00,22.3,76,912.5,Bengaluru,12.9716,77.5946
2023-03-16T00:00,21.8,81,912.2,Bengaluru,12.9716,77.5946
2023-03-16T01:00,21.2,86,911.7,Bengaluru,12.9716,77.5946
2023-03-16T02:00,20.6,89,911.2,Bengaluru,12.9716,77.5946
2023-03-16T03:00,20.6,90,911,Bengaluru,12.9716,77.5946
2023-03-16T04:00,20.5,90,911.1,Bengaluru,12.9716,77.5946
2023-03-16T05:00,20,95,911.1,Bengaluru,12.9716,77.5946
2023-03-16T06:00,20.1,95,912.1,Bengaluru,12.9716,77.5946
2023-03-16T07:00,21.5,86,913.1,Bengaluru,12.9716,77.5946
2023-03-16T08:00,23.9,70,914.1,Bengaluru,12.9716,77.5946
2023-03-16T09:00,26,58,915.1,Bengaluru,12.9716,77.5946
2023-03-16T10:00,27.8,52,915.5,Bengaluru,12.9716,77.5946
2023-03-16T11:00,28.3,50,914.9,Bengaluru,12.9716,77.5946
2023-03-16T12:00,29.2,45,913.7,Bengaluru,12.9716,77.5946
2023-03-16T13:00,30.4,41,912.8,Bengaluru,12.9716,77.5946
2023-03-16T14:00,30.7,37,911.5,Bengaluru,12.9716,77.5946
2023-03-16T15:00,29.9,37,910.2,Bengaluru,12.9716,77.5946
2023-03-16T16:00,28.5,43,910.3,Bengaluru,12.9716,77.5946
2023-03-16T17:00,26.7,48,911,Bengaluru,12.9716,77.5946
2023-03-16T18:00,26.5,49,911.3,Bengaluru,12.9716,77.5946
2023-03-16T19:00,25.2,56,912.2,Bengaluru,12.9716,77.5946
2023-03-16T20:00,22.7,68,913,Bengaluru,12.9716,77.5946
2023-03-16T21:00,21.8,73,913.3,Bengaluru,12.9716,77.5946
2023-03-16T22:00,21,80,913.8,Bengaluru,12.9716,77.5946
2023-03-16T23:00,20.6,83,913.4,Bengaluru,12.9716,77.5946
2023-03-17T00:00,20.3,87,912.6,Bengaluru,12.9716,77.5946
2023-03-17T01:00,19.9,88,912,Bengaluru,12.9716,77.5946
2023-03-17T02:00,19.7,90,911.4,Bengaluru,12.9716,77.5946
2023-03-17T03:00,19.5,92,911.2,Bengaluru,12.9716,77.5946
2023-03-17T04:00,19.2,94,911,Bengaluru,12.9716,77.5946
2023-03-17T05:00,19.6,94,912,Bengaluru,12.9716,77.5946
2023-03-17T06:00,19.6,95,912.8,Bengaluru,12.9716,77.5946
2023-03-17T07:00,20.6,90,913.9,Bengaluru,12.9716,77.5946
2023-03-17T08:00,22,83,914.8,Bengaluru,12.9716,77.5946
2023-03-17T09:00,23.7,75,915.6,Bengaluru,12.9716,77.5946
2023-03-17T10:00,25.8,64,915.8,Bengaluru,12.9716,77.5946
2023-03-17T11:00,27,56,914.9,Bengaluru,12.9716,77.5946
2023-03-17T12:00,28.2,50,913.7,Bengaluru,12.9716,77.5946
2023-03-17T13:00,28.5,48,912.7,Bengaluru,12.9716,77.5946
2023-03-17T14:00,29,44,911.8,Bengaluru,12.9716,77.5946
2023-03-17T15:00,29.4,39,910.9,Bengaluru,12.9716,77.5946
2023-03-17T16:00,28.8,40,910.6,Bengaluru,12.9716,77.5946
2023-03-17T17:00,23.6,71,911.3,Bengaluru,12.9716,77.5946
2023-03-17T18:00,21.8,84,910.5,Bengaluru,12.9716,77.5946
2023-03-17T19:00,22.1,74,911.1,Bengaluru,12.9716,77.5946
2023-03-17T20:00,21.5,76,912,Bengaluru,12.9716,77.5946
2023-03-17T21:00,20.3,84,912.4,Bengaluru,12.9716,77.5946
2023-03-17T22:00,20.2,84,912.4,Bengaluru,12.9716,77.5946
2023-03-17T23:00,20.1,86,912.7,Bengaluru,12.9716,77.5946
2023-03-18T00:00,20.1,87,912.1,Bengaluru,12.9716,77.5946
2023-03-18T01:00,19.5,91,911.3,Bengaluru,12.9716,77.5946
2023-03-18T02:00,19.3,94,910.9,Bengaluru,12.9716,77.5946
2023-03-18T03:00,19.1,95,910.3,Bengaluru,12.9716,77.5946
2023-03-18T04:00,18.9,96,910.2,Bengaluru,12.9716,77.5946
2023-03-18T05:00,19.4,93,911.3,Bengaluru,12.9716,77.5946
2023-03-18T06:00,19.3,93,911.8,Bengaluru,12.9716,77.5946
2023-03-18T07:00,20.5,85,913.2,Bengaluru,12.9716,77.5946
2023-03-18T08:00,22.5,74,914,Bengaluru,12.9716,77.5946
2023-03-18T09:00,24.2,66,914.5,Bengaluru,12.9716,77.5946
2023-03-18T10:00,26.1,58,914.7,Bengaluru,12.9716,77.5946
2023-03-18T11:00,27.6,51,914.1,Bengaluru,12.9716,77.5946
2023-03-18T12:00,28.2,50,913.1,Bengaluru,12.9716,77.5946
2023-03-18T13:00,29.7,43,912.1,Bengaluru,12.9716,77.5946
2023-03-18T14:00,30,41,911,Bengaluru,12.9716,77.5946
2023-03-18T15:00,29.3,42,909.6,Bengaluru,12.9716,77.5946
2023-03-18T16:00,28.9,43,909.3,Bengaluru,12.9716,77.5946
2023-03-18T17:00,27.9,45,909.4,Bengaluru,12.9716,77.5946
2023-03-18T18:00,23,72,909.8,Bengaluru,12.9716,77.5946
2023-03-18T19:00,21,85,910,Bengaluru,12.9716,77.5946
2023-03-18T20:00,20.8,86,910.9,Bengaluru,12.9716,77.5946
2023-03-18T21:00,20.5,82,911.2,Bengaluru,12.9716,77.5946
2023-03-18T22:00,20.4,82,911.9,Bengaluru,12.9716,77.5946
2023-03-18T23:00,19.8,87,911.6,Bengaluru,12.9716,77.5946
2023-03-19T00:00,18.9,93,911.1,Bengaluru,12.9716,77.5946
2023-03-19T01:00,18.5,90,910.6,Bengaluru,12.9716,77.5946
2023-03-19T02:00,18.2,88,909.7,Bengaluru,12.9716,77.5946
2023-03-19T03:00,18.3,89,909.4,Bengaluru,12.9716,77.5946
2023-03-19T04:00,17.7,94,909.6,Bengaluru,12.9716,77.5946
2023-03-19T05:00,18.5,94,909.7,Bengaluru,12.9716,77.5946
2023-03-19T06:00,18.7,94,910.5,Bengaluru,12.9716,77.5946
2023-03-19T07:00,20.1,89,911.6,Bengaluru,12.9716,77.5946
2023-03-19T08:00,22.4,76,913.2,Bengaluru,12.9716,77.5946
2023-03-19T09:00,24.7,62,913.8,Bengaluru,12.9716,77.5946
2023-03-19T10:00,26.6,52,913.7,Bengaluru,12.9716,77.5946
2023-03-19T11:00,27.8,45,913.1,Bengaluru,12.9716,77.5946
2023-03-19T12:00,29,42,912.1,Bengaluru,12.9716,77.5946
2023-03-19T13:00,30,39,910.9,Bengaluru,12.9716,77.5946
2023-03-19T14:00,30.4,37,909.9,Bengaluru,12.9716,77.5946
2023-03-19T15:00,30,37,908.8,Bengaluru,12.9716,77.5946
2023-03-19T16:00,28.4,42,908.5,Bengaluru,12.9716,77.5946
2023-03-19T17:00,25.3,56,908.8,Bengaluru,12.9716,77.5946
2023-03-19T18:00,24.2,56,909.5,Bengaluru,12.9716,77.5946
2023-03-19T19:00,23.4,64,910.1,Bengaluru,12.9716,77.5946
2023-03-19T20:00,21.8,70,910.4,Bengaluru,12.9716,77.5946
2023-03-19T21:00,20.8,70,910.8,Bengaluru,12.9716,77.5946
2023-03-19T22:00,19.8,77,911.3,Bengaluru,12.9716,77.5946
2023-03-19T23:00,19.4,81,910.9,Bengaluru,12.9716,77.5946
2023-03-20T00:00,18.9,83,910,Bengaluru,12.9716,77.5946
2023-03-20T01:00,19,82,909.5,Bengaluru,12.9716,77.5946
2023-03-20T02:00,18.4,87,908.9,Bengaluru,12.9716,77.5946
2023-03-20T03:00,17.5,92,908.5,Bengaluru,12.9716,77.5946
2023-03-20T04:00,17,93,908.2,Bengaluru,12.9716,77.5946
2023-03-20T05:00,18,79,908.5,Bengaluru,12.9716,77.5946
2023-03-20T06:00,19.5,73,909.7,Bengaluru,12.9716,77.5946
2023-03-20T07:00,20.4,71,911.2,Bengaluru,12.9716,77.5946
2023-03-20T08:00,22.4,59,912.5,Bengaluru,12.9716,77.5946
2023-03-20T09:00,24.4,49,913.3,Bengaluru,12.9716,77.5946
2023-03-20T10:00,26.4,39,913.3,Bengaluru,12.9716,77.5946
2023-03-20T11:00,27.9,33,912.5,Bengaluru,12.9716,77.5946
2023-03-20T12:00,29,30,911.8,Bengaluru,12.9716,77.5946
2023-03-20T13:00,29.8,29,910.8,Bengaluru,12.9716,77.5946
2023-03-20T14:00,31.3,27,909.8,Bengaluru,12.9716,77.5946
2023-03-20T15:00,30.3,27,908.9,Bengaluru,12.9716,77.5946
2023-03-20T16:00,31.4,22,908.8,Bengaluru,12.9716,77.5946
2023-03-20T17:00,29.4,24,908.8,Bengaluru,12.9716,77.5946
2023-03-20T18:00,26.2,31,908.3,Bengaluru,12.9716,77.5946
2023-03-20T19:00,23.6,39,908.9,Bengaluru,12.9716,77.5946
2023-03-20T20:00,23.2,40,909.9,Bengaluru,12.9716,77.5946
2023-03-20T21:00,22.8,43,910.8,Bengaluru,12.9716,77.5946
2023-03-20T22:00,21.8,56,911.1,Bengaluru,12.9716,77.5946
2023-03-20T23:00,20.4,68,911.2,Bengaluru,12.9716,77.5946
2023-03-21T00:00,19.8,75,910.6,Bengaluru,12.9716,77.5946
2023-03-21T01:00,19.2,83,909.9,Bengaluru,12.9716,77.5946
2023-03-21T02:00,18.8,87,909.4,Bengaluru,12.9716,77.5946
2023-03-21T03:00,18.7,85,909.1,Bengaluru,12.9716,77.5946
2023-03-21T04:00,18.2,82,908.7,Bengaluru,12.9716,77.5946
2023-03-21T05:00,18.4,73,909.2,Bengaluru,12.9716,77.5946
2023-03-21T06:00,18.1,74,909.3,Bengaluru,12.9716,77.5946
2023-03-21T07:00,20.5,60,910.8,Bengaluru,12.9716,77.5946
2023-03-21T08:00,23,46,912.3,Bengaluru,12.9716,77.5946
2023-03-21T09:00,25.3,36,913.1,Bengaluru,12.9716,77.5946
2023-03-21T10:00,27.2,27,913.3,Bengaluru,12.9716,77.5946
2023-03-21T11:00,28.8,23,913,Bengaluru,12.9716,77.5946
2023-03-21T12:00,30.1,20,912,Bengaluru,12.9716,77.5946
2023-03-21T13:00,31,18,911.1,Bengaluru,12.9716,77.5946
2023-03-21T14:00,31.4,18,910.1,Bengaluru,12.9716,77.5946
2023-03-21T15:00,31.3,19,909.5,Bengaluru,12.9716,77.5946
2023-03-21T16:00,30.9,20,909.4,Bengaluru,12.9716,77.5946
2023-03-21T17:00,29.2,23,910.2,Bengaluru,12.9716,77.5946
2023-03-21T18:00,25.6,32,909.6,Bengaluru,12.9716,77.5946
2023-03-21T19:00,23.8,37,909.6,Bengaluru,12.9716,77.5946
2023-03-21T20:00,22.5,41,909.8,Bengaluru,12.9716,77.5946
2023-03-21T21:00,22.7,39,910.6,Bengaluru,12.9716,77.5946
2023-03-21T22:00,21.2,43,910.4,Bengaluru,12.9716,77.5946
2023-03-21T23:00,20.7,45,910.3,Bengaluru,12.9716,77.5946
2023-03-22T00:00,19.9,48,910.8,Bengaluru,12.9716,77.5946
2023-03-22T01:00,18.6,59,909.7,Bengaluru,12.9716,77.5946
2023-03-22T02:00,20.9,54,910.1,Bengaluru,12.9716,77.5946
2023-03-22T03:00,18.1,75,909.2,Bengaluru,12.9716,77.5946
2023-03-22T04:00,18.3,80,909.1,Bengaluru,12.9716,77.5946
2023-03-22T05:00,18.7,88,909.4,Bengaluru,12.9716,77.5946
2023-03-22T06:00,19.1,93,910.5,Bengaluru,12.9716,77.5946
2023-03-22T07:00,21.4,88,911.9,Bengaluru,12.9716,77.5946
2023-03-22T08:00,24.2,75,913.5,Bengaluru,12.9716,77.5946
2023-03-22T09:00,26.2,59,914.4,Bengaluru,12.9716,77.5946
2023-03-22T10:00,27.8,50,914.4,Bengaluru,12.9716,77.5946
2023-03-22T11:00,29.5,43,914,Bengaluru,12.9716,77.5946
2023-03-22T12:00,30.7,38,913.2,Bengaluru,12.9716,77.5946
2023-03-22T13:00,31.4,35,912.2,Bengaluru,12.9716,77.5946
2023-03-22T14:00,31.7,33,911.1,Bengaluru,12.9716,77.5946
2023-03-22T15:00,31.4,31,910.3,Bengaluru,12.9716,77.5946
2023-03-22T16:00,31,29,909.9,Bengaluru,12.9716,77.5946
2023-03-22T17:00,30.4,27,909.9,Bengaluru,12.9716,77.5946
2023-03-22T18:00,27.4,34,909.4,Bengaluru,12.9716,77.5946
2023-03-22T19:00,27.5,35,910.5,Bengaluru,12.9716,77.5946
2023-03-22T20:00,24.5,46,910.3,Bengaluru,12.9716,77.5946
2023-03-22T21:00,23.7,52,910.7,Bengaluru,12.9716,77.5946
2023-03-22T22:00,22.8,58,910.9,Bengaluru,12.9716,77.5946
2023-03-22T23:00,22.3,63,911.1,Bengaluru,12.9716,77.5946
2023-03-23T00:00,22.2,62,911.4,Bengaluru,12.9716,77.5946
2023-03-23T01:00,20.9,64,910.5,Bengaluru,12.9716,77.5946
2023-03-23T02:00,19.8,67,909.3,Bengaluru,12.9716,77.5946
2023-03-23T03:00,19.4,66,908.8,Bengaluru,12.9716,77.5946
2023-03-23T04:00,19.3,67,909.2,Bengaluru,12.9716,77.5946
2023-03-23T05:00,19.3,78,909.5,Bengaluru,12.9716,77.5946
2023-03-23T06:00,19.9,76,910.4,Bengaluru,12.9716,77.5946
2023-03-23T07:00,21.9,70,912.2,Bengaluru,12.9716,77.5946
2023-03-23T08:00,24.7,55,913.6,Bengaluru,12.9716,77.5946
2023-03-23T09:00,26.9,45,914.4,Bengaluru,12.9716,77.5946
2023-03-23T10:00,28.9,37,914.7,Bengaluru,12.9716,77.5946
2023-03-23T11:00,30.7,31,914,Bengaluru,12.9716,77.5946
2023-03-23T12:00,32.1,27,913.3,Bengaluru,12.9716,77.5946
2023-03-23T13:00,33,25,912.2,Bengaluru,12.9716,77.5946
2023-03-23T14:00,33.6,23,911.3,Bengaluru,12.9716,77.5946
2023-03-23T15:00,32.9,23,910.5,Bengaluru,12.9716,77.5946
2023-03-23T16:00,32.4,23,910.1,Bengaluru,12.9716,77.5946
2023-03-23T17:00,31,28,910.5,Bengaluru,12.9716,77.5946
2023-03-23T18:00,28.1,35,910.3,Bengaluru,12.9716,77.5946
2023-03-23T19:00,27,39,911,Bengaluru,12.9716,77.5946
2023-03-23T20:00,27.3,35,911.8,Bengaluru,12.9716,77.5946
2023-03-23T21:00,24.4,43,911.4,Bengaluru,12.9716,77.5946
2023-03-23T22:00,24.2,51,912.5,Bengaluru,12.9716,77.5946
2023-03-23T23:00,23.8,61,912.8,Bengaluru,12.9716,77.5946
2023-03-24T00:00,23.1,66,911.8,Bengaluru,12.9716,77.5946
2023-03-24T01:00,22,76,911.1,Bengaluru,12.9716,77.5946
2023-03-24T02:00,21.2,80,910.3,Bengaluru,12.9716,77.5946
2023-03-24T03:00,20.6,83,909.9,Bengaluru,12.9716,77.5946
2023-03-24T04:00,19.9,87,909.8,Bengaluru,12.9716,77.5946
2023-03-24T05:00,20.5,94,910.2,Bengaluru,12.9716,77.5946
2023-03-24T06:00,20.5,96,910.9,Bengaluru,12.9716,77.5946
2023-03-24T07:00,22.2,88,912.4,Bengaluru,12.9716,77.5946
2023-03-24T08:00,25,71,913.6,Bengaluru,12.9716,77.5946
2023-03-24T09:00,27.5,53,914.4,Bengaluru,12.9716,77.5946
2023-03-24T10:00,29.7,39,914.3,Bengaluru,12.9716,77.5946
2023-03-24T11:00,31.3,32,914,Bengaluru,12.9716,77.5946
2023-03-24T12:00,32.1,28,913.1,Bengaluru,12.9716,77.5946
2023-03-24T13:00,33,27,912.3,Bengaluru,12.9716,77.5946
2023-03-24T14:00,33,25,911.2,Bengaluru,12.9716,77.5946
2023-03-24T15:00,33,24,910.5,Bengaluru,12.9716,77.5946
2023-03-24T16:00,32.9,24,910.2,Bengaluru,12.9716,77.5946
2023-03-24T17:00,30.5,30,910.7,Bengaluru,12.9716,77.5946
2023-03-24T18:00,28.6,34,910.9,Bengaluru,12.9716,77.5946
2023-03-24T19:00,26.8,39,911,Bengaluru,12.9716,77.5946
2023-03-24T20:00,25.3,44,911.5,Bengaluru,12.9716,77.5946
2023-03-24T21:00,24.5,58,912.7,Bengaluru,12.9716,77.5946
2023-03-24T22:00,23.4,67,913.1,Bengaluru,12.9716,77.5946
2023-03-24T23:00,22.6,71,913.7,Bengaluru,12.9716,77.5946
2023-03-25T00:00,22.2,74,912.9,Bengaluru,12.9716,77.5946
2023-03-25T01:00,21.7,77,911.9,Bengaluru,12.9716,77.5946
2023-03-25T02:00,21.3,79,911.4,Bengaluru,12.9716,77.5946
2023-03-25T03:00,20.8,82,911.1,Bengaluru,12.9716,77.5946
2023-03-25T04:00,20.2,86,910.9,Bengaluru,12.9716,77.5946
2023-03-25T05:00,19.6,87,911.8,Bengaluru,12.9716,77.5946
2023-03-25T06:00,20.3,91,912.1,Bengaluru,12.9716,77.5946
2023-03-25T07:00,21.5,86,913.6,Bengaluru,12.9716,77.5946
2023-03-25T08:00,23.2,76,915,Bengaluru,12.9716,77.5946
2023-03-25T09:00,23.4,73,916.1,Bengaluru,12.9716,77.5946
2023-03-25T10:00,24.3,69,915.9,Bengaluru,12.9716,77.5946
2023-03-25T11:00,28.4,49,915.7,Bengaluru,12.9716,77.5946
2023-03-25T12:00,30.1,41,914.7,Bengaluru,12.9716,77.5946
2023-03-25T13:00,30.4,38,913.6,Bengaluru,12.9716,77.5946
2023-03-25T14:00,30.4,37,912.4,Bengaluru,12.9716,77.5946
2023-03-25T15:00,30.8,36,911.7,Bengaluru,12.9716,77.5946
2023-03-25T16:00,30.4,37,911.5,Bengaluru,12.9716,77.5946
2023-03-25T17:00,27.8,47,912,Bengaluru,12.9716,77.5946
2023-03-25T18:00,26.1,58,912.2,Bengaluru,12.9716,77.5946
2023-03-25T19:00,24.6,64,912.4,Bengaluru,12.9716,77.5946
2023-03-25T20:00,24.4,66,913.2,Bengaluru,12.9716,77.5946
2023-03-25T21:00,24.3,62,913.3,Bengaluru,12.9716,77.5946
2023-03-25T22:00,23.2,66,913.4,Bengaluru,12.9716,77.5946
2023-03-25T23:00,22.9,66,913.3,Bengaluru,12.9716,77.5946
2023-03-26T00:00,22.4,69,912.9,Bengaluru,12.9716,77.5946
2023-03-26T01:00,21.8,74,912.3,Bengaluru,12.9716,77.5946
2023-03-26T02:00,21.4,75,911.7,Bengaluru,12.9716,77.5946
2023-03-26T03:00,21.1,76,911.2,Bengaluru,12.9716,77.5946
2023-03-26T04:00,20.7,77,910.9,Bengaluru,12.9716,77.5946
2023-03-26T05:00,21.3,83,911.6,Bengaluru,12.9716,77.5946
2023-03-26T06:00,21.5,83,912.4,Bengaluru,12.9716,77.5946
2023-03-26T07:00,23.2,74,913.6,Bengaluru,12.9716,77.5946
2023-03-26T08:00,25.3,65,914.7,Bengaluru,12.9716,77.5946
2023-03-26T09:00,27,57,915.2,Bengaluru,12.9716,77.5946
2023-03-26T10:00,28,52,915.3,Bengaluru,12.9716,77.5946
2023-03-26T11:00,29.1,47,914.7,Bengaluru,12.9716,77.5946
2023-03-26T12:00,30.5,42,914.1,Bengaluru,12.9716,77.5946
2023-03-26T13:00,30.6,41,913,Bengaluru,12.9716,77.5946
2023-03-26T14:00,31,39,912,Bengaluru,12.9716,77.5946
2023-03-26T15:00,30.8,38,911.1,Bengaluru,12.9716,77.5946
2023-03-26T16:00,30.2,38,910.6,Bengaluru,12.9716,77.5946
2023-03-26T17:00,30.4,33,910.9,Bengaluru,12.9716,77.5946
2023-03-26T18:00,28.6,39,910.8,Bengaluru,12.9716,77.5946
2023-03-26T19:00,27.4,45,911.5,Bengaluru,12.9716,77.5946
2023-03-26T20:00,26.1,52,911.8,Bengaluru,12.9716,77.5946
2023-03-26T21:00,24.5,61,911.9,Bengaluru,12.9716,77.5946
2023-03-26T22:00,23.5,65,912.6,Bengaluru,12.9716,77.5946
2023-03-26T23:00,22.7,70,912.6,Bengaluru,12.9716,77.5946
2023-03-27T00:00,22.4,72,912.4,Bengaluru,12.9716,77.5946
2023-03-27T01:00,21.7,76,911.5,Bengaluru,12.9716,77.5946
2023-03-27T02:00,21.1,78,910.9,Bengaluru,12.9716,77.5946
2023-03-27T03:00,20.6,81,910.6,Bengaluru,12.9716,77.5946
2023-03-27T04:00,20.2,83,910.6,Bengaluru,12.9716,77.5946
2023-03-27T05:00,20.5,82,911.3,Bengaluru,12.9716,77.5946
2023-03-27T06:00,20.4,78,911.9,Bengaluru,12.9716,77.5946
2023-03-27T07:00,22.4,66,913.3,Bengaluru,12.9716,77.5946
2023-03-27T08:00,25.4,46,914.7,Bengaluru,12.9716,77.5946
2023-03-27T09:00,28.5,35,915.6,Bengaluru,12.9716,77.5946
2023-03-27T10:00,30.8,28,915.4,Bengaluru,12.9716,77.5946
2023-03-27T11:00,32.3,25,915.1,Bengaluru,12.9716,77.5946
2023-03-27T12:00,33.8,22,914.3,Bengaluru,12.9716,77.5946
2023-03-27T13:00,34.6,19,913,Bengaluru,12.9716,77.5946
2023-03-27T14:00,35.3,18,911.8,Bengaluru,12.9716,77.5946
2023-03-27T15:00,35.5,17,910.7,Bengaluru,12.9716,77.5946
2023-03-27T16:00,34.2,18,910.4,Bengaluru,12.9716,77.5946
2023-03-27T17:00,31.3,24,911.1,Bengaluru,12.9716,77.5946
2023-03-27T18:00,30,24,911.5,Bengaluru,12.9716,77.5946
2023-03-27T19:00,28,28,911.6,Bengaluru,12.9716,77.5946
2023-03-27T20:00,26.4,31,911.5,Bengaluru,12.9716,77.5946
2023-03-27T21:00,25.2,33,911.5,Bengaluru,12.9716,77.5946
2023-03-27T22:00,23.5,37,911.5,Bengaluru,12.9716,77.5946
2023-03-27T23:00,22.9,37,911.1,Bengaluru,12.9716,77.5946
2023-03-28T00:00,22.3,48,911.1,Bengaluru,12.9716,77.5946
2023-03-28T01:00,22.1,64,910.6,Bengaluru,12.9716,77.5946
2023-03-28T02:00,21.4,72,909.9,Bengaluru,12.9716,77.5946
2023-03-28T03:00,21,74,909.7,Bengaluru,12.9716,77.5946
2023-03-28T04:00,20.8,76,909.9,Bengaluru,12.9716,77.5946
2023-03-28T05:00,21.3,77,910.8,Bengaluru,12.9716,77.5946
2023-03-28T06:00,20.4,82,911.4,Bengaluru,12.9716,77.5946
2023-03-28T07:00,23.5,68,913.1,Bengaluru,12.9716,77.5946
2023-03-28T08:00,26.5,55,914.4,Bengaluru,12.9716,77.5946
2023-03-28T09:00,28.8,43,914.9,Bengaluru,12.9716,77.5946
2023-03-28T10:00,30.5,34,915,Bengaluru,12.9716,77.5946
2023-03-28T11:00,32.2,26,914.6,Bengaluru,12.9716,77.5946
2023-03-28T12:00,33.1,22,913.7,Bengaluru,12.9716,77.5946
2023-03-28T13:00,34,20,912.7,Bengaluru,12.9716,77.5946
2023-03-28T14:00,34.7,17,911.6,Bengaluru,12.9716,77.5946
2023-03-28T15:00,34.7,16,910.9,Bengaluru,12.9716,77.5946
2023-03-28T16:00,34.4,15,910.8,Bengaluru,12.9716,77.5946
2023-03-28T17:00,32.6,18,911.1,Bengaluru,12.9716,77.5946
2023-03-28T18:00,29.2,22,910.8,Bengaluru,12.9716,77.5946
2023-03-28T19:00,27.8,29,911.9,Bengaluru,12.9716,77.5946
2023-03-28T20:00,26.6,42,912.6,Bengaluru,12.9716,77.5946
2023-03-28T21:00,25.3,56,913.3,Bengaluru,12.9716,77.5946
2023-03-28T22:00,24.3,66,913.3,Bengaluru,12.9716,77.5946
2023-03-28T23:00,23.5,75,913.2,Bengaluru,12.9716,77.5946
2023-03-29T00:00,22.9,82,912.8,Bengaluru,12.9716,77.5946
2023-03-29T01:00,22.1,87,912.4,Bengaluru,12.9716,77.5946
2023-03-29T02:00,21.7,90,911.9,Bengaluru,12.9716,77.5946
2023-03-29T03:00,21.5,91,911.7,Bengaluru,12.9716,77.5946
2023-03-29T04:00,21.3,92,911.8,Bengaluru,12.9716,77.5946
2023-03-29T05:00,21.7,93,912,Bengaluru,12.9716,77.5946
2023-03-29T06:00,22,93,912.6,Bengaluru,12.9716,77.5946
2023-03-29T07:00,23.1,86,914,Bengaluru,12.9716,77.5946
2023-03-29T08:00,24.8,76,915,Bengaluru,12.9716,77.5946
2023-03-29T09:00,27.3,61,916.1,Bengaluru,12.9716,77.5946
2023-03-29T10:00,29.3,51,916,Bengaluru,12.9716,77.5946
2023-03-29T11:00,30.4,44,915.5,Bengaluru,12.9716,77.5946
2023-03-29T12:00,31,42,914.7,Bengaluru,12.9716,77.5946
2023-03-29T13:00,31.5,39,913.8,Bengaluru,12.9716,77.5946
2023-03-29T14:00,31.9,37,912.8,Bengaluru,12.9716,77.5946
2023-03-29T15:00,32.3,35,912.2,Bengaluru,12.9716,77.5946
2023-03-29T16:00,32,34,911.8,Bengaluru,12.9716,77.5946
2023-03-29T17:00,30.7,38,911.9,Bengaluru,12.9716,77.5946
2023-03-29T18:00,25.6,63,912.5,Bengaluru,12.9716,77.5946
2023-03-29T19:00,21.5,79,912.2,Bengaluru,12.9716,77.5946
2023-03-29T20:00,23,82,913,Bengaluru,12.9716,77.5946
2023-03-29T21:00,23.6,77,913.4,Bengaluru,12.9716,77.5946
2023-03-29T22:00,24.2,66,913.5,Bengaluru,12.9716,77.5946
2023-03-29T23:00,22.7,71,913.1,Bengaluru,12.9716,77.5946
2023-03-30T00:00,22.4,73,912.7,Bengaluru,12.9716,77.5946
2023-03-30T01:00,22,74,912,Bengaluru,12.9716,77.5946
2023-03-30T02:00,21.5,77,911.3,Bengaluru,12.9716,77.5946
2023-03-30T03:00,20.9,79,910.9,Bengaluru,12.9716,77.5946
2023-03-30T04:00,21.8,74,911.5,Bengaluru,12.9716,77.5946
2023-03-30T05:00,22.9,70,912.2,Bengaluru,12.9716,77.5946
2023-03-30T06:00,23.2,68,912.7,Bengaluru,12.9716,77.5946
2023-03-30T07:00,23.9,65,913.8,Bengaluru,12.9716,77.5946
2023-03-30T08:00,25.9,56,914.9,Bengaluru,12.9716,77.5946
2023-03-30T09:00,27.8,47,915.4,Bengaluru,12.9716,77.5946
2023-03-30T10:00,29.7,40,915.2,Bengaluru,12.9716,77.5946
2023-03-30T11:00,31,35,914.6,Bengaluru,12.9716,77.5946
2023-03-30T12:00,31.3,34,913.6,Bengaluru,12.9716,77.5946
2023-03-30T13:00,31.9,34,912.6,Bengaluru,12.9716,77.5946
2023-03-30T14:00,32.2,32,911.2,Bengaluru,12.9716,77.5946
2023-03-30T15:00,31.1,34,910.5,Bengaluru,12.9716,77.5946
2023-03-30T16:00,27.7,47,910.4,Bengaluru,12.9716,77.5946
2023-03-30T17:00,29.7,36,910.5,Bengaluru,12.9716,77.5946
2023-03-30T18:00,26.2,52,910.7,Bengaluru,12.9716,77.5946
2023-03-30T19:00,24.6,57,911.5,Bengaluru,12.9716,77.5946
2023-03-30T20:00,23.6,66,912,Bengaluru,12.9716,77.5946
2023-03-30T21:00,22.1,77,912.7,Bengaluru,12.9716,77.5946
2023-03-30T22:00,21.8,76,912.7,Bengaluru,12.9716,77.5946
2023-03-30T23:00,21.6,74,912.6,Bengaluru,12.9716,77.5946
2023-03-31T00:00,21,78,912.2,Bengaluru,12.9716,77.5946
2023-03-31T01:00,20.8,79,911.6,Bengaluru,12.9716,77.5946
2023-03-31T02:00,20.4,80,910.6,Bengaluru,12.9716,77.5946
2023-03-31T03:00,20,83,910.5,Bengaluru,12.9716,77.5946
2023-03-31T04:00,19.8,85,910.4,Bengaluru,12.9716,77.5946
2023-03-31T05:00,20.4,85,910.9,Bengaluru,12.9716,77.5946
2023-03-31T06:00,20.8,83,911.6,Bengaluru,12.9716,77.5946
2023-03-31T07:00,22.1,78,913,Bengaluru,12.9716,77.5946
2023-03-31T08:00,24,69,913.8,Bengaluru,12.9716,77.5946
2023-03-31T09:00,26.2,59,914.3,Bengaluru,12.9716,77.5946
2023-03-31T10:00,28.2,51,914.3,Bengaluru,12.9716,77.5946
2023-03-31T11:00,29.9,42,913.9,Bengaluru,12.9716,77.5946
2023-03-31T12:00,30.3,39,913,Bengaluru,12.9716,77.5946
2023-03-31T13:00,31.4,36,912.1,Bengaluru,12.9716,77.5946
2023-03-31T14:00,31.4,35,911,Bengaluru,12.9716,77.5946
2023-03-31T15:00,31.1,36,910.1,Bengaluru,12.9716,77.5946
2023-03-31T16:00,31,35,909.9,Bengaluru,12.9716,77.5946
2023-03-31T17:00,29.7,35,910.3,Bengaluru,12.9716,77.5946
2023-03-31T18:00,29.1,37,910.5,Bengaluru,12.9716,77.5946
2023-03-31T19:00,28,41,910.9,Bengaluru,12.9716,77.5946
2023-03-31T20:00,26.7,48,911.3,Bengaluru,12.9716,77.5946
2023-03-31T21:00,24.7,55,911.3,Bengaluru,12.9716,77.5946
2023-03-31T22:00,24.2,57,911.6,Bengaluru,12.9716,77.5946
2023-03-31T23:00,23.7,59,911.1,Bengaluru,12.9716,77.5946
2023-04-01T00:00,23.8,56,911.3,Bengaluru,12.9716,77.5946
2023-04-01T01:00,23.1,57,910.5,Bengaluru,12.9716,77.5946
2023-04-01T02:00,22.4,59,910,Bengaluru,12.9716,77.5946
2023-04-01T03:00,21.6,63,909.7,Bengaluru,12.9716,77.5946
2023-04-01T04:00,21.5,64,910,Bengaluru,12.9716,77.5946
2023-04-01T05:00,21.5,74,911,Bengaluru,12.9716,77.5946
2023-04-01T06:00,21.6,79,911.5,Bengaluru,12.9716,77.5946
2023-04-01T07:00,23,77,913,Bengaluru,12.9716,77.5946
2023-04-01T08:00,25,71,914.1,Bengaluru,12.9716,77.5946
2023-04-01T09:00,26.6,61,914.8,Bengaluru,12.9716,77.5946
2023-04-01T10:00,27.9,56,914.8,Bengaluru,12.9716,77.5946
2023-04-01T11:00,28.9,50,914.2,Bengaluru,12.9716,77.5946
2023-04-01T12:00,29.2,45,913.2,Bengaluru,12.9716,77.5946
2023-04-01T13:00,28.5,49,912.2,Bengaluru,12.9716,77.5946
2023-04-01T14:00,25.9,64,911.2,Bengaluru,12.9716,77.5946
2023-04-01T15:00,27.3,53,910.5,Bengaluru,12.9716,77.5946
2023-04-01T16:00,28.4,46,910.4,Bengaluru,12.9716,77.5946
2023-04-01T17:00,29.7,35,910.3,Bengaluru,12.9716,77.5946
2023-04-01T18:00,27.4,44,909.9,Bengaluru,12.9716,77.5946
2023-04-01T19:00,25.9,51,910.4,Bengaluru,12.9716,77.5946
2023-04-01T20:00,24.1,63,911.4,Bengaluru,12.9716,77.5946
2023-04-01T21:00,23.5,67,912,Bengaluru,12.9716,77.5946
2023-04-01T22:00,23.3,67,912.9,Bengaluru,12.9716,77.5946
2023-04-01T23:00,22.7,68,912.5,Bengaluru,12.9716,77.5946
2023-04-02T00:00,22.7,67,912.1,Bengaluru,12.9716,77.5946
2023-04-02T01:00,21.9,71,911.2,Bengaluru,12.9716,77.5946
2023-04-02T02:00,21.4,75,910.5,Bengaluru,12.9716,77.5946
2023-04-02T03:00,20.6,80,910.1,Bengaluru,12.9716,77.5946
2023-04-02T04:00,20.1,83,910,Bengaluru,12.9716,77.5946
2023-04-02T05:00,20.8,85,910.7,Bengaluru,12.9716,77.5946
2023-04-02T06:00,21,85,911.4,Bengaluru,12.9716,77.5946
2023-04-02T07:00,22.7,79,912.7,Bengaluru,12.9716,77.5946
2023-04-02T08:00,24.9,66,914,Bengaluru,12.9716,77.5946
2023-04-02T09:00,27.5,48,914.7,Bengaluru,12.9716,77.5946
2023-04-02T10:00,29.6,35,914.5,Bengaluru,12.9716,77.5946
2023-04-02T11:00,31.1,30,914,Bengaluru,12.9716,77.5946
2023-04-02T12:00,32.3,27,912.9,Bengaluru,12.9716,77.5946
2023-04-02T13:00,33.4,24,911.7,Bengaluru,12.9716,77.5946
2023-04-02T14:00,33.8,22,910.4,Bengaluru,12.9716,77.5946
2023-04-02T15:00,33.7,20,909.6,Bengaluru,12.9716,77.5946
2023-04-02T16:00,33.1,21,909.5,Bengaluru,12.9716,77.5946
2023-04-02T17:00,31.2,25,909.7,Bengaluru,12.9716,77.5946
2023-04-02T18:00,29.8,28,910,Bengaluru,12.9716,77.5946
2023-04-02T19:00,26.8,39,910.1,Bengaluru,12.9716,77.5946
2023-04-02T20:00,25.6,45,910.9,Bengaluru,12.9716,77.5946
2023-04-02T21:00,24.2,61,911.3,Bengaluru,12.9716,77.5946
2023-04-02T22:00,22.7,69,911.5,Bengaluru,12.9716,77.5946
2023-04-02T23:00,22.3,70,911.7,Bengaluru,12.9716,77.5946
2023-04-03T00:00,22.2,70,910.9,Bengaluru,12.9716,77.5946
2023-04-03T01:00,21.8,72,910.3,Bengaluru,12.9716,77.5946
2023-04-03T02:00,21,76,909.6,Bengaluru,12.9716,77.5946
2023-04-03T03:00,20.3,81,909.1,Bengaluru,12.9716,77.5946
2023-04-03T04:00,19.7,85,909,Bengaluru,12.9716,77.5946
2023-04-03T05:00,20.1,93,910.1,Bengaluru,12.9716,77.5946
2023-04-03T06:00,20.7,89,911,Bengaluru,12.9716,77.5946
2023-04-03T07:00,22.7,80,912.2,Bengaluru,12.9716,77.5946
2023-04-03T08:00,25.2,63,913.4,Bengaluru,12.9716,77.5946
2023-04-03T09:00,27.5,50,914.1,Bengaluru,12.9716,77.5946
2023-04-03T10:00,29.3,42,913.9,Bengaluru,12.9716,77.5946
2023-04-03T11:00,30.9,35,913.5,Bengaluru,12.9716,77.5946
2023-04-03T12:00,32.1,31,912.6,Bengaluru,12.9716,77.5946
2023-04-03T13:00,32.9,28,911.4,Bengaluru,12.9716,77.5946
2023-04-03T14:00,32.6,28,910.2,Bengaluru,12.9716,77.5946
2023-04-03T15:00,32.3,29,909.5,Bengaluru,12.9716,77.5946
2023-04-03T16:00,32.4,27,909.3,Bengaluru,12.9716,77.5946
2023-04-03T17:00,31,31,909.9,Bengaluru,12.9716,77.5946
2023-04-03T18:00,27.8,46,910.3,Bengaluru,12.9716,77.5946
2023-04-03T19:00,26.6,50,911,Bengaluru,12.9716,77.5946
2023-04-03T20:00,25.7,54,911.7,Bengaluru,12.9716,77.5946
2023-04-03T21:00,25.1,57,912.4,Bengaluru,12.9716,77.5946
2023-04-03T22:00,24.4,60,912.7,Bengaluru,12.9716,77.5946
2023-04-03T23:00,23.2,71,912.7,Bengaluru,12.9716,77.5946
2023-04-04T00:00,22.5,77,911.9,Bengaluru,12.9716,77.5946
2023-04-04T01:00,22.4,75,911.2,Bengaluru,12.9716,77.5946
2023-04-04T02:00,22,74,910.5,Bengaluru,12.9716,77.5946
2023-04-04T03:00,21.4,77,910.4,Bengaluru,12.9716,77.5946
2023-04-04T04:00,20.9,81,910.5,Bengaluru,12.9716,77.5946
2023-04-04T05:00,21.5,81,911.1,Bengaluru,12.9716,77.5946
2023-04-04T06:00,22.4,78,912.1,Bengaluru,12.9716,77.5946
2023-04-04T07:00,23.1,74,913.1,Bengaluru,12.9716,77.5946
2023-04-04T08:00,23.8,72,914.2,Bengaluru,12.9716,77.5946
2023-04-04T09:00,25.7,63,914.9,Bengaluru,12.9716,77.5946
2023-04-04T10:00,28,54,915.3,Bengaluru,12.9716,77.5946
2023-04-04T11:00,29.6,49,915,Bengaluru,12.9716,77.5946
2023-04-04T12:00,30.6,43,914.3,Bengaluru,12.9716,77.5946
2023-04-04T13:00,31.1,38,912.9,Bengaluru,12.9716,77.5946
2023-04-04T14:00,26.8,54,911.4,Bengaluru,12.9716,77.5946
2023-04-04T15:00,27.3,51,911.5,Bengaluru,12.9716,77.5946
2023-04-04T16:00,25.1,62,911.5,Bengaluru,12.9716,77.5946
2023-04-04T17:00,23,77,911.9,Bengaluru,12.9716,77.5946
2023-04-04T18:00,23.2,75,912.1,Bengaluru,12.9716,77.5946
2023-04-04T19:00,22.8,81,912.6,Bengaluru,12.9716,77.5946
2023-04-04T20:00,23,79,912.9,Bengaluru,12.9716,77.5946
2023-04-04T21:00,22.7,77,913.1,Bengaluru,12.9716,77.5946
2023-04-04T22:00,22.7,71,912.8,Bengaluru,12.9716,77.5946
2023-04-04T23:00,23.3,63,912.5,Bengaluru,12.9716,77.5946
2023-04-05T00:00,22.8,63,911.5,Bengaluru,12.9716,77.5946
2023-04-05T01:00,22.2,66,910.7,Bengaluru,12.9716,77.5946
2023-04-05T02:00,20.8,73,910.1,Bengaluru,12.9716,77.5946
2023-04-05T03:00,20.4,77,910.1,Bengaluru,12.9716,77.5946
2023-04-05T04:00,19.7,83,909.9,Bengaluru,12.9716,77.5946
2023-04-05T05:00,19.1,88,910.3,Bengaluru,12.9716,77.5946
2023-04-05T06:00,19.7,86,910.9,Bengaluru,12.9716,77.5946
2023-04-05T07:00,22.3,75,912.8,Bengaluru,12.9716,77.5946
2023-04-05T08:00,25,61,914.3,Bengaluru,12.9716,77.5946
2023-04-05T09:00,27.3,51,914.9,Bengaluru,12.9716,77.5946
2023-04-05T10:00,29.2,44,914.9,Bengaluru,12.9716,77.5946
2023-04-05T11:00,30.7,36,914.5,Bengaluru,12.9716,77.5946
2023-04-05T12:00,31.1,33,913.5,Bengaluru,12.9716,77.5946
2023-04-05T13:00,32,31,912.4,Bengaluru,12.9716,77.5946
2023-04-05T14:00,32.5,30,911.4,Bengaluru,12.9716,77.5946
2023-04-05T15:00,32.2,30,910.7,Bengaluru,12.9716,77.5946
2023-04-05T16:00,31.6,31,910.5,Bengaluru,12.9716,77.5946
2023-04-05T17:00,30.7,32,911,Bengaluru,12.9716,77.5946
2023-04-05T18:00,27.3,43,910.7,Bengaluru,12.9716,77.5946
2023-04-05T19:00,26.7,43,911.6,Bengaluru,12.9716,77.5946
2023-04-05T20:00,26.2,42,912.2,Bengaluru,12.9716,77.5946
2023-04-05T21:00,25.7,44,912.7,Bengaluru,12.9716,77.5946
2023-04-05T22:00,24.6,51,912.9,Bengaluru,12.9716,77.5946
2023-04-05T23:00,23.8,59,912.5,Bengaluru,12.9716,77.5946
2023-04-06T00:00,22.9,65,912.1,Bengaluru,12.9716,77.5946
2023-04-06T01:00,21.7,72,911.7,Bengaluru,12.9716,77.5946
2023-04-06T02:00,21.3,74,910.9,Bengaluru,12.9716,77.5946
2023-04-06T03:00,21.1,74,910.7,Bengaluru,12.9716,77.5946
2023-04-06T04:00,20.9,78,910.9,Bengaluru,12.9716,77.5946
2023-04-06T05:00,20.6,83,911.5,Bengaluru,12.9716,77.5946
2023-04-06T06:00,21.2,82,912.2,Bengaluru,12.9716,77.5946
2023-04-06T07:00,23.2,78,913.4,Bengaluru,12.9716,77.5946
2023-04-06T08:00,25.1,74,914.6,Bengaluru,12.9716,77.5946
2023-04-06T09:00,26.9,66,915.2,Bengaluru,12.9716,77.5946
2023-04-06T10:00,28.2,60,915.1,Bengaluru,12.9716,77.5946
2023-04-06T11:00,29.1,55,914.6,Bengaluru,12.9716,77.5946
2023-04-06T12:00,29.9,51,913.8,Bengaluru,12.9716,77.5946
2023-04-06T13:00,30.8,46,913,Bengaluru,12.9716,77.5946
2023-04-06T14:00,31.2,41,912,Bengaluru,12.9716,77.5946
2023-04-06T15:00,30.8,39,911.2,Bengaluru,12.9716,77.5946
2023-04-06T16:00,30.1,40,911,Bengaluru,12.9716,77.5946
2023-04-06T17:00,30.1,38,911.4,Bengaluru,12.9716,77.5946
2023-04-06T18:00,28.1,40,911.6,Bengaluru,12.9716,77.5946
2023-04-06T19:00,26.6,46,912.1,Bengaluru,12.9716,77.5946
2023-04-06T20:00,25.8,50,912.8,Bengaluru,12.9716,77.5946
2023-04-06T21:00,25.4,50,913.4,Bengaluru,12.9716,77.5946
2023-04-06T22:00,24.9,50,913.8,Bengaluru,12.9716,77.5946
2023-04-06T23:00,24.2,55,913.6,Bengaluru,12.9716,77.5946
2023-04-07T00:00,23.6,58,912.9,Bengaluru,12.9716,77.5946
2023-04-07T01:00,22.8,65,912.2,Bengaluru,12.9716,77.5946
2023-04-07T02:00,22,73,911.6,Bengaluru,12.9716,77.5946
2023-04-07T03:00,21.2,80,911.2,Bengaluru,12.9716,77.5946
2023-04-07T04:00,20.3,86,911.2,Bengaluru,12.9716,77.5946
2023-04-07T05:00,20.8,91,912,Bengaluru,12.9716,77.5946
2023-04-07T06:00,20.9,90,912.6,Bengaluru,12.9716,77.5946
2023-04-07T07:00,22.7,82,914.1,Bengaluru,12.9716,77.5946
2023-04-07T08:00,25.1,71,915.5,Bengaluru,12.9716,77.5946
2023-04-07T09:00,27.3,55,916.2,Bengaluru,12.9716,77.5946
2023-04-07T10:00,29.2,41,916.3,Bengaluru,12.9716,77.5946
2023-04-07T11:00,30.5,34,916,Bengaluru,12.9716,77.5946
2023-04-07T12:00,31.5,30,915.4,Bengaluru,12.9716,77.5946
2023-04-07T13:00,32.1,28,914.5,Bengaluru,12.9716,77.5946
2023-04-07T14:00,32.1,28,913.6,Bengaluru,12.9716,77.5946
2023-04-07T15:00,31.9,27,912.7,Bengaluru,12.9716,77.5946
2023-04-07T16:00,31.6,27,912.5,Bengaluru,12.9716,77.5946
2023-04-07T17:00,28.8,34,913,Bengaluru,12.9716,77.5946
2023-04-07T18:00,26.9,39,913.4,Bengaluru,12.9716,77.5946
2023-04-07T19:00,25.5,44,913.8,Bengaluru,12.9716,77.5946
2023-04-07T20:00,24.7,49,914.3,Bengaluru,12.9716,77.5946
2023-04-07T21:00,24.1,53,915,Bengaluru,12.9716,77.5946
2023-04-07T22:00,23.2,57,915,Bengaluru,12.9716,77.5946
2023-04-07T23:00,22.7,59,914.7,Bengaluru,12.9716,77.5946
2023-04-08T00:00,22,63,914,Bengaluru,12.9716,77.5946
2023-04-08T01:00,21.2,67,913.3,Bengaluru,12.9716,77.5946
2023-04-08T02:00,20.4,72,912.7,Bengaluru,12.9716,77.5946
2023-04-08T03:00,19.9,75,912.4,Bengaluru,12.9716,77.5946
2023-04-08T04:00,19.5,77,912.2,Bengaluru,12.9716,77.5946
2023-04-08T05:00,19.6,84,912.8,Bengaluru,12.9716,77.5946
2023-04-08T06:00,20,82,913.7,Bengaluru,12.9716,77.5946
2023-04-08T07:00,22.3,74,915.4,Bengaluru,12.9716,77.5946
2023-04-08T08:00,25.1,62,916.9,Bengaluru,12.9716,77.5946
2023-04-08T09:00,27.6,45,917.8,Bengaluru,12.9716,77.5946
2023-04-08T10:00,29.4,34,917.8,Bengaluru,12.9716,77.5946
2023-04-08T11:00,30.6,29,917.5,Bengaluru,12.9716,77.5946
2023-04-08T12:00,31.3,28,916.6,Bengaluru,12.9716,77.5946
2023-04-08T13:00,32,24,915.8,Bengaluru,12.9716,77.5946
2023-04-08T14:00,32.2,23,915,Bengaluru,12.9716,77.5946
2023-04-08T15:00,31.6,23,914.5,Bengaluru,12.9716,77.5946
2023-04-08T16:00,30.6,26,914.1,Bengaluru,12.9716,77.5946
2023-04-08T17:00,29.3,30,914.6,Bengaluru,12.9716,77.5946
2023-04-08T18:00,27.5,33,914.4,Bengaluru,12.9716,77.5946
2023-04-08T19:00,26.1,37,915.3,Bengaluru,12.9716,77.5946
2023-04-08T20:00,24.9,42,915.7,Bengaluru,12.9716,77.5946
2023-04-08T21:00,23.9,47,916.1,Bengaluru,12.9716,77.5946
2023-04-08T22:00,23.3,50,916.4,Bengaluru,12.9716,77.5946
2023-04-08T23:00,22.5,52,916.3,Bengaluru,12.9716,77.5946
2023-04-09T00:00,21.4,57,915.3,Bengaluru,12.9716,77.5946
2023-04-09T01:00,20.6,63,914.3,Bengaluru,12.9716,77.5946
2023-04-09T02:00,19.8,68,913.4,Bengaluru,12.9716,77.5946
2023-04-09T03:00,19.1,72,912.9,Bengaluru,12.9716,77.5946
2023-04-09T04:00,18.5,75,913.1,Bengaluru,12.9716,77.5946
2023-04-09T05:00,18.3,83,913.7,Bengaluru,12.9716,77.5946
2023-04-09T06:00,18.5,89,914.7,Bengaluru,12.9716,77.5946
2023-04-09T07:00,20.8,81,916.3,Bengaluru,12.9716,77.5946
2023-04-09T08:00,24,63,917.6,Bengaluru,12.9716,77.5946
2023-04-09T09:00,26.7,39,918.3,Bengaluru,12.9716,77.5946
2023-04-09T10:00,28.6,31,918.1,Bengaluru,12.9716,77.5946
2023-04-09T11:00,30.1,27,917.5,Bengaluru,12.9716,77.5946
2023-04-09T12:00,31.3,26,916.7,Bengaluru,12.9716,77.5946
2023-04-09T13:00,32,25,916,Bengaluru,12.9716,77.5946
2023-04-09T14:00,32.4,24,915,Bengaluru,12.9716,77.5946
2023-04-09T15:00,32.4,25,914.3,Bengaluru,12.9716,77.5946
2023-04-09T16:00,31.9,26,913.6,Bengaluru,12.9716,77.5946
2023-04-09T17:00,29.9,32,914.2,Bengaluru,12.9716,77.5946
2023-04-09T18:00,27.8,37,914.3,Bengaluru,12.9716,77.5946
2023-04-09T19:00,26.1,42,914.5,Bengaluru,12.9716,77.5946
2023-04-09T20:00,25,47,915.1,Bengaluru,12.9716,77.5946
2023-04-09T21:00,24.3,50,915.6,Bengaluru,12.9716,77.5946
2023-04-09T22:00,23.8,54,915.8,Bengaluru,12.9716,77.5946
2023-04-09T23:00,23,58,915.2,Bengaluru,12.9716,77.5946
2023-04-10T00:00,22.2,65,914.4,Bengaluru,12.9716,77.5946
2023-04-10T01:00,21.4,77,913.7,Bengaluru,12.9716,77.5946
2023-04-10T02:00,20.7,86,912.9,Bengaluru,12.9716,77.5946
2023-04-10T03:00,20,91,912.4,Bengaluru,12.9716,77.5946
2023-04-10T04:00,19.4,96,912.3,Bengaluru,12.9716,77.5946
2023-04-10T05:00,20.7,97,913.5,Bengaluru,12.9716,77.5946
2023-04-10T06:00,21.3,92,914.4,Bengaluru,12.9716,77.5946
2023-04-10T07:00,22.3,84,915.4,Bengaluru,12.9716,77.5946
2023-04-10T08:00,24.7,67,916.6,Bengaluru,12.9716,77.5946
2023-04-10T09:00,27.6,47,917.2,Bengaluru,12.9716,77.5946
2023-04-10T10:00,30.1,32,917.4,Bengaluru,12.9716,77.5946
2023-04-10T11:00,31.7,27,916.8,Bengaluru,12.9716,77.5946
2023-04-10T12:00,32.7,25,916.1,Bengaluru,12.9716,77.5946
2023-04-10T13:00,32.9,25,915,Bengaluru,12.9716,77.5946
2023-04-10T14:00,32.7,25,914,Bengaluru,12.9716,77.5946
2023-04-10T15:00,32.7,25,913.5,Bengaluru,12.9716,77.5946
2023-04-10T16:00,32,26,913,Bengaluru,12.9716,77.5946
2023-04-10T17:00,30,31,913.2,Bengaluru,12.9716,77.5946
2023-04-10T18:00,28.3,35,913.4,Bengaluru,12.9716,77.5946
2023-04-10T19:00,27.2,38,913.9,Bengaluru,12.9716,77.5946
2023-04-10T20:00,26.1,45,914.5,Bengaluru,12.9716,77.5946
2023-04-10T21:00,25,51,914.9,Bengaluru,12.9716,77.5946
2023-04-10T22:00,24.3,55,915,Bengaluru,12.9716,77.5946
2023-04-10T23:00,23.6,58,914.7,Bengaluru,12.9716,77.5946
2023-04-11T00:00,22.9,62,913.9,Bengaluru,12.9716,77.5946
2023-04-11T01:00,22.2,65,913.2,Bengaluru,12.9716,77.5946
2023-04-11T02:00,21.2,69,912.5,Bengaluru,12.9716,77.5946
2023-04-11T03:00,20.1,75,912.1,Bengaluru,12.9716,77.5946
2023-04-11T04:00,19.1,81,911.9,Bengaluru,12.9716,77.5946
2023-04-11T05:00,18.8,94,912.3,Bengaluru,12.9716,77.5946
2023-04-11T06:00,19.2,95,913.1,Bengaluru,12.9716,77.5946
2023-04-11T07:00,21.7,84,914.4,Bengaluru,12.9716,77.5946
2023-04-11T08:00,25.2,62,916.2,Bengaluru,12.9716,77.5946
2023-04-11T09:00,28.5,35,917.1,Bengaluru,12.9716,77.5946
2023-04-11T10:00,30.8,22,917.1,Bengaluru,12.9716,77.5946
2023-04-11T11:00,32.1,18,916.9,Bengaluru,12.9716,77.5946
2023-04-11T12:00,33,16,916.4,Bengaluru,12.9716,77.5946
2023-04-11T13:00,33.5,16,915.4,Bengaluru,12.9716,77.5946
2023-04-11T14:00,33.6,16,914.6,Bengaluru,12.9716,77.5946
2023-04-11T15:00,33.4,16,914,Bengaluru,12.9716,77.5946
2023-04-11T16:00,32.9,16,913.7,Bengaluru,12.9716,77.5946
2023-04-11T17:00,31.2,19,914,Bengaluru,12.9716,77.5946
2023-04-11T18:00,28.2,25,913.5,Bengaluru,12.9716,77.5946
2023-04-11T19:00,26.7,29,914.2,Bengaluru,12.9716,77.5946
2023-04-11T20:00,25.6,34,914.7,Bengaluru,12.9716,77.5946
2023-04-11T21:00,24.7,38,915.2,Bengaluru,12.9716,77.5946
2023-04-11T22:00,24,42,915.2,Bengaluru,12.9716,77.5946
2023-04-11T23:00,23.2,46,914.7,Bengaluru,12.9716,77.5946
2023-04-12T00:00,22.6,49,914,Bengaluru,12.9716,77.5946
2023-04-12T01:00,21.8,51,913.3,Bengaluru,12.9716,77.5946
2023-04-12T02:00,20.9,53,912.7,Bengaluru,12.9716,77.5946
2023-04-12T03:00,20,57,912.1,Bengaluru,12.9716,77.5946
2023-04-12T04:00,18.9,63,911.6,Bengaluru,12.9716,77.5946
2023-04-12T05:00,18.6,68,911.7,Bengaluru,12.9716,77.5946
2023-04-12T06:00,18.6,70,912.2,Bengaluru,12.9716,77.5946
2023-04-12T07:00,21.9,59,914,Bengaluru,12.9716,77.5946
2023-04-12T08:00,25.8,48,916,Bengaluru,12.9716,77.5946
2023-04-12T09:00,28.9,34,916.8,Bengaluru,12.9716,77.5946
2023-04-12T10:00,31.4,23,916.7,Bengaluru,12.9716,77.5946
2023-04-12T11:00,33.1,18,916.2,Bengaluru,12.9716,77.5946
2023-04-12T12:00,34.1,15,915.6,Bengaluru,12.9716,77.5946
2023-04-12T13:00,34.7,13,914.7,Bengaluru,12.9716,77.5946
2023-04-12T14:00,34.7,12,913.7,Bengaluru,12.9716,77.5946
2023-04-12T15:00,34.1,12,913.3,Bengaluru,12.9716,77.5946
2023-04-12T16:00,33.2,13,913.1,Bengaluru,12.9716,77.5946
2023-04-12T17:00,31.7,15,913.2,Bengaluru,12.9716,77.5946
2023-04-12T18:00,29.1,18,913.1,Bengaluru,12.9716,77.5946
2023-04-12T19:00,27.4,22,913.7,Bengaluru,12.9716,77.5946
2023-04-12T20:00,26,27,914.3,Bengaluru,12.9716,77.5946
2023-04-12T21:00,25.1,30,914.7,Bengaluru,12.9716,77.5946
2023-04-12T22:00,24.3,33,914.7,Bengaluru,12.9716,77.5946
2023-04-12T23:00,22.8,38,914,Bengaluru,12.9716,77.5946
2023-04-13T00:00,21.8,41,913.1,Bengaluru,12.9716,77.5946
2023-04-13T01:00,21.1,44,912.5,Bengaluru,12.9716,77.5946
2023-04-13T02:00,20.2,48,911.8,Bengaluru,12.9716,77.5946
2023-04-13T03:00,19.6,51,911.2,Bengaluru,12.9716,77.5946
2023-04-13T04:00,18.9,55,910.9,Bengaluru,12.9716,77.5946
2023-04-13T05:00,19.3,61,911.6,Bengaluru,12.9716,77.5946
2023-04-13T06:00,20.1,59,912.2,Bengaluru,12.9716,77.5946
2023-04-13T07:00,24.1,48,914.2,Bengaluru,12.9716,77.5946
2023-04-13T08:00,28,36,916.1,Bengaluru,12.9716,77.5946
2023-04-13T09:00,30.6,24,916.7,Bengaluru,12.9716,77.5946
2023-04-13T10:00,32.1,21,916.5,Bengaluru,12.9716,77.5946
2023-04-13T11:00,33.5,19,916,Bengaluru,12.9716,77.5946
2023-04-13T12:00,34.3,18,915.1,Bengaluru,12.9716,77.5946
2023-04-13T13:00,34.9,17,914.2,Bengaluru,12.9716,77.5946
2023-04-13T14:00,35.1,16,913.3,Bengaluru,12.9716,77.5946
2023-04-13T15:00,34.5,15,912.9,Bengaluru,12.9716,77.5946
2023-04-13T16:00,33.6,16,912.7,Bengaluru,12.9716,77.5946
2023-04-13T17:00,32.7,17,912.6,Bengaluru,12.9716,77.5946
2023-04-13T18:00,29.9,21,912.7,Bengaluru,12.9716,77.5946
2023-04-13T19:00,27.7,24,913.4,Bengaluru,12.9716,77.5946
2023-04-13T20:00,26.2,28,914,Bengaluru,12.9716,77.5946
2023-04-13T21:00,25.3,32,914.3,Bengaluru,12.9716,77.5946
2023-04-13T22:00,24.3,36,914.4,Bengaluru,12.9716,77.5946
2023-04-13T23:00,24,37,913.9,Bengaluru,12.9716,77.5946
2023-04-14T00:00,23.7,39,913.1,Bengaluru,12.9716,77.5946
2023-04-14T01:00,23.3,41,912.4,Bengaluru,12.9716,77.5946
2023-04-14T02:00,22.4,44,911.8,Bengaluru,12.9716,77.5946
2023-04-14T03:00,21.8,46,911.6,Bengaluru,12.9716,77.5946
2023-04-14T04:00,20.5,52,911.8,Bengaluru,12.9716,77.5946
2023-04-14T05:00,20.1,58,912.4,Bengaluru,12.9716,77.5946
2023-04-14T06:00,20.4,63,913.2,Bengaluru,12.9716,77.5946
2023-04-14T07:00,23.9,47,914.9,Bengaluru,12.9716,77.5946
2023-04-14T08:00,27.1,38,916.2,Bengaluru,12.9716,77.5946
2023-04-14T09:00,29.3,33,916.5,Bengaluru,12.9716,77.5946
2023-04-14T10:00,31.4,25,916.3,Bengaluru,12.9716,77.5946
2023-04-14T11:00,33.4,17,915.9,Bengaluru,12.9716,77.5946
2023-04-14T12:00,34.2,16,915.2,Bengaluru,12.9716,77.5946
2023-04-14T13:00,34.4,17,914.2,Bengaluru,12.9716,77.5946
2023-04-14T14:00,34.8,16,913.1,Bengaluru,12.9716,77.5946
2023-04-14T15:00,35.2,14,912.4,Bengaluru,12.9716,77.5946
2023-04-14T16:00,34,15,912.2,Bengaluru,12.9716,77.5946
2023-04-14T17:00,32.3,17,912.2,Bengaluru,12.9716,77.5946
2023-04-14T18:00,29.6,19,912.2,Bengaluru,12.9716,77.5946
2023-04-14T19:00,27,23,912.4,Bengaluru,12.9716,77.5946
2023-04-14T20:00,25.6,27,913.1,Bengaluru,12.9716,77.5946
2023-04-14T21:00,25,26,913.9,Bengaluru,12.9716,77.5946
2023-04-14T22:00,24.5,28,913.9,Bengaluru,12.9716,77.5946
2023-04-14T23:00,24,33,913.3,Bengaluru,12.9716,77.5946
2023-04-15T00:00,23.2,36,912.2,Bengaluru,12.9716,77.5946
2023-04-15T01:00,22.5,39,911.4,Bengaluru,12.9716,77.5946
2023-04-15T02:00,21.8,41,910.6,Bengaluru,12.9716,77.5946
2023-04-15T03:00,20.5,47,910.3,Bengaluru,12.9716,77.5946
2023-04-15T04:00,19.7,51,910.7,Bengaluru,12.9716,77.5946
2023-04-15T05:00,20.2,48,911.6,Bengaluru,12.9716,77.5946
2023-04-15T06:00,20.1,51,912.2,Bengaluru,12.9716,77.5946
2023-04-15T07:00,23.3,48,914,Bengaluru,12.9716,77.5946
2023-04-15T08:00,26.6,55,915.6,Bengaluru,12.9716,77.5946
2023-04-15T09:00,29.4,36,916.2,Bengaluru,12.9716,77.5946
2023-04-15T10:00,31.2,28,916.2,Bengaluru,12.9716,77.5946
2023-04-15T11:00,32.4,23,915.8,Bengaluru,12.9716,77.5946
2023-04-15T12:00,33.2,22,915,Bengaluru,12.9716,77.5946
2023-04-15T13:00,33.8,20,913.9,Bengaluru,12.9716,77.5946
2023-04-15T14:00,34,19,913,Bengaluru,12.9716,77.5946
2023-04-15T15:00,33.3,20,912.5,Bengaluru,12.9716,77.5946
2023-04-15T16:00,32.9,20,912.1,Bengaluru,12.9716,77.5946
2023-04-15T17:00,31.9,21,912.5,Bengaluru,12.9716,77.5946
2023-04-15T18:00,29.2,26,912.4,Bengaluru,12.9716,77.5946
2023-04-15T19:00,28.1,25,912.7,Bengaluru,12.9716,77.5946
2023-04-15T20:00,27.5,26,912.8,Bengaluru,12.9716,77.5946
2023-04-15T21:00,25.4,31,912.6,Bengaluru,12.9716,77.5946
2023-04-15T22:00,24.6,34,912.8,Bengaluru,12.9716,77.5946
2023-04-15T23:00,23.5,37,912.3,Bengaluru,12.9716,77.5946
2023-04-16T00:00,22.6,39,911.3,Bengaluru,12.9716,77.5946
2023-04-16T01:00,21.8,41,910.3,Bengaluru,12.9716,77.5946
2023-04-16T02:00,21.1,42,909.6,Bengaluru,12.9716,77.5946
2023-04-16T03:00,21,42,909.4,Bengaluru,12.9716,77.5946
2023-04-16T04:00,20.3,46,909.3,Bengaluru,12.9716,77.5946
2023-04-16T05:00,19.5,51,909.9,Bengaluru,12.9716,77.5946
2023-04-16T06:00,19.6,52,910.6,Bengaluru,12.9716,77.5946
2023-04-16T07:00,23.5,44,912.5,Bengaluru,12.9716,77.5946
2023-04-16T08:00,27,38,914.5,Bengaluru,12.9716,77.5946
2023-04-16T09:00,29,32,915,Bengaluru,12.9716,77.5946
2023-04-16T10:00,31.2,22,914.9,Bengaluru,12.9716,77.5946
2023-04-16T11:00,33.1,15,914.6,Bengaluru,12.9716,77.5946
2023-04-16T12:00,33.5,16,913.9,Bengaluru,12.9716,77.5946
2023-04-16T13:00,34.1,16,912.7,Bengaluru,12.9716,77.5946
2023-04-16T14:00,34.3,16,911.6,Bengaluru,12.9716,77.5946
2023-04-16T15:00,34.1,16,910.9,Bengaluru,12.9716,77.5946
2023-04-16T16:00,33.8,16,910.5,Bengaluru,12.9716,77.5946
2023-04-16T17:00,32.4,17,911.1,Bengaluru,12.9716,77.5946
2023-04-16T18:00,29.2,22,910.8,Bengaluru,12.9716,77.5946
2023-04-16T19:00,27.2,25,911.1,Bengaluru,12.9716,77.5946
2023-04-16T20:00,25.8,29,911.6,Bengaluru,12.9716,77.5946
2023-04-16T21:00,25.3,28,912.2,Bengaluru,12.9716,77.5946
2023-04-16T22:00,24.5,32,912.1,Bengaluru,12.9716,77.5946
2023-04-16T23:00,24.1,36,911.5,Bengaluru,12.9716,77.5946
2023-04-17T00:00,23.5,40,910.6,Bengaluru,12.9716,77.5946
2023-04-17T01:00,22.9,43,910.1,Bengaluru,12.9716,77.5946
2023-04-17T02:00,21.5,48,909.2,Bengaluru,12.9716,77.5946
2023-04-17T03:00,20.6,52,909,Bengaluru,12.9716,77.5946
2023-04-17T04:00,19.9,55,909.4,Bengaluru,12.9716,77.5946
2023-04-17T05:00,19.5,62,909.5,Bengaluru,12.9716,77.5946
2023-04-17T06:00,20.5,58,910.7,Bengaluru,12.9716,77.5946
2023-04-17T07:00,23.4,49,912.4,Bengaluru,12.9716,77.5946
2023-04-17T08:00,26.1,44,913.7,Bengaluru,12.9716,77.5946
2023-04-17T09:00,28.2,40,914.3,Bengaluru,12.9716,77.5946
2023-04-17T10:00,30.4,33,914.3,Bengaluru,12.9716,77.5946
2023-04-17T11:00,33.1,19,914.2,Bengaluru,12.9716,77.5946
2023-04-17T12:00,33.9,18,913.5,Bengaluru,12.9716,77.5946
2023-04-17T13:00,34.6,18,912.6,Bengaluru,12.9716,77.5946
2023-04-17T14:00,34.6,19,911.9,Bengaluru,12.9716,77.5946
2023-04-17T15:00,34.2,19,911.4,Bengaluru,12.9716,77.5946
2023-04-17T16:00,33.8,17,911.2,Bengaluru,12.9716,77.5946
2023-04-17T17:00,32.6,17,911.6,Bengaluru,12.9716,77.5946
2023-04-17T18:00,29.8,23,911.6,Bengaluru,12.9716,77.5946
2023-04-17T19:00,28.6,24,912.3,Bengaluru,12.9716,77.5946
2023-04-17T20:00,26.7,28,912.7,Bengaluru,12.9716,77.5946
2023-04-17T21:00,25.7,31,913.4,Bengaluru,12.9716,77.5946
2023-04-17T22:00,25.1,32,913.4,Bengaluru,12.9716,77.5946
2023-04-17T23:00,24.3,35,912.9,Bengaluru,12.9716,77.5946
2023-04-18T00:00,23.7,38,912.1,Bengaluru,12.9716,77.5946
2023-04-18T01:00,23,41,911.4,Bengaluru,12.9716,77.5946
2023-04-18T02:00,22.1,45,910.6,Bengaluru,12.9716,77.5946
2023-04-18T03:00,21.4,48,910.2,Bengaluru,12.9716,77.5946
2023-04-18T04:00,20.9,51,910.5,Bengaluru,12.9716,77.5946
2023-04-18T05:00,20.5,54,910.4,Bengaluru,12.9716,77.5946
2023-04-18T06:00,20.8,54,911.5,Bengaluru,12.9716,77.5946
2023-04-18T07:00,24.1,48,913.6,Bengaluru,12.9716,77.5946
2023-04-18T08:00,27.3,42,915.2,Bengaluru,12.9716,77.5946
2023-04-18T09:00,30,34,916.1,Bengaluru,12.9716,77.5946
2023-04-18T10:00,32.2,25,916,Bengaluru,12.9716,77.5946
2023-04-18T11:00,34,17,915.7,Bengaluru,12.9716,77.5946
2023-04-18T12:00,34.6,16,915.2,Bengaluru,12.9716,77.5946
2023-04-18T13:00,34.9,16,914.2,Bengaluru,12.9716,77.5946
2023-04-18T14:00,34.8,18,913.2,Bengaluru,12.9716,77.5946
2023-04-18T15:00,34.5,19,912.4,Bengaluru,12.9716,77.5946
2023-04-18T16:00,34.2,18,912.2,Bengaluru,12.9716,77.5946
2023-04-18T17:00,33,21,912.3,Bengaluru,12.9716,77.5946
2023-04-18T18:00,30.2,27,912.1,Bengaluru,12.9716,77.5946
2023-04-18T19:00,29,29,912.4,Bengaluru,12.9716,77.5946
2023-04-18T20:00,27.8,30,912.4,Bengaluru,12.9716,77.5946
2023-04-18T21:00,26.8,33,913.5,Bengaluru,12.9716,77.5946
2023-04-18T22:00,25.9,36,913.2,Bengaluru,12.9716,77.5946
2023-04-18T23:00,25,40,912.7,Bengaluru,12.9716,77.5946
2023-04-19T00:00,24,44,912.3,Bengaluru,12.9716,77.5946
2023-04-19T01:00,23.1,48,911.6,Bengaluru,12.9716,77.5946
2023-04-19T02:00,22.2,53,910.7,Bengaluru,12.9716,77.5946
2023-04-19T03:00,21.9,58,910.4,Bengaluru,12.9716,77.5946
2023-04-19T04:00,21.2,63,910.4,Bengaluru,12.9716,77.5946
2023-04-19T05:00,21,71,910.3,Bengaluru,12.9716,77.5946
2023-04-19T06:00,21.5,70,911.1,Bengaluru,12.9716,77.5946
2023-04-19T07:00,24.9,55,912.7,Bengaluru,12.9716,77.5946
2023-04-19T08:00,27.5,45,914,Bengaluru,12.9716,77.5946
2023-04-19T09:00,29.5,39,914.7,Bengaluru,12.9716,77.5946
2023-04-19T10:00,31.3,34,914.6,Bengaluru,12.9716,77.5946
2023-04-19T11:00,32.9,28,914.1,Bengaluru,12.9716,77.5946
2023-04-19T12:00,34.2,24,913.1,Bengaluru,12.9716,77.5946
2023-04-19T13:00,35.3,19,911.9,Bengaluru,12.9716,77.5946
2023-04-19T14:00,35.5,16,910.7,Bengaluru,12.9716,77.5946
2023-04-19T15:00,35.1,16,909.9,Bengaluru,12.9716,77.5946
2023-04-19T16:00,34,17,909.7,Bengaluru,12.9716,77.5946
2023-04-19T17:00,32.9,18,909.8,Bengaluru,12.9716,77.5946
2023-04-19T18:00,30.5,23,909.6,Bengaluru,12.9716,77.5946
2023-04-19T19:00,28.7,28,909.9,Bengaluru,12.9716,77.5946
2023-04-19T20:00,27.9,30,910.1,Bengaluru,12.9716,77.5946
2023-04-19T21:00,27.2,32,910.6,Bengaluru,12.9716,77.5946
2023-04-19T22:00,26.7,33,911.1,Bengaluru,12.9716,77.5946
2023-04-19T23:00,25.7,37,910.7,Bengaluru,12.9716,77.5946
2023-04-20T00:00,24.5,41,909.6,Bengaluru,12.9716,77.5946
2023-04-20T01:00,23.1,47,909.2,Bengaluru,12.9716,77.5946
2023-04-20T02:00,21.8,55,908.3,Bengaluru,12.9716,77.5946
2023-04-20T03:00,21.7,60,908.3,Bengaluru,12.9716,77.5946
2023-04-20T04:00,20.6,70,908.2,Bengaluru,12.9716,77.5946
2023-04-20T05:00,20.8,81,908.7,Bengaluru,12.9716,77.5946
2023-04-20T06:00,21.7,74,909.6,Bengaluru,12.9716,77.5946
2023-04-20T07:00,24.1,66,911.2,Bengaluru,12.9716,77.5946
2023-04-20T08:00,26.8,60,912.1,Bengaluru,12.9716,77.5946
2023-04-20T09:00,29.4,46,913.3,Bengaluru,12.9716,77.5946
2023-04-20T10:00,31.3,38,913,Bengaluru,12.9716,77.5946
2023-04-20T11:00,32.8,30,912.6,Bengaluru,12.9716,77.5946
2023-04-20T12:00,33.7,26,911.7,Bengaluru,12.9716,77.5946
2023-04-20T13:00,34.6,24,910.6,Bengaluru,12.9716,77.5946
2023-04-20T14:00,34.9,23,909.3,Bengaluru,12.9716,77.5946
2023-04-20T15:00,34.7,22,908.3,Bengaluru,12.9716,77.5946
2023-04-20T16:00,34,22,907.9,Bengaluru,12.9716,77.5946
2023-04-20T17:00,32.7,25,908,Bengaluru,12.9716,77.5946
2023-04-20T18:00,31,29,908,Bengaluru,12.9716,77.5946
2023-04-20T19:00,30.4,30,908.4,Bengaluru,12.9716,77.5946
2023-04-20T20:00,29.2,31,909,Bengaluru,12.9716,77.5946
2023-04-20T21:00,28.4,32,909.4,Bengaluru,12.9716,77.5946
2023-04-20T22:00,27.1,35,909.4,Bengaluru,12.9716,77.5946
2023-04-20T23:00,25.7,39,909.7,Bengaluru,12.9716,77.5946
2023-04-21T00:00,24.7,45,909.3,Bengaluru,12.9716,77.5946
2023-04-21T01:00,23.5,56,908.5,Bengaluru,12.9716,77.5946
2023-04-21T02:00,22.9,63,907.8,Bengaluru,12.9716,77.5946
2023-04-21T03:00,22.4,68,907.4,Bengaluru,12.9716,77.5946
2023-04-21T04:00,21.8,74,907.5,Bengaluru,12.9716,77.5946
2023-04-21T05:00,21.4,78,907.9,Bengaluru,12.9716,77.5946
2023-04-21T06:00,22.1,76,909,Bengaluru,12.9716,77.5946
2023-04-21T07:00,24.1,70,910.8,Bengaluru,12.9716,77.5946
2023-04-21T08:00,26.1,63,911.9,Bengaluru,12.9716,77.5946
2023-04-21T09:00,28.5,53,912.7,Bengaluru,12.9716,77.5946
2023-04-21T10:00,30.6,42,912.8,Bengaluru,12.9716,77.5946
2023-04-21T11:00,31.4,39,912.2,Bengaluru,12.9716,77.5946
2023-04-21T12:00,32.6,35,911.7,Bengaluru,12.9716,77.5946
2023-04-21T13:00,33.4,32,910.5,Bengaluru,12.9716,77.5946
2023-04-21T14:00,33.8,30,909.4,Bengaluru,12.9716,77.5946
2023-04-21T15:00,33.9,29,908.5,Bengaluru,12.9716,77.5946
2023-04-21T16:00,33.5,29,908.2,Bengaluru,12.9716,77.5946
2023-04-21T17:00,30.9,35,908.6,Bengaluru,12.9716,77.5946
2023-04-21T18:00,30.4,36,909.1,Bengaluru,12.9716,77.5946
2023-04-21T19:00,29,43,909.5,Bengaluru,12.9716,77.5946
2023-04-21T20:00,27.6,47,910.3,Bengaluru,12.9716,77.5946
2023-04-21T21:00,27.2,48,910.4,Bengaluru,12.9716,77.5946
2023-04-21T22:00,26.6,49,910.6,Bengaluru,12.9716,77.5946
2023-04-21T23:00,25.5,56,910.3,Bengaluru,12.9716,77.5946
2023-04-22T00:00,24.8,60,909.3,Bengaluru,12.9716,77.5946
2023-04-22T01:00,24.8,61,908.8,Bengaluru,12.9716,77.5946
2023-04-22T02:00,24.3,61,908.6,Bengaluru,12.9716,77.5946
2023-04-22T03:00,24.4,59,908.4,Bengaluru,12.9716,77.5946
2023-04-22T04:00,24.3,60,908.3,Bengaluru,12.9716,77.5946
2023-04-22T05:00,21.1,90,908.2,Bengaluru,12.9716,77.5946
2023-04-22T06:00,21.6,87,909,Bengaluru,12.9716,77.5946
2023-04-22T07:00,23.6,72,910.5,Bengaluru,12.9716,77.5946
2023-04-22T08:00,25.8,60,911.8,Bengaluru,12.9716,77.5946
2023-04-22T09:00,28.5,49,912.6,Bengaluru,12.9716,77.5946
2023-04-22T10:00,30.7,38,912.6,Bengaluru,12.9716,77.5946
2023-04-22T11:00,32.2,34,912,Bengaluru,12.9716,77.5946
2023-04-22T12:00,33.2,31,911.4,Bengaluru,12.9716,77.5946
2023-04-22T13:00,33.3,30,910.6,Bengaluru,12.9716,77.5946
2023-04-22T14:00,33.4,30,909.3,Bengaluru,12.9716,77.5946
2023-04-22T15:00,32.5,30,908.3,Bengaluru,12.9716,77.5946
2023-04-22T16:00,33.2,28,908.1,Bengaluru,12.9716,77.5946
2023-04-22T17:00,30.2,37,908.7,Bengaluru,12.9716,77.5946
2023-04-22T18:00,28.8,41,909,Bengaluru,12.9716,77.5946
2023-04-22T19:00,27.8,47,909.4,Bengaluru,12.9716,77.5946
2023-04-22T20:00,26.7,50,910.1,Bengaluru,12.9716,77.5946
2023-04-22T21:00,25.4,55,910.6,Bengaluru,12.9716,77.5946
2023-04-22T22:00,24.6,59,910.8,Bengaluru,12.9716,77.5946
2023-04-22T23:00,24.8,60,910.4,Bengaluru,12.9716,77.5946
2023-04-23T00:00,24.4,61,909.6,Bengaluru,12.9716,77.5946
2023-04-23T01:00,23.8,63,909.1,Bengaluru,12.9716,77.5946
2023-04-23T02:00,23,68,908.8,Bengaluru,12.9716,77.5946
2023-04-23T03:00,22.5,73,908.6,Bengaluru,12.9716,77.5946
2023-04-23T04:00,22,77,908.6,Bengaluru,12.9716,77.5946
2023-04-23T05:00,21.4,88,909,Bengaluru,12.9716,77.5946
2023-04-23T06:00,21.6,87,909.6,Bengaluru,12.9716,77.5946
2023-04-23T07:00,23.9,76,911,Bengaluru,12.9716,77.5946
2023-04-23T08:00,26.4,64,912.1,Bengaluru,12.9716,77.5946
2023-04-23T09:00,28.7,51,912.7,Bengaluru,12.9716,77.5946
2023-04-23T10:00,30.8,39,912.5,Bengaluru,12.9716,77.5946
2023-04-23T11:00,32,33,912,Bengaluru,12.9716,77.5946
2023-04-23T12:00,32.5,31,911.1,Bengaluru,12.9716,77.5946
2023-04-23T13:00,32.6,30,910.1,Bengaluru,12.9716,77.5946
2023-04-23T14:00,33.3,28,909.2,Bengaluru,12.9716,77.5946
2023-04-23T15:00,33.3,28,908.5,Bengaluru,12.9716,77.5946
2023-04-23T16:00,32.4,29,908.5,Bengaluru,12.9716,77.5946
2023-04-23T17:00,32,28,908.5,Bengaluru,12.9716,77.5946
2023-04-23T18:00,29.4,38,908.7,Bengaluru,12.9716,77.5946
2023-04-23T19:00,26.6,58,909.3,Bengaluru,12.9716,77.5946
2023-04-23T20:00,26,60,910,Bengaluru,12.9716,77.5946
2023-04-23T21:00,25.3,64,910.7,Bengaluru,12.9716,77.5946
2023-04-23T22:00,24.6,68,911.5,Bengaluru,12.9716,77.5946
2023-04-23T23:00,24,68,911.5,Bengaluru,12.9716,77.5946
2023-04-24T00:00,23.4,70,911,Bengaluru,12.9716,77.5946
2023-04-24T01:00,22.6,74,910.3,Bengaluru,12.9716,77.5946
2023-04-24T02:00,21.9,78,909.7,Bengaluru,12.9716,77.5946
2023-04-24T03:00,21.7,81,909.4,Bengaluru,12.9716,77.5946
2023-04-24T04:00,21.7,82,909.5,Bengaluru,12.9716,77.5946
2023-04-24T05:00,21.5,84,910.1,Bengaluru,12.9716,77.5946
2023-04-24T06:00,22.1,81,910.6,Bengaluru,12.9716,77.5946
2023-04-24T07:00,24.1,73,911.9,Bengaluru,12.9716,77.5946
2023-04-24T08:00,26.5,64,912.9,Bengaluru,12.9716,77.5946
2023-04-24T09:00,28.6,55,913.3,Bengaluru,12.9716,77.5946
2023-04-24T10:00,30.4,45,913.3,Bengaluru,12.9716,77.5946
2023-04-24T11:00,31.7,39,913,Bengaluru,12.9716,77.5946
2023-04-24T12:00,32.7,35,912.8,Bengaluru,12.9716,77.5946
2023-04-24T13:00,33.4,33,911.8,Bengaluru,12.9716,77.5946
2023-04-24T14:00,33.8,31,910.5,Bengaluru,12.9716,77.5946
2023-04-24T15:00,33.1,32,909.8,Bengaluru,12.9716,77.5946
2023-04-24T16:00,31.5,36,909.5,Bengaluru,12.9716,77.5946
2023-04-24T17:00,31.5,33,909.8,Bengaluru,12.9716,77.5946
2023-04-24T18:00,28.9,42,910.2,Bengaluru,12.9716,77.5946
2023-04-24T19:00,27.7,49,910.7,Bengaluru,12.9716,77.5946
2023-04-24T20:00,26.8,54,911.5,Bengaluru,12.9716,77.5946
2023-04-24T21:00,26.2,57,912,Bengaluru,12.9716,77.5946
2023-04-24T22:00,25.2,64,912.5,Bengaluru,12.9716,77.5946
2023-04-24T23:00,24.3,71,912.1,Bengaluru,12.9716,77.5946
2023-04-25T00:00,23.8,77,911.4,Bengaluru,12.9716,77.5946
2023-04-25T01:00,23.4,83,911.3,Bengaluru,12.9716,77.5946
2023-04-25T02:00,23.1,86,911.3,Bengaluru,12.9716,77.5946
2023-04-25T03:00,22.8,88,910.8,Bengaluru,12.9716,77.5946
2023-04-25T04:00,22.3,93,911.2,Bengaluru,12.9716,77.5946
2023-04-25T05:00,22.2,94,911.6,Bengaluru,12.9716,77.5946
2023-04-25T06:00,22.1,92,911.7,Bengaluru,12.9716,77.5946
2023-04-25T07:00,23.3,83,912.6,Bengaluru,12.9716,77.5946
2023-04-25T08:00,25.6,71,913.7,Bengaluru,12.9716,77.5946
2023-04-25T09:00,27.5,61,914.3,Bengaluru,12.9716,77.5946
2023-04-25T10:00,29.4,54,914.3,Bengaluru,12.9716,77.5946
2023-04-25T11:00,31.1,46,914.1,Bengaluru,12.9716,77.5946
2023-04-25T12:00,31.9,41,913.5,Bengaluru,12.9716,77.5946
2023-04-25T13:00,31.9,38,912.1,Bengaluru,12.9716,77.5946
2023-04-25T14:00,32.1,37,911,Bengaluru,12.9716,77.5946
2023-04-25T15:00,29.4,46,910.2,Bengaluru,12.9716,77.5946
2023-04-25T16:00,30.4,42,910.2,Bengaluru,12.9716,77.5946
2023-04-25T17:00,29.2,43,910.4,Bengaluru,12.9716,77.5946
2023-04-25T18:00,27.8,50,910.8,Bengaluru,12.9716,77.5946
2023-04-25T19:00,26.1,59,911.3,Bengaluru,12.9716,77.5946
2023-04-25T20:00,25,64,911.7,Bengaluru,12.9716,77.5946
2023-04-25T21:00,24.5,66,912.6,Bengaluru,12.9716,77.5946
2023-04-25T22:00,23.7,71,912.9,Bengaluru,12.9716,77.5946
2023-04-25T23:00,23,76,912.5,Bengaluru,12.9716,77.5946
2023-04-26T00:00,22.4,82,912.1,Bengaluru,12.9716,77.5946
2023-04-26T01:00,22,87,911.4,Bengaluru,12.9716,77.5946
2023-04-26T02:00,21.7,89,910.8,Bengaluru,12.9716,77.5946
2023-04-26T03:00,21.3,91,910.4,Bengaluru,12.9716,77.5946
2023-04-26T04:00,21.1,93,910.4,Bengaluru,12.9716,77.5946
2023-04-26T05:00,21.4,91,911.3,Bengaluru,12.9716,77.5946
2023-04-26T06:00,21.7,91,912.1,Bengaluru,12.9716,77.5946
2023-04-26T07:00,23.5,81,913.5,Bengaluru,12.9716,77.5946
2023-04-26T08:00,24.5,73,913.9,Bengaluru,12.9716,77.5946
2023-04-26T09:00,26,65,914.1,Bengaluru,12.9716,77.5946
2023-04-26T10:00,28.5,52,914.3,Bengaluru,12.9716,77.5946
2023-04-26T11:00,30.4,41,914.2,Bengaluru,12.9716,77.5946
2023-04-26T12:00,31.3,36,913.3,Bengaluru,12.9716,77.5946
2023-04-26T13:00,32.6,32,912,Bengaluru,12.9716,77.5946
2023-04-26T14:00,33.2,30,910.6,Bengaluru,12.9716,77.5946
2023-04-26T15:00,32.8,30,909.8,Bengaluru,12.9716,77.5946
2023-04-26T16:00,32.2,31,909.6,Bengaluru,12.9716,77.5946
2023-04-26T17:00,30.5,37,910,Bengaluru,12.9716,77.5946
2023-04-26T18:00,28,46,910.4,Bengaluru,12.9716,77.5946
2023-04-26T19:00,27.2,51,911.1,Bengaluru,12.9716,77.5946
2023-04-26T20:00,25.6,59,911.4,Bengaluru,12.9716,77.5946
2023-04-26T21:00,24.5,65,911.8,Bengaluru,12.9716,77.5946
2023-04-26T22:00,23.6,69,911.9,Bengaluru,12.9716,77.5946
2023-04-26T23:00,23.8,67,911.8,Bengaluru,12.9716,77.5946
2023-04-27T00:00,23.4,71,911.2,Bengaluru,12.9716,77.5946
2023-04-27T01:00,22.9,76,910.6,Bengaluru,12.9716,77.5946
2023-04-27T02:00,22.3,80,910.3,Bengaluru,12.9716,77.5946
2023-04-27T03:00,21.6,87,910.2,Bengaluru,12.9716,77.5946
2023-04-27T04:00,21.1,93,910.3,Bengaluru,12.9716,77.5946
2023-04-27T05:00,21.6,94,911,Bengaluru,12.9716,77.5946
2023-04-27T06:00,21.9,93,911.3,Bengaluru,12.9716,77.5946
2023-04-27T07:00,23.3,86,912.4,Bengaluru,12.9716,77.5946
2023-04-27T08:00,25.4,73,913.5,Bengaluru,12.9716,77.5946
2023-04-27T09:00,27.7,59,914.2,Bengaluru,12.9716,77.5946
2023-04-27T10:00,29.9,47,914.2,Bengaluru,12.9716,77.5946
2023-04-27T11:00,31.7,38,913.9,Bengaluru,12.9716,77.5946
2023-04-27T12:00,32.9,33,913.2,Bengaluru,12.9716,77.5946
2023-04-27T13:00,33.7,30,912.3,Bengaluru,12.9716,77.5946
2023-04-27T14:00,33.6,29,911.5,Bengaluru,12.9716,77.5946
2023-04-27T15:00,33.2,29,910.5,Bengaluru,12.9716,77.5946
2023-04-27T16:00,32.4,30,910.1,Bengaluru,12.9716,77.5946
2023-04-27T17:00,31,34,910.6,Bengaluru,12.9716,77.5946
2023-04-27T18:00,29.2,38,910.9,Bengaluru,12.9716,77.5946
2023-04-27T19:00,27.7,46,911.6,Bengaluru,12.9716,77.5946
2023-04-27T20:00,26.5,52,912.1,Bengaluru,12.9716,77.5946
2023-04-27T21:00,25.8,57,912.9,Bengaluru,12.9716,77.5946
2023-04-27T22:00,24.8,64,913,Bengaluru,12.9716,77.5946
2023-04-27T23:00,24,69,912.8,Bengaluru,12.9716,77.5946
2023-04-28T00:00,23.2,75,912.3,Bengaluru,12.9716,77.5946
2023-04-28T01:00,22.7,80,911.8,Bengaluru,12.9716,77.5946
2023-04-28T02:00,22.1,84,911.2,Bengaluru,12.9716,77.5946
2023-04-28T03:00,21.7,87,911.1,Bengaluru,12.9716,77.5946
2023-04-28T04:00,21.3,90,911,Bengaluru,12.9716,77.5946
2023-04-28T05:00,21.4,93,911.7,Bengaluru,12.9716,77.5946
2023-04-28T06:00,21.7,93,912.5,Bengaluru,12.9716,77.5946
2023-04-28T07:00,23.5,82,913.8,Bengaluru,12.9716,77.5946
2023-04-28T08:00,26,66,914.6,Bengaluru,12.9716,77.5946
2023-04-28T09:00,28.5,50,915.2,Bengaluru,12.9716,77.5946
2023-04-28T10:00,30,42,914.9,Bengaluru,12.9716,77.5946
2023-04-28T11:00,31.7,36,914.5,Bengaluru,12.9716,77.5946
2023-04-28T12:00,32.7,31,914.1,Bengaluru,12.9716,77.5946
2023-04-28T13:00,32.4,32,913,Bengaluru,12.9716,77.5946
2023-04-28T14:00,32.6,33,911.7,Bengaluru,12.9716,77.5946
2023-04-28T15:00,32.8,33,910.7,Bengaluru,12.9716,77.5946
2023-04-28T16:00,29.6,44,910.2,Bengaluru,12.9716,77.5946
2023-04-28T17:00,30.6,39,910.4,Bengaluru,12.9716,77.5946
2023-04-28T18:00,29.1,43,910.1,Bengaluru,12.9716,77.5946
2023-04-28T19:00,27.9,48,910.9,Bengaluru,12.9716,77.5946
2023-04-28T20:00,27,51,911.7,Bengaluru,12.9716,77.5946
2023-04-28T21:00,26.8,54,912.7,Bengaluru,12.9716,77.5946
2023-04-28T22:00,25.6,64,913.1,Bengaluru,12.9716,77.5946
2023-04-28T23:00,24.7,71,912.8,Bengaluru,12.9716,77.5946
2023-04-29T00:00,24,76,912,Bengaluru,12.9716,77.5946
2023-04-29T01:00,23.1,81,911.6,Bengaluru,12.9716,77.5946
2023-04-29T02:00,20.9,90,911.2,Bengaluru,12.9716,77.5946
2023-04-29T03:00,21.3,88,910.8,Bengaluru,12.9716,77.5946
2023-04-29T04:00,21,88,910.9,Bengaluru,12.9716,77.5946
2023-04-29T05:00,20.9,88,911.1,Bengaluru,12.9716,77.5946
2023-04-29T06:00,21,88,911.5,Bengaluru,12.9716,77.5946
2023-04-29T07:00,21.8,84,912.7,Bengaluru,12.9716,77.5946
2023-04-29T08:00,23.5,76,913.7,Bengaluru,12.9716,77.5946
2023-04-29T09:00,24.9,70,914.4,Bengaluru,12.9716,77.5946
2023-04-29T10:00,26.2,65,914.1,Bengaluru,12.9716,77.5946
2023-04-29T11:00,28.5,55,914,Bengaluru,12.9716,77.5946
2023-04-29T12:00,30,49,913.1,Bengaluru,12.9716,77.5946
2023-04-29T13:00,30.9,45,911.9,Bengaluru,12.9716,77.5946
2023-04-29T14:00,31.8,42,910.6,Bengaluru,12.9716,77.5946
2023-04-29T15:00,26.8,60,909.9,Bengaluru,12.9716,77.5946
2023-04-29T16:00,28.4,54,909.7,Bengaluru,12.9716,77.5946
2023-04-29T17:00,27,58,909.7,Bengaluru,12.9716,77.5946
2023-04-29T18:00,26.1,60,910.2,Bengaluru,12.9716,77.5946
2023-04-29T19:00,25.5,64,910.7,Bengaluru,12.9716,77.5946
2023-04-29T20:00,24.5,71,911.4,Bengaluru,12.9716,77.5946
2023-04-29T21:00,24.1,74,912,Bengaluru,12.9716,77.5946
2023-04-29T22:00,23.5,78,912.4,Bengaluru,12.9716,77.5946
2023-04-29T23:00,23.1,81,912.4,Bengaluru,12.9716,77.5946
2023-04-30T00:00,22.7,83,911.3,Bengaluru,12.9716,77.5946
2023-04-30T01:00,22.1,87,910.4,Bengaluru,12.9716,77.5946
2023-04-30T02:00,21.8,88,909.8,Bengaluru,12.9716,77.5946
2023-04-30T03:00,21.3,91,909.3,Bengaluru,12.9716,77.5946
2023-04-30T04:00,21.8,88,909.5,Bengaluru,12.9716,77.5946
2023-04-30T05:00,22.2,93,909.8,Bengaluru,12.9716,77.5946
2023-04-30T06:00,22.5,92,910.5,Bengaluru,12.9716,77.5946
2023-04-30T07:00,23.4,86,911.4,Bengaluru,12.9716,77.5946
2023-04-30T08:00,25.3,72,912.5,Bengaluru,12.9716,77.5946
2023-04-30T09:00,27.5,57,913,Bengaluru,12.9716,77.5946
2023-04-30T10:00,29.2,50,912.8,Bengaluru,12.9716,77.5946
2023-04-30T11:00,31,45,912.4,Bengaluru,12.9716,77.5946
2023-04-30T12:00,31.9,41,911.3,Bengaluru,12.9716,77.5946
2023-04-30T13:00,31.1,42,909.7,Bengaluru,12.9716,77.5946
2023-04-30T14:00,22.6,90,907.9,Bengaluru,12.9716,77.5946
2023-04-30T15:00,24.9,77,908,Bengaluru,12.9716,77.5946
2023-04-30T16:00,27.2,61,907.9,Bengaluru,12.9716,77.5946
2023-04-30T17:00,28.9,48,908.4,Bengaluru,12.9716,77.5946
2023-04-30T18:00,25.8,61,908.8,Bengaluru,12.9716,77.5946
2023-04-30T19:00,24.2,78,909.1,Bengaluru,12.9716,77.5946
2023-04-30T20:00,23.9,77,910.3,Bengaluru,12.9716,77.5946
2023-04-30T21:00,22.7,79,910.5,Bengaluru,12.9716,77.5946
2023-04-30T22:00,21.3,89,911.1,Bengaluru,12.9716,77.5946
2023-04-30T23:00,20.3,93,910.5,Bengaluru,12.9716,77.5946
2023-05-01T00:00,20.2,92,909.7,Bengaluru,12.9716,77.5946
2023-05-01T01:00,19.9,94,909,Bengaluru,12.9716,77.5946
2023-05-01T02:00,19.5,97,908.2,Bengaluru,12.9716,77.5946
2023-05-01T03:00,19.5,98,908.1,Bengaluru,12.9716,77.5946
2023-05-01T04:00,19.8,97,908.3,Bengaluru,12.9716,77.5946
2023-05-01T05:00,19.7,95,909.2,Bengaluru,12.9716,77.5946
2023-05-01T06:00,19.4,97,910.1,Bengaluru,12.9716,77.5946
2023-05-01T07:00,20.4,92,911.1,Bengaluru,12.9716,77.5946
2023-05-01T08:00,21.7,82,911.8,Bengaluru,12.9716,77.5946
2023-05-01T09:00,24.4,72,912.4,Bengaluru,12.9716,77.5946
2023-05-01T10:00,25.9,64,912.4,Bengaluru,12.9716,77.5946
2023-05-01T11:00,27.8,57,912.1,Bengaluru,12.9716,77.5946
2023-05-01T12:00,28.3,57,911.1,Bengaluru,12.9716,77.5946
2023-05-01T13:00,29.5,49,909.6,Bengaluru,12.9716,77.5946
2023-05-01T14:00,28.1,53,908.5,Bengaluru,12.9716,77.5946
2023-05-01T15:00,27.5,57,908.3,Bengaluru,12.9716,77.5946
2023-05-01T16:00,27.2,59,908.3,Bengaluru,12.9716,77.5946
2023-05-01T17:00,27.1,55,908.6,Bengaluru,12.9716,77.5946
2023-05-01T18:00,25.5,63,909.5,Bengaluru,12.9716,77.5946
2023-05-01T19:00,23.1,77,910.6,Bengaluru,12.9716,77.5946
2023-05-01T20:00,21.5,87,911.6,Bengaluru,12.9716,77.5946
2023-05-01T21:00,21.2,90,911.8,Bengaluru,12.9716,77.5946
2023-05-01T22:00,21,91,911.8,Bengaluru,12.9716,77.5946
2023-05-01T23:00,21.1,92,911.6,Bengaluru,12.9716,77.5946
2023-05-02T00:00,21,93,910.7,Bengaluru,12.9716,77.5946
2023-05-02T01:00,21,93,910,Bengaluru,12.9716,77.5946
2023-05-02T02:00,20.9,94,909.2,Bengaluru,12.9716,77.5946
2023-05-02T03:00,20.7,95,908.7,Bengaluru,12.9716,77.5946
2023-05-02T04:00,20.6,96,908.7,Bengaluru,12.9716,77.5946
2023-05-02T05:00,21,95,909.7,Bengaluru,12.9716,77.5946
2023-05-02T06:00,21,96,910.6,Bengaluru,12.9716,77.5946
2023-05-02T07:00,21.5,92,911.6,Bengaluru,12.9716,77.5946
2023-05-02T08:00,22.3,88,912.5,Bengaluru,12.9716,77.5946
2023-05-02T09:00,24.4,78,913.1,Bengaluru,12.9716,77.5946
2023-05-02T10:00,25.9,71,912.9,Bengaluru,12.9716,77.5946
2023-05-02T11:00,26.9,67,912.5,Bengaluru,12.9716,77.5946
2023-05-02T12:00,28.1,60,911.8,Bengaluru,12.9716,77.5946
2023-05-02T13:00,29.1,57,910.8,Bengaluru,12.9716,77.5946
2023-05-02T14:00,29.5,53,909.9,Bengaluru,12.9716,77.5946
2023-05-02T15:00,29.6,51,908.8,Bengaluru,12.9716,77.5946
2023-05-02T16:00,29,51,908.4,Bengaluru,12.9716,77.5946
2023-05-02T17:00,27.1,61,909,Bengaluru,12.9716,77.5946
2023-05-02T18:00,24.1,74,909.6,Bengaluru,12.9716,77.5946
2023-05-02T19:00,23.7,83,910,Bengaluru,12.9716,77.5946
2023-05-02T20:00,21.8,94,911.5,Bengaluru,12.9716,77.5946
2023-05-02T21:00,21.5,88,911.7,Bengaluru,12.9716,77.5946
2023-05-02T22:00,21.5,91,912.1,Bengaluru,12.9716,77.5946
2023-05-02T23:00,21,95,912.3,Bengaluru,12.9716,77.5946
2023-05-03T00:00,20.3,95,911.7,Bengaluru,12.9716,77.5946
2023-05-03T01:00,20.5,95,911.1,Bengaluru,12.9716,77.5946
2023-05-03T02:00,19.9,98,910.4,Bengaluru,12.9716,77.5946
2023-05-03T03:00,19.8,98,910.1,Bengaluru,12.9716,77.5946
2023-05-03T04:00,19.9,97,910.2,Bengaluru,12.9716,77.5946
2023-05-03T05:00,20.4,97,910.9,Bengaluru,12.9716,77.5946
2023-05-03T06:00,20.5,97,911.6,Bengaluru,12.9716,77.5946
2023-05-03T07:00,20.7,96,912,Bengaluru,12.9716,77.5946
2023-05-03T08:00,21.7,91,913,Bengaluru,12.9716,77.5946
2023-05-03T09:00,22.8,84,913.9,Bengaluru,12.9716,77.5946
2023-05-03T10:00,23.8,78,914.2,Bengaluru,12.9716,77.5946
2023-05-03T11:00,24.2,74,913.7,Bengaluru,12.9716,77.5946
2023-05-03T12:00,24.3,75,913,Bengaluru,12.9716,77.5946
2023-05-03T13:00,24.9,73,911.9,Bengaluru,12.9716,77.5946
2023-05-03T14:00,25.3,69,910.7,Bengaluru,12.9716,77.5946
2023-05-03T15:00,26.6,64,910.1,Bengaluru,12.9716,77.5946
2023-05-03T16:00,27,63,909.9,Bengaluru,12.9716,77.5946
2023-05-03T17:00,26.9,61,910,Bengaluru,12.9716,77.5946
2023-05-03T18:00,25.2,73,910,Bengaluru,12.9716,77.5946
2023-05-03T19:00,23.7,76,910.1,Bengaluru,12.9716,77.5946
2023-05-03T20:00,23.4,76,910.8,Bengaluru,12.9716,77.5946
2023-05-03T21:00,23.1,77,911.3,Bengaluru,12.9716,77.5946
2023-05-03T22:00,22.6,78,911.7,Bengaluru,12.9716,77.5946
2023-05-03T23:00,22,83,911.9,Bengaluru,12.9716,77.5946
2023-05-04T00:00,21.6,86,910.9,Bengaluru,12.9716,77.5946
2023-05-04T01:00,21.5,86,910.6,Bengaluru,12.9716,77.5946
2023-05-04T02:00,20.8,90,909.8,Bengaluru,12.9716,77.5946
2023-05-04T03:00,20.4,93,909.7,Bengaluru,12.9716,77.5946
2023-05-04T04:00,19.8,96,909.8,Bengaluru,12.9716,77.5946
2023-05-04T05:00,20.5,94,910.3,Bengaluru,12.9716,77.5946
2023-05-04T06:00,20.9,92,910.9,Bengaluru,12.9716,77.5946
2023-05-04T07:00,22.4,86,912.3,Bengaluru,12.9716,77.5946
2023-05-04T08:00,24,76,912.9,Bengaluru,12.9716,77.5946
2023-05-04T09:00,25.7,67,913.7,Bengaluru,12.9716,77.5946
2023-05-04T10:00,27.1,60,913.4,Bengaluru,12.9716,77.5946
2023-05-04T11:00,28.1,55,912.9,Bengaluru,12.9716,77.5946
2023-05-04T12:00,28.5,53,912.5,Bengaluru,12.9716,77.5946
2023-05-04T13:00,28.6,53,911.9,Bengaluru,12.9716,77.5946
2023-05-04T14:00,28.4,54,910.7,Bengaluru,12.9716,77.5946
2023-05-04T15:00,28.5,53,909.6,Bengaluru,12.9716,77.5946
2023-05-04T16:00,28.1,54,909.2,Bengaluru,12.9716,77.5946
2023-05-04T17:00,28.3,56,909.4,Bengaluru,12.9716,77.5946
2023-05-04T18:00,24.1,74,909.5,Bengaluru,12.9716,77.5946
2023-05-04T19:00,22.8,86,909.8,Bengaluru,12.9716,77.5946
2023-05-04T20:00,23,83,910.7,Bengaluru,12.9716,77.5946
2023-05-04T21:00,22.7,86,911.6,Bengaluru,12.9716,77.5946
2023-05-04T22:00,22.4,86,911.3,Bengaluru,12.9716,77.5946
2023-05-04T23:00,21.2,92,912,Bengaluru,12.9716,77.5946
2023-05-05T00:00,21,92,911.7,Bengaluru,12.9716,77.5946
2023-05-05T01:00,20.5,96,910.7,Bengaluru,12.9716,77.5946
2023-05-05T02:00,20.1,97,909.7,Bengaluru,12.9716,77.5946
2023-05-05T03:00,20,96,909,Bengaluru,12.9716,77.5946
2023-05-05T04:00,20,96,909,Bengaluru,12.9716,77.5946
2023-05-05T05:00,21.3,93,909.5,Bengaluru,12.9716,77.5946
2023-05-05T06:00,21.5,93,910.3,Bengaluru,12.9716,77.5946
2023-05-05T07:00,21.7,93,911,Bengaluru,12.9716,77.5946
2023-05-05T08:00,22.3,90,911.8,Bengaluru,12.9716,77.5946
2023-05-05T09:00,23.3,83,912.5,Bengaluru,12.9716,77.5946
2023-05-05T10:00,24.7,74,912.4,Bengaluru,12.9716,77.5946
2023-05-05T11:00,25.5,67,912,Bengaluru,12.9716,77.5946
2023-05-05T12:00,26.4,61,911.3,Bengaluru,12.9716,77.5946
2023-05-05T13:00,27.1,57,910.7,Bengaluru,12.9716,77.5946
2023-05-05T14:00,27.7,54,909.7,Bengaluru,12.9716,77.5946
2023-05-05T15:00,27.7,53,909.2,Bengaluru,12.9716,77.5946
2023-05-05T16:00,27.5,53,909.1,Bengaluru,12.9716,77.5946
2023-05-05T17:00,27.2,57,909.1,Bengaluru,12.9716,77.5946
2023-05-05T18:00,25,64,909.3,Bengaluru,12.9716,77.5946
2023-05-05T19:00,24.3,65,909.9,Bengaluru,12.9716,77.5946
2023-05-05T20:00,23.5,70,910.3,Bengaluru,12.9716,77.5946
2023-05-05T21:00,22.6,77,910.7,Bengaluru,12.9716,77.5946
2023-05-05T22:00,22.1,83,910.9,Bengaluru,12.9716,77.5946
2023-05-05T23:00,21.9,86,910.8,Bengaluru,12.9716,77.5946
2023-05-06T00:00,21.7,87,910.1,Bengaluru,12.9716,77.5946
2023-05-06T01:00,21.4,88,909.5,Bengaluru,12.9716,77.5946
2023-05-06T02:00,21.2,90,909,Bengaluru,12.9716,77.5946
2023-05-06T03:00,21.2,87,908.7,Bengaluru,12.9716,77.5946
2023-05-06T04:00,20.4,90,908.6,Bengaluru,12.9716,77.5946
2023-05-06T05:00,20.8,90,909,Bengaluru,12.9716,77.5946
2023-05-06T06:00,21.5,86,910,Bengaluru,12.9716,77.5946
2023-05-06T07:00,22.6,81,911.1,Bengaluru,12.9716,77.5946
2023-05-06T08:00,23.6,77,911.8,Bengaluru,12.9716,77.5946
2023-05-06T09:00,24.9,70,912.4,Bengaluru,12.9716,77.5946
2023-05-06T10:00,27.3,58,912.4,Bengaluru,12.9716,77.5946
2023-05-06T11:00,28.4,53,912.1,Bengaluru,12.9716,77.5946
2023-05-06T12:00,29.3,50,911.5,Bengaluru,12.9716,77.5946
2023-05-06T13:00,29.3,49,910.4,Bengaluru,12.9716,77.5946
2023-05-06T14:00,29.8,49,909.6,Bengaluru,12.9716,77.5946
2023-05-06T15:00,29.5,49,908.8,Bengaluru,12.9716,77.5946
2023-05-06T16:00,29.2,49,908.6,Bengaluru,12.9716,77.5946
2023-05-06T17:00,22.5,87,908.9,Bengaluru,12.9716,77.5946
2023-05-06T18:00,21.9,93,909.1,Bengaluru,12.9716,77.5946
2023-05-06T19:00,21.5,93,909.9,Bengaluru,12.9716,77.5946
2023-05-06T20:00,21.3,95,910.9,Bengaluru,12.9716,77.5946
2023-05-06T21:00,21.3,96,911.7,Bengaluru,12.9716,77.5946
2023-05-06T22:00,21.2,94,912,Bengaluru,12.9716,77.5946
2023-05-06T23:00,21,95,911.6,Bengaluru,12.9716,77.5946
2023-05-07T00:00,21,95,911,Bengaluru,12.9716,77.5946
2023-05-07T01:00,20.8,96,910.4,Bengaluru,12.9716,77.5946
2023-05-07T02:00,20.5,98,909.8,Bengaluru,12.9716,77.5946
2023-05-07T03:00,20.1,98,909.3,Bengaluru,12.9716,77.5946
2023-05-07T04:00,20.2,97,909.3,Bengaluru,12.9716,77.5946
2023-05-07T05:00,20.9,97,909.9,Bengaluru,12.9716,77.5946
2023-05-07T06:00,21.2,97,910.5,Bengaluru,12.9716,77.5946
2023-05-07T07:00,21.6,94,911.4,Bengaluru,12.9716,77.5946
2023-05-07T08:00,22.3,88,912.1,Bengaluru,12.9716,77.5946
2023-05-07T09:00,24.1,79,912.7,Bengaluru,12.9716,77.5946
2023-05-07T10:00,23.9,80,912.3,Bengaluru,12.9716,77.5946
2023-05-07T11:00,24.4,78,912,Bengaluru,12.9716,77.5946
2023-05-07T12:00,25.3,73,911.2,Bengaluru,12.9716,77.5946
2023-05-07T13:00,25.8,71,910.3,Bengaluru,12.9716,77.5946
2023-05-07T14:00,26,71,909.4,Bengaluru,12.9716,77.5946
2023-05-07T15:00,26.1,70,909.3,Bengaluru,12.9716,77.5946
2023-05-07T16:00,25.6,74,908.9,Bengaluru,12.9716,77.5946
2023-05-07T17:00,25.9,67,909.3,Bengaluru,12.9716,77.5946
2023-05-07T18:00,23.9,82,909.6,Bengaluru,12.9716,77.5946
2023-05-07T19:00,23.3,85,910.1,Bengaluru,12.9716,77.5946
2023-05-07T20:00,22.9,88,910.4,Bengaluru,12.9716,77.5946
2023-05-07T21:00,23.7,80,911.2,Bengaluru,12.9716,77.5946
2023-05-07T22:00,23.5,76,911,Bengaluru,12.9716,77.5946
2023-05-07T23:00,22.7,81,910.3,Bengaluru,12.9716,77.5946
2023-05-08T00:00,22.4,86,909.5,Bengaluru,12.9716,77.5946
2023-05-08T01:00,21.7,91,908.8,Bengaluru,12.9716,77.5946
2023-05-08T02:00,21,94,908.2,Bengaluru,12.9716,77.5946
2023-05-08T03:00,21.1,93,908.2,Bengaluru,12.9716,77.5946
2023-05-08T04:00,21.1,93,908.5,Bengaluru,12.9716,77.5946
2023-05-08T05:00,21,95,908.8,Bengaluru,12.9716,77.5946
2023-05-08T06:00,21.1,95,909.1,Bengaluru,12.9716,77.5946
2023-05-08T07:00,22.3,90,910.2,Bengaluru,12.9716,77.5946
2023-05-08T08:00,24.4,80,911.5,Bengaluru,12.9716,77.5946
2023-05-08T09:00,26.2,71,912.2,Bengaluru,12.9716,77.5946
2023-05-08T10:00,27.4,67,911.9,Bengaluru,12.9716,77.5946
2023-05-08T11:00,28.2,64,911.5,Bengaluru,12.9716,77.5946
2023-05-08T12:00,28.6,62,911,Bengaluru,12.9716,77.5946
2023-05-08T13:00,29.3,60,910.4,Bengaluru,12.9716,77.5946
2023-05-08T14:00,28.9,59,909.1,Bengaluru,12.9716,77.5946
2023-05-08T15:00,25,80,908,Bengaluru,12.9716,77.5946
2023-05-08T16:00,24,84,907.7,Bengaluru,12.9716,77.5946
2023-05-08T17:00,24.5,80,908.4,Bengaluru,12.9716,77.5946
2023-05-08T18:00,23.5,86,908.6,Bengaluru,12.9716,77.5946
2023-05-08T19:00,22.6,89,908.7,Bengaluru,12.9716,77.5946
2023-05-08T20:00,21.9,93,909.3,Bengaluru,12.9716,77.5946
2023-05-08T21:00,21.7,93,910,Bengaluru,12.9716,77.5946
2023-05-08T22:00,21.2,94,911.5,Bengaluru,12.9716,77.5946
2023-05-08T23:00,21.3,95,911.1,Bengaluru,12.9716,77.5946
2023-05-09T00:00,21,97,910.6,Bengaluru,12.9716,77.5946
2023-05-09T01:00,20.2,98,909.6,Bengaluru,12.9716,77.5946
2023-05-09T02:00,20.4,98,908.9,Bengaluru,12.9716,77.5946
2023-05-09T03:00,19.9,98,908.5,Bengaluru,12.9716,77.5946
2023-05-09T04:00,19.1,99,908.3,Bengaluru,12.9716,77.5946
2023-05-09T05:00,20.4,98,909.1,Bengaluru,12.9716,77.5946
2023-05-09T06:00,20.7,95,909.2,Bengaluru,12.9716,77.5946
2023-05-09T07:00,22.8,87,910.3,Bengaluru,12.9716,77.5946
2023-05-09T08:00,25.2,76,911.6,Bengaluru,12.9716,77.5946
2023-05-09T09:00,27.2,67,912.3,Bengaluru,12.9716,77.5946
2023-05-09T10:00,28.6,61,912.5,Bengaluru,12.9716,77.5946
2023-05-09T11:00,29.6,58,912.3,Bengaluru,12.9716,77.5946
2023-05-09T12:00,30.3,55,911.6,Bengaluru,12.9716,77.5946
2023-05-09T13:00,30.7,53,910.6,Bengaluru,12.9716,77.5946
2023-05-09T14:00,31,52,909.1,Bengaluru,12.9716,77.5946
2023-05-09T15:00,30.6,51,907.9,Bengaluru,12.9716,77.5946
2023-05-09T16:00,30.5,51,907.9,Bengaluru,12.9716,77.5946
2023-05-09T17:00,28.2,60,909.1,Bengaluru,12.9716,77.5946
2023-05-09T18:00,26.2,73,909.4,Bengaluru,12.9716,77.5946
2023-05-09T19:00,24.2,82,909.7,Bengaluru,12.9716,77.5946
2023-05-09T20:00,22.5,89,911.6,Bengaluru,12.9716,77.5946
2023-05-09T21:00,21.1,90,912.1,Bengaluru,12.9716,77.5946
2023-05-09T22:00,21.3,90,912.5,Bengaluru,12.9716,77.5946
2023-05-09T23:00,21.2,93,911.7,Bengaluru,12.9716,77.5946
2023-05-10T00:00,21,95,910.5,Bengaluru,12.9716,77.5946
2023-05-10T01:00,20.1,98,909.4,Bengaluru,12.9716,77.5946
2023-05-10T02:00,20.1,97,908.2,Bengaluru,12.9716,77.5946
2023-05-10T03:00,19.6,98,907.9,Bengaluru,12.9716,77.5946
2023-05-10T04:00,19.4,98,908.2,Bengaluru,12.9716,77.5946
2023-05-10T05:00,20.2,99,908.6,Bengaluru,12.9716,77.5946
2023-05-10T06:00,21,97,909,Bengaluru,12.9716,77.5946
2023-05-10T07:00,22.8,88,910.1,Bengaluru,12.9716,77.5946
2023-05-10T08:00,25.3,76,911.3,Bengaluru,12.9716,77.5946
2023-05-10T09:00,27.5,67,911.7,Bengaluru,12.9716,77.5946
2023-05-10T10:00,29.1,59,911.6,Bengaluru,12.9716,77.5946
2023-05-10T11:00,30.3,52,911.4,Bengaluru,12.9716,77.5946
2023-05-10T12:00,31.2,48,910.7,Bengaluru,12.9716,77.5946
2023-05-10T13:00,31.8,45,910,Bengaluru,12.9716,77.5946
2023-05-10T14:00,32,44,909.1,Bengaluru,12.9716,77.5946
2023-05-10T15:00,32,41,908.4,Bengaluru,12.9716,77.5946
2023-05-10T16:00,31.8,41,907.9,Bengaluru,12.9716,77.5946
2023-05-10T17:00,29.8,56,908.5,Bengaluru,12.9716,77.5946
2023-05-10T18:00,27.3,67,908.7,Bengaluru,12.9716,77.5946
2023-05-10T19:00,25.8,72,909.6,Bengaluru,12.9716,77.5946
2023-05-10T20:00,24.8,78,909.9,Bengaluru,12.9716,77.5946
2023-05-10T21:00,24.4,79,910.3,Bengaluru,12.9716,77.5946
2023-05-10T22:00,23.8,81,910.6,Bengaluru,12.9716,77.5946
2023-05-10T23:00,25.3,69,911,Bengaluru,12.9716,77.5946
2023-05-11T00:00,22.6,83,910.8,Bengaluru,12.9716,77.5946
2023-05-11T01:00,21.9,86,909.7,Bengaluru,12.9716,77.5946
2023-05-11T02:00,21.1,91,909.6,Bengaluru,12.9716,77.5946
2023-05-11T03:00,21,91,909.3,Bengaluru,12.9716,77.5946
2023-05-11T04:00,20.4,95,909.4,Bengaluru,12.9716,77.5946
2023-05-11T05:00,20.8,94,909.3,Bengaluru,12.9716,77.5946
2023-05-11T06:00,21.7,91,910.4,Bengaluru,12.9716,77.5946
2023-05-11T07:00,23.3,88,911.5,Bengaluru,12.9716,77.5946
2023-05-11T08:00,25.5,79,912.3,Bengaluru,12.9716,77.5946
2023-05-11T09:00,27.6,70,912.9,Bengaluru,12.9716,77.5946
2023-05-11T10:00,29.3,60,913.1,Bengaluru,12.9716,77.5946
2023-05-11T11:00,30.7,51,912.6,Bengaluru,12.9716,77.5946
2023-05-11T12:00,31.8,46,912.1,Bengaluru,12.9716,77.5946
2023-05-11T13:00,32.1,44,911.3,Bengaluru,12.9716,77.5946
2023-05-11T14:00,32.6,41,910.2,Bengaluru,12.9716,77.5946
2023-05-11T15:00,25.3,73,909.6,Bengaluru,12.9716,77.5946
2023-05-11T16:00,26.6,67,909.9,Bengaluru,12.9716,77.5946
2023-05-11T17:00,29.3,52,909.8,Bengaluru,12.9716,77.5946
2023-05-11T18:00,26.8,68,909.4,Bengaluru,12.9716,77.5946
2023-05-11T19:00,25.9,66,910.8,Bengaluru,12.9716,77.5946
2023-05-11T20:00,24.3,73,912,Bengaluru,12.9716,77.5946
2023-05-11T21:00,22.9,85,912,Bengaluru,12.9716,77.5946
2023-05-11T22:00,22.7,86,911.6,Bengaluru,12.9716,77.5946
2023-05-11T23:00,22.1,88,911.4,Bengaluru,12.9716,77.5946
2023-05-12T00:00,21.5,91,911.1,Bengaluru,12.9716,77.5946
2023-05-12T01:00,21.3,92,910.6,Bengaluru,12.9716,77.5946
2023-05-12T02:00,21.2,93,910.2,Bengaluru,12.9716,77.5946
2023-05-12T03:00,21,93,909.9,Bengaluru,12.9716,77.5946
2023-05-12T04:00,20.9,93,910.3,Bengaluru,12.9716,77.5946
2023-05-12T05:00,21,91,910.5,Bengaluru,12.9716,77.5946
2023-05-12T06:00,21.6,88,910.7,Bengaluru,12.9716,77.5946
2023-05-12T07:00,23.7,82,912.1,Bengaluru,12.9716,77.5946
2023-05-12T08:00,25.9,75,913.4,Bengaluru,12.9716,77.5946
2023-05-12T09:00,27.7,68,913.5,Bengaluru,12.9716,77.5946
2023-05-12T10:00,29.1,62,913.8,Bengaluru,12.9716,77.5946
2023-05-12T11:00,30.1,54,913.4,Bengaluru,12.9716,77.5946
2023-05-12T12:00,30.6,48,912.6,Bengaluru,12.9716,77.5946
2023-05-12T13:00,31.3,43,911.8,Bengaluru,12.9716,77.5946
2023-05-12T14:00,31.8,39,910.8,Bengaluru,12.9716,77.5946
2023-05-12T15:00,31.7,38,910.2,Bengaluru,12.9716,77.5946
2023-05-12T16:00,31.7,38,909.9,Bengaluru,12.9716,77.5946
2023-05-12T17:00,30.4,49,909.8,Bengaluru,12.9716,77.5946
2023-05-12T18:00,27.1,61,909.9,Bengaluru,12.9716,77.5946
2023-05-12T19:00,25.7,66,910.8,Bengaluru,12.9716,77.5946
2023-05-12T20:00,25.7,66,911.4,Bengaluru,12.9716,77.5946
2023-05-12T21:00,25,71,911.2,Bengaluru,12.9716,77.5946
2023-05-12T22:00,24.4,76,911.9,Bengaluru,12.9716,77.5946
2023-05-12T23:00,23.7,80,911.9,Bengaluru,12.9716,77.5946
2023-05-13T00:00,23,85,911.2,Bengaluru,12.9716,77.5946
2023-05-13T01:00,22.4,90,910.7,Bengaluru,12.9716,77.5946
2023-05-13T02:00,21.8,94,910.5,Bengaluru,12.9716,77.5946
2023-05-13T03:00,21.5,98,910.2,Bengaluru,12.9716,77.5946
2023-05-13T04:00,21.5,99,910.2,Bengaluru,12.9716,77.5946
2023-05-13T05:00,21.9,98,911.2,Bengaluru,12.9716,77.5946
2023-05-13T06:00,22.6,93,911.9,Bengaluru,12.9716,77.5946
2023-05-13T07:00,23.4,88,912.9,Bengaluru,12.9716,77.5946
2023-05-13T08:00,25,79,913.9,Bengaluru,12.9716,77.5946
2023-05-13T09:00,26.9,69,914.6,Bengaluru,12.9716,77.5946
2023-05-13T10:00,28.2,64,914.2,Bengaluru,12.9716,77.5946
2023-05-13T11:00,29.2,61,913.8,Bengaluru,12.9716,77.5946
2023-05-13T12:00,30.1,57,913.3,Bengaluru,12.9716,77.5946
2023-05-13T13:00,30.3,55,912.6,Bengaluru,12.9716,77.5946
2023-05-13T14:00,30.9,54,911.8,Bengaluru,12.9716,77.5946
2023-05-13T15:00,26.6,67,911.1,Bengaluru,12.9716,77.5946
2023-05-13T16:00,26,72,911.1,Bengaluru,12.9716,77.5946
2023-05-13T17:00,28.2,60,911.1,Bengaluru,12.9716,77.5946
2023-05-13T18:00,26.7,69,911.4,Bengaluru,12.9716,77.5946
2023-05-13T19:00,25.8,73,911.9,Bengaluru,12.9716,77.5946
2023-05-13T20:00,25,75,912.6,Bengaluru,12.9716,77.5946
2023-05-13T21:00,24.4,77,912.7,Bengaluru,12.9716,77.5946
2023-05-13T22:00,23.9,80,912.5,Bengaluru,12.9716,77.5946
2023-05-13T23:00,23.2,84,912,Bengaluru,12.9716,77.5946
2023-05-14T00:00,22.5,88,911.2,Bengaluru,12.9716,77.5946
2023-05-14T01:00,21.6,93,910.2,Bengaluru,12.9716,77.5946
2023-05-14T02:00,21.1,96,909.5,Bengaluru,12.9716,77.5946
2023-05-14T03:00,20.7,98,909.5,Bengaluru,12.9716,77.5946
2023-05-14T04:00,20.5,99,909.9,Bengaluru,12.9716,77.5946
2023-05-14T05:00,21.8,97,911.4,Bengaluru,12.9716,77.5946
2023-05-14T06:00,22.5,92,912.4,Bengaluru,12.9716,77.5946
2023-05-14T07:00,23.3,86,913.2,Bengaluru,12.9716,77.5946
2023-05-14T08:00,24.9,77,913.9,Bengaluru,12.9716,77.5946
2023-05-14T09:00,26.9,68,914.1,Bengaluru,12.9716,77.5946
2023-05-14T10:00,28.5,63,913.6,Bengaluru,12.9716,77.5946
2023-05-14T11:00,30,57,913.1,Bengaluru,12.9716,77.5946
2023-05-14T12:00,31.3,51,912.3,Bengaluru,12.9716,77.5946
2023-05-14T13:00,32.3,43,911.3,Bengaluru,12.9716,77.5946
2023-05-14T14:00,32.4,38,910.5,Bengaluru,12.9716,77.5946
2023-05-14T15:00,32.3,36,910,Bengaluru,12.9716,77.5946
2023-05-14T16:00,31.8,37,909.5,Bengaluru,12.9716,77.5946
2023-05-14T17:00,30.6,47,909.5,Bengaluru,12.9716,77.5946
2023-05-14T18:00,27.7,61,909.7,Bengaluru,12.9716,77.5946
2023-05-14T19:00,26.3,58,910.2,Bengaluru,12.9716,77.5946
2023-05-14T20:00,24.9,59,910.3,Bengaluru,12.9716,77.5946
2023-05-14T21:00,24,62,910.3,Bengaluru,12.9716,77.5946
2023-05-14T22:00,26.5,47,911.1,Bengaluru,12.9716,77.5946
2023-05-14T23:00,24.5,55,910,Bengaluru,12.9716,77.5946
2023-05-15T00:00,22.5,74,910.2,Bengaluru,12.9716,77.5946
2023-05-15T01:00,21.7,87,909.6,Bengaluru,12.9716,77.5946
2023-05-15T02:00,21.2,95,909.4,Bengaluru,12.9716,77.5946
2023-05-15T03:00,21.2,99,909.4,Bengaluru,12.9716,77.5946
2023-05-15T04:00,21.5,99,909.9,Bengaluru,12.9716,77.5946
2023-05-15T05:00,21.5,98,910.8,Bengaluru,12.9716,77.5946
2023-05-15T06:00,21.3,98,911.5,Bengaluru,12.9716,77.5946
2023-05-15T07:00,22.7,88,912.8,Bengaluru,12.9716,77.5946
2023-05-15T08:00,24.6,78,913.6,Bengaluru,12.9716,77.5946
2023-05-15T09:00,26.7,69,914.2,Bengaluru,12.9716,77.5946
2023-05-15T10:00,28.9,59,914.1,Bengaluru,12.9716,77.5946
2023-05-15T11:00,30.6,51,913.7,Bengaluru,12.9716,77.5946
2023-05-15T12:00,31.8,44,913,Bengaluru,12.9716,77.5946
2023-05-15T13:00,32.7,38,912.2,Bengaluru,12.9716,77.5946
2023-05-15T14:00,33,33,911.5,Bengaluru,12.9716,77.5946
2023-05-15T15:00,32.7,31,911.2,Bengaluru,12.9716,77.5946
2023-05-15T16:00,31.9,33,910.8,Bengaluru,12.9716,77.5946
2023-05-15T17:00,30.4,41,910.7,Bengaluru,12.9716,77.5946
2023-05-15T18:00,27.6,49,910.3,Bengaluru,12.9716,77.5946
2023-05-15T19:00,25.3,59,910.4,Bengaluru,12.9716,77.5946
2023-05-15T20:00,25.5,56,911.1,Bengaluru,12.9716,77.5946
2023-05-15T21:00,26.3,51,911.8,Bengaluru,12.9716,77.5946
2023-05-15T22:00,25.3,57,911.7,Bengaluru,12.9716,77.5946
2023-05-15T23:00,22.5,70,911.1,Bengaluru,12.9716,77.5946
2023-05-16T00:00,21.4,71,910.3,Bengaluru,12.9716,77.5946
2023-05-16T01:00,20.7,77,910.2,Bengaluru,12.9716,77.5946
2023-05-16T02:00,20.3,84,910.2,Bengaluru,12.9716,77.5946
2023-05-16T03:00,20.1,90,909.9,Bengaluru,12.9716,77.5946
2023-05-16T04:00,19.8,94,910.2,Bengaluru,12.9716,77.5946
2023-05-16T05:00,20.5,97,910.6,Bengaluru,12.9716,77.5946
2023-05-16T06:00,21.1,96,911.7,Bengaluru,12.9716,77.5946
2023-05-16T07:00,23.2,88,913.2,Bengaluru,12.9716,77.5946
2023-05-16T08:00,25.4,78,914.5,Bengaluru,12.9716,77.5946
2023-05-16T09:00,27.6,65,915.1,Bengaluru,12.9716,77.5946
2023-05-16T10:00,29.5,55,915.1,Bengaluru,12.9716,77.5946
2023-05-16T11:00,31.2,45,914.9,Bengaluru,12.9716,77.5946
2023-05-16T12:00,32.2,38,914.1,Bengaluru,12.9716,77.5946
2023-05-16T13:00,32.8,34,913.1,Bengaluru,12.9716,77.5946
2023-05-16T14:00,32.9,32,912.4,Bengaluru,12.9716,77.5946
2023-05-16T15:00,33,31,912.1,Bengaluru,12.9716,77.5946
2023-05-16T16:00,32.6,31,911.8,Bengaluru,12.9716,77.5946
2023-05-16T17:00,31.5,34,912,Bengaluru,12.9716,77.5946
2023-05-16T18:00,29,50,912.1,Bengaluru,12.9716,77.5946
2023-05-16T19:00,26.4,58,912,Bengaluru,12.9716,77.5946
2023-05-16T20:00,26.3,56,912.8,Bengaluru,12.9716,77.5946
2023-05-16T21:00,27.3,49,913.5,Bengaluru,12.9716,77.5946
2023-05-16T22:00,23.9,63,912.6,Bengaluru,12.9716,77.5946
2023-05-16T23:00,23.9,61,912.5,Bengaluru,12.9716,77.5946
2023-05-17T00:00,24.1,58,911.6,Bengaluru,12.9716,77.5946
2023-05-17T01:00,25.7,49,911.2,Bengaluru,12.9716,77.5946
2023-05-17T02:00,25.3,49,910.6,Bengaluru,12.9716,77.5946
2023-05-17T03:00,23,59,909.6,Bengaluru,12.9716,77.5946
2023-05-17T04:00,22,63,909.8,Bengaluru,12.9716,77.5946
2023-05-17T05:00,21.9,72,910.7,Bengaluru,12.9716,77.5946
2023-05-17T06:00,22.5,73,911.9,Bengaluru,12.9716,77.5946
2023-05-17T07:00,24.7,65,913.3,Bengaluru,12.9716,77.5946
2023-05-17T08:00,27,62,914.7,Bengaluru,12.9716,77.5946
2023-05-17T09:00,29.4,54,915.3,Bengaluru,12.9716,77.5946
2023-05-17T10:00,31.3,40,915.2,Bengaluru,12.9716,77.5946
2023-05-17T11:00,32,35,914.9,Bengaluru,12.9716,77.5946
2023-05-17T12:00,32.6,34,914.3,Bengaluru,12.9716,77.5946
2023-05-17T13:00,32.3,34,913.5,Bengaluru,12.9716,77.5946
2023-05-17T14:00,32.5,34,912.8,Bengaluru,12.9716,77.5946
2023-05-17T15:00,32.6,33,912.2,Bengaluru,12.9716,77.5946
2023-05-17T16:00,32.4,34,912.1,Bengaluru,12.9716,77.5946
2023-05-17T17:00,30.9,42,912.1,Bengaluru,12.9716,77.5946
2023-05-17T18:00,28,54,911.7,Bengaluru,12.9716,77.5946
2023-05-17T19:00,27.3,48,912.4,Bengaluru,12.9716,77.5946
2023-05-17T20:00,26,51,912.8,Bengaluru,12.9716,77.5946
2023-05-17T21:00,25.7,51,913.5,Bengaluru,12.9716,77.5946
2023-05-17T22:00,25,64,913.9,Bengaluru,12.9716,77.5946
2023-05-17T23:00,24.4,70,913.6,Bengaluru,12.9716,77.5946
2023-05-18T00:00,23.4,74,913.3,Bengaluru,12.9716,77.5946
2023-05-18T01:00,22.6,79,912.5,Bengaluru,12.9716,77.5946
2023-05-18T02:00,22.4,80,912,Bengaluru,12.9716,77.5946
2023-05-18T03:00,22.2,82,911.9,Bengaluru,12.9716,77.5946
2023-05-18T04:00,21.6,86,912.2,Bengaluru,12.9716,77.5946
2023-05-18T05:00,21.5,88,912.8,Bengaluru,12.9716,77.5946
2023-05-18T06:00,22.9,82,913.8,Bengaluru,12.9716,77.5946
2023-05-18T07:00,25.1,75,915.1,Bengaluru,12.9716,77.5946
2023-05-18T08:00,27.9,61,916.2,Bengaluru,12.9716,77.5946
2023-05-18T09:00,29.7,53,916.6,Bengaluru,12.9716,77.5946
2023-05-18T10:00,31,42,916.6,Bengaluru,12.9716,77.5946
2023-05-18T11:00,32,34,915.9,Bengaluru,12.9716,77.5946
2023-05-18T12:00,33.3,31,915.3,Bengaluru,12.9716,77.5946
2023-05-18T13:00,34,29,914.4,Bengaluru,12.9716,77.5946
2023-05-18T14:00,34.2,27,913.3,Bengaluru,12.9716,77.5946
2023-05-18T15:00,33.9,26,912.5,Bengaluru,12.9716,77.5946
2023-05-18T16:00,33.9,25,912,Bengaluru,12.9716,77.5946
2023-05-18T17:00,31.9,32,912.6,Bengaluru,12.9716,77.5946
2023-05-18T18:00,30.1,35,912.8,Bengaluru,12.9716,77.5946
2023-05-18T19:00,28.3,43,912.9,Bengaluru,12.9716,77.5946
2023-05-18T20:00,30.2,32,914,Bengaluru,12.9716,77.5946
2023-05-18T21:00,26.2,48,913.8,Bengaluru,12.9716,77.5946
2023-05-18T22:00,25.2,59,914.1,Bengaluru,12.9716,77.5946
2023-05-18T23:00,23.8,70,913.7,Bengaluru,12.9716,77.5946
2023-05-19T00:00,23.2,75,913,Bengaluru,12.9716,77.5946
2023-05-19T01:00,22.7,78,912.1,Bengaluru,12.9716,77.5946
2023-05-19T02:00,22.4,81,911.3,Bengaluru,12.9716,77.5946
2023-05-19T03:00,22,85,911.5,Bengaluru,12.9716,77.5946
2023-05-19T04:00,21.7,87,911.3,Bengaluru,12.9716,77.5946
2023-05-19T05:00,22.2,87,911.6,Bengaluru,12.9716,77.5946
2023-05-19T06:00,22.7,86,912.5,Bengaluru,12.9716,77.5946
2023-05-19T07:00,24.6,78,913.9,Bengaluru,12.9716,77.5946
2023-05-19T08:00,27.2,65,914.9,Bengaluru,12.9716,77.5946
2023-05-19T09:00,29.9,45,915.4,Bengaluru,12.9716,77.5946
2023-05-19T10:00,31.8,35,915.4,Bengaluru,12.9716,77.5946
2023-05-19T11:00,33.1,30,915,Bengaluru,12.9716,77.5946
2023-05-19T12:00,34,28,914.2,Bengaluru,12.9716,77.5946
2023-05-19T13:00,34.2,28,913.2,Bengaluru,12.9716,77.5946
2023-05-19T14:00,34.2,28,912.1,Bengaluru,12.9716,77.5946
2023-05-19T15:00,33.8,28,911.2,Bengaluru,12.9716,77.5946
2023-05-19T16:00,33,30,911,Bengaluru,12.9716,77.5946
2023-05-19T17:00,32,32,911.4,Bengaluru,12.9716,77.5946
2023-05-19T18:00,29.7,38,911,Bengaluru,12.9716,77.5946
2023-05-19T19:00,28.1,45,911.2,Bengaluru,12.9716,77.5946
2023-05-19T20:00,27.7,45,911.5,Bengaluru,12.9716,77.5946
2023-05-19T21:00,26.1,54,912.1,Bengaluru,12.9716,77.5946
2023-05-19T22:00,25,63,912.8,Bengaluru,12.9716,77.5946
2023-05-19T23:00,23.7,75,912.8,Bengaluru,12.9716,77.5946
2023-05-20T00:00,23.1,82,912.3,Bengaluru,12.9716,77.5946
2023-05-20T01:00,22.5,87,911.8,Bengaluru,12.9716,77.5946
2023-05-20T02:00,21.9,90,911.3,Bengaluru,12.9716,77.5946
2023-05-20T03:00,21.5,93,911.1,Bengaluru,12.9716,77.5946
2023-05-20T04:00,21.2,96,911.2,Bengaluru,12.9716,77.5946
2023-05-20T05:00,21.7,97,911.5,Bengaluru,12.9716,77.5946
2023-05-20T06:00,22.8,92,912.3,Bengaluru,12.9716,77.5946
2023-05-20T07:00,23.8,85,913.2,Bengaluru,12.9716,77.5946
2023-05-20T08:00,25.7,73,913.8,Bengaluru,12.9716,77.5946
2023-05-20T09:00,28.1,61,914.3,Bengaluru,12.9716,77.5946
2023-05-20T10:00,30.1,51,914.2,Bengaluru,12.9716,77.5946
2023-05-20T11:00,31.7,45,914,Bengaluru,12.9716,77.5946
2023-05-20T12:00,32.8,41,913.5,Bengaluru,12.9716,77.5946
2023-05-20T13:00,33.3,38,912.5,Bengaluru,12.9716,77.5946
2023-05-20T14:00,31.3,41,911.3,Bengaluru,12.9716,77.5946
2023-05-20T15:00,31.3,40,910.9,Bengaluru,12.9716,77.5946
2023-05-20T16:00,31,42,910.8,Bengaluru,12.9716,77.5946
2023-05-20T17:00,29.4,48,911.2,Bengaluru,12.9716,77.5946
2023-05-20T18:00,28.2,53,911.3,Bengaluru,12.9716,77.5946
2023-05-20T19:00,26.9,58,911.7,Bengaluru,12.9716,77.5946
2023-05-20T20:00,25.7,64,912,Bengaluru,12.9716,77.5946
2023-05-20T21:00,25.3,65,912.5,Bengaluru,12.9716,77.5946
2023-05-20T22:00,24.8,67,912.4,Bengaluru,12.9716,77.5946
2023-05-20T23:00,24.9,66,912.6,Bengaluru,12.9716,77.5946
2023-05-21T00:00,23.7,73,912.5,Bengaluru,12.9716,77.5946
2023-05-21T01:00,22.9,76,911.5,Bengaluru,12.9716,77.5946
2023-05-21T02:00,22.5,80,910.8,Bengaluru,12.9716,77.5946
2023-05-21T03:00,22.1,85,910.4,Bengaluru,12.9716,77.5946
2023-05-21T04:00,21.8,89,910.4,Bengaluru,12.9716,77.5946
2023-05-21T05:00,21.8,88,911.1,Bengaluru,12.9716,77.5946
2023-05-21T06:00,22.3,87,911.9,Bengaluru,12.9716,77.5946
2023-05-21T07:00,24,81,913.4,Bengaluru,12.9716,77.5946
2023-05-21T08:00,26.1,74,914.1,Bengaluru,12.9716,77.5946
2023-05-21T09:00,28.2,65,914.9,Bengaluru,12.9716,77.5946
2023-05-21T10:00,29.5,59,914.7,Bengaluru,12.9716,77.5946
2023-05-21T11:00,30.7,56,914.5,Bengaluru,12.9716,77.5946
2023-05-21T12:00,31.6,50,914,Bengaluru,12.9716,77.5946
2023-05-21T13:00,28.8,60,912.1,Bengaluru,12.9716,77.5946
2023-05-21T14:00,25.8,76,912.1,Bengaluru,12.9716,77.5946
2023-05-21T15:00,26.1,72,911.8,Bengaluru,12.9716,77.5946
2023-05-21T16:00,27.1,65,911.6,Bengaluru,12.9716,77.5946
2023-05-21T17:00,23.4,83,911.8,Bengaluru,12.9716,77.5946
2023-05-21T18:00,23.6,83,912.6,Bengaluru,12.9716,77.5946
2023-05-21T19:00,22.5,87,913.2,Bengaluru,12.9716,77.5946
2023-05-21T20:00,22.5,88,913.3,Bengaluru,12.9716,77.5946
2023-05-21T21:00,22.7,89,913.9,Bengaluru,12.9716,77.5946
2023-05-21T22:00,22.6,90,913.4,Bengaluru,12.9716,77.5946
2023-05-21T23:00,21.8,94,913.5,Bengaluru,12.9716,77.5946
2023-05-22T00:00,21,98,912.9,Bengaluru,12.9716,77.5946
2023-05-22T01:00,20.9,97,912.4,Bengaluru,12.9716,77.5946
2023-05-22T02:00,20.9,96,911.9,Bengaluru,12.9716,77.5946
2023-05-22T03:00,20.9,96,911.5,Bengaluru,12.9716,77.5946
2023-05-22T04:00,20.4,97,911.4,Bengaluru,12.9716,77.5946
2023-05-22T05:00,20.4,96,911.9,Bengaluru,12.9716,77.5946
2023-05-22T06:00,21.2,92,912.5,Bengaluru,12.9716,77.5946
2023-05-22T07:00,23.3,81,914,Bengaluru,12.9716,77.5946
2023-05-22T08:00,25.6,71,915.2,Bengaluru,12.9716,77.5946
2023-05-22T09:00,27.6,63,915.5,Bengaluru,12.9716,77.5946
2023-05-22T10:00,29.2,57,915.5,Bengaluru,12.9716,77.5946
2023-05-22T11:00,30.4,54,915.1,Bengaluru,12.9716,77.5946
2023-05-22T12:00,31.1,50,914.3,Bengaluru,12.9716,77.5946
2023-05-22T13:00,31.5,47,913.4,Bengaluru,12.9716,77.5946
2023-05-22T14:00,31.6,45,912.2,Bengaluru,12.9716,77.5946
2023-05-22T15:00,26,68,912,Bengaluru,12.9716,77.5946
2023-05-22T16:00,26.2,68,911.4,Bengaluru,12.9716,77.5946
2023-05-22T17:00,28,56,912.4,Bengaluru,12.9716,77.5946
2023-05-22T18:00,25.8,66,912.8,Bengaluru,12.9716,77.5946
2023-05-22T19:00,24.3,75,913,Bengaluru,12.9716,77.5946
2023-05-22T20:00,23.3,79,913.2,Bengaluru,12.9716,77.5946
2023-05-22T21:00,23.2,81,913.9,Bengaluru,12.9716,77.5946
2023-05-22T22:00,22.7,84,914,Bengaluru,12.9716,77.5946
2023-05-22T23:00,22.4,84,913.9,Bengaluru,12.9716,77.5946
2023-05-23T00:00,21.9,86,913.2,Bengaluru,12.9716,77.5946
2023-05-23T01:00,21.6,88,912.4,Bengaluru,12.9716,77.5946
2023-05-23T02:00,21.3,91,912,Bengaluru,12.9716,77.5946
2023-05-23T03:00,20.9,94,911.9,Bengaluru,12.9716,77.5946
2023-05-23T04:00,20.6,96,912.3,Bengaluru,12.9716,77.5946
2023-05-23T05:00,19.8,98,912.9,Bengaluru,12.9716,77.5946
2023-05-23T06:00,20.6,98,913.4,Bengaluru,12.9716,77.5946
2023-05-23T07:00,22.6,89,914.8,Bengaluru,12.9716,77.5946
2023-05-23T08:00,25,76,915.7,Bengaluru,12.9716,77.5946
2023-05-23T09:00,27.5,62,916,Bengaluru,12.9716,77.5946
2023-05-23T10:00,29.3,54,916.2,Bengaluru,12.9716,77.5946
2023-05-23T11:00,30.6,47,916,Bengaluru,12.9716,77.5946
2023-05-23T12:00,31.5,43,915.2,Bengaluru,12.9716,77.5946
2023-05-23T13:00,32,42,914.2,Bengaluru,12.9716,77.5946
2023-05-23T14:00,32.4,41,913,Bengaluru,12.9716,77.5946
2023-05-23T15:00,32.3,39,912.4,Bengaluru,12.9716,77.5946
2023-05-23T16:00,31.1,41,912,Bengaluru,12.9716,77.5946
2023-05-23T17:00,27.2,62,912.2,Bengaluru,12.9716,77.5946
2023-05-23T18:00,24.9,73,912.1,Bengaluru,12.9716,77.5946
2023-05-23T19:00,24,81,912.2,Bengaluru,12.9716,77.5946
2023-05-23T20:00,25.4,65,913.4,Bengaluru,12.9716,77.5946
2023-05-23T21:00,24.7,67,913.6,Bengaluru,12.9716,77.5946
2023-05-23T22:00,24.3,68,913.8,Bengaluru,12.9716,77.5946
2023-05-23T23:00,23.3,75,913.8,Bengaluru,12.9716,77.5946
2023-05-24T00:00,22.7,79,913.2,Bengaluru,12.9716,77.5946
2023-05-24T01:00,22.1,86,912.6,Bengaluru,12.9716,77.5946
2023-05-24T02:00,21.7,91,912,Bengaluru,12.9716,77.5946
2023-05-24T03:00,21.3,95,912.1,Bengaluru,12.9716,77.5946
2023-05-24T04:00,21.1,97,912.2,Bengaluru,12.9716,77.5946
2023-05-24T05:00,21.3,96,912.3,Bengaluru,12.9716,77.5946
2023-05-24T06:00,21.8,94,913.2,Bengaluru,12.9716,77.5946
2023-05-24T07:00,23.2,86,914.4,Bengaluru,12.9716,77.5946
2023-05-24T08:00,24.9,78,915.4,Bengaluru,12.9716,77.5946
2023-05-24T09:00,26.9,69,915.6,Bengaluru,12.9716,77.5946
2023-05-24T10:00,28.7,61,915.6,Bengaluru,12.9716,77.5946
2023-05-24T11:00,30,56,915.4,Bengaluru,12.9716,77.5946
2023-05-24T12:00,30.9,53,914.8,Bengaluru,12.9716,77.5946
2023-05-24T13:00,31.8,49,913.7,Bengaluru,12.9716,77.5946
2023-05-24T14:00,31.5,47,912.3,Bengaluru,12.9716,77.5946
2023-05-24T15:00,29,55,911.8,Bengaluru,12.9716,77.5946
2023-05-24T16:00,26.3,72,911.5,Bengaluru,12.9716,77.5946
2023-05-24T17:00,28.1,57,912.9,Bengaluru,12.9716,77.5946
2023-05-24T18:00,26.4,70,912.8,Bengaluru,12.9716,77.5946
2023-05-24T19:00,25.5,67,913.2,Bengaluru,12.9716,77.5946
2023-05-24T20:00,24.1,75,913.7,Bengaluru,12.9716,77.5946
2023-05-24T21:00,23.4,79,914.3,Bengaluru,12.9716,77.5946
2023-05-24T22:00,22.9,83,914.4,Bengaluru,12.9716,77.5946
2023-05-24T23:00,22.6,85,914.2,Bengaluru,12.9716,77.5946
2023-05-25T00:00,22.2,89,913.5,Bengaluru,12.9716,77.5946
2023-05-25T01:00,21.7,93,912.9,Bengaluru,12.9716,77.5946
2023-05-25T02:00,21.4,95,912.4,Bengaluru,12.9716,77.5946
2023-05-25T03:00,21.1,97,912.3,Bengaluru,12.9716,77.5946
2023-05-25T04:00,20.9,98,912.8,Bengaluru,12.9716,77.5946
2023-05-25T05:00,22.3,97,913.3,Bengaluru,12.9716,77.5946
2023-05-25T06:00,22.6,93,914,Bengaluru,12.9716,77.5946
2023-05-25T07:00,23.6,86,914.7,Bengaluru,12.9716,77.5946
2023-05-25T08:00,25.2,77,915.4,Bengaluru,12.9716,77.5946
2023-05-25T09:00,27.1,67,916.1,Bengaluru,12.9716,77.5946
2023-05-25T10:00,28.6,58,916,Bengaluru,12.9716,77.5946
2023-05-25T11:00,29.7,52,915.4,Bengaluru,12.9716,77.5946
2023-05-25T12:00,30.5,50,915,Bengaluru,12.9716,77.5946
2023-05-25T13:00,31.2,49,913.9,Bengaluru,12.9716,77.5946
2023-05-25T14:00,31.3,48,912.9,Bengaluru,12.9716,77.5946
2023-05-25T15:00,31.1,46,912.1,Bengaluru,12.9716,77.5946
2023-05-25T16:00,29.1,50,912.2,Bengaluru,12.9716,77.5946
2023-05-25T17:00,29.1,49,913.4,Bengaluru,12.9716,77.5946
2023-05-25T18:00,23.9,75,913.5,Bengaluru,12.9716,77.5946
2023-05-25T19:00,22.8,79,913.5,Bengaluru,12.9716,77.5946
2023-05-25T20:00,22.9,78,914.4,Bengaluru,12.9716,77.5946
2023-05-25T21:00,22.9,79,914.6,Bengaluru,12.9716,77.5946
2023-05-25T22:00,22.8,80,914.5,Bengaluru,12.9716,77.5946
2023-05-25T23:00,22.4,83,914.2,Bengaluru,12.9716,77.5946
2023-05-26T00:00,22.1,89,913.7,Bengaluru,12.9716,77.5946
2023-05-26T01:00,21.7,93,913.2,Bengaluru,12.9716,77.5946
2023-05-26T02:00,21.2,96,912.7,Bengaluru,12.9716,77.5946
2023-05-26T03:00,20.9,98,912.4,Bengaluru,12.9716,77.5946
2023-05-26T04:00,20.8,98,912.6,Bengaluru,12.9716,77.5946
2023-05-26T05:00,21.4,95,913.5,Bengaluru,12.9716,77.5946
2023-05-26T06:00,21.6,93,914.3,Bengaluru,12.9716,77.5946
2023-05-26T07:00,22.7,86,915.6,Bengaluru,12.9716,77.5946
2023-05-26T08:00,24.6,76,916.2,Bengaluru,12.9716,77.5946
2023-05-26T09:00,26.2,69,916.3,Bengaluru,12.9716,77.5946
2023-05-26T10:00,27.9,62,916.2,Bengaluru,12.9716,77.5946
2023-05-26T11:00,29.2,55,915.8,Bengaluru,12.9716,77.5946
2023-05-26T12:00,30.3,50,915.3,Bengaluru,12.9716,77.5946
2023-05-26T13:00,31.1,47,914.5,Bengaluru,12.9716,77.5946
2023-05-26T14:00,31.3,45,913.5,Bengaluru,12.9716,77.5946
2023-05-26T15:00,30.7,45,912.7,Bengaluru,12.9716,77.5946
2023-05-26T16:00,30.3,44,912.6,Bengaluru,12.9716,77.5946
2023-05-26T17:00,29.7,46,913.4,Bengaluru,12.9716,77.5946
2023-05-26T18:00,26.5,59,913.6,Bengaluru,12.9716,77.5946
2023-05-26T19:00,24.3,72,913.5,Bengaluru,12.9716,77.5946
2023-05-26T20:00,23.2,82,914.1,Bengaluru,12.9716,77.5946
2023-05-26T21:00,22.8,83,914.2,Bengaluru,12.9716,77.5946
2023-05-26T22:00,22.4,87,913.8,Bengaluru,12.9716,77.5946
2023-05-26T23:00,22.2,89,913.3,Bengaluru,12.9716,77.5946
2023-05-27T00:00,21.8,92,912.5,Bengaluru,12.9716,77.5946
2023-05-27T01:00,21.5,94,912.1,Bengaluru,12.9716,77.5946
2023-05-27T02:00,21.1,95,911.3,Bengaluru,12.9716,77.5946
2023-05-27T03:00,20.8,96,911.4,Bengaluru,12.9716,77.5946
2023-05-27T04:00,20.5,98,911.6,Bengaluru,12.9716,77.5946
2023-05-27T05:00,20.8,98,912.3,Bengaluru,12.9716,77.5946
2023-05-27T06:00,21.3,96,912.8,Bengaluru,12.9716,77.5946
2023-05-27T07:00,22.8,85,913.8,Bengaluru,12.9716,77.5946
2023-05-27T08:00,24.6,75,914.5,Bengaluru,12.9716,77.5946
2023-05-27T09:00,26.6,67,914.8,Bengaluru,12.9716,77.5946
2023-05-27T10:00,28.4,58,914.8,Bengaluru,12.9716,77.5946
2023-05-27T11:00,29.4,53,914.3,Bengaluru,12.9716,77.5946
2023-05-27T12:00,29.7,53,913.8,Bengaluru,12.9716,77.5946
2023-05-27T13:00,30.7,50,913.1,Bengaluru,12.9716,77.5946
2023-05-27T14:00,31.3,47,912.5,Bengaluru,12.9716,77.5946
2023-05-27T15:00,31.4,46,911.7,Bengaluru,12.9716,77.5946
2023-05-27T16:00,31,45,911.1,Bengaluru,12.9716,77.5946
2023-05-27T17:00,28.7,54,911.4,Bengaluru,12.9716,77.5946
2023-05-27T18:00,27.1,70,911.4,Bengaluru,12.9716,77.5946
2023-05-27T19:00,25.9,68,911.7,Bengaluru,12.9716,77.5946
2023-05-27T20:00,25,71,912.2,Bengaluru,12.9716,77.5946
2023-05-27T21:00,24.6,70,912.3,Bengaluru,12.9716,77.5946
2023-05-27T22:00,23.8,77,912,Bengaluru,12.9716,77.5946
2023-05-27T23:00,23.3,78,911.6,Bengaluru,12.9716,77.5946
2023-05-28T00:00,23.5,76,911.1,Bengaluru,12.9716,77.5946
2023-05-28T01:00,23.1,78,910.6,Bengaluru,12.9716,77.5946
2023-05-28T02:00,22.4,82,910.5,Bengaluru,12.9716,77.5946
2023-05-28T03:00,21.7,87,910.3,Bengaluru,12.9716,77.5946
2023-05-28T04:00,21.1,91,910.3,Bengaluru,12.9716,77.5946
2023-05-28T05:00,21.1,91,910.8,Bengaluru,12.9716,77.5946
2023-05-28T06:00,21.7,90,911.5,Bengaluru,12.9716,77.5946
2023-05-28T07:00,23.6,82,912.9,Bengaluru,12.9716,77.5946
2023-05-28T08:00,25.6,72,913.4,Bengaluru,12.9716,77.5946
2023-05-28T09:00,27.5,63,913.8,Bengaluru,12.9716,77.5946
2023-05-28T10:00,29.4,54,913.9,Bengaluru,12.9716,77.5946
2023-05-28T11:00,30.7,48,913.3,Bengaluru,12.9716,77.5946
2023-05-28T12:00,31.4,46,912.7,Bengaluru,12.9716,77.5946
2023-05-28T13:00,31.8,44,912.2,Bengaluru,12.9716,77.5946
2023-05-28T14:00,32.3,41,911.4,Bengaluru,12.9716,77.5946
2023-05-28T15:00,31.9,40,910.8,Bengaluru,12.9716,77.5946
2023-05-28T16:00,31.3,39,910.4,Bengaluru,12.9716,77.5946
2023-05-28T17:00,30.8,42,910.5,Bengaluru,12.9716,77.5946
2023-05-28T18:00,28.4,52,910.5,Bengaluru,12.9716,77.5946
2023-05-28T19:00,27,58,911.4,Bengaluru,12.9716,77.5946
2023-05-28T20:00,26,63,912.5,Bengaluru,12.9716,77.5946
2023-05-28T21:00,24.5,72,912.7,Bengaluru,12.9716,77.5946
2023-05-28T22:00,23.7,76,912.7,Bengaluru,12.9716,77.5946
2023-05-28T23:00,23.2,78,912,Bengaluru,12.9716,77.5946
2023-05-29T00:00,22.8,79,911.5,Bengaluru,12.9716,77.5946
2023-05-29T01:00,21.9,86,910.5,Bengaluru,12.9716,77.5946
2023-05-29T02:00,21.8,86,910.1,Bengaluru,12.9716,77.5946
2023-05-29T03:00,22.3,82,910.1,Bengaluru,12.9716,77.5946
2023-05-29T04:00,22.5,81,910.7,Bengaluru,12.9716,77.5946
2023-05-29T05:00,21.4,91,910.4,Bengaluru,12.9716,77.5946
2023-05-29T06:00,22.9,83,911.3,Bengaluru,12.9716,77.5946
2023-05-29T07:00,25.6,71,912.7,Bengaluru,12.9716,77.5946
2023-05-29T08:00,24.4,70,913.8,Bengaluru,12.9716,77.5946
2023-05-29T09:00,26.7,61,913.5,Bengaluru,12.9716,77.5946
2023-05-29T10:00,30.2,46,913.6,Bengaluru,12.9716,77.5946
2023-05-29T11:00,31.6,42,913.2,Bengaluru,12.9716,77.5946
2023-05-29T12:00,32.3,40,912.6,Bengaluru,12.9716,77.5946
2023-05-29T13:00,32.3,39,911.8,Bengaluru,12.9716,77.5946
2023-05-29T14:00,32.6,37,910.9,Bengaluru,12.9716,77.5946
2023-05-29T15:00,32.4,36,910.2,Bengaluru,12.9716,77.5946
2023-05-29T16:00,32.1,36,910.5,Bengaluru,12.9716,77.5946
2023-05-29T17:00,30.4,41,911,Bengaluru,12.9716,77.5946
2023-05-29T18:00,28.2,54,911.4,Bengaluru,12.9716,77.5946
2023-05-29T19:00,26.3,66,911.2,Bengaluru,12.9716,77.5946
2023-05-29T20:00,25.6,69,912.2,Bengaluru,12.9716,77.5946
2023-05-29T21:00,25.1,71,912.6,Bengaluru,12.9716,77.5946
2023-05-29T22:00,24.6,71,913.8,Bengaluru,12.9716,77.5946
2023-05-29T23:00,23.7,81,912.9,Bengaluru,12.9716,77.5946
2023-05-30T00:00,23.1,81,912.5,Bengaluru,12.9716,77.5946
2023-05-30T01:00,22.4,87,911.7,Bengaluru,12.9716,77.5946
2023-05-30T02:00,22.1,87,911.2,Bengaluru,12.9716,77.5946
2023-05-30T03:00,21.9,87,910.9,Bengaluru,12.9716,77.5946
2023-05-30T04:00,21.5,89,911,Bengaluru,12.9716,77.5946
2023-05-30T05:00,22.1,91,911.3,Bengaluru,12.9716,77.5946
2023-05-30T06:00,22.2,91,911.5,Bengaluru,12.9716,77.5946
2023-05-30T07:00,23.7,83,912.7,Bengaluru,12.9716,77.5946
2023-05-30T08:00,25.9,72,914.1,Bengaluru,12.9716,77.5946
2023-05-30T09:00,27.8,64,914.2,Bengaluru,12.9716,77.5946
2023-05-30T10:00,26.4,66,914.2,Bengaluru,12.9716,77.5946
2023-05-30T11:00,26.5,69,913.6,Bengaluru,12.9716,77.5946
2023-05-30T12:00,27.7,67,913.3,Bengaluru,12.9716,77.5946
2023-05-30T13:00,29.2,61,912.5,Bengaluru,12.9716,77.5946
2023-05-30T14:00,30,57,911.6,Bengaluru,12.9716,77.5946
2023-05-30T15:00,25.4,73,911,Bengaluru,12.9716,77.5946
2023-05-30T16:00,25,75,911,Bengaluru,12.9716,77.5946
2023-05-30T17:00,23.2,88,911.4,Bengaluru,12.9716,77.5946
2023-05-30T18:00,22.7,90,912.4,Bengaluru,12.9716,77.5946
2023-05-30T19:00,22.4,90,913.2,Bengaluru,12.9716,77.5946
2023-05-30T20:00,21.8,91,913.3,Bengaluru,12.9716,77.5946
2023-05-30T21:00,22,92,913.1,Bengaluru,12.9716,77.5946
2023-05-30T22:00,21.9,94,912.8,Bengaluru,12.9716,77.5946
2023-05-30T23:00,21.8,96,912.7,Bengaluru,12.9716,77.5946
2023-05-31T00:00,21.9,93,912.1,Bengaluru,12.9716,77.5946
2023-05-31T01:00,21.8,94,911.4,Bengaluru,12.9716,77.5946
2023-05-31T02:00,21.8,93,910.4,Bengaluru,12.9716,77.5946
2023-05-31T03:00,21.4,96,909.9,Bengaluru,12.9716,77.5946
2023-05-31T04:00,21.2,95,910,Bengaluru,12.9716,77.5946
2023-05-31T05:00,21.4,96,910.6,Bengaluru,12.9716,77.5946
2023-05-31T06:00,21.7,94,910.9,Bengaluru,12.9716,77.5946
2023-05-31T07:00,23,87,912.6,Bengaluru,12.9716,77.5946
2023-05-31T08:00,24.4,82,913.5,Bengaluru,12.9716,77.5946
2023-05-31T09:00,26.3,72,914,Bengaluru,12.9716,77.5946
2023-05-31T10:00,27.8,66,913.8,Bengaluru,12.9716,77.5946
2023-05-31T11:00,28.9,62,913.3,Bengaluru,12.9716,77.5946
2023-05-31T12:00,29.9,59,912.8,Bengaluru,12.9716,77.5946
2023-05-31T13:00,30.3,55,911.9,Bengaluru,12.9716,77.5946
2023-05-31T14:00,30.6,50,910.7,Bengaluru,12.9716,77.5946
2023-05-31T15:00,26.4,67,910.3,Bengaluru,12.9716,77.5946
2023-05-31T16:00,24.6,79,910,Bengaluru,12.9716,77.5946
2023-05-31T17:00,25.9,68,909.9,Bengaluru,12.9716,77.5946
2023-05-31T18:00,25.1,77,909.4,Bengaluru,12.9716,77.5946
2023-05-31T19:00,23.8,84,909.8,Bengaluru,12.9716,77.5946
2023-05-31T20:00,23.8,79,910.8,Bengaluru,12.9716,77.5946
2023-05-31T21:00,22.5,84,912.3,Bengaluru,12.9716,77.5946
2023-05-31T22:00,22,87,911.9,Bengaluru,12.9716,77.5946
2023-05-31T23:00,21.7,86,911.3,Bengaluru,12.9716,77.5946
2023-06-01T00:00,21.5,85,910.1,Bengaluru,12.9716,77.5946
2023-06-01T01:00,21.3,87,909.8,Bengaluru,12.9716,77.5946
2023-06-01T02:00,21.2,90,909.6,Bengaluru,12.9716,77.5946
2023-06-01T03:00,21,94,909.7,Bengaluru,12.9716,77.5946
2023-06-01T04:00,20.7,95,909.7,Bengaluru,12.9716,77.5946
2023-06-01T05:00,21.3,96,910.3,Bengaluru,12.9716,77.5946
2023-06-01T06:00,22.1,93,910.6,Bengaluru,12.9716,77.5946
2023-06-01T07:00,23.7,89,912.2,Bengaluru,12.9716,77.5946
2023-06-01T08:00,25.4,81,912.9,Bengaluru,12.9716,77.5946
2023-06-01T09:00,27,73,913.1,Bengaluru,12.9716,77.5946
2023-06-01T10:00,28.5,65,913,Bengaluru,12.9716,77.5946
2023-06-01T11:00,29.6,60,912.8,Bengaluru,12.9716,77.5946
2023-06-01T12:00,30.6,57,912.4,Bengaluru,12.9716,77.5946
2023-06-01T13:00,31,54,911.5,Bengaluru,12.9716,77.5946
2023-06-01T14:00,31,52,910.9,Bengaluru,12.9716,77.5946
2023-06-01T15:00,30.2,54,909.8,Bengaluru,12.9716,77.5946
2023-06-01T16:00,24.4,79,910.1,Bengaluru,12.9716,77.5946
2023-06-01T17:00,27.3,65,910.6,Bengaluru,12.9716,77.5946
2023-06-01T18:00,25.8,72,910.8,Bengaluru,12.9716,77.5946
2023-06-01T19:00,24.3,79,910.9,Bengaluru,12.9716,77.5946
2023-06-01T20:00,24.2,79,911.4,Bengaluru,12.9716,77.5946
2023-06-01T21:00,23.9,79,911.9,Bengaluru,12.9716,77.5946
2023-06-01T22:00,23.3,83,912,Bengaluru,12.9716,77.5946
2023-06-01T23:00,22.7,88,911.8,Bengaluru,12.9716,77.5946
2023-06-02T00:00,22.4,90,911.4,Bengaluru,12.9716,77.5946
2023-06-02T01:00,22.1,91,910.8,Bengaluru,12.9716,77.5946
2023-06-02T02:00,21.8,91,910.2,Bengaluru,12.9716,77.5946
2023-06-02T03:00,21.5,93,910.2,Bengaluru,12.9716,77.5946
2023-06-02T04:00,21.1,96,910.1,Bengaluru,12.9716,77.5946
2023-06-02T05:00,20.8,96,910.7,Bengaluru,12.9716,77.5946
2023-06-02T06:00,21.4,93,911.3,Bengaluru,12.9716,77.5946
2023-06-02T07:00,22.4,90,912.3,Bengaluru,12.9716,77.5946
2023-06-02T08:00,24.3,82,913.5,Bengaluru,12.9716,77.5946
2023-06-02T09:00,26.2,72,914.1,Bengaluru,12.9716,77.5946
2023-06-02T10:00,26.3,72,913.9,Bengaluru,12.9716,77.5946
2023-06-02T11:00,27.6,66,913.9,Bengaluru,12.9716,77.5946
2023-06-02T12:00,29,59,913,Bengaluru,12.9716,77.5946
2023-06-02T13:00,29.5,55,912.2,Bengaluru,12.9716,77.5946
2023-06-02T14:00,30.3,52,911.1,Bengaluru,12.9716,77.5946
2023-06-02T15:00,30.1,52,910.8,Bengaluru,12.9716,77.5946
2023-06-02T16:00,29.2,54,910.4,Bengaluru,12.9716,77.5946
2023-06-02T17:00,28.8,59,910.7,Bengaluru,12.9716,77.5946
2023-06-02T18:00,26.9,71,910.8,Bengaluru,12.9716,77.5946
2023-06-02T19:00,25.6,72,910.8,Bengaluru,12.9716,77.5946
2023-06-02T20:00,24.9,74,911.4,Bengaluru,12.9716,77.5946
2023-06-02T21:00,24.1,76,911.4,Bengaluru,12.9716,77.5946
2023-06-02T22:00,23.8,76,911.3,Bengaluru,12.9716,77.5946
2023-06-02T23:00,23.8,76,911.3,Bengaluru,12.9716,77.5946
2023-06-03T00:00,23.2,80,911,Bengaluru,12.9716,77.5946
2023-06-03T01:00,22.2,86,910.2,Bengaluru,12.9716,77.5946
2023-06-03T02:00,21.6,90,909.8,Bengaluru,12.9716,77.5946
2023-06-03T03:00,21.3,92,909.7,Bengaluru,12.9716,77.5946
2023-06-03T04:00,21,93,910.1,Bengaluru,12.9716,77.5946
2023-06-03T05:00,20.9,96,910.6,Bengaluru,12.9716,77.5946
2023-06-03T06:00,21.8,94,911.3,Bengaluru,12.9716,77.5946
2023-06-03T07:00,23.4,88,912.5,Bengaluru,12.9716,77.5946
2023-06-03T08:00,25.1,81,913.5,Bengaluru,12.9716,77.5946
2023-06-03T09:00,26.7,75,913.9,Bengaluru,12.9716,77.5946
2023-06-03T10:00,28.3,68,914,Bengaluru,12.9716,77.5946
2023-06-03T11:00,29.4,62,913.6,Bengaluru,12.9716,77.5946
2023-06-03T12:00,30.3,57,913.1,Bengaluru,12.9716,77.5946
2023-06-03T13:00,31.2,51,912.2,Bengaluru,12.9716,77.5946
2023-06-03T14:00,31.6,48,910.9,Bengaluru,12.9716,77.5946
2023-06-03T15:00,31.1,48,910.4,Bengaluru,12.9716,77.5946
2023-06-03T16:00,29.8,50,910.1,Bengaluru,12.9716,77.5946
2023-06-03T17:00,29.8,53,910,Bengaluru,12.9716,77.5946
2023-06-03T18:00,27.7,66,909.9,Bengaluru,12.9716,77.5946
2023-06-03T19:00,25.7,67,910.1,Bengaluru,12.9716,77.5946
2023-06-03T20:00,25.9,64,911.3,Bengaluru,12.9716,77.5946
2023-06-03T21:00,24.4,70,911.7,Bengaluru,12.9716,77.5946
2023-06-03T22:00,23.4,76,911.9,Bengaluru,12.9716,77.5946
2023-06-03T23:00,23.3,78,911.8,Bengaluru,12.9716,77.5946
2023-06-04T00:00,22.7,84,911.1,Bengaluru,12.9716,77.5946
2023-06-04T01:00,22.5,90,911.2,Bengaluru,12.9716,77.5946
2023-06-04T02:00,21.9,97,910.7,Bengaluru,12.9716,77.5946
2023-06-04T03:00,21.9,98,910.7,Bengaluru,12.9716,77.5946
2023-06-04T04:00,21.7,98,911.1,Bengaluru,12.9716,77.5946
2023-06-04T05:00,21.2,97,910.3,Bengaluru,12.9716,77.5946
2023-06-04T06:00,21.8,95,911.3,Bengaluru,12.9716,77.5946
2023-06-04T07:00,23.3,87,912.9,Bengaluru,12.9716,77.5946
2023-06-04T08:00,24.6,78,913.7,Bengaluru,12.9716,77.5946
2023-06-04T09:00,26.2,70,914.1,Bengaluru,12.9716,77.5946
2023-06-04T10:00,27.8,62,914.1,Bengaluru,12.9716,77.5946
2023-06-04T11:00,28.8,58,913.9,Bengaluru,12.9716,77.5946
2023-06-04T12:00,29.6,56,913.2,Bengaluru,12.9716,77.5946
2023-06-04T13:00,30,54,912.3,Bengaluru,12.9716,77.5946
2023-06-04T14:00,28.1,59,911.6,Bengaluru,12.9716,77.5946
2023-06-04T15:00,29.3,57,910.5,Bengaluru,12.9716,77.5946
2023-06-04T16:00,29.8,54,909.8,Bengaluru,12.9716,77.5946
2023-06-04T17:00,28.4,58,909.6,Bengaluru,12.9716,77.5946
2023-06-04T18:00,26.2,69,909.5,Bengaluru,12.9716,77.5946
2023-06-04T19:00,24.3,76,910,Bengaluru,12.9716,77.5946
2023-06-04T20:00,23.2,81,910.5,Bengaluru,12.9716,77.5946
2023-06-04T21:00,22.8,82,911.3,Bengaluru,12.9716,77.5946
2023-06-04T22:00,22.8,79,911.4,Bengaluru,12.9716,77.5946
2023-06-04T23:00,22.8,80,911.4,Bengaluru,12.9716,77.5946
2023-06-05T00:00,22.5,82,910.9,Bengaluru,12.9716,77.5946
2023-06-05T01:00,22.6,82,910.6,Bengaluru,12.9716,77.5946
2023-06-05T02:00,22.1,84,909.8,Bengaluru,12.9716,77.5946
2023-06-05T03:00,21.3,87,909.5,Bengaluru,12.9716,77.5946
2023-06-05T04:00,21,91,909.6,Bengaluru,12.9716,77.5946
2023-06-05T05:00,21,94,910,Bengaluru,12.9716,77.5946
2023-06-05T06:00,21.6,93,910.7,Bengaluru,12.9716,77.5946
2023-06-05T07:00,22.8,89,911.7,Bengaluru,12.9716,77.5946
2023-06-05T08:00,24.5,78,912.5,Bengaluru,12.9716,77.5946
2023-06-05T09:00,26.4,69,912.7,Bengaluru,12.9716,77.5946
2023-06-05T10:00,27.9,62,912.7,Bengaluru,12.9716,77.5946
2023-06-05T11:00,29.3,57,912.6,Bengaluru,12.9716,77.5946
2023-06-05T12:00,30.1,56,912.1,Bengaluru,12.9716,77.5946
2023-06-05T13:00,30.7,53,911.4,Bengaluru,12.9716,77.5946
2023-06-05T14:00,30.8,50,910.5,Bengaluru,12.9716,77.5946
2023-06-05T15:00,29.3,53,909.3,Bengaluru,12.9716,77.5946
2023-06-05T16:00,29.2,53,909.1,Bengaluru,12.9716,77.5946
2023-06-05T17:00,29.6,51,909.7,Bengaluru,12.9716,77.5946
2023-06-05T18:00,27.1,65,909.3,Bengaluru,12.9716,77.5946
2023-06-05T19:00,26.5,59,909.7,Bengaluru,12.9716,77.5946
2023-06-05T20:00,26.2,59,910.7,Bengaluru,12.9716,77.5946
2023-06-05T21:00,25,65,911.4,Bengaluru,12.9716,77.5946
2023-06-05T22:00,24.4,73,911.9,Bengaluru,12.9716,77.5946
2023-06-05T23:00,23.5,79,911.7,Bengaluru,12.9716,77.5946
2023-06-06T00:00,22.9,83,911.1,Bengaluru,12.9716,77.5946
2023-06-06T01:00,22.4,86,910.5,Bengaluru,12.9716,77.5946
2023-06-06T02:00,22.2,87,910.2,Bengaluru,12.9716,77.5946
2023-06-06T03:00,21.7,90,909.9,Bengaluru,12.9716,77.5946
2023-06-06T04:00,21.3,93,909.7,Bengaluru,12.9716,77.5946
2023-06-06T05:00,21.6,92,910.5,Bengaluru,12.9716,77.5946
2023-06-06T06:00,22,88,911,Bengaluru,12.9716,77.5946
2023-06-06T07:00,23.3,82,911.8,Bengaluru,12.9716,77.5946
2023-06-06T08:00,25.4,71,912.4,Bengaluru,12.9716,77.5946
2023-06-06T09:00,27,65,912.6,Bengaluru,12.9716,77.5946
2023-06-06T10:00,28.5,61,912.6,Bengaluru,12.9716,77.5946
2023-06-06T11:00,29.7,54,912.4,Bengaluru,12.9716,77.5946
2023-06-06T12:00,30.4,50,911.8,Bengaluru,12.9716,77.5946
2023-06-06T13:00,31.1,47,911.1,Bengaluru,12.9716,77.5946
2023-06-06T14:00,31.1,46,910,Bengaluru,12.9716,77.5946
2023-06-06T15:00,31.3,46,909.3,Bengaluru,12.9716,77.5946
2023-06-06T16:00,31.2,46,908.8,Bengaluru,12.9716,77.5946
2023-06-06T17:00,30.1,51,908.8,Bengaluru,12.9716,77.5946
2023-06-06T18:00,27.7,60,909,Bengaluru,12.9716,77.5946
2023-06-06T19:00,26.5,64,909.3,Bengaluru,12.9716,77.5946
2023-06-06T20:00,26.3,64,910.2,Bengaluru,12.9716,77.5946
2023-06-06T21:00,25.2,68,911.1,Bengaluru,12.9716,77.5946
2023-06-06T22:00,24.5,71,911.5,Bengaluru,12.9716,77.5946
2023-06-06T23:00,24.3,74,911.2,Bengaluru,12.9716,77.5946
2023-06-07T00:00,23.6,81,910.5,Bengaluru,12.9716,77.5946
2023-06-07T01:00,22.7,86,910,Bengaluru,12.9716,77.5946
2023-06-07T02:00,22.1,90,909.7,Bengaluru,12.9716,77.5946
2023-06-07T03:00,21.6,93,909.3,Bengaluru,12.9716,77.5946
2023-06-07T04:00,21.2,95,909.1,Bengaluru,12.9716,77.5946
2023-06-07T05:00,21.6,98,909.6,Bengaluru,12.9716,77.5946
2023-06-07T06:00,21.9,96,910.2,Bengaluru,12.9716,77.5946
2023-06-07T07:00,23.5,86,911.2,Bengaluru,12.9716,77.5946
2023-06-07T08:00,25.4,77,911.8,Bengaluru,12.9716,77.5946
2023-06-07T09:00,27.2,70,912.6,Bengaluru,12.9716,77.5946
2023-06-07T10:00,28.8,59,912.6,Bengaluru,12.9716,77.5946
2023-06-07T11:00,30,53,912.5,Bengaluru,12.9716,77.5946
2023-06-07T12:00,30.7,50,911.5,Bengaluru,12.9716,77.5946
2023-06-07T13:00,31.2,47,910.8,Bengaluru,12.9716,77.5946
2023-06-07T14:00,31.5,45,909.8,Bengaluru,12.9716,77.5946
2023-06-07T15:00,31.6,46,908.9,Bengaluru,12.9716,77.5946
2023-06-07T16:00,31.2,46,908.2,Bengaluru,12.9716,77.5946
2023-06-07T17:00,29.4,51,909.3,Bengaluru,12.9716,77.5946
2023-06-07T18:00,27.7,56,909.3,Bengaluru,12.9716,77.5946
2023-06-07T19:00,26.4,61,910.3,Bengaluru,12.9716,77.5946
2023-06-07T20:00,25.1,69,911.1,Bengaluru,12.9716,77.5946
2023-06-07T21:00,24.3,74,912.1,Bengaluru,12.9716,77.5946
2023-06-07T22:00,24.1,77,912.4,Bengaluru,12.9716,77.5946
2023-06-07T23:00,23.5,81,912.5,Bengaluru,12.9716,77.5946
2023-06-08T00:00,23,83,911.8,Bengaluru,12.9716,77.5946
2023-06-08T01:00,22.4,86,910.8,Bengaluru,12.9716,77.5946
2023-06-08T02:00,22,89,910.3,Bengaluru,12.9716,77.5946
2023-06-08T03:00,21.5,92,910,Bengaluru,12.9716,77.5946
2023-06-08T04:00,21,94,909.8,Bengaluru,12.9716,77.5946
2023-06-08T05:00,20.6,94,910.9,Bengaluru,12.9716,77.5946
2023-06-08T06:00,21.1,92,911.3,Bengaluru,12.9716,77.5946
2023-06-08T07:00,22.7,84,912,Bengaluru,12.9716,77.5946
2023-06-08T08:00,24.5,77,912.5,Bengaluru,12.9716,77.5946
2023-06-08T09:00,26.5,67,912.7,Bengaluru,12.9716,77.5946
2023-06-08T10:00,28.4,58,912.9,Bengaluru,12.9716,77.5946
2023-06-08T11:00,29.7,52,912.4,Bengaluru,12.9716,77.5946
2023-06-08T12:00,31,48,911.8,Bengaluru,12.9716,77.5946
2023-06-08T13:00,31.5,45,911.2,Bengaluru,12.9716,77.5946
2023-06-08T14:00,31.6,43,910.2,Bengaluru,12.9716,77.5946
2023-06-08T15:00,31.5,43,909.6,Bengaluru,12.9716,77.5946
2023-06-08T16:00,30.9,43,909.1,Bengaluru,12.9716,77.5946
2023-06-08T17:00,30,45,908.9,Bengaluru,12.9716,77.5946
2023-06-08T18:00,28.2,53,909.3,Bengaluru,12.9716,77.5946
2023-06-08T19:00,26.9,58,910.2,Bengaluru,12.9716,77.5946
2023-06-08T20:00,25.8,64,911.1,Bengaluru,12.9716,77.5946
2023-06-08T21:00,25.3,67,911.4,Bengaluru,12.9716,77.5946
2023-06-08T22:00,24.4,73,911.5,Bengaluru,12.9716,77.5946
2023-06-08T23:00,23.4,79,911,Bengaluru,12.9716,77.5946
2023-06-09T00:00,22.7,83,910.3,Bengaluru,12.9716,77.5946
2023-06-09T01:00,22,87,909.2,Bengaluru,12.9716,77.5946
2023-06-09T02:00,21.6,90,909.2,Bengaluru,12.9716,77.5946
2023-06-09T03:00,21,93,909,Bengaluru,12.9716,77.5946
2023-06-09T04:00,20.6,95,908.5,Bengaluru,12.9716,77.5946
2023-06-09T05:00,20.3,96,908.8,Bengaluru,12.9716,77.5946
2023-06-09T06:00,21.3,92,910.2,Bengaluru,12.9716,77.5946
2023-06-09T07:00,22.9,83,911.3,Bengaluru,12.9716,77.5946
2023-06-09T08:00,24.6,74,912.1,Bengaluru,12.9716,77.5946
2023-06-09T09:00,26.3,67,911.8,Bengaluru,12.9716,77.5946
2023-06-09T10:00,28.4,60,911.4,Bengaluru,12.9716,77.5946
2023-06-09T11:00,30.1,54,911,Bengaluru,12.9716,77.5946
2023-06-09T12:00,29.2,58,910.8,Bengaluru,12.9716,77.5946
2023-06-09T13:00,30.5,51,909.8,Bengaluru,12.9716,77.5946
2023-06-09T14:00,31.4,48,908.6,Bengaluru,12.9716,77.5946
2023-06-09T15:00,27.6,61,908.4,Bengaluru,12.9716,77.5946
2023-06-09T16:00,29,55,908.2,Bengaluru,12.9716,77.5946
2023-06-09T17:00,24.5,77,908.8,Bengaluru,12.9716,77.5946
2023-06-09T18:00,26.4,61,908.5,Bengaluru,12.9716,77.5946
2023-06-09T19:00,25.8,63,909.4,Bengaluru,12.9716,77.5946
2023-06-09T20:00,24.6,69,910.4,Bengaluru,12.9716,77.5946
2023-06-09T21:00,23.8,75,910.2,Bengaluru,12.9716,77.5946
2023-06-09T22:00,23.2,79,909.8,Bengaluru,12.9716,77.5946
2023-06-09T23:00,22.4,83,909.7,Bengaluru,12.9716,77.5946
2023-06-10T00:00,21.9,85,909.5,Bengaluru,12.9716,77.5946
2023-06-10T01:00,21.3,88,909.2,Bengaluru,12.9716,77.5946
2023-06-10T02:00,21,90,908.5,Bengaluru,12.9716,77.5946
2023-06-10T03:00,20.5,93,907.9,Bengaluru,12.9716,77.5946
2023-06-10T04:00,20.1,95,908,Bengaluru,12.9716,77.5946
2023-06-10T05:00,21.3,91,909.2,Bengaluru,12.9716,77.5946
2023-06-10T06:00,21.7,90,909.5,Bengaluru,12.9716,77.5946
2023-06-10T07:00,22.9,83,910.3,Bengaluru,12.9716,77.5946
2023-06-10T08:00,24,80,910.7,Bengaluru,12.9716,77.5946
2023-06-10T09:00,25.6,73,911,Bengaluru,12.9716,77.5946
2023-06-10T10:00,27.4,64,911,Bengaluru,12.9716,77.5946
2023-06-10T11:00,28.4,60,910.9,Bengaluru,12.9716,77.5946
2023-06-10T12:00,29.6,53,910.2,Bengaluru,12.9716,77.5946
2023-06-10T13:00,30.8,50,909.7,Bengaluru,12.9716,77.5946
2023-06-10T14:00,28.1,57,909.2,Bengaluru,12.9716,77.5946
2023-06-10T15:00,28.2,62,908.3,Bengaluru,12.9716,77.5946
2023-06-10T16:00,28.3,57,907.9,Bengaluru,12.9716,77.5946
2023-06-10T17:00,26.5,65,908.6,Bengaluru,12.9716,77.5946
2023-06-10T18:00,25.4,70,909.1,Bengaluru,12.9716,77.5946
2023-06-10T19:00,25.1,67,909.4,Bengaluru,12.9716,77.5946
2023-06-10T20:00,24.4,70,910.3,Bengaluru,12.9716,77.5946
2023-06-10T21:00,23.6,73,910.6,Bengaluru,12.9716,77.5946
2023-06-10T22:00,23,77,910.4,Bengaluru,12.9716,77.5946
2023-06-10T23:00,22.3,81,909.7,Bengaluru,12.9716,77.5946
2023-06-11T00:00,21.6,85,908.9,Bengaluru,12.9716,77.5946
2023-06-11T01:00,21.2,88,908.6,Bengaluru,12.9716,77.5946
2023-06-11T02:00,20.9,90,908.3,Bengaluru,12.9716,77.5946
2023-06-11T03:00,20.7,91,908.3,Bengaluru,12.9716,77.5946
2023-06-11T04:00,20.6,92,908,Bengaluru,12.9716,77.5946
2023-06-11T05:00,21.3,89,908.8,Bengaluru,12.9716,77.5946
2023-06-11T06:00,21.8,88,909.6,Bengaluru,12.9716,77.5946
2023-06-11T07:00,23.6,80,910.6,Bengaluru,12.9716,77.5946
2023-06-11T08:00,24.5,76,911.1,Bengaluru,12.9716,77.5946
2023-06-11T09:00,25.8,69,911.4,Bengaluru,12.9716,77.5946
2023-06-11T10:00,27.9,60,911.5,Bengaluru,12.9716,77.5946
2023-06-11T11:00,28.7,58,911,Bengaluru,12.9716,77.5946
2023-06-11T12:00,29.7,55,909.9,Bengaluru,12.9716,77.5946
2023-06-11T13:00,30.4,52,909.1,Bengaluru,12.9716,77.5946
2023-06-11T14:00,30.8,49,908.5,Bengaluru,12.9716,77.5946
2023-06-11T15:00,29.9,49,907.8,Bengaluru,12.9716,77.5946
2023-06-11T16:00,28.7,54,907.5,Bengaluru,12.9716,77.5946
2023-06-11T17:00,27.1,62,908.7,Bengaluru,12.9716,77.5946
2023-06-11T18:00,25.5,69,908.9,Bengaluru,12.9716,77.5946
2023-06-11T19:00,24.3,74,909.2,Bengaluru,12.9716,77.5946
2023-06-11T20:00,24,75,909.8,Bengaluru,12.9716,77.5946
2023-06-11T21:00,23.8,75,909.9,Bengaluru,12.9716,77.5946
2023-06-11T22:00,23.3,78,909.9,Bengaluru,12.9716,77.5946
2023-06-11T23:00,22.5,83,909.8,Bengaluru,12.9716,77.5946
2023-06-12T00:00,21.9,86,909.3,Bengaluru,12.9716,77.5946
2023-06-12T01:00,21.3,90,908.5,Bengaluru,12.9716,77.5946
2023-06-12T02:00,20.8,93,908.1,Bengaluru,12.9716,77.5946
2023-06-12T03:00,20.5,96,908,Bengaluru,12.9716,77.5946
2023-06-12T04:00,20.3,98,908.1,Bengaluru,12.9716,77.5946
2023-06-12T05:00,20.7,98,908.5,Bengaluru,12.9716,77.5946
2023-06-12T06:00,21.3,95,909,Bengaluru,12.9716,77.5946
2023-06-12T07:00,22.7,87,909.9,Bengaluru,12.9716,77.5946
2023-06-12T08:00,24.5,77,910.5,Bengaluru,12.9716,77.5946
2023-06-12T09:00,26.5,66,910.9,Bengaluru,12.9716,77.5946
2023-06-12T10:00,26.9,64,910.8,Bengaluru,12.9716,77.5946
2023-06-12T11:00,28.3,59,910.6,Bengaluru,12.9716,77.5946
2023-06-12T12:00,29.4,56,909.9,Bengaluru,12.9716,77.5946
2023-06-12T13:00,30.2,54,909.4,Bengaluru,12.9716,77.5946
2023-06-12T14:00,30.5,54,908.8,Bengaluru,12.9716,77.5946
2023-06-12T15:00,30.1,55,908,Bengaluru,12.9716,77.5946
2023-06-12T16:00,24.5,81,908.2,Bengaluru,12.9716,77.5946
2023-06-12T17:00,26.4,65,908.3,Bengaluru,12.9716,77.5946
2023-06-12T18:00,25,73,908.5,Bengaluru,12.9716,77.5946
2023-06-12T19:00,24.3,77,909.2,Bengaluru,12.9716,77.5946
2023-06-12T20:00,24.4,74,909.9,Bengaluru,12.9716,77.5946
2023-06-12T21:00,24,76,910.4,Bengaluru,12.9716,77.5946
2023-06-12T22:00,23.4,81,910.6,Bengaluru,12.9716,77.5946
2023-06-12T23:00,22.6,86,910.5,Bengaluru,12.9716,77.5946
2023-06-13T00:00,22,90,909.9,Bengaluru,12.9716,77.5946
2023-06-13T01:00,21.7,91,909.1,Bengaluru,12.9716,77.5946
2023-06-13T02:00,21.1,94,908.6,Bengaluru,12.9716,77.5946
2023-06-13T03:00,20.7,96,908.6,Bengaluru,12.9716,77.5946
2023-06-13T04:00,20.4,98,908.6,Bengaluru,12.9716,77.5946
2023-06-13T05:00,20.1,98,908.5,Bengaluru,12.9716,77.5946
2023-06-13T06:00,20.5,96,909,Bengaluru,12.9716,77.5946
2023-06-13T07:00,22.1,88,910.2,Bengaluru,12.9716,77.5946
2023-06-13T08:00,24,77,911.6,Bengaluru,12.9716,77.5946
2023-06-13T09:00,26,66,911.9,Bengaluru,12.9716,77.5946
2023-06-13T10:00,27.6,59,911.4,Bengaluru,12.9716,77.5946
2023-06-13T11:00,29.2,52,911,Bengaluru,12.9716,77.5946
2023-06-13T12:00,29.9,51,910.7,Bengaluru,12.9716,77.5946
2023-06-13T13:00,30.3,49,910,Bengaluru,12.9716,77.5946
2023-06-13T14:00,30.6,49,909.4,Bengaluru,12.9716,77.5946
2023-06-13T15:00,30.8,49,908.7,Bengaluru,12.9716,77.5946
2023-06-13T16:00,30.1,47,908.1,Bengaluru,12.9716,77.5946
2023-06-13T17:00,26.8,61,909.1,Bengaluru,12.9716,77.5946
2023-06-13T18:00,23.5,80,909.5,Bengaluru,12.9716,77.5946
2023-06-13T19:00,23.1,85,909.8,Bengaluru,12.9716,77.5946
2023-06-13T20:00,22.6,88,910.5,Bengaluru,12.9716,77.5946
2023-06-13T21:00,22.4,89,910.8,Bengaluru,12.9716,77.5946
2023-06-13T22:00,22.2,90,911.1,Bengaluru,12.9716,77.5946
2023-06-13T23:00,21.9,89,910.9,Bengaluru,12.9716,77.5946
2023-06-14T00:00,21.4,90,910.5,Bengaluru,12.9716,77.5946
2023-06-14T01:00,20.9,92,910.2,Bengaluru,12.9716,77.5946
2023-06-14T02:00,20.5,94,910,Bengaluru,12.9716,77.5946
2023-06-14T03:00,20.2,95,910.1,Bengaluru,12.9716,77.5946
2023-06-14T04:00,20,97,910,Bengaluru,12.9716,77.5946
2023-06-14T05:00,20,97,910.1,Bengaluru,12.9716,77.5946
2023-06-14T06:00,20.6,96,910.7,Bengaluru,12.9716,77.5946
2023-06-14T07:00,22.7,84,911.9,Bengaluru,12.9716,77.5946
2023-06-14T08:00,24,77,912.5,Bengaluru,12.9716,77.5946
2023-06-14T09:00,26.1,67,913.2,Bengaluru,12.9716,77.5946
2023-06-14T10:00,27.7,61,913.4,Bengaluru,12.9716,77.5946
2023-06-14T11:00,29.1,54,913,Bengaluru,12.9716,77.5946
2023-06-14T12:00,29.9,51,912.4,Bengaluru,12.9716,77.5946
2023-06-14T13:00,30.7,49,911.9,Bengaluru,12.9716,77.5946
2023-06-14T14:00,30.5,48,911.3,Bengaluru,12.9716,77.5946
2023-06-14T15:00,29,53,910.6,Bengaluru,12.9716,77.5946
2023-06-14T16:00,27.6,63,910.5,Bengaluru,12.9716,77.5946
2023-06-14T17:00,27.1,60,910.7,Bengaluru,12.9716,77.5946
2023-06-14T18:00,26.1,64,910.7,Bengaluru,12.9716,77.5946
2023-06-14T19:00,25.2,66,911.1,Bengaluru,12.9716,77.5946
2023-06-14T20:00,24.7,70,911.7,Bengaluru,12.9716,77.5946
2023-06-14T21:00,24,72,912.3,Bengaluru,12.9716,77.5946
2023-06-14T22:00,23.3,75,912.6,Bengaluru,12.9716,77.5946
2023-06-14T23:00,22.5,80,912.3,Bengaluru,12.9716,77.5946
2023-06-15T00:00,21.6,84,911.2,Bengaluru,12.9716,77.5946
2023-06-15T01:00,21.2,88,910.7,Bengaluru,12.9716,77.5946
2023-06-15T02:00,20.7,92,910.4,Bengaluru,12.9716,77.5946
2023-06-15T03:00,20.2,96,910.4,Bengaluru,12.9716,77.5946
2023-06-15T04:00,19.9,97,910.3,Bengaluru,12.9716,77.5946
2023-06-15T05:00,20.2,97,910.7,Bengaluru,12.9716,77.5946
2023-06-15T06:00,20.7,95,911.3,Bengaluru,12.9716,77.5946
2023-06-15T07:00,22.5,85,912.4,Bengaluru,12.9716,77.5946
2023-06-15T08:00,24.4,75,913.1,Bengaluru,12.9716,77.5946
2023-06-15T09:00,26,66,913.7,Bengaluru,12.9716,77.5946
2023-06-15T10:00,27.7,57,913.7,Bengaluru,12.9716,77.5946
2023-06-15T11:00,29,52,913.2,Bengaluru,12.9716,77.5946
2023-06-15T12:00,30,49,912.4,Bengaluru,12.9716,77.5946
2023-06-15T13:00,30.8,45,911.5,Bengaluru,12.9716,77.5946
2023-06-15T14:00,31.6,41,910.8,Bengaluru,12.9716,77.5946
2023-06-15T15:00,31.6,39,910.1,Bengaluru,12.9716,77.5946
2023-06-15T16:00,31.2,39,909.9,Bengaluru,12.9716,77.5946
2023-06-15T17:00,29.7,47,910.4,Bengaluru,12.9716,77.5946
2023-06-15T18:00,27.6,57,910.2,Bengaluru,12.9716,77.5946
2023-06-15T19:00,26.1,59,910.5,Bengaluru,12.9716,77.5946
2023-06-15T20:00,26.2,57,911.7,Bengaluru,12.9716,77.5946
2023-06-15T21:00,25,66,911.9,Bengaluru,12.9716,77.5946
2023-06-15T22:00,24.2,74,912,Bengaluru,12.9716,77.5946
2023-06-15T23:00,23.6,78,912.3,Bengaluru,12.9716,77.5946
2023-06-16T00:00,22.8,82,911.4,Bengaluru,12.9716,77.5946
2023-06-16T01:00,22.2,85,910.5,Bengaluru,12.9716,77.5946
2023-06-16T02:00,21.7,88,910,Bengaluru,12.9716,77.5946
2023-06-16T03:00,21.2,92,909.6,Bengaluru,12.9716,77.5946
2023-06-16T04:00,20.8,94,909.7,Bengaluru,12.9716,77.5946
2023-06-16T05:00,21.1,95,910.1,Bengaluru,12.9716,77.5946
2023-06-16T06:00,21.6,93,910.6,Bengaluru,12.9716,77.5946
2023-06-16T07:00,23,84,911.8,Bengaluru,12.9716,77.5946
2023-06-16T08:00,24.6,76,912.7,Bengaluru,12.9716,77.5946
2023-06-16T09:00,26.4,67,912.9,Bengaluru,12.9716,77.5946
2023-06-16T10:00,28.3,55,912.7,Bengaluru,12.9716,77.5946
2023-06-16T11:00,29.7,48,912.1,Bengaluru,12.9716,77.5946
2023-06-16T12:00,30.6,44,911.2,Bengaluru,12.9716,77.5946
2023-06-16T13:00,31.5,40,910.4,Bengaluru,12.9716,77.5946
2023-06-16T14:00,32,37,909.7,Bengaluru,12.9716,77.5946
2023-06-16T15:00,31.9,35,909,Bengaluru,12.9716,77.5946
2023-06-16T16:00,32,33,908.7,Bengaluru,12.9716,77.5946
2023-06-16T17:00,30.3,40,909,Bengaluru,12.9716,77.5946
2023-06-16T18:00,28,49,908.7,Bengaluru,12.9716,77.5946
2023-06-16T19:00,27,49,909.9,Bengaluru,12.9716,77.5946
2023-06-16T20:00,26.2,59,911.6,Bengaluru,12.9716,77.5946
2023-06-16T21:00,24.8,69,911.9,Bengaluru,12.9716,77.5946
2023-06-16T22:00,24,74,911.9,Bengaluru,12.9716,77.5946
2023-06-16T23:00,23.2,77,911.7,Bengaluru,12.9716,77.5946
2023-06-17T00:00,22.4,82,911,Bengaluru,12.9716,77.5946
2023-06-17T01:00,21.5,87,910.4,Bengaluru,12.9716,77.5946
2023-06-17T02:00,20.9,91,909.7,Bengaluru,12.9716,77.5946
2023-06-17T03:00,20.4,93,909.4,Bengaluru,12.9716,77.5946
2023-06-17T04:00,19.9,95,909.4,Bengaluru,12.9716,77.5946
2023-06-17T05:00,20.2,96,909.8,Bengaluru,12.9716,77.5946
2023-06-17T06:00,20.9,92,910.7,Bengaluru,12.9716,77.5946
2023-06-17T07:00,22.6,83,911.4,Bengaluru,12.9716,77.5946
2023-06-17T08:00,24.5,73,911.9,Bengaluru,12.9716,77.5946
2023-06-17T09:00,26.7,61,912.4,Bengaluru,12.9716,77.5946
2023-06-17T10:00,28.6,53,912.5,Bengaluru,12.9716,77.5946
2023-06-17T11:00,29.4,50,912.5,Bengaluru,12.9716,77.5946
2023-06-17T12:00,30.2,49,912.1,Bengaluru,12.9716,77.5946
2023-06-17T13:00,30.5,47,911,Bengaluru,12.9716,77.5946
2023-06-17T14:00,31.4,44,910.2,Bengaluru,12.9716,77.5946
2023-06-17T15:00,30.5,45,909.4,Bengaluru,12.9716,77.5946
2023-06-17T16:00,30.2,45,908.9,Bengaluru,12.9716,77.5946
2023-06-17T17:00,28.8,48,909.7,Bengaluru,12.9716,77.5946
2023-06-17T18:00,27.1,53,910.4,Bengaluru,12.9716,77.5946
2023-06-17T19:00,25,63,910.7,Bengaluru,12.9716,77.5946
2023-06-17T20:00,24.8,66,911.2,Bengaluru,12.9716,77.5946
2023-06-17T21:00,24.3,69,911.9,Bengaluru,12.9716,77.5946
2023-06-17T22:00,23,79,912,Bengaluru,12.9716,77.5946
2023-06-17T23:00,22.8,81,911.7,Bengaluru,12.9716,77.5946
2023-06-18T00:00,22.5,82,911.1,Bengaluru,12.9716,77.5946
2023-06-18T01:00,22.1,85,910.7,Bengaluru,12.9716,77.5946
2023-06-18T02:00,21.7,88,910.2,Bengaluru,12.9716,77.5946
2023-06-18T03:00,21.3,90,909.8,Bengaluru,12.9716,77.5946
2023-06-18T04:00,21.3,89,910.1,Bengaluru,12.9716,77.5946
2023-06-18T05:00,21.2,93,910.1,Bengaluru,12.9716,77.5946
2023-06-18T06:00,21.6,90,910.7,Bengaluru,12.9716,77.5946
2023-06-18T07:00,22.5,85,911.4,Bengaluru,12.9716,77.5946
2023-06-18T08:00,24.4,74,912.1,Bengaluru,12.9716,77.5946
2023-06-18T09:00,26,65,912.3,Bengaluru,12.9716,77.5946
2023-06-18T10:00,27.7,59,912.6,Bengaluru,12.9716,77.5946
2023-06-18T11:00,27.6,59,912.2,Bengaluru,12.9716,77.5946
2023-06-18T12:00,28.8,57,911.6,Bengaluru,12.9716,77.5946
2023-06-18T13:00,30.3,50,910.7,Bengaluru,12.9716,77.5946
2023-06-18T14:00,30.8,46,909.9,Bengaluru,12.9716,77.5946
2023-06-18T15:00,30.3,46,908.9,Bengaluru,12.9716,77.5946
2023-06-18T16:00,28.9,51,908.9,Bengaluru,12.9716,77.5946
2023-06-18T17:00,25.7,68,909.2,Bengaluru,12.9716,77.5946
2023-06-18T18:00,24.4,74,909.5,Bengaluru,12.9716,77.5946
2023-06-18T19:00,24.2,75,910,Bengaluru,12.9716,77.5946
2023-06-18T20:00,23.6,76,910.7,Bengaluru,12.9716,77.5946
2023-06-18T21:00,23.2,78,911,Bengaluru,12.9716,77.5946
2023-06-18T22:00,22.8,81,911.2,Bengaluru,12.9716,77.5946
2023-06-18T23:00,22.6,85,910.9,Bengaluru,12.9716,77.5946
2023-06-19T00:00,22.4,87,910.3,Bengaluru,12.9716,77.5946
2023-06-19T01:00,22.2,87,909.6,Bengaluru,12.9716,77.5946
2023-06-19T02:00,21.6,89,909,Bengaluru,12.9716,77.5946
2023-06-19T03:00,21.3,89,908.7,Bengaluru,12.9716,77.5946
2023-06-19T04:00,21.1,89,908.9,Bengaluru,12.9716,77.5946
2023-06-19T05:00,20.5,94,908.8,Bengaluru,12.9716,77.5946
2023-06-19T06:00,21.2,90,909.3,Bengaluru,12.9716,77.5946
2023-06-19T07:00,22.7,83,910.4,Bengaluru,12.9716,77.5946
2023-06-19T08:00,24.1,74,911.1,Bengaluru,12.9716,77.5946
2023-06-19T09:00,25.2,68,911.3,Bengaluru,12.9716,77.5946
2023-06-19T10:00,25.7,66,911.3,Bengaluru,12.9716,77.5946
2023-06-19T11:00,26.8,63,911.3,Bengaluru,12.9716,77.5946
2023-06-19T12:00,27.5,60,910.6,Bengaluru,12.9716,77.5946
2023-06-19T13:00,28.1,57,909.8,Bengaluru,12.9716,77.5946
2023-06-19T14:00,28.4,57,908.6,Bengaluru,12.9716,77.5946
2023-06-19T15:00,27.9,60,907.7,Bengaluru,12.9716,77.5946
2023-06-19T16:00,25.3,75,907.3,Bengaluru,12.9716,77.5946
2023-06-19T17:00,27.1,64,907.8,Bengaluru,12.9716,77.5946
2023-06-19T18:00,25.5,73,908.1,Bengaluru,12.9716,77.5946
2023-06-19T19:00,24.3,81,908.7,Bengaluru,12.9716,77.5946
2023-06-19T20:00,22.9,86,908.9,Bengaluru,12.9716,77.5946
2023-06-19T21:00,22.4,90,909.5,Bengaluru,12.9716,77.5946
2023-06-19T22:00,22.1,92,909.5,Bengaluru,12.9716,77.5946
2023-06-19T23:00,22,93,909.3,Bengaluru,12.9716,77.5946
2023-06-20T00:00,22,95,908.7,Bengaluru,12.9716,77.5946
2023-06-20T01:00,21.8,96,908.1,Bengaluru,12.9716,77.5946
2023-06-20T02:00,21.7,96,907.7,Bengaluru,12.9716,77.5946
2023-06-20T03:00,21.6,95,907.7,Bengaluru,12.9716,77.5946
2023-06-20T04:00,21.4,96,907.5,Bengaluru,12.9716,77.5946
2023-06-20T05:00,22.1,95,907.9,Bengaluru,12.9716,77.5946
2023-06-20T06:00,22.3,93,908.9,Bengaluru,12.9716,77.5946
2023-06-20T07:00,21.7,96,910,Bengaluru,12.9716,77.5946
2023-06-20T08:00,22,92,910.5,Bengaluru,12.9716,77.5946
2023-06-20T09:00,21.8,93,910.9,Bengaluru,12.9716,77.5946
2023-06-20T10:00,21.7,95,910.3,Bengaluru,12.9716,77.5946
2023-06-20T11:00,22.9,87,910.3,Bengaluru,12.9716,77.5946
2023-06-20T12:00,23,87,909.5,Bengaluru,12.9716,77.5946
2023-06-20T13:00,24.2,83,908.8,Bengaluru,12.9716,77.5946
2023-06-20T14:00,24.6,80,908.1,Bengaluru,12.9716,77.5946
2023-06-20T15:00,25.9,73,907.5,Bengaluru,12.9716,77.5946
2023-06-20T16:00,26.3,70,907.2,Bengaluru,12.9716,77.5946
2023-06-20T17:00,25.4,74,908.1,Bengaluru,12.9716,77.5946
2023-06-20T18:00,24.4,79,908.3,Bengaluru,12.9716,77.5946
2023-06-20T19:00,23.3,86,908.4,Bengaluru,12.9716,77.5946
2023-06-20T20:00,22.9,90,909.3,Bengaluru,12.9716,77.5946
2023-06-20T21:00,22.4,92,909.4,Bengaluru,12.9716,77.5946
2023-06-20T22:00,21.9,93,909.5,Bengaluru,12.9716,77.5946
2023-06-20T23:00,21.5,95,909.5,Bengaluru,12.9716,77.5946
2023-06-21T00:00,21.3,97,909.2,Bengaluru,12.9716,77.5946
2023-06-21T01:00,21.1,98,908.6,Bengaluru,12.9716,77.5946
2023-06-21T02:00,20.9,98,908.3,Bengaluru,12.9716,77.5946
2023-06-21T03:00,20.7,98,907.7,Bengaluru,12.9716,77.5946
2023-06-21T04:00,20.3,99,907.6,Bengaluru,12.9716,77.5946
2023-06-21T05:00,20.9,98,907.9,Bengaluru,12.9716,77.5946
2023-06-21T06:00,21.3,96,909.1,Bengaluru,12.9716,77.5946
2023-06-21T07:00,22.8,87,910,Bengaluru,12.9716,77.5946
2023-06-21T08:00,24.6,78,910.5,Bengaluru,12.9716,77.5946
2023-06-21T09:00,26,72,911,Bengaluru,12.9716,77.5946
2023-06-21T10:00,27.2,67,911,Bengaluru,12.9716,77.5946
2023-06-21T11:00,28.1,64,910.9,Bengaluru,12.9716,77.5946
2023-06-21T12:00,28.8,61,910.2,Bengaluru,12.9716,77.5946
2023-06-21T13:00,29.2,58,909,Bengaluru,12.9716,77.5946
2023-06-21T14:00,29.4,55,908.2,Bengaluru,12.9716,77.5946
2023-06-21T15:00,28.7,58,907.6,Bengaluru,12.9716,77.5946
2023-06-21T16:00,25.8,73,907.8,Bengaluru,12.9716,77.5946
2023-06-21T17:00,25.6,74,908.7,Bengaluru,12.9716,77.5946
2023-06-21T18:00,22.5,87,909.4,Bengaluru,12.9716,77.5946
2023-06-21T19:00,22.2,90,910,Bengaluru,12.9716,77.5946
2023-06-21T20:00,22,92,910.7,Bengaluru,12.9716,77.5946
2023-06-21T21:00,21.8,93,910.7,Bengaluru,12.9716,77.5946
2023-06-21T22:00,21.5,94,910.4,Bengaluru,12.9716,77.5946
2023-06-21T23:00,21.3,96,910,Bengaluru,12.9716,77.5946
2023-06-22T00:00,21.2,97,909.7,Bengaluru,12.9716,77.5946
2023-06-22T01:00,21.2,98,909.2,Bengaluru,12.9716,77.5946
2023-06-22T02:00,21.2,97,908.5,Bengaluru,12.9716,77.5946
2023-06-22T03:00,20.9,98,908.4,Bengaluru,12.9716,77.5946
2023-06-22T04:00,20.8,98,908.4,Bengaluru,12.9716,77.5946
2023-06-22T05:00,21.3,96,909.2,Bengaluru,12.9716,77.5946
2023-06-22T06:00,21.5,95,909.5,Bengaluru,12.9716,77.5946
2023-06-22T07:00,22,90,910.2,Bengaluru,12.9716,77.5946
2023-06-22T08:00,22.7,81,910.6,Bengaluru,12.9716,77.5946
2023-06-22T09:00,24.4,74,911.2,Bengaluru,12.9716,77.5946
2023-06-22T10:00,26.5,63,911.2,Bengaluru,12.9716,77.5946
2023-06-22T11:00,27.4,62,911.1,Bengaluru,12.9716,77.5946
2023-06-22T12:00,28.4,61,910.7,Bengaluru,12.9716,77.5946
2023-06-22T13:00,29.1,55,909.7,Bengaluru,12.9716,77.5946
2023-06-22T14:00,24.2,80,908.9,Bengaluru,12.9716,77.5946
2023-06-22T15:00,25.6,72,908.1,Bengaluru,12.9716,77.5946
2023-06-22T16:00,26.3,70,908.2,Bengaluru,12.9716,77.5946
2023-06-22T17:00,26.1,65,908.5,Bengaluru,12.9716,77.5946
2023-06-22T18:00,24.7,77,908.4,Bengaluru,12.9716,77.5946
2023-06-22T19:00,23.9,77,908.9,Bengaluru,12.9716,77.5946
2023-06-22T20:00,23.2,79,909.9,Bengaluru,12.9716,77.5946
2023-06-22T21:00,22.6,84,910.7,Bengaluru,12.9716,77.5946
2023-06-22T22:00,21.5,90,911.2,Bengaluru,12.9716,77.5946
2023-06-22T23:00,21.3,92,910.7,Bengaluru,12.9716,77.5946
2023-06-23T00:00,21.1,95,909.9,Bengaluru,12.9716,77.5946
2023-06-23T01:00,20.9,97,909.4,Bengaluru,12.9716,77.5946
2023-06-23T02:00,20.6,98,908.7,Bengaluru,12.9716,77.5946
2023-06-23T03:00,20.4,98,908.5,Bengaluru,12.9716,77.5946
2023-06-23T04:00,20.3,99,908.4,Bengaluru,12.9716,77.5946
2023-06-23T05:00,20.7,98,909.3,Bengaluru,12.9716,77.5946
2023-06-23T06:00,20.9,97,909.6,Bengaluru,12.9716,77.5946
2023-06-23T07:00,21.9,90,910.5,Bengaluru,12.9716,77.5946
2023-06-23T08:00,23.4,81,910.9,Bengaluru,12.9716,77.5946
2023-06-23T09:00,25,73,911.4,Bengaluru,12.9716,77.5946
2023-06-23T10:00,26.4,67,911.2,Bengaluru,12.9716,77.5946
2023-06-23T11:00,27.6,60,911.1,Bengaluru,12.9716,77.5946
2023-06-23T12:00,28.4,56,910.7,Bengaluru,12.9716,77.5946
2023-06-23T13:00,28.5,55,909.8,Bengaluru,12.9716,77.5946
2023-06-23T14:00,28.9,53,909.2,Bengaluru,12.9716,77.5946
2023-06-23T15:00,27.2,61,908.5,Bengaluru,12.9716,77.5946
2023-06-23T16:00,26.7,63,908.4,Bengaluru,12.9716,77.5946
2023-06-23T17:00,25.6,69,909.4,Bengaluru,12.9716,77.5946
2023-06-23T18:00,24.5,74,909.2,Bengaluru,12.9716,77.5946
2023-06-23T19:00,23,82,909.6,Bengaluru,12.9716,77.5946
2023-06-23T20:00,22.6,83,910.3,Bengaluru,12.9716,77.5946
2023-06-23T21:00,22.4,85,910.4,Bengaluru,12.9716,77.5946
2023-06-23T22:00,22.1,86,910.6,Bengaluru,12.9716,77.5946
2023-06-23T23:00,21.6,88,910.4,Bengaluru,12.9716,77.5946
2023-06-24T00:00,21.2,90,909.8,Bengaluru,12.9716,77.5946
2023-06-24T01:00,20.9,91,909.1,Bengaluru,12.9716,77.5946
2023-06-24T02:00,20.7,92,908.9,Bengaluru,12.9716,77.5946
2023-06-24T03:00,20.6,92,908.5,Bengaluru,12.9716,77.5946
2023-06-24T04:00,20.3,94,908.4,Bengaluru,12.9716,77.5946
2023-06-24T05:00,20.5,95,908.6,Bengaluru,12.9716,77.5946
2023-06-24T06:00,21.4,91,909.1,Bengaluru,12.9716,77.5946
2023-06-24T07:00,22.1,88,909.7,Bengaluru,12.9716,77.5946
2023-06-24T08:00,23.6,79,910.6,Bengaluru,12.9716,77.5946
2023-06-24T09:00,25.2,71,910.6,Bengaluru,12.9716,77.5946
2023-06-24T10:00,26.1,67,910.9,Bengaluru,12.9716,77.5946
2023-06-24T11:00,26.5,66,910.7,Bengaluru,12.9716,77.5946
2023-06-24T12:00,27.1,63,910.2,Bengaluru,12.9716,77.5946
2023-06-24T13:00,28.1,60,909.6,Bengaluru,12.9716,77.5946
2023-06-24T14:00,26.9,63,908.6,Bengaluru,12.9716,77.5946
2023-06-24T15:00,26.1,67,908.2,Bengaluru,12.9716,77.5946
2023-06-24T16:00,25.7,72,908,Bengaluru,12.9716,77.5946
2023-06-24T17:00,24.2,79,908.8,Bengaluru,12.9716,77.5946
2023-06-24T18:00,23.7,83,908.9,Bengaluru,12.9716,77.5946
2023-06-24T19:00,23.2,83,909,Bengaluru,12.9716,77.5946
2023-06-24T20:00,23,76,909.7,Bengaluru,12.9716,77.5946
2023-06-24T21:00,22.3,79,910.2,Bengaluru,12.9716,77.5946
2023-06-24T22:00,21.6,84,910.4,Bengaluru,12.9716,77.5946
2023-06-24T23:00,21.1,88,909.8,Bengaluru,12.9716,77.5946
2023-06-25T00:00,20.5,91,909,Bengaluru,12.9716,77.5946
2023-06-25T01:00,20.1,93,908.6,Bengaluru,12.9716,77.5946
2023-06-25T02:00,19.7,96,908,Bengaluru,12.9716,77.5946
2023-06-25T03:00,19.5,97,907.8,Bengaluru,12.9716,77.5946
2023-06-25T04:00,19.3,98,907.8,Bengaluru,12.9716,77.5946
2023-06-25T05:00,19.6,98,907.9,Bengaluru,12.9716,77.5946
2023-06-25T06:00,19.8,98,908.4,Bengaluru,12.9716,77.5946
2023-06-25T07:00,21.2,91,909,Bengaluru,12.9716,77.5946
2023-06-25T08:00,23.2,81,910.1,Bengaluru,12.9716,77.5946
2023-06-25T09:00,24.3,75,910.4,Bengaluru,12.9716,77.5946
2023-06-25T10:00,26,66,910.5,Bengaluru,12.9716,77.5946
2023-06-25T11:00,27,63,910.4,Bengaluru,12.9716,77.5946
2023-06-25T12:00,27.7,61,910,Bengaluru,12.9716,77.5946
2023-06-25T13:00,28.5,58,909.2,Bengaluru,12.9716,77.5946
2023-06-25T14:00,29.1,57,908.5,Bengaluru,12.9716,77.5946
2023-06-25T15:00,29,56,907.9,Bengaluru,12.9716,77.5946
2023-06-25T16:00,27.4,59,907.7,Bengaluru,12.9716,77.5946
2023-06-25T17:00,25.4,69,908.6,Bengaluru,12.9716,77.5946
2023-06-25T18:00,24.9,71,909.3,Bengaluru,12.9716,77.5946
2023-06-25T19:00,23.6,78,909.6,Bengaluru,12.9716,77.5946
2023-06-25T20:00,23,81,910,Bengaluru,12.9716,77.5946
2023-06-25T21:00,21.8,88,910.4,Bengaluru,12.9716,77.5946
2023-06-25T22:00,21.1,92,910.4,Bengaluru,12.9716,77.5946
2023-06-25T23:00,21.2,92,910.4,Bengaluru,12.9716,77.5946
2023-06-26T00:00,21.2,90,909.8,Bengaluru,12.9716,77.5946
2023-06-26T01:00,20.7,92,909.1,Bengaluru,12.9716,77.5946
2023-06-26T02:00,20.2,95,908.5,Bengaluru,12.9716,77.5946
2023-06-26T03:00,20.2,95,908.6,Bengaluru,12.9716,77.5946
2023-06-26T04:00,20.3,95,909.1,Bengaluru,12.9716,77.5946
2023-06-26T05:00,20.4,95,909.5,Bengaluru,12.9716,77.5946
2023-06-26T06:00,20.8,93,909.9,Bengaluru,12.9716,77.5946
2023-06-26T07:00,21.8,86,910.5,Bengaluru,12.9716,77.5946
2023-06-26T08:00,23.1,78,911.2,Bengaluru,12.9716,77.5946
2023-06-26T09:00,24.5,69,911.5,Bengaluru,12.9716,77.5946
2023-06-26T10:00,25.4,65,911.5,Bengaluru,12.9716,77.5946
2023-06-26T11:00,26.2,61,911.5,Bengaluru,12.9716,77.5946
2023-06-26T12:00,27.7,55,911.1,Bengaluru,12.9716,77.5946
2023-06-26T13:00,28.3,55,910.6,Bengaluru,12.9716,77.5946
2023-06-26T14:00,28.7,54,909.6,Bengaluru,12.9716,77.5946
2023-06-26T15:00,28.5,53,909.1,Bengaluru,12.9716,77.5946
2023-06-26T16:00,26.6,61,908.5,Bengaluru,12.9716,77.5946
2023-06-26T17:00,25.7,65,909.1,Bengaluru,12.9716,77.5946
2023-06-26T18:00,24.9,70,909.4,Bengaluru,12.9716,77.5946
2023-06-26T19:00,23.7,75,909.6,Bengaluru,12.9716,77.5946
2023-06-26T20:00,22.9,79,910.3,Bengaluru,12.9716,77.5946
2023-06-26T21:00,22.5,81,910.9,Bengaluru,12.9716,77.5946
2023-06-26T22:00,21.8,82,910.5,Bengaluru,12.9716,77.5946
2023-06-26T23:00,21.2,86,910.5,Bengaluru,12.9716,77.5946
2023-06-27T00:00,20.8,89,909.8,Bengaluru,12.9716,77.5946
2023-06-27T01:00,20.4,91,909.4,Bengaluru,12.9716,77.5946
2023-06-27T02:00,20,93,908.8,Bengaluru,12.9716,77.5946
2023-06-27T03:00,19.5,96,908.5,Bengaluru,12.9716,77.5946
2023-06-27T04:00,19.4,97,908.7,Bengaluru,12.9716,77.5946
2023-06-27T05:00,20.1,94,908.9,Bengaluru,12.9716,77.5946
2023-06-27T06:00,20.2,94,909.5,Bengaluru,12.9716,77.5946
2023-06-27T07:00,21.7,86,910.4,Bengaluru,12.9716,77.5946
2023-06-27T08:00,23.3,77,911.2,Bengaluru,12.9716,77.5946
2023-06-27T09:00,25.1,68,911.6,Bengaluru,12.9716,77.5946
2023-06-27T10:00,26.8,60,911.7,Bengaluru,12.9716,77.5946
2023-06-27T11:00,27.7,56,911.5,Bengaluru,12.9716,77.5946
2023-06-27T12:00,27.7,57,911.1,Bengaluru,12.9716,77.5946
2023-06-27T13:00,28.5,55,910.6,Bengaluru,12.9716,77.5946
2023-06-27T14:00,28.8,56,909.7,Bengaluru,12.9716,77.5946
2023-06-27T15:00,28.2,54,909,Bengaluru,12.9716,77.5946
2023-06-27T16:00,26.1,62,909.3,Bengaluru,12.9716,77.5946
2023-06-27T17:00,24.1,76,909.8,Bengaluru,12.9716,77.5946
2023-06-27T18:00,21.9,87,910,Bengaluru,12.9716,77.5946
2023-06-27T19:00,21.6,95,910.6,Bengaluru,12.9716,77.5946
2023-06-27T20:00,21.6,95,911.3,Bengaluru,12.9716,77.5946
2023-06-27T21:00,21.3,95,911.6,Bengaluru,12.9716,77.5946
2023-06-27T22:00,21.1,95,911.8,Bengaluru,12.9716,77.5946
2023-06-27T23:00,20.8,96,911.6,Bengaluru,12.9716,77.5946
2023-06-28T00:00,20.5,97,910.9,Bengaluru,12.9716,77.5946
2023-06-28T01:00,20.3,98,910.3,Bengaluru,12.9716,77.5946
2023-06-28T02:00,20,98,909.6,Bengaluru,12.9716,77.5946
2023-06-28T03:00,19.8,98,909.5,Bengaluru,12.9716,77.5946
2023-06-28T04:00,19.8,98,909.6,Bengaluru,12.9716,77.5946
2023-06-28T05:00,20.3,94,910.3,Bengaluru,12.9716,77.5946
2023-06-28T06:00,20.6,93,910.6,Bengaluru,12.9716,77.5946
2023-06-28T07:00,22.2,84,911.2,Bengaluru,12.9716,77.5946
2023-06-28T08:00,23.6,76,912,Bengaluru,12.9716,77.5946
2023-06-28T09:00,25,68,912.3,Bengaluru,12.9716,77.5946
2023-06-28T10:00,25.8,67,912.4,Bengaluru,12.9716,77.5946
2023-06-28T11:00,26.6,63,912.4,Bengaluru,12.9716,77.5946
2023-06-28T12:00,27.7,61,911.9,Bengaluru,12.9716,77.5946
2023-06-28T13:00,28.9,56,911.3,Bengaluru,12.9716,77.5946
2023-06-28T14:00,27.8,58,910.5,Bengaluru,12.9716,77.5946
2023-06-28T15:00,27.3,61,910.1,Bengaluru,12.9716,77.5946
2023-06-28T16:00,27.3,60,909.6,Bengaluru,12.9716,77.5946
2023-06-28T17:00,26.3,63,910.1,Bengaluru,12.9716,77.5946
2023-06-28T18:00,25.3,67,910.5,Bengaluru,12.9716,77.5946
2023-06-28T19:00,24.4,71,911.2,Bengaluru,12.9716,77.5946
2023-06-28T20:00,23.3,77,911.7,Bengaluru,12.9716,77.5946
2023-06-28T21:00,22.9,79,912.3,Bengaluru,12.9716,77.5946
2023-06-28T22:00,22.1,82,912.4,Bengaluru,12.9716,77.5946
2023-06-28T23:00,21.5,86,912.7,Bengaluru,12.9716,77.5946
2023-06-29T00:00,20.9,89,912.1,Bengaluru,12.9716,77.5946
2023-06-29T01:00,20.4,91,911.5,Bengaluru,12.9716,77.5946
2023-06-29T02:00,20.1,93,910.9,Bengaluru,12.9716,77.5946
2023-06-29T03:00,19.7,96,910.5,Bengaluru,12.9716,77.5946
2023-06-29T04:00,19.5,98,910.3,Bengaluru,12.9716,77.5946
2023-06-29T05:00,19.9,98,910.7,Bengaluru,12.9716,77.5946
2023-06-29T06:00,20.4,96,911.3,Bengaluru,12.9716,77.5946
2023-06-29T07:00,21.4,90,912.4,Bengaluru,12.9716,77.5946
2023-06-29T08:00,22.5,84,912.8,Bengaluru,12.9716,77.5946
2023-06-29T09:00,24.8,71,913.2,Bengaluru,12.9716,77.5946
2023-06-29T10:00,25.6,67,913.1,Bengaluru,12.9716,77.5946
2023-06-29T11:00,26.6,64,912.8,Bengaluru,12.9716,77.5946
2023-06-29T12:00,27.6,62,912.5,Bengaluru,12.9716,77.5946
2023-06-29T13:00,28.4,59,911.9,Bengaluru,12.9716,77.5946
2023-06-29T14:00,28.6,56,911.1,Bengaluru,12.9716,77.5946
2023-06-29T15:00,28.7,55,910.2,Bengaluru,12.9716,77.5946
2023-06-29T16:00,25.3,71,910,Bengaluru,12.9716,77.5946
2023-06-29T17:00,25.1,73,910.6,Bengaluru,12.9716,77.5946
2023-06-29T18:00,24.3,75,911,Bengaluru,12.9716,77.5946
2023-06-29T19:00,23.7,74,911.3,Bengaluru,12.9716,77.5946
2023-06-29T20:00,23.1,76,912.2,Bengaluru,12.9716,77.5946
2023-06-29T21:00,22.7,78,912.6,Bengaluru,12.9716,77.5946
2023-06-29T22:00,22.1,81,913,Bengaluru,12.9716,77.5946
2023-06-29T23:00,21.6,85,912.6,Bengaluru,12.9716,77.5946
2023-06-30T00:00,21.2,88,912.1,Bengaluru,12.9716,77.5946
2023-06-30T01:00,21,89,911.8,Bengaluru,12.9716,77.5946
2023-06-30T02:00,20.6,91,911.1,Bengaluru,12.9716,77.5946
2023-06-30T03:00,20.2,94,910.6,Bengaluru,12.9716,77.5946
2023-06-30T04:00,20.1,95,910.5,Bengaluru,12.9716,77.5946
2023-06-30T05:00,20.1,96,910.7,Bengaluru,12.9716,77.5946
2023-06-30T06:00,20.3,95,911.3,Bengaluru,12.9716,77.5946
2023-06-30T07:00,21.4,89,912.2,Bengaluru,12.9716,77.5946
2023-06-30T08:00,22.9,80,912.8,Bengaluru,12.9716,77.5946
2023-06-30T09:00,24.8,69,913.5,Bengaluru,12.9716,77.5946
2023-06-30T10:00,26.6,59,913.6,Bengaluru,12.9716,77.5946
2023-06-30T11:00,28,54,913.2,Bengaluru,12.9716,77.5946
2023-06-30T12:00,28.8,52,912.6,Bengaluru,12.9716,77.5946
2023-06-30T13:00,29,51,911.9,Bengaluru,12.9716,77.5946
2023-06-30T14:00,29.4,51,911,Bengaluru,12.9716,77.5946
2023-06-30T15:00,29.8,50,910,Bengaluru,12.9716,77.5946
2023-06-30T16:00,28.9,52,909.3,Bengaluru,12.9716,77.5946
2023-06-30T17:00,27.8,54,909.8,Bengaluru,12.9716,77.5946
2023-06-30T18:00,26.1,61,910.1,Bengaluru,12.9716,77.5946
2023-06-30T19:00,24.3,70,910.5,Bengaluru,12.9716,77.5946
2023-06-30T20:00,23.2,79,911.2,Bengaluru,12.9716,77.5946
2023-06-30T21:00,23,81,911.8,Bengaluru,12.9716,77.5946
2023-06-30T22:00,22.3,84,912,Bengaluru,12.9716,77.5946
2023-06-30T23:00,21.7,87,912.1,Bengaluru,12.9716,77.5946
2023-07-01T00:00,21.2,89,911.6,Bengaluru,12.9716,77.5946
2023-07-01T01:00,20.7,92,911.1,Bengaluru,12.9716,77.5946
2023-07-01T02:00,20.3,95,910.5,Bengaluru,12.9716,77.5946
2023-07-01T03:00,20,97,910.1,Bengaluru,12.9716,77.5946
2023-07-01T04:00,19.8,97,910,Bengaluru,12.9716,77.5946
2023-07-01T05:00,20.4,96,910.6,Bengaluru,12.9716,77.5946
2023-07-01T06:00,20.9,93,911.3,Bengaluru,12.9716,77.5946
2023-07-01T07:00,22.6,84,912.3,Bengaluru,12.9716,77.5946
2023-07-01T08:00,23.9,76,912.8,Bengaluru,12.9716,77.5946
2023-07-01T09:00,25.2,70,913.3,Bengaluru,12.9716,77.5946
2023-07-01T10:00,26.8,63,913.9,Bengaluru,12.9716,77.5946
2023-07-01T11:00,27.3,61,913.3,Bengaluru,12.9716,77.5946
2023-07-01T12:00,28.1,59,912.8,Bengaluru,12.9716,77.5946
2023-07-01T13:00,28.8,57,912.2,Bengaluru,12.9716,77.5946
2023-07-01T14:00,29.3,54,911.3,Bengaluru,12.9716,77.5946
2023-07-01T15:00,29.3,53,910.4,Bengaluru,12.9716,77.5946
2023-07-01T16:00,28.6,55,910.1,Bengaluru,12.9716,77.5946
2023-07-01T17:00,27.9,55,910.4,Bengaluru,12.9716,77.5946
2023-07-01T18:00,26.6,61,910.9,Bengaluru,12.9716,77.5946
2023-07-01T19:00,25.9,61,911.7,Bengaluru,12.9716,77.5946
2023-07-01T20:00,25.1,65,912.3,Bengaluru,12.9716,77.5946
2023-07-01T21:00,24.1,69,912.7,Bengaluru,12.9716,77.5946
2023-07-01T22:00,23.4,76,913.3,Bengaluru,12.9716,77.5946
2023-07-01T23:00,22.7,82,913,Bengaluru,12.9716,77.5946
2023-07-02T00:00,22.1,86,912.2,Bengaluru,12.9716,77.5946
2023-07-02T01:00,21.5,89,911.7,Bengaluru,12.9716,77.5946
2023-07-02T02:00,21.3,89,911,Bengaluru,12.9716,77.5946
2023-07-02T03:00,20.9,91,910.2,Bengaluru,12.9716,77.5946
2023-07-02T04:00,20.5,93,909.9,Bengaluru,12.9716,77.5946
2023-07-02T05:00,21.3,94,910.2,Bengaluru,12.9716,77.5946
2023-07-02T06:00,21.5,93,910.6,Bengaluru,12.9716,77.5946
2023-07-02T07:00,22.6,85,911.6,Bengaluru,12.9716,77.5946
2023-07-02T08:00,23.2,83,911.9,Bengaluru,12.9716,77.5946
2023-07-02T09:00,24.7,74,912.4,Bengaluru,12.9716,77.5946
2023-07-02T10:00,25.8,68,912.3,Bengaluru,12.9716,77.5946
2023-07-02T11:00,27,63,911.9,Bengaluru,12.9716,77.5946
2023-07-02T12:00,28.2,58,911.6,Bengaluru,12.9716,77.5946
2023-07-02T13:00,28.9,55,910.6,Bengaluru,12.9716,77.5946
2023-07-02T14:00,28.6,57,909.6,Bengaluru,12.9716,77.5946
2023-07-02T15:00,28.1,59,908.9,Bengaluru,12.9716,77.5946
2023-07-02T16:00,24.1,81,908.7,Bengaluru,12.9716,77.5946
2023-07-02T17:00,26.5,66,909.5,Bengaluru,12.9716,77.5946
2023-07-02T18:00,23.9,78,909.9,Bengaluru,12.9716,77.5946
2023-07-02T19:00,23.2,79,910,Bengaluru,12.9716,77.5946
2023-07-02T20:00,22.7,81,910.6,Bengaluru,12.9716,77.5946
2023-07-02T21:00,22.3,84,911.5,Bengaluru,12.9716,77.5946
2023-07-02T22:00,22,87,911.9,Bengaluru,12.9716,77.5946
2023-07-02T23:00,21.4,91,911.3,Bengaluru,12.9716,77.5946
2023-07-03T00:00,21,92,910.8,Bengaluru,12.9716,77.5946
2023-07-03T01:00,20.8,91,909.8,Bengaluru,12.9716,77.5946
2023-07-03T02:00,20.5,92,909.3,Bengaluru,12.9716,77.5946
2023-07-03T03:00,20.3,93,909.3,Bengaluru,12.9716,77.5946
2023-07-03T04:00,20.5,93,908.9,Bengaluru,12.9716,77.5946
2023-07-03T05:00,20.7,94,909.1,Bengaluru,12.9716,77.5946
2023-07-03T06:00,20.9,92,909.5,Bengaluru,12.9716,77.5946
2023-07-03T07:00,22.1,85,910.1,Bengaluru,12.9716,77.5946
2023-07-03T08:00,23.3,78,910.6,Bengaluru,12.9716,77.5946
2023-07-03T09:00,25.2,69,911.1,Bengaluru,12.9716,77.5946
2023-07-03T10:00,25.2,70,910.9,Bengaluru,12.9716,77.5946
2023-07-03T11:00,26.2,66,910.9,Bengaluru,12.9716,77.5946
2023-07-03T12:00,27.7,61,910.6,Bengaluru,12.9716,77.5946
2023-07-03T13:00,28.8,57,909.7,Bengaluru,12.9716,77.5946
2023-07-03T14:00,28.9,55,908.9,Bengaluru,12.9716,77.5946
2023-07-03T15:00,28.2,59,908.1,Bengaluru,12.9716,77.5946
2023-07-03T16:00,23.3,85,908.2,Bengaluru,12.9716,77.5946
2023-07-03T17:00,25.4,73,908.1,Bengaluru,12.9716,77.5946
2023-07-03T18:00,22.6,86,908.7,Bengaluru,12.9716,77.5946
2023-07-03T19:00,21.6,92,909.4,Bengaluru,12.9716,77.5946
2023-07-03T20:00,21.3,93,909.6,Bengaluru,12.9716,77.5946
2023-07-03T21:00,21.1,93,909.9,Bengaluru,12.9716,77.5946
2023-07-03T22:00,20.6,96,910.1,Bengaluru,12.9716,77.5946
2023-07-03T23:00,20.6,96,910.1,Bengaluru,12.9716,77.5946
2023-07-04T00:00,20.4,96,909.5,Bengaluru,12.9716,77.5946
2023-07-04T01:00,20.1,97,908.3,Bengaluru,12.9716,77.5946
2023-07-04T02:00,20,97,907.9,Bengaluru,12.9716,77.5946
2023-07-04T03:00,20,97,907.6,Bengaluru,12.9716,77.5946
2023-07-04T04:00,20,97,907.1,Bengaluru,12.9716,77.5946
2023-07-04T05:00,20.4,94,907.4,Bengaluru,12.9716,77.5946
2023-07-04T06:00,20.5,93,907.5,Bengaluru,12.9716,77.5946
2023-07-04T07:00,21.9,85,907.9,Bengaluru,12.9716,77.5946
2023-07-04T08:00,23.3,77,908.6,Bengaluru,12.9716,77.5946
2023-07-04T09:00,24.7,70,908.9,Bengaluru,12.9716,77.5946
2023-07-04T10:00,25.6,68,908.9,Bengaluru,12.9716,77.5946
2023-07-04T11:00,26.4,65,908.7,Bengaluru,12.9716,77.5946
2023-07-04T12:00,25.1,74,908.2,Bengaluru,12.9716,77.5946
2023-07-04T13:00,25.3,79,907.5,Bengaluru,12.9716,77.5946
2023-07-04T14:00,23.4,88,906.6,Bengaluru,12.9716,77.5946
2023-07-04T15:00,22.2,93,906,Bengaluru,12.9716,77.5946
2023-07-04T16:00,21.9,93,905.7,Bengaluru,12.9716,77.5946
2023-07-04T17:00,22.2,94,906.1,Bengaluru,12.9716,77.5946
2023-07-04T18:00,21.3,95,906.1,Bengaluru,12.9716,77.5946
2023-07-04T19:00,21.3,94,906.8,Bengaluru,12.9716,77.5946
2023-07-04T20:00,21.4,93,907.3,Bengaluru,12.9716,77.5946
2023-07-04T21:00,21.3,92,907.6,Bengaluru,12.9716,77.5946
2023-07-04T22:00,21,93,907.9,Bengaluru,12.9716,77.5946
2023-07-04T23:00,20.9,94,907.6,Bengaluru,12.9716,77.5946
2023-07-05T00:00,20.7,94,907.2,Bengaluru,12.9716,77.5946
2023-07-05T01:00,20.4,95,906.8,Bengaluru,12.9716,77.5946
2023-07-05T02:00,20.3,95,906,Bengaluru,12.9716,77.5946
2023-07-05T03:00,20.2,95,905.3,Bengaluru,12.9716,77.5946
2023-07-05T04:00,20.1,95,905.5,Bengaluru,12.9716,77.5946
2023-07-05T05:00,20.3,97,905.5,Bengaluru,12.9716,77.5946
2023-07-05T06:00,20.4,95,905.8,Bengaluru,12.9716,77.5946
2023-07-05T07:00,21.2,92,906.6,Bengaluru,12.9716,77.5946
2023-07-05T08:00,22.1,86,907.1,Bengaluru,12.9716,77.5946
2023-07-05T09:00,23.6,79,907.6,Bengaluru,12.9716,77.5946
2023-07-05T10:00,25,73,907.9,Bengaluru,12.9716,77.5946
2023-07-05T11:00,26.2,69,907.9,Bengaluru,12.9716,77.5946
2023-07-05T12:00,26.5,66,907.5,Bengaluru,12.9716,77.5946
2023-07-05T13:00,23.7,76,906.9,Bengaluru,12.9716,77.5946
2023-07-05T14:00,22.1,90,906,Bengaluru,12.9716,77.5946
2023-07-05T15:00,21.8,90,905.3,Bengaluru,12.9716,77.5946
2023-07-05T16:00,22,87,905.1,Bengaluru,12.9716,77.5946
2023-07-05T17:00,22.4,89,905.8,Bengaluru,12.9716,77.5946
2023-07-05T18:00,21.4,91,905.7,Bengaluru,12.9716,77.5946
2023-07-05T19:00,20.9,93,906.4,Bengaluru,12.9716,77.5946
2023-07-05T20:00,20.9,94,907.4,Bengaluru,12.9716,77.5946
2023-07-05T21:00,20.7,95,908,Bengaluru,12.9716,77.5946
2023-07-05T22:00,20.7,96,908.5,Bengaluru,12.9716,77.5946
2023-07-05T23:00,20.4,97,908.2,Bengaluru,12.9716,77.5946
2023-07-06T00:00,20.2,97,907.9,Bengaluru,12.9716,77.5946
2023-07-06T01:00,20.1,97,907.4,Bengaluru,12.9716,77.5946
2023-07-06T02:00,20.1,96,907.3,Bengaluru,12.9716,77.5946
2023-07-06T03:00,19.9,97,906.7,Bengaluru,12.9716,77.5946
2023-07-06T04:00,19.6,98,906.9,Bengaluru,12.9716,77.5946
2023-07-06T05:00,20.5,95,907.1,Bengaluru,12.9716,77.5946
2023-07-06T06:00,20.5,96,907.8,Bengaluru,12.9716,77.5946
2023-07-06T07:00,20.4,96,908.7,Bengaluru,12.9716,77.5946
2023-07-06T08:00,20.5,97,909.3,Bengaluru,12.9716,77.5946
2023-07-06T09:00,21.1,92,909.9,Bengaluru,12.9716,77.5946
2023-07-06T10:00,22.2,86,910.3,Bengaluru,12.9716,77.5946
2023-07-06T11:00,23,81,910.4,Bengaluru,12.9716,77.5946
2023-07-06T12:00,23.4,78,910.1,Bengaluru,12.9716,77.5946
2023-07-06T13:00,23.7,79,909.5,Bengaluru,12.9716,77.5946
2023-07-06T14:00,25.2,72,909,Bengaluru,12.9716,77.5946
2023-07-06T15:00,22.4,88,908.4,Bengaluru,12.9716,77.5946
2023-07-06T16:00,21.9,88,907.9,Bengaluru,12.9716,77.5946
2023-07-06T17:00,22.4,83,908.4,Bengaluru,12.9716,77.5946
2023-07-06T18:00,22,85,908.4,Bengaluru,12.9716,77.5946
2023-07-06T19:00,21.3,88,909.3,Bengaluru,12.9716,77.5946
2023-07-06T20:00,21,91,910.1,Bengaluru,12.9716,77.5946
2023-07-06T21:00,20.7,94,910.6,Bengaluru,12.9716,77.5946
2023-07-06T22:00,20.4,95,910.9,Bengaluru,12.9716,77.5946
2023-07-06T23:00,20.2,95,910.6,Bengaluru,12.9716,77.5946
2023-07-07T00:00,20.2,95,910.1,Bengaluru,12.9716,77.5946
2023-07-07T01:00,20.1,95,909.8,Bengaluru,12.9716,77.5946
2023-07-07T02:00,19.8,97,909.5,Bengaluru,12.9716,77.5946
2023-07-07T03:00,19.7,97,909.1,Bengaluru,12.9716,77.5946
2023-07-07T04:00,19.4,98,909,Bengaluru,12.9716,77.5946
2023-07-07T05:00,20.3,96,909.7,Bengaluru,12.9716,77.5946
2023-07-07T06:00,20.4,95,910.3,Bengaluru,12.9716,77.5946
2023-07-07T07:00,21.1,92,911,Bengaluru,12.9716,77.5946
2023-07-07T08:00,21.7,87,911.6,Bengaluru,12.9716,77.5946
2023-07-07T09:00,22.1,84,911.8,Bengaluru,12.9716,77.5946
2023-07-07T10:00,22.6,84,912,Bengaluru,12.9716,77.5946
2023-07-07T11:00,24.9,72,912,Bengaluru,12.9716,77.5946
2023-07-07T12:00,26,67,911.6,Bengaluru,12.9716,77.5946
2023-07-07T13:00,26.7,66,910.8,Bengaluru,12.9716,77.5946
2023-07-07T14:00,26.6,65,910.1,Bengaluru,12.9716,77.5946
2023-07-07T15:00,25.8,69,909.6,Bengaluru,12.9716,77.5946
2023-07-07T16:00,25.3,72,909.2,Bengaluru,12.9716,77.5946
2023-07-07T17:00,23.2,82,909.8,Bengaluru,12.9716,77.5946
2023-07-07T18:00,22.8,84,910.2,Bengaluru,12.9716,77.5946
2023-07-07T19:00,22.2,86,910.6,Bengaluru,12.9716,77.5946
2023-07-07T20:00,22.1,86,911.6,Bengaluru,12.9716,77.5946
2023-07-07T21:00,21.7,88,912.1,Bengaluru,12.9716,77.5946
2023-07-07T22:00,21.4,91,912.4,Bengaluru,12.9716,77.5946
2023-07-07T23:00,21,93,912.1,Bengaluru,12.9716,77.5946
2023-07-08T00:00,20.7,95,911.5,Bengaluru,12.9716,77.5946
2023-07-08T01:00,20.4,95,911.1,Bengaluru,12.9716,77.5946
2023-07-08T02:00,20.3,95,910.4,Bengaluru,12.9716,77.5946
2023-07-08T03:00,20,95,910,Bengaluru,12.9716,77.5946
2023-07-08T04:00,19.9,95,910.3,Bengaluru,12.9716,77.5946
2023-07-08T05:00,19.9,98,910.4,Bengaluru,12.9716,77.5946
2023-07-08T06:00,20.1,97,911.3,Bengaluru,12.9716,77.5946
2023-07-08T07:00,20.7,93,912.3,Bengaluru,12.9716,77.5946
2023-07-08T08:00,21.5,89,913.1,Bengaluru,12.9716,77.5946
2023-07-08T09:00,23.1,79,913.1,Bengaluru,12.9716,77.5946
2023-07-08T10:00,23.4,78,913,Bengaluru,12.9716,77.5946
2023-07-08T11:00,24.6,73,912.9,Bengaluru,12.9716,77.5946
2023-07-08T12:00,26.1,69,912.4,Bengaluru,12.9716,77.5946
2023-07-08T13:00,26.9,68,911.9,Bengaluru,12.9716,77.5946
2023-07-08T14:00,24.6,74,911.1,Bengaluru,12.9716,77.5946
2023-07-08T15:00,24.3,75,910.6,Bengaluru,12.9716,77.5946
2023-07-08T16:00,25,72,910.5,Bengaluru,12.9716,77.5946
2023-07-08T17:00,23.8,77,911.1,Bengaluru,12.9716,77.5946
2023-07-08T18:00,23.1,80,911,Bengaluru,12.9716,77.5946
2023-07-08T19:00,22.6,81,911.5,Bengaluru,12.9716,77.5946
2023-07-08T20:00,22.1,84,912,Bengaluru,12.9716,77.5946
2023-07-08T21:00,21.6,85,912.4,Bengaluru,12.9716,77.5946
2023-07-08T22:00,21.3,86,912.3,Bengaluru,12.9716,77.5946
2023-07-08T23:00,21,88,912.2,Bengaluru,12.9716,77.5946
2023-07-09T00:00,20.8,91,911.3,Bengaluru,12.9716,77.5946
2023-07-09T01:00,20.5,94,910.8,Bengaluru,12.9716,77.5946
2023-07-09T02:00,20.4,93,910.5,Bengaluru,12.9716,77.5946
2023-07-09T03:00,20.2,93,910.4,Bengaluru,12.9716,77.5946
2023-07-09T04:00,20.1,93,910.4,Bengaluru,12.9716,77.5946
2023-07-09T05:00,20.7,94,910.9,Bengaluru,12.9716,77.5946
2023-07-09T06:00,20.8,93,911.1,Bengaluru,12.9716,77.5946
2023-07-09T07:00,22,86,912.1,Bengaluru,12.9716,77.5946
2023-07-09T08:00,22.8,82,912.6,Bengaluru,12.9716,77.5946
2023-07-09T09:00,23.5,78,912.8,Bengaluru,12.9716,77.5946
2023-07-09T10:00,24,75,912.7,Bengaluru,12.9716,77.5946
2023-07-09T11:00,24.8,72,912.6,Bengaluru,12.9716,77.5946
2023-07-09T12:00,25.7,68,912,Bengaluru,12.9716,77.5946
2023-07-09T13:00,27.3,61,911.4,Bengaluru,12.9716,77.5946
2023-07-09T14:00,27.8,62,910.8,Bengaluru,12.9716,77.5946
2023-07-09T15:00,27.9,62,909.9,Bengaluru,12.9716,77.5946
2023-07-09T16:00,25.2,72,909.8,Bengaluru,12.9716,77.5946
2023-07-09T17:00,22.7,86,909.9,Bengaluru,12.9716,77.5946
2023-07-09T18:00,22.5,89,909.9,Bengaluru,12.9716,77.5946
2023-07-09T19:00,22.3,91,910.3,Bengaluru,12.9716,77.5946
2023-07-09T20:00,22.4,91,911,Bengaluru,12.9716,77.5946
2023-07-09T21:00,22,91,911.6,Bengaluru,12.9716,77.5946
2023-07-09T22:00,21.8,90,911.6,Bengaluru,12.9716,77.5946
2023-07-09T23:00,21.3,91,911.6,Bengaluru,12.9716,77.5946
2023-07-10T00:00,21.1,93,911.4,Bengaluru,12.9716,77.5946
2023-07-10T01:00,20.8,94,910.8,Bengaluru,12.9716,77.5946
2023-07-10T02:00,20.4,96,910.3,Bengaluru,12.9716,77.5946
2023-07-10T03:00,19.8,98,909.7,Bengaluru,12.9716,77.5946
2023-07-10T04:00,19.6,98,910.1,Bengaluru,12.9716,77.5946
2023-07-10T05:00,20.1,98,910.1,Bengaluru,12.9716,77.5946
2023-07-10T06:00,20.4,97,910.9,Bengaluru,12.9716,77.5946
2023-07-10T07:00,21.3,91,911.1,Bengaluru,12.9716,77.5946
2023-07-10T08:00,22.3,87,911.7,Bengaluru,12.9716,77.5946
2023-07-10T09:00,23.3,82,912,Bengaluru,12.9716,77.5946
2023-07-10T10:00,25,73,912,Bengaluru,12.9716,77.5946
2023-07-10T11:00,26,68,912.1,Bengaluru,12.9716,77.5946
2023-07-10T12:00,25.3,71,911.4,Bengaluru,12.9716,77.5946
2023-07-10T13:00,25.3,71,910.8,Bengaluru,12.9716,77.5946
2023-07-10T14:00,25.8,69,910.2,Bengaluru,12.9716,77.5946
2023-07-10T15:00,26.4,67,909.5,Bengaluru,12.9716,77.5946
2023-07-10T16:00,25.3,71,909.2,Bengaluru,12.9716,77.5946
2023-07-10T17:00,24.2,83,909.5,Bengaluru,12.9716,77.5946
2023-07-10T18:00,23.6,87,909.9,Bengaluru,12.9716,77.5946
2023-07-10T19:00,22,88,910.4,Bengaluru,12.9716,77.5946
2023-07-10T20:00,21.3,90,910.7,Bengaluru,12.9716,77.5946
2023-07-10T21:00,21.1,93,911,Bengaluru,12.9716,77.5946
2023-07-10T22:00,21.1,93,911.2,Bengaluru,12.9716,77.5946
2023-07-10T23:00,21.1,93,911.3,Bengaluru,12.9716,77.5946
2023-07-11T00:00,21,94,910.6,Bengaluru,12.9716,77.5946
2023-07-11T01:00,20.8,94,910.1,Bengaluru,12.9716,77.5946
2023-07-11T02:00,20.5,95,909.7,Bengaluru,12.9716,77.5946
2023-07-11T03:00,20.3,96,909.1,Bengaluru,12.9716,77.5946
2023-07-11T04:00,20,97,908.9,Bengaluru,12.9716,77.5946
2023-07-11T05:00,21,96,909.6,Bengaluru,12.9716,77.5946
2023-07-11T06:00,20.9,95,910,Bengaluru,12.9716,77.5946
2023-07-11T07:00,21.3,93,910.5,Bengaluru,12.9716,77.5946
2023-07-11T08:00,22.8,86,910.9,Bengaluru,12.9716,77.5946
2023-07-11T09:00,24.2,77,911.3,Bengaluru,12.9716,77.5946
2023-07-11T10:00,25.5,70,911.5,Bengaluru,12.9716,77.5946
2023-07-11T11:00,25.8,70,911.5,Bengaluru,12.9716,77.5946
2023-07-11T12:00,25.8,71,911.2,Bengaluru,12.9716,77.5946
2023-07-11T13:00,25,74,910.5,Bengaluru,12.9716,77.5946
2023-07-11T14:00,25.5,71,909.8,Bengaluru,12.9716,77.5946
2023-07-11T15:00,26,70,909.3,Bengaluru,12.9716,77.5946
2023-07-11T16:00,25.3,71,909,Bengaluru,12.9716,77.5946
2023-07-11T17:00,21.6,90,909.2,Bengaluru,12.9716,77.5946
2023-07-11T18:00,21.5,90,909.3,Bengaluru,12.9716,77.5946
2023-07-11T19:00,20.9,93,909.9,Bengaluru,12.9716,77.5946
2023-07-11T20:00,20.8,92,910.4,Bengaluru,12.9716,77.5946
2023-07-11T21:00,21,91,910.5,Bengaluru,12.9716,77.5946
2023-07-11T22:00,20.5,94,910.6,Bengaluru,12.9716,77.5946
2023-07-11T23:00,20.4,95,910.5,Bengaluru,12.9716,77.5946
2023-07-12T00:00,20.3,96,909.9,Bengaluru,12.9716,77.5946
2023-07-12T01:00,20.2,97,909.6,Bengaluru,12.9716,77.5946
2023-07-12T02:00,19.9,97,909.2,Bengaluru,12.9716,77.5946
2023-07-12T03:00,19.7,98,908.9,Bengaluru,12.9716,77.5946
2023-07-12T04:00,19.4,99,908.9,Bengaluru,12.9716,77.5946
2023-07-12T05:00,20.1,98,909.2,Bengaluru,12.9716,77.5946
2023-07-12T06:00,20.2,98,909.9,Bengaluru,12.9716,77.5946
2023-07-12T07:00,21.3,92,910.4,Bengaluru,12.9716,77.5946
2023-07-12T08:00,22.8,85,911,Bengaluru,12.9716,77.5946
2023-07-12T09:00,23.9,79,911.6,Bengaluru,12.9716,77.5946
2023-07-12T10:00,25.2,71,911.3,Bengaluru,12.9716,77.5946
2023-07-12T11:00,26.3,70,910.9,Bengaluru,12.9716,77.5946
2023-07-12T12:00,27.6,67,910.9,Bengaluru,12.9716,77.5946
2023-07-12T13:00,28,63,909.9,Bengaluru,12.9716,77.5946
2023-07-12T14:00,28,60,909,Bengaluru,12.9716,77.5946
2023-07-12T15:00,26.9,65,908.2,Bengaluru,12.9716,77.5946
2023-07-12T16:00,25.5,71,908.4,Bengaluru,12.9716,77.5946
2023-07-12T17:00,24.5,75,908.8,Bengaluru,12.9716,77.5946
2023-07-12T18:00,23.5,81,909.3,Bengaluru,12.9716,77.5946
2023-07-12T19:00,22.5,86,909.8,Bengaluru,12.9716,77.5946
2023-07-12T20:00,22.2,86,910.2,Bengaluru,12.9716,77.5946
2023-07-12T21:00,21.6,89,910.5,Bengaluru,12.9716,77.5946
2023-07-12T22:00,21.1,92,910.8,Bengaluru,12.9716,77.5946
2023-07-12T23:00,20.8,93,910.7,Bengaluru,12.9716,77.5946
2023-07-13T00:00,20.4,95,909.9,Bengaluru,12.9716,77.5946
2023-07-13T01:00,20,96,909.3,Bengaluru,12.9716,77.5946
2023-07-13T02:00,19.6,99,908.6,Bengaluru,12.9716,77.5946
2023-07-13T03:00,19.7,99,908.7,Bengaluru,12.9716,77.5946
2023-07-13T04:00,19.9,97,908.7,Bengaluru,12.9716,77.5946
2023-07-13T05:00,20.1,98,909,Bengaluru,12.9716,77.5946
2023-07-13T06:00,20.3,96,910,Bengaluru,12.9716,77.5946
2023-07-13T07:00,21.1,92,910.6,Bengaluru,12.9716,77.5946
2023-07-13T08:00,22.9,81,911,Bengaluru,12.9716,77.5946
2023-07-13T09:00,24,76,911.5,Bengaluru,12.9716,77.5946
2023-07-13T10:00,25.4,73,911.9,Bengaluru,12.9716,77.5946
2023-07-13T11:00,24,76,911.5,Bengaluru,12.9716,77.5946
2023-07-13T12:00,23.5,86,910.8,Bengaluru,12.9716,77.5946
2023-07-13T13:00,24.6,79,910.5,Bengaluru,12.9716,77.5946
2023-07-13T14:00,24.6,78,909.5,Bengaluru,12.9716,77.5946
2023-07-13T15:00,24.5,79,909.2,Bengaluru,12.9716,77.5946
2023-07-13T16:00,24.5,79,909,Bengaluru,12.9716,77.5946
2023-07-13T17:00,22.3,90,909.4,Bengaluru,12.9716,77.5946
2023-07-13T18:00,21.9,87,910,Bengaluru,12.9716,77.5946
2023-07-13T19:00,21.1,91,910.7,Bengaluru,12.9716,77.5946
2023-07-13T20:00,20.8,96,911,Bengaluru,12.9716,77.5946
2023-07-13T21:00,20.7,96,911.3,Bengaluru,12.9716,77.5946
2023-07-13T22:00,20.3,97,911.5,Bengaluru,12.9716,77.5946
2023-07-13T23:00,20.2,97,911.3,Bengaluru,12.9716,77.5946
2023-07-14T00:00,20.1,98,910.9,Bengaluru,12.9716,77.5946
2023-07-14T01:00,20.2,96,910.6,Bengaluru,12.9716,77.5946
2023-07-14T02:00,20.1,95,910.1,Bengaluru,12.9716,77.5946
2023-07-14T03:00,19.8,96,909.6,Bengaluru,12.9716,77.5946
2023-07-14T04:00,20,95,909.8,Bengaluru,12.9716,77.5946
2023-07-14T05:00,20.2,95,910.7,Bengaluru,12.9716,77.5946
2023-07-14T06:00,20.5,94,910.9,Bengaluru,12.9716,77.5946
2023-07-14T07:00,21.2,91,911.9,Bengaluru,12.9716,77.5946
2023-07-14T08:00,21.5,89,912.1,Bengaluru,12.9716,77.5946
2023-07-14T09:00,23.1,81,912.8,Bengaluru,12.9716,77.5946
2023-07-14T10:00,23.8,78,912.9,Bengaluru,12.9716,77.5946
2023-07-14T11:00,25.8,73,912.8,Bengaluru,12.9716,77.5946
2023-07-14T12:00,27,67,912.4,Bengaluru,12.9716,77.5946
2023-07-14T13:00,26.3,66,911.3,Bengaluru,12.9716,77.5946
2023-07-14T14:00,27.5,61,910.6,Bengaluru,12.9716,77.5946
2023-07-14T15:00,26.4,63,909.7,Bengaluru,12.9716,77.5946
2023-07-14T16:00,26.1,66,909.6,Bengaluru,12.9716,77.5946
2023-07-14T17:00,25.1,71,910.2,Bengaluru,12.9716,77.5946
2023-07-14T18:00,22.9,82,910.5,Bengaluru,12.9716,77.5946
2023-07-14T19:00,22.2,84,911.1,Bengaluru,12.9716,77.5946
2023-07-14T20:00,22,87,911.9,Bengaluru,12.9716,77.5946
2023-07-14T21:00,21.7,88,912.4,Bengaluru,12.9716,77.5946
2023-07-14T22:00,20.9,91,912.4,Bengaluru,12.9716,77.5946
2023-07-14T23:00,20.3,94,912.1,Bengaluru,12.9716,77.5946
2023-07-15T00:00,20,95,911.7,Bengaluru,12.9716,77.5946
2023-07-15T01:00,19.8,96,911.1,Bengaluru,12.9716,77.5946
2023-07-15T02:00,19.5,98,910.6,Bengaluru,12.9716,77.5946
2023-07-15T03:00,19.3,98,910.3,Bengaluru,12.9716,77.5946
2023-07-15T04:00,19.4,98,910.2,Bengaluru,12.9716,77.5946
2023-07-15T05:00,19.7,97,910.8,Bengaluru,12.9716,77.5946
2023-07-15T06:00,20.3,93,911.1,Bengaluru,12.9716,77.5946
2023-07-15T07:00,21.4,89,911.7,Bengaluru,12.9716,77.5946
2023-07-15T08:00,22.9,80,912.3,Bengaluru,12.9716,77.5946
2023-07-15T09:00,24.4,73,913,Bengaluru,12.9716,77.5946
2023-07-15T10:00,25.8,69,913.7,Bengaluru,12.9716,77.5946
2023-07-15T11:00,27.1,66,913.6,Bengaluru,12.9716,77.5946
2023-07-15T12:00,27.9,64,912.6,Bengaluru,12.9716,77.5946
2023-07-15T13:00,28.1,60,911.3,Bengaluru,12.9716,77.5946
2023-07-15T14:00,28.1,60,910.3,Bengaluru,12.9716,77.5946
2023-07-15T15:00,26.4,65,909.7,Bengaluru,12.9716,77.5946
2023-07-15T16:00,25.7,70,909.5,Bengaluru,12.9716,77.5946
2023-07-15T17:00,25.4,71,910,Bengaluru,12.9716,77.5946
2023-07-15T18:00,24.5,77,910.1,Bengaluru,12.9716,77.5946
2023-07-15T19:00,23.5,80,910.6,Bengaluru,12.9716,77.5946
2023-07-15T20:00,22.9,84,911.3,Bengaluru,12.9716,77.5946
2023-07-15T21:00,22.4,86,911.9,Bengaluru,12.9716,77.5946
2023-07-15T22:00,22.2,86,912,Bengaluru,12.9716,77.5946
2023-07-15T23:00,21.6,89,911.8,Bengaluru,12.9716,77.5946
2023-07-16T00:00,21,91,911.2,Bengaluru,12.9716,77.5946
2023-07-16T01:00,20.5,94,910.6,Bengaluru,12.9716,77.5946
2023-07-16T02:00,20,96,910.1,Bengaluru,12.9716,77.5946
2023-07-16T03:00,19.7,98,909.7,Bengaluru,12.9716,77.5946
2023-07-16T04:00,19.6,98,909.6,Bengaluru,12.9716,77.5946
2023-07-16T05:00,20.5,97,910,Bengaluru,12.9716,77.5946
2023-07-16T06:00,21.3,92,910.7,Bengaluru,12.9716,77.5946
2023-07-16T07:00,22.1,87,911.4,Bengaluru,12.9716,77.5946
2023-07-16T08:00,23.6,78,911.8,Bengaluru,12.9716,77.5946
2023-07-16T09:00,24.6,73,912.1,Bengaluru,12.9716,77.5946
2023-07-16T10:00,25.3,71,912.1,Bengaluru,12.9716,77.5946
2023-07-16T11:00,26.4,66,912.1,Bengaluru,12.9716,77.5946
2023-07-16T12:00,26.9,68,911.5,Bengaluru,12.9716,77.5946
2023-07-16T13:00,27.4,64,910.7,Bengaluru,12.9716,77.5946
2023-07-16T14:00,27.7,64,910.2,Bengaluru,12.9716,77.5946
2023-07-16T15:00,27.4,64,909.2,Bengaluru,12.9716,77.5946
2023-07-16T16:00,25.5,71,908.9,Bengaluru,12.9716,77.5946
2023-07-16T17:00,25.7,66,909.6,Bengaluru,12.9716,77.5946
2023-07-16T18:00,24.6,73,909.9,Bengaluru,12.9716,77.5946
2023-07-16T19:00,23.2,81,910.1,Bengaluru,12.9716,77.5946
2023-07-16T20:00,22.1,85,911.3,Bengaluru,12.9716,77.5946
2023-07-16T21:00,22.1,84,911.4,Bengaluru,12.9716,77.5946
2023-07-16T22:00,21.8,87,912,Bengaluru,12.9716,77.5946
2023-07-16T23:00,21.1,89,911.6,Bengaluru,12.9716,77.5946
2023-07-17T00:00,20.5,92,910.8,Bengaluru,12.9716,77.5946
2023-07-17T01:00,20.1,94,910.2,Bengaluru,12.9716,77.5946
2023-07-17T02:00,19.8,96,909.7,Bengaluru,12.9716,77.5946
2023-07-17T03:00,19.6,97,909.2,Bengaluru,12.9716,77.5946
2023-07-17T04:00,19.5,97,909,Bengaluru,12.9716,77.5946
2023-07-17T05:00,20.2,96,909.5,Bengaluru,12.9716,77.5946
2023-07-17T06:00,20.3,95,909.9,Bengaluru,12.9716,77.5946
2023-07-17T07:00,21.7,88,911,Bengaluru,12.9716,77.5946
2023-07-17T08:00,22.6,84,911.5,Bengaluru,12.9716,77.5946
2023-07-17T09:00,23.6,80,911.7,Bengaluru,12.9716,77.5946
2023-07-17T10:00,24.8,74,911.5,Bengaluru,12.9716,77.5946
2023-07-17T11:00,26.2,68,911.5,Bengaluru,12.9716,77.5946
2023-07-17T12:00,26.8,63,910.9,Bengaluru,12.9716,77.5946
2023-07-17T13:00,27.5,59,910.2,Bengaluru,12.9716,77.5946
2023-07-17T14:00,27.5,58,909.4,Bengaluru,12.9716,77.5946
2023-07-17T15:00,27.4,57,908.4,Bengaluru,12.9716,77.5946
2023-07-17T16:00,26.4,63,908.2,Bengaluru,12.9716,77.5946
2023-07-17T17:00,25.3,68,908.8,Bengaluru,12.9716,77.5946
2023-07-17T18:00,24.8,72,909.2,Bengaluru,12.9716,77.5946
2023-07-17T19:00,23.9,75,910,Bengaluru,12.9716,77.5946
2023-07-17T20:00,23.2,75,910.6,Bengaluru,12.9716,77.5946
2023-07-17T21:00,22.5,78,911.1,Bengaluru,12.9716,77.5946
2023-07-17T22:00,21.9,81,911.3,Bengaluru,12.9716,77.5946
2023-07-17T23:00,21.5,84,911,Bengaluru,12.9716,77.5946
2023-07-18T00:00,21.2,87,910.2,Bengaluru,12.9716,77.5946
2023-07-18T01:00,20.8,89,909.6,Bengaluru,12.9716,77.5946
2023-07-18T02:00,20.5,91,908.7,Bengaluru,12.9716,77.5946
2023-07-18T03:00,20.4,92,908.4,Bengaluru,12.9716,77.5946
2023-07-18T04:00,20.5,91,908.6,Bengaluru,12.9716,77.5946
2023-07-18T05:00,21,90,909.4,Bengaluru,12.9716,77.5946
2023-07-18T06:00,21.4,88,909.9,Bengaluru,12.9716,77.5946
2023-07-18T07:00,22,85,910.2,Bengaluru,12.9716,77.5946
2023-07-18T08:00,23.3,78,910.7,Bengaluru,12.9716,77.5946
2023-07-18T09:00,24.8,69,911.2,Bengaluru,12.9716,77.5946
2023-07-18T10:00,26.2,62,911.6,Bengaluru,12.9716,77.5946
2023-07-18T11:00,26.6,60,911.2,Bengaluru,12.9716,77.5946
2023-07-18T12:00,27.1,58,910.6,Bengaluru,12.9716,77.5946
2023-07-18T13:00,27.9,54,910,Bengaluru,12.9716,77.5946
2023-07-18T14:00,27.9,53,909,Bengaluru,12.9716,77.5946
2023-07-18T15:00,27.6,53,908.3,Bengaluru,12.9716,77.5946
2023-07-18T16:00,27.2,55,907.8,Bengaluru,12.9716,77.5946
2023-07-18T17:00,24.6,68,908.2,Bengaluru,12.9716,77.5946
2023-07-18T18:00,23.7,74,908.4,Bengaluru,12.9716,77.5946
2023-07-18T19:00,23.4,74,908.9,Bengaluru,12.9716,77.5946
2023-07-18T20:00,22.8,77,909.4,Bengaluru,12.9716,77.5946
2023-07-18T21:00,22.3,79,909.9,Bengaluru,12.9716,77.5946
2023-07-18T22:00,21.8,82,910.2,Bengaluru,12.9716,77.5946
2023-07-18T23:00,21.6,84,909.6,Bengaluru,12.9716,77.5946
2023-07-19T00:00,21.2,85,909,Bengaluru,12.9716,77.5946
2023-07-19T01:00,20.8,87,908.4,Bengaluru,12.9716,77.5946
2023-07-19T02:00,20.6,87,907.7,Bengaluru,12.9716,77.5946
2023-07-19T03:00,20.5,87,907.4,Bengaluru,12.9716,77.5946
2023-07-19T04:00,20.4,87,907.5,Bengaluru,12.9716,77.5946
2023-07-19T05:00,20.6,89,907.4,Bengaluru,12.9716,77.5946
2023-07-19T06:00,20.9,88,907.6,Bengaluru,12.9716,77.5946
2023-07-19T07:00,21.5,84,908.3,Bengaluru,12.9716,77.5946
2023-07-19T08:00,22.1,82,908.9,Bengaluru,12.9716,77.5946
2023-07-19T09:00,23.5,74,909.4,Bengaluru,12.9716,77.5946
2023-07-19T10:00,24.7,68,909.8,Bengaluru,12.9716,77.5946
2023-07-19T11:00,25.5,64,909.6,Bengaluru,12.9716,77.5946
2023-07-19T12:00,26,62,909.1,Bengaluru,12.9716,77.5946
2023-07-19T13:00,26.5,59,908.5,Bengaluru,12.9716,77.5946
2023-07-19T14:00,26.6,59,907.6,Bengaluru,12.9716,77.5946
2023-07-19T15:00,25.6,63,906.9,Bengaluru,12.9716,77.5946
2023-07-19T16:00,25.2,65,906.6,Bengaluru,12.9716,77.5946
2023-07-19T17:00,24.9,64,907.1,Bengaluru,12.9716,77.5946
2023-07-19T18:00,23.7,70,907.3,Bengaluru,12.9716,77.5946
2023-07-19T19:00,22.6,76,907.7,Bengaluru,12.9716,77.5946
2023-07-19T20:00,21.9,80,908.4,Bengaluru,12.9716,77.5946
2023-07-19T21:00,21.4,82,908.8,Bengaluru,12.9716,77.5946
2023-07-19T22:00,21.1,81,909.1,Bengaluru,12.9716,77.5946
2023-07-19T23:00,20.9,82,908.9,Bengaluru,12.9716,77.5946
2023-07-20T00:00,20.6,84,908.3,Bengaluru,12.9716,77.5946
2023-07-20T01:00,20.5,86,907.7,Bengaluru,12.9716,77.5946
2023-07-20T02:00,20.4,87,907.1,Bengaluru,12.9716,77.5946
2023-07-20T03:00,20.6,86,907,Bengaluru,12.9716,77.5946
2023-07-20T04:00,20.7,86,907.1,Bengaluru,12.9716,77.5946
2023-07-20T05:00,21.2,84,907.3,Bengaluru,12.9716,77.5946
2023-07-20T06:00,21.5,84,907.7,Bengaluru,12.9716,77.5946
2023-07-20T07:00,22.1,81,908.5,Bengaluru,12.9716,77.5946
2023-07-20T08:00,22.3,77,908.9,Bengaluru,12.9716,77.5946
2023-07-20T09:00,23.3,74,909.6,Bengaluru,12.9716,77.5946
2023-07-20T10:00,24,71,909.4,Bengaluru,12.9716,77.5946
2023-07-20T11:00,26,61,909.6,Bengaluru,12.9716,77.5946
2023-07-20T12:00,26.5,61,909,Bengaluru,12.9716,77.5946
2023-07-20T13:00,27.2,58,908.4,Bengaluru,12.9716,77.5946
2023-07-20T14:00,26.7,59,907.7,Bengaluru,12.9716,77.5946
2023-07-20T15:00,26,64,907.2,Bengaluru,12.9716,77.5946
2023-07-20T16:00,26.4,58,906.8,Bengaluru,12.9716,77.5946
2023-07-20T17:00,25.3,62,907.4,Bengaluru,12.9716,77.5946
2023-07-20T18:00,23.9,71,907.5,Bengaluru,12.9716,77.5946
2023-07-20T19:00,23,73,908.1,Bengaluru,12.9716,77.5946
2023-07-20T20:00,22.2,79,908.7,Bengaluru,12.9716,77.5946
2023-07-20T21:00,21.9,80,909.7,Bengaluru,12.9716,77.5946
2023-07-20T22:00,21.2,82,910.2,Bengaluru,12.9716,77.5946
2023-07-20T23:00,20.7,86,909.6,Bengaluru,12.9716,77.5946
2023-07-21T00:00,20.7,86,909,Bengaluru,12.9716,77.5946
2023-07-21T01:00,20.7,86,908.4,Bengaluru,12.9716,77.5946
2023-07-21T02:00,20.4,86,907.7,Bengaluru,12.9716,77.5946
2023-07-21T03:00,20.1,87,907.3,Bengaluru,12.9716,77.5946
2023-07-21T04:00,20.2,87,907.4,Bengaluru,12.9716,77.5946
2023-07-21T05:00,20.9,87,907.4,Bengaluru,12.9716,77.5946
2023-07-21T06:00,21.3,85,907.8,Bengaluru,12.9716,77.5946
2023-07-21T07:00,22.1,82,908.5,Bengaluru,12.9716,77.5946
2023-07-21T08:00,23.3,75,909.1,Bengaluru,12.9716,77.5946
2023-07-21T09:00,24.1,71,909.7,Bengaluru,12.9716,77.5946
2023-07-21T10:00,25.4,65,910.2,Bengaluru,12.9716,77.5946
2023-07-21T11:00,25.6,66,910,Bengaluru,12.9716,77.5946
2023-07-21T12:00,27.1,59,909.8,Bengaluru,12.9716,77.5946
2023-07-21T13:00,27.6,56,909.5,Bengaluru,12.9716,77.5946
2023-07-21T14:00,25.9,67,908.8,Bengaluru,12.9716,77.5946
2023-07-21T15:00,23.9,77,908.5,Bengaluru,12.9716,77.5946
2023-07-21T16:00,25,71,908.3,Bengaluru,12.9716,77.5946
2023-07-21T17:00,25.6,64,908.4,Bengaluru,12.9716,77.5946
2023-07-21T18:00,23.5,76,908.8,Bengaluru,12.9716,77.5946
2023-07-21T19:00,23,78,909.8,Bengaluru,12.9716,77.5946
2023-07-21T20:00,22.5,80,910.5,Bengaluru,12.9716,77.5946
2023-07-21T21:00,22,83,910.7,Bengaluru,12.9716,77.5946
2023-07-21T22:00,21.6,84,911,Bengaluru,12.9716,77.5946
2023-07-21T23:00,21.4,84,910.9,Bengaluru,12.9716,77.5946
2023-07-22T00:00,21.2,85,910.2,Bengaluru,12.9716,77.5946
2023-07-22T01:00,21.1,84,909.9,Bengaluru,12.9716,77.5946
2023-07-22T02:00,20.8,85,909.4,Bengaluru,12.9716,77.5946
2023-07-22T03:00,20.6,85,909.1,Bengaluru,12.9716,77.5946
2023-07-22T04:00,20.8,84,909.2,Bengaluru,12.9716,77.5946
2023-07-22T05:00,21.3,85,909.4,Bengaluru,12.9716,77.5946
2023-07-22T06:00,21.5,86,909.6,Bengaluru,12.9716,77.5946
2023-07-22T07:00,22,83,910.2,Bengaluru,12.9716,77.5946
2023-07-22T08:00,23.5,77,910.7,Bengaluru,12.9716,77.5946
2023-07-22T09:00,24,74,911.1,Bengaluru,12.9716,77.5946
2023-07-22T10:00,24.6,72,911.3,Bengaluru,12.9716,77.5946
2023-07-22T11:00,25.1,67,911.3,Bengaluru,12.9716,77.5946
2023-07-22T12:00,25.6,66,910.8,Bengaluru,12.9716,77.5946
2023-07-22T13:00,25.6,72,910.2,Bengaluru,12.9716,77.5946
2023-07-22T14:00,23.4,81,909.9,Bengaluru,12.9716,77.5946
2023-07-22T15:00,23.4,81,909.1,Bengaluru,12.9716,77.5946
2023-07-22T16:00,23.8,77,909.2,Bengaluru,12.9716,77.5946
2023-07-22T17:00,22.6,86,909.6,Bengaluru,12.9716,77.5946
2023-07-22T18:00,21.8,88,909.7,Bengaluru,12.9716,77.5946
2023-07-22T19:00,21.2,90,910.3,Bengaluru,12.9716,77.5946
2023-07-22T20:00,21,93,911.1,Bengaluru,12.9716,77.5946
2023-07-22T21:00,20.9,94,911.5,Bengaluru,12.9716,77.5946
2023-07-22T22:00,20.9,93,911.7,Bengaluru,12.9716,77.5946
2023-07-22T23:00,20.8,93,911.4,Bengaluru,12.9716,77.5946
2023-07-23T00:00,20.5,93,910.6,Bengaluru,12.9716,77.5946
2023-07-23T01:00,20.3,95,910.1,Bengaluru,12.9716,77.5946
2023-07-23T02:00,20.4,95,909.4,Bengaluru,12.9716,77.5946
2023-07-23T03:00,20.5,93,909.5,Bengaluru,12.9716,77.5946
2023-07-23T04:00,20.5,93,909.5,Bengaluru,12.9716,77.5946
2023-07-23T05:00,20.7,93,909.7,Bengaluru,12.9716,77.5946
2023-07-23T06:00,20.9,93,910.3,Bengaluru,12.9716,77.5946
2023-07-23T07:00,21.4,89,910.9,Bengaluru,12.9716,77.5946
2023-07-23T08:00,23.2,81,911.5,Bengaluru,12.9716,77.5946
2023-07-23T09:00,23.3,80,911.6,Bengaluru,12.9716,77.5946
2023-07-23T10:00,25.2,71,912,Bengaluru,12.9716,77.5946
2023-07-23T11:00,26,68,911.8,Bengaluru,12.9716,77.5946
2023-07-23T12:00,26,67,911.3,Bengaluru,12.9716,77.5946
2023-07-23T13:00,25.4,71,910.3,Bengaluru,12.9716,77.5946
2023-07-23T14:00,24.1,77,909.8,Bengaluru,12.9716,77.5946
2023-07-23T15:00,23.2,82,909,Bengaluru,12.9716,77.5946
2023-07-23T16:00,23,86,908.7,Bengaluru,12.9716,77.5946
2023-07-23T17:00,21.6,91,909.6,Bengaluru,12.9716,77.5946
2023-07-23T18:00,21.3,94,909.8,Bengaluru,12.9716,77.5946
2023-07-23T19:00,21.1,94,910.1,Bengaluru,12.9716,77.5946
2023-07-23T20:00,21.1,94,910.7,Bengaluru,12.9716,77.5946
2023-07-23T21:00,21,94,911.4,Bengaluru,12.9716,77.5946
2023-07-23T22:00,20.7,94,911.6,Bengaluru,12.9716,77.5946
2023-07-23T23:00,20.5,94,910.9,Bengaluru,12.9716,77.5946
2023-07-24T00:00,20.2,93,910,Bengaluru,12.9716,77.5946
2023-07-24T01:00,19.9,93,909.5,Bengaluru,12.9716,77.5946
2023-07-24T02:00,19.8,94,908.7,Bengaluru,12.9716,77.5946
2023-07-24T03:00,19.9,93,908.5,Bengaluru,12.9716,77.5946
2023-07-24T04:00,19.9,93,908.7,Bengaluru,12.9716,77.5946
2023-07-24T05:00,20.4,94,908.9,Bengaluru,12.9716,77.5946
2023-07-24T06:00,20.6,93,909.3,Bengaluru,12.9716,77.5946
2023-07-24T07:00,20.8,95,910,Bengaluru,12.9716,77.5946
2023-07-24T08:00,21.3,92,910.4,Bengaluru,12.9716,77.5946
2023-07-24T09:00,22.7,84,911,Bengaluru,12.9716,77.5946
2023-07-24T10:00,24.6,72,911.3,Bengaluru,12.9716,77.5946
2023-07-24T11:00,25.6,66,911.1,Bengaluru,12.9716,77.5946
2023-07-24T12:00,25.7,66,910.7,Bengaluru,12.9716,77.5946
2023-07-24T13:00,24.2,73,910.1,Bengaluru,12.9716,77.5946
2023-07-24T14:00,23,83,909.1,Bengaluru,12.9716,77.5946
2023-07-24T15:00,24.4,78,908.7,Bengaluru,12.9716,77.5946
2023-07-24T16:00,21.9,87,908.4,Bengaluru,12.9716,77.5946
2023-07-24T17:00,21,90,908.7,Bengaluru,12.9716,77.5946
2023-07-24T18:00,20.8,95,909,Bengaluru,12.9716,77.5946
2023-07-24T19:00,20.8,94,909.8,Bengaluru,12.9716,77.5946
2023-07-24T20:00,20.6,94,910.1,Bengaluru,12.9716,77.5946
2023-07-24T21:00,20.4,95,910.5,Bengaluru,12.9716,77.5946
2023-07-24T22:00,20.3,95,910.9,Bengaluru,12.9716,77.5946
2023-07-24T23:00,20.2,96,910.6,Bengaluru,12.9716,77.5946
2023-07-25T00:00,20,97,910.1,Bengaluru,12.9716,77.5946
2023-07-25T01:00,20.1,96,909.4,Bengaluru,12.9716,77.5946
2023-07-25T02:00,19.9,96,908.7,Bengaluru,12.9716,77.5946
2023-07-25T03:00,19.9,95,908.4,Bengaluru,12.9716,77.5946
2023-07-25T04:00,19.8,95,908.6,Bengaluru,12.9716,77.5946
2023-07-25T05:00,20.2,94,908.8,Bengaluru,12.9716,77.5946
2023-07-25T06:00,20.2,95,908.9,Bengaluru,12.9716,77.5946
2023-07-25T07:00,20.7,95,909.5,Bengaluru,12.9716,77.5946
2023-07-25T08:00,21.4,90,910.4,Bengaluru,12.9716,77.5946
2023-07-25T09:00,22,87,910.7,Bengaluru,12.9716,77.5946
2023-07-25T10:00,22.8,82,910.8,Bengaluru,12.9716,77.5946
2023-07-25T11:00,23.4,79,910.8,Bengaluru,12.9716,77.5946
2023-07-25T12:00,23.1,81,910.5,Bengaluru,12.9716,77.5946
2023-07-25T13:00,22.8,84,910.1,Bengaluru,12.9716,77.5946
2023-07-25T14:00,22.1,91,909.5,Bengaluru,12.9716,77.5946
2023-07-25T15:00,22.1,91,908.9,Bengaluru,12.9716,77.5946
2023-07-25T16:00,22.3,89,908.9,Bengaluru,12.9716,77.5946
2023-07-25T17:00,21.4,93,909.4,Bengaluru,12.9716,77.5946
2023-07-25T18:00,21.2,94,909.6,Bengaluru,12.9716,77.5946
2023-07-25T19:00,21,95,910.4,Bengaluru,12.9716,77.5946
2023-07-25T20:00,20.9,95,911.2,Bengaluru,12.9716,77.5946
2023-07-25T21:00,20.6,95,911.5,Bengaluru,12.9716,77.5946
2023-07-25T22:00,20.3,95,911.5,Bengaluru,12.9716,77.5946
2023-07-25T23:00,20,95,911,Bengaluru,12.9716,77.5946
2023-07-26T00:00,19.9,95,910.1,Bengaluru,12.9716,77.5946
2023-07-26T01:00,19.8,95,910,Bengaluru,12.9716,77.5946
2023-07-26T02:00,19.6,96,909.6,Bengaluru,12.9716,77.5946
2023-07-26T03:00,19.5,96,909.2,Bengaluru,12.9716,77.5946
2023-07-26T04:00,19.3,96,909,Bengaluru,12.9716,77.5946
2023-07-26T05:00,19.7,95,909.4,Bengaluru,12.9716,77.5946
2023-07-26T06:00,19.9,95,910.4,Bengaluru,12.9716,77.5946
2023-07-26T07:00,20.3,95,911,Bengaluru,12.9716,77.5946
2023-07-26T08:00,20.6,94,911.5,Bengaluru,12.9716,77.5946
2023-07-26T09:00,21,92,911.8,Bengaluru,12.9716,77.5946
2023-07-26T10:00,22.2,85,912.3,Bengaluru,12.9716,77.5946
2023-07-26T11:00,21.5,91,911.8,Bengaluru,12.9716,77.5946
2023-07-26T12:00,22.5,86,911.7,Bengaluru,12.9716,77.5946
2023-07-26T13:00,21.9,91,911,Bengaluru,12.9716,77.5946
2023-07-26T14:00,23.2,82,910.5,Bengaluru,12.9716,77.5946
2023-07-26T15:00,23,83,910,Bengaluru,12.9716,77.5946
2023-07-26T16:00,22,91,909.8,Bengaluru,12.9716,77.5946
2023-07-26T17:00,21.3,93,910.5,Bengaluru,12.9716,77.5946
2023-07-26T18:00,21.2,93,910.6,Bengaluru,12.9716,77.5946
2023-07-26T19:00,21,94,911.4,Bengaluru,12.9716,77.5946
2023-07-26T20:00,20.7,94,911.5,Bengaluru,12.9716,77.5946
2023-07-26T21:00,20.4,94,911.6,Bengaluru,12.9716,77.5946
2023-07-26T22:00,20.2,94,911.8,Bengaluru,12.9716,77.5946
2023-07-26T23:00,20,94,911.6,Bengaluru,12.9716,77.5946
2023-07-27T00:00,19.8,94,911.1,Bengaluru,12.9716,77.5946
2023-07-27T01:00,19.7,95,909.9,Bengaluru,12.9716,77.5946
2023-07-27T02:00,19.6,94,909.7,Bengaluru,12.9716,77.5946
2023-07-27T03:00,19.7,93,909.7,Bengaluru,12.9716,77.5946
2023-07-27T04:00,19.8,93,909.4,Bengaluru,12.9716,77.5946
2023-07-27T05:00,19.8,93,909.9,Bengaluru,12.9716,77.5946
2023-07-27T06:00,19.9,93,910.7,Bengaluru,12.9716,77.5946
2023-07-27T07:00,20.2,92,911.4,Bengaluru,12.9716,77.5946
2023-07-27T08:00,21.9,83,912.3,Bengaluru,12.9716,77.5946
2023-07-27T09:00,22.9,77,912.7,Bengaluru,12.9716,77.5946
2023-07-27T10:00,23.8,72,912.4,Bengaluru,12.9716,77.5946
2023-07-27T11:00,24.8,68,912.5,Bengaluru,12.9716,77.5946
2023-07-27T12:00,26.3,64,912.1,Bengaluru,12.9716,77.5946
2023-07-27T13:00,27.1,62,911.4,Bengaluru,12.9716,77.5946
2023-07-27T14:00,27.1,62,910.9,Bengaluru,12.9716,77.5946
2023-07-27T15:00,26,69,910.2,Bengaluru,12.9716,77.5946
2023-07-27T16:00,23.7,78,910.2,Bengaluru,12.9716,77.5946
2023-07-27T17:00,23.3,77,910.5,Bengaluru,12.9716,77.5946
2023-07-27T18:00,22.7,80,910.6,Bengaluru,12.9716,77.5946
2023-07-27T19:00,22.2,81,911.3,Bengaluru,12.9716,77.5946
2023-07-27T20:00,21.7,82,912,Bengaluru,12.9716,77.5946
2023-07-27T21:00,21.4,83,912.3,Bengaluru,12.9716,77.5946
2023-07-27T22:00,20.8,84,912.6,Bengaluru,12.9716,77.5946
2023-07-27T23:00,20.5,85,912.2,Bengaluru,12.9716,77.5946
2023-07-28T00:00,20.1,88,911.4,Bengaluru,12.9716,77.5946
2023-07-28T01:00,19.7,89,910.8,Bengaluru,12.9716,77.5946
2023-07-28T02:00,19.4,90,910.3,Bengaluru,12.9716,77.5946
2023-07-28T03:00,19.1,91,910.2,Bengaluru,12.9716,77.5946
2023-07-28T04:00,19,90,910.3,Bengaluru,12.9716,77.5946
2023-07-28T05:00,19.7,86,910.9,Bengaluru,12.9716,77.5946
2023-07-28T06:00,19.8,87,911.1,Bengaluru,12.9716,77.5946
2023-07-28T07:00,21.4,82,911.8,Bengaluru,12.9716,77.5946
2023-07-28T08:00,23,74,912.4,Bengaluru,12.9716,77.5946
2023-07-28T09:00,24,70,912.7,Bengaluru,12.9716,77.5946
2023-07-28T10:00,24.6,69,912.6,Bengaluru,12.9716,77.5946
2023-07-28T11:00,25.8,64,912.6,Bengaluru,12.9716,77.5946
2023-07-28T12:00,26.3,63,912.2,Bengaluru,12.9716,77.5946
2023-07-28T13:00,27.6,58,911.3,Bengaluru,12.9716,77.5946
2023-07-28T14:00,28.2,57,910.3,Bengaluru,12.9716,77.5946
2023-07-28T15:00,26.5,65,909.6,Bengaluru,12.9716,77.5946
2023-07-28T16:00,25.9,66,909.4,Bengaluru,12.9716,77.5946
2023-07-28T17:00,24.6,74,910.1,Bengaluru,12.9716,77.5946
2023-07-28T18:00,23.8,76,910.3,Bengaluru,12.9716,77.5946
2023-07-28T19:00,22.9,80,910.9,Bengaluru,12.9716,77.5946
2023-07-28T20:00,22.3,83,911.3,Bengaluru,12.9716,77.5946
2023-07-28T21:00,21.9,83,911.8,Bengaluru,12.9716,77.5946
2023-07-28T22:00,21.4,85,912.1,Bengaluru,12.9716,77.5946
2023-07-28T23:00,20.7,88,911.7,Bengaluru,12.9716,77.5946
2023-07-29T00:00,20.2,91,911.1,Bengaluru,12.9716,77.5946
2023-07-29T01:00,19.7,93,910.5,Bengaluru,12.9716,77.5946
2023-07-29T02:00,19.6,94,909.8,Bengaluru,12.9716,77.5946
2023-07-29T03:00,19.8,92,909.8,Bengaluru,12.9716,77.5946
2023-07-29T04:00,19.8,92,910,Bengaluru,12.9716,77.5946
2023-07-29T05:00,19.5,95,910.6,Bengaluru,12.9716,77.5946
2023-07-29T06:00,19.7,94,910.9,Bengaluru,12.9716,77.5946
2023-07-29T07:00,21.2,86,911.5,Bengaluru,12.9716,77.5946
2023-07-29T08:00,22.8,77,912.5,Bengaluru,12.9716,77.5946
2023-07-29T09:00,24.1,71,913,Bengaluru,12.9716,77.5946
2023-07-29T10:00,25.3,66,913,Bengaluru,12.9716,77.5946
2023-07-29T11:00,26.4,62,912.8,Bengaluru,12.9716,77.5946
2023-07-29T12:00,26.7,60,912.2,Bengaluru,12.9716,77.5946
2023-07-29T13:00,27.7,57,911.5,Bengaluru,12.9716,77.5946
2023-07-29T14:00,27.8,57,910.5,Bengaluru,12.9716,77.5946
2023-07-29T15:00,26.8,63,909.9,Bengaluru,12.9716,77.5946
2023-07-29T16:00,26.4,63,909.4,Bengaluru,12.9716,77.5946
2023-07-29T17:00,24.4,72,910.6,Bengaluru,12.9716,77.5946
2023-07-29T18:00,23.7,75,910.6,Bengaluru,12.9716,77.5946
2023-07-29T19:00,23,77,911.2,Bengaluru,12.9716,77.5946
2023-07-29T20:00,22.5,78,911.7,Bengaluru,12.9716,77.5946
2023-07-29T21:00,22,79,912.1,Bengaluru,12.9716,77.5946
2023-07-29T22:00,21.3,82,912.2,Bengaluru,12.9716,77.5946
2023-07-29T23:00,20.7,86,912.2,Bengaluru,12.9716,77.5946
2023-07-30T00:00,20,89,911.4,Bengaluru,12.9716,77.5946
2023-07-30T01:00,19.5,91,911,Bengaluru,12.9716,77.5946
2023-07-30T02:00,19,94,910.2,Bengaluru,12.9716,77.5946
2023-07-30T03:00,18.7,96,909.7,Bengaluru,12.9716,77.5946
2023-07-30T04:00,18.6,97,909.9,Bengaluru,12.9716,77.5946
2023-07-30T05:00,19.2,95,910.8,Bengaluru,12.9716,77.5946
2023-07-30T06:00,20.4,89,911.4,Bengaluru,12.9716,77.5946
2023-07-30T07:00,21.4,84,911.9,Bengaluru,12.9716,77.5946
2023-07-30T08:00,22.7,77,912.4,Bengaluru,12.9716,77.5946
2023-07-30T09:00,24.4,70,912.8,Bengaluru,12.9716,77.5946
2023-07-30T10:00,25.6,65,912.4,Bengaluru,12.9716,77.5946
2023-07-30T11:00,26.8,59,912.2,Bengaluru,12.9716,77.5946
2023-07-30T12:00,26.7,60,911.7,Bengaluru,12.9716,77.5946
2023-07-30T13:00,27.8,60,911,Bengaluru,12.9716,77.5946
2023-07-30T14:00,28,58,910.1,Bengaluru,12.9716,77.5946
2023-07-30T15:00,27.9,59,909.3,Bengaluru,12.9716,77.5946
2023-07-30T16:00,26.7,63,909.1,Bengaluru,12.9716,77.5946
2023-07-30T17:00,25.7,66,909.5,Bengaluru,12.9716,77.5946
2023-07-30T18:00,23.8,72,909.8,Bengaluru,12.9716,77.5946
2023-07-30T19:00,23.1,74,910,Bengaluru,12.9716,77.5946
2023-07-30T20:00,22.5,79,910.6,Bengaluru,12.9716,77.5946
2023-07-30T21:00,22,84,911.2,Bengaluru,12.9716,77.5946
2023-07-30T22:00,21.5,87,911.8,Bengaluru,12.9716,77.5946
2023-07-30T23:00,20.9,89,911.3,Bengaluru,12.9716,77.5946
2023-07-31T00:00,20.3,93,910.7,Bengaluru,12.9716,77.5946
2023-07-31T01:00,19.7,96,910,Bengaluru,12.9716,77.5946
2023-07-31T02:00,19.5,97,909.5,Bengaluru,12.9716,77.5946
2023-07-31T03:00,19.4,97,909.1,Bengaluru,12.9716,77.5946
2023-07-31T04:00,19.6,96,909.3,Bengaluru,12.9716,77.5946
2023-07-31T05:00,20.1,94,909.6,Bengaluru,12.9716,77.5946
2023-07-31T06:00,21,89,910.4,Bengaluru,12.9716,77.5946
2023-07-31T07:00,21.8,87,911.4,Bengaluru,12.9716,77.5946
2023-07-31T08:00,22.8,82,912.1,Bengaluru,12.9716,77.5946
2023-07-31T09:00,24,77,912.6,Bengaluru,12.9716,77.5946
2023-07-31T10:00,25.3,72,912.6,Bengaluru,12.9716,77.5946
2023-07-31T11:00,26.5,67,912.3,Bengaluru,12.9716,77.5946
2023-07-31T12:00,27.5,62,911.7,Bengaluru,12.9716,77.5946
2023-07-31T13:00,28.3,59,911.1,Bengaluru,12.9716,77.5946
2023-07-31T14:00,28.7,58,910.3,Bengaluru,12.9716,77.5946
2023-07-31T15:00,28.6,58,909.4,Bengaluru,12.9716,77.5946
2023-07-31T16:00,27.1,63,908.7,Bengaluru,12.9716,77.5946
2023-07-31T17:00,26.1,66,909.8,Bengaluru,12.9716,77.5946
2023-07-31T18:00,24.7,73,910,Bengaluru,12.9716,77.5946
2023-07-31T19:00,24,74,910.2,Bengaluru,12.9716,77.5946
2023-07-31T20:00,23.3,79,911.1,Bengaluru,12.9716,77.5946
2023-07-31T21:00,22.4,83,911.7,Bengaluru,12.9716,77.5946
2023-07-31T22:00,21.5,86,911.9,Bengaluru,12.9716,77.5946
2023-07-31T23:00,20.8,90,911.6,Bengaluru,12.9716,77.5946
2023-08-01T00:00,20.2,93,910.9,Bengaluru,12.9716,77.5946
2023-08-01T01:00,19.7,96,910.2,Bengaluru,12.9716,77.5946
2023-08-01T02:00,19.8,95,909.7,Bengaluru,12.9716,77.5946
2023-08-01T03:00,20.2,93,909.7,Bengaluru,12.9716,77.5946
2023-08-01T04:00,20.5,90,909.8,Bengaluru,12.9716,77.5946
2023-08-01T05:00,21.6,88,910.1,Bengaluru,12.9716,77.5946
2023-08-01T06:00,21.1,91,910.3,Bengaluru,12.9716,77.5946
2023-08-01T07:00,21.7,85,911.2,Bengaluru,12.9716,77.5946
2023-08-01T08:00,22.7,82,912.1,Bengaluru,12.9716,77.5946
2023-08-01T09:00,24.2,78,912.3,Bengaluru,12.9716,77.5946
2023-08-01T10:00,25.3,71,912,Bengaluru,12.9716,77.5946
2023-08-01T11:00,26.3,66,911.9,Bengaluru,12.9716,77.5946
2023-08-01T12:00,27.2,62,911.5,Bengaluru,12.9716,77.5946
2023-08-01T13:00,28,58,910.9,Bengaluru,12.9716,77.5946
2023-08-01T14:00,28.2,56,910.4,Bengaluru,12.9716,77.5946
2023-08-01T15:00,28,55,909.8,Bengaluru,12.9716,77.5946
2023-08-01T16:00,27.6,57,909.7,Bengaluru,12.9716,77.5946
2023-08-01T17:00,26.1,59,910.1,Bengaluru,12.9716,77.5946
2023-08-01T18:00,25.1,62,910.4,Bengaluru,12.9716,77.5946
2023-08-01T19:00,24,67,911.1,Bengaluru,12.9716,77.5946
2023-08-01T20:00,23,72,911.4,Bengaluru,12.9716,77.5946
2023-08-01T21:00,22.1,77,911.6,Bengaluru,12.9716,77.5946
2023-08-01T22:00,21.1,82,911.8,Bengaluru,12.9716,77.5946
2023-08-01T23:00,20.4,88,911.5,Bengaluru,12.9716,77.5946
2023-08-02T00:00,20.1,91,911.1,Bengaluru,12.9716,77.5946
2023-08-02T01:00,19.9,91,911,Bengaluru,12.9716,77.5946
2023-08-02T02:00,20.2,89,910.3,Bengaluru,12.9716,77.5946
2023-08-02T03:00,20.2,89,910.2,Bengaluru,12.9716,77.5946
2023-08-02T04:00,20.2,88,910.3,Bengaluru,12.9716,77.5946
2023-08-02T05:00,19.5,92,910.6,Bengaluru,12.9716,77.5946
2023-08-02T06:00,19.6,92,910.7,Bengaluru,12.9716,77.5946
2023-08-02T07:00,21,84,911.4,Bengaluru,12.9716,77.5946
2023-08-02T08:00,22.4,76,912.4,Bengaluru,12.9716,77.5946
2023-08-02T09:00,24.2,67,912.9,Bengaluru,12.9716,77.5946
2023-08-02T10:00,25.3,61,913.3,Bengaluru,12.9716,77.5946
2023-08-02T11:00,26.1,58,913.2,Bengaluru,12.9716,77.5946
2023-08-02T12:00,27.3,54,912.5,Bengaluru,12.9716,77.5946
2023-08-02T13:00,27.1,55,911.4,Bengaluru,12.9716,77.5946
2023-08-02T14:00,27.9,53,910.8,Bengaluru,12.9716,77.5946
2023-08-02T15:00,28,52,910.7,Bengaluru,12.9716,77.5946
2023-08-02T16:00,27.9,50,910.3,Bengaluru,12.9716,77.5946
2023-08-02T17:00,26.9,55,910.7,Bengaluru,12.9716,77.5946
2023-08-02T18:00,25.2,62,911,Bengaluru,12.9716,77.5946
2023-08-02T19:00,23.9,69,911.5,Bengaluru,12.9716,77.5946
2023-08-02T20:00,22.9,74,911.8,Bengaluru,12.9716,77.5946
2023-08-02T21:00,21.9,80,912,Bengaluru,12.9716,77.5946
2023-08-02T22:00,21.1,83,912.2,Bengaluru,12.9716,77.5946
2023-08-02T23:00,20.4,88,911.6,Bengaluru,12.9716,77.5946
2023-08-03T00:00,19.9,92,910.9,Bengaluru,12.9716,77.5946
2023-08-03T01:00,19.6,95,910.4,Bengaluru,12.9716,77.5946
2023-08-03T02:00,20,93,909.9,Bengaluru,12.9716,77.5946
2023-08-03T03:00,20.2,91,909.6,Bengaluru,12.9716,77.5946
2023-08-03T04:00,20.1,91,909.8,Bengaluru,12.9716,77.5946
2023-08-03T05:00,21.1,86,910.4,Bengaluru,12.9716,77.5946
2023-08-03T06:00,21.2,85,910.5,Bengaluru,12.9716,77.5946
2023-08-03T07:00,21.5,84,911.3,Bengaluru,12.9716,77.5946
2023-08-03T08:00,22.7,76,911.7,Bengaluru,12.9716,77.5946
2023-08-03T09:00,23.6,73,912.1,Bengaluru,12.9716,77.5946
2023-08-03T10:00,24.9,68,912.4,Bengaluru,12.9716,77.5946
2023-08-03T11:00,26.2,62,912.2,Bengaluru,12.9716,77.5946
2023-08-03T12:00,27.4,57,911.7,Bengaluru,12.9716,77.5946
2023-08-03T13:00,27.9,55,911,Bengaluru,12.9716,77.5946
2023-08-03T14:00,27.7,55,910.6,Bengaluru,12.9716,77.5946
2023-08-03T15:00,28,55,909.9,Bengaluru,12.9716,77.5946
2023-08-03T16:00,27.6,55,909.8,Bengaluru,12.9716,77.5946
2023-08-03T17:00,26.9,56,910.2,Bengaluru,12.9716,77.5946
2023-08-03T18:00,25.6,60,910.6,Bengaluru,12.9716,77.5946
2023-08-03T19:00,24.3,68,911.4,Bengaluru,12.9716,77.5946
2023-08-03T20:00,23.1,76,911.9,Bengaluru,12.9716,77.5946
2023-08-03T21:00,22.2,80,912.4,Bengaluru,12.9716,77.5946
2023-08-03T22:00,21.4,84,912.8,Bengaluru,12.9716,77.5946
2023-08-03T23:00,20.6,88,912.6,Bengaluru,12.9716,77.5946
2023-08-04T00:00,19.9,91,912,Bengaluru,12.9716,77.5946
2023-08-04T01:00,19.6,93,911.6,Bengaluru,12.9716,77.5946
2023-08-04T02:00,19.1,96,911.3,Bengaluru,12.9716,77.5946
2023-08-04T03:00,19.1,95,911.2,Bengaluru,12.9716,77.5946
2023-08-04T04:00,19.3,95,911.3,Bengaluru,12.9716,77.5946
2023-08-04T05:00,19.7,95,911,Bengaluru,12.9716,77.5946
2023-08-04T06:00,20.5,90,911.6,Bengaluru,12.9716,77.5946
2023-08-04T07:00,22.2,82,912.5,Bengaluru,12.9716,77.5946
2023-08-04T08:00,23.3,77,913.1,Bengaluru,12.9716,77.5946
2023-08-04T09:00,24.6,73,913.7,Bengaluru,12.9716,77.5946
2023-08-04T10:00,26.2,65,914.1,Bengaluru,12.9716,77.5946
2023-08-04T11:00,27,61,914.1,Bengaluru,12.9716,77.5946
2023-08-04T12:00,28.1,55,913.6,Bengaluru,12.9716,77.5946
2023-08-04T13:00,28.6,55,912.8,Bengaluru,12.9716,77.5946
2023-08-04T14:00,27.5,59,912.2,Bengaluru,12.9716,77.5946
2023-08-04T15:00,27.1,60,911.6,Bengaluru,12.9716,77.5946
2023-08-04T16:00,26.2,65,911.4,Bengaluru,12.9716,77.5946
2023-08-04T17:00,24.1,74,911.6,Bengaluru,12.9716,77.5946
2023-08-04T18:00,24,76,912,Bengaluru,12.9716,77.5946
2023-08-04T19:00,23.6,75,912.6,Bengaluru,12.9716,77.5946
2023-08-04T20:00,22.9,79,913.3,Bengaluru,12.9716,77.5946
2023-08-04T21:00,22.6,82,914.1,Bengaluru,12.9716,77.5946
2023-08-04T22:00,21.7,84,914.3,Bengaluru,12.9716,77.5946
2023-08-04T23:00,20.9,87,914.1,Bengaluru,12.9716,77.5946
2023-08-05T00:00,20.2,91,913.5,Bengaluru,12.9716,77.5946
2023-08-05T01:00,19.7,95,912.7,Bengaluru,12.9716,77.5946
2023-08-05T02:00,19.4,97,912.4,Bengaluru,12.9716,77.5946
2023-08-05T03:00,19.4,96,912.3,Bengaluru,12.9716,77.5946
2023-08-05T04:00,19.4,96,912.5,Bengaluru,12.9716,77.5946
2023-08-05T05:00,20.3,94,913,Bengaluru,12.9716,77.5946
2023-08-05T06:00,21,89,913.4,Bengaluru,12.9716,77.5946
2023-08-05T07:00,21.8,87,914.3,Bengaluru,12.9716,77.5946
2023-08-05T08:00,23.1,79,915,Bengaluru,12.9716,77.5946
2023-08-05T09:00,24.7,71,915.5,Bengaluru,12.9716,77.5946
2023-08-05T10:00,26.2,63,915.4,Bengaluru,12.9716,77.5946
2023-08-05T11:00,27,60,915.3,Bengaluru,12.9716,77.5946
2023-08-05T12:00,27,65,914.6,Bengaluru,12.9716,77.5946
2023-08-05T13:00,28.2,60,913.7,Bengaluru,12.9716,77.5946
2023-08-05T14:00,28.7,56,913.1,Bengaluru,12.9716,77.5946
2023-08-05T15:00,28,57,912.4,Bengaluru,12.9716,77.5946
2023-08-05T16:00,28.1,57,911.9,Bengaluru,12.9716,77.5946
2023-08-05T17:00,25.9,64,912.6,Bengaluru,12.9716,77.5946
2023-08-05T18:00,25.1,69,912.8,Bengaluru,12.9716,77.5946
2023-08-05T19:00,23.9,75,913.4,Bengaluru,12.9716,77.5946
2023-08-05T20:00,23.4,78,913.9,Bengaluru,12.9716,77.5946
2023-08-05T21:00,23,79,914.3,Bengaluru,12.9716,77.5946
2023-08-05T22:00,22.3,83,914.8,Bengaluru,12.9716,77.5946
2023-08-05T23:00,21.7,87,914.6,Bengaluru,12.9716,77.5946
2023-08-06T00:00,21.4,88,913.9,Bengaluru,12.9716,77.5946
2023-08-06T01:00,21.1,89,913.4,Bengaluru,12.9716,77.5946
2023-08-06T02:00,20.5,93,912.8,Bengaluru,12.9716,77.5946
2023-08-06T03:00,19.8,96,912.4,Bengaluru,12.9716,77.5946
2023-08-06T04:00,19.4,98,912.3,Bengaluru,12.9716,77.5946
2023-08-06T05:00,20.9,92,912.9,Bengaluru,12.9716,77.5946
2023-08-06T06:00,21.2,91,913,Bengaluru,12.9716,77.5946
2023-08-06T07:00,21.8,88,913.7,Bengaluru,12.9716,77.5946
2023-08-06T08:00,22.8,83,914.4,Bengaluru,12.9716,77.5946
2023-08-06T09:00,24.2,76,914.8,Bengaluru,12.9716,77.5946
2023-08-06T10:00,26.1,66,914.8,Bengaluru,12.9716,77.5946
2023-08-06T11:00,27.3,64,914.6,Bengaluru,12.9716,77.5946
2023-08-06T12:00,27.7,62,913.5,Bengaluru,12.9716,77.5946
2023-08-06T13:00,28.8,58,912.7,Bengaluru,12.9716,77.5946
2023-08-06T14:00,28.8,57,911.9,Bengaluru,12.9716,77.5946
2023-08-06T15:00,28.8,56,911.3,Bengaluru,12.9716,77.5946
2023-08-06T16:00,28.1,59,910.9,Bengaluru,12.9716,77.5946
2023-08-06T17:00,27.6,59,910.9,Bengaluru,12.9716,77.5946
2023-08-06T18:00,26,66,911.3,Bengaluru,12.9716,77.5946
2023-08-06T19:00,24.7,69,912,Bengaluru,12.9716,77.5946
2023-08-06T20:00,23.7,74,912.4,Bengaluru,12.9716,77.5946
2023-08-06T21:00,22.9,79,912.8,Bengaluru,12.9716,77.5946
2023-08-06T22:00,22.3,83,913,Bengaluru,12.9716,77.5946
2023-08-06T23:00,21.7,87,912.7,Bengaluru,12.9716,77.5946
2023-08-07T00:00,21.1,90,912.4,Bengaluru,12.9716,77.5946
2023-08-07T01:00,20.4,94,911.4,Bengaluru,12.9716,77.5946
2023-08-07T02:00,19.9,97,910.6,Bengaluru,12.9716,77.5946
2023-08-07T03:00,19.5,98,910.6,Bengaluru,12.9716,77.5946
2023-08-07T04:00,19.6,98,910.8,Bengaluru,12.9716,77.5946
2023-08-07T05:00,19.7,98,910.8,Bengaluru,12.9716,77.5946
2023-08-07T06:00,19.9,98,911.2,Bengaluru,12.9716,77.5946
2023-08-07T07:00,21.3,89,912.2,Bengaluru,12.9716,77.5946
2023-08-07T08:00,23,79,912.8,Bengaluru,12.9716,77.5946
2023-08-07T09:00,24,73,913.1,Bengaluru,12.9716,77.5946
2023-08-07T10:00,25.7,65,913,Bengaluru,12.9716,77.5946
2023-08-07T11:00,26.7,61,912.5,Bengaluru,12.9716,77.5946
2023-08-07T12:00,27.7,57,911.8,Bengaluru,12.9716,77.5946
2023-08-07T13:00,28.2,56,910.8,Bengaluru,12.9716,77.5946
2023-08-07T14:00,29,55,910.2,Bengaluru,12.9716,77.5946
2023-08-07T15:00,28.9,54,909.7,Bengaluru,12.9716,77.5946
2023-08-07T16:00,28.4,55,909.1,Bengaluru,12.9716,77.5946
2023-08-07T17:00,27.7,54,910.2,Bengaluru,12.9716,77.5946
2023-08-07T18:00,26,62,910.4,Bengaluru,12.9716,77.5946
2023-08-07T19:00,24.7,67,910.8,Bengaluru,12.9716,77.5946
2023-08-07T20:00,23.8,73,911.6,Bengaluru,12.9716,77.5946
2023-08-07T21:00,22.7,78,911.5,Bengaluru,12.9716,77.5946
2023-08-07T22:00,22.2,83,911.8,Bengaluru,12.9716,77.5946
2023-08-07T23:00,21.8,88,911.6,Bengaluru,12.9716,77.5946
2023-08-08T00:00,21.3,90,911.3,Bengaluru,12.9716,77.5946
2023-08-08T01:00,20.7,92,910.6,Bengaluru,12.9716,77.5946
2023-08-08T02:00,19.9,95,909.9,Bengaluru,12.9716,77.5946
2023-08-08T03:00,19.4,98,909.6,Bengaluru,12.9716,77.5946
2023-08-08T04:00,19.2,98,909.7,Bengaluru,12.9716,77.5946
2023-08-08T05:00,19.7,98,910,Bengaluru,12.9716,77.5946
2023-08-08T06:00,19.7,98,910.2,Bengaluru,12.9716,77.5946
2023-08-08T07:00,21,91,911.4,Bengaluru,12.9716,77.5946
2023-08-08T08:00,22.7,81,912.2,Bengaluru,12.9716,77.5946
2023-08-08T09:00,24.4,71,912.9,Bengaluru,12.9716,77.5946
2023-08-08T10:00,25.7,65,912.9,Bengaluru,12.9716,77.5946
2023-08-08T11:00,27,59,912.5,Bengaluru,12.9716,77.5946
2023-08-08T12:00,27.8,56,912,Bengaluru,12.9716,77.5946
2023-08-08T13:00,28.6,54,911.5,Bengaluru,12.9716,77.5946
2023-08-08T14:00,28.9,55,910.8,Bengaluru,12.9716,77.5946
2023-08-08T15:00,28.8,56,910.4,Bengaluru,12.9716,77.5946
2023-08-08T16:00,27,62,910.2,Bengaluru,12.9716,77.5946
2023-08-08T17:00,25.7,64,910.9,Bengaluru,12.9716,77.5946
2023-08-08T18:00,24.8,68,911.4,Bengaluru,12.9716,77.5946
2023-08-08T19:00,22.8,76,911.9,Bengaluru,12.9716,77.5946
2023-08-08T20:00,22.1,79,912.6,Bengaluru,12.9716,77.5946
2023-08-08T21:00,21.8,80,913.1,Bengaluru,12.9716,77.5946
2023-08-08T22:00,21.5,83,913.1,Bengaluru,12.9716,77.5946
2023-08-08T23:00,21.1,86,912.6,Bengaluru,12.9716,77.5946
2023-08-09T00:00,20.8,90,911.8,Bengaluru,12.9716,77.5946
2023-08-09T01:00,20.3,94,911.2,Bengaluru,12.9716,77.5946
2023-08-09T02:00,19.8,96,910.7,Bengaluru,12.9716,77.5946
2023-08-09T03:00,19.5,97,910.7,Bengaluru,12.9716,77.5946
2023-08-09T04:00,19.2,98,910.8,Bengaluru,12.9716,77.5946
2023-08-09T05:00,19.9,96,911.6,Bengaluru,12.9716,77.5946
2023-08-09T06:00,20.1,95,912.1,Bengaluru,12.9716,77.5946
2023-08-09T07:00,21.5,89,913.4,Bengaluru,12.9716,77.5946
2023-08-09T08:00,23.4,78,914.4,Bengaluru,12.9716,77.5946
2023-08-09T09:00,24.9,72,914.7,Bengaluru,12.9716,77.5946
2023-08-09T10:00,25.8,68,914.5,Bengaluru,12.9716,77.5946
2023-08-09T11:00,27.2,66,914.6,Bengaluru,12.9716,77.5946
2023-08-09T12:00,28.1,62,914,Bengaluru,12.9716,77.5946
2023-08-09T13:00,28.9,58,913.5,Bengaluru,12.9716,77.5946
2023-08-09T14:00,29.1,55,912.7,Bengaluru,12.9716,77.5946
2023-08-09T15:00,28.6,55,911.4,Bengaluru,12.9716,77.5946
2023-08-09T16:00,27.2,60,911.2,Bengaluru,12.9716,77.5946
2023-08-09T17:00,27,61,911.5,Bengaluru,12.9716,77.5946
2023-08-09T18:00,25.9,66,911.9,Bengaluru,12.9716,77.5946
2023-08-09T19:00,24.4,72,912.4,Bengaluru,12.9716,77.5946
2023-08-09T20:00,23.6,76,913.2,Bengaluru,12.9716,77.5946
2023-08-09T21:00,22.9,80,913.6,Bengaluru,12.9716,77.5946
2023-08-09T22:00,22.5,82,913.6,Bengaluru,12.9716,77.5946
2023-08-09T23:00,21.8,85,913.3,Bengaluru,12.9716,77.5946
2023-08-10T00:00,21.2,87,912.7,Bengaluru,12.9716,77.5946
2023-08-10T01:00,20.7,90,912.3,Bengaluru,12.9716,77.5946
2023-08-10T02:00,20.3,92,911.8,Bengaluru,12.9716,77.5946
2023-08-10T03:00,20.2,93,911.7,Bengaluru,12.9716,77.5946
2023-08-10T04:00,19.9,95,912,Bengaluru,12.9716,77.5946
2023-08-10T05:00,20.3,97,912.2,Bengaluru,12.9716,77.5946
2023-08-10T06:00,21.3,91,913.3,Bengaluru,12.9716,77.5946
2023-08-10T07:00,22.2,86,914,Bengaluru,12.9716,77.5946
2023-08-10T08:00,23.6,78,914.4,Bengaluru,12.9716,77.5946
2023-08-10T09:00,25.3,69,914.8,Bengaluru,12.9716,77.5946
2023-08-10T10:00,26.8,64,914.9,Bengaluru,12.9716,77.5946
2023-08-10T11:00,27.9,60,914.7,Bengaluru,12.9716,77.5946
2023-08-10T12:00,28.6,58,914.1,Bengaluru,12.9716,77.5946
2023-08-10T13:00,28.7,56,913.1,Bengaluru,12.9716,77.5946
2023-08-10T14:00,28.6,56,912.3,Bengaluru,12.9716,77.5946
2023-08-10T15:00,28.7,53,911.4,Bengaluru,12.9716,77.5946
2023-08-10T16:00,27.7,57,911.3,Bengaluru,12.9716,77.5946
2023-08-10T17:00,26.6,65,912,Bengaluru,12.9716,77.5946
2023-08-10T18:00,26,68,912.3,Bengaluru,12.9716,77.5946
2023-08-10T19:00,24.1,72,913.1,Bengaluru,12.9716,77.5946
2023-08-10T20:00,22.5,85,913.5,Bengaluru,12.9716,77.5946
2023-08-10T21:00,22.1,88,914,Bengaluru,12.9716,77.5946
2023-08-10T22:00,21.8,93,914.5,Bengaluru,12.9716,77.5946
2023-08-10T23:00,21.3,93,913.7,Bengaluru,12.9716,77.5946
2023-08-11T00:00,21.1,92,912.8,Bengaluru,12.9716,77.5946
2023-08-11T01:00,20.7,92,912.1,Bengaluru,12.9716,77.5946
2023-08-11T02:00,20.8,91,911.5,Bengaluru,12.9716,77.5946
2023-08-11T03:00,20.7,93,911.1,Bengaluru,12.9716,77.5946
2023-08-11T04:00,20.3,97,911.1,Bengaluru,12.9716,77.5946
2023-08-11T05:00,20.6,95,911.7,Bengaluru,12.9716,77.5946
2023-08-11T06:00,21,94,912.3,Bengaluru,12.9716,77.5946
2023-08-11T07:00,22.2,87,913.3,Bengaluru,12.9716,77.5946
2023-08-11T08:00,23.9,77,913.9,Bengaluru,12.9716,77.5946
2023-08-11T09:00,25.6,68,914.4,Bengaluru,12.9716,77.5946
2023-08-11T10:00,26.9,61,914,Bengaluru,12.9716,77.5946
2023-08-11T11:00,27.6,57,913.9,Bengaluru,12.9716,77.5946
2023-08-11T12:00,28.4,54,913.1,Bengaluru,12.9716,77.5946
2023-08-11T13:00,28.2,54,912.2,Bengaluru,12.9716,77.5946
2023-08-11T14:00,28.2,55,911.1,Bengaluru,12.9716,77.5946
2023-08-11T15:00,28.3,53,910.4,Bengaluru,12.9716,77.5946
2023-08-11T16:00,28,54,910.3,Bengaluru,12.9716,77.5946
2023-08-11T17:00,27,59,910.7,Bengaluru,12.9716,77.5946
2023-08-11T18:00,25.6,71,911,Bengaluru,12.9716,77.5946
2023-08-11T19:00,25.7,67,911.9,Bengaluru,12.9716,77.5946
2023-08-11T20:00,24.4,75,912.1,Bengaluru,12.9716,77.5946
2023-08-11T21:00,23.6,79,912.5,Bengaluru,12.9716,77.5946
2023-08-11T22:00,23.1,79,912.8,Bengaluru,12.9716,77.5946
2023-08-11T23:00,22.4,81,913.1,Bengaluru,12.9716,77.5946
2023-08-12T00:00,21.7,83,912.6,Bengaluru,12.9716,77.5946
2023-08-12T01:00,20.9,88,911.7,Bengaluru,12.9716,77.5946
2023-08-12T02:00,20.5,90,911.4,Bengaluru,12.9716,77.5946
2023-08-12T03:00,20.4,91,910.9,Bengaluru,12.9716,77.5946
2023-08-12T04:00,20.2,92,911.1,Bengaluru,12.9716,77.5946
2023-08-12T05:00,20.1,93,911.1,Bengaluru,12.9716,77.5946
2023-08-12T06:00,20.8,91,911.8,Bengaluru,12.9716,77.5946
2023-08-12T07:00,21.8,89,912.6,Bengaluru,12.9716,77.5946
2023-08-12T08:00,23.6,82,913.4,Bengaluru,12.9716,77.5946
2023-08-12T09:00,25.5,70,914,Bengaluru,12.9716,77.5946
2023-08-12T10:00,27.1,60,914,Bengaluru,12.9716,77.5946
2023-08-12T11:00,28.3,55,913.6,Bengaluru,12.9716,77.5946
2023-08-12T12:00,29,52,912.8,Bengaluru,12.9716,77.5946
2023-08-12T13:00,29.3,53,912,Bengaluru,12.9716,77.5946
2023-08-12T14:00,29.7,51,911.1,Bengaluru,12.9716,77.5946
2023-08-12T15:00,29.5,50,910.4,Bengaluru,12.9716,77.5946
2023-08-12T16:00,29.4,49,910.1,Bengaluru,12.9716,77.5946
2023-08-12T17:00,27.6,51,910.4,Bengaluru,12.9716,77.5946
2023-08-12T18:00,26.3,57,910.8,Bengaluru,12.9716,77.5946
2023-08-12T19:00,25.2,63,911.3,Bengaluru,12.9716,77.5946
2023-08-12T20:00,24.5,66,912,Bengaluru,12.9716,77.5946
2023-08-12T21:00,23.9,69,912.6,Bengaluru,12.9716,77.5946
2023-08-12T22:00,23.3,71,912.7,Bengaluru,12.9716,77.5946
2023-08-12T23:00,22.8,75,912.7,Bengaluru,12.9716,77.5946
2023-08-13T00:00,22.1,79,912.1,Bengaluru,12.9716,77.5946
2023-08-13T01:00,21.3,84,911.3,Bengaluru,12.9716,77.5946
2023-08-13T02:00,20.6,89,910.8,Bengaluru,12.9716,77.5946
2023-08-13T03:00,20.1,92,910.3,Bengaluru,12.9716,77.5946
2023-08-13T04:00,19.6,94,910.4,Bengaluru,12.9716,77.5946
2023-08-13T05:00,19.8,95,910.9,Bengaluru,12.9716,77.5946
2023-08-13T06:00,19.9,94,911,Bengaluru,12.9716,77.5946
2023-08-13T07:00,21.3,87,912.2,Bengaluru,12.9716,77.5946
2023-08-13T08:00,23.3,76,913.2,Bengaluru,12.9716,77.5946
2023-08-13T09:00,24.9,70,913.7,Bengaluru,12.9716,77.5946
2023-08-13T10:00,26.5,62,913.5,Bengaluru,12.9716,77.5946
2023-08-13T11:00,27.6,56,913,Bengaluru,12.9716,77.5946
2023-08-13T12:00,28.5,52,912.2,Bengaluru,12.9716,77.5946
2023-08-13T13:00,28.9,50,911.3,Bengaluru,12.9716,77.5946
2023-08-13T14:00,29.3,48,910.5,Bengaluru,12.9716,77.5946
2023-08-13T15:00,29.3,48,909.7,Bengaluru,12.9716,77.5946
2023-08-13T16:00,29.3,47,909.6,Bengaluru,12.9716,77.5946
2023-08-13T17:00,28.5,47,910,Bengaluru,12.9716,77.5946
2023-08-13T18:00,26.6,56,910.3,Bengaluru,12.9716,77.5946
2023-08-13T19:00,24.8,65,910.8,Bengaluru,12.9716,77.5946
2023-08-13T20:00,24.4,66,911.6,Bengaluru,12.9716,77.5946
2023-08-13T21:00,23.5,70,912.5,Bengaluru,12.9716,77.5946
2023-08-13T22:00,22.4,77,912.7,Bengaluru,12.9716,77.5946
2023-08-13T23:00,22,80,912.5,Bengaluru,12.9716,77.5946
2023-08-14T00:00,21.4,85,911.9,Bengaluru,12.9716,77.5946
2023-08-14T01:00,21.2,86,911.3,Bengaluru,12.9716,77.5946
2023-08-14T02:00,21,89,910.8,Bengaluru,12.9716,77.5946
2023-08-14T03:00,20.9,90,910.8,Bengaluru,12.9716,77.5946
2023-08-14T04:00,20.6,93,910.9,Bengaluru,12.9716,77.5946
2023-08-14T05:00,21,97,911,Bengaluru,12.9716,77.5946
2023-08-14T06:00,20.9,97,911.7,Bengaluru,12.9716,77.5946
2023-08-14T07:00,21.7,91,912.3,Bengaluru,12.9716,77.5946
2023-08-14T08:00,23.3,80,913.2,Bengaluru,12.9716,77.5946
2023-08-14T09:00,25.2,70,913.7,Bengaluru,12.9716,77.5946
2023-08-14T10:00,26.7,61,913.9,Bengaluru,12.9716,77.5946
2023-08-14T11:00,27.4,57,913.2,Bengaluru,12.9716,77.5946
2023-08-14T12:00,28.4,54,912.7,Bengaluru,12.9716,77.5946
2023-08-14T13:00,29,51,912.1,Bengaluru,12.9716,77.5946
2023-08-14T14:00,29.2,49,911.4,Bengaluru,12.9716,77.5946
2023-08-14T15:00,29,49,910.6,Bengaluru,12.9716,77.5946
2023-08-14T16:00,28.5,49,910.2,Bengaluru,12.9716,77.5946
2023-08-14T17:00,27.8,47,910.7,Bengaluru,12.9716,77.5946
2023-08-14T18:00,26.2,64,910.6,Bengaluru,12.9716,77.5946
2023-08-14T19:00,24.7,64,910.9,Bengaluru,12.9716,77.5946
2023-08-14T20:00,24,63,911.8,Bengaluru,12.9716,77.5946
2023-08-14T21:00,24.2,62,912.7,Bengaluru,12.9716,77.5946
2023-08-14T22:00,23.6,64,913.1,Bengaluru,12.9716,77.5946
2023-08-14T23:00,22,73,912.8,Bengaluru,12.9716,77.5946
2023-08-15T00:00,21.1,80,912,Bengaluru,12.9716,77.5946
2023-08-15T01:00,20.5,86,911.3,Bengaluru,12.9716,77.5946
2023-08-15T02:00,19.8,91,910.8,Bengaluru,12.9716,77.5946
2023-08-15T03:00,19.3,95,910.5,Bengaluru,12.9716,77.5946
2023-08-15T04:00,19,97,910.5,Bengaluru,12.9716,77.5946
2023-08-15T05:00,19.6,95,911.2,Bengaluru,12.9716,77.5946
2023-08-15T06:00,19.7,95,911.9,Bengaluru,12.9716,77.5946
2023-08-15T07:00,21.3,87,912.7,Bengaluru,12.9716,77.5946
2023-08-15T08:00,22.9,79,913.6,Bengaluru,12.9716,77.5946
2023-08-15T09:00,24.5,70,913.9,Bengaluru,12.9716,77.5946
2023-08-15T10:00,26.3,60,914,Bengaluru,12.9716,77.5946
2023-08-15T11:00,27.5,54,913.8,Bengaluru,12.9716,77.5946
2023-08-15T12:00,28.5,50,913.1,Bengaluru,12.9716,77.5946
2023-08-15T13:00,29.4,46,912.2,Bengaluru,12.9716,77.5946
2023-08-15T14:00,29.4,45,911.2,Bengaluru,12.9716,77.5946
2023-08-15T15:00,29.3,45,910.7,Bengaluru,12.9716,77.5946
2023-08-15T16:00,29.2,44,910.4,Bengaluru,12.9716,77.5946
2023-08-15T17:00,28.5,40,911,Bengaluru,12.9716,77.5946
2023-08-15T18:00,26.6,43,910.9,Bengaluru,12.9716,77.5946
2023-08-15T19:00,24.6,48,910.8,Bengaluru,12.9716,77.5946
2023-08-15T20:00,24.3,50,911.9,Bengaluru,12.9716,77.5946
2023-08-15T21:00,23.5,50,912.8,Bengaluru,12.9716,77.5946
2023-08-15T22:00,22.8,68,913.5,Bengaluru,12.9716,77.5946
2023-08-15T23:00,21.9,80,913.4,Bengaluru,12.9716,77.5946
2023-08-16T00:00,21.1,86,912.7,Bengaluru,12.9716,77.5946
2023-08-16T01:00,20.3,89,912.1,Bengaluru,12.9716,77.5946
2023-08-16T02:00,19.9,92,911.5,Bengaluru,12.9716,77.5946
2023-08-16T03:00,19.5,95,911.3,Bengaluru,12.9716,77.5946
2023-08-16T04:00,19.1,96,911.6,Bengaluru,12.9716,77.5946
2023-08-16T05:00,19.8,95,912,Bengaluru,12.9716,77.5946
2023-08-16T06:00,20.2,91,912.4,Bengaluru,12.9716,77.5946
2023-08-16T07:00,21.3,84,913.1,Bengaluru,12.9716,77.5946
2023-08-16T08:00,23.2,75,913.9,Bengaluru,12.9716,77.5946
2023-08-16T09:00,25.1,66,914.5,Bengaluru,12.9716,77.5946
2023-08-16T10:00,26.9,58,914.1,Bengaluru,12.9716,77.5946
2023-08-16T11:00,28.3,51,913.8,Bengaluru,12.9716,77.5946
2023-08-16T12:00,29.5,46,913.2,Bengaluru,12.9716,77.5946
2023-08-16T13:00,29.9,45,912.1,Bengaluru,12.9716,77.5946
2023-08-16T14:00,30.5,41,911.1,Bengaluru,12.9716,77.5946
2023-08-16T15:00,30.8,39,910.4,Bengaluru,12.9716,77.5946
2023-08-16T16:00,30.2,41,910.2,Bengaluru,12.9716,77.5946
2023-08-16T17:00,29.3,40,910.5,Bengaluru,12.9716,77.5946
2023-08-16T18:00,27.4,48,910.8,Bengaluru,12.9716,77.5946
2023-08-16T19:00,26.2,51,911.4,Bengaluru,12.9716,77.5946
2023-08-16T20:00,25.5,53,912.1,Bengaluru,12.9716,77.5946
2023-08-16T21:00,24.3,61,912.9,Bengaluru,12.9716,77.5946
2023-08-16T22:00,23.5,66,912.8,Bengaluru,12.9716,77.5946
2023-08-16T23:00,22.9,70,912.7,Bengaluru,12.9716,77.5946
2023-08-17T00:00,22.4,74,912.3,Bengaluru,12.9716,77.5946
2023-08-17T01:00,21.6,79,911.6,Bengaluru,12.9716,77.5946
2023-08-17T02:00,21.1,84,911.1,Bengaluru,12.9716,77.5946
2023-08-17T03:00,20.6,88,911,Bengaluru,12.9716,77.5946
2023-08-17T04:00,20.1,93,911.2,Bengaluru,12.9716,77.5946
2023-08-17T05:00,20.5,95,911.6,Bengaluru,12.9716,77.5946
2023-08-17T06:00,20.7,94,911.9,Bengaluru,12.9716,77.5946
2023-08-17T07:00,21.9,86,912.5,Bengaluru,12.9716,77.5946
2023-08-17T08:00,23.7,76,913.6,Bengaluru,12.9716,77.5946
2023-08-17T09:00,25.6,65,913.8,Bengaluru,12.9716,77.5946
2023-08-17T10:00,27.1,56,913.7,Bengaluru,12.9716,77.5946
2023-08-17T11:00,28.5,49,913.7,Bengaluru,12.9716,77.5946
2023-08-17T12:00,29.3,46,913,Bengaluru,12.9716,77.5946
2023-08-17T13:00,30.1,44,912,Bengaluru,12.9716,77.5946
2023-08-17T14:00,30.7,43,911.3,Bengaluru,12.9716,77.5946
2023-08-17T15:00,30.6,44,910.6,Bengaluru,12.9716,77.5946
2023-08-17T16:00,27.4,56,910.5,Bengaluru,12.9716,77.5946
2023-08-17T17:00,27.5,53,911.1,Bengaluru,12.9716,77.5946
2023-08-17T18:00,26,60,911.4,Bengaluru,12.9716,77.5946
2023-08-17T19:00,24.7,68,912.1,Bengaluru,12.9716,77.5946
2023-08-17T20:00,24.1,70,912.4,Bengaluru,12.9716,77.5946
2023-08-17T21:00,23.7,72,912.6,Bengaluru,12.9716,77.5946
2023-08-17T22:00,23.1,76,912.8,Bengaluru,12.9716,77.5946
2023-08-17T23:00,22.5,80,912.6,Bengaluru,12.9716,77.5946
2023-08-18T00:00,21.8,83,912,Bengaluru,12.9716,77.5946
2023-08-18T01:00,21.2,85,911.1,Bengaluru,12.9716,77.5946
2023-08-18T02:00,20.6,89,910.6,Bengaluru,12.9716,77.5946
2023-08-18T03:00,20.1,91,910.3,Bengaluru,12.9716,77.5946
2023-08-18T04:00,19.8,93,910.2,Bengaluru,12.9716,77.5946
2023-08-18T05:00,20.1,93,910.8,Bengaluru,12.9716,77.5946
2023-08-18T06:00,20.2,91,910.8,Bengaluru,12.9716,77.5946
2023-08-18T07:00,21.8,82,911.7,Bengaluru,12.9716,77.5946
2023-08-18T08:00,23.4,73,912.3,Bengaluru,12.9716,77.5946
2023-08-18T09:00,24.9,65,912.8,Bengaluru,12.9716,77.5946
2023-08-18T10:00,26,59,912.9,Bengaluru,12.9716,77.5946
2023-08-18T11:00,27.5,53,912.5,Bengaluru,12.9716,77.5946
2023-08-18T12:00,28.2,51,911.6,Bengaluru,12.9716,77.5946
2023-08-18T13:00,28.5,49,910.7,Bengaluru,12.9716,77.5946
2023-08-18T14:00,29.8,44,910,Bengaluru,12.9716,77.5946
2023-08-18T15:00,30.1,44,909.4,Bengaluru,12.9716,77.5946
2023-08-18T16:00,28.8,46,909,Bengaluru,12.9716,77.5946
2023-08-18T17:00,27.6,48,909.7,Bengaluru,12.9716,77.5946
2023-08-18T18:00,26.4,52,910.1,Bengaluru,12.9716,77.5946
2023-08-18T19:00,25.5,55,910.4,Bengaluru,12.9716,77.5946
2023-08-18T20:00,24.7,60,910.7,Bengaluru,12.9716,77.5946
2023-08-18T21:00,23.6,68,911.4,Bengaluru,12.9716,77.5946
2023-08-18T22:00,22.6,73,911.8,Bengaluru,12.9716,77.5946
2023-08-18T23:00,21.7,79,911.7,Bengaluru,12.9716,77.5946
2023-08-19T00:00,20.9,85,911.1,Bengaluru,12.9716,77.5946
2023-08-19T01:00,20.5,88,910.7,Bengaluru,12.9716,77.5946
2023-08-19T02:00,20,91,910.3,Bengaluru,12.9716,77.5946
2023-08-19T03:00,20.1,91,910,Bengaluru,12.9716,77.5946
2023-08-19T04:00,19.9,92,909.7,Bengaluru,12.9716,77.5946
2023-08-19T05:00,20.1,93,909.8,Bengaluru,12.9716,77.5946
2023-08-19T06:00,20.3,92,910.1,Bengaluru,12.9716,77.5946
2023-08-19T07:00,21.8,84,910.8,Bengaluru,12.9716,77.5946
2023-08-19T08:00,23.5,74,911.7,Bengaluru,12.9716,77.5946
2023-08-19T09:00,25.2,66,912.2,Bengaluru,12.9716,77.5946
2023-08-19T10:00,26.8,59,912.3,Bengaluru,12.9716,77.5946
2023-08-19T11:00,27.5,59,911.8,Bengaluru,12.9716,77.5946
2023-08-19T12:00,28.2,56,911.3,Bengaluru,12.9716,77.5946
2023-08-19T13:00,28.9,53,910.3,Bengaluru,12.9716,77.5946
2023-08-19T14:00,25.7,65,909.4,Bengaluru,12.9716,77.5946
2023-08-19T15:00,25.9,65,909,Bengaluru,12.9716,77.5946
2023-08-19T16:00,26,67,908.8,Bengaluru,12.9716,77.5946
2023-08-19T17:00,22.7,81,909.5,Bengaluru,12.9716,77.5946
2023-08-19T18:00,22.2,85,909.8,Bengaluru,12.9716,77.5946
2023-08-19T19:00,21.7,89,910.1,Bengaluru,12.9716,77.5946
2023-08-19T20:00,21.4,90,910.7,Bengaluru,12.9716,77.5946
2023-08-19T21:00,21.3,89,911.2,Bengaluru,12.9716,77.5946
2023-08-19T22:00,20.9,90,911.3,Bengaluru,12.9716,77.5946
2023-08-19T23:00,20.4,91,910.9,Bengaluru,12.9716,77.5946
2023-08-20T00:00,20,93,910.3,Bengaluru,12.9716,77.5946
2023-08-20T01:00,19.8,93,910,Bengaluru,12.9716,77.5946
2023-08-20T02:00,19.6,95,909.6,Bengaluru,12.9716,77.5946
2023-08-20T03:00,19.4,95,909.7,Bengaluru,12.9716,77.5946
2023-08-20T04:00,19.5,95,909.8,Bengaluru,12.9716,77.5946
2023-08-20T05:00,20.3,93,910.2,Bengaluru,12.9716,77.5946
2023-08-20T06:00,20.4,92,910.5,Bengaluru,12.9716,77.5946
2023-08-20T07:00,21.2,88,911.1,Bengaluru,12.9716,77.5946
2023-08-20T08:00,22.8,78,912.3,Bengaluru,12.9716,77.5946
2023-08-20T09:00,25,67,912.5,Bengaluru,12.9716,77.5946
2023-08-20T10:00,26.4,62,912.5,Bengaluru,12.9716,77.5946
2023-08-20T11:00,27.9,56,912.1,Bengaluru,12.9716,77.5946
2023-08-20T12:00,28.8,52,911.4,Bengaluru,12.9716,77.5946
2023-08-20T13:00,29.5,49,910.6,Bengaluru,12.9716,77.5946
2023-08-20T14:00,30,48,909.7,Bengaluru,12.9716,77.5946
2023-08-20T15:00,29.9,47,909.1,Bengaluru,12.9716,77.5946
2023-08-20T16:00,29.6,47,908.6,Bengaluru,12.9716,77.5946
2023-08-20T17:00,27.9,51,909,Bengaluru,12.9716,77.5946
2023-08-20T18:00,26.5,56,909.1,Bengaluru,12.9716,77.5946
2023-08-20T19:00,25.2,61,909.5,Bengaluru,12.9716,77.5946
2023-08-20T20:00,24.4,65,910,Bengaluru,12.9716,77.5946
2023-08-20T21:00,23.5,69,910.7,Bengaluru,12.9716,77.5946
2023-08-20T22:00,22.9,75,911.2,Bengaluru,12.9716,77.5946
2023-08-20T23:00,22.1,81,911,Bengaluru,12.9716,77.5946
2023-08-21T00:00,21.6,85,910.6,Bengaluru,12.9716,77.5946
2023-08-21T01:00,20.9,91,909.9,Bengaluru,12.9716,77.5946
2023-08-21T02:00,20.2,95,909.4,Bengaluru,12.9716,77.5946
2023-08-21T03:00,19.7,97,909.2,Bengaluru,12.9716,77.5946
2023-08-21T04:00,19.4,98,909.5,Bengaluru,12.9716,77.5946
2023-08-21T05:00,19.9,98,909.9,Bengaluru,12.9716,77.5946
2023-08-21T06:00,19.9,98,910.3,Bengaluru,12.9716,77.5946
2023-08-21T07:00,21.5,88,911,Bengaluru,12.9716,77.5946
2023-08-21T08:00,23.6,75,912.1,Bengaluru,12.9716,77.5946
2023-08-21T09:00,25.2,68,912.3,Bengaluru,12.9716,77.5946
2023-08-21T10:00,26.8,61,912.5,Bengaluru,12.9716,77.5946
2023-08-21T11:00,28.1,55,912,Bengaluru,12.9716,77.5946
2023-08-21T12:00,29,50,911.6,Bengaluru,12.9716,77.5946
2023-08-21T13:00,29.7,48,910.9,Bengaluru,12.9716,77.5946
2023-08-21T14:00,30.5,45,909.9,Bengaluru,12.9716,77.5946
2023-08-21T15:00,30.4,44,909.1,Bengaluru,12.9716,77.5946
2023-08-21T16:00,29.8,43,908.4,Bengaluru,12.9716,77.5946
2023-08-21T17:00,28.3,44,908.9,Bengaluru,12.9716,77.5946
2023-08-21T18:00,26.9,52,909.2,Bengaluru,12.9716,77.5946
2023-08-21T19:00,26,53,909.4,Bengaluru,12.9716,77.5946
2023-08-21T20:00,25.3,56,910,Bengaluru,12.9716,77.5946
2023-08-21T21:00,24.2,63,910.6,Bengaluru,12.9716,77.5946
2023-08-21T22:00,23.1,68,910.6,Bengaluru,12.9716,77.5946
2023-08-21T23:00,22.9,69,910.4,Bengaluru,12.9716,77.5946
2023-08-22T00:00,22.7,71,910.4,Bengaluru,12.9716,77.5946
2023-08-22T01:00,21.8,80,910,Bengaluru,12.9716,77.5946
2023-08-22T02:00,21.2,86,909.3,Bengaluru,12.9716,77.5946
2023-08-22T03:00,20.6,91,908.9,Bengaluru,12.9716,77.5946
2023-08-22T04:00,20.3,93,909,Bengaluru,12.9716,77.5946
2023-08-22T05:00,20.4,93,909.2,Bengaluru,12.9716,77.5946
2023-08-22T06:00,20.8,90,909.9,Bengaluru,12.9716,77.5946
2023-08-22T07:00,22,84,910.6,Bengaluru,12.9716,77.5946
2023-08-22T08:00,23.7,77,911.5,Bengaluru,12.9716,77.5946
2023-08-22T09:00,25.7,69,912,Bengaluru,12.9716,77.5946
2023-08-22T10:00,27,62,911.8,Bengaluru,12.9716,77.5946
2023-08-22T11:00,28.4,55,911.5,Bengaluru,12.9716,77.5946
2023-08-22T12:00,29.2,52,911,Bengaluru,12.9716,77.5946
2023-08-22T13:00,30,50,910.3,Bengaluru,12.9716,77.5946
2023-08-22T14:00,30.4,50,909.4,Bengaluru,12.9716,77.5946
2023-08-22T15:00,30.7,49,908.9,Bengaluru,12.9716,77.5946
2023-08-22T16:00,29.5,50,908.6,Bengaluru,12.9716,77.5946
2023-08-22T17:00,28.6,52,909.3,Bengaluru,12.9716,77.5946
2023-08-22T18:00,26.9,60,909.9,Bengaluru,12.9716,77.5946
2023-08-22T19:00,25.5,65,910.6,Bengaluru,12.9716,77.5946
2023-08-22T20:00,24.1,74,911.4,Bengaluru,12.9716,77.5946
2023-08-22T21:00,23.8,77,911.8,Bengaluru,12.9716,77.5946
2023-08-22T22:00,22.7,83,911.7,Bengaluru,12.9716,77.5946
2023-08-22T23:00,22.4,83,911.5,Bengaluru,12.9716,77.5946
2023-08-23T00:00,22,82,910.8,Bengaluru,12.9716,77.5946
2023-08-23T01:00,21.6,83,910.3,Bengaluru,12.9716,77.5946
2023-08-23T02:00,21.3,87,909.9,Bengaluru,12.9716,77.5946
2023-08-23T03:00,20.9,92,909.9,Bengaluru,12.9716,77.5946
2023-08-23T04:00,20.5,94,910,Bengaluru,12.9716,77.5946
2023-08-23T05:00,21.1,93,910.5,Bengaluru,12.9716,77.5946
2023-08-23T06:00,21.3,91,911.2,Bengaluru,12.9716,77.5946
2023-08-23T07:00,22.2,85,912,Bengaluru,12.9716,77.5946
2023-08-23T08:00,23.5,77,912.5,Bengaluru,12.9716,77.5946
2023-08-23T09:00,25.3,69,912.9,Bengaluru,12.9716,77.5946
2023-08-23T10:00,27.1,60,912.9,Bengaluru,12.9716,77.5946
2023-08-23T11:00,28.4,55,912.5,Bengaluru,12.9716,77.5946
2023-08-23T12:00,29.4,51,911.8,Bengaluru,12.9716,77.5946
2023-08-23T13:00,30.1,48,910.8,Bengaluru,12.9716,77.5946
2023-08-23T14:00,30.6,44,909.8,Bengaluru,12.9716,77.5946
2023-08-23T15:00,30.4,43,909.3,Bengaluru,12.9716,77.5946
2023-08-23T16:00,30.1,43,908.9,Bengaluru,12.9716,77.5946
2023-08-23T17:00,28.6,47,909.3,Bengaluru,12.9716,77.5946
2023-08-23T18:00,27,53,909.4,Bengaluru,12.9716,77.5946
2023-08-23T19:00,25.4,60,909.7,Bengaluru,12.9716,77.5946
2023-08-23T20:00,24.8,62,910.3,Bengaluru,12.9716,77.5946
2023-08-23T21:00,24.5,60,910.7,Bengaluru,12.9716,77.5946
2023-08-23T22:00,24.4,61,911.3,Bengaluru,12.9716,77.5946
2023-08-23T23:00,23.4,67,911.1,Bengaluru,12.9716,77.5946
2023-08-24T00:00,22.6,72,910.2,Bengaluru,12.9716,77.5946
2023-08-24T01:00,21.7,78,909.7,Bengaluru,12.9716,77.5946
2023-08-24T02:00,21,82,909.3,Bengaluru,12.9716,77.5946
2023-08-24T03:00,20.5,86,909.2,Bengaluru,12.9716,77.5946
2023-08-24T04:00,20,91,909.5,Bengaluru,12.9716,77.5946
2023-08-24T05:00,20.4,93,910.3,Bengaluru,12.9716,77.5946
2023-08-24T06:00,20.5,93,910.5,Bengaluru,12.9716,77.5946
2023-08-24T07:00,21.5,86,911.3,Bengaluru,12.9716,77.5946
2023-08-24T08:00,23,76,912,Bengaluru,12.9716,77.5946
2023-08-24T09:00,24.7,65,912.5,Bengaluru,12.9716,77.5946
2023-08-24T10:00,26.5,55,912.6,Bengaluru,12.9716,77.5946
2023-08-24T11:00,28.1,48,912.2,Bengaluru,12.9716,77.5946
2023-08-24T12:00,29.2,42,911.3,Bengaluru,12.9716,77.5946
2023-08-24T13:00,30.1,38,910.6,Bengaluru,12.9716,77.5946
2023-08-24T14:00,30.5,37,909.7,Bengaluru,12.9716,77.5946
2023-08-24T15:00,30.3,39,909.3,Bengaluru,12.9716,77.5946
2023-08-24T16:00,30.4,38,909,Bengaluru,12.9716,77.5946
2023-08-24T17:00,28.6,40,909.6,Bengaluru,12.9716,77.5946
2023-08-24T18:00,26.6,48,909.4,Bengaluru,12.9716,77.5946
2023-08-24T19:00,25.8,50,909.8,Bengaluru,12.9716,77.5946
2023-08-24T20:00,24.8,57,910.7,Bengaluru,12.9716,77.5946
2023-08-24T21:00,24.2,63,911.4,Bengaluru,12.9716,77.5946
2023-08-24T22:00,23,71,911.5,Bengaluru,12.9716,77.5946
2023-08-24T23:00,22.3,76,911,Bengaluru,12.9716,77.5946
2023-08-25T00:00,21.8,81,910.5,Bengaluru,12.9716,77.5946
2023-08-25T01:00,21.2,86,910,Bengaluru,12.9716,77.5946
2023-08-25T02:00,20.6,89,909.3,Bengaluru,12.9716,77.5946
2023-08-25T03:00,20.3,91,909.2,Bengaluru,12.9716,77.5946
2023-08-25T04:00,20,91,909.3,Bengaluru,12.9716,77.5946
2023-08-25T05:00,19.8,93,909.7,Bengaluru,12.9716,77.5946
2023-08-25T06:00,19.7,93,910.1,Bengaluru,12.9716,77.5946
2023-08-25T07:00,21.3,84,911.1,Bengaluru,12.9716,77.5946
2023-08-25T08:00,23.3,73,912,Bengaluru,12.9716,77.5946
2023-08-25T09:00,25.3,64,912.4,Bengaluru,12.9716,77.5946
2023-08-25T10:00,27.3,53,912.5,Bengaluru,12.9716,77.5946
2023-08-25T11:00,28.7,48,912.2,Bengaluru,12.9716,77.5946
2023-08-25T12:00,29.8,44,911.5,Bengaluru,12.9716,77.5946
2023-08-25T13:00,30.6,41,910.8,Bengaluru,12.9716,77.5946
2023-08-25T14:00,31,39,910,Bengaluru,12.9716,77.5946
2023-08-25T15:00,30.9,39,909.7,Bengaluru,12.9716,77.5946
2023-08-25T16:00,30.4,39,909.5,Bengaluru,12.9716,77.5946
2023-08-25T17:00,29,41,910.2,Bengaluru,12.9716,77.5946
2023-08-25T18:00,26.3,55,909.8,Bengaluru,12.9716,77.5946
2023-08-25T19:00,25.2,54,909.9,Bengaluru,12.9716,77.5946
2023-08-25T20:00,25.5,48,910.8,Bengaluru,12.9716,77.5946
2023-08-25T21:00,24.7,53,911.6,Bengaluru,12.9716,77.5946
2023-08-25T22:00,23.7,68,912.3,Bengaluru,12.9716,77.5946
2023-08-25T23:00,22.4,79,912,Bengaluru,12.9716,77.5946
2023-08-26T00:00,21.6,86,911.4,Bengaluru,12.9716,77.5946
2023-08-26T01:00,21.2,88,911.1,Bengaluru,12.9716,77.5946
2023-08-26T02:00,20.7,91,910.5,Bengaluru,12.9716,77.5946
2023-08-26T03:00,20.3,94,910.1,Bengaluru,12.9716,77.5946
2023-08-26T04:00,19.9,96,910.3,Bengaluru,12.9716,77.5946
2023-08-26T05:00,20.5,95,910.4,Bengaluru,12.9716,77.5946
2023-08-26T06:00,20.8,93,911.2,Bengaluru,12.9716,77.5946
2023-08-26T07:00,22.3,84,912,Bengaluru,12.9716,77.5946
2023-08-26T08:00,24.2,74,912.9,Bengaluru,12.9716,77.5946
2023-08-26T09:00,26,65,913.2,Bengaluru,12.9716,77.5946
2023-08-26T10:00,27.2,60,913.2,Bengaluru,12.9716,77.5946
2023-08-26T11:00,28.6,53,913,Bengaluru,12.9716,77.5946
2023-08-26T12:00,29.7,50,912.5,Bengaluru,12.9716,77.5946
2023-08-26T13:00,30.5,48,911.6,Bengaluru,12.9716,77.5946
2023-08-26T14:00,30.9,45,910.5,Bengaluru,12.9716,77.5946
2023-08-26T15:00,31,44,910.1,Bengaluru,12.9716,77.5946
2023-08-26T16:00,29.8,47,909.8,Bengaluru,12.9716,77.5946
2023-08-26T17:00,28.4,53,910.4,Bengaluru,12.9716,77.5946
2023-08-26T18:00,24.4,72,911.4,Bengaluru,12.9716,77.5946
2023-08-26T19:00,22.3,88,912.4,Bengaluru,12.9716,77.5946
2023-08-26T20:00,22.2,91,912.7,Bengaluru,12.9716,77.5946
2023-08-26T21:00,22,92,913,Bengaluru,12.9716,77.5946
2023-08-26T22:00,22,91,913.2,Bengaluru,12.9716,77.5946
2023-08-26T23:00,21.5,94,912.9,Bengaluru,12.9716,77.5946
2023-08-27T00:00,21.2,96,912.4,Bengaluru,12.9716,77.5946
2023-08-27T01:00,21.1,97,911.9,Bengaluru,12.9716,77.5946
2023-08-27T02:00,20.9,98,911.4,Bengaluru,12.9716,77.5946
2023-08-27T03:00,20.8,98,911.1,Bengaluru,12.9716,77.5946
2023-08-27T04:00,20.5,98,911.2,Bengaluru,12.9716,77.5946
2023-08-27T05:00,21.3,98,911.7,Bengaluru,12.9716,77.5946
2023-08-27T06:00,21.4,98,912,Bengaluru,12.9716,77.5946
2023-08-27T07:00,22.4,90,913.2,Bengaluru,12.9716,77.5946
2023-08-27T08:00,23.9,80,913.9,Bengaluru,12.9716,77.5946
2023-08-27T09:00,25.8,65,914.2,Bengaluru,12.9716,77.5946
2023-08-27T10:00,27.3,54,914.1,Bengaluru,12.9716,77.5946
2023-08-27T11:00,28.4,49,913.8,Bengaluru,12.9716,77.5946
2023-08-27T12:00,29.7,47,913.3,Bengaluru,12.9716,77.5946
2023-08-27T13:00,30.5,45,912.2,Bengaluru,12.9716,77.5946
2023-08-27T14:00,30.6,45,911.4,Bengaluru,12.9716,77.5946
2023-08-27T15:00,30.3,46,910.6,Bengaluru,12.9716,77.5946
2023-08-27T16:00,29.2,48,910.2,Bengaluru,12.9716,77.5946
2023-08-27T17:00,28.7,47,911.1,Bengaluru,12.9716,77.5946
2023-08-27T18:00,26.9,53,911.4,Bengaluru,12.9716,77.5946
2023-08-27T19:00,25.9,57,911.9,Bengaluru,12.9716,77.5946
2023-08-27T20:00,24.6,63,912.5,Bengaluru,12.9716,77.5946
2023-08-27T21:00,23.8,69,913.2,Bengaluru,12.9716,77.5946
2023-08-27T22:00,23.2,75,913.4,Bengaluru,12.9716,77.5946
2023-08-27T23:00,22.9,79,913,Bengaluru,12.9716,77.5946
2023-08-28T00:00,22.2,84,911.8,Bengaluru,12.9716,77.5946
2023-08-28T01:00,21.7,87,911.2,Bengaluru,12.9716,77.5946
2023-08-28T02:00,21.1,90,910.5,Bengaluru,12.9716,77.5946
2023-08-28T03:00,20.8,91,910.2,Bengaluru,12.9716,77.5946
2023-08-28T04:00,20.5,93,910.6,Bengaluru,12.9716,77.5946
2023-08-28T05:00,20.9,95,910.9,Bengaluru,12.9716,77.5946
2023-08-28T06:00,20.9,94,911.5,Bengaluru,12.9716,77.5946
2023-08-28T07:00,22.3,79,912.5,Bengaluru,12.9716,77.5946
2023-08-28T08:00,24.2,68,913.7,Bengaluru,12.9716,77.5946
2023-08-28T09:00,26.4,56,914,Bengaluru,12.9716,77.5946
2023-08-28T10:00,28.1,47,914,Bengaluru,12.9716,77.5946
2023-08-28T11:00,29.5,43,913.6,Bengaluru,12.9716,77.5946
2023-08-28T12:00,30.4,41,912.7,Bengaluru,12.9716,77.5946
2023-08-28T13:00,31,39,911.7,Bengaluru,12.9716,77.5946
2023-08-28T14:00,31.4,39,911,Bengaluru,12.9716,77.5946
2023-08-28T15:00,31.3,37,910,Bengaluru,12.9716,77.5946
2023-08-28T16:00,30.7,38,909.9,Bengaluru,12.9716,77.5946
2023-08-28T17:00,29.5,39,910.5,Bengaluru,12.9716,77.5946
2023-08-28T18:00,27.3,47,910.4,Bengaluru,12.9716,77.5946
2023-08-28T19:00,27,45,911,Bengaluru,12.9716,77.5946
2023-08-28T20:00,25.8,48,911.9,Bengaluru,12.9716,77.5946
2023-08-28T21:00,25.1,58,912.7,Bengaluru,12.9716,77.5946
2023-08-28T22:00,24,63,912.6,Bengaluru,12.9716,77.5946
2023-08-28T23:00,23.1,71,912,Bengaluru,12.9716,77.5946
2023-08-29T00:00,22.4,77,911.4,Bengaluru,12.9716,77.5946
2023-08-29T01:00,22,81,910.7,Bengaluru,12.9716,77.5946
2023-08-29T02:00,21.5,85,910.2,Bengaluru,12.9716,77.5946
2023-08-29T03:00,21.1,88,910.2,Bengaluru,12.9716,77.5946
2023-08-29T04:00,20.8,90,910.4,Bengaluru,12.9716,77.5946
2023-08-29T05:00,21.1,89,910.3,Bengaluru,12.9716,77.5946
2023-08-29T06:00,21.3,89,910.7,Bengaluru,12.9716,77.5946
2023-08-29T07:00,22.6,81,911.9,Bengaluru,12.9716,77.5946
2023-08-29T08:00,24.4,70,913.1,Bengaluru,12.9716,77.5946
2023-08-29T09:00,26.3,60,913.3,Bengaluru,12.9716,77.5946
2023-08-29T10:00,27.8,52,913,Bengaluru,12.9716,77.5946
2023-08-29T11:00,29.6,44,912.7,Bengaluru,12.9716,77.5946
2023-08-29T12:00,30.6,41,911.8,Bengaluru,12.9716,77.5946
2023-08-29T13:00,31,40,910.7,Bengaluru,12.9716,77.5946
2023-08-29T14:00,30.7,41,909.8,Bengaluru,12.9716,77.5946
2023-08-29T15:00,30.7,41,909,Bengaluru,12.9716,77.5946
2023-08-29T16:00,30.4,42,908.9,Bengaluru,12.9716,77.5946
2023-08-29T17:00,29.2,45,909.4,Bengaluru,12.9716,77.5946
2023-08-29T18:00,27.4,52,910,Bengaluru,12.9716,77.5946
2023-08-29T19:00,25.6,67,910.8,Bengaluru,12.9716,77.5946
2023-08-29T20:00,24.8,69,911.9,Bengaluru,12.9716,77.5946
2023-08-29T21:00,23,77,912.4,Bengaluru,12.9716,77.5946
2023-08-29T22:00,22.7,81,912.4,Bengaluru,12.9716,77.5946
2023-08-29T23:00,22,88,912.3,Bengaluru,12.9716,77.5946
2023-08-30T00:00,21.2,93,911.5,Bengaluru,12.9716,77.5946
2023-08-30T01:00,20.7,96,910.6,Bengaluru,12.9716,77.5946
2023-08-30T02:00,20.4,98,910.2,Bengaluru,12.9716,77.5946
2023-08-30T03:00,20.1,98,910,Bengaluru,12.9716,77.5946
2023-08-30T04:00,20,99,909.9,Bengaluru,12.9716,77.5946
2023-08-30T05:00,19.9,93,910.3,Bengaluru,12.9716,77.5946
2023-08-30T06:00,20.1,91,910.7,Bengaluru,12.9716,77.5946
2023-08-30T07:00,21.9,81,912,Bengaluru,12.9716,77.5946
2023-08-30T08:00,24.1,69,913.2,Bengaluru,12.9716,77.5946
2023-08-30T09:00,26.4,58,913.4,Bengaluru,12.9716,77.5946
2023-08-30T10:00,28.2,50,913.4,Bengaluru,12.9716,77.5946
2023-08-30T11:00,29.5,45,913.1,Bengaluru,12.9716,77.5946
2023-08-30T12:00,30.6,43,912.3,Bengaluru,12.9716,77.5946
2023-08-30T13:00,31.3,42,911.2,Bengaluru,12.9716,77.5946
2023-08-30T14:00,31.4,42,910.3,Bengaluru,12.9716,77.5946
2023-08-30T15:00,30.8,44,909.8,Bengaluru,12.9716,77.5946
2023-08-30T16:00,28.1,55,909.4,Bengaluru,12.9716,77.5946
2023-08-30T17:00,28.6,48,909.9,Bengaluru,12.9716,77.5946
2023-08-30T18:00,26.9,55,910.3,Bengaluru,12.9716,77.5946
2023-08-30T19:00,25.9,60,910.7,Bengaluru,12.9716,77.5946
2023-08-30T20:00,24.9,64,911.4,Bengaluru,12.9716,77.5946
2023-08-30T21:00,23.3,76,912.4,Bengaluru,12.9716,77.5946
2023-08-30T22:00,21.3,89,912.2,Bengaluru,12.9716,77.5946
2023-08-30T23:00,21.4,91,912.4,Bengaluru,12.9716,77.5946
2023-08-31T00:00,21.3,94,911.4,Bengaluru,12.9716,77.5946
2023-08-31T01:00,20.9,97,910.5,Bengaluru,12.9716,77.5946
2023-08-31T02:00,20.6,98,909.6,Bengaluru,12.9716,77.5946
2023-08-31T03:00,20.2,99,909.3,Bengaluru,12.9716,77.5946
2023-08-31T04:00,19.9,99,909.4,Bengaluru,12.9716,77.5946
2023-08-31T05:00,20.4,95,909.8,Bengaluru,12.9716,77.5946
2023-08-31T06:00,20.8,94,910.5,Bengaluru,12.9716,77.5946
2023-08-31T07:00,22.5,88,911.6,Bengaluru,12.9716,77.5946
2023-08-31T08:00,24.7,77,912.6,Bengaluru,12.9716,77.5946
2023-08-31T09:00,26.3,70,913.3,Bengaluru,12.9716,77.5946
2023-08-31T10:00,27.6,64,913.2,Bengaluru,12.9716,77.5946
2023-08-31T11:00,28.3,58,912.7,Bengaluru,12.9716,77.5946
2023-08-31T12:00,28.8,55,912.1,Bengaluru,12.9716,77.5946
2023-08-31T13:00,28.6,55,910.9,Bengaluru,12.9716,77.5946
2023-08-31T14:00,28.5,55,910,Bengaluru,12.9716,77.5946
2023-08-31T15:00,28,58,909.7,Bengaluru,12.9716,77.5946
2023-08-31T16:00,27.9,58,909.4,Bengaluru,12.9716,77.5946
2023-08-31T17:00,26.7,63,909.8,Bengaluru,12.9716,77.5946
2023-08-31T18:00,24.4,78,910.1,Bengaluru,12.9716,77.5946
2023-08-31T19:00,22.2,92,910.9,Bengaluru,12.9716,77.5946
2023-08-31T20:00,21.7,89,912.3,Bengaluru,12.9716,77.5946
2023-08-31T21:00,21.1,92,912.6,Bengaluru,12.9716,77.5946
2023-08-31T22:00,20.8,96,913.3,Bengaluru,12.9716,77.5946
2023-08-31T23:00,20.9,94,912.4,Bengaluru,12.9716,77.5946
2023-09-01T00:00,20.7,93,912.2,Bengaluru,12.9716,77.5946
2023-09-01T01:00,20.7,95,911.1,Bengaluru,12.9716,77.5946
2023-09-01T02:00,20.4,97,910.3,Bengaluru,12.9716,77.5946
2023-09-01T03:00,20.1,98,909.6,Bengaluru,12.9716,77.5946
2023-09-01T04:00,20,97,909.6,Bengaluru,12.9716,77.5946
2023-09-01T05:00,20.8,96,910.7,Bengaluru,12.9716,77.5946
2023-09-01T06:00,20.8,95,910.8,Bengaluru,12.9716,77.5946
2023-09-01T07:00,21.7,93,911.6,Bengaluru,12.9716,77.5946
2023-09-01T08:00,23.6,85,912.5,Bengaluru,12.9716,77.5946
2023-09-01T09:00,25.7,73,912.9,Bengaluru,12.9716,77.5946
2023-09-01T10:00,27.3,65,912.9,Bengaluru,12.9716,77.5946
2023-09-01T11:00,28.5,59,912.7,Bengaluru,12.9716,77.5946
2023-09-01T12:00,29.3,56,912.1,Bengaluru,12.9716,77.5946
2023-09-01T13:00,29.8,54,911,Bengaluru,12.9716,77.5946
2023-09-01T14:00,30.2,50,909.9,Bengaluru,12.9716,77.5946
2023-09-01T15:00,30.2,50,909.3,Bengaluru,12.9716,77.5946
2023-09-01T16:00,27.1,63,909.3,Bengaluru,12.9716,77.5946
2023-09-01T17:00,27.8,55,909.5,Bengaluru,12.9716,77.5946
2023-09-01T18:00,24.6,84,909.8,Bengaluru,12.9716,77.5946
2023-09-01T19:00,23.7,86,910.4,Bengaluru,12.9716,77.5946
2023-09-01T20:00,23.6,82,911,Bengaluru,12.9716,77.5946
2023-09-01T21:00,23.2,81,912.1,Bengaluru,12.9716,77.5946
2023-09-01T22:00,22.5,87,912.6,Bengaluru,12.9716,77.5946
2023-09-01T23:00,21.4,94,912.8,Bengaluru,12.9716,77.5946
2023-09-02T00:00,21.1,94,912.1,Bengaluru,12.9716,77.5946
2023-09-02T01:00,20.7,96,911.3,Bengaluru,12.9716,77.5946
2023-09-02T02:00,20.4,98,910.5,Bengaluru,12.9716,77.5946
2023-09-02T03:00,20.2,99,909.8,Bengaluru,12.9716,77.5946
2023-09-02T04:00,20.2,98,909.6,Bengaluru,12.9716,77.5946
2023-09-02T05:00,20.9,98,910.3,Bengaluru,12.9716,77.5946
2023-09-02T06:00,21,97,910.6,Bengaluru,12.9716,77.5946
2023-09-02T07:00,22.4,91,911.7,Bengaluru,12.9716,77.5946
2023-09-02T08:00,24.1,82,912.3,Bengaluru,12.9716,77.5946
2023-09-02T09:00,25.9,71,913,Bengaluru,12.9716,77.5946
2023-09-02T10:00,27.3,66,913.1,Bengaluru,12.9716,77.5946
2023-09-02T11:00,28.4,63,913.1,Bengaluru,12.9716,77.5946
2023-09-02T12:00,29.2,58,912,Bengaluru,12.9716,77.5946
2023-09-02T13:00,26.4,68,910.3,Bengaluru,12.9716,77.5946
2023-09-02T14:00,27.3,66,909.1,Bengaluru,12.9716,77.5946
2023-09-02T15:00,26.3,69,908.8,Bengaluru,12.9716,77.5946
2023-09-02T16:00,25.2,73,908.5,Bengaluru,12.9716,77.5946
2023-09-02T17:00,24.8,75,909.1,Bengaluru,12.9716,77.5946
2023-09-02T18:00,24.3,80,909.5,Bengaluru,12.9716,77.5946
2023-09-02T19:00,21.7,91,911,Bengaluru,12.9716,77.5946
2023-09-02T20:00,21.6,93,911.2,Bengaluru,12.9716,77.5946
2023-09-02T21:00,21.6,92,911.6,Bengaluru,12.9716,77.5946
2023-09-02T22:00,21.3,93,911.8,Bengaluru,12.9716,77.5946
2023-09-02T23:00,21,94,911.5,Bengaluru,12.9716,77.5946
2023-09-03T00:00,20.9,96,911,Bengaluru,12.9716,77.5946
2023-09-03T01:00,20.8,96,910,Bengaluru,12.9716,77.5946
2023-09-03T02:00,20.5,96,909.6,Bengaluru,12.9716,77.5946
2023-09-03T03:00,20.2,96,908.9,Bengaluru,12.9716,77.5946
2023-09-03T04:00,20,97,909.1,Bengaluru,12.9716,77.5946
2023-09-03T05:00,20.8,95,910.1,Bengaluru,12.9716,77.5946
2023-09-03T06:00,20.7,95,910.2,Bengaluru,12.9716,77.5946
2023-09-03T07:00,21.5,90,911,Bengaluru,12.9716,77.5946
2023-09-03T08:00,22.2,85,911.6,Bengaluru,12.9716,77.5946
2023-09-03T09:00,22.9,80,911.4,Bengaluru,12.9716,77.5946
2023-09-03T10:00,24.3,72,911.2,Bengaluru,12.9716,77.5946
2023-09-03T11:00,26.8,59,911.4,Bengaluru,12.9716,77.5946
2023-09-03T12:00,27.7,53,910.4,Bengaluru,12.9716,77.5946
2023-09-03T13:00,28.3,50,909.5,Bengaluru,12.9716,77.5946
2023-09-03T14:00,28.3,50,908.9,Bengaluru,12.9716,77.5946
2023-09-03T15:00,28,49,908.5,Bengaluru,12.9716,77.5946
2023-09-03T16:00,27.6,49,907.6,Bengaluru,12.9716,77.5946
2023-09-03T17:00,26.5,53,907.7,Bengaluru,12.9716,77.5946
2023-09-03T18:00,24.8,59,907.9,Bengaluru,12.9716,77.5946
2023-09-03T19:00,24,61,908.5,Bengaluru,12.9716,77.5946
2023-09-03T20:00,23.6,63,909.1,Bengaluru,12.9716,77.5946
2023-09-03T21:00,23.1,68,909.9,Bengaluru,12.9716,77.5946
2023-09-03T22:00,22.9,73,910.2,Bengaluru,12.9716,77.5946
2023-09-03T23:00,21.9,77,910.1,Bengaluru,12.9716,77.5946
2023-09-04T00:00,21.5,79,909.3,Bengaluru,12.9716,77.5946
2023-09-04T01:00,21.1,81,908.6,Bengaluru,12.9716,77.5946
2023-09-04T02:00,20.7,84,907.8,Bengaluru,12.9716,77.5946
2023-09-04T03:00,20.4,86,907.3,Bengaluru,12.9716,77.5946
2023-09-04T04:00,20.3,88,907.4,Bengaluru,12.9716,77.5946
2023-09-04T05:00,20.8,85,908.1,Bengaluru,12.9716,77.5946
2023-09-04T06:00,21.2,83,908.2,Bengaluru,12.9716,77.5946
2023-09-04T07:00,21.8,81,908.9,Bengaluru,12.9716,77.5946
2023-09-04T08:00,22.4,78,909.7,Bengaluru,12.9716,77.5946
2023-09-04T09:00,23.4,73,910.2,Bengaluru,12.9716,77.5946
2023-09-04T10:00,25,66,910.2,Bengaluru,12.9716,77.5946
2023-09-04T11:00,25.6,64,910.1,Bengaluru,12.9716,77.5946
2023-09-04T12:00,25.2,65,909.3,Bengaluru,12.9716,77.5946
2023-09-04T13:00,26.6,61,908.5,Bengaluru,12.9716,77.5946
2023-09-04T14:00,26.9,59,907.4,Bengaluru,12.9716,77.5946
2023-09-04T15:00,25.6,63,906.9,Bengaluru,12.9716,77.5946
2023-09-04T16:00,25.9,61,906.8,Bengaluru,12.9716,77.5946
2023-09-04T17:00,23.2,74,907.6,Bengaluru,12.9716,77.5946
2023-09-04T18:00,22.4,79,907.8,Bengaluru,12.9716,77.5946
2023-09-04T19:00,22.1,80,908.6,Bengaluru,12.9716,77.5946
2023-09-04T20:00,21.8,83,909.2,Bengaluru,12.9716,77.5946
2023-09-04T21:00,21.4,85,909.6,Bengaluru,12.9716,77.5946
2023-09-04T22:00,21.1,87,909.9,Bengaluru,12.9716,77.5946
2023-09-04T23:00,20.9,89,909.3,Bengaluru,12.9716,77.5946
2023-09-05T00:00,20.5,91,908.4,Bengaluru,12.9716,77.5946
2023-09-05T01:00,20.2,91,907.8,Bengaluru,12.9716,77.5946
2023-09-05T02:00,20,85,907.5,Bengaluru,12.9716,77.5946
2023-09-05T03:00,20,77,907.2,Bengaluru,12.9716,77.5946
2023-09-05T04:00,20,73,907.3,Bengaluru,12.9716,77.5946
2023-09-05T05:00,19.6,77,907.4,Bengaluru,12.9716,77.5946
2023-09-05T06:00,19.5,76,907.7,Bengaluru,12.9716,77.5946
2023-09-05T07:00,20.7,75,908.8,Bengaluru,12.9716,77.5946
2023-09-05T08:00,22,74,909.9,Bengaluru,12.9716,77.5946
2023-09-05T09:00,22.6,77,910.1,Bengaluru,12.9716,77.5946
2023-09-05T10:00,23.4,75,909.8,Bengaluru,12.9716,77.5946
2023-09-05T11:00,24.6,69,909.6,Bengaluru,12.9716,77.5946
2023-09-05T12:00,24.9,67,909,Bengaluru,12.9716,77.5946
2023-09-05T13:00,25,66,907.9,Bengaluru,12.9716,77.5946
2023-09-05T14:00,25.8,63,907.3,Bengaluru,12.9716,77.5946
2023-09-05T15:00,25.8,62,906.6,Bengaluru,12.9716,77.5946
2023-09-05T16:00,25.3,65,906.8,Bengaluru,12.9716,77.5946
2023-09-05T17:00,23.8,75,907.5,Bengaluru,12.9716,77.5946
2023-09-05T18:00,22.5,82,907.8,Bengaluru,12.9716,77.5946
2023-09-05T19:00,22,85,908.5,Bengaluru,12.9716,77.5946
2023-09-05T20:00,21.5,88,909.2,Bengaluru,12.9716,77.5946
2023-09-05T21:00,20.8,92,909.7,Bengaluru,12.9716,77.5946
2023-09-05T22:00,20.5,94,909.2,Bengaluru,12.9716,77.5946
2023-09-05T23:00,20.6,94,909,Bengaluru,12.9716,77.5946
2023-09-06T00:00,20.5,95,908.6,Bengaluru,12.9716,77.5946
2023-09-06T01:00,20.5,96,908.1,Bengaluru,12.9716,77.5946
2023-09-06T02:00,20.4,96,907.3,Bengaluru,12.9716,77.5946
2023-09-06T03:00,20.4,96,907.3,Bengaluru,12.9716,77.5946
2023-09-06T04:00,20.5,94,907.5,Bengaluru,12.9716,77.5946
2023-09-06T05:00,20.7,95,907.7,Bengaluru,12.9716,77.5946
2023-09-06T06:00,20.8,94,908.5,Bengaluru,12.9716,77.5946
2023-09-06T07:00,21.7,88,909.4,Bengaluru,12.9716,77.5946
2023-09-06T08:00,22.9,81,910.3,Bengaluru,12.9716,77.5946
2023-09-06T09:00,24.3,74,910.6,Bengaluru,12.9716,77.5946
2023-09-06T10:00,26.2,65,910.8,Bengaluru,12.9716,77.5946
2023-09-06T11:00,27.2,60,910.8,Bengaluru,12.9716,77.5946
2023-09-06T12:00,27.9,58,910.1,Bengaluru,12.9716,77.5946
2023-09-06T13:00,28.1,58,909.3,Bengaluru,12.9716,77.5946
2023-09-06T14:00,28.2,56,908.1,Bengaluru,12.9716,77.5946
2023-09-06T15:00,27.5,58,907.5,Bengaluru,12.9716,77.5946
2023-09-06T16:00,23.7,80,907.6,Bengaluru,12.9716,77.5946
2023-09-06T17:00,24.8,71,908.2,Bengaluru,12.9716,77.5946
2023-09-06T18:00,23.5,80,908.5,Bengaluru,12.9716,77.5946
2023-09-06T19:00,22.5,84,909.1,Bengaluru,12.9716,77.5946
2023-09-06T20:00,21.6,87,909.8,Bengaluru,12.9716,77.5946
2023-09-06T21:00,21.5,89,910.3,Bengaluru,12.9716,77.5946
2023-09-06T22:00,21.1,93,910.5,Bengaluru,12.9716,77.5946
2023-09-06T23:00,20.8,96,910.1,Bengaluru,12.9716,77.5946
2023-09-07T00:00,20.9,96,909.5,Bengaluru,12.9716,77.5946
2023-09-07T01:00,20.6,97,909.1,Bengaluru,12.9716,77.5946
2023-09-07T02:00,20.5,97,908.7,Bengaluru,12.9716,77.5946
2023-09-07T03:00,20.6,95,908.4,Bengaluru,12.9716,77.5946
2023-09-07T04:00,20.7,93,908.7,Bengaluru,12.9716,77.5946
2023-09-07T05:00,20.7,95,908.7,Bengaluru,12.9716,77.5946
2023-09-07T06:00,20.4,96,909.1,Bengaluru,12.9716,77.5946
2023-09-07T07:00,21.6,88,910.1,Bengaluru,12.9716,77.5946
2023-09-07T08:00,23,80,910.9,Bengaluru,12.9716,77.5946
2023-09-07T09:00,25.2,69,911.4,Bengaluru,12.9716,77.5946
2023-09-07T10:00,26.1,65,911.2,Bengaluru,12.9716,77.5946
2023-09-07T11:00,27.4,62,910.9,Bengaluru,12.9716,77.5946
2023-09-07T12:00,28.4,62,910.3,Bengaluru,12.9716,77.5946
2023-09-07T13:00,28.7,59,909.4,Bengaluru,12.9716,77.5946
2023-09-07T14:00,27.5,61,908.3,Bengaluru,12.9716,77.5946
2023-09-07T15:00,26.7,63,907.8,Bengaluru,12.9716,77.5946
2023-09-07T16:00,26.2,63,908.1,Bengaluru,12.9716,77.5946
2023-09-07T17:00,24.4,76,908.7,Bengaluru,12.9716,77.5946
2023-09-07T18:00,23.3,79,909.1,Bengaluru,12.9716,77.5946
2023-09-07T19:00,22,86,910,Bengaluru,12.9716,77.5946
2023-09-07T20:00,21.9,86,910.7,Bengaluru,12.9716,77.5946
2023-09-07T21:00,21.7,88,911.3,Bengaluru,12.9716,77.5946
2023-09-07T22:00,21.2,92,911.8,Bengaluru,12.9716,77.5946
2023-09-07T23:00,20.7,96,911.3,Bengaluru,12.9716,77.5946
2023-09-08T00:00,20.5,97,910.6,Bengaluru,12.9716,77.5946
2023-09-08T01:00,20.8,95,910.2,Bengaluru,12.9716,77.5946
2023-09-08T02:00,20.5,97,909.3,Bengaluru,12.9716,77.5946
2023-09-08T03:00,20.3,97,909,Bengaluru,12.9716,77.5946
2023-09-08T04:00,20.4,95,909.2,Bengaluru,12.9716,77.5946
2023-09-08T05:00,20.2,96,909.8,Bengaluru,12.9716,77.5946
2023-09-08T06:00,20.4,96,910.3,Bengaluru,12.9716,77.5946
2023-09-08T07:00,21.2,92,910.9,Bengaluru,12.9716,77.5946
2023-09-08T08:00,22.8,82,911.9,Bengaluru,12.9716,77.5946
2023-09-08T09:00,24.1,77,912.2,Bengaluru,12.9716,77.5946
2023-09-08T10:00,25.4,71,912.7,Bengaluru,12.9716,77.5946
2023-09-08T11:00,26.7,65,912.3,Bengaluru,12.9716,77.5946
2023-09-08T12:00,27.4,64,911.2,Bengaluru,12.9716,77.5946
2023-09-08T13:00,27.4,61,910.1,Bengaluru,12.9716,77.5946
2023-09-08T14:00,28.1,57,909.4,Bengaluru,12.9716,77.5946
2023-09-08T15:00,28,56,908.9,Bengaluru,12.9716,77.5946
2023-09-08T16:00,27.5,57,909,Bengaluru,12.9716,77.5946
2023-09-08T17:00,26.6,60,909.4,Bengaluru,12.9716,77.5946
2023-09-08T18:00,23.8,73,909.8,Bengaluru,12.9716,77.5946
2023-09-08T19:00,22.9,79,910.4,Bengaluru,12.9716,77.5946
2023-09-08T20:00,22.6,82,911.2,Bengaluru,12.9716,77.5946
2023-09-08T21:00,22,85,911.9,Bengaluru,12.9716,77.5946
2023-09-08T22:00,21.3,89,912.1,Bengaluru,12.9716,77.5946
2023-09-08T23:00,20.6,93,911.5,Bengaluru,12.9716,77.5946
2023-09-09T00:00,20.2,96,910.4,Bengaluru,12.9716,77.5946
2023-09-09T01:00,20,97,909.8,Bengaluru,12.9716,77.5946
2023-09-09T02:00,19.8,98,909.3,Bengaluru,12.9716,77.5946
2023-09-09T03:00,19.7,98,909.3,Bengaluru,12.9716,77.5946
2023-09-09T04:00,19.8,96,909.7,Bengaluru,12.9716,77.5946
2023-09-09T05:00,19.9,97,909.8,Bengaluru,12.9716,77.5946
2023-09-09T06:00,19.9,97,910,Bengaluru,12.9716,77.5946
2023-09-09T07:00,21.6,87,911,Bengaluru,12.9716,77.5946
2023-09-09T08:00,23.4,78,911.8,Bengaluru,12.9716,77.5946
2023-09-09T09:00,24.9,70,912.2,Bengaluru,12.9716,77.5946
2023-09-09T10:00,26.9,61,912.1,Bengaluru,12.9716,77.5946
2023-09-09T11:00,26.8,63,911.7,Bengaluru,12.9716,77.5946
2023-09-09T12:00,28.4,60,911.1,Bengaluru,12.9716,77.5946
2023-09-09T13:00,29,58,910.1,Bengaluru,12.9716,77.5946
2023-09-09T14:00,29,56,909.1,Bengaluru,12.9716,77.5946
2023-09-09T15:00,27.8,61,908.3,Bengaluru,12.9716,77.5946
2023-09-09T16:00,27.5,58,908.3,Bengaluru,12.9716,77.5946
2023-09-09T17:00,26.2,62,908.9,Bengaluru,12.9716,77.5946
2023-09-09T18:00,24.1,77,909.3,Bengaluru,12.9716,77.5946
2023-09-09T19:00,23.8,79,909.8,Bengaluru,12.9716,77.5946
2023-09-09T20:00,22.9,84,910.2,Bengaluru,12.9716,77.5946
2023-09-09T21:00,22.6,84,911,Bengaluru,12.9716,77.5946
2023-09-09T22:00,22.1,86,911.4,Bengaluru,12.9716,77.5946
2023-09-09T23:00,21.4,89,911,Bengaluru,12.9716,77.5946
2023-09-10T00:00,20.8,92,910.1,Bengaluru,12.9716,77.5946
2023-09-10T01:00,20.2,95,909.6,Bengaluru,12.9716,77.5946
2023-09-10T02:00,19.8,97,909,Bengaluru,12.9716,77.5946
2023-09-10T03:00,19.6,98,908.6,Bengaluru,12.9716,77.5946
2023-09-10T04:00,19.5,98,908.8,Bengaluru,12.9716,77.5946
2023-09-10T05:00,19.9,97,909.1,Bengaluru,12.9716,77.5946
2023-09-10T06:00,20,96,909.3,Bengaluru,12.9716,77.5946
2023-09-10T07:00,21.8,85,910.4,Bengaluru,12.9716,77.5946
2023-09-10T08:00,23.4,76,911.2,Bengaluru,12.9716,77.5946
2023-09-10T09:00,24.9,68,911.7,Bengaluru,12.9716,77.5946
2023-09-10T10:00,26.1,62,911.7,Bengaluru,12.9716,77.5946
2023-09-10T11:00,27.5,55,911.6,Bengaluru,12.9716,77.5946
2023-09-10T12:00,27.4,55,910.5,Bengaluru,12.9716,77.5946
2023-09-10T13:00,27.9,55,909.4,Bengaluru,12.9716,77.5946
2023-09-10T14:00,28.6,52,908.5,Bengaluru,12.9716,77.5946
2023-09-10T15:00,28.6,52,908,Bengaluru,12.9716,77.5946
2023-09-10T16:00,26.5,61,907.8,Bengaluru,12.9716,77.5946
2023-09-10T17:00,27.3,55,908.1,Bengaluru,12.9716,77.5946
2023-09-10T18:00,25.4,62,908.8,Bengaluru,12.9716,77.5946
2023-09-10T19:00,24.5,68,909.9,Bengaluru,12.9716,77.5946
2023-09-10T20:00,23.9,73,910.5,Bengaluru,12.9716,77.5946
2023-09-10T21:00,23,79,910.8,Bengaluru,12.9716,77.5946
2023-09-10T22:00,22,84,910.8,Bengaluru,12.9716,77.5946
2023-09-10T23:00,21.2,88,910.6,Bengaluru,12.9716,77.5946
2023-09-11T00:00,20.8,91,910.2,Bengaluru,12.9716,77.5946
2023-09-11T01:00,20.1,95,909.5,Bengaluru,12.9716,77.5946
2023-09-11T02:00,19.6,97,909,Bengaluru,12.9716,77.5946
2023-09-11T03:00,19.6,97,908.6,Bengaluru,12.9716,77.5946
2023-09-11T04:00,19.8,96,909,Bengaluru,12.9716,77.5946
2023-09-11T05:00,20.8,94,909.6,Bengaluru,12.9716,77.5946
2023-09-11T06:00,21.2,91,909.9,Bengaluru,12.9716,77.5946
2023-09-11T07:00,21.8,86,910.7,Bengaluru,12.9716,77.5946
2023-09-11T08:00,23.3,77,911.5,Bengaluru,12.9716,77.5946
2023-09-11T09:00,24.8,70,912.1,Bengaluru,12.9716,77.5946
2023-09-11T10:00,26.2,64,911.9,Bengaluru,12.9716,77.5946
2023-09-11T11:00,26.7,63,911.7,Bengaluru,12.9716,77.5946
2023-09-11T12:00,27,60,910.6,Bengaluru,12.9716,77.5946
2023-09-11T13:00,27.2,59,910,Bengaluru,12.9716,77.5946
2023-09-11T14:00,27.6,61,909.1,Bengaluru,12.9716,77.5946
2023-09-11T15:00,27.3,61,908.2,Bengaluru,12.9716,77.5946
2023-09-11T16:00,26.9,61,908.2,Bengaluru,12.9716,77.5946
2023-09-11T17:00,24.7,71,909.1,Bengaluru,12.9716,77.5946
2023-09-11T18:00,23.5,77,909.4,Bengaluru,12.9716,77.5946
2023-09-11T19:00,23.5,78,910.2,Bengaluru,12.9716,77.5946
2023-09-11T20:00,22.9,80,910.7,Bengaluru,12.9716,77.5946
2023-09-11T21:00,22.7,80,911.1,Bengaluru,12.9716,77.5946
2023-09-11T22:00,22.3,80,911.2,Bengaluru,12.9716,77.5946
2023-09-11T23:00,21.7,83,911.2,Bengaluru,12.9716,77.5946
2023-09-12T00:00,21.3,85,910.5,Bengaluru,12.9716,77.5946
2023-09-12T01:00,21.1,87,910.2,Bengaluru,12.9716,77.5946
2023-09-12T02:00,20.6,90,909.4,Bengaluru,12.9716,77.5946
2023-09-12T03:00,20.2,93,909.2,Bengaluru,12.9716,77.5946
2023-09-12T04:00,20,94,909.4,Bengaluru,12.9716,77.5946
2023-09-12T05:00,20.4,91,910,Bengaluru,12.9716,77.5946
2023-09-12T06:00,20.3,92,910.2,Bengaluru,12.9716,77.5946
2023-09-12T07:00,21.9,84,911.1,Bengaluru,12.9716,77.5946
2023-09-12T08:00,23.6,75,911.9,Bengaluru,12.9716,77.5946
2023-09-12T09:00,24.8,70,912.1,Bengaluru,12.9716,77.5946
2023-09-12T10:00,26.4,62,912.1,Bengaluru,12.9716,77.5946
2023-09-12T11:00,27.7,58,912.1,Bengaluru,12.9716,77.5946
2023-09-12T12:00,28.5,54,911.3,Bengaluru,12.9716,77.5946
2023-09-12T13:00,28.8,54,910.3,Bengaluru,12.9716,77.5946
2023-09-12T14:00,28.1,57,909.5,Bengaluru,12.9716,77.5946
2023-09-12T15:00,27.3,58,909,Bengaluru,12.9716,77.5946
2023-09-12T16:00,27.3,57,908.8,Bengaluru,12.9716,77.5946
2023-09-12T17:00,26.6,61,909.2,Bengaluru,12.9716,77.5946
2023-09-12T18:00,22.9,77,910,Bengaluru,12.9716,77.5946
2023-09-12T19:00,22.1,80,910.3,Bengaluru,12.9716,77.5946
2023-09-12T20:00,22,81,910.7,Bengaluru,12.9716,77.5946
2023-09-12T21:00,22.1,82,911.4,Bengaluru,12.9716,77.5946
2023-09-12T22:00,21.7,87,911.8,Bengaluru,12.9716,77.5946
2023-09-12T23:00,21.3,90,911.9,Bengaluru,12.9716,77.5946
2023-09-13T00:00,20.7,93,911.2,Bengaluru,12.9716,77.5946
2023-09-13T01:00,20.1,95,910.4,Bengaluru,12.9716,77.5946
2023-09-13T02:00,19.7,97,909.9,Bengaluru,12.9716,77.5946
2023-09-13T03:00,19.4,98,909.3,Bengaluru,12.9716,77.5946
2023-09-13T04:00,19.2,98,909.2,Bengaluru,12.9716,77.5946
2023-09-13T05:00,19.7,98,909.6,Bengaluru,12.9716,77.5946
2023-09-13T06:00,19.9,97,910.2,Bengaluru,12.9716,77.5946
2023-09-13T07:00,21.2,91,911.1,Bengaluru,12.9716,77.5946
2023-09-13T08:00,23.2,79,912,Bengaluru,12.9716,77.5946
2023-09-13T09:00,24.6,72,912.3,Bengaluru,12.9716,77.5946
2023-09-13T10:00,25.9,69,912.1,Bengaluru,12.9716,77.5946
2023-09-13T11:00,27.2,62,912.1,Bengaluru,12.9716,77.5946
2023-09-13T12:00,28.1,57,911.2,Bengaluru,12.9716,77.5946
2023-09-13T13:00,27.6,60,909.8,Bengaluru,12.9716,77.5946
2023-09-13T14:00,28.9,56,908.9,Bengaluru,12.9716,77.5946
2023-09-13T15:00,27.5,58,908.4,Bengaluru,12.9716,77.5946
2023-09-13T16:00,24.3,74,908.6,Bengaluru,12.9716,77.5946
2023-09-13T17:00,25.5,65,909.2,Bengaluru,12.9716,77.5946
2023-09-13T18:00,24.1,70,909.1,Bengaluru,12.9716,77.5946
2023-09-13T19:00,21.4,87,910.1,Bengaluru,12.9716,77.5946
2023-09-13T20:00,21.6,86,910.4,Bengaluru,12.9716,77.5946
2023-09-13T21:00,21.6,85,911,Bengaluru,12.9716,77.5946
2023-09-13T22:00,21.2,88,911.4,Bengaluru,12.9716,77.5946
2023-09-13T23:00,20.9,88,911.2,Bengaluru,12.9716,77.5946
2023-09-14T00:00,20.3,91,910.6,Bengaluru,12.9716,77.5946
2023-09-14T01:00,19.8,93,910,Bengaluru,12.9716,77.5946
2023-09-14T02:00,19.4,96,909.4,Bengaluru,12.9716,77.5946
2023-09-14T03:00,19.3,97,909.3,Bengaluru,12.9716,77.5946
2023-09-14T04:00,19.1,98,909.5,Bengaluru,12.9716,77.5946
2023-09-14T05:00,19.4,98,909.5,Bengaluru,12.9716,77.5946
2023-09-14T06:00,19.7,98,910.5,Bengaluru,12.9716,77.5946
2023-09-14T07:00,21,91,911.1,Bengaluru,12.9716,77.5946
2023-09-14T08:00,23.1,78,912,Bengaluru,12.9716,77.5946
2023-09-14T09:00,24.3,71,912.4,Bengaluru,12.9716,77.5946
2023-09-14T10:00,26.4,63,912.7,Bengaluru,12.9716,77.5946
2023-09-14T11:00,27.4,61,912.2,Bengaluru,12.9716,77.5946
2023-09-14T12:00,27.8,59,911.5,Bengaluru,12.9716,77.5946
2023-09-14T13:00,28.8,56,910.5,Bengaluru,12.9716,77.5946
2023-09-14T14:00,28.4,55,909.3,Bengaluru,12.9716,77.5946
2023-09-14T15:00,27.6,58,908.5,Bengaluru,12.9716,77.5946
2023-09-14T16:00,26.2,63,908.5,Bengaluru,12.9716,77.5946
2023-09-14T17:00,25,71,909.1,Bengaluru,12.9716,77.5946
2023-09-14T18:00,23.1,79,909.4,Bengaluru,12.9716,77.5946
2023-09-14T19:00,22,87,910.2,Bengaluru,12.9716,77.5946
2023-09-14T20:00,21.4,91,910.6,Bengaluru,12.9716,77.5946
2023-09-14T21:00,20.9,94,911.2,Bengaluru,12.9716,77.5946
2023-09-14T22:00,20.7,93,911.2,Bengaluru,12.9716,77.5946
2023-09-14T23:00,20.2,96,910.8,Bengaluru,12.9716,77.5946
2023-09-15T00:00,20,97,910.2,Bengaluru,12.9716,77.5946
2023-09-15T01:00,19.7,98,909.5,Bengaluru,12.9716,77.5946
2023-09-15T02:00,19.9,97,908.9,Bengaluru,12.9716,77.5946
2023-09-15T03:00,20.1,96,908.9,Bengaluru,12.9716,77.5946
2023-09-15T04:00,20.3,94,909.2,Bengaluru,12.9716,77.5946
2023-09-15T05:00,20.4,95,909.8,Bengaluru,12.9716,77.5946
2023-09-15T06:00,20.4,95,910,Bengaluru,12.9716,77.5946
2023-09-15T07:00,21.8,86,910.7,Bengaluru,12.9716,77.5946
2023-09-15T08:00,23.3,77,911.5,Bengaluru,12.9716,77.5946
2023-09-15T09:00,24.4,73,912.3,Bengaluru,12.9716,77.5946
2023-09-15T10:00,25.2,70,912.4,Bengaluru,12.9716,77.5946
2023-09-15T11:00,27.1,65,912.5,Bengaluru,12.9716,77.5946
2023-09-15T12:00,28.3,60,911.9,Bengaluru,12.9716,77.5946
2023-09-15T13:00,26.3,69,910.5,Bengaluru,12.9716,77.5946
2023-09-15T14:00,27.8,60,909.6,Bengaluru,12.9716,77.5946
2023-09-15T15:00,28.8,57,908.9,Bengaluru,12.9716,77.5946
2023-09-15T16:00,25.1,73,909,Bengaluru,12.9716,77.5946
2023-09-15T17:00,24.3,74,909.7,Bengaluru,12.9716,77.5946
2023-09-15T18:00,23.3,81,910.2,Bengaluru,12.9716,77.5946
2023-09-15T19:00,22.4,86,910.9,Bengaluru,12.9716,77.5946
2023-09-15T20:00,22,88,911.3,Bengaluru,12.9716,77.5946
2023-09-15T21:00,21.7,90,911.9,Bengaluru,12.9716,77.5946
2023-09-15T22:00,21.1,93,912.3,Bengaluru,12.9716,77.5946
2023-09-15T23:00,20.7,95,911.9,Bengaluru,12.9716,77.5946
2023-09-16T00:00,20.3,97,911.4,Bengaluru,12.9716,77.5946
2023-09-16T01:00,20.3,96,911.1,Bengaluru,12.9716,77.5946
2023-09-16T02:00,20.3,96,910.2,Bengaluru,12.9716,77.5946
2023-09-16T03:00,20,97,909.8,Bengaluru,12.9716,77.5946
2023-09-16T04:00,20.4,95,909.8,Bengaluru,12.9716,77.5946
2023-09-16T05:00,20.2,98,910.3,Bengaluru,12.9716,77.5946
2023-09-16T06:00,20.5,96,910.8,Bengaluru,12.9716,77.5946
2023-09-16T07:00,21.9,89,911.5,Bengaluru,12.9716,77.5946
2023-09-16T08:00,23.9,77,912.2,Bengaluru,12.9716,77.5946
2023-09-16T09:00,24.6,75,912.6,Bengaluru,12.9716,77.5946
2023-09-16T10:00,25.5,71,912.3,Bengaluru,12.9716,77.5946
2023-09-16T11:00,27.5,62,912.1,Bengaluru,12.9716,77.5946
2023-09-16T12:00,28.6,60,911.6,Bengaluru,12.9716,77.5946
2023-09-16T13:00,26,68,910.6,Bengaluru,12.9716,77.5946
2023-09-16T14:00,26.6,65,909.6,Bengaluru,12.9716,77.5946
2023-09-16T15:00,27.2,61,909.3,Bengaluru,12.9716,77.5946
2023-09-16T16:00,26.7,61,908.9,Bengaluru,12.9716,77.5946
2023-09-16T17:00,25.6,69,909.7,Bengaluru,12.9716,77.5946
2023-09-16T18:00,24.7,70,910.2,Bengaluru,12.9716,77.5946
2023-09-16T19:00,23.7,76,910.9,Bengaluru,12.9716,77.5946
2023-09-16T20:00,23.3,78,911.4,Bengaluru,12.9716,77.5946
2023-09-16T21:00,23,77,911.8,Bengaluru,12.9716,77.5946
2023-09-16T22:00,22.1,82,912.1,Bengaluru,12.9716,77.5946
2023-09-16T23:00,21.6,85,911.9,Bengaluru,12.9716,77.5946
2023-09-17T00:00,21.6,86,911.7,Bengaluru,12.9716,77.5946
2023-09-17T01:00,21.2,89,910.9,Bengaluru,12.9716,77.5946
2023-09-17T02:00,20.4,93,910.2,Bengaluru,12.9716,77.5946
2023-09-17T03:00,20.2,95,909.8,Bengaluru,12.9716,77.5946
2023-09-17T04:00,19.9,97,909.6,Bengaluru,12.9716,77.5946
2023-09-17T05:00,20.4,97,909.9,Bengaluru,12.9716,77.5946
2023-09-17T06:00,20.5,97,910.3,Bengaluru,12.9716,77.5946
2023-09-17T07:00,21.8,91,911.2,Bengaluru,12.9716,77.5946
2023-09-17T08:00,23.7,80,912,Bengaluru,12.9716,77.5946
2023-09-17T09:00,24.3,77,912.6,Bengaluru,12.9716,77.5946
2023-09-17T10:00,26,73,912.5,Bengaluru,12.9716,77.5946
2023-09-17T11:00,26.8,67,912.2,Bengaluru,12.9716,77.5946
2023-09-17T12:00,26.3,68,910.9,Bengaluru,12.9716,77.5946
2023-09-17T13:00,21.9,90,909.9,Bengaluru,12.9716,77.5946
2023-09-17T14:00,25,77,909.3,Bengaluru,12.9716,77.5946
2023-09-17T15:00,25.2,74,908.6,Bengaluru,12.9716,77.5946
2023-09-17T16:00,24.7,78,908.6,Bengaluru,12.9716,77.5946
2023-09-17T17:00,24.5,72,909.2,Bengaluru,12.9716,77.5946
2023-09-17T18:00,22.6,84,908.7,Bengaluru,12.9716,77.5946
2023-09-17T19:00,20.8,92,909.7,Bengaluru,12.9716,77.5946
2023-09-17T20:00,20.9,92,910.1,Bengaluru,12.9716,77.5946
2023-09-17T21:00,20.5,92,911.2,Bengaluru,12.9716,77.5946
2023-09-17T22:00,20.3,93,911.6,Bengaluru,12.9716,77.5946
2023-09-17T23:00,20.2,94,910.9,Bengaluru,12.9716,77.5946
2023-09-18T00:00,20.1,95,910.3,Bengaluru,12.9716,77.5946
2023-09-18T01:00,20,96,909.9,Bengaluru,12.9716,77.5946
2023-09-18T02:00,19.7,97,909.5,Bengaluru,12.9716,77.5946
2023-09-18T03:00,19.5,98,908.8,Bengaluru,12.9716,77.5946
2023-09-18T04:00,19.5,98,908.9,Bengaluru,12.9716,77.5946
2023-09-18T05:00,20.2,99,908.8,Bengaluru,12.9716,77.5946
2023-09-18T06:00,20.3,99,909.5,Bengaluru,12.9716,77.5946
2023-09-18T07:00,21.6,92,910.4,Bengaluru,12.9716,77.5946
2023-09-18T08:00,23.2,82,911.5,Bengaluru,12.9716,77.5946
2023-09-18T09:00,25,74,912.4,Bengaluru,12.9716,77.5946
2023-09-18T10:00,26.4,70,912.3,Bengaluru,12.9716,77.5946
2023-09-18T11:00,27.5,66,912.1,Bengaluru,12.9716,77.5946
2023-09-18T12:00,28.5,62,911.4,Bengaluru,12.9716,77.5946
2023-09-18T13:00,28.8,57,910,Bengaluru,12.9716,77.5946
2023-09-18T14:00,26.3,65,909.3,Bengaluru,12.9716,77.5946
2023-09-18T15:00,26.2,66,908.8,Bengaluru,12.9716,77.5946
2023-09-18T16:00,25.2,72,909,Bengaluru,12.9716,77.5946
2023-09-18T17:00,25.2,76,908.8,Bengaluru,12.9716,77.5946
2023-09-18T18:00,21.7,85,910.5,Bengaluru,12.9716,77.5946
2023-09-18T19:00,20.7,88,910.4,Bengaluru,12.9716,77.5946
2023-09-18T20:00,20.4,92,911.2,Bengaluru,12.9716,77.5946
2023-09-18T21:00,20.5,93,911.4,Bengaluru,12.9716,77.5946
2023-09-18T22:00,20.4,94,911.6,Bengaluru,12.9716,77.5946
2023-09-18T23:00,20.1,96,911.8,Bengaluru,12.9716,77.5946
2023-09-19T00:00,19.8,97,911,Bengaluru,12.9716,77.5946
2023-09-19T01:00,19.7,98,910.7,Bengaluru,12.9716,77.5946
2023-09-19T02:00,20,99,910.1,Bengaluru,12.9716,77.5946
2023-09-19T03:00,19.9,99,909.9,Bengaluru,12.9716,77.5946
2023-09-19T04:00,19.9,97,910,Bengaluru,12.9716,77.5946
2023-09-19T05:00,19.7,98,910.6,Bengaluru,12.9716,77.5946
2023-09-19T06:00,19.7,97,910.9,Bengaluru,12.9716,77.5946
2023-09-19T07:00,21,91,911.6,Bengaluru,12.9716,77.5946
2023-09-19T08:00,22.7,81,912.8,Bengaluru,12.9716,77.5946
2023-09-19T09:00,24.4,72,913.5,Bengaluru,12.9716,77.5946
2023-09-19T10:00,26.1,66,913.5,Bengaluru,12.9716,77.5946
2023-09-19T11:00,27.2,59,913,Bengaluru,12.9716,77.5946
2023-09-19T12:00,28.2,54,912.1,Bengaluru,12.9716,77.5946
2023-09-19T13:00,28.4,52,911.2,Bengaluru,12.9716,77.5946
2023-09-19T14:00,28.5,55,910.7,Bengaluru,12.9716,77.5946
2023-09-19T15:00,28.7,55,910.1,Bengaluru,12.9716,77.5946
2023-09-19T16:00,28,54,909.6,Bengaluru,12.9716,77.5946
2023-09-19T17:00,26.4,64,910.4,Bengaluru,12.9716,77.5946
2023-09-19T18:00,24.4,73,910.8,Bengaluru,12.9716,77.5946
2023-09-19T19:00,23.8,74,911.5,Bengaluru,12.9716,77.5946
2023-09-19T20:00,22.6,78,912,Bengaluru,12.9716,77.5946
2023-09-19T21:00,22,80,912.8,Bengaluru,12.9716,77.5946
2023-09-19T22:00,21.3,85,912.9,Bengaluru,12.9716,77.5946
2023-09-19T23:00,21,89,912.8,Bengaluru,12.9716,77.5946
2023-09-20T00:00,20.6,92,912.4,Bengaluru,12.9716,77.5946
2023-09-20T01:00,20.2,93,911.8,Bengaluru,12.9716,77.5946
2023-09-20T02:00,19.7,95,911.2,Bengaluru,12.9716,77.5946
2023-09-20T03:00,19.4,96,910.7,Bengaluru,12.9716,77.5946
2023-09-20T04:00,19.1,97,910.5,Bengaluru,12.9716,77.5946
2023-09-20T05:00,19.4,98,910.8,Bengaluru,12.9716,77.5946
2023-09-20T06:00,19.5,99,911.3,Bengaluru,12.9716,77.5946
2023-09-20T07:00,21.1,91,912.8,Bengaluru,12.9716,77.5946
2023-09-20T08:00,22.9,81,913.5,Bengaluru,12.9716,77.5946
2023-09-20T09:00,24.7,72,913.9,Bengaluru,12.9716,77.5946
2023-09-20T10:00,26.1,68,914.1,Bengaluru,12.9716,77.5946
2023-09-20T11:00,27.3,66,913.5,Bengaluru,12.9716,77.5946
2023-09-20T12:00,28,63,912.6,Bengaluru,12.9716,77.5946
2023-09-20T13:00,28.6,59,911.3,Bengaluru,12.9716,77.5946
2023-09-20T14:00,28.7,57,910.1,Bengaluru,12.9716,77.5946
2023-09-20T15:00,26.5,66,909.4,Bengaluru,12.9716,77.5946
2023-09-20T16:00,26.2,66,909.2,Bengaluru,12.9716,77.5946
2023-09-20T17:00,26.1,67,910.2,Bengaluru,12.9716,77.5946
2023-09-20T18:00,24.2,76,910.5,Bengaluru,12.9716,77.5946
2023-09-20T19:00,23.4,78,911.6,Bengaluru,12.9716,77.5946
2023-09-20T20:00,22.6,84,912,Bengaluru,12.9716,77.5946
2023-09-20T21:00,22.2,87,912.7,Bengaluru,12.9716,77.5946
2023-09-20T22:00,21.9,89,912.8,Bengaluru,12.9716,77.5946
2023-09-20T23:00,21.3,91,912.5,Bengaluru,12.9716,77.5946
2023-09-21T00:00,20.9,93,911.9,Bengaluru,12.9716,77.5946
2023-09-21T01:00,20.6,95,911.4,Bengaluru,12.9716,77.5946
2023-09-21T02:00,20.3,95,910.9,Bengaluru,12.9716,77.5946
2023-09-21T03:00,19.8,97,910.6,Bengaluru,12.9716,77.5946
2023-09-21T04:00,19.6,98,910.6,Bengaluru,12.9716,77.5946
2023-09-21T05:00,20.2,98,910.9,Bengaluru,12.9716,77.5946
2023-09-21T06:00,20.2,99,911.7,Bengaluru,12.9716,77.5946
2023-09-21T07:00,21.5,92,913,Bengaluru,12.9716,77.5946
2023-09-21T08:00,23,83,913.6,Bengaluru,12.9716,77.5946
2023-09-21T09:00,24.5,76,914.1,Bengaluru,12.9716,77.5946
2023-09-21T10:00,25.4,73,914.3,Bengaluru,12.9716,77.5946
2023-09-21T11:00,26,72,913.5,Bengaluru,12.9716,77.5946
2023-09-21T12:00,26.5,70,912.5,Bengaluru,12.9716,77.5946
2023-09-21T13:00,27,67,911.5,Bengaluru,12.9716,77.5946
2023-09-21T14:00,27,66,910.4,Bengaluru,12.9716,77.5946
2023-09-21T15:00,27,65,909.6,Bengaluru,12.9716,77.5946
2023-09-21T16:00,26.9,65,909.6,Bengaluru,12.9716,77.5946
2023-09-21T17:00,26.1,70,910.1,Bengaluru,12.9716,77.5946
2023-09-21T18:00,24.3,83,910.3,Bengaluru,12.9716,77.5946
2023-09-21T19:00,23.2,87,910.7,Bengaluru,12.9716,77.5946
2023-09-21T20:00,22.7,87,912,Bengaluru,12.9716,77.5946
2023-09-21T21:00,22.1,88,912.3,Bengaluru,12.9716,77.5946
2023-09-21T22:00,21.6,90,912.6,Bengaluru,12.9716,77.5946
2023-09-21T23:00,21.6,90,912.4,Bengaluru,12.9716,77.5946
2023-09-22T00:00,21.1,92,911.5,Bengaluru,12.9716,77.5946
2023-09-22T01:00,20.5,95,910.8,Bengaluru,12.9716,77.5946
2023-09-22T02:00,20.3,96,910.2,Bengaluru,12.9716,77.5946
2023-09-22T03:00,19.6,98,909.8,Bengaluru,12.9716,77.5946
2023-09-22T04:00,19.6,98,910.4,Bengaluru,12.9716,77.5946
2023-09-22T05:00,19.8,98,910.9,Bengaluru,12.9716,77.5946
2023-09-22T06:00,20.1,97,911.3,Bengaluru,12.9716,77.5946
2023-09-22T07:00,21.6,90,912.7,Bengaluru,12.9716,77.5946
2023-09-22T08:00,23.4,81,913.6,Bengaluru,12.9716,77.5946
2023-09-22T09:00,24.9,76,914,Bengaluru,12.9716,77.5946
2023-09-22T10:00,26.1,72,914,Bengaluru,12.9716,77.5946
2023-09-22T11:00,27,68,913.4,Bengaluru,12.9716,77.5946
2023-09-22T12:00,27.8,65,912.2,Bengaluru,12.9716,77.5946
2023-09-22T13:00,28.3,63,910.9,Bengaluru,12.9716,77.5946
2023-09-22T14:00,28.6,61,910,Bengaluru,12.9716,77.5946
2023-09-22T15:00,28.4,60,909.4,Bengaluru,12.9716,77.5946
2023-09-22T16:00,26.3,69,909.4,Bengaluru,12.9716,77.5946
2023-09-22T17:00,26.3,69,910.2,Bengaluru,12.9716,77.5946
2023-09-22T18:00,24.4,82,910.3,Bengaluru,12.9716,77.5946
2023-09-22T19:00,20.4,96,911.7,Bengaluru,12.9716,77.5946
2023-09-22T20:00,20.8,94,911.5,Bengaluru,12.9716,77.5946
2023-09-22T21:00,20.5,97,911.7,Bengaluru,12.9716,77.5946
2023-09-22T22:00,20.6,97,912.1,Bengaluru,12.9716,77.5946
2023-09-22T23:00,20.4,98,911.8,Bengaluru,12.9716,77.5946
2023-09-23T00:00,20.3,98,911.4,Bengaluru,12.9716,77.5946
2023-09-23T01:00,20.2,98,910.8,Bengaluru,12.9716,77.5946
2023-09-23T02:00,20.1,98,910.4,Bengaluru,12.9716,77.5946
2023-09-23T03:00,20.1,98,910.2,Bengaluru,12.9716,77.5946
2023-09-23T04:00,19.9,99,910.4,Bengaluru,12.9716,77.5946
2023-09-23T05:00,20.5,100,910.9,Bengaluru,12.9716,77.5946
2023-09-23T06:00,21,98,912,Bengaluru,12.9716,77.5946
2023-09-23T07:00,21.9,93,912.8,Bengaluru,12.9716,77.5946
2023-09-23T08:00,23.3,85,913.5,Bengaluru,12.9716,77.5946
2023-09-23T09:00,25,76,913.8,Bengaluru,12.9716,77.5946
2023-09-23T10:00,26.6,68,913.6,Bengaluru,12.9716,77.5946
2023-09-23T11:00,27.6,62,913.2,Bengaluru,12.9716,77.5946
2023-09-23T12:00,28.3,59,912.4,Bengaluru,12.9716,77.5946
2023-09-23T13:00,28.6,58,911.4,Bengaluru,12.9716,77.5946
2023-09-23T14:00,29,58,910.3,Bengaluru,12.9716,77.5946
2023-09-23T15:00,28.9,57,909.7,Bengaluru,12.9716,77.5946
2023-09-23T16:00,27.4,61,909.4,Bengaluru,12.9716,77.5946
2023-09-23T17:00,26.3,64,910.3,Bengaluru,12.9716,77.5946
2023-09-23T18:00,24.3,77,910.5,Bengaluru,12.9716,77.5946
2023-09-23T19:00,22.5,86,911.8,Bengaluru,12.9716,77.5946
2023-09-23T20:00,22.4,88,912.2,Bengaluru,12.9716,77.5946
2023-09-23T21:00,21.6,91,912.6,Bengaluru,12.9716,77.5946
2023-09-23T22:00,20.4,95,913.3,Bengaluru,12.9716,77.5946
2023-09-23T23:00,20.5,96,913,Bengaluru,12.9716,77.5946
2023-09-24T00:00,20.1,98,912.4,Bengaluru,12.9716,77.5946
2023-09-24T01:00,20.2,96,911.8,Bengaluru,12.9716,77.5946
2023-09-24T02:00,20.1,96,911.6,Bengaluru,12.9716,77.5946
2023-09-24T03:00,20.1,96,911.2,Bengaluru,12.9716,77.5946
2023-09-24T04:00,19.9,98,911.3,Bengaluru,12.9716,77.5946
2023-09-24T05:00,20.6,96,912.1,Bengaluru,12.9716,77.5946
2023-09-24T06:00,20.6,97,912.7,Bengaluru,12.9716,77.5946
2023-09-24T07:00,21.3,92,913.3,Bengaluru,12.9716,77.5946
2023-09-24T08:00,22.5,86,913.8,Bengaluru,12.9716,77.5946
2023-09-24T09:00,24.6,74,914,Bengaluru,12.9716,77.5946
2023-09-24T10:00,25.9,68,913.5,Bengaluru,12.9716,77.5946
2023-09-24T11:00,26.1,66,913.1,Bengaluru,12.9716,77.5946
2023-09-24T12:00,26.9,63,912.1,Bengaluru,12.9716,77.5946
2023-09-24T13:00,26.9,64,911.1,Bengaluru,12.9716,77.5946
2023-09-24T14:00,26.7,66,910.1,Bengaluru,12.9716,77.5946
2023-09-24T15:00,27.1,65,909.5,Bengaluru,12.9716,77.5946
2023-09-24T16:00,26.8,65,909.3,Bengaluru,12.9716,77.5946
2023-09-24T17:00,26.6,67,909.6,Bengaluru,12.9716,77.5946
2023-09-24T18:00,24.5,75,909.7,Bengaluru,12.9716,77.5946
2023-09-24T19:00,22,90,910.8,Bengaluru,12.9716,77.5946
2023-09-24T20:00,21.5,91,911.3,Bengaluru,12.9716,77.5946
2023-09-24T21:00,20.5,94,912.2,Bengaluru,12.9716,77.5946
2023-09-24T22:00,20.4,94,912.2,Bengaluru,12.9716,77.5946
2023-09-24T23:00,20.9,92,911.9,Bengaluru,12.9716,77.5946
2023-09-25T00:00,20.7,94,911.4,Bengaluru,12.9716,77.5946
2023-09-25T01:00,20.2,95,910.9,Bengaluru,12.9716,77.5946
2023-09-25T02:00,19.9,96,910.5,Bengaluru,12.9716,77.5946
2023-09-25T03:00,19.6,97,910.5,Bengaluru,12.9716,77.5946
2023-09-25T04:00,19.5,98,910.1,Bengaluru,12.9716,77.5946
2023-09-25T05:00,20.3,97,911.1,Bengaluru,12.9716,77.5946
2023-09-25T06:00,20.8,95,911.5,Bengaluru,12.9716,77.5946
2023-09-25T07:00,21.7,89,912.3,Bengaluru,12.9716,77.5946
2023-09-25T08:00,22.4,86,912.8,Bengaluru,12.9716,77.5946
2023-09-25T09:00,24,78,912.9,Bengaluru,12.9716,77.5946
2023-09-25T10:00,25.1,71,912.6,Bengaluru,12.9716,77.5946
2023-09-25T11:00,25.6,69,912.2,Bengaluru,12.9716,77.5946
2023-09-25T12:00,26.3,66,911.4,Bengaluru,12.9716,77.5946
2023-09-25T13:00,26.9,67,910.5,Bengaluru,12.9716,77.5946
2023-09-25T14:00,26.9,67,909.6,Bengaluru,12.9716,77.5946
2023-09-25T15:00,26.9,67,909.1,Bengaluru,12.9716,77.5946
2023-09-25T16:00,26.1,69,908.6,Bengaluru,12.9716,77.5946
2023-09-25T17:00,24.7,76,909,Bengaluru,12.9716,77.5946
2023-09-25T18:00,23.1,84,909.5,Bengaluru,12.9716,77.5946
2023-09-25T19:00,22.5,86,910.2,Bengaluru,12.9716,77.5946
2023-09-25T20:00,21.6,90,910.8,Bengaluru,12.9716,77.5946
2023-09-25T21:00,22,89,910.8,Bengaluru,12.9716,77.5946
2023-09-25T22:00,20.9,92,910.9,Bengaluru,12.9716,77.5946
2023-09-25T23:00,21.2,90,911.1,Bengaluru,12.9716,77.5946
2023-09-26T00:00,20.9,91,910.5,Bengaluru,12.9716,77.5946
2023-09-26T01:00,20.2,95,909.6,Bengaluru,12.9716,77.5946
2023-09-26T02:00,19.9,97,909.3,Bengaluru,12.9716,77.5946
2023-09-26T03:00,19.6,98,909,Bengaluru,12.9716,77.5946
2023-09-26T04:00,19.5,98,908.9,Bengaluru,12.9716,77.5946
2023-09-26T05:00,19.8,99,909.6,Bengaluru,12.9716,77.5946
2023-09-26T06:00,20.2,99,910.2,Bengaluru,12.9716,77.5946
2023-09-26T07:00,21.4,93,911.2,Bengaluru,12.9716,77.5946
2023-09-26T08:00,23.1,81,912.2,Bengaluru,12.9716,77.5946
2023-09-26T09:00,24.3,75,912.8,Bengaluru,12.9716,77.5946
2023-09-26T10:00,25.4,70,912.4,Bengaluru,12.9716,77.5946
2023-09-26T11:00,26.6,64,911.5,Bengaluru,12.9716,77.5946
2023-09-26T12:00,27.7,59,910.6,Bengaluru,12.9716,77.5946
2023-09-26T13:00,28.2,58,909.8,Bengaluru,12.9716,77.5946
2023-09-26T14:00,28.4,58,909,Bengaluru,12.9716,77.5946
2023-09-26T15:00,28,60,908.6,Bengaluru,12.9716,77.5946
2023-09-26T16:00,27.4,59,908.4,Bengaluru,12.9716,77.5946
2023-09-26T17:00,25.4,71,908.8,Bengaluru,12.9716,77.5946
2023-09-26T18:00,23.8,79,909.5,Bengaluru,12.9716,77.5946
2023-09-26T19:00,22.6,86,910.2,Bengaluru,12.9716,77.5946
2023-09-26T20:00,22.3,87,910.9,Bengaluru,12.9716,77.5946
2023-09-26T21:00,22,88,911.5,Bengaluru,12.9716,77.5946
2023-09-26T22:00,21.6,89,911.8,Bengaluru,12.9716,77.5946
2023-09-26T23:00,21.2,89,911.4,Bengaluru,12.9716,77.5946
2023-09-27T00:00,20.6,91,910.8,Bengaluru,12.9716,77.5946
2023-09-27T01:00,20.2,94,910.1,Bengaluru,12.9716,77.5946
2023-09-27T02:00,20.1,94,909.7,Bengaluru,12.9716,77.5946
2023-09-27T03:00,19.9,95,909.8,Bengaluru,12.9716,77.5946
2023-09-27T04:00,19.7,96,909.4,Bengaluru,12.9716,77.5946
2023-09-27T05:00,19.9,97,910,Bengaluru,12.9716,77.5946
2023-09-27T06:00,20.1,96,910.4,Bengaluru,12.9716,77.5946
2023-09-27T07:00,21.5,89,911.3,Bengaluru,12.9716,77.5946
2023-09-27T08:00,23.4,78,911.8,Bengaluru,12.9716,77.5946
2023-09-27T09:00,25.1,70,912.2,Bengaluru,12.9716,77.5946
2023-09-27T10:00,26.5,63,911.8,Bengaluru,12.9716,77.5946
2023-09-27T11:00,27.2,61,911.3,Bengaluru,12.9716,77.5946
2023-09-27T12:00,27.7,59,910.6,Bengaluru,12.9716,77.5946
2023-09-27T13:00,27.5,65,909.6,Bengaluru,12.9716,77.5946
2023-09-27T14:00,27.9,62,908.6,Bengaluru,12.9716,77.5946
2023-09-27T15:00,26.7,65,907.7,Bengaluru,12.9716,77.5946
2023-09-27T16:00,25.1,76,907.9,Bengaluru,12.9716,77.5946
2023-09-27T17:00,24.4,76,908.6,Bengaluru,12.9716,77.5946
2023-09-27T18:00,23,83,909.6,Bengaluru,12.9716,77.5946
2023-09-27T19:00,21.7,91,910.2,Bengaluru,12.9716,77.5946
2023-09-27T20:00,21.8,91,911.2,Bengaluru,12.9716,77.5946
2023-09-27T21:00,21.7,90,911.7,Bengaluru,12.9716,77.5946
2023-09-27T22:00,21.1,88,911.9,Bengaluru,12.9716,77.5946
2023-09-27T23:00,20.6,90,911.2,Bengaluru,12.9716,77.5946
2023-09-28T00:00,20,94,910.1,Bengaluru,12.9716,77.5946
2023-09-28T01:00,19.6,96,909.3,Bengaluru,12.9716,77.5946
2023-09-28T02:00,19.3,96,908.8,Bengaluru,12.9716,77.5946
2023-09-28T03:00,19.2,97,908.7,Bengaluru,12.9716,77.5946
2023-09-28T04:00,19,98,908.7,Bengaluru,12.9716,77.5946
2023-09-28T05:00,19.7,97,909,Bengaluru,12.9716,77.5946
2023-09-28T06:00,19.8,97,909.6,Bengaluru,12.9716,77.5946
2023-09-28T07:00,21.2,91,910.6,Bengaluru,12.9716,77.5946
2023-09-28T08:00,22.9,82,911.5,Bengaluru,12.9716,77.5946
2023-09-28T09:00,24.3,76,911.9,Bengaluru,12.9716,77.5946
2023-09-28T10:00,24.7,74,912.1,Bengaluru,12.9716,77.5946
2023-09-28T11:00,26.4,70,912.2,Bengaluru,12.9716,77.5946
2023-09-28T12:00,27.1,68,910.9,Bengaluru,12.9716,77.5946
2023-09-28T13:00,25.1,73,909.1,Bengaluru,12.9716,77.5946
2023-09-28T14:00,25.3,74,908.1,Bengaluru,12.9716,77.5946
2023-09-28T15:00,23.4,82,908.3,Bengaluru,12.9716,77.5946
2023-09-28T16:00,22.7,88,907.6,Bengaluru,12.9716,77.5946
2023-09-28T17:00,21.5,88,908.8,Bengaluru,12.9716,77.5946
2023-09-28T18:00,21.3,93,909.4,Bengaluru,12.9716,77.5946
2023-09-28T19:00,20.7,96,909.6,Bengaluru,12.9716,77.5946
2023-09-28T20:00,21,94,910.6,Bengaluru,12.9716,77.5946
2023-09-28T21:00,21.1,95,910.7,Bengaluru,12.9716,77.5946
2023-09-28T22:00,20.8,95,911,Bengaluru,12.9716,77.5946
2023-09-28T23:00,20.3,97,910.8,Bengaluru,12.9716,77.5946
2023-09-29T00:00,20.1,98,910.3,Bengaluru,12.9716,77.5946
2023-09-29T01:00,20.2,97,909.3,Bengaluru,12.9716,77.5946
2023-09-29T02:00,20.1,97,909,Bengaluru,12.9716,77.5946
2023-09-29T03:00,20,98,908.8,Bengaluru,12.9716,77.5946
2023-09-29T04:00,19.9,98,908.9,Bengaluru,12.9716,77.5946
2023-09-29T05:00,19.8,99,909,Bengaluru,12.9716,77.5946
2023-09-29T06:00,20.1,98,910,Bengaluru,12.9716,77.5946
2023-09-29T07:00,21,92,911.1,Bengaluru,12.9716,77.5946
2023-09-29T08:00,22.4,85,911.8,Bengaluru,12.9716,77.5946
2023-09-29T09:00,24.1,77,912.7,Bengaluru,12.9716,77.5946
2023-09-29T10:00,24.4,76,912.7,Bengaluru,12.9716,77.5946
2023-09-29T11:00,25.5,73,912.2,Bengaluru,12.9716,77.5946
2023-09-29T12:00,27.3,68,911.2,Bengaluru,12.9716,77.5946
2023-09-29T13:00,27.5,65,910.1,Bengaluru,12.9716,77.5946
2023-09-29T14:00,25.7,69,908.6,Bengaluru,12.9716,77.5946
2023-09-29T15:00,23.4,84,908.1,Bengaluru,12.9716,77.5946
2023-09-29T16:00,24.5,82,908,Bengaluru,12.9716,77.5946
2023-09-29T17:00,24.3,77,908.9,Bengaluru,12.9716,77.5946
2023-09-29T18:00,23.3,75,909.5,Bengaluru,12.9716,77.5946
2023-09-29T19:00,22.5,78,910.3,Bengaluru,12.9716,77.5946
2023-09-29T20:00,21.5,81,911.2,Bengaluru,12.9716,77.5946
2023-09-29T21:00,20.8,85,911.7,Bengaluru,12.9716,77.5946
2023-09-29T22:00,20.4,87,911.8,Bengaluru,12.9716,77.5946
2023-09-29T23:00,20,90,911.6,Bengaluru,12.9716,77.5946
2023-09-30T00:00,19.7,93,910.8,Bengaluru,12.9716,77.5946
2023-09-30T01:00,19.6,95,910.1,Bengaluru,12.9716,77.5946
2023-09-30T02:00,19.5,96,909.4,Bengaluru,12.9716,77.5946
2023-09-30T03:00,19.5,97,909.1,Bengaluru,12.9716,77.5946
2023-09-30T04:00,19.6,97,909,Bengaluru,12.9716,77.5946
2023-09-30T05:00,20,96,909.7,Bengaluru,12.9716,77.5946
2023-09-30T06:00,20.2,96,910.2,Bengaluru,12.9716,77.5946
2023-09-30T07:00,22.3,86,911.4,Bengaluru,12.9716,77.5946
2023-09-30T08:00,23.4,80,912.2,Bengaluru,12.9716,77.5946
2023-09-30T09:00,24.9,74,912.7,Bengaluru,12.9716,77.5946
2023-09-30T10:00,25.4,73,912.5,Bengaluru,12.9716,77.5946
2023-09-30T11:00,26.4,69,912.4,Bengaluru,12.9716,77.5946
2023-09-30T12:00,27.4,65,911.8,Bengaluru,12.9716,77.5946
2023-09-30T13:00,28,64,910.7,Bengaluru,12.9716,77.5946
2023-09-30T14:00,28.2,62,909.6,Bengaluru,12.9716,77.5946
2023-09-30T15:00,25.7,73,908.8,Bengaluru,12.9716,77.5946
2023-09-30T16:00,26,71,909.1,Bengaluru,12.9716,77.5946
2023-09-30T17:00,24.6,76,909.8,Bengaluru,12.9716,77.5946
2023-09-30T18:00,23.5,77,910.1,Bengaluru,12.9716,77.5946
2023-09-30T19:00,22.7,81,911.1,Bengaluru,12.9716,77.5946
2023-09-30T20:00,22.1,85,911.3,Bengaluru,12.9716,77.5946
2023-09-30T21:00,21.4,90,911.8,Bengaluru,12.9716,77.5946
2023-09-30T22:00,21.2,92,911.9,Bengaluru,12.9716,77.5946
2023-09-30T23:00,21,93,911.7,Bengaluru,12.9716,77.5946
2023-10-01T00:00,20.6,95,910.9,Bengaluru,12.9716,77.5946
2023-10-01T01:00,20.4,96,910.2,Bengaluru,12.9716,77.5946
2023-10-01T02:00,20.4,95,909.5,Bengaluru,12.9716,77.5946
2023-10-01T03:00,20.6,93,909.1,Bengaluru,12.9716,77.5946
2023-10-01T04:00,20.5,93,908.8,Bengaluru,12.9716,77.5946
2023-10-01T05:00,20.6,95,909.8,Bengaluru,12.9716,77.5946
2023-10-01T06:00,20.9,93,910.4,Bengaluru,12.9716,77.5946
2023-10-01T07:00,21.9,88,911,Bengaluru,12.9716,77.5946
2023-10-01T08:00,22.9,82,912.1,Bengaluru,12.9716,77.5946
2023-10-01T09:00,23,82,912.5,Bengaluru,12.9716,77.5946
2023-10-01T10:00,23.9,78,912.7,Bengaluru,12.9716,77.5946
2023-10-01T11:00,24.5,75,912,Bengaluru,12.9716,77.5946
2023-10-01T12:00,25.9,68,911.1,Bengaluru,12.9716,77.5946
2023-10-01T13:00,26.9,64,910.1,Bengaluru,12.9716,77.5946
2023-10-01T14:00,27.4,64,909.1,Bengaluru,12.9716,77.5946
2023-10-01T15:00,27.5,61,908.4,Bengaluru,12.9716,77.5946
2023-10-01T16:00,26.7,63,908.5,Bengaluru,12.9716,77.5946
2023-10-01T17:00,25.3,72,909.5,Bengaluru,12.9716,77.5946
2023-10-01T18:00,24.7,67,909.7,Bengaluru,12.9716,77.5946
2023-10-01T19:00,23.6,71,910.8,Bengaluru,12.9716,77.5946
2023-10-01T20:00,22.6,77,911.4,Bengaluru,12.9716,77.5946
2023-10-01T21:00,21.5,85,911.9,Bengaluru,12.9716,77.5946
2023-10-01T22:00,20.8,91,912.1,Bengaluru,12.9716,77.5946
2023-10-01T23:00,20.3,95,911.8,Bengaluru,12.9716,77.5946
2023-10-02T00:00,19.8,98,911.3,Bengaluru,12.9716,77.5946
2023-10-02T01:00,19.8,98,910.7,Bengaluru,12.9716,77.5946
2023-10-02T02:00,19.9,97,910,Bengaluru,12.9716,77.5946
2023-10-02T03:00,20.1,95,909.5,Bengaluru,12.9716,77.5946
2023-10-02T04:00,20.1,95,909.6,Bengaluru,12.9716,77.5946
2023-10-02T05:00,20.2,96,910.3,Bengaluru,12.9716,77.5946
2023-10-02T06:00,20.4,96,911,Bengaluru,12.9716,77.5946
2023-10-02T07:00,21.8,88,911.7,Bengaluru,12.9716,77.5946
2023-10-02T08:00,23.3,78,912.5,Bengaluru,12.9716,77.5946
2023-10-02T09:00,24.8,71,913.2,Bengaluru,12.9716,77.5946
2023-10-02T10:00,26.5,64,913.4,Bengaluru,12.9716,77.5946
2023-10-02T11:00,27.5,59,912.9,Bengaluru,12.9716,77.5946
2023-10-02T12:00,27.9,57,912,Bengaluru,12.9716,77.5946
2023-10-02T13:00,28,56,911,Bengaluru,12.9716,77.5946
2023-10-02T14:00,28,55,910.2,Bengaluru,12.9716,77.5946
2023-10-02T15:00,28.1,55,909.8,Bengaluru,12.9716,77.5946
2023-10-02T16:00,27.5,56,909.7,Bengaluru,12.9716,77.5946
2023-10-02T17:00,26,64,910.4,Bengaluru,12.9716,77.5946
2023-10-02T18:00,24.4,68,910.8,Bengaluru,12.9716,77.5946
2023-10-02T19:00,23.3,73,911.3,Bengaluru,12.9716,77.5946
2023-10-02T20:00,23.1,73,911.8,Bengaluru,12.9716,77.5946
2023-10-02T21:00,22.3,78,912,Bengaluru,12.9716,77.5946
2023-10-02T22:00,21.8,80,912.2,Bengaluru,12.9716,77.5946
2023-10-02T23:00,20.9,84,912.3,Bengaluru,12.9716,77.5946
2023-10-03T00:00,20.2,88,911.8,Bengaluru,12.9716,77.5946
2023-10-03T01:00,19.8,92,911.2,Bengaluru,12.9716,77.5946
2023-10-03T02:00,19.5,96,910.7,Bengaluru,12.9716,77.5946
2023-10-03T03:00,19.4,98,910.4,Bengaluru,12.9716,77.5946
2023-10-03T04:00,19.1,99,910.3,Bengaluru,12.9716,77.5946
2023-10-03T05:00,19.2,98,910.9,Bengaluru,12.9716,77.5946
2023-10-03T06:00,19.3,99,911.6,Bengaluru,12.9716,77.5946
2023-10-03T07:00,20.5,93,913,Bengaluru,12.9716,77.5946
2023-10-03T08:00,22.4,82,913.9,Bengaluru,12.9716,77.5946
2023-10-03T09:00,24.5,74,914.5,Bengaluru,12.9716,77.5946
2023-10-03T10:00,26.1,67,914.5,Bengaluru,12.9716,77.5946
2023-10-03T11:00,27,62,913.6,Bengaluru,12.9716,77.5946
2023-10-03T12:00,27.9,57,912.7,Bengaluru,12.9716,77.5946
2023-10-03T13:00,28.1,55,911.8,Bengaluru,12.9716,77.5946
2023-10-03T14:00,28.2,54,911.1,Bengaluru,12.9716,77.5946
2023-10-03T15:00,28.1,53,910.7,Bengaluru,12.9716,77.5946
2023-10-03T16:00,27.6,54,910.6,Bengaluru,12.9716,77.5946
2023-10-03T17:00,26.4,62,910.7,Bengaluru,12.9716,77.5946
2023-10-03T18:00,24.2,68,910.6,Bengaluru,12.9716,77.5946
2023-10-03T19:00,23.1,72,911.1,Bengaluru,12.9716,77.5946
2023-10-03T20:00,22.6,74,912,Bengaluru,12.9716,77.5946
2023-10-03T21:00,21.6,80,912.2,Bengaluru,12.9716,77.5946
2023-10-03T22:00,20.8,84,912.1,Bengaluru,12.9716,77.5946
2023-10-03T23:00,21.2,82,912.9,Bengaluru,12.9716,77.5946
2023-10-04T00:00,20.5,87,912.3,Bengaluru,12.9716,77.5946
2023-10-04T01:00,20,91,911.4,Bengaluru,12.9716,77.5946
2023-10-04T02:00,19.4,95,910.9,Bengaluru,12.9716,77.5946
2023-10-04T03:00,19.2,96,910.7,Bengaluru,12.9716,77.5946
2023-10-04T04:00,19,97,910.7,Bengaluru,12.9716,77.5946
2023-10-04T05:00,19.1,98,911.1,Bengaluru,12.9716,77.5946
2023-10-04T06:00,19.5,98,911.9,Bengaluru,12.9716,77.5946
2023-10-04T07:00,21.2,92,913.1,Bengaluru,12.9716,77.5946
2023-10-04T08:00,23.2,84,913.9,Bengaluru,12.9716,77.5946
2023-10-04T09:00,25.1,74,914.5,Bengaluru,12.9716,77.5946
2023-10-04T10:00,26.5,64,914.4,Bengaluru,12.9716,77.5946
2023-10-04T11:00,27.3,59,914,Bengaluru,12.9716,77.5946
2023-10-04T12:00,28,55,913.4,Bengaluru,12.9716,77.5946
2023-10-04T13:00,28.1,54,912.2,Bengaluru,12.9716,77.5946
2023-10-04T14:00,28.2,53,911.5,Bengaluru,12.9716,77.5946
2023-10-04T15:00,28.1,52,911.2,Bengaluru,12.9716,77.5946
2023-10-04T16:00,27.7,52,911.4,Bengaluru,12.9716,77.5946
2023-10-04T17:00,26.8,60,911.4,Bengaluru,12.9716,77.5946
2023-10-04T18:00,24.5,69,911.6,Bengaluru,12.9716,77.5946
2023-10-04T19:00,23.5,73,912,Bengaluru,12.9716,77.5946
2023-10-04T20:00,22.8,77,912.6,Bengaluru,12.9716,77.5946
2023-10-04T21:00,22.4,80,913,Bengaluru,12.9716,77.5946
2023-10-04T22:00,21.7,81,913,Bengaluru,12.9716,77.5946
2023-10-04T23:00,21.7,79,912.9,Bengaluru,12.9716,77.5946
2023-10-05T00:00,20.8,87,913,Bengaluru,12.9716,77.5946
2023-10-05T01:00,20.4,89,912.2,Bengaluru,12.9716,77.5946
2023-10-05T02:00,20.2,91,911.6,Bengaluru,12.9716,77.5946
2023-10-05T03:00,19.7,94,911,Bengaluru,12.9716,77.5946
2023-10-05T04:00,19.7,94,910.9,Bengaluru,12.9716,77.5946
2023-10-05T05:00,19.8,94,911.1,Bengaluru,12.9716,77.5946
2023-10-05T06:00,19.9,95,911.9,Bengaluru,12.9716,77.5946
2023-10-05T07:00,21.6,90,913.2,Bengaluru,12.9716,77.5946
2023-10-05T08:00,23.7,81,914.1,Bengaluru,12.9716,77.5946
2023-10-05T09:00,25.6,71,914.5,Bengaluru,12.9716,77.5946
2023-10-05T10:00,26.1,66,914.1,Bengaluru,12.9716,77.5946
2023-10-05T11:00,26.6,63,913.4,Bengaluru,12.9716,77.5946
2023-10-05T12:00,26.7,63,912.7,Bengaluru,12.9716,77.5946
2023-10-05T13:00,27.2,60,911.9,Bengaluru,12.9716,77.5946
2023-10-05T14:00,27.4,59,910.9,Bengaluru,12.9716,77.5946
2023-10-05T15:00,27.5,58,910.6,Bengaluru,12.9716,77.5946
2023-10-05T16:00,27.3,59,910.5,Bengaluru,12.9716,77.5946
2023-10-05T17:00,26.5,65,910.7,Bengaluru,12.9716,77.5946
2023-10-05T18:00,24.5,75,910.9,Bengaluru,12.9716,77.5946
2023-10-05T19:00,24.4,72,912.2,Bengaluru,12.9716,77.5946
2023-10-05T20:00,23.6,73,912.5,Bengaluru,12.9716,77.5946
2023-10-05T21:00,23.2,76,912.8,Bengaluru,12.9716,77.5946
2023-10-05T22:00,22.6,78,912.3,Bengaluru,12.9716,77.5946
2023-10-05T23:00,21.3,84,911.9,Bengaluru,12.9716,77.5946
2023-10-06T00:00,21.6,84,911.6,Bengaluru,12.9716,77.5946
2023-10-06T01:00,20.7,88,910.8,Bengaluru,12.9716,77.5946
2023-10-06T02:00,20.4,89,910.3,Bengaluru,12.9716,77.5946
2023-10-06T03:00,20.2,91,910.2,Bengaluru,12.9716,77.5946
2023-10-06T04:00,20.5,90,910.5,Bengaluru,12.9716,77.5946
2023-10-06T05:00,21.2,89,911,Bengaluru,12.9716,77.5946
2023-10-06T06:00,21.4,90,911.5,Bengaluru,12.9716,77.5946
2023-10-06T07:00,22.3,87,912.6,Bengaluru,12.9716,77.5946
2023-10-06T08:00,23.8,81,913.2,Bengaluru,12.9716,77.5946
2023-10-06T09:00,26,69,913.9,Bengaluru,12.9716,77.5946
2023-10-06T10:00,27.4,55,913.8,Bengaluru,12.9716,77.5946
2023-10-06T11:00,28.3,51,912.9,Bengaluru,12.9716,77.5946
2023-10-06T12:00,28.9,49,911.7,Bengaluru,12.9716,77.5946
2023-10-06T13:00,29.3,47,910.7,Bengaluru,12.9716,77.5946
2023-10-06T14:00,29.5,46,910,Bengaluru,12.9716,77.5946
2023-10-06T15:00,29.3,46,909.5,Bengaluru,12.9716,77.5946
2023-10-06T16:00,28.6,48,909.8,Bengaluru,12.9716,77.5946
2023-10-06T17:00,26.4,69,910.3,Bengaluru,12.9716,77.5946
2023-10-06T18:00,26.3,60,910.9,Bengaluru,12.9716,77.5946
2023-10-06T19:00,24.8,70,911.4,Bengaluru,12.9716,77.5946
2023-10-06T20:00,24.3,69,912.1,Bengaluru,12.9716,77.5946
2023-10-06T21:00,23.2,70,912.2,Bengaluru,12.9716,77.5946
2023-10-06T22:00,22.7,82,911.7,Bengaluru,12.9716,77.5946
2023-10-06T23:00,22.4,79,911.4,Bengaluru,12.9716,77.5946
2023-10-07T00:00,22.1,82,911.1,Bengaluru,12.9716,77.5946
2023-10-07T01:00,21.2,87,910.4,Bengaluru,12.9716,77.5946
2023-10-07T02:00,20.5,91,909.9,Bengaluru,12.9716,77.5946
2023-10-07T03:00,20,95,909.7,Bengaluru,12.9716,77.5946
2023-10-07T04:00,20.5,92,909.9,Bengaluru,12.9716,77.5946
2023-10-07T05:00,20.4,95,910,Bengaluru,12.9716,77.5946
2023-10-07T06:00,21.3,91,911,Bengaluru,12.9716,77.5946
2023-10-07T07:00,22.8,86,912.4,Bengaluru,12.9716,77.5946
2023-10-07T08:00,25,75,913.4,Bengaluru,12.9716,77.5946
2023-10-07T09:00,26.4,68,914,Bengaluru,12.9716,77.5946
2023-10-07T10:00,27.3,62,913.5,Bengaluru,12.9716,77.5946
2023-10-07T11:00,28.1,57,912.9,Bengaluru,12.9716,77.5946
2023-10-07T12:00,28.5,55,912,Bengaluru,12.9716,77.5946
2023-10-07T13:00,28.7,54,911.2,Bengaluru,12.9716,77.5946
2023-10-07T14:00,29.3,52,910.4,Bengaluru,12.9716,77.5946
2023-10-07T15:00,29.2,52,910.2,Bengaluru,12.9716,77.5946
2023-10-07T16:00,28.6,52,910,Bengaluru,12.9716,77.5946
2023-10-07T17:00,27,60,910.8,Bengaluru,12.9716,77.5946
2023-10-07T18:00,24.9,71,911.3,Bengaluru,12.9716,77.5946
2023-10-07T19:00,23.6,82,911.7,Bengaluru,12.9716,77.5946
2023-10-07T20:00,22.3,92,912.7,Bengaluru,12.9716,77.5946
2023-10-07T21:00,21.5,91,913.1,Bengaluru,12.9716,77.5946
2023-10-07T22:00,21.5,90,913.2,Bengaluru,12.9716,77.5946
2023-10-07T23:00,21.3,91,913,Bengaluru,12.9716,77.5946
2023-10-08T00:00,21.4,90,912.3,Bengaluru,12.9716,77.5946
2023-10-08T01:00,21.3,90,912.1,Bengaluru,12.9716,77.5946
2023-10-08T02:00,21.2,91,911.5,Bengaluru,12.9716,77.5946
2023-10-08T03:00,20.9,92,911.3,Bengaluru,12.9716,77.5946
2023-10-08T04:00,20.3,95,911.2,Bengaluru,12.9716,77.5946
2023-10-08T05:00,20.2,100,911.3,Bengaluru,12.9716,77.5946
2023-10-08T06:00,21,98,911.9,Bengaluru,12.9716,77.5946
2023-10-08T07:00,22.6,89,913.2,Bengaluru,12.9716,77.5946
2023-10-08T08:00,24.3,78,914.3,Bengaluru,12.9716,77.5946
2023-10-08T09:00,26,70,914.8,Bengaluru,12.9716,77.5946
2023-10-08T10:00,27.1,65,914.7,Bengaluru,12.9716,77.5946
2023-10-08T11:00,28,61,914.2,Bengaluru,12.9716,77.5946
2023-10-08T12:00,28.8,58,913.4,Bengaluru,12.9716,77.5946
2023-10-08T13:00,29.3,54,912.3,Bengaluru,12.9716,77.5946
2023-10-08T14:00,29.7,51,911.6,Bengaluru,12.9716,77.5946
2023-10-08T15:00,26.5,65,911.1,Bengaluru,12.9716,77.5946
2023-10-08T16:00,26.2,68,911.6,Bengaluru,12.9716,77.5946
2023-10-08T17:00,25,73,911.7,Bengaluru,12.9716,77.5946
2023-10-08T18:00,24.2,78,912.7,Bengaluru,12.9716,77.5946
2023-10-08T19:00,23.5,81,913.9,Bengaluru,12.9716,77.5946
2023-10-08T20:00,22.4,88,914.9,Bengaluru,12.9716,77.5946
2023-10-08T21:00,22,91,915,Bengaluru,12.9716,77.5946
2023-10-08T22:00,20.7,95,915.1,Bengaluru,12.9716,77.5946
2023-10-08T23:00,20.7,95,914.2,Bengaluru,12.9716,77.5946
2023-10-09T00:00,20.7,96,913.8,Bengaluru,12.9716,77.5946
2023-10-09T01:00,20.1,98,912.8,Bengaluru,12.9716,77.5946
2023-10-09T02:00,20.4,97,912.3,Bengaluru,12.9716,77.5946
2023-10-09T03:00,20.2,97,912.2,Bengaluru,12.9716,77.5946
2023-10-09T04:00,19.2,98,912,Bengaluru,12.9716,77.5946
2023-10-09T05:00,20.2,98,912.7,Bengaluru,12.9716,77.5946
2023-10-09T06:00,20.6,98,913.7,Bengaluru,12.9716,77.5946
2023-10-09T07:00,22.2,92,915,Bengaluru,12.9716,77.5946
2023-10-09T08:00,24.1,85,916.4,Bengaluru,12.9716,77.5946
2023-10-09T09:00,25.7,76,916.8,Bengaluru,12.9716,77.5946
2023-10-09T10:00,26.9,73,916.6,Bengaluru,12.9716,77.5946
2023-10-09T11:00,27.8,65,915.9,Bengaluru,12.9716,77.5946
2023-10-09T12:00,25.7,72,914.3,Bengaluru,12.9716,77.5946
2023-10-09T13:00,22.8,86,912.8,Bengaluru,12.9716,77.5946
2023-10-09T14:00,25.7,74,913.1,Bengaluru,12.9716,77.5946
2023-10-09T15:00,24.5,77,912.6,Bengaluru,12.9716,77.5946
2023-10-09T16:00,25.3,74,913,Bengaluru,12.9716,77.5946
2023-10-09T17:00,24.3,75,913.3,Bengaluru,12.9716,77.5946
2023-10-09T18:00,23,82,913.6,Bengaluru,12.9716,77.5946
2023-10-09T19:00,22.8,90,914.3,Bengaluru,12.9716,77.5946
2023-10-09T20:00,22.3,91,915.6,Bengaluru,12.9716,77.5946
2023-10-09T21:00,21.8,92,916.1,Bengaluru,12.9716,77.5946
2023-10-09T22:00,21.3,96,915.7,Bengaluru,12.9716,77.5946
2023-10-09T23:00,20.9,97,914.8,Bengaluru,12.9716,77.5946
2023-10-10T00:00,20.4,98,914.1,Bengaluru,12.9716,77.5946
2023-10-10T01:00,20.1,99,913.1,Bengaluru,12.9716,77.5946
2023-10-10T02:00,19.7,100,912.2,Bengaluru,12.9716,77.5946
2023-10-10T03:00,19.5,100,911.9,Bengaluru,12.9716,77.5946
2023-10-10T04:00,19.6,100,912.2,Bengaluru,12.9716,77.5946
2023-10-10T05:00,20.5,100,912.7,Bengaluru,12.9716,77.5946
2023-10-10T06:00,20.7,99,913.6,Bengaluru,12.9716,77.5946
2023-10-10T07:00,21.3,95,914.9,Bengaluru,12.9716,77.5946
2023-10-10T08:00,23.1,87,916,Bengaluru,12.9716,77.5946
2023-10-10T09:00,25.1,78,916.4,Bengaluru,12.9716,77.5946
2023-10-10T10:00,26.6,71,916.2,Bengaluru,12.9716,77.5946
2023-10-10T11:00,27.4,66,915.1,Bengaluru,12.9716,77.5946
2023-10-10T12:00,28,64,914.1,Bengaluru,12.9716,77.5946
2023-10-10T13:00,28.7,59,913,Bengaluru,12.9716,77.5946
2023-10-10T14:00,28.7,58,912,Bengaluru,12.9716,77.5946
2023-10-10T15:00,28.1,58,911.7,Bengaluru,12.9716,77.5946
2023-10-10T16:00,25.5,71,912.1,Bengaluru,12.9716,77.5946
2023-10-10T17:00,25.3,72,912.2,Bengaluru,12.9716,77.5946
2023-10-10T18:00,23.9,82,912.7,Bengaluru,12.9716,77.5946
2023-10-10T19:00,22.7,84,912.9,Bengaluru,12.9716,77.5946
2023-10-10T20:00,22,86,913.1,Bengaluru,12.9716,77.5946
2023-10-10T21:00,22,83,914.1,Bengaluru,12.9716,77.5946
2023-10-10T22:00,20.9,89,913.9,Bengaluru,12.9716,77.5946
2023-10-10T23:00,20.5,91,914.2,Bengaluru,12.9716,77.5946
2023-10-11T00:00,20.6,91,913.7,Bengaluru,12.9716,77.5946
2023-10-11T01:00,20.5,91,912.7,Bengaluru,12.9716,77.5946
2023-10-11T02:00,19.8,95,911.9,Bengaluru,12.9716,77.5946
2023-10-11T03:00,19.8,96,911.7,Bengaluru,12.9716,77.5946
2023-10-11T04:00,19.9,95,911.9,Bengaluru,12.9716,77.5946
2023-10-11T05:00,20.2,98,912.1,Bengaluru,12.9716,77.5946
2023-10-11T06:00,20.1,98,913.1,Bengaluru,12.9716,77.5946
2023-10-11T07:00,21.3,94,914.3,Bengaluru,12.9716,77.5946
2023-10-11T08:00,23.2,87,915.3,Bengaluru,12.9716,77.5946
2023-10-11T09:00,25.1,76,915.7,Bengaluru,12.9716,77.5946
2023-10-11T10:00,26.5,65,915.4,Bengaluru,12.9716,77.5946
2023-10-11T11:00,27.8,58,914.7,Bengaluru,12.9716,77.5946
2023-10-11T12:00,28.9,52,913.6,Bengaluru,12.9716,77.5946
2023-10-11T13:00,29.1,51,912.7,Bengaluru,12.9716,77.5946
2023-10-11T14:00,29.2,50,911.9,Bengaluru,12.9716,77.5946
2023-10-11T15:00,28.2,52,911.6,Bengaluru,12.9716,77.5946
2023-10-11T16:00,27.8,53,911.9,Bengaluru,12.9716,77.5946
2023-10-11T17:00,27.3,71,912,Bengaluru,12.9716,77.5946
2023-10-11T18:00,26.5,59,912.7,Bengaluru,12.9716,77.5946
2023-10-11T19:00,24.5,73,913,Bengaluru,12.9716,77.5946
2023-10-11T20:00,23.8,77,913.8,Bengaluru,12.9716,77.5946
2023-10-11T21:00,23.4,79,913.9,Bengaluru,12.9716,77.5946
2023-10-11T22:00,22.6,82,914,Bengaluru,12.9716,77.5946
2023-10-11T23:00,21.4,89,913.7,Bengaluru,12.9716,77.5946
2023-10-12T00:00,20.5,95,913.4,Bengaluru,12.9716,77.5946
2023-10-12T01:00,20,98,912.9,Bengaluru,12.9716,77.5946
2023-10-12T02:00,20.3,97,912.6,Bengaluru,12.9716,77.5946
2023-10-12T03:00,20.4,96,912.6,Bengaluru,12.9716,77.5946
2023-10-12T04:00,19.9,99,912.5,Bengaluru,12.9716,77.5946
2023-10-12T05:00,20.3,93,912.6,Bengaluru,12.9716,77.5946
2023-10-12T06:00,19.9,96,913.4,Bengaluru,12.9716,77.5946
2023-10-12T07:00,22,89,914.8,Bengaluru,12.9716,77.5946
2023-10-12T08:00,23.9,79,915.8,Bengaluru,12.9716,77.5946
2023-10-12T09:00,25.7,64,916.3,Bengaluru,12.9716,77.5946
2023-10-12T10:00,27.3,54,916.3,Bengaluru,12.9716,77.5946
2023-10-12T11:00,28.3,50,915.6,Bengaluru,12.9716,77.5946
2023-10-12T12:00,29.3,44,914.7,Bengaluru,12.9716,77.5946
2023-10-12T13:00,29.9,40,913.8,Bengaluru,12.9716,77.5946
2023-10-12T14:00,30,39,913.2,Bengaluru,12.9716,77.5946
2023-10-12T15:00,29.3,39,912.8,Bengaluru,12.9716,77.5946
2023-10-12T16:00,28.6,41,912.9,Bengaluru,12.9716,77.5946
2023-10-12T17:00,26.3,52,913.3,Bengaluru,12.9716,77.5946
2023-10-12T18:00,24.6,56,913.4,Bengaluru,12.9716,77.5946
2023-10-12T19:00,23.9,57,914.3,Bengaluru,12.9716,77.5946
2023-10-12T20:00,23,61,915,Bengaluru,12.9716,77.5946
2023-10-12T21:00,22.4,65,915,Bengaluru,12.9716,77.5946
2023-10-12T22:00,21.6,70,914.8,Bengaluru,12.9716,77.5946
2023-10-12T23:00,21,74,914.5,Bengaluru,12.9716,77.5946
2023-10-13T00:00,20.8,74,913.9,Bengaluru,12.9716,77.5946
2023-10-13T01:00,20.6,75,913.3,Bengaluru,12.9716,77.5946
2023-10-13T02:00,20,75,912.7,Bengaluru,12.9716,77.5946
2023-10-13T03:00,19.2,78,912.2,Bengaluru,12.9716,77.5946
2023-10-13T04:00,18.6,83,912.1,Bengaluru,12.9716,77.5946
2023-10-13T05:00,18.5,91,913,Bengaluru,12.9716,77.5946
2023-10-13T06:00,18.7,92,913.8,Bengaluru,12.9716,77.5946
2023-10-13T07:00,20.9,83,915.3,Bengaluru,12.9716,77.5946
2023-10-13T08:00,23.3,66,916.5,Bengaluru,12.9716,77.5946
2023-10-13T09:00,25.5,50,917.4,Bengaluru,12.9716,77.5946
2023-10-13T10:00,27.1,39,917.6,Bengaluru,12.9716,77.5946
2023-10-13T11:00,28.2,33,916.9,Bengaluru,12.9716,77.5946
2023-10-13T12:00,28.9,32,915.7,Bengaluru,12.9716,77.5946
2023-10-13T13:00,29.3,31,914.7,Bengaluru,12.9716,77.5946
2023-10-13T14:00,29.4,29,913.9,Bengaluru,12.9716,77.5946
2023-10-13T15:00,29,30,913.4,Bengaluru,12.9716,77.5946
2023-10-13T16:00,28.4,32,913.6,Bengaluru,12.9716,77.5946
2023-10-13T17:00,25.4,49,912.9,Bengaluru,12.9716,77.5946
2023-10-13T18:00,22.7,51,912.7,Bengaluru,12.9716,77.5946
2023-10-13T19:00,21.7,51,913.3,Bengaluru,12.9716,77.5946
2023-10-13T20:00,21.7,52,914.6,Bengaluru,12.9716,77.5946
2023-10-13T21:00,21.4,72,915.3,Bengaluru,12.9716,77.5946
2023-10-13T22:00,21.2,79,915,Bengaluru,12.9716,77.5946
2023-10-13T23:00,21,81,914.8,Bengaluru,12.9716,77.5946
2023-10-14T00:00,20.6,85,914.1,Bengaluru,12.9716,77.5946
2023-10-14T01:00,20.1,89,913.4,Bengaluru,12.9716,77.5946
2023-10-14T02:00,19.7,92,912.7,Bengaluru,12.9716,77.5946
2023-10-14T03:00,19.2,94,912.2,Bengaluru,12.9716,77.5946
2023-10-14T04:00,19,96,912.5,Bengaluru,12.9716,77.5946
2023-10-14T05:00,18.4,94,913,Bengaluru,12.9716,77.5946
2023-10-14T06:00,18.9,95,913.9,Bengaluru,12.9716,77.5946
2023-10-14T07:00,21.1,89,915.5,Bengaluru,12.9716,77.5946
2023-10-14T08:00,23.3,78,916.5,Bengaluru,12.9716,77.5946
2023-10-14T09:00,25.2,59,917.2,Bengaluru,12.9716,77.5946
2023-10-14T10:00,26.7,49,917.3,Bengaluru,12.9716,77.5946
2023-10-14T11:00,27.8,42,916.6,Bengaluru,12.9716,77.5946
2023-10-14T12:00,28.6,39,915.4,Bengaluru,12.9716,77.5946
2023-10-14T13:00,29.1,37,914.2,Bengaluru,12.9716,77.5946
2023-10-14T14:00,29.2,37,913.5,Bengaluru,12.9716,77.5946
2023-10-14T15:00,29.2,37,912.7,Bengaluru,12.9716,77.5946
2023-10-14T16:00,29.1,37,912.7,Bengaluru,12.9716,77.5946
2023-10-14T17:00,26.1,58,913.1,Bengaluru,12.9716,77.5946
2023-10-14T18:00,24.7,63,913.4,Bengaluru,12.9716,77.5946
2023-10-14T19:00,24.3,66,914.2,Bengaluru,12.9716,77.5946
2023-10-14T20:00,23.3,71,914.3,Bengaluru,12.9716,77.5946
2023-10-14T21:00,22.6,76,915.1,Bengaluru,12.9716,77.5946
2023-10-14T22:00,22.1,82,914.8,Bengaluru,12.9716,77.5946
2023-10-14T23:00,21.5,87,914.4,Bengaluru,12.9716,77.5946
2023-10-15T00:00,21,90,914,Bengaluru,12.9716,77.5946
2023-10-15T01:00,21.3,90,913.6,Bengaluru,12.9716,77.5946
2023-10-15T02:00,20.9,93,912.9,Bengaluru,12.9716,77.5946
2023-10-15T03:00,20.1,97,912.1,Bengaluru,12.9716,77.5946
2023-10-15T04:00,19.3,99,912.2,Bengaluru,12.9716,77.5946
2023-10-15T05:00,19.5,98,912.9,Bengaluru,12.9716,77.5946
2023-10-15T06:00,19.2,98,913.6,Bengaluru,12.9716,77.5946
2023-10-15T07:00,21,91,915,Bengaluru,12.9716,77.5946
2023-10-15T08:00,23.4,78,915.6,Bengaluru,12.9716,77.5946
2023-10-15T09:00,25.5,62,915.9,Bengaluru,12.9716,77.5946
2023-10-15T10:00,27.3,49,915.9,Bengaluru,12.9716,77.5946
2023-10-15T11:00,28.6,43,914.9,Bengaluru,12.9716,77.5946
2023-10-15T12:00,29.6,38,913.6,Bengaluru,12.9716,77.5946
2023-10-15T13:00,30.1,37,912.3,Bengaluru,12.9716,77.5946
2023-10-15T14:00,30.7,35,911.1,Bengaluru,12.9716,77.5946
2023-10-15T15:00,30.2,37,910.6,Bengaluru,12.9716,77.5946
2023-10-15T16:00,28.5,44,910.9,Bengaluru,12.9716,77.5946
2023-10-15T17:00,27.3,46,912,Bengaluru,12.9716,77.5946
2023-10-15T18:00,25,52,911.5,Bengaluru,12.9716,77.5946
2023-10-15T19:00,23.9,60,912.3,Bengaluru,12.9716,77.5946
2023-10-15T20:00,23.1,67,913.2,Bengaluru,12.9716,77.5946
2023-10-15T21:00,22.4,74,913.7,Bengaluru,12.9716,77.5946
2023-10-15T22:00,22.4,76,913.6,Bengaluru,12.9716,77.5946
2023-10-15T23:00,21.5,82,913.1,Bengaluru,12.9716,77.5946
2023-10-16T00:00,20.9,85,912.5,Bengaluru,12.9716,77.5946
2023-10-16T01:00,20.8,87,911.8,Bengaluru,12.9716,77.5946
2023-10-16T02:00,21.3,85,911.8,Bengaluru,12.9716,77.5946
2023-10-16T03:00,21.2,86,912,Bengaluru,12.9716,77.5946
2023-10-16T04:00,21.1,88,911.7,Bengaluru,12.9716,77.5946
2023-10-16T05:00,21.7,93,912.7,Bengaluru,12.9716,77.5946
2023-10-16T06:00,21.5,95,913.4,Bengaluru,12.9716,77.5946
2023-10-16T07:00,22.6,89,914.4,Bengaluru,12.9716,77.5946
2023-10-16T08:00,24.1,78,915.3,Bengaluru,12.9716,77.5946
2023-10-16T09:00,26,62,915.8,Bengaluru,12.9716,77.5946
2023-10-16T10:00,27.7,51,915.5,Bengaluru,12.9716,77.5946
2023-10-16T11:00,28.8,45,914.5,Bengaluru,12.9716,77.5946
2023-10-16T12:00,29.9,45,913.5,Bengaluru,12.9716,77.5946
2023-10-16T13:00,30,46,912.4,Bengaluru,12.9716,77.5946
2023-10-16T14:00,29.7,44,911.6,Bengaluru,12.9716,77.5946
2023-10-16T15:00,27.5,54,911.5,Bengaluru,12.9716,77.5946
2023-10-16T16:00,26.9,58,911.7,Bengaluru,12.9716,77.5946
2023-10-16T17:00,25.3,67,912.3,Bengaluru,12.9716,77.5946
2023-10-16T18:00,23.9,74,912.6,Bengaluru,12.9716,77.5946
2023-10-16T19:00,23.2,78,912.9,Bengaluru,12.9716,77.5946
2023-10-16T20:00,22.9,80,913.9,Bengaluru,12.9716,77.5946
2023-10-16T21:00,22.8,81,914.2,Bengaluru,12.9716,77.5946
2023-10-16T22:00,22.6,83,914.4,Bengaluru,12.9716,77.5946
2023-10-16T23:00,21.6,90,913.9,Bengaluru,12.9716,77.5946
2023-10-17T00:00,21.3,93,913.5,Bengaluru,12.9716,77.5946
2023-10-17T01:00,20.5,96,912.8,Bengaluru,12.9716,77.5946
2023-10-17T02:00,20.5,96,912.8,Bengaluru,12.9716,77.5946
2023-10-17T03:00,20.7,95,912.7,Bengaluru,12.9716,77.5946
2023-10-17T04:00,20.5,95,912.9,Bengaluru,12.9716,77.5946
2023-10-17T05:00,20.8,96,913.7,Bengaluru,12.9716,77.5946
2023-10-17T06:00,21.2,93,914.4,Bengaluru,12.9716,77.5946
2023-10-17T07:00,22.2,87,915.1,Bengaluru,12.9716,77.5946
2023-10-17T08:00,23.7,77,915.7,Bengaluru,12.9716,77.5946
2023-10-17T09:00,25.6,64,916.6,Bengaluru,12.9716,77.5946
2023-10-17T10:00,27.1,55,916.4,Bengaluru,12.9716,77.5946
2023-10-17T11:00,28.3,49,915.6,Bengaluru,12.9716,77.5946
2023-10-17T12:00,29.6,44,914.4,Bengaluru,12.9716,77.5946
2023-10-17T13:00,30,43,913.3,Bengaluru,12.9716,77.5946
2023-10-17T14:00,30,42,912.7,Bengaluru,12.9716,77.5946
2023-10-17T15:00,29.8,41,912.2,Bengaluru,12.9716,77.5946
2023-10-17T16:00,29.3,42,912.3,Bengaluru,12.9716,77.5946
2023-10-17T17:00,27.5,47,912.8,Bengaluru,12.9716,77.5946
2023-10-17T18:00,25.9,52,912.9,Bengaluru,12.9716,77.5946
2023-10-17T19:00,24.9,58,913.9,Bengaluru,12.9716,77.5946
2023-10-17T20:00,23.4,71,914.3,Bengaluru,12.9716,77.5946
2023-10-17T21:00,22.6,77,914.5,Bengaluru,12.9716,77.5946
2023-10-17T22:00,22,80,914.5,Bengaluru,12.9716,77.5946
2023-10-17T23:00,21.6,80,914.6,Bengaluru,12.9716,77.5946
2023-10-18T00:00,21.3,78,914.4,Bengaluru,12.9716,77.5946
2023-10-18T01:00,20.9,75,913.8,Bengaluru,12.9716,77.5946
2023-10-18T02:00,20.2,75,913.1,Bengaluru,12.9716,77.5946
2023-10-18T03:00,19.6,71,912.7,Bengaluru,12.9716,77.5946
2023-10-18T04:00,19.1,69,912.6,Bengaluru,12.9716,77.5946
2023-10-18T05:00,19.6,73,913.7,Bengaluru,12.9716,77.5946
2023-10-18T06:00,19.4,74,913.9,Bengaluru,12.9716,77.5946
2023-10-18T07:00,21.2,70,915,Bengaluru,12.9716,77.5946
2023-10-18T08:00,23.6,60,916.1,Bengaluru,12.9716,77.5946
2023-10-18T09:00,26,52,917,Bengaluru,12.9716,77.5946
2023-10-18T10:00,27.7,47,916.9,Bengaluru,12.9716,77.5946
2023-10-18T11:00,28.9,43,916.4,Bengaluru,12.9716,77.5946
2023-10-18T12:00,29.6,41,915.6,Bengaluru,12.9716,77.5946
2023-10-18T13:00,30.2,39,914.6,Bengaluru,12.9716,77.5946
2023-10-18T14:00,30.4,38,913.5,Bengaluru,12.9716,77.5946
2023-10-18T15:00,30.1,38,912.8,Bengaluru,12.9716,77.5946
2023-10-18T16:00,29.5,38,912.8,Bengaluru,12.9716,77.5946
2023-10-18T17:00,27.1,46,913.6,Bengaluru,12.9716,77.5946
2023-10-18T18:00,25.1,55,913.7,Bengaluru,12.9716,77.5946
2023-10-18T19:00,24.1,60,914.3,Bengaluru,12.9716,77.5946
2023-10-18T20:00,23.4,63,914.9,Bengaluru,12.9716,77.5946
2023-10-18T21:00,22.7,67,915.4,Bengaluru,12.9716,77.5946
2023-10-18T22:00,22.1,69,915.4,Bengaluru,12.9716,77.5946
2023-10-18T23:00,21.4,68,915.2,Bengaluru,12.9716,77.5946
2023-10-19T00:00,20.7,70,914.6,Bengaluru,12.9716,77.5946
2023-10-19T01:00,19.9,74,913.4,Bengaluru,12.9716,77.5946
2023-10-19T02:00,19.3,77,912.5,Bengaluru,12.9716,77.5946
2023-10-19T03:00,18.5,82,912.3,Bengaluru,12.9716,77.5946
2023-10-19T04:00,17.6,89,912.3,Bengaluru,12.9716,77.5946
2023-10-19T05:00,18,88,912.6,Bengaluru,12.9716,77.5946
2023-10-19T06:00,18.7,85,913.6,Bengaluru,12.9716,77.5946
2023-10-19T07:00,21.2,76,915.2,Bengaluru,12.9716,77.5946
2023-10-19T08:00,24,64,916.6,Bengaluru,12.9716,77.5946
2023-10-19T09:00,26.4,50,917.3,Bengaluru,12.9716,77.5946
2023-10-19T10:00,27.9,44,917.2,Bengaluru,12.9716,77.5946
2023-10-19T11:00,29.1,40,916.5,Bengaluru,12.9716,77.5946
2023-10-19T12:00,30,37,915.5,Bengaluru,12.9716,77.5946
2023-10-19T13:00,30.5,34,914.7,Bengaluru,12.9716,77.5946
2023-10-19T14:00,30.8,33,913.7,Bengaluru,12.9716,77.5946
2023-10-19T15:00,30.7,32,913,Bengaluru,12.9716,77.5946
2023-10-19T16:00,29.8,33,912.9,Bengaluru,12.9716,77.5946
2023-10-19T17:00,27.2,42,913.4,Bengaluru,12.9716,77.5946
2023-10-19T18:00,25.4,47,913.5,Bengaluru,12.9716,77.5946
2023-10-19T19:00,24.5,50,914,Bengaluru,12.9716,77.5946
2023-10-19T20:00,23.5,54,914.7,Bengaluru,12.9716,77.5946
2023-10-19T21:00,22.4,65,915.1,Bengaluru,12.9716,77.5946
2023-10-19T22:00,21.6,72,915,Bengaluru,12.9716,77.5946
2023-10-19T23:00,21,78,914.9,Bengaluru,12.9716,77.5946
2023-10-20T00:00,20.5,82,914.1,Bengaluru,12.9716,77.5946
2023-10-20T01:00,20.1,85,913.3,Bengaluru,12.9716,77.5946
2023-10-20T02:00,19.8,88,912.9,Bengaluru,12.9716,77.5946
2023-10-20T03:00,19.3,91,912.7,Bengaluru,12.9716,77.5946
2023-10-20T04:00,18.9,94,912.7,Bengaluru,12.9716,77.5946
2023-10-20T05:00,18.9,95,913.2,Bengaluru,12.9716,77.5946
2023-10-20T06:00,19,95,913.9,Bengaluru,12.9716,77.5946
2023-10-20T07:00,21.4,84,915.5,Bengaluru,12.9716,77.5946
2023-10-20T08:00,24.3,65,916.7,Bengaluru,12.9716,77.5946
2023-10-20T09:00,26.7,48,917,Bengaluru,12.9716,77.5946
2023-10-20T10:00,28.6,36,916.6,Bengaluru,12.9716,77.5946
2023-10-20T11:00,29.8,32,915.9,Bengaluru,12.9716,77.5946
2023-10-20T12:00,30.4,32,914.8,Bengaluru,12.9716,77.5946
2023-10-20T13:00,30.9,31,913.9,Bengaluru,12.9716,77.5946
2023-10-20T14:00,31.1,30,913.1,Bengaluru,12.9716,77.5946
2023-10-20T15:00,31,30,912.6,Bengaluru,12.9716,77.5946
2023-10-20T16:00,30.2,31,912.3,Bengaluru,12.9716,77.5946
2023-10-20T17:00,28.2,39,912.7,Bengaluru,12.9716,77.5946
2023-10-20T18:00,26.7,44,913.2,Bengaluru,12.9716,77.5946
2023-10-20T19:00,25.1,51,914.2,Bengaluru,12.9716,77.5946
2023-10-20T20:00,24.2,57,915,Bengaluru,12.9716,77.5946
2023-10-20T21:00,23.3,63,915.5,Bengaluru,12.9716,77.5946
2023-10-20T22:00,22.4,71,915.3,Bengaluru,12.9716,77.5946
2023-10-20T23:00,21.6,76,915.3,Bengaluru,12.9716,77.5946
2023-10-21T00:00,20.9,80,914.5,Bengaluru,12.9716,77.5946
2023-10-21T01:00,21.1,79,913.7,Bengaluru,12.9716,77.5946
2023-10-21T02:00,21.4,79,913.3,Bengaluru,12.9716,77.5946
2023-10-21T03:00,21.2,82,913.1,Bengaluru,12.9716,77.5946
2023-10-21T04:00,19.8,89,912.9,Bengaluru,12.9716,77.5946
2023-10-21T05:00,20.1,94,913.4,Bengaluru,12.9716,77.5946
2023-10-21T06:00,20.6,93,914.2,Bengaluru,12.9716,77.5946
2023-10-21T07:00,22.6,85,915.5,Bengaluru,12.9716,77.5946
2023-10-21T08:00,25,68,916.7,Bengaluru,12.9716,77.5946
2023-10-21T09:00,26.9,54,917.3,Bengaluru,12.9716,77.5946
2023-10-21T10:00,28.5,45,917.1,Bengaluru,12.9716,77.5946
2023-10-21T11:00,29.8,39,916.4,Bengaluru,12.9716,77.5946
2023-10-21T12:00,30.5,36,915.2,Bengaluru,12.9716,77.5946
2023-10-21T13:00,31,33,914.2,Bengaluru,12.9716,77.5946
2023-10-21T14:00,31.4,30,913.2,Bengaluru,12.9716,77.5946
2023-10-21T15:00,30.9,33,912.6,Bengaluru,12.9716,77.5946
2023-10-21T16:00,28.3,44,912.9,Bengaluru,12.9716,77.5946
2023-10-21T17:00,28.3,40,913.6,Bengaluru,12.9716,77.5946
2023-10-21T18:00,25.8,53,914.1,Bengaluru,12.9716,77.5946
2023-10-21T19:00,24.4,60,915,Bengaluru,12.9716,77.5946
2023-10-21T20:00,24,62,915.7,Bengaluru,12.9716,77.5946
2023-10-21T21:00,23.5,63,915.8,Bengaluru,12.9716,77.5946
2023-10-21T22:00,22.7,67,915.7,Bengaluru,12.9716,77.5946
2023-10-21T23:00,21.9,73,915.1,Bengaluru,12.9716,77.5946
2023-10-22T00:00,21.1,79,914.5,Bengaluru,12.9716,77.5946
2023-10-22T01:00,20.5,87,913.7,Bengaluru,12.9716,77.5946
2023-10-22T02:00,20,92,913.5,Bengaluru,12.9716,77.5946
2023-10-22T03:00,19.5,96,913.2,Bengaluru,12.9716,77.5946
2023-10-22T04:00,19.1,98,913,Bengaluru,12.9716,77.5946
2023-10-22T05:00,20.8,93,914.4,Bengaluru,12.9716,77.5946
2023-10-22T06:00,20.4,92,915.3,Bengaluru,12.9716,77.5946
2023-10-22T07:00,22.5,78,916.4,Bengaluru,12.9716,77.5946
2023-10-22T08:00,25,60,917.3,Bengaluru,12.9716,77.5946
2023-10-22T09:00,27,48,917.3,Bengaluru,12.9716,77.5946
2023-10-22T10:00,28.5,42,917.2,Bengaluru,12.9716,77.5946
2023-10-22T11:00,29.7,38,916.3,Bengaluru,12.9716,77.5946
2023-10-22T12:00,30.8,34,915.2,Bengaluru,12.9716,77.5946
2023-10-22T13:00,31.3,32,914.3,Bengaluru,12.9716,77.5946
2023-10-22T14:00,31.6,30,913.3,Bengaluru,12.9716,77.5946
2023-10-22T15:00,31.6,28,912.7,Bengaluru,12.9716,77.5946
2023-10-22T16:00,30.6,31,912.8,Bengaluru,12.9716,77.5946
2023-10-22T17:00,27.6,47,913.4,Bengaluru,12.9716,77.5946
2023-10-22T18:00,25.7,45,913.3,Bengaluru,12.9716,77.5946
2023-10-22T19:00,24.7,44,914,Bengaluru,12.9716,77.5946
2023-10-22T20:00,24,45,915,Bengaluru,12.9716,77.5946
2023-10-22T21:00,23,46,915,Bengaluru,12.9716,77.5946
2023-10-22T22:00,22,49,914.8,Bengaluru,12.9716,77.5946
2023-10-22T23:00,21.4,51,914.5,Bengaluru,12.9716,77.5946
2023-10-23T00:00,20.6,53,913.7,Bengaluru,12.9716,77.5946
2023-10-23T01:00,20.1,55,913.1,Bengaluru,12.9716,77.5946
2023-10-23T02:00,19.5,57,912.8,Bengaluru,12.9716,77.5946
2023-10-23T03:00,18.9,60,912.6,Bengaluru,12.9716,77.5946
2023-10-23T04:00,18.3,64,912.3,Bengaluru,12.9716,77.5946
2023-10-23T05:00,18.9,78,913.3,Bengaluru,12.9716,77.5946
2023-10-23T06:00,18.9,82,913.9,Bengaluru,12.9716,77.5946
2023-10-23T07:00,21.5,76,915.5,Bengaluru,12.9716,77.5946
2023-10-23T08:00,24.4,52,916.4,Bengaluru,12.9716,77.5946
2023-10-23T09:00,26.4,40,916.7,Bengaluru,12.9716,77.5946
2023-10-23T10:00,28.1,33,916.8,Bengaluru,12.9716,77.5946
2023-10-23T11:00,29.2,29,915.6,Bengaluru,12.9716,77.5946
2023-10-23T12:00,30,26,914.6,Bengaluru,12.9716,77.5946
2023-10-23T13:00,30.3,24,913.5,Bengaluru,12.9716,77.5946
2023-10-23T14:00,30.4,23,912.7,Bengaluru,12.9716,77.5946
2023-10-23T15:00,30.1,23,912.1,Bengaluru,12.9716,77.5946
2023-10-23T16:00,29.4,24,912,Bengaluru,12.9716,77.5946
2023-10-23T17:00,26.6,30,912.6,Bengaluru,12.9716,77.5946
2023-10-23T18:00,24.4,34,912.6,Bengaluru,12.9716,77.5946
2023-10-23T19:00,23.2,37,912.8,Bengaluru,12.9716,77.5946
2023-10-23T20:00,22,40,913.7,Bengaluru,12.9716,77.5946
2023-10-23T21:00,21.6,37,914.2,Bengaluru,12.9716,77.5946
2023-10-23T22:00,20.8,40,914,Bengaluru,12.9716,77.5946
2023-10-23T23:00,20.5,40,913.8,Bengaluru,12.9716,77.5946
2023-10-24T00:00,19.7,41,913,Bengaluru,12.9716,77.5946
2023-10-24T01:00,19.2,44,912.3,Bengaluru,12.9716,77.5946
2023-10-24T02:00,19,45,912,Bengaluru,12.9716,77.5946
2023-10-24T03:00,17.9,50,911.4,Bengaluru,12.9716,77.5946
2023-10-24T04:00,17,55,911.1,Bengaluru,12.9716,77.5946
2023-10-24T05:00,18.3,55,912.1,Bengaluru,12.9716,77.5946
2023-10-24T06:00,18.4,56,912.8,Bengaluru,12.9716,77.5946
2023-10-24T07:00,20.6,54,914.4,Bengaluru,12.9716,77.5946
2023-10-24T08:00,23.8,46,916,Bengaluru,12.9716,77.5946
2023-10-24T09:00,26.1,36,916.5,Bengaluru,12.9716,77.5946
2023-10-24T10:00,27.3,32,916.2,Bengaluru,12.9716,77.5946
2023-10-24T11:00,28.2,30,915.2,Bengaluru,12.9716,77.5946
2023-10-24T12:00,29,28,914.2,Bengaluru,12.9716,77.5946
2023-10-24T13:00,29.6,27,913.3,Bengaluru,12.9716,77.5946
2023-10-24T14:00,29.9,26,912.5,Bengaluru,12.9716,77.5946
2023-10-24T15:00,29.9,24,912.4,Bengaluru,12.9716,77.5946
2023-10-24T16:00,29.2,22,912.6,Bengaluru,12.9716,77.5946
2023-10-24T17:00,26.6,27,912.4,Bengaluru,12.9716,77.5946
2023-10-24T18:00,24.8,29,912.3,Bengaluru,12.9716,77.5946
2023-10-24T19:00,23.1,32,912.8,Bengaluru,12.9716,77.5946
2023-10-24T20:00,22.3,35,913.7,Bengaluru,12.9716,77.5946
2023-10-24T21:00,22,38,913.9,Bengaluru,12.9716,77.5946
2023-10-24T22:00,21.4,43,913.8,Bengaluru,12.9716,77.5946
2023-10-24T23:00,20.6,45,913.5,Bengaluru,12.9716,77.5946
2023-10-25T00:00,19.6,47,913.1,Bengaluru,12.9716,77.5946
2023-10-25T01:00,18.9,50,912.9,Bengaluru,12.9716,77.5946
2023-10-25T02:00,18.9,60,912.7,Bengaluru,12.9716,77.5946
2023-10-25T03:00,17.8,71,912.6,Bengaluru,12.9716,77.5946
2023-10-25T04:00,17.6,77,912.5,Bengaluru,12.9716,77.5946
2023-10-25T05:00,17.1,83,913.1,Bengaluru,12.9716,77.5946
2023-10-25T06:00,17.3,86,913.7,Bengaluru,12.9716,77.5946
2023-10-25T07:00,20.3,77,915.6,Bengaluru,12.9716,77.5946
2023-10-25T08:00,23.6,62,917.2,Bengaluru,12.9716,77.5946
2023-10-25T09:00,25.9,46,918,Bengaluru,12.9716,77.5946
2023-10-25T10:00,27.5,38,917.7,Bengaluru,12.9716,77.5946
2023-10-25T11:00,28.6,34,916.9,Bengaluru,12.9716,77.5946
2023-10-25T12:00,29.3,31,916,Bengaluru,12.9716,77.5946
2023-10-25T13:00,29.8,30,915,Bengaluru,12.9716,77.5946
2023-10-25T14:00,30,29,914.2,Bengaluru,12.9716,77.5946
2023-10-25T15:00,29.9,29,913.2,Bengaluru,12.9716,77.5946
2023-10-25T16:00,29.6,29,913.4,Bengaluru,12.9716,77.5946
2023-10-25T17:00,27.6,35,913.4,Bengaluru,12.9716,77.5946
2023-10-25T18:00,24.9,36,913.7,Bengaluru,12.9716,77.5946
2023-10-25T19:00,23.8,37,914.5,Bengaluru,12.9716,77.5946
2023-10-25T20:00,22.7,38,915,Bengaluru,12.9716,77.5946
2023-10-25T21:00,21.8,39,914.9,Bengaluru,12.9716,77.5946
2023-10-25T22:00,21,40,914.8,Bengaluru,12.9716,77.5946
2023-10-25T23:00,20.2,41,914.4,Bengaluru,12.9716,77.5946
2023-10-26T00:00,19.7,42,913.6,Bengaluru,12.9716,77.5946
2023-10-26T01:00,19.4,43,913.4,Bengaluru,12.9716,77.5946
2023-10-26T02:00,18.3,61,913.1,Bengaluru,12.9716,77.5946
2023-10-26T03:00,17.3,74,912.6,Bengaluru,12.9716,77.5946
2023-10-26T04:00,16.7,82,912.4,Bengaluru,12.9716,77.5946
2023-10-26T05:00,16.5,84,912.9,Bengaluru,12.9716,77.5946
2023-10-26T06:00,17.4,88,914,Bengaluru,12.9716,77.5946
2023-10-26T07:00,20.1,78,915.7,Bengaluru,12.9716,77.5946
2023-10-26T08:00,23.2,62,917.1,Bengaluru,12.9716,77.5946
2023-10-26T09:00,25.7,47,918,Bengaluru,12.9716,77.5946
2023-10-26T10:00,27.3,38,917.8,Bengaluru,12.9716,77.5946
2023-10-26T11:00,28.4,34,916.9,Bengaluru,12.9716,77.5946
2023-10-26T12:00,29.2,31,915.6,Bengaluru,12.9716,77.5946
2023-10-26T13:00,29.8,30,914.6,Bengaluru,12.9716,77.5946
2023-10-26T14:00,30,30,913.5,Bengaluru,12.9716,77.5946
2023-10-26T15:00,29.8,30,913,Bengaluru,12.9716,77.5946
2023-10-26T16:00,29.3,30,913.2,Bengaluru,12.9716,77.5946
2023-10-26T17:00,27.6,35,913.3,Bengaluru,12.9716,77.5946
2023-10-26T18:00,25.9,36,913.3,Bengaluru,12.9716,77.5946
2023-10-26T19:00,25.3,38,914,Bengaluru,12.9716,77.5946
2023-10-26T20:00,24.7,41,914.8,Bengaluru,12.9716,77.5946
2023-10-26T21:00,23.9,43,915.3,Bengaluru,12.9716,77.5946
2023-10-26T22:00,23.1,45,915.5,Bengaluru,12.9716,77.5946
2023-10-26T23:00,21.9,66,915.2,Bengaluru,12.9716,77.5946
2023-10-27T00:00,21.2,75,914.3,Bengaluru,12.9716,77.5946
2023-10-27T01:00,20.6,79,913.3,Bengaluru,12.9716,77.5946
2023-10-27T02:00,19.9,83,912.4,Bengaluru,12.9716,77.5946
2023-10-27T03:00,19.5,85,912.1,Bengaluru,12.9716,77.5946
2023-10-27T04:00,19.2,86,912,Bengaluru,12.9716,77.5946
2023-10-27T05:00,18.8,87,912.5,Bengaluru,12.9716,77.5946
2023-10-27T06:00,18.6,91,913.4,Bengaluru,12.9716,77.5946
2023-10-27T07:00,20.8,80,914.9,Bengaluru,12.9716,77.5946
2023-10-27T08:00,23.7,60,916,Bengaluru,12.9716,77.5946
2023-10-27T09:00,25.8,47,916.5,Bengaluru,12.9716,77.5946
2023-10-27T10:00,27.5,40,916.3,Bengaluru,12.9716,77.5946
2023-10-27T11:00,28.7,36,915.2,Bengaluru,12.9716,77.5946
2023-10-27T12:00,29.5,34,914.1,Bengaluru,12.9716,77.5946
2023-10-27T13:00,30.1,33,913.1,Bengaluru,12.9716,77.5946
2023-10-27T14:00,30.7,31,912.3,Bengaluru,12.9716,77.5946
2023-10-27T15:00,30.5,31,911.8,Bengaluru,12.9716,77.5946
2023-10-27T16:00,29.6,32,911.7,Bengaluru,12.9716,77.5946
2023-10-27T17:00,28.5,35,911.9,Bengaluru,12.9716,77.5946
2023-10-27T18:00,25.6,46,912.4,Bengaluru,12.9716,77.5946
2023-10-27T19:00,25.5,46,913.3,Bengaluru,12.9716,77.5946
2023-10-27T20:00,24.2,51,913.8,Bengaluru,12.9716,77.5946
2023-10-27T21:00,22.8,67,914.5,Bengaluru,12.9716,77.5946
2023-10-27T22:00,22.2,76,914.5,Bengaluru,12.9716,77.5946
2023-10-27T23:00,22.2,79,914.5,Bengaluru,12.9716,77.5946
2023-10-28T00:00,22.2,82,914,Bengaluru,12.9716,77.5946
2023-10-28T01:00,21.8,84,913.3,Bengaluru,12.9716,77.5946
2023-10-28T02:00,21.5,86,912.7,Bengaluru,12.9716,77.5946
2023-10-28T03:00,21.1,88,912.3,Bengaluru,12.9716,77.5946
2023-10-28T04:00,20.3,93,912,Bengaluru,12.9716,77.5946
2023-10-28T05:00,20.3,94,912.7,Bengaluru,12.9716,77.5946
2023-10-28T06:00,20.6,95,913.7,Bengaluru,12.9716,77.5946
2023-10-28T07:00,22.1,85,914.7,Bengaluru,12.9716,77.5946
2023-10-28T08:00,24,74,915.6,Bengaluru,12.9716,77.5946
2023-10-28T09:00,26.1,62,916.2,Bengaluru,12.9716,77.5946
2023-10-28T10:00,27.9,51,916.1,Bengaluru,12.9716,77.5946
2023-10-28T11:00,29,47,915.4,Bengaluru,12.9716,77.5946
2023-10-28T12:00,29.8,45,914.6,Bengaluru,12.9716,77.5946
2023-10-28T13:00,30.5,41,913.2,Bengaluru,12.9716,77.5946
2023-10-28T14:00,30.9,38,911.9,Bengaluru,12.9716,77.5946
2023-10-28T15:00,30.7,37,911.3,Bengaluru,12.9716,77.5946
2023-10-28T16:00,29.9,38,911.3,Bengaluru,12.9716,77.5946
2023-10-28T17:00,28.6,42,911.7,Bengaluru,12.9716,77.5946
2023-10-28T18:00,26.5,49,912.6,Bengaluru,12.9716,77.5946
2023-10-28T19:00,25.4,55,913.6,Bengaluru,12.9716,77.5946
2023-10-28T20:00,24.4,62,914.1,Bengaluru,12.9716,77.5946
2023-10-28T21:00,23.1,73,914.5,Bengaluru,12.9716,77.5946
2023-10-28T22:00,22.3,80,914.7,Bengaluru,12.9716,77.5946
2023-10-28T23:00,22,84,914.7,Bengaluru,12.9716,77.5946
2023-10-29T00:00,21.2,90,913.6,Bengaluru,12.9716,77.5946
2023-10-29T01:00,20.6,94,912.7,Bengaluru,12.9716,77.5946
2023-10-29T02:00,20.2,96,912.3,Bengaluru,12.9716,77.5946
2023-10-29T03:00,20.4,93,912.2,Bengaluru,12.9716,77.5946
2023-10-29T04:00,20.3,92,912.4,Bengaluru,12.9716,77.5946
2023-10-29T05:00,20.2,91,912.6,Bengaluru,12.9716,77.5946
2023-10-29T06:00,21.5,89,913.6,Bengaluru,12.9716,77.5946
2023-10-29T07:00,22.5,82,914.4,Bengaluru,12.9716,77.5946
2023-10-29T08:00,24.1,73,915.2,Bengaluru,12.9716,77.5946
2023-10-29T09:00,26.2,61,915.9,Bengaluru,12.9716,77.5946
2023-10-29T10:00,27.4,55,915.9,Bengaluru,12.9716,77.5946
2023-10-29T11:00,28.5,51,915,Bengaluru,12.9716,77.5946
2023-10-29T12:00,29.5,46,913.9,Bengaluru,12.9716,77.5946
2023-10-29T13:00,29.3,46,913,Bengaluru,12.9716,77.5946
2023-10-29T14:00,26.6,63,912,Bengaluru,12.9716,77.5946
2023-10-29T15:00,25.7,67,911.5,Bengaluru,12.9716,77.5946
2023-10-29T16:00,26.1,63,911.3,Bengaluru,12.9716,77.5946
2023-10-29T17:00,22.7,84,912.3,Bengaluru,12.9716,77.5946
2023-10-29T18:00,23.5,75,912.8,Bengaluru,12.9716,77.5946
2023-10-29T19:00,21.9,84,913.2,Bengaluru,12.9716,77.5946
2023-10-29T20:00,21.7,87,913.8,Bengaluru,12.9716,77.5946
2023-10-29T21:00,21.4,90,914.1,Bengaluru,12.9716,77.5946
2023-10-29T22:00,21,94,914.1,Bengaluru,12.9716,77.5946
2023-10-29T23:00,21,93,914.2,Bengaluru,12.9716,77.5946
2023-10-30T00:00,20.9,92,913.8,Bengaluru,12.9716,77.5946
2023-10-30T01:00,21,88,913.3,Bengaluru,12.9716,77.5946
2023-10-30T02:00,20.2,93,912,Bengaluru,12.9716,77.5946
2023-10-30T03:00,19.7,97,911.5,Bengaluru,12.9716,77.5946
2023-10-30T04:00,19.7,97,911.4,Bengaluru,12.9716,77.5946
2023-10-30T05:00,19.5,98,912,Bengaluru,12.9716,77.5946
2023-10-30T06:00,21.1,90,913.9,Bengaluru,12.9716,77.5946
2023-10-30T07:00,22,84,914.6,Bengaluru,12.9716,77.5946
2023-10-30T08:00,23.5,75,915.7,Bengaluru,12.9716,77.5946
2023-10-30T09:00,24.8,69,916.3,Bengaluru,12.9716,77.5946
2023-10-30T10:00,26.3,59,916,Bengaluru,12.9716,77.5946
2023-10-30T11:00,27.7,53,915,Bengaluru,12.9716,77.5946
2023-10-30T12:00,28.7,48,913.9,Bengaluru,12.9716,77.5946
2023-10-30T13:00,28.3,48,912.5,Bengaluru,12.9716,77.5946
2023-10-30T14:00,26.4,60,911.4,Bengaluru,12.9716,77.5946
2023-10-30T15:00,26.7,62,911.3,Bengaluru,12.9716,77.5946
2023-10-30T16:00,25,68,911.6,Bengaluru,12.9716,77.5946
2023-10-30T17:00,24.6,68,912.2,Bengaluru,12.9716,77.5946
2023-10-30T18:00,23.3,80,913.1,Bengaluru,12.9716,77.5946
2023-10-30T19:00,23,81,913.7,Bengaluru,12.9716,77.5946
2023-10-30T20:00,22.4,83,914.7,Bengaluru,12.9716,77.5946
2023-10-30T21:00,21.7,88,914.9,Bengaluru,12.9716,77.5946
2023-10-30T22:00,21.5,90,914.8,Bengaluru,12.9716,77.5946
2023-10-30T23:00,20.8,94,914.6,Bengaluru,12.9716,77.5946
2023-10-31T00:00,20.6,92,913.8,Bengaluru,12.9716,77.5946
2023-10-31T01:00,19.9,96,912.9,Bengaluru,12.9716,77.5946
2023-10-31T02:00,19.8,98,912.1,Bengaluru,12.9716,77.5946
2023-10-31T03:00,19.8,98,912,Bengaluru,12.9716,77.5946
2023-10-31T04:00,19.8,98,912.4,Bengaluru,12.9716,77.5946
2023-10-31T05:00,19.5,98,912.8,Bengaluru,12.9716,77.5946
2023-10-31T06:00,19.9,96,914,Bengaluru,12.9716,77.5946
2023-10-31T07:00,21.3,86,914.9,Bengaluru,12.9716,77.5946
2023-10-31T08:00,22.7,77,916,Bengaluru,12.9716,77.5946
2023-10-31T09:00,24.3,67,916.4,Bengaluru,12.9716,77.5946
2023-10-31T10:00,26.2,57,916.2,Bengaluru,12.9716,77.5946
2023-10-31T11:00,27.4,53,915.5,Bengaluru,12.9716,77.5946
2023-10-31T12:00,28.3,51,914.3,Bengaluru,12.9716,77.5946
2023-10-31T13:00,28.6,49,913.2,Bengaluru,12.9716,77.5946
2023-10-31T14:00,28.8,48,912.4,Bengaluru,12.9716,77.5946
2023-10-31T15:00,26.8,55,911.9,Bengaluru,12.9716,77.5946
2023-10-31T16:00,24.3,69,912.2,Bengaluru,12.9716,77.5946
2023-10-31T17:00,23.4,76,912.7,Bengaluru,12.9716,77.5946
2023-10-31T18:00,22.7,76,913.4,Bengaluru,12.9716,77.5946
2023-10-31T19:00,22,79,914.2,Bengaluru,12.9716,77.5946
2023-10-31T20:00,21.4,85,914.9,Bengaluru,12.9716,77.5946
2023-10-31T21:00,21.1,89,915.2,Bengaluru,12.9716,77.5946
2023-10-31T22:00,20.7,92,915.2,Bengaluru,12.9716,77.5946
2023-10-31T23:00,20.3,93,914.7,Bengaluru,12.9716,77.5946
2023-11-01T00:00,19.9,95,913.8,Bengaluru,12.9716,77.5946
2023-11-01T01:00,19.5,97,913.3,Bengaluru,12.9716,77.5946
2023-11-01T02:00,19.2,97,912.9,Bengaluru,12.9716,77.5946
2023-11-01T03:00,19,98,912.6,Bengaluru,12.9716,77.5946
2023-11-01T04:00,18.9,99,912.7,Bengaluru,12.9716,77.5946
2023-11-01T05:00,19.4,96,913.4,Bengaluru,12.9716,77.5946
2023-11-01T06:00,20.2,93,914.6,Bengaluru,12.9716,77.5946
2023-11-01T07:00,21.1,88,915.5,Bengaluru,12.9716,77.5946
2023-11-01T08:00,23,77,916.3,Bengaluru,12.9716,77.5946
2023-11-01T09:00,24.8,65,916.5,Bengaluru,12.9716,77.5946
2023-11-01T10:00,26.9,55,916.2,Bengaluru,12.9716,77.5946
2023-11-01T11:00,28.3,49,915.2,Bengaluru,12.9716,77.5946
2023-11-01T12:00,29.4,44,914.2,Bengaluru,12.9716,77.5946
2023-11-01T13:00,28.5,47,913.2,Bengaluru,12.9716,77.5946
2023-11-01T14:00,28.5,48,912.4,Bengaluru,12.9716,77.5946
2023-11-01T15:00,28.5,47,912.3,Bengaluru,12.9716,77.5946
2023-11-01T16:00,27.6,50,912.3,Bengaluru,12.9716,77.5946
2023-11-01T17:00,24.8,68,912.5,Bengaluru,12.9716,77.5946
2023-11-01T18:00,24.6,62,913.3,Bengaluru,12.9716,77.5946
2023-11-01T19:00,24.4,61,914.1,Bengaluru,12.9716,77.5946
2023-11-01T20:00,23.2,66,915,Bengaluru,12.9716,77.5946
2023-11-01T21:00,22.4,71,915.2,Bengaluru,12.9716,77.5946
2023-11-01T22:00,21.6,79,914.9,Bengaluru,12.9716,77.5946
2023-11-01T23:00,20.8,89,914.4,Bengaluru,12.9716,77.5946
2023-11-02T00:00,20.3,93,913.6,Bengaluru,12.9716,77.5946
2023-11-02T01:00,19.8,94,912.6,Bengaluru,12.9716,77.5946
2023-11-02T02:00,19.3,95,912.2,Bengaluru,12.9716,77.5946
2023-11-02T03:00,18.9,96,911.9,Bengaluru,12.9716,77.5946
2023-11-02T04:00,18.5,96,911.5,Bengaluru,12.9716,77.5946
2023-11-02T05:00,18.4,96,912,Bengaluru,12.9716,77.5946
2023-11-02T06:00,19.2,97,913.8,Bengaluru,12.9716,77.5946
2023-11-02T07:00,20.8,91,914.5,Bengaluru,12.9716,77.5946
2023-11-02T08:00,22.6,80,915.4,Bengaluru,12.9716,77.5946
2023-11-02T09:00,25.1,67,916.2,Bengaluru,12.9716,77.5946
2023-11-02T10:00,27,59,915.9,Bengaluru,12.9716,77.5946
2023-11-02T11:00,27.9,56,914.7,Bengaluru,12.9716,77.5946
2023-11-02T12:00,28.7,53,913.9,Bengaluru,12.9716,77.5946
2023-11-02T13:00,29.6,50,913,Bengaluru,12.9716,77.5946
2023-11-02T14:00,29.1,50,911.9,Bengaluru,12.9716,77.5946
2023-11-02T15:00,26.8,59,911.4,Bengaluru,12.9716,77.5946
2023-11-02T16:00,26.1,63,911.6,Bengaluru,12.9716,77.5946
2023-11-02T17:00,24.7,70,912,Bengaluru,12.9716,77.5946
2023-11-02T18:00,24.1,73,912.1,Bengaluru,12.9716,77.5946
2023-11-02T19:00,23.2,77,912.5,Bengaluru,12.9716,77.5946
2023-11-02T20:00,22.4,82,913.2,Bengaluru,12.9716,77.5946
2023-11-02T21:00,22,86,913.7,Bengaluru,12.9716,77.5946
2023-11-02T22:00,21.8,88,913.6,Bengaluru,12.9716,77.5946
2023-11-02T23:00,21,94,913.3,Bengaluru,12.9716,77.5946
2023-11-03T00:00,20.7,97,912.7,Bengaluru,12.9716,77.5946
2023-11-03T01:00,20.7,96,912.3,Bengaluru,12.9716,77.5946
2023-11-03T02:00,21,91,911.9,Bengaluru,12.9716,77.5946
2023-11-03T03:00,20.9,91,911.6,Bengaluru,12.9716,77.5946
2023-11-03T04:00,20.9,90,911.6,Bengaluru,12.9716,77.5946
2023-11-03T05:00,20.9,89,911.8,Bengaluru,12.9716,77.5946
2023-11-03T06:00,20.7,95,912.7,Bengaluru,12.9716,77.5946
2023-11-03T07:00,21.8,87,913.3,Bengaluru,12.9716,77.5946
2023-11-03T08:00,23.8,74,914.2,Bengaluru,12.9716,77.5946
2023-11-03T09:00,26,62,914.6,Bengaluru,12.9716,77.5946
2023-11-03T10:00,27.6,57,914.4,Bengaluru,12.9716,77.5946
2023-11-03T11:00,28.7,53,913.3,Bengaluru,12.9716,77.5946
2023-11-03T12:00,29.8,49,912.4,Bengaluru,12.9716,77.5946
2023-11-03T13:00,30,49,911.2,Bengaluru,12.9716,77.5946
2023-11-03T14:00,29.2,50,910.3,Bengaluru,12.9716,77.5946
2023-11-03T15:00,27.1,60,910,Bengaluru,12.9716,77.5946
2023-11-03T16:00,27,60,910.1,Bengaluru,12.9716,77.5946
2023-11-03T17:00,22.6,83,910.6,Bengaluru,12.9716,77.5946
2023-11-03T18:00,22.2,84,911,Bengaluru,12.9716,77.5946
2023-11-03T19:00,21.5,88,911.3,Bengaluru,12.9716,77.5946
2023-11-03T20:00,21.4,91,911.9,Bengaluru,12.9716,77.5946
2023-11-03T21:00,21.1,93,912.2,Bengaluru,12.9716,77.5946
2023-11-03T22:00,20.9,95,912.5,Bengaluru,12.9716,77.5946
2023-11-03T23:00,21,95,912.8,Bengaluru,12.9716,77.5946
2023-11-04T00:00,20.8,95,912.2,Bengaluru,12.9716,77.5946
2023-11-04T01:00,20.5,96,911.2,Bengaluru,12.9716,77.5946
2023-11-04T02:00,20.3,98,910.9,Bengaluru,12.9716,77.5946
2023-11-04T03:00,20.5,95,910.4,Bengaluru,12.9716,77.5946
2023-11-04T04:00,20.2,96,910.4,Bengaluru,12.9716,77.5946
2023-11-04T05:00,19.6,98,910.6,Bengaluru,12.9716,77.5946
2023-11-04T06:00,20.1,96,911.5,Bengaluru,12.9716,77.5946
2023-11-04T07:00,21,91,912.4,Bengaluru,12.9716,77.5946
2023-11-04T08:00,23.5,75,913.5,Bengaluru,12.9716,77.5946
2023-11-04T09:00,25.1,68,914.3,Bengaluru,12.9716,77.5946
2023-11-04T10:00,26.6,63,914.1,Bengaluru,12.9716,77.5946
2023-11-04T11:00,27.5,60,913.3,Bengaluru,12.9716,77.5946
2023-11-04T12:00,27.6,58,911.7,Bengaluru,12.9716,77.5946
2023-11-04T13:00,28,56,911.1,Bengaluru,12.9716,77.5946
2023-11-04T14:00,24.6,71,910.2,Bengaluru,12.9716,77.5946
2023-11-04T15:00,24.4,75,910.3,Bengaluru,12.9716,77.5946
2023-11-04T16:00,24.7,72,910.5,Bengaluru,12.9716,77.5946
2023-11-04T17:00,22.4,82,911.3,Bengaluru,12.9716,77.5946
2023-11-04T18:00,21.9,87,911.5,Bengaluru,12.9716,77.5946
2023-11-04T19:00,21.4,93,912.3,Bengaluru,12.9716,77.5946
2023-11-04T20:00,20.9,95,912.6,Bengaluru,12.9716,77.5946
2023-11-04T21:00,20.7,95,913,Bengaluru,12.9716,77.5946
2023-11-04T22:00,20.4,97,913,Bengaluru,12.9716,77.5946
2023-11-04T23:00,20.5,95,913,Bengaluru,12.9716,77.5946
2023-11-05T00:00,20.3,96,912.5,Bengaluru,12.9716,77.5946
2023-11-05T01:00,20.1,97,912.1,Bengaluru,12.9716,77.5946
2023-11-05T02:00,19.8,94,911.8,Bengaluru,12.9716,77.5946
2023-11-05T03:00,19.3,95,911.4,Bengaluru,12.9716,77.5946
2023-11-05T04:00,19.5,95,911.2,Bengaluru,12.9716,77.5946
2023-11-05T05:00,19.3,97,911.6,Bengaluru,12.9716,77.5946
2023-11-05T06:00,20.1,98,912.9,Bengaluru,12.9716,77.5946
2023-11-05T07:00,21.2,91,913.7,Bengaluru,12.9716,77.5946
2023-11-05T08:00,22.6,81,914.5,Bengaluru,12.9716,77.5946
2023-11-05T09:00,24.1,74,915,Bengaluru,12.9716,77.5946
2023-11-05T10:00,25,70,914.5,Bengaluru,12.9716,77.5946
2023-11-05T11:00,25.9,66,914,Bengaluru,12.9716,77.5946
2023-11-05T12:00,27.1,63,913.2,Bengaluru,12.9716,77.5946
2023-11-05T13:00,27.8,59,911.9,Bengaluru,12.9716,77.5946
2023-11-05T14:00,26.6,62,911.1,Bengaluru,12.9716,77.5946
2023-11-05T15:00,24,80,911,Bengaluru,12.9716,77.5946
2023-11-05T16:00,23.4,77,911.4,Bengaluru,12.9716,77.5946
2023-11-05T17:00,22.7,83,912.3,Bengaluru,12.9716,77.5946
2023-11-05T18:00,21.8,87,912.5,Bengaluru,12.9716,77.5946
2023-11-05T19:00,21.2,94,913.4,Bengaluru,12.9716,77.5946
2023-11-05T20:00,20.8,93,914.3,Bengaluru,12.9716,77.5946
2023-11-05T21:00,20.8,94,914.5,Bengaluru,12.9716,77.5946
2023-11-05T22:00,20.7,93,914.9,Bengaluru,12.9716,77.5946
2023-11-05T23:00,20.5,94,914.6,Bengaluru,12.9716,77.5946
2023-11-06T00:00,20.7,94,913.8,Bengaluru,12.9716,77.5946
2023-11-06T01:00,20.1,98,913.3,Bengaluru,12.9716,77.5946
2023-11-06T02:00,20.2,97,912.7,Bengaluru,12.9716,77.5946
2023-11-06T03:00,19.5,98,912.2,Bengaluru,12.9716,77.5946
2023-11-06T04:00,19,99,912.3,Bengaluru,12.9716,77.5946
2023-11-06T05:00,19.1,99,912.9,Bengaluru,12.9716,77.5946
2023-11-06T06:00,20.1,98,914.1,Bengaluru,12.9716,77.5946
2023-11-06T07:00,21.4,90,915.4,Bengaluru,12.9716,77.5946
2023-11-06T08:00,23,81,916.2,Bengaluru,12.9716,77.5946
2023-11-06T09:00,24.6,74,916.6,Bengaluru,12.9716,77.5946
2023-11-06T10:00,25.8,69,916.4,Bengaluru,12.9716,77.5946
2023-11-06T11:00,26.5,66,915.7,Bengaluru,12.9716,77.5946
2023-11-06T12:00,27,65,914.5,Bengaluru,12.9716,77.5946
2023-11-06T13:00,27.4,63,913.5,Bengaluru,12.9716,77.5946
2023-11-06T14:00,27.8,60,912.4,Bengaluru,12.9716,77.5946
2023-11-06T15:00,26.3,64,911.6,Bengaluru,12.9716,77.5946
2023-11-06T16:00,24.2,78,912.1,Bengaluru,12.9716,77.5946
2023-11-06T17:00,22,89,913.1,Bengaluru,12.9716,77.5946
2023-11-06T18:00,21.4,93,913.4,Bengaluru,12.9716,77.5946
2023-11-06T19:00,20.7,93,914.7,Bengaluru,12.9716,77.5946
2023-11-06T20:00,20.9,93,915.7,Bengaluru,12.9716,77.5946
2023-11-06T21:00,20.7,96,915.9,Bengaluru,12.9716,77.5946
2023-11-06T22:00,20.4,92,916,Bengaluru,12.9716,77.5946
2023-11-06T23:00,20.4,93,915,Bengaluru,12.9716,77.5946
2023-11-07T00:00,20,98,915,Bengaluru,12.9716,77.5946
2023-11-07T01:00,19.7,98,913.9,Bengaluru,12.9716,77.5946
2023-11-07T02:00,19.3,100,913.6,Bengaluru,12.9716,77.5946
2023-11-07T03:00,19.1,100,913,Bengaluru,12.9716,77.5946
2023-11-07T04:00,19,100,912.9,Bengaluru,12.9716,77.5946
2023-11-07T05:00,18.9,99,913.2,Bengaluru,12.9716,77.5946
2023-11-07T06:00,19,98,913.7,Bengaluru,12.9716,77.5946
2023-11-07T07:00,20.1,93,914.5,Bengaluru,12.9716,77.5946
2023-11-07T08:00,21.8,89,915.3,Bengaluru,12.9716,77.5946
2023-11-07T09:00,23.5,79,916.2,Bengaluru,12.9716,77.5946
2023-11-07T10:00,25.1,70,916.3,Bengaluru,12.9716,77.5946
2023-11-07T11:00,25.9,67,915.5,Bengaluru,12.9716,77.5946
2023-11-07T12:00,26.6,67,914.7,Bengaluru,12.9716,77.5946
2023-11-07T13:00,27.1,65,913.6,Bengaluru,12.9716,77.5946
2023-11-07T14:00,27.1,64,912.6,Bengaluru,12.9716,77.5946
2023-11-07T15:00,26.9,62,912,Bengaluru,12.9716,77.5946
2023-11-07T16:00,22.4,88,912.2,Bengaluru,12.9716,77.5946
2023-11-07T17:00,22.1,88,912.6,Bengaluru,12.9716,77.5946
2023-11-07T18:00,22.4,87,913.4,Bengaluru,12.9716,77.5946
2023-11-07T19:00,21.8,90,914.1,Bengaluru,12.9716,77.5946
2023-11-07T20:00,21.1,92,914.6,Bengaluru,12.9716,77.5946
2023-11-07T21:00,20.8,93,915.1,Bengaluru,12.9716,77.5946
2023-11-07T22:00,20.3,95,914.5,Bengaluru,12.9716,77.5946
2023-11-07T23:00,19.9,97,914.2,Bengaluru,12.9716,77.5946
2023-11-08T00:00,20.1,98,913.9,Bengaluru,12.9716,77.5946
2023-11-08T01:00,20.3,98,913.5,Bengaluru,12.9716,77.5946
2023-11-08T02:00,20.2,98,913.1,Bengaluru,12.9716,77.5946
2023-11-08T03:00,20.1,98,912.5,Bengaluru,12.9716,77.5946
2023-11-08T04:00,20.3,96,912.8,Bengaluru,12.9716,77.5946
2023-11-08T05:00,20.4,96,913,Bengaluru,12.9716,77.5946
2023-11-08T06:00,20.4,98,913.6,Bengaluru,12.9716,77.5946
2023-11-08T07:00,21,94,914.6,Bengaluru,12.9716,77.5946
2023-11-08T08:00,22.7,84,915.5,Bengaluru,12.9716,77.5946
2023-11-08T09:00,24.4,74,916.6,Bengaluru,12.9716,77.5946
2023-11-08T10:00,25.7,70,916.6,Bengaluru,12.9716,77.5946
2023-11-08T11:00,26.5,68,915.5,Bengaluru,12.9716,77.5946
2023-11-08T12:00,27.1,65,914.5,Bengaluru,12.9716,77.5946
2023-11-08T13:00,27.4,62,913.4,Bengaluru,12.9716,77.5946
2023-11-08T14:00,27.4,62,912.5,Bengaluru,12.9716,77.5946
2023-11-08T15:00,24.1,77,911.6,Bengaluru,12.9716,77.5946
2023-11-08T16:00,24,75,911.8,Bengaluru,12.9716,77.5946
2023-11-08T17:00,22.5,81,912.8,Bengaluru,12.9716,77.5946
2023-11-08T18:00,20.8,92,913.4,Bengaluru,12.9716,77.5946
2023-11-08T19:00,21,92,913.5,Bengaluru,12.9716,77.5946
2023-11-08T20:00,21.1,91,915,Bengaluru,12.9716,77.5946
2023-11-08T21:00,20.9,92,915.5,Bengaluru,12.9716,77.5946
2023-11-08T22:00,20.4,94,915.2,Bengaluru,12.9716,77.5946
2023-11-08T23:00,20.4,96,914.4,Bengaluru,12.9716,77.5946
2023-11-09T00:00,20,98,913.9,Bengaluru,12.9716,77.5946
2023-11-09T01:00,19.8,98,912.7,Bengaluru,12.9716,77.5946
2023-11-09T02:00,19.6,98,912.4,Bengaluru,12.9716,77.5946
2023-11-09T03:00,20,98,912.7,Bengaluru,12.9716,77.5946
2023-11-09T04:00,19.9,98,912.7,Bengaluru,12.9716,77.5946
2023-11-09T05:00,20,98,913.5,Bengaluru,12.9716,77.5946
2023-11-09T06:00,20,96,914.1,Bengaluru,12.9716,77.5946
2023-11-09T07:00,21,90,915,Bengaluru,12.9716,77.5946
2023-11-09T08:00,22.5,82,916,Bengaluru,12.9716,77.5946
2023-11-09T09:00,24,75,916.6,Bengaluru,12.9716,77.5946
2023-11-09T10:00,25.2,70,916.3,Bengaluru,12.9716,77.5946
2023-11-09T11:00,26.2,65,915.5,Bengaluru,12.9716,77.5946
2023-11-09T12:00,27.2,62,914.7,Bengaluru,12.9716,77.5946
2023-11-09T13:00,26.6,63,913.6,Bengaluru,12.9716,77.5946
2023-11-09T14:00,22.3,87,912.9,Bengaluru,12.9716,77.5946
2023-11-09T15:00,23.6,80,912.5,Bengaluru,12.9716,77.5946
2023-11-09T16:00,24.1,75,912.6,Bengaluru,12.9716,77.5946
2023-11-09T17:00,23.1,80,913,Bengaluru,12.9716,77.5946
2023-11-09T18:00,22.6,75,913.3,Bengaluru,12.9716,77.5946
2023-11-09T19:00,22.1,79,914.3,Bengaluru,12.9716,77.5946
2023-11-09T20:00,21.7,83,915,Bengaluru,12.9716,77.5946
2023-11-09T21:00,21.2,86,915.6,Bengaluru,12.9716,77.5946
2023-11-09T22:00,20.6,91,915.7,Bengaluru,12.9716,77.5946
2023-11-09T23:00,20,96,915.5,Bengaluru,12.9716,77.5946
2023-11-10T00:00,19.7,97,914.9,Bengaluru,12.9716,77.5946
2023-11-10T01:00,19.6,98,914.2,Bengaluru,12.9716,77.5946
2023-11-10T02:00,19.6,98,913.7,Bengaluru,12.9716,77.5946
2023-11-10T03:00,19.8,97,913.7,Bengaluru,12.9716,77.5946
2023-11-10T04:00,20.1,94,913.6,Bengaluru,12.9716,77.5946
2023-11-10T05:00,20.3,92,914.1,Bengaluru,12.9716,77.5946
2023-11-10T06:00,19.7,95,914.8,Bengaluru,12.9716,77.5946
2023-11-10T07:00,20.5,90,916.2,Bengaluru,12.9716,77.5946
2023-11-10T08:00,22.5,79,917.3,Bengaluru,12.9716,77.5946
2023-11-10T09:00,24,72,918,Bengaluru,12.9716,77.5946
2023-11-10T10:00,24.8,68,917.7,Bengaluru,12.9716,77.5946
2023-11-10T11:00,26,64,917.1,Bengaluru,12.9716,77.5946
2023-11-10T12:00,27,60,916,Bengaluru,12.9716,77.5946
2023-11-10T13:00,27.3,58,915,Bengaluru,12.9716,77.5946
2023-11-10T14:00,27.2,58,913.9,Bengaluru,12.9716,77.5946
2023-11-10T15:00,27.1,59,913.5,Bengaluru,12.9716,77.5946
2023-11-10T16:00,26.4,60,913.4,Bengaluru,12.9716,77.5946
2023-11-10T17:00,25,65,914,Bengaluru,12.9716,77.5946
2023-11-10T18:00,23.4,71,914.8,Bengaluru,12.9716,77.5946
2023-11-10T19:00,22.6,76,915.8,Bengaluru,12.9716,77.5946
2023-11-10T20:00,22.1,81,916.2,Bengaluru,12.9716,77.5946
2023-11-10T21:00,21.5,86,916.6,Bengaluru,12.9716,77.5946
2023-11-10T22:00,21,88,916.6,Bengaluru,12.9716,77.5946
2023-11-10T23:00,20.4,90,916.5,Bengaluru,12.9716,77.5946
2023-11-11T00:00,19.7,92,915.7,Bengaluru,12.9716,77.5946
2023-11-11T01:00,18.9,93,915.1,Bengaluru,12.9716,77.5946
2023-11-11T02:00,18.2,94,914.3,Bengaluru,12.9716,77.5946
2023-11-11T03:00,17.4,94,913.8,Bengaluru,12.9716,77.5946
2023-11-11T04:00,17,95,913.6,Bengaluru,12.9716,77.5946
2023-11-11T05:00,16.9,95,913.6,Bengaluru,12.9716,77.5946
2023-11-11T06:00,17.6,88,914.5,Bengaluru,12.9716,77.5946
2023-11-11T07:00,19.2,80,915.8,Bengaluru,12.9716,77.5946
2023-11-11T08:00,21.7,65,917,Bengaluru,12.9716,77.5946
2023-11-11T09:00,24,51,917.5,Bengaluru,12.9716,77.5946
2023-11-11T10:00,25.8,39,917.4,Bengaluru,12.9716,77.5946
2023-11-11T11:00,27,35,916.7,Bengaluru,12.9716,77.5946
2023-11-11T12:00,27.8,34,915.8,Bengaluru,12.9716,77.5946
2023-11-11T13:00,28.1,35,915.1,Bengaluru,12.9716,77.5946
2023-11-11T14:00,27.9,39,914.3,Bengaluru,12.9716,77.5946
2023-11-11T15:00,27.3,45,913.8,Bengaluru,12.9716,77.5946
2023-11-11T16:00,26.1,54,913.9,Bengaluru,12.9716,77.5946
2023-11-11T17:00,24.4,60,914.2,Bengaluru,12.9716,77.5946
2023-11-11T18:00,22.4,57,914.8,Bengaluru,12.9716,77.5946
2023-11-11T19:00,21.7,60,915.8,Bengaluru,12.9716,77.5946
2023-11-11T20:00,20.8,66,916.3,Bengaluru,12.9716,77.5946
2023-11-11T21:00,20,72,916.5,Bengaluru,12.9716,77.5946
2023-11-11T22:00,19.2,77,916.4,Bengaluru,12.9716,77.5946
2023-11-11T23:00,18.3,82,915.8,Bengaluru,12.9716,77.5946
2023-11-12T00:00,17.7,86,915.2,Bengaluru,12.9716,77.5946
2023-11-12T01:00,17.2,89,914.5,Bengaluru,12.9716,77.5946
2023-11-12T02:00,16.8,90,914,Bengaluru,12.9716,77.5946
2023-11-12T03:00,16.5,91,913.6,Bengaluru,12.9716,77.5946
2023-11-12T04:00,16.2,93,913.4,Bengaluru,12.9716,77.5946
2023-11-12T05:00,15.9,94,913.6,Bengaluru,12.9716,77.5946
2023-11-12T06:00,16.9,91,914.6,Bengaluru,12.9716,77.5946
2023-11-12T07:00,19,78,915.7,Bengaluru,12.9716,77.5946
2023-11-12T08:00,21.2,72,916.9,Bengaluru,12.9716,77.5946
2023-11-12T09:00,23.3,60,917.4,Bengaluru,12.9716,77.5946
2023-11-12T10:00,25.1,54,917.5,Bengaluru,12.9716,77.5946
2023-11-12T11:00,26.5,48,916.8,Bengaluru,12.9716,77.5946
2023-11-12T12:00,27.3,44,915.9,Bengaluru,12.9716,77.5946
2023-11-12T13:00,27.6,45,914.9,Bengaluru,12.9716,77.5946
2023-11-12T14:00,27.6,45,914.3,Bengaluru,12.9716,77.5946
2023-11-12T15:00,27,51,914.1,Bengaluru,12.9716,77.5946
2023-11-12T16:00,26.3,53,914.2,Bengaluru,12.9716,77.5946
2023-11-12T17:00,24.6,59,914.3,Bengaluru,12.9716,77.5946
2023-11-12T18:00,21.7,60,914.7,Bengaluru,12.9716,77.5946
2023-11-12T19:00,20.8,63,915.6,Bengaluru,12.9716,77.5946
2023-11-12T20:00,20,68,916,Bengaluru,12.9716,77.5946
2023-11-12T21:00,19.4,72,916.2,Bengaluru,12.9716,77.5946
2023-11-12T22:00,18.8,76,915.9,Bengaluru,12.9716,77.5946
2023-11-12T23:00,18.3,80,915.5,Bengaluru,12.9716,77.5946
2023-11-13T00:00,17.7,85,914.7,Bengaluru,12.9716,77.5946
2023-11-13T01:00,16.9,90,914.1,Bengaluru,12.9716,77.5946
2023-11-13T02:00,16.6,93,913.5,Bengaluru,12.9716,77.5946
2023-11-13T03:00,16.3,94,913,Bengaluru,12.9716,77.5946
2023-11-13T04:00,16,95,912.8,Bengaluru,12.9716,77.5946
2023-11-13T05:00,16,95,913,Bengaluru,12.9716,77.5946
2023-11-13T06:00,16.9,96,914.2,Bengaluru,12.9716,77.5946
2023-11-13T07:00,19.3,80,915.5,Bengaluru,12.9716,77.5946
2023-11-13T08:00,21.3,72,916.4,Bengaluru,12.9716,77.5946
2023-11-13T09:00,23.3,59,917,Bengaluru,12.9716,77.5946
2023-11-13T10:00,25.2,47,917,Bengaluru,12.9716,77.5946
2023-11-13T11:00,26.5,43,916.4,Bengaluru,12.9716,77.5946
2023-11-13T12:00,27.2,41,915.5,Bengaluru,12.9716,77.5946
2023-11-13T13:00,27.1,50,914.4,Bengaluru,12.9716,77.5946
2023-11-13T14:00,26.9,52,913.7,Bengaluru,12.9716,77.5946
2023-11-13T15:00,27,51,913.4,Bengaluru,12.9716,77.5946
2023-11-13T16:00,26.6,50,913.7,Bengaluru,12.9716,77.5946
2023-11-13T17:00,24.9,55,913.6,Bengaluru,12.9716,77.5946
2023-11-13T18:00,22.3,60,913.5,Bengaluru,12.9716,77.5946
2023-11-13T19:00,21.4,63,914.3,Bengaluru,12.9716,77.5946
2023-11-13T20:00,20.7,66,914.9,Bengaluru,12.9716,77.5946
2023-11-13T21:00,20.3,69,915.5,Bengaluru,12.9716,77.5946
2023-11-13T22:00,19.9,72,915.5,Bengaluru,12.9716,77.5946
2023-11-13T23:00,19.5,76,915.1,Bengaluru,12.9716,77.5946
2023-11-14T00:00,18.6,80,914.3,Bengaluru,12.9716,77.5946
2023-11-14T01:00,18,84,913.5,Bengaluru,12.9716,77.5946
2023-11-14T02:00,18.4,83,913.3,Bengaluru,12.9716,77.5946
2023-11-14T03:00,18.5,87,913,Bengaluru,12.9716,77.5946
2023-11-14T04:00,18.4,91,912.8,Bengaluru,12.9716,77.5946
2023-11-14T05:00,18.7,90,913.1,Bengaluru,12.9716,77.5946
2023-11-14T06:00,19.1,82,914,Bengaluru,12.9716,77.5946
2023-11-14T07:00,19.8,77,914.8,Bengaluru,12.9716,77.5946
2023-11-14T08:00,20.4,73,915.7,Bengaluru,12.9716,77.5946
2023-11-14T09:00,21,70,916.3,Bengaluru,12.9716,77.5946
2023-11-14T10:00,22,68,916.3,Bengaluru,12.9716,77.5946
2023-11-14T11:00,22.8,64,915.7,Bengaluru,12.9716,77.5946
2023-11-14T12:00,24.1,54,914.7,Bengaluru,12.9716,77.5946
2023-11-14T13:00,23.9,61,913.6,Bengaluru,12.9716,77.5946
2023-11-14T14:00,23.8,63,913.1,Bengaluru,12.9716,77.5946
2023-11-14T15:00,23.4,65,912.7,Bengaluru,12.9716,77.5946
2023-11-14T16:00,22.6,69,912.8,Bengaluru,12.9716,77.5946
2023-11-14T17:00,21.5,76,913.1,Bengaluru,12.9716,77.5946
2023-11-14T18:00,21.3,81,913.2,Bengaluru,12.9716,77.5946
2023-11-14T19:00,20.9,85,913.9,Bengaluru,12.9716,77.5946
2023-11-14T20:00,20.6,89,914.7,Bengaluru,12.9716,77.5946
2023-11-14T21:00,20.5,91,914.8,Bengaluru,12.9716,77.5946
2023-11-14T22:00,20.4,91,915.4,Bengaluru,12.9716,77.5946
2023-11-14T23:00,20.2,91,914.9,Bengaluru,12.9716,77.5946
2023-11-15T00:00,19.9,91,914.4,Bengaluru,12.9716,77.5946
2023-11-15T01:00,19.5,93,913.5,Bengaluru,12.9716,77.5946
2023-11-15T02:00,19.1,95,913,Bengaluru,12.9716,77.5946
2023-11-15T03:00,18.8,94,912.8,Bengaluru,12.9716,77.5946
2023-11-15T04:00,18.4,94,912.7,Bengaluru,12.9716,77.5946
2023-11-15T05:00,18.3,93,912.6,Bengaluru,12.9716,77.5946
2023-11-15T06:00,18.2,92,913.4,Bengaluru,12.9716,77.5946
2023-11-15T07:00,19.4,86,914.4,Bengaluru,12.9716,77.5946
2023-11-15T08:00,20.4,79,915.3,Bengaluru,12.9716,77.5946
2023-11-15T09:00,21.6,71,916.1,Bengaluru,12.9716,77.5946
2023-11-15T10:00,23.5,63,916.3,Bengaluru,12.9716,77.5946
2023-11-15T11:00,26.1,53,915.7,Bengaluru,12.9716,77.5946
2023-11-15T12:00,27.3,50,914.7,Bengaluru,12.9716,77.5946
2023-11-15T13:00,27.4,49,913.4,Bengaluru,12.9716,77.5946
2023-11-15T14:00,26.7,54,912.7,Bengaluru,12.9716,77.5946
2023-11-15T15:00,26.2,55,912.3,Bengaluru,12.9716,77.5946
2023-11-15T16:00,26.1,54,912.4,Bengaluru,12.9716,77.5946
2023-11-15T17:00,23.7,70,912.9,Bengaluru,12.9716,77.5946
2023-11-15T18:00,22.7,72,913.4,Bengaluru,12.9716,77.5946
2023-11-15T19:00,21.8,79,914,Bengaluru,12.9716,77.5946
2023-11-15T20:00,21.3,83,914.3,Bengaluru,12.9716,77.5946
2023-11-15T21:00,21.4,83,914.5,Bengaluru,12.9716,77.5946
2023-11-15T22:00,20.5,89,914.2,Bengaluru,12.9716,77.5946
2023-11-15T23:00,20.1,90,913.9,Bengaluru,12.9716,77.5946
2023-11-16T00:00,19.7,90,913.6,Bengaluru,12.9716,77.5946
2023-11-16T01:00,19.3,90,912.9,Bengaluru,12.9716,77.5946
2023-11-16T02:00,19.2,91,912.3,Bengaluru,12.9716,77.5946
2023-11-16T03:00,18.8,92,911.7,Bengaluru,12.9716,77.5946
2023-11-16T04:00,18.6,93,911.7,Bengaluru,12.9716,77.5946
2023-11-16T05:00,18.4,93,912,Bengaluru,12.9716,77.5946
2023-11-16T06:00,18.7,88,913,Bengaluru,12.9716,77.5946
2023-11-16T07:00,20.5,78,914.4,Bengaluru,12.9716,77.5946
2023-11-16T08:00,23.1,62,915.9,Bengaluru,12.9716,77.5946
2023-11-16T09:00,25.2,51,916.7,Bengaluru,12.9716,77.5946
2023-11-16T10:00,26.5,46,916.4,Bengaluru,12.9716,77.5946
2023-11-16T11:00,27.6,44,915.9,Bengaluru,12.9716,77.5946
2023-11-16T12:00,28.2,44,915.3,Bengaluru,12.9716,77.5946
2023-11-16T13:00,28.8,43,914.2,Bengaluru,12.9716,77.5946
2023-11-16T14:00,28.1,44,913.3,Bengaluru,12.9716,77.5946
2023-11-16T15:00,28.1,44,912.7,Bengaluru,12.9716,77.5946
2023-11-16T16:00,27.7,46,913,Bengaluru,12.9716,77.5946
2023-11-16T17:00,26.7,52,913.3,Bengaluru,12.9716,77.5946
2023-11-16T18:00,25,56,913.9,Bengaluru,12.9716,77.5946
2023-11-16T19:00,23.8,60,914.1,Bengaluru,12.9716,77.5946
2023-11-16T20:00,22.7,65,914.8,Bengaluru,12.9716,77.5946
2023-11-16T21:00,22.1,68,915.3,Bengaluru,12.9716,77.5946
2023-11-16T22:00,21.4,72,915.4,Bengaluru,12.9716,77.5946
2023-11-16T23:00,20.6,81,915,Bengaluru,12.9716,77.5946
2023-11-17T00:00,20.2,90,914.6,Bengaluru,12.9716,77.5946
2023-11-17T01:00,19.6,98,914,Bengaluru,12.9716,77.5946
2023-11-17T02:00,19.4,100,913.5,Bengaluru,12.9716,77.5946
2023-11-17T03:00,19.5,98,913,Bengaluru,12.9716,77.5946
2023-11-17T04:00,19,99,912.8,Bengaluru,12.9716,77.5946
2023-11-17T05:00,19,98,913.3,Bengaluru,12.9716,77.5946
2023-11-17T06:00,19,96,914.1,Bengaluru,12.9716,77.5946
2023-11-17T07:00,20.4,87,915,Bengaluru,12.9716,77.5946
2023-11-17T08:00,22.8,74,916.1,Bengaluru,12.9716,77.5946
2023-11-17T09:00,24.9,60,916.7,Bengaluru,12.9716,77.5946
2023-11-17T10:00,26.6,50,916.6,Bengaluru,12.9716,77.5946
2023-11-17T11:00,27.8,46,916,Bengaluru,12.9716,77.5946
2023-11-17T12:00,28.7,44,915.2,Bengaluru,12.9716,77.5946
2023-11-17T13:00,29.7,40,914.2,Bengaluru,12.9716,77.5946
2023-11-17T14:00,29.1,42,913.3,Bengaluru,12.9716,77.5946
2023-11-17T15:00,28.7,42,912.8,Bengaluru,12.9716,77.5946
2023-11-17T16:00,27.9,46,912.8,Bengaluru,12.9716,77.5946
2023-11-17T17:00,26.6,52,913.2,Bengaluru,12.9716,77.5946
2023-11-17T18:00,24.3,59,913.1,Bengaluru,12.9716,77.5946
2023-11-17T19:00,23.8,62,914,Bengaluru,12.9716,77.5946
2023-11-17T20:00,22.8,76,914.8,Bengaluru,12.9716,77.5946
2023-11-17T21:00,21.8,85,915.2,Bengaluru,12.9716,77.5946
2023-11-17T22:00,21,92,915.3,Bengaluru,12.9716,77.5946
2023-11-17T23:00,20.5,96,914.9,Bengaluru,12.9716,77.5946
2023-11-18T00:00,20.6,95,914.5,Bengaluru,12.9716,77.5946
2023-11-18T01:00,20.6,95,914,Bengaluru,12.9716,77.5946
2023-11-18T02:00,20.1,95,913.1,Bengaluru,12.9716,77.5946
2023-11-18T03:00,19.5,98,912.7,Bengaluru,12.9716,77.5946
2023-11-18T04:00,19.1,98,912.6,Bengaluru,12.9716,77.5946
2023-11-18T05:00,18.9,97,912.8,Bengaluru,12.9716,77.5946
2023-11-18T06:00,19.3,96,913.7,Bengaluru,12.9716,77.5946
2023-11-18T07:00,20.9,85,914.6,Bengaluru,12.9716,77.5946
2023-11-18T08:00,23.2,72,915.7,Bengaluru,12.9716,77.5946
2023-11-18T09:00,25.4,61,916.3,Bengaluru,12.9716,77.5946
2023-11-18T10:00,26.9,54,916.2,Bengaluru,12.9716,77.5946
2023-11-18T11:00,28,50,915.7,Bengaluru,12.9716,77.5946
2023-11-18T12:00,29,46,914.8,Bengaluru,12.9716,77.5946
2023-11-18T13:00,29.3,43,913.8,Bengaluru,12.9716,77.5946
2023-11-18T14:00,29.4,40,913,Bengaluru,12.9716,77.5946
2023-11-18T15:00,29.1,40,912.5,Bengaluru,12.9716,77.5946
2023-11-18T16:00,28.1,42,912.6,Bengaluru,12.9716,77.5946
2023-11-18T17:00,26.4,47,912.8,Bengaluru,12.9716,77.5946
2023-11-18T18:00,24.6,55,913.3,Bengaluru,12.9716,77.5946
2023-11-18T19:00,23.5,60,914.2,Bengaluru,12.9716,77.5946
2023-11-18T20:00,22.5,66,915,Bengaluru,12.9716,77.5946
2023-11-18T21:00,21.7,72,915.3,Bengaluru,12.9716,77.5946
2023-11-18T22:00,20.9,80,915.1,Bengaluru,12.9716,77.5946
2023-11-18T23:00,20.1,87,914.9,Bengaluru,12.9716,77.5946
2023-11-19T00:00,19.3,92,914.2,Bengaluru,12.9716,77.5946
2023-11-19T01:00,18.7,95,913.5,Bengaluru,12.9716,77.5946
2023-11-19T02:00,18.4,94,912.9,Bengaluru,12.9716,77.5946
2023-11-19T03:00,18.1,92,912.6,Bengaluru,12.9716,77.5946
2023-11-19T04:00,17.7,92,912.4,Bengaluru,12.9716,77.5946
2023-11-19T05:00,17.3,93,912.7,Bengaluru,12.9716,77.5946
2023-11-19T06:00,17.9,88,913.4,Bengaluru,12.9716,77.5946
2023-11-19T07:00,19.6,79,914.7,Bengaluru,12.9716,77.5946
2023-11-19T08:00,22.3,66,915.9,Bengaluru,12.9716,77.5946
2023-11-19T09:00,24.7,53,916.6,Bengaluru,12.9716,77.5946
2023-11-19T10:00,26.2,47,916.8,Bengaluru,12.9716,77.5946
2023-11-19T11:00,27.2,45,916,Bengaluru,12.9716,77.5946
2023-11-19T12:00,28.4,41,915.3,Bengaluru,12.9716,77.5946
2023-11-19T13:00,29,39,914.4,Bengaluru,12.9716,77.5946
2023-11-19T14:00,29.2,38,913.6,Bengaluru,12.9716,77.5946
2023-11-19T15:00,28.5,40,913.2,Bengaluru,12.9716,77.5946
2023-11-19T16:00,27.5,43,913.1,Bengaluru,12.9716,77.5946
2023-11-19T17:00,26.1,47,913.3,Bengaluru,12.9716,77.5946
2023-11-19T18:00,24.1,54,913.6,Bengaluru,12.9716,77.5946
2023-11-19T19:00,23.1,58,914.2,Bengaluru,12.9716,77.5946
2023-11-19T20:00,21.6,65,914.6,Bengaluru,12.9716,77.5946
2023-11-19T21:00,20.8,75,914.8,Bengaluru,12.9716,77.5946
2023-11-19T22:00,20.2,80,914.5,Bengaluru,12.9716,77.5946
2023-11-19T23:00,19.6,83,914,Bengaluru,12.9716,77.5946
2023-11-20T00:00,19.3,84,913.6,Bengaluru,12.9716,77.5946
2023-11-20T01:00,18.8,86,913,Bengaluru,12.9716,77.5946
2023-11-20T02:00,18.4,88,912.3,Bengaluru,12.9716,77.5946
2023-11-20T03:00,18.1,91,911.9,Bengaluru,12.9716,77.5946
2023-11-20T04:00,17.6,94,911.7,Bengaluru,12.9716,77.5946
2023-11-20T05:00,17.4,92,912.2,Bengaluru,12.9716,77.5946
2023-11-20T06:00,18.3,89,913.1,Bengaluru,12.9716,77.5946
2023-11-20T07:00,19.9,82,914.7,Bengaluru,12.9716,77.5946
2023-11-20T08:00,22.2,70,916,Bengaluru,12.9716,77.5946
2023-11-20T09:00,24.6,55,916.6,Bengaluru,12.9716,77.5946
2023-11-20T10:00,26.3,47,916.7,Bengaluru,12.9716,77.5946
2023-11-20T11:00,27.5,46,916.2,Bengaluru,12.9716,77.5946
2023-11-20T12:00,28.7,42,915,Bengaluru,12.9716,77.5946
2023-11-20T13:00,27.8,48,913.9,Bengaluru,12.9716,77.5946
2023-11-20T14:00,27.7,48,913.4,Bengaluru,12.9716,77.5946
2023-11-20T15:00,26.1,57,913.1,Bengaluru,12.9716,77.5946
2023-11-20T16:00,24.8,65,913,Bengaluru,12.9716,77.5946
2023-11-20T17:00,24.6,66,913.1,Bengaluru,12.9716,77.5946
2023-11-20T18:00,22.4,81,913.4,Bengaluru,12.9716,77.5946
2023-11-20T19:00,21.6,85,914.3,Bengaluru,12.9716,77.5946
2023-11-20T20:00,21.3,86,914.6,Bengaluru,12.9716,77.5946
2023-11-20T21:00,20.7,88,914.6,Bengaluru,12.9716,77.5946
2023-11-20T22:00,20.3,91,914.4,Bengaluru,12.9716,77.5946
2023-11-20T23:00,20.1,93,914,Bengaluru,12.9716,77.5946
2023-11-21T00:00,19.8,95,913.3,Bengaluru,12.9716,77.5946
2023-11-21T01:00,19.6,95,912.7,Bengaluru,12.9716,77.5946
2023-11-21T02:00,19.8,94,912.1,Bengaluru,12.9716,77.5946
2023-11-21T03:00,19.5,95,911.7,Bengaluru,12.9716,77.5946
2023-11-21T04:00,19.1,96,911.6,Bengaluru,12.9716,77.5946
2023-11-21T05:00,19,96,912.1,Bengaluru,12.9716,77.5946
2023-11-21T06:00,19.4,94,912.7,Bengaluru,12.9716,77.5946
2023-11-21T07:00,20.7,88,914.1,Bengaluru,12.9716,77.5946
2023-11-21T08:00,23,76,915.1,Bengaluru,12.9716,77.5946
2023-11-21T09:00,25.3,66,915.5,Bengaluru,12.9716,77.5946
2023-11-21T10:00,28,53,915.4,Bengaluru,12.9716,77.5946
2023-11-21T11:00,26.3,61,914.7,Bengaluru,12.9716,77.5946
2023-11-21T12:00,27.6,59,913.8,Bengaluru,12.9716,77.5946
2023-11-21T13:00,28.1,57,912.5,Bengaluru,12.9716,77.5946
2023-11-21T14:00,28.4,57,911.6,Bengaluru,12.9716,77.5946
2023-11-21T15:00,25.6,69,911.5,Bengaluru,12.9716,77.5946
2023-11-21T16:00,24.5,73,911.6,Bengaluru,12.9716,77.5946
2023-11-21T17:00,23.3,82,911.9,Bengaluru,12.9716,77.5946
2023-11-21T18:00,22.8,79,912.4,Bengaluru,12.9716,77.5946
2023-11-21T19:00,22.3,82,913.2,Bengaluru,12.9716,77.5946
2023-11-21T20:00,22.1,84,913.9,Bengaluru,12.9716,77.5946
2023-11-21T21:00,21.2,89,914,Bengaluru,12.9716,77.5946
2023-11-21T22:00,20.5,94,914,Bengaluru,12.9716,77.5946
2023-11-21T23:00,20,97,913.8,Bengaluru,12.9716,77.5946
2023-11-22T00:00,20,98,912.9,Bengaluru,12.9716,77.5946
2023-11-22T01:00,20.2,97,912,Bengaluru,12.9716,77.5946
2023-11-22T02:00,20.6,95,911.9,Bengaluru,12.9716,77.5946
2023-11-22T03:00,20.8,93,911.6,Bengaluru,12.9716,77.5946
2023-11-22T04:00,20.4,96,911.6,Bengaluru,12.9716,77.5946
2023-11-22T05:00,19.8,99,912,Bengaluru,12.9716,77.5946
2023-11-22T06:00,20.6,97,912.8,Bengaluru,12.9716,77.5946
2023-11-22T07:00,21.6,92,913.5,Bengaluru,12.9716,77.5946
2023-11-22T08:00,23.5,79,914.8,Bengaluru,12.9716,77.5946
2023-11-22T09:00,24.8,71,915,Bengaluru,12.9716,77.5946
2023-11-22T10:00,26.3,64,914.8,Bengaluru,12.9716,77.5946
2023-11-22T11:00,27.5,58,914.2,Bengaluru,12.9716,77.5946
2023-11-22T12:00,28.1,56,913.1,Bengaluru,12.9716,77.5946
2023-11-22T13:00,28,58,911.9,Bengaluru,12.9716,77.5946
2023-11-22T14:00,28.2,57,911,Bengaluru,12.9716,77.5946
2023-11-22T15:00,27.9,56,910.6,Bengaluru,12.9716,77.5946
2023-11-22T16:00,23.4,84,910.9,Bengaluru,12.9716,77.5946
2023-11-22T17:00,23.2,85,911.8,Bengaluru,12.9716,77.5946
2023-11-22T18:00,21.9,93,911.8,Bengaluru,12.9716,77.5946
2023-11-22T19:00,21.9,91,912.6,Bengaluru,12.9716,77.5946
2023-11-22T20:00,21,95,913.4,Bengaluru,12.9716,77.5946
2023-11-22T21:00,20.8,96,913.6,Bengaluru,12.9716,77.5946
2023-11-22T22:00,20.5,98,913.8,Bengaluru,12.9716,77.5946
2023-11-22T23:00,20.7,95,913.3,Bengaluru,12.9716,77.5946
2023-11-23T00:00,20.7,95,912.7,Bengaluru,12.9716,77.5946
2023-11-23T01:00,20.6,95,912.4,Bengaluru,12.9716,77.5946
2023-11-23T02:00,20.6,94,911.8,Bengaluru,12.9716,77.5946
2023-11-23T03:00,20.5,94,911.6,Bengaluru,12.9716,77.5946
2023-11-23T04:00,20.4,94,911.5,Bengaluru,12.9716,77.5946
2023-11-23T05:00,19.6,97,911.5,Bengaluru,12.9716,77.5946
2023-11-23T06:00,20.2,97,912.4,Bengaluru,12.9716,77.5946
2023-11-23T07:00,20.8,93,913.1,Bengaluru,12.9716,77.5946
2023-11-23T08:00,22.4,82,914,Bengaluru,12.9716,77.5946
2023-11-23T09:00,24.2,72,914.7,Bengaluru,12.9716,77.5946
2023-11-23T10:00,24.9,68,914.9,Bengaluru,12.9716,77.5946
2023-11-23T11:00,24.6,69,913.8,Bengaluru,12.9716,77.5946
2023-11-23T12:00,26.3,66,912.6,Bengaluru,12.9716,77.5946
2023-11-23T13:00,27.1,63,911.7,Bengaluru,12.9716,77.5946
2023-11-23T14:00,25.2,69,910.4,Bengaluru,12.9716,77.5946
2023-11-23T15:00,25.2,69,910.4,Bengaluru,12.9716,77.5946
2023-11-23T16:00,21.7,89,910.6,Bengaluru,12.9716,77.5946
2023-11-23T17:00,22,88,911.1,Bengaluru,12.9716,77.5946
2023-11-23T18:00,21.8,86,911.3,Bengaluru,12.9716,77.5946
2023-11-23T19:00,21.3,90,912,Bengaluru,12.9716,77.5946
2023-11-23T20:00,20.8,93,912.6,Bengaluru,12.9716,77.5946
2023-11-23T21:00,20.5,95,912.6,Bengaluru,12.9716,77.5946
2023-11-23T22:00,20.1,97,912.3,Bengaluru,12.9716,77.5946
2023-11-23T23:00,19.9,98,912,Bengaluru,12.9716,77.5946
2023-11-24T00:00,20,98,911.5,Bengaluru,12.9716,77.5946
2023-11-24T01:00,20.2,96,911,Bengaluru,12.9716,77.5946
2023-11-24T02:00,20,97,910.3,Bengaluru,12.9716,77.5946
2023-11-24T03:00,20,96,910,Bengaluru,12.9716,77.5946
2023-11-24T04:00,19.8,97,910.4,Bengaluru,12.9716,77.5946
2023-11-24T05:00,19.9,95,911.1,Bengaluru,12.9716,77.5946
2023-11-24T06:00,19.6,98,911.9,Bengaluru,12.9716,77.5946
2023-11-24T07:00,20.5,91,913.1,Bengaluru,12.9716,77.5946
2023-11-24T08:00,22.4,78,914.3,Bengaluru,12.9716,77.5946
2023-11-24T09:00,24.2,67,915.2,Bengaluru,12.9716,77.5946
2023-11-24T10:00,25.8,59,915,Bengaluru,12.9716,77.5946
2023-11-24T11:00,26.9,56,914.2,Bengaluru,12.9716,77.5946
2023-11-24T12:00,26.9,58,913,Bengaluru,12.9716,77.5946
2023-11-24T13:00,27.2,57,911.9,Bengaluru,12.9716,77.5946
2023-11-24T14:00,26.2,62,911.1,Bengaluru,12.9716,77.5946
2023-11-24T15:00,24.3,74,911.1,Bengaluru,12.9716,77.5946
2023-11-24T16:00,23.6,77,911.3,Bengaluru,12.9716,77.5946
2023-11-24T17:00,22.2,81,912,Bengaluru,12.9716,77.5946
2023-11-24T18:00,22,80,912.5,Bengaluru,12.9716,77.5946
2023-11-24T19:00,21.4,85,913.2,Bengaluru,12.9716,77.5946
2023-11-24T20:00,20.8,89,913.6,Bengaluru,12.9716,77.5946
2023-11-24T21:00,20.2,94,914.1,Bengaluru,12.9716,77.5946
2023-11-24T22:00,19.8,97,914,Bengaluru,12.9716,77.5946
2023-11-24T23:00,19.5,99,913.4,Bengaluru,12.9716,77.5946
2023-11-25T00:00,19.6,99,912.8,Bengaluru,12.9716,77.5946
2023-11-25T01:00,19.9,96,912.5,Bengaluru,12.9716,77.5946
2023-11-25T02:00,20.1,93,912.1,Bengaluru,12.9716,77.5946
2023-11-25T03:00,19.9,94,911.7,Bengaluru,12.9716,77.5946
2023-11-25T04:00,19.8,93,911.9,Bengaluru,12.9716,77.5946
2023-11-25T05:00,19.7,93,912.6,Bengaluru,12.9716,77.5946
2023-11-25T06:00,20.4,93,913.7,Bengaluru,12.9716,77.5946
2023-11-25T07:00,21,89,914.5,Bengaluru,12.9716,77.5946
2023-11-25T08:00,22.7,79,915.4,Bengaluru,12.9716,77.5946
2023-11-25T09:00,24.2,71,916.1,Bengaluru,12.9716,77.5946
2023-11-25T10:00,25.7,62,915.9,Bengaluru,12.9716,77.5946
2023-11-25T11:00,26.2,61,915.1,Bengaluru,12.9716,77.5946
2023-11-25T12:00,27.3,55,914.1,Bengaluru,12.9716,77.5946
2023-11-25T13:00,27.5,54,913.1,Bengaluru,12.9716,77.5946
2023-11-25T14:00,27.2,56,912.3,Bengaluru,12.9716,77.5946
2023-11-25T15:00,26,63,912.2,Bengaluru,12.9716,77.5946
2023-11-25T16:00,25,65,912.3,Bengaluru,12.9716,77.5946
2023-11-25T17:00,23.3,76,913,Bengaluru,12.9716,77.5946
2023-11-25T18:00,22.4,80,913.7,Bengaluru,12.9716,77.5946
2023-11-25T19:00,21.5,84,914.7,Bengaluru,12.9716,77.5946
2023-11-25T20:00,20.8,89,915.2,Bengaluru,12.9716,77.5946
2023-11-25T21:00,20.3,93,915.7,Bengaluru,12.9716,77.5946
2023-11-25T22:00,20,95,915.6,Bengaluru,12.9716,77.5946
2023-11-25T23:00,19.5,97,915.2,Bengaluru,12.9716,77.5946
2023-11-26T00:00,19.2,97,914.5,Bengaluru,12.9716,77.5946
2023-11-26T01:00,18.9,98,913.7,Bengaluru,12.9716,77.5946
2023-11-26T02:00,19.2,95,913.6,Bengaluru,12.9716,77.5946
2023-11-26T03:00,19.1,95,913.3,Bengaluru,12.9716,77.5946
2023-11-26T04:00,19.1,93,913.5,Bengaluru,12.9716,77.5946
2023-11-26T05:00,18.7,95,913.7,Bengaluru,12.9716,77.5946
2023-11-26T06:00,19,94,914.6,Bengaluru,12.9716,77.5946
2023-11-26T07:00,19.8,89,915.6,Bengaluru,12.9716,77.5946
2023-11-26T08:00,21.7,77,916.4,Bengaluru,12.9716,77.5946
2023-11-26T09:00,23.4,68,916.8,Bengaluru,12.9716,77.5946
2023-11-26T10:00,25.5,58,916.8,Bengaluru,12.9716,77.5946
2023-11-26T11:00,25.7,58,916,Bengaluru,12.9716,77.5946
2023-11-26T12:00,26,59,914.9,Bengaluru,12.9716,77.5946
2023-11-26T13:00,26.4,55,914,Bengaluru,12.9716,77.5946
2023-11-26T14:00,26.8,54,913.5,Bengaluru,12.9716,77.5946
2023-11-26T15:00,26.5,55,913.2,Bengaluru,12.9716,77.5946
2023-11-26T16:00,25.2,60,913.2,Bengaluru,12.9716,77.5946
2023-11-26T17:00,23.7,69,913.4,Bengaluru,12.9716,77.5946
2023-11-26T18:00,22.3,74,913.7,Bengaluru,12.9716,77.5946
2023-11-26T19:00,21.7,78,914.4,Bengaluru,12.9716,77.5946
2023-11-26T20:00,21,84,915,Bengaluru,12.9716,77.5946
2023-11-26T21:00,20.5,88,915.1,Bengaluru,12.9716,77.5946
2023-11-26T22:00,19.9,94,914.6,Bengaluru,12.9716,77.5946
2023-11-26T23:00,19.6,97,914.2,Bengaluru,12.9716,77.5946
2023-11-27T00:00,20.1,93,914.1,Bengaluru,12.9716,77.5946
2023-11-27T01:00,20,92,913.5,Bengaluru,12.9716,77.5946
2023-11-27T02:00,19.9,93,912.6,Bengaluru,12.9716,77.5946
2023-11-27T03:00,20.1,91,912.3,Bengaluru,12.9716,77.5946
2023-11-27T04:00,20.1,91,912.3,Bengaluru,12.9716,77.5946
2023-11-27T05:00,19.9,92,912.6,Bengaluru,12.9716,77.5946
2023-11-27T06:00,19.8,96,913.2,Bengaluru,12.9716,77.5946
2023-11-27T07:00,20.6,90,914.1,Bengaluru,12.9716,77.5946
2023-11-27T08:00,22.2,79,915.3,Bengaluru,12.9716,77.5946
2023-11-27T09:00,24,69,915.8,Bengaluru,12.9716,77.5946
2023-11-27T10:00,25.6,60,915.9,Bengaluru,12.9716,77.5946
2023-11-27T11:00,26.4,57,915,Bengaluru,12.9716,77.5946
2023-11-27T12:00,26.4,58,913.9,Bengaluru,12.9716,77.5946
2023-11-27T13:00,26.3,61,912.9,Bengaluru,12.9716,77.5946
2023-11-27T14:00,25.3,68,912,Bengaluru,12.9716,77.5946
2023-11-27T15:00,26.5,61,911.8,Bengaluru,12.9716,77.5946
2023-11-27T16:00,25.8,61,912,Bengaluru,12.9716,77.5946
2023-11-27T17:00,24.2,67,912.2,Bengaluru,12.9716,77.5946
2023-11-27T18:00,21.9,80,912.7,Bengaluru,12.9716,77.5946
2023-11-27T19:00,21.1,86,913.2,Bengaluru,12.9716,77.5946
2023-11-27T20:00,20.9,88,913.8,Bengaluru,12.9716,77.5946
2023-11-27T21:00,20.4,92,914,Bengaluru,12.9716,77.5946
2023-11-27T22:00,19.9,95,914,Bengaluru,12.9716,77.5946
2023-11-27T23:00,19.4,98,913.6,Bengaluru,12.9716,77.5946
2023-11-28T00:00,19.8,96,913.3,Bengaluru,12.9716,77.5946
2023-11-28T01:00,20,93,912.7,Bengaluru,12.9716,77.5946
2023-11-28T02:00,19.7,95,912.1,Bengaluru,12.9716,77.5946
2023-11-28T03:00,19.6,94,911.9,Bengaluru,12.9716,77.5946
2023-11-28T04:00,19.6,93,911.9,Bengaluru,12.9716,77.5946
2023-11-28T05:00,19.6,93,912,Bengaluru,12.9716,77.5946
2023-11-28T06:00,19.4,94,912.5,Bengaluru,12.9716,77.5946
2023-11-28T07:00,20.1,89,913.2,Bengaluru,12.9716,77.5946
2023-11-28T08:00,22.2,77,914.5,Bengaluru,12.9716,77.5946
2023-11-28T09:00,24,68,915,Bengaluru,12.9716,77.5946
2023-11-28T10:00,25.4,62,914.8,Bengaluru,12.9716,77.5946
2023-11-28T11:00,26.4,58,914.2,Bengaluru,12.9716,77.5946
2023-11-28T12:00,27.3,56,913.3,Bengaluru,12.9716,77.5946
2023-11-28T13:00,27.5,57,912.6,Bengaluru,12.9716,77.5946
2023-11-28T14:00,27.7,56,911.6,Bengaluru,12.9716,77.5946
2023-11-28T15:00,27.5,55,910.9,Bengaluru,12.9716,77.5946
2023-11-28T16:00,26.6,56,910.9,Bengaluru,12.9716,77.5946
2023-11-28T17:00,24.9,64,911.2,Bengaluru,12.9716,77.5946
2023-11-28T18:00,23.3,68,911.6,Bengaluru,12.9716,77.5946
2023-11-28T19:00,22.1,79,912.3,Bengaluru,12.9716,77.5946
2023-11-28T20:00,21.3,87,913.1,Bengaluru,12.9716,77.5946
2023-11-28T21:00,20.7,91,913.5,Bengaluru,12.9716,77.5946
2023-11-28T22:00,20.1,95,913.5,Bengaluru,12.9716,77.5946
2023-11-28T23:00,19.6,98,913.2,Bengaluru,12.9716,77.5946
2023-11-29T00:00,19.8,96,912.7,Bengaluru,12.9716,77.5946
2023-11-29T01:00,20,93,912,Bengaluru,12.9716,77.5946
2023-11-29T02:00,20.2,91,911.4,Bengaluru,12.9716,77.5946
2023-11-29T03:00,19.9,92,911.1,Bengaluru,12.9716,77.5946
2023-11-29T04:00,19.8,92,911.4,Bengaluru,12.9716,77.5946
2023-11-29T05:00,19.7,92,911.8,Bengaluru,12.9716,77.5946
2023-11-29T06:00,19.8,92,912.5,Bengaluru,12.9716,77.5946
2023-11-29T07:00,20.5,87,913.5,Bengaluru,12.9716,77.5946
2023-11-29T08:00,22.4,75,914.5,Bengaluru,12.9716,77.5946
2023-11-29T09:00,24.1,66,915.2,Bengaluru,12.9716,77.5946
2023-11-29T10:00,25.1,61,915,Bengaluru,12.9716,77.5946
2023-11-29T11:00,26.1,57,914.2,Bengaluru,12.9716,77.5946
2023-11-29T12:00,27.2,54,913.4,Bengaluru,12.9716,77.5946
2023-11-29T13:00,27.9,51,912.4,Bengaluru,12.9716,77.5946
2023-11-29T14:00,28.2,50,911.7,Bengaluru,12.9716,77.5946
2023-11-29T15:00,26.8,54,911.6,Bengaluru,12.9716,77.5946
2023-11-29T16:00,25,65,911.5,Bengaluru,12.9716,77.5946
2023-11-29T17:00,22.4,77,912.3,Bengaluru,12.9716,77.5946
2023-11-29T18:00,22.6,77,912.7,Bengaluru,12.9716,77.5946
2023-11-29T19:00,21.6,84,913.7,Bengaluru,12.9716,77.5946
2023-11-29T20:00,20.8,89,914.2,Bengaluru,12.9716,77.5946
2023-11-29T21:00,20.1,94,914.2,Bengaluru,12.9716,77.5946
2023-11-29T22:00,20.2,93,914.1,Bengaluru,12.9716,77.5946
2023-11-29T23:00,20.4,91,913.8,Bengaluru,12.9716,77.5946
2023-11-30T00:00,20.2,91,913.3,Bengaluru,12.9716,77.5946
2023-11-30T01:00,20.2,90,912.9,Bengaluru,12.9716,77.5946
2023-11-30T02:00,20.2,89,912.2,Bengaluru,12.9716,77.5946
2023-11-30T03:00,20,90,911.7,Bengaluru,12.9716,77.5946
2023-11-30T04:00,19.6,90,911.6,Bengaluru,12.9716,77.5946
2023-11-30T05:00,18.5,97,912.1,Bengaluru,12.9716,77.5946
2023-11-30T06:00,19.8,93,912.9,Bengaluru,12.9716,77.5946
2023-11-30T07:00,20.4,89,913.9,Bengaluru,12.9716,77.5946
2023-11-30T08:00,22.3,77,915.2,Bengaluru,12.9716,77.5946
2023-11-30T09:00,24,67,915.8,Bengaluru,12.9716,77.5946
2023-11-30T10:00,25,62,915.6,Bengaluru,12.9716,77.5946
2023-11-30T11:00,26.5,55,915.3,Bengaluru,12.9716,77.5946
2023-11-30T12:00,27.5,50,914.4,Bengaluru,12.9716,77.5946
2023-11-30T13:00,27.7,51,913.3,Bengaluru,12.9716,77.5946
2023-11-30T14:00,27.9,51,912.2,Bengaluru,12.9716,77.5946
2023-11-30T15:00,27.7,52,912,Bengaluru,12.9716,77.5946
2023-11-30T16:00,25,63,912.1,Bengaluru,12.9716,77.5946
2023-11-30T17:00,23.2,75,913,Bengaluru,12.9716,77.5946
2023-11-30T18:00,21.2,85,913.1,Bengaluru,12.9716,77.5946
2023-11-30T19:00,20.9,89,913.6,Bengaluru,12.9716,77.5946
2023-11-30T20:00,20.6,93,914.2,Bengaluru,12.9716,77.5946
2023-11-30T21:00,20.2,95,914.9,Bengaluru,12.9716,77.5946
2023-11-30T22:00,19.7,98,914.7,Bengaluru,12.9716,77.5946
2023-11-30T23:00,19.7,96,914.1,Bengaluru,12.9716,77.5946
2023-12-01T00:00,19.6,96,913.6,Bengaluru,12.9716,77.5946
2023-12-01T01:00,19.4,97,912.9,Bengaluru,12.9716,77.5946
2023-12-01T02:00,19.4,96,912.4,Bengaluru,12.9716,77.5946
2023-12-01T03:00,19.4,96,912,Bengaluru,12.9716,77.5946
2023-12-01T04:00,19.6,94,912.1,Bengaluru,12.9716,77.5946
2023-12-01T05:00,19.3,97,912.2,Bengaluru,12.9716,77.5946
2023-12-01T06:00,20.2,91,912.8,Bengaluru,12.9716,77.5946
2023-12-01T07:00,20.7,88,913.5,Bengaluru,12.9716,77.5946
2023-12-01T08:00,22.4,77,914.7,Bengaluru,12.9716,77.5946
2023-12-01T09:00,23.7,70,915.2,Bengaluru,12.9716,77.5946
2023-12-01T10:00,24.9,64,915.1,Bengaluru,12.9716,77.5946
2023-12-01T11:00,25.7,61,914.5,Bengaluru,12.9716,77.5946
2023-12-01T12:00,26.6,57,913.3,Bengaluru,12.9716,77.5946
2023-12-01T13:00,27.6,52,912.1,Bengaluru,12.9716,77.5946
2023-12-01T14:00,28,50,911,Bengaluru,12.9716,77.5946
2023-12-01T15:00,24.3,69,910.7,Bengaluru,12.9716,77.5946
2023-12-01T16:00,23.8,74,911,Bengaluru,12.9716,77.5946
2023-12-01T17:00,23.2,76,911.3,Bengaluru,12.9716,77.5946
2023-12-01T18:00,21.9,83,911.9,Bengaluru,12.9716,77.5946
2023-12-01T19:00,21.2,88,912.6,Bengaluru,12.9716,77.5946
2023-12-01T20:00,21,88,913.4,Bengaluru,12.9716,77.5946
2023-12-01T21:00,20.6,90,913.7,Bengaluru,12.9716,77.5946
2023-12-01T22:00,20.2,93,913.6,Bengaluru,12.9716,77.5946
2023-12-01T23:00,19.9,95,913.2,Bengaluru,12.9716,77.5946
2023-12-02T00:00,19.4,97,912.4,Bengaluru,12.9716,77.5946
2023-12-02T01:00,19,97,911.6,Bengaluru,12.9716,77.5946
2023-12-02T02:00,18.6,97,910.8,Bengaluru,12.9716,77.5946
2023-12-02T03:00,18.2,96,910.4,Bengaluru,12.9716,77.5946
2023-12-02T04:00,17.8,93,910.1,Bengaluru,12.9716,77.5946
2023-12-02T05:00,17.4,91,910.4,Bengaluru,12.9716,77.5946
2023-12-02T06:00,18,84,911.1,Bengaluru,12.9716,77.5946
2023-12-02T07:00,19.5,80,912.2,Bengaluru,12.9716,77.5946
2023-12-02T08:00,21.9,67,913.4,Bengaluru,12.9716,77.5946
2023-12-02T09:00,24,55,914.1,Bengaluru,12.9716,77.5946
2023-12-02T10:00,25.8,51,914.1,Bengaluru,12.9716,77.5946
2023-12-02T11:00,26.4,53,913.3,Bengaluru,12.9716,77.5946
2023-12-02T12:00,27.7,49,912.4,Bengaluru,12.9716,77.5946
2023-12-02T13:00,28.2,47,911.1,Bengaluru,12.9716,77.5946
2023-12-02T14:00,27.1,54,910.1,Bengaluru,12.9716,77.5946
2023-12-02T15:00,25.5,64,909.9,Bengaluru,12.9716,77.5946
2023-12-02T16:00,24.4,72,909.7,Bengaluru,12.9716,77.5946
2023-12-02T17:00,23.2,76,910.2,Bengaluru,12.9716,77.5946
2023-12-02T18:00,21.9,81,911.1,Bengaluru,12.9716,77.5946
2023-12-02T19:00,21.3,85,911.6,Bengaluru,12.9716,77.5946
2023-12-02T20:00,20.4,91,912.1,Bengaluru,12.9716,77.5946
2023-12-02T21:00,20.4,91,912.5,Bengaluru,12.9716,77.5946
2023-12-02T22:00,20.8,88,912.6,Bengaluru,12.9716,77.5946
2023-12-02T23:00,20.9,88,912.6,Bengaluru,12.9716,77.5946
2023-12-03T00:00,20.6,90,911.8,Bengaluru,12.9716,77.5946
2023-12-03T01:00,20.1,93,911.3,Bengaluru,12.9716,77.5946
2023-12-03T02:00,20.7,88,910.6,Bengaluru,12.9716,77.5946
2023-12-03T03:00,20.4,90,910,Bengaluru,12.9716,77.5946
2023-12-03T04:00,20.2,92,909.9,Bengaluru,12.9716,77.5946
2023-12-03T05:00,20.6,90,910.1,Bengaluru,12.9716,77.5946
2023-12-03T06:00,19.6,95,911.2,Bengaluru,12.9716,77.5946
2023-12-03T07:00,20.6,88,912.2,Bengaluru,12.9716,77.5946
2023-12-03T08:00,22,81,912.9,Bengaluru,12.9716,77.5946
2023-12-03T09:00,23.2,74,913.6,Bengaluru,12.9716,77.5946
2023-12-03T10:00,24.2,70,913.5,Bengaluru,12.9716,77.5946
2023-12-03T11:00,25.5,66,913.2,Bengaluru,12.9716,77.5946
2023-12-03T12:00,26.5,62,912.2,Bengaluru,12.9716,77.5946
2023-12-03T13:00,25.5,66,911,Bengaluru,12.9716,77.5946
2023-12-03T14:00,24.9,72,910.2,Bengaluru,12.9716,77.5946
2023-12-03T15:00,24.6,69,909.7,Bengaluru,12.9716,77.5946
2023-12-03T16:00,24.5,69,909.8,Bengaluru,12.9716,77.5946
2023-12-03T17:00,22.7,79,910,Bengaluru,12.9716,77.5946
2023-12-03T18:00,21.5,83,910.7,Bengaluru,12.9716,77.5946
2023-12-03T19:00,20.8,88,911.4,Bengaluru,12.9716,77.5946
2023-12-03T20:00,20.4,90,912,Bengaluru,12.9716,77.5946
2023-12-03T21:00,20.2,91,912.2,Bengaluru,12.9716,77.5946
2023-12-03T22:00,20.1,92,912,Bengaluru,12.9716,77.5946
2023-12-03T23:00,19.9,93,911.6,Bengaluru,12.9716,77.5946
2023-12-04T00:00,20.4,91,911,Bengaluru,12.9716,77.5946
2023-12-04T01:00,20.5,90,910.3,Bengaluru,12.9716,77.5946
2023-12-04T02:00,20.5,90,909.6,Bengaluru,12.9716,77.5946
2023-12-04T03:00,20.1,91,908.8,Bengaluru,12.9716,77.5946
2023-12-04T04:00,19.8,92,908.6,Bengaluru,12.9716,77.5946
2023-12-04T05:00,20.1,89,908.9,Bengaluru,12.9716,77.5946
2023-12-04T06:00,20.6,87,909.8,Bengaluru,12.9716,77.5946
2023-12-04T07:00,20.7,85,910.2,Bengaluru,12.9716,77.5946
2023-12-04T08:00,21.5,81,910.8,Bengaluru,12.9716,77.5946
2023-12-04T09:00,22.1,78,911.7,Bengaluru,12.9716,77.5946
2023-12-04T10:00,22.7,75,911.2,Bengaluru,12.9716,77.5946
2023-12-04T11:00,23.3,73,911.4,Bengaluru,12.9716,77.5946
2023-12-04T12:00,23.6,71,910.5,Bengaluru,12.9716,77.5946
2023-12-04T13:00,23.9,70,909.5,Bengaluru,12.9716,77.5946
2023-12-04T14:00,24,69,908.6,Bengaluru,12.9716,77.5946
2023-12-04T15:00,23.9,69,908.3,Bengaluru,12.9716,77.5946
2023-12-04T16:00,23.3,72,908.1,Bengaluru,12.9716,77.5946
2023-12-04T17:00,22.5,77,908.9,Bengaluru,12.9716,77.5946
2023-12-04T18:00,21.1,82,909.8,Bengaluru,12.9716,77.5946
2023-12-04T19:00,20.8,83,910.1,Bengaluru,12.9716,77.5946
2023-12-04T20:00,20.7,83,910.6,Bengaluru,12.9716,77.5946
2023-12-04T21:00,20.4,85,910.5,Bengaluru,12.9716,77.5946
2023-12-04T22:00,20.3,85,910.4,Bengaluru,12.9716,77.5946
2023-12-04T23:00,20.3,85,910.2,Bengaluru,12.9716,77.5946
2023-12-05T00:00,19.8,87,908.8,Bengaluru,12.9716,77.5946
2023-12-05T01:00,19.6,88,908.4,Bengaluru,12.9716,77.5946
2023-12-05T02:00,19.2,90,907.6,Bengaluru,12.9716,77.5946
2023-12-05T03:00,18.7,92,907.5,Bengaluru,12.9716,77.5946
2023-12-05T04:00,18.8,92,907.4,Bengaluru,12.9716,77.5946
2023-12-05T05:00,18.5,94,908,Bengaluru,12.9716,77.5946
2023-12-05T06:00,19.2,92,909.4,Bengaluru,12.9716,77.5946
2023-12-05T07:00,20.6,85,910.7,Bengaluru,12.9716,77.5946
2023-12-05T08:00,22.3,75,911.7,Bengaluru,12.9716,77.5946
2023-12-05T09:00,24,67,912,Bengaluru,12.9716,77.5946
2023-12-05T10:00,26,57,912.1,Bengaluru,12.9716,77.5946
2023-12-05T11:00,26.8,54,911.5,Bengaluru,12.9716,77.5946
2023-12-05T12:00,27.2,52,910.3,Bengaluru,12.9716,77.5946
2023-12-05T13:00,27.5,51,909.3,Bengaluru,12.9716,77.5946
2023-12-05T14:00,28.1,48,908.7,Bengaluru,12.9716,77.5946
2023-12-05T15:00,28.5,46,908.3,Bengaluru,12.9716,77.5946
2023-12-05T16:00,27.6,48,908.6,Bengaluru,12.9716,77.5946
2023-12-05T17:00,26.1,54,908.9,Bengaluru,12.9716,77.5946
2023-12-05T18:00,23.4,69,909.7,Bengaluru,12.9716,77.5946
2023-12-05T19:00,22.5,73,910.6,Bengaluru,12.9716,77.5946
2023-12-05T20:00,21.9,76,911,Bengaluru,12.9716,77.5946
2023-12-05T21:00,21.2,80,911.6,Bengaluru,12.9716,77.5946
2023-12-05T22:00,20.3,84,911.4,Bengaluru,12.9716,77.5946
2023-12-05T23:00,19.4,88,910.9,Bengaluru,12.9716,77.5946
2023-12-06T00:00,19.4,88,910.6,Bengaluru,12.9716,77.5946
2023-12-06T01:00,18.5,92,909.8,Bengaluru,12.9716,77.5946
2023-12-06T02:00,17.9,93,909.4,Bengaluru,12.9716,77.5946
2023-12-06T03:00,19.1,87,909.7,Bengaluru,12.9716,77.5946
2023-12-06T04:00,17.7,92,909.2,Bengaluru,12.9716,77.5946
2023-12-06T05:00,18,91,909.7,Bengaluru,12.9716,77.5946
2023-12-06T06:00,17.1,95,910.2,Bengaluru,12.9716,77.5946
2023-12-06T07:00,19.4,87,911.8,Bengaluru,12.9716,77.5946
2023-12-06T08:00,22.2,77,913.2,Bengaluru,12.9716,77.5946
2023-12-06T09:00,24.2,68,913.6,Bengaluru,12.9716,77.5946
2023-12-06T10:00,25.7,59,913.5,Bengaluru,12.9716,77.5946
2023-12-06T11:00,27.1,53,913.1,Bengaluru,12.9716,77.5946
2023-12-06T12:00,27.9,49,912.3,Bengaluru,12.9716,77.5946
2023-12-06T13:00,28.3,45,911.3,Bengaluru,12.9716,77.5946
2023-12-06T14:00,28.4,43,910.7,Bengaluru,12.9716,77.5946
2023-12-06T15:00,28.4,40,910.5,Bengaluru,12.9716,77.5946
2023-12-06T16:00,28.1,38,910.5,Bengaluru,12.9716,77.5946
2023-12-06T17:00,26,49,910.6,Bengaluru,12.9716,77.5946
2023-12-06T18:00,23.4,61,910.6,Bengaluru,12.9716,77.5946
2023-12-06T19:00,21.8,70,911.2,Bengaluru,12.9716,77.5946
2023-12-06T20:00,22.2,67,912,Bengaluru,12.9716,77.5946
2023-12-06T21:00,20.6,71,911.9,Bengaluru,12.9716,77.5946
2023-12-06T22:00,20.1,74,912,Bengaluru,12.9716,77.5946
2023-12-06T23:00,20,75,911.7,Bengaluru,12.9716,77.5946
2023-12-07T00:00,20.6,74,911.5,Bengaluru,12.9716,77.5946
2023-12-07T01:00,20,89,911.6,Bengaluru,12.9716,77.5946
2023-12-07T02:00,19.8,96,911.1,Bengaluru,12.9716,77.5946
2023-12-07T03:00,19.8,98,910.7,Bengaluru,12.9716,77.5946
2023-12-07T04:00,19.3,98,910.5,Bengaluru,12.9716,77.5946
2023-12-07T05:00,18.4,99,910.7,Bengaluru,12.9716,77.5946
2023-12-07T06:00,19.7,99,912.3,Bengaluru,12.9716,77.5946
2023-12-07T07:00,20.1,97,913.1,Bengaluru,12.9716,77.5946
2023-12-07T08:00,22.3,83,914.3,Bengaluru,12.9716,77.5946
2023-12-07T09:00,24.6,69,914.7,Bengaluru,12.9716,77.5946
2023-12-07T10:00,25.9,61,914.6,Bengaluru,12.9716,77.5946
2023-12-07T11:00,27.2,54,914,Bengaluru,12.9716,77.5946
2023-12-07T12:00,28.4,49,913,Bengaluru,12.9716,77.5946
2023-12-07T13:00,28.9,46,912.1,Bengaluru,12.9716,77.5946
2023-12-07T14:00,28.5,47,911.4,Bengaluru,12.9716,77.5946
2023-12-07T15:00,28.3,47,911.2,Bengaluru,12.9716,77.5946
2023-12-07T16:00,27.9,47,911.5,Bengaluru,12.9716,77.5946
2023-12-07T17:00,26.6,59,911.7,Bengaluru,12.9716,77.5946
2023-12-07T18:00,24.4,68,912.1,Bengaluru,12.9716,77.5946
2023-12-07T19:00,22.9,74,912.7,Bengaluru,12.9716,77.5946
2023-12-07T20:00,21.9,79,913,Bengaluru,12.9716,77.5946
2023-12-07T21:00,21.3,83,913.3,Bengaluru,12.9716,77.5946
2023-12-07T22:00,21.2,84,913.3,Bengaluru,12.9716,77.5946
2023-12-07T23:00,20.9,87,913,Bengaluru,12.9716,77.5946
2023-12-08T00:00,20.1,93,912.5,Bengaluru,12.9716,77.5946
2023-12-08T01:00,19.8,98,912,Bengaluru,12.9716,77.5946
2023-12-08T02:00,19.8,99,911.5,Bengaluru,12.9716,77.5946
2023-12-08T03:00,20,98,911.5,Bengaluru,12.9716,77.5946
2023-12-08T04:00,20.2,96,911.7,Bengaluru,12.9716,77.5946
2023-12-08T05:00,20.3,95,912,Bengaluru,12.9716,77.5946
2023-12-08T06:00,19.8,98,912.7,Bengaluru,12.9716,77.5946
2023-12-08T07:00,20.9,92,913.8,Bengaluru,12.9716,77.5946
2023-12-08T08:00,22.7,80,914.8,Bengaluru,12.9716,77.5946
2023-12-08T09:00,24.3,72,915.4,Bengaluru,12.9716,77.5946
2023-12-08T10:00,25.7,64,915.5,Bengaluru,12.9716,77.5946
2023-12-08T11:00,26.4,60,914.9,Bengaluru,12.9716,77.5946
2023-12-08T12:00,27.5,57,914,Bengaluru,12.9716,77.5946
2023-12-08T13:00,28.4,54,913,Bengaluru,12.9716,77.5946
2023-12-08T14:00,27.9,54,911.9,Bengaluru,12.9716,77.5946
2023-12-08T15:00,26.7,58,911.6,Bengaluru,12.9716,77.5946
2023-12-08T16:00,25.2,69,911.8,Bengaluru,12.9716,77.5946
2023-12-08T17:00,24,73,912.4,Bengaluru,12.9716,77.5946
2023-12-08T18:00,23.3,74,912.7,Bengaluru,12.9716,77.5946
2023-12-08T19:00,22.8,76,913.7,Bengaluru,12.9716,77.5946
2023-12-08T20:00,22.1,84,914.2,Bengaluru,12.9716,77.5946
2023-12-08T21:00,21.5,88,914.4,Bengaluru,12.9716,77.5946
2023-12-08T22:00,20.9,93,914.5,Bengaluru,12.9716,77.5946
2023-12-08T23:00,20.2,96,914.3,Bengaluru,12.9716,77.5946
2023-12-09T00:00,20.1,97,913.9,Bengaluru,12.9716,77.5946
2023-12-09T01:00,20.2,96,913.4,Bengaluru,12.9716,77.5946
2023-12-09T02:00,20.5,95,913,Bengaluru,12.9716,77.5946
2023-12-09T03:00,20.4,96,912.6,Bengaluru,12.9716,77.5946
2023-12-09T04:00,20.2,96,912.9,Bengaluru,12.9716,77.5946
2023-12-09T05:00,20.1,95,913.3,Bengaluru,12.9716,77.5946
2023-12-09T06:00,20,96,914.3,Bengaluru,12.9716,77.5946
2023-12-09T07:00,20.7,91,915.3,Bengaluru,12.9716,77.5946
2023-12-09T08:00,22.3,81,916.3,Bengaluru,12.9716,77.5946
2023-12-09T09:00,23.5,74,916.9,Bengaluru,12.9716,77.5946
2023-12-09T10:00,24.9,68,916.8,Bengaluru,12.9716,77.5946
2023-12-09T11:00,26.1,62,916,Bengaluru,12.9716,77.5946
2023-12-09T12:00,27,58,915,Bengaluru,12.9716,77.5946
2023-12-09T13:00,27.1,57,913.9,Bengaluru,12.9716,77.5946
2023-12-09T14:00,27,57,913.2,Bengaluru,12.9716,77.5946
2023-12-09T15:00,26.5,58,912.8,Bengaluru,12.9716,77.5946
2023-12-09T16:00,25.8,61,912.8,Bengaluru,12.9716,77.5946
2023-12-09T17:00,24,69,913.1,Bengaluru,12.9716,77.5946
2023-12-09T18:00,23.2,72,913,Bengaluru,12.9716,77.5946
2023-12-09T19:00,22.8,75,913.5,Bengaluru,12.9716,77.5946
2023-12-09T20:00,22.1,79,914,Bengaluru,12.9716,77.5946
2023-12-09T21:00,21.5,83,914.3,Bengaluru,12.9716,77.5946
2023-12-09T22:00,20.7,89,914,Bengaluru,12.9716,77.5946
2023-12-09T23:00,20.1,95,914,Bengaluru,12.9716,77.5946
2023-12-10T00:00,20.4,93,914,Bengaluru,12.9716,77.5946
2023-12-10T01:00,20.5,91,913.3,Bengaluru,12.9716,77.5946
2023-12-10T02:00,20.6,89,912.8,Bengaluru,12.9716,77.5946
2023-12-10T03:00,20.3,89,912.5,Bengaluru,12.9716,77.5946
2023-12-10T04:00,19.6,92,912.2,Bengaluru,12.9716,77.5946
2023-12-10T05:00,18.9,92,912.3,Bengaluru,12.9716,77.5946
2023-12-10T06:00,19.2,90,913.1,Bengaluru,12.9716,77.5946
2023-12-10T07:00,20,84,914.1,Bengaluru,12.9716,77.5946
2023-12-10T08:00,22,74,914.9,Bengaluru,12.9716,77.5946
2023-12-10T09:00,24,64,915.5,Bengaluru,12.9716,77.5946
2023-12-10T10:00,25.7,57,915.5,Bengaluru,12.9716,77.5946
2023-12-10T11:00,27.1,52,915,Bengaluru,12.9716,77.5946
2023-12-10T12:00,28.3,48,914.1,Bengaluru,12.9716,77.5946
2023-12-10T13:00,28.2,47,913,Bengaluru,12.9716,77.5946
2023-12-10T14:00,27.7,48,912.2,Bengaluru,12.9716,77.5946
2023-12-10T15:00,27.6,48,912,Bengaluru,12.9716,77.5946
2023-12-10T16:00,26.4,53,912.1,Bengaluru,12.9716,77.5946
2023-12-10T17:00,24.9,59,912.6,Bengaluru,12.9716,77.5946
2023-12-10T18:00,24.2,62,912.9,Bengaluru,12.9716,77.5946
2023-12-10T19:00,23,69,913.8,Bengaluru,12.9716,77.5946
2023-12-10T20:00,21.7,76,914.2,Bengaluru,12.9716,77.5946
2023-12-10T21:00,21,83,914.3,Bengaluru,12.9716,77.5946
2023-12-10T22:00,20.4,89,914.5,Bengaluru,12.9716,77.5946
2023-12-10T23:00,19.8,94,914,Bengaluru,12.9716,77.5946
2023-12-11T00:00,19.6,96,913.7,Bengaluru,12.9716,77.5946
2023-12-11T01:00,19.7,94,913.2,Bengaluru,12.9716,77.5946
2023-12-11T02:00,20.1,90,912.9,Bengaluru,12.9716,77.5946
2023-12-11T03:00,20.1,88,912.3,Bengaluru,12.9716,77.5946
2023-12-11T04:00,19.7,89,912.1,Bengaluru,12.9716,77.5946
2023-12-11T05:00,18.4,95,912.2,Bengaluru,12.9716,77.5946
2023-12-11T06:00,18.2,95,913.4,Bengaluru,12.9716,77.5946
2023-12-11T07:00,19,87,914.3,Bengaluru,12.9716,77.5946
2023-12-11T08:00,21,74,915.6,Bengaluru,12.9716,77.5946
2023-12-11T09:00,22.9,66,916.1,Bengaluru,12.9716,77.5946
2023-12-11T10:00,24.4,62,916.1,Bengaluru,12.9716,77.5946
2023-12-11T11:00,26.1,56,915.9,Bengaluru,12.9716,77.5946
2023-12-11T12:00,27.6,49,915.1,Bengaluru,12.9716,77.5946
2023-12-11T13:00,27.8,47,913.9,Bengaluru,12.9716,77.5946
2023-12-11T14:00,26.9,51,913,Bengaluru,12.9716,77.5946
2023-12-11T15:00,26.9,52,912.4,Bengaluru,12.9716,77.5946
2023-12-11T16:00,26.6,52,912.3,Bengaluru,12.9716,77.5946
2023-12-11T17:00,25.7,55,912.6,Bengaluru,12.9716,77.5946
2023-12-11T18:00,23.7,64,913.1,Bengaluru,12.9716,77.5946
2023-12-11T19:00,23.2,70,914.2,Bengaluru,12.9716,77.5946
2023-12-11T20:00,22.2,77,914.6,Bengaluru,12.9716,77.5946
2023-12-11T21:00,22.2,77,914.7,Bengaluru,12.9716,77.5946
2023-12-11T22:00,21.3,82,914.4,Bengaluru,12.9716,77.5946
2023-12-11T23:00,20,91,914,Bengaluru,12.9716,77.5946
2023-12-12T00:00,19.1,98,913.5,Bengaluru,12.9716,77.5946
2023-12-12T01:00,19.2,97,912.7,Bengaluru,12.9716,77.5946
2023-12-12T02:00,19.1,95,911.9,Bengaluru,12.9716,77.5946
2023-12-12T03:00,19,95,911.5,Bengaluru,12.9716,77.5946
2023-12-12T04:00,19.2,92,911.7,Bengaluru,12.9716,77.5946
2023-12-12T05:00,19.4,89,912.1,Bengaluru,12.9716,77.5946
2023-12-12T06:00,19.7,87,912.6,Bengaluru,12.9716,77.5946
2023-12-12T07:00,19.8,85,913.5,Bengaluru,12.9716,77.5946
2023-12-12T08:00,21.2,77,914.7,Bengaluru,12.9716,77.5946
2023-12-12T09:00,22.9,68,915.1,Bengaluru,12.9716,77.5946
2023-12-12T10:00,24.6,58,915.2,Bengaluru,12.9716,77.5946
2023-12-12T11:00,26,51,914.6,Bengaluru,12.9716,77.5946
2023-12-12T12:00,26.8,47,913.9,Bengaluru,12.9716,77.5946
2023-12-12T13:00,27.7,44,912.9,Bengaluru,12.9716,77.5946
2023-12-12T14:00,28.1,41,912.2,Bengaluru,12.9716,77.5946
2023-12-12T15:00,27.9,40,911.7,Bengaluru,12.9716,77.5946
2023-12-12T16:00,27.1,40,911.5,Bengaluru,12.9716,77.5946
2023-12-12T17:00,25.5,45,911.7,Bengaluru,12.9716,77.5946
2023-12-12T18:00,22.7,56,912.2,Bengaluru,12.9716,77.5946
2023-12-12T19:00,21.6,60,913,Bengaluru,12.9716,77.5946
2023-12-12T20:00,20.7,63,913.3,Bengaluru,12.9716,77.5946
2023-12-12T21:00,19.9,67,913.7,Bengaluru,12.9716,77.5946
2023-12-12T22:00,19.3,76,913.9,Bengaluru,12.9716,77.5946
2023-12-12T23:00,18.4,84,913.7,Bengaluru,12.9716,77.5946
2023-12-13T00:00,17.6,93,912.7,Bengaluru,12.9716,77.5946
2023-12-13T01:00,17.1,97,911.8,Bengaluru,12.9716,77.5946
2023-12-13T02:00,16.9,99,911.1,Bengaluru,12.9716,77.5946
2023-12-13T03:00,17.1,95,910.7,Bengaluru,12.9716,77.5946
2023-12-13T04:00,16.7,96,910.8,Bengaluru,12.9716,77.5946
2023-12-13T05:00,16.3,97,911.2,Bengaluru,12.9716,77.5946
2023-12-13T06:00,16.6,97,912.5,Bengaluru,12.9716,77.5946
2023-12-13T07:00,17.2,93,913.6,Bengaluru,12.9716,77.5946
2023-12-13T08:00,19.1,82,915.3,Bengaluru,12.9716,77.5946
2023-12-13T09:00,21.8,67,916.2,Bengaluru,12.9716,77.5946
2023-12-13T10:00,23.7,55,916.3,Bengaluru,12.9716,77.5946
2023-12-13T11:00,25,47,915.6,Bengaluru,12.9716,77.5946
2023-12-13T12:00,25.9,44,914.5,Bengaluru,12.9716,77.5946
2023-12-13T13:00,26.5,42,913.6,Bengaluru,12.9716,77.5946
2023-12-13T14:00,26.6,40,912.8,Bengaluru,12.9716,77.5946
2023-12-13T15:00,26.3,40,912.4,Bengaluru,12.9716,77.5946
2023-12-13T16:00,25.5,41,912.1,Bengaluru,12.9716,77.5946
2023-12-13T17:00,23.8,48,912.4,Bengaluru,12.9716,77.5946
2023-12-13T18:00,22.3,56,912.7,Bengaluru,12.9716,77.5946
2023-12-13T19:00,21.3,61,913.5,Bengaluru,12.9716,77.5946
2023-12-13T20:00,20.5,64,914.3,Bengaluru,12.9716,77.5946
2023-12-13T21:00,19.4,68,914.7,Bengaluru,12.9716,77.5946
2023-12-13T22:00,18.5,82,914.8,Bengaluru,12.9716,77.5946
2023-12-13T23:00,17.6,96,914.6,Bengaluru,12.9716,77.5946
2023-12-14T00:00,17.9,96,914.2,Bengaluru,12.9716,77.5946
2023-12-14T01:00,17.9,93,913.6,Bengaluru,12.9716,77.5946
2023-12-14T02:00,18.1,90,913.1,Bengaluru,12.9716,77.5946
2023-12-14T03:00,18.3,86,912.9,Bengaluru,12.9716,77.5946
2023-12-14T04:00,18.2,86,912.7,Bengaluru,12.9716,77.5946
2023-12-14T05:00,17.5,89,913.1,Bengaluru,12.9716,77.5946
2023-12-14T06:00,16.8,95,914,Bengaluru,12.9716,77.5946
2023-12-14T07:00,17.7,88,915.1,Bengaluru,12.9716,77.5946
2023-12-14T08:00,19.6,75,916.2,Bengaluru,12.9716,77.5946
2023-12-14T09:00,21.5,64,916.7,Bengaluru,12.9716,77.5946
2023-12-14T10:00,23.1,56,916.8,Bengaluru,12.9716,77.5946
2023-12-14T11:00,24.4,51,916.5,Bengaluru,12.9716,77.5946
2023-12-14T12:00,25.1,49,915.6,Bengaluru,12.9716,77.5946
2023-12-14T13:00,25.8,47,914.7,Bengaluru,12.9716,77.5946
2023-12-14T14:00,26.2,46,913.6,Bengaluru,12.9716,77.5946
2023-12-14T15:00,26.2,47,913.2,Bengaluru,12.9716,77.5946
2023-12-14T16:00,25.6,48,913.3,Bengaluru,12.9716,77.5946
2023-12-14T17:00,24.2,51,913.6,Bengaluru,12.9716,77.5946
2023-12-14T18:00,23.6,55,914.4,Bengaluru,12.9716,77.5946
2023-12-14T19:00,22.9,60,915.4,Bengaluru,12.9716,77.5946
2023-12-14T20:00,20.8,76,915.9,Bengaluru,12.9716,77.5946
2023-12-14T21:00,19.7,85,916,Bengaluru,12.9716,77.5946
2023-12-14T22:00,19.2,91,916.3,Bengaluru,12.9716,77.5946
2023-12-14T23:00,18.7,94,915.6,Bengaluru,12.9716,77.5946
2023-12-15T00:00,18.2,95,914.8,Bengaluru,12.9716,77.5946
2023-12-15T01:00,17.6,97,914.2,Bengaluru,12.9716,77.5946
2023-12-15T02:00,17.1,97,913.3,Bengaluru,12.9716,77.5946
2023-12-15T03:00,16.8,97,913.1,Bengaluru,12.9716,77.5946
2023-12-15T04:00,16.6,96,913.1,Bengaluru,12.9716,77.5946
2023-12-15T05:00,16.5,95,913.1,Bengaluru,12.9716,77.5946
2023-12-15T06:00,16.4,95,913.8,Bengaluru,12.9716,77.5946
2023-12-15T07:00,17.8,88,915.1,Bengaluru,12.9716,77.5946
2023-12-15T08:00,20.4,76,916.5,Bengaluru,12.9716,77.5946
2023-12-15T09:00,22.9,67,917,Bengaluru,12.9716,77.5946
2023-12-15T10:00,25.1,61,917.3,Bengaluru,12.9716,77.5946
2023-12-15T11:00,27.1,52,916.6,Bengaluru,12.9716,77.5946
2023-12-15T12:00,28.1,47,915.7,Bengaluru,12.9716,77.5946
2023-12-15T13:00,28.4,45,914.8,Bengaluru,12.9716,77.5946
2023-12-15T14:00,27.9,47,913.9,Bengaluru,12.9716,77.5946
2023-12-15T15:00,26.8,53,913.4,Bengaluru,12.9716,77.5946
2023-12-15T16:00,26.3,55,913.3,Bengaluru,12.9716,77.5946
2023-12-15T17:00,24.5,64,913.5,Bengaluru,12.9716,77.5946
2023-12-15T18:00,22.8,71,914.4,Bengaluru,12.9716,77.5946
2023-12-15T19:00,21.6,77,915.2,Bengaluru,12.9716,77.5946
2023-12-15T20:00,21.2,80,915.7,Bengaluru,12.9716,77.5946
2023-12-15T21:00,20.5,85,916,Bengaluru,12.9716,77.5946
2023-12-15T22:00,20,89,915.9,Bengaluru,12.9716,77.5946
2023-12-15T23:00,19.6,92,915.6,Bengaluru,12.9716,77.5946
2023-12-16T00:00,20.3,88,915.2,Bengaluru,12.9716,77.5946
2023-12-16T01:00,20,90,914.3,Bengaluru,12.9716,77.5946
2023-12-16T02:00,20.3,88,913.6,Bengaluru,12.9716,77.5946
2023-12-16T03:00,20.1,89,913.1,Bengaluru,12.9716,77.5946
2023-12-16T04:00,20.2,88,913.1,Bengaluru,12.9716,77.5946
2023-12-16T05:00,20.3,87,913.4,Bengaluru,12.9716,77.5946
2023-12-16T06:00,18.8,94,913.9,Bengaluru,12.9716,77.5946
2023-12-16T07:00,19.7,90,915,Bengaluru,12.9716,77.5946
2023-12-16T08:00,21.4,78,916,Bengaluru,12.9716,77.5946
2023-12-16T09:00,23.7,65,916.5,Bengaluru,12.9716,77.5946
2023-12-16T10:00,25.1,57,916.4,Bengaluru,12.9716,77.5946
2023-12-16T11:00,26.7,51,916.1,Bengaluru,12.9716,77.5946
2023-12-16T12:00,28.6,42,915,Bengaluru,12.9716,77.5946
2023-12-16T13:00,27.1,55,913.7,Bengaluru,12.9716,77.5946
2023-12-16T14:00,25.8,64,913,Bengaluru,12.9716,77.5946
2023-12-16T15:00,26.3,61,912.7,Bengaluru,12.9716,77.5946
2023-12-16T16:00,26.1,60,912.9,Bengaluru,12.9716,77.5946
2023-12-16T17:00,24.7,65,913.2,Bengaluru,12.9716,77.5946
2023-12-16T18:00,22,80,913.9,Bengaluru,12.9716,77.5946
2023-12-16T19:00,21.8,82,914.8,Bengaluru,12.9716,77.5946
2023-12-16T20:00,21.4,86,915.4,Bengaluru,12.9716,77.5946
2023-12-16T21:00,20.9,90,915.5,Bengaluru,12.9716,77.5946
2023-12-16T22:00,20.2,95,915.1,Bengaluru,12.9716,77.5946
2023-12-16T23:00,19.7,96,914.6,Bengaluru,12.9716,77.5946
2023-12-17T00:00,19.8,94,914.1,Bengaluru,12.9716,77.5946
2023-12-17T01:00,19.6,94,913.5,Bengaluru,12.9716,77.5946
2023-12-17T02:00,18.7,97,912.7,Bengaluru,12.9716,77.5946
2023-12-17T03:00,18.6,96,912.5,Bengaluru,12.9716,77.5946
2023-12-17T04:00,18.4,95,912.5,Bengaluru,12.9716,77.5946
2023-12-17T05:00,18.3,96,912.7,Bengaluru,12.9716,77.5946
2023-12-17T06:00,18.4,95,913.1,Bengaluru,12.9716,77.5946
2023-12-17T07:00,18.9,93,914.3,Bengaluru,12.9716,77.5946
2023-12-17T08:00,20.5,83,915.3,Bengaluru,12.9716,77.5946
2023-12-17T09:00,22.3,73,915.8,Bengaluru,12.9716,77.5946
2023-12-17T10:00,23.3,68,915.5,Bengaluru,12.9716,77.5946
2023-12-17T11:00,23.5,67,915,Bengaluru,12.9716,77.5946
2023-12-17T12:00,25.6,58,914.5,Bengaluru,12.9716,77.5946
2023-12-17T13:00,26.5,54,913.7,Bengaluru,12.9716,77.5946
2023-12-17T14:00,26.4,54,912.9,Bengaluru,12.9716,77.5946
2023-12-17T15:00,25.6,57,912.4,Bengaluru,12.9716,77.5946
2023-12-17T16:00,24.9,59,912.3,Bengaluru,12.9716,77.5946
2023-12-17T17:00,24.2,63,912.8,Bengaluru,12.9716,77.5946
2023-12-17T18:00,22.6,72,913.5,Bengaluru,12.9716,77.5946
2023-12-17T19:00,21.6,79,914,Bengaluru,12.9716,77.5946
2023-12-17T20:00,20.7,85,914.7,Bengaluru,12.9716,77.5946
2023-12-17T21:00,19.9,92,915,Bengaluru,12.9716,77.5946
2023-12-17T22:00,19.4,95,915.1,Bengaluru,12.9716,77.5946
2023-12-17T23:00,19,97,914.8,Bengaluru,12.9716,77.5946
2023-12-18T00:00,18.8,95,914.2,Bengaluru,12.9716,77.5946
2023-12-18T01:00,18.7,94,913.5,Bengaluru,12.9716,77.5946
2023-12-18T02:00,18.9,92,912.9,Bengaluru,12.9716,77.5946
2023-12-18T03:00,18.9,92,912.6,Bengaluru,12.9716,77.5946
2023-12-18T04:00,18.5,94,912.6,Bengaluru,12.9716,77.5946
2023-12-18T05:00,18.9,91,912.8,Bengaluru,12.9716,77.5946
2023-12-18T06:00,18.6,89,914,Bengaluru,12.9716,77.5946
2023-12-18T07:00,18.7,88,914.9,Bengaluru,12.9716,77.5946
2023-12-18T08:00,20.1,79,915.6,Bengaluru,12.9716,77.5946
2023-12-18T09:00,22.6,64,916.3,Bengaluru,12.9716,77.5946
2023-12-18T10:00,24.2,55,916.8,Bengaluru,12.9716,77.5946
2023-12-18T11:00,25.7,49,916.6,Bengaluru,12.9716,77.5946
2023-12-18T12:00,25.5,50,915.4,Bengaluru,12.9716,77.5946
2023-12-18T13:00,26.3,48,914.7,Bengaluru,12.9716,77.5946
2023-12-18T14:00,26.6,47,913.5,Bengaluru,12.9716,77.5946
2023-12-18T15:00,26.1,48,913.3,Bengaluru,12.9716,77.5946
2023-12-18T16:00,25.3,50,913.4,Bengaluru,12.9716,77.5946
2023-12-18T17:00,23.4,56,913.9,Bengaluru,12.9716,77.5946
2023-12-18T18:00,22,62,914,Bengaluru,12.9716,77.5946
2023-12-18T19:00,21,67,914.7,Bengaluru,12.9716,77.5946
2023-12-18T20:00,20.1,73,915.5,Bengaluru,12.9716,77.5946
2023-12-18T21:00,19.2,83,915.6,Bengaluru,12.9716,77.5946
2023-12-18T22:00,18.8,91,915.8,Bengaluru,12.9716,77.5946
2023-12-18T23:00,18.9,94,915.5,Bengaluru,12.9716,77.5946
2023-12-19T00:00,19.5,87,915.2,Bengaluru,12.9716,77.5946
2023-12-19T01:00,19.2,87,914.7,Bengaluru,12.9716,77.5946
2023-12-19T02:00,18.9,87,913.9,Bengaluru,12.9716,77.5946
2023-12-19T03:00,17.9,93,913.3,Bengaluru,12.9716,77.5946
2023-12-19T04:00,18.3,90,913.5,Bengaluru,12.9716,77.5946
2023-12-19T05:00,17.9,91,913.9,Bengaluru,12.9716,77.5946
2023-12-19T06:00,17.8,90,914.9,Bengaluru,12.9716,77.5946
2023-12-19T07:00,17.9,90,915.7,Bengaluru,12.9716,77.5946
2023-12-19T08:00,18.9,82,916.6,Bengaluru,12.9716,77.5946
2023-12-19T09:00,20.7,72,917.2,Bengaluru,12.9716,77.5946
2023-12-19T10:00,22.5,61,917.2,Bengaluru,12.9716,77.5946
2023-12-19T11:00,24.4,50,916.8,Bengaluru,12.9716,77.5946
2023-12-19T12:00,25.6,47,916.1,Bengaluru,12.9716,77.5946
2023-12-19T13:00,26.6,45,915.2,Bengaluru,12.9716,77.5946
2023-12-19T14:00,27,44,914.4,Bengaluru,12.9716,77.5946
2023-12-19T15:00,26.8,45,914.1,Bengaluru,12.9716,77.5946
2023-12-19T16:00,25.9,48,914,Bengaluru,12.9716,77.5946
2023-12-19T17:00,24.4,54,914.2,Bengaluru,12.9716,77.5946
2023-12-19T18:00,22.6,62,914.6,Bengaluru,12.9716,77.5946
2023-12-19T19:00,21.7,66,915.2,Bengaluru,12.9716,77.5946
2023-12-19T20:00,20.4,72,915.7,Bengaluru,12.9716,77.5946
2023-12-19T21:00,19.4,77,915.9,Bengaluru,12.9716,77.5946
2023-12-19T22:00,18.7,81,915.9,Bengaluru,12.9716,77.5946
2023-12-19T23:00,18,86,915.5,Bengaluru,12.9716,77.5946
2023-12-20T00:00,17.4,92,915.1,Bengaluru,12.9716,77.5946
2023-12-20T01:00,17.3,95,914.8,Bengaluru,12.9716,77.5946
2023-12-20T02:00,17.7,91,914.1,Bengaluru,12.9716,77.5946
2023-12-20T03:00,17.5,90,913.7,Bengaluru,12.9716,77.5946
2023-12-20T04:00,17.2,90,913.6,Bengaluru,12.9716,77.5946
2023-12-20T05:00,17.2,89,913.7,Bengaluru,12.9716,77.5946
2023-12-20T06:00,17.1,88,914.5,Bengaluru,12.9716,77.5946
2023-12-20T07:00,17.7,84,915.5,Bengaluru,12.9716,77.5946
2023-12-20T08:00,19.5,74,916.6,Bengaluru,12.9716,77.5946
2023-12-20T09:00,21.6,66,917.3,Bengaluru,12.9716,77.5946
2023-12-20T10:00,24.4,59,917.7,Bengaluru,12.9716,77.5946
2023-12-20T11:00,25.6,55,917,Bengaluru,12.9716,77.5946
2023-12-20T12:00,25.8,55,916.1,Bengaluru,12.9716,77.5946
2023-12-20T13:00,26.4,53,915.1,Bengaluru,12.9716,77.5946
2023-12-20T14:00,27,51,914.5,Bengaluru,12.9716,77.5946
2023-12-20T15:00,26.9,51,914.1,Bengaluru,12.9716,77.5946
2023-12-20T16:00,26.1,53,914.2,Bengaluru,12.9716,77.5946
2023-12-20T17:00,24.9,57,914.3,Bengaluru,12.9716,77.5946
2023-12-20T18:00,22.9,66,914.3,Bengaluru,12.9716,77.5946
2023-12-20T19:00,21.3,75,915.2,Bengaluru,12.9716,77.5946
2023-12-20T20:00,20.3,81,915.6,Bengaluru,12.9716,77.5946
2023-12-20T21:00,19.3,87,916,Bengaluru,12.9716,77.5946
2023-12-20T22:00,18.5,93,916,Bengaluru,12.9716,77.5946
2023-12-20T23:00,17.9,96,915.5,Bengaluru,12.9716,77.5946
2023-12-21T00:00,17.5,98,914.7,Bengaluru,12.9716,77.5946
2023-12-21T01:00,17.3,98,913.7,Bengaluru,12.9716,77.5946
2023-12-21T02:00,17,99,913,Bengaluru,12.9716,77.5946
2023-12-21T03:00,17,100,912.7,Bengaluru,12.9716,77.5946
2023-12-21T04:00,17,99,912.7,Bengaluru,12.9716,77.5946
2023-12-21T05:00,16.9,99,913.2,Bengaluru,12.9716,77.5946
2023-12-21T06:00,17.6,95,914.5,Bengaluru,12.9716,77.5946
2023-12-21T07:00,18,91,915.3,Bengaluru,12.9716,77.5946
2023-12-21T08:00,20.1,79,916.4,Bengaluru,12.9716,77.5946
2023-12-21T09:00,22.6,67,917.1,Bengaluru,12.9716,77.5946
2023-12-21T10:00,24.7,59,917.1,Bengaluru,12.9716,77.5946
2023-12-21T11:00,27,53,916.9,Bengaluru,12.9716,77.5946
2023-12-21T12:00,27.7,48,916,Bengaluru,12.9716,77.5946
2023-12-21T13:00,28.2,46,915,Bengaluru,12.9716,77.5946
2023-12-21T14:00,28.5,43,914,Bengaluru,12.9716,77.5946
2023-12-21T15:00,28.5,43,913.6,Bengaluru,12.9716,77.5946
2023-12-21T16:00,27.5,46,913.5,Bengaluru,12.9716,77.5946
2023-12-21T17:00,25.9,52,913.6,Bengaluru,12.9716,77.5946
2023-12-21T18:00,23.6,63,914.3,Bengaluru,12.9716,77.5946
2023-12-21T19:00,22.1,71,914.9,Bengaluru,12.9716,77.5946
2023-12-21T20:00,20.8,82,915.3,Bengaluru,12.9716,77.5946
2023-12-21T21:00,20,88,915.8,Bengaluru,12.9716,77.5946
2023-12-21T22:00,19.1,94,915.8,Bengaluru,12.9716,77.5946
2023-12-21T23:00,18.6,96,915.5,Bengaluru,12.9716,77.5946
2023-12-22T00:00,18.3,98,915,Bengaluru,12.9716,77.5946
2023-12-22T01:00,18.1,99,914.2,Bengaluru,12.9716,77.5946
2023-12-22T02:00,18.1,99,913.4,Bengaluru,12.9716,77.5946
2023-12-22T03:00,18,99,912.9,Bengaluru,12.9716,77.5946
2023-12-22T04:00,17.8,99,913.1,Bengaluru,12.9716,77.5946
2023-12-22T05:00,17.8,96,913.8,Bengaluru,12.9716,77.5946
2023-12-22T06:00,18.7,92,914.9,Bengaluru,12.9716,77.5946
2023-12-22T07:00,18.9,90,915.6,Bengaluru,12.9716,77.5946
2023-12-22T08:00,20.7,80,916.7,Bengaluru,12.9716,77.5946
2023-12-22T09:00,22.8,71,917.5,Bengaluru,12.9716,77.5946
2023-12-22T10:00,24.7,62,917.4,Bengaluru,12.9716,77.5946
2023-12-22T11:00,26.2,55,916.9,Bengaluru,12.9716,77.5946
2023-12-22T12:00,27.4,47,915.6,Bengaluru,12.9716,77.5946
2023-12-22T13:00,28.2,42,914.7,Bengaluru,12.9716,77.5946
2023-12-22T14:00,28.5,41,913.9,Bengaluru,12.9716,77.5946
2023-12-22T15:00,28.5,38,913.7,Bengaluru,12.9716,77.5946
2023-12-22T16:00,27.8,37,913.7,Bengaluru,12.9716,77.5946
2023-12-22T17:00,26.1,40,913.9,Bengaluru,12.9716,77.5946
2023-12-22T18:00,24.2,58,914.5,Bengaluru,12.9716,77.5946
2023-12-22T19:00,22.9,60,915,Bengaluru,12.9716,77.5946
2023-12-22T20:00,21.8,64,915.6,Bengaluru,12.9716,77.5946
2023-12-22T21:00,21,68,916.1,Bengaluru,12.9716,77.5946
2023-12-22T22:00,19.9,75,915.8,Bengaluru,12.9716,77.5946
2023-12-22T23:00,18.9,85,915.5,Bengaluru,12.9716,77.5946
2023-12-23T00:00,18,92,915,Bengaluru,12.9716,77.5946
2023-12-23T01:00,17.4,96,914.3,Bengaluru,12.9716,77.5946
2023-12-23T02:00,17,97,913.6,Bengaluru,12.9716,77.5946
2023-12-23T03:00,16.7,97,913.2,Bengaluru,12.9716,77.5946
2023-12-23T04:00,16.4,97,913.3,Bengaluru,12.9716,77.5946
2023-12-23T05:00,16.2,97,913.5,Bengaluru,12.9716,77.5946
2023-12-23T06:00,16.4,99,914.3,Bengaluru,12.9716,77.5946
2023-12-23T07:00,16.9,92,915.1,Bengaluru,12.9716,77.5946
2023-12-23T08:00,19,80,916.5,Bengaluru,12.9716,77.5946
2023-12-23T09:00,21.8,61,917.4,Bengaluru,12.9716,77.5946
2023-12-23T10:00,24.3,47,917.6,Bengaluru,12.9716,77.5946
2023-12-23T11:00,26.2,37,917.1,Bengaluru,12.9716,77.5946
2023-12-23T12:00,27.5,32,916.3,Bengaluru,12.9716,77.5946
2023-12-23T13:00,28.1,31,915.4,Bengaluru,12.9716,77.5946
2023-12-23T14:00,28.3,32,914.7,Bengaluru,12.9716,77.5946
2023-12-23T15:00,27.9,33,914.3,Bengaluru,12.9716,77.5946
2023-12-23T16:00,26.9,35,914.2,Bengaluru,12.9716,77.5946
2023-12-23T17:00,25,38,914.3,Bengaluru,12.9716,77.5946
2023-12-23T18:00,21.8,47,914.5,Bengaluru,12.9716,77.5946
2023-12-23T19:00,20.2,54,915.5,Bengaluru,12.9716,77.5946
2023-12-23T20:00,19.2,63,916.2,Bengaluru,12.9716,77.5946
2023-12-23T21:00,18.1,77,916.5,Bengaluru,12.9716,77.5946
2023-12-23T22:00,17.2,84,916.3,Bengaluru,12.9716,77.5946
2023-12-23T23:00,16.3,89,916.3,Bengaluru,12.9716,77.5946
2023-12-24T00:00,15.6,94,915.7,Bengaluru,12.9716,77.5946
2023-12-24T01:00,15.4,96,914.9,Bengaluru,12.9716,77.5946
2023-12-24T02:00,15,97,914.4,Bengaluru,12.9716,77.5946
2023-12-24T03:00,14.6,98,914.3,Bengaluru,12.9716,77.5946
2023-12-24T04:00,14.3,98,914.2,Bengaluru,12.9716,77.5946
2023-12-24T05:00,14,98,914.2,Bengaluru,12.9716,77.5946
2023-12-24T06:00,14.2,96,915,Bengaluru,12.9716,77.5946
2023-12-24T07:00,15.4,91,915.9,Bengaluru,12.9716,77.5946
2023-12-24T08:00,18.5,75,917.6,Bengaluru,12.9716,77.5946
2023-12-24T09:00,21.9,58,919,Bengaluru,12.9716,77.5946
2023-12-24T10:00,24.5,49,919.2,Bengaluru,12.9716,77.5946
2023-12-24T11:00,26.5,43,918.7,Bengaluru,12.9716,77.5946
2023-12-24T12:00,27.8,42,917.6,Bengaluru,12.9716,77.5946
2023-12-24T13:00,28.5,42,916.5,Bengaluru,12.9716,77.5946
2023-12-24T14:00,28.8,43,915.6,Bengaluru,12.9716,77.5946
2023-12-24T15:00,28.9,43,915.2,Bengaluru,12.9716,77.5946
2023-12-24T16:00,27.9,45,915.2,Bengaluru,12.9716,77.5946
2023-12-24T17:00,26.5,48,915.6,Bengaluru,12.9716,77.5946
2023-12-24T18:00,24.1,57,915.9,Bengaluru,12.9716,77.5946
2023-12-24T19:00,22.3,68,916.4,Bengaluru,12.9716,77.5946
2023-12-24T20:00,20.5,84,916.9,Bengaluru,12.9716,77.5946
2023-12-24T21:00,19.5,90,917.3,Bengaluru,12.9716,77.5946
2023-12-24T22:00,18.8,94,917.1,Bengaluru,12.9716,77.5946
2023-12-24T23:00,18.3,98,916.7,Bengaluru,12.9716,77.5946
2023-12-25T00:00,18.1,98,916.4,Bengaluru,12.9716,77.5946
2023-12-25T01:00,17.8,98,915.7,Bengaluru,12.9716,77.5946
2023-12-25T02:00,17.6,98,915.3,Bengaluru,12.9716,77.5946
2023-12-25T03:00,17.5,98,915.1,Bengaluru,12.9716,77.5946
2023-12-25T04:00,17.8,97,915.1,Bengaluru,12.9716,77.5946
2023-12-25T05:00,18.5,93,915.3,Bengaluru,12.9716,77.5946
2023-12-25T06:00,18.8,91,915.8,Bengaluru,12.9716,77.5946
2023-12-25T07:00,19.1,89,916.7,Bengaluru,12.9716,77.5946
2023-12-25T08:00,21.3,78,917.9,Bengaluru,12.9716,77.5946
2023-12-25T09:00,23.4,67,918.6,Bengaluru,12.9716,77.5946
2023-12-25T10:00,25,58,918.8,Bengaluru,12.9716,77.5946
2023-12-25T11:00,26.5,52,918.3,Bengaluru,12.9716,77.5946
2023-12-25T12:00,27.8,46,917.4,Bengaluru,12.9716,77.5946
2023-12-25T13:00,28.5,43,916.3,Bengaluru,12.9716,77.5946
2023-12-25T14:00,28.5,42,915.4,Bengaluru,12.9716,77.5946
2023-12-25T15:00,28.1,42,914.9,Bengaluru,12.9716,77.5946
2023-12-25T16:00,27.2,43,914.8,Bengaluru,12.9716,77.5946
2023-12-25T17:00,25.8,47,914.9,Bengaluru,12.9716,77.5946
2023-12-25T18:00,23,56,915.1,Bengaluru,12.9716,77.5946
2023-12-25T19:00,21.7,62,915.4,Bengaluru,12.9716,77.5946
2023-12-25T20:00,20.6,70,916.1,Bengaluru,12.9716,77.5946
2023-12-25T21:00,19.4,79,916.2,Bengaluru,12.9716,77.5946
2023-12-25T22:00,18.4,85,916.4,Bengaluru,12.9716,77.5946
2023-12-25T23:00,17.5,92,916.1,Bengaluru,12.9716,77.5946
2023-12-26T00:00,17,95,915.5,Bengaluru,12.9716,77.5946
2023-12-26T01:00,16.5,97,915,Bengaluru,12.9716,77.5946
2023-12-26T02:00,16.7,99,914.7,Bengaluru,12.9716,77.5946
2023-12-26T03:00,16.9,99,914.4,Bengaluru,12.9716,77.5946
2023-12-26T04:00,17.1,92,914.6,Bengaluru,12.9716,77.5946
2023-12-26T05:00,15.4,98,914.5,Bengaluru,12.9716,77.5946
2023-12-26T06:00,14.5,99,914.6,Bengaluru,12.9716,77.5946
2023-12-26T07:00,15.5,89,915.7,Bengaluru,12.9716,77.5946
2023-12-26T08:00,18.2,73,917.1,Bengaluru,12.9716,77.5946
2023-12-26T09:00,21.7,46,918.2,Bengaluru,12.9716,77.5946
2023-12-26T10:00,24.6,29,918.3,Bengaluru,12.9716,77.5946
2023-12-26T11:00,26.5,25,918,Bengaluru,12.9716,77.5946
2023-12-26T12:00,27.5,23,917.3,Bengaluru,12.9716,77.5946
2023-12-26T13:00,27.9,22,916.5,Bengaluru,12.9716,77.5946
2023-12-26T14:00,28,22,915.6,Bengaluru,12.9716,77.5946
2023-12-26T15:00,27.5,23,915.3,Bengaluru,12.9716,77.5946
2023-12-26T16:00,26.4,26,915.1,Bengaluru,12.9716,77.5946
2023-12-26T17:00,24.4,35,915.2,Bengaluru,12.9716,77.5946
2023-12-26T18:00,22.2,49,915.2,Bengaluru,12.9716,77.5946
2023-12-26T19:00,20.9,60,915.9,Bengaluru,12.9716,77.5946
2023-12-26T20:00,19.8,69,916.6,Bengaluru,12.9716,77.5946
2023-12-26T21:00,18.8,77,916.9,Bengaluru,12.9716,77.5946
2023-12-26T22:00,17.7,84,916.7,Bengaluru,12.9716,77.5946
2023-12-26T23:00,16.7,89,916.4,Bengaluru,12.9716,77.5946
2023-12-27T00:00,16,93,916,Bengaluru,12.9716,77.5946
2023-12-27T01:00,15.7,94,915.5,Bengaluru,12.9716,77.5946
2023-12-27T02:00,15.3,97,915,Bengaluru,12.9716,77.5946
2023-12-27T03:00,15.2,99,914.6,Bengaluru,12.9716,77.5946
2023-12-27T04:00,15.9,99,915,Bengaluru,12.9716,77.5946
2023-12-27T05:00,16.4,92,915.9,Bengaluru,12.9716,77.5946
2023-12-27T06:00,14.9,97,916.2,Bengaluru,12.9716,77.5946
2023-12-27T07:00,15.4,91,917.1,Bengaluru,12.9716,77.5946
2023-12-27T08:00,18.2,74,918.5,Bengaluru,12.9716,77.5946
2023-12-27T09:00,21.2,57,919.2,Bengaluru,12.9716,77.5946
2023-12-27T10:00,23.9,41,919.3,Bengaluru,12.9716,77.5946
2023-12-27T11:00,26,31,918.8,Bengaluru,12.9716,77.5946
2023-12-27T12:00,27.2,29,917.8,Bengaluru,12.9716,77.5946
2023-12-27T13:00,28,27,916.6,Bengaluru,12.9716,77.5946
2023-12-27T14:00,28.2,27,915.4,Bengaluru,12.9716,77.5946
2023-12-27T15:00,27.7,29,914.8,Bengaluru,12.9716,77.5946
2023-12-27T16:00,26.6,33,914.8,Bengaluru,12.9716,77.5946
2023-12-27T17:00,24.8,41,914.9,Bengaluru,12.9716,77.5946
2023-12-27T18:00,22.3,50,914.6,Bengaluru,12.9716,77.5946
2023-12-27T19:00,21.1,57,915.5,Bengaluru,12.9716,77.5946
2023-12-27T20:00,20,66,916.1,Bengaluru,12.9716,77.5946
2023-12-27T21:00,18.9,76,916.4,Bengaluru,12.9716,77.5946
2023-12-27T22:00,18.1,84,916.3,Bengaluru,12.9716,77.5946
2023-12-27T23:00,17.2,94,916.1,Bengaluru,12.9716,77.5946
2023-12-28T00:00,16.7,97,915.5,Bengaluru,12.9716,77.5946
2023-12-28T01:00,16.7,100,915.1,Bengaluru,12.9716,77.5946
2023-12-28T02:00,16.9,95,914.7,Bengaluru,12.9716,77.5946
2023-12-28T03:00,16.3,96,914.1,Bengaluru,12.9716,77.5946
2023-12-28T04:00,15.8,96,913.9,Bengaluru,12.9716,77.5946
2023-12-28T05:00,15.4,95,913.9,Bengaluru,12.9716,77.5946
2023-12-28T06:00,15.8,95,914.6,Bengaluru,12.9716,77.5946
2023-12-28T07:00,17.3,92,916,Bengaluru,12.9716,77.5946
2023-12-28T08:00,18.9,85,917,Bengaluru,12.9716,77.5946
2023-12-28T09:00,21.6,70,917.7,Bengaluru,12.9716,77.5946
2023-12-28T10:00,24.2,60,917.7,Bengaluru,12.9716,77.5946
2023-12-28T11:00,25.9,51,917.3,Bengaluru,12.9716,77.5946
2023-12-28T12:00,27.2,45,916.4,Bengaluru,12.9716,77.5946
2023-12-28T13:00,27.9,43,915.4,Bengaluru,12.9716,77.5946
2023-12-28T14:00,28,42,914.5,Bengaluru,12.9716,77.5946
2023-12-28T15:00,27.5,44,914,Bengaluru,12.9716,77.5946
2023-12-28T16:00,26.5,46,913.9,Bengaluru,12.9716,77.5946
2023-12-28T17:00,25.1,48,914.2,Bengaluru,12.9716,77.5946
2023-12-28T18:00,22.8,55,914.4,Bengaluru,12.9716,77.5946
2023-12-28T19:00,21.9,58,915.3,Bengaluru,12.9716,77.5946
2023-12-28T20:00,20.8,68,915.8,Bengaluru,12.9716,77.5946
2023-12-28T21:00,19.5,79,915.9,Bengaluru,12.9716,77.5946
2023-12-28T22:00,18.8,87,915.8,Bengaluru,12.9716,77.5946
2023-12-28T23:00,18.2,91,915.4,Bengaluru,12.9716,77.5946
2023-12-29T00:00,17.6,95,914.9,Bengaluru,12.9716,77.5946
2023-12-29T01:00,17.2,97,914.5,Bengaluru,12.9716,77.5946
2023-12-29T02:00,16.9,98,913.9,Bengaluru,12.9716,77.5946
2023-12-29T03:00,16.8,99,913.3,Bengaluru,12.9716,77.5946
2023-12-29T04:00,16.6,100,913.4,Bengaluru,12.9716,77.5946
2023-12-29T05:00,16.6,99,913.7,Bengaluru,12.9716,77.5946
2023-12-29T06:00,17.2,99,915.2,Bengaluru,12.9716,77.5946
2023-12-29T07:00,18.1,92,915.9,Bengaluru,12.9716,77.5946
2023-12-29T08:00,20.3,81,917.1,Bengaluru,12.9716,77.5946
2023-12-29T09:00,23.1,65,917.9,Bengaluru,12.9716,77.5946
2023-12-29T10:00,24.6,57,917.7,Bengaluru,12.9716,77.5946
2023-12-29T11:00,25.9,51,917.5,Bengaluru,12.9716,77.5946
2023-12-29T12:00,26.7,48,916.8,Bengaluru,12.9716,77.5946
2023-12-29T13:00,27.4,45,915.7,Bengaluru,12.9716,77.5946
2023-12-29T14:00,27.9,41,914.6,Bengaluru,12.9716,77.5946
2023-12-29T15:00,27.8,40,914,Bengaluru,12.9716,77.5946
2023-12-29T16:00,26.7,43,914.2,Bengaluru,12.9716,77.5946
2023-12-29T17:00,25.4,46,914.5,Bengaluru,12.9716,77.5946
2023-12-29T18:00,22.7,56,915.1,Bengaluru,12.9716,77.5946
2023-12-29T19:00,21.3,62,915.6,Bengaluru,12.9716,77.5946
2023-12-29T20:00,20.5,67,916.2,Bengaluru,12.9716,77.5946
2023-12-29T21:00,19.7,74,916.5,Bengaluru,12.9716,77.5946
2023-12-29T22:00,18.9,84,916.3,Bengaluru,12.9716,77.5946
2023-12-29T23:00,18,94,915.8,Bengaluru,12.9716,77.5946
2023-12-30T00:00,17.5,98,915.1,Bengaluru,12.9716,77.5946
2023-12-30T01:00,17.4,100,914.7,Bengaluru,12.9716,77.5946
2023-12-30T02:00,17.7,99,914.1,Bengaluru,12.9716,77.5946
2023-12-30T03:00,17.9,94,913.6,Bengaluru,12.9716,77.5946
2023-12-30T04:00,17.8,92,913.4,Bengaluru,12.9716,77.5946
2023-12-30T05:00,17.5,94,913.6,Bengaluru,12.9716,77.5946
2023-12-30T06:00,17.6,91,914.8,Bengaluru,12.9716,77.5946
2023-12-30T07:00,17.9,88,915.5,Bengaluru,12.9716,77.5946
2023-12-30T08:00,19.7,77,916.5,Bengaluru,12.9716,77.5946
2023-12-30T09:00,21.9,66,917.2,Bengaluru,12.9716,77.5946
2023-12-30T10:00,24,56,917.3,Bengaluru,12.9716,77.5946
2023-12-30T11:00,25.6,49,916.7,Bengaluru,12.9716,77.5946
2023-12-30T12:00,26.8,44,916.2,Bengaluru,12.9716,77.5946
2023-12-30T13:00,27.6,42,915.2,Bengaluru,12.9716,77.5946
2023-12-30T14:00,27.8,41,914.3,Bengaluru,12.9716,77.5946
2023-12-30T15:00,27.7,41,914,Bengaluru,12.9716,77.5946
2023-12-30T16:00,26.9,43,913.8,Bengaluru,12.9716,77.5946
2023-12-30T17:00,25.3,48,914.1,Bengaluru,12.9716,77.5946
2023-12-30T18:00,23.1,55,914.3,Bengaluru,12.9716,77.5946
2023-12-30T19:00,21.8,60,914.8,Bengaluru,12.9716,77.5946
2023-12-30T20:00,20.8,63,915.2,Bengaluru,12.9716,77.5946
2023-12-30T21:00,19.6,69,915.1,Bengaluru,12.9716,77.5946
2023-12-30T22:00,18.8,75,915.4,Bengaluru,12.9716,77.5946
2023-12-30T23:00,18.4,81,914.9,Bengaluru,12.9716,77.5946
2023-12-31T00:00,17.4,89,914.4,Bengaluru,12.9716,77.5946
2023-12-31T01:00,16.8,97,913.9,Bengaluru,12.9716,77.5946
2023-12-31T02:00,16.8,100,913.5,Bengaluru,12.9716,77.5946
2023-12-31T03:00,17.1,97,913.2,Bengaluru,12.9716,77.5946
2023-12-31T04:00,17.4,91,913.5,Bengaluru,12.9716,77.5946
2023-12-31T05:00,16.8,94,913.7,Bengaluru,12.9716,77.5946
2023-12-31T06:00,17.1,91,914.4,Bengaluru,12.9716,77.5946
2023-12-31T07:00,17.1,90,915,Bengaluru,12.9716,77.5946
2023-12-31T08:00,18.9,80,916.2,Bengaluru,12.9716,77.5946
2023-12-31T09:00,21.3,68,916.7,Bengaluru,12.9716,77.5946
2023-12-31T10:00,23.6,58,916.8,Bengaluru,12.9716,77.5946
2023-12-31T11:00,25.3,52,916.1,Bengaluru,12.9716,77.5946
2023-12-31T12:00,26.6,47,915.2,Bengaluru,12.9716,77.5946
2023-12-31T13:00,27.6,41,914.3,Bengaluru,12.9716,77.5946
2023-12-31T14:00,27.9,39,913.2,Bengaluru,12.9716,77.5946
2023-12-31T15:00,27.6,40,912.7,Bengaluru,12.9716,77.5946
2023-12-31T16:00,26.5,43,912.7,Bengaluru,12.9716,77.5946
2023-12-31T17:00,24.9,47,913,Bengaluru,12.9716,77.5946
2023-12-31T18:00,22.5,59,913.5,Bengaluru,12.9716,77.5946
2023-12-31T19:00,21.5,65,914.2,Bengaluru,12.9716,77.5946
2023-12-31T20:00,20.6,69,914.9,Bengaluru,12.9716,77.5946
2023-12-31T21:00,19.7,74,915,Bengaluru,12.9716,77.5946
2023-12-31T22:00,19.1,78,915,Bengaluru,12.9716,77.5946
2023-12-31T23:00,18.4,83,914.6,Bengaluru,12.9716,77.5946