timestamp,temperature_c,relative_humidity_pct,surface_pressure_hpa,station,latitude,longitude
2023-01-01T00:00,6.1,87,871.6,Cherrapunji_Wet,25.2702,91.7323
2023-01-01T01:00,6.2,85,871.4,Cherrapunji_Wet,25.2702,91.7323
2023-01-01T02:00,5.8,86,870.8,Cherrapunji_Wet,25.2702,91.7323
2023-01-01T03:00,6.2,86,870.9,Cherrapunji_Wet,25.2702,91.7323
2023-01-01T04:00,6.2,86,871,Cherrapunji_Wet,25.2702,91.7323
2023-01-01T05:00,6.1,91,871.6,Cherrapunji_Wet,25.2702,91.7323
2023-01-01T06:00,6,89,872.2,Cherrapunji_Wet,25.2702,91.7323
2023-01-01T07:00,8,87,873.9,Cherrapunji_Wet,25.2702,91.7323
2023-01-01T08:00,11.6,68,876.2,Cherrapunji_Wet,25.2702,91.7323
2023-01-01T09:00,13.1,63,877,Cherrapunji_Wet,25.2702,91.7323
2023-01-01T10:00,14.3,60,876.9,Cherrapunji_Wet,25.2702,91.7323
2023-01-01T11:00,15,58,876.2,Cherrapunji_Wet,25.2702,91.7323
2023-01-01T12:00,13.4,72,875,Cherrapunji_Wet,25.2702,91.7323
2023-01-01T13:00,13.3,75,874.5,Cherrapunji_Wet,25.2702,91.7323
2023-01-01T14:00,13,76,874,Cherrapunji_Wet,25.2702,91.7323
2023-01-01T15:00,12.5,78,873.8,Cherrapunji_Wet,25.2702,91.7323
2023-01-01T16:00,11.4,85,873.6,Cherrapunji_Wet,25.2702,91.7323
2023-01-01T17:00,10.8,93,873.8,Cherrapunji_Wet,25.2702,91.7323
2023-01-01T18:00,11.3,86,874.6,Cherrapunji_Wet,25.2702,91.7323
2023-01-01T19:00,11,90,874.9,Cherrapunji_Wet,25.2702,91.7323
2023-01-01T20:00,10.6,92,875,Cherrapunji_Wet,25.2702,91.7323
2023-01-01T21:00,9.3,94,874.5,Cherrapunji_Wet,25.2702,91.7323
2023-01-01T22:00,8.4,93,873.5,Cherrapunji_Wet,25.2702,91.7323
2023-01-01T23:00,7.8,91,872.6,Cherrapunji_Wet,25.2702,91.7323
2023-01-02T00:00,7.1,90,871.8,Cherrapunji_Wet,25.2702,91.7323
2023-01-02T01:00,6.6,89,871.1,Cherrapunji_Wet,25.2702,91.7323
2023-01-02T02:00,6.2,87,870.6,Cherrapunji_Wet,25.2702,91.7323
2023-01-02T03:00,6.2,85,870.6,Cherrapunji_Wet,25.2702,91.7323
2023-01-02T04:00,8.9,74,872,Cherrapunji_Wet,25.2702,91.7323
2023-01-02T05:00,9.7,72,873.5,Cherrapunji_Wet,25.2702,91.7323
2023-01-02T06:00,6.2,85,872.3,Cherrapunji_Wet,25.2702,91.7323
2023-01-02T07:00,10,77,875,Cherrapunji_Wet,25.2702,91.7323
2023-01-02T08:00,12.3,67,876.7,Cherrapunji_Wet,25.2702,91.7323
2023-01-02T09:00,13.6,61,877.4,Cherrapunji_Wet,25.2702,91.7323
2023-01-02T10:00,14.6,56,877.3,Cherrapunji_Wet,25.2702,91.7323
2023-01-02T11:00,15.3,54,876.8,Cherrapunji_Wet,25.2702,91.7323
2023-01-02T12:00,15.7,53,875.7,Cherrapunji_Wet,25.2702,91.7323
2023-01-02T13:00,13.8,65,874.8,Cherrapunji_Wet,25.2702,91.7323
2023-01-02T14:00,13.4,65,874.5,Cherrapunji_Wet,25.2702,91.7323
2023-01-02T15:00,12.8,65,874.2,Cherrapunji_Wet,25.2702,91.7323
2023-01-02T16:00,11.2,76,873.8,Cherrapunji_Wet,25.2702,91.7323
2023-01-02T17:00,10,78,874,Cherrapunji_Wet,25.2702,91.7323
2023-01-02T18:00,8.4,87,873.7,Cherrapunji_Wet,25.2702,91.7323
2023-01-02T19:00,8.1,88,874,Cherrapunji_Wet,25.2702,91.7323
2023-01-02T20:00,7.7,88,874.2,Cherrapunji_Wet,25.2702,91.7323
2023-01-02T21:00,7.2,90,873.9,Cherrapunji_Wet,25.2702,91.7323
2023-01-02T22:00,6.6,90,873.5,Cherrapunji_Wet,25.2702,91.7323
2023-01-02T23:00,6.3,90,872.9,Cherrapunji_Wet,25.2702,91.7323
2023-01-03T00:00,6.2,89,872.3,Cherrapunji_Wet,25.2702,91.7323
2023-01-03T01:00,6,89,872.1,Cherrapunji_Wet,25.2702,91.7323
2023-01-03T02:00,5.8,89,871.5,Cherrapunji_Wet,25.2702,91.7323
2023-01-03T03:00,5.6,89,871.2,Cherrapunji_Wet,25.2702,91.7323
2023-01-03T04:00,5.3,88,870.9,Cherrapunji_Wet,25.2702,91.7323
2023-01-03T05:00,4.9,91,871.6,Cherrapunji_Wet,25.2702,91.7323
2023-01-03T06:00,5.6,83,872.4,Cherrapunji_Wet,25.2702,91.7323
2023-01-03T07:00,9.2,69,875,Cherrapunji_Wet,25.2702,91.7323
2023-01-03T08:00,12.8,50,877.2,Cherrapunji_Wet,25.2702,91.7323
2023-01-03T09:00,14.3,39,877.8,Cherrapunji_Wet,25.2702,91.7323
2023-01-03T10:00,15.4,38,877.5,Cherrapunji_Wet,25.2702,91.7323
2023-01-03T11:00,15.9,39,876.5,Cherrapunji_Wet,25.2702,91.7323
2023-01-03T12:00,15.9,44,875.3,Cherrapunji_Wet,25.2702,91.7323
2023-01-03T13:00,15.5,51,874.3,Cherrapunji_Wet,25.2702,91.7323
2023-01-03T14:00,14.9,57,873.7,Cherrapunji_Wet,25.2702,91.7323
2023-01-03T15:00,13.9,63,873.3,Cherrapunji_Wet,25.2702,91.7323
2023-01-03T16:00,11.4,80,872.7,Cherrapunji_Wet,25.2702,91.7323
2023-01-03T17:00,10.4,80,872.8,Cherrapunji_Wet,25.2702,91.7323
2023-01-03T18:00,9,86,872.5,Cherrapunji_Wet,25.2702,91.7323
2023-01-03T19:00,8.6,85,872.9,Cherrapunji_Wet,25.2702,91.7323
2023-01-03T20:00,8.3,84,873.1,Cherrapunji_Wet,25.2702,91.7323
2023-01-03T21:00,7.5,87,872.9,Cherrapunji_Wet,25.2702,91.7323
2023-01-03T22:00,7.3,87,872.9,Cherrapunji_Wet,25.2702,91.7323
2023-01-03T23:00,7.3,85,872.6,Cherrapunji_Wet,25.2702,91.7323
2023-01-04T00:00,7.1,82,872,Cherrapunji_Wet,25.2702,91.7323
2023-01-04T01:00,6.6,79,871.3,Cherrapunji_Wet,25.2702,91.7323
2023-01-04T02:00,5.9,77,870.6,Cherrapunji_Wet,25.2702,91.7323
2023-01-04T03:00,7.3,65,871.4,Cherrapunji_Wet,25.2702,91.7323
2023-01-04T04:00,7.7,62,871.8,Cherrapunji_Wet,25.2702,91.7323
2023-01-04T05:00,11.2,55,874.4,Cherrapunji_Wet,25.2702,91.7323
2023-01-04T06:00,5.8,74,872.1,Cherrapunji_Wet,25.2702,91.7323
2023-01-04T07:00,10.3,61,875.1,Cherrapunji_Wet,25.2702,91.7323
2023-01-04T08:00,13.4,42,877.3,Cherrapunji_Wet,25.2702,91.7323
2023-01-04T09:00,14.5,40,877.5,Cherrapunji_Wet,25.2702,91.7323
2023-01-04T10:00,15.3,41,877.4,Cherrapunji_Wet,25.2702,91.7323
2023-01-04T11:00,15.9,41,876.7,Cherrapunji_Wet,25.2702,91.7323
2023-01-04T12:00,16.2,45,875.5,Cherrapunji_Wet,25.2702,91.7323
2023-01-04T13:00,15.8,54,874.4,Cherrapunji_Wet,25.2702,91.7323
2023-01-04T14:00,15.1,62,873.8,Cherrapunji_Wet,25.2702,91.7323
2023-01-04T15:00,14.2,68,873.4,Cherrapunji_Wet,25.2702,91.7323
2023-01-04T16:00,12.6,77,873,Cherrapunji_Wet,25.2702,91.7323
2023-01-04T17:00,10.5,87,872.5,Cherrapunji_Wet,25.2702,91.7323
2023-01-04T18:00,8.9,91,872.2,Cherrapunji_Wet,25.2702,91.7323
2023-01-04T19:00,8.5,90,872.5,Cherrapunji_Wet,25.2702,91.7323
2023-01-04T20:00,8.2,87,872.5,Cherrapunji_Wet,25.2702,91.7323
2023-01-04T21:00,7.8,87,872.3,Cherrapunji_Wet,25.2702,91.7323
2023-01-04T22:00,7.1,83,871.8,Cherrapunji_Wet,25.2702,91.7323
2023-01-04T23:00,6.6,77,871.4,Cherrapunji_Wet,25.2702,91.7323
2023-01-05T00:00,7.3,64,871.7,Cherrapunji_Wet,25.2702,91.7323
2023-01-05T01:00,9.7,46,872.7,Cherrapunji_Wet,25.2702,91.7323
2023-01-05T02:00,11.7,34,873.3,Cherrapunji_Wet,25.2702,91.7323
2023-01-05T03:00,11.7,31,873.4,Cherrapunji_Wet,25.2702,91.7323
2023-01-05T04:00,8.5,40,872.2,Cherrapunji_Wet,25.2702,91.7323
2023-01-05T05:00,6.6,54,872.1,Cherrapunji_Wet,25.2702,91.7323
2023-01-05T06:00,6.3,63,872.5,Cherrapunji_Wet,25.2702,91.7323
2023-01-05T07:00,10,63,875.2,Cherrapunji_Wet,25.2702,91.7323
2023-01-05T08:00,14.2,53,877.8,Cherrapunji_Wet,25.2702,91.7323
2023-01-05T09:00,15.7,45,878.5,Cherrapunji_Wet,25.2702,91.7323
2023-01-05T10:00,16.9,41,878.3,Cherrapunji_Wet,25.2702,91.7323
2023-01-05T11:00,17.6,40,877.4,Cherrapunji_Wet,25.2702,91.7323
2023-01-05T12:00,17.9,41,876.6,Cherrapunji_Wet,25.2702,91.7323
2023-01-05T13:00,17.6,44,875.5,Cherrapunji_Wet,25.2702,91.7323
2023-01-05T14:00,16.9,52,875,Cherrapunji_Wet,25.2702,91.7323
2023-01-05T15:00,15.7,62,874.6,Cherrapunji_Wet,25.2702,91.7323
2023-01-05T16:00,14.5,70,874.3,Cherrapunji_Wet,25.2702,91.7323
2023-01-05T17:00,11.6,82,873.5,Cherrapunji_Wet,25.2702,91.7323
2023-01-05T18:00,10.1,81,873.2,Cherrapunji_Wet,25.2702,91.7323
2023-01-05T19:00,9.3,77,873.1,Cherrapunji_Wet,25.2702,91.7323
2023-01-05T20:00,8.2,75,873,Cherrapunji_Wet,25.2702,91.7323
2023-01-05T21:00,8.2,60,873.1,Cherrapunji_Wet,25.2702,91.7323
2023-01-05T22:00,8.2,51,872.8,Cherrapunji_Wet,25.2702,91.7323
2023-01-05T23:00,8.1,51,872.6,Cherrapunji_Wet,25.2702,91.7323
2023-01-06T00:00,7.6,56,872.1,Cherrapunji_Wet,25.2702,91.7323
2023-01-06T01:00,7.5,58,871.7,Cherrapunji_Wet,25.2702,91.7323
2023-01-06T02:00,7.7,59,871.3,Cherrapunji_Wet,25.2702,91.7323
2023-01-06T03:00,7.7,62,871.1,Cherrapunji_Wet,25.2702,91.7323
2023-01-06T04:00,7.5,65,871,Cherrapunji_Wet,25.2702,91.7323
2023-01-06T05:00,7.3,64,871.6,Cherrapunji_Wet,25.2702,91.7323
2023-01-06T06:00,8.1,62,872.4,Cherrapunji_Wet,25.2702,91.7323
2023-01-06T07:00,11.8,60,874.7,Cherrapunji_Wet,25.2702,91.7323
2023-01-06T08:00,16.2,49,877.3,Cherrapunji_Wet,25.2702,91.7323
2023-01-06T09:00,17.8,39,878.1,Cherrapunji_Wet,25.2702,91.7323
2023-01-06T10:00,18.7,37,878,Cherrapunji_Wet,25.2702,91.7323
2023-01-06T11:00,19,38,877.2,Cherrapunji_Wet,25.2702,91.7323
2023-01-06T12:00,19,42,876.3,Cherrapunji_Wet,25.2702,91.7323
2023-01-06T13:00,18.7,46,875.3,Cherrapunji_Wet,25.2702,91.7323
2023-01-06T14:00,17.9,52,874.7,Cherrapunji_Wet,25.2702,91.7323
2023-01-06T15:00,16.8,60,874.4,Cherrapunji_Wet,25.2702,91.7323
2023-01-06T16:00,14.8,72,873.7,Cherrapunji_Wet,25.2702,91.7323
2023-01-06T17:00,11.9,82,873.2,Cherrapunji_Wet,25.2702,91.7323
2023-01-06T18:00,10.6,85,873,Cherrapunji_Wet,25.2702,91.7323
2023-01-06T19:00,9.9,85,873.3,Cherrapunji_Wet,25.2702,91.7323
2023-01-06T20:00,10.1,79,873.7,Cherrapunji_Wet,25.2702,91.7323
2023-01-06T21:00,11.4,67,874.4,Cherrapunji_Wet,25.2702,91.7323
2023-01-06T22:00,16.5,46,876.5,Cherrapunji_Wet,25.2702,91.7323
2023-01-06T23:00,15.8,48,876,Cherrapunji_Wet,25.2702,91.7323
2023-01-07T00:00,9.1,73,872.6,Cherrapunji_Wet,25.2702,91.7323
2023-01-07T01:00,9.1,73,872,Cherrapunji_Wet,25.2702,91.7323
2023-01-07T02:00,9.3,73,871.5,Cherrapunji_Wet,25.2702,91.7323
2023-01-07T03:00,9.2,73,871,Cherrapunji_Wet,25.2702,91.7323
2023-01-07T04:00,9,69,870.8,Cherrapunji_Wet,25.2702,91.7323
2023-01-07T05:00,8.3,75,871.5,Cherrapunji_Wet,25.2702,91.7323
2023-01-07T06:00,9.6,67,872.5,Cherrapunji_Wet,25.2702,91.7323
2023-01-07T07:00,13.8,58,875.2,Cherrapunji_Wet,25.2702,91.7323
2023-01-07T08:00,17.3,45,877.2,Cherrapunji_Wet,25.2702,91.7323
2023-01-07T09:00,18.5,42,877.8,Cherrapunji_Wet,25.2702,91.7323
2023-01-07T10:00,19.2,40,877.2,Cherrapunji_Wet,25.2702,91.7323
2023-01-07T11:00,19.5,40,876.4,Cherrapunji_Wet,25.2702,91.7323
2023-01-07T12:00,19.4,42,875.3,Cherrapunji_Wet,25.2702,91.7323
2023-01-07T13:00,19.1,46,874.4,Cherrapunji_Wet,25.2702,91.7323
2023-01-07T14:00,18.1,54,873.5,Cherrapunji_Wet,25.2702,91.7323
2023-01-07T15:00,16.9,58,873.2,Cherrapunji_Wet,25.2702,91.7323
2023-01-07T16:00,15.8,63,872.9,Cherrapunji_Wet,25.2702,91.7323
2023-01-07T17:00,12.7,82,871.9,Cherrapunji_Wet,25.2702,91.7323
2023-01-07T18:00,12,86,872.1,Cherrapunji_Wet,25.2702,91.7323
2023-01-07T19:00,11.6,85,872.3,Cherrapunji_Wet,25.2702,91.7323
2023-01-07T20:00,11,85,872.3,Cherrapunji_Wet,25.2702,91.7323
2023-01-07T21:00,10.6,85,872.3,Cherrapunji_Wet,25.2702,91.7323
2023-01-07T22:00,10.5,84,872,Cherrapunji_Wet,25.2702,91.7323
2023-01-07T23:00,10.1,83,871.4,Cherrapunji_Wet,25.2702,91.7323
2023-01-08T00:00,9.5,82,871,Cherrapunji_Wet,25.2702,91.7323
2023-01-08T01:00,9.4,81,870.5,Cherrapunji_Wet,25.2702,91.7323
2023-01-08T02:00,9.4,80,870.2,Cherrapunji_Wet,25.2702,91.7323
2023-01-08T03:00,9,81,869.8,Cherrapunji_Wet,25.2702,91.7323
2023-01-08T04:00,10.4,72,870.7,Cherrapunji_Wet,25.2702,91.7323
2023-01-08T05:00,15.1,54,873.9,Cherrapunji_Wet,25.2702,91.7323
2023-01-08T06:00,15.4,53,874.7,Cherrapunji_Wet,25.2702,91.7323
2023-01-08T07:00,14.3,73,875.1,Cherrapunji_Wet,25.2702,91.7323
2023-01-08T08:00,16.9,45,876.8,Cherrapunji_Wet,25.2702,91.7323
2023-01-08T09:00,18,38,877.4,Cherrapunji_Wet,25.2702,91.7323
2023-01-08T10:00,18.7,36,877,Cherrapunji_Wet,25.2702,91.7323
2023-01-08T11:00,19.3,33,876.3,Cherrapunji_Wet,25.2702,91.7323
2023-01-08T12:00,19.3,34,875.4,Cherrapunji_Wet,25.2702,91.7323
2023-01-08T13:00,18.8,40,874.6,Cherrapunji_Wet,25.2702,91.7323
2023-01-08T14:00,18,45,874.1,Cherrapunji_Wet,25.2702,91.7323
2023-01-08T15:00,17.1,50,873.7,Cherrapunji_Wet,25.2702,91.7323
2023-01-08T16:00,16,56,873.6,Cherrapunji_Wet,25.2702,91.7323
2023-01-08T17:00,12.9,76,872.5,Cherrapunji_Wet,25.2702,91.7323
2023-01-08T18:00,11.4,80,872.3,Cherrapunji_Wet,25.2702,91.7323
2023-01-08T19:00,10.8,81,872.8,Cherrapunji_Wet,25.2702,91.7323
2023-01-08T20:00,9.7,91,872.7,Cherrapunji_Wet,25.2702,91.7323
2023-01-08T21:00,9.5,93,873,Cherrapunji_Wet,25.2702,91.7323
2023-01-08T22:00,9.4,91,872.9,Cherrapunji_Wet,25.2702,91.7323
2023-01-08T23:00,9.1,90,872.5,Cherrapunji_Wet,25.2702,91.7323
2023-01-09T00:00,8.7,89,872.1,Cherrapunji_Wet,25.2702,91.7323
2023-01-09T01:00,8.7,87,871.6,Cherrapunji_Wet,25.2702,91.7323
2023-01-09T02:00,9.1,79,871.2,Cherrapunji_Wet,25.2702,91.7323
2023-01-09T03:00,9.4,72,871,Cherrapunji_Wet,25.2702,91.7323
2023-01-09T04:00,8.6,74,871.1,Cherrapunji_Wet,25.2702,91.7323
2023-01-09T05:00,9.2,66,872.3,Cherrapunji_Wet,25.2702,91.7323
2023-01-09T06:00,8.9,66,872.8,Cherrapunji_Wet,25.2702,91.7323
2023-01-09T07:00,13.6,57,875.7,Cherrapunji_Wet,25.2702,91.7323
2023-01-09T08:00,16.8,40,878,Cherrapunji_Wet,25.2702,91.7323
2023-01-09T09:00,17.9,36,878.2,Cherrapunji_Wet,25.2702,91.7323
2023-01-09T10:00,18.7,33,877.9,Cherrapunji_Wet,25.2702,91.7323
2023-01-09T11:00,19,34,877.1,Cherrapunji_Wet,25.2702,91.7323
2023-01-09T12:00,18.9,37,876.1,Cherrapunji_Wet,25.2702,91.7323
2023-01-09T13:00,18.5,42,875.4,Cherrapunji_Wet,25.2702,91.7323
2023-01-09T14:00,17.6,47,875,Cherrapunji_Wet,25.2702,91.7323
2023-01-09T15:00,16.5,53,874.6,Cherrapunji_Wet,25.2702,91.7323
2023-01-09T16:00,15.2,60,874.3,Cherrapunji_Wet,25.2702,91.7323
2023-01-09T17:00,12.4,78,873.4,Cherrapunji_Wet,25.2702,91.7323
2023-01-09T18:00,11.5,81,873.4,Cherrapunji_Wet,25.2702,91.7323
2023-01-09T19:00,11.1,81,873.7,Cherrapunji_Wet,25.2702,91.7323
2023-01-09T20:00,10.8,82,873.8,Cherrapunji_Wet,25.2702,91.7323
2023-01-09T21:00,10.3,86,873.6,Cherrapunji_Wet,25.2702,91.7323
2023-01-09T22:00,10,87,873.2,Cherrapunji_Wet,25.2702,91.7323
2023-01-09T23:00,9.7,86,872.4,Cherrapunji_Wet,25.2702,91.7323
2023-01-10T00:00,9.3,84,871.7,Cherrapunji_Wet,25.2702,91.7323
2023-01-10T01:00,9.2,81,871.2,Cherrapunji_Wet,25.2702,91.7323
2023-01-10T02:00,9.4,78,870.9,Cherrapunji_Wet,25.2702,91.7323
2023-01-10T03:00,9.6,78,870.6,Cherrapunji_Wet,25.2702,91.7323
2023-01-10T04:00,9.2,80,870.7,Cherrapunji_Wet,25.2702,91.7323
2023-01-10T05:00,8.6,79,871.4,Cherrapunji_Wet,25.2702,91.7323
2023-01-10T06:00,8.5,80,871.9,Cherrapunji_Wet,25.2702,91.7323
2023-01-10T07:00,13.1,66,874.7,Cherrapunji_Wet,25.2702,91.7323
2023-01-10T08:00,15.9,52,876.3,Cherrapunji_Wet,25.2702,91.7323
2023-01-10T09:00,16.9,44,876.7,Cherrapunji_Wet,25.2702,91.7323
2023-01-10T10:00,17.8,41,876.3,Cherrapunji_Wet,25.2702,91.7323
2023-01-10T11:00,18.3,40,875.3,Cherrapunji_Wet,25.2702,91.7323
2023-01-10T12:00,18.2,43,874.1,Cherrapunji_Wet,25.2702,91.7323
2023-01-10T13:00,17.7,46,873.5,Cherrapunji_Wet,25.2702,91.7323
2023-01-10T14:00,16.9,49,872.8,Cherrapunji_Wet,25.2702,91.7323
2023-01-10T15:00,15.8,54,872.3,Cherrapunji_Wet,25.2702,91.7323
2023-01-10T16:00,13.6,74,871.6,Cherrapunji_Wet,25.2702,91.7323
2023-01-10T17:00,13.6,60,871.9,Cherrapunji_Wet,25.2702,91.7323
2023-01-10T18:00,10.6,76,870.8,Cherrapunji_Wet,25.2702,91.7323
2023-01-10T19:00,10,76,870.9,Cherrapunji_Wet,25.2702,91.7323
2023-01-10T20:00,9.7,75,870.9,Cherrapunji_Wet,25.2702,91.7323
2023-01-10T21:00,9.4,75,870.8,Cherrapunji_Wet,25.2702,91.7323
2023-01-10T22:00,9.3,74,870.6,Cherrapunji_Wet,25.2702,91.7323
2023-01-10T23:00,8.8,76,870.1,Cherrapunji_Wet,25.2702,91.7323
2023-01-11T00:00,8.1,79,869.3,Cherrapunji_Wet,25.2702,91.7323
2023-01-11T01:00,7.9,80,868.9,Cherrapunji_Wet,25.2702,91.7323
2023-01-11T02:00,7.7,81,868.3,Cherrapunji_Wet,25.2702,91.7323
2023-01-11T03:00,7.9,80,868,Cherrapunji_Wet,25.2702,91.7323
2023-01-11T04:00,7.4,80,867.9,Cherrapunji_Wet,25.2702,91.7323
2023-01-11T05:00,7.8,84,869.1,Cherrapunji_Wet,25.2702,91.7323
2023-01-11T06:00,7.5,84,869.5,Cherrapunji_Wet,25.2702,91.7323
2023-01-11T07:00,12.2,70,872.5,Cherrapunji_Wet,25.2702,91.7323
2023-01-11T08:00,14.4,59,873.9,Cherrapunji_Wet,25.2702,91.7323
2023-01-11T09:00,15.6,55,874.4,Cherrapunji_Wet,25.2702,91.7323
2023-01-11T10:00,16.9,49,874.3,Cherrapunji_Wet,25.2702,91.7323
2023-01-11T11:00,17.4,47,873.5,Cherrapunji_Wet,25.2702,91.7323
2023-01-11T12:00,16.7,55,872.3,Cherrapunji_Wet,25.2702,91.7323
2023-01-11T13:00,16.4,57,871.4,Cherrapunji_Wet,25.2702,91.7323
2023-01-11T14:00,15.8,59,870.6,Cherrapunji_Wet,25.2702,91.7323
2023-01-11T15:00,14.7,64,870.5,Cherrapunji_Wet,25.2702,91.7323
2023-01-11T16:00,12.9,74,870.1,Cherrapunji_Wet,25.2702,91.7323
2023-01-11T17:00,12.3,75,870,Cherrapunji_Wet,25.2702,91.7323
2023-01-11T18:00,10.2,87,869.2,Cherrapunji_Wet,25.2702,91.7323
2023-01-11T19:00,10,87,869.6,Cherrapunji_Wet,25.2702,91.7323
2023-01-11T20:00,9.7,88,869.5,Cherrapunji_Wet,25.2702,91.7323
2023-01-11T21:00,9.4,90,869.7,Cherrapunji_Wet,25.2702,91.7323
2023-01-11T22:00,9,92,869.3,Cherrapunji_Wet,25.2702,91.7323
2023-01-11T23:00,8.8,93,868.9,Cherrapunji_Wet,25.2702,91.7323
2023-01-12T00:00,8.5,92,868.3,Cherrapunji_Wet,25.2702,91.7323
2023-01-12T01:00,8.5,90,867.9,Cherrapunji_Wet,25.2702,91.7323
2023-01-12T02:00,8.2,89,867.4,Cherrapunji_Wet,25.2702,91.7323
2023-01-12T03:00,7.8,90,866.9,Cherrapunji_Wet,25.2702,91.7323
2023-01-12T04:00,7.4,90,866.6,Cherrapunji_Wet,25.2702,91.7323
2023-01-12T05:00,8.9,83,867.9,Cherrapunji_Wet,25.2702,91.7323
2023-01-12T06:00,7.8,87,868.2,Cherrapunji_Wet,25.2702,91.7323
2023-01-12T07:00,11.3,79,870.5,Cherrapunji_Wet,25.2702,91.7323
2023-01-12T08:00,13.6,70,871.9,Cherrapunji_Wet,25.2702,91.7323
2023-01-12T09:00,14.8,65,872.3,Cherrapunji_Wet,25.2702,91.7323
2023-01-12T10:00,15.5,61,872.2,Cherrapunji_Wet,25.2702,91.7323
2023-01-12T11:00,15.9,60,871.2,Cherrapunji_Wet,25.2702,91.7323
2023-01-12T12:00,16.2,59,870.5,Cherrapunji_Wet,25.2702,91.7323
2023-01-12T13:00,15.8,62,869.9,Cherrapunji_Wet,25.2702,91.7323
2023-01-12T14:00,14.9,66,869.3,Cherrapunji_Wet,25.2702,91.7323
2023-01-12T15:00,13.9,72,868.9,Cherrapunji_Wet,25.2702,91.7323
2023-01-12T16:00,12.5,81,868.5,Cherrapunji_Wet,25.2702,91.7323
2023-01-12T17:00,11.3,90,868.3,Cherrapunji_Wet,25.2702,91.7323
2023-01-12T18:00,9.4,97,867.5,Cherrapunji_Wet,25.2702,91.7323
2023-01-12T19:00,8.8,96,867.9,Cherrapunji_Wet,25.2702,91.7323
2023-01-12T20:00,8.1,96,868.2,Cherrapunji_Wet,25.2702,91.7323
2023-01-12T21:00,7.3,94,868.2,Cherrapunji_Wet,25.2702,91.7323
2023-01-12T22:00,6.7,90,867.9,Cherrapunji_Wet,25.2702,91.7323
2023-01-12T23:00,6.5,85,867.6,Cherrapunji_Wet,25.2702,91.7323
2023-01-13T00:00,6.8,77,867.7,Cherrapunji_Wet,25.2702,91.7323
2023-01-13T01:00,9.2,64,868.4,Cherrapunji_Wet,25.2702,91.7323
2023-01-13T02:00,10,64,868.2,Cherrapunji_Wet,25.2702,91.7323
2023-01-13T03:00,10.3,70,868.2,Cherrapunji_Wet,25.2702,91.7323
2023-01-13T04:00,10.3,77,868.5,Cherrapunji_Wet,25.2702,91.7323
2023-01-13T05:00,10,85,869.2,Cherrapunji_Wet,25.2702,91.7323
2023-01-13T06:00,9.7,88,869.6,Cherrapunji_Wet,25.2702,91.7323
2023-01-13T07:00,10.1,87,870.6,Cherrapunji_Wet,25.2702,91.7323
2023-01-13T08:00,11.8,75,872,Cherrapunji_Wet,25.2702,91.7323
2023-01-13T09:00,13.1,67,872.7,Cherrapunji_Wet,25.2702,91.7323
2023-01-13T10:00,14,64,872.6,Cherrapunji_Wet,25.2702,91.7323
2023-01-13T11:00,14.8,61,872.1,Cherrapunji_Wet,25.2702,91.7323
2023-01-13T12:00,15.2,59,871.2,Cherrapunji_Wet,25.2702,91.7323
2023-01-13T13:00,15.2,57,870.6,Cherrapunji_Wet,25.2702,91.7323
2023-01-13T14:00,14.7,59,870,Cherrapunji_Wet,25.2702,91.7323
2023-01-13T15:00,13,67,869.9,Cherrapunji_Wet,25.2702,91.7323
2023-01-13T16:00,11.3,74,869.5,Cherrapunji_Wet,25.2702,91.7323
2023-01-13T17:00,9,89,869,Cherrapunji_Wet,25.2702,91.7323
2023-01-13T18:00,9,85,869.1,Cherrapunji_Wet,25.2702,91.7323
2023-01-13T19:00,8.3,82,869.2,Cherrapunji_Wet,25.2702,91.7323
2023-01-13T20:00,7.8,78,869.2,Cherrapunji_Wet,25.2702,91.7323
2023-01-13T21:00,7.5,76,869.2,Cherrapunji_Wet,25.2702,91.7323
2023-01-13T22:00,7.3,81,868.8,Cherrapunji_Wet,25.2702,91.7323
2023-01-13T23:00,7,87,868.3,Cherrapunji_Wet,25.2702,91.7323
2023-01-14T00:00,6.8,88,867.9,Cherrapunji_Wet,25.2702,91.7323
2023-01-14T01:00,6.6,89,867.5,Cherrapunji_Wet,25.2702,91.7323
2023-01-14T02:00,6.4,90,867.1,Cherrapunji_Wet,25.2702,91.7323
2023-01-14T03:00,6.4,90,866.7,Cherrapunji_Wet,25.2702,91.7323
2023-01-14T04:00,6,92,866.7,Cherrapunji_Wet,25.2702,91.7323
2023-01-14T05:00,6.7,93,867.9,Cherrapunji_Wet,25.2702,91.7323
2023-01-14T06:00,6.4,94,868.2,Cherrapunji_Wet,25.2702,91.7323
2023-01-14T07:00,10.5,84,870.6,Cherrapunji_Wet,25.2702,91.7323
2023-01-14T08:00,12.4,75,871.9,Cherrapunji_Wet,25.2702,91.7323
2023-01-14T09:00,13.9,65,872.6,Cherrapunji_Wet,25.2702,91.7323
2023-01-14T10:00,14.4,65,872.2,Cherrapunji_Wet,25.2702,91.7323
2023-01-14T11:00,14.2,69,871.4,Cherrapunji_Wet,25.2702,91.7323
2023-01-14T12:00,13.5,72,870.2,Cherrapunji_Wet,25.2702,91.7323
2023-01-14T13:00,13.7,70,869.4,Cherrapunji_Wet,25.2702,91.7323
2023-01-14T14:00,13.7,69,869.2,Cherrapunji_Wet,25.2702,91.7323
2023-01-14T15:00,13,75,869,Cherrapunji_Wet,25.2702,91.7323
2023-01-14T16:00,12,81,868.7,Cherrapunji_Wet,25.2702,91.7323
2023-01-14T17:00,10.4,95,868.9,Cherrapunji_Wet,25.2702,91.7323
2023-01-14T18:00,10.3,94,869.4,Cherrapunji_Wet,25.2702,91.7323
2023-01-14T19:00,10.5,92,870,Cherrapunji_Wet,25.2702,91.7323
2023-01-14T20:00,9.7,93,870,Cherrapunji_Wet,25.2702,91.7323
2023-01-14T21:00,9.3,94,870.1,Cherrapunji_Wet,25.2702,91.7323
2023-01-14T22:00,8.7,95,869.3,Cherrapunji_Wet,25.2702,91.7323
2023-01-14T23:00,9.7,94,869.4,Cherrapunji_Wet,25.2702,91.7323
2023-01-15T00:00,8.9,94,868.6,Cherrapunji_Wet,25.2702,91.7323
2023-01-15T01:00,8.3,92,867.9,Cherrapunji_Wet,25.2702,91.7323
2023-01-15T02:00,8.3,92,867.3,Cherrapunji_Wet,25.2702,91.7323
2023-01-15T03:00,9.5,86,867.6,Cherrapunji_Wet,25.2702,91.7323
2023-01-15T04:00,8.4,92,867.2,Cherrapunji_Wet,25.2702,91.7323
2023-01-15T05:00,8,88,867.6,Cherrapunji_Wet,25.2702,91.7323
2023-01-15T06:00,7.6,88,867.9,Cherrapunji_Wet,25.2702,91.7323
2023-01-15T07:00,9.8,84,869.9,Cherrapunji_Wet,25.2702,91.7323
2023-01-15T08:00,11.1,85,871.2,Cherrapunji_Wet,25.2702,91.7323
2023-01-15T09:00,12.7,70,872,Cherrapunji_Wet,25.2702,91.7323
2023-01-15T10:00,14.1,60,871.7,Cherrapunji_Wet,25.2702,91.7323
2023-01-15T11:00,14.8,54,870.8,Cherrapunji_Wet,25.2702,91.7323
2023-01-15T12:00,15.2,52,869.9,Cherrapunji_Wet,25.2702,91.7323
2023-01-15T13:00,14.7,58,869.1,Cherrapunji_Wet,25.2702,91.7323
2023-01-15T14:00,13.6,71,868.7,Cherrapunji_Wet,25.2702,91.7323
2023-01-15T15:00,12.3,79,868.5,Cherrapunji_Wet,25.2702,91.7323
2023-01-15T16:00,11,89,868,Cherrapunji_Wet,25.2702,91.7323
2023-01-15T17:00,9.5,97,868,Cherrapunji_Wet,25.2702,91.7323
2023-01-15T18:00,9.7,95,868.7,Cherrapunji_Wet,25.2702,91.7323
2023-01-15T19:00,8.7,94,868.6,Cherrapunji_Wet,25.2702,91.7323
2023-01-15T20:00,7.2,94,868.2,Cherrapunji_Wet,25.2702,91.7323
2023-01-15T21:00,6.6,93,868.4,Cherrapunji_Wet,25.2702,91.7323
2023-01-15T22:00,5.9,93,868.3,Cherrapunji_Wet,25.2702,91.7323
2023-01-15T23:00,5.9,92,868.1,Cherrapunji_Wet,25.2702,91.7323
2023-01-16T00:00,6.8,90,868.4,Cherrapunji_Wet,25.2702,91.7323
2023-01-16T01:00,6.2,93,867.5,Cherrapunji_Wet,25.2702,91.7323
2023-01-16T02:00,5.1,92,866.6,Cherrapunji_Wet,25.2702,91.7323
2023-01-16T03:00,4.7,92,866.3,Cherrapunji_Wet,25.2702,91.7323
2023-01-16T04:00,4.9,91,866.7,Cherrapunji_Wet,25.2702,91.7323
2023-01-16T05:00,4.8,92,867.4,Cherrapunji_Wet,25.2702,91.7323
2023-01-16T06:00,6,91,868.7,Cherrapunji_Wet,25.2702,91.7323
2023-01-16T07:00,9.2,82,871.1,Cherrapunji_Wet,25.2702,91.7323
2023-01-16T08:00,10.9,79,872.7,Cherrapunji_Wet,25.2702,91.7323
2023-01-16T09:00,12.4,69,873.5,Cherrapunji_Wet,25.2702,91.7323
2023-01-16T10:00,12.7,69,872.8,Cherrapunji_Wet,25.2702,91.7323
2023-01-16T11:00,12.1,77,872.1,Cherrapunji_Wet,25.2702,91.7323
2023-01-16T12:00,11.6,80,871,Cherrapunji_Wet,25.2702,91.7323
2023-01-16T13:00,12.2,78,870.4,Cherrapunji_Wet,25.2702,91.7323
2023-01-16T14:00,12.5,77,870.1,Cherrapunji_Wet,25.2702,91.7323
2023-01-16T15:00,12.2,75,869.8,Cherrapunji_Wet,25.2702,91.7323
2023-01-16T16:00,10.8,86,869.5,Cherrapunji_Wet,25.2702,91.7323
2023-01-16T17:00,9.5,93,869.5,Cherrapunji_Wet,25.2702,91.7323
2023-01-16T18:00,7.7,96,869.1,Cherrapunji_Wet,25.2702,91.7323
2023-01-16T19:00,7.1,97,869.3,Cherrapunji_Wet,25.2702,91.7323
2023-01-16T20:00,7.5,96,870,Cherrapunji_Wet,25.2702,91.7323
2023-01-16T21:00,7.9,96,870.3,Cherrapunji_Wet,25.2702,91.7323
2023-01-16T22:00,8.5,95,870.5,Cherrapunji_Wet,25.2702,91.7323
2023-01-16T23:00,8.4,96,870,Cherrapunji_Wet,25.2702,91.7323
2023-01-17T00:00,7.3,97,869.3,Cherrapunji_Wet,25.2702,91.7323
2023-01-17T01:00,7.2,96,868.9,Cherrapunji_Wet,25.2702,91.7323
2023-01-17T02:00,7.3,93,868.5,Cherrapunji_Wet,25.2702,91.7323
2023-01-17T03:00,7.2,91,868.5,Cherrapunji_Wet,25.2702,91.7323
2023-01-17T04:00,6.1,90,868.1,Cherrapunji_Wet,25.2702,91.7323
2023-01-17T05:00,6.8,89,868.5,Cherrapunji_Wet,25.2702,91.7323
2023-01-17T06:00,5.6,90,868.9,Cherrapunji_Wet,25.2702,91.7323
2023-01-17T07:00,8.7,70,871.1,Cherrapunji_Wet,25.2702,91.7323
2023-01-17T08:00,10,62,872.2,Cherrapunji_Wet,25.2702,91.7323
2023-01-17T09:00,11.2,57,873.1,Cherrapunji_Wet,25.2702,91.7323
2023-01-17T10:00,12.4,50,872.9,Cherrapunji_Wet,25.2702,91.7323
2023-01-17T11:00,13.1,50,872.4,Cherrapunji_Wet,25.2702,91.7323
2023-01-17T12:00,13.2,52,871.9,Cherrapunji_Wet,25.2702,91.7323
2023-01-17T13:00,13.1,53,870.9,Cherrapunji_Wet,25.2702,91.7323
2023-01-17T14:00,12.7,53,870.5,Cherrapunji_Wet,25.2702,91.7323
2023-01-17T15:00,11.7,56,869.9,Cherrapunji_Wet,25.2702,91.7323
2023-01-17T16:00,9.9,67,869.7,Cherrapunji_Wet,25.2702,91.7323
2023-01-17T17:00,7.7,77,869.4,Cherrapunji_Wet,25.2702,91.7323
2023-01-17T18:00,5.6,88,869,Cherrapunji_Wet,25.2702,91.7323
2023-01-17T19:00,4.7,91,869,Cherrapunji_Wet,25.2702,91.7323
2023-01-17T20:00,3.8,86,868.9,Cherrapunji_Wet,25.2702,91.7323
2023-01-17T21:00,3.7,72,869.1,Cherrapunji_Wet,25.2702,91.7323
2023-01-17T22:00,3.3,63,868.9,Cherrapunji_Wet,25.2702,91.7323
2023-01-17T23:00,3.2,56,868.4,Cherrapunji_Wet,25.2702,91.7323
2023-01-18T00:00,3.7,48,868.4,Cherrapunji_Wet,25.2702,91.7323
2023-01-18T01:00,7.3,30,870.2,Cherrapunji_Wet,25.2702,91.7323
2023-01-18T02:00,7.5,27,870.1,Cherrapunji_Wet,25.2702,91.7323
2023-01-18T03:00,4.1,38,868.4,Cherrapunji_Wet,25.2702,91.7323
2023-01-18T04:00,2.7,45,867.7,Cherrapunji_Wet,25.2702,91.7323
2023-01-18T05:00,5.4,47,870.1,Cherrapunji_Wet,25.2702,91.7323
2023-01-18T06:00,5.5,49,870.6,Cherrapunji_Wet,25.2702,91.7323
2023-01-18T07:00,7.7,44,872.5,Cherrapunji_Wet,25.2702,91.7323
2023-01-18T08:00,9.3,43,874,Cherrapunji_Wet,25.2702,91.7323
2023-01-18T09:00,10.9,45,874.8,Cherrapunji_Wet,25.2702,91.7323
2023-01-18T10:00,12.3,47,874.8,Cherrapunji_Wet,25.2702,91.7323
2023-01-18T11:00,13.4,48,874.1,Cherrapunji_Wet,25.2702,91.7323
2023-01-18T12:00,13.5,53,873.2,Cherrapunji_Wet,25.2702,91.7323
2023-01-18T13:00,13.1,59,872.4,Cherrapunji_Wet,25.2702,91.7323
2023-01-18T14:00,12.5,62,871.7,Cherrapunji_Wet,25.2702,91.7323
2023-01-18T15:00,11.7,65,871.2,Cherrapunji_Wet,25.2702,91.7323
2023-01-18T16:00,9.6,75,870.6,Cherrapunji_Wet,25.2702,91.7323
2023-01-18T17:00,7.5,85,870.4,Cherrapunji_Wet,25.2702,91.7323
2023-01-18T18:00,6.1,90,870.5,Cherrapunji_Wet,25.2702,91.7323
2023-01-18T19:00,7.4,80,872.1,Cherrapunji_Wet,25.2702,91.7323
2023-01-18T20:00,9,73,873.4,Cherrapunji_Wet,25.2702,91.7323
2023-01-18T21:00,5.9,85,872,Cherrapunji_Wet,25.2702,91.7323
2023-01-18T22:00,4.7,89,871.3,Cherrapunji_Wet,25.2702,91.7323
2023-01-18T23:00,4.5,89,870.8,Cherrapunji_Wet,25.2702,91.7323
2023-01-19T00:00,4.4,88,870.4,Cherrapunji_Wet,25.2702,91.7323
2023-01-19T01:00,3.8,89,869.6,Cherrapunji_Wet,25.2702,91.7323
2023-01-19T02:00,2.8,93,868.7,Cherrapunji_Wet,25.2702,91.7323
2023-01-19T03:00,2.3,95,868,Cherrapunji_Wet,25.2702,91.7323
2023-01-19T04:00,1.8,95,867.7,Cherrapunji_Wet,25.2702,91.7323
2023-01-19T05:00,1,91,867.9,Cherrapunji_Wet,25.2702,91.7323
2023-01-19T06:00,2.2,72,869,Cherrapunji_Wet,25.2702,91.7323
2023-01-19T07:00,7.1,55,872.2,Cherrapunji_Wet,25.2702,91.7323
2023-01-19T08:00,11.7,31,874.7,Cherrapunji_Wet,25.2702,91.7323
2023-01-19T09:00,12.8,40,875.4,Cherrapunji_Wet,25.2702,91.7323
2023-01-19T10:00,13.6,48,875.1,Cherrapunji_Wet,25.2702,91.7323
2023-01-19T11:00,14.2,51,874.5,Cherrapunji_Wet,25.2702,91.7323
2023-01-19T12:00,14.3,55,873.4,Cherrapunji_Wet,25.2702,91.7323
2023-01-19T13:00,14,58,872.4,Cherrapunji_Wet,25.2702,91.7323
2023-01-19T14:00,13.4,62,871.9,Cherrapunji_Wet,25.2702,91.7323
2023-01-19T15:00,12.2,67,871.5,Cherrapunji_Wet,25.2702,91.7323
2023-01-19T16:00,10.6,75,871.2,Cherrapunji_Wet,25.2702,91.7323
2023-01-19T17:00,9.8,78,871,Cherrapunji_Wet,25.2702,91.7323
2023-01-19T18:00,7.4,89,870,Cherrapunji_Wet,25.2702,91.7323
2023-01-19T19:00,7,87,870.4,Cherrapunji_Wet,25.2702,91.7323
2023-01-19T20:00,6.9,85,870.8,Cherrapunji_Wet,25.2702,91.7323
2023-01-19T21:00,6.6,85,870.9,Cherrapunji_Wet,25.2702,91.7323
2023-01-19T22:00,6,88,870.7,Cherrapunji_Wet,25.2702,91.7323
2023-01-19T23:00,5.2,91,870,Cherrapunji_Wet,25.2702,91.7323
2023-01-20T00:00,4.8,93,869.3,Cherrapunji_Wet,25.2702,91.7323
2023-01-20T01:00,4.5,94,868.5,Cherrapunji_Wet,25.2702,91.7323
2023-01-20T02:00,4,94,867.7,Cherrapunji_Wet,25.2702,91.7323
2023-01-20T03:00,3.8,86,867.4,Cherrapunji_Wet,25.2702,91.7323
2023-01-20T04:00,4.1,75,867.6,Cherrapunji_Wet,25.2702,91.7323
2023-01-20T05:00,4.4,73,868.3,Cherrapunji_Wet,25.2702,91.7323
2023-01-20T06:00,5,64,869.2,Cherrapunji_Wet,25.2702,91.7323
2023-01-20T07:00,8.8,54,872,Cherrapunji_Wet,25.2702,91.7323
2023-01-20T08:00,12.9,39,874.6,Cherrapunji_Wet,25.2702,91.7323
2023-01-20T09:00,14.3,42,875.4,Cherrapunji_Wet,25.2702,91.7323
2023-01-20T10:00,15.1,47,875.2,Cherrapunji_Wet,25.2702,91.7323
2023-01-20T11:00,15.4,51,874.5,Cherrapunji_Wet,25.2702,91.7323
2023-01-20T12:00,15.5,51,873.7,Cherrapunji_Wet,25.2702,91.7323
2023-01-20T13:00,15.3,51,872.7,Cherrapunji_Wet,25.2702,91.7323
2023-01-20T14:00,14.8,51,872.3,Cherrapunji_Wet,25.2702,91.7323
2023-01-20T15:00,13.7,55,871.9,Cherrapunji_Wet,25.2702,91.7323
2023-01-20T16:00,12,65,871.5,Cherrapunji_Wet,25.2702,91.7323
2023-01-20T17:00,10.5,72,871,Cherrapunji_Wet,25.2702,91.7323
2023-01-20T18:00,8.7,83,870.4,Cherrapunji_Wet,25.2702,91.7323
2023-01-20T19:00,8.1,84,870.7,Cherrapunji_Wet,25.2702,91.7323
2023-01-20T20:00,7.8,82,871,Cherrapunji_Wet,25.2702,91.7323
2023-01-20T21:00,7.7,79,870.9,Cherrapunji_Wet,25.2702,91.7323
2023-01-20T22:00,7.4,76,870.7,Cherrapunji_Wet,25.2702,91.7323
2023-01-20T23:00,6.7,75,870.1,Cherrapunji_Wet,25.2702,91.7323
2023-01-21T00:00,6.1,75,869.4,Cherrapunji_Wet,25.2702,91.7323
2023-01-21T01:00,6,73,868.6,Cherrapunji_Wet,25.2702,91.7323
2023-01-21T02:00,5.7,74,868.1,Cherrapunji_Wet,25.2702,91.7323
2023-01-21T03:00,6.6,70,868.2,Cherrapunji_Wet,25.2702,91.7323
2023-01-21T04:00,6.7,69,868.2,Cherrapunji_Wet,25.2702,91.7323
2023-01-21T05:00,7,70,869.1,Cherrapunji_Wet,25.2702,91.7323
2023-01-21T06:00,5.3,79,868.8,Cherrapunji_Wet,25.2702,91.7323
2023-01-21T07:00,10.2,62,872,Cherrapunji_Wet,25.2702,91.7323
2023-01-21T08:00,13.3,50,874,Cherrapunji_Wet,25.2702,91.7323
2023-01-21T09:00,15,45,874.6,Cherrapunji_Wet,25.2702,91.7323
2023-01-21T10:00,16,44,874.3,Cherrapunji_Wet,25.2702,91.7323
2023-01-21T11:00,16.6,45,873.6,Cherrapunji_Wet,25.2702,91.7323
2023-01-21T12:00,16.8,48,872.5,Cherrapunji_Wet,25.2702,91.7323
2023-01-21T13:00,16.5,49,871.7,Cherrapunji_Wet,25.2702,91.7323
2023-01-21T14:00,15.9,50,871.1,Cherrapunji_Wet,25.2702,91.7323
2023-01-21T15:00,14.8,55,870.7,Cherrapunji_Wet,25.2702,91.7323
2023-01-21T16:00,12.6,66,870.3,Cherrapunji_Wet,25.2702,91.7323
2023-01-21T17:00,10.6,75,869.6,Cherrapunji_Wet,25.2702,91.7323
2023-01-21T18:00,9.2,82,869.5,Cherrapunji_Wet,25.2702,91.7323
2023-01-21T19:00,8.9,78,870,Cherrapunji_Wet,25.2702,91.7323
2023-01-21T20:00,8.5,74,870.2,Cherrapunji_Wet,25.2702,91.7323
2023-01-21T21:00,7.7,73,870,Cherrapunji_Wet,25.2702,91.7323
2023-01-21T22:00,7,75,869.7,Cherrapunji_Wet,25.2702,91.7323
2023-01-21T23:00,6.8,75,869.4,Cherrapunji_Wet,25.2702,91.7323
2023-01-22T00:00,6.4,77,868.8,Cherrapunji_Wet,25.2702,91.7323
2023-01-22T01:00,6.1,77,868.3,Cherrapunji_Wet,25.2702,91.7323
2023-01-22T02:00,5.5,78,867.7,Cherrapunji_Wet,25.2702,91.7323
2023-01-22T03:00,5.2,78,867.2,Cherrapunji_Wet,25.2702,91.7323
2023-01-22T04:00,5,79,867.4,Cherrapunji_Wet,25.2702,91.7323
2023-01-22T05:00,4.2,87,868,Cherrapunji_Wet,25.2702,91.7323
2023-01-22T06:00,5.1,80,868.5,Cherrapunji_Wet,25.2702,91.7323
2023-01-22T07:00,9.2,66,871.4,Cherrapunji_Wet,25.2702,91.7323
2023-01-22T08:00,13.2,50,873.7,Cherrapunji_Wet,25.2702,91.7323
2023-01-22T09:00,15,45,874.6,Cherrapunji_Wet,25.2702,91.7323
2023-01-22T10:00,16.1,43,874.6,Cherrapunji_Wet,25.2702,91.7323
2023-01-22T11:00,16.6,44,873.9,Cherrapunji_Wet,25.2702,91.7323
2023-01-22T12:00,16.5,49,872.9,Cherrapunji_Wet,25.2702,91.7323
2023-01-22T13:00,16,55,872.1,Cherrapunji_Wet,25.2702,91.7323
2023-01-22T14:00,15.3,58,871.7,Cherrapunji_Wet,25.2702,91.7323
2023-01-22T15:00,14.4,62,871.2,Cherrapunji_Wet,25.2702,91.7323
2023-01-22T16:00,12.6,70,871,Cherrapunji_Wet,25.2702,91.7323
2023-01-22T17:00,10.2,81,870.1,Cherrapunji_Wet,25.2702,91.7323
2023-01-22T18:00,9,88,869.7,Cherrapunji_Wet,25.2702,91.7323
2023-01-22T19:00,8.5,86,870.1,Cherrapunji_Wet,25.2702,91.7323
2023-01-22T20:00,8,84,870.3,Cherrapunji_Wet,25.2702,91.7323
2023-01-22T21:00,7.7,79,870.3,Cherrapunji_Wet,25.2702,91.7323
2023-01-22T22:00,7.7,72,870.2,Cherrapunji_Wet,25.2702,91.7323
2023-01-22T23:00,7,71,869.5,Cherrapunji_Wet,25.2702,91.7323
2023-01-23T00:00,6.2,73,868.9,Cherrapunji_Wet,25.2702,91.7323
2023-01-23T01:00,5.6,75,868.2,Cherrapunji_Wet,25.2702,91.7323
2023-01-23T02:00,5.4,75,867.8,Cherrapunji_Wet,25.2702,91.7323
2023-01-23T03:00,5.4,73,867.4,Cherrapunji_Wet,25.2702,91.7323
2023-01-23T04:00,5.5,71,867.5,Cherrapunji_Wet,25.2702,91.7323
2023-01-23T05:00,5.2,80,868.1,Cherrapunji_Wet,25.2702,91.7323
2023-01-23T06:00,6,76,869,Cherrapunji_Wet,25.2702,91.7323
2023-01-23T07:00,10.1,64,871.7,Cherrapunji_Wet,25.2702,91.7323
2023-01-23T08:00,13.1,56,873.5,Cherrapunji_Wet,25.2702,91.7323
2023-01-23T09:00,14.7,55,874.2,Cherrapunji_Wet,25.2702,91.7323
2023-01-23T10:00,16.2,52,874,Cherrapunji_Wet,25.2702,91.7323
2023-01-23T11:00,16.9,51,873.2,Cherrapunji_Wet,25.2702,91.7323
2023-01-23T12:00,17.3,51,872.3,Cherrapunji_Wet,25.2702,91.7323
2023-01-23T13:00,17.2,53,871.6,Cherrapunji_Wet,25.2702,91.7323
2023-01-23T14:00,16.4,58,871.1,Cherrapunji_Wet,25.2702,91.7323
2023-01-23T15:00,15.3,64,870.8,Cherrapunji_Wet,25.2702,91.7323
2023-01-23T16:00,13,75,870.5,Cherrapunji_Wet,25.2702,91.7323
2023-01-23T17:00,10.9,86,869.7,Cherrapunji_Wet,25.2702,91.7323
2023-01-23T18:00,9.9,90,869.7,Cherrapunji_Wet,25.2702,91.7323
2023-01-23T19:00,10.3,85,870.4,Cherrapunji_Wet,25.2702,91.7323
2023-01-23T20:00,10,84,870.6,Cherrapunji_Wet,25.2702,91.7323
2023-01-23T21:00,9.1,84,870.6,Cherrapunji_Wet,25.2702,91.7323
2023-01-23T22:00,8.5,84,870.4,Cherrapunji_Wet,25.2702,91.7323
2023-01-23T23:00,8.3,84,870.3,Cherrapunji_Wet,25.2702,91.7323
2023-01-24T00:00,8,85,870,Cherrapunji_Wet,25.2702,91.7323
2023-01-24T01:00,7.3,87,869.4,Cherrapunji_Wet,25.2702,91.7323
2023-01-24T02:00,6.8,88,868.8,Cherrapunji_Wet,25.2702,91.7323
2023-01-24T03:00,6.6,86,868.5,Cherrapunji_Wet,25.2702,91.7323
2023-01-24T04:00,6.4,84,868.5,Cherrapunji_Wet,25.2702,91.7323
2023-01-24T05:00,6,83,869.1,Cherrapunji_Wet,25.2702,91.7323
2023-01-24T06:00,6.9,75,870.1,Cherrapunji_Wet,25.2702,91.7323
2023-01-24T07:00,10.4,65,872.4,Cherrapunji_Wet,25.2702,91.7323
2023-01-24T08:00,14.2,51,874.9,Cherrapunji_Wet,25.2702,91.7323
2023-01-24T09:00,16.1,46,875.6,Cherrapunji_Wet,25.2702,91.7323
2023-01-24T10:00,17.2,47,875.3,Cherrapunji_Wet,25.2702,91.7323
2023-01-24T11:00,17.7,50,874.5,Cherrapunji_Wet,25.2702,91.7323
2023-01-24T12:00,17.8,51,873.8,Cherrapunji_Wet,25.2702,91.7323
2023-01-24T13:00,17.7,52,873,Cherrapunji_Wet,25.2702,91.7323
2023-01-24T14:00,17.2,53,872.1,Cherrapunji_Wet,25.2702,91.7323
2023-01-24T15:00,16.3,56,871.9,Cherrapunji_Wet,25.2702,91.7323
2023-01-24T16:00,14.6,64,871.5,Cherrapunji_Wet,25.2702,91.7323
2023-01-24T17:00,12,77,870.6,Cherrapunji_Wet,25.2702,91.7323
2023-01-24T18:00,10.9,83,870.5,Cherrapunji_Wet,25.2702,91.7323
2023-01-24T19:00,10.5,86,870.9,Cherrapunji_Wet,25.2702,91.7323
2023-01-24T20:00,10.1,85,871.2,Cherrapunji_Wet,25.2702,91.7323
2023-01-24T21:00,9.9,83,871.3,Cherrapunji_Wet,25.2702,91.7323
2023-01-24T22:00,9.4,82,871,Cherrapunji_Wet,25.2702,91.7323
2023-01-24T23:00,8.7,82,870.4,Cherrapunji_Wet,25.2702,91.7323
2023-01-25T00:00,8.3,83,869.8,Cherrapunji_Wet,25.2702,91.7323
2023-01-25T01:00,7.9,84,869.4,Cherrapunji_Wet,25.2702,91.7323
2023-01-25T02:00,7.9,84,869.1,Cherrapunji_Wet,25.2702,91.7323
2023-01-25T03:00,7.8,85,868.7,Cherrapunji_Wet,25.2702,91.7323
2023-01-25T04:00,7.5,85,868.8,Cherrapunji_Wet,25.2702,91.7323
2023-01-25T05:00,9.9,78,870.5,Cherrapunji_Wet,25.2702,91.7323
2023-01-25T06:00,7.7,86,869.9,Cherrapunji_Wet,25.2702,91.7323
2023-01-25T07:00,12.2,70,872.7,Cherrapunji_Wet,25.2702,91.7323
2023-01-25T08:00,14.8,60,874.5,Cherrapunji_Wet,25.2702,91.7323
2023-01-25T09:00,16.6,55,875.1,Cherrapunji_Wet,25.2702,91.7323
2023-01-25T10:00,17.8,53,874.7,Cherrapunji_Wet,25.2702,91.7323
2023-01-25T11:00,18.3,54,873.9,Cherrapunji_Wet,25.2702,91.7323
2023-01-25T12:00,18.2,58,872.9,Cherrapunji_Wet,25.2702,91.7323
2023-01-25T13:00,17.6,61,872,Cherrapunji_Wet,25.2702,91.7323
2023-01-25T14:00,17.1,63,871.6,Cherrapunji_Wet,25.2702,91.7323
2023-01-25T15:00,16.1,68,871,Cherrapunji_Wet,25.2702,91.7323
2023-01-25T16:00,14.5,76,870.7,Cherrapunji_Wet,25.2702,91.7323
2023-01-25T17:00,12.4,85,870.2,Cherrapunji_Wet,25.2702,91.7323
2023-01-25T18:00,11.1,91,869.9,Cherrapunji_Wet,25.2702,91.7323
2023-01-25T19:00,10.8,90,870.2,Cherrapunji_Wet,25.2702,91.7323
2023-01-25T20:00,10.3,89,870.3,Cherrapunji_Wet,25.2702,91.7323
2023-01-25T21:00,9.9,87,870.3,Cherrapunji_Wet,25.2702,91.7323
2023-01-25T22:00,10.1,83,870.7,Cherrapunji_Wet,25.2702,91.7323
2023-01-25T23:00,9.3,85,870.2,Cherrapunji_Wet,25.2702,91.7323
2023-01-26T00:00,8.7,86,869.6,Cherrapunji_Wet,25.2702,91.7323
2023-01-26T01:00,8.6,85,868.9,Cherrapunji_Wet,25.2702,91.7323
2023-01-26T02:00,8.3,84,868.5,Cherrapunji_Wet,25.2702,91.7323
2023-01-26T03:00,8.2,80,868.1,Cherrapunji_Wet,25.2702,91.7323
2023-01-26T04:00,8,76,868,Cherrapunji_Wet,25.2702,91.7323
2023-01-26T05:00,7,86,868.3,Cherrapunji_Wet,25.2702,91.7323
2023-01-26T06:00,8,79,869.1,Cherrapunji_Wet,25.2702,91.7323
2023-01-26T07:00,11.9,69,871.9,Cherrapunji_Wet,25.2702,91.7323
2023-01-26T08:00,15.3,55,873.8,Cherrapunji_Wet,25.2702,91.7323
2023-01-26T09:00,16.9,55,874.7,Cherrapunji_Wet,25.2702,91.7323
2023-01-26T10:00,17.9,56,874.5,Cherrapunji_Wet,25.2702,91.7323
2023-01-26T11:00,18.5,58,873.6,Cherrapunji_Wet,25.2702,91.7323
2023-01-26T12:00,18.3,62,872.8,Cherrapunji_Wet,25.2702,91.7323
2023-01-26T13:00,18,64,872.2,Cherrapunji_Wet,25.2702,91.7323
2023-01-26T14:00,17.8,65,871.6,Cherrapunji_Wet,25.2702,91.7323
2023-01-26T15:00,16.9,69,871.4,Cherrapunji_Wet,25.2702,91.7323
2023-01-26T16:00,15,78,870.9,Cherrapunji_Wet,25.2702,91.7323
2023-01-26T17:00,13.3,87,870.4,Cherrapunji_Wet,25.2702,91.7323
2023-01-26T18:00,12.1,90,870.3,Cherrapunji_Wet,25.2702,91.7323
2023-01-26T19:00,12.9,84,871.1,Cherrapunji_Wet,25.2702,91.7323
2023-01-26T20:00,12.6,81,871.3,Cherrapunji_Wet,25.2702,91.7323
2023-01-26T21:00,12.4,78,871.1,Cherrapunji_Wet,25.2702,91.7323
2023-01-26T22:00,12.5,75,871,Cherrapunji_Wet,25.2702,91.7323
2023-01-26T23:00,10.3,82,869.6,Cherrapunji_Wet,25.2702,91.7323
2023-01-27T00:00,9.3,85,868.9,Cherrapunji_Wet,25.2702,91.7323
2023-01-27T01:00,9.1,83,868.8,Cherrapunji_Wet,25.2702,91.7323
2023-01-27T02:00,8.7,83,868.4,Cherrapunji_Wet,25.2702,91.7323
2023-01-27T03:00,8.5,83,868.5,Cherrapunji_Wet,25.2702,91.7323
2023-01-27T04:00,7.7,86,868.3,Cherrapunji_Wet,25.2702,91.7323
2023-01-27T05:00,8.8,88,869.9,Cherrapunji_Wet,25.2702,91.7323
2023-01-27T06:00,8,91,869.9,Cherrapunji_Wet,25.2702,91.7323
2023-01-27T07:00,12.2,78,872.7,Cherrapunji_Wet,25.2702,91.7323
2023-01-27T08:00,15.1,65,874.2,Cherrapunji_Wet,25.2702,91.7323
2023-01-27T09:00,17.1,60,874.8,Cherrapunji_Wet,25.2702,91.7323
2023-01-27T10:00,18.3,60,874.4,Cherrapunji_Wet,25.2702,91.7323
2023-01-27T11:00,18.8,61,873.3,Cherrapunji_Wet,25.2702,91.7323
2023-01-27T12:00,18.7,63,872.3,Cherrapunji_Wet,25.2702,91.7323
2023-01-27T13:00,18.4,65,871.6,Cherrapunji_Wet,25.2702,91.7323
2023-01-27T14:00,17.7,70,871.1,Cherrapunji_Wet,25.2702,91.7323
2023-01-27T15:00,16.7,75,870.7,Cherrapunji_Wet,25.2702,91.7323
2023-01-27T16:00,15,84,870.2,Cherrapunji_Wet,25.2702,91.7323
2023-01-27T17:00,13.4,93,870.2,Cherrapunji_Wet,25.2702,91.7323
2023-01-27T18:00,12.6,95,870.3,Cherrapunji_Wet,25.2702,91.7323
2023-01-27T19:00,11.8,94,870.5,Cherrapunji_Wet,25.2702,91.7323
2023-01-27T20:00,11.3,90,870.5,Cherrapunji_Wet,25.2702,91.7323
2023-01-27T21:00,10.8,88,870.1,Cherrapunji_Wet,25.2702,91.7323
2023-01-27T22:00,10.5,87,869.7,Cherrapunji_Wet,25.2702,91.7323
2023-01-27T23:00,10.1,84,869,Cherrapunji_Wet,25.2702,91.7323
2023-01-28T00:00,9.8,76,868.8,Cherrapunji_Wet,25.2702,91.7323
2023-01-28T01:00,9.4,72,868.4,Cherrapunji_Wet,25.2702,91.7323
2023-01-28T02:00,8.8,72,867.9,Cherrapunji_Wet,25.2702,91.7323
2023-01-28T03:00,9.4,70,868.3,Cherrapunji_Wet,25.2702,91.7323
2023-01-28T04:00,10.5,66,869.1,Cherrapunji_Wet,25.2702,91.7323
2023-01-28T05:00,12.8,80,871.1,Cherrapunji_Wet,25.2702,91.7323
2023-01-28T06:00,9.3,91,869.7,Cherrapunji_Wet,25.2702,91.7323
2023-01-28T07:00,13.4,79,872.4,Cherrapunji_Wet,25.2702,91.7323
2023-01-28T08:00,15.5,71,873.7,Cherrapunji_Wet,25.2702,91.7323
2023-01-28T09:00,17.1,65,874.4,Cherrapunji_Wet,25.2702,91.7323
2023-01-28T10:00,18.1,64,874.1,Cherrapunji_Wet,25.2702,91.7323
2023-01-28T11:00,18.8,62,873.3,Cherrapunji_Wet,25.2702,91.7323
2023-01-28T12:00,19.1,60,872.5,Cherrapunji_Wet,25.2702,91.7323
2023-01-28T13:00,19,62,871.8,Cherrapunji_Wet,25.2702,91.7323
2023-01-28T14:00,18.4,65,871.3,Cherrapunji_Wet,25.2702,91.7323
2023-01-28T15:00,17,75,870.9,Cherrapunji_Wet,25.2702,91.7323
2023-01-28T16:00,15.3,85,870.3,Cherrapunji_Wet,25.2702,91.7323
2023-01-28T17:00,14,95,870,Cherrapunji_Wet,25.2702,91.7323
2023-01-28T18:00,14.1,94,870.9,Cherrapunji_Wet,25.2702,91.7323
2023-01-28T19:00,14.1,93,871.6,Cherrapunji_Wet,25.2702,91.7323
2023-01-28T20:00,12.3,95,870.8,Cherrapunji_Wet,25.2702,91.7323
2023-01-28T21:00,11.1,92,870.1,Cherrapunji_Wet,25.2702,91.7323
2023-01-28T22:00,10.6,91,870,Cherrapunji_Wet,25.2702,91.7323
2023-01-28T23:00,10.5,90,869.7,Cherrapunji_Wet,25.2702,91.7323
2023-01-29T00:00,9.6,93,868.9,Cherrapunji_Wet,25.2702,91.7323
2023-01-29T01:00,9.1,93,868.5,Cherrapunji_Wet,25.2702,91.7323
2023-01-29T02:00,9.2,92,868.4,Cherrapunji_Wet,25.2702,91.7323
2023-01-29T03:00,9.3,90,868.5,Cherrapunji_Wet,25.2702,91.7323
2023-01-29T04:00,9.3,89,868.7,Cherrapunji_Wet,25.2702,91.7323
2023-01-29T05:00,8.3,87,868.9,Cherrapunji_Wet,25.2702,91.7323
2023-01-29T06:00,8.9,77,869.6,Cherrapunji_Wet,25.2702,91.7323
2023-01-29T07:00,13.3,60,872.3,Cherrapunji_Wet,25.2702,91.7323
2023-01-29T08:00,16.5,51,874.3,Cherrapunji_Wet,25.2702,91.7323
2023-01-29T09:00,18.3,48,875.2,Cherrapunji_Wet,25.2702,91.7323
2023-01-29T10:00,19.4,46,874.8,Cherrapunji_Wet,25.2702,91.7323
2023-01-29T11:00,19.8,50,874.1,Cherrapunji_Wet,25.2702,91.7323
2023-01-29T12:00,19.8,54,873.2,Cherrapunji_Wet,25.2702,91.7323
2023-01-29T13:00,19.5,58,872.4,Cherrapunji_Wet,25.2702,91.7323
2023-01-29T14:00,19.1,60,872.1,Cherrapunji_Wet,25.2702,91.7323
2023-01-29T15:00,18.1,64,872,Cherrapunji_Wet,25.2702,91.7323
2023-01-29T16:00,16.7,70,871.9,Cherrapunji_Wet,25.2702,91.7323
2023-01-29T17:00,14.8,83,871.1,Cherrapunji_Wet,25.2702,91.7323
2023-01-29T18:00,13.5,88,871.1,Cherrapunji_Wet,25.2702,91.7323
2023-01-29T19:00,12.9,86,871.7,Cherrapunji_Wet,25.2702,91.7323
2023-01-29T20:00,12.2,86,872,Cherrapunji_Wet,25.2702,91.7323
2023-01-29T21:00,11.7,82,872.2,Cherrapunji_Wet,25.2702,91.7323
2023-01-29T22:00,11.3,81,872,Cherrapunji_Wet,25.2702,91.7323
2023-01-29T23:00,10.6,81,871.8,Cherrapunji_Wet,25.2702,91.7323
2023-01-30T00:00,11.4,74,872.1,Cherrapunji_Wet,25.2702,91.7323
2023-01-30T01:00,11.4,72,872,Cherrapunji_Wet,25.2702,91.7323
2023-01-30T02:00,9.7,71,870.7,Cherrapunji_Wet,25.2702,91.7323
2023-01-30T03:00,8.7,60,869.9,Cherrapunji_Wet,25.2702,91.7323
2023-01-30T04:00,8.8,53,869.9,Cherrapunji_Wet,25.2702,91.7323
2023-01-30T05:00,11.1,50,871.7,Cherrapunji_Wet,25.2702,91.7323
2023-01-30T06:00,12.1,51,872.6,Cherrapunji_Wet,25.2702,91.7323
2023-01-30T07:00,15.3,54,874.9,Cherrapunji_Wet,25.2702,91.7323
2023-01-30T08:00,18.4,37,877,Cherrapunji_Wet,25.2702,91.7323
2023-01-30T09:00,19.9,30,877.6,Cherrapunji_Wet,25.2702,91.7323
2023-01-30T10:00,21.1,26,877.2,Cherrapunji_Wet,25.2702,91.7323
2023-01-30T11:00,21.6,27,876.2,Cherrapunji_Wet,25.2702,91.7323
2023-01-30T12:00,21.7,30,875.2,Cherrapunji_Wet,25.2702,91.7323
2023-01-30T13:00,21.3,38,874.2,Cherrapunji_Wet,25.2702,91.7323
2023-01-30T14:00,20.3,45,873.6,Cherrapunji_Wet,25.2702,91.7323
2023-01-30T15:00,19.1,49,873.2,Cherrapunji_Wet,25.2702,91.7323
2023-01-30T16:00,17.1,63,872.5,Cherrapunji_Wet,25.2702,91.7323
2023-01-30T17:00,15.5,62,872.2,Cherrapunji_Wet,25.2702,91.7323
2023-01-30T18:00,13.1,72,871.1,Cherrapunji_Wet,25.2702,91.7323
2023-01-30T19:00,12.3,72,871.3,Cherrapunji_Wet,25.2702,91.7323
2023-01-30T20:00,11.8,72,871.4,Cherrapunji_Wet,25.2702,91.7323
2023-01-30T21:00,11.3,74,871.5,Cherrapunji_Wet,25.2702,91.7323
2023-01-30T22:00,10.5,78,871,Cherrapunji_Wet,25.2702,91.7323
2023-01-30T23:00,10.2,80,870.4,Cherrapunji_Wet,25.2702,91.7323
2023-01-31T00:00,9.5,80,869.7,Cherrapunji_Wet,25.2702,91.7323
2023-01-31T01:00,10,70,869.6,Cherrapunji_Wet,25.2702,91.7323
2023-01-31T02:00,10.3,55,869.3,Cherrapunji_Wet,25.2702,91.7323
2023-01-31T03:00,9.2,49,868.4,Cherrapunji_Wet,25.2702,91.7323
2023-01-31T04:00,8.7,43,868,Cherrapunji_Wet,25.2702,91.7323
2023-01-31T05:00,10.6,36,869.5,Cherrapunji_Wet,25.2702,91.7323
2023-01-31T06:00,9.2,48,869.3,Cherrapunji_Wet,25.2702,91.7323
2023-01-31T07:00,14.3,36,872.4,Cherrapunji_Wet,25.2702,91.7323
2023-01-31T08:00,17.6,32,874.4,Cherrapunji_Wet,25.2702,91.7323
2023-01-31T09:00,19.2,31,874.8,Cherrapunji_Wet,25.2702,91.7323
2023-01-31T10:00,19.9,34,874.7,Cherrapunji_Wet,25.2702,91.7323
2023-01-31T11:00,20.9,36,874,Cherrapunji_Wet,25.2702,91.7323
2023-01-31T12:00,20.5,43,872.7,Cherrapunji_Wet,25.2702,91.7323
2023-01-31T13:00,20.2,48,871.9,Cherrapunji_Wet,25.2702,91.7323
2023-01-31T14:00,19.4,53,871.1,Cherrapunji_Wet,25.2702,91.7323
2023-01-31T15:00,18.8,57,870.7,Cherrapunji_Wet,25.2702,91.7323
2023-01-31T16:00,16.9,65,870.1,Cherrapunji_Wet,25.2702,91.7323
2023-01-31T17:00,15,76,869.8,Cherrapunji_Wet,25.2702,91.7323
2023-01-31T18:00,14.7,79,870.1,Cherrapunji_Wet,25.2702,91.7323
2023-01-31T19:00,14.5,79,870.6,Cherrapunji_Wet,25.2702,91.7323
2023-01-31T20:00,14.3,79,870.9,Cherrapunji_Wet,25.2702,91.7323
2023-01-31T21:00,14.2,80,871.2,Cherrapunji_Wet,25.2702,91.7323
2023-01-31T22:00,14.1,80,871.1,Cherrapunji_Wet,25.2702,91.7323
2023-01-31T23:00,14,78,870.9,Cherrapunji_Wet,25.2702,91.7323
2023-02-01T00:00,13.6,79,870.6,Cherrapunji_Wet,25.2702,91.7323
2023-02-01T01:00,13.3,76,870,Cherrapunji_Wet,25.2702,91.7323
2023-02-01T02:00,12.6,78,869.2,Cherrapunji_Wet,25.2702,91.7323
2023-02-01T03:00,15.3,65,870.1,Cherrapunji_Wet,25.2702,91.7323
2023-02-01T04:00,15.1,68,870.4,Cherrapunji_Wet,25.2702,91.7323
2023-02-01T05:00,14.6,75,870.9,Cherrapunji_Wet,25.2702,91.7323
2023-02-01T06:00,13.4,82,870.9,Cherrapunji_Wet,25.2702,91.7323
2023-02-01T07:00,14.5,78,872,Cherrapunji_Wet,25.2702,91.7323
2023-02-01T08:00,16,70,873.4,Cherrapunji_Wet,25.2702,91.7323
2023-02-01T09:00,16.5,65,873.5,Cherrapunji_Wet,25.2702,91.7323
2023-02-01T10:00,17.1,64,873.2,Cherrapunji_Wet,25.2702,91.7323
2023-02-01T11:00,19.5,58,873.3,Cherrapunji_Wet,25.2702,91.7323
2023-02-01T12:00,19.9,57,872.4,Cherrapunji_Wet,25.2702,91.7323
2023-02-01T13:00,19.5,59,871.4,Cherrapunji_Wet,25.2702,91.7323
2023-02-01T14:00,17.9,68,870.9,Cherrapunji_Wet,25.2702,91.7323
2023-02-01T15:00,17.1,73,870.4,Cherrapunji_Wet,25.2702,91.7323
2023-02-01T16:00,16.1,78,870.4,Cherrapunji_Wet,25.2702,91.7323
2023-02-01T17:00,13.9,90,869.9,Cherrapunji_Wet,25.2702,91.7323
2023-02-01T18:00,12.6,93,869.5,Cherrapunji_Wet,25.2702,91.7323
2023-02-01T19:00,12.9,85,870.1,Cherrapunji_Wet,25.2702,91.7323
2023-02-01T20:00,11.6,86,870,Cherrapunji_Wet,25.2702,91.7323
2023-02-01T21:00,11.5,87,870.3,Cherrapunji_Wet,25.2702,91.7323
2023-02-01T22:00,10.7,85,869.7,Cherrapunji_Wet,25.2702,91.7323
2023-02-01T23:00,10.1,77,869.2,Cherrapunji_Wet,25.2702,91.7323
2023-02-02T00:00,9.9,72,868.9,Cherrapunji_Wet,25.2702,91.7323
2023-02-02T01:00,9.5,69,868.5,Cherrapunji_Wet,25.2702,91.7323
2023-02-02T02:00,8.8,70,867.5,Cherrapunji_Wet,25.2702,91.7323
2023-02-02T03:00,10.7,63,868.6,Cherrapunji_Wet,25.2702,91.7323
2023-02-02T04:00,14.3,51,870.4,Cherrapunji_Wet,25.2702,91.7323
2023-02-02T05:00,11.2,54,869.6,Cherrapunji_Wet,25.2702,91.7323
2023-02-02T06:00,8.5,65,869.1,Cherrapunji_Wet,25.2702,91.7323
2023-02-02T07:00,13.8,50,872,Cherrapunji_Wet,25.2702,91.7323
2023-02-02T08:00,16.7,34,874,Cherrapunji_Wet,25.2702,91.7323
2023-02-02T09:00,18,31,874.7,Cherrapunji_Wet,25.2702,91.7323
2023-02-02T10:00,18.5,37,874.5,Cherrapunji_Wet,25.2702,91.7323
2023-02-02T11:00,19,39,874.1,Cherrapunji_Wet,25.2702,91.7323
2023-02-02T12:00,19.3,45,873.1,Cherrapunji_Wet,25.2702,91.7323
2023-02-02T13:00,18.8,56,872.1,Cherrapunji_Wet,25.2702,91.7323
2023-02-02T14:00,18.2,61,871.5,Cherrapunji_Wet,25.2702,91.7323
2023-02-02T15:00,17.4,64,871.1,Cherrapunji_Wet,25.2702,91.7323
2023-02-02T16:00,16,70,870.7,Cherrapunji_Wet,25.2702,91.7323
2023-02-02T17:00,14.4,80,870.4,Cherrapunji_Wet,25.2702,91.7323
2023-02-02T18:00,12.3,89,869.9,Cherrapunji_Wet,25.2702,91.7323
2023-02-02T19:00,11.9,87,870.5,Cherrapunji_Wet,25.2702,91.7323
2023-02-02T20:00,11.3,87,870.7,Cherrapunji_Wet,25.2702,91.7323
2023-02-02T21:00,11.2,87,870.9,Cherrapunji_Wet,25.2702,91.7323
2023-02-02T22:00,10.7,88,870.6,Cherrapunji_Wet,25.2702,91.7323
2023-02-02T23:00,10,88,869.9,Cherrapunji_Wet,25.2702,91.7323
2023-02-03T00:00,9.8,86,869.7,Cherrapunji_Wet,25.2702,91.7323
2023-02-03T01:00,9.2,86,869,Cherrapunji_Wet,25.2702,91.7323
2023-02-03T02:00,8.8,85,868.1,Cherrapunji_Wet,25.2702,91.7323
2023-02-03T03:00,8.5,83,867.7,Cherrapunji_Wet,25.2702,91.7323
2023-02-03T04:00,8.1,80,867.7,Cherrapunji_Wet,25.2702,91.7323
2023-02-03T05:00,8.7,71,868.8,Cherrapunji_Wet,25.2702,91.7323
2023-02-03T06:00,9.5,62,869.4,Cherrapunji_Wet,25.2702,91.7323
2023-02-03T07:00,13.7,50,871.8,Cherrapunji_Wet,25.2702,91.7323
2023-02-03T08:00,17.2,37,873.7,Cherrapunji_Wet,25.2702,91.7323
2023-02-03T09:00,18.8,28,874.3,Cherrapunji_Wet,25.2702,91.7323
2023-02-03T10:00,19.9,28,874.1,Cherrapunji_Wet,25.2702,91.7323
2023-02-03T11:00,19.9,37,873.3,Cherrapunji_Wet,25.2702,91.7323
2023-02-03T12:00,19.6,45,872.2,Cherrapunji_Wet,25.2702,91.7323
2023-02-03T13:00,19.3,47,871.2,Cherrapunji_Wet,25.2702,91.7323
2023-02-03T14:00,18.8,49,870.5,Cherrapunji_Wet,25.2702,91.7323
2023-02-03T15:00,17.8,53,869.9,Cherrapunji_Wet,25.2702,91.7323
2023-02-03T16:00,16.2,61,869.7,Cherrapunji_Wet,25.2702,91.7323
2023-02-03T17:00,14.6,69,869.5,Cherrapunji_Wet,25.2702,91.7323
2023-02-03T18:00,11.9,83,868.4,Cherrapunji_Wet,25.2702,91.7323
2023-02-03T19:00,11.2,85,868.8,Cherrapunji_Wet,25.2702,91.7323
2023-02-03T20:00,11,83,869.3,Cherrapunji_Wet,25.2702,91.7323
2023-02-03T21:00,10.2,86,869.2,Cherrapunji_Wet,25.2702,91.7323
2023-02-03T22:00,10.4,85,869.5,Cherrapunji_Wet,25.2702,91.7323
2023-02-03T23:00,9.9,88,868.8,Cherrapunji_Wet,25.2702,91.7323
2023-02-04T00:00,9.5,93,868.4,Cherrapunji_Wet,25.2702,91.7323
2023-02-04T01:00,9.3,94,867.7,Cherrapunji_Wet,25.2702,91.7323
2023-02-04T02:00,8.7,90,867,Cherrapunji_Wet,25.2702,91.7323
2023-02-04T03:00,8.9,79,866.8,Cherrapunji_Wet,25.2702,91.7323
2023-02-04T04:00,8.6,74,866.6,Cherrapunji_Wet,25.2702,91.7323
2023-02-04T05:00,7.5,76,866.6,Cherrapunji_Wet,25.2702,91.7323
2023-02-04T06:00,8.7,61,867.5,Cherrapunji_Wet,25.2702,91.7323
2023-02-04T07:00,13,48,870.4,Cherrapunji_Wet,25.2702,91.7323
2023-02-04T08:00,15.7,45,872.1,Cherrapunji_Wet,25.2702,91.7323
2023-02-04T09:00,17.1,42,872.7,Cherrapunji_Wet,25.2702,91.7323
2023-02-04T10:00,17.9,44,872.5,Cherrapunji_Wet,25.2702,91.7323
2023-02-04T11:00,18.3,47,871.6,Cherrapunji_Wet,25.2702,91.7323
2023-02-04T12:00,18.3,50,870.5,Cherrapunji_Wet,25.2702,91.7323
2023-02-04T13:00,18.1,54,869.5,Cherrapunji_Wet,25.2702,91.7323
2023-02-04T14:00,17.7,58,868.8,Cherrapunji_Wet,25.2702,91.7323
2023-02-04T15:00,16.6,64,868.1,Cherrapunji_Wet,25.2702,91.7323
2023-02-04T16:00,14.9,73,867.7,Cherrapunji_Wet,25.2702,91.7323
2023-02-04T17:00,13.1,82,867.6,Cherrapunji_Wet,25.2702,91.7323
2023-02-04T18:00,11.3,93,867.2,Cherrapunji_Wet,25.2702,91.7323
2023-02-04T19:00,10.7,93,867.5,Cherrapunji_Wet,25.2702,91.7323
2023-02-04T20:00,10,92,868,Cherrapunji_Wet,25.2702,91.7323
2023-02-04T21:00,9.6,92,868.1,Cherrapunji_Wet,25.2702,91.7323
2023-02-04T22:00,9.7,92,868.2,Cherrapunji_Wet,25.2702,91.7323
2023-02-04T23:00,9.5,92,868,Cherrapunji_Wet,25.2702,91.7323
2023-02-05T00:00,8.9,93,867.4,Cherrapunji_Wet,25.2702,91.7323
2023-02-05T01:00,8.5,93,866.7,Cherrapunji_Wet,25.2702,91.7323
2023-02-05T02:00,8.2,94,866.1,Cherrapunji_Wet,25.2702,91.7323
2023-02-05T03:00,8.1,94,865.9,Cherrapunji_Wet,25.2702,91.7323
2023-02-05T04:00,7.7,95,866,Cherrapunji_Wet,25.2702,91.7323
2023-02-05T05:00,8.5,95,867,Cherrapunji_Wet,25.2702,91.7323
2023-02-05T06:00,8.3,96,867.5,Cherrapunji_Wet,25.2702,91.7323
2023-02-05T07:00,11.1,87,869.4,Cherrapunji_Wet,25.2702,91.7323
2023-02-05T08:00,14,74,871.1,Cherrapunji_Wet,25.2702,91.7323
2023-02-05T09:00,15.4,68,871.7,Cherrapunji_Wet,25.2702,91.7323
2023-02-05T10:00,16.4,62,871.7,Cherrapunji_Wet,25.2702,91.7323
2023-02-05T11:00,17.1,60,871.1,Cherrapunji_Wet,25.2702,91.7323
2023-02-05T12:00,17.5,58,870.2,Cherrapunji_Wet,25.2702,91.7323
2023-02-05T13:00,17.1,59,869.2,Cherrapunji_Wet,25.2702,91.7323
2023-02-05T14:00,16.5,62,868.5,Cherrapunji_Wet,25.2702,91.7323
2023-02-05T15:00,15.7,65,868.3,Cherrapunji_Wet,25.2702,91.7323
2023-02-05T16:00,14.2,74,868.2,Cherrapunji_Wet,25.2702,91.7323
2023-02-05T17:00,12.5,85,868.4,Cherrapunji_Wet,25.2702,91.7323
2023-02-05T18:00,11,93,868.2,Cherrapunji_Wet,25.2702,91.7323
2023-02-05T19:00,10,94,868.3,Cherrapunji_Wet,25.2702,91.7323
2023-02-05T20:00,10.1,91,869,Cherrapunji_Wet,25.2702,91.7323
2023-02-05T21:00,10.2,90,869.3,Cherrapunji_Wet,25.2702,91.7323
2023-02-05T22:00,10.4,90,869.4,Cherrapunji_Wet,25.2702,91.7323
2023-02-05T23:00,10.4,90,869,Cherrapunji_Wet,25.2702,91.7323
2023-02-06T00:00,10.1,90,868.6,Cherrapunji_Wet,25.2702,91.7323
2023-02-06T01:00,8.2,95,867.4,Cherrapunji_Wet,25.2702,91.7323
2023-02-06T02:00,8.3,95,867.1,Cherrapunji_Wet,25.2702,91.7323
2023-02-06T03:00,8.1,94,866.7,Cherrapunji_Wet,25.2702,91.7323
2023-02-06T04:00,8.1,93,867,Cherrapunji_Wet,25.2702,91.7323
2023-02-06T05:00,9,95,868.2,Cherrapunji_Wet,25.2702,91.7323
2023-02-06T06:00,9.1,96,868.6,Cherrapunji_Wet,25.2702,91.7323
2023-02-06T07:00,11.1,93,870.3,Cherrapunji_Wet,25.2702,91.7323
2023-02-06T08:00,13.5,79,871.7,Cherrapunji_Wet,25.2702,91.7323
2023-02-06T09:00,15.5,65,872.4,Cherrapunji_Wet,25.2702,91.7323
2023-02-06T10:00,17,56,872.3,Cherrapunji_Wet,25.2702,91.7323
2023-02-06T11:00,17.3,55,871.5,Cherrapunji_Wet,25.2702,91.7323
2023-02-06T12:00,16.6,62,870.3,Cherrapunji_Wet,25.2702,91.7323
2023-02-06T13:00,16.4,64,869.4,Cherrapunji_Wet,25.2702,91.7323
2023-02-06T14:00,15.4,69,868.8,Cherrapunji_Wet,25.2702,91.7323
2023-02-06T15:00,14.3,74,868.3,Cherrapunji_Wet,25.2702,91.7323
2023-02-06T16:00,13.6,79,868.1,Cherrapunji_Wet,25.2702,91.7323
2023-02-06T17:00,12.1,88,868,Cherrapunji_Wet,25.2702,91.7323
2023-02-06T18:00,11.7,91,868.1,Cherrapunji_Wet,25.2702,91.7323
2023-02-06T19:00,10.8,97,868.3,Cherrapunji_Wet,25.2702,91.7323
2023-02-06T20:00,9.6,98,867.7,Cherrapunji_Wet,25.2702,91.7323
2023-02-06T21:00,9,99,867.5,Cherrapunji_Wet,25.2702,91.7323
2023-02-06T22:00,8.1,100,866.8,Cherrapunji_Wet,25.2702,91.7323
2023-02-06T23:00,7.4,99,866.3,Cherrapunji_Wet,25.2702,91.7323
2023-02-07T00:00,7.1,94,865.9,Cherrapunji_Wet,25.2702,91.7323
2023-02-07T01:00,7,93,865.5,Cherrapunji_Wet,25.2702,91.7323
2023-02-07T02:00,6.2,93,864.7,Cherrapunji_Wet,25.2702,91.7323
2023-02-07T03:00,6.1,90,864.2,Cherrapunji_Wet,25.2702,91.7323
2023-02-07T04:00,5.9,89,864.2,Cherrapunji_Wet,25.2702,91.7323
2023-02-07T05:00,8.5,81,866.6,Cherrapunji_Wet,25.2702,91.7323
2023-02-07T06:00,7.7,92,866.8,Cherrapunji_Wet,25.2702,91.7323
2023-02-07T07:00,10.3,90,869.1,Cherrapunji_Wet,25.2702,91.7323
2023-02-07T08:00,11.5,82,870,Cherrapunji_Wet,25.2702,91.7323
2023-02-07T09:00,13,72,871,Cherrapunji_Wet,25.2702,91.7323
2023-02-07T10:00,13.8,69,871,Cherrapunji_Wet,25.2702,91.7323
2023-02-07T11:00,14.8,63,870.7,Cherrapunji_Wet,25.2702,91.7323
2023-02-07T12:00,15.1,57,870.1,Cherrapunji_Wet,25.2702,91.7323
2023-02-07T13:00,15.2,55,869.4,Cherrapunji_Wet,25.2702,91.7323
2023-02-07T14:00,15,54,869,Cherrapunji_Wet,25.2702,91.7323
2023-02-07T15:00,14.5,57,868.4,Cherrapunji_Wet,25.2702,91.7323
2023-02-07T16:00,13,69,868.2,Cherrapunji_Wet,25.2702,91.7323
2023-02-07T17:00,11.5,74,868.2,Cherrapunji_Wet,25.2702,91.7323
2023-02-07T18:00,9.1,88,867.6,Cherrapunji_Wet,25.2702,91.7323
2023-02-07T19:00,8.4,90,867.8,Cherrapunji_Wet,25.2702,91.7323
2023-02-07T20:00,8.1,88,868.1,Cherrapunji_Wet,25.2702,91.7323
2023-02-07T21:00,7.8,88,868.2,Cherrapunji_Wet,25.2702,91.7323
2023-02-07T22:00,7.7,88,868.2,Cherrapunji_Wet,25.2702,91.7323
2023-02-07T23:00,7.7,87,867.8,Cherrapunji_Wet,25.2702,91.7323
2023-02-08T00:00,7.5,87,867.4,Cherrapunji_Wet,25.2702,91.7323
2023-02-08T01:00,7.1,86,866.5,Cherrapunji_Wet,25.2702,91.7323
2023-02-08T02:00,7.6,84,866.4,Cherrapunji_Wet,25.2702,91.7323
2023-02-08T03:00,9.3,78,867,Cherrapunji_Wet,25.2702,91.7323
2023-02-08T04:00,9.7,79,867.8,Cherrapunji_Wet,25.2702,91.7323
2023-02-08T05:00,9.7,82,868.8,Cherrapunji_Wet,25.2702,91.7323
2023-02-08T06:00,8.8,88,869,Cherrapunji_Wet,25.2702,91.7323
2023-02-08T07:00,11.8,77,870.9,Cherrapunji_Wet,25.2702,91.7323
2023-02-08T08:00,13.7,66,872.3,Cherrapunji_Wet,25.2702,91.7323
2023-02-08T09:00,15.2,60,873,Cherrapunji_Wet,25.2702,91.7323
2023-02-08T10:00,16.3,54,872.9,Cherrapunji_Wet,25.2702,91.7323
2023-02-08T11:00,15.4,60,872.2,Cherrapunji_Wet,25.2702,91.7323
2023-02-08T12:00,15.5,66,871.4,Cherrapunji_Wet,25.2702,91.7323
2023-02-08T13:00,15.7,66,870.7,Cherrapunji_Wet,25.2702,91.7323
2023-02-08T14:00,16,63,870.1,Cherrapunji_Wet,25.2702,91.7323
2023-02-08T15:00,15.3,68,869.5,Cherrapunji_Wet,25.2702,91.7323
2023-02-08T16:00,14.3,74,869,Cherrapunji_Wet,25.2702,91.7323
2023-02-08T17:00,11.5,91,868.8,Cherrapunji_Wet,25.2702,91.7323
2023-02-08T18:00,10.9,94,868.9,Cherrapunji_Wet,25.2702,91.7323
2023-02-08T19:00,10.4,93,869.4,Cherrapunji_Wet,25.2702,91.7323
2023-02-08T20:00,10,94,869.6,Cherrapunji_Wet,25.2702,91.7323
2023-02-08T21:00,9.9,94,869.7,Cherrapunji_Wet,25.2702,91.7323
2023-02-08T22:00,9.8,92,869.8,Cherrapunji_Wet,25.2702,91.7323
2023-02-08T23:00,9.1,93,869,Cherrapunji_Wet,25.2702,91.7323
2023-02-09T00:00,8.8,91,868.2,Cherrapunji_Wet,25.2702,91.7323
2023-02-09T01:00,8,87,867.1,Cherrapunji_Wet,25.2702,91.7323
2023-02-09T02:00,7.2,83,866.5,Cherrapunji_Wet,25.2702,91.7323
2023-02-09T03:00,6.7,83,865.9,Cherrapunji_Wet,25.2702,91.7323
2023-02-09T04:00,6.7,83,866,Cherrapunji_Wet,25.2702,91.7323
2023-02-09T05:00,7.2,82,867.2,Cherrapunji_Wet,25.2702,91.7323
2023-02-09T06:00,8,82,868.3,Cherrapunji_Wet,25.2702,91.7323
2023-02-09T07:00,12.9,69,871.4,Cherrapunji_Wet,25.2702,91.7323
2023-02-09T08:00,14.2,75,872.5,Cherrapunji_Wet,25.2702,91.7323
2023-02-09T09:00,15.9,64,873.3,Cherrapunji_Wet,25.2702,91.7323
2023-02-09T10:00,16.9,56,873.2,Cherrapunji_Wet,25.2702,91.7323
2023-02-09T11:00,17.9,50,872.8,Cherrapunji_Wet,25.2702,91.7323
2023-02-09T12:00,17.8,49,872,Cherrapunji_Wet,25.2702,91.7323
2023-02-09T13:00,16.6,57,870.9,Cherrapunji_Wet,25.2702,91.7323
2023-02-09T14:00,16.2,60,870.4,Cherrapunji_Wet,25.2702,91.7323
2023-02-09T15:00,16.2,58,870,Cherrapunji_Wet,25.2702,91.7323
2023-02-09T16:00,15.1,61,869.7,Cherrapunji_Wet,25.2702,91.7323
2023-02-09T17:00,12.8,75,870,Cherrapunji_Wet,25.2702,91.7323
2023-02-09T18:00,11.1,85,869.5,Cherrapunji_Wet,25.2702,91.7323
2023-02-09T19:00,10.2,89,869.8,Cherrapunji_Wet,25.2702,91.7323
2023-02-09T20:00,9.7,89,870,Cherrapunji_Wet,25.2702,91.7323
2023-02-09T21:00,9.2,90,870.1,Cherrapunji_Wet,25.2702,91.7323
2023-02-09T22:00,9.1,90,869.9,Cherrapunji_Wet,25.2702,91.7323
2023-02-09T23:00,8.7,91,869.3,Cherrapunji_Wet,25.2702,91.7323
2023-02-10T00:00,8.5,91,868.9,Cherrapunji_Wet,25.2702,91.7323
2023-02-10T01:00,8.3,91,868.3,Cherrapunji_Wet,25.2702,91.7323
2023-02-10T02:00,8.1,92,867.5,Cherrapunji_Wet,25.2702,91.7323
2023-02-10T03:00,8,91,867,Cherrapunji_Wet,25.2702,91.7323
2023-02-10T04:00,8.9,86,867.4,Cherrapunji_Wet,25.2702,91.7323
2023-02-10T05:00,10.9,86,869.2,Cherrapunji_Wet,25.2702,91.7323
2023-02-10T06:00,9.5,92,869.3,Cherrapunji_Wet,25.2702,91.7323
2023-02-10T07:00,12.8,84,871.6,Cherrapunji_Wet,25.2702,91.7323
2023-02-10T08:00,14.5,73,872.8,Cherrapunji_Wet,25.2702,91.7323
2023-02-10T09:00,15.8,65,873.4,Cherrapunji_Wet,25.2702,91.7323
2023-02-10T10:00,16.6,60,873.4,Cherrapunji_Wet,25.2702,91.7323
2023-02-10T11:00,17.2,55,873,Cherrapunji_Wet,25.2702,91.7323
2023-02-10T12:00,17,56,871.9,Cherrapunji_Wet,25.2702,91.7323
2023-02-10T13:00,17.2,55,871.1,Cherrapunji_Wet,25.2702,91.7323
2023-02-10T14:00,17,54,870.3,Cherrapunji_Wet,25.2702,91.7323
2023-02-10T15:00,16.1,59,869.8,Cherrapunji_Wet,25.2702,91.7323
2023-02-10T16:00,14.2,68,869.5,Cherrapunji_Wet,25.2702,91.7323
2023-02-10T17:00,12,80,869.1,Cherrapunji_Wet,25.2702,91.7323
2023-02-10T18:00,10.6,87,868.8,Cherrapunji_Wet,25.2702,91.7323
2023-02-10T19:00,9.9,91,869,Cherrapunji_Wet,25.2702,91.7323
2023-02-10T20:00,9.4,92,869.2,Cherrapunji_Wet,25.2702,91.7323
2023-02-10T21:00,9.2,92,869.6,Cherrapunji_Wet,25.2702,91.7323
2023-02-10T22:00,8.7,93,869.3,Cherrapunji_Wet,25.2702,91.7323
2023-02-10T23:00,8.3,94,868.8,Cherrapunji_Wet,25.2702,91.7323
2023-02-11T00:00,8.1,95,868.3,Cherrapunji_Wet,25.2702,91.7323
2023-02-11T01:00,8.3,94,867.8,Cherrapunji_Wet,25.2702,91.7323
2023-02-11T02:00,8.1,95,867.5,Cherrapunji_Wet,25.2702,91.7323
2023-02-11T03:00,8.7,94,867.5,Cherrapunji_Wet,25.2702,91.7323
2023-02-11T04:00,9.4,94,867.9,Cherrapunji_Wet,25.2702,91.7323
2023-02-11T05:00,9.6,94,868.8,Cherrapunji_Wet,25.2702,91.7323
2023-02-11T06:00,9.5,94,869.4,Cherrapunji_Wet,25.2702,91.7323
2023-02-11T07:00,12.2,82,871.3,Cherrapunji_Wet,25.2702,91.7323
2023-02-11T08:00,14.1,66,872.5,Cherrapunji_Wet,25.2702,91.7323
2023-02-11T09:00,15.8,54,873.3,Cherrapunji_Wet,25.2702,91.7323
2023-02-11T10:00,17.1,50,873.4,Cherrapunji_Wet,25.2702,91.7323
2023-02-11T11:00,18.4,43,872.9,Cherrapunji_Wet,25.2702,91.7323
2023-02-11T12:00,18.2,45,871.9,Cherrapunji_Wet,25.2702,91.7323
2023-02-11T13:00,17.9,48,871.1,Cherrapunji_Wet,25.2702,91.7323
2023-02-11T14:00,17.1,55,870.5,Cherrapunji_Wet,25.2702,91.7323
2023-02-11T15:00,16,63,869.8,Cherrapunji_Wet,25.2702,91.7323
2023-02-11T16:00,14.7,70,869.6,Cherrapunji_Wet,25.2702,91.7323
2023-02-11T17:00,13.2,79,869.6,Cherrapunji_Wet,25.2702,91.7323
2023-02-11T18:00,11.3,90,869,Cherrapunji_Wet,25.2702,91.7323
2023-02-11T19:00,10.2,94,869.1,Cherrapunji_Wet,25.2702,91.7323
2023-02-11T20:00,9.7,94,869.5,Cherrapunji_Wet,25.2702,91.7323
2023-02-11T21:00,9.3,93,869.5,Cherrapunji_Wet,25.2702,91.7323
2023-02-11T22:00,9.2,91,869.3,Cherrapunji_Wet,25.2702,91.7323
2023-02-11T23:00,9.2,91,869,Cherrapunji_Wet,25.2702,91.7323
2023-02-12T00:00,9.2,90,868.4,Cherrapunji_Wet,25.2702,91.7323
2023-02-12T01:00,9,90,867.7,Cherrapunji_Wet,25.2702,91.7323
2023-02-12T02:00,9.6,89,867.4,Cherrapunji_Wet,25.2702,91.7323
2023-02-12T03:00,9.7,91,867.2,Cherrapunji_Wet,25.2702,91.7323
2023-02-12T04:00,9.8,93,867.1,Cherrapunji_Wet,25.2702,91.7323
2023-02-12T05:00,11,97,868.9,Cherrapunji_Wet,25.2702,91.7323
2023-02-12T06:00,11.1,97,869.4,Cherrapunji_Wet,25.2702,91.7323
2023-02-12T07:00,12.8,94,871,Cherrapunji_Wet,25.2702,91.7323
2023-02-12T08:00,13.8,88,871.8,Cherrapunji_Wet,25.2702,91.7323
2023-02-12T09:00,14.9,82,872.3,Cherrapunji_Wet,25.2702,91.7323
2023-02-12T10:00,16.1,76,872.4,Cherrapunji_Wet,25.2702,91.7323
2023-02-12T11:00,16.4,74,871.8,Cherrapunji_Wet,25.2702,91.7323
2023-02-12T12:00,16.8,73,871.1,Cherrapunji_Wet,25.2702,91.7323
2023-02-12T13:00,16.7,72,870.3,Cherrapunji_Wet,25.2702,91.7323
2023-02-12T14:00,16.6,71,870,Cherrapunji_Wet,25.2702,91.7323
2023-02-12T15:00,15.8,72,869.7,Cherrapunji_Wet,25.2702,91.7323
2023-02-12T16:00,14.6,83,869.5,Cherrapunji_Wet,25.2702,91.7323
2023-02-12T17:00,12.4,94,869.6,Cherrapunji_Wet,25.2702,91.7323
2023-02-12T18:00,12.4,96,869.9,Cherrapunji_Wet,25.2702,91.7323
2023-02-12T19:00,13.1,89,870.3,Cherrapunji_Wet,25.2702,91.7323
2023-02-12T20:00,13.1,86,870.5,Cherrapunji_Wet,25.2702,91.7323
2023-02-12T21:00,13.3,84,870.6,Cherrapunji_Wet,25.2702,91.7323
2023-02-12T22:00,12,89,870,Cherrapunji_Wet,25.2702,91.7323
2023-02-12T23:00,12,91,869.5,Cherrapunji_Wet,25.2702,91.7323
2023-02-13T00:00,11.4,95,868.9,Cherrapunji_Wet,25.2702,91.7323
2023-02-13T01:00,9.7,92,867.4,Cherrapunji_Wet,25.2702,91.7323
2023-02-13T02:00,9.1,87,866.6,Cherrapunji_Wet,25.2702,91.7323
2023-02-13T03:00,8,89,865.9,Cherrapunji_Wet,25.2702,91.7323
2023-02-13T04:00,9.6,85,866.8,Cherrapunji_Wet,25.2702,91.7323
2023-02-13T05:00,10.3,88,868.4,Cherrapunji_Wet,25.2702,91.7323
2023-02-13T06:00,9.5,91,868.4,Cherrapunji_Wet,25.2702,91.7323
2023-02-13T07:00,11.2,84,870,Cherrapunji_Wet,25.2702,91.7323
2023-02-13T08:00,12.9,51,871.2,Cherrapunji_Wet,25.2702,91.7323
2023-02-13T09:00,14.5,39,872.2,Cherrapunji_Wet,25.2702,91.7323
2023-02-13T10:00,15.4,43,872.1,Cherrapunji_Wet,25.2702,91.7323
2023-02-13T11:00,15.7,50,871.5,Cherrapunji_Wet,25.2702,91.7323
2023-02-13T12:00,15.7,48,870.6,Cherrapunji_Wet,25.2702,91.7323
2023-02-13T13:00,15.5,43,869.9,Cherrapunji_Wet,25.2702,91.7323
2023-02-13T14:00,15,40,869.6,Cherrapunji_Wet,25.2702,91.7323
2023-02-13T15:00,14.4,41,869.7,Cherrapunji_Wet,25.2702,91.7323
2023-02-13T16:00,13,46,869.7,Cherrapunji_Wet,25.2702,91.7323
2023-02-13T17:00,11.9,46,870.1,Cherrapunji_Wet,25.2702,91.7323
2023-02-13T18:00,9.3,60,869.4,Cherrapunji_Wet,25.2702,91.7323
2023-02-13T19:00,9.4,56,870.4,Cherrapunji_Wet,25.2702,91.7323
2023-02-13T20:00,8.8,63,870.7,Cherrapunji_Wet,25.2702,91.7323
2023-02-13T21:00,8.8,66,870.8,Cherrapunji_Wet,25.2702,91.7323
2023-02-13T22:00,8.7,70,870.7,Cherrapunji_Wet,25.2702,91.7323
2023-02-13T23:00,8,76,869.8,Cherrapunji_Wet,25.2702,91.7323
2023-02-14T00:00,7.7,76,869.4,Cherrapunji_Wet,25.2702,91.7323
2023-02-14T01:00,7.3,77,868.7,Cherrapunji_Wet,25.2702,91.7323
2023-02-14T02:00,7,78,868.1,Cherrapunji_Wet,25.2702,91.7323
2023-02-14T03:00,6.6,79,867.4,Cherrapunji_Wet,25.2702,91.7323
2023-02-14T04:00,6.4,76,867.4,Cherrapunji_Wet,25.2702,91.7323
2023-02-14T05:00,5.4,73,867.9,Cherrapunji_Wet,25.2702,91.7323
2023-02-14T06:00,7.4,60,869.1,Cherrapunji_Wet,25.2702,91.7323
2023-02-14T07:00,11.8,51,871.7,Cherrapunji_Wet,25.2702,91.7323
2023-02-14T08:00,14.3,44,873.2,Cherrapunji_Wet,25.2702,91.7323
2023-02-14T09:00,15.9,37,873.8,Cherrapunji_Wet,25.2702,91.7323
2023-02-14T10:00,16.9,36,873.6,Cherrapunji_Wet,25.2702,91.7323
2023-02-14T11:00,17.4,38,872.7,Cherrapunji_Wet,25.2702,91.7323
2023-02-14T12:00,17.6,40,871.6,Cherrapunji_Wet,25.2702,91.7323
2023-02-14T13:00,17.6,40,870.5,Cherrapunji_Wet,25.2702,91.7323
2023-02-14T14:00,17.2,39,869.8,Cherrapunji_Wet,25.2702,91.7323
2023-02-14T15:00,16.3,41,869.2,Cherrapunji_Wet,25.2702,91.7323
2023-02-14T16:00,15,45,869,Cherrapunji_Wet,25.2702,91.7323
2023-02-14T17:00,13.3,49,868.6,Cherrapunji_Wet,25.2702,91.7323
2023-02-14T18:00,10.7,66,867.7,Cherrapunji_Wet,25.2702,91.7323
2023-02-14T19:00,10.1,74,868.2,Cherrapunji_Wet,25.2702,91.7323
2023-02-14T20:00,8.9,87,868,Cherrapunji_Wet,25.2702,91.7323
2023-02-14T21:00,8.3,90,867.9,Cherrapunji_Wet,25.2702,91.7323
2023-02-14T22:00,8.1,88,868,Cherrapunji_Wet,25.2702,91.7323
2023-02-14T23:00,7.7,87,867.8,Cherrapunji_Wet,25.2702,91.7323
2023-02-15T00:00,7.3,87,867.3,Cherrapunji_Wet,25.2702,91.7323
2023-02-15T01:00,7.4,87,866.7,Cherrapunji_Wet,25.2702,91.7323
2023-02-15T02:00,7.2,87,866.1,Cherrapunji_Wet,25.2702,91.7323
2023-02-15T03:00,7.1,82,865.5,Cherrapunji_Wet,25.2702,91.7323
2023-02-15T04:00,6.7,72,865.6,Cherrapunji_Wet,25.2702,91.7323
2023-02-15T05:00,7.3,70,866.7,Cherrapunji_Wet,25.2702,91.7323
2023-02-15T06:00,8.2,67,867.6,Cherrapunji_Wet,25.2702,91.7323
2023-02-15T07:00,13.1,53,870.4,Cherrapunji_Wet,25.2702,91.7323
2023-02-15T08:00,15.2,46,871.8,Cherrapunji_Wet,25.2702,91.7323
2023-02-15T09:00,16.6,42,872.4,Cherrapunji_Wet,25.2702,91.7323
2023-02-15T10:00,17.6,39,872.5,Cherrapunji_Wet,25.2702,91.7323
2023-02-15T11:00,18.2,40,872,Cherrapunji_Wet,25.2702,91.7323
2023-02-15T12:00,18.4,39,871.2,Cherrapunji_Wet,25.2702,91.7323
2023-02-15T13:00,18.3,41,870.5,Cherrapunji_Wet,25.2702,91.7323
2023-02-15T14:00,17.8,44,869.9,Cherrapunji_Wet,25.2702,91.7323
2023-02-15T15:00,17,47,869.5,Cherrapunji_Wet,25.2702,91.7323
2023-02-15T16:00,15.5,54,869.4,Cherrapunji_Wet,25.2702,91.7323
2023-02-15T17:00,13.2,64,868.8,Cherrapunji_Wet,25.2702,91.7323
2023-02-15T18:00,11.1,75,868.5,Cherrapunji_Wet,25.2702,91.7323
2023-02-15T19:00,10.4,79,868.8,Cherrapunji_Wet,25.2702,91.7323
2023-02-15T20:00,9.4,88,869,Cherrapunji_Wet,25.2702,91.7323
2023-02-15T21:00,9.2,90,869.4,Cherrapunji_Wet,25.2702,91.7323
2023-02-15T22:00,8.9,89,869.8,Cherrapunji_Wet,25.2702,91.7323
2023-02-15T23:00,8.6,88,869.6,Cherrapunji_Wet,25.2702,91.7323
2023-02-16T00:00,8.4,85,869.1,Cherrapunji_Wet,25.2702,91.7323
2023-02-16T01:00,8.2,76,868.5,Cherrapunji_Wet,25.2702,91.7323
2023-02-16T02:00,8.3,64,867.8,Cherrapunji_Wet,25.2702,91.7323
2023-02-16T03:00,7.8,62,867,Cherrapunji_Wet,25.2702,91.7323
2023-02-16T04:00,7.4,67,866.7,Cherrapunji_Wet,25.2702,91.7323
2023-02-16T05:00,12.5,56,870.2,Cherrapunji_Wet,25.2702,91.7323
2023-02-16T06:00,12.7,55,871,Cherrapunji_Wet,25.2702,91.7323
2023-02-16T07:00,14.9,50,872.7,Cherrapunji_Wet,25.2702,91.7323
2023-02-16T08:00,17,47,874,Cherrapunji_Wet,25.2702,91.7323
2023-02-16T09:00,18.8,37,874.7,Cherrapunji_Wet,25.2702,91.7323
2023-02-16T10:00,19.7,36,874.9,Cherrapunji_Wet,25.2702,91.7323
2023-02-16T11:00,20.3,36,874.5,Cherrapunji_Wet,25.2702,91.7323
2023-02-16T12:00,20.6,34,874,Cherrapunji_Wet,25.2702,91.7323
2023-02-16T13:00,20.6,32,873,Cherrapunji_Wet,25.2702,91.7323
2023-02-16T14:00,20.2,34,872.4,Cherrapunji_Wet,25.2702,91.7323
2023-02-16T15:00,19.3,41,872.1,Cherrapunji_Wet,25.2702,91.7323
2023-02-16T16:00,17.8,52,872,Cherrapunji_Wet,25.2702,91.7323
2023-02-16T17:00,14.8,59,871.1,Cherrapunji_Wet,25.2702,91.7323
2023-02-16T18:00,12.9,66,871.1,Cherrapunji_Wet,25.2702,91.7323
2023-02-16T19:00,15.8,53,873,Cherrapunji_Wet,25.2702,91.7323
2023-02-16T20:00,15.4,56,873.6,Cherrapunji_Wet,25.2702,91.7323
2023-02-16T21:00,14.8,58,874.2,Cherrapunji_Wet,25.2702,91.7323
2023-02-16T22:00,14.1,61,874,Cherrapunji_Wet,25.2702,91.7323
2023-02-16T23:00,14.1,62,873.9,Cherrapunji_Wet,25.2702,91.7323
2023-02-17T00:00,9.8,81,871.6,Cherrapunji_Wet,25.2702,91.7323
2023-02-17T01:00,10.1,78,871.1,Cherrapunji_Wet,25.2702,91.7323
2023-02-17T02:00,10.1,73,870.6,Cherrapunji_Wet,25.2702,91.7323
2023-02-17T03:00,9.6,72,870,Cherrapunji_Wet,25.2702,91.7323
2023-02-17T04:00,9.1,71,869.8,Cherrapunji_Wet,25.2702,91.7323
2023-02-17T05:00,10.7,73,871.4,Cherrapunji_Wet,25.2702,91.7323
2023-02-17T06:00,10.9,78,871.9,Cherrapunji_Wet,25.2702,91.7323
2023-02-17T07:00,15.9,58,875.2,Cherrapunji_Wet,25.2702,91.7323
2023-02-17T08:00,18,51,876.3,Cherrapunji_Wet,25.2702,91.7323
2023-02-17T09:00,19.4,48,876.7,Cherrapunji_Wet,25.2702,91.7323
2023-02-17T10:00,20.1,46,876.8,Cherrapunji_Wet,25.2702,91.7323
2023-02-17T11:00,20.2,47,875.9,Cherrapunji_Wet,25.2702,91.7323
2023-02-17T12:00,20.4,45,875,Cherrapunji_Wet,25.2702,91.7323
2023-02-17T13:00,20.3,45,874.1,Cherrapunji_Wet,25.2702,91.7323
2023-02-17T14:00,19.7,48,873.3,Cherrapunji_Wet,25.2702,91.7323
2023-02-17T15:00,19.4,48,872.8,Cherrapunji_Wet,25.2702,91.7323
2023-02-17T16:00,18.1,52,872.7,Cherrapunji_Wet,25.2702,91.7323
2023-02-17T17:00,16.7,58,872.7,Cherrapunji_Wet,25.2702,91.7323
2023-02-17T18:00,15.6,62,872.9,Cherrapunji_Wet,25.2702,91.7323
2023-02-17T19:00,13.2,72,872.6,Cherrapunji_Wet,25.2702,91.7323
2023-02-17T20:00,11.8,77,872.2,Cherrapunji_Wet,25.2702,91.7323
2023-02-17T21:00,13,67,873,Cherrapunji_Wet,25.2702,91.7323
2023-02-17T22:00,14,62,873.8,Cherrapunji_Wet,25.2702,91.7323
2023-02-17T23:00,11.9,72,872.7,Cherrapunji_Wet,25.2702,91.7323
2023-02-18T00:00,12.7,70,872.9,Cherrapunji_Wet,25.2702,91.7323
2023-02-18T01:00,13.2,69,872.6,Cherrapunji_Wet,25.2702,91.7323
2023-02-18T02:00,12.5,71,871.6,Cherrapunji_Wet,25.2702,91.7323
2023-02-18T03:00,14.4,62,872,Cherrapunji_Wet,25.2702,91.7323
2023-02-18T04:00,15.8,56,872.7,Cherrapunji_Wet,25.2702,91.7323
2023-02-18T05:00,15.6,57,874,Cherrapunji_Wet,25.2702,91.7323
2023-02-18T06:00,15.2,58,874.3,Cherrapunji_Wet,25.2702,91.7323
2023-02-18T07:00,15.9,58,875.2,Cherrapunji_Wet,25.2702,91.7323
2023-02-18T08:00,17.5,50,876.3,Cherrapunji_Wet,25.2702,91.7323
2023-02-18T09:00,18.7,45,877,Cherrapunji_Wet,25.2702,91.7323
2023-02-18T10:00,19.6,41,876.9,Cherrapunji_Wet,25.2702,91.7323
2023-02-18T11:00,20.2,40,876.2,Cherrapunji_Wet,25.2702,91.7323
2023-02-18T12:00,20.6,39,875.3,Cherrapunji_Wet,25.2702,91.7323
2023-02-18T13:00,20.7,39,874.2,Cherrapunji_Wet,25.2702,91.7323
2023-02-18T14:00,20.1,42,873.6,Cherrapunji_Wet,25.2702,91.7323
2023-02-18T15:00,18.9,47,873.2,Cherrapunji_Wet,25.2702,91.7323
2023-02-18T16:00,17.6,52,873.2,Cherrapunji_Wet,25.2702,91.7323
2023-02-18T17:00,15.4,62,872.8,Cherrapunji_Wet,25.2702,91.7323
2023-02-18T18:00,12.7,73,872,Cherrapunji_Wet,25.2702,91.7323
2023-02-18T19:00,12.2,70,872.4,Cherrapunji_Wet,25.2702,91.7323
2023-02-18T20:00,11.7,68,872.6,Cherrapunji_Wet,25.2702,91.7323
2023-02-18T21:00,11.3,71,872.6,Cherrapunji_Wet,25.2702,91.7323
2023-02-18T22:00,10.7,80,872.3,Cherrapunji_Wet,25.2702,91.7323
2023-02-18T23:00,10.2,87,872,Cherrapunji_Wet,25.2702,91.7323
2023-02-19T00:00,10.1,89,871.4,Cherrapunji_Wet,25.2702,91.7323
2023-02-19T01:00,10,88,870.8,Cherrapunji_Wet,25.2702,91.7323
2023-02-19T02:00,9.9,87,870.1,Cherrapunji_Wet,25.2702,91.7323
2023-02-19T03:00,9.6,84,869.8,Cherrapunji_Wet,25.2702,91.7323
2023-02-19T04:00,8.9,83,869.5,Cherrapunji_Wet,25.2702,91.7323
2023-02-19T05:00,13.2,61,872.4,Cherrapunji_Wet,25.2702,91.7323
2023-02-19T06:00,11.5,72,872.3,Cherrapunji_Wet,25.2702,91.7323
2023-02-19T07:00,15.9,54,875,Cherrapunji_Wet,25.2702,91.7323
2023-02-19T08:00,17.9,49,876.1,Cherrapunji_Wet,25.2702,91.7323
2023-02-19T09:00,19.1,50,876.5,Cherrapunji_Wet,25.2702,91.7323
2023-02-19T10:00,20,49,876.3,Cherrapunji_Wet,25.2702,91.7323
2023-02-19T11:00,20.6,46,875.5,Cherrapunji_Wet,25.2702,91.7323
2023-02-19T12:00,20.6,45,874.3,Cherrapunji_Wet,25.2702,91.7323
2023-02-19T13:00,19.9,50,873.2,Cherrapunji_Wet,25.2702,91.7323
2023-02-19T14:00,19.7,50,872.7,Cherrapunji_Wet,25.2702,91.7323
2023-02-19T15:00,18.9,55,872.2,Cherrapunji_Wet,25.2702,91.7323
2023-02-19T16:00,17.5,62,871.9,Cherrapunji_Wet,25.2702,91.7323
2023-02-19T17:00,15.5,76,871.7,Cherrapunji_Wet,25.2702,91.7323
2023-02-19T18:00,13,89,871.1,Cherrapunji_Wet,25.2702,91.7323
2023-02-19T19:00,12.6,90,871.5,Cherrapunji_Wet,25.2702,91.7323
2023-02-19T20:00,12.1,90,871.7,Cherrapunji_Wet,25.2702,91.7323
2023-02-19T21:00,11.6,87,871.7,Cherrapunji_Wet,25.2702,91.7323
2023-02-19T22:00,11,86,871.1,Cherrapunji_Wet,25.2702,91.7323
2023-02-19T23:00,11.5,82,871,Cherrapunji_Wet,25.2702,91.7323
2023-02-20T00:00,11.7,80,870.6,Cherrapunji_Wet,25.2702,91.7323
2023-02-20T01:00,14.1,69,871.2,Cherrapunji_Wet,25.2702,91.7323
2023-02-20T02:00,15.4,65,871.4,Cherrapunji_Wet,25.2702,91.7323
2023-02-20T03:00,14.7,68,871,Cherrapunji_Wet,25.2702,91.7323
2023-02-20T04:00,11.3,83,869.6,Cherrapunji_Wet,25.2702,91.7323
2023-02-20T05:00,11.6,83,870.6,Cherrapunji_Wet,25.2702,91.7323
2023-02-20T06:00,12.3,86,871.4,Cherrapunji_Wet,25.2702,91.7323
2023-02-20T07:00,15.4,72,873.5,Cherrapunji_Wet,25.2702,91.7323
2023-02-20T08:00,17,66,874.5,Cherrapunji_Wet,25.2702,91.7323
2023-02-20T09:00,18.5,58,875,Cherrapunji_Wet,25.2702,91.7323
2023-02-20T10:00,18.9,57,874.9,Cherrapunji_Wet,25.2702,91.7323
2023-02-20T11:00,19,58,874.2,Cherrapunji_Wet,25.2702,91.7323
2023-02-20T12:00,19.1,58,873.4,Cherrapunji_Wet,25.2702,91.7323
2023-02-20T13:00,19.4,56,872.5,Cherrapunji_Wet,25.2702,91.7323
2023-02-20T14:00,18.3,62,871.9,Cherrapunji_Wet,25.2702,91.7323
2023-02-20T15:00,18,65,871.6,Cherrapunji_Wet,25.2702,91.7323
2023-02-20T16:00,17.2,70,871.7,Cherrapunji_Wet,25.2702,91.7323
2023-02-20T17:00,16.2,76,871.8,Cherrapunji_Wet,25.2702,91.7323
2023-02-20T18:00,15.5,81,872.2,Cherrapunji_Wet,25.2702,91.7323
2023-02-20T19:00,13.5,93,871.7,Cherrapunji_Wet,25.2702,91.7323
2023-02-20T20:00,13.5,92,872,Cherrapunji_Wet,25.2702,91.7323
2023-02-20T21:00,12.5,95,871.6,Cherrapunji_Wet,25.2702,91.7323
2023-02-20T22:00,12.3,94,871.6,Cherrapunji_Wet,25.2702,91.7323
2023-02-20T23:00,12.7,92,871.5,Cherrapunji_Wet,25.2702,91.7323
2023-02-21T00:00,12.4,93,870.8,Cherrapunji_Wet,25.2702,91.7323
2023-02-21T01:00,11.8,94,870.2,Cherrapunji_Wet,25.2702,91.7323
2023-02-21T02:00,11.2,95,869.4,Cherrapunji_Wet,25.2702,91.7323
2023-02-21T03:00,11.4,93,869.4,Cherrapunji_Wet,25.2702,91.7323
2023-02-21T04:00,11.7,93,869.6,Cherrapunji_Wet,25.2702,91.7323
2023-02-21T05:00,12.4,91,870.9,Cherrapunji_Wet,25.2702,91.7323
2023-02-21T06:00,13.3,88,872.1,Cherrapunji_Wet,25.2702,91.7323
2023-02-21T07:00,15.3,81,873.6,Cherrapunji_Wet,25.2702,91.7323
2023-02-21T08:00,16,81,874.5,Cherrapunji_Wet,25.2702,91.7323
2023-02-21T09:00,16.7,79,874.9,Cherrapunji_Wet,25.2702,91.7323
2023-02-21T10:00,17.1,77,874.8,Cherrapunji_Wet,25.2702,91.7323
2023-02-21T11:00,18,74,874.2,Cherrapunji_Wet,25.2702,91.7323
2023-02-21T12:00,16.8,83,872.9,Cherrapunji_Wet,25.2702,91.7323
2023-02-21T13:00,17.9,73,872.5,Cherrapunji_Wet,25.2702,91.7323
2023-02-21T14:00,18.6,66,872.1,Cherrapunji_Wet,25.2702,91.7323
2023-02-21T15:00,18.2,67,871.6,Cherrapunji_Wet,25.2702,91.7323
2023-02-21T16:00,17.1,74,871.6,Cherrapunji_Wet,25.2702,91.7323
2023-02-21T17:00,14.6,90,871.1,Cherrapunji_Wet,25.2702,91.7323
2023-02-21T18:00,14.3,96,871.5,Cherrapunji_Wet,25.2702,91.7323
2023-02-21T19:00,14.3,99,872,Cherrapunji_Wet,25.2702,91.7323
2023-02-21T20:00,14.3,97,872.2,Cherrapunji_Wet,25.2702,91.7323
2023-02-21T21:00,14.3,96,872.2,Cherrapunji_Wet,25.2702,91.7323
2023-02-21T22:00,14.3,98,872.1,Cherrapunji_Wet,25.2702,91.7323
2023-02-21T23:00,14.4,96,871.8,Cherrapunji_Wet,25.2702,91.7323
2023-02-22T00:00,14.1,94,871.3,Cherrapunji_Wet,25.2702,91.7323
2023-02-22T01:00,13.8,95,870.6,Cherrapunji_Wet,25.2702,91.7323
2023-02-22T02:00,14.1,96,870.3,Cherrapunji_Wet,25.2702,91.7323
2023-02-22T03:00,13.4,98,869.7,Cherrapunji_Wet,25.2702,91.7323
2023-02-22T04:00,13.6,98,870,Cherrapunji_Wet,25.2702,91.7323
2023-02-22T05:00,13.4,99,870.7,Cherrapunji_Wet,25.2702,91.7323
2023-02-22T06:00,14,99,871.4,Cherrapunji_Wet,25.2702,91.7323
2023-02-22T07:00,14.9,95,872.6,Cherrapunji_Wet,25.2702,91.7323
2023-02-22T08:00,15.5,91,873.3,Cherrapunji_Wet,25.2702,91.7323
2023-02-22T09:00,16,87,873.8,Cherrapunji_Wet,25.2702,91.7323
2023-02-22T10:00,16.6,87,873.4,Cherrapunji_Wet,25.2702,91.7323
2023-02-22T11:00,16.5,87,872.5,Cherrapunji_Wet,25.2702,91.7323
2023-02-22T12:00,16.7,84,871.9,Cherrapunji_Wet,25.2702,91.7323
2023-02-22T13:00,16.1,85,870.7,Cherrapunji_Wet,25.2702,91.7323
2023-02-22T14:00,16.6,85,870.1,Cherrapunji_Wet,25.2702,91.7323
2023-02-22T15:00,16.6,83,869.6,Cherrapunji_Wet,25.2702,91.7323
2023-02-22T16:00,15.8,89,869.6,Cherrapunji_Wet,25.2702,91.7323
2023-02-22T17:00,13.4,98,869.5,Cherrapunji_Wet,25.2702,91.7323
2023-02-22T18:00,13,100,869.8,Cherrapunji_Wet,25.2702,91.7323
2023-02-22T19:00,13.5,96,870.4,Cherrapunji_Wet,25.2702,91.7323
2023-02-22T20:00,13.9,93,870.6,Cherrapunji_Wet,25.2702,91.7323
2023-02-22T21:00,14.6,89,871.3,Cherrapunji_Wet,25.2702,91.7323
2023-02-22T22:00,14,93,870.9,Cherrapunji_Wet,25.2702,91.7323
2023-02-22T23:00,14,94,870.3,Cherrapunji_Wet,25.2702,91.7323
2023-02-23T00:00,13.5,97,870.3,Cherrapunji_Wet,25.2702,91.7323
2023-02-23T01:00,13.9,99,869.8,Cherrapunji_Wet,25.2702,91.7323
2023-02-23T02:00,13.4,98,869.5,Cherrapunji_Wet,25.2702,91.7323
2023-02-23T03:00,13.5,98,869.2,Cherrapunji_Wet,25.2702,91.7323
2023-02-23T04:00,13.6,94,869.6,Cherrapunji_Wet,25.2702,91.7323
2023-02-23T05:00,13.2,99,870.3,Cherrapunji_Wet,25.2702,91.7323
2023-02-23T06:00,13.5,100,871,Cherrapunji_Wet,25.2702,91.7323
2023-02-23T07:00,13.8,99,872,Cherrapunji_Wet,25.2702,91.7323
2023-02-23T08:00,14,97,872.6,Cherrapunji_Wet,25.2702,91.7323
2023-02-23T09:00,15.1,90,873.1,Cherrapunji_Wet,25.2702,91.7323
2023-02-23T10:00,16,87,873.3,Cherrapunji_Wet,25.2702,91.7323
2023-02-23T11:00,16.5,84,872.9,Cherrapunji_Wet,25.2702,91.7323
2023-02-23T12:00,17.8,76,872.3,Cherrapunji_Wet,25.2702,91.7323
2023-02-23T13:00,18.8,67,871.6,Cherrapunji_Wet,25.2702,91.7323
2023-02-23T14:00,18.3,67,871.2,Cherrapunji_Wet,25.2702,91.7323
2023-02-23T15:00,17.7,69,870.9,Cherrapunji_Wet,25.2702,91.7323
2023-02-23T16:00,16.5,75,870.9,Cherrapunji_Wet,25.2702,91.7323
2023-02-23T17:00,14.2,97,870.9,Cherrapunji_Wet,25.2702,91.7323
2023-02-23T18:00,13.3,95,870.6,Cherrapunji_Wet,25.2702,91.7323
2023-02-23T19:00,13,92,870.9,Cherrapunji_Wet,25.2702,91.7323
2023-02-23T20:00,14.4,75,871.8,Cherrapunji_Wet,25.2702,91.7323
2023-02-23T21:00,13.8,73,871.7,Cherrapunji_Wet,25.2702,91.7323
2023-02-23T22:00,12.7,77,870.9,Cherrapunji_Wet,25.2702,91.7323
2023-02-23T23:00,14.2,70,871.7,Cherrapunji_Wet,25.2702,91.7323
2023-02-24T00:00,15.1,69,872.1,Cherrapunji_Wet,25.2702,91.7323
2023-02-24T01:00,13.9,74,871.3,Cherrapunji_Wet,25.2702,91.7323
2023-02-24T02:00,11.3,81,869.9,Cherrapunji_Wet,25.2702,91.7323
2023-02-24T03:00,11.3,88,869.7,Cherrapunji_Wet,25.2702,91.7323
2023-02-24T04:00,10.3,93,869.2,Cherrapunji_Wet,25.2702,91.7323
2023-02-24T05:00,10.8,97,870.5,Cherrapunji_Wet,25.2702,91.7323
2023-02-24T06:00,11.6,96,871.7,Cherrapunji_Wet,25.2702,91.7323
2023-02-24T07:00,14.9,86,874.2,Cherrapunji_Wet,25.2702,91.7323
2023-02-24T08:00,16.3,76,875.1,Cherrapunji_Wet,25.2702,91.7323
2023-02-24T09:00,17.7,67,875.9,Cherrapunji_Wet,25.2702,91.7323
2023-02-24T10:00,18.5,62,876,Cherrapunji_Wet,25.2702,91.7323
2023-02-24T11:00,19.2,56,875.6,Cherrapunji_Wet,25.2702,91.7323
2023-02-24T12:00,19,52,874.5,Cherrapunji_Wet,25.2702,91.7323
2023-02-24T13:00,18.5,56,873.7,Cherrapunji_Wet,25.2702,91.7323
2023-02-24T14:00,18,60,873.2,Cherrapunji_Wet,25.2702,91.7323
2023-02-24T15:00,17.6,63,872.8,Cherrapunji_Wet,25.2702,91.7323
2023-02-24T16:00,16.9,64,872.7,Cherrapunji_Wet,25.2702,91.7323
2023-02-24T17:00,14.2,82,872.4,Cherrapunji_Wet,25.2702,91.7323
2023-02-24T18:00,12.8,83,872.2,Cherrapunji_Wet,25.2702,91.7323
2023-02-24T19:00,12.5,79,873,Cherrapunji_Wet,25.2702,91.7323
2023-02-24T20:00,12.1,77,873.3,Cherrapunji_Wet,25.2702,91.7323
2023-02-24T21:00,11.8,73,873.5,Cherrapunji_Wet,25.2702,91.7323
2023-02-24T22:00,11.3,65,873.3,Cherrapunji_Wet,25.2702,91.7323
2023-02-24T23:00,10.9,54,872.8,Cherrapunji_Wet,25.2702,91.7323
2023-02-25T00:00,10.4,50,872.4,Cherrapunji_Wet,25.2702,91.7323
2023-02-25T01:00,9.9,51,871.9,Cherrapunji_Wet,25.2702,91.7323
2023-02-25T02:00,9.1,57,871.2,Cherrapunji_Wet,25.2702,91.7323
2023-02-25T03:00,9.1,64,871.1,Cherrapunji_Wet,25.2702,91.7323
2023-02-25T04:00,9.9,67,871.8,Cherrapunji_Wet,25.2702,91.7323
2023-02-25T05:00,10.9,68,872.9,Cherrapunji_Wet,25.2702,91.7323
2023-02-25T06:00,10.4,75,873.3,Cherrapunji_Wet,25.2702,91.7323
2023-02-25T07:00,15.6,60,876.4,Cherrapunji_Wet,25.2702,91.7323
2023-02-25T08:00,17.8,47,877.9,Cherrapunji_Wet,25.2702,91.7323
2023-02-25T09:00,19.1,39,878.5,Cherrapunji_Wet,25.2702,91.7323
2023-02-25T10:00,19.9,39,878.6,Cherrapunji_Wet,25.2702,91.7323
2023-02-25T11:00,20.2,43,877.8,Cherrapunji_Wet,25.2702,91.7323
2023-02-25T12:00,20.4,45,877.2,Cherrapunji_Wet,25.2702,91.7323
2023-02-25T13:00,20.4,45,876,Cherrapunji_Wet,25.2702,91.7323
2023-02-25T14:00,19.8,49,875.2,Cherrapunji_Wet,25.2702,91.7323
2023-02-25T15:00,18.6,56,874.9,Cherrapunji_Wet,25.2702,91.7323
2023-02-25T16:00,17.6,59,874.8,Cherrapunji_Wet,25.2702,91.7323
2023-02-25T17:00,16.2,61,874.7,Cherrapunji_Wet,25.2702,91.7323
2023-02-25T18:00,13.3,75,873.6,Cherrapunji_Wet,25.2702,91.7323
2023-02-25T19:00,12.8,77,874.1,Cherrapunji_Wet,25.2702,91.7323
2023-02-25T20:00,12.5,76,874.8,Cherrapunji_Wet,25.2702,91.7323
2023-02-25T21:00,11.9,78,875,Cherrapunji_Wet,25.2702,91.7323
2023-02-25T22:00,11.4,83,874.9,Cherrapunji_Wet,25.2702,91.7323
2023-02-25T23:00,11.1,86,874.6,Cherrapunji_Wet,25.2702,91.7323
2023-02-26T00:00,10.8,88,874,Cherrapunji_Wet,25.2702,91.7323
2023-02-26T01:00,10.7,87,873.5,Cherrapunji_Wet,25.2702,91.7323
2023-02-26T02:00,10.7,85,873,Cherrapunji_Wet,25.2702,91.7323
2023-02-26T03:00,10.4,81,872.8,Cherrapunji_Wet,25.2702,91.7323
2023-02-26T04:00,10,79,872.8,Cherrapunji_Wet,25.2702,91.7323
2023-02-26T05:00,9.1,85,873.1,Cherrapunji_Wet,25.2702,91.7323
2023-02-26T06:00,10.7,80,874.7,Cherrapunji_Wet,25.2702,91.7323
2023-02-26T07:00,15,65,877.5,Cherrapunji_Wet,25.2702,91.7323
2023-02-26T08:00,17.1,38,878.8,Cherrapunji_Wet,25.2702,91.7323
2023-02-26T09:00,18.2,33,879.1,Cherrapunji_Wet,25.2702,91.7323
2023-02-26T10:00,19.1,32,879.2,Cherrapunji_Wet,25.2702,91.7323
2023-02-26T11:00,19.6,32,878.4,Cherrapunji_Wet,25.2702,91.7323
2023-02-26T12:00,20,32,877.3,Cherrapunji_Wet,25.2702,91.7323
2023-02-26T13:00,20,34,876.4,Cherrapunji_Wet,25.2702,91.7323
2023-02-26T14:00,19.4,37,875.5,Cherrapunji_Wet,25.2702,91.7323
2023-02-26T15:00,18.4,41,875.2,Cherrapunji_Wet,25.2702,91.7323
2023-02-26T16:00,17,49,875.1,Cherrapunji_Wet,25.2702,91.7323
2023-02-26T17:00,15.2,58,875.1,Cherrapunji_Wet,25.2702,91.7323
2023-02-26T18:00,12.1,74,873.9,Cherrapunji_Wet,25.2702,91.7323
2023-02-26T19:00,11.7,76,874.2,Cherrapunji_Wet,25.2702,91.7323
2023-02-26T20:00,11.1,78,874.2,Cherrapunji_Wet,25.2702,91.7323
2023-02-26T21:00,10.7,79,874.6,Cherrapunji_Wet,25.2702,91.7323
2023-02-26T22:00,10.5,79,874.5,Cherrapunji_Wet,25.2702,91.7323
2023-02-26T23:00,9.9,80,873.9,Cherrapunji_Wet,25.2702,91.7323
2023-02-27T00:00,9.3,81,873.3,Cherrapunji_Wet,25.2702,91.7323
2023-02-27T01:00,8.8,82,872.5,Cherrapunji_Wet,25.2702,91.7323
2023-02-27T02:00,8.5,85,872,Cherrapunji_Wet,25.2702,91.7323
2023-02-27T03:00,8.4,88,871.6,Cherrapunji_Wet,25.2702,91.7323
2023-02-27T04:00,8.8,86,872,Cherrapunji_Wet,25.2702,91.7323
2023-02-27T05:00,8.6,85,872.6,Cherrapunji_Wet,25.2702,91.7323
2023-02-27T06:00,9.9,73,873.6,Cherrapunji_Wet,25.2702,91.7323
2023-02-27T07:00,14.7,57,876.8,Cherrapunji_Wet,25.2702,91.7323
2023-02-27T08:00,16.7,52,878.4,Cherrapunji_Wet,25.2702,91.7323
2023-02-27T09:00,17.9,51,879.2,Cherrapunji_Wet,25.2702,91.7323
2023-02-27T10:00,19,45,879.2,Cherrapunji_Wet,25.2702,91.7323
2023-02-27T11:00,19.3,43,878.4,Cherrapunji_Wet,25.2702,91.7323
2023-02-27T12:00,19.2,45,877.3,Cherrapunji_Wet,25.2702,91.7323
2023-02-27T13:00,19.5,43,876.3,Cherrapunji_Wet,25.2702,91.7323
2023-02-27T14:00,19.6,42,875.7,Cherrapunji_Wet,25.2702,91.7323
2023-02-27T15:00,19,43,875.1,Cherrapunji_Wet,25.2702,91.7323
2023-02-27T16:00,17.3,52,874.7,Cherrapunji_Wet,25.2702,91.7323
2023-02-27T17:00,15.7,60,874.5,Cherrapunji_Wet,25.2702,91.7323
2023-02-27T18:00,13.1,70,873.7,Cherrapunji_Wet,25.2702,91.7323
2023-02-27T19:00,11.4,76,873.7,Cherrapunji_Wet,25.2702,91.7323
2023-02-27T20:00,10.2,82,873.6,Cherrapunji_Wet,25.2702,91.7323
2023-02-27T21:00,10.1,79,873.8,Cherrapunji_Wet,25.2702,91.7323
2023-02-27T22:00,10,75,873.5,Cherrapunji_Wet,25.2702,91.7323
2023-02-27T23:00,10.1,75,873.3,Cherrapunji_Wet,25.2702,91.7323
2023-02-28T00:00,9.3,79,872.7,Cherrapunji_Wet,25.2702,91.7323
2023-02-28T01:00,9.1,79,872.1,Cherrapunji_Wet,25.2702,91.7323
2023-02-28T02:00,9.1,76,871.8,Cherrapunji_Wet,25.2702,91.7323
2023-02-28T03:00,8.7,72,871.3,Cherrapunji_Wet,25.2702,91.7323
2023-02-28T04:00,8.6,67,871.7,Cherrapunji_Wet,25.2702,91.7323
2023-02-28T05:00,13.1,59,874.6,Cherrapunji_Wet,25.2702,91.7323
2023-02-28T06:00,13.2,60,875.3,Cherrapunji_Wet,25.2702,91.7323
2023-02-28T07:00,15.7,52,877.1,Cherrapunji_Wet,25.2702,91.7323
2023-02-28T08:00,16.9,46,878,Cherrapunji_Wet,25.2702,91.7323
2023-02-28T09:00,18,46,878.7,Cherrapunji_Wet,25.2702,91.7323
2023-02-28T10:00,18.9,45,878.8,Cherrapunji_Wet,25.2702,91.7323
2023-02-28T11:00,19.4,45,878.3,Cherrapunji_Wet,25.2702,91.7323
2023-02-28T12:00,19.6,43,877.7,Cherrapunji_Wet,25.2702,91.7323
2023-02-28T13:00,19.6,41,876.8,Cherrapunji_Wet,25.2702,91.7323
2023-02-28T14:00,19,41,876,Cherrapunji_Wet,25.2702,91.7323
2023-02-28T15:00,18.4,43,875.6,Cherrapunji_Wet,25.2702,91.7323
2023-02-28T16:00,17.1,47,875.3,Cherrapunji_Wet,25.2702,91.7323
2023-02-28T17:00,15.8,55,875.6,Cherrapunji_Wet,25.2702,91.7323
2023-02-28T18:00,12.5,71,874.3,Cherrapunji_Wet,25.2702,91.7323
2023-02-28T19:00,12,70,874.8,Cherrapunji_Wet,25.2702,91.7323
2023-02-28T20:00,11.3,73,874.8,Cherrapunji_Wet,25.2702,91.7323
2023-02-28T21:00,10.7,77,875.2,Cherrapunji_Wet,25.2702,91.7323
2023-02-28T22:00,10.5,78,875.1,Cherrapunji_Wet,25.2702,91.7323
2023-02-28T23:00,10.3,78,874.6,Cherrapunji_Wet,25.2702,91.7323
2023-03-01T00:00,10.1,76,874.2,Cherrapunji_Wet,25.2702,91.7323
2023-03-01T01:00,9.9,76,873.5,Cherrapunji_Wet,25.2702,91.7323
2023-03-01T02:00,9.9,76,872.9,Cherrapunji_Wet,25.2702,91.7323
2023-03-01T03:00,9.8,78,872.7,Cherrapunji_Wet,25.2702,91.7323
2023-03-01T04:00,9.5,80,872.8,Cherrapunji_Wet,25.2702,91.7323
2023-03-01T05:00,8.7,84,873.4,Cherrapunji_Wet,25.2702,91.7323
2023-03-01T06:00,9.9,77,874.5,Cherrapunji_Wet,25.2702,91.7323
2023-03-01T07:00,15.3,65,877.6,Cherrapunji_Wet,25.2702,91.7323
2023-03-01T08:00,18.1,46,879.1,Cherrapunji_Wet,25.2702,91.7323
2023-03-01T09:00,19.4,45,879.7,Cherrapunji_Wet,25.2702,91.7323
2023-03-01T10:00,20.7,42,879.7,Cherrapunji_Wet,25.2702,91.7323
2023-03-01T11:00,21.1,44,878.9,Cherrapunji_Wet,25.2702,91.7323
2023-03-01T12:00,20.9,48,877.9,Cherrapunji_Wet,25.2702,91.7323
2023-03-01T13:00,20,50,876.9,Cherrapunji_Wet,25.2702,91.7323
2023-03-01T14:00,19.7,52,876.3,Cherrapunji_Wet,25.2702,91.7323
2023-03-01T15:00,18.9,54,875.7,Cherrapunji_Wet,25.2702,91.7323
2023-03-01T16:00,17.4,60,875.4,Cherrapunji_Wet,25.2702,91.7323
2023-03-01T17:00,15.1,75,875.2,Cherrapunji_Wet,25.2702,91.7323
2023-03-01T18:00,14.2,79,875,Cherrapunji_Wet,25.2702,91.7323
2023-03-01T19:00,13.5,82,875.3,Cherrapunji_Wet,25.2702,91.7323
2023-03-01T20:00,12.8,83,875.4,Cherrapunji_Wet,25.2702,91.7323
2023-03-01T21:00,12.1,85,875.4,Cherrapunji_Wet,25.2702,91.7323
2023-03-01T22:00,11.6,86,874.9,Cherrapunji_Wet,25.2702,91.7323
2023-03-01T23:00,11.2,86,874.5,Cherrapunji_Wet,25.2702,91.7323
2023-03-02T00:00,11.3,82,874.2,Cherrapunji_Wet,25.2702,91.7323
2023-03-02T01:00,11.1,80,873.7,Cherrapunji_Wet,25.2702,91.7323
2023-03-02T02:00,10.5,81,873,Cherrapunji_Wet,25.2702,91.7323
2023-03-02T03:00,10.2,80,872.8,Cherrapunji_Wet,25.2702,91.7323
2023-03-02T04:00,9.8,80,872.6,Cherrapunji_Wet,25.2702,91.7323
2023-03-02T05:00,15.2,69,875.9,Cherrapunji_Wet,25.2702,91.7323
2023-03-02T06:00,13.8,77,876,Cherrapunji_Wet,25.2702,91.7323
2023-03-02T07:00,16.7,65,878,Cherrapunji_Wet,25.2702,91.7323
2023-03-02T08:00,18.2,55,878.8,Cherrapunji_Wet,25.2702,91.7323
2023-03-02T09:00,19.7,48,879.6,Cherrapunji_Wet,25.2702,91.7323
2023-03-02T10:00,20.9,42,879.5,Cherrapunji_Wet,25.2702,91.7323
2023-03-02T11:00,21.1,42,878.7,Cherrapunji_Wet,25.2702,91.7323
2023-03-02T12:00,20.9,48,877.5,Cherrapunji_Wet,25.2702,91.7323
2023-03-02T13:00,20.6,52,876.6,Cherrapunji_Wet,25.2702,91.7323
2023-03-02T14:00,20.4,53,876,Cherrapunji_Wet,25.2702,91.7323
2023-03-02T15:00,19.6,56,875.6,Cherrapunji_Wet,25.2702,91.7323
2023-03-02T16:00,18.8,60,875.4,Cherrapunji_Wet,25.2702,91.7323
2023-03-02T17:00,16.7,70,875.2,Cherrapunji_Wet,25.2702,91.7323
2023-03-02T18:00,14.7,81,874.6,Cherrapunji_Wet,25.2702,91.7323
2023-03-02T19:00,14.2,78,875.2,Cherrapunji_Wet,25.2702,91.7323
2023-03-02T20:00,13.4,78,875.4,Cherrapunji_Wet,25.2702,91.7323
2023-03-02T21:00,12.4,84,875.3,Cherrapunji_Wet,25.2702,91.7323
2023-03-02T22:00,11.6,89,875.1,Cherrapunji_Wet,25.2702,91.7323
2023-03-02T23:00,11.2,90,874.7,Cherrapunji_Wet,25.2702,91.7323
2023-03-03T00:00,11,90,874.1,Cherrapunji_Wet,25.2702,91.7323
2023-03-03T01:00,11.4,87,873.8,Cherrapunji_Wet,25.2702,91.7323
2023-03-03T02:00,11.2,83,873.3,Cherrapunji_Wet,25.2702,91.7323
2023-03-03T03:00,15.7,65,875.3,Cherrapunji_Wet,25.2702,91.7323
2023-03-03T04:00,15.8,66,875.6,Cherrapunji_Wet,25.2702,91.7323
2023-03-03T05:00,15.1,75,876.1,Cherrapunji_Wet,25.2702,91.7323
2023-03-03T06:00,13.3,85,876,Cherrapunji_Wet,25.2702,91.7323
2023-03-03T07:00,16.8,69,878.1,Cherrapunji_Wet,25.2702,91.7323
2023-03-03T08:00,18.3,59,879,Cherrapunji_Wet,25.2702,91.7323
2023-03-03T09:00,19.9,51,879.4,Cherrapunji_Wet,25.2702,91.7323
2023-03-03T10:00,20.7,46,879.3,Cherrapunji_Wet,25.2702,91.7323
2023-03-03T11:00,20.6,46,878.4,Cherrapunji_Wet,25.2702,91.7323
2023-03-03T12:00,20.4,50,877.4,Cherrapunji_Wet,25.2702,91.7323
2023-03-03T13:00,20.6,49,876.6,Cherrapunji_Wet,25.2702,91.7323
2023-03-03T14:00,19.9,52,876.1,Cherrapunji_Wet,25.2702,91.7323
2023-03-03T15:00,19.3,56,875.7,Cherrapunji_Wet,25.2702,91.7323
2023-03-03T16:00,18.5,59,875.7,Cherrapunji_Wet,25.2702,91.7323
2023-03-03T17:00,16.8,68,875.5,Cherrapunji_Wet,25.2702,91.7323
2023-03-03T18:00,15.1,79,875.3,Cherrapunji_Wet,25.2702,91.7323
2023-03-03T19:00,14.4,83,875.7,Cherrapunji_Wet,25.2702,91.7323
2023-03-03T20:00,13.6,85,875.8,Cherrapunji_Wet,25.2702,91.7323
2023-03-03T21:00,12.8,87,875.6,Cherrapunji_Wet,25.2702,91.7323
2023-03-03T22:00,12.1,88,875.3,Cherrapunji_Wet,25.2702,91.7323
2023-03-03T23:00,11.7,90,874.8,Cherrapunji_Wet,25.2702,91.7323
2023-03-04T00:00,11.5,89,874.1,Cherrapunji_Wet,25.2702,91.7323
2023-03-04T01:00,11.5,88,873.6,Cherrapunji_Wet,25.2702,91.7323
2023-03-04T02:00,11.5,86,873.4,Cherrapunji_Wet,25.2702,91.7323
2023-03-04T03:00,11.3,85,873.3,Cherrapunji_Wet,25.2702,91.7323
2023-03-04T04:00,11.2,84,873.7,Cherrapunji_Wet,25.2702,91.7323
2023-03-04T05:00,11,89,874.3,Cherrapunji_Wet,25.2702,91.7323
2023-03-04T06:00,13.5,79,875.9,Cherrapunji_Wet,25.2702,91.7323
2023-03-04T07:00,17.5,63,878.5,Cherrapunji_Wet,25.2702,91.7323
2023-03-04T08:00,19.4,55,879.6,Cherrapunji_Wet,25.2702,91.7323
2023-03-04T09:00,20.9,48,880,Cherrapunji_Wet,25.2702,91.7323
2023-03-04T10:00,21.8,45,879.8,Cherrapunji_Wet,25.2702,91.7323
2023-03-04T11:00,21.4,47,878.8,Cherrapunji_Wet,25.2702,91.7323
2023-03-04T12:00,21,51,877.7,Cherrapunji_Wet,25.2702,91.7323
2023-03-04T13:00,21.5,49,876.7,Cherrapunji_Wet,25.2702,91.7323
2023-03-04T14:00,21.6,49,875.9,Cherrapunji_Wet,25.2702,91.7323
2023-03-04T15:00,20.8,53,875.3,Cherrapunji_Wet,25.2702,91.7323
2023-03-04T16:00,19.8,57,875.3,Cherrapunji_Wet,25.2702,91.7323
2023-03-04T17:00,17.6,69,875,Cherrapunji_Wet,25.2702,91.7323
2023-03-04T18:00,15.9,76,874.5,Cherrapunji_Wet,25.2702,91.7323
2023-03-04T19:00,15.4,75,875.1,Cherrapunji_Wet,25.2702,91.7323
2023-03-04T20:00,14.9,74,875.4,Cherrapunji_Wet,25.2702,91.7323
2023-03-04T21:00,14.4,74,875.3,Cherrapunji_Wet,25.2702,91.7323
2023-03-04T22:00,13.8,78,875.1,Cherrapunji_Wet,25.2702,91.7323
2023-03-04T23:00,13.2,83,874.4,Cherrapunji_Wet,25.2702,91.7323
2023-03-05T00:00,12.7,85,873.3,Cherrapunji_Wet,25.2702,91.7323
2023-03-05T01:00,12.2,86,872.7,Cherrapunji_Wet,25.2702,91.7323
2023-03-05T02:00,12,85,872.4,Cherrapunji_Wet,25.2702,91.7323
2023-03-05T03:00,12.2,82,872.2,Cherrapunji_Wet,25.2702,91.7323
2023-03-05T04:00,12,83,872.5,Cherrapunji_Wet,25.2702,91.7323
2023-03-05T05:00,11.6,87,873.3,Cherrapunji_Wet,25.2702,91.7323
2023-03-05T06:00,13.9,76,875.1,Cherrapunji_Wet,25.2702,91.7323
2023-03-05T07:00,18.1,61,877.9,Cherrapunji_Wet,25.2702,91.7323
2023-03-05T08:00,19.8,52,878.8,Cherrapunji_Wet,25.2702,91.7323
2023-03-05T09:00,21.1,49,879.2,Cherrapunji_Wet,25.2702,91.7323
2023-03-05T10:00,21.9,48,879,Cherrapunji_Wet,25.2702,91.7323
2023-03-05T11:00,22.1,48,877.9,Cherrapunji_Wet,25.2702,91.7323
2023-03-05T12:00,21.9,51,876.6,Cherrapunji_Wet,25.2702,91.7323
2023-03-05T13:00,21.4,55,875.5,Cherrapunji_Wet,25.2702,91.7323
2023-03-05T14:00,21.2,56,874.7,Cherrapunji_Wet,25.2702,91.7323
2023-03-05T15:00,20.6,58,874.1,Cherrapunji_Wet,25.2702,91.7323
2023-03-05T16:00,19.5,62,873.9,Cherrapunji_Wet,25.2702,91.7323
2023-03-05T17:00,17.3,77,873.9,Cherrapunji_Wet,25.2702,91.7323
2023-03-05T18:00,15.9,83,873.4,Cherrapunji_Wet,25.2702,91.7323
2023-03-05T19:00,15,86,873.7,Cherrapunji_Wet,25.2702,91.7323
2023-03-05T20:00,14,90,873.8,Cherrapunji_Wet,25.2702,91.7323
2023-03-05T21:00,13.4,90,873.9,Cherrapunji_Wet,25.2702,91.7323
2023-03-05T22:00,13.4,89,873.9,Cherrapunji_Wet,25.2702,91.7323
2023-03-05T23:00,13.2,88,873.5,Cherrapunji_Wet,25.2702,91.7323
2023-03-06T00:00,12.9,89,872.9,Cherrapunji_Wet,25.2702,91.7323
2023-03-06T01:00,12.5,91,872,Cherrapunji_Wet,25.2702,91.7323
2023-03-06T02:00,12.3,90,871.3,Cherrapunji_Wet,25.2702,91.7323
2023-03-06T03:00,12.2,88,871.2,Cherrapunji_Wet,25.2702,91.7323
2023-03-06T04:00,11.9,87,871.6,Cherrapunji_Wet,25.2702,91.7323
2023-03-06T05:00,12.6,84,872.5,Cherrapunji_Wet,25.2702,91.7323
2023-03-06T06:00,14.4,83,873.9,Cherrapunji_Wet,25.2702,91.7323
2023-03-06T07:00,17.7,70,876.1,Cherrapunji_Wet,25.2702,91.7323
2023-03-06T08:00,19.3,63,876.9,Cherrapunji_Wet,25.2702,91.7323
2023-03-06T09:00,20.6,55,877.4,Cherrapunji_Wet,25.2702,91.7323
2023-03-06T10:00,21.5,49,877.5,Cherrapunji_Wet,25.2702,91.7323
2023-03-06T11:00,21.8,47,876.7,Cherrapunji_Wet,25.2702,91.7323
2023-03-06T12:00,21.5,49,875.5,Cherrapunji_Wet,25.2702,91.7323
2023-03-06T13:00,21.3,50,874.5,Cherrapunji_Wet,25.2702,91.7323
2023-03-06T14:00,21.4,48,873.5,Cherrapunji_Wet,25.2702,91.7323
2023-03-06T15:00,20.7,51,873.3,Cherrapunji_Wet,25.2702,91.7323
2023-03-06T16:00,19.3,58,872.9,Cherrapunji_Wet,25.2702,91.7323
2023-03-06T17:00,17.1,73,873,Cherrapunji_Wet,25.2702,91.7323
2023-03-06T18:00,15.4,82,872.6,Cherrapunji_Wet,25.2702,91.7323
2023-03-06T19:00,14.6,85,872.9,Cherrapunji_Wet,25.2702,91.7323
2023-03-06T20:00,14.4,86,873.4,Cherrapunji_Wet,25.2702,91.7323
2023-03-06T21:00,13.2,91,873.3,Cherrapunji_Wet,25.2702,91.7323
2023-03-06T22:00,12.7,93,873.1,Cherrapunji_Wet,25.2702,91.7323
2023-03-06T23:00,12.3,91,872.7,Cherrapunji_Wet,25.2702,91.7323
2023-03-07T00:00,11.8,89,872,Cherrapunji_Wet,25.2702,91.7323
2023-03-07T01:00,11.4,85,871.3,Cherrapunji_Wet,25.2702,91.7323
2023-03-07T02:00,10.9,82,870.7,Cherrapunji_Wet,25.2702,91.7323
2023-03-07T03:00,10.4,78,870.2,Cherrapunji_Wet,25.2702,91.7323
2023-03-07T04:00,9.9,79,870.3,Cherrapunji_Wet,25.2702,91.7323
2023-03-07T05:00,9.7,81,871.2,Cherrapunji_Wet,25.2702,91.7323
2023-03-07T06:00,11.4,73,872.7,Cherrapunji_Wet,25.2702,91.7323
2023-03-07T07:00,17.1,55,875.9,Cherrapunji_Wet,25.2702,91.7323
2023-03-07T08:00,19.1,43,877.3,Cherrapunji_Wet,25.2702,91.7323
2023-03-07T09:00,20.3,40,878,Cherrapunji_Wet,25.2702,91.7323
2023-03-07T10:00,21.1,40,877.9,Cherrapunji_Wet,25.2702,91.7323
2023-03-07T11:00,21.8,40,877.4,Cherrapunji_Wet,25.2702,91.7323
2023-03-07T12:00,22,40,876.4,Cherrapunji_Wet,25.2702,91.7323
2023-03-07T13:00,22,38,875.5,Cherrapunji_Wet,25.2702,91.7323
2023-03-07T14:00,21.6,38,874.7,Cherrapunji_Wet,25.2702,91.7323
2023-03-07T15:00,20.4,41,874.2,Cherrapunji_Wet,25.2702,91.7323
2023-03-07T16:00,18.8,47,873.8,Cherrapunji_Wet,25.2702,91.7323
2023-03-07T17:00,16,61,873.6,Cherrapunji_Wet,25.2702,91.7323
2023-03-07T18:00,14.5,65,873.3,Cherrapunji_Wet,25.2702,91.7323
2023-03-07T19:00,13.8,68,873.6,Cherrapunji_Wet,25.2702,91.7323
2023-03-07T20:00,13.2,72,873.9,Cherrapunji_Wet,25.2702,91.7323
2023-03-07T21:00,12.9,80,874.2,Cherrapunji_Wet,25.2702,91.7323
2023-03-07T22:00,12.6,86,873.9,Cherrapunji_Wet,25.2702,91.7323
2023-03-07T23:00,12.5,86,873.7,Cherrapunji_Wet,25.2702,91.7323
2023-03-08T00:00,12.2,85,873.3,Cherrapunji_Wet,25.2702,91.7323
2023-03-08T01:00,11.9,84,872.6,Cherrapunji_Wet,25.2702,91.7323
2023-03-08T02:00,11.6,80,872.1,Cherrapunji_Wet,25.2702,91.7323
2023-03-08T03:00,10.8,75,871.7,Cherrapunji_Wet,25.2702,91.7323
2023-03-08T04:00,10,72,871.4,Cherrapunji_Wet,25.2702,91.7323
2023-03-08T05:00,9.7,89,872.2,Cherrapunji_Wet,25.2702,91.7323
2023-03-08T06:00,11.7,77,873.8,Cherrapunji_Wet,25.2702,91.7323
2023-03-08T07:00,17.5,55,877.3,Cherrapunji_Wet,25.2702,91.7323
2023-03-08T08:00,19.6,46,878.3,Cherrapunji_Wet,25.2702,91.7323
2023-03-08T09:00,21.2,40,878.9,Cherrapunji_Wet,25.2702,91.7323
2023-03-08T10:00,22.5,38,879.1,Cherrapunji_Wet,25.2702,91.7323
2023-03-08T11:00,23.5,37,878.3,Cherrapunji_Wet,25.2702,91.7323
2023-03-08T12:00,24.1,36,877.1,Cherrapunji_Wet,25.2702,91.7323
2023-03-08T13:00,22.9,45,876.1,Cherrapunji_Wet,25.2702,91.7323
2023-03-08T14:00,21.7,48,875.5,Cherrapunji_Wet,25.2702,91.7323
2023-03-08T15:00,20.8,50,875.2,Cherrapunji_Wet,25.2702,91.7323
2023-03-08T16:00,20,51,874.9,Cherrapunji_Wet,25.2702,91.7323
2023-03-08T17:00,17.1,64,874.7,Cherrapunji_Wet,25.2702,91.7323
2023-03-08T18:00,16.3,62,874.4,Cherrapunji_Wet,25.2702,91.7323
2023-03-08T19:00,16,64,874.6,Cherrapunji_Wet,25.2702,91.7323
2023-03-08T20:00,15.3,72,875,Cherrapunji_Wet,25.2702,91.7323
2023-03-08T21:00,14.5,75,874.4,Cherrapunji_Wet,25.2702,91.7323
2023-03-08T22:00,13.8,73,874,Cherrapunji_Wet,25.2702,91.7323
2023-03-08T23:00,13.5,69,873.4,Cherrapunji_Wet,25.2702,91.7323
2023-03-09T00:00,13.4,69,873.1,Cherrapunji_Wet,25.2702,91.7323
2023-03-09T01:00,16.7,57,874,Cherrapunji_Wet,25.2702,91.7323
2023-03-09T02:00,18.9,52,874.4,Cherrapunji_Wet,25.2702,91.7323
2023-03-09T03:00,19.3,51,874.5,Cherrapunji_Wet,25.2702,91.7323
2023-03-09T04:00,19,51,874.8,Cherrapunji_Wet,25.2702,91.7323
2023-03-09T05:00,18.1,59,875.1,Cherrapunji_Wet,25.2702,91.7323
2023-03-09T06:00,15.7,75,874.9,Cherrapunji_Wet,25.2702,91.7323
2023-03-09T07:00,19.1,57,876.9,Cherrapunji_Wet,25.2702,91.7323
2023-03-09T08:00,20.8,48,877.8,Cherrapunji_Wet,25.2702,91.7323
2023-03-09T09:00,22.3,41,878.1,Cherrapunji_Wet,25.2702,91.7323
2023-03-09T10:00,23.5,37,878.1,Cherrapunji_Wet,25.2702,91.7323
2023-03-09T11:00,23.9,37,877.3,Cherrapunji_Wet,25.2702,91.7323
2023-03-09T12:00,23.8,38,876.5,Cherrapunji_Wet,25.2702,91.7323
2023-03-09T13:00,23.6,40,875.5,Cherrapunji_Wet,25.2702,91.7323
2023-03-09T14:00,23,42,874.8,Cherrapunji_Wet,25.2702,91.7323
2023-03-09T15:00,22.4,45,874.4,Cherrapunji_Wet,25.2702,91.7323
2023-03-09T16:00,21.1,49,874,Cherrapunji_Wet,25.2702,91.7323
2023-03-09T17:00,18.3,65,874.2,Cherrapunji_Wet,25.2702,91.7323
2023-03-09T18:00,16.3,73,873.5,Cherrapunji_Wet,25.2702,91.7323
2023-03-09T19:00,15.8,74,873.8,Cherrapunji_Wet,25.2702,91.7323
2023-03-09T20:00,14.4,77,873.6,Cherrapunji_Wet,25.2702,91.7323
2023-03-09T21:00,13.4,77,873.3,Cherrapunji_Wet,25.2702,91.7323
2023-03-09T22:00,13,73,873.1,Cherrapunji_Wet,25.2702,91.7323
2023-03-09T23:00,12.6,66,872.5,Cherrapunji_Wet,25.2702,91.7323
2023-03-10T00:00,12.1,59,872,Cherrapunji_Wet,25.2702,91.7323
2023-03-10T01:00,11.8,59,871.4,Cherrapunji_Wet,25.2702,91.7323
2023-03-10T02:00,11.7,67,871.1,Cherrapunji_Wet,25.2702,91.7323
2023-03-10T03:00,11.6,71,870.9,Cherrapunji_Wet,25.2702,91.7323
2023-03-10T04:00,11.3,72,870.7,Cherrapunji_Wet,25.2702,91.7323
2023-03-10T05:00,12,64,871.6,Cherrapunji_Wet,25.2702,91.7323
2023-03-10T06:00,14,56,873.3,Cherrapunji_Wet,25.2702,91.7323
2023-03-10T07:00,18.8,38,876.4,Cherrapunji_Wet,25.2702,91.7323
2023-03-10T08:00,20.6,34,877.4,Cherrapunji_Wet,25.2702,91.7323
2023-03-10T09:00,21.8,30,877.8,Cherrapunji_Wet,25.2702,91.7323
2023-03-10T10:00,23.1,29,877.8,Cherrapunji_Wet,25.2702,91.7323
2023-03-10T11:00,23.7,32,877.1,Cherrapunji_Wet,25.2702,91.7323
2023-03-10T12:00,23.3,40,876.2,Cherrapunji_Wet,25.2702,91.7323
2023-03-10T13:00,22.6,44,875.4,Cherrapunji_Wet,25.2702,91.7323
2023-03-10T14:00,22,47,874.3,Cherrapunji_Wet,25.2702,91.7323
2023-03-10T15:00,21.5,48,874,Cherrapunji_Wet,25.2702,91.7323
2023-03-10T16:00,20.4,51,873.7,Cherrapunji_Wet,25.2702,91.7323
2023-03-10T17:00,17.9,62,873.7,Cherrapunji_Wet,25.2702,91.7323
2023-03-10T18:00,16.5,69,873.3,Cherrapunji_Wet,25.2702,91.7323
2023-03-10T19:00,16.2,70,873.6,Cherrapunji_Wet,25.2702,91.7323
2023-03-10T20:00,14.7,67,873.3,Cherrapunji_Wet,25.2702,91.7323
2023-03-10T21:00,13.9,63,873.2,Cherrapunji_Wet,25.2702,91.7323
2023-03-10T22:00,13.9,64,873.5,Cherrapunji_Wet,25.2702,91.7323
2023-03-10T23:00,14.3,59,873.6,Cherrapunji_Wet,25.2702,91.7323
2023-03-11T00:00,13.8,56,873.1,Cherrapunji_Wet,25.2702,91.7323
2023-03-11T01:00,13.7,55,872.5,Cherrapunji_Wet,25.2702,91.7323
2023-03-11T02:00,13.2,58,871.6,Cherrapunji_Wet,25.2702,91.7323
2023-03-11T03:00,12.7,62,871.1,Cherrapunji_Wet,25.2702,91.7323
2023-03-11T04:00,12.5,65,871.4,Cherrapunji_Wet,25.2702,91.7323
2023-03-11T05:00,11.9,74,871.9,Cherrapunji_Wet,25.2702,91.7323
2023-03-11T06:00,14.2,64,873.7,Cherrapunji_Wet,25.2702,91.7323
2023-03-11T07:00,18.9,48,876.7,Cherrapunji_Wet,25.2702,91.7323
2023-03-11T08:00,20.5,38,877.7,Cherrapunji_Wet,25.2702,91.7323
2023-03-11T09:00,22.1,32,878,Cherrapunji_Wet,25.2702,91.7323
2023-03-11T10:00,23.1,31,878.2,Cherrapunji_Wet,25.2702,91.7323
2023-03-11T11:00,22.7,40,877.4,Cherrapunji_Wet,25.2702,91.7323
2023-03-11T12:00,23.5,39,876.6,Cherrapunji_Wet,25.2702,91.7323
2023-03-11T13:00,21.7,48,875.6,Cherrapunji_Wet,25.2702,91.7323
2023-03-11T14:00,22,47,874.9,Cherrapunji_Wet,25.2702,91.7323
2023-03-11T15:00,21.7,48,874.6,Cherrapunji_Wet,25.2702,91.7323
2023-03-11T16:00,20.6,53,874.2,Cherrapunji_Wet,25.2702,91.7323
2023-03-11T17:00,19.3,55,874.4,Cherrapunji_Wet,25.2702,91.7323
2023-03-11T18:00,16.2,69,873.4,Cherrapunji_Wet,25.2702,91.7323
2023-03-11T19:00,16,66,874.2,Cherrapunji_Wet,25.2702,91.7323
2023-03-11T20:00,14.8,65,874.2,Cherrapunji_Wet,25.2702,91.7323
2023-03-11T21:00,13.8,64,874.1,Cherrapunji_Wet,25.2702,91.7323
2023-03-11T22:00,13.6,66,873.9,Cherrapunji_Wet,25.2702,91.7323
2023-03-11T23:00,13.9,66,873.8,Cherrapunji_Wet,25.2702,91.7323
2023-03-12T00:00,14.1,61,873.3,Cherrapunji_Wet,25.2702,91.7323
2023-03-12T01:00,13.8,60,872.6,Cherrapunji_Wet,25.2702,91.7323
2023-03-12T02:00,13.8,60,872.1,Cherrapunji_Wet,25.2702,91.7323
2023-03-12T03:00,13.6,60,871.6,Cherrapunji_Wet,25.2702,91.7323
2023-03-12T04:00,13.2,61,871.8,Cherrapunji_Wet,25.2702,91.7323
2023-03-12T05:00,12.2,68,872.2,Cherrapunji_Wet,25.2702,91.7323
2023-03-12T06:00,14.3,59,874,Cherrapunji_Wet,25.2702,91.7323
2023-03-12T07:00,19.8,41,877.1,Cherrapunji_Wet,25.2702,91.7323
2023-03-12T08:00,21.9,31,878,Cherrapunji_Wet,25.2702,91.7323
2023-03-12T09:00,23.1,30,878.1,Cherrapunji_Wet,25.2702,91.7323
2023-03-12T10:00,24,30,878.1,Cherrapunji_Wet,25.2702,91.7323
2023-03-12T11:00,24.5,31,877.1,Cherrapunji_Wet,25.2702,91.7323
2023-03-12T12:00,24.1,32,875.9,Cherrapunji_Wet,25.2702,91.7323
2023-03-12T13:00,24.8,31,875.1,Cherrapunji_Wet,25.2702,91.7323
2023-03-12T14:00,23.9,31,874.1,Cherrapunji_Wet,25.2702,91.7323
2023-03-12T15:00,23.3,31,874.1,Cherrapunji_Wet,25.2702,91.7323
2023-03-12T16:00,22,35,873.9,Cherrapunji_Wet,25.2702,91.7323
2023-03-12T17:00,20.5,41,873.8,Cherrapunji_Wet,25.2702,91.7323
2023-03-12T18:00,17.6,51,873.2,Cherrapunji_Wet,25.2702,91.7323
2023-03-12T19:00,16,62,873,Cherrapunji_Wet,25.2702,91.7323
2023-03-12T20:00,14.3,71,872.9,Cherrapunji_Wet,25.2702,91.7323
2023-03-12T21:00,14.6,65,873.4,Cherrapunji_Wet,25.2702,91.7323
2023-03-12T22:00,15.3,58,873.8,Cherrapunji_Wet,25.2702,91.7323
2023-03-12T23:00,15.1,58,873.4,Cherrapunji_Wet,25.2702,91.7323
2023-03-13T00:00,14.8,58,872.9,Cherrapunji_Wet,25.2702,91.7323
2023-03-13T01:00,14.2,61,871.5,Cherrapunji_Wet,25.2702,91.7323
2023-03-13T02:00,13.2,66,870.8,Cherrapunji_Wet,25.2702,91.7323
2023-03-13T03:00,12.6,68,870.5,Cherrapunji_Wet,25.2702,91.7323
2023-03-13T04:00,12.3,67,870.8,Cherrapunji_Wet,25.2702,91.7323
2023-03-13T05:00,12.3,73,871.4,Cherrapunji_Wet,25.2702,91.7323
2023-03-13T06:00,14.3,65,872.8,Cherrapunji_Wet,25.2702,91.7323
2023-03-13T07:00,20.1,44,876,Cherrapunji_Wet,25.2702,91.7323
2023-03-13T08:00,22.1,36,876.9,Cherrapunji_Wet,25.2702,91.7323
2023-03-13T09:00,23.4,34,877,Cherrapunji_Wet,25.2702,91.7323
2023-03-13T10:00,24.3,35,876.6,Cherrapunji_Wet,25.2702,91.7323
2023-03-13T11:00,24.9,33,875.7,Cherrapunji_Wet,25.2702,91.7323
2023-03-13T12:00,24.3,34,874.6,Cherrapunji_Wet,25.2702,91.7323
2023-03-13T13:00,24.6,33,873.5,Cherrapunji_Wet,25.2702,91.7323
2023-03-13T14:00,23.6,36,872.5,Cherrapunji_Wet,25.2702,91.7323
2023-03-13T15:00,23,38,872.4,Cherrapunji_Wet,25.2702,91.7323
2023-03-13T16:00,22,42,872.4,Cherrapunji_Wet,25.2702,91.7323
2023-03-13T17:00,19.2,55,871.4,Cherrapunji_Wet,25.2702,91.7323
2023-03-13T18:00,17,62,870.8,Cherrapunji_Wet,25.2702,91.7323
2023-03-13T19:00,16.3,64,870.9,Cherrapunji_Wet,25.2702,91.7323
2023-03-13T20:00,15.4,65,871.1,Cherrapunji_Wet,25.2702,91.7323
2023-03-13T21:00,14.7,67,871,Cherrapunji_Wet,25.2702,91.7323
2023-03-13T22:00,14.6,68,870.9,Cherrapunji_Wet,25.2702,91.7323
2023-03-13T23:00,14.5,73,870.8,Cherrapunji_Wet,25.2702,91.7323
2023-03-14T00:00,14.4,74,870.2,Cherrapunji_Wet,25.2702,91.7323
2023-03-14T01:00,13.9,76,869.4,Cherrapunji_Wet,25.2702,91.7323
2023-03-14T02:00,13.5,77,869.1,Cherrapunji_Wet,25.2702,91.7323
2023-03-14T03:00,13.5,74,868.9,Cherrapunji_Wet,25.2702,91.7323
2023-03-14T04:00,13,74,869,Cherrapunji_Wet,25.2702,91.7323
2023-03-14T05:00,13.4,76,869.8,Cherrapunji_Wet,25.2702,91.7323
2023-03-14T06:00,16.4,71,872,Cherrapunji_Wet,25.2702,91.7323
2023-03-14T07:00,20,50,874,Cherrapunji_Wet,25.2702,91.7323
2023-03-14T08:00,21.6,42,874.8,Cherrapunji_Wet,25.2702,91.7323
2023-03-14T09:00,23,35,875.1,Cherrapunji_Wet,25.2702,91.7323
2023-03-14T10:00,22.2,40,874.7,Cherrapunji_Wet,25.2702,91.7323
2023-03-14T11:00,22,44,873.8,Cherrapunji_Wet,25.2702,91.7323
2023-03-14T12:00,22.9,45,872.8,Cherrapunji_Wet,25.2702,91.7323
2023-03-14T13:00,21.2,50,871.6,Cherrapunji_Wet,25.2702,91.7323
2023-03-14T14:00,19.5,55,870.8,Cherrapunji_Wet,25.2702,91.7323
2023-03-14T15:00,19,59,869.7,Cherrapunji_Wet,25.2702,91.7323
2023-03-14T16:00,18.9,58,870.4,Cherrapunji_Wet,25.2702,91.7323
2023-03-14T17:00,16.9,75,870,Cherrapunji_Wet,25.2702,91.7323
2023-03-14T18:00,15.8,80,869.5,Cherrapunji_Wet,25.2702,91.7323
2023-03-14T19:00,15.8,80,870.3,Cherrapunji_Wet,25.2702,91.7323
2023-03-14T20:00,14.8,84,870.2,Cherrapunji_Wet,25.2702,91.7323
2023-03-14T21:00,13.8,89,870,Cherrapunji_Wet,25.2702,91.7323
2023-03-14T22:00,14.1,88,869.8,Cherrapunji_Wet,25.2702,91.7323
2023-03-14T23:00,13.5,88,869.1,Cherrapunji_Wet,25.2702,91.7323
2023-03-15T00:00,13.6,85,868.9,Cherrapunji_Wet,25.2702,91.7323
2023-03-15T01:00,13.4,83,868.4,Cherrapunji_Wet,25.2702,91.7323
2023-03-15T02:00,12.6,84,867.9,Cherrapunji_Wet,25.2702,91.7323
2023-03-15T03:00,13.5,77,868.5,Cherrapunji_Wet,25.2702,91.7323
2023-03-15T04:00,14.4,74,869.3,Cherrapunji_Wet,25.2702,91.7323
2023-03-15T05:00,13.9,83,870.5,Cherrapunji_Wet,25.2702,91.7323
2023-03-15T06:00,15.1,81,871.5,Cherrapunji_Wet,25.2702,91.7323
2023-03-15T07:00,18.4,69,873.2,Cherrapunji_Wet,25.2702,91.7323
2023-03-15T08:00,19.1,67,873.6,Cherrapunji_Wet,25.2702,91.7323
2023-03-15T09:00,16,80,873.7,Cherrapunji_Wet,25.2702,91.7323
2023-03-15T10:00,18.1,73,873.4,Cherrapunji_Wet,25.2702,91.7323
2023-03-15T11:00,18,75,872.7,Cherrapunji_Wet,25.2702,91.7323
2023-03-15T12:00,15.8,82,871.4,Cherrapunji_Wet,25.2702,91.7323
2023-03-15T13:00,18.1,69,870.5,Cherrapunji_Wet,25.2702,91.7323
2023-03-15T14:00,14.9,81,869.9,Cherrapunji_Wet,25.2702,91.7323
2023-03-15T15:00,15.3,83,869.7,Cherrapunji_Wet,25.2702,91.7323
2023-03-15T16:00,15.5,84,870.2,Cherrapunji_Wet,25.2702,91.7323
2023-03-15T17:00,14.6,76,868.8,Cherrapunji_Wet,25.2702,91.7323
2023-03-15T18:00,14.1,76,869,Cherrapunji_Wet,25.2702,91.7323
2023-03-15T19:00,13.5,79,869.5,Cherrapunji_Wet,25.2702,91.7323
2023-03-15T20:00,13.4,86,870.3,Cherrapunji_Wet,25.2702,91.7323
2023-03-15T21:00,13,87,870.7,Cherrapunji_Wet,25.2702,91.7323
2023-03-15T22:00,12.1,91,870.5,Cherrapunji_Wet,25.2702,91.7323
2023-03-15T23:00,12.4,92,870,Cherrapunji_Wet,25.2702,91.7323
2023-03-16T00:00,12.4,90,869.9,Cherrapunji_Wet,25.2702,91.7323
2023-03-16T01:00,12.2,89,869.2,Cherrapunji_Wet,25.2702,91.7323
2023-03-16T02:00,11.8,89,868.8,Cherrapunji_Wet,25.2702,91.7323
2023-03-16T03:00,11.8,88,869.2,Cherrapunji_Wet,25.2702,91.7323
2023-03-16T04:00,11.7,89,869.7,Cherrapunji_Wet,25.2702,91.7323
2023-03-16T05:00,12.9,84,871.4,Cherrapunji_Wet,25.2702,91.7323
2023-03-16T06:00,14.1,84,872.5,Cherrapunji_Wet,25.2702,91.7323
2023-03-16T07:00,16.3,82,874.1,Cherrapunji_Wet,25.2702,91.7323
2023-03-16T08:00,18,78,875.3,Cherrapunji_Wet,25.2702,91.7323
2023-03-16T09:00,18.8,75,875.9,Cherrapunji_Wet,25.2702,91.7323
2023-03-16T10:00,19.4,72,875.9,Cherrapunji_Wet,25.2702,91.7323
2023-03-16T11:00,19.3,71,875.1,Cherrapunji_Wet,25.2702,91.7323
2023-03-16T12:00,19.6,67,874.4,Cherrapunji_Wet,25.2702,91.7323
2023-03-16T13:00,20,64,873.2,Cherrapunji_Wet,25.2702,91.7323
2023-03-16T14:00,18.7,70,872.2,Cherrapunji_Wet,25.2702,91.7323
2023-03-16T15:00,17.6,75,871.5,Cherrapunji_Wet,25.2702,91.7323
2023-03-16T16:00,17.6,71,871.8,Cherrapunji_Wet,25.2702,91.7323
2023-03-16T17:00,14.7,84,871.3,Cherrapunji_Wet,25.2702,91.7323
2023-03-16T18:00,14.5,76,871.9,Cherrapunji_Wet,25.2702,91.7323
2023-03-16T19:00,14.7,74,872.4,Cherrapunji_Wet,25.2702,91.7323
2023-03-16T20:00,14.3,76,872.7,Cherrapunji_Wet,25.2702,91.7323
2023-03-16T21:00,13.8,78,872.6,Cherrapunji_Wet,25.2702,91.7323
2023-03-16T22:00,13,81,872.4,Cherrapunji_Wet,25.2702,91.7323
2023-03-16T23:00,12.5,81,872.2,Cherrapunji_Wet,25.2702,91.7323
2023-03-17T00:00,12.3,79,871.2,Cherrapunji_Wet,25.2702,91.7323
2023-03-17T01:00,12.2,76,870.5,Cherrapunji_Wet,25.2702,91.7323
2023-03-17T02:00,12.2,72,869.8,Cherrapunji_Wet,25.2702,91.7323
2023-03-17T03:00,11.9,72,869.6,Cherrapunji_Wet,25.2702,91.7323
2023-03-17T04:00,11.1,73,869.4,Cherrapunji_Wet,25.2702,91.7323
2023-03-17T05:00,12.4,87,872,Cherrapunji_Wet,25.2702,91.7323
2023-03-17T06:00,13.9,83,872.7,Cherrapunji_Wet,25.2702,91.7323
2023-03-17T07:00,14.9,83,874.3,Cherrapunji_Wet,25.2702,91.7323
2023-03-17T08:00,17.1,76,875.6,Cherrapunji_Wet,25.2702,91.7323
2023-03-17T09:00,19.1,63,876.3,Cherrapunji_Wet,25.2702,91.7323
2023-03-17T10:00,18.6,64,875.8,Cherrapunji_Wet,25.2702,91.7323
2023-03-17T11:00,20.3,58,875.4,Cherrapunji_Wet,25.2702,91.7323
2023-03-17T12:00,20.5,61,874.3,Cherrapunji_Wet,25.2702,91.7323
2023-03-17T13:00,17.3,75,872.5,Cherrapunji_Wet,25.2702,91.7323
2023-03-17T14:00,19.2,64,871.8,Cherrapunji_Wet,25.2702,91.7323
2023-03-17T15:00,19.4,62,871.7,Cherrapunji_Wet,25.2702,91.7323
2023-03-17T16:00,18,68,871.5,Cherrapunji_Wet,25.2702,91.7323
2023-03-17T17:00,15,72,871,Cherrapunji_Wet,25.2702,91.7323
2023-03-17T18:00,13.9,77,871.6,Cherrapunji_Wet,25.2702,91.7323
2023-03-17T19:00,14,80,872.6,Cherrapunji_Wet,25.2702,91.7323
2023-03-17T20:00,14,81,872.6,Cherrapunji_Wet,25.2702,91.7323
2023-03-17T21:00,13.8,82,872.1,Cherrapunji_Wet,25.2702,91.7323
2023-03-17T22:00,13.5,81,871.5,Cherrapunji_Wet,25.2702,91.7323
2023-03-17T23:00,13.1,85,871.1,Cherrapunji_Wet,25.2702,91.7323
2023-03-18T00:00,12.6,88,870.3,Cherrapunji_Wet,25.2702,91.7323
2023-03-18T01:00,11.9,90,869.6,Cherrapunji_Wet,25.2702,91.7323
2023-03-18T02:00,11.9,87,869.3,Cherrapunji_Wet,25.2702,91.7323
2023-03-18T03:00,11.3,86,869.1,Cherrapunji_Wet,25.2702,91.7323
2023-03-18T04:00,12.5,80,869.7,Cherrapunji_Wet,25.2702,91.7323
2023-03-18T05:00,15.8,65,872.1,Cherrapunji_Wet,25.2702,91.7323
2023-03-18T06:00,15.2,77,872,Cherrapunji_Wet,25.2702,91.7323
2023-03-18T07:00,16.9,69,873.6,Cherrapunji_Wet,25.2702,91.7323
2023-03-18T08:00,18.4,64,874.5,Cherrapunji_Wet,25.2702,91.7323
2023-03-18T09:00,19.6,61,874.9,Cherrapunji_Wet,25.2702,91.7323
2023-03-18T10:00,20.1,61,874.6,Cherrapunji_Wet,25.2702,91.7323
2023-03-18T11:00,20.4,60,873.5,Cherrapunji_Wet,25.2702,91.7323
2023-03-18T12:00,20.3,60,872.7,Cherrapunji_Wet,25.2702,91.7323
2023-03-18T13:00,19.9,58,871.4,Cherrapunji_Wet,25.2702,91.7323
2023-03-18T14:00,19.5,59,870.6,Cherrapunji_Wet,25.2702,91.7323
2023-03-18T15:00,19.3,59,870,Cherrapunji_Wet,25.2702,91.7323
2023-03-18T16:00,18.2,66,869.6,Cherrapunji_Wet,25.2702,91.7323
2023-03-18T17:00,15.7,83,869.3,Cherrapunji_Wet,25.2702,91.7323
2023-03-18T18:00,14.6,87,869.4,Cherrapunji_Wet,25.2702,91.7323
2023-03-18T19:00,14.7,84,869.9,Cherrapunji_Wet,25.2702,91.7323
2023-03-18T20:00,13.6,88,870.1,Cherrapunji_Wet,25.2702,91.7323
2023-03-18T21:00,13.4,88,870.4,Cherrapunji_Wet,25.2702,91.7323
2023-03-18T22:00,13.8,84,870.6,Cherrapunji_Wet,25.2702,91.7323
2023-03-18T23:00,15.8,74,871,Cherrapunji_Wet,25.2702,91.7323
2023-03-19T00:00,13.1,87,869.2,Cherrapunji_Wet,25.2702,91.7323
2023-03-19T01:00,12.7,89,868.4,Cherrapunji_Wet,25.2702,91.7323
2023-03-19T02:00,12.5,89,868,Cherrapunji_Wet,25.2702,91.7323
2023-03-19T03:00,12.4,88,868,Cherrapunji_Wet,25.2702,91.7323
2023-03-19T04:00,12.7,88,868.9,Cherrapunji_Wet,25.2702,91.7323
2023-03-19T05:00,13.5,88,868.6,Cherrapunji_Wet,25.2702,91.7323
2023-03-19T06:00,14.3,88,870,Cherrapunji_Wet,25.2702,91.7323
2023-03-19T07:00,15.1,84,871.4,Cherrapunji_Wet,25.2702,91.7323
2023-03-19T08:00,14.9,87,872.2,Cherrapunji_Wet,25.2702,91.7323
2023-03-19T09:00,15.2,86,872.4,Cherrapunji_Wet,25.2702,91.7323
2023-03-19T10:00,15.1,90,872.4,Cherrapunji_Wet,25.2702,91.7323
2023-03-19T11:00,14.8,96,871.5,Cherrapunji_Wet,25.2702,91.7323
2023-03-19T12:00,15.3,96,870.3,Cherrapunji_Wet,25.2702,91.7323
2023-03-19T13:00,14.8,90,868.8,Cherrapunji_Wet,25.2702,91.7323
2023-03-19T14:00,14.9,95,867.8,Cherrapunji_Wet,25.2702,91.7323
2023-03-19T15:00,15.4,96,867.8,Cherrapunji_Wet,25.2702,91.7323
2023-03-19T16:00,14.2,93,868,Cherrapunji_Wet,25.2702,91.7323
2023-03-19T17:00,13,96,868.8,Cherrapunji_Wet,25.2702,91.7323
2023-03-19T18:00,13,97,869.1,Cherrapunji_Wet,25.2702,91.7323
2023-03-19T19:00,12.9,97,869.7,Cherrapunji_Wet,25.2702,91.7323
2023-03-19T20:00,12.4,98,869.4,Cherrapunji_Wet,25.2702,91.7323
2023-03-19T21:00,12.6,98,870.1,Cherrapunji_Wet,25.2702,91.7323
2023-03-19T22:00,12.5,97,869.3,Cherrapunji_Wet,25.2702,91.7323
2023-03-19T23:00,12.3,95,868.6,Cherrapunji_Wet,25.2702,91.7323
2023-03-20T00:00,12.5,96,868.2,Cherrapunji_Wet,25.2702,91.7323
2023-03-20T01:00,12.4,94,867.6,Cherrapunji_Wet,25.2702,91.7323
2023-03-20T02:00,12.2,95,867.2,Cherrapunji_Wet,25.2702,91.7323
2023-03-20T03:00,12,95,867,Cherrapunji_Wet,25.2702,91.7323
2023-03-20T04:00,12,96,867.1,Cherrapunji_Wet,25.2702,91.7323
2023-03-20T05:00,12.4,97,867.8,Cherrapunji_Wet,25.2702,91.7323
2023-03-20T06:00,12.6,97,868.6,Cherrapunji_Wet,25.2702,91.7323
2023-03-20T07:00,13.6,93,869.6,Cherrapunji_Wet,25.2702,91.7323
2023-03-20T08:00,13.7,88,870.6,Cherrapunji_Wet,25.2702,91.7323
2023-03-20T09:00,14.4,93,871,Cherrapunji_Wet,25.2702,91.7323
2023-03-20T10:00,16.4,84,871.2,Cherrapunji_Wet,25.2702,91.7323
2023-03-20T11:00,17.2,79,870.4,Cherrapunji_Wet,25.2702,91.7323
2023-03-20T12:00,16.3,82,869.2,Cherrapunji_Wet,25.2702,91.7323
2023-03-20T13:00,16.8,77,868.2,Cherrapunji_Wet,25.2702,91.7323
2023-03-20T14:00,14.9,86,867.2,Cherrapunji_Wet,25.2702,91.7323
2023-03-20T15:00,15.6,80,867.1,Cherrapunji_Wet,25.2702,91.7323
2023-03-20T16:00,12.5,96,867.4,Cherrapunji_Wet,25.2702,91.7323
2023-03-20T17:00,13.7,89,867.7,Cherrapunji_Wet,25.2702,91.7323
2023-03-20T18:00,12.7,92,868.3,Cherrapunji_Wet,25.2702,91.7323
2023-03-20T19:00,13.4,92,868,Cherrapunji_Wet,25.2702,91.7323
2023-03-20T20:00,13.4,87,868.5,Cherrapunji_Wet,25.2702,91.7323
2023-03-20T21:00,12.7,96,868.8,Cherrapunji_Wet,25.2702,91.7323
2023-03-20T22:00,12.9,95,868.8,Cherrapunji_Wet,25.2702,91.7323
2023-03-20T23:00,12.5,96,868.9,Cherrapunji_Wet,25.2702,91.7323
2023-03-21T00:00,12.6,95,868.1,Cherrapunji_Wet,25.2702,91.7323
2023-03-21T01:00,12.5,97,867.2,Cherrapunji_Wet,25.2702,91.7323
2023-03-21T02:00,12.4,100,867.1,Cherrapunji_Wet,25.2702,91.7323
2023-03-21T03:00,12.2,100,866.9,Cherrapunji_Wet,25.2702,91.7323
2023-03-21T04:00,12.5,99,867.2,Cherrapunji_Wet,25.2702,91.7323
2023-03-21T05:00,12.2,98,867.6,Cherrapunji_Wet,25.2702,91.7323
2023-03-21T06:00,12.5,96,868.5,Cherrapunji_Wet,25.2702,91.7323
2023-03-21T07:00,13,97,869.6,Cherrapunji_Wet,25.2702,91.7323
2023-03-21T08:00,13.5,95,870.4,Cherrapunji_Wet,25.2702,91.7323
2023-03-21T09:00,13.7,93,870.5,Cherrapunji_Wet,25.2702,91.7323
2023-03-21T10:00,16.5,78,871,Cherrapunji_Wet,25.2702,91.7323
2023-03-21T11:00,16.2,89,870.5,Cherrapunji_Wet,25.2702,91.7323
2023-03-21T12:00,14.9,88,869.3,Cherrapunji_Wet,25.2702,91.7323
2023-03-21T13:00,16.6,75,868.5,Cherrapunji_Wet,25.2702,91.7323
2023-03-21T14:00,16.2,79,867.2,Cherrapunji_Wet,25.2702,91.7323
2023-03-21T15:00,15.6,81,867.3,Cherrapunji_Wet,25.2702,91.7323
2023-03-21T16:00,15.2,83,867.2,Cherrapunji_Wet,25.2702,91.7323
2023-03-21T17:00,13.5,93,867.6,Cherrapunji_Wet,25.2702,91.7323
2023-03-21T18:00,12.8,97,867.8,Cherrapunji_Wet,25.2702,91.7323
2023-03-21T19:00,12.3,98,867.7,Cherrapunji_Wet,25.2702,91.7323
2023-03-21T20:00,12.3,97,868.6,Cherrapunji_Wet,25.2702,91.7323
2023-03-21T21:00,12.9,99,869.6,Cherrapunji_Wet,25.2702,91.7323
2023-03-21T22:00,12.7,96,869,Cherrapunji_Wet,25.2702,91.7323
2023-03-21T23:00,13.1,96,869.1,Cherrapunji_Wet,25.2702,91.7323
2023-03-22T00:00,12.6,94,868.1,Cherrapunji_Wet,25.2702,91.7323
2023-03-22T01:00,12.1,94,867.3,Cherrapunji_Wet,25.2702,91.7323
2023-03-22T02:00,12.1,95,866.6,Cherrapunji_Wet,25.2702,91.7323
2023-03-22T03:00,11.8,93,866.3,Cherrapunji_Wet,25.2702,91.7323
2023-03-22T04:00,12.2,92,866.5,Cherrapunji_Wet,25.2702,91.7323
2023-03-22T05:00,11.7,95,866.9,Cherrapunji_Wet,25.2702,91.7323
2023-03-22T06:00,12.2,95,868.8,Cherrapunji_Wet,25.2702,91.7323
2023-03-22T07:00,13.8,92,869.4,Cherrapunji_Wet,25.2702,91.7323
2023-03-22T08:00,15.1,79,870.6,Cherrapunji_Wet,25.2702,91.7323
2023-03-22T09:00,15.7,82,870.9,Cherrapunji_Wet,25.2702,91.7323
2023-03-22T10:00,15.4,75,870.5,Cherrapunji_Wet,25.2702,91.7323
2023-03-22T11:00,15.3,78,869.7,Cherrapunji_Wet,25.2702,91.7323
2023-03-22T12:00,16.6,75,868.8,Cherrapunji_Wet,25.2702,91.7323
2023-03-22T13:00,16.2,89,867.8,Cherrapunji_Wet,25.2702,91.7323
2023-03-22T14:00,15.9,83,866.9,Cherrapunji_Wet,25.2702,91.7323
2023-03-22T15:00,15.8,80,866.3,Cherrapunji_Wet,25.2702,91.7323
2023-03-22T16:00,15.4,81,866.2,Cherrapunji_Wet,25.2702,91.7323
2023-03-22T17:00,13.7,93,866.1,Cherrapunji_Wet,25.2702,91.7323
2023-03-22T18:00,12.5,94,866,Cherrapunji_Wet,25.2702,91.7323
2023-03-22T19:00,12.3,92,866.5,Cherrapunji_Wet,25.2702,91.7323
2023-03-22T20:00,12.3,90,867,Cherrapunji_Wet,25.2702,91.7323
2023-03-22T21:00,12.8,88,868,Cherrapunji_Wet,25.2702,91.7323
2023-03-22T22:00,12.3,93,867.9,Cherrapunji_Wet,25.2702,91.7323
2023-03-22T23:00,11.8,97,867.4,Cherrapunji_Wet,25.2702,91.7323
2023-03-23T00:00,11.5,97,866.9,Cherrapunji_Wet,25.2702,91.7323
2023-03-23T01:00,12.3,96,866.5,Cherrapunji_Wet,25.2702,91.7323
2023-03-23T02:00,12,95,865.9,Cherrapunji_Wet,25.2702,91.7323
2023-03-23T03:00,11.5,96,865.5,Cherrapunji_Wet,25.2702,91.7323
2023-03-23T04:00,10.8,97,865.5,Cherrapunji_Wet,25.2702,91.7323
2023-03-23T05:00,12.9,96,867.1,Cherrapunji_Wet,25.2702,91.7323
2023-03-23T06:00,13.5,93,868,Cherrapunji_Wet,25.2702,91.7323
2023-03-23T07:00,14.8,90,869.2,Cherrapunji_Wet,25.2702,91.7323
2023-03-23T08:00,15.9,82,870.2,Cherrapunji_Wet,25.2702,91.7323
2023-03-23T09:00,16.8,73,870.6,Cherrapunji_Wet,25.2702,91.7323
2023-03-23T10:00,16.8,69,870.7,Cherrapunji_Wet,25.2702,91.7323
2023-03-23T11:00,17.1,69,870.2,Cherrapunji_Wet,25.2702,91.7323
2023-03-23T12:00,18.2,63,869.7,Cherrapunji_Wet,25.2702,91.7323
2023-03-23T13:00,18.3,64,869,Cherrapunji_Wet,25.2702,91.7323
2023-03-23T14:00,17.7,67,868.2,Cherrapunji_Wet,25.2702,91.7323
2023-03-23T15:00,17.6,67,867.7,Cherrapunji_Wet,25.2702,91.7323
2023-03-23T16:00,16.7,72,867.8,Cherrapunji_Wet,25.2702,91.7323
2023-03-23T17:00,14.5,90,868.1,Cherrapunji_Wet,25.2702,91.7323
2023-03-23T18:00,12.9,92,867.7,Cherrapunji_Wet,25.2702,91.7323
2023-03-23T19:00,13.2,88,868.8,Cherrapunji_Wet,25.2702,91.7323
2023-03-23T20:00,12,91,868.8,Cherrapunji_Wet,25.2702,91.7323
2023-03-23T21:00,11.4,91,869.1,Cherrapunji_Wet,25.2702,91.7323
2023-03-23T22:00,11.9,88,869.1,Cherrapunji_Wet,25.2702,91.7323
2023-03-23T23:00,12.7,87,869.6,Cherrapunji_Wet,25.2702,91.7323
2023-03-24T00:00,12,89,868.8,Cherrapunji_Wet,25.2702,91.7323
2023-03-24T01:00,12.1,90,868.3,Cherrapunji_Wet,25.2702,91.7323
2023-03-24T02:00,11.1,94,867.6,Cherrapunji_Wet,25.2702,91.7323
2023-03-24T03:00,10.4,95,866.9,Cherrapunji_Wet,25.2702,91.7323
2023-03-24T04:00,10.7,94,866.9,Cherrapunji_Wet,25.2702,91.7323
2023-03-24T05:00,11.6,92,868.4,Cherrapunji_Wet,25.2702,91.7323
2023-03-24T06:00,13.3,83,869.7,Cherrapunji_Wet,25.2702,91.7323
2023-03-24T07:00,15.3,83,871.4,Cherrapunji_Wet,25.2702,91.7323
2023-03-24T08:00,16.5,79,872.3,Cherrapunji_Wet,25.2702,91.7323
2023-03-24T09:00,16.9,73,872.8,Cherrapunji_Wet,25.2702,91.7323
2023-03-24T10:00,17.3,69,872.8,Cherrapunji_Wet,25.2702,91.7323
2023-03-24T11:00,17.4,74,872.1,Cherrapunji_Wet,25.2702,91.7323
2023-03-24T12:00,17.9,78,871.3,Cherrapunji_Wet,25.2702,91.7323
2023-03-24T13:00,18.6,67,870.5,Cherrapunji_Wet,25.2702,91.7323
2023-03-24T14:00,18.8,64,869.9,Cherrapunji_Wet,25.2702,91.7323
2023-03-24T15:00,18.3,66,869.4,Cherrapunji_Wet,25.2702,91.7323
2023-03-24T16:00,17.3,70,869.4,Cherrapunji_Wet,25.2702,91.7323
2023-03-24T17:00,15.8,73,869.6,Cherrapunji_Wet,25.2702,91.7323
2023-03-24T18:00,13.3,88,869,Cherrapunji_Wet,25.2702,91.7323
2023-03-24T19:00,13,87,869.7,Cherrapunji_Wet,25.2702,91.7323
2023-03-24T20:00,12.6,88,870.1,Cherrapunji_Wet,25.2702,91.7323
2023-03-24T21:00,12.1,88,870.5,Cherrapunji_Wet,25.2702,91.7323
2023-03-24T22:00,11.6,88,870.4,Cherrapunji_Wet,25.2702,91.7323
2023-03-24T23:00,11.1,88,870,Cherrapunji_Wet,25.2702,91.7323
2023-03-25T00:00,10.8,88,869.4,Cherrapunji_Wet,25.2702,91.7323
2023-03-25T01:00,10.9,87,869,Cherrapunji_Wet,25.2702,91.7323
2023-03-25T02:00,10.8,87,868.5,Cherrapunji_Wet,25.2702,91.7323
2023-03-25T03:00,10.4,85,868.1,Cherrapunji_Wet,25.2702,91.7323
2023-03-25T04:00,9.8,83,868.2,Cherrapunji_Wet,25.2702,91.7323
2023-03-25T05:00,9.7,85,868.9,Cherrapunji_Wet,25.2702,91.7323
2023-03-25T06:00,12.7,80,871.1,Cherrapunji_Wet,25.2702,91.7323
2023-03-25T07:00,16.8,66,873.9,Cherrapunji_Wet,25.2702,91.7323
2023-03-25T08:00,17.8,66,874.6,Cherrapunji_Wet,25.2702,91.7323
2023-03-25T09:00,19,60,874.9,Cherrapunji_Wet,25.2702,91.7323
2023-03-25T10:00,19.4,59,874.6,Cherrapunji_Wet,25.2702,91.7323
2023-03-25T11:00,19.5,60,874,Cherrapunji_Wet,25.2702,91.7323
2023-03-25T12:00,19.4,68,873,Cherrapunji_Wet,25.2702,91.7323
2023-03-25T13:00,17.7,78,871.6,Cherrapunji_Wet,25.2702,91.7323
2023-03-25T14:00,18.1,81,870.7,Cherrapunji_Wet,25.2702,91.7323
2023-03-25T15:00,18.5,77,870.3,Cherrapunji_Wet,25.2702,91.7323
2023-03-25T16:00,17.8,79,869.8,Cherrapunji_Wet,25.2702,91.7323
2023-03-25T17:00,16.5,84,870.3,Cherrapunji_Wet,25.2702,91.7323
2023-03-25T18:00,13.9,93,869.6,Cherrapunji_Wet,25.2702,91.7323
2023-03-25T19:00,13.5,92,869.8,Cherrapunji_Wet,25.2702,91.7323
2023-03-25T20:00,13.6,92,870.8,Cherrapunji_Wet,25.2702,91.7323
2023-03-25T21:00,13,94,870.7,Cherrapunji_Wet,25.2702,91.7323
2023-03-25T22:00,12.9,95,870.6,Cherrapunji_Wet,25.2702,91.7323
2023-03-25T23:00,12.6,94,869.8,Cherrapunji_Wet,25.2702,91.7323
2023-03-26T00:00,13.1,93,869.1,Cherrapunji_Wet,25.2702,91.7323
2023-03-26T01:00,13.1,92,868.5,Cherrapunji_Wet,25.2702,91.7323
2023-03-26T02:00,12.7,95,868,Cherrapunji_Wet,25.2702,91.7323
2023-03-26T03:00,12.8,95,867.7,Cherrapunji_Wet,25.2702,91.7323
2023-03-26T04:00,13.5,94,868.2,Cherrapunji_Wet,25.2702,91.7323
2023-03-26T05:00,13.4,94,868.7,Cherrapunji_Wet,25.2702,91.7323
2023-03-26T06:00,15.7,87,870.5,Cherrapunji_Wet,25.2702,91.7323
2023-03-26T07:00,17.1,87,871.3,Cherrapunji_Wet,25.2702,91.7323
2023-03-26T08:00,17.8,83,872.1,Cherrapunji_Wet,25.2702,91.7323
2023-03-26T09:00,18.2,79,872.4,Cherrapunji_Wet,25.2702,91.7323
2023-03-26T10:00,18.9,75,872.2,Cherrapunji_Wet,25.2702,91.7323
2023-03-26T11:00,18.8,74,871.8,Cherrapunji_Wet,25.2702,91.7323
2023-03-26T12:00,19.1,72,870.7,Cherrapunji_Wet,25.2702,91.7323
2023-03-26T13:00,19.2,78,869.8,Cherrapunji_Wet,25.2702,91.7323
2023-03-26T14:00,18.1,84,868.8,Cherrapunji_Wet,25.2702,91.7323
2023-03-26T15:00,18.7,80,868.4,Cherrapunji_Wet,25.2702,91.7323
2023-03-26T16:00,17.9,81,868.1,Cherrapunji_Wet,25.2702,91.7323
2023-03-26T17:00,16.5,89,868.5,Cherrapunji_Wet,25.2702,91.7323
2023-03-26T18:00,14.5,94,867.7,Cherrapunji_Wet,25.2702,91.7323
2023-03-26T19:00,14.3,93,868.1,Cherrapunji_Wet,25.2702,91.7323
2023-03-26T20:00,13.7,90,868.4,Cherrapunji_Wet,25.2702,91.7323
2023-03-26T21:00,15.2,92,869.7,Cherrapunji_Wet,25.2702,91.7323
2023-03-26T22:00,15.8,89,869.8,Cherrapunji_Wet,25.2702,91.7323
2023-03-26T23:00,15.7,92,869.2,Cherrapunji_Wet,25.2702,91.7323
2023-03-27T00:00,15.2,94,868.4,Cherrapunji_Wet,25.2702,91.7323
2023-03-27T01:00,15.6,92,868,Cherrapunji_Wet,25.2702,91.7323
2023-03-27T02:00,15.6,90,867.6,Cherrapunji_Wet,25.2702,91.7323
2023-03-27T03:00,15.2,94,867.5,Cherrapunji_Wet,25.2702,91.7323
2023-03-27T04:00,15.1,94,867.6,Cherrapunji_Wet,25.2702,91.7323
2023-03-27T05:00,14.5,94,869,Cherrapunji_Wet,25.2702,91.7323
2023-03-27T06:00,15.4,92,870.1,Cherrapunji_Wet,25.2702,91.7323
2023-03-27T07:00,16.4,90,871.2,Cherrapunji_Wet,25.2702,91.7323
2023-03-27T08:00,18.2,81,872,Cherrapunji_Wet,25.2702,91.7323
2023-03-27T09:00,18.7,81,872.2,Cherrapunji_Wet,25.2702,91.7323
2023-03-27T10:00,19.5,80,872.3,Cherrapunji_Wet,25.2702,91.7323
2023-03-27T11:00,20.8,74,872,Cherrapunji_Wet,25.2702,91.7323
2023-03-27T12:00,19.6,77,870.9,Cherrapunji_Wet,25.2702,91.7323
2023-03-27T13:00,19.6,74,869.7,Cherrapunji_Wet,25.2702,91.7323
2023-03-27T14:00,17.9,82,869,Cherrapunji_Wet,25.2702,91.7323
2023-03-27T15:00,16.8,83,868.6,Cherrapunji_Wet,25.2702,91.7323
2023-03-27T16:00,17.4,79,868.5,Cherrapunji_Wet,25.2702,91.7323
2023-03-27T17:00,15.7,96,868.1,Cherrapunji_Wet,25.2702,91.7323
2023-03-27T18:00,14.4,92,868.2,Cherrapunji_Wet,25.2702,91.7323
2023-03-27T19:00,14.2,92,868.5,Cherrapunji_Wet,25.2702,91.7323
2023-03-27T20:00,14.7,93,869.6,Cherrapunji_Wet,25.2702,91.7323
2023-03-27T21:00,14.8,93,869.9,Cherrapunji_Wet,25.2702,91.7323
2023-03-27T22:00,14.5,94,869.7,Cherrapunji_Wet,25.2702,91.7323
2023-03-27T23:00,14.5,97,869.4,Cherrapunji_Wet,25.2702,91.7323
2023-03-28T00:00,14.1,97,868.5,Cherrapunji_Wet,25.2702,91.7323
2023-03-28T01:00,13.8,96,867.7,Cherrapunji_Wet,25.2702,91.7323
2023-03-28T02:00,13.9,93,867.4,Cherrapunji_Wet,25.2702,91.7323
2023-03-28T03:00,13.8,90,867.3,Cherrapunji_Wet,25.2702,91.7323
2023-03-28T04:00,13.6,91,867.8,Cherrapunji_Wet,25.2702,91.7323
2023-03-28T05:00,14.1,88,869.2,Cherrapunji_Wet,25.2702,91.7323
2023-03-28T06:00,15.2,88,870.6,Cherrapunji_Wet,25.2702,91.7323
2023-03-28T07:00,15.8,85,871.5,Cherrapunji_Wet,25.2702,91.7323
2023-03-28T08:00,17.8,77,872.5,Cherrapunji_Wet,25.2702,91.7323
2023-03-28T09:00,18.4,73,872.6,Cherrapunji_Wet,25.2702,91.7323
2023-03-28T10:00,19.5,67,872.7,Cherrapunji_Wet,25.2702,91.7323
2023-03-28T11:00,19,73,872.1,Cherrapunji_Wet,25.2702,91.7323
2023-03-28T12:00,20.2,66,871.3,Cherrapunji_Wet,25.2702,91.7323
2023-03-28T13:00,19.6,63,870.5,Cherrapunji_Wet,25.2702,91.7323
2023-03-28T14:00,19.3,61,869.8,Cherrapunji_Wet,25.2702,91.7323
2023-03-28T15:00,17.8,71,869.7,Cherrapunji_Wet,25.2702,91.7323
2023-03-28T16:00,17.2,74,869.5,Cherrapunji_Wet,25.2702,91.7323
2023-03-28T17:00,16.9,79,870,Cherrapunji_Wet,25.2702,91.7323
2023-03-28T18:00,15.1,86,869.9,Cherrapunji_Wet,25.2702,91.7323
2023-03-28T19:00,14.5,87,870.7,Cherrapunji_Wet,25.2702,91.7323
2023-03-28T20:00,15.6,81,871.8,Cherrapunji_Wet,25.2702,91.7323
2023-03-28T21:00,13.5,86,871.1,Cherrapunji_Wet,25.2702,91.7323
2023-03-28T22:00,13.1,85,870.7,Cherrapunji_Wet,25.2702,91.7323
2023-03-28T23:00,12.7,84,870.1,Cherrapunji_Wet,25.2702,91.7323
2023-03-29T00:00,12.6,83,869.9,Cherrapunji_Wet,25.2702,91.7323
2023-03-29T01:00,13.2,79,869.7,Cherrapunji_Wet,25.2702,91.7323
2023-03-29T02:00,12.3,85,869,Cherrapunji_Wet,25.2702,91.7323
2023-03-29T03:00,12.6,84,869.1,Cherrapunji_Wet,25.2702,91.7323
2023-03-29T04:00,12,86,868.8,Cherrapunji_Wet,25.2702,91.7323
2023-03-29T05:00,13.2,84,870.8,Cherrapunji_Wet,25.2702,91.7323
2023-03-29T06:00,14.6,83,872.4,Cherrapunji_Wet,25.2702,91.7323
2023-03-29T07:00,17,78,873.9,Cherrapunji_Wet,25.2702,91.7323
2023-03-29T08:00,17.7,76,874.3,Cherrapunji_Wet,25.2702,91.7323
2023-03-29T09:00,18.3,78,874.5,Cherrapunji_Wet,25.2702,91.7323
2023-03-29T10:00,19.7,72,874.8,Cherrapunji_Wet,25.2702,91.7323
2023-03-29T11:00,18.7,72,873.7,Cherrapunji_Wet,25.2702,91.7323
2023-03-29T12:00,18.8,72,872.9,Cherrapunji_Wet,25.2702,91.7323
2023-03-29T13:00,19.4,76,871.9,Cherrapunji_Wet,25.2702,91.7323
2023-03-29T14:00,19.5,72,871,Cherrapunji_Wet,25.2702,91.7323
2023-03-29T15:00,18.9,70,870.4,Cherrapunji_Wet,25.2702,91.7323
2023-03-29T16:00,18.2,73,870.3,Cherrapunji_Wet,25.2702,91.7323
2023-03-29T17:00,15.4,92,870.6,Cherrapunji_Wet,25.2702,91.7323
2023-03-29T18:00,14.5,94,870.2,Cherrapunji_Wet,25.2702,91.7323
2023-03-29T19:00,13,95,870.3,Cherrapunji_Wet,25.2702,91.7323
2023-03-29T20:00,14.4,90,871.7,Cherrapunji_Wet,25.2702,91.7323
2023-03-29T21:00,14.2,90,872,Cherrapunji_Wet,25.2702,91.7323
2023-03-29T22:00,13.4,93,871.3,Cherrapunji_Wet,25.2702,91.7323
2023-03-29T23:00,12.8,92,870.5,Cherrapunji_Wet,25.2702,91.7323
2023-03-30T00:00,12.8,91,870.1,Cherrapunji_Wet,25.2702,91.7323
2023-03-30T01:00,13.2,92,869.5,Cherrapunji_Wet,25.2702,91.7323
2023-03-30T02:00,13.5,90,868.9,Cherrapunji_Wet,25.2702,91.7323
2023-03-30T03:00,13.4,92,868.6,Cherrapunji_Wet,25.2702,91.7323
2023-03-30T04:00,13.4,91,868.6,Cherrapunji_Wet,25.2702,91.7323
2023-03-30T05:00,13.3,89,869.3,Cherrapunji_Wet,25.2702,91.7323
2023-03-30T06:00,15.6,82,870.8,Cherrapunji_Wet,25.2702,91.7323
2023-03-30T07:00,16.6,81,871.9,Cherrapunji_Wet,25.2702,91.7323
2023-03-30T08:00,17.8,75,872.6,Cherrapunji_Wet,25.2702,91.7323
2023-03-30T09:00,18,74,872.7,Cherrapunji_Wet,25.2702,91.7323
2023-03-30T10:00,19.2,68,872.6,Cherrapunji_Wet,25.2702,91.7323
2023-03-30T11:00,19.5,67,871.9,Cherrapunji_Wet,25.2702,91.7323
2023-03-30T12:00,19.1,66,870.9,Cherrapunji_Wet,25.2702,91.7323
2023-03-30T13:00,18.5,70,869.8,Cherrapunji_Wet,25.2702,91.7323
2023-03-30T14:00,18.4,74,868.7,Cherrapunji_Wet,25.2702,91.7323
2023-03-30T15:00,18.8,70,868,Cherrapunji_Wet,25.2702,91.7323
2023-03-30T16:00,17.5,78,868.1,Cherrapunji_Wet,25.2702,91.7323
2023-03-30T17:00,15.8,89,868.2,Cherrapunji_Wet,25.2702,91.7323
2023-03-30T18:00,14.4,92,867.7,Cherrapunji_Wet,25.2702,91.7323
2023-03-30T19:00,14.5,88,868.6,Cherrapunji_Wet,25.2702,91.7323
2023-03-30T20:00,13.5,89,869.1,Cherrapunji_Wet,25.2702,91.7323
2023-03-30T21:00,13.1,89,869.2,Cherrapunji_Wet,25.2702,91.7323
2023-03-30T22:00,13.3,87,870,Cherrapunji_Wet,25.2702,91.7323
2023-03-30T23:00,14.1,84,869.7,Cherrapunji_Wet,25.2702,91.7323
2023-03-31T00:00,13.3,88,869,Cherrapunji_Wet,25.2702,91.7323
2023-03-31T01:00,13,88,868.7,Cherrapunji_Wet,25.2702,91.7323
2023-03-31T02:00,13.6,88,868.1,Cherrapunji_Wet,25.2702,91.7323
2023-03-31T03:00,12.8,90,867.7,Cherrapunji_Wet,25.2702,91.7323
2023-03-31T04:00,13.6,87,867.8,Cherrapunji_Wet,25.2702,91.7323
2023-03-31T05:00,14.5,85,869.5,Cherrapunji_Wet,25.2702,91.7323
2023-03-31T06:00,15.4,85,870.7,Cherrapunji_Wet,25.2702,91.7323
2023-03-31T07:00,17.2,76,872.4,Cherrapunji_Wet,25.2702,91.7323
2023-03-31T08:00,18.4,76,873.2,Cherrapunji_Wet,25.2702,91.7323
2023-03-31T09:00,19.7,75,873.6,Cherrapunji_Wet,25.2702,91.7323
2023-03-31T10:00,20.4,74,873.5,Cherrapunji_Wet,25.2702,91.7323
2023-03-31T11:00,20.5,76,873.1,Cherrapunji_Wet,25.2702,91.7323
2023-03-31T12:00,19.3,80,872.1,Cherrapunji_Wet,25.2702,91.7323
2023-03-31T13:00,19.8,75,871.1,Cherrapunji_Wet,25.2702,91.7323
2023-03-31T14:00,19.1,73,870.2,Cherrapunji_Wet,25.2702,91.7323
2023-03-31T15:00,16.7,84,870.1,Cherrapunji_Wet,25.2702,91.7323
2023-03-31T16:00,15.7,91,868.6,Cherrapunji_Wet,25.2702,91.7323
2023-03-31T17:00,15.9,90,869.8,Cherrapunji_Wet,25.2702,91.7323
2023-03-31T18:00,15,94,869.7,Cherrapunji_Wet,25.2702,91.7323
2023-03-31T19:00,14.1,95,869.8,Cherrapunji_Wet,25.2702,91.7323
2023-03-31T20:00,14.9,92,870.6,Cherrapunji_Wet,25.2702,91.7323
2023-03-31T21:00,13.7,93,869.8,Cherrapunji_Wet,25.2702,91.7323
2023-03-31T22:00,13.4,91,869.5,Cherrapunji_Wet,25.2702,91.7323
2023-03-31T23:00,12.7,90,868.9,Cherrapunji_Wet,25.2702,91.7323
2023-04-01T00:00,13.2,86,868.4,Cherrapunji_Wet,25.2702,91.7323
2023-04-01T01:00,13.8,82,868.5,Cherrapunji_Wet,25.2702,91.7323
2023-04-01T02:00,14.4,81,868.4,Cherrapunji_Wet,25.2702,91.7323
2023-04-01T03:00,13.2,89,867.8,Cherrapunji_Wet,25.2702,91.7323
2023-04-01T04:00,13.5,90,868,Cherrapunji_Wet,25.2702,91.7323
2023-04-01T05:00,16.6,75,869.5,Cherrapunji_Wet,25.2702,91.7323
2023-04-01T06:00,16.6,80,870,Cherrapunji_Wet,25.2702,91.7323
2023-04-01T07:00,17.2,78,871.1,Cherrapunji_Wet,25.2702,91.7323
2023-04-01T08:00,17.1,76,871.8,Cherrapunji_Wet,25.2702,91.7323
2023-04-01T09:00,16.8,84,871.4,Cherrapunji_Wet,25.2702,91.7323
2023-04-01T10:00,17.3,75,871.1,Cherrapunji_Wet,25.2702,91.7323
2023-04-01T11:00,18,76,870.4,Cherrapunji_Wet,25.2702,91.7323
2023-04-01T12:00,17.7,80,869.5,Cherrapunji_Wet,25.2702,91.7323
2023-04-01T13:00,15.7,85,868.4,Cherrapunji_Wet,25.2702,91.7323
2023-04-01T14:00,16.8,81,867.3,Cherrapunji_Wet,25.2702,91.7323
2023-04-01T15:00,16.8,79,867,Cherrapunji_Wet,25.2702,91.7323
2023-04-01T16:00,15.4,88,866.5,Cherrapunji_Wet,25.2702,91.7323
2023-04-01T17:00,14.8,92,867.7,Cherrapunji_Wet,25.2702,91.7323
2023-04-01T18:00,13.7,98,867.3,Cherrapunji_Wet,25.2702,91.7323
2023-04-01T19:00,14,95,867.5,Cherrapunji_Wet,25.2702,91.7323
2023-04-01T20:00,12.7,94,867.5,Cherrapunji_Wet,25.2702,91.7323
2023-04-01T21:00,12.1,97,867.5,Cherrapunji_Wet,25.2702,91.7323
2023-04-01T22:00,12.8,97,867.9,Cherrapunji_Wet,25.2702,91.7323
2023-04-01T23:00,13,96,867.3,Cherrapunji_Wet,25.2702,91.7323
2023-04-02T00:00,12.5,95,867.3,Cherrapunji_Wet,25.2702,91.7323
2023-04-02T01:00,13.1,96,866.7,Cherrapunji_Wet,25.2702,91.7323
2023-04-02T02:00,12.7,97,866.2,Cherrapunji_Wet,25.2702,91.7323
2023-04-02T03:00,12.5,99,866,Cherrapunji_Wet,25.2702,91.7323
2023-04-02T04:00,12.8,96,866.1,Cherrapunji_Wet,25.2702,91.7323
2023-04-02T05:00,12.4,94,866.5,Cherrapunji_Wet,25.2702,91.7323
2023-04-02T06:00,13.4,91,867.9,Cherrapunji_Wet,25.2702,91.7323
2023-04-02T07:00,13.4,96,869,Cherrapunji_Wet,25.2702,91.7323
2023-04-02T08:00,14.8,94,869.6,Cherrapunji_Wet,25.2702,91.7323
2023-04-02T09:00,16.3,85,869.8,Cherrapunji_Wet,25.2702,91.7323
2023-04-02T10:00,17.1,79,869.7,Cherrapunji_Wet,25.2702,91.7323
2023-04-02T11:00,18.1,69,869.1,Cherrapunji_Wet,25.2702,91.7323
2023-04-02T12:00,16.1,76,868,Cherrapunji_Wet,25.2702,91.7323
2023-04-02T13:00,16.5,74,867.2,Cherrapunji_Wet,25.2702,91.7323
2023-04-02T14:00,16.8,72,866,Cherrapunji_Wet,25.2702,91.7323
2023-04-02T15:00,16.6,78,865.7,Cherrapunji_Wet,25.2702,91.7323
2023-04-02T16:00,15.9,81,865.6,Cherrapunji_Wet,25.2702,91.7323
2023-04-02T17:00,14.2,91,865.6,Cherrapunji_Wet,25.2702,91.7323
2023-04-02T18:00,13.2,87,865.2,Cherrapunji_Wet,25.2702,91.7323
2023-04-02T19:00,13.6,89,866.8,Cherrapunji_Wet,25.2702,91.7323
2023-04-02T20:00,12.3,91,866.5,Cherrapunji_Wet,25.2702,91.7323
2023-04-02T21:00,11.9,91,866.8,Cherrapunji_Wet,25.2702,91.7323
2023-04-02T22:00,12.6,91,867,Cherrapunji_Wet,25.2702,91.7323
2023-04-02T23:00,12.7,92,866.6,Cherrapunji_Wet,25.2702,91.7323
2023-04-03T00:00,13,94,865.9,Cherrapunji_Wet,25.2702,91.7323
2023-04-03T01:00,13.2,94,865.9,Cherrapunji_Wet,25.2702,91.7323
2023-04-03T02:00,13.2,96,865.4,Cherrapunji_Wet,25.2702,91.7323
2023-04-03T03:00,13.3,96,865.2,Cherrapunji_Wet,25.2702,91.7323
2023-04-03T04:00,13.1,96,865.8,Cherrapunji_Wet,25.2702,91.7323
2023-04-03T05:00,12.6,98,866.2,Cherrapunji_Wet,25.2702,91.7323
2023-04-03T06:00,13,99,867.2,Cherrapunji_Wet,25.2702,91.7323
2023-04-03T07:00,13.5,98,868.4,Cherrapunji_Wet,25.2702,91.7323
2023-04-03T08:00,14.4,98,869.2,Cherrapunji_Wet,25.2702,91.7323
2023-04-03T09:00,15.4,97,869.6,Cherrapunji_Wet,25.2702,91.7323
2023-04-03T10:00,16.9,83,870.2,Cherrapunji_Wet,25.2702,91.7323
2023-04-03T11:00,16.8,83,869.4,Cherrapunji_Wet,25.2702,91.7323
2023-04-03T12:00,17.9,81,869,Cherrapunji_Wet,25.2702,91.7323
2023-04-03T13:00,18.4,80,868.2,Cherrapunji_Wet,25.2702,91.7323
2023-04-03T14:00,18.7,71,867.4,Cherrapunji_Wet,25.2702,91.7323
2023-04-03T15:00,18.4,68,867.1,Cherrapunji_Wet,25.2702,91.7323
2023-04-03T16:00,16.8,76,867.1,Cherrapunji_Wet,25.2702,91.7323
2023-04-03T17:00,15.9,86,867.9,Cherrapunji_Wet,25.2702,91.7323
2023-04-03T18:00,13.3,97,867.9,Cherrapunji_Wet,25.2702,91.7323
2023-04-03T19:00,13,97,867.9,Cherrapunji_Wet,25.2702,91.7323
2023-04-03T20:00,12.8,96,868.4,Cherrapunji_Wet,25.2702,91.7323
2023-04-03T21:00,12.6,94,868.4,Cherrapunji_Wet,25.2702,91.7323
2023-04-03T22:00,12.9,90,868.6,Cherrapunji_Wet,25.2702,91.7323
2023-04-03T23:00,13.3,88,868.4,Cherrapunji_Wet,25.2702,91.7323
2023-04-04T00:00,15.3,83,868.9,Cherrapunji_Wet,25.2702,91.7323
2023-04-04T01:00,11.9,92,866.8,Cherrapunji_Wet,25.2702,91.7323
2023-04-04T02:00,12.8,94,867,Cherrapunji_Wet,25.2702,91.7323
2023-04-04T03:00,13.3,93,866.9,Cherrapunji_Wet,25.2702,91.7323
2023-04-04T04:00,13.1,94,867,Cherrapunji_Wet,25.2702,91.7323
2023-04-04T05:00,13.6,96,868,Cherrapunji_Wet,25.2702,91.7323
2023-04-04T06:00,14.4,92,869.2,Cherrapunji_Wet,25.2702,91.7323
2023-04-04T07:00,15.3,95,870.2,Cherrapunji_Wet,25.2702,91.7323
2023-04-04T08:00,15.7,86,870.7,Cherrapunji_Wet,25.2702,91.7323
2023-04-04T09:00,16.5,95,871.3,Cherrapunji_Wet,25.2702,91.7323
2023-04-04T10:00,16.4,98,871,Cherrapunji_Wet,25.2702,91.7323
2023-04-04T11:00,17.6,90,870.6,Cherrapunji_Wet,25.2702,91.7323
2023-04-04T12:00,18.8,82,870.2,Cherrapunji_Wet,25.2702,91.7323
2023-04-04T13:00,19.6,78,869.5,Cherrapunji_Wet,25.2702,91.7323
2023-04-04T14:00,19.6,75,868.6,Cherrapunji_Wet,25.2702,91.7323
2023-04-04T15:00,18.4,75,868.1,Cherrapunji_Wet,25.2702,91.7323
2023-04-04T16:00,16.8,85,867.5,Cherrapunji_Wet,25.2702,91.7323
2023-04-04T17:00,16.1,87,868.4,Cherrapunji_Wet,25.2702,91.7323
2023-04-04T18:00,15.4,90,867.8,Cherrapunji_Wet,25.2702,91.7323
2023-04-04T19:00,14.4,92,868,Cherrapunji_Wet,25.2702,91.7323
2023-04-04T20:00,13.9,92,868.3,Cherrapunji_Wet,25.2702,91.7323
2023-04-04T21:00,15.1,88,869.1,Cherrapunji_Wet,25.2702,91.7323
2023-04-04T22:00,14.7,89,869,Cherrapunji_Wet,25.2702,91.7323
2023-04-04T23:00,14.7,91,868.9,Cherrapunji_Wet,25.2702,91.7323
2023-04-05T00:00,15,88,868.3,Cherrapunji_Wet,25.2702,91.7323
2023-04-05T01:00,14.6,91,867.5,Cherrapunji_Wet,25.2702,91.7323
2023-04-05T02:00,14.8,90,867.3,Cherrapunji_Wet,25.2702,91.7323
2023-04-05T03:00,14.9,92,866.7,Cherrapunji_Wet,25.2702,91.7323
2023-04-05T04:00,14.9,91,866.9,Cherrapunji_Wet,25.2702,91.7323
2023-04-05T05:00,14.9,93,867.9,Cherrapunji_Wet,25.2702,91.7323
2023-04-05T06:00,15.8,97,867.9,Cherrapunji_Wet,25.2702,91.7323
2023-04-05T07:00,16.9,98,869.6,Cherrapunji_Wet,25.2702,91.7323
2023-04-05T08:00,17.9,96,870.4,Cherrapunji_Wet,25.2702,91.7323
2023-04-05T09:00,18.6,91,870.9,Cherrapunji_Wet,25.2702,91.7323
2023-04-05T10:00,19.2,89,871,Cherrapunji_Wet,25.2702,91.7323
2023-04-05T11:00,18.3,92,870.7,Cherrapunji_Wet,25.2702,91.7323
2023-04-05T12:00,18.8,85,869.8,Cherrapunji_Wet,25.2702,91.7323
2023-04-05T13:00,19.3,79,869.1,Cherrapunji_Wet,25.2702,91.7323
2023-04-05T14:00,19.1,80,868.6,Cherrapunji_Wet,25.2702,91.7323
2023-04-05T15:00,17.6,86,868.3,Cherrapunji_Wet,25.2702,91.7323
2023-04-05T16:00,17.3,90,868.4,Cherrapunji_Wet,25.2702,91.7323
2023-04-05T17:00,16.4,94,868.9,Cherrapunji_Wet,25.2702,91.7323
2023-04-05T18:00,15,95,868.5,Cherrapunji_Wet,25.2702,91.7323
2023-04-05T19:00,14,96,869.1,Cherrapunji_Wet,25.2702,91.7323
2023-04-05T20:00,14.1,97,870.1,Cherrapunji_Wet,25.2702,91.7323
2023-04-05T21:00,13.2,96,869.9,Cherrapunji_Wet,25.2702,91.7323
2023-04-05T22:00,15.5,90,870.8,Cherrapunji_Wet,25.2702,91.7323
2023-04-05T23:00,13.6,94,869.6,Cherrapunji_Wet,25.2702,91.7323
2023-04-06T00:00,12.8,95,868.4,Cherrapunji_Wet,25.2702,91.7323
2023-04-06T01:00,14.2,86,868.6,Cherrapunji_Wet,25.2702,91.7323
2023-04-06T02:00,13.5,90,868,Cherrapunji_Wet,25.2702,91.7323
2023-04-06T03:00,12.5,90,867.4,Cherrapunji_Wet,25.2702,91.7323
2023-04-06T04:00,14.2,86,868.8,Cherrapunji_Wet,25.2702,91.7323
2023-04-06T05:00,12.4,90,869,Cherrapunji_Wet,25.2702,91.7323
2023-04-06T06:00,16.1,85,871.6,Cherrapunji_Wet,25.2702,91.7323
2023-04-06T07:00,17.5,85,873.1,Cherrapunji_Wet,25.2702,91.7323
2023-04-06T08:00,18.9,73,874,Cherrapunji_Wet,25.2702,91.7323
2023-04-06T09:00,19.7,67,874.4,Cherrapunji_Wet,25.2702,91.7323
2023-04-06T10:00,19.9,65,874.4,Cherrapunji_Wet,25.2702,91.7323
2023-04-06T11:00,20.2,63,874,Cherrapunji_Wet,25.2702,91.7323
2023-04-06T12:00,20.7,64,873.3,Cherrapunji_Wet,25.2702,91.7323
2023-04-06T13:00,21.1,61,872.5,Cherrapunji_Wet,25.2702,91.7323
2023-04-06T14:00,20.8,66,871.7,Cherrapunji_Wet,25.2702,91.7323
2023-04-06T15:00,20,70,871.1,Cherrapunji_Wet,25.2702,91.7323
2023-04-06T16:00,19.2,75,870.9,Cherrapunji_Wet,25.2702,91.7323
2023-04-06T17:00,17.8,82,871.4,Cherrapunji_Wet,25.2702,91.7323
2023-04-06T18:00,15,90,870.5,Cherrapunji_Wet,25.2702,91.7323
2023-04-06T19:00,14.1,90,870.9,Cherrapunji_Wet,25.2702,91.7323
2023-04-06T20:00,13.5,88,871.5,Cherrapunji_Wet,25.2702,91.7323
2023-04-06T21:00,12.7,86,871.3,Cherrapunji_Wet,25.2702,91.7323
2023-04-06T22:00,12.7,83,871,Cherrapunji_Wet,25.2702,91.7323
2023-04-06T23:00,11.8,78,869.9,Cherrapunji_Wet,25.2702,91.7323
2023-04-07T00:00,10.9,64,869.1,Cherrapunji_Wet,25.2702,91.7323
2023-04-07T01:00,10.7,59,868.4,Cherrapunji_Wet,25.2702,91.7323
2023-04-07T02:00,10.9,58,868,Cherrapunji_Wet,25.2702,91.7323
2023-04-07T03:00,10.9,58,868,Cherrapunji_Wet,25.2702,91.7323
2023-04-07T04:00,10.7,60,868.3,Cherrapunji_Wet,25.2702,91.7323
2023-04-07T05:00,10.7,73,869.6,Cherrapunji_Wet,25.2702,91.7323
2023-04-07T06:00,14.4,69,872.3,Cherrapunji_Wet,25.2702,91.7323
2023-04-07T07:00,18.8,52,875,Cherrapunji_Wet,25.2702,91.7323
2023-04-07T08:00,20.1,49,875.9,Cherrapunji_Wet,25.2702,91.7323
2023-04-07T09:00,20.9,51,876.3,Cherrapunji_Wet,25.2702,91.7323
2023-04-07T10:00,21.4,51,876.4,Cherrapunji_Wet,25.2702,91.7323
2023-04-07T11:00,22.1,49,876.2,Cherrapunji_Wet,25.2702,91.7323
2023-04-07T12:00,22.6,48,875.5,Cherrapunji_Wet,25.2702,91.7323
2023-04-07T13:00,22.5,49,874.6,Cherrapunji_Wet,25.2702,91.7323
2023-04-07T14:00,22.1,50,874,Cherrapunji_Wet,25.2702,91.7323
2023-04-07T15:00,21.5,49,873.7,Cherrapunji_Wet,25.2702,91.7323
2023-04-07T16:00,20.3,56,873.1,Cherrapunji_Wet,25.2702,91.7323
2023-04-07T17:00,19.3,57,873.5,Cherrapunji_Wet,25.2702,91.7323
2023-04-07T18:00,15.4,77,872.2,Cherrapunji_Wet,25.2702,91.7323
2023-04-07T19:00,14.5,77,872.5,Cherrapunji_Wet,25.2702,91.7323
2023-04-07T20:00,14.2,78,872.7,Cherrapunji_Wet,25.2702,91.7323
2023-04-07T21:00,13.7,78,872.7,Cherrapunji_Wet,25.2702,91.7323
2023-04-07T22:00,13.3,73,872.5,Cherrapunji_Wet,25.2702,91.7323
2023-04-07T23:00,12.6,71,871.8,Cherrapunji_Wet,25.2702,91.7323
2023-04-08T00:00,12,72,871.3,Cherrapunji_Wet,25.2702,91.7323
2023-04-08T01:00,11.6,70,870.8,Cherrapunji_Wet,25.2702,91.7323
2023-04-08T02:00,11.3,71,870.2,Cherrapunji_Wet,25.2702,91.7323
2023-04-08T03:00,11.2,74,870,Cherrapunji_Wet,25.2702,91.7323
2023-04-08T04:00,10.8,77,870,Cherrapunji_Wet,25.2702,91.7323
2023-04-08T05:00,11.6,71,871.5,Cherrapunji_Wet,25.2702,91.7323
2023-04-08T06:00,15.3,69,874.2,Cherrapunji_Wet,25.2702,91.7323
2023-04-08T07:00,19.8,53,877,Cherrapunji_Wet,25.2702,91.7323
2023-04-08T08:00,21.2,49,877.7,Cherrapunji_Wet,25.2702,91.7323
2023-04-08T09:00,22.6,44,878,Cherrapunji_Wet,25.2702,91.7323
2023-04-08T10:00,23.6,41,877.8,Cherrapunji_Wet,25.2702,91.7323
2023-04-08T11:00,24.1,40,877.3,Cherrapunji_Wet,25.2702,91.7323
2023-04-08T12:00,24,42,876.4,Cherrapunji_Wet,25.2702,91.7323
2023-04-08T13:00,23.9,45,875.7,Cherrapunji_Wet,25.2702,91.7323
2023-04-08T14:00,23.3,50,875,Cherrapunji_Wet,25.2702,91.7323
2023-04-08T15:00,22.2,56,874.4,Cherrapunji_Wet,25.2702,91.7323
2023-04-08T16:00,20.7,63,874,Cherrapunji_Wet,25.2702,91.7323
2023-04-08T17:00,18.5,77,873.6,Cherrapunji_Wet,25.2702,91.7323
2023-04-08T18:00,16.3,84,873.1,Cherrapunji_Wet,25.2702,91.7323
2023-04-08T19:00,15.5,87,873.4,Cherrapunji_Wet,25.2702,91.7323
2023-04-08T20:00,15.2,85,873.7,Cherrapunji_Wet,25.2702,91.7323
2023-04-08T21:00,15.1,81,874,Cherrapunji_Wet,25.2702,91.7323
2023-04-08T22:00,14.5,77,873.6,Cherrapunji_Wet,25.2702,91.7323
2023-04-08T23:00,14.1,75,873,Cherrapunji_Wet,25.2702,91.7323
2023-04-09T00:00,14,74,872.6,Cherrapunji_Wet,25.2702,91.7323
2023-04-09T01:00,13.6,74,871.9,Cherrapunji_Wet,25.2702,91.7323
2023-04-09T02:00,13.7,73,871.6,Cherrapunji_Wet,25.2702,91.7323
2023-04-09T03:00,13.5,74,871.2,Cherrapunji_Wet,25.2702,91.7323
2023-04-09T04:00,13.7,75,871.4,Cherrapunji_Wet,25.2702,91.7323
2023-04-09T05:00,16.1,66,873.5,Cherrapunji_Wet,25.2702,91.7323
2023-04-09T06:00,18.8,67,875.4,Cherrapunji_Wet,25.2702,91.7323
2023-04-09T07:00,20.3,58,876.6,Cherrapunji_Wet,25.2702,91.7323
2023-04-09T08:00,21.4,55,877.2,Cherrapunji_Wet,25.2702,91.7323
2023-04-09T09:00,22.5,51,877.4,Cherrapunji_Wet,25.2702,91.7323
2023-04-09T10:00,23.2,51,877.2,Cherrapunji_Wet,25.2702,91.7323
2023-04-09T11:00,23.6,52,876.8,Cherrapunji_Wet,25.2702,91.7323
2023-04-09T12:00,23.7,51,875.9,Cherrapunji_Wet,25.2702,91.7323
2023-04-09T13:00,23.9,50,874.9,Cherrapunji_Wet,25.2702,91.7323
2023-04-09T14:00,23.1,51,874,Cherrapunji_Wet,25.2702,91.7323
2023-04-09T15:00,22.7,53,873.6,Cherrapunji_Wet,25.2702,91.7323
2023-04-09T16:00,21.5,60,873.2,Cherrapunji_Wet,25.2702,91.7323
2023-04-09T17:00,19.3,77,873,Cherrapunji_Wet,25.2702,91.7323
2023-04-09T18:00,16.9,84,872.1,Cherrapunji_Wet,25.2702,91.7323
2023-04-09T19:00,16.4,83,872.4,Cherrapunji_Wet,25.2702,91.7323
2023-04-09T20:00,15.7,83,872.6,Cherrapunji_Wet,25.2702,91.7323
2023-04-09T21:00,15.4,82,872.7,Cherrapunji_Wet,25.2702,91.7323
2023-04-09T22:00,15.2,81,872.4,Cherrapunji_Wet,25.2702,91.7323
2023-04-09T23:00,14.8,80,871.6,Cherrapunji_Wet,25.2702,91.7323
2023-04-10T00:00,14.7,79,870.8,Cherrapunji_Wet,25.2702,91.7323
2023-04-10T01:00,14.6,78,870.4,Cherrapunji_Wet,25.2702,91.7323
2023-04-10T02:00,14.5,77,869.7,Cherrapunji_Wet,25.2702,91.7323
2023-04-10T03:00,14.3,78,869.4,Cherrapunji_Wet,25.2702,91.7323
2023-04-10T04:00,14.2,78,869.4,Cherrapunji_Wet,25.2702,91.7323
2023-04-10T05:00,13.7,77,870.2,Cherrapunji_Wet,25.2702,91.7323
2023-04-10T06:00,18.1,67,873.1,Cherrapunji_Wet,25.2702,91.7323
2023-04-10T07:00,20.5,60,875,Cherrapunji_Wet,25.2702,91.7323
2023-04-10T08:00,21.7,57,875.8,Cherrapunji_Wet,25.2702,91.7323
2023-04-10T09:00,22.7,53,875.9,Cherrapunji_Wet,25.2702,91.7323
2023-04-10T10:00,23.6,48,875.9,Cherrapunji_Wet,25.2702,91.7323
2023-04-10T11:00,23.9,45,875.2,Cherrapunji_Wet,25.2702,91.7323
2023-04-10T12:00,23.7,45,874.4,Cherrapunji_Wet,25.2702,91.7323
2023-04-10T13:00,24,44,873.4,Cherrapunji_Wet,25.2702,91.7323
2023-04-10T14:00,23.5,47,872.5,Cherrapunji_Wet,25.2702,91.7323
2023-04-10T15:00,22.6,51,871.9,Cherrapunji_Wet,25.2702,91.7323
2023-04-10T16:00,21.5,59,871.8,Cherrapunji_Wet,25.2702,91.7323
2023-04-10T17:00,18.7,80,871.4,Cherrapunji_Wet,25.2702,91.7323
2023-04-10T18:00,16.5,85,870.9,Cherrapunji_Wet,25.2702,91.7323
2023-04-10T19:00,15.8,83,871.1,Cherrapunji_Wet,25.2702,91.7323
2023-04-10T20:00,16.3,71,871.9,Cherrapunji_Wet,25.2702,91.7323
2023-04-10T21:00,17.6,58,872.9,Cherrapunji_Wet,25.2702,91.7323
2023-04-10T22:00,14.6,71,871.4,Cherrapunji_Wet,25.2702,91.7323
2023-04-10T23:00,14.2,72,870.9,Cherrapunji_Wet,25.2702,91.7323
2023-04-11T00:00,14,72,870.3,Cherrapunji_Wet,25.2702,91.7323
2023-04-11T01:00,13.9,71,869.7,Cherrapunji_Wet,25.2702,91.7323
2023-04-11T02:00,13.9,69,869.3,Cherrapunji_Wet,25.2702,91.7323
2023-04-11T03:00,13.3,69,868.8,Cherrapunji_Wet,25.2702,91.7323
2023-04-11T04:00,13.5,66,869.1,Cherrapunji_Wet,25.2702,91.7323
2023-04-11T05:00,13.7,78,870.3,Cherrapunji_Wet,25.2702,91.7323
2023-04-11T06:00,18.8,67,873.3,Cherrapunji_Wet,25.2702,91.7323
2023-04-11T07:00,21,60,874.9,Cherrapunji_Wet,25.2702,91.7323
2023-04-11T08:00,22.2,51,875.7,Cherrapunji_Wet,25.2702,91.7323
2023-04-11T09:00,23.3,45,876.1,Cherrapunji_Wet,25.2702,91.7323
2023-04-11T10:00,24.3,43,876.1,Cherrapunji_Wet,25.2702,91.7323
2023-04-11T11:00,24.5,41,875.6,Cherrapunji_Wet,25.2702,91.7323
2023-04-11T12:00,25,39,874.8,Cherrapunji_Wet,25.2702,91.7323
2023-04-11T13:00,24.8,39,873.8,Cherrapunji_Wet,25.2702,91.7323
2023-04-11T14:00,24.3,39,873.2,Cherrapunji_Wet,25.2702,91.7323
2023-04-11T15:00,23.4,42,872.5,Cherrapunji_Wet,25.2702,91.7323
2023-04-11T16:00,22,50,872.1,Cherrapunji_Wet,25.2702,91.7323
2023-04-11T17:00,20.4,51,872,Cherrapunji_Wet,25.2702,91.7323
2023-04-11T18:00,17.1,64,871.2,Cherrapunji_Wet,25.2702,91.7323
2023-04-11T19:00,15.8,65,871.3,Cherrapunji_Wet,25.2702,91.7323
2023-04-11T20:00,15.3,68,871.7,Cherrapunji_Wet,25.2702,91.7323
2023-04-11T21:00,15.1,70,871.9,Cherrapunji_Wet,25.2702,91.7323
2023-04-11T22:00,14.7,72,871.8,Cherrapunji_Wet,25.2702,91.7323
2023-04-11T23:00,14.6,72,871.4,Cherrapunji_Wet,25.2702,91.7323
2023-04-12T00:00,14.1,73,870.5,Cherrapunji_Wet,25.2702,91.7323
2023-04-12T01:00,13,75,869.4,Cherrapunji_Wet,25.2702,91.7323
2023-04-12T02:00,11.3,78,868.2,Cherrapunji_Wet,25.2702,91.7323
2023-04-12T03:00,11,73,867.3,Cherrapunji_Wet,25.2702,91.7323
2023-04-12T04:00,11.5,59,867.7,Cherrapunji_Wet,25.2702,91.7323
2023-04-12T05:00,12.3,59,869,Cherrapunji_Wet,25.2702,91.7323
2023-04-12T06:00,16.2,62,871.4,Cherrapunji_Wet,25.2702,91.7323
2023-04-12T07:00,21.2,43,874.3,Cherrapunji_Wet,25.2702,91.7323
2023-04-12T08:00,22.7,36,875.1,Cherrapunji_Wet,25.2702,91.7323
2023-04-12T09:00,23.6,36,875.1,Cherrapunji_Wet,25.2702,91.7323
2023-04-12T10:00,24.2,38,875,Cherrapunji_Wet,25.2702,91.7323
2023-04-12T11:00,24.6,40,874.4,Cherrapunji_Wet,25.2702,91.7323
2023-04-12T12:00,24.8,40,873.6,Cherrapunji_Wet,25.2702,91.7323
2023-04-12T13:00,24.6,38,872.7,Cherrapunji_Wet,25.2702,91.7323
2023-04-12T14:00,24.1,38,872,Cherrapunji_Wet,25.2702,91.7323
2023-04-12T15:00,23.1,40,871.3,Cherrapunji_Wet,25.2702,91.7323
2023-04-12T16:00,21.7,48,870.9,Cherrapunji_Wet,25.2702,91.7323
2023-04-12T17:00,20.9,45,871.3,Cherrapunji_Wet,25.2702,91.7323
2023-04-12T18:00,17,63,870.2,Cherrapunji_Wet,25.2702,91.7323
2023-04-12T19:00,16.6,61,870.3,Cherrapunji_Wet,25.2702,91.7323
2023-04-12T20:00,15.7,65,870.4,Cherrapunji_Wet,25.2702,91.7323
2023-04-12T21:00,15.1,67,870.3,Cherrapunji_Wet,25.2702,91.7323
2023-04-12T22:00,14.7,66,870,Cherrapunji_Wet,25.2702,91.7323
2023-04-12T23:00,14.2,63,869.4,Cherrapunji_Wet,25.2702,91.7323
2023-04-13T00:00,13.9,61,868.7,Cherrapunji_Wet,25.2702,91.7323
2023-04-13T01:00,14.1,59,868.2,Cherrapunji_Wet,25.2702,91.7323
2023-04-13T02:00,13.8,61,867.8,Cherrapunji_Wet,25.2702,91.7323
2023-04-13T03:00,13.5,60,867.6,Cherrapunji_Wet,25.2702,91.7323
2023-04-13T04:00,13.8,55,867.9,Cherrapunji_Wet,25.2702,91.7323
2023-04-13T05:00,16.3,52,870,Cherrapunji_Wet,25.2702,91.7323
2023-04-13T06:00,20.1,55,872.5,Cherrapunji_Wet,25.2702,91.7323
2023-04-13T07:00,21.9,45,873.9,Cherrapunji_Wet,25.2702,91.7323
2023-04-13T08:00,22.9,43,874.6,Cherrapunji_Wet,25.2702,91.7323
2023-04-13T09:00,23.9,42,874.7,Cherrapunji_Wet,25.2702,91.7323
2023-04-13T10:00,24.6,41,874.3,Cherrapunji_Wet,25.2702,91.7323
2023-04-13T11:00,25,42,873.6,Cherrapunji_Wet,25.2702,91.7323
2023-04-13T12:00,25.2,42,872.9,Cherrapunji_Wet,25.2702,91.7323
2023-04-13T13:00,25.2,42,872.2,Cherrapunji_Wet,25.2702,91.7323
2023-04-13T14:00,24.8,42,871.5,Cherrapunji_Wet,25.2702,91.7323
2023-04-13T15:00,24.2,43,870.9,Cherrapunji_Wet,25.2702,91.7323
2023-04-13T16:00,22.9,48,870.6,Cherrapunji_Wet,25.2702,91.7323
2023-04-13T17:00,21,55,870.4,Cherrapunji_Wet,25.2702,91.7323
2023-04-13T18:00,17.8,66,869.3,Cherrapunji_Wet,25.2702,91.7323
2023-04-13T19:00,16.8,66,869.8,Cherrapunji_Wet,25.2702,91.7323
2023-04-13T20:00,16.3,64,870.2,Cherrapunji_Wet,25.2702,91.7323
2023-04-13T21:00,16,65,870.5,Cherrapunji_Wet,25.2702,91.7323
2023-04-13T22:00,16,69,870.7,Cherrapunji_Wet,25.2702,91.7323
2023-04-13T23:00,15.6,75,870.2,Cherrapunji_Wet,25.2702,91.7323
2023-04-14T00:00,15,78,869.1,Cherrapunji_Wet,25.2702,91.7323
2023-04-14T01:00,14.4,75,868.4,Cherrapunji_Wet,25.2702,91.7323
2023-04-14T02:00,14.1,70,867.9,Cherrapunji_Wet,25.2702,91.7323
2023-04-14T03:00,14,70,868.1,Cherrapunji_Wet,25.2702,91.7323
2023-04-14T04:00,14.3,70,868.8,Cherrapunji_Wet,25.2702,91.7323
2023-04-14T05:00,15.2,77,869.9,Cherrapunji_Wet,25.2702,91.7323
2023-04-14T06:00,20.4,63,873,Cherrapunji_Wet,25.2702,91.7323
2023-04-14T07:00,22.5,56,874.5,Cherrapunji_Wet,25.2702,91.7323
2023-04-14T08:00,24.1,51,874.9,Cherrapunji_Wet,25.2702,91.7323
2023-04-14T09:00,25.6,43,875,Cherrapunji_Wet,25.2702,91.7323
2023-04-14T10:00,26.8,37,874.8,Cherrapunji_Wet,25.2702,91.7323
2023-04-14T11:00,26.9,38,874.4,Cherrapunji_Wet,25.2702,91.7323
2023-04-14T12:00,26.8,41,873.6,Cherrapunji_Wet,25.2702,91.7323
2023-04-14T13:00,26.5,41,872.6,Cherrapunji_Wet,25.2702,91.7323
2023-04-14T14:00,25.6,49,872.1,Cherrapunji_Wet,25.2702,91.7323
2023-04-14T15:00,24.7,52,871.5,Cherrapunji_Wet,25.2702,91.7323
2023-04-14T16:00,24,56,871.3,Cherrapunji_Wet,25.2702,91.7323
2023-04-14T17:00,21.6,76,870.5,Cherrapunji_Wet,25.2702,91.7323
2023-04-14T18:00,19.7,78,870.5,Cherrapunji_Wet,25.2702,91.7323
2023-04-14T19:00,19.2,79,871.1,Cherrapunji_Wet,25.2702,91.7323
2023-04-14T20:00,18.4,82,871.6,Cherrapunji_Wet,25.2702,91.7323
2023-04-14T21:00,17.7,82,871.6,Cherrapunji_Wet,25.2702,91.7323
2023-04-14T22:00,16.8,84,871.3,Cherrapunji_Wet,25.2702,91.7323
2023-04-14T23:00,16.1,84,870.4,Cherrapunji_Wet,25.2702,91.7323
2023-04-15T00:00,15.7,83,869.6,Cherrapunji_Wet,25.2702,91.7323
2023-04-15T01:00,15.6,81,869,Cherrapunji_Wet,25.2702,91.7323
2023-04-15T02:00,15.9,74,868.6,Cherrapunji_Wet,25.2702,91.7323
2023-04-15T03:00,15.5,72,868.5,Cherrapunji_Wet,25.2702,91.7323
2023-04-15T04:00,15.3,70,868.9,Cherrapunji_Wet,25.2702,91.7323
2023-04-15T05:00,16,73,870.1,Cherrapunji_Wet,25.2702,91.7323
2023-04-15T06:00,20.7,66,873.2,Cherrapunji_Wet,25.2702,91.7323
2023-04-15T07:00,23.8,53,874.9,Cherrapunji_Wet,25.2702,91.7323
2023-04-15T08:00,25.1,48,875.6,Cherrapunji_Wet,25.2702,91.7323
2023-04-15T09:00,26.1,45,875.8,Cherrapunji_Wet,25.2702,91.7323
2023-04-15T10:00,26.7,43,875.5,Cherrapunji_Wet,25.2702,91.7323
2023-04-15T11:00,27,42,874.8,Cherrapunji_Wet,25.2702,91.7323
2023-04-15T12:00,26.4,46,874.1,Cherrapunji_Wet,25.2702,91.7323
2023-04-15T13:00,26.3,47,873,Cherrapunji_Wet,25.2702,91.7323
2023-04-15T14:00,26.1,48,872.3,Cherrapunji_Wet,25.2702,91.7323
2023-04-15T15:00,25.7,49,871.7,Cherrapunji_Wet,25.2702,91.7323
2023-04-15T16:00,24,61,871.2,Cherrapunji_Wet,25.2702,91.7323
2023-04-15T17:00,22.5,80,870.8,Cherrapunji_Wet,25.2702,91.7323
2023-04-15T18:00,20.8,83,870.6,Cherrapunji_Wet,25.2702,91.7323
2023-04-15T19:00,20,81,870.9,Cherrapunji_Wet,25.2702,91.7323
2023-04-15T20:00,19.1,85,871,Cherrapunji_Wet,25.2702,91.7323
2023-04-15T21:00,18.4,88,870.9,Cherrapunji_Wet,25.2702,91.7323
2023-04-15T22:00,18.2,86,870.3,Cherrapunji_Wet,25.2702,91.7323
2023-04-15T23:00,18,82,869.9,Cherrapunji_Wet,25.2702,91.7323
2023-04-16T00:00,17.4,80,869,Cherrapunji_Wet,25.2702,91.7323
2023-04-16T01:00,16.8,77,868.1,Cherrapunji_Wet,25.2702,91.7323
2023-04-16T02:00,16.9,68,867.6,Cherrapunji_Wet,25.2702,91.7323
2023-04-16T03:00,17,65,867.4,Cherrapunji_Wet,25.2702,91.7323
2023-04-16T04:00,16.8,68,867.6,Cherrapunji_Wet,25.2702,91.7323
2023-04-16T05:00,17.1,74,869,Cherrapunji_Wet,25.2702,91.7323
2023-04-16T06:00,20.8,69,871.2,Cherrapunji_Wet,25.2702,91.7323
2023-04-16T07:00,23.5,57,873,Cherrapunji_Wet,25.2702,91.7323
2023-04-16T08:00,24.8,54,873.7,Cherrapunji_Wet,25.2702,91.7323
2023-04-16T09:00,25.9,49,873.8,Cherrapunji_Wet,25.2702,91.7323
2023-04-16T10:00,26.4,48,873.5,Cherrapunji_Wet,25.2702,91.7323
2023-04-16T11:00,27,46,872.8,Cherrapunji_Wet,25.2702,91.7323
2023-04-16T12:00,27.4,48,871.9,Cherrapunji_Wet,25.2702,91.7323
2023-04-16T13:00,26.5,48,870.8,Cherrapunji_Wet,25.2702,91.7323
2023-04-16T14:00,26.1,51,870.5,Cherrapunji_Wet,25.2702,91.7323
2023-04-16T15:00,25.3,50,869.8,Cherrapunji_Wet,25.2702,91.7323
2023-04-16T16:00,24.7,53,869.9,Cherrapunji_Wet,25.2702,91.7323
2023-04-16T17:00,22.3,73,869.3,Cherrapunji_Wet,25.2702,91.7323
2023-04-16T18:00,20.2,77,868.8,Cherrapunji_Wet,25.2702,91.7323
2023-04-16T19:00,19.4,75,869.5,Cherrapunji_Wet,25.2702,91.7323
2023-04-16T20:00,18.4,74,869.7,Cherrapunji_Wet,25.2702,91.7323
2023-04-16T21:00,17.9,72,869.4,Cherrapunji_Wet,25.2702,91.7323
2023-04-16T22:00,17.9,67,869.4,Cherrapunji_Wet,25.2702,91.7323
2023-04-16T23:00,17.6,63,868.7,Cherrapunji_Wet,25.2702,91.7323
2023-04-17T00:00,17,63,867.9,Cherrapunji_Wet,25.2702,91.7323
2023-04-17T01:00,17.3,63,867.4,Cherrapunji_Wet,25.2702,91.7323
2023-04-17T02:00,17.1,64,867.2,Cherrapunji_Wet,25.2702,91.7323
2023-04-17T03:00,16.7,68,867.3,Cherrapunji_Wet,25.2702,91.7323
2023-04-17T04:00,17.8,63,868.5,Cherrapunji_Wet,25.2702,91.7323
2023-04-17T05:00,19.4,66,870,Cherrapunji_Wet,25.2702,91.7323
2023-04-17T06:00,22.6,59,872.1,Cherrapunji_Wet,25.2702,91.7323
2023-04-17T07:00,23.9,51,873,Cherrapunji_Wet,25.2702,91.7323
2023-04-17T08:00,25.5,47,873.9,Cherrapunji_Wet,25.2702,91.7323
2023-04-17T09:00,26.2,44,874.2,Cherrapunji_Wet,25.2702,91.7323
2023-04-17T10:00,26.6,45,874.1,Cherrapunji_Wet,25.2702,91.7323
2023-04-17T11:00,26,52,873.5,Cherrapunji_Wet,25.2702,91.7323
2023-04-17T12:00,25.7,56,872.9,Cherrapunji_Wet,25.2702,91.7323
2023-04-17T13:00,26.4,52,871.7,Cherrapunji_Wet,25.2702,91.7323
2023-04-17T14:00,26.6,51,870.6,Cherrapunji_Wet,25.2702,91.7323
2023-04-17T15:00,25.2,51,870.4,Cherrapunji_Wet,25.2702,91.7323
2023-04-17T16:00,16.8,99,870.7,Cherrapunji_Wet,25.2702,91.7323
2023-04-17T17:00,18.4,92,870.9,Cherrapunji_Wet,25.2702,91.7323
2023-04-17T18:00,18.5,92,870.7,Cherrapunji_Wet,25.2702,91.7323
2023-04-17T19:00,18.3,91,870.8,Cherrapunji_Wet,25.2702,91.7323
2023-04-17T20:00,17.7,89,871.2,Cherrapunji_Wet,25.2702,91.7323
2023-04-17T21:00,17.6,86,871.2,Cherrapunji_Wet,25.2702,91.7323
2023-04-17T22:00,17.6,85,871.4,Cherrapunji_Wet,25.2702,91.7323
2023-04-17T23:00,18.9,77,871.7,Cherrapunji_Wet,25.2702,91.7323
2023-04-18T00:00,20.1,69,871.8,Cherrapunji_Wet,25.2702,91.7323
2023-04-18T01:00,19.2,73,870.6,Cherrapunji_Wet,25.2702,91.7323
2023-04-18T02:00,18.5,78,870.1,Cherrapunji_Wet,25.2702,91.7323
2023-04-18T03:00,19.6,76,870.7,Cherrapunji_Wet,25.2702,91.7323
2023-04-18T04:00,18,83,870.6,Cherrapunji_Wet,25.2702,91.7323
2023-04-18T05:00,18.9,88,872.1,Cherrapunji_Wet,25.2702,91.7323
2023-04-18T06:00,20.4,88,873.3,Cherrapunji_Wet,25.2702,91.7323
2023-04-18T07:00,22,84,874.6,Cherrapunji_Wet,25.2702,91.7323
2023-04-18T08:00,23.4,76,875.4,Cherrapunji_Wet,25.2702,91.7323
2023-04-18T09:00,25,66,875.7,Cherrapunji_Wet,25.2702,91.7323
2023-04-18T10:00,26,56,875.3,Cherrapunji_Wet,25.2702,91.7323
2023-04-18T11:00,26.1,55,874.8,Cherrapunji_Wet,25.2702,91.7323
2023-04-18T12:00,26.2,54,874,Cherrapunji_Wet,25.2702,91.7323
2023-04-18T13:00,26.3,56,873,Cherrapunji_Wet,25.2702,91.7323
2023-04-18T14:00,26.4,52,872.2,Cherrapunji_Wet,25.2702,91.7323
2023-04-18T15:00,26.3,48,871.8,Cherrapunji_Wet,25.2702,91.7323
2023-04-18T16:00,24.9,58,871.3,Cherrapunji_Wet,25.2702,91.7323
2023-04-18T17:00,21.8,83,871,Cherrapunji_Wet,25.2702,91.7323
2023-04-18T18:00,19.5,88,870.1,Cherrapunji_Wet,25.2702,91.7323
2023-04-18T19:00,18.8,87,870.4,Cherrapunji_Wet,25.2702,91.7323
2023-04-18T20:00,18.3,84,870.6,Cherrapunji_Wet,25.2702,91.7323
2023-04-18T21:00,18.1,83,870.7,Cherrapunji_Wet,25.2702,91.7323
2023-04-18T22:00,18,86,870.5,Cherrapunji_Wet,25.2702,91.7323
2023-04-18T23:00,17.8,88,869.9,Cherrapunji_Wet,25.2702,91.7323
2023-04-19T00:00,18.2,90,869.5,Cherrapunji_Wet,25.2702,91.7323
2023-04-19T01:00,19.1,85,869.5,Cherrapunji_Wet,25.2702,91.7323
2023-04-19T02:00,18,93,868.5,Cherrapunji_Wet,25.2702,91.7323
2023-04-19T03:00,18.3,91,868.6,Cherrapunji_Wet,25.2702,91.7323
2023-04-19T04:00,18.6,91,868.9,Cherrapunji_Wet,25.2702,91.7323
2023-04-19T05:00,18.8,87,869.5,Cherrapunji_Wet,25.2702,91.7323
2023-04-19T06:00,21.4,79,870.8,Cherrapunji_Wet,25.2702,91.7323
2023-04-19T07:00,23.2,73,871.9,Cherrapunji_Wet,25.2702,91.7323
2023-04-19T08:00,24.6,67,872.6,Cherrapunji_Wet,25.2702,91.7323
2023-04-19T09:00,25.3,62,872.8,Cherrapunji_Wet,25.2702,91.7323
2023-04-19T10:00,24.7,63,872.5,Cherrapunji_Wet,25.2702,91.7323
2023-04-19T11:00,24.5,61,871.3,Cherrapunji_Wet,25.2702,91.7323
2023-04-19T12:00,23.4,68,870.4,Cherrapunji_Wet,25.2702,91.7323
2023-04-19T13:00,24.2,71,868.9,Cherrapunji_Wet,25.2702,91.7323
2023-04-19T14:00,24.2,70,868,Cherrapunji_Wet,25.2702,91.7323
2023-04-19T15:00,24,64,867.5,Cherrapunji_Wet,25.2702,91.7323
2023-04-19T16:00,22.4,70,867.5,Cherrapunji_Wet,25.2702,91.7323
2023-04-19T17:00,20.2,73,866,Cherrapunji_Wet,25.2702,91.7323
2023-04-19T18:00,18.8,75,866.1,Cherrapunji_Wet,25.2702,91.7323
2023-04-19T19:00,18.3,74,866.4,Cherrapunji_Wet,25.2702,91.7323
2023-04-19T20:00,19.1,70,867.3,Cherrapunji_Wet,25.2702,91.7323
2023-04-19T21:00,19.2,80,867.7,Cherrapunji_Wet,25.2702,91.7323
2023-04-19T22:00,18.5,86,868.1,Cherrapunji_Wet,25.2702,91.7323
2023-04-19T23:00,18.1,88,867.4,Cherrapunji_Wet,25.2702,91.7323
2023-04-20T00:00,17.7,93,866.6,Cherrapunji_Wet,25.2702,91.7323
2023-04-20T01:00,18.3,92,865.7,Cherrapunji_Wet,25.2702,91.7323
2023-04-20T02:00,17.5,92,865.7,Cherrapunji_Wet,25.2702,91.7323
2023-04-20T03:00,17.7,92,864.8,Cherrapunji_Wet,25.2702,91.7323
2023-04-20T04:00,16.2,87,865.6,Cherrapunji_Wet,25.2702,91.7323
2023-04-20T05:00,18.7,79,867,Cherrapunji_Wet,25.2702,91.7323
2023-04-20T06:00,19.8,82,867.9,Cherrapunji_Wet,25.2702,91.7323
2023-04-20T07:00,21.2,85,869.2,Cherrapunji_Wet,25.2702,91.7323
2023-04-20T08:00,22.3,77,869.8,Cherrapunji_Wet,25.2702,91.7323
2023-04-20T09:00,22.9,76,869.9,Cherrapunji_Wet,25.2702,91.7323
2023-04-20T10:00,23.3,78,869.6,Cherrapunji_Wet,25.2702,91.7323
2023-04-20T11:00,24,71,869.1,Cherrapunji_Wet,25.2702,91.7323
2023-04-20T12:00,24.9,63,868.1,Cherrapunji_Wet,25.2702,91.7323
2023-04-20T13:00,24.7,63,866.9,Cherrapunji_Wet,25.2702,91.7323
2023-04-20T14:00,24.7,51,865.8,Cherrapunji_Wet,25.2702,91.7323
2023-04-20T15:00,22.4,58,865.6,Cherrapunji_Wet,25.2702,91.7323
2023-04-20T16:00,20.8,76,864.6,Cherrapunji_Wet,25.2702,91.7323
2023-04-20T17:00,19.7,78,864.2,Cherrapunji_Wet,25.2702,91.7323
2023-04-20T18:00,18.3,76,864.9,Cherrapunji_Wet,25.2702,91.7323
2023-04-20T19:00,21.1,60,866.8,Cherrapunji_Wet,25.2702,91.7323
2023-04-20T20:00,17.5,76,865.1,Cherrapunji_Wet,25.2702,91.7323
2023-04-20T21:00,18.7,65,866.1,Cherrapunji_Wet,25.2702,91.7323
2023-04-20T22:00,22.5,40,868,Cherrapunji_Wet,25.2702,91.7323
2023-04-20T23:00,19,49,866.3,Cherrapunji_Wet,25.2702,91.7323
2023-04-21T00:00,17.6,59,865.2,Cherrapunji_Wet,25.2702,91.7323
2023-04-21T01:00,17.9,66,865,Cherrapunji_Wet,25.2702,91.7323
2023-04-21T02:00,17.3,77,865.7,Cherrapunji_Wet,25.2702,91.7323
2023-04-21T03:00,17.2,81,865.1,Cherrapunji_Wet,25.2702,91.7323
2023-04-21T04:00,16.2,83,864.9,Cherrapunji_Wet,25.2702,91.7323
2023-04-21T05:00,16.5,94,866.4,Cherrapunji_Wet,25.2702,91.7323
2023-04-21T06:00,19.4,86,868.2,Cherrapunji_Wet,25.2702,91.7323
2023-04-21T07:00,17.5,86,869.5,Cherrapunji_Wet,25.2702,91.7323
2023-04-21T08:00,19.2,81,869.8,Cherrapunji_Wet,25.2702,91.7323
2023-04-21T09:00,19.4,88,869.7,Cherrapunji_Wet,25.2702,91.7323
2023-04-21T10:00,21.4,74,869.5,Cherrapunji_Wet,25.2702,91.7323
2023-04-21T11:00,22.7,63,869.5,Cherrapunji_Wet,25.2702,91.7323
2023-04-21T12:00,22.4,70,868.5,Cherrapunji_Wet,25.2702,91.7323
2023-04-21T13:00,22.2,73,867.5,Cherrapunji_Wet,25.2702,91.7323
2023-04-21T14:00,22.1,73,866.7,Cherrapunji_Wet,25.2702,91.7323
2023-04-21T15:00,22,74,866.4,Cherrapunji_Wet,25.2702,91.7323
2023-04-21T16:00,20.7,79,866.7,Cherrapunji_Wet,25.2702,91.7323
2023-04-21T17:00,18,81,865.3,Cherrapunji_Wet,25.2702,91.7323
2023-04-21T18:00,17.1,71,866.2,Cherrapunji_Wet,25.2702,91.7323
2023-04-21T19:00,17.8,73,867.7,Cherrapunji_Wet,25.2702,91.7323
2023-04-21T20:00,16.8,87,868.3,Cherrapunji_Wet,25.2702,91.7323
2023-04-21T21:00,16.8,89,868.4,Cherrapunji_Wet,25.2702,91.7323
2023-04-21T22:00,16.3,93,867.8,Cherrapunji_Wet,25.2702,91.7323
2023-04-21T23:00,16.7,94,867.1,Cherrapunji_Wet,25.2702,91.7323
2023-04-22T00:00,16.9,94,866.1,Cherrapunji_Wet,25.2702,91.7323
2023-04-22T01:00,16.5,93,865.3,Cherrapunji_Wet,25.2702,91.7323
2023-04-22T02:00,16.6,88,865,Cherrapunji_Wet,25.2702,91.7323
2023-04-22T03:00,16.6,86,865,Cherrapunji_Wet,25.2702,91.7323
2023-04-22T04:00,17.7,82,866.2,Cherrapunji_Wet,25.2702,91.7323
2023-04-22T05:00,18.2,84,867.7,Cherrapunji_Wet,25.2702,91.7323
2023-04-22T06:00,19.5,78,868.9,Cherrapunji_Wet,25.2702,91.7323
2023-04-22T07:00,20.4,75,869.7,Cherrapunji_Wet,25.2702,91.7323
2023-04-22T08:00,20.7,72,870.8,Cherrapunji_Wet,25.2702,91.7323
2023-04-22T09:00,20.7,71,871,Cherrapunji_Wet,25.2702,91.7323
2023-04-22T10:00,22.3,65,870.8,Cherrapunji_Wet,25.2702,91.7323
2023-04-22T11:00,22.8,64,870.4,Cherrapunji_Wet,25.2702,91.7323
2023-04-22T12:00,20.7,70,869.1,Cherrapunji_Wet,25.2702,91.7323
2023-04-22T13:00,22.8,59,868,Cherrapunji_Wet,25.2702,91.7323
2023-04-22T14:00,22.2,58,867.3,Cherrapunji_Wet,25.2702,91.7323
2023-04-22T15:00,20.1,68,867,Cherrapunji_Wet,25.2702,91.7323
2023-04-22T16:00,19.2,75,867.3,Cherrapunji_Wet,25.2702,91.7323
2023-04-22T17:00,18.4,78,866.8,Cherrapunji_Wet,25.2702,91.7323
2023-04-22T18:00,19.1,60,867.8,Cherrapunji_Wet,25.2702,91.7323
2023-04-22T19:00,15.9,75,866.7,Cherrapunji_Wet,25.2702,91.7323
2023-04-22T20:00,15.5,78,867.1,Cherrapunji_Wet,25.2702,91.7323
2023-04-22T21:00,15.7,76,867.4,Cherrapunji_Wet,25.2702,91.7323
2023-04-22T22:00,15.6,76,867.3,Cherrapunji_Wet,25.2702,91.7323
2023-04-22T23:00,16.1,73,867.4,Cherrapunji_Wet,25.2702,91.7323
2023-04-23T00:00,16.1,74,867.2,Cherrapunji_Wet,25.2702,91.7323
2023-04-23T01:00,14.5,82,866.5,Cherrapunji_Wet,25.2702,91.7323
2023-04-23T02:00,14,84,866.1,Cherrapunji_Wet,25.2702,91.7323
2023-04-23T03:00,13.9,84,866.6,Cherrapunji_Wet,25.2702,91.7323
2023-04-23T04:00,13.9,84,866.9,Cherrapunji_Wet,25.2702,91.7323
2023-04-23T05:00,16.4,85,868.6,Cherrapunji_Wet,25.2702,91.7323
2023-04-23T06:00,19.2,76,870.3,Cherrapunji_Wet,25.2702,91.7323
2023-04-23T07:00,20.7,68,871.7,Cherrapunji_Wet,25.2702,91.7323
2023-04-23T08:00,17.3,80,871.7,Cherrapunji_Wet,25.2702,91.7323
2023-04-23T09:00,18.7,66,872.3,Cherrapunji_Wet,25.2702,91.7323
2023-04-23T10:00,17.1,81,871.1,Cherrapunji_Wet,25.2702,91.7323
2023-04-23T11:00,18.8,76,871.7,Cherrapunji_Wet,25.2702,91.7323
2023-04-23T12:00,18.4,72,871.5,Cherrapunji_Wet,25.2702,91.7323
2023-04-23T13:00,18,80,870.3,Cherrapunji_Wet,25.2702,91.7323
2023-04-23T14:00,18.6,73,869.5,Cherrapunji_Wet,25.2702,91.7323
2023-04-23T15:00,19.6,64,869.5,Cherrapunji_Wet,25.2702,91.7323
2023-04-23T16:00,19.7,64,869.7,Cherrapunji_Wet,25.2702,91.7323
2023-04-23T17:00,16.2,89,870,Cherrapunji_Wet,25.2702,91.7323
2023-04-23T18:00,16,91,870.3,Cherrapunji_Wet,25.2702,91.7323
2023-04-23T19:00,15.9,82,870.3,Cherrapunji_Wet,25.2702,91.7323
2023-04-23T20:00,15.2,82,869.8,Cherrapunji_Wet,25.2702,91.7323
2023-04-23T21:00,14.3,84,869.7,Cherrapunji_Wet,25.2702,91.7323
2023-04-23T22:00,13.9,83,869.5,Cherrapunji_Wet,25.2702,91.7323
2023-04-23T23:00,14,79,869.6,Cherrapunji_Wet,25.2702,91.7323
2023-04-24T00:00,14.2,76,869.4,Cherrapunji_Wet,25.2702,91.7323
2023-04-24T01:00,17.2,63,870.4,Cherrapunji_Wet,25.2702,91.7323
2023-04-24T02:00,17.5,61,870.6,Cherrapunji_Wet,25.2702,91.7323
2023-04-24T03:00,15.4,70,870,Cherrapunji_Wet,25.2702,91.7323
2023-04-24T04:00,14,76,870.2,Cherrapunji_Wet,25.2702,91.7323
2023-04-24T05:00,13.7,83,870.5,Cherrapunji_Wet,25.2702,91.7323
2023-04-24T06:00,17.3,72,872.7,Cherrapunji_Wet,25.2702,91.7323
2023-04-24T07:00,18.7,64,874.3,Cherrapunji_Wet,25.2702,91.7323
2023-04-24T08:00,20.5,56,875.3,Cherrapunji_Wet,25.2702,91.7323
2023-04-24T09:00,21.6,55,875.7,Cherrapunji_Wet,25.2702,91.7323
2023-04-24T10:00,22.2,56,875.4,Cherrapunji_Wet,25.2702,91.7323
2023-04-24T11:00,22.5,56,875.3,Cherrapunji_Wet,25.2702,91.7323
2023-04-24T12:00,22.6,54,874.5,Cherrapunji_Wet,25.2702,91.7323
2023-04-24T13:00,22.7,52,873.3,Cherrapunji_Wet,25.2702,91.7323
2023-04-24T14:00,22.6,52,872.7,Cherrapunji_Wet,25.2702,91.7323
2023-04-24T15:00,22.1,55,871.9,Cherrapunji_Wet,25.2702,91.7323
2023-04-24T16:00,20.6,63,871.7,Cherrapunji_Wet,25.2702,91.7323
2023-04-24T17:00,18.6,83,871.8,Cherrapunji_Wet,25.2702,91.7323
2023-04-24T18:00,17.8,79,871.7,Cherrapunji_Wet,25.2702,91.7323
2023-04-24T19:00,16.3,86,871.7,Cherrapunji_Wet,25.2702,91.7323
2023-04-24T20:00,16.2,82,872.2,Cherrapunji_Wet,25.2702,91.7323
2023-04-24T21:00,15.7,81,872.1,Cherrapunji_Wet,25.2702,91.7323
2023-04-24T22:00,14.8,83,872,Cherrapunji_Wet,25.2702,91.7323
2023-04-24T23:00,14.3,84,871.2,Cherrapunji_Wet,25.2702,91.7323
2023-04-25T00:00,14,84,870.6,Cherrapunji_Wet,25.2702,91.7323
2023-04-25T01:00,13.6,85,870,Cherrapunji_Wet,25.2702,91.7323
2023-04-25T02:00,13.3,87,869.7,Cherrapunji_Wet,25.2702,91.7323
2023-04-25T03:00,13.1,87,869.4,Cherrapunji_Wet,25.2702,91.7323
2023-04-25T04:00,13.4,83,869.9,Cherrapunji_Wet,25.2702,91.7323
2023-04-25T05:00,14.9,84,872,Cherrapunji_Wet,25.2702,91.7323
2023-04-25T06:00,18.2,71,873.9,Cherrapunji_Wet,25.2702,91.7323
2023-04-25T07:00,20.4,61,875,Cherrapunji_Wet,25.2702,91.7323
2023-04-25T08:00,21.3,58,875.5,Cherrapunji_Wet,25.2702,91.7323
2023-04-25T09:00,22.1,57,875.6,Cherrapunji_Wet,25.2702,91.7323
2023-04-25T10:00,23.3,56,875.1,Cherrapunji_Wet,25.2702,91.7323
2023-04-25T11:00,21.5,65,874.3,Cherrapunji_Wet,25.2702,91.7323
2023-04-25T12:00,22.8,64,873.9,Cherrapunji_Wet,25.2702,91.7323
2023-04-25T13:00,22.8,60,872.4,Cherrapunji_Wet,25.2702,91.7323
2023-04-25T14:00,22.5,57,871.7,Cherrapunji_Wet,25.2702,91.7323
2023-04-25T15:00,22.1,58,871.3,Cherrapunji_Wet,25.2702,91.7323
2023-04-25T16:00,21.4,61,871,Cherrapunji_Wet,25.2702,91.7323
2023-04-25T17:00,18.9,85,870.4,Cherrapunji_Wet,25.2702,91.7323
2023-04-25T18:00,18.7,79,870.6,Cherrapunji_Wet,25.2702,91.7323
2023-04-25T19:00,16.6,89,870.4,Cherrapunji_Wet,25.2702,91.7323
2023-04-25T20:00,16.5,86,870.9,Cherrapunji_Wet,25.2702,91.7323
2023-04-25T21:00,15.9,86,870.8,Cherrapunji_Wet,25.2702,91.7323
2023-04-25T22:00,15.5,86,870.9,Cherrapunji_Wet,25.2702,91.7323
2023-04-25T23:00,15,87,870.1,Cherrapunji_Wet,25.2702,91.7323
2023-04-26T00:00,14.6,87,869.4,Cherrapunji_Wet,25.2702,91.7323
2023-04-26T01:00,14.2,87,868.6,Cherrapunji_Wet,25.2702,91.7323
2023-04-26T02:00,14.2,86,868.1,Cherrapunji_Wet,25.2702,91.7323
2023-04-26T03:00,14.3,84,868.4,Cherrapunji_Wet,25.2702,91.7323
2023-04-26T04:00,13.9,84,868.7,Cherrapunji_Wet,25.2702,91.7323
2023-04-26T05:00,14.4,84,869.8,Cherrapunji_Wet,25.2702,91.7323
2023-04-26T06:00,18.5,72,872.3,Cherrapunji_Wet,25.2702,91.7323
2023-04-26T07:00,20.4,63,873.3,Cherrapunji_Wet,25.2702,91.7323
2023-04-26T08:00,22.1,50,874,Cherrapunji_Wet,25.2702,91.7323
2023-04-26T09:00,22.9,48,873.9,Cherrapunji_Wet,25.2702,91.7323
2023-04-26T10:00,23.2,47,873.5,Cherrapunji_Wet,25.2702,91.7323
2023-04-26T11:00,23.2,47,873.1,Cherrapunji_Wet,25.2702,91.7323
2023-04-26T12:00,23.1,49,872.4,Cherrapunji_Wet,25.2702,91.7323
2023-04-26T13:00,22.5,54,871.4,Cherrapunji_Wet,25.2702,91.7323
2023-04-26T14:00,23.2,50,870.6,Cherrapunji_Wet,25.2702,91.7323
2023-04-26T15:00,22.8,51,869.8,Cherrapunji_Wet,25.2702,91.7323
2023-04-26T16:00,21.9,54,869.5,Cherrapunji_Wet,25.2702,91.7323
2023-04-26T17:00,19.2,82,869.9,Cherrapunji_Wet,25.2702,91.7323
2023-04-26T18:00,17.5,84,869.6,Cherrapunji_Wet,25.2702,91.7323
2023-04-26T19:00,16.9,80,869.9,Cherrapunji_Wet,25.2702,91.7323
2023-04-26T20:00,16.5,77,870,Cherrapunji_Wet,25.2702,91.7323
2023-04-26T21:00,15.8,81,869.9,Cherrapunji_Wet,25.2702,91.7323
2023-04-26T22:00,15.2,84,869.6,Cherrapunji_Wet,25.2702,91.7323
2023-04-26T23:00,14.9,83,869.1,Cherrapunji_Wet,25.2702,91.7323
2023-04-27T00:00,14.8,84,868.8,Cherrapunji_Wet,25.2702,91.7323
2023-04-27T01:00,14.5,87,868.5,Cherrapunji_Wet,25.2702,91.7323
2023-04-27T02:00,14.4,89,868.2,Cherrapunji_Wet,25.2702,91.7323
2023-04-27T03:00,14.5,87,868.2,Cherrapunji_Wet,25.2702,91.7323
2023-04-27T04:00,14.3,87,868.7,Cherrapunji_Wet,25.2702,91.7323
2023-04-27T05:00,16.1,90,870.5,Cherrapunji_Wet,25.2702,91.7323
2023-04-27T06:00,19.3,76,872.6,Cherrapunji_Wet,25.2702,91.7323
2023-04-27T07:00,20.3,71,873.5,Cherrapunji_Wet,25.2702,91.7323
2023-04-27T08:00,21.7,62,874.3,Cherrapunji_Wet,25.2702,91.7323
2023-04-27T09:00,22.7,56,874.5,Cherrapunji_Wet,25.2702,91.7323
2023-04-27T10:00,22.9,55,874.3,Cherrapunji_Wet,25.2702,91.7323
2023-04-27T11:00,23.2,55,873.7,Cherrapunji_Wet,25.2702,91.7323
2023-04-27T12:00,23.6,53,872.8,Cherrapunji_Wet,25.2702,91.7323
2023-04-27T13:00,23.9,52,871.9,Cherrapunji_Wet,25.2702,91.7323
2023-04-27T14:00,23.7,53,871,Cherrapunji_Wet,25.2702,91.7323
2023-04-27T15:00,23.1,56,870.3,Cherrapunji_Wet,25.2702,91.7323
2023-04-27T16:00,22.3,61,870.1,Cherrapunji_Wet,25.2702,91.7323
2023-04-27T17:00,19.8,77,870.1,Cherrapunji_Wet,25.2702,91.7323
2023-04-27T18:00,18.9,84,870.5,Cherrapunji_Wet,25.2702,91.7323
2023-04-27T19:00,19.2,77,871.2,Cherrapunji_Wet,25.2702,91.7323
2023-04-27T20:00,18.5,86,872,Cherrapunji_Wet,25.2702,91.7323
2023-04-27T21:00,18,85,871.9,Cherrapunji_Wet,25.2702,91.7323
2023-04-27T22:00,17.1,85,871.4,Cherrapunji_Wet,25.2702,91.7323
2023-04-27T23:00,17.1,82,871.1,Cherrapunji_Wet,25.2702,91.7323
2023-04-28T00:00,16.8,82,870,Cherrapunji_Wet,25.2702,91.7323
2023-04-28T01:00,15.7,83,869.3,Cherrapunji_Wet,25.2702,91.7323
2023-04-28T02:00,14.7,82,868.5,Cherrapunji_Wet,25.2702,91.7323
2023-04-28T03:00,14.2,83,868.4,Cherrapunji_Wet,25.2702,91.7323
2023-04-28T04:00,14.8,79,869.3,Cherrapunji_Wet,25.2702,91.7323
2023-04-28T05:00,15.5,85,870.5,Cherrapunji_Wet,25.2702,91.7323
2023-04-28T06:00,18.9,74,872.7,Cherrapunji_Wet,25.2702,91.7323
2023-04-28T07:00,20.6,62,873.7,Cherrapunji_Wet,25.2702,91.7323
2023-04-28T08:00,22,59,874.5,Cherrapunji_Wet,25.2702,91.7323
2023-04-28T09:00,22,59,874.4,Cherrapunji_Wet,25.2702,91.7323
2023-04-28T10:00,22.4,56,873.9,Cherrapunji_Wet,25.2702,91.7323
2023-04-28T11:00,23,54,873.4,Cherrapunji_Wet,25.2702,91.7323
2023-04-28T12:00,23,54,872.7,Cherrapunji_Wet,25.2702,91.7323
2023-04-28T13:00,22.8,56,871.5,Cherrapunji_Wet,25.2702,91.7323
2023-04-28T14:00,22.6,59,870.6,Cherrapunji_Wet,25.2702,91.7323
2023-04-28T15:00,21.8,65,869.8,Cherrapunji_Wet,25.2702,91.7323
2023-04-28T16:00,21.1,69,869.5,Cherrapunji_Wet,25.2702,91.7323
2023-04-28T17:00,19,80,869.9,Cherrapunji_Wet,25.2702,91.7323
2023-04-28T18:00,17.2,95,870.1,Cherrapunji_Wet,25.2702,91.7323
2023-04-28T19:00,16.7,96,870.6,Cherrapunji_Wet,25.2702,91.7323
2023-04-28T20:00,16.1,95,870.4,Cherrapunji_Wet,25.2702,91.7323
2023-04-28T21:00,15.5,95,870.7,Cherrapunji_Wet,25.2702,91.7323
2023-04-28T22:00,14.9,94,870.7,Cherrapunji_Wet,25.2702,91.7323
2023-04-28T23:00,15.1,93,870.3,Cherrapunji_Wet,25.2702,91.7323
2023-04-29T00:00,14.5,94,869.2,Cherrapunji_Wet,25.2702,91.7323
2023-04-29T01:00,14.4,93,868.8,Cherrapunji_Wet,25.2702,91.7323
2023-04-29T02:00,14.1,94,868.5,Cherrapunji_Wet,25.2702,91.7323
2023-04-29T03:00,14.3,93,868.7,Cherrapunji_Wet,25.2702,91.7323
2023-04-29T04:00,14.3,94,868.9,Cherrapunji_Wet,25.2702,91.7323
2023-04-29T05:00,16.4,91,870.7,Cherrapunji_Wet,25.2702,91.7323
2023-04-29T06:00,18.9,81,872.3,Cherrapunji_Wet,25.2702,91.7323
2023-04-29T07:00,20.6,72,873.4,Cherrapunji_Wet,25.2702,91.7323
2023-04-29T08:00,21.8,63,874,Cherrapunji_Wet,25.2702,91.7323
2023-04-29T09:00,22.5,59,874,Cherrapunji_Wet,25.2702,91.7323
2023-04-29T10:00,23.1,57,873.8,Cherrapunji_Wet,25.2702,91.7323
2023-04-29T11:00,22.4,66,873.4,Cherrapunji_Wet,25.2702,91.7323
2023-04-29T12:00,23.8,60,872.7,Cherrapunji_Wet,25.2702,91.7323
2023-04-29T13:00,21.9,66,871,Cherrapunji_Wet,25.2702,91.7323
2023-04-29T14:00,22.3,66,870.6,Cherrapunji_Wet,25.2702,91.7323
2023-04-29T15:00,21.3,69,870.2,Cherrapunji_Wet,25.2702,91.7323
2023-04-29T16:00,21.1,68,870,Cherrapunji_Wet,25.2702,91.7323
2023-04-29T17:00,19.9,76,869.5,Cherrapunji_Wet,25.2702,91.7323
2023-04-29T18:00,17.7,89,869,Cherrapunji_Wet,25.2702,91.7323
2023-04-29T19:00,18,87,869.9,Cherrapunji_Wet,25.2702,91.7323
2023-04-29T20:00,18.2,88,871.5,Cherrapunji_Wet,25.2702,91.7323
2023-04-29T21:00,17.5,91,870.6,Cherrapunji_Wet,25.2702,91.7323
2023-04-29T22:00,17.2,87,870.4,Cherrapunji_Wet,25.2702,91.7323
2023-04-29T23:00,16.5,85,869.6,Cherrapunji_Wet,25.2702,91.7323
2023-04-30T00:00,16.4,85,869.2,Cherrapunji_Wet,25.2702,91.7323
2023-04-30T01:00,16.6,90,868.9,Cherrapunji_Wet,25.2702,91.7323
2023-04-30T02:00,16.5,88,868.7,Cherrapunji_Wet,25.2702,91.7323
2023-04-30T03:00,15.8,91,868,Cherrapunji_Wet,25.2702,91.7323
2023-04-30T04:00,15.2,92,867.7,Cherrapunji_Wet,25.2702,91.7323
2023-04-30T05:00,16,91,868.8,Cherrapunji_Wet,25.2702,91.7323
2023-04-30T06:00,18.6,90,870.7,Cherrapunji_Wet,25.2702,91.7323
2023-04-30T07:00,19.7,81,871.8,Cherrapunji_Wet,25.2702,91.7323
2023-04-30T08:00,21.1,75,872.6,Cherrapunji_Wet,25.2702,91.7323
2023-04-30T09:00,22,72,872.8,Cherrapunji_Wet,25.2702,91.7323
2023-04-30T10:00,21.6,72,872.3,Cherrapunji_Wet,25.2702,91.7323
2023-04-30T11:00,21.3,75,871.9,Cherrapunji_Wet,25.2702,91.7323
2023-04-30T12:00,22.6,73,871.2,Cherrapunji_Wet,25.2702,91.7323
2023-04-30T13:00,23,67,869.8,Cherrapunji_Wet,25.2702,91.7323
2023-04-30T14:00,20,78,868.6,Cherrapunji_Wet,25.2702,91.7323
2023-04-30T15:00,20.5,76,868.3,Cherrapunji_Wet,25.2702,91.7323
2023-04-30T16:00,20.7,76,868.5,Cherrapunji_Wet,25.2702,91.7323
2023-04-30T17:00,18.9,90,868.6,Cherrapunji_Wet,25.2702,91.7323
2023-04-30T18:00,17.4,93,868.3,Cherrapunji_Wet,25.2702,91.7323
2023-04-30T19:00,16.9,94,868.6,Cherrapunji_Wet,25.2702,91.7323
2023-04-30T20:00,16.6,93,869.5,Cherrapunji_Wet,25.2702,91.7323
2023-04-30T21:00,16.6,89,869.8,Cherrapunji_Wet,25.2702,91.7323
2023-04-30T22:00,16.9,85,870.4,Cherrapunji_Wet,25.2702,91.7323
2023-04-30T23:00,16.9,89,869.8,Cherrapunji_Wet,25.2702,91.7323
2023-05-01T00:00,16.4,91,868.4,Cherrapunji_Wet,25.2702,91.7323
2023-05-01T01:00,15.6,92,867.7,Cherrapunji_Wet,25.2702,91.7323
2023-05-01T02:00,15.4,90,867.4,Cherrapunji_Wet,25.2702,91.7323
2023-05-01T03:00,15.1,88,867.2,Cherrapunji_Wet,25.2702,91.7323
2023-05-01T04:00,14.8,85,867.5,Cherrapunji_Wet,25.2702,91.7323
2023-05-01T05:00,16.3,86,868.9,Cherrapunji_Wet,25.2702,91.7323
2023-05-01T06:00,18.5,78,870.7,Cherrapunji_Wet,25.2702,91.7323
2023-05-01T07:00,20.1,75,872.1,Cherrapunji_Wet,25.2702,91.7323
2023-05-01T08:00,21.1,70,873.1,Cherrapunji_Wet,25.2702,91.7323
2023-05-01T09:00,22.1,68,873.2,Cherrapunji_Wet,25.2702,91.7323
2023-05-01T10:00,22.9,64,872.9,Cherrapunji_Wet,25.2702,91.7323
2023-05-01T11:00,22.8,64,872.3,Cherrapunji_Wet,25.2702,91.7323
2023-05-01T12:00,23.3,59,871.5,Cherrapunji_Wet,25.2702,91.7323
2023-05-01T13:00,23.5,59,870.7,Cherrapunji_Wet,25.2702,91.7323
2023-05-01T14:00,23.2,54,870.2,Cherrapunji_Wet,25.2702,91.7323
2023-05-01T15:00,22.1,62,869.7,Cherrapunji_Wet,25.2702,91.7323
2023-05-01T16:00,20.2,72,870,Cherrapunji_Wet,25.2702,91.7323
2023-05-01T17:00,19.4,77,870.3,Cherrapunji_Wet,25.2702,91.7323
2023-05-01T18:00,18.2,87,871,Cherrapunji_Wet,25.2702,91.7323
2023-05-01T19:00,17.7,90,871.5,Cherrapunji_Wet,25.2702,91.7323
2023-05-01T20:00,17.7,88,871.8,Cherrapunji_Wet,25.2702,91.7323
2023-05-01T21:00,17.7,86,871.9,Cherrapunji_Wet,25.2702,91.7323
2023-05-01T22:00,17.4,83,871.3,Cherrapunji_Wet,25.2702,91.7323
2023-05-01T23:00,17.3,80,870.7,Cherrapunji_Wet,25.2702,91.7323
2023-05-02T00:00,17.4,80,870.4,Cherrapunji_Wet,25.2702,91.7323
2023-05-02T01:00,17.5,73,870,Cherrapunji_Wet,25.2702,91.7323
2023-05-02T02:00,17.4,70,869.8,Cherrapunji_Wet,25.2702,91.7323
2023-05-02T03:00,15.7,84,869,Cherrapunji_Wet,25.2702,91.7323
2023-05-02T04:00,15.8,84,869.6,Cherrapunji_Wet,25.2702,91.7323
2023-05-02T05:00,15.8,93,870.2,Cherrapunji_Wet,25.2702,91.7323
2023-05-02T06:00,17.9,86,871.9,Cherrapunji_Wet,25.2702,91.7323
2023-05-02T07:00,19.1,78,873,Cherrapunji_Wet,25.2702,91.7323
2023-05-02T08:00,20,71,873.6,Cherrapunji_Wet,25.2702,91.7323
2023-05-02T09:00,20.2,70,874,Cherrapunji_Wet,25.2702,91.7323
2023-05-02T10:00,21.2,66,873.6,Cherrapunji_Wet,25.2702,91.7323
2023-05-02T11:00,21.8,67,873.4,Cherrapunji_Wet,25.2702,91.7323
2023-05-02T12:00,22.2,63,872.5,Cherrapunji_Wet,25.2702,91.7323
2023-05-02T13:00,22.3,61,871.5,Cherrapunji_Wet,25.2702,91.7323
2023-05-02T14:00,21.8,61,870.6,Cherrapunji_Wet,25.2702,91.7323
2023-05-02T15:00,21.4,61,870.2,Cherrapunji_Wet,25.2702,91.7323
2023-05-02T16:00,20.3,68,870,Cherrapunji_Wet,25.2702,91.7323
2023-05-02T17:00,18.7,75,870.2,Cherrapunji_Wet,25.2702,91.7323
2023-05-02T18:00,17.8,78,870.4,Cherrapunji_Wet,25.2702,91.7323
2023-05-02T19:00,16.9,83,870.5,Cherrapunji_Wet,25.2702,91.7323
2023-05-02T20:00,16.3,85,870.9,Cherrapunji_Wet,25.2702,91.7323
2023-05-02T21:00,15.5,88,871.1,Cherrapunji_Wet,25.2702,91.7323
2023-05-02T22:00,15.3,88,871.3,Cherrapunji_Wet,25.2702,91.7323
2023-05-02T23:00,15,88,870.9,Cherrapunji_Wet,25.2702,91.7323
2023-05-03T00:00,15,87,870.4,Cherrapunji_Wet,25.2702,91.7323
2023-05-03T01:00,14.8,88,869.9,Cherrapunji_Wet,25.2702,91.7323
2023-05-03T02:00,15,88,869.9,Cherrapunji_Wet,25.2702,91.7323
2023-05-03T03:00,15,89,869.7,Cherrapunji_Wet,25.2702,91.7323
2023-05-03T04:00,16.2,83,870.9,Cherrapunji_Wet,25.2702,91.7323
2023-05-03T05:00,15.5,89,871.3,Cherrapunji_Wet,25.2702,91.7323
2023-05-03T06:00,17.6,82,872.7,Cherrapunji_Wet,25.2702,91.7323
2023-05-03T07:00,19.1,79,874.1,Cherrapunji_Wet,25.2702,91.7323
2023-05-03T08:00,17.8,87,874.5,Cherrapunji_Wet,25.2702,91.7323
2023-05-03T09:00,19.9,81,875,Cherrapunji_Wet,25.2702,91.7323
2023-05-03T10:00,20.4,78,874.5,Cherrapunji_Wet,25.2702,91.7323
2023-05-03T11:00,22.3,66,874.3,Cherrapunji_Wet,25.2702,91.7323
2023-05-03T12:00,22.4,68,873.5,Cherrapunji_Wet,25.2702,91.7323
2023-05-03T13:00,21.6,64,872.4,Cherrapunji_Wet,25.2702,91.7323
2023-05-03T14:00,19.7,77,871.4,Cherrapunji_Wet,25.2702,91.7323
2023-05-03T15:00,20.1,77,871,Cherrapunji_Wet,25.2702,91.7323
2023-05-03T16:00,19.9,79,870.7,Cherrapunji_Wet,25.2702,91.7323
2023-05-03T17:00,18.5,90,870.8,Cherrapunji_Wet,25.2702,91.7323
2023-05-03T18:00,18.2,94,871,Cherrapunji_Wet,25.2702,91.7323
2023-05-03T19:00,18.2,92,872.1,Cherrapunji_Wet,25.2702,91.7323
2023-05-03T20:00,17.4,94,872.5,Cherrapunji_Wet,25.2702,91.7323
2023-05-03T21:00,17.3,94,872.4,Cherrapunji_Wet,25.2702,91.7323
2023-05-03T22:00,16.5,91,872.1,Cherrapunji_Wet,25.2702,91.7323
2023-05-03T23:00,17.3,89,871.7,Cherrapunji_Wet,25.2702,91.7323
2023-05-04T00:00,16.1,93,870.6,Cherrapunji_Wet,25.2702,91.7323
2023-05-04T01:00,16.4,95,870,Cherrapunji_Wet,25.2702,91.7323
2023-05-04T02:00,16.4,94,869.8,Cherrapunji_Wet,25.2702,91.7323
2023-05-04T03:00,16.2,94,869.1,Cherrapunji_Wet,25.2702,91.7323
2023-05-04T04:00,16.4,92,869.8,Cherrapunji_Wet,25.2702,91.7323
2023-05-04T05:00,17.1,91,871.2,Cherrapunji_Wet,25.2702,91.7323
2023-05-04T06:00,18.3,90,872.4,Cherrapunji_Wet,25.2702,91.7323
2023-05-04T07:00,18.2,88,873.2,Cherrapunji_Wet,25.2702,91.7323
2023-05-04T08:00,17.3,94,873.3,Cherrapunji_Wet,25.2702,91.7323
2023-05-04T09:00,18.3,94,873.6,Cherrapunji_Wet,25.2702,91.7323
2023-05-04T10:00,20.4,87,873.6,Cherrapunji_Wet,25.2702,91.7323
2023-05-04T11:00,22.4,76,873.5,Cherrapunji_Wet,25.2702,91.7323
2023-05-04T12:00,19.6,82,872.2,Cherrapunji_Wet,25.2702,91.7323
2023-05-04T13:00,21.7,79,871.4,Cherrapunji_Wet,25.2702,91.7323
2023-05-04T14:00,20.3,78,870.1,Cherrapunji_Wet,25.2702,91.7323
2023-05-04T15:00,19.8,80,869.5,Cherrapunji_Wet,25.2702,91.7323
2023-05-04T16:00,18.5,88,869.1,Cherrapunji_Wet,25.2702,91.7323
2023-05-04T17:00,17.6,93,869.4,Cherrapunji_Wet,25.2702,91.7323
2023-05-04T18:00,17,96,869.7,Cherrapunji_Wet,25.2702,91.7323
2023-05-04T19:00,17,95,869.9,Cherrapunji_Wet,25.2702,91.7323
2023-05-04T20:00,17.2,92,870.6,Cherrapunji_Wet,25.2702,91.7323
2023-05-04T21:00,16.8,96,870.8,Cherrapunji_Wet,25.2702,91.7323
2023-05-04T22:00,16.9,94,870.5,Cherrapunji_Wet,25.2702,91.7323
2023-05-04T23:00,16.7,96,870.1,Cherrapunji_Wet,25.2702,91.7323
2023-05-05T00:00,16.8,97,869.4,Cherrapunji_Wet,25.2702,91.7323
2023-05-05T01:00,16.7,97,868.7,Cherrapunji_Wet,25.2702,91.7323
2023-05-05T02:00,16.4,97,867.9,Cherrapunji_Wet,25.2702,91.7323
2023-05-05T03:00,16.6,97,867.7,Cherrapunji_Wet,25.2702,91.7323
2023-05-05T04:00,16.2,98,867.8,Cherrapunji_Wet,25.2702,91.7323
2023-05-05T05:00,16.6,99,868.9,Cherrapunji_Wet,25.2702,91.7323
2023-05-05T06:00,17.2,94,869.5,Cherrapunji_Wet,25.2702,91.7323
2023-05-05T07:00,18.3,88,870.6,Cherrapunji_Wet,25.2702,91.7323
2023-05-05T08:00,19.4,81,871.1,Cherrapunji_Wet,25.2702,91.7323
2023-05-05T09:00,20.1,75,871.3,Cherrapunji_Wet,25.2702,91.7323
2023-05-05T10:00,20.9,73,871,Cherrapunji_Wet,25.2702,91.7323
2023-05-05T11:00,21.3,82,870.3,Cherrapunji_Wet,25.2702,91.7323
2023-05-05T12:00,22.2,75,869.5,Cherrapunji_Wet,25.2702,91.7323
2023-05-05T13:00,22.4,73,868.4,Cherrapunji_Wet,25.2702,91.7323
2023-05-05T14:00,22.1,73,867.8,Cherrapunji_Wet,25.2702,91.7323
2023-05-05T15:00,21.1,75,867.2,Cherrapunji_Wet,25.2702,91.7323
2023-05-05T16:00,20.4,79,867,Cherrapunji_Wet,25.2702,91.7323
2023-05-05T17:00,18.9,87,867.3,Cherrapunji_Wet,25.2702,91.7323
2023-05-05T18:00,17,97,866.9,Cherrapunji_Wet,25.2702,91.7323
2023-05-05T19:00,16.7,96,867.1,Cherrapunji_Wet,25.2702,91.7323
2023-05-05T20:00,16.3,95,867.7,Cherrapunji_Wet,25.2702,91.7323
2023-05-05T21:00,16.3,94,868.1,Cherrapunji_Wet,25.2702,91.7323
2023-05-05T22:00,16.9,92,868.2,Cherrapunji_Wet,25.2702,91.7323
2023-05-05T23:00,16.5,94,867.8,Cherrapunji_Wet,25.2702,91.7323
2023-05-06T00:00,15.8,95,866.8,Cherrapunji_Wet,25.2702,91.7323
2023-05-06T01:00,16.1,93,866.4,Cherrapunji_Wet,25.2702,91.7323
2023-05-06T02:00,15.6,93,865.9,Cherrapunji_Wet,25.2702,91.7323
2023-05-06T03:00,15.3,94,865.7,Cherrapunji_Wet,25.2702,91.7323
2023-05-06T04:00,14.5,95,865.8,Cherrapunji_Wet,25.2702,91.7323
2023-05-06T05:00,16.6,95,867.9,Cherrapunji_Wet,25.2702,91.7323
2023-05-06T06:00,18.2,87,869.1,Cherrapunji_Wet,25.2702,91.7323
2023-05-06T07:00,19.5,80,870.2,Cherrapunji_Wet,25.2702,91.7323
2023-05-06T08:00,20.7,73,870.8,Cherrapunji_Wet,25.2702,91.7323
2023-05-06T09:00,21.9,66,871.2,Cherrapunji_Wet,25.2702,91.7323
2023-05-06T10:00,22.1,64,870.9,Cherrapunji_Wet,25.2702,91.7323
2023-05-06T11:00,22.2,64,870.4,Cherrapunji_Wet,25.2702,91.7323
2023-05-06T12:00,22.5,63,869.8,Cherrapunji_Wet,25.2702,91.7323
2023-05-06T13:00,22.2,66,868.9,Cherrapunji_Wet,25.2702,91.7323
2023-05-06T14:00,22.2,68,868.1,Cherrapunji_Wet,25.2702,91.7323
2023-05-06T15:00,21.7,73,867.6,Cherrapunji_Wet,25.2702,91.7323
2023-05-06T16:00,21.2,75,867.3,Cherrapunji_Wet,25.2702,91.7323
2023-05-06T17:00,19.6,88,867.6,Cherrapunji_Wet,25.2702,91.7323
2023-05-06T18:00,17.8,92,867.1,Cherrapunji_Wet,25.2702,91.7323
2023-05-06T19:00,17.9,88,867.6,Cherrapunji_Wet,25.2702,91.7323
2023-05-06T20:00,16.5,92,867.4,Cherrapunji_Wet,25.2702,91.7323
2023-05-06T21:00,16.3,91,867.8,Cherrapunji_Wet,25.2702,91.7323
2023-05-06T22:00,15.8,92,867.7,Cherrapunji_Wet,25.2702,91.7323
2023-05-06T23:00,15.8,93,867.3,Cherrapunji_Wet,25.2702,91.7323
2023-05-07T00:00,15.6,93,866.9,Cherrapunji_Wet,25.2702,91.7323
2023-05-07T01:00,15.3,93,866.5,Cherrapunji_Wet,25.2702,91.7323
2023-05-07T02:00,15.1,94,865.9,Cherrapunji_Wet,25.2702,91.7323
2023-05-07T03:00,15.1,93,866,Cherrapunji_Wet,25.2702,91.7323
2023-05-07T04:00,15.5,91,866.8,Cherrapunji_Wet,25.2702,91.7323
2023-05-07T05:00,16.4,91,868.5,Cherrapunji_Wet,25.2702,91.7323
2023-05-07T06:00,18.6,86,870.1,Cherrapunji_Wet,25.2702,91.7323
2023-05-07T07:00,20.2,80,871.1,Cherrapunji_Wet,25.2702,91.7323
2023-05-07T08:00,21.2,73,871.8,Cherrapunji_Wet,25.2702,91.7323
2023-05-07T09:00,22.1,66,872,Cherrapunji_Wet,25.2702,91.7323
2023-05-07T10:00,21.7,67,871.5,Cherrapunji_Wet,25.2702,91.7323
2023-05-07T11:00,23,61,871.1,Cherrapunji_Wet,25.2702,91.7323
2023-05-07T12:00,23.6,58,870.2,Cherrapunji_Wet,25.2702,91.7323
2023-05-07T13:00,23.6,59,869.3,Cherrapunji_Wet,25.2702,91.7323
2023-05-07T14:00,23.2,62,868.6,Cherrapunji_Wet,25.2702,91.7323
2023-05-07T15:00,22.2,69,867.8,Cherrapunji_Wet,25.2702,91.7323
2023-05-07T16:00,21.7,74,867.4,Cherrapunji_Wet,25.2702,91.7323
2023-05-07T17:00,20.7,79,867.7,Cherrapunji_Wet,25.2702,91.7323
2023-05-07T18:00,18.8,89,867.4,Cherrapunji_Wet,25.2702,91.7323
2023-05-07T19:00,18.2,89,867.7,Cherrapunji_Wet,25.2702,91.7323
2023-05-07T20:00,17.6,88,867.7,Cherrapunji_Wet,25.2702,91.7323
2023-05-07T21:00,16.9,87,867.7,Cherrapunji_Wet,25.2702,91.7323
2023-05-07T22:00,16.6,87,867.6,Cherrapunji_Wet,25.2702,91.7323
2023-05-07T23:00,16.5,86,867,Cherrapunji_Wet,25.2702,91.7323
2023-05-08T00:00,16.2,86,866.6,Cherrapunji_Wet,25.2702,91.7323
2023-05-08T01:00,16,87,865.9,Cherrapunji_Wet,25.2702,91.7323
2023-05-08T02:00,15.9,86,865.6,Cherrapunji_Wet,25.2702,91.7323
2023-05-08T03:00,16,82,866.1,Cherrapunji_Wet,25.2702,91.7323
2023-05-08T04:00,19.4,69,868.4,Cherrapunji_Wet,25.2702,91.7323
2023-05-08T05:00,18,86,868,Cherrapunji_Wet,25.2702,91.7323
2023-05-08T06:00,20.9,73,870.2,Cherrapunji_Wet,25.2702,91.7323
2023-05-08T07:00,22.6,62,871.3,Cherrapunji_Wet,25.2702,91.7323
2023-05-08T08:00,23.5,57,871.8,Cherrapunji_Wet,25.2702,91.7323
2023-05-08T09:00,23.8,56,872,Cherrapunji_Wet,25.2702,91.7323
2023-05-08T10:00,24.6,52,871.9,Cherrapunji_Wet,25.2702,91.7323
2023-05-08T11:00,25.1,50,871.7,Cherrapunji_Wet,25.2702,91.7323
2023-05-08T12:00,25,52,871,Cherrapunji_Wet,25.2702,91.7323
2023-05-08T13:00,25.4,51,870.3,Cherrapunji_Wet,25.2702,91.7323
2023-05-08T14:00,25.1,52,869.7,Cherrapunji_Wet,25.2702,91.7323
2023-05-08T15:00,24.4,55,868.9,Cherrapunji_Wet,25.2702,91.7323
2023-05-08T16:00,23.8,57,868.3,Cherrapunji_Wet,25.2702,91.7323
2023-05-08T17:00,21.2,78,868.1,Cherrapunji_Wet,25.2702,91.7323
2023-05-08T18:00,18.9,79,867.3,Cherrapunji_Wet,25.2702,91.7323
2023-05-08T19:00,18.2,79,867.5,Cherrapunji_Wet,25.2702,91.7323
2023-05-08T20:00,17.6,77,867.7,Cherrapunji_Wet,25.2702,91.7323
2023-05-08T21:00,17.2,70,867.9,Cherrapunji_Wet,25.2702,91.7323
2023-05-08T22:00,16.6,66,867.6,Cherrapunji_Wet,25.2702,91.7323
2023-05-08T23:00,16.9,61,867.3,Cherrapunji_Wet,25.2702,91.7323
2023-05-09T00:00,16.4,63,866.6,Cherrapunji_Wet,25.2702,91.7323
2023-05-09T01:00,15.7,68,866.2,Cherrapunji_Wet,25.2702,91.7323
2023-05-09T02:00,21.4,45,868.7,Cherrapunji_Wet,25.2702,91.7323
2023-05-09T03:00,21.4,47,869.1,Cherrapunji_Wet,25.2702,91.7323
2023-05-09T04:00,21,50,869.3,Cherrapunji_Wet,25.2702,91.7323
2023-05-09T05:00,19.2,71,869,Cherrapunji_Wet,25.2702,91.7323
2023-05-09T06:00,22,63,870.3,Cherrapunji_Wet,25.2702,91.7323
2023-05-09T07:00,23.9,50,871.4,Cherrapunji_Wet,25.2702,91.7323
2023-05-09T08:00,25.1,45,871.9,Cherrapunji_Wet,25.2702,91.7323
2023-05-09T09:00,26,42,872.3,Cherrapunji_Wet,25.2702,91.7323
2023-05-09T10:00,26.7,41,872.5,Cherrapunji_Wet,25.2702,91.7323
2023-05-09T11:00,26.3,45,872.2,Cherrapunji_Wet,25.2702,91.7323
2023-05-09T12:00,26.1,47,871.6,Cherrapunji_Wet,25.2702,91.7323
2023-05-09T13:00,26.2,46,870.5,Cherrapunji_Wet,25.2702,91.7323
2023-05-09T14:00,26.1,42,869.5,Cherrapunji_Wet,25.2702,91.7323
2023-05-09T15:00,25.3,45,868.7,Cherrapunji_Wet,25.2702,91.7323
2023-05-09T16:00,24,50,868.1,Cherrapunji_Wet,25.2702,91.7323
2023-05-09T17:00,21.3,77,867.7,Cherrapunji_Wet,25.2702,91.7323
2023-05-09T18:00,19.2,76,866.9,Cherrapunji_Wet,25.2702,91.7323
2023-05-09T19:00,19.3,71,867.6,Cherrapunji_Wet,25.2702,91.7323
2023-05-09T20:00,20.1,65,868.8,Cherrapunji_Wet,25.2702,91.7323
2023-05-09T21:00,20.4,66,869.4,Cherrapunji_Wet,25.2702,91.7323
2023-05-09T22:00,20.3,65,869.4,Cherrapunji_Wet,25.2702,91.7323
2023-05-09T23:00,22.8,55,870.2,Cherrapunji_Wet,25.2702,91.7323
2023-05-10T00:00,21.8,59,869.7,Cherrapunji_Wet,25.2702,91.7323
2023-05-10T01:00,21,61,868.8,Cherrapunji_Wet,25.2702,91.7323
2023-05-10T02:00,18.6,70,867.6,Cherrapunji_Wet,25.2702,91.7323
2023-05-10T03:00,19.1,65,867.8,Cherrapunji_Wet,25.2702,91.7323
2023-05-10T04:00,18.3,68,867.6,Cherrapunji_Wet,25.2702,91.7323
2023-05-10T05:00,20,72,869.7,Cherrapunji_Wet,25.2702,91.7323
2023-05-10T06:00,22.1,65,871.4,Cherrapunji_Wet,25.2702,91.7323
2023-05-10T07:00,23.3,63,872.3,Cherrapunji_Wet,25.2702,91.7323
2023-05-10T08:00,23.7,60,872.8,Cherrapunji_Wet,25.2702,91.7323
2023-05-10T09:00,24.1,65,872.9,Cherrapunji_Wet,25.2702,91.7323
2023-05-10T10:00,25.4,61,872.9,Cherrapunji_Wet,25.2702,91.7323
2023-05-10T11:00,25.7,63,872.7,Cherrapunji_Wet,25.2702,91.7323
2023-05-10T12:00,25.1,61,871.8,Cherrapunji_Wet,25.2702,91.7323
2023-05-10T13:00,25.9,54,870.6,Cherrapunji_Wet,25.2702,91.7323
2023-05-10T14:00,20.3,75,869.8,Cherrapunji_Wet,25.2702,91.7323
2023-05-10T15:00,24.1,58,869.9,Cherrapunji_Wet,25.2702,91.7323
2023-05-10T16:00,24.1,56,869.6,Cherrapunji_Wet,25.2702,91.7323
2023-05-10T17:00,21.4,81,869.3,Cherrapunji_Wet,25.2702,91.7323
2023-05-10T18:00,19.8,79,869.3,Cherrapunji_Wet,25.2702,91.7323
2023-05-10T19:00,18.7,83,869.3,Cherrapunji_Wet,25.2702,91.7323
2023-05-10T20:00,19,78,869.7,Cherrapunji_Wet,25.2702,91.7323
2023-05-10T21:00,20.4,69,870.6,Cherrapunji_Wet,25.2702,91.7323
2023-05-10T22:00,20.3,68,871,Cherrapunji_Wet,25.2702,91.7323
2023-05-10T23:00,19.4,71,870.5,Cherrapunji_Wet,25.2702,91.7323
2023-05-11T00:00,17.7,78,869.7,Cherrapunji_Wet,25.2702,91.7323
2023-05-11T01:00,17.1,80,869.2,Cherrapunji_Wet,25.2702,91.7323
2023-05-11T02:00,18.6,73,870.1,Cherrapunji_Wet,25.2702,91.7323
2023-05-11T03:00,20.1,68,870.8,Cherrapunji_Wet,25.2702,91.7323
2023-05-11T04:00,21.3,65,871.8,Cherrapunji_Wet,25.2702,91.7323
2023-05-11T05:00,21,64,872.9,Cherrapunji_Wet,25.2702,91.7323
2023-05-11T06:00,21.6,70,873.8,Cherrapunji_Wet,25.2702,91.7323
2023-05-11T07:00,22.7,70,874.6,Cherrapunji_Wet,25.2702,91.7323
2023-05-11T08:00,23.7,65,875.2,Cherrapunji_Wet,25.2702,91.7323
2023-05-11T09:00,24.7,60,875.1,Cherrapunji_Wet,25.2702,91.7323
2023-05-11T10:00,25.6,52,874.9,Cherrapunji_Wet,25.2702,91.7323
2023-05-11T11:00,25.8,46,874.3,Cherrapunji_Wet,25.2702,91.7323
2023-05-11T12:00,25.9,45,873.5,Cherrapunji_Wet,25.2702,91.7323
2023-05-11T13:00,25.7,47,872.5,Cherrapunji_Wet,25.2702,91.7323
2023-05-11T14:00,25.5,47,871.4,Cherrapunji_Wet,25.2702,91.7323
2023-05-11T15:00,25.2,52,870.5,Cherrapunji_Wet,25.2702,91.7323
2023-05-11T16:00,24.1,61,870.2,Cherrapunji_Wet,25.2702,91.7323
2023-05-11T17:00,22.4,75,870.6,Cherrapunji_Wet,25.2702,91.7323
2023-05-11T18:00,22.1,78,870.7,Cherrapunji_Wet,25.2702,91.7323
2023-05-11T19:00,19.8,87,870.3,Cherrapunji_Wet,25.2702,91.7323
2023-05-11T20:00,19.4,85,870.9,Cherrapunji_Wet,25.2702,91.7323
2023-05-11T21:00,19.1,80,871,Cherrapunji_Wet,25.2702,91.7323
2023-05-11T22:00,18.9,79,871.2,Cherrapunji_Wet,25.2702,91.7323
2023-05-11T23:00,20.2,72,871.4,Cherrapunji_Wet,25.2702,91.7323
2023-05-12T00:00,18.9,78,870.4,Cherrapunji_Wet,25.2702,91.7323
2023-05-12T01:00,18.2,80,869.4,Cherrapunji_Wet,25.2702,91.7323
2023-05-12T02:00,17.7,81,868.9,Cherrapunji_Wet,25.2702,91.7323
2023-05-12T03:00,16.7,85,868.6,Cherrapunji_Wet,25.2702,91.7323
2023-05-12T04:00,16.2,85,869,Cherrapunji_Wet,25.2702,91.7323
2023-05-12T05:00,18.3,77,871.5,Cherrapunji_Wet,25.2702,91.7323
2023-05-12T06:00,21.4,63,873.4,Cherrapunji_Wet,25.2702,91.7323
2023-05-12T07:00,22,69,874.3,Cherrapunji_Wet,25.2702,91.7323
2023-05-12T08:00,23.4,65,874.7,Cherrapunji_Wet,25.2702,91.7323
2023-05-12T09:00,25.2,54,874.7,Cherrapunji_Wet,25.2702,91.7323
2023-05-12T10:00,25.8,52,874.2,Cherrapunji_Wet,25.2702,91.7323
2023-05-12T11:00,24.4,61,873.4,Cherrapunji_Wet,25.2702,91.7323
2023-05-12T12:00,24.9,61,872.5,Cherrapunji_Wet,25.2702,91.7323
2023-05-12T13:00,25.2,54,871.7,Cherrapunji_Wet,25.2702,91.7323
2023-05-12T14:00,24.9,53,870.7,Cherrapunji_Wet,25.2702,91.7323
2023-05-12T15:00,24.8,54,870.2,Cherrapunji_Wet,25.2702,91.7323
2023-05-12T16:00,24.1,59,870,Cherrapunji_Wet,25.2702,91.7323
2023-05-12T17:00,21.5,84,869.8,Cherrapunji_Wet,25.2702,91.7323
2023-05-12T18:00,19.8,86,869.7,Cherrapunji_Wet,25.2702,91.7323
2023-05-12T19:00,19.2,80,870.3,Cherrapunji_Wet,25.2702,91.7323
2023-05-12T20:00,18.4,78,870.8,Cherrapunji_Wet,25.2702,91.7323
2023-05-12T21:00,17.9,77,870.8,Cherrapunji_Wet,25.2702,91.7323
2023-05-12T22:00,17.7,76,870.5,Cherrapunji_Wet,25.2702,91.7323
2023-05-12T23:00,17,78,869.7,Cherrapunji_Wet,25.2702,91.7323
2023-05-13T00:00,16.4,81,868.5,Cherrapunji_Wet,25.2702,91.7323
2023-05-13T01:00,16.1,81,867.5,Cherrapunji_Wet,25.2702,91.7323
2023-05-13T02:00,15.9,77,867.1,Cherrapunji_Wet,25.2702,91.7323
2023-05-13T03:00,15.4,74,866.5,Cherrapunji_Wet,25.2702,91.7323
2023-05-13T04:00,15.3,69,866.7,Cherrapunji_Wet,25.2702,91.7323
2023-05-13T05:00,17.1,72,869.2,Cherrapunji_Wet,25.2702,91.7323
2023-05-13T06:00,21.2,61,871.3,Cherrapunji_Wet,25.2702,91.7323
2023-05-13T07:00,24.1,46,872.8,Cherrapunji_Wet,25.2702,91.7323
2023-05-13T08:00,25.8,33,873.4,Cherrapunji_Wet,25.2702,91.7323
2023-05-13T09:00,26.8,31,873.4,Cherrapunji_Wet,25.2702,91.7323
2023-05-13T10:00,26.9,33,872.9,Cherrapunji_Wet,25.2702,91.7323
2023-05-13T11:00,26,45,872.1,Cherrapunji_Wet,25.2702,91.7323
2023-05-13T12:00,25.8,50,871.7,Cherrapunji_Wet,25.2702,91.7323
2023-05-13T13:00,25,55,871,Cherrapunji_Wet,25.2702,91.7323
2023-05-13T14:00,24.2,56,870.4,Cherrapunji_Wet,25.2702,91.7323
2023-05-13T15:00,24,54,869.9,Cherrapunji_Wet,25.2702,91.7323
2023-05-13T16:00,23.1,64,869.3,Cherrapunji_Wet,25.2702,91.7323
2023-05-13T17:00,20.3,80,869.2,Cherrapunji_Wet,25.2702,91.7323
2023-05-13T18:00,19.6,80,868.9,Cherrapunji_Wet,25.2702,91.7323
2023-05-13T19:00,19.4,79,869.2,Cherrapunji_Wet,25.2702,91.7323
2023-05-13T20:00,18.7,79,869.3,Cherrapunji_Wet,25.2702,91.7323
2023-05-13T21:00,17.7,80,868.9,Cherrapunji_Wet,25.2702,91.7323
2023-05-13T22:00,17.6,78,868.4,Cherrapunji_Wet,25.2702,91.7323
2023-05-13T23:00,18,74,867.5,Cherrapunji_Wet,25.2702,91.7323
2023-05-14T00:00,18.1,71,866.6,Cherrapunji_Wet,25.2702,91.7323
2023-05-14T01:00,18.5,69,865.8,Cherrapunji_Wet,25.2702,91.7323
2023-05-14T02:00,17.9,71,865.1,Cherrapunji_Wet,25.2702,91.7323
2023-05-14T03:00,18.9,67,865.2,Cherrapunji_Wet,25.2702,91.7323
2023-05-14T04:00,19.4,70,865.2,Cherrapunji_Wet,25.2702,91.7323
2023-05-14T05:00,19.9,77,866.1,Cherrapunji_Wet,25.2702,91.7323
2023-05-14T06:00,21.9,72,867.4,Cherrapunji_Wet,25.2702,91.7323
2023-05-14T07:00,23.1,62,867.9,Cherrapunji_Wet,25.2702,91.7323
2023-05-14T08:00,23,59,868.4,Cherrapunji_Wet,25.2702,91.7323
2023-05-14T09:00,23.3,58,868.6,Cherrapunji_Wet,25.2702,91.7323
2023-05-14T10:00,23.2,56,868.5,Cherrapunji_Wet,25.2702,91.7323
2023-05-14T11:00,23.3,42,867.7,Cherrapunji_Wet,25.2702,91.7323
2023-05-14T12:00,23.1,39,866.3,Cherrapunji_Wet,25.2702,91.7323
2023-05-14T13:00,22.4,41,865.4,Cherrapunji_Wet,25.2702,91.7323
2023-05-14T14:00,21.8,44,864.1,Cherrapunji_Wet,25.2702,91.7323
2023-05-14T15:00,21,48,863,Cherrapunji_Wet,25.2702,91.7323
2023-05-14T16:00,20.3,50,862,Cherrapunji_Wet,25.2702,91.7323
2023-05-14T17:00,19.3,57,862.2,Cherrapunji_Wet,25.2702,91.7323
2023-05-14T18:00,18.5,60,861.9,Cherrapunji_Wet,25.2702,91.7323
2023-05-14T19:00,17.9,65,862.8,Cherrapunji_Wet,25.2702,91.7323
2023-05-14T20:00,17.6,65,863.1,Cherrapunji_Wet,25.2702,91.7323
2023-05-14T21:00,17.6,66,863.5,Cherrapunji_Wet,25.2702,91.7323
2023-05-14T22:00,17.5,65,863.2,Cherrapunji_Wet,25.2702,91.7323
2023-05-14T23:00,17.7,65,862.9,Cherrapunji_Wet,25.2702,91.7323
2023-05-15T00:00,17.5,64,862.3,Cherrapunji_Wet,25.2702,91.7323
2023-05-15T01:00,17.4,64,861.9,Cherrapunji_Wet,25.2702,91.7323
2023-05-15T02:00,17.7,61,862.6,Cherrapunji_Wet,25.2702,91.7323
2023-05-15T03:00,15.3,74,862.1,Cherrapunji_Wet,25.2702,91.7323
2023-05-15T04:00,14.7,75,862.4,Cherrapunji_Wet,25.2702,91.7323
2023-05-15T05:00,16.2,75,864.7,Cherrapunji_Wet,25.2702,91.7323
2023-05-15T06:00,18.7,66,866.4,Cherrapunji_Wet,25.2702,91.7323
2023-05-15T07:00,20.2,65,867.3,Cherrapunji_Wet,25.2702,91.7323
2023-05-15T08:00,20.8,73,868.1,Cherrapunji_Wet,25.2702,91.7323
2023-05-15T09:00,21.2,72,868.7,Cherrapunji_Wet,25.2702,91.7323
2023-05-15T10:00,20.8,72,869.1,Cherrapunji_Wet,25.2702,91.7323
2023-05-15T11:00,21,74,869.1,Cherrapunji_Wet,25.2702,91.7323
2023-05-15T12:00,20.9,73,868.2,Cherrapunji_Wet,25.2702,91.7323
2023-05-15T13:00,21.3,73,867.8,Cherrapunji_Wet,25.2702,91.7323
2023-05-15T14:00,21.7,69,867.4,Cherrapunji_Wet,25.2702,91.7323
2023-05-15T15:00,21.4,69,867.4,Cherrapunji_Wet,25.2702,91.7323
2023-05-15T16:00,20.6,72,867.2,Cherrapunji_Wet,25.2702,91.7323
2023-05-15T17:00,18.6,82,867.2,Cherrapunji_Wet,25.2702,91.7323
2023-05-15T18:00,18.1,89,867.5,Cherrapunji_Wet,25.2702,91.7323
2023-05-15T19:00,17.3,93,867.9,Cherrapunji_Wet,25.2702,91.7323
2023-05-15T20:00,16.9,91,868.4,Cherrapunji_Wet,25.2702,91.7323
2023-05-15T21:00,17.5,87,869,Cherrapunji_Wet,25.2702,91.7323
2023-05-15T22:00,17.6,88,869.5,Cherrapunji_Wet,25.2702,91.7323
2023-05-15T23:00,17.5,90,868.3,Cherrapunji_Wet,25.2702,91.7323
2023-05-16T00:00,17.1,93,867.8,Cherrapunji_Wet,25.2702,91.7323
2023-05-16T01:00,16.7,96,867.2,Cherrapunji_Wet,25.2702,91.7323
2023-05-16T02:00,16.7,98,867.1,Cherrapunji_Wet,25.2702,91.7323
2023-05-16T03:00,17,94,867.5,Cherrapunji_Wet,25.2702,91.7323
2023-05-16T04:00,16.7,98,868,Cherrapunji_Wet,25.2702,91.7323
2023-05-16T05:00,17.2,93,868.9,Cherrapunji_Wet,25.2702,91.7323
2023-05-16T06:00,18.3,90,869.8,Cherrapunji_Wet,25.2702,91.7323
2023-05-16T07:00,19.8,83,871.1,Cherrapunji_Wet,25.2702,91.7323
2023-05-16T08:00,21.5,78,871.9,Cherrapunji_Wet,25.2702,91.7323
2023-05-16T09:00,22.5,74,872.1,Cherrapunji_Wet,25.2702,91.7323
2023-05-16T10:00,23.4,70,872.1,Cherrapunji_Wet,25.2702,91.7323
2023-05-16T11:00,23.5,59,871.4,Cherrapunji_Wet,25.2702,91.7323
2023-05-16T12:00,22.3,69,870.9,Cherrapunji_Wet,25.2702,91.7323
2023-05-16T13:00,23.3,67,870.2,Cherrapunji_Wet,25.2702,91.7323
2023-05-16T14:00,22.6,67,869.1,Cherrapunji_Wet,25.2702,91.7323
2023-05-16T15:00,21.8,73,868.7,Cherrapunji_Wet,25.2702,91.7323
2023-05-16T16:00,21.4,79,868.6,Cherrapunji_Wet,25.2702,91.7323
2023-05-16T17:00,17.8,93,869.1,Cherrapunji_Wet,25.2702,91.7323
2023-05-16T18:00,16.8,94,869.4,Cherrapunji_Wet,25.2702,91.7323
2023-05-16T19:00,16.5,98,870.5,Cherrapunji_Wet,25.2702,91.7323
2023-05-16T20:00,17.4,97,870.7,Cherrapunji_Wet,25.2702,91.7323
2023-05-16T21:00,17.6,95,871.1,Cherrapunji_Wet,25.2702,91.7323
2023-05-16T22:00,17.5,99,871.1,Cherrapunji_Wet,25.2702,91.7323
2023-05-16T23:00,17.6,97,870.3,Cherrapunji_Wet,25.2702,91.7323
2023-05-17T00:00,17.3,98,869.5,Cherrapunji_Wet,25.2702,91.7323
2023-05-17T01:00,17.1,97,868.8,Cherrapunji_Wet,25.2702,91.7323
2023-05-17T02:00,17.6,98,868.8,Cherrapunji_Wet,25.2702,91.7323
2023-05-17T03:00,17.7,97,869.1,Cherrapunji_Wet,25.2702,91.7323
2023-05-17T04:00,17.2,96,869.1,Cherrapunji_Wet,25.2702,91.7323
2023-05-17T05:00,17,95,871,Cherrapunji_Wet,25.2702,91.7323
2023-05-17T06:00,16.7,99,872,Cherrapunji_Wet,25.2702,91.7323
2023-05-17T07:00,18.2,93,872.8,Cherrapunji_Wet,25.2702,91.7323
2023-05-17T08:00,20.3,82,873.8,Cherrapunji_Wet,25.2702,91.7323
2023-05-17T09:00,20.2,80,873.9,Cherrapunji_Wet,25.2702,91.7323
2023-05-17T10:00,20.6,83,874,Cherrapunji_Wet,25.2702,91.7323
2023-05-17T11:00,21.4,82,873.9,Cherrapunji_Wet,25.2702,91.7323
2023-05-17T12:00,20.5,88,872,Cherrapunji_Wet,25.2702,91.7323
2023-05-17T13:00,21.3,84,871.3,Cherrapunji_Wet,25.2702,91.7323
2023-05-17T14:00,21.7,79,870.8,Cherrapunji_Wet,25.2702,91.7323
2023-05-17T15:00,21.8,77,870.5,Cherrapunji_Wet,25.2702,91.7323
2023-05-17T16:00,20.7,83,870.3,Cherrapunji_Wet,25.2702,91.7323
2023-05-17T17:00,17.7,96,871.7,Cherrapunji_Wet,25.2702,91.7323
2023-05-17T18:00,17.6,98,871.6,Cherrapunji_Wet,25.2702,91.7323
2023-05-17T19:00,17.8,95,872.5,Cherrapunji_Wet,25.2702,91.7323
2023-05-17T20:00,17.3,98,873,Cherrapunji_Wet,25.2702,91.7323
2023-05-17T21:00,17.7,96,873,Cherrapunji_Wet,25.2702,91.7323
2023-05-17T22:00,17.5,98,872.7,Cherrapunji_Wet,25.2702,91.7323
2023-05-17T23:00,17.4,100,872.2,Cherrapunji_Wet,25.2702,91.7323
2023-05-18T00:00,17.1,100,871.3,Cherrapunji_Wet,25.2702,91.7323
2023-05-18T01:00,16.8,100,870.9,Cherrapunji_Wet,25.2702,91.7323
2023-05-18T02:00,17.2,98,870.4,Cherrapunji_Wet,25.2702,91.7323
2023-05-18T03:00,17.1,99,870.6,Cherrapunji_Wet,25.2702,91.7323
2023-05-18T04:00,17.2,98,870.9,Cherrapunji_Wet,25.2702,91.7323
2023-05-18T05:00,17.7,96,872.5,Cherrapunji_Wet,25.2702,91.7323
2023-05-18T06:00,18.4,93,873.3,Cherrapunji_Wet,25.2702,91.7323
2023-05-18T07:00,18.5,91,874.2,Cherrapunji_Wet,25.2702,91.7323
2023-05-18T08:00,18.5,96,874.2,Cherrapunji_Wet,25.2702,91.7323
2023-05-18T09:00,19.5,95,874.3,Cherrapunji_Wet,25.2702,91.7323
2023-05-18T10:00,20.1,92,874.2,Cherrapunji_Wet,25.2702,91.7323
2023-05-18T11:00,19.6,92,873.6,Cherrapunji_Wet,25.2702,91.7323
2023-05-18T12:00,20.3,87,872.8,Cherrapunji_Wet,25.2702,91.7323
2023-05-18T13:00,19.6,86,871.6,Cherrapunji_Wet,25.2702,91.7323
2023-05-18T14:00,19.5,87,870.6,Cherrapunji_Wet,25.2702,91.7323
2023-05-18T15:00,19.7,91,869.9,Cherrapunji_Wet,25.2702,91.7323
2023-05-18T16:00,19.2,91,869.9,Cherrapunji_Wet,25.2702,91.7323
2023-05-18T17:00,17.7,96,870.6,Cherrapunji_Wet,25.2702,91.7323
2023-05-18T18:00,17,99,870.6,Cherrapunji_Wet,25.2702,91.7323
2023-05-18T19:00,17.1,100,871.4,Cherrapunji_Wet,25.2702,91.7323
2023-05-18T20:00,16.9,99,871.3,Cherrapunji_Wet,25.2702,91.7323
2023-05-18T21:00,17.2,98,871.9,Cherrapunji_Wet,25.2702,91.7323
2023-05-18T22:00,17.1,99,871.6,Cherrapunji_Wet,25.2702,91.7323
2023-05-18T23:00,17,98,870.8,Cherrapunji_Wet,25.2702,91.7323
2023-05-19T00:00,17.1,97,869.7,Cherrapunji_Wet,25.2702,91.7323
2023-05-19T01:00,16.9,100,869.2,Cherrapunji_Wet,25.2702,91.7323
2023-05-19T02:00,16.9,99,868.8,Cherrapunji_Wet,25.2702,91.7323
2023-05-19T03:00,16.8,100,868.7,Cherrapunji_Wet,25.2702,91.7323
2023-05-19T04:00,16.8,99,868.7,Cherrapunji_Wet,25.2702,91.7323
2023-05-19T05:00,16.8,98,870.3,Cherrapunji_Wet,25.2702,91.7323
2023-05-19T06:00,17.9,92,870.7,Cherrapunji_Wet,25.2702,91.7323
2023-05-19T07:00,18.5,88,871.4,Cherrapunji_Wet,25.2702,91.7323
2023-05-19T08:00,18.1,94,871.9,Cherrapunji_Wet,25.2702,91.7323
2023-05-19T09:00,18.9,93,872,Cherrapunji_Wet,25.2702,91.7323
2023-05-19T10:00,18.6,92,871.8,Cherrapunji_Wet,25.2702,91.7323
2023-05-19T11:00,19.6,94,871.1,Cherrapunji_Wet,25.2702,91.7323
2023-05-19T12:00,19.5,94,870.4,Cherrapunji_Wet,25.2702,91.7323
2023-05-19T13:00,20,88,869.4,Cherrapunji_Wet,25.2702,91.7323
2023-05-19T14:00,19.6,87,868.7,Cherrapunji_Wet,25.2702,91.7323
2023-05-19T15:00,20.7,84,868.1,Cherrapunji_Wet,25.2702,91.7323
2023-05-19T16:00,20.2,86,867.8,Cherrapunji_Wet,25.2702,91.7323
2023-05-19T17:00,18.8,93,869.2,Cherrapunji_Wet,25.2702,91.7323
2023-05-19T18:00,17.6,98,868.1,Cherrapunji_Wet,25.2702,91.7323
2023-05-19T19:00,17.9,97,869,Cherrapunji_Wet,25.2702,91.7323
2023-05-19T20:00,18.4,99,869.6,Cherrapunji_Wet,25.2702,91.7323
2023-05-19T21:00,18.6,99,870.4,Cherrapunji_Wet,25.2702,91.7323
2023-05-19T22:00,18.5,98,870.3,Cherrapunji_Wet,25.2702,91.7323
2023-05-19T23:00,18.3,99,869.4,Cherrapunji_Wet,25.2702,91.7323
2023-05-20T00:00,17.6,98,868.6,Cherrapunji_Wet,25.2702,91.7323
2023-05-20T01:00,17.5,99,868,Cherrapunji_Wet,25.2702,91.7323
2023-05-20T02:00,17.5,100,867.8,Cherrapunji_Wet,25.2702,91.7323
2023-05-20T03:00,17.3,100,868,Cherrapunji_Wet,25.2702,91.7323
2023-05-20T04:00,17.6,98,867.5,Cherrapunji_Wet,25.2702,91.7323
2023-05-20T05:00,17.8,99,869.1,Cherrapunji_Wet,25.2702,91.7323
2023-05-20T06:00,19.1,88,869.9,Cherrapunji_Wet,25.2702,91.7323
2023-05-20T07:00,18.1,98,870.5,Cherrapunji_Wet,25.2702,91.7323
2023-05-20T08:00,19,98,871.1,Cherrapunji_Wet,25.2702,91.7323
2023-05-20T09:00,19.8,88,871.5,Cherrapunji_Wet,25.2702,91.7323
2023-05-20T10:00,19.8,86,871.5,Cherrapunji_Wet,25.2702,91.7323
2023-05-20T11:00,19.8,93,871,Cherrapunji_Wet,25.2702,91.7323
2023-05-20T12:00,19.9,89,870.6,Cherrapunji_Wet,25.2702,91.7323
2023-05-20T13:00,21,88,869.8,Cherrapunji_Wet,25.2702,91.7323
2023-05-20T14:00,21.2,81,869.5,Cherrapunji_Wet,25.2702,91.7323
2023-05-20T15:00,20.8,86,868.9,Cherrapunji_Wet,25.2702,91.7323
2023-05-20T16:00,20.6,85,868.7,Cherrapunji_Wet,25.2702,91.7323
2023-05-20T17:00,19.8,89,869.3,Cherrapunji_Wet,25.2702,91.7323
2023-05-20T18:00,17.9,98,869,Cherrapunji_Wet,25.2702,91.7323
2023-05-20T19:00,18.1,98,869.8,Cherrapunji_Wet,25.2702,91.7323
2023-05-20T20:00,18.1,96,870.4,Cherrapunji_Wet,25.2702,91.7323
2023-05-20T21:00,18.2,93,870.9,Cherrapunji_Wet,25.2702,91.7323
2023-05-20T22:00,18,94,870.8,Cherrapunji_Wet,25.2702,91.7323
2023-05-20T23:00,18.2,96,870.5,Cherrapunji_Wet,25.2702,91.7323
2023-05-21T00:00,18,99,869.7,Cherrapunji_Wet,25.2702,91.7323
2023-05-21T01:00,18.2,100,869.5,Cherrapunji_Wet,25.2702,91.7323
2023-05-21T02:00,18.5,97,869.3,Cherrapunji_Wet,25.2702,91.7323
2023-05-21T03:00,17.6,94,869.2,Cherrapunji_Wet,25.2702,91.7323
2023-05-21T04:00,17.5,100,869.6,Cherrapunji_Wet,25.2702,91.7323
2023-05-21T05:00,18.3,93,870.8,Cherrapunji_Wet,25.2702,91.7323
2023-05-21T06:00,19.5,91,872,Cherrapunji_Wet,25.2702,91.7323
2023-05-21T07:00,20.5,86,873.1,Cherrapunji_Wet,25.2702,91.7323
2023-05-21T08:00,21.2,83,873.9,Cherrapunji_Wet,25.2702,91.7323
2023-05-21T09:00,22.3,81,874.3,Cherrapunji_Wet,25.2702,91.7323
2023-05-21T10:00,22.1,79,873.9,Cherrapunji_Wet,25.2702,91.7323
2023-05-21T11:00,23.2,80,873.3,Cherrapunji_Wet,25.2702,91.7323
2023-05-21T12:00,23.6,78,872.4,Cherrapunji_Wet,25.2702,91.7323
2023-05-21T13:00,22.4,74,871.3,Cherrapunji_Wet,25.2702,91.7323
2023-05-21T14:00,22,77,870.3,Cherrapunji_Wet,25.2702,91.7323
2023-05-21T15:00,21.6,80,870.7,Cherrapunji_Wet,25.2702,91.7323
2023-05-21T16:00,19.3,85,870,Cherrapunji_Wet,25.2702,91.7323
2023-05-21T17:00,20.3,86,871.1,Cherrapunji_Wet,25.2702,91.7323
2023-05-21T18:00,20.1,92,871,Cherrapunji_Wet,25.2702,91.7323
2023-05-21T19:00,20.7,81,871.8,Cherrapunji_Wet,25.2702,91.7323
2023-05-21T20:00,18.8,91,871.4,Cherrapunji_Wet,25.2702,91.7323
2023-05-21T21:00,18.9,85,871.8,Cherrapunji_Wet,25.2702,91.7323
2023-05-21T22:00,20,79,872.6,Cherrapunji_Wet,25.2702,91.7323
2023-05-21T23:00,18.2,86,871.4,Cherrapunji_Wet,25.2702,91.7323
2023-05-22T00:00,17.7,94,870.8,Cherrapunji_Wet,25.2702,91.7323
2023-05-22T01:00,17.7,96,870.5,Cherrapunji_Wet,25.2702,91.7323
2023-05-22T02:00,17.8,96,870.5,Cherrapunji_Wet,25.2702,91.7323
2023-05-22T03:00,18.1,95,870.4,Cherrapunji_Wet,25.2702,91.7323
2023-05-22T04:00,18.1,95,870.4,Cherrapunji_Wet,25.2702,91.7323
2023-05-22T05:00,19.4,83,871.9,Cherrapunji_Wet,25.2702,91.7323
2023-05-22T06:00,19.8,86,872.3,Cherrapunji_Wet,25.2702,91.7323
2023-05-22T07:00,20.5,86,873.3,Cherrapunji_Wet,25.2702,91.7323
2023-05-22T08:00,20.9,83,874.1,Cherrapunji_Wet,25.2702,91.7323
2023-05-22T09:00,21.6,78,874.1,Cherrapunji_Wet,25.2702,91.7323
2023-05-22T10:00,22.8,77,874.3,Cherrapunji_Wet,25.2702,91.7323
2023-05-22T11:00,22.7,78,873.9,Cherrapunji_Wet,25.2702,91.7323
2023-05-22T12:00,22.3,78,873.2,Cherrapunji_Wet,25.2702,91.7323
2023-05-22T13:00,22.2,83,872.3,Cherrapunji_Wet,25.2702,91.7323
2023-05-22T14:00,22.2,82,871.6,Cherrapunji_Wet,25.2702,91.7323
2023-05-22T15:00,22,80,870.8,Cherrapunji_Wet,25.2702,91.7323
2023-05-22T16:00,21.6,82,870.3,Cherrapunji_Wet,25.2702,91.7323
2023-05-22T17:00,20.3,83,871.3,Cherrapunji_Wet,25.2702,91.7323
2023-05-22T18:00,18.9,89,870.5,Cherrapunji_Wet,25.2702,91.7323
2023-05-22T19:00,18.3,90,870.8,Cherrapunji_Wet,25.2702,91.7323
2023-05-22T20:00,17.8,91,871.3,Cherrapunji_Wet,25.2702,91.7323
2023-05-22T21:00,19.8,79,872.9,Cherrapunji_Wet,25.2702,91.7323
2023-05-22T22:00,20.2,78,873.1,Cherrapunji_Wet,25.2702,91.7323
2023-05-22T23:00,18.7,89,872.1,Cherrapunji_Wet,25.2702,91.7323
2023-05-23T00:00,17.6,93,870.6,Cherrapunji_Wet,25.2702,91.7323
2023-05-23T01:00,17.6,92,870.3,Cherrapunji_Wet,25.2702,91.7323
2023-05-23T02:00,19,87,870.4,Cherrapunji_Wet,25.2702,91.7323
2023-05-23T03:00,19.4,87,870.6,Cherrapunji_Wet,25.2702,91.7323
2023-05-23T04:00,19.2,88,871.2,Cherrapunji_Wet,25.2702,91.7323
2023-05-23T05:00,18,95,872.3,Cherrapunji_Wet,25.2702,91.7323
2023-05-23T06:00,19.6,90,872.3,Cherrapunji_Wet,25.2702,91.7323
2023-05-23T07:00,21.2,85,873.7,Cherrapunji_Wet,25.2702,91.7323
2023-05-23T08:00,20.9,88,874,Cherrapunji_Wet,25.2702,91.7323
2023-05-23T09:00,22.2,80,874.3,Cherrapunji_Wet,25.2702,91.7323
2023-05-23T10:00,23.4,74,874.3,Cherrapunji_Wet,25.2702,91.7323
2023-05-23T11:00,22.3,78,873.7,Cherrapunji_Wet,25.2702,91.7323
2023-05-23T12:00,21.9,86,873,Cherrapunji_Wet,25.2702,91.7323
2023-05-23T13:00,22.9,85,872.2,Cherrapunji_Wet,25.2702,91.7323
2023-05-23T14:00,22.3,84,870.8,Cherrapunji_Wet,25.2702,91.7323
2023-05-23T15:00,21.5,85,870,Cherrapunji_Wet,25.2702,91.7323
2023-05-23T16:00,20.9,89,869.6,Cherrapunji_Wet,25.2702,91.7323
2023-05-23T17:00,20.1,92,869.3,Cherrapunji_Wet,25.2702,91.7323
2023-05-23T18:00,19.8,89,870.5,Cherrapunji_Wet,25.2702,91.7323
2023-05-23T19:00,19,95,870.3,Cherrapunji_Wet,25.2702,91.7323
2023-05-23T20:00,18.6,95,871.7,Cherrapunji_Wet,25.2702,91.7323
2023-05-23T21:00,18.3,97,872.1,Cherrapunji_Wet,25.2702,91.7323
2023-05-23T22:00,18.4,93,870.4,Cherrapunji_Wet,25.2702,91.7323
2023-05-23T23:00,19.6,84,870.5,Cherrapunji_Wet,25.2702,91.7323
2023-05-24T00:00,19.1,87,870,Cherrapunji_Wet,25.2702,91.7323
2023-05-24T01:00,18.4,93,869.5,Cherrapunji_Wet,25.2702,91.7323
2023-05-24T02:00,18.5,92,869.4,Cherrapunji_Wet,25.2702,91.7323
2023-05-24T03:00,17.9,95,869.1,Cherrapunji_Wet,25.2702,91.7323
2023-05-24T04:00,17.5,97,868.8,Cherrapunji_Wet,25.2702,91.7323
2023-05-24T05:00,17.8,97,869.7,Cherrapunji_Wet,25.2702,91.7323
2023-05-24T06:00,17.9,95,870.5,Cherrapunji_Wet,25.2702,91.7323
2023-05-24T07:00,17.4,96,871.2,Cherrapunji_Wet,25.2702,91.7323
2023-05-24T08:00,19,91,871.8,Cherrapunji_Wet,25.2702,91.7323
2023-05-24T09:00,20.6,80,872,Cherrapunji_Wet,25.2702,91.7323
2023-05-24T10:00,22,73,871.9,Cherrapunji_Wet,25.2702,91.7323
2023-05-24T11:00,21.8,76,871,Cherrapunji_Wet,25.2702,91.7323
2023-05-24T12:00,19.9,82,869.5,Cherrapunji_Wet,25.2702,91.7323
2023-05-24T13:00,20.7,85,868.9,Cherrapunji_Wet,25.2702,91.7323
2023-05-24T14:00,19.4,90,867.8,Cherrapunji_Wet,25.2702,91.7323
2023-05-24T15:00,19.2,88,867.4,Cherrapunji_Wet,25.2702,91.7323
2023-05-24T16:00,19.4,87,867.2,Cherrapunji_Wet,25.2702,91.7323
2023-05-24T17:00,17.6,95,868.1,Cherrapunji_Wet,25.2702,91.7323
2023-05-24T18:00,17.4,95,867.8,Cherrapunji_Wet,25.2702,91.7323
2023-05-24T19:00,17.3,96,868.5,Cherrapunji_Wet,25.2702,91.7323
2023-05-24T20:00,17.3,96,869.4,Cherrapunji_Wet,25.2702,91.7323
2023-05-24T21:00,16.5,99,869.3,Cherrapunji_Wet,25.2702,91.7323
2023-05-24T22:00,15.6,100,869,Cherrapunji_Wet,25.2702,91.7323
2023-05-24T23:00,16.3,100,869.1,Cherrapunji_Wet,25.2702,91.7323
2023-05-25T00:00,16.4,99,868.4,Cherrapunji_Wet,25.2702,91.7323
2023-05-25T01:00,15.9,99,867.4,Cherrapunji_Wet,25.2702,91.7323
2023-05-25T02:00,16,96,866.8,Cherrapunji_Wet,25.2702,91.7323
2023-05-25T03:00,15.5,96,866.5,Cherrapunji_Wet,25.2702,91.7323
2023-05-25T04:00,15.3,96,867,Cherrapunji_Wet,25.2702,91.7323
2023-05-25T05:00,15.7,94,868.4,Cherrapunji_Wet,25.2702,91.7323
2023-05-25T06:00,18.4,83,870,Cherrapunji_Wet,25.2702,91.7323
2023-05-25T07:00,19.9,78,870.9,Cherrapunji_Wet,25.2702,91.7323
2023-05-25T08:00,21.1,78,871.6,Cherrapunji_Wet,25.2702,91.7323
2023-05-25T09:00,21.4,78,871.7,Cherrapunji_Wet,25.2702,91.7323
2023-05-25T10:00,22,76,871.5,Cherrapunji_Wet,25.2702,91.7323
2023-05-25T11:00,22,75,870.7,Cherrapunji_Wet,25.2702,91.7323
2023-05-25T12:00,21,78,869.9,Cherrapunji_Wet,25.2702,91.7323
2023-05-25T13:00,20.5,81,868.9,Cherrapunji_Wet,25.2702,91.7323
2023-05-25T14:00,20.6,81,868.4,Cherrapunji_Wet,25.2702,91.7323
2023-05-25T15:00,20.8,79,867.8,Cherrapunji_Wet,25.2702,91.7323
2023-05-25T16:00,20.5,81,867.7,Cherrapunji_Wet,25.2702,91.7323
2023-05-25T17:00,19.8,83,868.6,Cherrapunji_Wet,25.2702,91.7323
2023-05-25T18:00,18.1,91,868,Cherrapunji_Wet,25.2702,91.7323
2023-05-25T19:00,17.5,91,868.5,Cherrapunji_Wet,25.2702,91.7323
2023-05-25T20:00,17.2,91,869.2,Cherrapunji_Wet,25.2702,91.7323
2023-05-25T21:00,16.9,91,869.2,Cherrapunji_Wet,25.2702,91.7323
2023-05-25T22:00,16.5,92,868.6,Cherrapunji_Wet,25.2702,91.7323
2023-05-25T23:00,16.9,93,869.3,Cherrapunji_Wet,25.2702,91.7323
2023-05-26T00:00,17.4,95,869.5,Cherrapunji_Wet,25.2702,91.7323
2023-05-26T01:00,17.6,95,868.2,Cherrapunji_Wet,25.2702,91.7323
2023-05-26T02:00,17.9,92,868.5,Cherrapunji_Wet,25.2702,91.7323
2023-05-26T03:00,17.7,95,868,Cherrapunji_Wet,25.2702,91.7323
2023-05-26T04:00,17.6,97,869,Cherrapunji_Wet,25.2702,91.7323
2023-05-26T05:00,17.4,98,869.8,Cherrapunji_Wet,25.2702,91.7323
2023-05-26T06:00,17.4,96,871.3,Cherrapunji_Wet,25.2702,91.7323
2023-05-26T07:00,18.2,93,872.1,Cherrapunji_Wet,25.2702,91.7323
2023-05-26T08:00,20.5,79,872.8,Cherrapunji_Wet,25.2702,91.7323
2023-05-26T09:00,20.8,83,873.2,Cherrapunji_Wet,25.2702,91.7323
2023-05-26T10:00,21.7,79,873.1,Cherrapunji_Wet,25.2702,91.7323
2023-05-26T11:00,21.2,79,872.5,Cherrapunji_Wet,25.2702,91.7323
2023-05-26T12:00,20.6,84,871.4,Cherrapunji_Wet,25.2702,91.7323
2023-05-26T13:00,21.7,82,870.8,Cherrapunji_Wet,25.2702,91.7323
2023-05-26T14:00,21.9,81,869.9,Cherrapunji_Wet,25.2702,91.7323
2023-05-26T15:00,21.7,79,869.3,Cherrapunji_Wet,25.2702,91.7323
2023-05-26T16:00,21.1,82,869,Cherrapunji_Wet,25.2702,91.7323
2023-05-26T17:00,19.5,91,869.3,Cherrapunji_Wet,25.2702,91.7323
2023-05-26T18:00,18.2,98,869.1,Cherrapunji_Wet,25.2702,91.7323
2023-05-26T19:00,17.7,99,869.9,Cherrapunji_Wet,25.2702,91.7323
2023-05-26T20:00,17.3,98,870,Cherrapunji_Wet,25.2702,91.7323
2023-05-26T21:00,16.9,98,870.2,Cherrapunji_Wet,25.2702,91.7323
2023-05-26T22:00,16.5,97,870.1,Cherrapunji_Wet,25.2702,91.7323
2023-05-26T23:00,16.6,97,869.5,Cherrapunji_Wet,25.2702,91.7323
2023-05-27T00:00,16.4,96,868.7,Cherrapunji_Wet,25.2702,91.7323
2023-05-27T01:00,16.4,95,867.8,Cherrapunji_Wet,25.2702,91.7323
2023-05-27T02:00,16.7,94,867.9,Cherrapunji_Wet,25.2702,91.7323
2023-05-27T03:00,15.8,97,867.4,Cherrapunji_Wet,25.2702,91.7323
2023-05-27T04:00,17.7,93,868.5,Cherrapunji_Wet,25.2702,91.7323
2023-05-27T05:00,18.2,93,868.7,Cherrapunji_Wet,25.2702,91.7323
2023-05-27T06:00,18.9,91,869.6,Cherrapunji_Wet,25.2702,91.7323
2023-05-27T07:00,18.9,90,870.4,Cherrapunji_Wet,25.2702,91.7323
2023-05-27T08:00,18,96,871.2,Cherrapunji_Wet,25.2702,91.7323
2023-05-27T09:00,18.7,87,871.3,Cherrapunji_Wet,25.2702,91.7323
2023-05-27T10:00,19.3,92,871.1,Cherrapunji_Wet,25.2702,91.7323
2023-05-27T11:00,21.3,85,871.5,Cherrapunji_Wet,25.2702,91.7323
2023-05-27T12:00,20,86,870.6,Cherrapunji_Wet,25.2702,91.7323
2023-05-27T13:00,21.1,80,870.2,Cherrapunji_Wet,25.2702,91.7323
2023-05-27T14:00,22.1,81,869.7,Cherrapunji_Wet,25.2702,91.7323
2023-05-27T15:00,21.1,84,868.9,Cherrapunji_Wet,25.2702,91.7323
2023-05-27T16:00,20.1,87,868.6,Cherrapunji_Wet,25.2702,91.7323
2023-05-27T17:00,18.6,89,869.5,Cherrapunji_Wet,25.2702,91.7323
2023-05-27T18:00,17.5,94,868.9,Cherrapunji_Wet,25.2702,91.7323
2023-05-27T19:00,17,93,868.9,Cherrapunji_Wet,25.2702,91.7323
2023-05-27T20:00,16.8,92,869,Cherrapunji_Wet,25.2702,91.7323
2023-05-27T21:00,17.8,84,869.7,Cherrapunji_Wet,25.2702,91.7323
2023-05-27T22:00,19.4,76,870.4,Cherrapunji_Wet,25.2702,91.7323
2023-05-27T23:00,19.3,76,869.8,Cherrapunji_Wet,25.2702,91.7323
2023-05-28T00:00,19.3,74,869.4,Cherrapunji_Wet,25.2702,91.7323
2023-05-28T01:00,19.3,74,869.3,Cherrapunji_Wet,25.2702,91.7323
2023-05-28T02:00,19,75,869.2,Cherrapunji_Wet,25.2702,91.7323
2023-05-28T03:00,18.6,77,869,Cherrapunji_Wet,25.2702,91.7323
2023-05-28T04:00,15.4,89,867.8,Cherrapunji_Wet,25.2702,91.7323
2023-05-28T05:00,18,82,869.8,Cherrapunji_Wet,25.2702,91.7323
2023-05-28T06:00,19.4,79,870.9,Cherrapunji_Wet,25.2702,91.7323
2023-05-28T07:00,20.4,75,871.9,Cherrapunji_Wet,25.2702,91.7323
2023-05-28T08:00,21.1,71,872.5,Cherrapunji_Wet,25.2702,91.7323
2023-05-28T09:00,21.7,69,872.5,Cherrapunji_Wet,25.2702,91.7323
2023-05-28T10:00,22.1,67,872.3,Cherrapunji_Wet,25.2702,91.7323
2023-05-28T11:00,22.4,66,872,Cherrapunji_Wet,25.2702,91.7323
2023-05-28T12:00,22.4,68,871.6,Cherrapunji_Wet,25.2702,91.7323
2023-05-28T13:00,22.1,72,870.9,Cherrapunji_Wet,25.2702,91.7323
2023-05-28T14:00,22.9,69,870.4,Cherrapunji_Wet,25.2702,91.7323
2023-05-28T15:00,22.7,70,870,Cherrapunji_Wet,25.2702,91.7323
2023-05-28T16:00,22.1,75,869.7,Cherrapunji_Wet,25.2702,91.7323
2023-05-28T17:00,20.8,78,870.1,Cherrapunji_Wet,25.2702,91.7323
2023-05-28T18:00,18.5,91,869.1,Cherrapunji_Wet,25.2702,91.7323
2023-05-28T19:00,18,91,869.7,Cherrapunji_Wet,25.2702,91.7323
2023-05-28T20:00,17.6,91,870.1,Cherrapunji_Wet,25.2702,91.7323
2023-05-28T21:00,17.2,90,870.5,Cherrapunji_Wet,25.2702,91.7323
2023-05-28T22:00,16.9,89,870.5,Cherrapunji_Wet,25.2702,91.7323
2023-05-28T23:00,16.5,89,870.3,Cherrapunji_Wet,25.2702,91.7323
2023-05-29T00:00,16.2,89,869.4,Cherrapunji_Wet,25.2702,91.7323
2023-05-29T01:00,16.3,86,869.2,Cherrapunji_Wet,25.2702,91.7323
2023-05-29T02:00,15.8,86,868.7,Cherrapunji_Wet,25.2702,91.7323
2023-05-29T03:00,15.7,85,868.7,Cherrapunji_Wet,25.2702,91.7323
2023-05-29T04:00,15.6,83,869,Cherrapunji_Wet,25.2702,91.7323
2023-05-29T05:00,18,82,870.8,Cherrapunji_Wet,25.2702,91.7323
2023-05-29T06:00,20.3,73,872.3,Cherrapunji_Wet,25.2702,91.7323
2023-05-29T07:00,21.7,70,873.2,Cherrapunji_Wet,25.2702,91.7323
2023-05-29T08:00,22.8,69,873.7,Cherrapunji_Wet,25.2702,91.7323
2023-05-29T09:00,23.7,64,873.8,Cherrapunji_Wet,25.2702,91.7323
2023-05-29T10:00,23.8,63,873.6,Cherrapunji_Wet,25.2702,91.7323
2023-05-29T11:00,23.4,67,873.3,Cherrapunji_Wet,25.2702,91.7323
2023-05-29T12:00,23.5,70,872.5,Cherrapunji_Wet,25.2702,91.7323
2023-05-29T13:00,24.4,67,871.9,Cherrapunji_Wet,25.2702,91.7323
2023-05-29T14:00,24.5,66,871.3,Cherrapunji_Wet,25.2702,91.7323
2023-05-29T15:00,24.4,68,870.9,Cherrapunji_Wet,25.2702,91.7323
2023-05-29T16:00,23.9,72,870.5,Cherrapunji_Wet,25.2702,91.7323
2023-05-29T17:00,22.2,83,870.7,Cherrapunji_Wet,25.2702,91.7323
2023-05-29T18:00,20.8,89,870.4,Cherrapunji_Wet,25.2702,91.7323
2023-05-29T19:00,19.3,93,870.8,Cherrapunji_Wet,25.2702,91.7323
2023-05-29T20:00,19.3,90,871.2,Cherrapunji_Wet,25.2702,91.7323
2023-05-29T21:00,18.7,90,871.2,Cherrapunji_Wet,25.2702,91.7323
2023-05-29T22:00,18,92,871,Cherrapunji_Wet,25.2702,91.7323
2023-05-29T23:00,17.4,92,870.2,Cherrapunji_Wet,25.2702,91.7323
2023-05-30T00:00,17,93,869.6,Cherrapunji_Wet,25.2702,91.7323
2023-05-30T01:00,16.9,91,869.3,Cherrapunji_Wet,25.2702,91.7323
2023-05-30T02:00,16.9,88,869.3,Cherrapunji_Wet,25.2702,91.7323
2023-05-30T03:00,17,85,869.5,Cherrapunji_Wet,25.2702,91.7323
2023-05-30T04:00,16.9,83,869.8,Cherrapunji_Wet,25.2702,91.7323
2023-05-30T05:00,18.1,78,870.4,Cherrapunji_Wet,25.2702,91.7323
2023-05-30T06:00,21.7,79,872.6,Cherrapunji_Wet,25.2702,91.7323
2023-05-30T07:00,23.4,58,873.5,Cherrapunji_Wet,25.2702,91.7323
2023-05-30T08:00,24.3,59,874,Cherrapunji_Wet,25.2702,91.7323
2023-05-30T09:00,24.9,64,874,Cherrapunji_Wet,25.2702,91.7323
2023-05-30T10:00,25.6,64,873.8,Cherrapunji_Wet,25.2702,91.7323
2023-05-30T11:00,25.8,63,873.3,Cherrapunji_Wet,25.2702,91.7323
2023-05-30T12:00,25.3,70,872.4,Cherrapunji_Wet,25.2702,91.7323
2023-05-30T13:00,25.2,74,871.5,Cherrapunji_Wet,25.2702,91.7323
2023-05-30T14:00,25.4,73,870.6,Cherrapunji_Wet,25.2702,91.7323
2023-05-30T15:00,25.3,72,870,Cherrapunji_Wet,25.2702,91.7323
2023-05-30T16:00,24.6,76,869.6,Cherrapunji_Wet,25.2702,91.7323
2023-05-30T17:00,22.6,84,870.4,Cherrapunji_Wet,25.2702,91.7323
2023-05-30T18:00,21.6,89,870.4,Cherrapunji_Wet,25.2702,91.7323
2023-05-30T19:00,19.8,95,870.1,Cherrapunji_Wet,25.2702,91.7323
2023-05-30T20:00,19.6,93,870.3,Cherrapunji_Wet,25.2702,91.7323
2023-05-30T21:00,19.3,90,870.5,Cherrapunji_Wet,25.2702,91.7323
2023-05-30T22:00,18.8,90,870.2,Cherrapunji_Wet,25.2702,91.7323
2023-05-30T23:00,18.2,92,869.5,Cherrapunji_Wet,25.2702,91.7323
2023-05-31T00:00,18.1,92,869,Cherrapunji_Wet,25.2702,91.7323
2023-05-31T01:00,18,89,868.6,Cherrapunji_Wet,25.2702,91.7323
2023-05-31T02:00,17.5,88,868.3,Cherrapunji_Wet,25.2702,91.7323
2023-05-31T03:00,16.8,88,868.1,Cherrapunji_Wet,25.2702,91.7323
2023-05-31T04:00,17.3,83,868.6,Cherrapunji_Wet,25.2702,91.7323
2023-05-31T05:00,19.4,83,869.8,Cherrapunji_Wet,25.2702,91.7323
2023-05-31T06:00,22.4,66,871.6,Cherrapunji_Wet,25.2702,91.7323
2023-05-31T07:00,23.8,61,872.3,Cherrapunji_Wet,25.2702,91.7323
2023-05-31T08:00,24.6,63,872.8,Cherrapunji_Wet,25.2702,91.7323
2023-05-31T09:00,25,68,873,Cherrapunji_Wet,25.2702,91.7323
2023-05-31T10:00,25.6,67,872.6,Cherrapunji_Wet,25.2702,91.7323
2023-05-31T11:00,26.1,65,872.1,Cherrapunji_Wet,25.2702,91.7323
2023-05-31T12:00,26,66,871,Cherrapunji_Wet,25.2702,91.7323
2023-05-31T13:00,25.9,69,870.1,Cherrapunji_Wet,25.2702,91.7323
2023-05-31T14:00,25.8,69,869.3,Cherrapunji_Wet,25.2702,91.7323
2023-05-31T15:00,25.4,71,868.7,Cherrapunji_Wet,25.2702,91.7323
2023-05-31T16:00,24.5,75,868.3,Cherrapunji_Wet,25.2702,91.7323
2023-05-31T17:00,23,83,868.5,Cherrapunji_Wet,25.2702,91.7323
2023-05-31T18:00,21.3,93,867.9,Cherrapunji_Wet,25.2702,91.7323
2023-05-31T19:00,20.3,95,868.5,Cherrapunji_Wet,25.2702,91.7323
2023-05-31T20:00,19.7,95,868.8,Cherrapunji_Wet,25.2702,91.7323
2023-05-31T21:00,18.9,95,868.9,Cherrapunji_Wet,25.2702,91.7323
2023-05-31T22:00,18.1,93,868.2,Cherrapunji_Wet,25.2702,91.7323
2023-05-31T23:00,18,90,867.6,Cherrapunji_Wet,25.2702,91.7323
2023-06-01T00:00,18.1,86,867.1,Cherrapunji_Wet,25.2702,91.7323
2023-06-01T01:00,18.3,78,866.5,Cherrapunji_Wet,25.2702,91.7323
2023-06-01T02:00,17.7,78,866.2,Cherrapunji_Wet,25.2702,91.7323
2023-06-01T03:00,17.5,81,866.4,Cherrapunji_Wet,25.2702,91.7323
2023-06-01T04:00,17.6,83,867.1,Cherrapunji_Wet,25.2702,91.7323
2023-06-01T05:00,20.7,84,869.4,Cherrapunji_Wet,25.2702,91.7323
2023-06-01T06:00,22.1,83,870.3,Cherrapunji_Wet,25.2702,91.7323
2023-06-01T07:00,22.9,80,871.1,Cherrapunji_Wet,25.2702,91.7323
2023-06-01T08:00,22.8,80,871.3,Cherrapunji_Wet,25.2702,91.7323
2023-06-01T09:00,23,81,871.2,Cherrapunji_Wet,25.2702,91.7323
2023-06-01T10:00,23.4,75,870.9,Cherrapunji_Wet,25.2702,91.7323
2023-06-01T11:00,23.8,75,870.5,Cherrapunji_Wet,25.2702,91.7323
2023-06-01T12:00,24.5,69,869.6,Cherrapunji_Wet,25.2702,91.7323
2023-06-01T13:00,24.9,73,868.4,Cherrapunji_Wet,25.2702,91.7323
2023-06-01T14:00,25.1,76,867.6,Cherrapunji_Wet,25.2702,91.7323
2023-06-01T15:00,25,75,867.1,Cherrapunji_Wet,25.2702,91.7323
2023-06-01T16:00,24,79,867,Cherrapunji_Wet,25.2702,91.7323
2023-06-01T17:00,22.1,86,867.6,Cherrapunji_Wet,25.2702,91.7323
2023-06-01T18:00,20.8,93,867.5,Cherrapunji_Wet,25.2702,91.7323
2023-06-01T19:00,20.5,92,867.7,Cherrapunji_Wet,25.2702,91.7323
2023-06-01T20:00,20,91,867.9,Cherrapunji_Wet,25.2702,91.7323
2023-06-01T21:00,19.3,90,867.5,Cherrapunji_Wet,25.2702,91.7323
2023-06-01T22:00,18.8,87,867.6,Cherrapunji_Wet,25.2702,91.7323
2023-06-01T23:00,21.1,76,868.4,Cherrapunji_Wet,25.2702,91.7323
2023-06-02T00:00,19.9,84,867.5,Cherrapunji_Wet,25.2702,91.7323
2023-06-02T01:00,18.4,93,866.6,Cherrapunji_Wet,25.2702,91.7323
2023-06-02T02:00,19.1,95,866.7,Cherrapunji_Wet,25.2702,91.7323
2023-06-02T03:00,18.1,98,866.6,Cherrapunji_Wet,25.2702,91.7323
2023-06-02T04:00,18.3,97,866.8,Cherrapunji_Wet,25.2702,91.7323
2023-06-02T05:00,19.7,90,868.3,Cherrapunji_Wet,25.2702,91.7323
2023-06-02T06:00,21.6,84,869.8,Cherrapunji_Wet,25.2702,91.7323
2023-06-02T07:00,21.6,86,870.4,Cherrapunji_Wet,25.2702,91.7323
2023-06-02T08:00,23.2,75,871,Cherrapunji_Wet,25.2702,91.7323
2023-06-02T09:00,23.4,73,871.2,Cherrapunji_Wet,25.2702,91.7323
2023-06-02T10:00,24.1,69,871.2,Cherrapunji_Wet,25.2702,91.7323
2023-06-02T11:00,24.3,67,870.8,Cherrapunji_Wet,25.2702,91.7323
2023-06-02T12:00,25.1,64,870,Cherrapunji_Wet,25.2702,91.7323
2023-06-02T13:00,25.3,63,868.9,Cherrapunji_Wet,25.2702,91.7323
2023-06-02T14:00,25,64,868.3,Cherrapunji_Wet,25.2702,91.7323
2023-06-02T15:00,24.5,66,867.7,Cherrapunji_Wet,25.2702,91.7323
2023-06-02T16:00,23.7,72,867.4,Cherrapunji_Wet,25.2702,91.7323
2023-06-02T17:00,21.8,79,867.8,Cherrapunji_Wet,25.2702,91.7323
2023-06-02T18:00,20.3,89,867.8,Cherrapunji_Wet,25.2702,91.7323
2023-06-02T19:00,19.4,90,868,Cherrapunji_Wet,25.2702,91.7323
2023-06-02T20:00,19.1,87,868.4,Cherrapunji_Wet,25.2702,91.7323
2023-06-02T21:00,18.8,87,868.6,Cherrapunji_Wet,25.2702,91.7323
2023-06-02T22:00,18.4,87,868.4,Cherrapunji_Wet,25.2702,91.7323
2023-06-02T23:00,17.9,88,868,Cherrapunji_Wet,25.2702,91.7323
2023-06-03T00:00,17.7,89,867.3,Cherrapunji_Wet,25.2702,91.7323
2023-06-03T01:00,17.9,88,867.3,Cherrapunji_Wet,25.2702,91.7323
2023-06-03T02:00,17.9,92,867.2,Cherrapunji_Wet,25.2702,91.7323
2023-06-03T03:00,18.4,92,867.2,Cherrapunji_Wet,25.2702,91.7323
2023-06-03T04:00,17.5,94,867.4,Cherrapunji_Wet,25.2702,91.7323
2023-06-03T05:00,19.8,86,869,Cherrapunji_Wet,25.2702,91.7323
2023-06-03T06:00,21.9,82,870.3,Cherrapunji_Wet,25.2702,91.7323
2023-06-03T07:00,22.7,78,871.4,Cherrapunji_Wet,25.2702,91.7323
2023-06-03T08:00,23.2,73,872,Cherrapunji_Wet,25.2702,91.7323
2023-06-03T09:00,22.6,78,872.3,Cherrapunji_Wet,25.2702,91.7323
2023-06-03T10:00,22.8,77,872.1,Cherrapunji_Wet,25.2702,91.7323
2023-06-03T11:00,23,79,871.8,Cherrapunji_Wet,25.2702,91.7323
2023-06-03T12:00,23.4,81,871.2,Cherrapunji_Wet,25.2702,91.7323
2023-06-03T13:00,24,78,870.2,Cherrapunji_Wet,25.2702,91.7323
2023-06-03T14:00,23.6,77,869,Cherrapunji_Wet,25.2702,91.7323
2023-06-03T15:00,24.4,73,868.7,Cherrapunji_Wet,25.2702,91.7323
2023-06-03T16:00,23.5,77,868.8,Cherrapunji_Wet,25.2702,91.7323
2023-06-03T17:00,21.8,82,868.7,Cherrapunji_Wet,25.2702,91.7323
2023-06-03T18:00,20.1,93,868.1,Cherrapunji_Wet,25.2702,91.7323
2023-06-03T19:00,19.4,92,868.5,Cherrapunji_Wet,25.2702,91.7323
2023-06-03T20:00,18.7,92,868.9,Cherrapunji_Wet,25.2702,91.7323
2023-06-03T21:00,18.3,92,869.7,Cherrapunji_Wet,25.2702,91.7323
2023-06-03T22:00,18.2,92,869.7,Cherrapunji_Wet,25.2702,91.7323
2023-06-03T23:00,18,94,869.1,Cherrapunji_Wet,25.2702,91.7323
2023-06-04T00:00,18.1,94,868.5,Cherrapunji_Wet,25.2702,91.7323
2023-06-04T01:00,17.7,94,867.8,Cherrapunji_Wet,25.2702,91.7323
2023-06-04T02:00,17.9,93,868,Cherrapunji_Wet,25.2702,91.7323
2023-06-04T03:00,17.9,92,868.2,Cherrapunji_Wet,25.2702,91.7323
2023-06-04T04:00,17.2,94,868.2,Cherrapunji_Wet,25.2702,91.7323
2023-06-04T05:00,19.8,94,869.7,Cherrapunji_Wet,25.2702,91.7323
2023-06-04T06:00,21.6,89,871.1,Cherrapunji_Wet,25.2702,91.7323
2023-06-04T07:00,22.9,80,871.9,Cherrapunji_Wet,25.2702,91.7323
2023-06-04T08:00,23.9,72,872.6,Cherrapunji_Wet,25.2702,91.7323
2023-06-04T09:00,23.6,73,872.5,Cherrapunji_Wet,25.2702,91.7323
2023-06-04T10:00,24,74,872.2,Cherrapunji_Wet,25.2702,91.7323
2023-06-04T11:00,24.7,68,871.8,Cherrapunji_Wet,25.2702,91.7323
2023-06-04T12:00,25.3,64,871,Cherrapunji_Wet,25.2702,91.7323
2023-06-04T13:00,24.9,67,869.9,Cherrapunji_Wet,25.2702,91.7323
2023-06-04T14:00,24.8,68,868.6,Cherrapunji_Wet,25.2702,91.7323
2023-06-04T15:00,24.8,67,868,Cherrapunji_Wet,25.2702,91.7323
2023-06-04T16:00,24,72,867.7,Cherrapunji_Wet,25.2702,91.7323
2023-06-04T17:00,22.1,81,868.2,Cherrapunji_Wet,25.2702,91.7323
2023-06-04T18:00,20.7,89,867.5,Cherrapunji_Wet,25.2702,91.7323
2023-06-04T19:00,19.9,91,867.6,Cherrapunji_Wet,25.2702,91.7323
2023-06-04T20:00,19.4,91,867.9,Cherrapunji_Wet,25.2702,91.7323
2023-06-04T21:00,18.9,90,868.6,Cherrapunji_Wet,25.2702,91.7323
2023-06-04T22:00,18.8,87,868.8,Cherrapunji_Wet,25.2702,91.7323
2023-06-04T23:00,18.5,86,868.4,Cherrapunji_Wet,25.2702,91.7323
2023-06-05T00:00,17.7,88,867.5,Cherrapunji_Wet,25.2702,91.7323
2023-06-05T01:00,17.6,84,867,Cherrapunji_Wet,25.2702,91.7323
2023-06-05T02:00,17.6,78,866.7,Cherrapunji_Wet,25.2702,91.7323
2023-06-05T03:00,17.4,76,866.3,Cherrapunji_Wet,25.2702,91.7323
2023-06-05T04:00,17.1,77,866.5,Cherrapunji_Wet,25.2702,91.7323
2023-06-05T05:00,19.8,68,868.3,Cherrapunji_Wet,25.2702,91.7323
2023-06-05T06:00,22.6,59,870.1,Cherrapunji_Wet,25.2702,91.7323
2023-06-05T07:00,23.6,61,870.7,Cherrapunji_Wet,25.2702,91.7323
2023-06-05T08:00,24.4,63,870.8,Cherrapunji_Wet,25.2702,91.7323
2023-06-05T09:00,25.2,63,871,Cherrapunji_Wet,25.2702,91.7323
2023-06-05T10:00,25.9,60,871,Cherrapunji_Wet,25.2702,91.7323
2023-06-05T11:00,25.2,65,870.9,Cherrapunji_Wet,25.2702,91.7323
2023-06-05T12:00,24.8,72,869.8,Cherrapunji_Wet,25.2702,91.7323
2023-06-05T13:00,25.7,64,868.9,Cherrapunji_Wet,25.2702,91.7323
2023-06-05T14:00,26.3,60,868,Cherrapunji_Wet,25.2702,91.7323
2023-06-05T15:00,25.7,63,867.3,Cherrapunji_Wet,25.2702,91.7323
2023-06-05T16:00,24.7,72,867,Cherrapunji_Wet,25.2702,91.7323
2023-06-05T17:00,22.9,76,867.3,Cherrapunji_Wet,25.2702,91.7323
2023-06-05T18:00,21.7,83,867.2,Cherrapunji_Wet,25.2702,91.7323
2023-06-05T19:00,20.9,85,867.6,Cherrapunji_Wet,25.2702,91.7323
2023-06-05T20:00,19.9,87,868,Cherrapunji_Wet,25.2702,91.7323
2023-06-05T21:00,19.5,85,868.5,Cherrapunji_Wet,25.2702,91.7323
2023-06-05T22:00,19.4,84,868.5,Cherrapunji_Wet,25.2702,91.7323
2023-06-05T23:00,19.1,84,867.9,Cherrapunji_Wet,25.2702,91.7323
2023-06-06T00:00,18.6,85,867.1,Cherrapunji_Wet,25.2702,91.7323
2023-06-06T01:00,18.3,84,866.4,Cherrapunji_Wet,25.2702,91.7323
2023-06-06T02:00,18.1,82,866.1,Cherrapunji_Wet,25.2702,91.7323
2023-06-06T03:00,17.9,79,866.1,Cherrapunji_Wet,25.2702,91.7323
2023-06-06T04:00,18.1,76,866.5,Cherrapunji_Wet,25.2702,91.7323
2023-06-06T05:00,20.3,75,867.6,Cherrapunji_Wet,25.2702,91.7323
2023-06-06T06:00,23.5,66,869.2,Cherrapunji_Wet,25.2702,91.7323
2023-06-06T07:00,24.3,67,869.9,Cherrapunji_Wet,25.2702,91.7323
2023-06-06T08:00,25.2,63,870.6,Cherrapunji_Wet,25.2702,91.7323
2023-06-06T09:00,25.8,60,870.8,Cherrapunji_Wet,25.2702,91.7323
2023-06-06T10:00,25.5,60,870.7,Cherrapunji_Wet,25.2702,91.7323
2023-06-06T11:00,24.6,71,869.9,Cherrapunji_Wet,25.2702,91.7323
2023-06-06T12:00,25.8,67,869,Cherrapunji_Wet,25.2702,91.7323
2023-06-06T13:00,26,66,867.8,Cherrapunji_Wet,25.2702,91.7323
2023-06-06T14:00,26.1,65,867,Cherrapunji_Wet,25.2702,91.7323
2023-06-06T15:00,25.4,69,866.3,Cherrapunji_Wet,25.2702,91.7323
2023-06-06T16:00,23.6,79,866.2,Cherrapunji_Wet,25.2702,91.7323
2023-06-06T17:00,22.9,80,866.3,Cherrapunji_Wet,25.2702,91.7323
2023-06-06T18:00,20.9,93,866.1,Cherrapunji_Wet,25.2702,91.7323
2023-06-06T19:00,20.1,94,866.5,Cherrapunji_Wet,25.2702,91.7323
2023-06-06T20:00,19.6,93,867.1,Cherrapunji_Wet,25.2702,91.7323
2023-06-06T21:00,19.3,92,867.2,Cherrapunji_Wet,25.2702,91.7323
2023-06-06T22:00,19,91,867.1,Cherrapunji_Wet,25.2702,91.7323
2023-06-06T23:00,18.7,89,866.8,Cherrapunji_Wet,25.2702,91.7323
2023-06-07T00:00,18.6,87,866.1,Cherrapunji_Wet,25.2702,91.7323
2023-06-07T01:00,18.3,86,865.6,Cherrapunji_Wet,25.2702,91.7323
2023-06-07T02:00,17.9,84,865.3,Cherrapunji_Wet,25.2702,91.7323
2023-06-07T03:00,18,81,865.4,Cherrapunji_Wet,25.2702,91.7323
2023-06-07T04:00,17.5,84,865.1,Cherrapunji_Wet,25.2702,91.7323
2023-06-07T05:00,20.3,82,866.6,Cherrapunji_Wet,25.2702,91.7323
2023-06-07T06:00,23.7,73,868.6,Cherrapunji_Wet,25.2702,91.7323
2023-06-07T07:00,24.8,67,869.6,Cherrapunji_Wet,25.2702,91.7323
2023-06-07T08:00,24.4,71,870.4,Cherrapunji_Wet,25.2702,91.7323
2023-06-07T09:00,25.5,66,870.5,Cherrapunji_Wet,25.2702,91.7323
2023-06-07T10:00,26.7,62,870.1,Cherrapunji_Wet,25.2702,91.7323
2023-06-07T11:00,25,66,869.4,Cherrapunji_Wet,25.2702,91.7323
2023-06-07T12:00,26.1,65,868.1,Cherrapunji_Wet,25.2702,91.7323
2023-06-07T13:00,26.1,66,867.1,Cherrapunji_Wet,25.2702,91.7323
2023-06-07T14:00,25.4,71,866.5,Cherrapunji_Wet,25.2702,91.7323
2023-06-07T15:00,25.3,73,866.3,Cherrapunji_Wet,25.2702,91.7323
2023-06-07T16:00,24.1,78,866.2,Cherrapunji_Wet,25.2702,91.7323
2023-06-07T17:00,22.4,85,866.4,Cherrapunji_Wet,25.2702,91.7323
2023-06-07T18:00,21.7,83,865.7,Cherrapunji_Wet,25.2702,91.7323
2023-06-07T19:00,21.8,84,866.4,Cherrapunji_Wet,25.2702,91.7323
2023-06-07T20:00,21.4,88,867.3,Cherrapunji_Wet,25.2702,91.7323
2023-06-07T21:00,20.9,90,867.7,Cherrapunji_Wet,25.2702,91.7323
2023-06-07T22:00,20.6,91,868,Cherrapunji_Wet,25.2702,91.7323
2023-06-07T23:00,20.3,92,867.6,Cherrapunji_Wet,25.2702,91.7323
2023-06-08T00:00,20.4,89,867,Cherrapunji_Wet,25.2702,91.7323
2023-06-08T01:00,20.2,90,865.7,Cherrapunji_Wet,25.2702,91.7323
2023-06-08T02:00,19.7,91,865.2,Cherrapunji_Wet,25.2702,91.7323
2023-06-08T03:00,19.7,91,865.5,Cherrapunji_Wet,25.2702,91.7323
2023-06-08T04:00,19.5,92,866,Cherrapunji_Wet,25.2702,91.7323
2023-06-08T05:00,19.7,90,866.5,Cherrapunji_Wet,25.2702,91.7323
2023-06-08T06:00,23.2,79,868.7,Cherrapunji_Wet,25.2702,91.7323
2023-06-08T07:00,24.5,71,869.4,Cherrapunji_Wet,25.2702,91.7323
2023-06-08T08:00,24.7,72,870,Cherrapunji_Wet,25.2702,91.7323
2023-06-08T09:00,25.8,69,870.2,Cherrapunji_Wet,25.2702,91.7323
2023-06-08T10:00,22.9,80,869.6,Cherrapunji_Wet,25.2702,91.7323
2023-06-08T11:00,22.9,80,869.1,Cherrapunji_Wet,25.2702,91.7323
2023-06-08T12:00,25,69,868.1,Cherrapunji_Wet,25.2702,91.7323
2023-06-08T13:00,26,66,866.8,Cherrapunji_Wet,25.2702,91.7323
2023-06-08T14:00,26,66,865.8,Cherrapunji_Wet,25.2702,91.7323
2023-06-08T15:00,25.4,71,865.6,Cherrapunji_Wet,25.2702,91.7323
2023-06-08T16:00,24.4,82,865.3,Cherrapunji_Wet,25.2702,91.7323
2023-06-08T17:00,23.6,84,865.3,Cherrapunji_Wet,25.2702,91.7323
2023-06-08T18:00,21.9,97,865.3,Cherrapunji_Wet,25.2702,91.7323
2023-06-08T19:00,21.5,97,866,Cherrapunji_Wet,25.2702,91.7323
2023-06-08T20:00,20.7,95,866.9,Cherrapunji_Wet,25.2702,91.7323
2023-06-08T21:00,21.4,92,866.6,Cherrapunji_Wet,25.2702,91.7323
2023-06-08T22:00,21.4,93,866.7,Cherrapunji_Wet,25.2702,91.7323
2023-06-08T23:00,21.1,93,865.7,Cherrapunji_Wet,25.2702,91.7323
2023-06-09T00:00,21.2,91,865.6,Cherrapunji_Wet,25.2702,91.7323
2023-06-09T01:00,20.5,94,864.1,Cherrapunji_Wet,25.2702,91.7323
2023-06-09T02:00,20.4,94,864,Cherrapunji_Wet,25.2702,91.7323
2023-06-09T03:00,20.1,95,864.3,Cherrapunji_Wet,25.2702,91.7323
2023-06-09T04:00,20,93,864.9,Cherrapunji_Wet,25.2702,91.7323
2023-06-09T05:00,20.2,93,865.1,Cherrapunji_Wet,25.2702,91.7323
2023-06-09T06:00,20.4,93,865.9,Cherrapunji_Wet,25.2702,91.7323
2023-06-09T07:00,20.6,96,866.4,Cherrapunji_Wet,25.2702,91.7323
2023-06-09T08:00,21.1,92,867.1,Cherrapunji_Wet,25.2702,91.7323
2023-06-09T09:00,22.4,89,867.9,Cherrapunji_Wet,25.2702,91.7323
2023-06-09T10:00,23.6,86,867.9,Cherrapunji_Wet,25.2702,91.7323
2023-06-09T11:00,24,85,866.8,Cherrapunji_Wet,25.2702,91.7323
2023-06-09T12:00,24.6,84,865.4,Cherrapunji_Wet,25.2702,91.7323
2023-06-09T13:00,22.7,88,864.8,Cherrapunji_Wet,25.2702,91.7323
2023-06-09T14:00,23.7,85,864.2,Cherrapunji_Wet,25.2702,91.7323
2023-06-09T15:00,23.7,83,863.6,Cherrapunji_Wet,25.2702,91.7323
2023-06-09T16:00,22.3,89,863.9,Cherrapunji_Wet,25.2702,91.7323
2023-06-09T17:00,21.9,93,864.1,Cherrapunji_Wet,25.2702,91.7323
2023-06-09T18:00,20.9,100,864.4,Cherrapunji_Wet,25.2702,91.7323
2023-06-09T19:00,20.8,100,864.8,Cherrapunji_Wet,25.2702,91.7323
2023-06-09T20:00,20.5,98,865.5,Cherrapunji_Wet,25.2702,91.7323
2023-06-09T21:00,20.5,97,865.5,Cherrapunji_Wet,25.2702,91.7323
2023-06-09T22:00,20.2,99,865.5,Cherrapunji_Wet,25.2702,91.7323
2023-06-09T23:00,20.1,100,864.8,Cherrapunji_Wet,25.2702,91.7323
2023-06-10T00:00,19.8,100,864.2,Cherrapunji_Wet,25.2702,91.7323
2023-06-10T01:00,19.7,99,863.6,Cherrapunji_Wet,25.2702,91.7323
2023-06-10T02:00,19.7,100,863.1,Cherrapunji_Wet,25.2702,91.7323
2023-06-10T03:00,19.5,100,863.3,Cherrapunji_Wet,25.2702,91.7323
2023-06-10T04:00,19.5,100,863.4,Cherrapunji_Wet,25.2702,91.7323
2023-06-10T05:00,19.5,99,864.4,Cherrapunji_Wet,25.2702,91.7323
2023-06-10T06:00,20.2,93,865,Cherrapunji_Wet,25.2702,91.7323
2023-06-10T07:00,21.4,90,866.1,Cherrapunji_Wet,25.2702,91.7323
2023-06-10T08:00,22.9,88,866.7,Cherrapunji_Wet,25.2702,91.7323
2023-06-10T09:00,23.5,85,866.9,Cherrapunji_Wet,25.2702,91.7323
2023-06-10T10:00,24.7,81,866.6,Cherrapunji_Wet,25.2702,91.7323
2023-06-10T11:00,21.4,97,865.5,Cherrapunji_Wet,25.2702,91.7323
2023-06-10T12:00,22.7,86,864.9,Cherrapunji_Wet,25.2702,91.7323
2023-06-10T13:00,24.6,78,864,Cherrapunji_Wet,25.2702,91.7323
2023-06-10T14:00,23.8,77,863.6,Cherrapunji_Wet,25.2702,91.7323
2023-06-10T15:00,21.8,90,863.2,Cherrapunji_Wet,25.2702,91.7323
2023-06-10T16:00,22.6,86,863.1,Cherrapunji_Wet,25.2702,91.7323
2023-06-10T17:00,20.1,97,863.8,Cherrapunji_Wet,25.2702,91.7323
2023-06-10T18:00,20.1,98,864.3,Cherrapunji_Wet,25.2702,91.7323
2023-06-10T19:00,19.8,99,864.9,Cherrapunji_Wet,25.2702,91.7323
2023-06-10T20:00,19.7,97,865.3,Cherrapunji_Wet,25.2702,91.7323
2023-06-10T21:00,19.5,100,865.6,Cherrapunji_Wet,25.2702,91.7323
2023-06-10T22:00,19.5,98,865.8,Cherrapunji_Wet,25.2702,91.7323
2023-06-10T23:00,19.3,100,865.1,Cherrapunji_Wet,25.2702,91.7323
2023-06-11T00:00,19.5,95,864.2,Cherrapunji_Wet,25.2702,91.7323
2023-06-11T01:00,19.4,96,863.5,Cherrapunji_Wet,25.2702,91.7323
2023-06-11T02:00,19.2,96,863.4,Cherrapunji_Wet,25.2702,91.7323
2023-06-11T03:00,19.1,97,863.2,Cherrapunji_Wet,25.2702,91.7323
2023-06-11T04:00,19.1,96,863.3,Cherrapunji_Wet,25.2702,91.7323
2023-06-11T05:00,19.1,98,864.6,Cherrapunji_Wet,25.2702,91.7323
2023-06-11T06:00,19.4,96,864.7,Cherrapunji_Wet,25.2702,91.7323
2023-06-11T07:00,20.1,93,865.1,Cherrapunji_Wet,25.2702,91.7323
2023-06-11T08:00,20.2,92,865.3,Cherrapunji_Wet,25.2702,91.7323
2023-06-11T09:00,20.5,95,865.7,Cherrapunji_Wet,25.2702,91.7323
2023-06-11T10:00,20.2,96,865.4,Cherrapunji_Wet,25.2702,91.7323
2023-06-11T11:00,21.2,89,864.8,Cherrapunji_Wet,25.2702,91.7323
2023-06-11T12:00,22.8,82,864.3,Cherrapunji_Wet,25.2702,91.7323
2023-06-11T13:00,23.4,80,863.7,Cherrapunji_Wet,25.2702,91.7323
2023-06-11T14:00,21.7,86,863,Cherrapunji_Wet,25.2702,91.7323
2023-06-11T15:00,20.6,96,862.7,Cherrapunji_Wet,25.2702,91.7323
2023-06-11T16:00,20.9,92,862.8,Cherrapunji_Wet,25.2702,91.7323
2023-06-11T17:00,20,97,863.4,Cherrapunji_Wet,25.2702,91.7323
2023-06-11T18:00,19.6,99,863.7,Cherrapunji_Wet,25.2702,91.7323
2023-06-11T19:00,19.6,99,864.3,Cherrapunji_Wet,25.2702,91.7323
2023-06-11T20:00,19.6,100,865,Cherrapunji_Wet,25.2702,91.7323
2023-06-11T21:00,19.4,100,865.8,Cherrapunji_Wet,25.2702,91.7323
2023-06-11T22:00,19.4,100,865.8,Cherrapunji_Wet,25.2702,91.7323
2023-06-11T23:00,19.4,100,865.2,Cherrapunji_Wet,25.2702,91.7323
2023-06-12T00:00,19.3,99,864.3,Cherrapunji_Wet,25.2702,91.7323
2023-06-12T01:00,19.3,99,864.2,Cherrapunji_Wet,25.2702,91.7323
2023-06-12T02:00,19.3,99,863.9,Cherrapunji_Wet,25.2702,91.7323
2023-06-12T03:00,19.2,99,863.9,Cherrapunji_Wet,25.2702,91.7323
2023-06-12T04:00,19.2,100,864,Cherrapunji_Wet,25.2702,91.7323
2023-06-12T05:00,19.5,100,864.9,Cherrapunji_Wet,25.2702,91.7323
2023-06-12T06:00,19.6,99,865.3,Cherrapunji_Wet,25.2702,91.7323
2023-06-12T07:00,20.8,90,866.1,Cherrapunji_Wet,25.2702,91.7323
2023-06-12T08:00,21.1,90,866.9,Cherrapunji_Wet,25.2702,91.7323
2023-06-12T09:00,20.5,91,867,Cherrapunji_Wet,25.2702,91.7323
2023-06-12T10:00,22,87,867.1,Cherrapunji_Wet,25.2702,91.7323
2023-06-12T11:00,21.7,87,866.1,Cherrapunji_Wet,25.2702,91.7323
2023-06-12T12:00,22.3,84,865.7,Cherrapunji_Wet,25.2702,91.7323
2023-06-12T13:00,23.1,80,864.8,Cherrapunji_Wet,25.2702,91.7323
2023-06-12T14:00,23.5,78,864.4,Cherrapunji_Wet,25.2702,91.7323
2023-06-12T15:00,23,80,864,Cherrapunji_Wet,25.2702,91.7323
2023-06-12T16:00,22.3,85,863.7,Cherrapunji_Wet,25.2702,91.7323
2023-06-12T17:00,21.1,92,863.9,Cherrapunji_Wet,25.2702,91.7323
2023-06-12T18:00,19.9,100,863.9,Cherrapunji_Wet,25.2702,91.7323
2023-06-12T19:00,19.8,100,864.8,Cherrapunji_Wet,25.2702,91.7323
2023-06-12T20:00,19.9,99,865.3,Cherrapunji_Wet,25.2702,91.7323
2023-06-12T21:00,19.9,99,865.7,Cherrapunji_Wet,25.2702,91.7323
2023-06-12T22:00,19.8,98,865.8,Cherrapunji_Wet,25.2702,91.7323
2023-06-12T23:00,19.4,98,865.4,Cherrapunji_Wet,25.2702,91.7323
2023-06-13T00:00,19,98,864.7,Cherrapunji_Wet,25.2702,91.7323
2023-06-13T01:00,19.1,98,864,Cherrapunji_Wet,25.2702,91.7323
2023-06-13T02:00,19.2,97,863.7,Cherrapunji_Wet,25.2702,91.7323
2023-06-13T03:00,18.8,99,863.4,Cherrapunji_Wet,25.2702,91.7323
2023-06-13T04:00,19,98,863.8,Cherrapunji_Wet,25.2702,91.7323
2023-06-13T05:00,19.5,98,864.5,Cherrapunji_Wet,25.2702,91.7323
2023-06-13T06:00,20.1,95,865.2,Cherrapunji_Wet,25.2702,91.7323
2023-06-13T07:00,20.7,90,865.8,Cherrapunji_Wet,25.2702,91.7323
2023-06-13T08:00,21.8,92,866.3,Cherrapunji_Wet,25.2702,91.7323
2023-06-13T09:00,22.5,85,866.4,Cherrapunji_Wet,25.2702,91.7323
2023-06-13T10:00,23,82,865.9,Cherrapunji_Wet,25.2702,91.7323
2023-06-13T11:00,22.4,85,865.6,Cherrapunji_Wet,25.2702,91.7323
2023-06-13T12:00,22.6,82,864.4,Cherrapunji_Wet,25.2702,91.7323
2023-06-13T13:00,22.4,84,863.5,Cherrapunji_Wet,25.2702,91.7323
2023-06-13T14:00,22.7,86,862.8,Cherrapunji_Wet,25.2702,91.7323
2023-06-13T15:00,22.5,86,862.6,Cherrapunji_Wet,25.2702,91.7323
2023-06-13T16:00,21.7,87,862.4,Cherrapunji_Wet,25.2702,91.7323
2023-06-13T17:00,21.8,87,863.4,Cherrapunji_Wet,25.2702,91.7323
2023-06-13T18:00,20.5,97,863.6,Cherrapunji_Wet,25.2702,91.7323
2023-06-13T19:00,20.3,98,864.2,Cherrapunji_Wet,25.2702,91.7323
2023-06-13T20:00,20.2,98,864.8,Cherrapunji_Wet,25.2702,91.7323
2023-06-13T21:00,19.8,99,865,Cherrapunji_Wet,25.2702,91.7323
2023-06-13T22:00,19.4,99,864.8,Cherrapunji_Wet,25.2702,91.7323
2023-06-13T23:00,19.7,99,864.4,Cherrapunji_Wet,25.2702,91.7323
2023-06-14T00:00,19.8,97,863.8,Cherrapunji_Wet,25.2702,91.7323
2023-06-14T01:00,19.7,97,863.5,Cherrapunji_Wet,25.2702,91.7323
2023-06-14T02:00,19.7,98,863.2,Cherrapunji_Wet,25.2702,91.7323
2023-06-14T03:00,19.4,98,863.3,Cherrapunji_Wet,25.2702,91.7323
2023-06-14T04:00,19.7,96,863.4,Cherrapunji_Wet,25.2702,91.7323
2023-06-14T05:00,19.4,99,864.7,Cherrapunji_Wet,25.2702,91.7323
2023-06-14T06:00,20,95,865.1,Cherrapunji_Wet,25.2702,91.7323
2023-06-14T07:00,19.8,96,865.5,Cherrapunji_Wet,25.2702,91.7323
2023-06-14T08:00,20.8,93,865.2,Cherrapunji_Wet,25.2702,91.7323
2023-06-14T09:00,19.8,99,865.3,Cherrapunji_Wet,25.2702,91.7323
2023-06-14T10:00,20.1,96,865.5,Cherrapunji_Wet,25.2702,91.7323
2023-06-14T11:00,20.6,95,864.9,Cherrapunji_Wet,25.2702,91.7323
2023-06-14T12:00,21.2,95,864.6,Cherrapunji_Wet,25.2702,91.7323
2023-06-14T13:00,21.4,92,864,Cherrapunji_Wet,25.2702,91.7323
2023-06-14T14:00,21.7,93,863.4,Cherrapunji_Wet,25.2702,91.7323
2023-06-14T15:00,21.9,92,863.3,Cherrapunji_Wet,25.2702,91.7323
2023-06-14T16:00,21.3,91,863.2,Cherrapunji_Wet,25.2702,91.7323
2023-06-14T17:00,20.5,98,864,Cherrapunji_Wet,25.2702,91.7323
2023-06-14T18:00,20.4,98,864.7,Cherrapunji_Wet,25.2702,91.7323
2023-06-14T19:00,20.2,99,865.3,Cherrapunji_Wet,25.2702,91.7323
2023-06-14T20:00,19.9,99,865.6,Cherrapunji_Wet,25.2702,91.7323
2023-06-14T21:00,19.6,99,866,Cherrapunji_Wet,25.2702,91.7323
2023-06-14T22:00,19.7,99,865.7,Cherrapunji_Wet,25.2702,91.7323
2023-06-14T23:00,19.7,98,865.4,Cherrapunji_Wet,25.2702,91.7323
2023-06-15T00:00,19.4,99,864.5,Cherrapunji_Wet,25.2702,91.7323
2023-06-15T01:00,19.3,99,864,Cherrapunji_Wet,25.2702,91.7323
2023-06-15T02:00,18.9,99,863.5,Cherrapunji_Wet,25.2702,91.7323
2023-06-15T03:00,18.9,98,863.9,Cherrapunji_Wet,25.2702,91.7323
2023-06-15T04:00,19,99,863.8,Cherrapunji_Wet,25.2702,91.7323
2023-06-15T05:00,18.7,98,864.7,Cherrapunji_Wet,25.2702,91.7323
2023-06-15T06:00,19.4,95,865.4,Cherrapunji_Wet,25.2702,91.7323
2023-06-15T07:00,19.9,96,866.3,Cherrapunji_Wet,25.2702,91.7323
2023-06-15T08:00,19.3,99,866.7,Cherrapunji_Wet,25.2702,91.7323
2023-06-15T09:00,19.5,99,866.6,Cherrapunji_Wet,25.2702,91.7323
2023-06-15T10:00,19.5,99,866.9,Cherrapunji_Wet,25.2702,91.7323
2023-06-15T11:00,19.7,97,866.7,Cherrapunji_Wet,25.2702,91.7323
2023-06-15T12:00,20.4,95,865.8,Cherrapunji_Wet,25.2702,91.7323
2023-06-15T13:00,20,100,864.8,Cherrapunji_Wet,25.2702,91.7323
2023-06-15T14:00,20.4,100,864.3,Cherrapunji_Wet,25.2702,91.7323
2023-06-15T15:00,20.3,97,864.5,Cherrapunji_Wet,25.2702,91.7323
2023-06-15T16:00,20.3,98,863.8,Cherrapunji_Wet,25.2702,91.7323
2023-06-15T17:00,19.9,95,864.7,Cherrapunji_Wet,25.2702,91.7323
2023-06-15T18:00,19.3,98,865.2,Cherrapunji_Wet,25.2702,91.7323
2023-06-15T19:00,19.3,100,865.6,Cherrapunji_Wet,25.2702,91.7323
2023-06-15T20:00,19.3,100,866.1,Cherrapunji_Wet,25.2702,91.7323
2023-06-15T21:00,19.2,99,866.5,Cherrapunji_Wet,25.2702,91.7323
2023-06-15T22:00,19.1,99,865.8,Cherrapunji_Wet,25.2702,91.7323
2023-06-15T23:00,19.3,98,865.5,Cherrapunji_Wet,25.2702,91.7323
2023-06-16T00:00,19.5,98,864.6,Cherrapunji_Wet,25.2702,91.7323
2023-06-16T01:00,19.6,96,864.4,Cherrapunji_Wet,25.2702,91.7323
2023-06-16T02:00,19.4,97,863.7,Cherrapunji_Wet,25.2702,91.7323
2023-06-16T03:00,18.8,99,863.4,Cherrapunji_Wet,25.2702,91.7323
2023-06-16T04:00,18.5,99,863.8,Cherrapunji_Wet,25.2702,91.7323
2023-06-16T05:00,18.6,97,865.7,Cherrapunji_Wet,25.2702,91.7323
2023-06-16T06:00,18.8,100,866.3,Cherrapunji_Wet,25.2702,91.7323
2023-06-16T07:00,19.4,99,866.7,Cherrapunji_Wet,25.2702,91.7323
2023-06-16T08:00,19.1,99,866.8,Cherrapunji_Wet,25.2702,91.7323
2023-06-16T09:00,19.4,100,866.7,Cherrapunji_Wet,25.2702,91.7323
2023-06-16T10:00,19.9,97,866.6,Cherrapunji_Wet,25.2702,91.7323
2023-06-16T11:00,19.9,97,866.1,Cherrapunji_Wet,25.2702,91.7323
2023-06-16T12:00,20,98,865.9,Cherrapunji_Wet,25.2702,91.7323
2023-06-16T13:00,21.1,93,865,Cherrapunji_Wet,25.2702,91.7323
2023-06-16T14:00,21.4,93,864,Cherrapunji_Wet,25.2702,91.7323
2023-06-16T15:00,20.7,96,864.4,Cherrapunji_Wet,25.2702,91.7323
2023-06-16T16:00,20.9,93,864.5,Cherrapunji_Wet,25.2702,91.7323
2023-06-16T17:00,20,95,865.2,Cherrapunji_Wet,25.2702,91.7323
2023-06-16T18:00,20.1,98,865.6,Cherrapunji_Wet,25.2702,91.7323
2023-06-16T19:00,20.4,95,866.7,Cherrapunji_Wet,25.2702,91.7323
2023-06-16T20:00,20,99,866.8,Cherrapunji_Wet,25.2702,91.7323
2023-06-16T21:00,19.6,99,867.3,Cherrapunji_Wet,25.2702,91.7323
2023-06-16T22:00,19.5,99,866.8,Cherrapunji_Wet,25.2702,91.7323
2023-06-16T23:00,19.5,99,866.4,Cherrapunji_Wet,25.2702,91.7323
2023-06-17T00:00,19.4,99,865.4,Cherrapunji_Wet,25.2702,91.7323
2023-06-17T01:00,19.1,99,865.2,Cherrapunji_Wet,25.2702,91.7323
2023-06-17T02:00,19.1,100,864.5,Cherrapunji_Wet,25.2702,91.7323
2023-06-17T03:00,18.9,100,865,Cherrapunji_Wet,25.2702,91.7323
2023-06-17T04:00,19.1,99,865.1,Cherrapunji_Wet,25.2702,91.7323
2023-06-17T05:00,19,99,866.8,Cherrapunji_Wet,25.2702,91.7323
2023-06-17T06:00,19.3,97,867.6,Cherrapunji_Wet,25.2702,91.7323
2023-06-17T07:00,19.5,97,868.2,Cherrapunji_Wet,25.2702,91.7323
2023-06-17T08:00,19.7,95,868.5,Cherrapunji_Wet,25.2702,91.7323
2023-06-17T09:00,20.2,93,868.3,Cherrapunji_Wet,25.2702,91.7323
2023-06-17T10:00,20.3,92,868.1,Cherrapunji_Wet,25.2702,91.7323
2023-06-17T11:00,21.2,100,868.1,Cherrapunji_Wet,25.2702,91.7323
2023-06-17T12:00,20.5,96,867.2,Cherrapunji_Wet,25.2702,91.7323
2023-06-17T13:00,21,100,866.5,Cherrapunji_Wet,25.2702,91.7323
2023-06-17T14:00,20.8,100,866,Cherrapunji_Wet,25.2702,91.7323
2023-06-17T15:00,20.5,99,865.4,Cherrapunji_Wet,25.2702,91.7323
2023-06-17T16:00,21,98,865.6,Cherrapunji_Wet,25.2702,91.7323
2023-06-17T17:00,20,99,866.9,Cherrapunji_Wet,25.2702,91.7323
2023-06-17T18:00,19.6,100,867.5,Cherrapunji_Wet,25.2702,91.7323
2023-06-17T19:00,19.7,99,868.3,Cherrapunji_Wet,25.2702,91.7323
2023-06-17T20:00,19.7,100,868.9,Cherrapunji_Wet,25.2702,91.7323
2023-06-17T21:00,19.5,99,868.8,Cherrapunji_Wet,25.2702,91.7323
2023-06-17T22:00,19.4,99,868.8,Cherrapunji_Wet,25.2702,91.7323
2023-06-17T23:00,19.1,100,868.1,Cherrapunji_Wet,25.2702,91.7323
2023-06-18T00:00,19.1,100,867.6,Cherrapunji_Wet,25.2702,91.7323
2023-06-18T01:00,19.1,99,867,Cherrapunji_Wet,25.2702,91.7323
2023-06-18T02:00,19.1,99,866.5,Cherrapunji_Wet,25.2702,91.7323
2023-06-18T03:00,19.2,99,866.5,Cherrapunji_Wet,25.2702,91.7323
2023-06-18T04:00,19.1,99,866.9,Cherrapunji_Wet,25.2702,91.7323
2023-06-18T05:00,18.8,99,868.8,Cherrapunji_Wet,25.2702,91.7323
2023-06-18T06:00,18.9,98,869,Cherrapunji_Wet,25.2702,91.7323
2023-06-18T07:00,19,98,869.8,Cherrapunji_Wet,25.2702,91.7323
2023-06-18T08:00,19.6,98,869.7,Cherrapunji_Wet,25.2702,91.7323
2023-06-18T09:00,19.7,100,869.4,Cherrapunji_Wet,25.2702,91.7323
2023-06-18T10:00,20.7,94,869.3,Cherrapunji_Wet,25.2702,91.7323
2023-06-18T11:00,20,100,868.6,Cherrapunji_Wet,25.2702,91.7323
2023-06-18T12:00,21,97,868.1,Cherrapunji_Wet,25.2702,91.7323
2023-06-18T13:00,20.7,97,867,Cherrapunji_Wet,25.2702,91.7323
2023-06-18T14:00,21.2,98,866.7,Cherrapunji_Wet,25.2702,91.7323
2023-06-18T15:00,21,96,865.7,Cherrapunji_Wet,25.2702,91.7323
2023-06-18T16:00,20.6,99,865.6,Cherrapunji_Wet,25.2702,91.7323
2023-06-18T17:00,19.3,98,866.6,Cherrapunji_Wet,25.2702,91.7323
2023-06-18T18:00,19.3,99,867.7,Cherrapunji_Wet,25.2702,91.7323
2023-06-18T19:00,19.3,99,868.4,Cherrapunji_Wet,25.2702,91.7323
2023-06-18T20:00,19.5,99,868.9,Cherrapunji_Wet,25.2702,91.7323
2023-06-18T21:00,19.7,99,869,Cherrapunji_Wet,25.2702,91.7323
2023-06-18T22:00,19.7,99,869.1,Cherrapunji_Wet,25.2702,91.7323
2023-06-18T23:00,19.6,99,868.1,Cherrapunji_Wet,25.2702,91.7323
2023-06-19T00:00,19.5,100,867.6,Cherrapunji_Wet,25.2702,91.7323
2023-06-19T01:00,19.4,99,866.8,Cherrapunji_Wet,25.2702,91.7323
2023-06-19T02:00,19.2,100,866.7,Cherrapunji_Wet,25.2702,91.7323
2023-06-19T03:00,19,99,866.5,Cherrapunji_Wet,25.2702,91.7323
2023-06-19T04:00,18.9,100,866.9,Cherrapunji_Wet,25.2702,91.7323
2023-06-19T05:00,19,99,867.6,Cherrapunji_Wet,25.2702,91.7323
2023-06-19T06:00,19.2,98,868.2,Cherrapunji_Wet,25.2702,91.7323
2023-06-19T07:00,19.4,100,868.6,Cherrapunji_Wet,25.2702,91.7323
2023-06-19T08:00,19.8,100,868.9,Cherrapunji_Wet,25.2702,91.7323
2023-06-19T09:00,19.4,99,868.6,Cherrapunji_Wet,25.2702,91.7323
2023-06-19T10:00,19.8,99,868.5,Cherrapunji_Wet,25.2702,91.7323
2023-06-19T11:00,20.4,99,868.4,Cherrapunji_Wet,25.2702,91.7323
2023-06-19T12:00,20.4,98,867.5,Cherrapunji_Wet,25.2702,91.7323
2023-06-19T13:00,20.7,95,866.8,Cherrapunji_Wet,25.2702,91.7323
2023-06-19T14:00,20.7,97,866.3,Cherrapunji_Wet,25.2702,91.7323
2023-06-19T15:00,20.8,97,865.9,Cherrapunji_Wet,25.2702,91.7323
2023-06-19T16:00,20.4,100,865.4,Cherrapunji_Wet,25.2702,91.7323
2023-06-19T17:00,19.2,98,866.7,Cherrapunji_Wet,25.2702,91.7323
2023-06-19T18:00,19.2,99,866.8,Cherrapunji_Wet,25.2702,91.7323
2023-06-19T19:00,19.2,99,867.2,Cherrapunji_Wet,25.2702,91.7323
2023-06-19T20:00,19.2,100,867.6,Cherrapunji_Wet,25.2702,91.7323
2023-06-19T21:00,19.2,100,867.9,Cherrapunji_Wet,25.2702,91.7323
2023-06-19T22:00,19.3,99,868.1,Cherrapunji_Wet,25.2702,91.7323
2023-06-19T23:00,19.2,99,867.8,Cherrapunji_Wet,25.2702,91.7323
2023-06-20T00:00,19.2,100,867,Cherrapunji_Wet,25.2702,91.7323
2023-06-20T01:00,19.3,99,866.6,Cherrapunji_Wet,25.2702,91.7323
2023-06-20T02:00,19.2,99,866.3,Cherrapunji_Wet,25.2702,91.7323
2023-06-20T03:00,19.1,100,865.9,Cherrapunji_Wet,25.2702,91.7323
2023-06-20T04:00,18.9,100,866.2,Cherrapunji_Wet,25.2702,91.7323
2023-06-20T05:00,18.9,99,867.3,Cherrapunji_Wet,25.2702,91.7323
2023-06-20T06:00,19.4,96,868,Cherrapunji_Wet,25.2702,91.7323
2023-06-20T07:00,19.7,95,868.6,Cherrapunji_Wet,25.2702,91.7323
2023-06-20T08:00,19.9,92,869.1,Cherrapunji_Wet,25.2702,91.7323
2023-06-20T09:00,20.8,98,869.2,Cherrapunji_Wet,25.2702,91.7323
2023-06-20T10:00,21.7,91,868.9,Cherrapunji_Wet,25.2702,91.7323
2023-06-20T11:00,22.1,88,868.2,Cherrapunji_Wet,25.2702,91.7323
2023-06-20T12:00,22.1,89,867.3,Cherrapunji_Wet,25.2702,91.7323
2023-06-20T13:00,21.8,93,866.7,Cherrapunji_Wet,25.2702,91.7323
2023-06-20T14:00,22.2,92,866.2,Cherrapunji_Wet,25.2702,91.7323
2023-06-20T15:00,21.8,93,865.7,Cherrapunji_Wet,25.2702,91.7323
2023-06-20T16:00,21.5,89,865.7,Cherrapunji_Wet,25.2702,91.7323
2023-06-20T17:00,19.9,98,866.8,Cherrapunji_Wet,25.2702,91.7323
2023-06-20T18:00,19.6,100,867.4,Cherrapunji_Wet,25.2702,91.7323
2023-06-20T19:00,19.8,99,868.3,Cherrapunji_Wet,25.2702,91.7323
2023-06-20T20:00,19.8,99,868.7,Cherrapunji_Wet,25.2702,91.7323
2023-06-20T21:00,20,97,868.7,Cherrapunji_Wet,25.2702,91.7323
2023-06-20T22:00,19.9,98,868.7,Cherrapunji_Wet,25.2702,91.7323
2023-06-20T23:00,19.8,99,868.2,Cherrapunji_Wet,25.2702,91.7323
2023-06-21T00:00,20,99,867.4,Cherrapunji_Wet,25.2702,91.7323
2023-06-21T01:00,19.9,100,867.2,Cherrapunji_Wet,25.2702,91.7323
2023-06-21T02:00,19.7,100,866.9,Cherrapunji_Wet,25.2702,91.7323
2023-06-21T03:00,19.6,100,866.9,Cherrapunji_Wet,25.2702,91.7323
2023-06-21T04:00,19.4,99,866.6,Cherrapunji_Wet,25.2702,91.7323
2023-06-21T05:00,19.5,99,868.3,Cherrapunji_Wet,25.2702,91.7323
2023-06-21T06:00,20.1,98,868.8,Cherrapunji_Wet,25.2702,91.7323
2023-06-21T07:00,19.6,94,869.1,Cherrapunji_Wet,25.2702,91.7323
2023-06-21T08:00,20.3,93,869.6,Cherrapunji_Wet,25.2702,91.7323
2023-06-21T09:00,20.4,95,869.2,Cherrapunji_Wet,25.2702,91.7323
2023-06-21T10:00,22.4,85,869.3,Cherrapunji_Wet,25.2702,91.7323
2023-06-21T11:00,23.1,83,869.2,Cherrapunji_Wet,25.2702,91.7323
2023-06-21T12:00,22.6,86,868.4,Cherrapunji_Wet,25.2702,91.7323
2023-06-21T13:00,23.2,80,867.7,Cherrapunji_Wet,25.2702,91.7323
2023-06-21T14:00,22.7,87,867.1,Cherrapunji_Wet,25.2702,91.7323
2023-06-21T15:00,22.2,92,866.6,Cherrapunji_Wet,25.2702,91.7323
2023-06-21T16:00,21.6,90,866.8,Cherrapunji_Wet,25.2702,91.7323
2023-06-21T17:00,19.9,96,867.3,Cherrapunji_Wet,25.2702,91.7323
2023-06-21T18:00,20.4,96,867.5,Cherrapunji_Wet,25.2702,91.7323
2023-06-21T19:00,20,98,868.6,Cherrapunji_Wet,25.2702,91.7323
2023-06-21T20:00,19.8,99,868.9,Cherrapunji_Wet,25.2702,91.7323
2023-06-21T21:00,19.9,99,869.1,Cherrapunji_Wet,25.2702,91.7323
2023-06-21T22:00,20,99,869,Cherrapunji_Wet,25.2702,91.7323
2023-06-21T23:00,19.7,100,868.7,Cherrapunji_Wet,25.2702,91.7323
2023-06-22T00:00,19.8,100,868.2,Cherrapunji_Wet,25.2702,91.7323
2023-06-22T01:00,19.8,100,867.7,Cherrapunji_Wet,25.2702,91.7323
2023-06-22T02:00,19.6,100,867.2,Cherrapunji_Wet,25.2702,91.7323
2023-06-22T03:00,19.3,100,867.3,Cherrapunji_Wet,25.2702,91.7323
2023-06-22T04:00,19.2,100,867.3,Cherrapunji_Wet,25.2702,91.7323
2023-06-22T05:00,19.8,99,868.5,Cherrapunji_Wet,25.2702,91.7323
2023-06-22T06:00,20.2,97,868.9,Cherrapunji_Wet,25.2702,91.7323
2023-06-22T07:00,20,97,869.3,Cherrapunji_Wet,25.2702,91.7323
2023-06-22T08:00,20.3,97,869.3,Cherrapunji_Wet,25.2702,91.7323
2023-06-22T09:00,20.1,98,869.1,Cherrapunji_Wet,25.2702,91.7323
2023-06-22T10:00,19.9,100,868.9,Cherrapunji_Wet,25.2702,91.7323
2023-06-22T11:00,20.2,96,868.5,Cherrapunji_Wet,25.2702,91.7323
2023-06-22T12:00,20.5,97,867.7,Cherrapunji_Wet,25.2702,91.7323
2023-06-22T13:00,21,99,867.3,Cherrapunji_Wet,25.2702,91.7323
2023-06-22T14:00,21.5,94,866.9,Cherrapunji_Wet,25.2702,91.7323
2023-06-22T15:00,21.2,92,866.6,Cherrapunji_Wet,25.2702,91.7323
2023-06-22T16:00,21.3,90,866.6,Cherrapunji_Wet,25.2702,91.7323
2023-06-22T17:00,20.2,97,867.4,Cherrapunji_Wet,25.2702,91.7323
2023-06-22T18:00,19.7,99,867.9,Cherrapunji_Wet,25.2702,91.7323
2023-06-22T19:00,19.7,99,868.4,Cherrapunji_Wet,25.2702,91.7323
2023-06-22T20:00,19.9,97,868.9,Cherrapunji_Wet,25.2702,91.7323
2023-06-22T21:00,19.6,98,869.4,Cherrapunji_Wet,25.2702,91.7323
2023-06-22T22:00,19.8,97,869.3,Cherrapunji_Wet,25.2702,91.7323
2023-06-22T23:00,19.7,98,868.8,Cherrapunji_Wet,25.2702,91.7323
2023-06-23T00:00,19.6,98,868.5,Cherrapunji_Wet,25.2702,91.7323
2023-06-23T01:00,19.5,99,868,Cherrapunji_Wet,25.2702,91.7323
2023-06-23T02:00,19.5,99,867.6,Cherrapunji_Wet,25.2702,91.7323
2023-06-23T03:00,19.4,99,867.7,Cherrapunji_Wet,25.2702,91.7323
2023-06-23T04:00,19.6,97,867.9,Cherrapunji_Wet,25.2702,91.7323
2023-06-23T05:00,19.6,99,868.5,Cherrapunji_Wet,25.2702,91.7323
2023-06-23T06:00,19.6,100,868.6,Cherrapunji_Wet,25.2702,91.7323
2023-06-23T07:00,19.9,94,869.3,Cherrapunji_Wet,25.2702,91.7323
2023-06-23T08:00,20.6,97,869.7,Cherrapunji_Wet,25.2702,91.7323
2023-06-23T09:00,21.6,94,870,Cherrapunji_Wet,25.2702,91.7323
2023-06-23T10:00,20,95,869.1,Cherrapunji_Wet,25.2702,91.7323
2023-06-23T11:00,21.2,91,868.6,Cherrapunji_Wet,25.2702,91.7323
2023-06-23T12:00,21.6,90,868,Cherrapunji_Wet,25.2702,91.7323
2023-06-23T13:00,21.3,91,867,Cherrapunji_Wet,25.2702,91.7323
2023-06-23T14:00,23,84,866.8,Cherrapunji_Wet,25.2702,91.7323
2023-06-23T15:00,23,82,866.3,Cherrapunji_Wet,25.2702,91.7323
2023-06-23T16:00,22.7,84,866.3,Cherrapunji_Wet,25.2702,91.7323
2023-06-23T17:00,21.8,87,866.6,Cherrapunji_Wet,25.2702,91.7323
2023-06-23T18:00,20.2,98,866.7,Cherrapunji_Wet,25.2702,91.7323
2023-06-23T19:00,19.9,99,867.4,Cherrapunji_Wet,25.2702,91.7323
2023-06-23T20:00,20.1,99,868.3,Cherrapunji_Wet,25.2702,91.7323
2023-06-23T21:00,19.8,99,868.5,Cherrapunji_Wet,25.2702,91.7323
2023-06-23T22:00,19.9,99,868.7,Cherrapunji_Wet,25.2702,91.7323
2023-06-23T23:00,19.8,100,868.5,Cherrapunji_Wet,25.2702,91.7323
2023-06-24T00:00,19.7,100,867.7,Cherrapunji_Wet,25.2702,91.7323
2023-06-24T01:00,19.5,99,867.4,Cherrapunji_Wet,25.2702,91.7323
2023-06-24T02:00,19.4,99,867.3,Cherrapunji_Wet,25.2702,91.7323
2023-06-24T03:00,19.4,99,866.9,Cherrapunji_Wet,25.2702,91.7323
2023-06-24T04:00,19.4,100,867,Cherrapunji_Wet,25.2702,91.7323
2023-06-24T05:00,19.3,99,867.2,Cherrapunji_Wet,25.2702,91.7323
2023-06-24T06:00,19.4,98,867.9,Cherrapunji_Wet,25.2702,91.7323
2023-06-24T07:00,19.6,97,867.8,Cherrapunji_Wet,25.2702,91.7323
2023-06-24T08:00,20.3,94,868.6,Cherrapunji_Wet,25.2702,91.7323
2023-06-24T09:00,22,88,868.5,Cherrapunji_Wet,25.2702,91.7323
2023-06-24T10:00,23.3,83,868.7,Cherrapunji_Wet,25.2702,91.7323
2023-06-24T11:00,23.9,80,868.3,Cherrapunji_Wet,25.2702,91.7323
2023-06-24T12:00,24.5,77,867.6,Cherrapunji_Wet,25.2702,91.7323
2023-06-24T13:00,24.5,76,867.1,Cherrapunji_Wet,25.2702,91.7323
2023-06-24T14:00,23.8,80,866.5,Cherrapunji_Wet,25.2702,91.7323
2023-06-24T15:00,23.3,84,865.8,Cherrapunji_Wet,25.2702,91.7323
2023-06-24T16:00,22.9,86,865.6,Cherrapunji_Wet,25.2702,91.7323
2023-06-24T17:00,21.4,93,866.7,Cherrapunji_Wet,25.2702,91.7323
2023-06-24T18:00,20.8,97,867,Cherrapunji_Wet,25.2702,91.7323
2023-06-24T19:00,20.4,98,867.6,Cherrapunji_Wet,25.2702,91.7323
2023-06-24T20:00,20.1,100,868.1,Cherrapunji_Wet,25.2702,91.7323
2023-06-24T21:00,20.2,99,868.7,Cherrapunji_Wet,25.2702,91.7323
2023-06-24T22:00,20.1,100,868.7,Cherrapunji_Wet,25.2702,91.7323
2023-06-24T23:00,19.9,100,868.5,Cherrapunji_Wet,25.2702,91.7323
2023-06-25T00:00,19.6,99,868,Cherrapunji_Wet,25.2702,91.7323
2023-06-25T01:00,19.5,99,867.4,Cherrapunji_Wet,25.2702,91.7323
2023-06-25T02:00,19.3,99,867.2,Cherrapunji_Wet,25.2702,91.7323
2023-06-25T03:00,19.2,98,867.2,Cherrapunji_Wet,25.2702,91.7323
2023-06-25T04:00,18.9,99,867.2,Cherrapunji_Wet,25.2702,91.7323
2023-06-25T05:00,19.8,97,867.9,Cherrapunji_Wet,25.2702,91.7323
2023-06-25T06:00,20.6,91,869.1,Cherrapunji_Wet,25.2702,91.7323
2023-06-25T07:00,21.1,87,869.5,Cherrapunji_Wet,25.2702,91.7323
2023-06-25T08:00,22.2,84,870.1,Cherrapunji_Wet,25.2702,91.7323
2023-06-25T09:00,22.6,83,870.3,Cherrapunji_Wet,25.2702,91.7323
2023-06-25T10:00,23.2,80,869.9,Cherrapunji_Wet,25.2702,91.7323
2023-06-25T11:00,24.1,77,869.6,Cherrapunji_Wet,25.2702,91.7323
2023-06-25T12:00,24.5,77,868.9,Cherrapunji_Wet,25.2702,91.7323
2023-06-25T13:00,23.5,84,867.9,Cherrapunji_Wet,25.2702,91.7323
2023-06-25T14:00,22.7,89,867.1,Cherrapunji_Wet,25.2702,91.7323
2023-06-25T15:00,22.6,88,866.9,Cherrapunji_Wet,25.2702,91.7323
2023-06-25T16:00,21.8,91,866.9,Cherrapunji_Wet,25.2702,91.7323
2023-06-25T17:00,22.4,83,867.4,Cherrapunji_Wet,25.2702,91.7323
2023-06-25T18:00,21.6,86,867.8,Cherrapunji_Wet,25.2702,91.7323
2023-06-25T19:00,21.2,88,868.5,Cherrapunji_Wet,25.2702,91.7323
2023-06-25T20:00,21.2,88,869.1,Cherrapunji_Wet,25.2702,91.7323
2023-06-25T21:00,20.9,89,869.5,Cherrapunji_Wet,25.2702,91.7323
2023-06-25T22:00,19.5,97,868.9,Cherrapunji_Wet,25.2702,91.7323
2023-06-25T23:00,20.3,92,868.6,Cherrapunji_Wet,25.2702,91.7323
2023-06-26T00:00,19.7,96,867.9,Cherrapunji_Wet,25.2702,91.7323
2023-06-26T01:00,19.6,97,867.5,Cherrapunji_Wet,25.2702,91.7323
2023-06-26T02:00,19.7,97,867.4,Cherrapunji_Wet,25.2702,91.7323
2023-06-26T03:00,19.7,97,867.5,Cherrapunji_Wet,25.2702,91.7323
2023-06-26T04:00,19.5,97,867.7,Cherrapunji_Wet,25.2702,91.7323
2023-06-26T05:00,20.1,93,868.7,Cherrapunji_Wet,25.2702,91.7323
2023-06-26T06:00,20.7,91,869.2,Cherrapunji_Wet,25.2702,91.7323
2023-06-26T07:00,21.9,84,869.9,Cherrapunji_Wet,25.2702,91.7323
2023-06-26T08:00,22.7,84,870.7,Cherrapunji_Wet,25.2702,91.7323
2023-06-26T09:00,23.6,83,870.7,Cherrapunji_Wet,25.2702,91.7323
2023-06-26T10:00,24.1,80,870.3,Cherrapunji_Wet,25.2702,91.7323
2023-06-26T11:00,24.7,75,869.5,Cherrapunji_Wet,25.2702,91.7323
2023-06-26T12:00,25.1,72,868.6,Cherrapunji_Wet,25.2702,91.7323
2023-06-26T13:00,25.2,71,867.9,Cherrapunji_Wet,25.2702,91.7323
2023-06-26T14:00,24.4,74,867.4,Cherrapunji_Wet,25.2702,91.7323
2023-06-26T15:00,22.7,83,866.7,Cherrapunji_Wet,25.2702,91.7323
2023-06-26T16:00,21.5,90,866.3,Cherrapunji_Wet,25.2702,91.7323
2023-06-26T17:00,21,93,866.8,Cherrapunji_Wet,25.2702,91.7323
2023-06-26T18:00,20.3,98,867.4,Cherrapunji_Wet,25.2702,91.7323
2023-06-26T19:00,20.3,97,868.1,Cherrapunji_Wet,25.2702,91.7323
2023-06-26T20:00,20.2,96,868.8,Cherrapunji_Wet,25.2702,91.7323
2023-06-26T21:00,19.5,99,868.9,Cherrapunji_Wet,25.2702,91.7323
2023-06-26T22:00,19.3,100,869,Cherrapunji_Wet,25.2702,91.7323
2023-06-26T23:00,19.1,98,868.7,Cherrapunji_Wet,25.2702,91.7323
2023-06-27T00:00,18.8,99,868,Cherrapunji_Wet,25.2702,91.7323
2023-06-27T01:00,18.9,99,867.3,Cherrapunji_Wet,25.2702,91.7323
2023-06-27T02:00,18.7,99,867.1,Cherrapunji_Wet,25.2702,91.7323
2023-06-27T03:00,18.8,100,866.9,Cherrapunji_Wet,25.2702,91.7323
2023-06-27T04:00,18.8,99,867.2,Cherrapunji_Wet,25.2702,91.7323
2023-06-27T05:00,19.1,98,867.8,Cherrapunji_Wet,25.2702,91.7323
2023-06-27T06:00,19,98,867.9,Cherrapunji_Wet,25.2702,91.7323
2023-06-27T07:00,19.1,95,868.8,Cherrapunji_Wet,25.2702,91.7323
2023-06-27T08:00,19.6,92,869.5,Cherrapunji_Wet,25.2702,91.7323
2023-06-27T09:00,20,100,869.6,Cherrapunji_Wet,25.2702,91.7323
2023-06-27T10:00,20.9,98,869.7,Cherrapunji_Wet,25.2702,91.7323
2023-06-27T11:00,20.1,100,868.9,Cherrapunji_Wet,25.2702,91.7323
2023-06-27T12:00,20.6,97,868.4,Cherrapunji_Wet,25.2702,91.7323
2023-06-27T13:00,20.7,98,868.2,Cherrapunji_Wet,25.2702,91.7323
2023-06-27T14:00,20.2,94,867.8,Cherrapunji_Wet,25.2702,91.7323
2023-06-27T15:00,19.9,96,867.4,Cherrapunji_Wet,25.2702,91.7323
2023-06-27T16:00,19.8,100,867.1,Cherrapunji_Wet,25.2702,91.7323
2023-06-27T17:00,19.7,95,868.2,Cherrapunji_Wet,25.2702,91.7323
2023-06-27T18:00,18.8,99,868.4,Cherrapunji_Wet,25.2702,91.7323
2023-06-27T19:00,19.1,100,869.3,Cherrapunji_Wet,25.2702,91.7323
2023-06-27T20:00,19,99,870,Cherrapunji_Wet,25.2702,91.7323
2023-06-27T21:00,18.9,100,870.4,Cherrapunji_Wet,25.2702,91.7323
2023-06-27T22:00,18.9,100,870.6,Cherrapunji_Wet,25.2702,91.7323
2023-06-27T23:00,18.7,100,870.3,Cherrapunji_Wet,25.2702,91.7323
2023-06-28T00:00,18.7,99,869.8,Cherrapunji_Wet,25.2702,91.7323
2023-06-28T01:00,18.7,100,869.3,Cherrapunji_Wet,25.2702,91.7323
2023-06-28T02:00,18.6,100,868.7,Cherrapunji_Wet,25.2702,91.7323
2023-06-28T03:00,18.6,100,868.9,Cherrapunji_Wet,25.2702,91.7323
2023-06-28T04:00,18.5,100,869.2,Cherrapunji_Wet,25.2702,91.7323
2023-06-28T05:00,18.8,100,869.4,Cherrapunji_Wet,25.2702,91.7323
2023-06-28T06:00,18.8,99,870,Cherrapunji_Wet,25.2702,91.7323
2023-06-28T07:00,19,99,871,Cherrapunji_Wet,25.2702,91.7323
2023-06-28T08:00,19.3,100,871.5,Cherrapunji_Wet,25.2702,91.7323
2023-06-28T09:00,19.7,97,871.7,Cherrapunji_Wet,25.2702,91.7323
2023-06-28T10:00,20.7,96,871.3,Cherrapunji_Wet,25.2702,91.7323
2023-06-28T11:00,20.3,100,870.8,Cherrapunji_Wet,25.2702,91.7323
2023-06-28T12:00,20.3,99,869.8,Cherrapunji_Wet,25.2702,91.7323
2023-06-28T13:00,19.7,100,868.9,Cherrapunji_Wet,25.2702,91.7323
2023-06-28T14:00,20.4,100,868.8,Cherrapunji_Wet,25.2702,91.7323
2023-06-28T15:00,19.7,97,868.3,Cherrapunji_Wet,25.2702,91.7323
2023-06-28T16:00,19.8,95,868.4,Cherrapunji_Wet,25.2702,91.7323
2023-06-28T17:00,19.8,93,869.9,Cherrapunji_Wet,25.2702,91.7323
2023-06-28T18:00,19.3,99,870,Cherrapunji_Wet,25.2702,91.7323
2023-06-28T19:00,19.3,98,870.6,Cherrapunji_Wet,25.2702,91.7323
2023-06-28T20:00,19.3,99,870.7,Cherrapunji_Wet,25.2702,91.7323
2023-06-28T21:00,19.3,99,871.2,Cherrapunji_Wet,25.2702,91.7323
2023-06-28T22:00,19.1,99,871.2,Cherrapunji_Wet,25.2702,91.7323
2023-06-28T23:00,19.1,99,870.7,Cherrapunji_Wet,25.2702,91.7323
2023-06-29T00:00,19.1,99,870,Cherrapunji_Wet,25.2702,91.7323
2023-06-29T01:00,18.9,99,869.4,Cherrapunji_Wet,25.2702,91.7323
2023-06-29T02:00,18.8,100,869,Cherrapunji_Wet,25.2702,91.7323
2023-06-29T03:00,19,99,868.8,Cherrapunji_Wet,25.2702,91.7323
2023-06-29T04:00,19,99,869,Cherrapunji_Wet,25.2702,91.7323
2023-06-29T05:00,19,99,869.2,Cherrapunji_Wet,25.2702,91.7323
2023-06-29T06:00,19.3,100,869.6,Cherrapunji_Wet,25.2702,91.7323
2023-06-29T07:00,19.2,100,870.2,Cherrapunji_Wet,25.2702,91.7323
2023-06-29T08:00,19.4,100,870.8,Cherrapunji_Wet,25.2702,91.7323
2023-06-29T09:00,19.4,99,870.9,Cherrapunji_Wet,25.2702,91.7323
2023-06-29T10:00,19.9,100,870.6,Cherrapunji_Wet,25.2702,91.7323
2023-06-29T11:00,20.6,89,870.3,Cherrapunji_Wet,25.2702,91.7323
2023-06-29T12:00,20,98,869.3,Cherrapunji_Wet,25.2702,91.7323
2023-06-29T13:00,19.9,96,867.9,Cherrapunji_Wet,25.2702,91.7323
2023-06-29T14:00,19.5,95,867.2,Cherrapunji_Wet,25.2702,91.7323
2023-06-29T15:00,19.7,95,866.7,Cherrapunji_Wet,25.2702,91.7323
2023-06-29T16:00,19.9,99,866.8,Cherrapunji_Wet,25.2702,91.7323
2023-06-29T17:00,19.7,96,868.2,Cherrapunji_Wet,25.2702,91.7323
2023-06-29T18:00,19.1,100,868.2,Cherrapunji_Wet,25.2702,91.7323
2023-06-29T19:00,18.8,100,869.1,Cherrapunji_Wet,25.2702,91.7323
2023-06-29T20:00,18.8,98,869.3,Cherrapunji_Wet,25.2702,91.7323
2023-06-29T21:00,18.5,99,869.9,Cherrapunji_Wet,25.2702,91.7323
2023-06-29T22:00,18.8,99,869.8,Cherrapunji_Wet,25.2702,91.7323
2023-06-29T23:00,18.7,99,869.7,Cherrapunji_Wet,25.2702,91.7323
2023-06-30T00:00,19,98,869,Cherrapunji_Wet,25.2702,91.7323
2023-06-30T01:00,18.7,99,868.3,Cherrapunji_Wet,25.2702,91.7323
2023-06-30T02:00,18.8,98,868.2,Cherrapunji_Wet,25.2702,91.7323
2023-06-30T03:00,18.8,98,868.1,Cherrapunji_Wet,25.2702,91.7323
2023-06-30T04:00,18.8,99,868.4,Cherrapunji_Wet,25.2702,91.7323
2023-06-30T05:00,19.1,99,868.7,Cherrapunji_Wet,25.2702,91.7323
2023-06-30T06:00,19.3,100,869.1,Cherrapunji_Wet,25.2702,91.7323
2023-06-30T07:00,20,99,870.1,Cherrapunji_Wet,25.2702,91.7323
2023-06-30T08:00,19.2,100,869.8,Cherrapunji_Wet,25.2702,91.7323
2023-06-30T09:00,21.3,92,870.7,Cherrapunji_Wet,25.2702,91.7323
2023-06-30T10:00,20.3,94,869.9,Cherrapunji_Wet,25.2702,91.7323
2023-06-30T11:00,20.5,93,869.6,Cherrapunji_Wet,25.2702,91.7323
2023-06-30T12:00,21.1,90,869.1,Cherrapunji_Wet,25.2702,91.7323
2023-06-30T13:00,20.7,90,868.4,Cherrapunji_Wet,25.2702,91.7323
2023-06-30T14:00,20.8,91,866.9,Cherrapunji_Wet,25.2702,91.7323
2023-06-30T15:00,21.6,88,866.5,Cherrapunji_Wet,25.2702,91.7323
2023-06-30T16:00,20.5,97,865.7,Cherrapunji_Wet,25.2702,91.7323
2023-06-30T17:00,20.2,95,867.3,Cherrapunji_Wet,25.2702,91.7323
2023-06-30T18:00,19.8,98,867.5,Cherrapunji_Wet,25.2702,91.7323
2023-06-30T19:00,19.5,99,867.9,Cherrapunji_Wet,25.2702,91.7323
2023-06-30T20:00,19.4,98,868.5,Cherrapunji_Wet,25.2702,91.7323
2023-06-30T21:00,19.3,98,868.7,Cherrapunji_Wet,25.2702,91.7323
2023-06-30T22:00,19.3,99,868.7,Cherrapunji_Wet,25.2702,91.7323
2023-06-30T23:00,19.3,98,868.1,Cherrapunji_Wet,25.2702,91.7323
2023-07-01T00:00,19.2,99,867.4,Cherrapunji_Wet,25.2702,91.7323
2023-07-01T01:00,19.2,100,867,Cherrapunji_Wet,25.2702,91.7323
2023-07-01T02:00,19.2,98,866.9,Cherrapunji_Wet,25.2702,91.7323
2023-07-01T03:00,19.2,98,867.1,Cherrapunji_Wet,25.2702,91.7323
2023-07-01T04:00,18.8,100,867.3,Cherrapunji_Wet,25.2702,91.7323
2023-07-01T05:00,19.3,99,868.1,Cherrapunji_Wet,25.2702,91.7323
2023-07-01T06:00,19.5,100,868.2,Cherrapunji_Wet,25.2702,91.7323
2023-07-01T07:00,19.6,100,868.7,Cherrapunji_Wet,25.2702,91.7323
2023-07-01T08:00,19.6,100,869.6,Cherrapunji_Wet,25.2702,91.7323
2023-07-01T09:00,19.7,99,869.8,Cherrapunji_Wet,25.2702,91.7323
2023-07-01T10:00,20.8,98,870,Cherrapunji_Wet,25.2702,91.7323
2023-07-01T11:00,20.5,98,869.7,Cherrapunji_Wet,25.2702,91.7323
2023-07-01T12:00,20.9,94,868.4,Cherrapunji_Wet,25.2702,91.7323
2023-07-01T13:00,20.5,93,867.6,Cherrapunji_Wet,25.2702,91.7323
2023-07-01T14:00,21.3,92,867.3,Cherrapunji_Wet,25.2702,91.7323
2023-07-01T15:00,22,86,867.2,Cherrapunji_Wet,25.2702,91.7323
2023-07-01T16:00,21.7,87,866.8,Cherrapunji_Wet,25.2702,91.7323
2023-07-01T17:00,20.1,95,867.6,Cherrapunji_Wet,25.2702,91.7323
2023-07-01T18:00,19.5,99,867.8,Cherrapunji_Wet,25.2702,91.7323
2023-07-01T19:00,19.4,99,868.6,Cherrapunji_Wet,25.2702,91.7323
2023-07-01T20:00,19.5,98,869.2,Cherrapunji_Wet,25.2702,91.7323
2023-07-01T21:00,19.5,98,869.7,Cherrapunji_Wet,25.2702,91.7323
2023-07-01T22:00,19.3,99,869.4,Cherrapunji_Wet,25.2702,91.7323
2023-07-01T23:00,19.3,99,869.4,Cherrapunji_Wet,25.2702,91.7323
2023-07-02T00:00,19.3,99,868.7,Cherrapunji_Wet,25.2702,91.7323
2023-07-02T01:00,19.2,99,868.1,Cherrapunji_Wet,25.2702,91.7323
2023-07-02T02:00,19,99,867.3,Cherrapunji_Wet,25.2702,91.7323
2023-07-02T03:00,19.2,99,867.2,Cherrapunji_Wet,25.2702,91.7323
2023-07-02T04:00,19.3,99,867.6,Cherrapunji_Wet,25.2702,91.7323
2023-07-02T05:00,19.6,97,867.8,Cherrapunji_Wet,25.2702,91.7323
2023-07-02T06:00,19.4,100,868.1,Cherrapunji_Wet,25.2702,91.7323
2023-07-02T07:00,19.3,100,868.8,Cherrapunji_Wet,25.2702,91.7323
2023-07-02T08:00,19.8,94,869.4,Cherrapunji_Wet,25.2702,91.7323
2023-07-02T09:00,19.7,94,869.4,Cherrapunji_Wet,25.2702,91.7323
2023-07-02T10:00,19.9,94,868.9,Cherrapunji_Wet,25.2702,91.7323
2023-07-02T11:00,20.4,97,868.4,Cherrapunji_Wet,25.2702,91.7323
2023-07-02T12:00,20.5,98,867.6,Cherrapunji_Wet,25.2702,91.7323
2023-07-02T13:00,22,91,867.2,Cherrapunji_Wet,25.2702,91.7323
2023-07-02T14:00,21.7,90,866.4,Cherrapunji_Wet,25.2702,91.7323
2023-07-02T15:00,21.9,88,865.9,Cherrapunji_Wet,25.2702,91.7323
2023-07-02T16:00,21.5,90,866.2,Cherrapunji_Wet,25.2702,91.7323
2023-07-02T17:00,20.7,97,867.4,Cherrapunji_Wet,25.2702,91.7323
2023-07-02T18:00,20.4,98,867.7,Cherrapunji_Wet,25.2702,91.7323
2023-07-02T19:00,20.2,98,868.4,Cherrapunji_Wet,25.2702,91.7323
2023-07-02T20:00,20.1,97,869,Cherrapunji_Wet,25.2702,91.7323
2023-07-02T21:00,20.2,96,869.6,Cherrapunji_Wet,25.2702,91.7323
2023-07-02T22:00,20.2,97,869.1,Cherrapunji_Wet,25.2702,91.7323
2023-07-02T23:00,20,95,868.6,Cherrapunji_Wet,25.2702,91.7323
2023-07-03T00:00,20.1,95,868.2,Cherrapunji_Wet,25.2702,91.7323
2023-07-03T01:00,20,97,867.9,Cherrapunji_Wet,25.2702,91.7323
2023-07-03T02:00,19.8,98,867.5,Cherrapunji_Wet,25.2702,91.7323
2023-07-03T03:00,19.3,99,867.5,Cherrapunji_Wet,25.2702,91.7323
2023-07-03T04:00,19.6,99,868,Cherrapunji_Wet,25.2702,91.7323
2023-07-03T05:00,19.8,97,868.3,Cherrapunji_Wet,25.2702,91.7323
2023-07-03T06:00,19.9,96,868.7,Cherrapunji_Wet,25.2702,91.7323
2023-07-03T07:00,20,100,869.3,Cherrapunji_Wet,25.2702,91.7323
2023-07-03T08:00,20.1,98,869.8,Cherrapunji_Wet,25.2702,91.7323
2023-07-03T09:00,20.1,98,869.9,Cherrapunji_Wet,25.2702,91.7323
2023-07-03T10:00,20.4,94,869.5,Cherrapunji_Wet,25.2702,91.7323
2023-07-03T11:00,20.8,94,868.5,Cherrapunji_Wet,25.2702,91.7323
2023-07-03T12:00,20.4,96,867.6,Cherrapunji_Wet,25.2702,91.7323
2023-07-03T13:00,21.3,91,867.2,Cherrapunji_Wet,25.2702,91.7323
2023-07-03T14:00,21,92,866.8,Cherrapunji_Wet,25.2702,91.7323
2023-07-03T15:00,22,86,866.7,Cherrapunji_Wet,25.2702,91.7323
2023-07-03T16:00,21.6,89,866.2,Cherrapunji_Wet,25.2702,91.7323
2023-07-03T17:00,21.4,89,867.9,Cherrapunji_Wet,25.2702,91.7323
2023-07-03T18:00,20.1,97,867.7,Cherrapunji_Wet,25.2702,91.7323
2023-07-03T19:00,20,95,868.5,Cherrapunji_Wet,25.2702,91.7323
2023-07-03T20:00,19.9,95,868.8,Cherrapunji_Wet,25.2702,91.7323
2023-07-03T21:00,19.6,94,868.6,Cherrapunji_Wet,25.2702,91.7323
2023-07-03T22:00,19.1,93,868.4,Cherrapunji_Wet,25.2702,91.7323
2023-07-03T23:00,18.6,93,868,Cherrapunji_Wet,25.2702,91.7323
2023-07-04T00:00,18.5,94,867.5,Cherrapunji_Wet,25.2702,91.7323
2023-07-04T01:00,18.7,94,866.9,Cherrapunji_Wet,25.2702,91.7323
2023-07-04T02:00,18.4,95,866.5,Cherrapunji_Wet,25.2702,91.7323
2023-07-04T03:00,18.3,95,866.4,Cherrapunji_Wet,25.2702,91.7323
2023-07-04T04:00,18.7,95,866.9,Cherrapunji_Wet,25.2702,91.7323
2023-07-04T05:00,20.1,95,867.6,Cherrapunji_Wet,25.2702,91.7323
2023-07-04T06:00,20.2,98,868,Cherrapunji_Wet,25.2702,91.7323
2023-07-04T07:00,20.4,98,868.7,Cherrapunji_Wet,25.2702,91.7323
2023-07-04T08:00,20.7,98,869.3,Cherrapunji_Wet,25.2702,91.7323
2023-07-04T09:00,20.6,99,869.4,Cherrapunji_Wet,25.2702,91.7323
2023-07-04T10:00,21.2,95,869.4,Cherrapunji_Wet,25.2702,91.7323
2023-07-04T11:00,23.5,85,869.1,Cherrapunji_Wet,25.2702,91.7323
2023-07-04T12:00,24.4,79,868.3,Cherrapunji_Wet,25.2702,91.7323
2023-07-04T13:00,24.6,79,867.4,Cherrapunji_Wet,25.2702,91.7323
2023-07-04T14:00,24.8,76,866.6,Cherrapunji_Wet,25.2702,91.7323
2023-07-04T15:00,24.1,78,865.8,Cherrapunji_Wet,25.2702,91.7323
2023-07-04T16:00,23.3,84,865.3,Cherrapunji_Wet,25.2702,91.7323
2023-07-04T17:00,22.2,85,866.8,Cherrapunji_Wet,25.2702,91.7323
2023-07-04T18:00,20.5,94,866.5,Cherrapunji_Wet,25.2702,91.7323
2023-07-04T19:00,20,94,866.9,Cherrapunji_Wet,25.2702,91.7323
2023-07-04T20:00,21,86,868.2,Cherrapunji_Wet,25.2702,91.7323
2023-07-04T21:00,19.4,94,868.1,Cherrapunji_Wet,25.2702,91.7323
2023-07-04T22:00,19.1,95,867.9,Cherrapunji_Wet,25.2702,91.7323
2023-07-04T23:00,18.9,95,866.9,Cherrapunji_Wet,25.2702,91.7323
2023-07-05T00:00,18.7,92,866.7,Cherrapunji_Wet,25.2702,91.7323
2023-07-05T01:00,19,87,866.2,Cherrapunji_Wet,25.2702,91.7323
2023-07-05T02:00,20,80,867.1,Cherrapunji_Wet,25.2702,91.7323
2023-07-05T03:00,19.3,85,866.4,Cherrapunji_Wet,25.2702,91.7323
2023-07-05T04:00,19.2,85,865.7,Cherrapunji_Wet,25.2702,91.7323
2023-07-05T05:00,20.2,86,866.9,Cherrapunji_Wet,25.2702,91.7323
2023-07-05T06:00,21.9,84,867.7,Cherrapunji_Wet,25.2702,91.7323
2023-07-05T07:00,23.2,79,868.8,Cherrapunji_Wet,25.2702,91.7323
2023-07-05T08:00,23.3,81,868.9,Cherrapunji_Wet,25.2702,91.7323
2023-07-05T09:00,22.8,84,869,Cherrapunji_Wet,25.2702,91.7323
2023-07-05T10:00,21.9,90,868.4,Cherrapunji_Wet,25.2702,91.7323
2023-07-05T11:00,21.3,89,867.6,Cherrapunji_Wet,25.2702,91.7323
2023-07-05T12:00,21.5,97,866.6,Cherrapunji_Wet,25.2702,91.7323
2023-07-05T13:00,21.8,98,866.4,Cherrapunji_Wet,25.2702,91.7323
2023-07-05T14:00,22.5,92,866.3,Cherrapunji_Wet,25.2702,91.7323
2023-07-05T15:00,23.3,83,865.4,Cherrapunji_Wet,25.2702,91.7323
2023-07-05T16:00,22.8,84,865.6,Cherrapunji_Wet,25.2702,91.7323
2023-07-05T17:00,21.7,92,866.5,Cherrapunji_Wet,25.2702,91.7323
2023-07-05T18:00,20.9,95,866.4,Cherrapunji_Wet,25.2702,91.7323
2023-07-05T19:00,20.3,100,867.1,Cherrapunji_Wet,25.2702,91.7323
2023-07-05T20:00,20.2,96,867.8,Cherrapunji_Wet,25.2702,91.7323
2023-07-05T21:00,20.1,97,868.4,Cherrapunji_Wet,25.2702,91.7323
2023-07-05T22:00,19.9,99,868.3,Cherrapunji_Wet,25.2702,91.7323
2023-07-05T23:00,19.6,100,868.5,Cherrapunji_Wet,25.2702,91.7323
2023-07-06T00:00,19.5,99,867.8,Cherrapunji_Wet,25.2702,91.7323
2023-07-06T01:00,19.5,100,867.3,Cherrapunji_Wet,25.2702,91.7323
2023-07-06T02:00,19.6,100,867.4,Cherrapunji_Wet,25.2702,91.7323
2023-07-06T03:00,19.5,100,867.4,Cherrapunji_Wet,25.2702,91.7323
2023-07-06T04:00,19.5,99,867.3,Cherrapunji_Wet,25.2702,91.7323
2023-07-06T05:00,19.6,100,868.1,Cherrapunji_Wet,25.2702,91.7323
2023-07-06T06:00,19.2,99,868.6,Cherrapunji_Wet,25.2702,91.7323
2023-07-06T07:00,18.9,97,868.8,Cherrapunji_Wet,25.2702,91.7323
2023-07-06T08:00,19,96,869.3,Cherrapunji_Wet,25.2702,91.7323
2023-07-06T09:00,19.1,95,869.4,Cherrapunji_Wet,25.2702,91.7323
2023-07-06T10:00,19.7,95,869.6,Cherrapunji_Wet,25.2702,91.7323
2023-07-06T11:00,20.2,92,869.2,Cherrapunji_Wet,25.2702,91.7323
2023-07-06T12:00,21.9,93,869,Cherrapunji_Wet,25.2702,91.7323
2023-07-06T13:00,21.5,95,868.7,Cherrapunji_Wet,25.2702,91.7323
2023-07-06T14:00,20.7,98,867.9,Cherrapunji_Wet,25.2702,91.7323
2023-07-06T15:00,20.3,95,867.1,Cherrapunji_Wet,25.2702,91.7323
2023-07-06T16:00,20.4,98,867.4,Cherrapunji_Wet,25.2702,91.7323
2023-07-06T17:00,21.3,92,868.4,Cherrapunji_Wet,25.2702,91.7323
2023-07-06T18:00,19.8,100,868.9,Cherrapunji_Wet,25.2702,91.7323
2023-07-06T19:00,20.1,96,869.7,Cherrapunji_Wet,25.2702,91.7323
2023-07-06T20:00,19.5,99,870.2,Cherrapunji_Wet,25.2702,91.7323
2023-07-06T21:00,19.4,99,870.6,Cherrapunji_Wet,25.2702,91.7323
2023-07-06T22:00,19.2,100,870.4,Cherrapunji_Wet,25.2702,91.7323
2023-07-06T23:00,19.4,100,870.1,Cherrapunji_Wet,25.2702,91.7323
2023-07-07T00:00,19.4,100,869.5,Cherrapunji_Wet,25.2702,91.7323
2023-07-07T01:00,19.3,99,869,Cherrapunji_Wet,25.2702,91.7323
2023-07-07T02:00,19.3,99,869,Cherrapunji_Wet,25.2702,91.7323
2023-07-07T03:00,19.3,99,868.9,Cherrapunji_Wet,25.2702,91.7323
2023-07-07T04:00,19.3,99,868.7,Cherrapunji_Wet,25.2702,91.7323
2023-07-07T05:00,19.5,100,869.3,Cherrapunji_Wet,25.2702,91.7323
2023-07-07T06:00,19.7,100,870.2,Cherrapunji_Wet,25.2702,91.7323
2023-07-07T07:00,19.6,100,870.7,Cherrapunji_Wet,25.2702,91.7323
2023-07-07T08:00,19.5,100,871,Cherrapunji_Wet,25.2702,91.7323
2023-07-07T09:00,19.6,100,871.3,Cherrapunji_Wet,25.2702,91.7323
2023-07-07T10:00,19.6,94,870.8,Cherrapunji_Wet,25.2702,91.7323
2023-07-07T11:00,20.6,95,870.4,Cherrapunji_Wet,25.2702,91.7323
2023-07-07T12:00,21.3,99,870.1,Cherrapunji_Wet,25.2702,91.7323
2023-07-07T13:00,21.9,91,869.5,Cherrapunji_Wet,25.2702,91.7323
2023-07-07T14:00,21.7,90,868.6,Cherrapunji_Wet,25.2702,91.7323
2023-07-07T15:00,21.1,92,868.1,Cherrapunji_Wet,25.2702,91.7323
2023-07-07T16:00,21,93,868.1,Cherrapunji_Wet,25.2702,91.7323
2023-07-07T17:00,20.8,94,869.6,Cherrapunji_Wet,25.2702,91.7323
2023-07-07T18:00,20.5,97,870.2,Cherrapunji_Wet,25.2702,91.7323
2023-07-07T19:00,20.5,97,870.6,Cherrapunji_Wet,25.2702,91.7323
2023-07-07T20:00,19.7,100,871.1,Cherrapunji_Wet,25.2702,91.7323
2023-07-07T21:00,19.8,100,871.8,Cherrapunji_Wet,25.2702,91.7323
2023-07-07T22:00,19.7,100,871.6,Cherrapunji_Wet,25.2702,91.7323
2023-07-07T23:00,19.8,100,871.5,Cherrapunji_Wet,25.2702,91.7323
2023-07-08T00:00,19.7,100,870.8,Cherrapunji_Wet,25.2702,91.7323
2023-07-08T01:00,19.6,99,870,Cherrapunji_Wet,25.2702,91.7323
2023-07-08T02:00,19.6,99,869.9,Cherrapunji_Wet,25.2702,91.7323
2023-07-08T03:00,19.5,100,869.7,Cherrapunji_Wet,25.2702,91.7323
2023-07-08T04:00,19.4,100,869.5,Cherrapunji_Wet,25.2702,91.7323
2023-07-08T05:00,19.6,99,870.6,Cherrapunji_Wet,25.2702,91.7323
2023-07-08T06:00,19.6,99,871.1,Cherrapunji_Wet,25.2702,91.7323
2023-07-08T07:00,19.3,99,871.7,Cherrapunji_Wet,25.2702,91.7323
2023-07-08T08:00,19.8,95,871.7,Cherrapunji_Wet,25.2702,91.7323
2023-07-08T09:00,19.8,95,871.6,Cherrapunji_Wet,25.2702,91.7323
2023-07-08T10:00,20.3,91,871.4,Cherrapunji_Wet,25.2702,91.7323
2023-07-08T11:00,20.9,94,870.9,Cherrapunji_Wet,25.2702,91.7323
2023-07-08T12:00,22.5,91,870.6,Cherrapunji_Wet,25.2702,91.7323
2023-07-08T13:00,22.4,90,869.5,Cherrapunji_Wet,25.2702,91.7323
2023-07-08T14:00,21.4,100,868.7,Cherrapunji_Wet,25.2702,91.7323
2023-07-08T15:00,22.3,91,868.6,Cherrapunji_Wet,25.2702,91.7323
2023-07-08T16:00,22.5,86,868.8,Cherrapunji_Wet,25.2702,91.7323
2023-07-08T17:00,21.3,89,869.8,Cherrapunji_Wet,25.2702,91.7323
2023-07-08T18:00,19.8,98,869.8,Cherrapunji_Wet,25.2702,91.7323
2023-07-08T19:00,19.7,97,870.2,Cherrapunji_Wet,25.2702,91.7323
2023-07-08T20:00,19.8,98,871,Cherrapunji_Wet,25.2702,91.7323
2023-07-08T21:00,19.7,98,871.3,Cherrapunji_Wet,25.2702,91.7323
2023-07-08T22:00,19.8,98,871.5,Cherrapunji_Wet,25.2702,91.7323
2023-07-08T23:00,20,95,871.1,Cherrapunji_Wet,25.2702,91.7323
2023-07-09T00:00,19.5,98,870.3,Cherrapunji_Wet,25.2702,91.7323
2023-07-09T01:00,19.4,99,869.5,Cherrapunji_Wet,25.2702,91.7323
2023-07-09T02:00,19.3,99,869.3,Cherrapunji_Wet,25.2702,91.7323
2023-07-09T03:00,19.2,99,869.4,Cherrapunji_Wet,25.2702,91.7323
2023-07-09T04:00,19.3,99,869.4,Cherrapunji_Wet,25.2702,91.7323
2023-07-09T05:00,19.7,96,869.8,Cherrapunji_Wet,25.2702,91.7323
2023-07-09T06:00,20,95,870.1,Cherrapunji_Wet,25.2702,91.7323
2023-07-09T07:00,21.2,89,870.8,Cherrapunji_Wet,25.2702,91.7323
2023-07-09T08:00,22.5,84,871.1,Cherrapunji_Wet,25.2702,91.7323
2023-07-09T09:00,23,82,871.3,Cherrapunji_Wet,25.2702,91.7323
2023-07-09T10:00,23.1,83,871.1,Cherrapunji_Wet,25.2702,91.7323
2023-07-09T11:00,22.6,87,870.4,Cherrapunji_Wet,25.2702,91.7323
2023-07-09T12:00,22.4,86,869.4,Cherrapunji_Wet,25.2702,91.7323
2023-07-09T13:00,22.7,86,868.4,Cherrapunji_Wet,25.2702,91.7323
2023-07-09T14:00,23.5,83,867.9,Cherrapunji_Wet,25.2702,91.7323
2023-07-09T15:00,23.5,83,867.8,Cherrapunji_Wet,25.2702,91.7323
2023-07-09T16:00,22.3,88,867.6,Cherrapunji_Wet,25.2702,91.7323
2023-07-09T17:00,21.9,89,869,Cherrapunji_Wet,25.2702,91.7323
2023-07-09T18:00,20.8,96,868.6,Cherrapunji_Wet,25.2702,91.7323
2023-07-09T19:00,20.3,98,869,Cherrapunji_Wet,25.2702,91.7323
2023-07-09T20:00,20.3,99,869.8,Cherrapunji_Wet,25.2702,91.7323
2023-07-09T21:00,20,100,870,Cherrapunji_Wet,25.2702,91.7323
2023-07-09T22:00,20,99,870,Cherrapunji_Wet,25.2702,91.7323
2023-07-09T23:00,20.3,98,869.5,Cherrapunji_Wet,25.2702,91.7323
2023-07-10T00:00,20.2,98,869,Cherrapunji_Wet,25.2702,91.7323
2023-07-10T01:00,20.1,98,868.6,Cherrapunji_Wet,25.2702,91.7323
2023-07-10T02:00,20,99,868.4,Cherrapunji_Wet,25.2702,91.7323
2023-07-10T03:00,20.2,98,868.3,Cherrapunji_Wet,25.2702,91.7323
2023-07-10T04:00,20.1,99,868.2,Cherrapunji_Wet,25.2702,91.7323
2023-07-10T05:00,20.5,98,868.8,Cherrapunji_Wet,25.2702,91.7323
2023-07-10T06:00,20.7,95,869.3,Cherrapunji_Wet,25.2702,91.7323
2023-07-10T07:00,21.3,95,870,Cherrapunji_Wet,25.2702,91.7323
2023-07-10T08:00,21.3,95,870.3,Cherrapunji_Wet,25.2702,91.7323
2023-07-10T09:00,21.3,95,869.9,Cherrapunji_Wet,25.2702,91.7323
2023-07-10T10:00,22.3,93,870,Cherrapunji_Wet,25.2702,91.7323
2023-07-10T11:00,20.7,100,869,Cherrapunji_Wet,25.2702,91.7323
2023-07-10T12:00,21.7,95,868.7,Cherrapunji_Wet,25.2702,91.7323
2023-07-10T13:00,22.6,89,868.5,Cherrapunji_Wet,25.2702,91.7323
2023-07-10T14:00,22.9,86,867.7,Cherrapunji_Wet,25.2702,91.7323
2023-07-10T15:00,22.5,88,867.4,Cherrapunji_Wet,25.2702,91.7323
2023-07-10T16:00,21.1,94,866.7,Cherrapunji_Wet,25.2702,91.7323
2023-07-10T17:00,20.9,94,868.1,Cherrapunji_Wet,25.2702,91.7323
2023-07-10T18:00,20,98,868.3,Cherrapunji_Wet,25.2702,91.7323
2023-07-10T19:00,20,99,868.8,Cherrapunji_Wet,25.2702,91.7323
2023-07-10T20:00,19.9,99,869.5,Cherrapunji_Wet,25.2702,91.7323
2023-07-10T21:00,19.9,98,870.2,Cherrapunji_Wet,25.2702,91.7323
2023-07-10T22:00,19.7,99,869.8,Cherrapunji_Wet,25.2702,91.7323
2023-07-10T23:00,19.7,100,869.5,Cherrapunji_Wet,25.2702,91.7323
2023-07-11T00:00,19.6,100,869,Cherrapunji_Wet,25.2702,91.7323
2023-07-11T01:00,19.8,99,868.7,Cherrapunji_Wet,25.2702,91.7323
2023-07-11T02:00,19.8,100,868.5,Cherrapunji_Wet,25.2702,91.7323
2023-07-11T03:00,19.8,99,868.2,Cherrapunji_Wet,25.2702,91.7323
2023-07-11T04:00,19.7,100,868.3,Cherrapunji_Wet,25.2702,91.7323
2023-07-11T05:00,19.9,99,868.3,Cherrapunji_Wet,25.2702,91.7323
2023-07-11T06:00,20.2,99,868.6,Cherrapunji_Wet,25.2702,91.7323
2023-07-11T07:00,20.1,100,868.8,Cherrapunji_Wet,25.2702,91.7323
2023-07-11T08:00,20,100,869.1,Cherrapunji_Wet,25.2702,91.7323
2023-07-11T09:00,19.6,97,869.3,Cherrapunji_Wet,25.2702,91.7323
2023-07-11T10:00,20.4,94,869.3,Cherrapunji_Wet,25.2702,91.7323
2023-07-11T11:00,21.3,92,869.5,Cherrapunji_Wet,25.2702,91.7323
2023-07-11T12:00,21,92,868.1,Cherrapunji_Wet,25.2702,91.7323
2023-07-11T13:00,21.9,89,868,Cherrapunji_Wet,25.2702,91.7323
2023-07-11T14:00,22,88,867.4,Cherrapunji_Wet,25.2702,91.7323
2023-07-11T15:00,22,89,867,Cherrapunji_Wet,25.2702,91.7323
2023-07-11T16:00,21.3,92,866.5,Cherrapunji_Wet,25.2702,91.7323
2023-07-11T17:00,20.5,93,867.7,Cherrapunji_Wet,25.2702,91.7323
2023-07-11T18:00,19.7,99,867.9,Cherrapunji_Wet,25.2702,91.7323
2023-07-11T19:00,19.9,100,868.4,Cherrapunji_Wet,25.2702,91.7323
2023-07-11T20:00,19.8,99,869.3,Cherrapunji_Wet,25.2702,91.7323
2023-07-11T21:00,19.7,99,869.9,Cherrapunji_Wet,25.2702,91.7323
2023-07-11T22:00,19.6,100,869.7,Cherrapunji_Wet,25.2702,91.7323
2023-07-11T23:00,19.6,100,869.2,Cherrapunji_Wet,25.2702,91.7323
2023-07-12T00:00,19.5,99,868.9,Cherrapunji_Wet,25.2702,91.7323
2023-07-12T01:00,19.4,100,868.4,Cherrapunji_Wet,25.2702,91.7323
2023-07-12T02:00,19.3,99,868.3,Cherrapunji_Wet,25.2702,91.7323
2023-07-12T03:00,19.2,100,868.2,Cherrapunji_Wet,25.2702,91.7323
2023-07-12T04:00,19,100,868,Cherrapunji_Wet,25.2702,91.7323
2023-07-12T05:00,19.4,100,868.3,Cherrapunji_Wet,25.2702,91.7323
2023-07-12T06:00,19.1,100,868.9,Cherrapunji_Wet,25.2702,91.7323
2023-07-12T07:00,19,98,869.3,Cherrapunji_Wet,25.2702,91.7323
2023-07-12T08:00,19.2,98,870,Cherrapunji_Wet,25.2702,91.7323
2023-07-12T09:00,19.9,92,870.3,Cherrapunji_Wet,25.2702,91.7323
2023-07-12T10:00,20.7,89,870.1,Cherrapunji_Wet,25.2702,91.7323
2023-07-12T11:00,21.4,87,869.6,Cherrapunji_Wet,25.2702,91.7323
2023-07-12T12:00,21.7,86,868.8,Cherrapunji_Wet,25.2702,91.7323
2023-07-12T13:00,21.5,87,868.3,Cherrapunji_Wet,25.2702,91.7323
2023-07-12T14:00,21.8,86,867.6,Cherrapunji_Wet,25.2702,91.7323
2023-07-12T15:00,22.4,84,867.3,Cherrapunji_Wet,25.2702,91.7323
2023-07-12T16:00,21.1,92,867.1,Cherrapunji_Wet,25.2702,91.7323
2023-07-12T17:00,20.5,97,868.1,Cherrapunji_Wet,25.2702,91.7323
2023-07-12T18:00,19.9,100,868.6,Cherrapunji_Wet,25.2702,91.7323
2023-07-12T19:00,20,99,869,Cherrapunji_Wet,25.2702,91.7323
2023-07-12T20:00,20,99,869.9,Cherrapunji_Wet,25.2702,91.7323
2023-07-12T21:00,19.7,100,870.2,Cherrapunji_Wet,25.2702,91.7323
2023-07-12T22:00,19.7,99,870,Cherrapunji_Wet,25.2702,91.7323
2023-07-12T23:00,19.7,99,869.6,Cherrapunji_Wet,25.2702,91.7323
2023-07-13T00:00,19.6,99,868.8,Cherrapunji_Wet,25.2702,91.7323
2023-07-13T01:00,19.6,100,868.5,Cherrapunji_Wet,25.2702,91.7323
2023-07-13T02:00,19.5,99,868,Cherrapunji_Wet,25.2702,91.7323
2023-07-13T03:00,19.4,100,867.9,Cherrapunji_Wet,25.2702,91.7323
2023-07-13T04:00,19.4,100,868,Cherrapunji_Wet,25.2702,91.7323
2023-07-13T05:00,19.2,100,868.7,Cherrapunji_Wet,25.2702,91.7323
2023-07-13T06:00,19.4,99,869.1,Cherrapunji_Wet,25.2702,91.7323
2023-07-13T07:00,19.6,99,869.5,Cherrapunji_Wet,25.2702,91.7323
2023-07-13T08:00,19,99,869.5,Cherrapunji_Wet,25.2702,91.7323
2023-07-13T09:00,19.1,99,869.7,Cherrapunji_Wet,25.2702,91.7323
2023-07-13T10:00,19.6,95,869.9,Cherrapunji_Wet,25.2702,91.7323
2023-07-13T11:00,20.2,93,869.3,Cherrapunji_Wet,25.2702,91.7323
2023-07-13T12:00,20.8,89,868.9,Cherrapunji_Wet,25.2702,91.7323
2023-07-13T13:00,21.2,89,868.5,Cherrapunji_Wet,25.2702,91.7323
2023-07-13T14:00,20.7,93,867.8,Cherrapunji_Wet,25.2702,91.7323
2023-07-13T15:00,20.1,100,867.4,Cherrapunji_Wet,25.2702,91.7323
2023-07-13T16:00,20.4,93,867.6,Cherrapunji_Wet,25.2702,91.7323
2023-07-13T17:00,20.2,97,868.3,Cherrapunji_Wet,25.2702,91.7323
2023-07-13T18:00,20.2,98,868.5,Cherrapunji_Wet,25.2702,91.7323
2023-07-13T19:00,20,98,869.2,Cherrapunji_Wet,25.2702,91.7323
2023-07-13T20:00,19.9,98,869.9,Cherrapunji_Wet,25.2702,91.7323
2023-07-13T21:00,19.9,98,870,Cherrapunji_Wet,25.2702,91.7323
2023-07-13T22:00,19.6,99,869.9,Cherrapunji_Wet,25.2702,91.7323
2023-07-13T23:00,19.6,99,869.2,Cherrapunji_Wet,25.2702,91.7323
2023-07-14T00:00,19.6,100,868.7,Cherrapunji_Wet,25.2702,91.7323
2023-07-14T01:00,19.6,100,868.1,Cherrapunji_Wet,25.2702,91.7323
2023-07-14T02:00,19.5,99,867.8,Cherrapunji_Wet,25.2702,91.7323
2023-07-14T03:00,19.5,100,867.9,Cherrapunji_Wet,25.2702,91.7323
2023-07-14T04:00,19.4,100,868.1,Cherrapunji_Wet,25.2702,91.7323
2023-07-14T05:00,19.2,99,868.5,Cherrapunji_Wet,25.2702,91.7323
2023-07-14T06:00,19.2,99,869,Cherrapunji_Wet,25.2702,91.7323
2023-07-14T07:00,19.5,97,869.4,Cherrapunji_Wet,25.2702,91.7323
2023-07-14T08:00,19.6,95,870.1,Cherrapunji_Wet,25.2702,91.7323
2023-07-14T09:00,18.9,98,869.9,Cherrapunji_Wet,25.2702,91.7323
2023-07-14T10:00,19.4,94,869.8,Cherrapunji_Wet,25.2702,91.7323
2023-07-14T11:00,20.5,91,869.6,Cherrapunji_Wet,25.2702,91.7323
2023-07-14T12:00,22,85,869.5,Cherrapunji_Wet,25.2702,91.7323
2023-07-14T13:00,22.7,82,868.6,Cherrapunji_Wet,25.2702,91.7323
2023-07-14T14:00,22.8,84,867.8,Cherrapunji_Wet,25.2702,91.7323
2023-07-14T15:00,21.8,89,867.3,Cherrapunji_Wet,25.2702,91.7323
2023-07-14T16:00,21,91,867.4,Cherrapunji_Wet,25.2702,91.7323
2023-07-14T17:00,20.7,94,868.1,Cherrapunji_Wet,25.2702,91.7323
2023-07-14T18:00,19.8,99,867.9,Cherrapunji_Wet,25.2702,91.7323
2023-07-14T19:00,19.4,98,868.7,Cherrapunji_Wet,25.2702,91.7323
2023-07-14T20:00,20.2,97,870.1,Cherrapunji_Wet,25.2702,91.7323
2023-07-14T21:00,20,98,870.3,Cherrapunji_Wet,25.2702,91.7323
2023-07-14T22:00,19.9,99,870.3,Cherrapunji_Wet,25.2702,91.7323
2023-07-14T23:00,19.7,99,869.8,Cherrapunji_Wet,25.2702,91.7323
2023-07-15T00:00,19.4,99,869.1,Cherrapunji_Wet,25.2702,91.7323
2023-07-15T01:00,19.3,100,868.6,Cherrapunji_Wet,25.2702,91.7323
2023-07-15T02:00,19.3,100,868.3,Cherrapunji_Wet,25.2702,91.7323
2023-07-15T03:00,19.3,100,868,Cherrapunji_Wet,25.2702,91.7323
2023-07-15T04:00,19.4,100,868,Cherrapunji_Wet,25.2702,91.7323
2023-07-15T05:00,19.4,100,868,Cherrapunji_Wet,25.2702,91.7323
2023-07-15T06:00,19.4,100,868.6,Cherrapunji_Wet,25.2702,91.7323
2023-07-15T07:00,19.4,95,869,Cherrapunji_Wet,25.2702,91.7323
2023-07-15T08:00,19.4,95,869.5,Cherrapunji_Wet,25.2702,91.7323
2023-07-15T09:00,19.6,94,869.8,Cherrapunji_Wet,25.2702,91.7323
2023-07-15T10:00,20.5,89,869.9,Cherrapunji_Wet,25.2702,91.7323
2023-07-15T11:00,22.3,89,869.8,Cherrapunji_Wet,25.2702,91.7323
2023-07-15T12:00,23,86,868.8,Cherrapunji_Wet,25.2702,91.7323
2023-07-15T13:00,23.1,88,868.1,Cherrapunji_Wet,25.2702,91.7323
2023-07-15T14:00,23.1,86,866.9,Cherrapunji_Wet,25.2702,91.7323
2023-07-15T15:00,23.2,83,866.9,Cherrapunji_Wet,25.2702,91.7323
2023-07-15T16:00,22.6,83,866.8,Cherrapunji_Wet,25.2702,91.7323
2023-07-15T17:00,22,85,867.6,Cherrapunji_Wet,25.2702,91.7323
2023-07-15T18:00,20.4,97,867.8,Cherrapunji_Wet,25.2702,91.7323
2023-07-15T19:00,19.8,99,868.4,Cherrapunji_Wet,25.2702,91.7323
2023-07-15T20:00,19.8,99,868.9,Cherrapunji_Wet,25.2702,91.7323
2023-07-15T21:00,19.9,99,869.4,Cherrapunji_Wet,25.2702,91.7323
2023-07-15T22:00,19.9,97,869.7,Cherrapunji_Wet,25.2702,91.7323
2023-07-15T23:00,19.6,100,869.2,Cherrapunji_Wet,25.2702,91.7323
2023-07-16T00:00,19.5,100,868.4,Cherrapunji_Wet,25.2702,91.7323
2023-07-16T01:00,19.3,99,868,Cherrapunji_Wet,25.2702,91.7323
2023-07-16T02:00,19.1,100,867.7,Cherrapunji_Wet,25.2702,91.7323
2023-07-16T03:00,19,99,867.4,Cherrapunji_Wet,25.2702,91.7323
2023-07-16T04:00,18.8,99,867.3,Cherrapunji_Wet,25.2702,91.7323
2023-07-16T05:00,19.1,98,867.9,Cherrapunji_Wet,25.2702,91.7323
2023-07-16T06:00,19.1,98,868.3,Cherrapunji_Wet,25.2702,91.7323
2023-07-16T07:00,19.4,94,868.8,Cherrapunji_Wet,25.2702,91.7323
2023-07-16T08:00,20.3,88,869.5,Cherrapunji_Wet,25.2702,91.7323
2023-07-16T09:00,21.4,84,869.9,Cherrapunji_Wet,25.2702,91.7323
2023-07-16T10:00,22.7,78,869.8,Cherrapunji_Wet,25.2702,91.7323
2023-07-16T11:00,23.3,77,869.3,Cherrapunji_Wet,25.2702,91.7323
2023-07-16T12:00,23.4,77,868.3,Cherrapunji_Wet,25.2702,91.7323
2023-07-16T13:00,23.4,77,868,Cherrapunji_Wet,25.2702,91.7323
2023-07-16T14:00,23,77,867.3,Cherrapunji_Wet,25.2702,91.7323
2023-07-16T15:00,22.6,80,866.7,Cherrapunji_Wet,25.2702,91.7323
2023-07-16T16:00,22.2,81,866.6,Cherrapunji_Wet,25.2702,91.7323
2023-07-16T17:00,21.1,90,867.2,Cherrapunji_Wet,25.2702,91.7323
2023-07-16T18:00,20.2,95,867.2,Cherrapunji_Wet,25.2702,91.7323
2023-07-16T19:00,19.6,98,867.7,Cherrapunji_Wet,25.2702,91.7323
2023-07-16T20:00,19.6,97,868,Cherrapunji_Wet,25.2702,91.7323
2023-07-16T21:00,19.8,96,868.5,Cherrapunji_Wet,25.2702,91.7323
2023-07-16T22:00,19.8,95,868.9,Cherrapunji_Wet,25.2702,91.7323
2023-07-16T23:00,19.9,96,868.2,Cherrapunji_Wet,25.2702,91.7323
2023-07-17T00:00,19.9,96,867.7,Cherrapunji_Wet,25.2702,91.7323
2023-07-17T01:00,19.7,96,867.1,Cherrapunji_Wet,25.2702,91.7323
2023-07-17T02:00,19.5,98,866.9,Cherrapunji_Wet,25.2702,91.7323
2023-07-17T03:00,19.5,97,866.4,Cherrapunji_Wet,25.2702,91.7323
2023-07-17T04:00,19.3,99,866.4,Cherrapunji_Wet,25.2702,91.7323
2023-07-17T05:00,19.1,98,867.1,Cherrapunji_Wet,25.2702,91.7323
2023-07-17T06:00,19.6,97,867.7,Cherrapunji_Wet,25.2702,91.7323
2023-07-17T07:00,19.8,96,867.9,Cherrapunji_Wet,25.2702,91.7323
2023-07-17T08:00,19.9,96,868.2,Cherrapunji_Wet,25.2702,91.7323
2023-07-17T09:00,20.3,95,868.4,Cherrapunji_Wet,25.2702,91.7323
2023-07-17T10:00,21.3,91,868.4,Cherrapunji_Wet,25.2702,91.7323
2023-07-17T11:00,22.8,84,868.2,Cherrapunji_Wet,25.2702,91.7323
2023-07-17T12:00,23.7,78,867.8,Cherrapunji_Wet,25.2702,91.7323
2023-07-17T13:00,24.2,76,867.2,Cherrapunji_Wet,25.2702,91.7323
2023-07-17T14:00,23.6,79,866.4,Cherrapunji_Wet,25.2702,91.7323
2023-07-17T15:00,23,82,865.8,Cherrapunji_Wet,25.2702,91.7323
2023-07-17T16:00,22.8,83,865.6,Cherrapunji_Wet,25.2702,91.7323
2023-07-17T17:00,22.2,88,866,Cherrapunji_Wet,25.2702,91.7323
2023-07-17T18:00,20.8,95,865.7,Cherrapunji_Wet,25.2702,91.7323
2023-07-17T19:00,21,93,866.4,Cherrapunji_Wet,25.2702,91.7323
2023-07-17T20:00,20.6,91,866.9,Cherrapunji_Wet,25.2702,91.7323
2023-07-17T21:00,20.7,91,867.5,Cherrapunji_Wet,25.2702,91.7323
2023-07-17T22:00,21,89,867.8,Cherrapunji_Wet,25.2702,91.7323
2023-07-17T23:00,21.7,81,868,Cherrapunji_Wet,25.2702,91.7323
2023-07-18T00:00,20.4,90,866.9,Cherrapunji_Wet,25.2702,91.7323
2023-07-18T01:00,20.6,88,866.6,Cherrapunji_Wet,25.2702,91.7323
2023-07-18T02:00,19.1,94,866.5,Cherrapunji_Wet,25.2702,91.7323
2023-07-18T03:00,20.2,89,866,Cherrapunji_Wet,25.2702,91.7323
2023-07-18T04:00,19.6,90,866.1,Cherrapunji_Wet,25.2702,91.7323
2023-07-18T05:00,20.4,91,867,Cherrapunji_Wet,25.2702,91.7323
2023-07-18T06:00,21.8,88,868.3,Cherrapunji_Wet,25.2702,91.7323
2023-07-18T07:00,22.4,86,868.6,Cherrapunji_Wet,25.2702,91.7323
2023-07-18T08:00,24.3,76,869.2,Cherrapunji_Wet,25.2702,91.7323
2023-07-18T09:00,25.2,74,869.5,Cherrapunji_Wet,25.2702,91.7323
2023-07-18T10:00,25.8,73,869.4,Cherrapunji_Wet,25.2702,91.7323
2023-07-18T11:00,26.2,75,869,Cherrapunji_Wet,25.2702,91.7323
2023-07-18T12:00,25.4,74,867.9,Cherrapunji_Wet,25.2702,91.7323
2023-07-18T13:00,25.9,74,866.9,Cherrapunji_Wet,25.2702,91.7323
2023-07-18T14:00,26.1,73,866.1,Cherrapunji_Wet,25.2702,91.7323
2023-07-18T15:00,25.5,76,865.5,Cherrapunji_Wet,25.2702,91.7323
2023-07-18T16:00,24.2,85,865.2,Cherrapunji_Wet,25.2702,91.7323
2023-07-18T17:00,23.7,83,865.8,Cherrapunji_Wet,25.2702,91.7323
2023-07-18T18:00,22.8,88,865.9,Cherrapunji_Wet,25.2702,91.7323
2023-07-18T19:00,21.3,94,866.1,Cherrapunji_Wet,25.2702,91.7323
2023-07-18T20:00,22,91,867,Cherrapunji_Wet,25.2702,91.7323
2023-07-18T21:00,20.2,95,866.8,Cherrapunji_Wet,25.2702,91.7323
2023-07-18T22:00,20,91,867,Cherrapunji_Wet,25.2702,91.7323
2023-07-18T23:00,20,88,867,Cherrapunji_Wet,25.2702,91.7323
2023-07-19T00:00,20.2,86,866.7,Cherrapunji_Wet,25.2702,91.7323
2023-07-19T01:00,19.7,88,866,Cherrapunji_Wet,25.2702,91.7323
2023-07-19T02:00,19.3,92,865.9,Cherrapunji_Wet,25.2702,91.7323
2023-07-19T03:00,19.8,90,865.4,Cherrapunji_Wet,25.2702,91.7323
2023-07-19T04:00,19.5,91,865.1,Cherrapunji_Wet,25.2702,91.7323
2023-07-19T05:00,20.8,86,865.8,Cherrapunji_Wet,25.2702,91.7323
2023-07-19T06:00,22.7,81,867.8,Cherrapunji_Wet,25.2702,91.7323
2023-07-19T07:00,23.7,80,868.6,Cherrapunji_Wet,25.2702,91.7323
2023-07-19T08:00,24.5,78,868.8,Cherrapunji_Wet,25.2702,91.7323
2023-07-19T09:00,25.3,75,868.9,Cherrapunji_Wet,25.2702,91.7323
2023-07-19T10:00,26.2,71,868.4,Cherrapunji_Wet,25.2702,91.7323
2023-07-19T11:00,26.3,72,868.2,Cherrapunji_Wet,25.2702,91.7323
2023-07-19T12:00,26.2,70,867.2,Cherrapunji_Wet,25.2702,91.7323
2023-07-19T13:00,26,74,866.4,Cherrapunji_Wet,25.2702,91.7323
2023-07-19T14:00,26.2,74,865.5,Cherrapunji_Wet,25.2702,91.7323
2023-07-19T15:00,25.9,77,865,Cherrapunji_Wet,25.2702,91.7323
2023-07-19T16:00,24.9,82,865.1,Cherrapunji_Wet,25.2702,91.7323
2023-07-19T17:00,23.1,90,865.4,Cherrapunji_Wet,25.2702,91.7323
2023-07-19T18:00,22,95,865.6,Cherrapunji_Wet,25.2702,91.7323
2023-07-19T19:00,21.5,98,866,Cherrapunji_Wet,25.2702,91.7323
2023-07-19T20:00,21.1,99,866.9,Cherrapunji_Wet,25.2702,91.7323
2023-07-19T21:00,20.8,99,867.4,Cherrapunji_Wet,25.2702,91.7323
2023-07-19T22:00,20.4,98,867.2,Cherrapunji_Wet,25.2702,91.7323
2023-07-19T23:00,19.9,99,866.8,Cherrapunji_Wet,25.2702,91.7323
2023-07-20T00:00,19.6,99,866,Cherrapunji_Wet,25.2702,91.7323
2023-07-20T01:00,19.1,99,865.2,Cherrapunji_Wet,25.2702,91.7323
2023-07-20T02:00,18.9,97,865,Cherrapunji_Wet,25.2702,91.7323
2023-07-20T03:00,19.3,91,864.9,Cherrapunji_Wet,25.2702,91.7323
2023-07-20T04:00,19.6,90,865.6,Cherrapunji_Wet,25.2702,91.7323
2023-07-20T05:00,20.3,89,866.5,Cherrapunji_Wet,25.2702,91.7323
2023-07-20T06:00,21.3,95,867.2,Cherrapunji_Wet,25.2702,91.7323
2023-07-20T07:00,22.9,87,867.8,Cherrapunji_Wet,25.2702,91.7323
2023-07-20T08:00,24,82,868.5,Cherrapunji_Wet,25.2702,91.7323
2023-07-20T09:00,24.7,79,868.9,Cherrapunji_Wet,25.2702,91.7323
2023-07-20T10:00,25.6,80,868.6,Cherrapunji_Wet,25.2702,91.7323
2023-07-20T11:00,25.9,79,868,Cherrapunji_Wet,25.2702,91.7323
2023-07-20T12:00,25.5,83,867.1,Cherrapunji_Wet,25.2702,91.7323
2023-07-20T13:00,26.2,78,866.4,Cherrapunji_Wet,25.2702,91.7323
2023-07-20T14:00,24.6,78,865.9,Cherrapunji_Wet,25.2702,91.7323
2023-07-20T15:00,24.3,83,865.5,Cherrapunji_Wet,25.2702,91.7323
2023-07-20T16:00,23.3,86,865.2,Cherrapunji_Wet,25.2702,91.7323
2023-07-20T17:00,22.6,86,865.6,Cherrapunji_Wet,25.2702,91.7323
2023-07-20T18:00,21.9,93,866.2,Cherrapunji_Wet,25.2702,91.7323
2023-07-20T19:00,21.5,91,866.8,Cherrapunji_Wet,25.2702,91.7323
2023-07-20T20:00,21,93,867.6,Cherrapunji_Wet,25.2702,91.7323
2023-07-20T21:00,22,86,868.8,Cherrapunji_Wet,25.2702,91.7323
2023-07-20T22:00,20.6,92,868.4,Cherrapunji_Wet,25.2702,91.7323
2023-07-20T23:00,20.7,91,867.9,Cherrapunji_Wet,25.2702,91.7323
2023-07-21T00:00,20.1,95,867.3,Cherrapunji_Wet,25.2702,91.7323
2023-07-21T01:00,19.9,95,866.8,Cherrapunji_Wet,25.2702,91.7323
2023-07-21T02:00,20,93,866.6,Cherrapunji_Wet,25.2702,91.7323
2023-07-21T03:00,19.3,95,866.7,Cherrapunji_Wet,25.2702,91.7323
2023-07-21T04:00,20.1,92,867.3,Cherrapunji_Wet,25.2702,91.7323
2023-07-21T05:00,20.1,95,868,Cherrapunji_Wet,25.2702,91.7323
2023-07-21T06:00,21.5,89,869.4,Cherrapunji_Wet,25.2702,91.7323
2023-07-21T07:00,21.8,86,870.2,Cherrapunji_Wet,25.2702,91.7323
2023-07-21T08:00,22.4,89,870.7,Cherrapunji_Wet,25.2702,91.7323
2023-07-21T09:00,23.5,85,871.2,Cherrapunji_Wet,25.2702,91.7323
2023-07-21T10:00,22.9,89,870.7,Cherrapunji_Wet,25.2702,91.7323
2023-07-21T11:00,24.1,80,870.4,Cherrapunji_Wet,25.2702,91.7323
2023-07-21T12:00,24.6,79,870,Cherrapunji_Wet,25.2702,91.7323
2023-07-21T13:00,24.1,81,869.1,Cherrapunji_Wet,25.2702,91.7323
2023-07-21T14:00,23.2,83,868.5,Cherrapunji_Wet,25.2702,91.7323
2023-07-21T15:00,22.6,87,868,Cherrapunji_Wet,25.2702,91.7323
2023-07-21T16:00,22.8,85,868.4,Cherrapunji_Wet,25.2702,91.7323
2023-07-21T17:00,22.4,85,869.5,Cherrapunji_Wet,25.2702,91.7323
2023-07-21T18:00,20.8,94,869.9,Cherrapunji_Wet,25.2702,91.7323
2023-07-21T19:00,20.7,93,870.3,Cherrapunji_Wet,25.2702,91.7323
2023-07-21T20:00,20.8,93,871.7,Cherrapunji_Wet,25.2702,91.7323
2023-07-21T21:00,21.1,92,871.8,Cherrapunji_Wet,25.2702,91.7323
2023-07-21T22:00,20,99,872.2,Cherrapunji_Wet,25.2702,91.7323
2023-07-21T23:00,20,97,871.9,Cherrapunji_Wet,25.2702,91.7323
2023-07-22T00:00,20.4,96,871.5,Cherrapunji_Wet,25.2702,91.7323
2023-07-22T01:00,20.4,96,870.7,Cherrapunji_Wet,25.2702,91.7323
2023-07-22T02:00,20.4,95,870.4,Cherrapunji_Wet,25.2702,91.7323
2023-07-22T03:00,20.3,95,870.3,Cherrapunji_Wet,25.2702,91.7323
2023-07-22T04:00,20.1,95,870.5,Cherrapunji_Wet,25.2702,91.7323
2023-07-22T05:00,19.8,95,871.2,Cherrapunji_Wet,25.2702,91.7323
2023-07-22T06:00,21.3,91,872.6,Cherrapunji_Wet,25.2702,91.7323
2023-07-22T07:00,21.8,92,873.4,Cherrapunji_Wet,25.2702,91.7323
2023-07-22T08:00,22.8,87,873.5,Cherrapunji_Wet,25.2702,91.7323
2023-07-22T09:00,24.3,77,873.8,Cherrapunji_Wet,25.2702,91.7323
2023-07-22T10:00,24.1,81,874,Cherrapunji_Wet,25.2702,91.7323
2023-07-22T11:00,24.1,82,873.5,Cherrapunji_Wet,25.2702,91.7323
2023-07-22T12:00,24.7,77,872.6,Cherrapunji_Wet,25.2702,91.7323
2023-07-22T13:00,24,79,871.8,Cherrapunji_Wet,25.2702,91.7323
2023-07-22T14:00,24.5,76,871.1,Cherrapunji_Wet,25.2702,91.7323
2023-07-22T15:00,24.2,77,870.9,Cherrapunji_Wet,25.2702,91.7323
2023-07-22T16:00,23.3,84,870.8,Cherrapunji_Wet,25.2702,91.7323
2023-07-22T17:00,22,92,871.1,Cherrapunji_Wet,25.2702,91.7323
2023-07-22T18:00,21.6,95,871.1,Cherrapunji_Wet,25.2702,91.7323
2023-07-22T19:00,22.5,86,872.4,Cherrapunji_Wet,25.2702,91.7323
2023-07-22T20:00,22.1,85,872.8,Cherrapunji_Wet,25.2702,91.7323
2023-07-22T21:00,21.3,91,872.9,Cherrapunji_Wet,25.2702,91.7323
2023-07-22T22:00,20.5,94,872.8,Cherrapunji_Wet,25.2702,91.7323
2023-07-22T23:00,20.3,95,872.4,Cherrapunji_Wet,25.2702,91.7323
2023-07-23T00:00,20,96,871.8,Cherrapunji_Wet,25.2702,91.7323
2023-07-23T01:00,19.6,98,871.6,Cherrapunji_Wet,25.2702,91.7323
2023-07-23T02:00,19.5,97,870.8,Cherrapunji_Wet,25.2702,91.7323
2023-07-23T03:00,19.4,97,871.1,Cherrapunji_Wet,25.2702,91.7323
2023-07-23T04:00,19.7,96,870.6,Cherrapunji_Wet,25.2702,91.7323
2023-07-23T05:00,21,93,872.1,Cherrapunji_Wet,25.2702,91.7323
2023-07-23T06:00,21.2,95,872.4,Cherrapunji_Wet,25.2702,91.7323
2023-07-23T07:00,21.3,95,872.5,Cherrapunji_Wet,25.2702,91.7323
2023-07-23T08:00,22,89,873,Cherrapunji_Wet,25.2702,91.7323
2023-07-23T09:00,21.9,89,873.3,Cherrapunji_Wet,25.2702,91.7323
2023-07-23T10:00,22.5,90,873.2,Cherrapunji_Wet,25.2702,91.7323
2023-07-23T11:00,23.8,88,872.6,Cherrapunji_Wet,25.2702,91.7323
2023-07-23T12:00,24.8,83,871.7,Cherrapunji_Wet,25.2702,91.7323
2023-07-23T13:00,23.6,83,870.6,Cherrapunji_Wet,25.2702,91.7323
2023-07-23T14:00,22.5,88,869.6,Cherrapunji_Wet,25.2702,91.7323
2023-07-23T15:00,23.7,85,869,Cherrapunji_Wet,25.2702,91.7323
2023-07-23T16:00,22.4,90,868.9,Cherrapunji_Wet,25.2702,91.7323
2023-07-23T17:00,21,93,868.9,Cherrapunji_Wet,25.2702,91.7323
2023-07-23T18:00,21.1,95,869,Cherrapunji_Wet,25.2702,91.7323
2023-07-23T19:00,20.8,96,870.2,Cherrapunji_Wet,25.2702,91.7323
2023-07-23T20:00,20.9,96,870.6,Cherrapunji_Wet,25.2702,91.7323
2023-07-23T21:00,20.7,95,870.4,Cherrapunji_Wet,25.2702,91.7323
2023-07-23T22:00,20.3,95,870.7,Cherrapunji_Wet,25.2702,91.7323
2023-07-23T23:00,20.3,95,870,Cherrapunji_Wet,25.2702,91.7323
2023-07-24T00:00,19.5,98,869.6,Cherrapunji_Wet,25.2702,91.7323
2023-07-24T01:00,20.1,96,868.9,Cherrapunji_Wet,25.2702,91.7323
2023-07-24T02:00,19.6,99,868.5,Cherrapunji_Wet,25.2702,91.7323
2023-07-24T03:00,19.8,98,868.5,Cherrapunji_Wet,25.2702,91.7323
2023-07-24T04:00,19.6,95,868.9,Cherrapunji_Wet,25.2702,91.7323
2023-07-24T05:00,20,96,869.2,Cherrapunji_Wet,25.2702,91.7323
2023-07-24T06:00,20.6,95,869.9,Cherrapunji_Wet,25.2702,91.7323
2023-07-24T07:00,20.9,95,870.6,Cherrapunji_Wet,25.2702,91.7323
2023-07-24T08:00,21.1,96,870.7,Cherrapunji_Wet,25.2702,91.7323
2023-07-24T09:00,22.2,90,871,Cherrapunji_Wet,25.2702,91.7323
2023-07-24T10:00,23.6,83,870.9,Cherrapunji_Wet,25.2702,91.7323
2023-07-24T11:00,23.1,85,870.1,Cherrapunji_Wet,25.2702,91.7323
2023-07-24T12:00,23.2,82,869.7,Cherrapunji_Wet,25.2702,91.7323
2023-07-24T13:00,23.1,84,868.9,Cherrapunji_Wet,25.2702,91.7323
2023-07-24T14:00,24,80,868.3,Cherrapunji_Wet,25.2702,91.7323
2023-07-24T15:00,24.3,79,867.8,Cherrapunji_Wet,25.2702,91.7323
2023-07-24T16:00,23.1,86,867.6,Cherrapunji_Wet,25.2702,91.7323
2023-07-24T17:00,21.8,90,868.3,Cherrapunji_Wet,25.2702,91.7323
2023-07-24T18:00,20.7,96,867.7,Cherrapunji_Wet,25.2702,91.7323
2023-07-24T19:00,20.1,96,868.3,Cherrapunji_Wet,25.2702,91.7323
2023-07-24T20:00,19.8,95,868.8,Cherrapunji_Wet,25.2702,91.7323
2023-07-24T21:00,19.7,94,869.1,Cherrapunji_Wet,25.2702,91.7323
2023-07-24T22:00,19.4,94,869.2,Cherrapunji_Wet,25.2702,91.7323
2023-07-24T23:00,19,94,869.2,Cherrapunji_Wet,25.2702,91.7323
2023-07-25T00:00,18.9,96,868.7,Cherrapunji_Wet,25.2702,91.7323
2023-07-25T01:00,19,95,868.2,Cherrapunji_Wet,25.2702,91.7323
2023-07-25T02:00,18.8,94,868.2,Cherrapunji_Wet,25.2702,91.7323
2023-07-25T03:00,19.1,95,868.7,Cherrapunji_Wet,25.2702,91.7323
2023-07-25T04:00,19.6,91,868.3,Cherrapunji_Wet,25.2702,91.7323
2023-07-25T05:00,20,92,869.3,Cherrapunji_Wet,25.2702,91.7323
2023-07-25T06:00,21,90,870.4,Cherrapunji_Wet,25.2702,91.7323
2023-07-25T07:00,22.1,84,871,Cherrapunji_Wet,25.2702,91.7323
2023-07-25T08:00,23.5,77,871.5,Cherrapunji_Wet,25.2702,91.7323
2023-07-25T09:00,24.4,74,871.5,Cherrapunji_Wet,25.2702,91.7323
2023-07-25T10:00,24.1,80,871.4,Cherrapunji_Wet,25.2702,91.7323
2023-07-25T11:00,24.8,82,870.9,Cherrapunji_Wet,25.2702,91.7323
2023-07-25T12:00,25.3,78,870.2,Cherrapunji_Wet,25.2702,91.7323
2023-07-25T13:00,22,90,869.2,Cherrapunji_Wet,25.2702,91.7323
2023-07-25T14:00,23.6,82,868.7,Cherrapunji_Wet,25.2702,91.7323
2023-07-25T15:00,24.1,80,868.2,Cherrapunji_Wet,25.2702,91.7323
2023-07-25T16:00,23.6,83,867.8,Cherrapunji_Wet,25.2702,91.7323
2023-07-25T17:00,22.7,90,868.9,Cherrapunji_Wet,25.2702,91.7323
2023-07-25T18:00,21.7,97,868.8,Cherrapunji_Wet,25.2702,91.7323
2023-07-25T19:00,21,98,869.5,Cherrapunji_Wet,25.2702,91.7323
2023-07-25T20:00,20.5,99,869.2,Cherrapunji_Wet,25.2702,91.7323
2023-07-25T21:00,20.5,99,869.8,Cherrapunji_Wet,25.2702,91.7323
2023-07-25T22:00,20.2,100,869.9,Cherrapunji_Wet,25.2702,91.7323
2023-07-25T23:00,20.2,99,869.5,Cherrapunji_Wet,25.2702,91.7323
2023-07-26T00:00,19.8,100,869.4,Cherrapunji_Wet,25.2702,91.7323
2023-07-26T01:00,19.8,99,869.1,Cherrapunji_Wet,25.2702,91.7323
2023-07-26T02:00,19.8,99,869.1,Cherrapunji_Wet,25.2702,91.7323
2023-07-26T03:00,19.6,99,868.8,Cherrapunji_Wet,25.2702,91.7323
2023-07-26T04:00,19.8,99,868.6,Cherrapunji_Wet,25.2702,91.7323
2023-07-26T05:00,19.5,99,869.8,Cherrapunji_Wet,25.2702,91.7323
2023-07-26T06:00,19.4,99,870.4,Cherrapunji_Wet,25.2702,91.7323
2023-07-26T07:00,19.6,100,871.2,Cherrapunji_Wet,25.2702,91.7323
2023-07-26T08:00,20.4,93,871.6,Cherrapunji_Wet,25.2702,91.7323
2023-07-26T09:00,21.9,86,871.8,Cherrapunji_Wet,25.2702,91.7323
2023-07-26T10:00,22.6,84,871.7,Cherrapunji_Wet,25.2702,91.7323
2023-07-26T11:00,23.1,81,871.3,Cherrapunji_Wet,25.2702,91.7323
2023-07-26T12:00,24.1,76,870.6,Cherrapunji_Wet,25.2702,91.7323
2023-07-26T13:00,24.3,76,869.7,Cherrapunji_Wet,25.2702,91.7323
2023-07-26T14:00,24.3,75,869.1,Cherrapunji_Wet,25.2702,91.7323
2023-07-26T15:00,23.5,78,868.9,Cherrapunji_Wet,25.2702,91.7323
2023-07-26T16:00,22.3,85,868.5,Cherrapunji_Wet,25.2702,91.7323
2023-07-26T17:00,21.6,88,869.7,Cherrapunji_Wet,25.2702,91.7323
2023-07-26T18:00,20.4,95,869.9,Cherrapunji_Wet,25.2702,91.7323
2023-07-26T19:00,20.3,96,870,Cherrapunji_Wet,25.2702,91.7323
2023-07-26T20:00,20.1,97,870.6,Cherrapunji_Wet,25.2702,91.7323
2023-07-26T21:00,19.8,99,870.7,Cherrapunji_Wet,25.2702,91.7323
2023-07-26T22:00,20,98,870.6,Cherrapunji_Wet,25.2702,91.7323
2023-07-26T23:00,19.7,100,870.2,Cherrapunji_Wet,25.2702,91.7323
2023-07-27T00:00,19.7,99,869.6,Cherrapunji_Wet,25.2702,91.7323
2023-07-27T01:00,19.5,100,869.1,Cherrapunji_Wet,25.2702,91.7323
2023-07-27T02:00,19.5,100,868.9,Cherrapunji_Wet,25.2702,91.7323
2023-07-27T03:00,19.5,100,868.7,Cherrapunji_Wet,25.2702,91.7323
2023-07-27T04:00,19.5,100,868.8,Cherrapunji_Wet,25.2702,91.7323
2023-07-27T05:00,19.8,99,869.5,Cherrapunji_Wet,25.2702,91.7323
2023-07-27T06:00,19.4,98,869.9,Cherrapunji_Wet,25.2702,91.7323
2023-07-27T07:00,19.8,92,870.6,Cherrapunji_Wet,25.2702,91.7323
2023-07-27T08:00,20,94,870.6,Cherrapunji_Wet,25.2702,91.7323
2023-07-27T09:00,20.3,91,870.5,Cherrapunji_Wet,25.2702,91.7323
2023-07-27T10:00,20.6,91,870.2,Cherrapunji_Wet,25.2702,91.7323
2023-07-27T11:00,22.2,85,869.9,Cherrapunji_Wet,25.2702,91.7323
2023-07-27T12:00,22.7,87,869.1,Cherrapunji_Wet,25.2702,91.7323
2023-07-27T13:00,21,97,868.1,Cherrapunji_Wet,25.2702,91.7323
2023-07-27T14:00,21.7,90,867.4,Cherrapunji_Wet,25.2702,91.7323
2023-07-27T15:00,21.3,90,867,Cherrapunji_Wet,25.2702,91.7323
2023-07-27T16:00,21.3,95,866.7,Cherrapunji_Wet,25.2702,91.7323
2023-07-27T17:00,20.9,95,867.7,Cherrapunji_Wet,25.2702,91.7323
2023-07-27T18:00,20.4,97,867.8,Cherrapunji_Wet,25.2702,91.7323
2023-07-27T19:00,20.5,97,868.2,Cherrapunji_Wet,25.2702,91.7323
2023-07-27T20:00,20.2,98,868.6,Cherrapunji_Wet,25.2702,91.7323
2023-07-27T21:00,19.9,99,868.8,Cherrapunji_Wet,25.2702,91.7323
2023-07-27T22:00,19.9,99,868.6,Cherrapunji_Wet,25.2702,91.7323
2023-07-27T23:00,20,98,867.9,Cherrapunji_Wet,25.2702,91.7323
2023-07-28T00:00,19.8,99,867.2,Cherrapunji_Wet,25.2702,91.7323
2023-07-28T01:00,19.7,100,866.8,Cherrapunji_Wet,25.2702,91.7323
2023-07-28T02:00,19.6,100,866.3,Cherrapunji_Wet,25.2702,91.7323
2023-07-28T03:00,19.5,100,866,Cherrapunji_Wet,25.2702,91.7323
2023-07-28T04:00,19.6,100,866.1,Cherrapunji_Wet,25.2702,91.7323
2023-07-28T05:00,19.7,100,867.1,Cherrapunji_Wet,25.2702,91.7323
2023-07-28T06:00,19.6,99,867,Cherrapunji_Wet,25.2702,91.7323
2023-07-28T07:00,19.7,98,867.5,Cherrapunji_Wet,25.2702,91.7323
2023-07-28T08:00,19.8,96,867.9,Cherrapunji_Wet,25.2702,91.7323
2023-07-28T09:00,20.1,91,867.8,Cherrapunji_Wet,25.2702,91.7323
2023-07-28T10:00,20.6,89,867.7,Cherrapunji_Wet,25.2702,91.7323
2023-07-28T11:00,21.4,89,867.4,Cherrapunji_Wet,25.2702,91.7323
2023-07-28T12:00,22.8,83,866.7,Cherrapunji_Wet,25.2702,91.7323
2023-07-28T13:00,23.3,79,866,Cherrapunji_Wet,25.2702,91.7323
2023-07-28T14:00,23.2,82,865.1,Cherrapunji_Wet,25.2702,91.7323
2023-07-28T15:00,22.4,87,864.6,Cherrapunji_Wet,25.2702,91.7323
2023-07-28T16:00,21.6,90,864.3,Cherrapunji_Wet,25.2702,91.7323
2023-07-28T17:00,20.4,97,865.5,Cherrapunji_Wet,25.2702,91.7323
2023-07-28T18:00,20.3,98,866.1,Cherrapunji_Wet,25.2702,91.7323
2023-07-28T19:00,20.3,98,866.6,Cherrapunji_Wet,25.2702,91.7323
2023-07-28T20:00,20,98,866.9,Cherrapunji_Wet,25.2702,91.7323
2023-07-28T21:00,20,99,867.4,Cherrapunji_Wet,25.2702,91.7323
2023-07-28T22:00,19.8,100,867.2,Cherrapunji_Wet,25.2702,91.7323
2023-07-28T23:00,19.7,100,866.6,Cherrapunji_Wet,25.2702,91.7323
2023-07-29T00:00,19.4,100,866.1,Cherrapunji_Wet,25.2702,91.7323
2023-07-29T01:00,19.3,99,865.3,Cherrapunji_Wet,25.2702,91.7323
2023-07-29T02:00,19.4,100,865.1,Cherrapunji_Wet,25.2702,91.7323
2023-07-29T03:00,19.4,100,864.7,Cherrapunji_Wet,25.2702,91.7323
2023-07-29T04:00,19.3,100,864.9,Cherrapunji_Wet,25.2702,91.7323
2023-07-29T05:00,19.4,99,865.7,Cherrapunji_Wet,25.2702,91.7323
2023-07-29T06:00,19.5,99,866.3,Cherrapunji_Wet,25.2702,91.7323
2023-07-29T07:00,19.5,99,866.9,Cherrapunji_Wet,25.2702,91.7323
2023-07-29T08:00,20.1,93,867.6,Cherrapunji_Wet,25.2702,91.7323
2023-07-29T09:00,19.5,96,867.7,Cherrapunji_Wet,25.2702,91.7323
2023-07-29T10:00,20.3,91,867.7,Cherrapunji_Wet,25.2702,91.7323
2023-07-29T11:00,22.3,86,867.4,Cherrapunji_Wet,25.2702,91.7323
2023-07-29T12:00,22.8,91,866.8,Cherrapunji_Wet,25.2702,91.7323
2023-07-29T13:00,23.5,85,865.7,Cherrapunji_Wet,25.2702,91.7323
2023-07-29T14:00,23.9,79,865,Cherrapunji_Wet,25.2702,91.7323
2023-07-29T15:00,23.3,82,864.6,Cherrapunji_Wet,25.2702,91.7323
2023-07-29T16:00,23,83,864.8,Cherrapunji_Wet,25.2702,91.7323
2023-07-29T17:00,21.5,91,865.1,Cherrapunji_Wet,25.2702,91.7323
2023-07-29T18:00,20.4,98,865.4,Cherrapunji_Wet,25.2702,91.7323
2023-07-29T19:00,20.1,98,865.5,Cherrapunji_Wet,25.2702,91.7323
2023-07-29T20:00,19.8,98,865.8,Cherrapunji_Wet,25.2702,91.7323
2023-07-29T21:00,20.6,94,867,Cherrapunji_Wet,25.2702,91.7323
2023-07-29T22:00,20.3,95,866.8,Cherrapunji_Wet,25.2702,91.7323
2023-07-29T23:00,20.3,95,866.3,Cherrapunji_Wet,25.2702,91.7323
2023-07-30T00:00,20.6,91,865.9,Cherrapunji_Wet,25.2702,91.7323
2023-07-30T01:00,19.9,95,864.8,Cherrapunji_Wet,25.2702,91.7323
2023-07-30T02:00,19.8,95,864.4,Cherrapunji_Wet,25.2702,91.7323
2023-07-30T03:00,19.8,95,864.2,Cherrapunji_Wet,25.2702,91.7323
2023-07-30T04:00,19.5,95,863.8,Cherrapunji_Wet,25.2702,91.7323
2023-07-30T05:00,20.2,95,865.1,Cherrapunji_Wet,25.2702,91.7323
2023-07-30T06:00,21.9,88,866,Cherrapunji_Wet,25.2702,91.7323
2023-07-30T07:00,22.6,85,866.9,Cherrapunji_Wet,25.2702,91.7323
2023-07-30T08:00,23.5,80,867.1,Cherrapunji_Wet,25.2702,91.7323
2023-07-30T09:00,24.4,77,867.4,Cherrapunji_Wet,25.2702,91.7323
2023-07-30T10:00,24.8,81,867.2,Cherrapunji_Wet,25.2702,91.7323
2023-07-30T11:00,25.1,80,866.4,Cherrapunji_Wet,25.2702,91.7323
2023-07-30T12:00,25.5,79,865.6,Cherrapunji_Wet,25.2702,91.7323
2023-07-30T13:00,25.1,80,864.5,Cherrapunji_Wet,25.2702,91.7323
2023-07-30T14:00,24.5,82,863.4,Cherrapunji_Wet,25.2702,91.7323
2023-07-30T15:00,23.9,88,863.2,Cherrapunji_Wet,25.2702,91.7323
2023-07-30T16:00,22.7,92,863.1,Cherrapunji_Wet,25.2702,91.7323
2023-07-30T17:00,22.3,87,863.2,Cherrapunji_Wet,25.2702,91.7323
2023-07-30T18:00,21.5,94,863.8,Cherrapunji_Wet,25.2702,91.7323
2023-07-30T19:00,21,97,864.3,Cherrapunji_Wet,25.2702,91.7323
2023-07-30T20:00,21,95,865,Cherrapunji_Wet,25.2702,91.7323
2023-07-30T21:00,21.5,92,865.8,Cherrapunji_Wet,25.2702,91.7323
2023-07-30T22:00,21.7,90,865.6,Cherrapunji_Wet,25.2702,91.7323
2023-07-30T23:00,20.7,92,864.5,Cherrapunji_Wet,25.2702,91.7323
2023-07-31T00:00,20.3,92,863.6,Cherrapunji_Wet,25.2702,91.7323
2023-07-31T01:00,20.1,92,862.8,Cherrapunji_Wet,25.2702,91.7323
2023-07-31T02:00,19.7,93,862.5,Cherrapunji_Wet,25.2702,91.7323
2023-07-31T03:00,20,91,862.9,Cherrapunji_Wet,25.2702,91.7323
2023-07-31T04:00,19.5,94,862.4,Cherrapunji_Wet,25.2702,91.7323
2023-07-31T05:00,20.3,93,863.4,Cherrapunji_Wet,25.2702,91.7323
2023-07-31T06:00,23.1,82,865.1,Cherrapunji_Wet,25.2702,91.7323
2023-07-31T07:00,24.3,79,866.3,Cherrapunji_Wet,25.2702,91.7323
2023-07-31T08:00,24.6,81,866.1,Cherrapunji_Wet,25.2702,91.7323
2023-07-31T09:00,25.9,76,866.3,Cherrapunji_Wet,25.2702,91.7323
2023-07-31T10:00,25.2,78,865.8,Cherrapunji_Wet,25.2702,91.7323
2023-07-31T11:00,24.7,84,865.5,Cherrapunji_Wet,25.2702,91.7323
2023-07-31T12:00,25.1,84,864.3,Cherrapunji_Wet,25.2702,91.7323
2023-07-31T13:00,26.1,78,863.6,Cherrapunji_Wet,25.2702,91.7323
2023-07-31T14:00,25.6,80,862.8,Cherrapunji_Wet,25.2702,91.7323
2023-07-31T15:00,25.9,77,862.1,Cherrapunji_Wet,25.2702,91.7323
2023-07-31T16:00,25.4,79,862.5,Cherrapunji_Wet,25.2702,91.7323
2023-07-31T17:00,23.7,86,862.7,Cherrapunji_Wet,25.2702,91.7323
2023-07-31T18:00,22.1,95,862.7,Cherrapunji_Wet,25.2702,91.7323
2023-07-31T19:00,22.2,92,863.6,Cherrapunji_Wet,25.2702,91.7323
2023-07-31T20:00,22.2,90,864.3,Cherrapunji_Wet,25.2702,91.7323
2023-07-31T21:00,21.7,90,864.3,Cherrapunji_Wet,25.2702,91.7323
2023-07-31T22:00,21.5,91,864.5,Cherrapunji_Wet,25.2702,91.7323
2023-07-31T23:00,21.5,90,864.1,Cherrapunji_Wet,25.2702,91.7323
2023-08-01T00:00,21.1,92,863.2,Cherrapunji_Wet,25.2702,91.7323
2023-08-01T01:00,20.8,93,862.9,Cherrapunji_Wet,25.2702,91.7323
2023-08-01T02:00,20.5,93,862.2,Cherrapunji_Wet,25.2702,91.7323
2023-08-01T03:00,20.5,90,861.5,Cherrapunji_Wet,25.2702,91.7323
2023-08-01T04:00,20.6,87,861.7,Cherrapunji_Wet,25.2702,91.7323
2023-08-01T05:00,21.1,92,862.5,Cherrapunji_Wet,25.2702,91.7323
2023-08-01T06:00,23,87,863.7,Cherrapunji_Wet,25.2702,91.7323
2023-08-01T07:00,24.4,74,864.5,Cherrapunji_Wet,25.2702,91.7323
2023-08-01T08:00,25.6,70,865.1,Cherrapunji_Wet,25.2702,91.7323
2023-08-01T09:00,26.6,68,865.2,Cherrapunji_Wet,25.2702,91.7323
2023-08-01T10:00,27,68,865.1,Cherrapunji_Wet,25.2702,91.7323
2023-08-01T11:00,27.1,64,864.3,Cherrapunji_Wet,25.2702,91.7323
2023-08-01T12:00,26.5,70,863.4,Cherrapunji_Wet,25.2702,91.7323
2023-08-01T13:00,26.8,70,862.6,Cherrapunji_Wet,25.2702,91.7323
2023-08-01T14:00,26.8,67,862.1,Cherrapunji_Wet,25.2702,91.7323
2023-08-01T15:00,26.3,69,861.9,Cherrapunji_Wet,25.2702,91.7323
2023-08-01T16:00,24.1,77,862.6,Cherrapunji_Wet,25.2702,91.7323
2023-08-01T17:00,23.7,81,863,Cherrapunji_Wet,25.2702,91.7323
2023-08-01T18:00,22.7,87,863.4,Cherrapunji_Wet,25.2702,91.7323
2023-08-01T19:00,22.5,89,864.5,Cherrapunji_Wet,25.2702,91.7323
2023-08-01T20:00,22.3,89,865.1,Cherrapunji_Wet,25.2702,91.7323
2023-08-01T21:00,22,88,864.8,Cherrapunji_Wet,25.2702,91.7323
2023-08-01T22:00,21.7,89,865,Cherrapunji_Wet,25.2702,91.7323
2023-08-01T23:00,21.7,88,864.8,Cherrapunji_Wet,25.2702,91.7323
2023-08-02T00:00,21.8,88,864.3,Cherrapunji_Wet,25.2702,91.7323
2023-08-02T01:00,21.6,88,864,Cherrapunji_Wet,25.2702,91.7323
2023-08-02T02:00,21.2,89,863.7,Cherrapunji_Wet,25.2702,91.7323
2023-08-02T03:00,20.8,91,863.5,Cherrapunji_Wet,25.2702,91.7323
2023-08-02T04:00,20.6,92,863.5,Cherrapunji_Wet,25.2702,91.7323
2023-08-02T05:00,20.8,97,864.6,Cherrapunji_Wet,25.2702,91.7323
2023-08-02T06:00,22,90,865.5,Cherrapunji_Wet,25.2702,91.7323
2023-08-02T07:00,22.7,86,866.8,Cherrapunji_Wet,25.2702,91.7323
2023-08-02T08:00,23.7,85,867.4,Cherrapunji_Wet,25.2702,91.7323
2023-08-02T09:00,23.6,84,867.5,Cherrapunji_Wet,25.2702,91.7323
2023-08-02T10:00,21.5,93,867,Cherrapunji_Wet,25.2702,91.7323
2023-08-02T11:00,21.7,100,866.4,Cherrapunji_Wet,25.2702,91.7323
2023-08-02T12:00,22.6,91,865.7,Cherrapunji_Wet,25.2702,91.7323
2023-08-02T13:00,23,85,864.9,Cherrapunji_Wet,25.2702,91.7323
2023-08-02T14:00,22.7,84,864.4,Cherrapunji_Wet,25.2702,91.7323
2023-08-02T15:00,20.3,99,864.1,Cherrapunji_Wet,25.2702,91.7323
2023-08-02T16:00,20.5,95,863.7,Cherrapunji_Wet,25.2702,91.7323
2023-08-02T17:00,20,93,864.3,Cherrapunji_Wet,25.2702,91.7323
2023-08-02T18:00,20.1,95,865.6,Cherrapunji_Wet,25.2702,91.7323
2023-08-02T19:00,19.9,98,865.9,Cherrapunji_Wet,25.2702,91.7323
2023-08-02T20:00,19.8,99,866.3,Cherrapunji_Wet,25.2702,91.7323
2023-08-02T21:00,19.7,99,866.7,Cherrapunji_Wet,25.2702,91.7323
2023-08-02T22:00,19.5,98,866.8,Cherrapunji_Wet,25.2702,91.7323
2023-08-02T23:00,19.2,99,866.8,Cherrapunji_Wet,25.2702,91.7323
2023-08-03T00:00,19.2,99,866.3,Cherrapunji_Wet,25.2702,91.7323
2023-08-03T01:00,19.2,99,865.8,Cherrapunji_Wet,25.2702,91.7323
2023-08-03T02:00,19.2,99,865.7,Cherrapunji_Wet,25.2702,91.7323
2023-08-03T03:00,19.1,99,865.5,Cherrapunji_Wet,25.2702,91.7323
2023-08-03T04:00,19,99,865.4,Cherrapunji_Wet,25.2702,91.7323
2023-08-03T05:00,19.6,99,866,Cherrapunji_Wet,25.2702,91.7323
2023-08-03T06:00,19.4,98,866.1,Cherrapunji_Wet,25.2702,91.7323
2023-08-03T07:00,19.7,95,866.9,Cherrapunji_Wet,25.2702,91.7323
2023-08-03T08:00,20,95,867.2,Cherrapunji_Wet,25.2702,91.7323
2023-08-03T09:00,20.5,90,867.3,Cherrapunji_Wet,25.2702,91.7323
2023-08-03T10:00,20.4,94,866.8,Cherrapunji_Wet,25.2702,91.7323
2023-08-03T11:00,20.7,89,866.3,Cherrapunji_Wet,25.2702,91.7323
2023-08-03T12:00,21.9,93,866,Cherrapunji_Wet,25.2702,91.7323
2023-08-03T13:00,22.7,88,865.6,Cherrapunji_Wet,25.2702,91.7323
2023-08-03T14:00,22.4,88,864.9,Cherrapunji_Wet,25.2702,91.7323
2023-08-03T15:00,21.5,91,864.3,Cherrapunji_Wet,25.2702,91.7323
2023-08-03T16:00,20.7,94,864.5,Cherrapunji_Wet,25.2702,91.7323
2023-08-03T17:00,19.9,98,865.5,Cherrapunji_Wet,25.2702,91.7323
2023-08-03T18:00,19.9,99,866.3,Cherrapunji_Wet,25.2702,91.7323
2023-08-03T19:00,19.8,99,866.8,Cherrapunji_Wet,25.2702,91.7323
2023-08-03T20:00,19.9,99,867.7,Cherrapunji_Wet,25.2702,91.7323
2023-08-03T21:00,19.8,100,867.9,Cherrapunji_Wet,25.2702,91.7323
2023-08-03T22:00,19.8,99,867.9,Cherrapunji_Wet,25.2702,91.7323
2023-08-03T23:00,19.8,99,867.9,Cherrapunji_Wet,25.2702,91.7323
2023-08-04T00:00,19.6,100,867.3,Cherrapunji_Wet,25.2702,91.7323
2023-08-04T01:00,19.5,100,867,Cherrapunji_Wet,25.2702,91.7323
2023-08-04T02:00,19.4,100,866.5,Cherrapunji_Wet,25.2702,91.7323
2023-08-04T03:00,19.5,100,866.4,Cherrapunji_Wet,25.2702,91.7323
2023-08-04T04:00,19.5,100,866.7,Cherrapunji_Wet,25.2702,91.7323
2023-08-04T05:00,19.9,100,867.4,Cherrapunji_Wet,25.2702,91.7323
2023-08-04T06:00,19.8,99,867.7,Cherrapunji_Wet,25.2702,91.7323
2023-08-04T07:00,19.8,99,868.2,Cherrapunji_Wet,25.2702,91.7323
2023-08-04T08:00,19.6,96,868.6,Cherrapunji_Wet,25.2702,91.7323
2023-08-04T09:00,20.3,91,869,Cherrapunji_Wet,25.2702,91.7323
2023-08-04T10:00,20.4,92,868.7,Cherrapunji_Wet,25.2702,91.7323
2023-08-04T11:00,21.3,88,868.5,Cherrapunji_Wet,25.2702,91.7323
2023-08-04T12:00,22.1,86,868.2,Cherrapunji_Wet,25.2702,91.7323
2023-08-04T13:00,21.3,96,867.5,Cherrapunji_Wet,25.2702,91.7323
2023-08-04T14:00,21.9,95,866.9,Cherrapunji_Wet,25.2702,91.7323
2023-08-04T15:00,20.6,100,866.8,Cherrapunji_Wet,25.2702,91.7323
2023-08-04T16:00,20.2,100,866.3,Cherrapunji_Wet,25.2702,91.7323
2023-08-04T17:00,20.2,99,867.2,Cherrapunji_Wet,25.2702,91.7323
2023-08-04T18:00,20,100,867.7,Cherrapunji_Wet,25.2702,91.7323
2023-08-04T19:00,19.8,100,868.5,Cherrapunji_Wet,25.2702,91.7323
2023-08-04T20:00,19.9,100,869.6,Cherrapunji_Wet,25.2702,91.7323
2023-08-04T21:00,19.6,100,869.9,Cherrapunji_Wet,25.2702,91.7323
2023-08-04T22:00,19.5,99,869.9,Cherrapunji_Wet,25.2702,91.7323
2023-08-04T23:00,19.5,100,869.4,Cherrapunji_Wet,25.2702,91.7323
2023-08-05T00:00,19.3,100,868.7,Cherrapunji_Wet,25.2702,91.7323
2023-08-05T01:00,19.4,99,868,Cherrapunji_Wet,25.2702,91.7323
2023-08-05T02:00,19.5,100,867.5,Cherrapunji_Wet,25.2702,91.7323
2023-08-05T03:00,19.5,100,867.5,Cherrapunji_Wet,25.2702,91.7323
2023-08-05T04:00,19.4,100,867.5,Cherrapunji_Wet,25.2702,91.7323
2023-08-05T05:00,19.8,99,868.2,Cherrapunji_Wet,25.2702,91.7323
2023-08-05T06:00,19.9,99,868.7,Cherrapunji_Wet,25.2702,91.7323
2023-08-05T07:00,19.1,98,869.4,Cherrapunji_Wet,25.2702,91.7323
2023-08-05T08:00,19.9,91,869.9,Cherrapunji_Wet,25.2702,91.7323
2023-08-05T09:00,21,90,870.2,Cherrapunji_Wet,25.2702,91.7323
2023-08-05T10:00,22.2,85,870.2,Cherrapunji_Wet,25.2702,91.7323
2023-08-05T11:00,21.7,88,869.5,Cherrapunji_Wet,25.2702,91.7323
2023-08-05T12:00,21.4,88,868.7,Cherrapunji_Wet,25.2702,91.7323
2023-08-05T13:00,21.7,94,867.8,Cherrapunji_Wet,25.2702,91.7323
2023-08-05T14:00,21.3,97,867,Cherrapunji_Wet,25.2702,91.7323
2023-08-05T15:00,21,93,866.4,Cherrapunji_Wet,25.2702,91.7323
2023-08-05T16:00,20.8,91,866.2,Cherrapunji_Wet,25.2702,91.7323
2023-08-05T17:00,20.6,96,867.5,Cherrapunji_Wet,25.2702,91.7323
2023-08-05T18:00,19.9,100,867.6,Cherrapunji_Wet,25.2702,91.7323
2023-08-05T19:00,19.9,100,868,Cherrapunji_Wet,25.2702,91.7323
2023-08-05T20:00,20,100,868.5,Cherrapunji_Wet,25.2702,91.7323
2023-08-05T21:00,20,100,868.5,Cherrapunji_Wet,25.2702,91.7323
2023-08-05T22:00,20.1,99,868.3,Cherrapunji_Wet,25.2702,91.7323
2023-08-05T23:00,20,99,867.4,Cherrapunji_Wet,25.2702,91.7323
2023-08-06T00:00,20,100,866.7,Cherrapunji_Wet,25.2702,91.7323
2023-08-06T01:00,19.9,100,866.1,Cherrapunji_Wet,25.2702,91.7323
2023-08-06T02:00,19.8,99,865.4,Cherrapunji_Wet,25.2702,91.7323
2023-08-06T03:00,19.6,100,865.1,Cherrapunji_Wet,25.2702,91.7323
2023-08-06T04:00,19.5,100,865.1,Cherrapunji_Wet,25.2702,91.7323
2023-08-06T05:00,19.7,99,866,Cherrapunji_Wet,25.2702,91.7323
2023-08-06T06:00,19.6,100,866.2,Cherrapunji_Wet,25.2702,91.7323
2023-08-06T07:00,19.8,97,866.4,Cherrapunji_Wet,25.2702,91.7323
2023-08-06T08:00,20.1,100,866.6,Cherrapunji_Wet,25.2702,91.7323
2023-08-06T09:00,19.9,94,866.3,Cherrapunji_Wet,25.2702,91.7323
2023-08-06T10:00,20,94,865.7,Cherrapunji_Wet,25.2702,91.7323
2023-08-06T11:00,19.8,94,865,Cherrapunji_Wet,25.2702,91.7323
2023-08-06T12:00,19.6,96,864.1,Cherrapunji_Wet,25.2702,91.7323
2023-08-06T13:00,20.4,100,863.5,Cherrapunji_Wet,25.2702,91.7323
2023-08-06T14:00,19.9,100,862.8,Cherrapunji_Wet,25.2702,91.7323
2023-08-06T15:00,19.9,98,862.5,Cherrapunji_Wet,25.2702,91.7323
2023-08-06T16:00,19.6,100,862.4,Cherrapunji_Wet,25.2702,91.7323
2023-08-06T17:00,20.4,99,863.7,Cherrapunji_Wet,25.2702,91.7323
2023-08-06T18:00,19.9,98,863.9,Cherrapunji_Wet,25.2702,91.7323
2023-08-06T19:00,19.9,100,864.3,Cherrapunji_Wet,25.2702,91.7323
2023-08-06T20:00,20,99,864.9,Cherrapunji_Wet,25.2702,91.7323
2023-08-06T21:00,20,100,865,Cherrapunji_Wet,25.2702,91.7323
2023-08-06T22:00,19.8,100,864.8,Cherrapunji_Wet,25.2702,91.7323
2023-08-06T23:00,19.8,100,864.3,Cherrapunji_Wet,25.2702,91.7323
2023-08-07T00:00,19.7,100,863.2,Cherrapunji_Wet,25.2702,91.7323
2023-08-07T01:00,19.6,100,862.7,Cherrapunji_Wet,25.2702,91.7323
2023-08-07T02:00,19.5,100,862.7,Cherrapunji_Wet,25.2702,91.7323
2023-08-07T03:00,19.5,100,862.5,Cherrapunji_Wet,25.2702,91.7323
2023-08-07T04:00,19.3,100,862.3,Cherrapunji_Wet,25.2702,91.7323
2023-08-07T05:00,19.9,100,862.8,Cherrapunji_Wet,25.2702,91.7323
2023-08-07T06:00,20.1,99,863,Cherrapunji_Wet,25.2702,91.7323
2023-08-07T07:00,20.2,100,863.7,Cherrapunji_Wet,25.2702,91.7323
2023-08-07T08:00,20.2,99,863.7,Cherrapunji_Wet,25.2702,91.7323
2023-08-07T09:00,20.1,100,864.1,Cherrapunji_Wet,25.2702,91.7323
2023-08-07T10:00,20.1,98,863.8,Cherrapunji_Wet,25.2702,91.7323
2023-08-07T11:00,20.2,92,863.1,Cherrapunji_Wet,25.2702,91.7323
2023-08-07T12:00,21,93,862.5,Cherrapunji_Wet,25.2702,91.7323
2023-08-07T13:00,20.7,91,861.6,Cherrapunji_Wet,25.2702,91.7323
2023-08-07T14:00,20.8,92,861.3,Cherrapunji_Wet,25.2702,91.7323
2023-08-07T15:00,20.4,96,861.2,Cherrapunji_Wet,25.2702,91.7323
2023-08-07T16:00,20.5,97,861,Cherrapunji_Wet,25.2702,91.7323
2023-08-07T17:00,19.8,99,861.5,Cherrapunji_Wet,25.2702,91.7323
2023-08-07T18:00,19.8,100,862.2,Cherrapunji_Wet,25.2702,91.7323
2023-08-07T19:00,19.8,100,862.9,Cherrapunji_Wet,25.2702,91.7323
2023-08-07T20:00,19.8,100,863.4,Cherrapunji_Wet,25.2702,91.7323
2023-08-07T21:00,19.7,100,863.5,Cherrapunji_Wet,25.2702,91.7323
2023-08-07T22:00,19.6,100,863.7,Cherrapunji_Wet,25.2702,91.7323
2023-08-07T23:00,19.5,100,863.3,Cherrapunji_Wet,25.2702,91.7323
2023-08-08T00:00,19.4,100,862.6,Cherrapunji_Wet,25.2702,91.7323
2023-08-08T01:00,19.3,100,862.5,Cherrapunji_Wet,25.2702,91.7323
2023-08-08T02:00,19.1,99,862.4,Cherrapunji_Wet,25.2702,91.7323
2023-08-08T03:00,19,100,862.2,Cherrapunji_Wet,25.2702,91.7323
2023-08-08T04:00,19,100,862.5,Cherrapunji_Wet,25.2702,91.7323
2023-08-08T05:00,19.6,100,863.1,Cherrapunji_Wet,25.2702,91.7323
2023-08-08T06:00,19.6,100,863.7,Cherrapunji_Wet,25.2702,91.7323
2023-08-08T07:00,20,94,864.5,Cherrapunji_Wet,25.2702,91.7323
2023-08-08T08:00,20.4,93,864.8,Cherrapunji_Wet,25.2702,91.7323
2023-08-08T09:00,20.5,95,865.3,Cherrapunji_Wet,25.2702,91.7323
2023-08-08T10:00,20.8,91,865.2,Cherrapunji_Wet,25.2702,91.7323
2023-08-08T11:00,20.5,100,864.5,Cherrapunji_Wet,25.2702,91.7323
2023-08-08T12:00,21,99,864.3,Cherrapunji_Wet,25.2702,91.7323
2023-08-08T13:00,20.5,94,863.6,Cherrapunji_Wet,25.2702,91.7323
2023-08-08T14:00,20.6,100,863.3,Cherrapunji_Wet,25.2702,91.7323
2023-08-08T15:00,20.4,98,863.3,Cherrapunji_Wet,25.2702,91.7323
2023-08-08T16:00,19.8,98,863.2,Cherrapunji_Wet,25.2702,91.7323
2023-08-08T17:00,19.7,99,864.7,Cherrapunji_Wet,25.2702,91.7323
2023-08-08T18:00,19.8,100,865.4,Cherrapunji_Wet,25.2702,91.7323
2023-08-08T19:00,19.7,100,866.4,Cherrapunji_Wet,25.2702,91.7323
2023-08-08T20:00,19.7,99,867.1,Cherrapunji_Wet,25.2702,91.7323
2023-08-08T21:00,19.7,99,867.2,Cherrapunji_Wet,25.2702,91.7323
2023-08-08T22:00,19.5,100,867.3,Cherrapunji_Wet,25.2702,91.7323
2023-08-08T23:00,19.5,100,867.1,Cherrapunji_Wet,25.2702,91.7323
2023-08-09T00:00,19.5,100,866.8,Cherrapunji_Wet,25.2702,91.7323
2023-08-09T01:00,19.4,99,866.4,Cherrapunji_Wet,25.2702,91.7323
2023-08-09T02:00,19.4,99,866.4,Cherrapunji_Wet,25.2702,91.7323
2023-08-09T03:00,19.2,98,866.6,Cherrapunji_Wet,25.2702,91.7323
2023-08-09T04:00,19.1,99,866.8,Cherrapunji_Wet,25.2702,91.7323
2023-08-09T05:00,19.4,100,867.5,Cherrapunji_Wet,25.2702,91.7323
2023-08-09T06:00,19.3,100,868.3,Cherrapunji_Wet,25.2702,91.7323
2023-08-09T07:00,19.3,98,868.8,Cherrapunji_Wet,25.2702,91.7323
2023-08-09T08:00,20.7,92,869.5,Cherrapunji_Wet,25.2702,91.7323
2023-08-09T09:00,21.3,90,870.1,Cherrapunji_Wet,25.2702,91.7323
2023-08-09T10:00,21.9,92,870.1,Cherrapunji_Wet,25.2702,91.7323
2023-08-09T11:00,22.4,87,869.4,Cherrapunji_Wet,25.2702,91.7323
2023-08-09T12:00,21.4,95,868.7,Cherrapunji_Wet,25.2702,91.7323
2023-08-09T13:00,21.8,91,867.9,Cherrapunji_Wet,25.2702,91.7323
2023-08-09T14:00,22.8,85,867.6,Cherrapunji_Wet,25.2702,91.7323
2023-08-09T15:00,22.5,86,867.1,Cherrapunji_Wet,25.2702,91.7323
2023-08-09T16:00,21.9,89,867.4,Cherrapunji_Wet,25.2702,91.7323
2023-08-09T17:00,21.3,89,867.9,Cherrapunji_Wet,25.2702,91.7323
2023-08-09T18:00,19.7,98,868,Cherrapunji_Wet,25.2702,91.7323
2023-08-09T19:00,19.8,99,868.5,Cherrapunji_Wet,25.2702,91.7323
2023-08-09T20:00,19.8,99,869,Cherrapunji_Wet,25.2702,91.7323
2023-08-09T21:00,18.9,100,869.1,Cherrapunji_Wet,25.2702,91.7323
2023-08-09T22:00,19.6,99,869.6,Cherrapunji_Wet,25.2702,91.7323
2023-08-09T23:00,19.5,99,869.1,Cherrapunji_Wet,25.2702,91.7323
2023-08-10T00:00,19.5,98,868.5,Cherrapunji_Wet,25.2702,91.7323
2023-08-10T01:00,19.1,99,868,Cherrapunji_Wet,25.2702,91.7323
2023-08-10T02:00,19.5,97,867.8,Cherrapunji_Wet,25.2702,91.7323
2023-08-10T03:00,19.6,97,867.8,Cherrapunji_Wet,25.2702,91.7323
2023-08-10T04:00,19.2,98,868,Cherrapunji_Wet,25.2702,91.7323
2023-08-10T05:00,19.7,99,868.7,Cherrapunji_Wet,25.2702,91.7323
2023-08-10T06:00,20,97,869.4,Cherrapunji_Wet,25.2702,91.7323
2023-08-10T07:00,20.3,93,870.1,Cherrapunji_Wet,25.2702,91.7323
2023-08-10T08:00,20.4,95,870.4,Cherrapunji_Wet,25.2702,91.7323
2023-08-10T09:00,21.3,93,870.7,Cherrapunji_Wet,25.2702,91.7323
2023-08-10T10:00,21.4,95,870.7,Cherrapunji_Wet,25.2702,91.7323
2023-08-10T11:00,21.6,96,870.2,Cherrapunji_Wet,25.2702,91.7323
2023-08-10T12:00,22,94,869.1,Cherrapunji_Wet,25.2702,91.7323
2023-08-10T13:00,21.6,97,868.1,Cherrapunji_Wet,25.2702,91.7323
2023-08-10T14:00,22.4,91,868,Cherrapunji_Wet,25.2702,91.7323
2023-08-10T15:00,22.3,86,867.5,Cherrapunji_Wet,25.2702,91.7323
2023-08-10T16:00,21.9,89,867.6,Cherrapunji_Wet,25.2702,91.7323
2023-08-10T17:00,20.7,93,869,Cherrapunji_Wet,25.2702,91.7323
2023-08-10T18:00,19.9,99,869.1,Cherrapunji_Wet,25.2702,91.7323
2023-08-10T19:00,19.9,99,870,Cherrapunji_Wet,25.2702,91.7323
2023-08-10T20:00,19.9,99,870.7,Cherrapunji_Wet,25.2702,91.7323
2023-08-10T21:00,19.8,100,870.8,Cherrapunji_Wet,25.2702,91.7323
2023-08-10T22:00,19.9,99,870.7,Cherrapunji_Wet,25.2702,91.7323
2023-08-10T23:00,19.7,99,870.1,Cherrapunji_Wet,25.2702,91.7323
2023-08-11T00:00,19.6,99,869.5,Cherrapunji_Wet,25.2702,91.7323
2023-08-11T01:00,19.5,98,869.2,Cherrapunji_Wet,25.2702,91.7323
2023-08-11T02:00,19.5,98,868.9,Cherrapunji_Wet,25.2702,91.7323
2023-08-11T03:00,19.5,98,868.6,Cherrapunji_Wet,25.2702,91.7323
2023-08-11T04:00,19.4,98,868.6,Cherrapunji_Wet,25.2702,91.7323
2023-08-11T05:00,19.6,99,869.1,Cherrapunji_Wet,25.2702,91.7323
2023-08-11T06:00,20,97,869.8,Cherrapunji_Wet,25.2702,91.7323
2023-08-11T07:00,20.7,91,870.3,Cherrapunji_Wet,25.2702,91.7323
2023-08-11T08:00,21,92,870.3,Cherrapunji_Wet,25.2702,91.7323
2023-08-11T09:00,21.6,95,870.6,Cherrapunji_Wet,25.2702,91.7323
2023-08-11T10:00,21.1,98,870,Cherrapunji_Wet,25.2702,91.7323
2023-08-11T11:00,22,90,869.4,Cherrapunji_Wet,25.2702,91.7323
2023-08-11T12:00,23,86,868.4,Cherrapunji_Wet,25.2702,91.7323
2023-08-11T13:00,23.1,86,867.5,Cherrapunji_Wet,25.2702,91.7323
2023-08-11T14:00,21.2,94,866.5,Cherrapunji_Wet,25.2702,91.7323
2023-08-11T15:00,21.6,91,865.9,Cherrapunji_Wet,25.2702,91.7323
2023-08-11T16:00,21.9,89,866.3,Cherrapunji_Wet,25.2702,91.7323
2023-08-11T17:00,20.9,93,867.5,Cherrapunji_Wet,25.2702,91.7323
2023-08-11T18:00,20,99,867.7,Cherrapunji_Wet,25.2702,91.7323
2023-08-11T19:00,20.1,99,868.7,Cherrapunji_Wet,25.2702,91.7323
2023-08-11T20:00,20,100,869,Cherrapunji_Wet,25.2702,91.7323
2023-08-11T21:00,20,100,869.7,Cherrapunji_Wet,25.2702,91.7323
2023-08-11T22:00,20,99,869.7,Cherrapunji_Wet,25.2702,91.7323
2023-08-11T23:00,19.6,100,868.7,Cherrapunji_Wet,25.2702,91.7323
2023-08-12T00:00,19.6,99,868,Cherrapunji_Wet,25.2702,91.7323
2023-08-12T01:00,19.6,100,867.4,Cherrapunji_Wet,25.2702,91.7323
2023-08-12T02:00,19.6,100,867.1,Cherrapunji_Wet,25.2702,91.7323
2023-08-12T03:00,19.6,99,867,Cherrapunji_Wet,25.2702,91.7323
2023-08-12T04:00,19.5,100,867.1,Cherrapunji_Wet,25.2702,91.7323
2023-08-12T05:00,20.2,98,866.8,Cherrapunji_Wet,25.2702,91.7323
2023-08-12T06:00,20.5,98,867.5,Cherrapunji_Wet,25.2702,91.7323
2023-08-12T07:00,20.6,96,867.7,Cherrapunji_Wet,25.2702,91.7323
2023-08-12T08:00,20.5,98,868.1,Cherrapunji_Wet,25.2702,91.7323
2023-08-12T09:00,20.2,99,867.9,Cherrapunji_Wet,25.2702,91.7323
2023-08-12T10:00,20.2,99,867.8,Cherrapunji_Wet,25.2702,91.7323
2023-08-12T11:00,19.6,99,866.8,Cherrapunji_Wet,25.2702,91.7323
2023-08-12T12:00,20.6,95,866.5,Cherrapunji_Wet,25.2702,91.7323
2023-08-12T13:00,20.7,94,865.4,Cherrapunji_Wet,25.2702,91.7323
2023-08-12T14:00,21.4,90,865.2,Cherrapunji_Wet,25.2702,91.7323
2023-08-12T15:00,21,94,864.9,Cherrapunji_Wet,25.2702,91.7323
2023-08-12T16:00,20.7,95,864.9,Cherrapunji_Wet,25.2702,91.7323
2023-08-12T17:00,20.2,98,865.7,Cherrapunji_Wet,25.2702,91.7323
2023-08-12T18:00,20.1,99,866.1,Cherrapunji_Wet,25.2702,91.7323
2023-08-12T19:00,20.2,100,866.6,Cherrapunji_Wet,25.2702,91.7323
2023-08-12T20:00,20.1,100,867.1,Cherrapunji_Wet,25.2702,91.7323
2023-08-12T21:00,20.1,99,867.6,Cherrapunji_Wet,25.2702,91.7323
2023-08-12T22:00,20.1,98,867.3,Cherrapunji_Wet,25.2702,91.7323
2023-08-12T23:00,19.9,100,867.2,Cherrapunji_Wet,25.2702,91.7323
2023-08-13T00:00,19.8,100,866.5,Cherrapunji_Wet,25.2702,91.7323
2023-08-13T01:00,19.7,100,865.7,Cherrapunji_Wet,25.2702,91.7323
2023-08-13T02:00,19.7,100,865.5,Cherrapunji_Wet,25.2702,91.7323
2023-08-13T03:00,19.7,100,865.8,Cherrapunji_Wet,25.2702,91.7323
2023-08-13T04:00,19.7,100,866.1,Cherrapunji_Wet,25.2702,91.7323
2023-08-13T05:00,19.7,99,867.1,Cherrapunji_Wet,25.2702,91.7323
2023-08-13T06:00,19.7,100,868,Cherrapunji_Wet,25.2702,91.7323
2023-08-13T07:00,19.8,100,868.5,Cherrapunji_Wet,25.2702,91.7323
2023-08-13T08:00,19.6,99,869,Cherrapunji_Wet,25.2702,91.7323
2023-08-13T09:00,19.7,97,869.3,Cherrapunji_Wet,25.2702,91.7323
2023-08-13T10:00,20.5,95,869.5,Cherrapunji_Wet,25.2702,91.7323
2023-08-13T11:00,21,93,869.2,Cherrapunji_Wet,25.2702,91.7323
2023-08-13T12:00,21.4,98,868.5,Cherrapunji_Wet,25.2702,91.7323
2023-08-13T13:00,21.9,93,867.3,Cherrapunji_Wet,25.2702,91.7323
2023-08-13T14:00,22.5,92,866.6,Cherrapunji_Wet,25.2702,91.7323
2023-08-13T15:00,21.9,89,866.1,Cherrapunji_Wet,25.2702,91.7323
2023-08-13T16:00,21.7,92,866,Cherrapunji_Wet,25.2702,91.7323
2023-08-13T17:00,21.1,94,867.4,Cherrapunji_Wet,25.2702,91.7323
2023-08-13T18:00,20.8,95,867.9,Cherrapunji_Wet,25.2702,91.7323
2023-08-13T19:00,20.5,97,868.8,Cherrapunji_Wet,25.2702,91.7323
2023-08-13T20:00,20,99,869.4,Cherrapunji_Wet,25.2702,91.7323
2023-08-13T21:00,18.9,99,868.8,Cherrapunji_Wet,25.2702,91.7323
2023-08-13T22:00,18.9,97,869.2,Cherrapunji_Wet,25.2702,91.7323
2023-08-13T23:00,19.3,95,869.1,Cherrapunji_Wet,25.2702,91.7323
2023-08-14T00:00,18.9,96,868.4,Cherrapunji_Wet,25.2702,91.7323
2023-08-14T01:00,19.2,95,868.2,Cherrapunji_Wet,25.2702,91.7323
2023-08-14T02:00,19,96,867.5,Cherrapunji_Wet,25.2702,91.7323
2023-08-14T03:00,18.9,97,867.3,Cherrapunji_Wet,25.2702,91.7323
2023-08-14T04:00,18.5,96,867.3,Cherrapunji_Wet,25.2702,91.7323
2023-08-14T05:00,19.7,95,868.3,Cherrapunji_Wet,25.2702,91.7323
2023-08-14T06:00,20.5,94,869.3,Cherrapunji_Wet,25.2702,91.7323
2023-08-14T07:00,21.6,89,870.1,Cherrapunji_Wet,25.2702,91.7323
2023-08-14T08:00,21.5,91,870.5,Cherrapunji_Wet,25.2702,91.7323
2023-08-14T09:00,22.7,91,870.9,Cherrapunji_Wet,25.2702,91.7323
2023-08-14T10:00,21.3,97,870.4,Cherrapunji_Wet,25.2702,91.7323
2023-08-14T11:00,21.9,96,869.9,Cherrapunji_Wet,25.2702,91.7323
2023-08-14T12:00,22.9,91,869.1,Cherrapunji_Wet,25.2702,91.7323
2023-08-14T13:00,23.1,87,868.4,Cherrapunji_Wet,25.2702,91.7323
2023-08-14T14:00,23.6,84,867.2,Cherrapunji_Wet,25.2702,91.7323
2023-08-14T15:00,23.1,84,866.7,Cherrapunji_Wet,25.2702,91.7323
2023-08-14T16:00,22.6,86,866.8,Cherrapunji_Wet,25.2702,91.7323
2023-08-14T17:00,21.5,91,867.6,Cherrapunji_Wet,25.2702,91.7323
2023-08-14T18:00,20.4,98,867.7,Cherrapunji_Wet,25.2702,91.7323
2023-08-14T19:00,19.9,99,868,Cherrapunji_Wet,25.2702,91.7323
2023-08-14T20:00,20.1,97,869,Cherrapunji_Wet,25.2702,91.7323
2023-08-14T21:00,20.2,98,869.4,Cherrapunji_Wet,25.2702,91.7323
2023-08-14T22:00,20.1,98,869.6,Cherrapunji_Wet,25.2702,91.7323
2023-08-14T23:00,19.5,99,869.1,Cherrapunji_Wet,25.2702,91.7323
2023-08-15T00:00,19.6,100,868.7,Cherrapunji_Wet,25.2702,91.7323
2023-08-15T01:00,19.6,100,868,Cherrapunji_Wet,25.2702,91.7323
2023-08-15T02:00,19.5,98,867.8,Cherrapunji_Wet,25.2702,91.7323
2023-08-15T03:00,19.4,98,867.9,Cherrapunji_Wet,25.2702,91.7323
2023-08-15T04:00,19.2,97,868,Cherrapunji_Wet,25.2702,91.7323
2023-08-15T05:00,20.1,98,868.5,Cherrapunji_Wet,25.2702,91.7323
2023-08-15T06:00,20.3,99,869.3,Cherrapunji_Wet,25.2702,91.7323
2023-08-15T07:00,21.3,93,869.9,Cherrapunji_Wet,25.2702,91.7323
2023-08-15T08:00,22.1,87,870.2,Cherrapunji_Wet,25.2702,91.7323
2023-08-15T09:00,22.8,87,870.4,Cherrapunji_Wet,25.2702,91.7323
2023-08-15T10:00,22.8,94,870.4,Cherrapunji_Wet,25.2702,91.7323
2023-08-15T11:00,22.3,93,869.6,Cherrapunji_Wet,25.2702,91.7323
2023-08-15T12:00,21.2,100,868.5,Cherrapunji_Wet,25.2702,91.7323
2023-08-15T13:00,21.9,96,867.6,Cherrapunji_Wet,25.2702,91.7323
2023-08-15T14:00,23.3,87,867,Cherrapunji_Wet,25.2702,91.7323
2023-08-15T15:00,22.6,87,866.5,Cherrapunji_Wet,25.2702,91.7323
2023-08-15T16:00,22.2,89,866.5,Cherrapunji_Wet,25.2702,91.7323
2023-08-15T17:00,21,95,867.3,Cherrapunji_Wet,25.2702,91.7323
2023-08-15T18:00,20.5,98,867.7,Cherrapunji_Wet,25.2702,91.7323
2023-08-15T19:00,20.2,98,868.5,Cherrapunji_Wet,25.2702,91.7323
2023-08-15T20:00,19.9,99,869.2,Cherrapunji_Wet,25.2702,91.7323
2023-08-15T21:00,20.1,98,869.6,Cherrapunji_Wet,25.2702,91.7323
2023-08-15T22:00,20.1,98,869.6,Cherrapunji_Wet,25.2702,91.7323
2023-08-15T23:00,20.1,97,869.4,Cherrapunji_Wet,25.2702,91.7323
2023-08-16T00:00,20.1,98,868.2,Cherrapunji_Wet,25.2702,91.7323
2023-08-16T01:00,19.8,98,868.3,Cherrapunji_Wet,25.2702,91.7323
2023-08-16T02:00,20.1,96,867.6,Cherrapunji_Wet,25.2702,91.7323
2023-08-16T03:00,19.8,97,867.7,Cherrapunji_Wet,25.2702,91.7323
2023-08-16T04:00,19.9,97,868,Cherrapunji_Wet,25.2702,91.7323
2023-08-16T05:00,20,100,868.5,Cherrapunji_Wet,25.2702,91.7323
2023-08-16T06:00,20.6,95,869.3,Cherrapunji_Wet,25.2702,91.7323
2023-08-16T07:00,21.1,93,869.7,Cherrapunji_Wet,25.2702,91.7323
2023-08-16T08:00,22.2,89,870.3,Cherrapunji_Wet,25.2702,91.7323
2023-08-16T09:00,22.9,86,870.5,Cherrapunji_Wet,25.2702,91.7323
2023-08-16T10:00,22.9,86,870.1,Cherrapunji_Wet,25.2702,91.7323
2023-08-16T11:00,22.9,94,869.5,Cherrapunji_Wet,25.2702,91.7323
2023-08-16T12:00,22.8,93,868,Cherrapunji_Wet,25.2702,91.7323
2023-08-16T13:00,23.2,89,867.1,Cherrapunji_Wet,25.2702,91.7323
2023-08-16T14:00,21.9,98,866.3,Cherrapunji_Wet,25.2702,91.7323
2023-08-16T15:00,22.8,93,866,Cherrapunji_Wet,25.2702,91.7323
2023-08-16T16:00,21,97,866,Cherrapunji_Wet,25.2702,91.7323
2023-08-16T17:00,21.3,95,867.1,Cherrapunji_Wet,25.2702,91.7323
2023-08-16T18:00,21,97,867.8,Cherrapunji_Wet,25.2702,91.7323
2023-08-16T19:00,20.2,96,868.5,Cherrapunji_Wet,25.2702,91.7323
2023-08-16T20:00,20.7,91,868.8,Cherrapunji_Wet,25.2702,91.7323
2023-08-16T21:00,20.1,93,869.5,Cherrapunji_Wet,25.2702,91.7323
2023-08-16T22:00,20,93,868.9,Cherrapunji_Wet,25.2702,91.7323
2023-08-16T23:00,19.6,93,868.3,Cherrapunji_Wet,25.2702,91.7323
2023-08-17T00:00,20.6,87,868.2,Cherrapunji_Wet,25.2702,91.7323
2023-08-17T01:00,18.8,95,867.3,Cherrapunji_Wet,25.2702,91.7323
2023-08-17T02:00,18.7,94,867,Cherrapunji_Wet,25.2702,91.7323
2023-08-17T03:00,18.8,93,866.9,Cherrapunji_Wet,25.2702,91.7323
2023-08-17T04:00,18.3,95,866.8,Cherrapunji_Wet,25.2702,91.7323
2023-08-17T05:00,20.2,92,868.1,Cherrapunji_Wet,25.2702,91.7323
2023-08-17T06:00,22,89,869.1,Cherrapunji_Wet,25.2702,91.7323
2023-08-17T07:00,23.7,82,870.2,Cherrapunji_Wet,25.2702,91.7323
2023-08-17T08:00,24.5,82,870.5,Cherrapunji_Wet,25.2702,91.7323
2023-08-17T09:00,25.8,76,870.9,Cherrapunji_Wet,25.2702,91.7323
2023-08-17T10:00,26.6,72,870.6,Cherrapunji_Wet,25.2702,91.7323
2023-08-17T11:00,22.4,87,869.5,Cherrapunji_Wet,25.2702,91.7323
2023-08-17T12:00,23.9,81,868.5,Cherrapunji_Wet,25.2702,91.7323
2023-08-17T13:00,25.6,75,868,Cherrapunji_Wet,25.2702,91.7323
2023-08-17T14:00,25.8,73,867.2,Cherrapunji_Wet,25.2702,91.7323
2023-08-17T15:00,25.3,75,866.9,Cherrapunji_Wet,25.2702,91.7323
2023-08-17T16:00,24.9,79,866.8,Cherrapunji_Wet,25.2702,91.7323
2023-08-17T17:00,22.7,89,867.9,Cherrapunji_Wet,25.2702,91.7323
2023-08-17T18:00,21.6,97,868.6,Cherrapunji_Wet,25.2702,91.7323
2023-08-17T19:00,21.5,96,869.1,Cherrapunji_Wet,25.2702,91.7323
2023-08-17T20:00,22.1,91,869.7,Cherrapunji_Wet,25.2702,91.7323
2023-08-17T21:00,21.3,96,869.6,Cherrapunji_Wet,25.2702,91.7323
2023-08-17T22:00,20.4,99,869.2,Cherrapunji_Wet,25.2702,91.7323
2023-08-17T23:00,20.3,100,869.5,Cherrapunji_Wet,25.2702,91.7323
2023-08-18T00:00,20.4,98,868.5,Cherrapunji_Wet,25.2702,91.7323
2023-08-18T01:00,20,100,868.3,Cherrapunji_Wet,25.2702,91.7323
2023-08-18T02:00,19.9,99,868,Cherrapunji_Wet,25.2702,91.7323
2023-08-18T03:00,20.2,98,868.1,Cherrapunji_Wet,25.2702,91.7323
2023-08-18T04:00,19.7,100,868.4,Cherrapunji_Wet,25.2702,91.7323
2023-08-18T05:00,20.3,99,869.2,Cherrapunji_Wet,25.2702,91.7323
2023-08-18T06:00,21,96,870,Cherrapunji_Wet,25.2702,91.7323
2023-08-18T07:00,21.7,91,870.6,Cherrapunji_Wet,25.2702,91.7323
2023-08-18T08:00,22.8,85,871.1,Cherrapunji_Wet,25.2702,91.7323
2023-08-18T09:00,23.2,89,871.2,Cherrapunji_Wet,25.2702,91.7323
2023-08-18T10:00,23.8,87,871.2,Cherrapunji_Wet,25.2702,91.7323
2023-08-18T11:00,24.5,82,870.7,Cherrapunji_Wet,25.2702,91.7323
2023-08-18T12:00,24.4,83,869.7,Cherrapunji_Wet,25.2702,91.7323
2023-08-18T13:00,23.4,90,868.8,Cherrapunji_Wet,25.2702,91.7323
2023-08-18T14:00,23.1,90,867.9,Cherrapunji_Wet,25.2702,91.7323
2023-08-18T15:00,23.2,88,867.7,Cherrapunji_Wet,25.2702,91.7323
2023-08-18T16:00,23.2,85,867.7,Cherrapunji_Wet,25.2702,91.7323
2023-08-18T17:00,22.6,87,868.5,Cherrapunji_Wet,25.2702,91.7323
2023-08-18T18:00,21,98,868.1,Cherrapunji_Wet,25.2702,91.7323
2023-08-18T19:00,21,98,869.3,Cherrapunji_Wet,25.2702,91.7323
2023-08-18T20:00,21.1,98,870.1,Cherrapunji_Wet,25.2702,91.7323
2023-08-18T21:00,20.7,100,870.6,Cherrapunji_Wet,25.2702,91.7323
2023-08-18T22:00,20.5,100,870.4,Cherrapunji_Wet,25.2702,91.7323
2023-08-18T23:00,20.5,95,870.5,Cherrapunji_Wet,25.2702,91.7323
2023-08-19T00:00,20.1,99,870,Cherrapunji_Wet,25.2702,91.7323
2023-08-19T01:00,20,99,869.9,Cherrapunji_Wet,25.2702,91.7323
2023-08-19T02:00,20,98,869.5,Cherrapunji_Wet,25.2702,91.7323
2023-08-19T03:00,19.8,99,869.7,Cherrapunji_Wet,25.2702,91.7323
2023-08-19T04:00,19.7,99,869.7,Cherrapunji_Wet,25.2702,91.7323
2023-08-19T05:00,20.1,99,870.5,Cherrapunji_Wet,25.2702,91.7323
2023-08-19T06:00,20.2,98,870.8,Cherrapunji_Wet,25.2702,91.7323
2023-08-19T07:00,20.7,92,871.7,Cherrapunji_Wet,25.2702,91.7323
2023-08-19T08:00,21.3,91,872,Cherrapunji_Wet,25.2702,91.7323
2023-08-19T09:00,22,85,872,Cherrapunji_Wet,25.2702,91.7323
2023-08-19T10:00,22.3,87,871.9,Cherrapunji_Wet,25.2702,91.7323
2023-08-19T11:00,22.8,83,871.6,Cherrapunji_Wet,25.2702,91.7323
2023-08-19T12:00,23.1,81,870.9,Cherrapunji_Wet,25.2702,91.7323
2023-08-19T13:00,23.4,80,869.9,Cherrapunji_Wet,25.2702,91.7323
2023-08-19T14:00,22.9,83,869,Cherrapunji_Wet,25.2702,91.7323
2023-08-19T15:00,22.7,83,868.4,Cherrapunji_Wet,25.2702,91.7323
2023-08-19T16:00,22.5,82,868.4,Cherrapunji_Wet,25.2702,91.7323
2023-08-19T17:00,21.3,89,869.5,Cherrapunji_Wet,25.2702,91.7323
2023-08-19T18:00,20.3,98,869.7,Cherrapunji_Wet,25.2702,91.7323
2023-08-19T19:00,20.2,97,870.4,Cherrapunji_Wet,25.2702,91.7323
2023-08-19T20:00,20.3,96,871,Cherrapunji_Wet,25.2702,91.7323
2023-08-19T21:00,20.4,96,871.2,Cherrapunji_Wet,25.2702,91.7323
2023-08-19T22:00,20.2,97,871.1,Cherrapunji_Wet,25.2702,91.7323
2023-08-19T23:00,20.2,96,870.9,Cherrapunji_Wet,25.2702,91.7323
2023-08-20T00:00,20.1,96,870.7,Cherrapunji_Wet,25.2702,91.7323
2023-08-20T01:00,20,96,870.3,Cherrapunji_Wet,25.2702,91.7323
2023-08-20T02:00,19.6,98,870,Cherrapunji_Wet,25.2702,91.7323
2023-08-20T03:00,19.2,99,869.7,Cherrapunji_Wet,25.2702,91.7323
2023-08-20T04:00,19,99,869.9,Cherrapunji_Wet,25.2702,91.7323
2023-08-20T05:00,19.4,98,870.5,Cherrapunji_Wet,25.2702,91.7323
2023-08-20T06:00,20,95,871,Cherrapunji_Wet,25.2702,91.7323
2023-08-20T07:00,21.3,88,872,Cherrapunji_Wet,25.2702,91.7323
2023-08-20T08:00,21.8,85,872.3,Cherrapunji_Wet,25.2702,91.7323
2023-08-20T09:00,22.6,82,872.6,Cherrapunji_Wet,25.2702,91.7323
2023-08-20T10:00,23.3,79,872.5,Cherrapunji_Wet,25.2702,91.7323
2023-08-20T11:00,23.8,76,871.8,Cherrapunji_Wet,25.2702,91.7323
2023-08-20T12:00,24.3,75,871.1,Cherrapunji_Wet,25.2702,91.7323
2023-08-20T13:00,24.3,75,869.9,Cherrapunji_Wet,25.2702,91.7323
2023-08-20T14:00,24,76,868.9,Cherrapunji_Wet,25.2702,91.7323
2023-08-20T15:00,23.4,79,868.1,Cherrapunji_Wet,25.2702,91.7323
2023-08-20T16:00,22.4,87,868,Cherrapunji_Wet,25.2702,91.7323
2023-08-20T17:00,21.4,90,869,Cherrapunji_Wet,25.2702,91.7323
2023-08-20T18:00,20.7,96,869.1,Cherrapunji_Wet,25.2702,91.7323
2023-08-20T19:00,20.3,99,869.5,Cherrapunji_Wet,25.2702,91.7323
2023-08-20T20:00,20.5,100,870.1,Cherrapunji_Wet,25.2702,91.7323
2023-08-20T21:00,20.1,99,870.4,Cherrapunji_Wet,25.2702,91.7323
2023-08-20T22:00,19.8,99,870.2,Cherrapunji_Wet,25.2702,91.7323
2023-08-20T23:00,19.8,98,869.7,Cherrapunji_Wet,25.2702,91.7323
2023-08-21T00:00,19.8,98,869.3,Cherrapunji_Wet,25.2702,91.7323
2023-08-21T01:00,19.6,99,868.8,Cherrapunji_Wet,25.2702,91.7323
2023-08-21T02:00,19.7,98,868.3,Cherrapunji_Wet,25.2702,91.7323
2023-08-21T03:00,19.6,98,868.4,Cherrapunji_Wet,25.2702,91.7323
2023-08-21T04:00,19.4,98,868.1,Cherrapunji_Wet,25.2702,91.7323
2023-08-21T05:00,20.2,97,868.7,Cherrapunji_Wet,25.2702,91.7323
2023-08-21T06:00,21,94,869.8,Cherrapunji_Wet,25.2702,91.7323
2023-08-21T07:00,22,86,870.6,Cherrapunji_Wet,25.2702,91.7323
2023-08-21T08:00,22.2,86,871,Cherrapunji_Wet,25.2702,91.7323
2023-08-21T09:00,22.1,88,871.1,Cherrapunji_Wet,25.2702,91.7323
2023-08-21T10:00,22.2,88,870.6,Cherrapunji_Wet,25.2702,91.7323
2023-08-21T11:00,22.1,92,870.1,Cherrapunji_Wet,25.2702,91.7323
2023-08-21T12:00,21.1,97,869,Cherrapunji_Wet,25.2702,91.7323
2023-08-21T13:00,22.4,89,868.3,Cherrapunji_Wet,25.2702,91.7323
2023-08-21T14:00,22.6,84,867.5,Cherrapunji_Wet,25.2702,91.7323
2023-08-21T15:00,22.4,85,867.4,Cherrapunji_Wet,25.2702,91.7323
2023-08-21T16:00,22.3,86,867.6,Cherrapunji_Wet,25.2702,91.7323
2023-08-21T17:00,20.9,94,868.4,Cherrapunji_Wet,25.2702,91.7323
2023-08-21T18:00,20.4,98,868.9,Cherrapunji_Wet,25.2702,91.7323
2023-08-21T19:00,20.2,99,869.3,Cherrapunji_Wet,25.2702,91.7323
2023-08-21T20:00,20,99,869.7,Cherrapunji_Wet,25.2702,91.7323
2023-08-21T21:00,20,99,869.8,Cherrapunji_Wet,25.2702,91.7323
2023-08-21T22:00,20,98,870,Cherrapunji_Wet,25.2702,91.7323
2023-08-21T23:00,19.9,97,869.8,Cherrapunji_Wet,25.2702,91.7323
2023-08-22T00:00,19.7,96,869.2,Cherrapunji_Wet,25.2702,91.7323
2023-08-22T01:00,19.5,97,868.7,Cherrapunji_Wet,25.2702,91.7323
2023-08-22T02:00,19.3,99,868.2,Cherrapunji_Wet,25.2702,91.7323
2023-08-22T03:00,19.3,99,868.1,Cherrapunji_Wet,25.2702,91.7323
2023-08-22T04:00,19.2,100,868.1,Cherrapunji_Wet,25.2702,91.7323
2023-08-22T05:00,19.5,99,868.7,Cherrapunji_Wet,25.2702,91.7323
2023-08-22T06:00,19.5,98,869.2,Cherrapunji_Wet,25.2702,91.7323
2023-08-22T07:00,20,94,869.7,Cherrapunji_Wet,25.2702,91.7323
2023-08-22T08:00,19.9,95,870,Cherrapunji_Wet,25.2702,91.7323
2023-08-22T09:00,19.7,95,870.3,Cherrapunji_Wet,25.2702,91.7323
2023-08-22T10:00,20,93,869.8,Cherrapunji_Wet,25.2702,91.7323
2023-08-22T11:00,19.9,94,869.4,Cherrapunji_Wet,25.2702,91.7323
2023-08-22T12:00,20,92,868.7,Cherrapunji_Wet,25.2702,91.7323
2023-08-22T13:00,19.9,97,867.7,Cherrapunji_Wet,25.2702,91.7323
2023-08-22T14:00,19.8,95,867.5,Cherrapunji_Wet,25.2702,91.7323
2023-08-22T15:00,20.6,90,867.4,Cherrapunji_Wet,25.2702,91.7323
2023-08-22T16:00,20.3,93,867.4,Cherrapunji_Wet,25.2702,91.7323
2023-08-22T17:00,19.4,97,868.5,Cherrapunji_Wet,25.2702,91.7323
2023-08-22T18:00,19.1,100,868.6,Cherrapunji_Wet,25.2702,91.7323
2023-08-22T19:00,19.1,100,869.4,Cherrapunji_Wet,25.2702,91.7323
2023-08-22T20:00,19,100,870.1,Cherrapunji_Wet,25.2702,91.7323
2023-08-22T21:00,19,98,870.3,Cherrapunji_Wet,25.2702,91.7323
2023-08-22T22:00,19.1,98,870.2,Cherrapunji_Wet,25.2702,91.7323
2023-08-22T23:00,18.9,99,869.7,Cherrapunji_Wet,25.2702,91.7323
2023-08-23T00:00,18.9,100,868.9,Cherrapunji_Wet,25.2702,91.7323
2023-08-23T01:00,19,99,868.4,Cherrapunji_Wet,25.2702,91.7323
2023-08-23T02:00,19,100,868.1,Cherrapunji_Wet,25.2702,91.7323
2023-08-23T03:00,18.9,100,867.8,Cherrapunji_Wet,25.2702,91.7323
2023-08-23T04:00,18.9,100,867.7,Cherrapunji_Wet,25.2702,91.7323
2023-08-23T05:00,19,99,868.3,Cherrapunji_Wet,25.2702,91.7323
2023-08-23T06:00,19.1,100,868.7,Cherrapunji_Wet,25.2702,91.7323
2023-08-23T07:00,19.2,100,869.2,Cherrapunji_Wet,25.2702,91.7323
2023-08-23T08:00,19.6,99,869.5,Cherrapunji_Wet,25.2702,91.7323
2023-08-23T09:00,19.7,96,869.6,Cherrapunji_Wet,25.2702,91.7323
2023-08-23T10:00,19.7,95,869.2,Cherrapunji_Wet,25.2702,91.7323
2023-08-23T11:00,20.3,100,868.7,Cherrapunji_Wet,25.2702,91.7323
2023-08-23T12:00,20.4,98,867.7,Cherrapunji_Wet,25.2702,91.7323
2023-08-23T13:00,20.2,99,866.4,Cherrapunji_Wet,25.2702,91.7323
2023-08-23T14:00,20.5,95,865.6,Cherrapunji_Wet,25.2702,91.7323
2023-08-23T15:00,20.1,95,865,Cherrapunji_Wet,25.2702,91.7323
2023-08-23T16:00,20.6,92,865.2,Cherrapunji_Wet,25.2702,91.7323
2023-08-23T17:00,20.1,95,866.5,Cherrapunji_Wet,25.2702,91.7323
2023-08-23T18:00,19.5,99,866.6,Cherrapunji_Wet,25.2702,91.7323
2023-08-23T19:00,19.5,99,867.4,Cherrapunji_Wet,25.2702,91.7323
2023-08-23T20:00,19.5,99,867.9,Cherrapunji_Wet,25.2702,91.7323
2023-08-23T21:00,19.5,98,867.9,Cherrapunji_Wet,25.2702,91.7323
2023-08-23T22:00,19.3,100,867.5,Cherrapunji_Wet,25.2702,91.7323
2023-08-23T23:00,19.2,100,866.7,Cherrapunji_Wet,25.2702,91.7323
2023-08-24T00:00,19.2,100,866.2,Cherrapunji_Wet,25.2702,91.7323
2023-08-24T01:00,19.2,100,865.5,Cherrapunji_Wet,25.2702,91.7323
2023-08-24T02:00,19.1,100,865.2,Cherrapunji_Wet,25.2702,91.7323
2023-08-24T03:00,19,100,865.2,Cherrapunji_Wet,25.2702,91.7323
2023-08-24T04:00,19,100,865.4,Cherrapunji_Wet,25.2702,91.7323
2023-08-24T05:00,19.3,99,865.8,Cherrapunji_Wet,25.2702,91.7323
2023-08-24T06:00,19.4,100,866.4,Cherrapunji_Wet,25.2702,91.7323
2023-08-24T07:00,19.8,94,867,Cherrapunji_Wet,25.2702,91.7323
2023-08-24T08:00,19.9,91,867.4,Cherrapunji_Wet,25.2702,91.7323
2023-08-24T09:00,19.6,95,867.4,Cherrapunji_Wet,25.2702,91.7323
2023-08-24T10:00,19.7,94,867.1,Cherrapunji_Wet,25.2702,91.7323
2023-08-24T11:00,19.9,93,866.4,Cherrapunji_Wet,25.2702,91.7323
2023-08-24T12:00,20.5,91,865.9,Cherrapunji_Wet,25.2702,91.7323
2023-08-24T13:00,21.1,88,865.3,Cherrapunji_Wet,25.2702,91.7323
2023-08-24T14:00,21.2,87,864.8,Cherrapunji_Wet,25.2702,91.7323
2023-08-24T15:00,21.5,84,864.5,Cherrapunji_Wet,25.2702,91.7323
2023-08-24T16:00,21.5,84,865.1,Cherrapunji_Wet,25.2702,91.7323
2023-08-24T17:00,19.9,98,865.1,Cherrapunji_Wet,25.2702,91.7323
2023-08-24T18:00,19.4,100,865.6,Cherrapunji_Wet,25.2702,91.7323
2023-08-24T19:00,19.3,99,866.4,Cherrapunji_Wet,25.2702,91.7323
2023-08-24T20:00,19.5,99,866.7,Cherrapunji_Wet,25.2702,91.7323
2023-08-24T21:00,19.6,97,866.6,Cherrapunji_Wet,25.2702,91.7323
2023-08-24T22:00,19.2,100,866.4,Cherrapunji_Wet,25.2702,91.7323
2023-08-24T23:00,19.3,99,866.1,Cherrapunji_Wet,25.2702,91.7323
2023-08-25T00:00,19.3,99,865.6,Cherrapunji_Wet,25.2702,91.7323
2023-08-25T01:00,19.1,100,864.6,Cherrapunji_Wet,25.2702,91.7323
2023-08-25T02:00,19.1,100,864.4,Cherrapunji_Wet,25.2702,91.7323
2023-08-25T03:00,19.1,100,864.6,Cherrapunji_Wet,25.2702,91.7323
2023-08-25T04:00,19.4,100,864.9,Cherrapunji_Wet,25.2702,91.7323
2023-08-25T05:00,19.1,99,865.1,Cherrapunji_Wet,25.2702,91.7323
2023-08-25T06:00,19.2,100,865.6,Cherrapunji_Wet,25.2702,91.7323
2023-08-25T07:00,19,99,866.1,Cherrapunji_Wet,25.2702,91.7323
2023-08-25T08:00,19.2,99,866.4,Cherrapunji_Wet,25.2702,91.7323
2023-08-25T09:00,20.1,91,866.9,Cherrapunji_Wet,25.2702,91.7323
2023-08-25T10:00,20,94,866.6,Cherrapunji_Wet,25.2702,91.7323
2023-08-25T11:00,20.6,100,866,Cherrapunji_Wet,25.2702,91.7323
2023-08-25T12:00,20.9,98,865.5,Cherrapunji_Wet,25.2702,91.7323
2023-08-25T13:00,21.5,92,864.9,Cherrapunji_Wet,25.2702,91.7323
2023-08-25T14:00,21.6,90,864.3,Cherrapunji_Wet,25.2702,91.7323
2023-08-25T15:00,21.3,90,864.3,Cherrapunji_Wet,25.2702,91.7323
2023-08-25T16:00,20.7,92,864.7,Cherrapunji_Wet,25.2702,91.7323
2023-08-25T17:00,20,98,865.4,Cherrapunji_Wet,25.2702,91.7323
2023-08-25T18:00,19.9,100,865.7,Cherrapunji_Wet,25.2702,91.7323
2023-08-25T19:00,19.8,99,866.2,Cherrapunji_Wet,25.2702,91.7323
2023-08-25T20:00,19.7,100,866.5,Cherrapunji_Wet,25.2702,91.7323
2023-08-25T21:00,19.6,100,866.6,Cherrapunji_Wet,25.2702,91.7323
2023-08-25T22:00,19.6,100,866.3,Cherrapunji_Wet,25.2702,91.7323
2023-08-25T23:00,19.6,99,866,Cherrapunji_Wet,25.2702,91.7323
2023-08-26T00:00,19.6,99,865.2,Cherrapunji_Wet,25.2702,91.7323
2023-08-26T01:00,19.5,100,864.5,Cherrapunji_Wet,25.2702,91.7323
2023-08-26T02:00,19.4,100,864.2,Cherrapunji_Wet,25.2702,91.7323
2023-08-26T03:00,19.3,100,864.2,Cherrapunji_Wet,25.2702,91.7323
2023-08-26T04:00,19.2,100,864.3,Cherrapunji_Wet,25.2702,91.7323
2023-08-26T05:00,19.4,100,864.8,Cherrapunji_Wet,25.2702,91.7323
2023-08-26T06:00,19.5,99,864.9,Cherrapunji_Wet,25.2702,91.7323
2023-08-26T07:00,19.7,99,865.8,Cherrapunji_Wet,25.2702,91.7323
2023-08-26T08:00,19.9,100,866.1,Cherrapunji_Wet,25.2702,91.7323
2023-08-26T09:00,19.8,100,866.2,Cherrapunji_Wet,25.2702,91.7323
2023-08-26T10:00,19.7,100,865.9,Cherrapunji_Wet,25.2702,91.7323
2023-08-26T11:00,20.7,95,865.6,Cherrapunji_Wet,25.2702,91.7323
2023-08-26T12:00,21.5,89,865.1,Cherrapunji_Wet,25.2702,91.7323
2023-08-26T13:00,21.5,90,864.6,Cherrapunji_Wet,25.2702,91.7323
2023-08-26T14:00,21.1,93,864,Cherrapunji_Wet,25.2702,91.7323
2023-08-26T15:00,20.7,90,863.9,Cherrapunji_Wet,25.2702,91.7323
2023-08-26T16:00,19.9,98,863.9,Cherrapunji_Wet,25.2702,91.7323
2023-08-26T17:00,20,98,864.9,Cherrapunji_Wet,25.2702,91.7323
2023-08-26T18:00,19.6,100,865.5,Cherrapunji_Wet,25.2702,91.7323
2023-08-26T19:00,19.7,100,866.4,Cherrapunji_Wet,25.2702,91.7323
2023-08-26T20:00,19.7,99,866.8,Cherrapunji_Wet,25.2702,91.7323
2023-08-26T21:00,19.7,94,867.1,Cherrapunji_Wet,25.2702,91.7323
2023-08-26T22:00,19.5,98,866.6,Cherrapunji_Wet,25.2702,91.7323
2023-08-26T23:00,19.5,99,866.3,Cherrapunji_Wet,25.2702,91.7323
2023-08-27T00:00,19.5,100,865.7,Cherrapunji_Wet,25.2702,91.7323
2023-08-27T01:00,19.4,97,865,Cherrapunji_Wet,25.2702,91.7323
2023-08-27T02:00,19.4,99,864.8,Cherrapunji_Wet,25.2702,91.7323
2023-08-27T03:00,19.2,99,864.6,Cherrapunji_Wet,25.2702,91.7323
2023-08-27T04:00,19.2,99,864.8,Cherrapunji_Wet,25.2702,91.7323
2023-08-27T05:00,19.7,99,864.9,Cherrapunji_Wet,25.2702,91.7323
2023-08-27T06:00,19.9,100,865.7,Cherrapunji_Wet,25.2702,91.7323
2023-08-27T07:00,19.9,99,866.1,Cherrapunji_Wet,25.2702,91.7323
2023-08-27T08:00,20,100,866.5,Cherrapunji_Wet,25.2702,91.7323
2023-08-27T09:00,20.2,99,866.6,Cherrapunji_Wet,25.2702,91.7323
2023-08-27T10:00,19.7,99,866.2,Cherrapunji_Wet,25.2702,91.7323
2023-08-27T11:00,20.3,92,865.8,Cherrapunji_Wet,25.2702,91.7323
2023-08-27T12:00,20.6,93,865.2,Cherrapunji_Wet,25.2702,91.7323
2023-08-27T13:00,21.5,90,864.6,Cherrapunji_Wet,25.2702,91.7323
2023-08-27T14:00,20.6,100,863.7,Cherrapunji_Wet,25.2702,91.7323
2023-08-27T15:00,20.6,98,863.3,Cherrapunji_Wet,25.2702,91.7323
2023-08-27T16:00,20.3,99,863.5,Cherrapunji_Wet,25.2702,91.7323
2023-08-27T17:00,20.3,95,865.1,Cherrapunji_Wet,25.2702,91.7323
2023-08-27T18:00,19.9,98,865.5,Cherrapunji_Wet,25.2702,91.7323
2023-08-27T19:00,19.7,100,866,Cherrapunji_Wet,25.2702,91.7323
2023-08-27T20:00,19.7,100,866.6,Cherrapunji_Wet,25.2702,91.7323
2023-08-27T21:00,19.8,100,866.9,Cherrapunji_Wet,25.2702,91.7323
2023-08-27T22:00,19.7,99,867,Cherrapunji_Wet,25.2702,91.7323
2023-08-27T23:00,19.6,98,866.8,Cherrapunji_Wet,25.2702,91.7323
2023-08-28T00:00,19.6,98,866.2,Cherrapunji_Wet,25.2702,91.7323
2023-08-28T01:00,19.4,97,865.5,Cherrapunji_Wet,25.2702,91.7323
2023-08-28T02:00,19.1,100,865.2,Cherrapunji_Wet,25.2702,91.7323
2023-08-28T03:00,19.2,99,865.4,Cherrapunji_Wet,25.2702,91.7323
2023-08-28T04:00,19.1,100,865.3,Cherrapunji_Wet,25.2702,91.7323
2023-08-28T05:00,19.1,99,865.9,Cherrapunji_Wet,25.2702,91.7323
2023-08-28T06:00,19.3,98,866.6,Cherrapunji_Wet,25.2702,91.7323
2023-08-28T07:00,19.6,95,867.2,Cherrapunji_Wet,25.2702,91.7323
2023-08-28T08:00,20.4,92,868.1,Cherrapunji_Wet,25.2702,91.7323
2023-08-28T09:00,21.1,91,868.7,Cherrapunji_Wet,25.2702,91.7323
2023-08-28T10:00,22.2,86,868.7,Cherrapunji_Wet,25.2702,91.7323
2023-08-28T11:00,22.3,83,868.4,Cherrapunji_Wet,25.2702,91.7323
2023-08-28T12:00,23.1,78,867.9,Cherrapunji_Wet,25.2702,91.7323
2023-08-28T13:00,23.7,75,866.9,Cherrapunji_Wet,25.2702,91.7323
2023-08-28T14:00,24.1,73,866.1,Cherrapunji_Wet,25.2702,91.7323
2023-08-28T15:00,23.6,75,865.7,Cherrapunji_Wet,25.2702,91.7323
2023-08-28T16:00,22.2,84,865.6,Cherrapunji_Wet,25.2702,91.7323
2023-08-28T17:00,20.3,93,866.6,Cherrapunji_Wet,25.2702,91.7323
2023-08-28T18:00,19.2,98,865.9,Cherrapunji_Wet,25.2702,91.7323
2023-08-28T19:00,18.6,98,866.9,Cherrapunji_Wet,25.2702,91.7323
2023-08-28T20:00,19,98,867.8,Cherrapunji_Wet,25.2702,91.7323
2023-08-28T21:00,18.8,99,868,Cherrapunji_Wet,25.2702,91.7323
2023-08-28T22:00,19,98,868.1,Cherrapunji_Wet,25.2702,91.7323
2023-08-28T23:00,18.6,97,867.6,Cherrapunji_Wet,25.2702,91.7323
2023-08-29T00:00,18,96,866.9,Cherrapunji_Wet,25.2702,91.7323
2023-08-29T01:00,17.8,95,866.6,Cherrapunji_Wet,25.2702,91.7323
2023-08-29T02:00,17.9,94,866.5,Cherrapunji_Wet,25.2702,91.7323
2023-08-29T03:00,17.7,94,866.4,Cherrapunji_Wet,25.2702,91.7323
2023-08-29T04:00,17.7,95,866.5,Cherrapunji_Wet,25.2702,91.7323
2023-08-29T05:00,18.3,94,867,Cherrapunji_Wet,25.2702,91.7323
2023-08-29T06:00,20.4,90,868.5,Cherrapunji_Wet,25.2702,91.7323
2023-08-29T07:00,21.8,84,869.5,Cherrapunji_Wet,25.2702,91.7323
2023-08-29T08:00,23,76,869.9,Cherrapunji_Wet,25.2702,91.7323
2023-08-29T09:00,24,71,870.3,Cherrapunji_Wet,25.2702,91.7323
2023-08-29T10:00,24.8,69,870,Cherrapunji_Wet,25.2702,91.7323
2023-08-29T11:00,24.8,70,869.1,Cherrapunji_Wet,25.2702,91.7323
2023-08-29T12:00,24.2,73,868,Cherrapunji_Wet,25.2702,91.7323
2023-08-29T13:00,24.4,73,867.1,Cherrapunji_Wet,25.2702,91.7323
2023-08-29T14:00,24.2,77,866.5,Cherrapunji_Wet,25.2702,91.7323
2023-08-29T15:00,23.5,79,866,Cherrapunji_Wet,25.2702,91.7323
2023-08-29T16:00,22.4,86,866,Cherrapunji_Wet,25.2702,91.7323
2023-08-29T17:00,21.1,94,866.3,Cherrapunji_Wet,25.2702,91.7323
2023-08-29T18:00,20.4,93,866.8,Cherrapunji_Wet,25.2702,91.7323
2023-08-29T19:00,22,82,868.6,Cherrapunji_Wet,25.2702,91.7323
2023-08-29T20:00,19.8,91,868.3,Cherrapunji_Wet,25.2702,91.7323
2023-08-29T21:00,19.6,91,868.8,Cherrapunji_Wet,25.2702,91.7323
2023-08-29T22:00,19.3,92,869,Cherrapunji_Wet,25.2702,91.7323
2023-08-29T23:00,18.8,94,868.5,Cherrapunji_Wet,25.2702,91.7323
2023-08-30T00:00,18,96,867.8,Cherrapunji_Wet,25.2702,91.7323
2023-08-30T01:00,18.1,93,867.5,Cherrapunji_Wet,25.2702,91.7323
2023-08-30T02:00,18.1,93,867.1,Cherrapunji_Wet,25.2702,91.7323
2023-08-30T03:00,18,93,867.1,Cherrapunji_Wet,25.2702,91.7323
2023-08-30T04:00,17.7,94,867.3,Cherrapunji_Wet,25.2702,91.7323
2023-08-30T05:00,19.3,91,868.6,Cherrapunji_Wet,25.2702,91.7323
2023-08-30T06:00,21.4,92,869.9,Cherrapunji_Wet,25.2702,91.7323
2023-08-30T07:00,22.8,82,870.4,Cherrapunji_Wet,25.2702,91.7323
2023-08-30T08:00,24.1,74,871.2,Cherrapunji_Wet,25.2702,91.7323
2023-08-30T09:00,24.4,74,871.4,Cherrapunji_Wet,25.2702,91.7323
2023-08-30T10:00,24.8,73,871.1,Cherrapunji_Wet,25.2702,91.7323
2023-08-30T11:00,24.6,75,870.6,Cherrapunji_Wet,25.2702,91.7323
2023-08-30T12:00,24.9,79,869.8,Cherrapunji_Wet,25.2702,91.7323
2023-08-30T13:00,25,79,868.6,Cherrapunji_Wet,25.2702,91.7323
2023-08-30T14:00,24.3,80,867.8,Cherrapunji_Wet,25.2702,91.7323
2023-08-30T15:00,23.3,85,867.7,Cherrapunji_Wet,25.2702,91.7323
2023-08-30T16:00,23.1,85,867.8,Cherrapunji_Wet,25.2702,91.7323
2023-08-30T17:00,22,88,868.6,Cherrapunji_Wet,25.2702,91.7323
2023-08-30T18:00,21.3,93,868.5,Cherrapunji_Wet,25.2702,91.7323
2023-08-30T19:00,20.7,94,869.1,Cherrapunji_Wet,25.2702,91.7323
2023-08-30T20:00,20.4,94,869.6,Cherrapunji_Wet,25.2702,91.7323
2023-08-30T21:00,19.9,94,869.9,Cherrapunji_Wet,25.2702,91.7323
2023-08-30T22:00,19.6,94,870,Cherrapunji_Wet,25.2702,91.7323
2023-08-30T23:00,19.3,92,869.6,Cherrapunji_Wet,25.2702,91.7323
2023-08-31T00:00,19,92,868.9,Cherrapunji_Wet,25.2702,91.7323
2023-08-31T01:00,18.6,92,868.5,Cherrapunji_Wet,25.2702,91.7323
2023-08-31T02:00,18.7,93,868.6,Cherrapunji_Wet,25.2702,91.7323
2023-08-31T03:00,18.5,96,868.7,Cherrapunji_Wet,25.2702,91.7323
2023-08-31T04:00,19.3,94,869.3,Cherrapunji_Wet,25.2702,91.7323
2023-08-31T05:00,20,95,870.3,Cherrapunji_Wet,25.2702,91.7323
2023-08-31T06:00,21.1,93,871.1,Cherrapunji_Wet,25.2702,91.7323
2023-08-31T07:00,22.6,84,872.2,Cherrapunji_Wet,25.2702,91.7323
2023-08-31T08:00,24.1,74,872.7,Cherrapunji_Wet,25.2702,91.7323
2023-08-31T09:00,24.9,71,872.7,Cherrapunji_Wet,25.2702,91.7323
2023-08-31T10:00,24.7,74,872.5,Cherrapunji_Wet,25.2702,91.7323
2023-08-31T11:00,24.5,77,871.8,Cherrapunji_Wet,25.2702,91.7323
2023-08-31T12:00,25,80,870.8,Cherrapunji_Wet,25.2702,91.7323
2023-08-31T13:00,23,87,869.6,Cherrapunji_Wet,25.2702,91.7323
2023-08-31T14:00,24,83,868.9,Cherrapunji_Wet,25.2702,91.7323
2023-08-31T15:00,24.1,79,868.3,Cherrapunji_Wet,25.2702,91.7323
2023-08-31T16:00,23.2,81,868.6,Cherrapunji_Wet,25.2702,91.7323
2023-08-31T17:00,22.3,91,869,Cherrapunji_Wet,25.2702,91.7323
2023-08-31T18:00,22,87,869.3,Cherrapunji_Wet,25.2702,91.7323
2023-08-31T19:00,21.6,86,870,Cherrapunji_Wet,25.2702,91.7323
2023-08-31T20:00,21.5,88,870.6,Cherrapunji_Wet,25.2702,91.7323
2023-08-31T21:00,20,93,870,Cherrapunji_Wet,25.2702,91.7323
2023-08-31T22:00,20.2,90,870.3,Cherrapunji_Wet,25.2702,91.7323
2023-08-31T23:00,19.5,94,869.9,Cherrapunji_Wet,25.2702,91.7323
2023-09-01T00:00,19.1,95,869.2,Cherrapunji_Wet,25.2702,91.7323
2023-09-01T01:00,18.5,97,868.2,Cherrapunji_Wet,25.2702,91.7323
2023-09-01T02:00,18.8,93,868.5,Cherrapunji_Wet,25.2702,91.7323
2023-09-01T03:00,18.2,95,867.7,Cherrapunji_Wet,25.2702,91.7323
2023-09-01T04:00,17.7,94,868,Cherrapunji_Wet,25.2702,91.7323
2023-09-01T05:00,18.7,93,869.9,Cherrapunji_Wet,25.2702,91.7323
2023-09-01T06:00,20.4,91,870.8,Cherrapunji_Wet,25.2702,91.7323
2023-09-01T07:00,22.8,82,872,Cherrapunji_Wet,25.2702,91.7323
2023-09-01T08:00,23.7,79,872.6,Cherrapunji_Wet,25.2702,91.7323
2023-09-01T09:00,23.6,83,872.4,Cherrapunji_Wet,25.2702,91.7323
2023-09-01T10:00,23.6,82,871.9,Cherrapunji_Wet,25.2702,91.7323
2023-09-01T11:00,22.4,84,871.2,Cherrapunji_Wet,25.2702,91.7323
2023-09-01T12:00,22.6,95,870,Cherrapunji_Wet,25.2702,91.7323
2023-09-01T13:00,23.4,89,869.1,Cherrapunji_Wet,25.2702,91.7323
2023-09-01T14:00,22.4,91,868.2,Cherrapunji_Wet,25.2702,91.7323
2023-09-01T15:00,22.7,91,868.2,Cherrapunji_Wet,25.2702,91.7323
2023-09-01T16:00,22.3,89,867.9,Cherrapunji_Wet,25.2702,91.7323
2023-09-01T17:00,21.9,94,868.5,Cherrapunji_Wet,25.2702,91.7323
2023-09-01T18:00,20.8,97,869.1,Cherrapunji_Wet,25.2702,91.7323
2023-09-01T19:00,20.9,94,869.8,Cherrapunji_Wet,25.2702,91.7323
2023-09-01T20:00,20.3,97,870,Cherrapunji_Wet,25.2702,91.7323
2023-09-01T21:00,20.6,96,870.2,Cherrapunji_Wet,25.2702,91.7323
2023-09-01T22:00,20.1,95,870,Cherrapunji_Wet,25.2702,91.7323
2023-09-01T23:00,19.7,96,869.4,Cherrapunji_Wet,25.2702,91.7323
2023-09-02T00:00,19.7,96,868.7,Cherrapunji_Wet,25.2702,91.7323
2023-09-02T01:00,19.1,96,868,Cherrapunji_Wet,25.2702,91.7323
2023-09-02T02:00,18.4,96,867.1,Cherrapunji_Wet,25.2702,91.7323
2023-09-02T03:00,18.1,94,867.1,Cherrapunji_Wet,25.2702,91.7323
2023-09-02T04:00,18,94,866.7,Cherrapunji_Wet,25.2702,91.7323
2023-09-02T05:00,19.7,93,868.8,Cherrapunji_Wet,25.2702,91.7323
2023-09-02T06:00,20.4,94,869.2,Cherrapunji_Wet,25.2702,91.7323
2023-09-02T07:00,21.8,93,870.4,Cherrapunji_Wet,25.2702,91.7323
2023-09-02T08:00,22.8,92,871.1,Cherrapunji_Wet,25.2702,91.7323
2023-09-02T09:00,23.7,89,871.1,Cherrapunji_Wet,25.2702,91.7323
2023-09-02T10:00,24.6,84,871.1,Cherrapunji_Wet,25.2702,91.7323
2023-09-02T11:00,22.6,86,870.3,Cherrapunji_Wet,25.2702,91.7323
2023-09-02T12:00,22.5,88,869,Cherrapunji_Wet,25.2702,91.7323
2023-09-02T13:00,24.1,84,868,Cherrapunji_Wet,25.2702,91.7323
2023-09-02T14:00,23.8,81,867.1,Cherrapunji_Wet,25.2702,91.7323
2023-09-02T15:00,23.8,82,866.9,Cherrapunji_Wet,25.2702,91.7323
2023-09-02T16:00,21.6,90,866.9,Cherrapunji_Wet,25.2702,91.7323
2023-09-02T17:00,21.8,90,866.7,Cherrapunji_Wet,25.2702,91.7323
2023-09-02T18:00,21,93,867.4,Cherrapunji_Wet,25.2702,91.7323
2023-09-02T19:00,20.7,93,868.2,Cherrapunji_Wet,25.2702,91.7323
2023-09-02T20:00,21.3,90,869.9,Cherrapunji_Wet,25.2702,91.7323
2023-09-02T21:00,20.1,95,869,Cherrapunji_Wet,25.2702,91.7323
2023-09-02T22:00,19.2,98,868.6,Cherrapunji_Wet,25.2702,91.7323
2023-09-02T23:00,18.8,98,868.1,Cherrapunji_Wet,25.2702,91.7323
2023-09-03T00:00,18.9,96,867.7,Cherrapunji_Wet,25.2702,91.7323
2023-09-03T01:00,18.8,96,867,Cherrapunji_Wet,25.2702,91.7323
2023-09-03T02:00,18.7,95,866.4,Cherrapunji_Wet,25.2702,91.7323
2023-09-03T03:00,19,93,866.2,Cherrapunji_Wet,25.2702,91.7323
2023-09-03T04:00,18.9,93,866.6,Cherrapunji_Wet,25.2702,91.7323
2023-09-03T05:00,19.6,90,867.8,Cherrapunji_Wet,25.2702,91.7323
2023-09-03T06:00,21.7,87,869.5,Cherrapunji_Wet,25.2702,91.7323
2023-09-03T07:00,23.1,82,870.1,Cherrapunji_Wet,25.2702,91.7323
2023-09-03T08:00,24.3,76,870.1,Cherrapunji_Wet,25.2702,91.7323
2023-09-03T09:00,24.4,75,870.4,Cherrapunji_Wet,25.2702,91.7323
2023-09-03T10:00,24,80,870.1,Cherrapunji_Wet,25.2702,91.7323
2023-09-03T11:00,25.1,75,869.7,Cherrapunji_Wet,25.2702,91.7323
2023-09-03T12:00,23.1,79,868.6,Cherrapunji_Wet,25.2702,91.7323
2023-09-03T13:00,24.6,74,867.3,Cherrapunji_Wet,25.2702,91.7323
2023-09-03T14:00,25.4,71,866.5,Cherrapunji_Wet,25.2702,91.7323
2023-09-03T15:00,25.1,72,865.9,Cherrapunji_Wet,25.2702,91.7323
2023-09-03T16:00,24.4,76,865.6,Cherrapunji_Wet,25.2702,91.7323
2023-09-03T17:00,22.1,91,865.9,Cherrapunji_Wet,25.2702,91.7323
2023-09-03T18:00,21.4,93,866.2,Cherrapunji_Wet,25.2702,91.7323
2023-09-03T19:00,21,92,866.8,Cherrapunji_Wet,25.2702,91.7323
2023-09-03T20:00,20.5,92,867.3,Cherrapunji_Wet,25.2702,91.7323
2023-09-03T21:00,23.2,75,869,Cherrapunji_Wet,25.2702,91.7323
2023-09-03T22:00,22.9,78,869.1,Cherrapunji_Wet,25.2702,91.7323
2023-09-03T23:00,21.4,84,868.5,Cherrapunji_Wet,25.2702,91.7323
2023-09-04T00:00,19.2,93,867.2,Cherrapunji_Wet,25.2702,91.7323
2023-09-04T01:00,18.9,90,866.7,Cherrapunji_Wet,25.2702,91.7323
2023-09-04T02:00,19.6,86,866.4,Cherrapunji_Wet,25.2702,91.7323
2023-09-04T03:00,19.3,85,865.8,Cherrapunji_Wet,25.2702,91.7323
2023-09-04T04:00,19.3,85,865.9,Cherrapunji_Wet,25.2702,91.7323
2023-09-04T05:00,19.8,86,867.1,Cherrapunji_Wet,25.2702,91.7323
2023-09-04T06:00,22.7,79,868.9,Cherrapunji_Wet,25.2702,91.7323
2023-09-04T07:00,24.2,77,870,Cherrapunji_Wet,25.2702,91.7323
2023-09-04T08:00,25.1,75,870.5,Cherrapunji_Wet,25.2702,91.7323
2023-09-04T09:00,25.6,73,870.9,Cherrapunji_Wet,25.2702,91.7323
2023-09-04T10:00,24.7,78,870.3,Cherrapunji_Wet,25.2702,91.7323
2023-09-04T11:00,26.5,69,869.8,Cherrapunji_Wet,25.2702,91.7323
2023-09-04T12:00,27.2,69,868.9,Cherrapunji_Wet,25.2702,91.7323
2023-09-04T13:00,24.9,78,867.8,Cherrapunji_Wet,25.2702,91.7323
2023-09-04T14:00,25.2,75,866.5,Cherrapunji_Wet,25.2702,91.7323
2023-09-04T15:00,25.5,72,866.1,Cherrapunji_Wet,25.2702,91.7323
2023-09-04T16:00,24.9,76,865.9,Cherrapunji_Wet,25.2702,91.7323
2023-09-04T17:00,22.8,78,866.2,Cherrapunji_Wet,25.2702,91.7323
2023-09-04T18:00,21.6,79,866.1,Cherrapunji_Wet,25.2702,91.7323
2023-09-04T19:00,21.4,78,866.6,Cherrapunji_Wet,25.2702,91.7323
2023-09-04T20:00,21.3,78,867.6,Cherrapunji_Wet,25.2702,91.7323
2023-09-04T21:00,21.1,78,867.9,Cherrapunji_Wet,25.2702,91.7323
2023-09-04T22:00,21.1,77,868.1,Cherrapunji_Wet,25.2702,91.7323
2023-09-04T23:00,21.1,77,868.2,Cherrapunji_Wet,25.2702,91.7323
2023-09-05T00:00,20.8,78,867.6,Cherrapunji_Wet,25.2702,91.7323
2023-09-05T01:00,20,82,866.8,Cherrapunji_Wet,25.2702,91.7323
2023-09-05T02:00,19.1,85,866,Cherrapunji_Wet,25.2702,91.7323
2023-09-05T03:00,19,86,865.8,Cherrapunji_Wet,25.2702,91.7323
2023-09-05T04:00,18.9,87,866,Cherrapunji_Wet,25.2702,91.7323
2023-09-05T05:00,19.9,86,867.1,Cherrapunji_Wet,25.2702,91.7323
2023-09-05T06:00,23,80,869.2,Cherrapunji_Wet,25.2702,91.7323
2023-09-05T07:00,25.5,65,871,Cherrapunji_Wet,25.2702,91.7323
2023-09-05T08:00,26.6,56,871.3,Cherrapunji_Wet,25.2702,91.7323
2023-09-05T09:00,27.3,52,871.3,Cherrapunji_Wet,25.2702,91.7323
2023-09-05T10:00,27.3,54,871.1,Cherrapunji_Wet,25.2702,91.7323
2023-09-05T11:00,27.6,54,870.4,Cherrapunji_Wet,25.2702,91.7323
2023-09-05T12:00,26.8,58,869.6,Cherrapunji_Wet,25.2702,91.7323
2023-09-05T13:00,27.2,59,868.3,Cherrapunji_Wet,25.2702,91.7323
2023-09-05T14:00,27.2,58,867.6,Cherrapunji_Wet,25.2702,91.7323
2023-09-05T15:00,25.6,66,866.9,Cherrapunji_Wet,25.2702,91.7323
2023-09-05T16:00,25.7,69,867,Cherrapunji_Wet,25.2702,91.7323
2023-09-05T17:00,22.9,85,866.9,Cherrapunji_Wet,25.2702,91.7323
2023-09-05T18:00,22.3,81,867.1,Cherrapunji_Wet,25.2702,91.7323
2023-09-05T19:00,22.1,80,867.6,Cherrapunji_Wet,25.2702,91.7323
2023-09-05T20:00,21.4,83,868.3,Cherrapunji_Wet,25.2702,91.7323
2023-09-05T21:00,22.6,73,869.2,Cherrapunji_Wet,25.2702,91.7323
2023-09-05T22:00,21.5,77,868.8,Cherrapunji_Wet,25.2702,91.7323
2023-09-05T23:00,23.6,64,869.9,Cherrapunji_Wet,25.2702,91.7323
2023-09-06T00:00,23.7,64,869.8,Cherrapunji_Wet,25.2702,91.7323
2023-09-06T01:00,20.8,78,868.2,Cherrapunji_Wet,25.2702,91.7323
2023-09-06T02:00,20.3,79,867.7,Cherrapunji_Wet,25.2702,91.7323
2023-09-06T03:00,20.3,78,867.6,Cherrapunji_Wet,25.2702,91.7323
2023-09-06T04:00,19.8,78,867.2,Cherrapunji_Wet,25.2702,91.7323
2023-09-06T05:00,19.6,82,868.2,Cherrapunji_Wet,25.2702,91.7323
2023-09-06T06:00,23,77,870.2,Cherrapunji_Wet,25.2702,91.7323
2023-09-06T07:00,24.7,72,871.4,Cherrapunji_Wet,25.2702,91.7323
2023-09-06T08:00,24.6,72,872.3,Cherrapunji_Wet,25.2702,91.7323
2023-09-06T09:00,24.1,77,872,Cherrapunji_Wet,25.2702,91.7323
2023-09-06T10:00,25.7,69,872,Cherrapunji_Wet,25.2702,91.7323
2023-09-06T11:00,26.1,68,871.3,Cherrapunji_Wet,25.2702,91.7323
2023-09-06T12:00,25.4,71,870.2,Cherrapunji_Wet,25.2702,91.7323
2023-09-06T13:00,25.9,65,868.9,Cherrapunji_Wet,25.2702,91.7323
2023-09-06T14:00,25.6,65,867.9,Cherrapunji_Wet,25.2702,91.7323
2023-09-06T15:00,24.6,74,868,Cherrapunji_Wet,25.2702,91.7323
2023-09-06T16:00,24.2,76,868.2,Cherrapunji_Wet,25.2702,91.7323
2023-09-06T17:00,22.2,85,868,Cherrapunji_Wet,25.2702,91.7323
2023-09-06T18:00,21.4,85,868.3,Cherrapunji_Wet,25.2702,91.7323
2023-09-06T19:00,21.7,79,869.5,Cherrapunji_Wet,25.2702,91.7323
2023-09-06T20:00,21.1,80,870.1,Cherrapunji_Wet,25.2702,91.7323
2023-09-06T21:00,21.3,78,870.2,Cherrapunji_Wet,25.2702,91.7323
2023-09-06T22:00,21.5,75,870.3,Cherrapunji_Wet,25.2702,91.7323
2023-09-06T23:00,21.3,77,870.2,Cherrapunji_Wet,25.2702,91.7323
2023-09-07T00:00,19.6,88,869.4,Cherrapunji_Wet,25.2702,91.7323
2023-09-07T01:00,19.7,87,868.5,Cherrapunji_Wet,25.2702,91.7323
2023-09-07T02:00,18.7,94,868.6,Cherrapunji_Wet,25.2702,91.7323
2023-09-07T03:00,19.8,87,868.3,Cherrapunji_Wet,25.2702,91.7323
2023-09-07T04:00,18.7,92,868.6,Cherrapunji_Wet,25.2702,91.7323
2023-09-07T05:00,19.7,89,869.1,Cherrapunji_Wet,25.2702,91.7323
2023-09-07T06:00,21.6,88,870.7,Cherrapunji_Wet,25.2702,91.7323
2023-09-07T07:00,22.1,87,871.4,Cherrapunji_Wet,25.2702,91.7323
2023-09-07T08:00,23,81,871.7,Cherrapunji_Wet,25.2702,91.7323
2023-09-07T09:00,21.9,88,872,Cherrapunji_Wet,25.2702,91.7323
2023-09-07T10:00,22.6,89,871.7,Cherrapunji_Wet,25.2702,91.7323
2023-09-07T11:00,24,84,871.2,Cherrapunji_Wet,25.2702,91.7323
2023-09-07T12:00,24.6,78,870.2,Cherrapunji_Wet,25.2702,91.7323
2023-09-07T13:00,24.8,76,869.1,Cherrapunji_Wet,25.2702,91.7323
2023-09-07T14:00,23.4,79,868.6,Cherrapunji_Wet,25.2702,91.7323
2023-09-07T15:00,23.1,83,867.9,Cherrapunji_Wet,25.2702,91.7323
2023-09-07T16:00,22,89,868.1,Cherrapunji_Wet,25.2702,91.7323
2023-09-07T17:00,21.6,89,868.7,Cherrapunji_Wet,25.2702,91.7323
2023-09-07T18:00,21.3,89,869.5,Cherrapunji_Wet,25.2702,91.7323
2023-09-07T19:00,20.8,92,870.2,Cherrapunji_Wet,25.2702,91.7323
2023-09-07T20:00,20.4,91,871,Cherrapunji_Wet,25.2702,91.7323
2023-09-07T21:00,20.1,94,870.8,Cherrapunji_Wet,25.2702,91.7323
2023-09-07T22:00,20.1,95,871.1,Cherrapunji_Wet,25.2702,91.7323
2023-09-07T23:00,20.1,95,870.5,Cherrapunji_Wet,25.2702,91.7323
2023-09-08T00:00,20.1,96,869.7,Cherrapunji_Wet,25.2702,91.7323
2023-09-08T01:00,19.9,96,869.2,Cherrapunji_Wet,25.2702,91.7323
2023-09-08T02:00,19.7,97,869,Cherrapunji_Wet,25.2702,91.7323
2023-09-08T03:00,19.4,95,869.1,Cherrapunji_Wet,25.2702,91.7323
2023-09-08T04:00,19.4,97,869.2,Cherrapunji_Wet,25.2702,91.7323
2023-09-08T05:00,19.7,96,870.6,Cherrapunji_Wet,25.2702,91.7323
2023-09-08T06:00,19.4,99,871,Cherrapunji_Wet,25.2702,91.7323
2023-09-08T07:00,19.9,100,871.8,Cherrapunji_Wet,25.2702,91.7323
2023-09-08T08:00,20,99,872.5,Cherrapunji_Wet,25.2702,91.7323
2023-09-08T09:00,20.5,95,873.1,Cherrapunji_Wet,25.2702,91.7323
2023-09-08T10:00,21.6,89,872.8,Cherrapunji_Wet,25.2702,91.7323
2023-09-08T11:00,20.9,95,872.3,Cherrapunji_Wet,25.2702,91.7323
2023-09-08T12:00,21.1,91,871,Cherrapunji_Wet,25.2702,91.7323
2023-09-08T13:00,22.8,82,870.4,Cherrapunji_Wet,25.2702,91.7323
2023-09-08T14:00,22.2,85,869.5,Cherrapunji_Wet,25.2702,91.7323
2023-09-08T15:00,21,92,869,Cherrapunji_Wet,25.2702,91.7323
2023-09-08T16:00,20.5,97,868.9,Cherrapunji_Wet,25.2702,91.7323
2023-09-08T17:00,19.8,99,869.4,Cherrapunji_Wet,25.2702,91.7323
2023-09-08T18:00,19.8,98,869.9,Cherrapunji_Wet,25.2702,91.7323
2023-09-08T19:00,19.6,99,870.9,Cherrapunji_Wet,25.2702,91.7323
2023-09-08T20:00,19.9,97,871.5,Cherrapunji_Wet,25.2702,91.7323
2023-09-08T21:00,19.4,99,871.4,Cherrapunji_Wet,25.2702,91.7323
2023-09-08T22:00,19.4,99,871.3,Cherrapunji_Wet,25.2702,91.7323
2023-09-08T23:00,19.4,99,870.9,Cherrapunji_Wet,25.2702,91.7323
2023-09-09T00:00,19.3,99,870.3,Cherrapunji_Wet,25.2702,91.7323
2023-09-09T01:00,19.5,97,869.6,Cherrapunji_Wet,25.2702,91.7323
2023-09-09T02:00,19.4,98,869.6,Cherrapunji_Wet,25.2702,91.7323
2023-09-09T03:00,19.2,99,869.3,Cherrapunji_Wet,25.2702,91.7323
2023-09-09T04:00,19.3,99,869.4,Cherrapunji_Wet,25.2702,91.7323
2023-09-09T05:00,19.5,98,870.5,Cherrapunji_Wet,25.2702,91.7323
2023-09-09T06:00,19.7,97,871.2,Cherrapunji_Wet,25.2702,91.7323
2023-09-09T07:00,20.3,93,871.9,Cherrapunji_Wet,25.2702,91.7323
2023-09-09T08:00,22,85,872.3,Cherrapunji_Wet,25.2702,91.7323
2023-09-09T09:00,23.1,80,872.4,Cherrapunji_Wet,25.2702,91.7323
2023-09-09T10:00,23.8,79,872,Cherrapunji_Wet,25.2702,91.7323
2023-09-09T11:00,22.4,89,871.2,Cherrapunji_Wet,25.2702,91.7323
2023-09-09T12:00,22.2,93,869.8,Cherrapunji_Wet,25.2702,91.7323
2023-09-09T13:00,21.8,93,868.7,Cherrapunji_Wet,25.2702,91.7323
2023-09-09T14:00,22.7,89,867.5,Cherrapunji_Wet,25.2702,91.7323
2023-09-09T15:00,22.4,90,866.7,Cherrapunji_Wet,25.2702,91.7323
2023-09-09T16:00,21.8,91,866.7,Cherrapunji_Wet,25.2702,91.7323
2023-09-09T17:00,21.2,94,868,Cherrapunji_Wet,25.2702,91.7323
2023-09-09T18:00,20.7,95,868.4,Cherrapunji_Wet,25.2702,91.7323
2023-09-09T19:00,20.5,97,868.9,Cherrapunji_Wet,25.2702,91.7323
2023-09-09T20:00,20.8,94,869.3,Cherrapunji_Wet,25.2702,91.7323
2023-09-09T21:00,20.5,95,869.3,Cherrapunji_Wet,25.2702,91.7323
2023-09-09T22:00,20.5,93,869.4,Cherrapunji_Wet,25.2702,91.7323
2023-09-09T23:00,20.3,94,869.2,Cherrapunji_Wet,25.2702,91.7323
2023-09-10T00:00,19.8,96,868.3,Cherrapunji_Wet,25.2702,91.7323
2023-09-10T01:00,19.7,96,867.7,Cherrapunji_Wet,25.2702,91.7323
2023-09-10T02:00,19.4,96,867,Cherrapunji_Wet,25.2702,91.7323
2023-09-10T03:00,18.9,98,867.1,Cherrapunji_Wet,25.2702,91.7323
2023-09-10T04:00,19.2,96,867.3,Cherrapunji_Wet,25.2702,91.7323
2023-09-10T05:00,19.4,95,868,Cherrapunji_Wet,25.2702,91.7323
2023-09-10T06:00,20.9,95,869,Cherrapunji_Wet,25.2702,91.7323
2023-09-10T07:00,22.2,86,869.8,Cherrapunji_Wet,25.2702,91.7323
2023-09-10T08:00,23.3,81,870.4,Cherrapunji_Wet,25.2702,91.7323
2023-09-10T09:00,23.7,79,870.5,Cherrapunji_Wet,25.2702,91.7323
2023-09-10T10:00,23.2,83,869.8,Cherrapunji_Wet,25.2702,91.7323
2023-09-10T11:00,23.9,82,868.8,Cherrapunji_Wet,25.2702,91.7323
2023-09-10T12:00,25,78,868,Cherrapunji_Wet,25.2702,91.7323
2023-09-10T13:00,22.5,88,866.9,Cherrapunji_Wet,25.2702,91.7323
2023-09-10T14:00,22.5,88,865.8,Cherrapunji_Wet,25.2702,91.7323
2023-09-10T15:00,22.9,88,865.2,Cherrapunji_Wet,25.2702,91.7323
2023-09-10T16:00,22.4,92,865.9,Cherrapunji_Wet,25.2702,91.7323
2023-09-10T17:00,21.8,95,866.4,Cherrapunji_Wet,25.2702,91.7323
2023-09-10T18:00,22.2,88,867.1,Cherrapunji_Wet,25.2702,91.7323
2023-09-10T19:00,21.7,90,867.8,Cherrapunji_Wet,25.2702,91.7323
2023-09-10T20:00,20.4,93,868.4,Cherrapunji_Wet,25.2702,91.7323
2023-09-10T21:00,19.7,94,868.3,Cherrapunji_Wet,25.2702,91.7323
2023-09-10T22:00,20,95,868,Cherrapunji_Wet,25.2702,91.7323
2023-09-10T23:00,20,94,867.5,Cherrapunji_Wet,25.2702,91.7323
2023-09-11T00:00,20,93,867.2,Cherrapunji_Wet,25.2702,91.7323
2023-09-11T01:00,19.7,93,866.6,Cherrapunji_Wet,25.2702,91.7323
2023-09-11T02:00,19.5,95,865.6,Cherrapunji_Wet,25.2702,91.7323
2023-09-11T03:00,19.4,95,865.6,Cherrapunji_Wet,25.2702,91.7323
2023-09-11T04:00,18.9,95,865.6,Cherrapunji_Wet,25.2702,91.7323
2023-09-11T05:00,19.4,94,866.1,Cherrapunji_Wet,25.2702,91.7323
2023-09-11T06:00,21.3,89,868.4,Cherrapunji_Wet,25.2702,91.7323
2023-09-11T07:00,21.8,90,869,Cherrapunji_Wet,25.2702,91.7323
2023-09-11T08:00,23.3,83,869.3,Cherrapunji_Wet,25.2702,91.7323
2023-09-11T09:00,24.4,76,869.5,Cherrapunji_Wet,25.2702,91.7323
2023-09-11T10:00,24.5,78,869.2,Cherrapunji_Wet,25.2702,91.7323
2023-09-11T11:00,23.1,85,868.4,Cherrapunji_Wet,25.2702,91.7323
2023-09-11T12:00,23.9,87,867.6,Cherrapunji_Wet,25.2702,91.7323
2023-09-11T13:00,23.5,85,866.3,Cherrapunji_Wet,25.2702,91.7323
2023-09-11T14:00,22.8,86,865.2,Cherrapunji_Wet,25.2702,91.7323
2023-09-11T15:00,23,88,865.1,Cherrapunji_Wet,25.2702,91.7323
2023-09-11T16:00,22.3,92,865.1,Cherrapunji_Wet,25.2702,91.7323
2023-09-11T17:00,20.6,94,865.8,Cherrapunji_Wet,25.2702,91.7323
2023-09-11T18:00,21,92,866,Cherrapunji_Wet,25.2702,91.7323
2023-09-11T19:00,20.8,94,866.6,Cherrapunji_Wet,25.2702,91.7323
2023-09-11T20:00,20.5,94,867.9,Cherrapunji_Wet,25.2702,91.7323
2023-09-11T21:00,20.7,92,868.3,Cherrapunji_Wet,25.2702,91.7323
2023-09-11T22:00,19.7,95,867.1,Cherrapunji_Wet,25.2702,91.7323
2023-09-11T23:00,19.7,95,867.5,Cherrapunji_Wet,25.2702,91.7323
2023-09-12T00:00,20,94,866.8,Cherrapunji_Wet,25.2702,91.7323
2023-09-12T01:00,19.6,94,866,Cherrapunji_Wet,25.2702,91.7323
2023-09-12T02:00,19.1,95,865.8,Cherrapunji_Wet,25.2702,91.7323
2023-09-12T03:00,19.7,93,865.5,Cherrapunji_Wet,25.2702,91.7323
2023-09-12T04:00,19.2,95,865.6,Cherrapunji_Wet,25.2702,91.7323
2023-09-12T05:00,20,94,867.2,Cherrapunji_Wet,25.2702,91.7323
2023-09-12T06:00,20.2,93,868.2,Cherrapunji_Wet,25.2702,91.7323
2023-09-12T07:00,20.9,91,869,Cherrapunji_Wet,25.2702,91.7323
2023-09-12T08:00,21,94,869.3,Cherrapunji_Wet,25.2702,91.7323
2023-09-12T09:00,22.1,90,869.6,Cherrapunji_Wet,25.2702,91.7323
2023-09-12T10:00,22.1,93,869.1,Cherrapunji_Wet,25.2702,91.7323
2023-09-12T11:00,23.1,90,868.2,Cherrapunji_Wet,25.2702,91.7323
2023-09-12T12:00,23.3,84,867.6,Cherrapunji_Wet,25.2702,91.7323
2023-09-12T13:00,23.8,79,866.7,Cherrapunji_Wet,25.2702,91.7323
2023-09-12T14:00,22.1,87,865.9,Cherrapunji_Wet,25.2702,91.7323
2023-09-12T15:00,22,91,865.7,Cherrapunji_Wet,25.2702,91.7323
2023-09-12T16:00,22.3,89,866,Cherrapunji_Wet,25.2702,91.7323
2023-09-12T17:00,21.7,88,865.9,Cherrapunji_Wet,25.2702,91.7323
2023-09-12T18:00,22.4,82,867.2,Cherrapunji_Wet,25.2702,91.7323
2023-09-12T19:00,22.2,82,868.3,Cherrapunji_Wet,25.2702,91.7323
2023-09-12T20:00,21.9,84,869,Cherrapunji_Wet,25.2702,91.7323
2023-09-12T21:00,21.7,84,869.3,Cherrapunji_Wet,25.2702,91.7323
2023-09-12T22:00,21.2,87,868.6,Cherrapunji_Wet,25.2702,91.7323
2023-09-12T23:00,19.5,96,867.5,Cherrapunji_Wet,25.2702,91.7323
2023-09-13T00:00,19.1,96,866.3,Cherrapunji_Wet,25.2702,91.7323
2023-09-13T01:00,19,96,866.9,Cherrapunji_Wet,25.2702,91.7323
2023-09-13T02:00,19.5,95,866.2,Cherrapunji_Wet,25.2702,91.7323
2023-09-13T03:00,19.2,94,866.7,Cherrapunji_Wet,25.2702,91.7323
2023-09-13T04:00,19.1,96,866.2,Cherrapunji_Wet,25.2702,91.7323
2023-09-13T05:00,20.1,93,867.5,Cherrapunji_Wet,25.2702,91.7323
2023-09-13T06:00,20.4,93,867.9,Cherrapunji_Wet,25.2702,91.7323
2023-09-13T07:00,20.9,93,869.4,Cherrapunji_Wet,25.2702,91.7323
2023-09-13T08:00,21,94,869.2,Cherrapunji_Wet,25.2702,91.7323
2023-09-13T09:00,21.7,91,869.7,Cherrapunji_Wet,25.2702,91.7323
2023-09-13T10:00,23,86,869.8,Cherrapunji_Wet,25.2702,91.7323
2023-09-13T11:00,22.9,86,868.8,Cherrapunji_Wet,25.2702,91.7323
2023-09-13T12:00,24.2,78,868.3,Cherrapunji_Wet,25.2702,91.7323
2023-09-13T13:00,24,79,867.3,Cherrapunji_Wet,25.2702,91.7323
2023-09-13T14:00,24.3,78,866.5,Cherrapunji_Wet,25.2702,91.7323
2023-09-13T15:00,23.5,82,866.3,Cherrapunji_Wet,25.2702,91.7323
2023-09-13T16:00,22.8,89,866.4,Cherrapunji_Wet,25.2702,91.7323
2023-09-13T17:00,21.1,95,867,Cherrapunji_Wet,25.2702,91.7323
2023-09-13T18:00,21,95,867,Cherrapunji_Wet,25.2702,91.7323
2023-09-13T19:00,20.9,93,868.2,Cherrapunji_Wet,25.2702,91.7323
2023-09-13T20:00,20.4,93,869.1,Cherrapunji_Wet,25.2702,91.7323
2023-09-13T21:00,20.2,93,869.6,Cherrapunji_Wet,25.2702,91.7323
2023-09-13T22:00,19.9,95,869.6,Cherrapunji_Wet,25.2702,91.7323
2023-09-13T23:00,19.8,95,869.2,Cherrapunji_Wet,25.2702,91.7323
2023-09-14T00:00,19.9,97,869.1,Cherrapunji_Wet,25.2702,91.7323
2023-09-14T01:00,19.3,98,868.8,Cherrapunji_Wet,25.2702,91.7323
2023-09-14T02:00,19.6,95,867.9,Cherrapunji_Wet,25.2702,91.7323
2023-09-14T03:00,18.4,97,867.9,Cherrapunji_Wet,25.2702,91.7323
2023-09-14T04:00,18.7,96,868.4,Cherrapunji_Wet,25.2702,91.7323
2023-09-14T05:00,19.4,96,869.2,Cherrapunji_Wet,25.2702,91.7323
2023-09-14T06:00,20.5,99,870.1,Cherrapunji_Wet,25.2702,91.7323
2023-09-14T07:00,21.3,95,871.5,Cherrapunji_Wet,25.2702,91.7323
2023-09-14T08:00,22,93,871.8,Cherrapunji_Wet,25.2702,91.7323
2023-09-14T09:00,23.1,89,872,Cherrapunji_Wet,25.2702,91.7323
2023-09-14T10:00,24.2,79,871.9,Cherrapunji_Wet,25.2702,91.7323
2023-09-14T11:00,24.7,75,871.2,Cherrapunji_Wet,25.2702,91.7323
2023-09-14T12:00,22,84,869.9,Cherrapunji_Wet,25.2702,91.7323
2023-09-14T13:00,22.7,88,869.3,Cherrapunji_Wet,25.2702,91.7323
2023-09-14T14:00,23.5,82,868.8,Cherrapunji_Wet,25.2702,91.7323
2023-09-14T15:00,22.9,82,868.4,Cherrapunji_Wet,25.2702,91.7323
2023-09-14T16:00,20.9,93,868.6,Cherrapunji_Wet,25.2702,91.7323
2023-09-14T17:00,20.6,95,869.3,Cherrapunji_Wet,25.2702,91.7323
2023-09-14T18:00,20.1,99,869.4,Cherrapunji_Wet,25.2702,91.7323
2023-09-14T19:00,20,100,870.3,Cherrapunji_Wet,25.2702,91.7323
2023-09-14T20:00,19.9,97,871.2,Cherrapunji_Wet,25.2702,91.7323
2023-09-14T21:00,20,96,871.6,Cherrapunji_Wet,25.2702,91.7323
2023-09-14T22:00,20,97,871.7,Cherrapunji_Wet,25.2702,91.7323
2023-09-14T23:00,19.7,99,871.3,Cherrapunji_Wet,25.2702,91.7323
2023-09-15T00:00,19.3,100,871,Cherrapunji_Wet,25.2702,91.7323
2023-09-15T01:00,19.3,99,870.6,Cherrapunji_Wet,25.2702,91.7323
2023-09-15T02:00,19.2,98,870.1,Cherrapunji_Wet,25.2702,91.7323
2023-09-15T03:00,19.2,97,870,Cherrapunji_Wet,25.2702,91.7323
2023-09-15T04:00,18.9,98,870.2,Cherrapunji_Wet,25.2702,91.7323
2023-09-15T05:00,19,98,871.1,Cherrapunji_Wet,25.2702,91.7323
2023-09-15T06:00,19.6,93,871.8,Cherrapunji_Wet,25.2702,91.7323
2023-09-15T07:00,21,86,872.9,Cherrapunji_Wet,25.2702,91.7323
2023-09-15T08:00,21.9,83,873.3,Cherrapunji_Wet,25.2702,91.7323
2023-09-15T09:00,23.3,77,873.7,Cherrapunji_Wet,25.2702,91.7323
2023-09-15T10:00,24,74,873.5,Cherrapunji_Wet,25.2702,91.7323
2023-09-15T11:00,24.4,73,872.9,Cherrapunji_Wet,25.2702,91.7323
2023-09-15T12:00,24.3,76,872,Cherrapunji_Wet,25.2702,91.7323
2023-09-15T13:00,24.2,77,870.7,Cherrapunji_Wet,25.2702,91.7323
2023-09-15T14:00,24.4,76,869.7,Cherrapunji_Wet,25.2702,91.7323
2023-09-15T15:00,23.5,80,869,Cherrapunji_Wet,25.2702,91.7323
2023-09-15T16:00,22.4,86,868.9,Cherrapunji_Wet,25.2702,91.7323
2023-09-15T17:00,20.9,96,869.6,Cherrapunji_Wet,25.2702,91.7323
2023-09-15T18:00,20.4,99,869.7,Cherrapunji_Wet,25.2702,91.7323
2023-09-15T19:00,20,99,870.3,Cherrapunji_Wet,25.2702,91.7323
2023-09-15T20:00,19.3,98,870.7,Cherrapunji_Wet,25.2702,91.7323
2023-09-15T21:00,20.1,92,871.7,Cherrapunji_Wet,25.2702,91.7323
2023-09-15T22:00,20,92,871.8,Cherrapunji_Wet,25.2702,91.7323
2023-09-15T23:00,18.7,96,870.8,Cherrapunji_Wet,25.2702,91.7323
2023-09-16T00:00,18.7,95,870.6,Cherrapunji_Wet,25.2702,91.7323
2023-09-16T01:00,18.5,94,869.7,Cherrapunji_Wet,25.2702,91.7323
2023-09-16T02:00,18.1,94,869.3,Cherrapunji_Wet,25.2702,91.7323
2023-09-16T03:00,17.8,94,869.1,Cherrapunji_Wet,25.2702,91.7323
2023-09-16T04:00,17.3,95,869,Cherrapunji_Wet,25.2702,91.7323
2023-09-16T05:00,18.9,93,869.6,Cherrapunji_Wet,25.2702,91.7323
2023-09-16T06:00,20.5,91,871,Cherrapunji_Wet,25.2702,91.7323
2023-09-16T07:00,22.2,85,872.3,Cherrapunji_Wet,25.2702,91.7323
2023-09-16T08:00,23.2,81,873.4,Cherrapunji_Wet,25.2702,91.7323
2023-09-16T09:00,23.7,79,873.4,Cherrapunji_Wet,25.2702,91.7323
2023-09-16T10:00,24.5,75,873.2,Cherrapunji_Wet,25.2702,91.7323
2023-09-16T11:00,24,79,872.5,Cherrapunji_Wet,25.2702,91.7323
2023-09-16T12:00,23.7,83,871.5,Cherrapunji_Wet,25.2702,91.7323
2023-09-16T13:00,24.2,80,870.1,Cherrapunji_Wet,25.2702,91.7323
2023-09-16T14:00,24.6,76,869.3,Cherrapunji_Wet,25.2702,91.7323
2023-09-16T15:00,24.3,76,868.6,Cherrapunji_Wet,25.2702,91.7323
2023-09-16T16:00,23.2,86,868.4,Cherrapunji_Wet,25.2702,91.7323
2023-09-16T17:00,21.9,95,868.6,Cherrapunji_Wet,25.2702,91.7323
2023-09-16T18:00,20.9,97,868.6,Cherrapunji_Wet,25.2702,91.7323
2023-09-16T19:00,20.6,95,869.4,Cherrapunji_Wet,25.2702,91.7323
2023-09-16T20:00,20.4,94,870.5,Cherrapunji_Wet,25.2702,91.7323
2023-09-16T21:00,20.1,94,870.3,Cherrapunji_Wet,25.2702,91.7323
2023-09-16T22:00,19.8,94,869.7,Cherrapunji_Wet,25.2702,91.7323
2023-09-16T23:00,19.6,92,869.9,Cherrapunji_Wet,25.2702,91.7323
2023-09-17T00:00,19.4,92,869.6,Cherrapunji_Wet,25.2702,91.7323
2023-09-17T01:00,19.1,92,868.9,Cherrapunji_Wet,25.2702,91.7323
2023-09-17T02:00,18.9,93,868.7,Cherrapunji_Wet,25.2702,91.7323
2023-09-17T03:00,18.8,94,868.4,Cherrapunji_Wet,25.2702,91.7323
2023-09-17T04:00,18.7,94,868.2,Cherrapunji_Wet,25.2702,91.7323
2023-09-17T05:00,19.3,95,868.9,Cherrapunji_Wet,25.2702,91.7323
2023-09-17T06:00,21.7,93,869.9,Cherrapunji_Wet,25.2702,91.7323
2023-09-17T07:00,23.4,82,871.3,Cherrapunji_Wet,25.2702,91.7323
2023-09-17T08:00,24.5,79,871.6,Cherrapunji_Wet,25.2702,91.7323
2023-09-17T09:00,24.9,80,871.6,Cherrapunji_Wet,25.2702,91.7323
2023-09-17T10:00,25,83,871.2,Cherrapunji_Wet,25.2702,91.7323
2023-09-17T11:00,25.6,77,870.5,Cherrapunji_Wet,25.2702,91.7323
2023-09-17T12:00,25.5,75,869.5,Cherrapunji_Wet,25.2702,91.7323
2023-09-17T13:00,25.6,72,868.4,Cherrapunji_Wet,25.2702,91.7323
2023-09-17T14:00,25.4,73,867.3,Cherrapunji_Wet,25.2702,91.7323
2023-09-17T15:00,24.5,78,867.1,Cherrapunji_Wet,25.2702,91.7323
2023-09-17T16:00,23.4,83,867,Cherrapunji_Wet,25.2702,91.7323
2023-09-17T17:00,21.7,92,866.2,Cherrapunji_Wet,25.2702,91.7323
2023-09-17T18:00,22.2,84,867.4,Cherrapunji_Wet,25.2702,91.7323
2023-09-17T19:00,20.8,91,867.8,Cherrapunji_Wet,25.2702,91.7323
2023-09-17T20:00,20.4,92,868.5,Cherrapunji_Wet,25.2702,91.7323
2023-09-17T21:00,20.5,89,869,Cherrapunji_Wet,25.2702,91.7323
2023-09-17T22:00,20,89,868.1,Cherrapunji_Wet,25.2702,91.7323
2023-09-17T23:00,19.4,90,867.6,Cherrapunji_Wet,25.2702,91.7323
2023-09-18T00:00,19.3,90,867.4,Cherrapunji_Wet,25.2702,91.7323
2023-09-18T01:00,19.4,90,867.1,Cherrapunji_Wet,25.2702,91.7323
2023-09-18T02:00,19.1,91,866.6,Cherrapunji_Wet,25.2702,91.7323
2023-09-18T03:00,19.2,90,866.3,Cherrapunji_Wet,25.2702,91.7323
2023-09-18T04:00,19.3,89,866.6,Cherrapunji_Wet,25.2702,91.7323
2023-09-18T05:00,20,86,867.3,Cherrapunji_Wet,25.2702,91.7323
2023-09-18T06:00,21.7,85,868.8,Cherrapunji_Wet,25.2702,91.7323
2023-09-18T07:00,23.3,77,870.3,Cherrapunji_Wet,25.2702,91.7323
2023-09-18T08:00,24.7,66,871.3,Cherrapunji_Wet,25.2702,91.7323
2023-09-18T09:00,24.9,69,871.8,Cherrapunji_Wet,25.2702,91.7323
2023-09-18T10:00,21.7,84,871.3,Cherrapunji_Wet,25.2702,91.7323
2023-09-18T11:00,22.4,83,870.4,Cherrapunji_Wet,25.2702,91.7323
2023-09-18T12:00,23.5,78,869.6,Cherrapunji_Wet,25.2702,91.7323
2023-09-18T13:00,23.9,75,868.6,Cherrapunji_Wet,25.2702,91.7323
2023-09-18T14:00,23.6,75,868.1,Cherrapunji_Wet,25.2702,91.7323
2023-09-18T15:00,22.3,83,867.6,Cherrapunji_Wet,25.2702,91.7323
2023-09-18T16:00,21.7,87,867.6,Cherrapunji_Wet,25.2702,91.7323
2023-09-18T17:00,20.5,94,867.6,Cherrapunji_Wet,25.2702,91.7323
2023-09-18T18:00,20.3,93,868.1,Cherrapunji_Wet,25.2702,91.7323
2023-09-18T19:00,20.5,91,869.3,Cherrapunji_Wet,25.2702,91.7323
2023-09-18T20:00,20.4,89,870.1,Cherrapunji_Wet,25.2702,91.7323
2023-09-18T21:00,20.4,87,870.4,Cherrapunji_Wet,25.2702,91.7323
2023-09-18T22:00,20.2,88,870.2,Cherrapunji_Wet,25.2702,91.7323
2023-09-18T23:00,19.6,91,869.9,Cherrapunji_Wet,25.2702,91.7323
2023-09-19T00:00,20.3,88,869.9,Cherrapunji_Wet,25.2702,91.7323
2023-09-19T01:00,19.7,91,868.9,Cherrapunji_Wet,25.2702,91.7323
2023-09-19T02:00,19.7,91,868.3,Cherrapunji_Wet,25.2702,91.7323
2023-09-19T03:00,19.7,90,868.1,Cherrapunji_Wet,25.2702,91.7323
2023-09-19T04:00,19.3,92,868.6,Cherrapunji_Wet,25.2702,91.7323
2023-09-19T05:00,19,96,869.8,Cherrapunji_Wet,25.2702,91.7323
2023-09-19T06:00,19.3,94,870.4,Cherrapunji_Wet,25.2702,91.7323
2023-09-19T07:00,19.8,93,871.3,Cherrapunji_Wet,25.2702,91.7323
2023-09-19T08:00,19.5,95,872.1,Cherrapunji_Wet,25.2702,91.7323
2023-09-19T09:00,20.3,90,872.8,Cherrapunji_Wet,25.2702,91.7323
2023-09-19T10:00,21,87,872.5,Cherrapunji_Wet,25.2702,91.7323
2023-09-19T11:00,22.5,80,872,Cherrapunji_Wet,25.2702,91.7323
2023-09-19T12:00,23.4,75,871,Cherrapunji_Wet,25.2702,91.7323
2023-09-19T13:00,22.5,79,870.3,Cherrapunji_Wet,25.2702,91.7323
2023-09-19T14:00,22.4,78,869.6,Cherrapunji_Wet,25.2702,91.7323
2023-09-19T15:00,22.1,82,869.6,Cherrapunji_Wet,25.2702,91.7323
2023-09-19T16:00,21.3,86,869.8,Cherrapunji_Wet,25.2702,91.7323
2023-09-19T17:00,20,91,870.4,Cherrapunji_Wet,25.2702,91.7323
2023-09-19T18:00,19.9,93,870.6,Cherrapunji_Wet,25.2702,91.7323
2023-09-19T19:00,19.8,94,871.8,Cherrapunji_Wet,25.2702,91.7323
2023-09-19T20:00,19.7,94,872.5,Cherrapunji_Wet,25.2702,91.7323
2023-09-19T21:00,19.5,91,872.6,Cherrapunji_Wet,25.2702,91.7323
2023-09-19T22:00,19.4,94,872.2,Cherrapunji_Wet,25.2702,91.7323
2023-09-19T23:00,19.5,92,871.9,Cherrapunji_Wet,25.2702,91.7323
2023-09-20T00:00,19.3,95,871.3,Cherrapunji_Wet,25.2702,91.7323
2023-09-20T01:00,19.4,92,871,Cherrapunji_Wet,25.2702,91.7323
2023-09-20T02:00,19.5,93,870.9,Cherrapunji_Wet,25.2702,91.7323
2023-09-20T03:00,18.9,94,870.7,Cherrapunji_Wet,25.2702,91.7323
2023-09-20T04:00,18.7,97,870.7,Cherrapunji_Wet,25.2702,91.7323
2023-09-20T05:00,18.9,98,871.4,Cherrapunji_Wet,25.2702,91.7323
2023-09-20T06:00,19.9,96,872.3,Cherrapunji_Wet,25.2702,91.7323
2023-09-20T07:00,20.5,90,873.2,Cherrapunji_Wet,25.2702,91.7323
2023-09-20T08:00,21.1,86,873.5,Cherrapunji_Wet,25.2702,91.7323
2023-09-20T09:00,22.6,79,873.7,Cherrapunji_Wet,25.2702,91.7323
2023-09-20T10:00,22.7,78,873.3,Cherrapunji_Wet,25.2702,91.7323
2023-09-20T11:00,22.8,80,872.8,Cherrapunji_Wet,25.2702,91.7323
2023-09-20T12:00,21.4,91,871.2,Cherrapunji_Wet,25.2702,91.7323
2023-09-20T13:00,21.4,91,870.3,Cherrapunji_Wet,25.2702,91.7323
2023-09-20T14:00,21.6,89,869.5,Cherrapunji_Wet,25.2702,91.7323
2023-09-20T15:00,21.6,83,869.7,Cherrapunji_Wet,25.2702,91.7323
2023-09-20T16:00,19.5,97,869.5,Cherrapunji_Wet,25.2702,91.7323
2023-09-20T17:00,19.4,95,870.3,Cherrapunji_Wet,25.2702,91.7323
2023-09-20T18:00,18.9,99,871.1,Cherrapunji_Wet,25.2702,91.7323
2023-09-20T19:00,19,100,871.7,Cherrapunji_Wet,25.2702,91.7323
2023-09-20T20:00,19.1,99,872.5,Cherrapunji_Wet,25.2702,91.7323
2023-09-20T21:00,19,100,872.7,Cherrapunji_Wet,25.2702,91.7323
2023-09-20T22:00,19.1,99,872.3,Cherrapunji_Wet,25.2702,91.7323
2023-09-20T23:00,18.9,100,871.8,Cherrapunji_Wet,25.2702,91.7323
2023-09-21T00:00,18.8,99,871.5,Cherrapunji_Wet,25.2702,91.7323
2023-09-21T01:00,18.6,100,871,Cherrapunji_Wet,25.2702,91.7323
2023-09-21T02:00,18.5,100,870.7,Cherrapunji_Wet,25.2702,91.7323
2023-09-21T03:00,18.5,100,870.5,Cherrapunji_Wet,25.2702,91.7323
2023-09-21T04:00,18.6,100,870.8,Cherrapunji_Wet,25.2702,91.7323
2023-09-21T05:00,18.8,100,871.5,Cherrapunji_Wet,25.2702,91.7323
2023-09-21T06:00,18.7,100,872.1,Cherrapunji_Wet,25.2702,91.7323
2023-09-21T07:00,18.7,94,873.2,Cherrapunji_Wet,25.2702,91.7323
2023-09-21T08:00,19.1,92,873.9,Cherrapunji_Wet,25.2702,91.7323
2023-09-21T09:00,19.6,91,874.4,Cherrapunji_Wet,25.2702,91.7323
2023-09-21T10:00,19.9,92,874,Cherrapunji_Wet,25.2702,91.7323
2023-09-21T11:00,21,88,873.1,Cherrapunji_Wet,25.2702,91.7323
2023-09-21T12:00,21.3,84,872.1,Cherrapunji_Wet,25.2702,91.7323
2023-09-21T13:00,21.3,84,871,Cherrapunji_Wet,25.2702,91.7323
2023-09-21T14:00,21,87,870.5,Cherrapunji_Wet,25.2702,91.7323
2023-09-21T15:00,20.6,91,870.2,Cherrapunji_Wet,25.2702,91.7323
2023-09-21T16:00,19.8,95,870.7,Cherrapunji_Wet,25.2702,91.7323
2023-09-21T17:00,18.7,100,871.2,Cherrapunji_Wet,25.2702,91.7323
2023-09-21T18:00,18.9,99,871.9,Cherrapunji_Wet,25.2702,91.7323
2023-09-21T19:00,19.1,99,872.6,Cherrapunji_Wet,25.2702,91.7323
2023-09-21T20:00,19.2,99,873.1,Cherrapunji_Wet,25.2702,91.7323
2023-09-21T21:00,19.4,95,872.9,Cherrapunji_Wet,25.2702,91.7323
2023-09-21T22:00,19.2,96,872.5,Cherrapunji_Wet,25.2702,91.7323
2023-09-21T23:00,18.8,99,871.9,Cherrapunji_Wet,25.2702,91.7323
2023-09-22T00:00,18.9,97,871.5,Cherrapunji_Wet,25.2702,91.7323
2023-09-22T01:00,18.6,100,871.1,Cherrapunji_Wet,25.2702,91.7323
2023-09-22T02:00,18.6,99,870.7,Cherrapunji_Wet,25.2702,91.7323
2023-09-22T03:00,18.7,100,870.7,Cherrapunji_Wet,25.2702,91.7323
2023-09-22T04:00,18.5,100,870.9,Cherrapunji_Wet,25.2702,91.7323
2023-09-22T05:00,18.4,100,871.7,Cherrapunji_Wet,25.2702,91.7323
2023-09-22T06:00,18.8,100,872.4,Cherrapunji_Wet,25.2702,91.7323
2023-09-22T07:00,19.3,96,873.2,Cherrapunji_Wet,25.2702,91.7323
2023-09-22T08:00,19.1,94,873.8,Cherrapunji_Wet,25.2702,91.7323
2023-09-22T09:00,18.8,95,873.8,Cherrapunji_Wet,25.2702,91.7323
2023-09-22T10:00,19.6,93,873.6,Cherrapunji_Wet,25.2702,91.7323
2023-09-22T11:00,21.5,89,873.3,Cherrapunji_Wet,25.2702,91.7323
2023-09-22T12:00,22.2,85,872.3,Cherrapunji_Wet,25.2702,91.7323
2023-09-22T13:00,21.7,85,871.1,Cherrapunji_Wet,25.2702,91.7323
2023-09-22T14:00,21.9,82,870.6,Cherrapunji_Wet,25.2702,91.7323
2023-09-22T15:00,21.7,82,870.3,Cherrapunji_Wet,25.2702,91.7323
2023-09-22T16:00,20,93,870.5,Cherrapunji_Wet,25.2702,91.7323
2023-09-22T17:00,19.4,95,871.3,Cherrapunji_Wet,25.2702,91.7323
2023-09-22T18:00,19.5,96,872,Cherrapunji_Wet,25.2702,91.7323
2023-09-22T19:00,19.2,98,872.7,Cherrapunji_Wet,25.2702,91.7323
2023-09-22T20:00,19.1,98,873.1,Cherrapunji_Wet,25.2702,91.7323
2023-09-22T21:00,18.9,99,872.7,Cherrapunji_Wet,25.2702,91.7323
2023-09-22T22:00,19.1,98,872.6,Cherrapunji_Wet,25.2702,91.7323
2023-09-22T23:00,18.7,97,871.9,Cherrapunji_Wet,25.2702,91.7323
2023-09-23T00:00,18.6,98,871.4,Cherrapunji_Wet,25.2702,91.7323
2023-09-23T01:00,18.3,98,870.8,Cherrapunji_Wet,25.2702,91.7323
2023-09-23T02:00,18.1,97,870.5,Cherrapunji_Wet,25.2702,91.7323
2023-09-23T03:00,18.1,97,870.5,Cherrapunji_Wet,25.2702,91.7323
2023-09-23T04:00,18.6,95,871,Cherrapunji_Wet,25.2702,91.7323
2023-09-23T05:00,18.4,99,871.4,Cherrapunji_Wet,25.2702,91.7323
2023-09-23T06:00,18.9,98,872.5,Cherrapunji_Wet,25.2702,91.7323
2023-09-23T07:00,19.7,93,873.4,Cherrapunji_Wet,25.2702,91.7323
2023-09-23T08:00,20.2,89,874.2,Cherrapunji_Wet,25.2702,91.7323
2023-09-23T09:00,20.7,86,874.4,Cherrapunji_Wet,25.2702,91.7323
2023-09-23T10:00,20.4,95,874,Cherrapunji_Wet,25.2702,91.7323
2023-09-23T11:00,21.5,86,873.2,Cherrapunji_Wet,25.2702,91.7323
2023-09-23T12:00,21.8,84,872.1,Cherrapunji_Wet,25.2702,91.7323
2023-09-23T13:00,21.5,83,871.2,Cherrapunji_Wet,25.2702,91.7323
2023-09-23T14:00,21.6,82,870.6,Cherrapunji_Wet,25.2702,91.7323
2023-09-23T15:00,21.5,85,870.7,Cherrapunji_Wet,25.2702,91.7323
2023-09-23T16:00,20.3,92,870.7,Cherrapunji_Wet,25.2702,91.7323
2023-09-23T17:00,19.6,97,871.5,Cherrapunji_Wet,25.2702,91.7323
2023-09-23T18:00,19.8,97,872.1,Cherrapunji_Wet,25.2702,91.7323
2023-09-23T19:00,19.9,96,872.3,Cherrapunji_Wet,25.2702,91.7323
2023-09-23T20:00,19.5,96,872.7,Cherrapunji_Wet,25.2702,91.7323
2023-09-23T21:00,19.2,96,872.6,Cherrapunji_Wet,25.2702,91.7323
2023-09-23T22:00,18.9,96,872.1,Cherrapunji_Wet,25.2702,91.7323
2023-09-23T23:00,18.6,96,871.5,Cherrapunji_Wet,25.2702,91.7323
2023-09-24T00:00,18.2,98,870.8,Cherrapunji_Wet,25.2702,91.7323
2023-09-24T01:00,18.2,99,870.4,Cherrapunji_Wet,25.2702,91.7323
2023-09-24T02:00,18.6,98,870.1,Cherrapunji_Wet,25.2702,91.7323
2023-09-24T03:00,18.5,98,869.9,Cherrapunji_Wet,25.2702,91.7323
2023-09-24T04:00,18.5,98,870.4,Cherrapunji_Wet,25.2702,91.7323
2023-09-24T05:00,18.8,99,871.2,Cherrapunji_Wet,25.2702,91.7323
2023-09-24T06:00,19.5,95,872.1,Cherrapunji_Wet,25.2702,91.7323
2023-09-24T07:00,20.5,89,872.9,Cherrapunji_Wet,25.2702,91.7323
2023-09-24T08:00,21.6,82,873.7,Cherrapunji_Wet,25.2702,91.7323
2023-09-24T09:00,22.4,78,873.7,Cherrapunji_Wet,25.2702,91.7323
2023-09-24T10:00,23.3,76,873.2,Cherrapunji_Wet,25.2702,91.7323
2023-09-24T11:00,22.9,77,872.3,Cherrapunji_Wet,25.2702,91.7323
2023-09-24T12:00,22.6,77,871.1,Cherrapunji_Wet,25.2702,91.7323
2023-09-24T13:00,22.5,79,869.7,Cherrapunji_Wet,25.2702,91.7323
2023-09-24T14:00,22.4,79,869.2,Cherrapunji_Wet,25.2702,91.7323
2023-09-24T15:00,21.6,83,869.1,Cherrapunji_Wet,25.2702,91.7323
2023-09-24T16:00,20.9,88,869.6,Cherrapunji_Wet,25.2702,91.7323
2023-09-24T17:00,19.3,94,869.6,Cherrapunji_Wet,25.2702,91.7323
2023-09-24T18:00,19.3,93,869.9,Cherrapunji_Wet,25.2702,91.7323
2023-09-24T19:00,19,94,870.6,Cherrapunji_Wet,25.2702,91.7323
2023-09-24T20:00,19.1,94,871.3,Cherrapunji_Wet,25.2702,91.7323
2023-09-24T21:00,18.6,95,871.3,Cherrapunji_Wet,25.2702,91.7323
2023-09-24T22:00,19.6,89,871.3,Cherrapunji_Wet,25.2702,91.7323
2023-09-24T23:00,19,92,870.8,Cherrapunji_Wet,25.2702,91.7323
2023-09-25T00:00,18.9,94,870.2,Cherrapunji_Wet,25.2702,91.7323
2023-09-25T01:00,18.8,95,869.9,Cherrapunji_Wet,25.2702,91.7323
2023-09-25T02:00,18.6,96,869.7,Cherrapunji_Wet,25.2702,91.7323
2023-09-25T03:00,18.4,97,869.6,Cherrapunji_Wet,25.2702,91.7323
2023-09-25T04:00,18.8,95,869.7,Cherrapunji_Wet,25.2702,91.7323
2023-09-25T05:00,19.2,92,871.2,Cherrapunji_Wet,25.2702,91.7323
2023-09-25T06:00,19.5,92,872.1,Cherrapunji_Wet,25.2702,91.7323
2023-09-25T07:00,19.8,91,872.3,Cherrapunji_Wet,25.2702,91.7323
2023-09-25T08:00,21.4,84,873.2,Cherrapunji_Wet,25.2702,91.7323
2023-09-25T09:00,22.2,81,873.3,Cherrapunji_Wet,25.2702,91.7323
2023-09-25T10:00,23.1,75,873.1,Cherrapunji_Wet,25.2702,91.7323
2023-09-25T11:00,23.5,76,872.2,Cherrapunji_Wet,25.2702,91.7323
2023-09-25T12:00,23.5,74,871.1,Cherrapunji_Wet,25.2702,91.7323
2023-09-25T13:00,23.5,74,869.9,Cherrapunji_Wet,25.2702,91.7323
2023-09-25T14:00,23.2,75,869.4,Cherrapunji_Wet,25.2702,91.7323
2023-09-25T15:00,22.2,82,869.2,Cherrapunji_Wet,25.2702,91.7323
2023-09-25T16:00,21.4,86,869.3,Cherrapunji_Wet,25.2702,91.7323
2023-09-25T17:00,20.1,97,869.4,Cherrapunji_Wet,25.2702,91.7323
2023-09-25T18:00,19.6,97,869.5,Cherrapunji_Wet,25.2702,91.7323
2023-09-25T19:00,18.9,97,870.1,Cherrapunji_Wet,25.2702,91.7323
2023-09-25T20:00,18.9,96,870.8,Cherrapunji_Wet,25.2702,91.7323
2023-09-25T21:00,18.4,97,870.9,Cherrapunji_Wet,25.2702,91.7323
2023-09-25T22:00,18.1,96,870.7,Cherrapunji_Wet,25.2702,91.7323
2023-09-25T23:00,18.3,92,870.8,Cherrapunji_Wet,25.2702,91.7323
2023-09-26T00:00,18.1,92,870.4,Cherrapunji_Wet,25.2702,91.7323
2023-09-26T01:00,18,92,870,Cherrapunji_Wet,25.2702,91.7323
2023-09-26T02:00,18,92,869.8,Cherrapunji_Wet,25.2702,91.7323
2023-09-26T03:00,18.1,92,869.7,Cherrapunji_Wet,25.2702,91.7323
2023-09-26T04:00,18,92,869.6,Cherrapunji_Wet,25.2702,91.7323
2023-09-26T05:00,18.6,95,870.6,Cherrapunji_Wet,25.2702,91.7323
2023-09-26T06:00,20.4,90,871.8,Cherrapunji_Wet,25.2702,91.7323
2023-09-26T07:00,21.1,86,872.7,Cherrapunji_Wet,25.2702,91.7323
2023-09-26T08:00,22.3,82,873.6,Cherrapunji_Wet,25.2702,91.7323
2023-09-26T09:00,22.8,84,873.8,Cherrapunji_Wet,25.2702,91.7323
2023-09-26T10:00,23.3,85,873.2,Cherrapunji_Wet,25.2702,91.7323
2023-09-26T11:00,23.5,82,872.4,Cherrapunji_Wet,25.2702,91.7323
2023-09-26T12:00,24,79,871.1,Cherrapunji_Wet,25.2702,91.7323
2023-09-26T13:00,23.2,83,869.8,Cherrapunji_Wet,25.2702,91.7323
2023-09-26T14:00,23.3,81,869,Cherrapunji_Wet,25.2702,91.7323
2023-09-26T15:00,23.5,80,869,Cherrapunji_Wet,25.2702,91.7323
2023-09-26T16:00,22.3,85,869.2,Cherrapunji_Wet,25.2702,91.7323
2023-09-26T17:00,21.1,93,869.3,Cherrapunji_Wet,25.2702,91.7323
2023-09-26T18:00,20.4,95,869.9,Cherrapunji_Wet,25.2702,91.7323
2023-09-26T19:00,19.3,97,870,Cherrapunji_Wet,25.2702,91.7323
2023-09-26T20:00,19.2,96,870.9,Cherrapunji_Wet,25.2702,91.7323
2023-09-26T21:00,19,95,871.4,Cherrapunji_Wet,25.2702,91.7323
2023-09-26T22:00,19.1,95,871.1,Cherrapunji_Wet,25.2702,91.7323
2023-09-26T23:00,19,94,870.9,Cherrapunji_Wet,25.2702,91.7323
2023-09-27T00:00,18.4,95,869.9,Cherrapunji_Wet,25.2702,91.7323
2023-09-27T01:00,18,94,869.6,Cherrapunji_Wet,25.2702,91.7323
2023-09-27T02:00,17.9,92,869.3,Cherrapunji_Wet,25.2702,91.7323
2023-09-27T03:00,17.7,93,869.2,Cherrapunji_Wet,25.2702,91.7323
2023-09-27T04:00,17.5,94,869.4,Cherrapunji_Wet,25.2702,91.7323
2023-09-27T05:00,18,94,870.6,Cherrapunji_Wet,25.2702,91.7323
2023-09-27T06:00,20.5,93,871.9,Cherrapunji_Wet,25.2702,91.7323
2023-09-27T07:00,21.9,83,873.2,Cherrapunji_Wet,25.2702,91.7323
2023-09-27T08:00,23,79,873.5,Cherrapunji_Wet,25.2702,91.7323
2023-09-27T09:00,24.3,74,873.4,Cherrapunji_Wet,25.2702,91.7323
2023-09-27T10:00,24.8,75,872.6,Cherrapunji_Wet,25.2702,91.7323
2023-09-27T11:00,23.7,77,871.5,Cherrapunji_Wet,25.2702,91.7323
2023-09-27T12:00,22.9,84,870.3,Cherrapunji_Wet,25.2702,91.7323
2023-09-27T13:00,24.2,81,869.5,Cherrapunji_Wet,25.2702,91.7323
2023-09-27T14:00,23.5,84,868.5,Cherrapunji_Wet,25.2702,91.7323
2023-09-27T15:00,22.5,88,868.1,Cherrapunji_Wet,25.2702,91.7323
2023-09-27T16:00,22.3,90,867.8,Cherrapunji_Wet,25.2702,91.7323
2023-09-27T17:00,21.2,92,867.9,Cherrapunji_Wet,25.2702,91.7323
2023-09-27T18:00,20.5,92,868,Cherrapunji_Wet,25.2702,91.7323
2023-09-27T19:00,19.8,92,868.6,Cherrapunji_Wet,25.2702,91.7323
2023-09-27T20:00,19.5,92,869.5,Cherrapunji_Wet,25.2702,91.7323
2023-09-27T21:00,19.6,90,870.1,Cherrapunji_Wet,25.2702,91.7323
2023-09-27T22:00,19.1,90,870,Cherrapunji_Wet,25.2702,91.7323
2023-09-27T23:00,19.1,90,869.6,Cherrapunji_Wet,25.2702,91.7323
2023-09-28T00:00,19.5,89,869.1,Cherrapunji_Wet,25.2702,91.7323
2023-09-28T01:00,19.2,90,868.5,Cherrapunji_Wet,25.2702,91.7323
2023-09-28T02:00,18.9,90,868.3,Cherrapunji_Wet,25.2702,91.7323
2023-09-28T03:00,18.8,88,868.6,Cherrapunji_Wet,25.2702,91.7323
2023-09-28T04:00,18.6,89,868.8,Cherrapunji_Wet,25.2702,91.7323
2023-09-28T05:00,19.5,87,869.7,Cherrapunji_Wet,25.2702,91.7323
2023-09-28T06:00,21.5,88,870.9,Cherrapunji_Wet,25.2702,91.7323
2023-09-28T07:00,23.7,76,872.5,Cherrapunji_Wet,25.2702,91.7323
2023-09-28T08:00,24.6,72,873.1,Cherrapunji_Wet,25.2702,91.7323
2023-09-28T09:00,25.3,70,873,Cherrapunji_Wet,25.2702,91.7323
2023-09-28T10:00,25.7,72,872.7,Cherrapunji_Wet,25.2702,91.7323
2023-09-28T11:00,25.9,75,872,Cherrapunji_Wet,25.2702,91.7323
2023-09-28T12:00,26.3,72,870.7,Cherrapunji_Wet,25.2702,91.7323
2023-09-28T13:00,25.1,77,869.4,Cherrapunji_Wet,25.2702,91.7323
2023-09-28T14:00,24.8,76,868.5,Cherrapunji_Wet,25.2702,91.7323
2023-09-28T15:00,25,74,868.3,Cherrapunji_Wet,25.2702,91.7323
2023-09-28T16:00,24.2,79,868,Cherrapunji_Wet,25.2702,91.7323
2023-09-28T17:00,22,86,868,Cherrapunji_Wet,25.2702,91.7323
2023-09-28T18:00,21.6,87,868.2,Cherrapunji_Wet,25.2702,91.7323
2023-09-28T19:00,21.2,87,869.2,Cherrapunji_Wet,25.2702,91.7323
2023-09-28T20:00,20.9,89,869.4,Cherrapunji_Wet,25.2702,91.7323
2023-09-28T21:00,20.6,89,869.3,Cherrapunji_Wet,25.2702,91.7323
2023-09-28T22:00,20.6,85,869.4,Cherrapunji_Wet,25.2702,91.7323
2023-09-28T23:00,20.6,82,869.1,Cherrapunji_Wet,25.2702,91.7323
2023-09-29T00:00,20.2,83,868.8,Cherrapunji_Wet,25.2702,91.7323
2023-09-29T01:00,20.1,83,869,Cherrapunji_Wet,25.2702,91.7323
2023-09-29T02:00,20.4,82,868.5,Cherrapunji_Wet,25.2702,91.7323
2023-09-29T03:00,19.9,85,868.2,Cherrapunji_Wet,25.2702,91.7323
2023-09-29T04:00,19.9,85,868.5,Cherrapunji_Wet,25.2702,91.7323
2023-09-29T05:00,19.8,87,869.4,Cherrapunji_Wet,25.2702,91.7323
2023-09-29T06:00,22.2,84,871.3,Cherrapunji_Wet,25.2702,91.7323
2023-09-29T07:00,24.4,71,872.5,Cherrapunji_Wet,25.2702,91.7323
2023-09-29T08:00,25.4,64,872.8,Cherrapunji_Wet,25.2702,91.7323
2023-09-29T09:00,26.3,62,873.4,Cherrapunji_Wet,25.2702,91.7323
2023-09-29T10:00,24.7,71,872.8,Cherrapunji_Wet,25.2702,91.7323
2023-09-29T11:00,25.6,69,872,Cherrapunji_Wet,25.2702,91.7323
2023-09-29T12:00,26.4,70,870.9,Cherrapunji_Wet,25.2702,91.7323
2023-09-29T13:00,25.4,73,869.8,Cherrapunji_Wet,25.2702,91.7323
2023-09-29T14:00,24.1,80,868.6,Cherrapunji_Wet,25.2702,91.7323
2023-09-29T15:00,24.7,75,868.8,Cherrapunji_Wet,25.2702,91.7323
2023-09-29T16:00,23.9,81,868.8,Cherrapunji_Wet,25.2702,91.7323
2023-09-29T17:00,21.6,89,868.5,Cherrapunji_Wet,25.2702,91.7323
2023-09-29T18:00,21.6,87,869.7,Cherrapunji_Wet,25.2702,91.7323
2023-09-29T19:00,21.2,89,870.3,Cherrapunji_Wet,25.2702,91.7323
2023-09-29T20:00,20.9,88,871.1,Cherrapunji_Wet,25.2702,91.7323
2023-09-29T21:00,20.7,85,870.7,Cherrapunji_Wet,25.2702,91.7323
2023-09-29T22:00,20.6,83,870.4,Cherrapunji_Wet,25.2702,91.7323
2023-09-29T23:00,20.8,82,870.2,Cherrapunji_Wet,25.2702,91.7323
2023-09-30T00:00,20.7,83,869.5,Cherrapunji_Wet,25.2702,91.7323
2023-09-30T01:00,20.9,82,868.9,Cherrapunji_Wet,25.2702,91.7323
2023-09-30T02:00,20.1,87,868.1,Cherrapunji_Wet,25.2702,91.7323
2023-09-30T03:00,21.7,76,869.6,Cherrapunji_Wet,25.2702,91.7323
2023-09-30T04:00,19.9,87,869,Cherrapunji_Wet,25.2702,91.7323
2023-09-30T05:00,20.1,89,870.1,Cherrapunji_Wet,25.2702,91.7323
2023-09-30T06:00,22.2,82,870.9,Cherrapunji_Wet,25.2702,91.7323
2023-09-30T07:00,23.3,74,872.1,Cherrapunji_Wet,25.2702,91.7323
2023-09-30T08:00,23,75,872.6,Cherrapunji_Wet,25.2702,91.7323
2023-09-30T09:00,22.6,81,873.1,Cherrapunji_Wet,25.2702,91.7323
2023-09-30T10:00,21.9,88,872.3,Cherrapunji_Wet,25.2702,91.7323
2023-09-30T11:00,22.7,86,871.5,Cherrapunji_Wet,25.2702,91.7323
2023-09-30T12:00,22.9,79,870.8,Cherrapunji_Wet,25.2702,91.7323
2023-09-30T13:00,22.5,81,869.5,Cherrapunji_Wet,25.2702,91.7323
2023-09-30T14:00,23,83,868.7,Cherrapunji_Wet,25.2702,91.7323
2023-09-30T15:00,22.4,86,868.6,Cherrapunji_Wet,25.2702,91.7323
2023-09-30T16:00,21.6,91,868.5,Cherrapunji_Wet,25.2702,91.7323
2023-09-30T17:00,20.5,89,868.9,Cherrapunji_Wet,25.2702,91.7323
2023-09-30T18:00,20.9,86,869.5,Cherrapunji_Wet,25.2702,91.7323
2023-09-30T19:00,19.9,90,869.8,Cherrapunji_Wet,25.2702,91.7323
2023-09-30T20:00,19.4,92,870,Cherrapunji_Wet,25.2702,91.7323
2023-09-30T21:00,19.7,89,870.8,Cherrapunji_Wet,25.2702,91.7323
2023-09-30T22:00,19.6,93,870.6,Cherrapunji_Wet,25.2702,91.7323
2023-09-30T23:00,19,95,870.1,Cherrapunji_Wet,25.2702,91.7323
2023-10-01T00:00,19.3,93,869.2,Cherrapunji_Wet,25.2702,91.7323
2023-10-01T01:00,18.8,96,868.8,Cherrapunji_Wet,25.2702,91.7323
2023-10-01T02:00,18.8,97,868.4,Cherrapunji_Wet,25.2702,91.7323
2023-10-01T03:00,19.2,94,867.5,Cherrapunji_Wet,25.2702,91.7323
2023-10-01T04:00,18.8,95,867.6,Cherrapunji_Wet,25.2702,91.7323
2023-10-01T05:00,19.1,97,868.9,Cherrapunji_Wet,25.2702,91.7323
2023-10-01T06:00,20.4,93,870.3,Cherrapunji_Wet,25.2702,91.7323
2023-10-01T07:00,21.1,92,871.1,Cherrapunji_Wet,25.2702,91.7323
2023-10-01T08:00,21.8,90,871.5,Cherrapunji_Wet,25.2702,91.7323
2023-10-01T09:00,23,82,871.7,Cherrapunji_Wet,25.2702,91.7323
2023-10-01T10:00,21.9,91,871.1,Cherrapunji_Wet,25.2702,91.7323
2023-10-01T11:00,23.2,87,870.6,Cherrapunji_Wet,25.2702,91.7323
2023-10-01T12:00,23.9,81,869.3,Cherrapunji_Wet,25.2702,91.7323
2023-10-01T13:00,23.3,82,868,Cherrapunji_Wet,25.2702,91.7323
2023-10-01T14:00,22.5,84,867.7,Cherrapunji_Wet,25.2702,91.7323
2023-10-01T15:00,22.3,87,867.1,Cherrapunji_Wet,25.2702,91.7323
2023-10-01T16:00,21.6,90,867.4,Cherrapunji_Wet,25.2702,91.7323
2023-10-01T17:00,20.5,97,868.2,Cherrapunji_Wet,25.2702,91.7323
2023-10-01T18:00,19.8,97,868.7,Cherrapunji_Wet,25.2702,91.7323
2023-10-01T19:00,19.7,97,869.6,Cherrapunji_Wet,25.2702,91.7323
2023-10-01T20:00,20.2,90,870.5,Cherrapunji_Wet,25.2702,91.7323
2023-10-01T21:00,19.4,95,870.8,Cherrapunji_Wet,25.2702,91.7323
2023-10-01T22:00,19.3,96,870.3,Cherrapunji_Wet,25.2702,91.7323
2023-10-01T23:00,19,96,869.7,Cherrapunji_Wet,25.2702,91.7323
2023-10-02T00:00,19.3,95,869.6,Cherrapunji_Wet,25.2702,91.7323
2023-10-02T01:00,19.3,95,868.9,Cherrapunji_Wet,25.2702,91.7323
2023-10-02T02:00,19.1,94,868.7,Cherrapunji_Wet,25.2702,91.7323
2023-10-02T03:00,18.9,95,868.7,Cherrapunji_Wet,25.2702,91.7323
2023-10-02T04:00,18.9,94,868.9,Cherrapunji_Wet,25.2702,91.7323
2023-10-02T05:00,19.4,97,869.7,Cherrapunji_Wet,25.2702,91.7323
2023-10-02T06:00,19.8,98,870.8,Cherrapunji_Wet,25.2702,91.7323
2023-10-02T07:00,20.7,94,871.9,Cherrapunji_Wet,25.2702,91.7323
2023-10-02T08:00,21.7,91,872.7,Cherrapunji_Wet,25.2702,91.7323
2023-10-02T09:00,23,83,872.9,Cherrapunji_Wet,25.2702,91.7323
2023-10-02T10:00,23.6,80,872.7,Cherrapunji_Wet,25.2702,91.7323
2023-10-02T11:00,23.5,80,871.7,Cherrapunji_Wet,25.2702,91.7323
2023-10-02T12:00,23.5,83,870.5,Cherrapunji_Wet,25.2702,91.7323
2023-10-02T13:00,23.6,82,869.4,Cherrapunji_Wet,25.2702,91.7323
2023-10-02T14:00,23.1,82,868.8,Cherrapunji_Wet,25.2702,91.7323
2023-10-02T15:00,22.7,83,868.9,Cherrapunji_Wet,25.2702,91.7323
2023-10-02T16:00,21.6,89,869.1,Cherrapunji_Wet,25.2702,91.7323
2023-10-02T17:00,20.3,96,869.5,Cherrapunji_Wet,25.2702,91.7323
2023-10-02T18:00,20,98,870,Cherrapunji_Wet,25.2702,91.7323
2023-10-02T19:00,19.5,99,870.8,Cherrapunji_Wet,25.2702,91.7323
2023-10-02T20:00,19.6,98,871.4,Cherrapunji_Wet,25.2702,91.7323
2023-10-02T21:00,19.4,100,871.4,Cherrapunji_Wet,25.2702,91.7323
2023-10-02T22:00,19.3,100,871.4,Cherrapunji_Wet,25.2702,91.7323
2023-10-02T23:00,19.3,98,871.2,Cherrapunji_Wet,25.2702,91.7323
2023-10-03T00:00,19.4,99,870.6,Cherrapunji_Wet,25.2702,91.7323
2023-10-03T01:00,19.3,100,870.1,Cherrapunji_Wet,25.2702,91.7323
2023-10-03T02:00,19.3,99,870,Cherrapunji_Wet,25.2702,91.7323
2023-10-03T03:00,19.1,99,870.1,Cherrapunji_Wet,25.2702,91.7323
2023-10-03T04:00,18.8,100,870.5,Cherrapunji_Wet,25.2702,91.7323
2023-10-03T05:00,18.6,99,871,Cherrapunji_Wet,25.2702,91.7323
2023-10-03T06:00,18.6,100,871.8,Cherrapunji_Wet,25.2702,91.7323
2023-10-03T07:00,18.9,96,872.5,Cherrapunji_Wet,25.2702,91.7323
2023-10-03T08:00,20.8,87,873.7,Cherrapunji_Wet,25.2702,91.7323
2023-10-03T09:00,21.9,84,873.8,Cherrapunji_Wet,25.2702,91.7323
2023-10-03T10:00,22.7,81,873.3,Cherrapunji_Wet,25.2702,91.7323
2023-10-03T11:00,23,83,872.4,Cherrapunji_Wet,25.2702,91.7323
2023-10-03T12:00,23.4,78,871.1,Cherrapunji_Wet,25.2702,91.7323
2023-10-03T13:00,23.1,79,870.3,Cherrapunji_Wet,25.2702,91.7323
2023-10-03T14:00,22.4,81,869.7,Cherrapunji_Wet,25.2702,91.7323
2023-10-03T15:00,21.7,84,869.6,Cherrapunji_Wet,25.2702,91.7323
2023-10-03T16:00,20.3,92,870.2,Cherrapunji_Wet,25.2702,91.7323
2023-10-03T17:00,19.6,95,870.8,Cherrapunji_Wet,25.2702,91.7323
2023-10-03T18:00,19,99,871.2,Cherrapunji_Wet,25.2702,91.7323
2023-10-03T19:00,18.9,99,872.1,Cherrapunji_Wet,25.2702,91.7323
2023-10-03T20:00,19.1,98,872.8,Cherrapunji_Wet,25.2702,91.7323
2023-10-03T21:00,19,99,872.8,Cherrapunji_Wet,25.2702,91.7323
2023-10-03T22:00,19,100,872.6,Cherrapunji_Wet,25.2702,91.7323
2023-10-03T23:00,18.9,100,872.3,Cherrapunji_Wet,25.2702,91.7323
2023-10-04T00:00,18.7,100,871.9,Cherrapunji_Wet,25.2702,91.7323
2023-10-04T01:00,18.6,100,871.5,Cherrapunji_Wet,25.2702,91.7323
2023-10-04T02:00,18.5,100,871.1,Cherrapunji_Wet,25.2702,91.7323
2023-10-04T03:00,18.3,100,870.8,Cherrapunji_Wet,25.2702,91.7323
2023-10-04T04:00,18.2,99,870.8,Cherrapunji_Wet,25.2702,91.7323
2023-10-04T05:00,18.4,99,871.6,Cherrapunji_Wet,25.2702,91.7323
2023-10-04T06:00,18.5,100,872.4,Cherrapunji_Wet,25.2702,91.7323
2023-10-04T07:00,18.7,96,873.2,Cherrapunji_Wet,25.2702,91.7323
2023-10-04T08:00,19.7,93,874,Cherrapunji_Wet,25.2702,91.7323
2023-10-04T09:00,20.9,85,874.2,Cherrapunji_Wet,25.2702,91.7323
2023-10-04T10:00,20.8,85,873.7,Cherrapunji_Wet,25.2702,91.7323
2023-10-04T11:00,20.9,85,873.1,Cherrapunji_Wet,25.2702,91.7323
2023-10-04T12:00,20.8,85,872.2,Cherrapunji_Wet,25.2702,91.7323
2023-10-04T13:00,21.4,82,871,Cherrapunji_Wet,25.2702,91.7323
2023-10-04T14:00,21.3,82,870.5,Cherrapunji_Wet,25.2702,91.7323
2023-10-04T15:00,21.1,82,870.3,Cherrapunji_Wet,25.2702,91.7323
2023-10-04T16:00,20.1,88,870,Cherrapunji_Wet,25.2702,91.7323
2023-10-04T17:00,19.2,95,871.4,Cherrapunji_Wet,25.2702,91.7323
2023-10-04T18:00,18.9,98,871.6,Cherrapunji_Wet,25.2702,91.7323
2023-10-04T19:00,19.2,96,872.5,Cherrapunji_Wet,25.2702,91.7323
2023-10-04T20:00,19,97,873.2,Cherrapunji_Wet,25.2702,91.7323
2023-10-04T21:00,18.9,98,873.2,Cherrapunji_Wet,25.2702,91.7323
2023-10-04T22:00,18.8,98,872.5,Cherrapunji_Wet,25.2702,91.7323
2023-10-04T23:00,18.7,98,872.1,Cherrapunji_Wet,25.2702,91.7323
2023-10-05T00:00,18.8,98,871.2,Cherrapunji_Wet,25.2702,91.7323
2023-10-05T01:00,18.7,99,870.5,Cherrapunji_Wet,25.2702,91.7323
2023-10-05T02:00,18.4,99,870.1,Cherrapunji_Wet,25.2702,91.7323
2023-10-05T03:00,18.4,97,869.9,Cherrapunji_Wet,25.2702,91.7323
2023-10-05T04:00,18.4,99,869.9,Cherrapunji_Wet,25.2702,91.7323
2023-10-05T05:00,18.4,98,870.5,Cherrapunji_Wet,25.2702,91.7323
2023-10-05T06:00,19,93,871.5,Cherrapunji_Wet,25.2702,91.7323
2023-10-05T07:00,18.9,93,872.2,Cherrapunji_Wet,25.2702,91.7323
2023-10-05T08:00,19.1,95,872.9,Cherrapunji_Wet,25.2702,91.7323
2023-10-05T09:00,19.5,93,872.9,Cherrapunji_Wet,25.2702,91.7323
2023-10-05T10:00,19.3,96,872.4,Cherrapunji_Wet,25.2702,91.7323
2023-10-05T11:00,19.2,97,871.2,Cherrapunji_Wet,25.2702,91.7323
2023-10-05T12:00,19.3,99,870.1,Cherrapunji_Wet,25.2702,91.7323
2023-10-05T13:00,19.2,98,868.7,Cherrapunji_Wet,25.2702,91.7323
2023-10-05T14:00,19,99,868.2,Cherrapunji_Wet,25.2702,91.7323
2023-10-05T15:00,18.8,100,868.3,Cherrapunji_Wet,25.2702,91.7323
2023-10-05T16:00,18.6,100,868.5,Cherrapunji_Wet,25.2702,91.7323
2023-10-05T17:00,18.6,96,869,Cherrapunji_Wet,25.2702,91.7323
2023-10-05T18:00,18.8,98,869.8,Cherrapunji_Wet,25.2702,91.7323
2023-10-05T19:00,19,98,870.4,Cherrapunji_Wet,25.2702,91.7323
2023-10-05T20:00,18.7,96,870.9,Cherrapunji_Wet,25.2702,91.7323
2023-10-05T21:00,18.7,99,870.3,Cherrapunji_Wet,25.2702,91.7323
2023-10-05T22:00,18.8,98,870.2,Cherrapunji_Wet,25.2702,91.7323
2023-10-05T23:00,18.7,96,869.6,Cherrapunji_Wet,25.2702,91.7323
2023-10-06T00:00,18.6,98,869.2,Cherrapunji_Wet,25.2702,91.7323
2023-10-06T01:00,18.5,99,868.3,Cherrapunji_Wet,25.2702,91.7323
2023-10-06T02:00,18.1,100,868.2,Cherrapunji_Wet,25.2702,91.7323
2023-10-06T03:00,18.1,100,868.1,Cherrapunji_Wet,25.2702,91.7323
2023-10-06T04:00,18.1,100,868,Cherrapunji_Wet,25.2702,91.7323
2023-10-06T05:00,18.1,99,869.2,Cherrapunji_Wet,25.2702,91.7323
2023-10-06T06:00,18.3,100,870.1,Cherrapunji_Wet,25.2702,91.7323
2023-10-06T07:00,18.6,95,871.6,Cherrapunji_Wet,25.2702,91.7323
2023-10-06T08:00,18.6,99,871.9,Cherrapunji_Wet,25.2702,91.7323
2023-10-06T09:00,18.6,95,871.6,Cherrapunji_Wet,25.2702,91.7323
2023-10-06T10:00,18.7,98,871.1,Cherrapunji_Wet,25.2702,91.7323
2023-10-06T11:00,18.9,97,870.2,Cherrapunji_Wet,25.2702,91.7323
2023-10-06T12:00,19.3,95,869.8,Cherrapunji_Wet,25.2702,91.7323
2023-10-06T13:00,18.9,95,867.9,Cherrapunji_Wet,25.2702,91.7323
2023-10-06T14:00,18.6,92,867.3,Cherrapunji_Wet,25.2702,91.7323
2023-10-06T15:00,18.2,95,866.9,Cherrapunji_Wet,25.2702,91.7323
2023-10-06T16:00,18.2,98,867.6,Cherrapunji_Wet,25.2702,91.7323
2023-10-06T17:00,18.6,98,869,Cherrapunji_Wet,25.2702,91.7323
2023-10-06T18:00,18.6,99,869.3,Cherrapunji_Wet,25.2702,91.7323
2023-10-06T19:00,18.7,99,869.8,Cherrapunji_Wet,25.2702,91.7323
2023-10-06T20:00,18.8,97,870.1,Cherrapunji_Wet,25.2702,91.7323
2023-10-06T21:00,18.3,99,869.8,Cherrapunji_Wet,25.2702,91.7323
2023-10-06T22:00,18.4,99,869.5,Cherrapunji_Wet,25.2702,91.7323
2023-10-06T23:00,18.3,100,869.1,Cherrapunji_Wet,25.2702,91.7323
2023-10-07T00:00,18.2,100,868.7,Cherrapunji_Wet,25.2702,91.7323
2023-10-07T01:00,18.1,100,868.2,Cherrapunji_Wet,25.2702,91.7323
2023-10-07T02:00,18.2,100,868.2,Cherrapunji_Wet,25.2702,91.7323
2023-10-07T03:00,18.1,100,868.2,Cherrapunji_Wet,25.2702,91.7323
2023-10-07T04:00,18.1,100,868.6,Cherrapunji_Wet,25.2702,91.7323
2023-10-07T05:00,17.7,99,869.6,Cherrapunji_Wet,25.2702,91.7323
2023-10-07T06:00,18,99,870.2,Cherrapunji_Wet,25.2702,91.7323
2023-10-07T07:00,18.4,95,871.1,Cherrapunji_Wet,25.2702,91.7323
2023-10-07T08:00,18.3,100,871.9,Cherrapunji_Wet,25.2702,91.7323
2023-10-07T09:00,18.9,93,872,Cherrapunji_Wet,25.2702,91.7323
2023-10-07T10:00,19.3,100,871.7,Cherrapunji_Wet,25.2702,91.7323
2023-10-07T11:00,19.4,99,870.7,Cherrapunji_Wet,25.2702,91.7323
2023-10-07T12:00,19.3,100,869.7,Cherrapunji_Wet,25.2702,91.7323
2023-10-07T13:00,19.8,91,868.8,Cherrapunji_Wet,25.2702,91.7323
2023-10-07T14:00,19.5,92,868.4,Cherrapunji_Wet,25.2702,91.7323
2023-10-07T15:00,19.7,94,868.4,Cherrapunji_Wet,25.2702,91.7323
2023-10-07T16:00,19.2,96,868.6,Cherrapunji_Wet,25.2702,91.7323
2023-10-07T17:00,19.1,96,870.1,Cherrapunji_Wet,25.2702,91.7323
2023-10-07T18:00,19,96,870.4,Cherrapunji_Wet,25.2702,91.7323
2023-10-07T19:00,18.8,96,870.9,Cherrapunji_Wet,25.2702,91.7323
2023-10-07T20:00,18.3,99,871.4,Cherrapunji_Wet,25.2702,91.7323
2023-10-07T21:00,18.3,99,871.2,Cherrapunji_Wet,25.2702,91.7323
2023-10-07T22:00,18.3,99,871.2,Cherrapunji_Wet,25.2702,91.7323
2023-10-07T23:00,18.4,98,870.8,Cherrapunji_Wet,25.2702,91.7323
2023-10-08T00:00,18.3,98,870.4,Cherrapunji_Wet,25.2702,91.7323
2023-10-08T01:00,18.6,96,869.7,Cherrapunji_Wet,25.2702,91.7323
2023-10-08T02:00,18.1,99,869.5,Cherrapunji_Wet,25.2702,91.7323
2023-10-08T03:00,18,99,870,Cherrapunji_Wet,25.2702,91.7323
2023-10-08T04:00,17.8,100,870.1,Cherrapunji_Wet,25.2702,91.7323
2023-10-08T05:00,18.5,100,870.7,Cherrapunji_Wet,25.2702,91.7323
2023-10-08T06:00,18.8,98,871.1,Cherrapunji_Wet,25.2702,91.7323
2023-10-08T07:00,18.8,98,872,Cherrapunji_Wet,25.2702,91.7323
2023-10-08T08:00,20.3,89,872.5,Cherrapunji_Wet,25.2702,91.7323
2023-10-08T09:00,19.9,90,872.7,Cherrapunji_Wet,25.2702,91.7323
2023-10-08T10:00,19.6,94,872.2,Cherrapunji_Wet,25.2702,91.7323
2023-10-08T11:00,19.3,100,871.3,Cherrapunji_Wet,25.2702,91.7323
2023-10-08T12:00,21.2,90,870.9,Cherrapunji_Wet,25.2702,91.7323
2023-10-08T13:00,20.8,91,870.1,Cherrapunji_Wet,25.2702,91.7323
2023-10-08T14:00,21.1,91,869.5,Cherrapunji_Wet,25.2702,91.7323
2023-10-08T15:00,20.6,91,869.5,Cherrapunji_Wet,25.2702,91.7323
2023-10-08T16:00,19.8,94,869.7,Cherrapunji_Wet,25.2702,91.7323
2023-10-08T17:00,19.2,100,870.3,Cherrapunji_Wet,25.2702,91.7323
2023-10-08T18:00,18.9,100,870.8,Cherrapunji_Wet,25.2702,91.7323
2023-10-08T19:00,19.1,99,872,Cherrapunji_Wet,25.2702,91.7323
2023-10-08T20:00,19.3,98,872.4,Cherrapunji_Wet,25.2702,91.7323
2023-10-08T21:00,19.1,99,872.4,Cherrapunji_Wet,25.2702,91.7323
2023-10-08T22:00,18.9,99,872.3,Cherrapunji_Wet,25.2702,91.7323
2023-10-08T23:00,18.6,99,872.2,Cherrapunji_Wet,25.2702,91.7323
2023-10-09T00:00,19,96,871.2,Cherrapunji_Wet,25.2702,91.7323
2023-10-09T01:00,18.1,99,870.9,Cherrapunji_Wet,25.2702,91.7323
2023-10-09T02:00,18.6,98,870.6,Cherrapunji_Wet,25.2702,91.7323
2023-10-09T03:00,18.5,99,870.7,Cherrapunji_Wet,25.2702,91.7323
2023-10-09T04:00,18.6,99,870.9,Cherrapunji_Wet,25.2702,91.7323
2023-10-09T05:00,18.5,98,871.9,Cherrapunji_Wet,25.2702,91.7323
2023-10-09T06:00,18.9,99,872.6,Cherrapunji_Wet,25.2702,91.7323
2023-10-09T07:00,19.7,95,873.7,Cherrapunji_Wet,25.2702,91.7323
2023-10-09T08:00,20.4,92,874.5,Cherrapunji_Wet,25.2702,91.7323
2023-10-09T09:00,20.8,91,874.9,Cherrapunji_Wet,25.2702,91.7323
2023-10-09T10:00,20,90,874.2,Cherrapunji_Wet,25.2702,91.7323
2023-10-09T11:00,21.2,83,873.8,Cherrapunji_Wet,25.2702,91.7323
2023-10-09T12:00,21.5,80,872.7,Cherrapunji_Wet,25.2702,91.7323
2023-10-09T13:00,21,85,871.7,Cherrapunji_Wet,25.2702,91.7323
2023-10-09T14:00,21.2,85,871.2,Cherrapunji_Wet,25.2702,91.7323
2023-10-09T15:00,21.2,85,871,Cherrapunji_Wet,25.2702,91.7323
2023-10-09T16:00,20.5,89,871,Cherrapunji_Wet,25.2702,91.7323
2023-10-09T17:00,18.9,97,871.5,Cherrapunji_Wet,25.2702,91.7323
2023-10-09T18:00,19.1,95,872.2,Cherrapunji_Wet,25.2702,91.7323
2023-10-09T19:00,19.1,95,873.1,Cherrapunji_Wet,25.2702,91.7323
2023-10-09T20:00,18.7,97,873.5,Cherrapunji_Wet,25.2702,91.7323
2023-10-09T21:00,18,97,873.3,Cherrapunji_Wet,25.2702,91.7323
2023-10-09T22:00,17.6,98,873,Cherrapunji_Wet,25.2702,91.7323
2023-10-09T23:00,17.7,98,872.5,Cherrapunji_Wet,25.2702,91.7323
2023-10-10T00:00,17.5,97,872,Cherrapunji_Wet,25.2702,91.7323
2023-10-10T01:00,17,96,871.5,Cherrapunji_Wet,25.2702,91.7323
2023-10-10T02:00,16.6,96,871,Cherrapunji_Wet,25.2702,91.7323
2023-10-10T03:00,16.2,95,870.9,Cherrapunji_Wet,25.2702,91.7323
2023-10-10T04:00,16,96,871.3,Cherrapunji_Wet,25.2702,91.7323
2023-10-10T05:00,17.3,94,872.5,Cherrapunji_Wet,25.2702,91.7323
2023-10-10T06:00,18.9,94,874.1,Cherrapunji_Wet,25.2702,91.7323
2023-10-10T07:00,20,89,875.2,Cherrapunji_Wet,25.2702,91.7323
2023-10-10T08:00,21,83,876.1,Cherrapunji_Wet,25.2702,91.7323
2023-10-10T09:00,21.7,79,876,Cherrapunji_Wet,25.2702,91.7323
2023-10-10T10:00,22.2,76,875.5,Cherrapunji_Wet,25.2702,91.7323
2023-10-10T11:00,22.8,74,874.4,Cherrapunji_Wet,25.2702,91.7323
2023-10-10T12:00,22.7,76,873.2,Cherrapunji_Wet,25.2702,91.7323
2023-10-10T13:00,22.5,76,872.1,Cherrapunji_Wet,25.2702,91.7323
2023-10-10T14:00,22.2,77,871.2,Cherrapunji_Wet,25.2702,91.7323
2023-10-10T15:00,21.5,82,870.9,Cherrapunji_Wet,25.2702,91.7323
2023-10-10T16:00,20.4,89,871,Cherrapunji_Wet,25.2702,91.7323
2023-10-10T17:00,18.5,98,871.3,Cherrapunji_Wet,25.2702,91.7323
2023-10-10T18:00,17.7,98,871.4,Cherrapunji_Wet,25.2702,91.7323
2023-10-10T19:00,17.3,97,871.8,Cherrapunji_Wet,25.2702,91.7323
2023-10-10T20:00,16.9,97,872,Cherrapunji_Wet,25.2702,91.7323
2023-10-10T21:00,16.8,93,872.2,Cherrapunji_Wet,25.2702,91.7323
2023-10-10T22:00,17.1,88,872.2,Cherrapunji_Wet,25.2702,91.7323
2023-10-10T23:00,16.4,91,871.7,Cherrapunji_Wet,25.2702,91.7323
2023-10-11T00:00,16.4,92,871.3,Cherrapunji_Wet,25.2702,91.7323
2023-10-11T01:00,16.2,93,870.9,Cherrapunji_Wet,25.2702,91.7323
2023-10-11T02:00,16.2,93,870.6,Cherrapunji_Wet,25.2702,91.7323
2023-10-11T03:00,16.1,93,870.3,Cherrapunji_Wet,25.2702,91.7323
2023-10-11T04:00,16.3,92,870.8,Cherrapunji_Wet,25.2702,91.7323
2023-10-11T05:00,16.9,92,871.5,Cherrapunji_Wet,25.2702,91.7323
2023-10-11T06:00,19,91,873,Cherrapunji_Wet,25.2702,91.7323
2023-10-11T07:00,20.5,85,874.4,Cherrapunji_Wet,25.2702,91.7323
2023-10-11T08:00,21.4,79,875.2,Cherrapunji_Wet,25.2702,91.7323
2023-10-11T09:00,21.9,83,875.2,Cherrapunji_Wet,25.2702,91.7323
2023-10-11T10:00,22.3,83,874.9,Cherrapunji_Wet,25.2702,91.7323
2023-10-11T11:00,22.7,82,873.9,Cherrapunji_Wet,25.2702,91.7323
2023-10-11T12:00,23.2,79,872.9,Cherrapunji_Wet,25.2702,91.7323
2023-10-11T13:00,22.7,77,872,Cherrapunji_Wet,25.2702,91.7323
2023-10-11T14:00,21.7,81,870.9,Cherrapunji_Wet,25.2702,91.7323
2023-10-11T15:00,21.1,84,871,Cherrapunji_Wet,25.2702,91.7323
2023-10-11T16:00,19.9,92,871.4,Cherrapunji_Wet,25.2702,91.7323
2023-10-11T17:00,19.2,98,871.8,Cherrapunji_Wet,25.2702,91.7323
2023-10-11T18:00,19,98,872.6,Cherrapunji_Wet,25.2702,91.7323
2023-10-11T19:00,18.7,98,873,Cherrapunji_Wet,25.2702,91.7323
2023-10-11T20:00,17.8,97,873.1,Cherrapunji_Wet,25.2702,91.7323
2023-10-11T21:00,17.4,96,873.4,Cherrapunji_Wet,25.2702,91.7323
2023-10-11T22:00,17.5,95,873.5,Cherrapunji_Wet,25.2702,91.7323
2023-10-11T23:00,17.9,96,873.4,Cherrapunji_Wet,25.2702,91.7323
2023-10-12T00:00,16.7,97,872.3,Cherrapunji_Wet,25.2702,91.7323
2023-10-12T01:00,16.7,96,871.7,Cherrapunji_Wet,25.2702,91.7323
2023-10-12T02:00,16.4,96,871.5,Cherrapunji_Wet,25.2702,91.7323
2023-10-12T03:00,16.1,96,871.5,Cherrapunji_Wet,25.2702,91.7323
2023-10-12T04:00,15.7,98,872,Cherrapunji_Wet,25.2702,91.7323
2023-10-12T05:00,17,96,872.4,Cherrapunji_Wet,25.2702,91.7323
2023-10-12T06:00,18.5,92,873.8,Cherrapunji_Wet,25.2702,91.7323
2023-10-12T07:00,20.2,84,875.6,Cherrapunji_Wet,25.2702,91.7323
2023-10-12T08:00,21.3,84,876.4,Cherrapunji_Wet,25.2702,91.7323
2023-10-12T09:00,22.1,78,876.4,Cherrapunji_Wet,25.2702,91.7323
2023-10-12T10:00,22.9,72,876.2,Cherrapunji_Wet,25.2702,91.7323
2023-10-12T11:00,23,71,875.1,Cherrapunji_Wet,25.2702,91.7323
2023-10-12T12:00,22.5,74,873.9,Cherrapunji_Wet,25.2702,91.7323
2023-10-12T13:00,21.9,79,873.2,Cherrapunji_Wet,25.2702,91.7323
2023-10-12T14:00,21.4,80,872.9,Cherrapunji_Wet,25.2702,91.7323
2023-10-12T15:00,20.9,82,873,Cherrapunji_Wet,25.2702,91.7323
2023-10-12T16:00,19.5,90,872.9,Cherrapunji_Wet,25.2702,91.7323
2023-10-12T17:00,18.6,96,873.3,Cherrapunji_Wet,25.2702,91.7323
2023-10-12T18:00,18,98,873.5,Cherrapunji_Wet,25.2702,91.7323
2023-10-12T19:00,17.5,96,873.7,Cherrapunji_Wet,25.2702,91.7323
2023-10-12T20:00,18,93,874.7,Cherrapunji_Wet,25.2702,91.7323
2023-10-12T21:00,17.1,94,874.4,Cherrapunji_Wet,25.2702,91.7323
2023-10-12T22:00,17,91,874.2,Cherrapunji_Wet,25.2702,91.7323
2023-10-12T23:00,16,93,873.2,Cherrapunji_Wet,25.2702,91.7323
2023-10-13T00:00,15.8,91,872.4,Cherrapunji_Wet,25.2702,91.7323
2023-10-13T01:00,15.2,90,872.4,Cherrapunji_Wet,25.2702,91.7323
2023-10-13T02:00,15.6,84,872.4,Cherrapunji_Wet,25.2702,91.7323
2023-10-13T03:00,15,83,871.9,Cherrapunji_Wet,25.2702,91.7323
2023-10-13T04:00,14.7,79,872.1,Cherrapunji_Wet,25.2702,91.7323
2023-10-13T05:00,15.3,80,873.5,Cherrapunji_Wet,25.2702,91.7323
2023-10-13T06:00,17.6,83,875.2,Cherrapunji_Wet,25.2702,91.7323
2023-10-13T07:00,19.7,76,876.8,Cherrapunji_Wet,25.2702,91.7323
2023-10-13T08:00,20.8,78,877.7,Cherrapunji_Wet,25.2702,91.7323
2023-10-13T09:00,21.7,70,877.7,Cherrapunji_Wet,25.2702,91.7323
2023-10-13T10:00,22,69,877.3,Cherrapunji_Wet,25.2702,91.7323
2023-10-13T11:00,22.1,69,876.2,Cherrapunji_Wet,25.2702,91.7323
2023-10-13T12:00,21.9,70,874.9,Cherrapunji_Wet,25.2702,91.7323
2023-10-13T13:00,21.3,73,873.8,Cherrapunji_Wet,25.2702,91.7323
2023-10-13T14:00,21,77,873.1,Cherrapunji_Wet,25.2702,91.7323
2023-10-13T15:00,20.4,79,872.9,Cherrapunji_Wet,25.2702,91.7323
2023-10-13T16:00,19.4,87,872.8,Cherrapunji_Wet,25.2702,91.7323
2023-10-13T17:00,17.6,97,873,Cherrapunji_Wet,25.2702,91.7323
2023-10-13T18:00,16.9,97,872.7,Cherrapunji_Wet,25.2702,91.7323
2023-10-13T19:00,16.5,96,873.2,Cherrapunji_Wet,25.2702,91.7323
2023-10-13T20:00,16.1,95,873.6,Cherrapunji_Wet,25.2702,91.7323
2023-10-13T21:00,15.7,94,873.4,Cherrapunji_Wet,25.2702,91.7323
2023-10-13T22:00,15.5,94,873.4,Cherrapunji_Wet,25.2702,91.7323
2023-10-13T23:00,15.4,93,873.2,Cherrapunji_Wet,25.2702,91.7323
2023-10-14T00:00,15.2,94,872.6,Cherrapunji_Wet,25.2702,91.7323
2023-10-14T01:00,15,95,871.9,Cherrapunji_Wet,25.2702,91.7323
2023-10-14T02:00,14.7,94,871.4,Cherrapunji_Wet,25.2702,91.7323
2023-10-14T03:00,14.2,95,871.2,Cherrapunji_Wet,25.2702,91.7323
2023-10-14T04:00,13.9,95,871.3,Cherrapunji_Wet,25.2702,91.7323
2023-10-14T05:00,13.6,93,872.6,Cherrapunji_Wet,25.2702,91.7323
2023-10-14T06:00,16.1,91,873.9,Cherrapunji_Wet,25.2702,91.7323
2023-10-14T07:00,18.9,81,876,Cherrapunji_Wet,25.2702,91.7323
2023-10-14T08:00,20.2,74,876.6,Cherrapunji_Wet,25.2702,91.7323
2023-10-14T09:00,20.7,71,876.5,Cherrapunji_Wet,25.2702,91.7323
2023-10-14T10:00,21.2,69,875.9,Cherrapunji_Wet,25.2702,91.7323
2023-10-14T11:00,20.7,72,874.8,Cherrapunji_Wet,25.2702,91.7323
2023-10-14T12:00,19.9,79,873.7,Cherrapunji_Wet,25.2702,91.7323
2023-10-14T13:00,20.4,82,872.8,Cherrapunji_Wet,25.2702,91.7323
2023-10-14T14:00,19.2,83,871.8,Cherrapunji_Wet,25.2702,91.7323
2023-10-14T15:00,18.7,86,871.6,Cherrapunji_Wet,25.2702,91.7323
2023-10-14T16:00,18.4,89,871.8,Cherrapunji_Wet,25.2702,91.7323
2023-10-14T17:00,17.3,94,871.8,Cherrapunji_Wet,25.2702,91.7323
2023-10-14T18:00,16.7,96,871.9,Cherrapunji_Wet,25.2702,91.7323
2023-10-14T19:00,16.4,94,872.2,Cherrapunji_Wet,25.2702,91.7323
2023-10-14T20:00,16.1,93,872.5,Cherrapunji_Wet,25.2702,91.7323
2023-10-14T21:00,15.7,94,872.2,Cherrapunji_Wet,25.2702,91.7323
2023-10-14T22:00,15.1,95,871.7,Cherrapunji_Wet,25.2702,91.7323
2023-10-14T23:00,14.8,95,871.3,Cherrapunji_Wet,25.2702,91.7323
2023-10-15T00:00,14.6,93,870.8,Cherrapunji_Wet,25.2702,91.7323
2023-10-15T01:00,14.4,92,870.2,Cherrapunji_Wet,25.2702,91.7323
2023-10-15T02:00,14.2,91,869.8,Cherrapunji_Wet,25.2702,91.7323
2023-10-15T03:00,14,90,869.6,Cherrapunji_Wet,25.2702,91.7323
2023-10-15T04:00,13.9,89,869.6,Cherrapunji_Wet,25.2702,91.7323
2023-10-15T05:00,14.7,83,871.1,Cherrapunji_Wet,25.2702,91.7323
2023-10-15T06:00,16.4,85,872.7,Cherrapunji_Wet,25.2702,91.7323
2023-10-15T07:00,18.5,78,874.3,Cherrapunji_Wet,25.2702,91.7323
2023-10-15T08:00,20,75,875.1,Cherrapunji_Wet,25.2702,91.7323
2023-10-15T09:00,21.1,66,875.2,Cherrapunji_Wet,25.2702,91.7323
2023-10-15T10:00,21.6,65,874.6,Cherrapunji_Wet,25.2702,91.7323
2023-10-15T11:00,21.5,69,873.7,Cherrapunji_Wet,25.2702,91.7323
2023-10-15T12:00,20.4,75,872.6,Cherrapunji_Wet,25.2702,91.7323
2023-10-15T13:00,20,81,871.4,Cherrapunji_Wet,25.2702,91.7323
2023-10-15T14:00,20.7,77,870.8,Cherrapunji_Wet,25.2702,91.7323
2023-10-15T15:00,20.2,80,870.8,Cherrapunji_Wet,25.2702,91.7323
2023-10-15T16:00,18.9,88,870.7,Cherrapunji_Wet,25.2702,91.7323
2023-10-15T17:00,17.3,95,870.8,Cherrapunji_Wet,25.2702,91.7323
2023-10-15T18:00,16.6,93,870.9,Cherrapunji_Wet,25.2702,91.7323
2023-10-15T19:00,16.1,91,871.5,Cherrapunji_Wet,25.2702,91.7323
2023-10-15T20:00,15.8,90,871.9,Cherrapunji_Wet,25.2702,91.7323
2023-10-15T21:00,15.1,92,871.7,Cherrapunji_Wet,25.2702,91.7323
2023-10-15T22:00,14.8,93,871.4,Cherrapunji_Wet,25.2702,91.7323
2023-10-15T23:00,14.5,93,871.1,Cherrapunji_Wet,25.2702,91.7323
2023-10-16T00:00,14.1,94,870.8,Cherrapunji_Wet,25.2702,91.7323
2023-10-16T01:00,14.1,94,870.6,Cherrapunji_Wet,25.2702,91.7323
2023-10-16T02:00,13.9,94,870.5,Cherrapunji_Wet,25.2702,91.7323
2023-10-16T03:00,13.5,95,870.4,Cherrapunji_Wet,25.2702,91.7323
2023-10-16T04:00,13.2,95,870.4,Cherrapunji_Wet,25.2702,91.7323
2023-10-16T05:00,14.1,94,872.1,Cherrapunji_Wet,25.2702,91.7323
2023-10-16T06:00,16.5,91,873.9,Cherrapunji_Wet,25.2702,91.7323
2023-10-16T07:00,19.3,81,875.8,Cherrapunji_Wet,25.2702,91.7323
2023-10-16T08:00,20.5,73,876.5,Cherrapunji_Wet,25.2702,91.7323
2023-10-16T09:00,21.3,66,876.5,Cherrapunji_Wet,25.2702,91.7323
2023-10-16T10:00,22.1,60,876,Cherrapunji_Wet,25.2702,91.7323
2023-10-16T11:00,22.5,57,875.1,Cherrapunji_Wet,25.2702,91.7323
2023-10-16T12:00,22.6,58,874.1,Cherrapunji_Wet,25.2702,91.7323
2023-10-16T13:00,22.4,63,873.3,Cherrapunji_Wet,25.2702,91.7323
2023-10-16T14:00,21.3,74,872.7,Cherrapunji_Wet,25.2702,91.7323
2023-10-16T15:00,20.4,80,872.4,Cherrapunji_Wet,25.2702,91.7323
2023-10-16T16:00,19.3,91,872.1,Cherrapunji_Wet,25.2702,91.7323
2023-10-16T17:00,17.4,96,872.3,Cherrapunji_Wet,25.2702,91.7323
2023-10-16T18:00,17,94,872.4,Cherrapunji_Wet,25.2702,91.7323
2023-10-16T19:00,16.7,92,872.6,Cherrapunji_Wet,25.2702,91.7323
2023-10-16T20:00,16,92,872.5,Cherrapunji_Wet,25.2702,91.7323
2023-10-16T21:00,15.4,92,872.4,Cherrapunji_Wet,25.2702,91.7323
2023-10-16T22:00,14.9,94,871.9,Cherrapunji_Wet,25.2702,91.7323
2023-10-16T23:00,14.5,94,871.4,Cherrapunji_Wet,25.2702,91.7323
2023-10-17T00:00,14.2,95,871,Cherrapunji_Wet,25.2702,91.7323
2023-10-17T01:00,14,92,870.8,Cherrapunji_Wet,25.2702,91.7323
2023-10-17T02:00,13.6,89,870.8,Cherrapunji_Wet,25.2702,91.7323
2023-10-17T03:00,13.3,88,871,Cherrapunji_Wet,25.2702,91.7323
2023-10-17T04:00,13.4,85,871.4,Cherrapunji_Wet,25.2702,91.7323
2023-10-17T05:00,14.1,75,873.1,Cherrapunji_Wet,25.2702,91.7323
2023-10-17T06:00,17,73,874.9,Cherrapunji_Wet,25.2702,91.7323
2023-10-17T07:00,19.9,67,876.8,Cherrapunji_Wet,25.2702,91.7323
2023-10-17T08:00,20.9,60,877.5,Cherrapunji_Wet,25.2702,91.7323
2023-10-17T09:00,21.6,56,877.3,Cherrapunji_Wet,25.2702,91.7323
2023-10-17T10:00,22,53,876.7,Cherrapunji_Wet,25.2702,91.7323
2023-10-17T11:00,22.1,54,875.6,Cherrapunji_Wet,25.2702,91.7323
2023-10-17T12:00,22,57,874.5,Cherrapunji_Wet,25.2702,91.7323
2023-10-17T13:00,21.6,60,873.8,Cherrapunji_Wet,25.2702,91.7323
2023-10-17T14:00,20.9,66,873.2,Cherrapunji_Wet,25.2702,91.7323
2023-10-17T15:00,19.9,73,872.8,Cherrapunji_Wet,25.2702,91.7323
2023-10-17T16:00,18.5,85,872.6,Cherrapunji_Wet,25.2702,91.7323
2023-10-17T17:00,17.3,86,872.7,Cherrapunji_Wet,25.2702,91.7323
2023-10-17T18:00,16,91,872.5,Cherrapunji_Wet,25.2702,91.7323
2023-10-17T19:00,15.6,92,872.8,Cherrapunji_Wet,25.2702,91.7323
2023-10-17T20:00,15,92,872.7,Cherrapunji_Wet,25.2702,91.7323
2023-10-17T21:00,14.7,91,872.6,Cherrapunji_Wet,25.2702,91.7323
2023-10-17T22:00,14.1,90,872.2,Cherrapunji_Wet,25.2702,91.7323
2023-10-17T23:00,13.6,88,871.9,Cherrapunji_Wet,25.2702,91.7323
2023-10-18T00:00,13.4,85,871.4,Cherrapunji_Wet,25.2702,91.7323
2023-10-18T01:00,13.3,82,871.4,Cherrapunji_Wet,25.2702,91.7323
2023-10-18T02:00,13.1,82,871.1,Cherrapunji_Wet,25.2702,91.7323
2023-10-18T03:00,13,82,871.2,Cherrapunji_Wet,25.2702,91.7323
2023-10-18T04:00,13,80,871.5,Cherrapunji_Wet,25.2702,91.7323
2023-10-18T05:00,13.5,84,872.8,Cherrapunji_Wet,25.2702,91.7323
2023-10-18T06:00,16.2,81,874.4,Cherrapunji_Wet,25.2702,91.7323
2023-10-18T07:00,18.9,62,876.5,Cherrapunji_Wet,25.2702,91.7323
2023-10-18T08:00,19.8,64,877,Cherrapunji_Wet,25.2702,91.7323
2023-10-18T09:00,20.7,64,877,Cherrapunji_Wet,25.2702,91.7323
2023-10-18T10:00,21.6,61,876.6,Cherrapunji_Wet,25.2702,91.7323
2023-10-18T11:00,21.4,62,875.5,Cherrapunji_Wet,25.2702,91.7323
2023-10-18T12:00,21.3,64,874.6,Cherrapunji_Wet,25.2702,91.7323
2023-10-18T13:00,21.3,63,873.9,Cherrapunji_Wet,25.2702,91.7323
2023-10-18T14:00,20.7,66,873.3,Cherrapunji_Wet,25.2702,91.7323
2023-10-18T15:00,19.5,76,872.8,Cherrapunji_Wet,25.2702,91.7323
2023-10-18T16:00,18.3,85,872.7,Cherrapunji_Wet,25.2702,91.7323
2023-10-18T17:00,16.8,95,872.7,Cherrapunji_Wet,25.2702,91.7323
2023-10-18T18:00,16.7,94,873,Cherrapunji_Wet,25.2702,91.7323
2023-10-18T19:00,16.1,93,873.2,Cherrapunji_Wet,25.2702,91.7323
2023-10-18T20:00,15.8,91,873.3,Cherrapunji_Wet,25.2702,91.7323
2023-10-18T21:00,15.6,89,873.2,Cherrapunji_Wet,25.2702,91.7323
2023-10-18T22:00,15.1,89,872.8,Cherrapunji_Wet,25.2702,91.7323
2023-10-18T23:00,14.7,90,872.5,Cherrapunji_Wet,25.2702,91.7323
2023-10-19T00:00,14.4,90,872.1,Cherrapunji_Wet,25.2702,91.7323
2023-10-19T01:00,14.3,88,871.9,Cherrapunji_Wet,25.2702,91.7323
2023-10-19T02:00,14.2,87,871.9,Cherrapunji_Wet,25.2702,91.7323
2023-10-19T03:00,13.9,87,871.9,Cherrapunji_Wet,25.2702,91.7323
2023-10-19T04:00,13.7,88,872.2,Cherrapunji_Wet,25.2702,91.7323
2023-10-19T05:00,13.8,91,873.2,Cherrapunji_Wet,25.2702,91.7323
2023-10-19T06:00,16.8,85,875,Cherrapunji_Wet,25.2702,91.7323
2023-10-19T07:00,18.4,82,876.3,Cherrapunji_Wet,25.2702,91.7323
2023-10-19T08:00,19.7,74,877,Cherrapunji_Wet,25.2702,91.7323
2023-10-19T09:00,20.7,66,877.1,Cherrapunji_Wet,25.2702,91.7323
2023-10-19T10:00,21.1,64,876.7,Cherrapunji_Wet,25.2702,91.7323
2023-10-19T11:00,21.2,65,875.8,Cherrapunji_Wet,25.2702,91.7323
2023-10-19T12:00,21.2,66,875.2,Cherrapunji_Wet,25.2702,91.7323
2023-10-19T13:00,20.8,74,874.4,Cherrapunji_Wet,25.2702,91.7323
2023-10-19T14:00,20.8,74,873.9,Cherrapunji_Wet,25.2702,91.7323
2023-10-19T15:00,19.8,78,873.4,Cherrapunji_Wet,25.2702,91.7323
2023-10-19T16:00,18.5,88,873,Cherrapunji_Wet,25.2702,91.7323
2023-10-19T17:00,16.5,94,873,Cherrapunji_Wet,25.2702,91.7323
2023-10-19T18:00,16,92,873.1,Cherrapunji_Wet,25.2702,91.7323
2023-10-19T19:00,15.6,91,873.6,Cherrapunji_Wet,25.2702,91.7323
2023-10-19T20:00,15.5,90,874.2,Cherrapunji_Wet,25.2702,91.7323
2023-10-19T21:00,15.3,88,874.3,Cherrapunji_Wet,25.2702,91.7323
2023-10-19T22:00,14.8,88,874,Cherrapunji_Wet,25.2702,91.7323
2023-10-19T23:00,14.5,88,873.6,Cherrapunji_Wet,25.2702,91.7323
2023-10-20T00:00,14,90,873.1,Cherrapunji_Wet,25.2702,91.7323
2023-10-20T01:00,13.7,92,872.4,Cherrapunji_Wet,25.2702,91.7323
2023-10-20T02:00,13.4,93,872.1,Cherrapunji_Wet,25.2702,91.7323
2023-10-20T03:00,13.1,93,872.2,Cherrapunji_Wet,25.2702,91.7323
2023-10-20T04:00,12.8,95,872.4,Cherrapunji_Wet,25.2702,91.7323
2023-10-20T05:00,13.4,93,873.6,Cherrapunji_Wet,25.2702,91.7323
2023-10-20T06:00,15.9,90,875.2,Cherrapunji_Wet,25.2702,91.7323
2023-10-20T07:00,18.9,79,877,Cherrapunji_Wet,25.2702,91.7323
2023-10-20T08:00,20.4,68,877.8,Cherrapunji_Wet,25.2702,91.7323
2023-10-20T09:00,21.3,63,877.6,Cherrapunji_Wet,25.2702,91.7323
2023-10-20T10:00,21.5,60,877.2,Cherrapunji_Wet,25.2702,91.7323
2023-10-20T11:00,21.4,62,876.2,Cherrapunji_Wet,25.2702,91.7323
2023-10-20T12:00,21.2,67,875.4,Cherrapunji_Wet,25.2702,91.7323
2023-10-20T13:00,20.9,69,874.5,Cherrapunji_Wet,25.2702,91.7323
2023-10-20T14:00,20.4,73,873.9,Cherrapunji_Wet,25.2702,91.7323
2023-10-20T15:00,19.7,77,873.5,Cherrapunji_Wet,25.2702,91.7323
2023-10-20T16:00,18.5,87,873.3,Cherrapunji_Wet,25.2702,91.7323
2023-10-20T17:00,18.1,87,873.9,Cherrapunji_Wet,25.2702,91.7323
2023-10-20T18:00,16.3,93,873.9,Cherrapunji_Wet,25.2702,91.7323
2023-10-20T19:00,16.2,89,874.3,Cherrapunji_Wet,25.2702,91.7323
2023-10-20T20:00,15.5,88,874.3,Cherrapunji_Wet,25.2702,91.7323
2023-10-20T21:00,14.8,88,874,Cherrapunji_Wet,25.2702,91.7323
2023-10-20T22:00,14.3,89,873.8,Cherrapunji_Wet,25.2702,91.7323
2023-10-20T23:00,13.9,89,873.6,Cherrapunji_Wet,25.2702,91.7323
2023-10-21T00:00,13.7,90,873.2,Cherrapunji_Wet,25.2702,91.7323
2023-10-21T01:00,13.7,90,872.8,Cherrapunji_Wet,25.2702,91.7323
2023-10-21T02:00,13.4,91,872.2,Cherrapunji_Wet,25.2702,91.7323
2023-10-21T03:00,12.8,91,871.9,Cherrapunji_Wet,25.2702,91.7323
2023-10-21T04:00,12.3,91,871.7,Cherrapunji_Wet,25.2702,91.7323
2023-10-21T05:00,12.5,85,872.9,Cherrapunji_Wet,25.2702,91.7323
2023-10-21T06:00,15,80,874.6,Cherrapunji_Wet,25.2702,91.7323
2023-10-21T07:00,19.3,65,877.4,Cherrapunji_Wet,25.2702,91.7323
2023-10-21T08:00,21,50,878.4,Cherrapunji_Wet,25.2702,91.7323
2023-10-21T09:00,22.1,45,878.2,Cherrapunji_Wet,25.2702,91.7323
2023-10-21T10:00,22.8,43,878.1,Cherrapunji_Wet,25.2702,91.7323
2023-10-21T11:00,23.1,44,877.2,Cherrapunji_Wet,25.2702,91.7323
2023-10-21T12:00,23,48,876.2,Cherrapunji_Wet,25.2702,91.7323
2023-10-21T13:00,22.7,52,875.2,Cherrapunji_Wet,25.2702,91.7323
2023-10-21T14:00,21.8,62,874.8,Cherrapunji_Wet,25.2702,91.7323
2023-10-21T15:00,20.7,70,874.4,Cherrapunji_Wet,25.2702,91.7323
2023-10-21T16:00,19.2,82,874.1,Cherrapunji_Wet,25.2702,91.7323
2023-10-21T17:00,16.8,94,874,Cherrapunji_Wet,25.2702,91.7323
2023-10-21T18:00,16.4,90,874,Cherrapunji_Wet,25.2702,91.7323
2023-10-21T19:00,15.5,89,874.4,Cherrapunji_Wet,25.2702,91.7323
2023-10-21T20:00,15.1,88,875,Cherrapunji_Wet,25.2702,91.7323
2023-10-21T21:00,14.8,88,874.8,Cherrapunji_Wet,25.2702,91.7323
2023-10-21T22:00,14.6,87,874.4,Cherrapunji_Wet,25.2702,91.7323
2023-10-21T23:00,14.5,84,873.8,Cherrapunji_Wet,25.2702,91.7323
2023-10-22T00:00,14.6,73,873.4,Cherrapunji_Wet,25.2702,91.7323
2023-10-22T01:00,14.4,63,872.9,Cherrapunji_Wet,25.2702,91.7323
2023-10-22T02:00,14.3,61,872.8,Cherrapunji_Wet,25.2702,91.7323
2023-10-22T03:00,14.1,63,872.7,Cherrapunji_Wet,25.2702,91.7323
2023-10-22T04:00,14.1,67,873.1,Cherrapunji_Wet,25.2702,91.7323
2023-10-22T05:00,14.1,76,874.6,Cherrapunji_Wet,25.2702,91.7323
2023-10-22T06:00,16.7,76,876.1,Cherrapunji_Wet,25.2702,91.7323
2023-10-22T07:00,20.2,67,878.3,Cherrapunji_Wet,25.2702,91.7323
2023-10-22T08:00,21.7,60,879.1,Cherrapunji_Wet,25.2702,91.7323
2023-10-22T09:00,22.5,56,878.7,Cherrapunji_Wet,25.2702,91.7323
2023-10-22T10:00,23.2,53,878.1,Cherrapunji_Wet,25.2702,91.7323
2023-10-22T11:00,23.4,51,877,Cherrapunji_Wet,25.2702,91.7323
2023-10-22T12:00,23.2,53,876.1,Cherrapunji_Wet,25.2702,91.7323
2023-10-22T13:00,21.9,65,875.3,Cherrapunji_Wet,25.2702,91.7323
2023-10-22T14:00,21.5,70,875,Cherrapunji_Wet,25.2702,91.7323
2023-10-22T15:00,21,72,874.5,Cherrapunji_Wet,25.2702,91.7323
2023-10-22T16:00,19.6,86,874.2,Cherrapunji_Wet,25.2702,91.7323
2023-10-22T17:00,17.8,86,874,Cherrapunji_Wet,25.2702,91.7323
2023-10-22T18:00,16.5,91,874,Cherrapunji_Wet,25.2702,91.7323
2023-10-22T19:00,16.5,88,875,Cherrapunji_Wet,25.2702,91.7323
2023-10-22T20:00,16.7,86,875.6,Cherrapunji_Wet,25.2702,91.7323
2023-10-22T21:00,16.2,88,875.4,Cherrapunji_Wet,25.2702,91.7323
2023-10-22T22:00,15.9,87,875,Cherrapunji_Wet,25.2702,91.7323
2023-10-22T23:00,15.9,88,874.6,Cherrapunji_Wet,25.2702,91.7323
2023-10-23T00:00,16.2,87,874.1,Cherrapunji_Wet,25.2702,91.7323
2023-10-23T01:00,15.9,88,873.5,Cherrapunji_Wet,25.2702,91.7323
2023-10-23T02:00,15.4,89,873.1,Cherrapunji_Wet,25.2702,91.7323
2023-10-23T03:00,15,89,872.5,Cherrapunji_Wet,25.2702,91.7323
2023-10-23T04:00,14.4,90,872.3,Cherrapunji_Wet,25.2702,91.7323
2023-10-23T05:00,14.4,90,874,Cherrapunji_Wet,25.2702,91.7323
2023-10-23T06:00,17.3,84,875.6,Cherrapunji_Wet,25.2702,91.7323
2023-10-23T07:00,20.4,73,877.2,Cherrapunji_Wet,25.2702,91.7323
2023-10-23T08:00,22,66,877.9,Cherrapunji_Wet,25.2702,91.7323
2023-10-23T09:00,22.4,64,877.8,Cherrapunji_Wet,25.2702,91.7323
2023-10-23T10:00,23,64,876.9,Cherrapunji_Wet,25.2702,91.7323
2023-10-23T11:00,21,71,875.7,Cherrapunji_Wet,25.2702,91.7323
2023-10-23T12:00,20.8,75,875.1,Cherrapunji_Wet,25.2702,91.7323
2023-10-23T13:00,21.4,67,874,Cherrapunji_Wet,25.2702,91.7323
2023-10-23T14:00,21.5,67,873.6,Cherrapunji_Wet,25.2702,91.7323
2023-10-23T15:00,20.5,72,873.4,Cherrapunji_Wet,25.2702,91.7323
2023-10-23T16:00,19.3,81,873.1,Cherrapunji_Wet,25.2702,91.7323
2023-10-23T17:00,17.3,90,873,Cherrapunji_Wet,25.2702,91.7323
2023-10-23T18:00,17.1,90,873.5,Cherrapunji_Wet,25.2702,91.7323
2023-10-23T19:00,16.9,89,874,Cherrapunji_Wet,25.2702,91.7323
2023-10-23T20:00,16.7,89,874.2,Cherrapunji_Wet,25.2702,91.7323
2023-10-23T21:00,16.5,89,874.2,Cherrapunji_Wet,25.2702,91.7323
2023-10-23T22:00,17.1,85,873.8,Cherrapunji_Wet,25.2702,91.7323
2023-10-23T23:00,17.4,83,873.8,Cherrapunji_Wet,25.2702,91.7323
2023-10-24T00:00,16.2,89,873.4,Cherrapunji_Wet,25.2702,91.7323
2023-10-24T01:00,16.4,87,872.1,Cherrapunji_Wet,25.2702,91.7323
2023-10-24T02:00,15.9,88,871.3,Cherrapunji_Wet,25.2702,91.7323
2023-10-24T03:00,16,87,871.6,Cherrapunji_Wet,25.2702,91.7323
2023-10-24T04:00,16.2,86,872,Cherrapunji_Wet,25.2702,91.7323
2023-10-24T05:00,16.3,88,873.1,Cherrapunji_Wet,25.2702,91.7323
2023-10-24T06:00,17.2,84,874,Cherrapunji_Wet,25.2702,91.7323
2023-10-24T07:00,18.4,80,875.2,Cherrapunji_Wet,25.2702,91.7323
2023-10-24T08:00,18.7,80,875.7,Cherrapunji_Wet,25.2702,91.7323
2023-10-24T09:00,19.8,74,876.2,Cherrapunji_Wet,25.2702,91.7323
2023-10-24T10:00,20.6,70,875.6,Cherrapunji_Wet,25.2702,91.7323
2023-10-24T11:00,20.8,68,874.7,Cherrapunji_Wet,25.2702,91.7323
2023-10-24T12:00,21.4,66,873.8,Cherrapunji_Wet,25.2702,91.7323
2023-10-24T13:00,21.1,68,872.9,Cherrapunji_Wet,25.2702,91.7323
2023-10-24T14:00,20.7,74,872.8,Cherrapunji_Wet,25.2702,91.7323
2023-10-24T15:00,20.1,79,872.8,Cherrapunji_Wet,25.2702,91.7323
2023-10-24T16:00,18.7,92,872.4,Cherrapunji_Wet,25.2702,91.7323
2023-10-24T17:00,16.9,94,872,Cherrapunji_Wet,25.2702,91.7323
2023-10-24T18:00,17.4,91,872.1,Cherrapunji_Wet,25.2702,91.7323
2023-10-24T19:00,17.2,89,872.5,Cherrapunji_Wet,25.2702,91.7323
2023-10-24T20:00,16.8,86,872.2,Cherrapunji_Wet,25.2702,91.7323
2023-10-24T21:00,16.2,84,872,Cherrapunji_Wet,25.2702,91.7323
2023-10-24T22:00,16.2,82,871.9,Cherrapunji_Wet,25.2702,91.7323
2023-10-24T23:00,16.3,81,871.4,Cherrapunji_Wet,25.2702,91.7323
2023-10-25T00:00,15.8,83,870.8,Cherrapunji_Wet,25.2702,91.7323
2023-10-25T01:00,16.1,81,870.3,Cherrapunji_Wet,25.2702,91.7323
2023-10-25T02:00,16,81,870,Cherrapunji_Wet,25.2702,91.7323
2023-10-25T03:00,15.8,81,869.8,Cherrapunji_Wet,25.2702,91.7323
2023-10-25T04:00,16,79,870.1,Cherrapunji_Wet,25.2702,91.7323
2023-10-25T05:00,15.6,80,870.5,Cherrapunji_Wet,25.2702,91.7323
2023-10-25T06:00,17.7,82,873.4,Cherrapunji_Wet,25.2702,91.7323
2023-10-25T07:00,20.6,69,875.3,Cherrapunji_Wet,25.2702,91.7323
2023-10-25T08:00,20.7,71,876,Cherrapunji_Wet,25.2702,91.7323
2023-10-25T09:00,20.6,74,876,Cherrapunji_Wet,25.2702,91.7323
2023-10-25T10:00,20.9,74,875.5,Cherrapunji_Wet,25.2702,91.7323
2023-10-25T11:00,21.4,69,874.6,Cherrapunji_Wet,25.2702,91.7323
2023-10-25T12:00,21,75,873.7,Cherrapunji_Wet,25.2702,91.7323
2023-10-25T13:00,21,75,873.2,Cherrapunji_Wet,25.2702,91.7323
2023-10-25T14:00,19.2,83,872.5,Cherrapunji_Wet,25.2702,91.7323
2023-10-25T15:00,19.2,84,872.4,Cherrapunji_Wet,25.2702,91.7323
2023-10-25T16:00,17.9,88,872.4,Cherrapunji_Wet,25.2702,91.7323
2023-10-25T17:00,17.1,93,871.8,Cherrapunji_Wet,25.2702,91.7323
2023-10-25T18:00,16.8,97,872.7,Cherrapunji_Wet,25.2702,91.7323
2023-10-25T19:00,16.1,96,873,Cherrapunji_Wet,25.2702,91.7323
2023-10-25T20:00,15.6,95,873.2,Cherrapunji_Wet,25.2702,91.7323
2023-10-25T21:00,15.4,95,873,Cherrapunji_Wet,25.2702,91.7323
2023-10-25T22:00,15.5,95,873,Cherrapunji_Wet,25.2702,91.7323
2023-10-25T23:00,15.3,95,872.6,Cherrapunji_Wet,25.2702,91.7323
2023-10-26T00:00,15.1,95,872.4,Cherrapunji_Wet,25.2702,91.7323
2023-10-26T01:00,15.1,95,871.8,Cherrapunji_Wet,25.2702,91.7323
2023-10-26T02:00,14.6,95,871.5,Cherrapunji_Wet,25.2702,91.7323
2023-10-26T03:00,14.2,96,871.2,Cherrapunji_Wet,25.2702,91.7323
2023-10-26T04:00,13.9,96,871.4,Cherrapunji_Wet,25.2702,91.7323
2023-10-26T05:00,13.9,95,872,Cherrapunji_Wet,25.2702,91.7323
2023-10-26T06:00,16,95,873.7,Cherrapunji_Wet,25.2702,91.7323
2023-10-26T07:00,17.7,90,875.4,Cherrapunji_Wet,25.2702,91.7323
2023-10-26T08:00,18.5,78,876.4,Cherrapunji_Wet,25.2702,91.7323
2023-10-26T09:00,18.7,86,876.5,Cherrapunji_Wet,25.2702,91.7323
2023-10-26T10:00,19.8,83,876.2,Cherrapunji_Wet,25.2702,91.7323
2023-10-26T11:00,20.9,78,875.3,Cherrapunji_Wet,25.2702,91.7323
2023-10-26T12:00,20,79,874.2,Cherrapunji_Wet,25.2702,91.7323
2023-10-26T13:00,19.4,80,873.2,Cherrapunji_Wet,25.2702,91.7323
2023-10-26T14:00,19.4,79,872.6,Cherrapunji_Wet,25.2702,91.7323
2023-10-26T15:00,18.9,84,872.3,Cherrapunji_Wet,25.2702,91.7323
2023-10-26T16:00,17.5,94,872.3,Cherrapunji_Wet,25.2702,91.7323
2023-10-26T17:00,16.3,98,872.1,Cherrapunji_Wet,25.2702,91.7323
2023-10-26T18:00,17.9,86,873.5,Cherrapunji_Wet,25.2702,91.7323
2023-10-26T19:00,16,92,873.2,Cherrapunji_Wet,25.2702,91.7323
2023-10-26T20:00,15.2,93,873.4,Cherrapunji_Wet,25.2702,91.7323
2023-10-26T21:00,15,93,873.5,Cherrapunji_Wet,25.2702,91.7323
2023-10-26T22:00,14.7,94,873.2,Cherrapunji_Wet,25.2702,91.7323
2023-10-26T23:00,14.2,96,872.7,Cherrapunji_Wet,25.2702,91.7323
2023-10-27T00:00,13.7,96,871.8,Cherrapunji_Wet,25.2702,91.7323
2023-10-27T01:00,13.6,94,871.3,Cherrapunji_Wet,25.2702,91.7323
2023-10-27T02:00,13,96,870.7,Cherrapunji_Wet,25.2702,91.7323
2023-10-27T03:00,12.9,96,870.5,Cherrapunji_Wet,25.2702,91.7323
2023-10-27T04:00,12.8,96,870.7,Cherrapunji_Wet,25.2702,91.7323
2023-10-27T05:00,12.6,96,871.1,Cherrapunji_Wet,25.2702,91.7323
2023-10-27T06:00,15,91,873.6,Cherrapunji_Wet,25.2702,91.7323
2023-10-27T07:00,17.9,80,875.6,Cherrapunji_Wet,25.2702,91.7323
2023-10-27T08:00,19.4,75,876.6,Cherrapunji_Wet,25.2702,91.7323
2023-10-27T09:00,19.9,71,876.2,Cherrapunji_Wet,25.2702,91.7323
2023-10-27T10:00,19.8,71,875.9,Cherrapunji_Wet,25.2702,91.7323
2023-10-27T11:00,20.1,70,875.1,Cherrapunji_Wet,25.2702,91.7323
2023-10-27T12:00,20.3,68,873.9,Cherrapunji_Wet,25.2702,91.7323
2023-10-27T13:00,19.8,72,872.9,Cherrapunji_Wet,25.2702,91.7323
2023-10-27T14:00,19.8,75,872.3,Cherrapunji_Wet,25.2702,91.7323
2023-10-27T15:00,19.2,81,871.9,Cherrapunji_Wet,25.2702,91.7323
2023-10-27T16:00,17.7,92,871.7,Cherrapunji_Wet,25.2702,91.7323
2023-10-27T17:00,16.4,92,871.6,Cherrapunji_Wet,25.2702,91.7323
2023-10-27T18:00,15.7,92,872.1,Cherrapunji_Wet,25.2702,91.7323
2023-10-27T19:00,15.2,90,872.4,Cherrapunji_Wet,25.2702,91.7323
2023-10-27T20:00,14.8,90,872.7,Cherrapunji_Wet,25.2702,91.7323
2023-10-27T21:00,14.6,89,872.8,Cherrapunji_Wet,25.2702,91.7323
2023-10-27T22:00,14.5,89,872.7,Cherrapunji_Wet,25.2702,91.7323
2023-10-27T23:00,14.2,90,872.4,Cherrapunji_Wet,25.2702,91.7323
2023-10-28T00:00,13.8,91,871.9,Cherrapunji_Wet,25.2702,91.7323
2023-10-28T01:00,13.4,92,871.4,Cherrapunji_Wet,25.2702,91.7323
2023-10-28T02:00,13,92,870.9,Cherrapunji_Wet,25.2702,91.7323
2023-10-28T03:00,12.8,92,870.8,Cherrapunji_Wet,25.2702,91.7323
2023-10-28T04:00,12.5,92,871.1,Cherrapunji_Wet,25.2702,91.7323
2023-10-28T05:00,12.3,93,871.5,Cherrapunji_Wet,25.2702,91.7323
2023-10-28T06:00,15.1,90,874,Cherrapunji_Wet,25.2702,91.7323
2023-10-28T07:00,17.9,78,875.9,Cherrapunji_Wet,25.2702,91.7323
2023-10-28T08:00,18.9,74,876.7,Cherrapunji_Wet,25.2702,91.7323
2023-10-28T09:00,20,68,876.6,Cherrapunji_Wet,25.2702,91.7323
2023-10-28T10:00,20.4,65,876.5,Cherrapunji_Wet,25.2702,91.7323
2023-10-28T11:00,20.6,65,875.3,Cherrapunji_Wet,25.2702,91.7323
2023-10-28T12:00,20.4,67,874.1,Cherrapunji_Wet,25.2702,91.7323
2023-10-28T13:00,20,70,873.2,Cherrapunji_Wet,25.2702,91.7323
2023-10-28T14:00,19.5,73,872.7,Cherrapunji_Wet,25.2702,91.7323
2023-10-28T15:00,19,74,872.2,Cherrapunji_Wet,25.2702,91.7323
2023-10-28T16:00,17.5,89,871.8,Cherrapunji_Wet,25.2702,91.7323
2023-10-28T17:00,17.7,80,872.4,Cherrapunji_Wet,25.2702,91.7323
2023-10-28T18:00,16,91,872.8,Cherrapunji_Wet,25.2702,91.7323
2023-10-28T19:00,15.8,92,873.4,Cherrapunji_Wet,25.2702,91.7323
2023-10-28T20:00,15.2,92,873.5,Cherrapunji_Wet,25.2702,91.7323
2023-10-28T21:00,15,91,873.4,Cherrapunji_Wet,25.2702,91.7323
2023-10-28T22:00,14.5,93,873.1,Cherrapunji_Wet,25.2702,91.7323
2023-10-28T23:00,14.1,93,872.5,Cherrapunji_Wet,25.2702,91.7323
2023-10-29T00:00,13.7,90,871.8,Cherrapunji_Wet,25.2702,91.7323
2023-10-29T01:00,13.4,87,871.2,Cherrapunji_Wet,25.2702,91.7323
2023-10-29T02:00,13.3,83,870.8,Cherrapunji_Wet,25.2702,91.7323
2023-10-29T03:00,13.1,81,870.8,Cherrapunji_Wet,25.2702,91.7323
2023-10-29T04:00,12.9,81,870.8,Cherrapunji_Wet,25.2702,91.7323
2023-10-29T05:00,12.6,82,871.2,Cherrapunji_Wet,25.2702,91.7323
2023-10-29T06:00,15.9,80,873.8,Cherrapunji_Wet,25.2702,91.7323
2023-10-29T07:00,18.3,70,875.7,Cherrapunji_Wet,25.2702,91.7323
2023-10-29T08:00,19.5,60,876.6,Cherrapunji_Wet,25.2702,91.7323
2023-10-29T09:00,20.5,56,876.7,Cherrapunji_Wet,25.2702,91.7323
2023-10-29T10:00,21.1,54,876.3,Cherrapunji_Wet,25.2702,91.7323
2023-10-29T11:00,21.4,55,875.4,Cherrapunji_Wet,25.2702,91.7323
2023-10-29T12:00,21.5,55,874.4,Cherrapunji_Wet,25.2702,91.7323
2023-10-29T13:00,21.3,57,873.8,Cherrapunji_Wet,25.2702,91.7323
2023-10-29T14:00,20.6,60,873.1,Cherrapunji_Wet,25.2702,91.7323
2023-10-29T15:00,19.6,66,872.8,Cherrapunji_Wet,25.2702,91.7323
2023-10-29T16:00,18.6,70,872.9,Cherrapunji_Wet,25.2702,91.7323
2023-10-29T17:00,15.5,85,872,Cherrapunji_Wet,25.2702,91.7323
2023-10-29T18:00,15.3,86,872.7,Cherrapunji_Wet,25.2702,91.7323
2023-10-29T19:00,14.9,84,873.1,Cherrapunji_Wet,25.2702,91.7323
2023-10-29T20:00,14.6,80,873.1,Cherrapunji_Wet,25.2702,91.7323
2023-10-29T21:00,14.2,74,872.9,Cherrapunji_Wet,25.2702,91.7323
2023-10-29T22:00,13.3,71,872.6,Cherrapunji_Wet,25.2702,91.7323
2023-10-29T23:00,15.9,56,873.4,Cherrapunji_Wet,25.2702,91.7323
2023-10-30T00:00,17,52,873.6,Cherrapunji_Wet,25.2702,91.7323
2023-10-30T01:00,18.4,48,873.8,Cherrapunji_Wet,25.2702,91.7323
2023-10-30T02:00,18.6,50,873.6,Cherrapunji_Wet,25.2702,91.7323
2023-10-30T03:00,18.5,53,873.6,Cherrapunji_Wet,25.2702,91.7323
2023-10-30T04:00,16.2,63,873,Cherrapunji_Wet,25.2702,91.7323
2023-10-30T05:00,13,79,872,Cherrapunji_Wet,25.2702,91.7323
2023-10-30T06:00,15.3,80,874.4,Cherrapunji_Wet,25.2702,91.7323
2023-10-30T07:00,19.1,70,876.8,Cherrapunji_Wet,25.2702,91.7323
2023-10-30T08:00,20.6,60,877.5,Cherrapunji_Wet,25.2702,91.7323
2023-10-30T09:00,21.4,56,877.6,Cherrapunji_Wet,25.2702,91.7323
2023-10-30T10:00,22,52,877.2,Cherrapunji_Wet,25.2702,91.7323
2023-10-30T11:00,22.2,53,876.4,Cherrapunji_Wet,25.2702,91.7323
2023-10-30T12:00,21.8,58,875.6,Cherrapunji_Wet,25.2702,91.7323
2023-10-30T13:00,21.4,59,874.6,Cherrapunji_Wet,25.2702,91.7323
2023-10-30T14:00,21,58,874,Cherrapunji_Wet,25.2702,91.7323
2023-10-30T15:00,20.2,62,873.5,Cherrapunji_Wet,25.2702,91.7323
2023-10-30T16:00,18.2,77,873.1,Cherrapunji_Wet,25.2702,91.7323
2023-10-30T17:00,16.1,79,872.4,Cherrapunji_Wet,25.2702,91.7323
2023-10-30T18:00,15.3,79,873.4,Cherrapunji_Wet,25.2702,91.7323
2023-10-30T19:00,16,68,874.5,Cherrapunji_Wet,25.2702,91.7323
2023-10-30T20:00,14.2,73,874.2,Cherrapunji_Wet,25.2702,91.7323
2023-10-30T21:00,14.1,70,874.2,Cherrapunji_Wet,25.2702,91.7323
2023-10-30T22:00,14,69,874.1,Cherrapunji_Wet,25.2702,91.7323
2023-10-30T23:00,13.9,69,873.8,Cherrapunji_Wet,25.2702,91.7323
2023-10-31T00:00,13.8,68,873.5,Cherrapunji_Wet,25.2702,91.7323
2023-10-31T01:00,13.8,68,873.1,Cherrapunji_Wet,25.2702,91.7323
2023-10-31T02:00,13.3,73,872.6,Cherrapunji_Wet,25.2702,91.7323
2023-10-31T03:00,13.4,75,872.5,Cherrapunji_Wet,25.2702,91.7323
2023-10-31T04:00,13.4,77,872.7,Cherrapunji_Wet,25.2702,91.7323
2023-10-31T05:00,13.4,79,873.4,Cherrapunji_Wet,25.2702,91.7323
2023-10-31T06:00,17,75,876.6,Cherrapunji_Wet,25.2702,91.7323
2023-10-31T07:00,20.3,69,878.8,Cherrapunji_Wet,25.2702,91.7323
2023-10-31T08:00,21.7,62,879.5,Cherrapunji_Wet,25.2702,91.7323
2023-10-31T09:00,22.5,56,879.7,Cherrapunji_Wet,25.2702,91.7323
2023-10-31T10:00,23.2,50,879.1,Cherrapunji_Wet,25.2702,91.7323
2023-10-31T11:00,23.8,46,878.1,Cherrapunji_Wet,25.2702,91.7323
2023-10-31T12:00,23.9,45,877.1,Cherrapunji_Wet,25.2702,91.7323
2023-10-31T13:00,23.3,50,876.1,Cherrapunji_Wet,25.2702,91.7323
2023-10-31T14:00,22.4,59,875.4,Cherrapunji_Wet,25.2702,91.7323
2023-10-31T15:00,21.4,67,875.1,Cherrapunji_Wet,25.2702,91.7323
2023-10-31T16:00,19.7,78,874.8,Cherrapunji_Wet,25.2702,91.7323
2023-10-31T17:00,17.3,86,874,Cherrapunji_Wet,25.2702,91.7323
2023-10-31T18:00,16.9,85,875.4,Cherrapunji_Wet,25.2702,91.7323
2023-10-31T19:00,15.7,88,875.5,Cherrapunji_Wet,25.2702,91.7323
2023-10-31T20:00,14.9,92,875.5,Cherrapunji_Wet,25.2702,91.7323
2023-10-31T21:00,14.7,93,875.5,Cherrapunji_Wet,25.2702,91.7323
2023-10-31T22:00,14.5,93,875,Cherrapunji_Wet,25.2702,91.7323
2023-10-31T23:00,14.2,92,874.7,Cherrapunji_Wet,25.2702,91.7323
2023-11-01T00:00,14,92,874.3,Cherrapunji_Wet,25.2702,91.7323
2023-11-01T01:00,13.8,91,873.9,Cherrapunji_Wet,25.2702,91.7323
2023-11-01T02:00,13.6,91,873.3,Cherrapunji_Wet,25.2702,91.7323
2023-11-01T03:00,13.7,89,873.3,Cherrapunji_Wet,25.2702,91.7323
2023-11-01T04:00,13.6,87,873.3,Cherrapunji_Wet,25.2702,91.7323
2023-11-01T05:00,13.6,83,873.7,Cherrapunji_Wet,25.2702,91.7323
2023-11-01T06:00,16.1,80,875.9,Cherrapunji_Wet,25.2702,91.7323
2023-11-01T07:00,20.6,70,878.6,Cherrapunji_Wet,25.2702,91.7323
2023-11-01T08:00,22.1,58,879.5,Cherrapunji_Wet,25.2702,91.7323
2023-11-01T09:00,22.8,55,879.7,Cherrapunji_Wet,25.2702,91.7323
2023-11-01T10:00,23.3,54,879,Cherrapunji_Wet,25.2702,91.7323
2023-11-01T11:00,23.5,55,877.9,Cherrapunji_Wet,25.2702,91.7323
2023-11-01T12:00,23.4,56,876.9,Cherrapunji_Wet,25.2702,91.7323
2023-11-01T13:00,23,58,875.8,Cherrapunji_Wet,25.2702,91.7323
2023-11-01T14:00,22.7,61,875.4,Cherrapunji_Wet,25.2702,91.7323
2023-11-01T15:00,21.7,68,874.8,Cherrapunji_Wet,25.2702,91.7323
2023-11-01T16:00,19.6,84,874.3,Cherrapunji_Wet,25.2702,91.7323
2023-11-01T17:00,17.5,86,874,Cherrapunji_Wet,25.2702,91.7323
2023-11-01T18:00,17.3,85,875,Cherrapunji_Wet,25.2702,91.7323
2023-11-01T19:00,15.9,89,875,Cherrapunji_Wet,25.2702,91.7323
2023-11-01T20:00,15.4,90,875,Cherrapunji_Wet,25.2702,91.7323
2023-11-01T21:00,15.1,90,875,Cherrapunji_Wet,25.2702,91.7323
2023-11-01T22:00,14.9,90,874.5,Cherrapunji_Wet,25.2702,91.7323
2023-11-01T23:00,14.6,91,873.8,Cherrapunji_Wet,25.2702,91.7323
2023-11-02T00:00,14.3,90,873,Cherrapunji_Wet,25.2702,91.7323
2023-11-02T01:00,14,87,872.6,Cherrapunji_Wet,25.2702,91.7323
2023-11-02T02:00,14,84,872.2,Cherrapunji_Wet,25.2702,91.7323
2023-11-02T03:00,14,82,872.1,Cherrapunji_Wet,25.2702,91.7323
2023-11-02T04:00,14.1,81,872.5,Cherrapunji_Wet,25.2702,91.7323
2023-11-02T05:00,14.3,79,872.9,Cherrapunji_Wet,25.2702,91.7323
2023-11-02T06:00,16.2,81,875.1,Cherrapunji_Wet,25.2702,91.7323
2023-11-02T07:00,19.6,73,877.3,Cherrapunji_Wet,25.2702,91.7323
2023-11-02T08:00,20.6,71,877.9,Cherrapunji_Wet,25.2702,91.7323
2023-11-02T09:00,21.3,68,877.9,Cherrapunji_Wet,25.2702,91.7323
2023-11-02T10:00,22,64,877.2,Cherrapunji_Wet,25.2702,91.7323
2023-11-02T11:00,22.5,60,876.4,Cherrapunji_Wet,25.2702,91.7323
2023-11-02T12:00,22.5,59,875.4,Cherrapunji_Wet,25.2702,91.7323
2023-11-02T13:00,22.1,61,874.5,Cherrapunji_Wet,25.2702,91.7323
2023-11-02T14:00,21.7,63,874,Cherrapunji_Wet,25.2702,91.7323
2023-11-02T15:00,20.5,70,873.3,Cherrapunji_Wet,25.2702,91.7323
2023-11-02T16:00,18.1,88,872.5,Cherrapunji_Wet,25.2702,91.7323
2023-11-02T17:00,16.6,91,872.4,Cherrapunji_Wet,25.2702,91.7323
2023-11-02T18:00,15.9,92,872.9,Cherrapunji_Wet,25.2702,91.7323
2023-11-02T19:00,15.3,91,873.1,Cherrapunji_Wet,25.2702,91.7323
2023-11-02T20:00,15,91,873.2,Cherrapunji_Wet,25.2702,91.7323
2023-11-02T21:00,14.7,91,873.1,Cherrapunji_Wet,25.2702,91.7323
2023-11-02T22:00,14.1,93,872.6,Cherrapunji_Wet,25.2702,91.7323
2023-11-02T23:00,13.7,94,872.4,Cherrapunji_Wet,25.2702,91.7323
2023-11-03T00:00,13.8,93,872,Cherrapunji_Wet,25.2702,91.7323
2023-11-03T01:00,13.8,91,871.4,Cherrapunji_Wet,25.2702,91.7323
2023-11-03T02:00,13.7,89,871.1,Cherrapunji_Wet,25.2702,91.7323
2023-11-03T03:00,13.4,88,870.7,Cherrapunji_Wet,25.2702,91.7323
2023-11-03T04:00,13.2,88,870.8,Cherrapunji_Wet,25.2702,91.7323
2023-11-03T05:00,12.9,89,871,Cherrapunji_Wet,25.2702,91.7323
2023-11-03T06:00,15,88,873,Cherrapunji_Wet,25.2702,91.7323
2023-11-03T07:00,17.8,80,874.9,Cherrapunji_Wet,25.2702,91.7323
2023-11-03T08:00,19.1,74,875.8,Cherrapunji_Wet,25.2702,91.7323
2023-11-03T09:00,19.9,69,875.6,Cherrapunji_Wet,25.2702,91.7323
2023-11-03T10:00,20.5,67,874.8,Cherrapunji_Wet,25.2702,91.7323
2023-11-03T11:00,21.1,64,874,Cherrapunji_Wet,25.2702,91.7323
2023-11-03T12:00,20.7,66,873.1,Cherrapunji_Wet,25.2702,91.7323
2023-11-03T13:00,21.1,64,872.4,Cherrapunji_Wet,25.2702,91.7323
2023-11-03T14:00,19.8,74,871.6,Cherrapunji_Wet,25.2702,91.7323
2023-11-03T15:00,18.9,80,871.2,Cherrapunji_Wet,25.2702,91.7323
2023-11-03T16:00,17.3,89,870.9,Cherrapunji_Wet,25.2702,91.7323
2023-11-03T17:00,15.9,96,870.7,Cherrapunji_Wet,25.2702,91.7323
2023-11-03T18:00,15.6,95,871.1,Cherrapunji_Wet,25.2702,91.7323
2023-11-03T19:00,15.1,93,871.3,Cherrapunji_Wet,25.2702,91.7323
2023-11-03T20:00,14.6,91,871.7,Cherrapunji_Wet,25.2702,91.7323
2023-11-03T21:00,14.1,92,871.5,Cherrapunji_Wet,25.2702,91.7323
2023-11-03T22:00,13.3,94,871,Cherrapunji_Wet,25.2702,91.7323
2023-11-03T23:00,13.2,93,870.7,Cherrapunji_Wet,25.2702,91.7323
2023-11-04T00:00,13.2,94,870.6,Cherrapunji_Wet,25.2702,91.7323
2023-11-04T01:00,13.2,92,870.3,Cherrapunji_Wet,25.2702,91.7323
2023-11-04T02:00,13,93,870,Cherrapunji_Wet,25.2702,91.7323
2023-11-04T03:00,12.3,97,869.5,Cherrapunji_Wet,25.2702,91.7323
2023-11-04T04:00,11.8,98,869.3,Cherrapunji_Wet,25.2702,91.7323
2023-11-04T05:00,11.7,96,869.8,Cherrapunji_Wet,25.2702,91.7323
2023-11-04T06:00,15.4,92,872.2,Cherrapunji_Wet,25.2702,91.7323
2023-11-04T07:00,17.3,81,873.6,Cherrapunji_Wet,25.2702,91.7323
2023-11-04T08:00,18.6,74,874.6,Cherrapunji_Wet,25.2702,91.7323
2023-11-04T09:00,19.5,69,874.6,Cherrapunji_Wet,25.2702,91.7323
2023-11-04T10:00,20.2,64,874.3,Cherrapunji_Wet,25.2702,91.7323
2023-11-04T11:00,20.3,62,873.6,Cherrapunji_Wet,25.2702,91.7323
2023-11-04T12:00,20.3,62,873,Cherrapunji_Wet,25.2702,91.7323
2023-11-04T13:00,20.1,63,872.1,Cherrapunji_Wet,25.2702,91.7323
2023-11-04T14:00,19.6,68,871.6,Cherrapunji_Wet,25.2702,91.7323
2023-11-04T15:00,18.7,73,871.3,Cherrapunji_Wet,25.2702,91.7323
2023-11-04T16:00,17.2,82,871.2,Cherrapunji_Wet,25.2702,91.7323
2023-11-04T17:00,14.9,91,870.6,Cherrapunji_Wet,25.2702,91.7323
2023-11-04T18:00,14.8,91,871.3,Cherrapunji_Wet,25.2702,91.7323
2023-11-04T19:00,13.9,92,871.7,Cherrapunji_Wet,25.2702,91.7323
2023-11-04T20:00,13.5,92,872.2,Cherrapunji_Wet,25.2702,91.7323
2023-11-04T21:00,13.3,93,872.2,Cherrapunji_Wet,25.2702,91.7323
2023-11-04T22:00,13,92,872.1,Cherrapunji_Wet,25.2702,91.7323
2023-11-04T23:00,12.5,93,871.6,Cherrapunji_Wet,25.2702,91.7323
2023-11-05T00:00,12,92,871.2,Cherrapunji_Wet,25.2702,91.7323
2023-11-05T01:00,11.7,90,871,Cherrapunji_Wet,25.2702,91.7323
2023-11-05T02:00,11.5,86,870.9,Cherrapunji_Wet,25.2702,91.7323
2023-11-05T03:00,11,85,870.6,Cherrapunji_Wet,25.2702,91.7323
2023-11-05T04:00,10.7,85,870.7,Cherrapunji_Wet,25.2702,91.7323
2023-11-05T05:00,10.4,85,871.1,Cherrapunji_Wet,25.2702,91.7323
2023-11-05T06:00,13.1,86,873.2,Cherrapunji_Wet,25.2702,91.7323
2023-11-05T07:00,17.4,68,875.7,Cherrapunji_Wet,25.2702,91.7323
2023-11-05T08:00,19.2,55,876.7,Cherrapunji_Wet,25.2702,91.7323
2023-11-05T09:00,20.3,53,876.9,Cherrapunji_Wet,25.2702,91.7323
2023-11-05T10:00,20.8,56,876.3,Cherrapunji_Wet,25.2702,91.7323
2023-11-05T11:00,21,56,875.6,Cherrapunji_Wet,25.2702,91.7323
2023-11-05T12:00,20.9,58,874.8,Cherrapunji_Wet,25.2702,91.7323
2023-11-05T13:00,20.5,61,874.1,Cherrapunji_Wet,25.2702,91.7323
2023-11-05T14:00,19.7,67,873.4,Cherrapunji_Wet,25.2702,91.7323
2023-11-05T15:00,18.6,75,873.4,Cherrapunji_Wet,25.2702,91.7323
2023-11-05T16:00,16.9,88,873.3,Cherrapunji_Wet,25.2702,91.7323
2023-11-05T17:00,15.6,91,873,Cherrapunji_Wet,25.2702,91.7323
2023-11-05T18:00,15.1,94,873.4,Cherrapunji_Wet,25.2702,91.7323
2023-11-05T19:00,14.4,93,873.9,Cherrapunji_Wet,25.2702,91.7323
2023-11-05T20:00,13.6,94,873.9,Cherrapunji_Wet,25.2702,91.7323
2023-11-05T21:00,13.3,94,873.6,Cherrapunji_Wet,25.2702,91.7323
2023-11-05T22:00,13.4,92,873.6,Cherrapunji_Wet,25.2702,91.7323
2023-11-05T23:00,13.3,91,873.3,Cherrapunji_Wet,25.2702,91.7323
2023-11-06T00:00,12.8,91,872.8,Cherrapunji_Wet,25.2702,91.7323
2023-11-06T01:00,12.1,93,872.2,Cherrapunji_Wet,25.2702,91.7323
2023-11-06T02:00,12,91,871.9,Cherrapunji_Wet,25.2702,91.7323
2023-11-06T03:00,12,88,871.7,Cherrapunji_Wet,25.2702,91.7323
2023-11-06T04:00,12,86,871.7,Cherrapunji_Wet,25.2702,91.7323
2023-11-06T05:00,11.9,84,872.3,Cherrapunji_Wet,25.2702,91.7323
2023-11-06T06:00,13.9,80,874.3,Cherrapunji_Wet,25.2702,91.7323
2023-11-06T07:00,17.7,68,876.7,Cherrapunji_Wet,25.2702,91.7323
2023-11-06T08:00,19.4,55,877.7,Cherrapunji_Wet,25.2702,91.7323
2023-11-06T09:00,20.4,48,877.7,Cherrapunji_Wet,25.2702,91.7323
2023-11-06T10:00,21.1,45,877,Cherrapunji_Wet,25.2702,91.7323
2023-11-06T11:00,21.5,44,876.2,Cherrapunji_Wet,25.2702,91.7323
2023-11-06T12:00,21.3,49,875.2,Cherrapunji_Wet,25.2702,91.7323
2023-11-06T13:00,21,52,874.2,Cherrapunji_Wet,25.2702,91.7323
2023-11-06T14:00,20.3,56,873.6,Cherrapunji_Wet,25.2702,91.7323
2023-11-06T15:00,19.1,63,873.2,Cherrapunji_Wet,25.2702,91.7323
2023-11-06T16:00,17.1,77,872.8,Cherrapunji_Wet,25.2702,91.7323
2023-11-06T17:00,15.3,84,872.1,Cherrapunji_Wet,25.2702,91.7323
2023-11-06T18:00,14.4,88,872.9,Cherrapunji_Wet,25.2702,91.7323
2023-11-06T19:00,14.1,88,873.3,Cherrapunji_Wet,25.2702,91.7323
2023-11-06T20:00,13.5,89,873.3,Cherrapunji_Wet,25.2702,91.7323
2023-11-06T21:00,13.4,88,873.6,Cherrapunji_Wet,25.2702,91.7323
2023-11-06T22:00,13.2,88,873.3,Cherrapunji_Wet,25.2702,91.7323
2023-11-06T23:00,12.6,89,872.6,Cherrapunji_Wet,25.2702,91.7323
2023-11-07T00:00,12.2,89,872,Cherrapunji_Wet,25.2702,91.7323
2023-11-07T01:00,11.9,86,871.5,Cherrapunji_Wet,25.2702,91.7323
2023-11-07T02:00,11.5,80,870.9,Cherrapunji_Wet,25.2702,91.7323
2023-11-07T03:00,11.2,69,870.7,Cherrapunji_Wet,25.2702,91.7323
2023-11-07T04:00,10.5,63,870.3,Cherrapunji_Wet,25.2702,91.7323
2023-11-07T05:00,10.4,58,870.7,Cherrapunji_Wet,25.2702,91.7323
2023-11-07T06:00,11.5,83,872.5,Cherrapunji_Wet,25.2702,91.7323
2023-11-07T07:00,17,59,875.7,Cherrapunji_Wet,25.2702,91.7323
2023-11-07T08:00,18.6,44,876.6,Cherrapunji_Wet,25.2702,91.7323
2023-11-07T09:00,19.5,40,876.8,Cherrapunji_Wet,25.2702,91.7323
2023-11-07T10:00,20.1,40,876,Cherrapunji_Wet,25.2702,91.7323
2023-11-07T11:00,20.5,42,875.3,Cherrapunji_Wet,25.2702,91.7323
2023-11-07T12:00,20.5,44,874.5,Cherrapunji_Wet,25.2702,91.7323
2023-11-07T13:00,20.1,47,873.5,Cherrapunji_Wet,25.2702,91.7323
2023-11-07T14:00,19.4,51,872.8,Cherrapunji_Wet,25.2702,91.7323
2023-11-07T15:00,18.1,57,872.5,Cherrapunji_Wet,25.2702,91.7323
2023-11-07T16:00,16.7,62,872.2,Cherrapunji_Wet,25.2702,91.7323
2023-11-07T17:00,13.8,80,871.2,Cherrapunji_Wet,25.2702,91.7323
2023-11-07T18:00,14,79,871.6,Cherrapunji_Wet,25.2702,91.7323
2023-11-07T19:00,14,82,872.1,Cherrapunji_Wet,25.2702,91.7323
2023-11-07T20:00,13.9,87,872.5,Cherrapunji_Wet,25.2702,91.7323
2023-11-07T21:00,13.5,91,872.2,Cherrapunji_Wet,25.2702,91.7323
2023-11-07T22:00,12.8,92,871.6,Cherrapunji_Wet,25.2702,91.7323
2023-11-07T23:00,12.3,92,871,Cherrapunji_Wet,25.2702,91.7323
2023-11-08T00:00,11.8,92,870.6,Cherrapunji_Wet,25.2702,91.7323
2023-11-08T01:00,11.3,93,870.1,Cherrapunji_Wet,25.2702,91.7323
2023-11-08T02:00,10.7,93,869.6,Cherrapunji_Wet,25.2702,91.7323
2023-11-08T03:00,10.4,92,869.3,Cherrapunji_Wet,25.2702,91.7323
2023-11-08T04:00,10,89,869.5,Cherrapunji_Wet,25.2702,91.7323
2023-11-08T05:00,9.9,85,870,Cherrapunji_Wet,25.2702,91.7323
2023-11-08T06:00,12,86,872.2,Cherrapunji_Wet,25.2702,91.7323
2023-11-08T07:00,15.5,74,874.3,Cherrapunji_Wet,25.2702,91.7323
2023-11-08T08:00,16.9,71,875.4,Cherrapunji_Wet,25.2702,91.7323
2023-11-08T09:00,18.1,65,875.3,Cherrapunji_Wet,25.2702,91.7323
2023-11-08T10:00,19,61,874.8,Cherrapunji_Wet,25.2702,91.7323
2023-11-08T11:00,19.8,57,874.1,Cherrapunji_Wet,25.2702,91.7323
2023-11-08T12:00,20,55,873.2,Cherrapunji_Wet,25.2702,91.7323
2023-11-08T13:00,19.4,57,872.3,Cherrapunji_Wet,25.2702,91.7323
2023-11-08T14:00,18.2,67,871.9,Cherrapunji_Wet,25.2702,91.7323
2023-11-08T15:00,17.7,71,871.8,Cherrapunji_Wet,25.2702,91.7323
2023-11-08T16:00,16.1,80,871.5,Cherrapunji_Wet,25.2702,91.7323
2023-11-08T17:00,14.4,90,871.3,Cherrapunji_Wet,25.2702,91.7323
2023-11-08T18:00,14.1,90,871.9,Cherrapunji_Wet,25.2702,91.7323
2023-11-08T19:00,13.9,89,872.3,Cherrapunji_Wet,25.2702,91.7323
2023-11-08T20:00,13.5,89,872.4,Cherrapunji_Wet,25.2702,91.7323
2023-11-08T21:00,12.8,91,871.9,Cherrapunji_Wet,25.2702,91.7323
2023-11-08T22:00,12.4,92,871.5,Cherrapunji_Wet,25.2702,91.7323
2023-11-08T23:00,12.1,93,871,Cherrapunji_Wet,25.2702,91.7323
2023-11-09T00:00,12,94,870.7,Cherrapunji_Wet,25.2702,91.7323
2023-11-09T01:00,12,94,870.3,Cherrapunji_Wet,25.2702,91.7323
2023-11-09T02:00,11.5,94,870.1,Cherrapunji_Wet,25.2702,91.7323
2023-11-09T03:00,11.1,94,869.8,Cherrapunji_Wet,25.2702,91.7323
2023-11-09T04:00,11.3,90,870.2,Cherrapunji_Wet,25.2702,91.7323
2023-11-09T05:00,11.1,90,870.6,Cherrapunji_Wet,25.2702,91.7323
2023-11-09T06:00,12.5,86,872.2,Cherrapunji_Wet,25.2702,91.7323
2023-11-09T07:00,17,71,874.8,Cherrapunji_Wet,25.2702,91.7323
2023-11-09T08:00,18.5,65,875.8,Cherrapunji_Wet,25.2702,91.7323
2023-11-09T09:00,19.3,65,875.9,Cherrapunji_Wet,25.2702,91.7323
2023-11-09T10:00,19.8,63,875.5,Cherrapunji_Wet,25.2702,91.7323
2023-11-09T11:00,19.8,64,874.8,Cherrapunji_Wet,25.2702,91.7323
2023-11-09T12:00,19.1,71,873.8,Cherrapunji_Wet,25.2702,91.7323
2023-11-09T13:00,18.9,71,873.2,Cherrapunji_Wet,25.2702,91.7323
2023-11-09T14:00,18.2,77,873,Cherrapunji_Wet,25.2702,91.7323
2023-11-09T15:00,18.1,75,872.8,Cherrapunji_Wet,25.2702,91.7323
2023-11-09T16:00,16,92,872.4,Cherrapunji_Wet,25.2702,91.7323
2023-11-09T17:00,15,93,872.4,Cherrapunji_Wet,25.2702,91.7323
2023-11-09T18:00,14.7,92,873,Cherrapunji_Wet,25.2702,91.7323
2023-11-09T19:00,14.6,87,873.5,Cherrapunji_Wet,25.2702,91.7323
2023-11-09T20:00,13.5,88,873.5,Cherrapunji_Wet,25.2702,91.7323
2023-11-09T21:00,13.9,86,873.6,Cherrapunji_Wet,25.2702,91.7323
2023-11-09T22:00,13.3,90,873.1,Cherrapunji_Wet,25.2702,91.7323
2023-11-09T23:00,12.6,94,872.6,Cherrapunji_Wet,25.2702,91.7323
2023-11-10T00:00,12.3,94,872,Cherrapunji_Wet,25.2702,91.7323
2023-11-10T01:00,12,95,871.7,Cherrapunji_Wet,25.2702,91.7323
2023-11-10T02:00,11.7,95,871.5,Cherrapunji_Wet,25.2702,91.7323
2023-11-10T03:00,11.3,95,871.5,Cherrapunji_Wet,25.2702,91.7323
2023-11-10T04:00,11,95,871.5,Cherrapunji_Wet,25.2702,91.7323
2023-11-10T05:00,10.9,95,872.2,Cherrapunji_Wet,25.2702,91.7323
2023-11-10T06:00,13.1,89,873.8,Cherrapunji_Wet,25.2702,91.7323
2023-11-10T07:00,17.1,75,876.2,Cherrapunji_Wet,25.2702,91.7323
2023-11-10T08:00,18.7,66,877.5,Cherrapunji_Wet,25.2702,91.7323
2023-11-10T09:00,19.9,61,877.9,Cherrapunji_Wet,25.2702,91.7323
2023-11-10T10:00,20.7,59,877.3,Cherrapunji_Wet,25.2702,91.7323
2023-11-10T11:00,21.1,56,876.4,Cherrapunji_Wet,25.2702,91.7323
2023-11-10T12:00,20.8,59,875.5,Cherrapunji_Wet,25.2702,91.7323
2023-11-10T13:00,19.7,71,874.5,Cherrapunji_Wet,25.2702,91.7323
2023-11-10T14:00,19.3,74,874,Cherrapunji_Wet,25.2702,91.7323
2023-11-10T15:00,18.1,81,873.9,Cherrapunji_Wet,25.2702,91.7323
2023-11-10T16:00,17,87,873.9,Cherrapunji_Wet,25.2702,91.7323
2023-11-10T17:00,16.1,92,874,Cherrapunji_Wet,25.2702,91.7323
2023-11-10T18:00,15.3,96,874,Cherrapunji_Wet,25.2702,91.7323
2023-11-10T19:00,15.6,94,874.8,Cherrapunji_Wet,25.2702,91.7323
2023-11-10T20:00,15.9,91,875.5,Cherrapunji_Wet,25.2702,91.7323
2023-11-10T21:00,14.8,93,874.9,Cherrapunji_Wet,25.2702,91.7323
2023-11-10T22:00,13.6,94,873.9,Cherrapunji_Wet,25.2702,91.7323
2023-11-10T23:00,12.8,95,873.3,Cherrapunji_Wet,25.2702,91.7323
2023-11-11T00:00,12.3,95,872.8,Cherrapunji_Wet,25.2702,91.7323
2023-11-11T01:00,11.9,96,872.4,Cherrapunji_Wet,25.2702,91.7323
2023-11-11T02:00,11.7,95,871.9,Cherrapunji_Wet,25.2702,91.7323
2023-11-11T03:00,11.6,94,871.8,Cherrapunji_Wet,25.2702,91.7323
2023-11-11T04:00,11.3,95,871.9,Cherrapunji_Wet,25.2702,91.7323
2023-11-11T05:00,10.8,96,872,Cherrapunji_Wet,25.2702,91.7323
2023-11-11T06:00,11.9,92,873.8,Cherrapunji_Wet,25.2702,91.7323
2023-11-11T07:00,16.9,79,876.7,Cherrapunji_Wet,25.2702,91.7323
2023-11-11T08:00,18.7,64,878.1,Cherrapunji_Wet,25.2702,91.7323
2023-11-11T09:00,19.8,56,878.2,Cherrapunji_Wet,25.2702,91.7323
2023-11-11T10:00,20.7,52,877.7,Cherrapunji_Wet,25.2702,91.7323
2023-11-11T11:00,21.2,50,877,Cherrapunji_Wet,25.2702,91.7323
2023-11-11T12:00,21.5,52,876,Cherrapunji_Wet,25.2702,91.7323
2023-11-11T13:00,21.4,54,875.2,Cherrapunji_Wet,25.2702,91.7323
2023-11-11T14:00,19.4,68,874.6,Cherrapunji_Wet,25.2702,91.7323
2023-11-11T15:00,18.2,72,874.4,Cherrapunji_Wet,25.2702,91.7323
2023-11-11T16:00,16.6,83,873.9,Cherrapunji_Wet,25.2702,91.7323
2023-11-11T17:00,15.3,87,873.7,Cherrapunji_Wet,25.2702,91.7323
2023-11-11T18:00,15.2,85,874.2,Cherrapunji_Wet,25.2702,91.7323
2023-11-11T19:00,14.8,84,874.6,Cherrapunji_Wet,25.2702,91.7323
2023-11-11T20:00,14,87,874.6,Cherrapunji_Wet,25.2702,91.7323
2023-11-11T21:00,13.5,90,874.3,Cherrapunji_Wet,25.2702,91.7323
2023-11-11T22:00,13.2,91,874.2,Cherrapunji_Wet,25.2702,91.7323
2023-11-11T23:00,12.6,92,873.4,Cherrapunji_Wet,25.2702,91.7323
2023-11-12T00:00,12.2,92,872.8,Cherrapunji_Wet,25.2702,91.7323
2023-11-12T01:00,11.8,94,872.4,Cherrapunji_Wet,25.2702,91.7323
2023-11-12T02:00,11.7,94,872.3,Cherrapunji_Wet,25.2702,91.7323
2023-11-12T03:00,11.5,93,872.2,Cherrapunji_Wet,25.2702,91.7323
2023-11-12T04:00,11.1,93,872.2,Cherrapunji_Wet,25.2702,91.7323
2023-11-12T05:00,10.8,92,872.6,Cherrapunji_Wet,25.2702,91.7323
2023-11-12T06:00,12.9,85,875.1,Cherrapunji_Wet,25.2702,91.7323
2023-11-12T07:00,17.1,70,877.7,Cherrapunji_Wet,25.2702,91.7323
2023-11-12T08:00,18.6,63,878.4,Cherrapunji_Wet,25.2702,91.7323
2023-11-12T09:00,19.8,57,878.6,Cherrapunji_Wet,25.2702,91.7323
2023-11-12T10:00,20.8,53,878.3,Cherrapunji_Wet,25.2702,91.7323
2023-11-12T11:00,21.5,52,877.2,Cherrapunji_Wet,25.2702,91.7323
2023-11-12T12:00,21.9,50,876.1,Cherrapunji_Wet,25.2702,91.7323
2023-11-12T13:00,21.6,52,875.1,Cherrapunji_Wet,25.2702,91.7323
2023-11-12T14:00,19.8,64,874.6,Cherrapunji_Wet,25.2702,91.7323
2023-11-12T15:00,18.6,73,874.4,Cherrapunji_Wet,25.2702,91.7323
2023-11-12T16:00,17.9,76,874.4,Cherrapunji_Wet,25.2702,91.7323
2023-11-12T17:00,15.7,87,874,Cherrapunji_Wet,25.2702,91.7323
2023-11-12T18:00,15.2,87,874.8,Cherrapunji_Wet,25.2702,91.7323
2023-11-12T19:00,14.5,89,875.1,Cherrapunji_Wet,25.2702,91.7323
2023-11-12T20:00,14.2,90,875.1,Cherrapunji_Wet,25.2702,91.7323
2023-11-12T21:00,13.9,89,875.2,Cherrapunji_Wet,25.2702,91.7323
2023-11-12T22:00,13.5,89,874.8,Cherrapunji_Wet,25.2702,91.7323
2023-11-12T23:00,13.1,85,874,Cherrapunji_Wet,25.2702,91.7323
2023-11-13T00:00,12.7,79,873.4,Cherrapunji_Wet,25.2702,91.7323
2023-11-13T01:00,12.9,70,873.3,Cherrapunji_Wet,25.2702,91.7323
2023-11-13T02:00,12.7,64,872.9,Cherrapunji_Wet,25.2702,91.7323
2023-11-13T03:00,12.4,62,872.5,Cherrapunji_Wet,25.2702,91.7323
2023-11-13T04:00,12.3,60,872.7,Cherrapunji_Wet,25.2702,91.7323
2023-11-13T05:00,12,61,873.1,Cherrapunji_Wet,25.2702,91.7323
2023-11-13T06:00,13.2,71,875.2,Cherrapunji_Wet,25.2702,91.7323
2023-11-13T07:00,17.2,65,877.5,Cherrapunji_Wet,25.2702,91.7323
2023-11-13T08:00,19.3,51,878.6,Cherrapunji_Wet,25.2702,91.7323
2023-11-13T09:00,20.4,47,879,Cherrapunji_Wet,25.2702,91.7323
2023-11-13T10:00,21.3,45,878.4,Cherrapunji_Wet,25.2702,91.7323
2023-11-13T11:00,22,44,877.4,Cherrapunji_Wet,25.2702,91.7323
2023-11-13T12:00,22.2,44,876.6,Cherrapunji_Wet,25.2702,91.7323
2023-11-13T13:00,21.8,47,875.6,Cherrapunji_Wet,25.2702,91.7323
2023-11-13T14:00,21.2,51,875,Cherrapunji_Wet,25.2702,91.7323
2023-11-13T15:00,19.9,60,874.7,Cherrapunji_Wet,25.2702,91.7323
2023-11-13T16:00,17.5,75,874.3,Cherrapunji_Wet,25.2702,91.7323
2023-11-13T17:00,15.5,83,873.8,Cherrapunji_Wet,25.2702,91.7323
2023-11-13T18:00,14.7,87,874.3,Cherrapunji_Wet,25.2702,91.7323
2023-11-13T19:00,14.3,87,874.7,Cherrapunji_Wet,25.2702,91.7323
2023-11-13T20:00,13.9,87,875,Cherrapunji_Wet,25.2702,91.7323
2023-11-13T21:00,13.5,87,874.8,Cherrapunji_Wet,25.2702,91.7323
2023-11-13T22:00,12.6,89,874.3,Cherrapunji_Wet,25.2702,91.7323
2023-11-13T23:00,12.5,83,874.1,Cherrapunji_Wet,25.2702,91.7323
2023-11-14T00:00,12,71,873.6,Cherrapunji_Wet,25.2702,91.7323
2023-11-14T01:00,11.3,62,873,Cherrapunji_Wet,25.2702,91.7323
2023-11-14T02:00,10.5,58,872.3,Cherrapunji_Wet,25.2702,91.7323
2023-11-14T03:00,10.5,56,872.1,Cherrapunji_Wet,25.2702,91.7323
2023-11-14T04:00,10.5,58,872.2,Cherrapunji_Wet,25.2702,91.7323
2023-11-14T05:00,10.5,64,872.6,Cherrapunji_Wet,25.2702,91.7323
2023-11-14T06:00,13.8,77,875.3,Cherrapunji_Wet,25.2702,91.7323
2023-11-14T07:00,17.6,70,877.6,Cherrapunji_Wet,25.2702,91.7323
2023-11-14T08:00,19.6,53,878.7,Cherrapunji_Wet,25.2702,91.7323
2023-11-14T09:00,20.6,47,879.1,Cherrapunji_Wet,25.2702,91.7323
2023-11-14T10:00,21.2,46,878.5,Cherrapunji_Wet,25.2702,91.7323
2023-11-14T11:00,21.6,47,877.4,Cherrapunji_Wet,25.2702,91.7323
2023-11-14T12:00,21.7,48,876.4,Cherrapunji_Wet,25.2702,91.7323
2023-11-14T13:00,21.4,54,875.4,Cherrapunji_Wet,25.2702,91.7323
2023-11-14T14:00,20.7,58,874.6,Cherrapunji_Wet,25.2702,91.7323
2023-11-14T15:00,19.6,62,874.2,Cherrapunji_Wet,25.2702,91.7323
2023-11-14T16:00,18.5,65,873.9,Cherrapunji_Wet,25.2702,91.7323
2023-11-14T17:00,17.3,70,874.1,Cherrapunji_Wet,25.2702,91.7323
2023-11-14T18:00,15.3,76,874.5,Cherrapunji_Wet,25.2702,91.7323
2023-11-14T19:00,14.8,74,874.8,Cherrapunji_Wet,25.2702,91.7323
2023-11-14T20:00,13,79,874.4,Cherrapunji_Wet,25.2702,91.7323
2023-11-14T21:00,12.2,74,874.1,Cherrapunji_Wet,25.2702,91.7323
2023-11-14T22:00,11.6,68,873.9,Cherrapunji_Wet,25.2702,91.7323
2023-11-14T23:00,11.4,63,873.5,Cherrapunji_Wet,25.2702,91.7323
2023-11-15T00:00,12.5,55,873.6,Cherrapunji_Wet,25.2702,91.7323
2023-11-15T01:00,15.7,42,874.7,Cherrapunji_Wet,25.2702,91.7323
2023-11-15T02:00,12.9,54,872.8,Cherrapunji_Wet,25.2702,91.7323
2023-11-15T03:00,15.8,46,873.9,Cherrapunji_Wet,25.2702,91.7323
2023-11-15T04:00,17.9,47,874.9,Cherrapunji_Wet,25.2702,91.7323
2023-11-15T05:00,17.4,52,875.5,Cherrapunji_Wet,25.2702,91.7323
2023-11-15T06:00,17.2,64,876.8,Cherrapunji_Wet,25.2702,91.7323
2023-11-15T07:00,18.4,71,877.9,Cherrapunji_Wet,25.2702,91.7323
2023-11-15T08:00,19.6,68,878.7,Cherrapunji_Wet,25.2702,91.7323
2023-11-15T09:00,20.5,63,879.1,Cherrapunji_Wet,25.2702,91.7323
2023-11-15T10:00,21.2,60,878.6,Cherrapunji_Wet,25.2702,91.7323
2023-11-15T11:00,21.5,58,877.8,Cherrapunji_Wet,25.2702,91.7323
2023-11-15T12:00,21.6,57,876.9,Cherrapunji_Wet,25.2702,91.7323
2023-11-15T13:00,21.3,59,876,Cherrapunji_Wet,25.2702,91.7323
2023-11-15T14:00,20.6,65,875.5,Cherrapunji_Wet,25.2702,91.7323
2023-11-15T15:00,19.8,69,875.1,Cherrapunji_Wet,25.2702,91.7323
2023-11-15T16:00,18.8,74,875.2,Cherrapunji_Wet,25.2702,91.7323
2023-11-15T17:00,16.5,85,875,Cherrapunji_Wet,25.2702,91.7323
2023-11-15T18:00,15.7,92,875.5,Cherrapunji_Wet,25.2702,91.7323
2023-11-15T19:00,15.2,91,876.1,Cherrapunji_Wet,25.2702,91.7323
2023-11-15T20:00,14.9,90,876.3,Cherrapunji_Wet,25.2702,91.7323
2023-11-15T21:00,14.9,89,876.4,Cherrapunji_Wet,25.2702,91.7323
2023-11-15T22:00,14.5,88,875.9,Cherrapunji_Wet,25.2702,91.7323
2023-11-15T23:00,14,88,875.2,Cherrapunji_Wet,25.2702,91.7323
2023-11-16T00:00,14.4,83,875,Cherrapunji_Wet,25.2702,91.7323
2023-11-16T01:00,14.3,82,874.6,Cherrapunji_Wet,25.2702,91.7323
2023-11-16T02:00,14.1,81,874.1,Cherrapunji_Wet,25.2702,91.7323
2023-11-16T03:00,14.1,81,873.8,Cherrapunji_Wet,25.2702,91.7323
2023-11-16T04:00,13.8,81,874,Cherrapunji_Wet,25.2702,91.7323
2023-11-16T05:00,13.3,83,874.2,Cherrapunji_Wet,25.2702,91.7323
2023-11-16T06:00,15.6,84,876.5,Cherrapunji_Wet,25.2702,91.7323
2023-11-16T07:00,19.3,72,878.6,Cherrapunji_Wet,25.2702,91.7323
2023-11-16T08:00,21.3,62,879.8,Cherrapunji_Wet,25.2702,91.7323
2023-11-16T09:00,22.5,56,880.3,Cherrapunji_Wet,25.2702,91.7323
2023-11-16T10:00,23.1,54,879.6,Cherrapunji_Wet,25.2702,91.7323
2023-11-16T11:00,21.4,60,879,Cherrapunji_Wet,25.2702,91.7323
2023-11-16T12:00,20.9,66,878.1,Cherrapunji_Wet,25.2702,91.7323
2023-11-16T13:00,19.8,75,877.1,Cherrapunji_Wet,25.2702,91.7323
2023-11-16T14:00,19.2,74,877,Cherrapunji_Wet,25.2702,91.7323
2023-11-16T15:00,19.3,72,876.6,Cherrapunji_Wet,25.2702,91.7323
2023-11-16T16:00,18.3,81,876.7,Cherrapunji_Wet,25.2702,91.7323
2023-11-16T17:00,17.9,82,877,Cherrapunji_Wet,25.2702,91.7323
2023-11-16T18:00,16.5,96,877.4,Cherrapunji_Wet,25.2702,91.7323
2023-11-16T19:00,16.3,94,878.2,Cherrapunji_Wet,25.2702,91.7323
2023-11-16T20:00,16.2,93,878,Cherrapunji_Wet,25.2702,91.7323
2023-11-16T21:00,16.3,90,877.7,Cherrapunji_Wet,25.2702,91.7323
2023-11-16T22:00,16.3,88,878,Cherrapunji_Wet,25.2702,91.7323
2023-11-16T23:00,16.5,87,877.5,Cherrapunji_Wet,25.2702,91.7323
2023-11-17T00:00,16.4,89,876.9,Cherrapunji_Wet,25.2702,91.7323
2023-11-17T01:00,16.4,91,876.2,Cherrapunji_Wet,25.2702,91.7323
2023-11-17T02:00,16.2,91,875.5,Cherrapunji_Wet,25.2702,91.7323
2023-11-17T03:00,16,91,875,Cherrapunji_Wet,25.2702,91.7323
2023-11-17T04:00,15.9,91,874.8,Cherrapunji_Wet,25.2702,91.7323
2023-11-17T05:00,15.7,88,875.2,Cherrapunji_Wet,25.2702,91.7323
2023-11-17T06:00,16,89,877,Cherrapunji_Wet,25.2702,91.7323
2023-11-17T07:00,15.9,90,877.3,Cherrapunji_Wet,25.2702,91.7323
2023-11-17T08:00,16.1,89,877.4,Cherrapunji_Wet,25.2702,91.7323
2023-11-17T09:00,17.9,78,877.9,Cherrapunji_Wet,25.2702,91.7323
2023-11-17T10:00,17.6,78,876.9,Cherrapunji_Wet,25.2702,91.7323
2023-11-17T11:00,18.1,74,875.8,Cherrapunji_Wet,25.2702,91.7323
2023-11-17T12:00,17,84,874,Cherrapunji_Wet,25.2702,91.7323
2023-11-17T13:00,16.9,88,872.8,Cherrapunji_Wet,25.2702,91.7323
2023-11-17T14:00,16.6,87,872.1,Cherrapunji_Wet,25.2702,91.7323
2023-11-17T15:00,16,91,872.4,Cherrapunji_Wet,25.2702,91.7323
2023-11-17T16:00,15.3,90,872.6,Cherrapunji_Wet,25.2702,91.7323
2023-11-17T17:00,14.7,89,872.3,Cherrapunji_Wet,25.2702,91.7323
2023-11-17T18:00,14.3,87,871.6,Cherrapunji_Wet,25.2702,91.7323
2023-11-17T19:00,13.9,86,872.3,Cherrapunji_Wet,25.2702,91.7323
2023-11-17T20:00,14,85,871.1,Cherrapunji_Wet,25.2702,91.7323
2023-11-17T21:00,14.2,87,871.1,Cherrapunji_Wet,25.2702,91.7323
2023-11-17T22:00,14.3,88,871.8,Cherrapunji_Wet,25.2702,91.7323
2023-11-17T23:00,14,89,871.6,Cherrapunji_Wet,25.2702,91.7323
2023-11-18T00:00,12.9,92,871.2,Cherrapunji_Wet,25.2702,91.7323
2023-11-18T01:00,12.8,94,871.3,Cherrapunji_Wet,25.2702,91.7323
2023-11-18T02:00,13.2,93,871.3,Cherrapunji_Wet,25.2702,91.7323
2023-11-18T03:00,13.4,92,871.5,Cherrapunji_Wet,25.2702,91.7323
2023-11-18T04:00,13.2,90,871.3,Cherrapunji_Wet,25.2702,91.7323
2023-11-18T05:00,13.1,90,871.5,Cherrapunji_Wet,25.2702,91.7323
2023-11-18T06:00,13.5,92,873.2,Cherrapunji_Wet,25.2702,91.7323
2023-11-18T07:00,15.7,83,874.6,Cherrapunji_Wet,25.2702,91.7323
2023-11-18T08:00,18,72,876,Cherrapunji_Wet,25.2702,91.7323
2023-11-18T09:00,18.8,61,876.2,Cherrapunji_Wet,25.2702,91.7323
2023-11-18T10:00,19.2,63,875.8,Cherrapunji_Wet,25.2702,91.7323
2023-11-18T11:00,19.6,64,875,Cherrapunji_Wet,25.2702,91.7323
2023-11-18T12:00,19.9,64,874.5,Cherrapunji_Wet,25.2702,91.7323
2023-11-18T13:00,19.5,70,873.7,Cherrapunji_Wet,25.2702,91.7323
2023-11-18T14:00,19.1,75,873.6,Cherrapunji_Wet,25.2702,91.7323
2023-11-18T15:00,18,83,873.3,Cherrapunji_Wet,25.2702,91.7323
2023-11-18T16:00,16,96,873.3,Cherrapunji_Wet,25.2702,91.7323
2023-11-18T17:00,14.9,97,873.6,Cherrapunji_Wet,25.2702,91.7323
2023-11-18T18:00,14.6,99,874.2,Cherrapunji_Wet,25.2702,91.7323
2023-11-18T19:00,14.4,96,874.9,Cherrapunji_Wet,25.2702,91.7323
2023-11-18T20:00,14.1,95,875,Cherrapunji_Wet,25.2702,91.7323
2023-11-18T21:00,13.8,94,875,Cherrapunji_Wet,25.2702,91.7323
2023-11-18T22:00,13.5,93,874.8,Cherrapunji_Wet,25.2702,91.7323
2023-11-18T23:00,13.1,93,874.6,Cherrapunji_Wet,25.2702,91.7323
2023-11-19T00:00,12.6,92,874.2,Cherrapunji_Wet,25.2702,91.7323
2023-11-19T01:00,12.6,92,873.9,Cherrapunji_Wet,25.2702,91.7323
2023-11-19T02:00,12.5,92,873.4,Cherrapunji_Wet,25.2702,91.7323
2023-11-19T03:00,12.5,92,873.3,Cherrapunji_Wet,25.2702,91.7323
2023-11-19T04:00,12.4,91,873.3,Cherrapunji_Wet,25.2702,91.7323
2023-11-19T05:00,12.2,91,873.7,Cherrapunji_Wet,25.2702,91.7323
2023-11-19T06:00,13.1,92,875.5,Cherrapunji_Wet,25.2702,91.7323
2023-11-19T07:00,16.6,84,877.5,Cherrapunji_Wet,25.2702,91.7323
2023-11-19T08:00,18,75,878.2,Cherrapunji_Wet,25.2702,91.7323
2023-11-19T09:00,19.1,70,878.4,Cherrapunji_Wet,25.2702,91.7323
2023-11-19T10:00,20,66,877.8,Cherrapunji_Wet,25.2702,91.7323
2023-11-19T11:00,20.5,64,877,Cherrapunji_Wet,25.2702,91.7323
2023-11-19T12:00,20.5,65,876.1,Cherrapunji_Wet,25.2702,91.7323
2023-11-19T13:00,20.1,69,875.3,Cherrapunji_Wet,25.2702,91.7323
2023-11-19T14:00,19.5,73,874.9,Cherrapunji_Wet,25.2702,91.7323
2023-11-19T15:00,18.6,78,874.6,Cherrapunji_Wet,25.2702,91.7323
2023-11-19T16:00,16.7,91,874.2,Cherrapunji_Wet,25.2702,91.7323
2023-11-19T17:00,14.6,97,873.7,Cherrapunji_Wet,25.2702,91.7323
2023-11-19T18:00,15.6,98,874.8,Cherrapunji_Wet,25.2702,91.7323
2023-11-19T19:00,14.6,99,874.7,Cherrapunji_Wet,25.2702,91.7323
2023-11-19T20:00,14.4,98,875,Cherrapunji_Wet,25.2702,91.7323
2023-11-19T21:00,14.2,98,874.9,Cherrapunji_Wet,25.2702,91.7323
2023-11-19T22:00,13.7,95,874.3,Cherrapunji_Wet,25.2702,91.7323
2023-11-19T23:00,13,96,873.6,Cherrapunji_Wet,25.2702,91.7323
2023-11-20T00:00,12.4,97,872.8,Cherrapunji_Wet,25.2702,91.7323
2023-11-20T01:00,12.3,93,872.6,Cherrapunji_Wet,25.2702,91.7323
2023-11-20T02:00,11.8,95,872.3,Cherrapunji_Wet,25.2702,91.7323
2023-11-20T03:00,11.1,95,871.8,Cherrapunji_Wet,25.2702,91.7323
2023-11-20T04:00,11,90,871.9,Cherrapunji_Wet,25.2702,91.7323
2023-11-20T05:00,11,85,872.4,Cherrapunji_Wet,25.2702,91.7323
2023-11-20T06:00,12.1,88,874.4,Cherrapunji_Wet,25.2702,91.7323
2023-11-20T07:00,16.2,80,876.8,Cherrapunji_Wet,25.2702,91.7323
2023-11-20T08:00,17.8,72,878,Cherrapunji_Wet,25.2702,91.7323
2023-11-20T09:00,18.8,67,878.1,Cherrapunji_Wet,25.2702,91.7323
2023-11-20T10:00,19.7,61,877.6,Cherrapunji_Wet,25.2702,91.7323
2023-11-20T11:00,20.1,61,876.8,Cherrapunji_Wet,25.2702,91.7323
2023-11-20T12:00,20,64,876.2,Cherrapunji_Wet,25.2702,91.7323
2023-11-20T13:00,19.8,65,875.4,Cherrapunji_Wet,25.2702,91.7323
2023-11-20T14:00,19.2,69,874.9,Cherrapunji_Wet,25.2702,91.7323
2023-11-20T15:00,17.8,81,874.4,Cherrapunji_Wet,25.2702,91.7323
2023-11-20T16:00,16.3,91,874.4,Cherrapunji_Wet,25.2702,91.7323
2023-11-20T17:00,14.1,98,873.7,Cherrapunji_Wet,25.2702,91.7323
2023-11-20T18:00,14.2,98,874.3,Cherrapunji_Wet,25.2702,91.7323
2023-11-20T19:00,14.6,96,874.5,Cherrapunji_Wet,25.2702,91.7323
2023-11-20T20:00,14.5,94,874.4,Cherrapunji_Wet,25.2702,91.7323
2023-11-20T21:00,14.2,93,874.3,Cherrapunji_Wet,25.2702,91.7323
2023-11-20T22:00,14,92,873.9,Cherrapunji_Wet,25.2702,91.7323
2023-11-20T23:00,13.4,94,873.1,Cherrapunji_Wet,25.2702,91.7323
2023-11-21T00:00,13,94,873,Cherrapunji_Wet,25.2702,91.7323
2023-11-21T01:00,12.9,94,872.7,Cherrapunji_Wet,25.2702,91.7323
2023-11-21T02:00,12.2,96,872.3,Cherrapunji_Wet,25.2702,91.7323
2023-11-21T03:00,12.3,100,872.2,Cherrapunji_Wet,25.2702,91.7323
2023-11-21T04:00,12.6,97,872.1,Cherrapunji_Wet,25.2702,91.7323
2023-11-21T05:00,13,95,872.6,Cherrapunji_Wet,25.2702,91.7323
2023-11-21T06:00,14,92,873.5,Cherrapunji_Wet,25.2702,91.7323
2023-11-21T07:00,15.5,87,874.4,Cherrapunji_Wet,25.2702,91.7323
2023-11-21T08:00,17.7,75,875.8,Cherrapunji_Wet,25.2702,91.7323
2023-11-21T09:00,18.5,72,876.1,Cherrapunji_Wet,25.2702,91.7323
2023-11-21T10:00,19.1,68,875.4,Cherrapunji_Wet,25.2702,91.7323
2023-11-21T11:00,18.8,73,874.2,Cherrapunji_Wet,25.2702,91.7323
2023-11-21T12:00,18.9,74,873.4,Cherrapunji_Wet,25.2702,91.7323
2023-11-21T13:00,17.6,84,872.3,Cherrapunji_Wet,25.2702,91.7323
2023-11-21T14:00,16.5,91,872.1,Cherrapunji_Wet,25.2702,91.7323
2023-11-21T15:00,16.1,93,871.9,Cherrapunji_Wet,25.2702,91.7323
2023-11-21T16:00,15.3,96,871.9,Cherrapunji_Wet,25.2702,91.7323
2023-11-21T17:00,14.3,100,871.8,Cherrapunji_Wet,25.2702,91.7323
2023-11-21T18:00,14.9,97,872.6,Cherrapunji_Wet,25.2702,91.7323
2023-11-21T19:00,15.1,97,873.1,Cherrapunji_Wet,25.2702,91.7323
2023-11-21T20:00,14.5,99,873.2,Cherrapunji_Wet,25.2702,91.7323
2023-11-21T21:00,14.1,100,873.1,Cherrapunji_Wet,25.2702,91.7323
2023-11-21T22:00,13.3,99,872.6,Cherrapunji_Wet,25.2702,91.7323
2023-11-21T23:00,12.8,98,872,Cherrapunji_Wet,25.2702,91.7323
2023-11-22T00:00,12.1,97,871.3,Cherrapunji_Wet,25.2702,91.7323
2023-11-22T01:00,12,95,870.8,Cherrapunji_Wet,25.2702,91.7323
2023-11-22T02:00,11.8,95,870,Cherrapunji_Wet,25.2702,91.7323
2023-11-22T03:00,11.7,93,869.8,Cherrapunji_Wet,25.2702,91.7323
2023-11-22T04:00,11.2,95,869.9,Cherrapunji_Wet,25.2702,91.7323
2023-11-22T05:00,10.8,94,870.3,Cherrapunji_Wet,25.2702,91.7323
2023-11-22T06:00,12.4,93,872.2,Cherrapunji_Wet,25.2702,91.7323
2023-11-22T07:00,15,88,874.1,Cherrapunji_Wet,25.2702,91.7323
2023-11-22T08:00,16.7,80,875.2,Cherrapunji_Wet,25.2702,91.7323
2023-11-22T09:00,17.8,76,875.3,Cherrapunji_Wet,25.2702,91.7323
2023-11-22T10:00,18.3,73,874.6,Cherrapunji_Wet,25.2702,91.7323
2023-11-22T11:00,18.3,72,873.7,Cherrapunji_Wet,25.2702,91.7323
2023-11-22T12:00,18.4,72,872.7,Cherrapunji_Wet,25.2702,91.7323
2023-11-22T13:00,17.9,75,871.8,Cherrapunji_Wet,25.2702,91.7323
2023-11-22T14:00,17.3,79,871.4,Cherrapunji_Wet,25.2702,91.7323
2023-11-22T15:00,16.9,82,871.3,Cherrapunji_Wet,25.2702,91.7323
2023-11-22T16:00,15.7,90,871.4,Cherrapunji_Wet,25.2702,91.7323
2023-11-22T17:00,13.7,96,871,Cherrapunji_Wet,25.2702,91.7323
2023-11-22T18:00,13.7,97,871.4,Cherrapunji_Wet,25.2702,91.7323
2023-11-22T19:00,13.2,95,871.8,Cherrapunji_Wet,25.2702,91.7323
2023-11-22T20:00,12.6,94,871.7,Cherrapunji_Wet,25.2702,91.7323
2023-11-22T21:00,12.2,94,871.7,Cherrapunji_Wet,25.2702,91.7323
2023-11-22T22:00,12,95,871.4,Cherrapunji_Wet,25.2702,91.7323
2023-11-22T23:00,11.9,95,870.9,Cherrapunji_Wet,25.2702,91.7323
2023-11-23T00:00,11.8,95,870.6,Cherrapunji_Wet,25.2702,91.7323
2023-11-23T01:00,11.7,95,870.2,Cherrapunji_Wet,25.2702,91.7323
2023-11-23T02:00,12,95,870.1,Cherrapunji_Wet,25.2702,91.7323
2023-11-23T03:00,11.9,95,869.8,Cherrapunji_Wet,25.2702,91.7323
2023-11-23T04:00,11.1,95,869.4,Cherrapunji_Wet,25.2702,91.7323
2023-11-23T05:00,10.8,92,869.9,Cherrapunji_Wet,25.2702,91.7323
2023-11-23T06:00,11.8,93,871.3,Cherrapunji_Wet,25.2702,91.7323
2023-11-23T07:00,15.5,81,873.6,Cherrapunji_Wet,25.2702,91.7323
2023-11-23T08:00,17.5,66,874.8,Cherrapunji_Wet,25.2702,91.7323
2023-11-23T09:00,18.7,57,874.9,Cherrapunji_Wet,25.2702,91.7323
2023-11-23T10:00,19.5,53,874.4,Cherrapunji_Wet,25.2702,91.7323
2023-11-23T11:00,19.8,55,873.6,Cherrapunji_Wet,25.2702,91.7323
2023-11-23T12:00,19.5,61,872.7,Cherrapunji_Wet,25.2702,91.7323
2023-11-23T13:00,19.2,67,871.7,Cherrapunji_Wet,25.2702,91.7323
2023-11-23T14:00,18.5,74,871.4,Cherrapunji_Wet,25.2702,91.7323
2023-11-23T15:00,17.4,83,871.3,Cherrapunji_Wet,25.2702,91.7323
2023-11-23T16:00,16,93,871.3,Cherrapunji_Wet,25.2702,91.7323
2023-11-23T17:00,14.3,96,871.1,Cherrapunji_Wet,25.2702,91.7323
2023-11-23T18:00,13.6,94,871.2,Cherrapunji_Wet,25.2702,91.7323
2023-11-23T19:00,13.5,93,871.8,Cherrapunji_Wet,25.2702,91.7323
2023-11-23T20:00,12.8,93,871.9,Cherrapunji_Wet,25.2702,91.7323
2023-11-23T21:00,12.3,92,871.7,Cherrapunji_Wet,25.2702,91.7323
2023-11-23T22:00,11.9,88,871.4,Cherrapunji_Wet,25.2702,91.7323
2023-11-23T23:00,11.2,82,870.8,Cherrapunji_Wet,25.2702,91.7323
2023-11-24T00:00,10.7,72,870.4,Cherrapunji_Wet,25.2702,91.7323
2023-11-24T01:00,10.3,60,870,Cherrapunji_Wet,25.2702,91.7323
2023-11-24T02:00,10,61,869.7,Cherrapunji_Wet,25.2702,91.7323
2023-11-24T03:00,10,67,869.6,Cherrapunji_Wet,25.2702,91.7323
2023-11-24T04:00,10,73,869.8,Cherrapunji_Wet,25.2702,91.7323
2023-11-24T05:00,10,77,870.5,Cherrapunji_Wet,25.2702,91.7323
2023-11-24T06:00,11.9,82,872.4,Cherrapunji_Wet,25.2702,91.7323
2023-11-24T07:00,15.5,76,874.8,Cherrapunji_Wet,25.2702,91.7323
2023-11-24T08:00,17.3,60,876.1,Cherrapunji_Wet,25.2702,91.7323
2023-11-24T09:00,18.2,54,876.4,Cherrapunji_Wet,25.2702,91.7323
2023-11-24T10:00,18.9,50,875.8,Cherrapunji_Wet,25.2702,91.7323
2023-11-24T11:00,19.1,51,874.8,Cherrapunji_Wet,25.2702,91.7323
2023-11-24T12:00,19.3,53,874.1,Cherrapunji_Wet,25.2702,91.7323
2023-11-24T13:00,18.9,57,873.2,Cherrapunji_Wet,25.2702,91.7323
2023-11-24T14:00,18,68,872.7,Cherrapunji_Wet,25.2702,91.7323
2023-11-24T15:00,16.8,76,872.5,Cherrapunji_Wet,25.2702,91.7323
2023-11-24T16:00,15.7,82,872.5,Cherrapunji_Wet,25.2702,91.7323
2023-11-24T17:00,13,92,871.8,Cherrapunji_Wet,25.2702,91.7323
2023-11-24T18:00,13.1,90,872.1,Cherrapunji_Wet,25.2702,91.7323
2023-11-24T19:00,12.9,87,872.7,Cherrapunji_Wet,25.2702,91.7323
2023-11-24T20:00,12.7,89,872.8,Cherrapunji_Wet,25.2702,91.7323
2023-11-24T21:00,11.9,91,872.6,Cherrapunji_Wet,25.2702,91.7323
2023-11-24T22:00,11.4,91,872.3,Cherrapunji_Wet,25.2702,91.7323
2023-11-24T23:00,10.9,89,871.8,Cherrapunji_Wet,25.2702,91.7323
2023-11-25T00:00,10.4,85,871.4,Cherrapunji_Wet,25.2702,91.7323
2023-11-25T01:00,9.9,78,871.1,Cherrapunji_Wet,25.2702,91.7323
2023-11-25T02:00,9.4,72,870.7,Cherrapunji_Wet,25.2702,91.7323
2023-11-25T03:00,9.1,67,870.7,Cherrapunji_Wet,25.2702,91.7323
2023-11-25T04:00,9,65,871.1,Cherrapunji_Wet,25.2702,91.7323
2023-11-25T05:00,9,65,871.7,Cherrapunji_Wet,25.2702,91.7323
2023-11-25T06:00,10.2,70,873.8,Cherrapunji_Wet,25.2702,91.7323
2023-11-25T07:00,13.9,69,876.1,Cherrapunji_Wet,25.2702,91.7323
2023-11-25T08:00,16.1,53,877.5,Cherrapunji_Wet,25.2702,91.7323
2023-11-25T09:00,17.3,45,877.9,Cherrapunji_Wet,25.2702,91.7323
2023-11-25T10:00,18.3,42,877.3,Cherrapunji_Wet,25.2702,91.7323
2023-11-25T11:00,18.9,43,876.5,Cherrapunji_Wet,25.2702,91.7323
2023-11-25T12:00,19.1,48,875.7,Cherrapunji_Wet,25.2702,91.7323
2023-11-25T13:00,18.8,53,875,Cherrapunji_Wet,25.2702,91.7323
2023-11-25T14:00,18.2,56,874.6,Cherrapunji_Wet,25.2702,91.7323
2023-11-25T15:00,17.2,63,874.2,Cherrapunji_Wet,25.2702,91.7323
2023-11-25T16:00,16.7,61,874.4,Cherrapunji_Wet,25.2702,91.7323
2023-11-25T17:00,13.1,77,873.5,Cherrapunji_Wet,25.2702,91.7323
2023-11-25T18:00,13,74,873.8,Cherrapunji_Wet,25.2702,91.7323
2023-11-25T19:00,12.3,73,874,Cherrapunji_Wet,25.2702,91.7323
2023-11-25T20:00,11.7,80,874.1,Cherrapunji_Wet,25.2702,91.7323
2023-11-25T21:00,11.4,82,874.2,Cherrapunji_Wet,25.2702,91.7323
2023-11-25T22:00,11,76,873.9,Cherrapunji_Wet,25.2702,91.7323
2023-11-25T23:00,10.6,65,873.5,Cherrapunji_Wet,25.2702,91.7323
2023-11-26T00:00,10.1,61,873.2,Cherrapunji_Wet,25.2702,91.7323
2023-11-26T01:00,9.7,61,872.7,Cherrapunji_Wet,25.2702,91.7323
2023-11-26T02:00,9.6,56,872.3,Cherrapunji_Wet,25.2702,91.7323
2023-11-26T03:00,9.4,47,872.2,Cherrapunji_Wet,25.2702,91.7323
2023-11-26T04:00,9,44,872.1,Cherrapunji_Wet,25.2702,91.7323
2023-11-26T05:00,8.7,44,872.7,Cherrapunji_Wet,25.2702,91.7323
2023-11-26T06:00,9.6,53,874.4,Cherrapunji_Wet,25.2702,91.7323
2023-11-26T07:00,13.6,62,876.9,Cherrapunji_Wet,25.2702,91.7323
2023-11-26T08:00,18.1,40,879.4,Cherrapunji_Wet,25.2702,91.7323
2023-11-26T09:00,19.3,36,879.7,Cherrapunji_Wet,25.2702,91.7323
2023-11-26T10:00,20.1,35,878.9,Cherrapunji_Wet,25.2702,91.7323
2023-11-26T11:00,20.8,35,877.9,Cherrapunji_Wet,25.2702,91.7323
2023-11-26T12:00,21,36,877,Cherrapunji_Wet,25.2702,91.7323
2023-11-26T13:00,20.9,39,876.3,Cherrapunji_Wet,25.2702,91.7323
2023-11-26T14:00,20.4,43,875.6,Cherrapunji_Wet,25.2702,91.7323
2023-11-26T15:00,19.2,61,875.2,Cherrapunji_Wet,25.2702,91.7323
2023-11-26T16:00,17.3,58,874.6,Cherrapunji_Wet,25.2702,91.7323
2023-11-26T17:00,14,70,873.6,Cherrapunji_Wet,25.2702,91.7323
2023-11-26T18:00,13.3,75,874,Cherrapunji_Wet,25.2702,91.7323
2023-11-26T19:00,12.3,77,874.3,Cherrapunji_Wet,25.2702,91.7323
2023-11-26T20:00,11.9,77,874.4,Cherrapunji_Wet,25.2702,91.7323
2023-11-26T21:00,11.7,76,874.8,Cherrapunji_Wet,25.2702,91.7323
2023-11-26T22:00,11.9,75,874.3,Cherrapunji_Wet,25.2702,91.7323
2023-11-26T23:00,11.3,77,873.7,Cherrapunji_Wet,25.2702,91.7323
2023-11-27T00:00,11,74,873.3,Cherrapunji_Wet,25.2702,91.7323
2023-11-27T01:00,10.7,67,872.5,Cherrapunji_Wet,25.2702,91.7323
2023-11-27T02:00,10.5,58,872.1,Cherrapunji_Wet,25.2702,91.7323
2023-11-27T03:00,10.2,48,871.8,Cherrapunji_Wet,25.2702,91.7323
2023-11-27T04:00,10.2,43,871.9,Cherrapunji_Wet,25.2702,91.7323
2023-11-27T05:00,10.3,41,872.4,Cherrapunji_Wet,25.2702,91.7323
2023-11-27T06:00,10.7,49,873.6,Cherrapunji_Wet,25.2702,91.7323
2023-11-27T07:00,14.4,59,876.1,Cherrapunji_Wet,25.2702,91.7323
2023-11-27T08:00,19.4,41,879,Cherrapunji_Wet,25.2702,91.7323
2023-11-27T09:00,20.5,34,879.2,Cherrapunji_Wet,25.2702,91.7323
2023-11-27T10:00,21.1,34,878.4,Cherrapunji_Wet,25.2702,91.7323
2023-11-27T11:00,21.5,33,877.6,Cherrapunji_Wet,25.2702,91.7323
2023-11-27T12:00,21.5,34,876.5,Cherrapunji_Wet,25.2702,91.7323
2023-11-27T13:00,21.1,38,875.6,Cherrapunji_Wet,25.2702,91.7323
2023-11-27T14:00,20.3,46,874.9,Cherrapunji_Wet,25.2702,91.7323
2023-11-27T15:00,18.7,63,874.4,Cherrapunji_Wet,25.2702,91.7323
2023-11-27T16:00,16.5,66,873.6,Cherrapunji_Wet,25.2702,91.7323
2023-11-27T17:00,13.3,78,872.6,Cherrapunji_Wet,25.2702,91.7323
2023-11-27T18:00,13.1,73,873.5,Cherrapunji_Wet,25.2702,91.7323
2023-11-27T19:00,12.4,72,873.4,Cherrapunji_Wet,25.2702,91.7323
2023-11-27T20:00,12.9,66,873.6,Cherrapunji_Wet,25.2702,91.7323
2023-11-27T21:00,13,62,873.5,Cherrapunji_Wet,25.2702,91.7323
2023-11-27T22:00,13.2,57,873.3,Cherrapunji_Wet,25.2702,91.7323
2023-11-27T23:00,12.9,55,872.7,Cherrapunji_Wet,25.2702,91.7323
2023-11-28T00:00,12.3,56,872,Cherrapunji_Wet,25.2702,91.7323
2023-11-28T01:00,12,57,871.3,Cherrapunji_Wet,25.2702,91.7323
2023-11-28T02:00,11.8,60,870.9,Cherrapunji_Wet,25.2702,91.7323
2023-11-28T03:00,11.5,63,870.4,Cherrapunji_Wet,25.2702,91.7323
2023-11-28T04:00,10.6,69,870.2,Cherrapunji_Wet,25.2702,91.7323
2023-11-28T05:00,11,68,870.9,Cherrapunji_Wet,25.2702,91.7323
2023-11-28T06:00,12,67,872.5,Cherrapunji_Wet,25.2702,91.7323
2023-11-28T07:00,15.4,69,874.9,Cherrapunji_Wet,25.2702,91.7323
2023-11-28T08:00,18.6,48,876.5,Cherrapunji_Wet,25.2702,91.7323
2023-11-28T09:00,19.6,46,876.7,Cherrapunji_Wet,25.2702,91.7323
2023-11-28T10:00,20,46,876.3,Cherrapunji_Wet,25.2702,91.7323
2023-11-28T11:00,20.2,50,875.4,Cherrapunji_Wet,25.2702,91.7323
2023-11-28T12:00,20.1,53,874.3,Cherrapunji_Wet,25.2702,91.7323
2023-11-28T13:00,19.9,57,873.5,Cherrapunji_Wet,25.2702,91.7323
2023-11-28T14:00,19.1,63,872.8,Cherrapunji_Wet,25.2702,91.7323
2023-11-28T15:00,17.8,72,872.5,Cherrapunji_Wet,25.2702,91.7323
2023-11-28T16:00,16.6,77,872.5,Cherrapunji_Wet,25.2702,91.7323
2023-11-28T17:00,13.7,90,871.5,Cherrapunji_Wet,25.2702,91.7323
2023-11-28T18:00,13.2,87,871.7,Cherrapunji_Wet,25.2702,91.7323
2023-11-28T19:00,13,85,872,Cherrapunji_Wet,25.2702,91.7323
2023-11-28T20:00,12.9,84,872.3,Cherrapunji_Wet,25.2702,91.7323
2023-11-28T21:00,12.1,81,872.3,Cherrapunji_Wet,25.2702,91.7323
2023-11-28T22:00,11.3,79,871.9,Cherrapunji_Wet,25.2702,91.7323
2023-11-28T23:00,11,81,871.3,Cherrapunji_Wet,25.2702,91.7323
2023-11-29T00:00,10.7,84,871,Cherrapunji_Wet,25.2702,91.7323
2023-11-29T01:00,10.5,86,870.7,Cherrapunji_Wet,25.2702,91.7323
2023-11-29T02:00,10.2,87,870.1,Cherrapunji_Wet,25.2702,91.7323
2023-11-29T03:00,9.9,88,869.8,Cherrapunji_Wet,25.2702,91.7323
2023-11-29T04:00,9.8,86,869.8,Cherrapunji_Wet,25.2702,91.7323
2023-11-29T05:00,9.9,83,870.6,Cherrapunji_Wet,25.2702,91.7323
2023-11-29T06:00,10.5,80,871.8,Cherrapunji_Wet,25.2702,91.7323
2023-11-29T07:00,15.2,76,874.7,Cherrapunji_Wet,25.2702,91.7323
2023-11-29T08:00,18.1,52,876.6,Cherrapunji_Wet,25.2702,91.7323
2023-11-29T09:00,19.1,49,876.9,Cherrapunji_Wet,25.2702,91.7323
2023-11-29T10:00,19.8,51,876.2,Cherrapunji_Wet,25.2702,91.7323
2023-11-29T11:00,19.8,57,875.3,Cherrapunji_Wet,25.2702,91.7323
2023-11-29T12:00,18.9,68,874.3,Cherrapunji_Wet,25.2702,91.7323
2023-11-29T13:00,18.8,70,873.8,Cherrapunji_Wet,25.2702,91.7323
2023-11-29T14:00,18.6,71,873.5,Cherrapunji_Wet,25.2702,91.7323
2023-11-29T15:00,17.5,76,873.4,Cherrapunji_Wet,25.2702,91.7323
2023-11-29T16:00,16.2,83,873.3,Cherrapunji_Wet,25.2702,91.7323
2023-11-29T17:00,14,92,872.7,Cherrapunji_Wet,25.2702,91.7323
2023-11-29T18:00,13.4,89,873.1,Cherrapunji_Wet,25.2702,91.7323
2023-11-29T19:00,12.9,87,873.4,Cherrapunji_Wet,25.2702,91.7323
2023-11-29T20:00,12.6,85,873.6,Cherrapunji_Wet,25.2702,91.7323
2023-11-29T21:00,12.4,82,873.9,Cherrapunji_Wet,25.2702,91.7323
2023-11-29T22:00,12,80,873.4,Cherrapunji_Wet,25.2702,91.7323
2023-11-29T23:00,11.3,82,872.8,Cherrapunji_Wet,25.2702,91.7323
2023-11-30T00:00,10.9,84,872.4,Cherrapunji_Wet,25.2702,91.7323
2023-11-30T01:00,10.9,85,871.9,Cherrapunji_Wet,25.2702,91.7323
2023-11-30T02:00,10.8,85,871.5,Cherrapunji_Wet,25.2702,91.7323
2023-11-30T03:00,10.6,85,871.3,Cherrapunji_Wet,25.2702,91.7323
2023-11-30T04:00,10.3,85,871.2,Cherrapunji_Wet,25.2702,91.7323
2023-11-30T05:00,10.2,84,871.6,Cherrapunji_Wet,25.2702,91.7323
2023-11-30T06:00,10.8,79,872.5,Cherrapunji_Wet,25.2702,91.7323
2023-11-30T07:00,15.5,74,875.5,Cherrapunji_Wet,25.2702,91.7323
2023-11-30T08:00,18.7,52,877.2,Cherrapunji_Wet,25.2702,91.7323
2023-11-30T09:00,19.8,53,877.6,Cherrapunji_Wet,25.2702,91.7323
2023-11-30T10:00,20.6,53,877.1,Cherrapunji_Wet,25.2702,91.7323
2023-11-30T11:00,21,55,876.2,Cherrapunji_Wet,25.2702,91.7323
2023-11-30T12:00,21,58,875.4,Cherrapunji_Wet,25.2702,91.7323
2023-11-30T13:00,20.6,63,874.5,Cherrapunji_Wet,25.2702,91.7323
2023-11-30T14:00,19.7,68,873.8,Cherrapunji_Wet,25.2702,91.7323
2023-11-30T15:00,18.3,74,873.7,Cherrapunji_Wet,25.2702,91.7323
2023-11-30T16:00,15.8,87,873.2,Cherrapunji_Wet,25.2702,91.7323
2023-11-30T17:00,14.9,90,873.3,Cherrapunji_Wet,25.2702,91.7323
2023-11-30T18:00,14.5,87,873.8,Cherrapunji_Wet,25.2702,91.7323
2023-11-30T19:00,13.6,88,874,Cherrapunji_Wet,25.2702,91.7323
2023-11-30T20:00,13,89,874.2,Cherrapunji_Wet,25.2702,91.7323
2023-11-30T21:00,12.8,88,874.2,Cherrapunji_Wet,25.2702,91.7323
2023-11-30T22:00,12.6,87,874,Cherrapunji_Wet,25.2702,91.7323
2023-11-30T23:00,12.3,87,873.4,Cherrapunji_Wet,25.2702,91.7323
2023-12-01T00:00,12,86,872.8,Cherrapunji_Wet,25.2702,91.7323
2023-12-01T01:00,12.1,83,872.4,Cherrapunji_Wet,25.2702,91.7323
2023-12-01T02:00,12,83,872,Cherrapunji_Wet,25.2702,91.7323
2023-12-01T03:00,11.5,86,871.8,Cherrapunji_Wet,25.2702,91.7323
2023-12-01T04:00,11.2,87,871.5,Cherrapunji_Wet,25.2702,91.7323
2023-12-01T05:00,11.3,88,872.1,Cherrapunji_Wet,25.2702,91.7323
2023-12-01T06:00,11.5,86,873.1,Cherrapunji_Wet,25.2702,91.7323
2023-12-01T07:00,15.9,76,875.4,Cherrapunji_Wet,25.2702,91.7323
2023-12-01T08:00,18.6,52,876.8,Cherrapunji_Wet,25.2702,91.7323
2023-12-01T09:00,19.8,48,877.1,Cherrapunji_Wet,25.2702,91.7323
2023-12-01T10:00,20.6,48,876.5,Cherrapunji_Wet,25.2702,91.7323
2023-12-01T11:00,21,52,875.5,Cherrapunji_Wet,25.2702,91.7323
2023-12-01T12:00,20.8,59,874.7,Cherrapunji_Wet,25.2702,91.7323
2023-12-01T13:00,20.1,66,873.7,Cherrapunji_Wet,25.2702,91.7323
2023-12-01T14:00,19.3,70,873.1,Cherrapunji_Wet,25.2702,91.7323
2023-12-01T15:00,18.3,73,872.8,Cherrapunji_Wet,25.2702,91.7323
2023-12-01T16:00,16.1,84,872.3,Cherrapunji_Wet,25.2702,91.7323
2023-12-01T17:00,14.6,90,872.1,Cherrapunji_Wet,25.2702,91.7323
2023-12-01T18:00,14.2,91,872.7,Cherrapunji_Wet,25.2702,91.7323
2023-12-01T19:00,13.9,91,873,Cherrapunji_Wet,25.2702,91.7323
2023-12-01T20:00,13.6,90,873.3,Cherrapunji_Wet,25.2702,91.7323
2023-12-01T21:00,13.5,88,873.5,Cherrapunji_Wet,25.2702,91.7323
2023-12-01T22:00,13.2,87,873.1,Cherrapunji_Wet,25.2702,91.7323
2023-12-01T23:00,12.9,86,872.6,Cherrapunji_Wet,25.2702,91.7323
2023-12-02T00:00,12.9,82,872.3,Cherrapunji_Wet,25.2702,91.7323
2023-12-02T01:00,12.7,79,871.9,Cherrapunji_Wet,25.2702,91.7323
2023-12-02T02:00,12.2,76,871.6,Cherrapunji_Wet,25.2702,91.7323
2023-12-02T03:00,11.6,75,871,Cherrapunji_Wet,25.2702,91.7323
2023-12-02T04:00,11.6,72,871,Cherrapunji_Wet,25.2702,91.7323
2023-12-02T05:00,12.5,66,872.1,Cherrapunji_Wet,25.2702,91.7323
2023-12-02T06:00,13.5,78,874.2,Cherrapunji_Wet,25.2702,91.7323
2023-12-02T07:00,16.8,71,876.2,Cherrapunji_Wet,25.2702,91.7323
2023-12-02T08:00,18.8,59,877.4,Cherrapunji_Wet,25.2702,91.7323
2023-12-02T09:00,20,53,877.4,Cherrapunji_Wet,25.2702,91.7323
2023-12-02T10:00,20.7,54,876.9,Cherrapunji_Wet,25.2702,91.7323
2023-12-02T11:00,20.9,60,876,Cherrapunji_Wet,25.2702,91.7323
2023-12-02T12:00,21,64,875,Cherrapunji_Wet,25.2702,91.7323
2023-12-02T13:00,20,72,873.8,Cherrapunji_Wet,25.2702,91.7323
2023-12-02T14:00,19.2,78,873.4,Cherrapunji_Wet,25.2702,91.7323
2023-12-02T15:00,17.5,87,873.1,Cherrapunji_Wet,25.2702,91.7323
2023-12-02T16:00,15.9,95,872.7,Cherrapunji_Wet,25.2702,91.7323
2023-12-02T17:00,14.6,97,872.7,Cherrapunji_Wet,25.2702,91.7323
2023-12-02T18:00,14.2,93,873.9,Cherrapunji_Wet,25.2702,91.7323
2023-12-02T19:00,14.6,90,874.2,Cherrapunji_Wet,25.2702,91.7323
2023-12-02T20:00,13.8,90,873.8,Cherrapunji_Wet,25.2702,91.7323
2023-12-02T21:00,12.9,90,873.5,Cherrapunji_Wet,25.2702,91.7323
2023-12-02T22:00,12.7,88,873.3,Cherrapunji_Wet,25.2702,91.7323
2023-12-02T23:00,12.9,84,873.3,Cherrapunji_Wet,25.2702,91.7323
2023-12-03T00:00,12.4,82,873,Cherrapunji_Wet,25.2702,91.7323
2023-12-03T01:00,12.2,78,872.7,Cherrapunji_Wet,25.2702,91.7323
2023-12-03T02:00,12,79,872,Cherrapunji_Wet,25.2702,91.7323
2023-12-03T03:00,11.8,81,871.6,Cherrapunji_Wet,25.2702,91.7323
2023-12-03T04:00,12.3,78,871.8,Cherrapunji_Wet,25.2702,91.7323
2023-12-03T05:00,14.1,70,873.1,Cherrapunji_Wet,25.2702,91.7323
2023-12-03T06:00,12.9,61,873.7,Cherrapunji_Wet,25.2702,91.7323
2023-12-03T07:00,16.6,59,876,Cherrapunji_Wet,25.2702,91.7323
2023-12-03T08:00,19.3,41,877.8,Cherrapunji_Wet,25.2702,91.7323
2023-12-03T09:00,20.3,43,878.2,Cherrapunji_Wet,25.2702,91.7323
2023-12-03T10:00,20.9,50,877.5,Cherrapunji_Wet,25.2702,91.7323
2023-12-03T11:00,21.3,54,876.4,Cherrapunji_Wet,25.2702,91.7323
2023-12-03T12:00,21.1,57,875.3,Cherrapunji_Wet,25.2702,91.7323
2023-12-03T13:00,20.5,65,874.5,Cherrapunji_Wet,25.2702,91.7323
2023-12-03T14:00,19.6,75,873.9,Cherrapunji_Wet,25.2702,91.7323
2023-12-03T15:00,18.5,80,873.5,Cherrapunji_Wet,25.2702,91.7323
2023-12-03T16:00,16,93,872.8,Cherrapunji_Wet,25.2702,91.7323
2023-12-03T17:00,14.7,92,872.5,Cherrapunji_Wet,25.2702,91.7323
2023-12-03T18:00,14,78,873,Cherrapunji_Wet,25.2702,91.7323
2023-12-03T19:00,12.7,76,873.2,Cherrapunji_Wet,25.2702,91.7323
2023-12-03T20:00,11.5,78,872.6,Cherrapunji_Wet,25.2702,91.7323
2023-12-03T21:00,11.5,70,872.5,Cherrapunji_Wet,25.2702,91.7323
2023-12-03T22:00,12.4,56,873,Cherrapunji_Wet,25.2702,91.7323
2023-12-03T23:00,11.6,53,872.3,Cherrapunji_Wet,25.2702,91.7323
2023-12-04T00:00,11.4,57,871.7,Cherrapunji_Wet,25.2702,91.7323
2023-12-04T01:00,11.4,59,871.1,Cherrapunji_Wet,25.2702,91.7323
2023-12-04T02:00,11.3,61,870.6,Cherrapunji_Wet,25.2702,91.7323
2023-12-04T03:00,10.8,61,870.1,Cherrapunji_Wet,25.2702,91.7323
2023-12-04T04:00,14.3,44,871.9,Cherrapunji_Wet,25.2702,91.7323
2023-12-04T05:00,11.8,56,871.6,Cherrapunji_Wet,25.2702,91.7323
2023-12-04T06:00,10.2,63,871.5,Cherrapunji_Wet,25.2702,91.7323
2023-12-04T07:00,14.6,64,874.1,Cherrapunji_Wet,25.2702,91.7323
2023-12-04T08:00,19,44,876.4,Cherrapunji_Wet,25.2702,91.7323
2023-12-04T09:00,19.8,44,876.8,Cherrapunji_Wet,25.2702,91.7323
2023-12-04T10:00,20.2,50,876.4,Cherrapunji_Wet,25.2702,91.7323
2023-12-04T11:00,20.3,54,875.6,Cherrapunji_Wet,25.2702,91.7323
2023-12-04T12:00,20.4,57,874.5,Cherrapunji_Wet,25.2702,91.7323
2023-12-04T13:00,20.3,59,873.3,Cherrapunji_Wet,25.2702,91.7323
2023-12-04T14:00,19.4,66,872.8,Cherrapunji_Wet,25.2702,91.7323
2023-12-04T15:00,18.3,73,872.4,Cherrapunji_Wet,25.2702,91.7323
2023-12-04T16:00,15.4,87,871.5,Cherrapunji_Wet,25.2702,91.7323
2023-12-04T17:00,14,91,871.1,Cherrapunji_Wet,25.2702,91.7323
2023-12-04T18:00,14.7,84,872,Cherrapunji_Wet,25.2702,91.7323
2023-12-04T19:00,15,78,872.9,Cherrapunji_Wet,25.2702,91.7323
2023-12-04T20:00,14.6,72,872.6,Cherrapunji_Wet,25.2702,91.7323
2023-12-04T21:00,13,69,871.4,Cherrapunji_Wet,25.2702,91.7323
2023-12-04T22:00,12.5,62,870.9,Cherrapunji_Wet,25.2702,91.7323
2023-12-04T23:00,14.1,56,871.2,Cherrapunji_Wet,25.2702,91.7323
2023-12-05T00:00,13.1,55,870.3,Cherrapunji_Wet,25.2702,91.7323
2023-12-05T01:00,13.8,49,870.6,Cherrapunji_Wet,25.2702,91.7323
2023-12-05T02:00,16.1,40,871.6,Cherrapunji_Wet,25.2702,91.7323
2023-12-05T03:00,17.5,39,872.6,Cherrapunji_Wet,25.2702,91.7323
2023-12-05T04:00,12.9,56,870.2,Cherrapunji_Wet,25.2702,91.7323
2023-12-05T05:00,14,55,871.1,Cherrapunji_Wet,25.2702,91.7323
2023-12-05T06:00,14.4,65,872.6,Cherrapunji_Wet,25.2702,91.7323
2023-12-05T07:00,17.1,55,874.5,Cherrapunji_Wet,25.2702,91.7323
2023-12-05T08:00,18.3,48,875.5,Cherrapunji_Wet,25.2702,91.7323
2023-12-05T09:00,18.3,53,875.6,Cherrapunji_Wet,25.2702,91.7323
2023-12-05T10:00,19,58,875.1,Cherrapunji_Wet,25.2702,91.7323
2023-12-05T11:00,18.7,64,873.7,Cherrapunji_Wet,25.2702,91.7323
2023-12-05T12:00,17.2,75,872.7,Cherrapunji_Wet,25.2702,91.7323
2023-12-05T13:00,16.7,80,871.9,Cherrapunji_Wet,25.2702,91.7323
2023-12-05T14:00,16.1,86,871.6,Cherrapunji_Wet,25.2702,91.7323
2023-12-05T15:00,15.6,91,871.9,Cherrapunji_Wet,25.2702,91.7323
2023-12-05T16:00,15,96,872.1,Cherrapunji_Wet,25.2702,91.7323
2023-12-05T17:00,14.9,92,872.4,Cherrapunji_Wet,25.2702,91.7323
2023-12-05T18:00,15,95,873.5,Cherrapunji_Wet,25.2702,91.7323
2023-12-05T19:00,14.8,94,874.2,Cherrapunji_Wet,25.2702,91.7323
2023-12-05T20:00,14.9,89,874.4,Cherrapunji_Wet,25.2702,91.7323
2023-12-05T21:00,14.1,89,874,Cherrapunji_Wet,25.2702,91.7323
2023-12-05T22:00,14.4,84,874,Cherrapunji_Wet,25.2702,91.7323
2023-12-05T23:00,12.8,89,873,Cherrapunji_Wet,25.2702,91.7323
2023-12-06T00:00,12.6,88,872.5,Cherrapunji_Wet,25.2702,91.7323
2023-12-06T01:00,12.1,84,871.9,Cherrapunji_Wet,25.2702,91.7323
2023-12-06T02:00,11.8,80,871.3,Cherrapunji_Wet,25.2702,91.7323
2023-12-06T03:00,12.6,73,871.3,Cherrapunji_Wet,25.2702,91.7323
2023-12-06T04:00,12.7,70,871.6,Cherrapunji_Wet,25.2702,91.7323
2023-12-06T05:00,13,67,872,Cherrapunji_Wet,25.2702,91.7323
2023-12-06T06:00,13.1,77,873.4,Cherrapunji_Wet,25.2702,91.7323
2023-12-06T07:00,15.5,75,875.4,Cherrapunji_Wet,25.2702,91.7323
2023-12-06T08:00,17.1,70,876.7,Cherrapunji_Wet,25.2702,91.7323
2023-12-06T09:00,16.9,64,876.8,Cherrapunji_Wet,25.2702,91.7323
2023-12-06T10:00,17.4,61,876,Cherrapunji_Wet,25.2702,91.7323
2023-12-06T11:00,18.5,54,875.5,Cherrapunji_Wet,25.2702,91.7323
2023-12-06T12:00,18.8,57,874.6,Cherrapunji_Wet,25.2702,91.7323
2023-12-06T13:00,19.2,60,874,Cherrapunji_Wet,25.2702,91.7323
2023-12-06T14:00,18.6,65,873.6,Cherrapunji_Wet,25.2702,91.7323
2023-12-06T15:00,17.4,72,873.4,Cherrapunji_Wet,25.2702,91.7323
2023-12-06T16:00,16.5,77,873.4,Cherrapunji_Wet,25.2702,91.7323
2023-12-06T17:00,15.9,84,873.7,Cherrapunji_Wet,25.2702,91.7323
2023-12-06T18:00,16.1,85,874.8,Cherrapunji_Wet,25.2702,91.7323
2023-12-06T19:00,15.5,88,875,Cherrapunji_Wet,25.2702,91.7323
2023-12-06T20:00,15.5,86,875.2,Cherrapunji_Wet,25.2702,91.7323
2023-12-06T21:00,15.4,86,874.9,Cherrapunji_Wet,25.2702,91.7323
2023-12-06T22:00,15.3,85,874.9,Cherrapunji_Wet,25.2702,91.7323
2023-12-06T23:00,15.1,86,874.5,Cherrapunji_Wet,25.2702,91.7323
2023-12-07T00:00,14.9,90,873.6,Cherrapunji_Wet,25.2702,91.7323
2023-12-07T01:00,14.6,91,873,Cherrapunji_Wet,25.2702,91.7323
2023-12-07T02:00,14.6,90,872.4,Cherrapunji_Wet,25.2702,91.7323
2023-12-07T03:00,14.4,89,871.9,Cherrapunji_Wet,25.2702,91.7323
2023-12-07T04:00,14.1,88,871.7,Cherrapunji_Wet,25.2702,91.7323
2023-12-07T05:00,13.8,89,871.7,Cherrapunji_Wet,25.2702,91.7323
2023-12-07T06:00,14.1,91,873.3,Cherrapunji_Wet,25.2702,91.7323
2023-12-07T07:00,14.4,91,874.1,Cherrapunji_Wet,25.2702,91.7323
2023-12-07T08:00,14.4,93,874.7,Cherrapunji_Wet,25.2702,91.7323
2023-12-07T09:00,15.3,90,874.7,Cherrapunji_Wet,25.2702,91.7323
2023-12-07T10:00,15.2,90,873.6,Cherrapunji_Wet,25.2702,91.7323
2023-12-07T11:00,15.5,87,872.8,Cherrapunji_Wet,25.2702,91.7323
2023-12-07T12:00,15.7,86,871.6,Cherrapunji_Wet,25.2702,91.7323
2023-12-07T13:00,15.7,85,871.1,Cherrapunji_Wet,25.2702,91.7323
2023-12-07T14:00,15.1,89,870.6,Cherrapunji_Wet,25.2702,91.7323
2023-12-07T15:00,14.8,91,870.4,Cherrapunji_Wet,25.2702,91.7323
2023-12-07T16:00,14.4,90,870.4,Cherrapunji_Wet,25.2702,91.7323
2023-12-07T17:00,14.3,89,870.7,Cherrapunji_Wet,25.2702,91.7323
2023-12-07T18:00,14.3,90,871.2,Cherrapunji_Wet,25.2702,91.7323
2023-12-07T19:00,14.1,87,871.8,Cherrapunji_Wet,25.2702,91.7323
2023-12-07T20:00,14,91,872,Cherrapunji_Wet,25.2702,91.7323
2023-12-07T21:00,13.7,91,871.6,Cherrapunji_Wet,25.2702,91.7323
2023-12-07T22:00,13.6,93,871.1,Cherrapunji_Wet,25.2702,91.7323
2023-12-07T23:00,13.7,94,870.7,Cherrapunji_Wet,25.2702,91.7323
2023-12-08T00:00,13.7,93,869.9,Cherrapunji_Wet,25.2702,91.7323
2023-12-08T01:00,13.7,94,869.3,Cherrapunji_Wet,25.2702,91.7323
2023-12-08T02:00,14.1,93,869.1,Cherrapunji_Wet,25.2702,91.7323
2023-12-08T03:00,13.6,95,868.7,Cherrapunji_Wet,25.2702,91.7323
2023-12-08T04:00,14,92,869,Cherrapunji_Wet,25.2702,91.7323
2023-12-08T05:00,13.9,94,869.6,Cherrapunji_Wet,25.2702,91.7323
2023-12-08T06:00,13.7,97,870.1,Cherrapunji_Wet,25.2702,91.7323
2023-12-08T07:00,13.6,99,870.5,Cherrapunji_Wet,25.2702,91.7323
2023-12-08T08:00,14.3,94,871.5,Cherrapunji_Wet,25.2702,91.7323
2023-12-08T09:00,14.5,91,871.6,Cherrapunji_Wet,25.2702,91.7323
2023-12-08T10:00,15.5,89,871.2,Cherrapunji_Wet,25.2702,91.7323
2023-12-08T11:00,15.8,88,870.4,Cherrapunji_Wet,25.2702,91.7323
2023-12-08T12:00,15.5,90,869.7,Cherrapunji_Wet,25.2702,91.7323
2023-12-08T13:00,15.9,90,869.1,Cherrapunji_Wet,25.2702,91.7323
2023-12-08T14:00,15,93,869.1,Cherrapunji_Wet,25.2702,91.7323
2023-12-08T15:00,14.4,98,869.1,Cherrapunji_Wet,25.2702,91.7323
2023-12-08T16:00,14.1,100,869.5,Cherrapunji_Wet,25.2702,91.7323
2023-12-08T17:00,14.2,99,870.3,Cherrapunji_Wet,25.2702,91.7323
2023-12-08T18:00,14.2,99,871,Cherrapunji_Wet,25.2702,91.7323
2023-12-08T19:00,14.3,98,871.5,Cherrapunji_Wet,25.2702,91.7323
2023-12-08T20:00,14,99,871.6,Cherrapunji_Wet,25.2702,91.7323
2023-12-08T21:00,14,100,871.9,Cherrapunji_Wet,25.2702,91.7323
2023-12-08T22:00,13.9,99,871.7,Cherrapunji_Wet,25.2702,91.7323
2023-12-08T23:00,13.5,99,871.3,Cherrapunji_Wet,25.2702,91.7323
2023-12-09T00:00,13.4,98,871.3,Cherrapunji_Wet,25.2702,91.7323
2023-12-09T01:00,13.3,98,871,Cherrapunji_Wet,25.2702,91.7323
2023-12-09T02:00,12.8,99,870.2,Cherrapunji_Wet,25.2702,91.7323
2023-12-09T03:00,11.8,98,869.6,Cherrapunji_Wet,25.2702,91.7323
2023-12-09T04:00,11,98,869.7,Cherrapunji_Wet,25.2702,91.7323
2023-12-09T05:00,11,97,870.4,Cherrapunji_Wet,25.2702,91.7323
2023-12-09T06:00,11.9,94,871.5,Cherrapunji_Wet,25.2702,91.7323
2023-12-09T07:00,13.1,93,872.8,Cherrapunji_Wet,25.2702,91.7323
2023-12-09T08:00,14.8,85,874.2,Cherrapunji_Wet,25.2702,91.7323
2023-12-09T09:00,16.2,77,874.5,Cherrapunji_Wet,25.2702,91.7323
2023-12-09T10:00,16.8,75,874.1,Cherrapunji_Wet,25.2702,91.7323
2023-12-09T11:00,17,74,873.1,Cherrapunji_Wet,25.2702,91.7323
2023-12-09T12:00,17,73,872.1,Cherrapunji_Wet,25.2702,91.7323
2023-12-09T13:00,16.5,71,871.1,Cherrapunji_Wet,25.2702,91.7323
2023-12-09T14:00,15.6,80,870.6,Cherrapunji_Wet,25.2702,91.7323
2023-12-09T15:00,14.6,84,870.3,Cherrapunji_Wet,25.2702,91.7323
2023-12-09T16:00,13.3,95,870.1,Cherrapunji_Wet,25.2702,91.7323
2023-12-09T17:00,12.4,100,870,Cherrapunji_Wet,25.2702,91.7323
2023-12-09T18:00,11.6,100,870,Cherrapunji_Wet,25.2702,91.7323
2023-12-09T19:00,11.1,99,869.9,Cherrapunji_Wet,25.2702,91.7323
2023-12-09T20:00,10.7,97,869.8,Cherrapunji_Wet,25.2702,91.7323
2023-12-09T21:00,10.5,95,869.8,Cherrapunji_Wet,25.2702,91.7323
2023-12-09T22:00,10.2,93,869.4,Cherrapunji_Wet,25.2702,91.7323
2023-12-09T23:00,12.4,81,870.1,Cherrapunji_Wet,25.2702,91.7323
2023-12-10T00:00,11.3,83,869.4,Cherrapunji_Wet,25.2702,91.7323
2023-12-10T01:00,11.2,87,869.1,Cherrapunji_Wet,25.2702,91.7323
2023-12-10T02:00,10.7,88,868.6,Cherrapunji_Wet,25.2702,91.7323
2023-12-10T03:00,9.7,92,867.7,Cherrapunji_Wet,25.2702,91.7323
2023-12-10T04:00,8.9,93,867.4,Cherrapunji_Wet,25.2702,91.7323
2023-12-10T05:00,8.2,96,867.8,Cherrapunji_Wet,25.2702,91.7323
2023-12-10T06:00,9.6,92,868.8,Cherrapunji_Wet,25.2702,91.7323
2023-12-10T07:00,12.1,88,870.9,Cherrapunji_Wet,25.2702,91.7323
2023-12-10T08:00,13.8,79,872.3,Cherrapunji_Wet,25.2702,91.7323
2023-12-10T09:00,14.8,76,872.9,Cherrapunji_Wet,25.2702,91.7323
2023-12-10T10:00,15.6,71,872.5,Cherrapunji_Wet,25.2702,91.7323
2023-12-10T11:00,16,68,871.7,Cherrapunji_Wet,25.2702,91.7323
2023-12-10T12:00,15.9,72,870.5,Cherrapunji_Wet,25.2702,91.7323
2023-12-10T13:00,15.3,77,869.8,Cherrapunji_Wet,25.2702,91.7323
2023-12-10T14:00,14.2,85,869.4,Cherrapunji_Wet,25.2702,91.7323
2023-12-10T15:00,13.4,91,869.5,Cherrapunji_Wet,25.2702,91.7323
2023-12-10T16:00,12.7,95,869.7,Cherrapunji_Wet,25.2702,91.7323
2023-12-10T17:00,12.6,97,870.2,Cherrapunji_Wet,25.2702,91.7323
2023-12-10T18:00,12.1,96,870.9,Cherrapunji_Wet,25.2702,91.7323
2023-12-10T19:00,11.5,97,870.8,Cherrapunji_Wet,25.2702,91.7323
2023-12-10T20:00,12.4,92,871.4,Cherrapunji_Wet,25.2702,91.7323
2023-12-10T21:00,12.2,91,871.6,Cherrapunji_Wet,25.2702,91.7323
2023-12-10T22:00,10.9,93,870.9,Cherrapunji_Wet,25.2702,91.7323
2023-12-10T23:00,10.3,94,870.3,Cherrapunji_Wet,25.2702,91.7323
2023-12-11T00:00,10.2,93,870.1,Cherrapunji_Wet,25.2702,91.7323
2023-12-11T01:00,9.3,93,869.4,Cherrapunji_Wet,25.2702,91.7323
2023-12-11T02:00,9.3,93,869.1,Cherrapunji_Wet,25.2702,91.7323
2023-12-11T03:00,9.1,92,868.7,Cherrapunji_Wet,25.2702,91.7323
2023-12-11T04:00,8.9,92,868.7,Cherrapunji_Wet,25.2702,91.7323
2023-12-11T05:00,8.6,92,869,Cherrapunji_Wet,25.2702,91.7323
2023-12-11T06:00,9.4,92,870.3,Cherrapunji_Wet,25.2702,91.7323
2023-12-11T07:00,12.3,84,872.4,Cherrapunji_Wet,25.2702,91.7323
2023-12-11T08:00,14.3,68,874,Cherrapunji_Wet,25.2702,91.7323
2023-12-11T09:00,15.4,59,874.5,Cherrapunji_Wet,25.2702,91.7323
2023-12-11T10:00,16,54,874.2,Cherrapunji_Wet,25.2702,91.7323
2023-12-11T11:00,16.4,54,873.5,Cherrapunji_Wet,25.2702,91.7323
2023-12-11T12:00,16.8,54,872.7,Cherrapunji_Wet,25.2702,91.7323
2023-12-11T13:00,17,57,871.7,Cherrapunji_Wet,25.2702,91.7323
2023-12-11T14:00,16.7,64,871.2,Cherrapunji_Wet,25.2702,91.7323
2023-12-11T15:00,15.4,79,871.2,Cherrapunji_Wet,25.2702,91.7323
2023-12-11T16:00,12.6,99,870.6,Cherrapunji_Wet,25.2702,91.7323
2023-12-11T17:00,11.2,99,870.4,Cherrapunji_Wet,25.2702,91.7323
2023-12-11T18:00,11.1,97,870.6,Cherrapunji_Wet,25.2702,91.7323
2023-12-11T19:00,10.3,93,870.2,Cherrapunji_Wet,25.2702,91.7323
2023-12-11T20:00,9.6,86,870,Cherrapunji_Wet,25.2702,91.7323
2023-12-11T21:00,9.6,75,870.2,Cherrapunji_Wet,25.2702,91.7323
2023-12-11T22:00,9,75,869.7,Cherrapunji_Wet,25.2702,91.7323
2023-12-11T23:00,9.3,74,869.5,Cherrapunji_Wet,25.2702,91.7323
2023-12-12T00:00,12.7,56,870.7,Cherrapunji_Wet,25.2702,91.7323
2023-12-12T01:00,13.4,54,870.5,Cherrapunji_Wet,25.2702,91.7323
2023-12-12T02:00,13.6,60,870.2,Cherrapunji_Wet,25.2702,91.7323
2023-12-12T03:00,13.4,66,869.8,Cherrapunji_Wet,25.2702,91.7323
2023-12-12T04:00,13.2,70,869.9,Cherrapunji_Wet,25.2702,91.7323
2023-12-12T05:00,13.1,73,870.4,Cherrapunji_Wet,25.2702,91.7323
2023-12-12T06:00,9.8,91,869.8,Cherrapunji_Wet,25.2702,91.7323
2023-12-12T07:00,13.2,83,872,Cherrapunji_Wet,25.2702,91.7323
2023-12-12T08:00,14.1,79,872.9,Cherrapunji_Wet,25.2702,91.7323
2023-12-12T09:00,15,75,873.2,Cherrapunji_Wet,25.2702,91.7323
2023-12-12T10:00,15.6,71,872.7,Cherrapunji_Wet,25.2702,91.7323
2023-12-12T11:00,16.1,65,871.7,Cherrapunji_Wet,25.2702,91.7323
2023-12-12T12:00,16.3,65,870.7,Cherrapunji_Wet,25.2702,91.7323
2023-12-12T13:00,16,67,870,Cherrapunji_Wet,25.2702,91.7323
2023-12-12T14:00,15.4,69,869.7,Cherrapunji_Wet,25.2702,91.7323
2023-12-12T15:00,14.5,77,869.6,Cherrapunji_Wet,25.2702,91.7323
2023-12-12T16:00,13.1,87,869.5,Cherrapunji_Wet,25.2702,91.7323
2023-12-12T17:00,10.2,94,868.7,Cherrapunji_Wet,25.2702,91.7323
2023-12-12T18:00,10.2,96,869.3,Cherrapunji_Wet,25.2702,91.7323
2023-12-12T19:00,9.9,94,869.8,Cherrapunji_Wet,25.2702,91.7323
2023-12-12T20:00,9.4,94,869.9,Cherrapunji_Wet,25.2702,91.7323
2023-12-12T21:00,8.2,91,869.3,Cherrapunji_Wet,25.2702,91.7323
2023-12-12T22:00,8.4,83,869.5,Cherrapunji_Wet,25.2702,91.7323
2023-12-12T23:00,7.9,82,869,Cherrapunji_Wet,25.2702,91.7323
2023-12-13T00:00,8.1,80,869,Cherrapunji_Wet,25.2702,91.7323
2023-12-13T01:00,8.2,79,868.6,Cherrapunji_Wet,25.2702,91.7323
2023-12-13T02:00,8,82,868.1,Cherrapunji_Wet,25.2702,91.7323
2023-12-13T03:00,6.8,87,867.2,Cherrapunji_Wet,25.2702,91.7323
2023-12-13T04:00,8.3,83,868.3,Cherrapunji_Wet,25.2702,91.7323
2023-12-13T05:00,10.9,77,870,Cherrapunji_Wet,25.2702,91.7323
2023-12-13T06:00,7.6,90,869.3,Cherrapunji_Wet,25.2702,91.7323
2023-12-13T07:00,11.3,84,871.8,Cherrapunji_Wet,25.2702,91.7323
2023-12-13T08:00,13.1,76,873.1,Cherrapunji_Wet,25.2702,91.7323
2023-12-13T09:00,13.6,78,873.6,Cherrapunji_Wet,25.2702,91.7323
2023-12-13T10:00,14.3,74,873,Cherrapunji_Wet,25.2702,91.7323
2023-12-13T11:00,14.8,69,872.2,Cherrapunji_Wet,25.2702,91.7323
2023-12-13T12:00,14.9,66,871.1,Cherrapunji_Wet,25.2702,91.7323
2023-12-13T13:00,15,64,870.1,Cherrapunji_Wet,25.2702,91.7323
2023-12-13T14:00,14.2,69,869.5,Cherrapunji_Wet,25.2702,91.7323
2023-12-13T15:00,12.9,79,869.1,Cherrapunji_Wet,25.2702,91.7323
2023-12-13T16:00,11.1,93,869.1,Cherrapunji_Wet,25.2702,91.7323
2023-12-13T17:00,9.8,97,869.2,Cherrapunji_Wet,25.2702,91.7323
2023-12-13T18:00,9.5,99,869.7,Cherrapunji_Wet,25.2702,91.7323
2023-12-13T19:00,8.6,99,870.1,Cherrapunji_Wet,25.2702,91.7323
2023-12-13T20:00,8.1,98,870.3,Cherrapunji_Wet,25.2702,91.7323
2023-12-13T21:00,8.5,97,871.1,Cherrapunji_Wet,25.2702,91.7323
2023-12-13T22:00,8.3,97,870.8,Cherrapunji_Wet,25.2702,91.7323
2023-12-13T23:00,8,97,870.6,Cherrapunji_Wet,25.2702,91.7323
2023-12-14T00:00,8.3,96,870.6,Cherrapunji_Wet,25.2702,91.7323
2023-12-14T01:00,7.8,95,870.3,Cherrapunji_Wet,25.2702,91.7323
2023-12-14T02:00,7,95,869.3,Cherrapunji_Wet,25.2702,91.7323
2023-12-14T03:00,6.3,93,868.7,Cherrapunji_Wet,25.2702,91.7323
2023-12-14T04:00,5.8,93,868.6,Cherrapunji_Wet,25.2702,91.7323
2023-12-14T05:00,5.6,94,869.2,Cherrapunji_Wet,25.2702,91.7323
2023-12-14T06:00,7.3,97,871.1,Cherrapunji_Wet,25.2702,91.7323
2023-12-14T07:00,9.8,87,873,Cherrapunji_Wet,25.2702,91.7323
2023-12-14T08:00,12,76,875.1,Cherrapunji_Wet,25.2702,91.7323
2023-12-14T09:00,13.4,68,875.8,Cherrapunji_Wet,25.2702,91.7323
2023-12-14T10:00,14.2,67,875.3,Cherrapunji_Wet,25.2702,91.7323
2023-12-14T11:00,14.5,66,874.5,Cherrapunji_Wet,25.2702,91.7323
2023-12-14T12:00,15.1,64,873.6,Cherrapunji_Wet,25.2702,91.7323
2023-12-14T13:00,14.8,64,872.9,Cherrapunji_Wet,25.2702,91.7323
2023-12-14T14:00,14,71,872.2,Cherrapunji_Wet,25.2702,91.7323
2023-12-14T15:00,12.9,80,871.8,Cherrapunji_Wet,25.2702,91.7323
2023-12-14T16:00,10.3,94,871.1,Cherrapunji_Wet,25.2702,91.7323
2023-12-14T17:00,9.5,94,871.2,Cherrapunji_Wet,25.2702,91.7323
2023-12-14T18:00,9.2,93,871.7,Cherrapunji_Wet,25.2702,91.7323
2023-12-14T19:00,9.4,91,872.3,Cherrapunji_Wet,25.2702,91.7323
2023-12-14T20:00,9.3,91,872.9,Cherrapunji_Wet,25.2702,91.7323
2023-12-14T21:00,9.1,91,873.1,Cherrapunji_Wet,25.2702,91.7323
2023-12-14T22:00,8.7,92,872.9,Cherrapunji_Wet,25.2702,91.7323
2023-12-14T23:00,8.7,92,872.5,Cherrapunji_Wet,25.2702,91.7323
2023-12-15T00:00,8.9,92,872.4,Cherrapunji_Wet,25.2702,91.7323
2023-12-15T01:00,8.8,92,871.9,Cherrapunji_Wet,25.2702,91.7323
2023-12-15T02:00,8.4,91,871.3,Cherrapunji_Wet,25.2702,91.7323
2023-12-15T03:00,7.9,91,870.9,Cherrapunji_Wet,25.2702,91.7323
2023-12-15T04:00,7.3,92,870.4,Cherrapunji_Wet,25.2702,91.7323
2023-12-15T05:00,6.9,92,870.6,Cherrapunji_Wet,25.2702,91.7323
2023-12-15T06:00,7.6,85,871.6,Cherrapunji_Wet,25.2702,91.7323
2023-12-15T07:00,11.4,75,873.8,Cherrapunji_Wet,25.2702,91.7323
2023-12-15T08:00,13.9,58,875.6,Cherrapunji_Wet,25.2702,91.7323
2023-12-15T09:00,15,54,875.8,Cherrapunji_Wet,25.2702,91.7323
2023-12-15T10:00,15.7,52,875.1,Cherrapunji_Wet,25.2702,91.7323
2023-12-15T11:00,16.1,56,874.4,Cherrapunji_Wet,25.2702,91.7323
2023-12-15T12:00,16.6,57,873.7,Cherrapunji_Wet,25.2702,91.7323
2023-12-15T13:00,15.5,70,872.8,Cherrapunji_Wet,25.2702,91.7323
2023-12-15T14:00,14.6,79,872.6,Cherrapunji_Wet,25.2702,91.7323
2023-12-15T15:00,13.8,83,872.2,Cherrapunji_Wet,25.2702,91.7323
2023-12-15T16:00,12.6,90,872,Cherrapunji_Wet,25.2702,91.7323
2023-12-15T17:00,11.9,93,871.9,Cherrapunji_Wet,25.2702,91.7323
2023-12-15T18:00,11.3,92,871.9,Cherrapunji_Wet,25.2702,91.7323
2023-12-15T19:00,10.7,90,872,Cherrapunji_Wet,25.2702,91.7323
2023-12-15T20:00,10.5,90,872.3,Cherrapunji_Wet,25.2702,91.7323
2023-12-15T21:00,10,90,872.1,Cherrapunji_Wet,25.2702,91.7323
2023-12-15T22:00,8.9,89,871.2,Cherrapunji_Wet,25.2702,91.7323
2023-12-15T23:00,7.6,91,870,Cherrapunji_Wet,25.2702,91.7323
2023-12-16T00:00,7.2,89,869.4,Cherrapunji_Wet,25.2702,91.7323
2023-12-16T01:00,7.2,84,868.8,Cherrapunji_Wet,25.2702,91.7323
2023-12-16T02:00,7.1,78,868.4,Cherrapunji_Wet,25.2702,91.7323
2023-12-16T03:00,7.2,72,868.3,Cherrapunji_Wet,25.2702,91.7323
2023-12-16T04:00,7.4,66,868.5,Cherrapunji_Wet,25.2702,91.7323
2023-12-16T05:00,7.5,63,868.9,Cherrapunji_Wet,25.2702,91.7323
2023-12-16T06:00,7.6,67,870.1,Cherrapunji_Wet,25.2702,91.7323
2023-12-16T07:00,10.9,70,872.2,Cherrapunji_Wet,25.2702,91.7323
2023-12-16T08:00,14.1,50,874.2,Cherrapunji_Wet,25.2702,91.7323
2023-12-16T09:00,15.1,53,874.6,Cherrapunji_Wet,25.2702,91.7323
2023-12-16T10:00,15.6,58,874.1,Cherrapunji_Wet,25.2702,91.7323
2023-12-16T11:00,16,63,873.4,Cherrapunji_Wet,25.2702,91.7323
2023-12-16T12:00,16.2,66,872.6,Cherrapunji_Wet,25.2702,91.7323
2023-12-16T13:00,16.6,65,872.1,Cherrapunji_Wet,25.2702,91.7323
2023-12-16T14:00,15.2,76,871.6,Cherrapunji_Wet,25.2702,91.7323
2023-12-16T15:00,13.7,85,871.6,Cherrapunji_Wet,25.2702,91.7323
2023-12-16T16:00,11.9,95,871.3,Cherrapunji_Wet,25.2702,91.7323
2023-12-16T17:00,11.3,95,871.5,Cherrapunji_Wet,25.2702,91.7323
2023-12-16T18:00,11,93,871.6,Cherrapunji_Wet,25.2702,91.7323
2023-12-16T19:00,10.8,90,871.8,Cherrapunji_Wet,25.2702,91.7323
2023-12-16T20:00,9.9,89,871.7,Cherrapunji_Wet,25.2702,91.7323
2023-12-16T21:00,9.7,87,871.9,Cherrapunji_Wet,25.2702,91.7323
2023-12-16T22:00,9.3,85,871.7,Cherrapunji_Wet,25.2702,91.7323
2023-12-16T23:00,8.9,85,871.3,Cherrapunji_Wet,25.2702,91.7323
2023-12-17T00:00,8.6,85,870.9,Cherrapunji_Wet,25.2702,91.7323
2023-12-17T01:00,8.5,83,870.7,Cherrapunji_Wet,25.2702,91.7323
2023-12-17T02:00,8.2,84,870.1,Cherrapunji_Wet,25.2702,91.7323
2023-12-17T03:00,7.9,85,869.7,Cherrapunji_Wet,25.2702,91.7323
2023-12-17T04:00,7.8,85,869.6,Cherrapunji_Wet,25.2702,91.7323
2023-12-17T05:00,7.6,86,870.1,Cherrapunji_Wet,25.2702,91.7323
2023-12-17T06:00,7.5,88,871,Cherrapunji_Wet,25.2702,91.7323
2023-12-17T07:00,11.3,79,873.2,Cherrapunji_Wet,25.2702,91.7323
2023-12-17T08:00,14,63,874.9,Cherrapunji_Wet,25.2702,91.7323
2023-12-17T09:00,15,59,875,Cherrapunji_Wet,25.2702,91.7323
2023-12-17T10:00,15.8,56,874.8,Cherrapunji_Wet,25.2702,91.7323
2023-12-17T11:00,16.1,60,874.1,Cherrapunji_Wet,25.2702,91.7323
2023-12-17T12:00,16,68,873.3,Cherrapunji_Wet,25.2702,91.7323
2023-12-17T13:00,16.1,67,872.8,Cherrapunji_Wet,25.2702,91.7323
2023-12-17T14:00,15.5,71,872.2,Cherrapunji_Wet,25.2702,91.7323
2023-12-17T15:00,14,79,871.9,Cherrapunji_Wet,25.2702,91.7323
2023-12-17T16:00,12.9,84,871.6,Cherrapunji_Wet,25.2702,91.7323
2023-12-17T17:00,10.1,94,870.5,Cherrapunji_Wet,25.2702,91.7323
2023-12-17T18:00,10,91,871,Cherrapunji_Wet,25.2702,91.7323
2023-12-17T19:00,9.7,89,871.4,Cherrapunji_Wet,25.2702,91.7323
2023-12-17T20:00,9.8,89,871.9,Cherrapunji_Wet,25.2702,91.7323
2023-12-17T21:00,9.3,91,872,Cherrapunji_Wet,25.2702,91.7323
2023-12-17T22:00,8.7,92,871.6,Cherrapunji_Wet,25.2702,91.7323
2023-12-17T23:00,8.2,92,871.3,Cherrapunji_Wet,25.2702,91.7323
2023-12-18T00:00,7.2,94,870.5,Cherrapunji_Wet,25.2702,91.7323
2023-12-18T01:00,6.6,92,869.7,Cherrapunji_Wet,25.2702,91.7323
2023-12-18T02:00,6.7,83,869.3,Cherrapunji_Wet,25.2702,91.7323
2023-12-18T03:00,6.8,74,869.1,Cherrapunji_Wet,25.2702,91.7323
2023-12-18T04:00,6.6,69,869.1,Cherrapunji_Wet,25.2702,91.7323
2023-12-18T05:00,6.5,68,869.5,Cherrapunji_Wet,25.2702,91.7323
2023-12-18T06:00,6.1,88,870.5,Cherrapunji_Wet,25.2702,91.7323
2023-12-18T07:00,9.9,82,872.8,Cherrapunji_Wet,25.2702,91.7323
2023-12-18T08:00,13.7,56,875.3,Cherrapunji_Wet,25.2702,91.7323
2023-12-18T09:00,15.1,54,875.6,Cherrapunji_Wet,25.2702,91.7323
2023-12-18T10:00,15.9,56,875.1,Cherrapunji_Wet,25.2702,91.7323
2023-12-18T11:00,16.1,62,874.5,Cherrapunji_Wet,25.2702,91.7323
2023-12-18T12:00,15.9,70,873.7,Cherrapunji_Wet,25.2702,91.7323
2023-12-18T13:00,15.9,71,873,Cherrapunji_Wet,25.2702,91.7323
2023-12-18T14:00,15.3,76,872.5,Cherrapunji_Wet,25.2702,91.7323
2023-12-18T15:00,14.3,82,872.4,Cherrapunji_Wet,25.2702,91.7323
2023-12-18T16:00,12.5,91,872.1,Cherrapunji_Wet,25.2702,91.7323
2023-12-18T17:00,10.3,96,871.4,Cherrapunji_Wet,25.2702,91.7323
2023-12-18T18:00,9.8,93,871.8,Cherrapunji_Wet,25.2702,91.7323
2023-12-18T19:00,9.3,91,872.1,Cherrapunji_Wet,25.2702,91.7323
2023-12-18T20:00,9.6,89,872.7,Cherrapunji_Wet,25.2702,91.7323
2023-12-18T21:00,9.1,90,872.6,Cherrapunji_Wet,25.2702,91.7323
2023-12-18T22:00,8.1,92,872,Cherrapunji_Wet,25.2702,91.7323
2023-12-18T23:00,7,93,871.2,Cherrapunji_Wet,25.2702,91.7323
2023-12-19T00:00,6,93,870.3,Cherrapunji_Wet,25.2702,91.7323
2023-12-19T01:00,6.1,92,869.8,Cherrapunji_Wet,25.2702,91.7323
2023-12-19T02:00,6.1,92,869.5,Cherrapunji_Wet,25.2702,91.7323
2023-12-19T03:00,5.8,90,869,Cherrapunji_Wet,25.2702,91.7323
2023-12-19T04:00,5.4,85,868.9,Cherrapunji_Wet,25.2702,91.7323
2023-12-19T05:00,5.1,82,869.3,Cherrapunji_Wet,25.2702,91.7323
2023-12-19T06:00,5.9,87,870.8,Cherrapunji_Wet,25.2702,91.7323
2023-12-19T07:00,10.4,77,873.7,Cherrapunji_Wet,25.2702,91.7323
2023-12-19T08:00,14,52,876.2,Cherrapunji_Wet,25.2702,91.7323
2023-12-19T09:00,15.1,50,876.5,Cherrapunji_Wet,25.2702,91.7323
2023-12-19T10:00,15.8,48,875.9,Cherrapunji_Wet,25.2702,91.7323
2023-12-19T11:00,16.3,48,875.3,Cherrapunji_Wet,25.2702,91.7323
2023-12-19T12:00,16.3,51,874.6,Cherrapunji_Wet,25.2702,91.7323
2023-12-19T13:00,16.1,55,873.8,Cherrapunji_Wet,25.2702,91.7323
2023-12-19T14:00,15.6,59,873.3,Cherrapunji_Wet,25.2702,91.7323
2023-12-19T15:00,14.5,65,873,Cherrapunji_Wet,25.2702,91.7323
2023-12-19T16:00,13.5,69,873.2,Cherrapunji_Wet,25.2702,91.7323
2023-12-19T17:00,10.5,84,872.2,Cherrapunji_Wet,25.2702,91.7323
2023-12-19T18:00,10,87,872.5,Cherrapunji_Wet,25.2702,91.7323
2023-12-19T19:00,9.5,87,872.5,Cherrapunji_Wet,25.2702,91.7323
2023-12-19T20:00,8.8,87,872.6,Cherrapunji_Wet,25.2702,91.7323
2023-12-19T21:00,8.6,86,872.8,Cherrapunji_Wet,25.2702,91.7323
2023-12-19T22:00,8.3,84,872.2,Cherrapunji_Wet,25.2702,91.7323
2023-12-19T23:00,8,83,871.7,Cherrapunji_Wet,25.2702,91.7323
2023-12-20T00:00,7.8,79,871.2,Cherrapunji_Wet,25.2702,91.7323
2023-12-20T01:00,7.5,71,870.8,Cherrapunji_Wet,25.2702,91.7323
2023-12-20T02:00,7.3,62,870.6,Cherrapunji_Wet,25.2702,91.7323
2023-12-20T03:00,6.9,59,870,Cherrapunji_Wet,25.2702,91.7323
2023-12-20T04:00,6.9,55,869.8,Cherrapunji_Wet,25.2702,91.7323
2023-12-20T05:00,6.9,50,870.3,Cherrapunji_Wet,25.2702,91.7323
2023-12-20T06:00,7.3,61,871.7,Cherrapunji_Wet,25.2702,91.7323
2023-12-20T07:00,10.3,64,873.6,Cherrapunji_Wet,25.2702,91.7323
2023-12-20T08:00,14.4,50,876.1,Cherrapunji_Wet,25.2702,91.7323
2023-12-20T09:00,15.9,46,876.7,Cherrapunji_Wet,25.2702,91.7323
2023-12-20T10:00,16.7,45,876.1,Cherrapunji_Wet,25.2702,91.7323
2023-12-20T11:00,17.3,46,875.3,Cherrapunji_Wet,25.2702,91.7323
2023-12-20T12:00,17.4,48,874.3,Cherrapunji_Wet,25.2702,91.7323
2023-12-20T13:00,17.2,51,873.5,Cherrapunji_Wet,25.2702,91.7323
2023-12-20T14:00,16.6,56,873.2,Cherrapunji_Wet,25.2702,91.7323
2023-12-20T15:00,15.4,64,872.8,Cherrapunji_Wet,25.2702,91.7323
2023-12-20T16:00,14.3,69,872.5,Cherrapunji_Wet,25.2702,91.7323
2023-12-20T17:00,11.6,82,871.7,Cherrapunji_Wet,25.2702,91.7323
2023-12-20T18:00,10.4,87,871.4,Cherrapunji_Wet,25.2702,91.7323
2023-12-20T19:00,10.1,85,871.9,Cherrapunji_Wet,25.2702,91.7323
2023-12-20T20:00,10.1,84,872.3,Cherrapunji_Wet,25.2702,91.7323
2023-12-20T21:00,9.5,84,872.4,Cherrapunji_Wet,25.2702,91.7323
2023-12-20T22:00,9,82,871.7,Cherrapunji_Wet,25.2702,91.7323
2023-12-20T23:00,8.7,79,871.2,Cherrapunji_Wet,25.2702,91.7323
2023-12-21T00:00,8.4,74,870.7,Cherrapunji_Wet,25.2702,91.7323
2023-12-21T01:00,8,73,870.2,Cherrapunji_Wet,25.2702,91.7323
2023-12-21T02:00,7.9,73,869.8,Cherrapunji_Wet,25.2702,91.7323
2023-12-21T03:00,7.8,73,869.5,Cherrapunji_Wet,25.2702,91.7323
2023-12-21T04:00,7.6,73,869.7,Cherrapunji_Wet,25.2702,91.7323
2023-12-21T05:00,7.4,76,870,Cherrapunji_Wet,25.2702,91.7323
2023-12-21T06:00,8.3,84,871.7,Cherrapunji_Wet,25.2702,91.7323
2023-12-21T07:00,11.7,78,873.8,Cherrapunji_Wet,25.2702,91.7323
2023-12-21T08:00,15.2,62,875.9,Cherrapunji_Wet,25.2702,91.7323
2023-12-21T09:00,16.4,55,876.2,Cherrapunji_Wet,25.2702,91.7323
2023-12-21T10:00,17.3,50,875.9,Cherrapunji_Wet,25.2702,91.7323
2023-12-21T11:00,17.8,49,875.1,Cherrapunji_Wet,25.2702,91.7323
2023-12-21T12:00,17.9,52,874.2,Cherrapunji_Wet,25.2702,91.7323
2023-12-21T13:00,17.5,59,873.5,Cherrapunji_Wet,25.2702,91.7323
2023-12-21T14:00,16.7,69,873,Cherrapunji_Wet,25.2702,91.7323
2023-12-21T15:00,15.4,78,872.8,Cherrapunji_Wet,25.2702,91.7323
2023-12-21T16:00,14.1,85,872.6,Cherrapunji_Wet,25.2702,91.7323
2023-12-21T17:00,11.8,93,872.1,Cherrapunji_Wet,25.2702,91.7323
2023-12-21T18:00,10.8,92,872,Cherrapunji_Wet,25.2702,91.7323
2023-12-21T19:00,10.3,88,872.2,Cherrapunji_Wet,25.2702,91.7323
2023-12-21T20:00,9.5,85,872.3,Cherrapunji_Wet,25.2702,91.7323
2023-12-21T21:00,9.4,80,872.3,Cherrapunji_Wet,25.2702,91.7323
2023-12-21T22:00,9,76,871.9,Cherrapunji_Wet,25.2702,91.7323
2023-12-21T23:00,8.5,77,871.4,Cherrapunji_Wet,25.2702,91.7323
2023-12-22T00:00,8.1,76,870.8,Cherrapunji_Wet,25.2702,91.7323
2023-12-22T01:00,7.9,71,870.3,Cherrapunji_Wet,25.2702,91.7323
2023-12-22T02:00,7.7,69,869.8,Cherrapunji_Wet,25.2702,91.7323
2023-12-22T03:00,7.9,70,869.8,Cherrapunji_Wet,25.2702,91.7323
2023-12-22T04:00,7.7,75,869.7,Cherrapunji_Wet,25.2702,91.7323
2023-12-22T05:00,7.5,80,870.4,Cherrapunji_Wet,25.2702,91.7323
2023-12-22T06:00,7.1,84,871.4,Cherrapunji_Wet,25.2702,91.7323
2023-12-22T07:00,10.9,77,873.9,Cherrapunji_Wet,25.2702,91.7323
2023-12-22T08:00,14.4,64,876.2,Cherrapunji_Wet,25.2702,91.7323
2023-12-22T09:00,15.6,61,876.8,Cherrapunji_Wet,25.2702,91.7323
2023-12-22T10:00,16.5,59,876.4,Cherrapunji_Wet,25.2702,91.7323
2023-12-22T11:00,17,58,875.7,Cherrapunji_Wet,25.2702,91.7323
2023-12-22T12:00,17.3,56,874.9,Cherrapunji_Wet,25.2702,91.7323
2023-12-22T13:00,17.2,56,874.1,Cherrapunji_Wet,25.2702,91.7323
2023-12-22T14:00,16.8,58,873.7,Cherrapunji_Wet,25.2702,91.7323
2023-12-22T15:00,15.5,63,873.4,Cherrapunji_Wet,25.2702,91.7323
2023-12-22T16:00,14.3,68,873.6,Cherrapunji_Wet,25.2702,91.7323
2023-12-22T17:00,11.4,83,872.8,Cherrapunji_Wet,25.2702,91.7323
2023-12-22T18:00,11.4,83,873.3,Cherrapunji_Wet,25.2702,91.7323
2023-12-22T19:00,10.6,85,873.7,Cherrapunji_Wet,25.2702,91.7323
2023-12-22T20:00,10,86,873.7,Cherrapunji_Wet,25.2702,91.7323
2023-12-22T21:00,9.5,84,873.7,Cherrapunji_Wet,25.2702,91.7323
2023-12-22T22:00,9.6,79,873.9,Cherrapunji_Wet,25.2702,91.7323
2023-12-22T23:00,9.4,77,873.6,Cherrapunji_Wet,25.2702,91.7323
2023-12-23T00:00,8.3,78,872.4,Cherrapunji_Wet,25.2702,91.7323
2023-12-23T01:00,8.5,75,872.2,Cherrapunji_Wet,25.2702,91.7323
2023-12-23T02:00,8.3,74,871.9,Cherrapunji_Wet,25.2702,91.7323
2023-12-23T03:00,8.2,73,871.7,Cherrapunji_Wet,25.2702,91.7323
2023-12-23T04:00,8.7,71,872.1,Cherrapunji_Wet,25.2702,91.7323
2023-12-23T05:00,9,71,872.8,Cherrapunji_Wet,25.2702,91.7323
2023-12-23T06:00,10.1,73,874.4,Cherrapunji_Wet,25.2702,91.7323
2023-12-23T07:00,12.6,72,876.6,Cherrapunji_Wet,25.2702,91.7323
2023-12-23T08:00,14.6,72,878.2,Cherrapunji_Wet,25.2702,91.7323
2023-12-23T09:00,15.3,69,878.9,Cherrapunji_Wet,25.2702,91.7323
2023-12-23T10:00,16.2,65,878.9,Cherrapunji_Wet,25.2702,91.7323
2023-12-23T11:00,16.5,62,877.9,Cherrapunji_Wet,25.2702,91.7323
2023-12-23T12:00,16.5,60,877,Cherrapunji_Wet,25.2702,91.7323
2023-12-23T13:00,15.7,62,876,Cherrapunji_Wet,25.2702,91.7323
2023-12-23T14:00,15.1,66,875.5,Cherrapunji_Wet,25.2702,91.7323
2023-12-23T15:00,15.2,67,875.2,Cherrapunji_Wet,25.2702,91.7323
2023-12-23T16:00,12.7,82,874.6,Cherrapunji_Wet,25.2702,91.7323
2023-12-23T17:00,11.6,83,874.5,Cherrapunji_Wet,25.2702,91.7323
2023-12-23T18:00,11.8,83,875,Cherrapunji_Wet,25.2702,91.7323
2023-12-23T19:00,11.4,82,875.2,Cherrapunji_Wet,25.2702,91.7323
2023-12-23T20:00,10.8,83,875.3,Cherrapunji_Wet,25.2702,91.7323
2023-12-23T21:00,13.8,69,876.9,Cherrapunji_Wet,25.2702,91.7323
2023-12-23T22:00,14.2,69,877,Cherrapunji_Wet,25.2702,91.7323
2023-12-23T23:00,13.8,71,876.5,Cherrapunji_Wet,25.2702,91.7323
2023-12-24T00:00,13.8,73,876.1,Cherrapunji_Wet,25.2702,91.7323
2023-12-24T01:00,13.9,76,875.8,Cherrapunji_Wet,25.2702,91.7323
2023-12-24T02:00,14.2,77,875.7,Cherrapunji_Wet,25.2702,91.7323
2023-12-24T03:00,14.1,80,875.7,Cherrapunji_Wet,25.2702,91.7323
2023-12-24T04:00,13.9,83,876,Cherrapunji_Wet,25.2702,91.7323
2023-12-24T05:00,14.3,82,876.6,Cherrapunji_Wet,25.2702,91.7323
2023-12-24T06:00,11.8,93,876.3,Cherrapunji_Wet,25.2702,91.7323
2023-12-24T07:00,14.4,85,878.2,Cherrapunji_Wet,25.2702,91.7323
2023-12-24T08:00,15.1,79,879.2,Cherrapunji_Wet,25.2702,91.7323
2023-12-24T09:00,16.1,75,879.5,Cherrapunji_Wet,25.2702,91.7323
2023-12-24T10:00,16.4,73,878.7,Cherrapunji_Wet,25.2702,91.7323
2023-12-24T11:00,15.9,76,877.7,Cherrapunji_Wet,25.2702,91.7323
2023-12-24T12:00,15.5,78,876.6,Cherrapunji_Wet,25.2702,91.7323
2023-12-24T13:00,15,84,875.7,Cherrapunji_Wet,25.2702,91.7323
2023-12-24T14:00,15.5,81,875.2,Cherrapunji_Wet,25.2702,91.7323
2023-12-24T15:00,14.7,85,874.6,Cherrapunji_Wet,25.2702,91.7323
2023-12-24T16:00,13.8,91,874.7,Cherrapunji_Wet,25.2702,91.7323
2023-12-24T17:00,12.4,95,874.5,Cherrapunji_Wet,25.2702,91.7323
2023-12-24T18:00,12.4,93,875,Cherrapunji_Wet,25.2702,91.7323
2023-12-24T19:00,10.5,96,874.6,Cherrapunji_Wet,25.2702,91.7323
2023-12-24T20:00,10.7,94,875.2,Cherrapunji_Wet,25.2702,91.7323
2023-12-24T21:00,9.6,96,874.6,Cherrapunji_Wet,25.2702,91.7323
2023-12-24T22:00,9,96,874.2,Cherrapunji_Wet,25.2702,91.7323
2023-12-24T23:00,8.7,96,873.6,Cherrapunji_Wet,25.2702,91.7323
2023-12-25T00:00,8.5,95,872.7,Cherrapunji_Wet,25.2702,91.7323
2023-12-25T01:00,8.7,94,872.4,Cherrapunji_Wet,25.2702,91.7323
2023-12-25T02:00,8.6,93,872.1,Cherrapunji_Wet,25.2702,91.7323
2023-12-25T03:00,8,94,871.6,Cherrapunji_Wet,25.2702,91.7323
2023-12-25T04:00,7.7,95,871.4,Cherrapunji_Wet,25.2702,91.7323
2023-12-25T05:00,8.1,94,872.1,Cherrapunji_Wet,25.2702,91.7323
2023-12-25T06:00,8.8,92,873.3,Cherrapunji_Wet,25.2702,91.7323
2023-12-25T07:00,12.1,84,875.3,Cherrapunji_Wet,25.2702,91.7323
2023-12-25T08:00,14.1,78,876.8,Cherrapunji_Wet,25.2702,91.7323
2023-12-25T09:00,15.2,74,877.4,Cherrapunji_Wet,25.2702,91.7323
2023-12-25T10:00,16,69,876.9,Cherrapunji_Wet,25.2702,91.7323
2023-12-25T11:00,16.5,67,876,Cherrapunji_Wet,25.2702,91.7323
2023-12-25T12:00,16.7,66,874.9,Cherrapunji_Wet,25.2702,91.7323
2023-12-25T13:00,16.1,71,874.2,Cherrapunji_Wet,25.2702,91.7323
2023-12-25T14:00,15.2,78,873.8,Cherrapunji_Wet,25.2702,91.7323
2023-12-25T15:00,14.4,83,873.6,Cherrapunji_Wet,25.2702,91.7323
2023-12-25T16:00,13,91,873.6,Cherrapunji_Wet,25.2702,91.7323
2023-12-25T17:00,12.2,95,873.6,Cherrapunji_Wet,25.2702,91.7323
2023-12-25T18:00,11.8,98,874.2,Cherrapunji_Wet,25.2702,91.7323
2023-12-25T19:00,11.6,96,874.5,Cherrapunji_Wet,25.2702,91.7323
2023-12-25T20:00,10.6,94,874,Cherrapunji_Wet,25.2702,91.7323
2023-12-25T21:00,10,93,874,Cherrapunji_Wet,25.2702,91.7323
2023-12-25T22:00,10,91,873.9,Cherrapunji_Wet,25.2702,91.7323
2023-12-25T23:00,9.1,93,873.1,Cherrapunji_Wet,25.2702,91.7323
2023-12-26T00:00,8.7,95,872.5,Cherrapunji_Wet,25.2702,91.7323
2023-12-26T01:00,8.7,94,872.1,Cherrapunji_Wet,25.2702,91.7323
2023-12-26T02:00,8.5,92,871.7,Cherrapunji_Wet,25.2702,91.7323
2023-12-26T03:00,8.3,92,871.5,Cherrapunji_Wet,25.2702,91.7323
2023-12-26T04:00,8.2,93,871.9,Cherrapunji_Wet,25.2702,91.7323
2023-12-26T05:00,8.2,93,872.3,Cherrapunji_Wet,25.2702,91.7323
2023-12-26T06:00,8.6,93,873.5,Cherrapunji_Wet,25.2702,91.7323
2023-12-26T07:00,10.8,83,875,Cherrapunji_Wet,25.2702,91.7323
2023-12-26T08:00,14,62,877,Cherrapunji_Wet,25.2702,91.7323
2023-12-26T09:00,15.3,56,877.7,Cherrapunji_Wet,25.2702,91.7323
2023-12-26T10:00,16.2,55,877.4,Cherrapunji_Wet,25.2702,91.7323
2023-12-26T11:00,16.8,55,876.8,Cherrapunji_Wet,25.2702,91.7323
2023-12-26T12:00,17,56,875.8,Cherrapunji_Wet,25.2702,91.7323
2023-12-26T13:00,16.9,59,875.3,Cherrapunji_Wet,25.2702,91.7323
2023-12-26T14:00,16.3,62,875,Cherrapunji_Wet,25.2702,91.7323
2023-12-26T15:00,15.3,67,874.9,Cherrapunji_Wet,25.2702,91.7323
2023-12-26T16:00,14.1,73,874.9,Cherrapunji_Wet,25.2702,91.7323
2023-12-26T17:00,10.9,88,873.9,Cherrapunji_Wet,25.2702,91.7323
2023-12-26T18:00,10.5,88,874.2,Cherrapunji_Wet,25.2702,91.7323
2023-12-26T19:00,10.3,88,874.6,Cherrapunji_Wet,25.2702,91.7323
2023-12-26T20:00,10.1,90,875.1,Cherrapunji_Wet,25.2702,91.7323
2023-12-26T21:00,9.6,91,875.1,Cherrapunji_Wet,25.2702,91.7323
2023-12-26T22:00,9.4,90,874.9,Cherrapunji_Wet,25.2702,91.7323
2023-12-26T23:00,9.2,83,874.3,Cherrapunji_Wet,25.2702,91.7323
2023-12-27T00:00,9,72,873.6,Cherrapunji_Wet,25.2702,91.7323
2023-12-27T01:00,8.6,70,873.2,Cherrapunji_Wet,25.2702,91.7323
2023-12-27T02:00,8.1,73,872.5,Cherrapunji_Wet,25.2702,91.7323
2023-12-27T03:00,7.7,77,872.1,Cherrapunji_Wet,25.2702,91.7323
2023-12-27T04:00,7.8,79,872.1,Cherrapunji_Wet,25.2702,91.7323
2023-12-27T05:00,7.6,81,872.8,Cherrapunji_Wet,25.2702,91.7323
2023-12-27T06:00,8.6,82,874.4,Cherrapunji_Wet,25.2702,91.7323
2023-12-27T07:00,11.8,76,876.5,Cherrapunji_Wet,25.2702,91.7323
2023-12-27T08:00,15.3,64,878.6,Cherrapunji_Wet,25.2702,91.7323
2023-12-27T09:00,16.4,56,879.2,Cherrapunji_Wet,25.2702,91.7323
2023-12-27T10:00,17,54,878.9,Cherrapunji_Wet,25.2702,91.7323
2023-12-27T11:00,17.3,53,877.9,Cherrapunji_Wet,25.2702,91.7323
2023-12-27T12:00,17.3,53,877,Cherrapunji_Wet,25.2702,91.7323
2023-12-27T13:00,16.9,56,876,Cherrapunji_Wet,25.2702,91.7323
2023-12-27T14:00,16.3,60,875.3,Cherrapunji_Wet,25.2702,91.7323
2023-12-27T15:00,15.2,66,874.8,Cherrapunji_Wet,25.2702,91.7323
2023-12-27T16:00,14,74,874.6,Cherrapunji_Wet,25.2702,91.7323
2023-12-27T17:00,11,87,873.3,Cherrapunji_Wet,25.2702,91.7323
2023-12-27T18:00,10.9,82,874.2,Cherrapunji_Wet,25.2702,91.7323
2023-12-27T19:00,10.4,85,874.1,Cherrapunji_Wet,25.2702,91.7323
2023-12-27T20:00,10,86,874,Cherrapunji_Wet,25.2702,91.7323
2023-12-27T21:00,9.9,81,873.9,Cherrapunji_Wet,25.2702,91.7323
2023-12-27T22:00,9.7,76,873.5,Cherrapunji_Wet,25.2702,91.7323
2023-12-27T23:00,9.4,76,873,Cherrapunji_Wet,25.2702,91.7323
2023-12-28T00:00,9,80,872.5,Cherrapunji_Wet,25.2702,91.7323
2023-12-28T01:00,8.8,84,872,Cherrapunji_Wet,25.2702,91.7323
2023-12-28T02:00,8.7,85,871.7,Cherrapunji_Wet,25.2702,91.7323
2023-12-28T03:00,8.5,87,871.5,Cherrapunji_Wet,25.2702,91.7323
2023-12-28T04:00,8.3,88,871.6,Cherrapunji_Wet,25.2702,91.7323
2023-12-28T05:00,8.2,88,872.1,Cherrapunji_Wet,25.2702,91.7323
2023-12-28T06:00,8.6,92,873.3,Cherrapunji_Wet,25.2702,91.7323
2023-12-28T07:00,12,83,875.6,Cherrapunji_Wet,25.2702,91.7323
2023-12-28T08:00,14.4,69,877.3,Cherrapunji_Wet,25.2702,91.7323
2023-12-28T09:00,15.1,64,877.8,Cherrapunji_Wet,25.2702,91.7323
2023-12-28T10:00,16,59,877.5,Cherrapunji_Wet,25.2702,91.7323
2023-12-28T11:00,16.6,55,876.7,Cherrapunji_Wet,25.2702,91.7323
2023-12-28T12:00,16.8,53,875.6,Cherrapunji_Wet,25.2702,91.7323
2023-12-28T13:00,16.3,55,874.5,Cherrapunji_Wet,25.2702,91.7323
2023-12-28T14:00,16.1,57,873.9,Cherrapunji_Wet,25.2702,91.7323
2023-12-28T15:00,15.2,63,873.9,Cherrapunji_Wet,25.2702,91.7323
2023-12-28T16:00,12.8,82,873.3,Cherrapunji_Wet,25.2702,91.7323
2023-12-28T17:00,11.7,83,873.5,Cherrapunji_Wet,25.2702,91.7323
2023-12-28T18:00,11.4,86,873.9,Cherrapunji_Wet,25.2702,91.7323
2023-12-28T19:00,10.5,87,874,Cherrapunji_Wet,25.2702,91.7323
2023-12-28T20:00,9.7,89,873.9,Cherrapunji_Wet,25.2702,91.7323
2023-12-28T21:00,9.1,92,873.7,Cherrapunji_Wet,25.2702,91.7323
2023-12-28T22:00,8.9,93,873.4,Cherrapunji_Wet,25.2702,91.7323
2023-12-28T23:00,8.7,92,873.1,Cherrapunji_Wet,25.2702,91.7323
2023-12-29T00:00,8.5,89,872.6,Cherrapunji_Wet,25.2702,91.7323
2023-12-29T01:00,8.1,85,872,Cherrapunji_Wet,25.2702,91.7323
2023-12-29T02:00,7.7,81,871.2,Cherrapunji_Wet,25.2702,91.7323
2023-12-29T03:00,7.5,77,870.9,Cherrapunji_Wet,25.2702,91.7323
2023-12-29T04:00,7.6,78,871.1,Cherrapunji_Wet,25.2702,91.7323
2023-12-29T05:00,7.7,83,871.6,Cherrapunji_Wet,25.2702,91.7323
2023-12-29T06:00,8.2,79,873,Cherrapunji_Wet,25.2702,91.7323
2023-12-29T07:00,11.7,74,875.4,Cherrapunji_Wet,25.2702,91.7323
2023-12-29T08:00,14.8,62,877.5,Cherrapunji_Wet,25.2702,91.7323
2023-12-29T09:00,15.9,56,877.9,Cherrapunji_Wet,25.2702,91.7323
2023-12-29T10:00,16.7,51,877.5,Cherrapunji_Wet,25.2702,91.7323
2023-12-29T11:00,17.2,50,876.5,Cherrapunji_Wet,25.2702,91.7323
2023-12-29T12:00,17.8,48,875.6,Cherrapunji_Wet,25.2702,91.7323
2023-12-29T13:00,18,47,874.7,Cherrapunji_Wet,25.2702,91.7323
2023-12-29T14:00,17.4,50,874.1,Cherrapunji_Wet,25.2702,91.7323
2023-12-29T15:00,15.5,64,873.7,Cherrapunji_Wet,25.2702,91.7323
2023-12-29T16:00,13.8,75,873.4,Cherrapunji_Wet,25.2702,91.7323
2023-12-29T17:00,11,88,872.5,Cherrapunji_Wet,25.2702,91.7323
2023-12-29T18:00,11,90,872.8,Cherrapunji_Wet,25.2702,91.7323
2023-12-29T19:00,10.4,90,873.2,Cherrapunji_Wet,25.2702,91.7323
2023-12-29T20:00,10.1,93,873.2,Cherrapunji_Wet,25.2702,91.7323
2023-12-29T21:00,10.1,93,873.2,Cherrapunji_Wet,25.2702,91.7323
2023-12-29T22:00,9.7,93,872.7,Cherrapunji_Wet,25.2702,91.7323
2023-12-29T23:00,9.2,92,872.3,Cherrapunji_Wet,25.2702,91.7323
2023-12-30T00:00,9,90,871.9,Cherrapunji_Wet,25.2702,91.7323
2023-12-30T01:00,8.6,90,871.2,Cherrapunji_Wet,25.2702,91.7323
2023-12-30T02:00,8.4,89,870.6,Cherrapunji_Wet,25.2702,91.7323
2023-12-30T03:00,8.3,87,870.1,Cherrapunji_Wet,25.2702,91.7323
2023-12-30T04:00,8.3,85,870.3,Cherrapunji_Wet,25.2702,91.7323
2023-12-30T05:00,8.2,84,870.7,Cherrapunji_Wet,25.2702,91.7323
2023-12-30T06:00,8.1,90,871.8,Cherrapunji_Wet,25.2702,91.7323
2023-12-30T07:00,11.5,81,874,Cherrapunji_Wet,25.2702,91.7323
2023-12-30T08:00,15.1,63,876.2,Cherrapunji_Wet,25.2702,91.7323
2023-12-30T09:00,16.2,57,876.6,Cherrapunji_Wet,25.2702,91.7323
2023-12-30T10:00,17,54,876.2,Cherrapunji_Wet,25.2702,91.7323
2023-12-30T11:00,17.5,51,875.6,Cherrapunji_Wet,25.2702,91.7323
2023-12-30T12:00,17.6,51,874.6,Cherrapunji_Wet,25.2702,91.7323
2023-12-30T13:00,17.2,53,873.8,Cherrapunji_Wet,25.2702,91.7323
2023-12-30T14:00,16.7,56,873.1,Cherrapunji_Wet,25.2702,91.7323
2023-12-30T15:00,15.7,61,872.8,Cherrapunji_Wet,25.2702,91.7323
2023-12-30T16:00,13.7,75,872.4,Cherrapunji_Wet,25.2702,91.7323
2023-12-30T17:00,11.4,84,871.8,Cherrapunji_Wet,25.2702,91.7323
2023-12-30T18:00,11.4,86,872.6,Cherrapunji_Wet,25.2702,91.7323
2023-12-30T19:00,10.9,88,872.6,Cherrapunji_Wet,25.2702,91.7323
2023-12-30T20:00,10.2,93,872.7,Cherrapunji_Wet,25.2702,91.7323
2023-12-30T21:00,9.8,93,872.5,Cherrapunji_Wet,25.2702,91.7323
2023-12-30T22:00,9.5,93,871.9,Cherrapunji_Wet,25.2702,91.7323
2023-12-30T23:00,9.2,93,871.4,Cherrapunji_Wet,25.2702,91.7323
2023-12-31T00:00,8.9,93,871.2,Cherrapunji_Wet,25.2702,91.7323
2023-12-31T01:00,8.9,92,870.8,Cherrapunji_Wet,25.2702,91.7323
2023-12-31T02:00,8.8,91,870.5,Cherrapunji_Wet,25.2702,91.7323
2023-12-31T03:00,8.7,90,870.3,Cherrapunji_Wet,25.2702,91.7323
2023-12-31T04:00,8.6,88,870.3,Cherrapunji_Wet,25.2702,91.7323
2023-12-31T05:00,8.5,86,870.9,Cherrapunji_Wet,25.2702,91.7323
2023-12-31T06:00,8.6,87,872.2,Cherrapunji_Wet,25.2702,91.7323
2023-12-31T07:00,11.9,79,874.6,Cherrapunji_Wet,25.2702,91.7323
2023-12-31T08:00,14.8,63,876.5,Cherrapunji_Wet,25.2702,91.7323
2023-12-31T09:00,15.8,58,876.9,Cherrapunji_Wet,25.2702,91.7323
2023-12-31T10:00,16.5,53,876.4,Cherrapunji_Wet,25.2702,91.7323
2023-12-31T11:00,17.1,51,875.5,Cherrapunji_Wet,25.2702,91.7323
2023-12-31T12:00,17.2,51,874.4,Cherrapunji_Wet,25.2702,91.7323
2023-12-31T13:00,17.2,54,873.6,Cherrapunji_Wet,25.2702,91.7323
2023-12-31T14:00,16.2,62,873,Cherrapunji_Wet,25.2702,91.7323
2023-12-31T15:00,15,70,872.4,Cherrapunji_Wet,25.2702,91.7323
2023-12-31T16:00,13,85,871.9,Cherrapunji_Wet,25.2702,91.7323
2023-12-31T17:00,12.5,84,872.2,Cherrapunji_Wet,25.2702,91.7323
2023-12-31T18:00,10.9,94,872.1,Cherrapunji_Wet,25.2702,91.7323
2023-12-31T19:00,10.7,93,872.3,Cherrapunji_Wet,25.2702,91.7323
2023-12-31T20:00,10.2,91,872.3,Cherrapunji_Wet,25.2702,91.7323
2023-12-31T21:00,9.6,92,872,Cherrapunji_Wet,25.2702,91.7323
2023-12-31T22:00,9.2,93,871.5,Cherrapunji_Wet,25.2702,91.7323
2023-12-31T23:00,9,93,870.8,Cherrapunji_Wet,25.2702,91.7323