timestamp,temperature_c,relative_humidity_pct,surface_pressure_hpa,station,latitude,longitude
2023-01-01T00:00,12.4,60,991.7,Jaisalmer_Desert,26.9157,70.9083
2023-01-01T01:00,15.1,47,991.6,Jaisalmer_Desert,26.9157,70.9083
2023-01-01T02:00,14.1,51,990.9,Jaisalmer_Desert,26.9157,70.9083
2023-01-01T03:00,12.9,55,990.3,Jaisalmer_Desert,26.9157,70.9083
2023-01-01T04:00,12.4,56,990,Jaisalmer_Desert,26.9157,70.9083
2023-01-01T05:00,10.5,63,990.3,Jaisalmer_Desert,26.9157,70.9083
2023-01-01T06:00,9.5,67,990.7,Jaisalmer_Desert,26.9157,70.9083
2023-01-01T07:00,9.4,67,991.5,Jaisalmer_Desert,26.9157,70.9083
2023-01-01T08:00,10.5,64,992.1,Jaisalmer_Desert,26.9157,70.9083
2023-01-01T09:00,13.8,51,993,Jaisalmer_Desert,26.9157,70.9083
2023-01-01T10:00,17.8,39,993.6,Jaisalmer_Desert,26.9157,70.9083
2023-01-01T11:00,19.9,31,993.1,Jaisalmer_Desert,26.9157,70.9083
2023-01-01T12:00,21.2,26,992.3,Jaisalmer_Desert,26.9157,70.9083
2023-01-01T13:00,21.9,24,991.4,Jaisalmer_Desert,26.9157,70.9083
2023-01-01T14:00,22.4,22,990.6,Jaisalmer_Desert,26.9157,70.9083
2023-01-01T15:00,22.6,21,989.8,Jaisalmer_Desert,26.9157,70.9083
2023-01-01T16:00,22.6,21,989.7,Jaisalmer_Desert,26.9157,70.9083
2023-01-01T17:00,21.7,32,989.7,Jaisalmer_Desert,26.9157,70.9083
2023-01-01T18:00,19.1,35,990.1,Jaisalmer_Desert,26.9157,70.9083
2023-01-01T19:00,17.9,35,990.9,Jaisalmer_Desert,26.9157,70.9083
2023-01-01T20:00,16.8,36,991.2,Jaisalmer_Desert,26.9157,70.9083
2023-01-01T21:00,16.2,36,991.3,Jaisalmer_Desert,26.9157,70.9083
2023-01-01T22:00,15.2,39,991.4,Jaisalmer_Desert,26.9157,70.9083
2023-01-01T23:00,14.4,41,991.1,Jaisalmer_Desert,26.9157,70.9083
2023-01-02T00:00,13.4,45,990.7,Jaisalmer_Desert,26.9157,70.9083
2023-01-02T01:00,12.9,45,990.2,Jaisalmer_Desert,26.9157,70.9083
2023-01-02T02:00,12.4,46,989.7,Jaisalmer_Desert,26.9157,70.9083
2023-01-02T03:00,11.8,48,989.2,Jaisalmer_Desert,26.9157,70.9083
2023-01-02T04:00,11.4,49,989.1,Jaisalmer_Desert,26.9157,70.9083
2023-01-02T05:00,10.8,52,989.6,Jaisalmer_Desert,26.9157,70.9083
2023-01-02T06:00,10.5,52,989.9,Jaisalmer_Desert,26.9157,70.9083
2023-01-02T07:00,10.6,52,990.8,Jaisalmer_Desert,26.9157,70.9083
2023-01-02T08:00,10.7,54,991.7,Jaisalmer_Desert,26.9157,70.9083
2023-01-02T09:00,13.4,46,993,Jaisalmer_Desert,26.9157,70.9083
2023-01-02T10:00,17,36,993.5,Jaisalmer_Desert,26.9157,70.9083
2023-01-02T11:00,19.9,28,993.3,Jaisalmer_Desert,26.9157,70.9083
2023-01-02T12:00,21.6,24,992.7,Jaisalmer_Desert,26.9157,70.9083
2023-01-02T13:00,22.4,22,991.6,Jaisalmer_Desert,26.9157,70.9083
2023-01-02T14:00,22.8,20,990.7,Jaisalmer_Desert,26.9157,70.9083
2023-01-02T15:00,23,20,990.6,Jaisalmer_Desert,26.9157,70.9083
2023-01-02T16:00,22.7,20,990.6,Jaisalmer_Desert,26.9157,70.9083
2023-01-02T17:00,21.8,21,990.7,Jaisalmer_Desert,26.9157,70.9083
2023-01-02T18:00,19.6,27,991.3,Jaisalmer_Desert,26.9157,70.9083
2023-01-02T19:00,18.3,33,992.1,Jaisalmer_Desert,26.9157,70.9083
2023-01-02T20:00,17,39,992.2,Jaisalmer_Desert,26.9157,70.9083
2023-01-02T21:00,15.8,43,992.4,Jaisalmer_Desert,26.9157,70.9083
2023-01-02T22:00,14.7,48,992.7,Jaisalmer_Desert,26.9157,70.9083
2023-01-02T23:00,13.5,54,992.6,Jaisalmer_Desert,26.9157,70.9083
2023-01-03T00:00,12.7,58,992.6,Jaisalmer_Desert,26.9157,70.9083
2023-01-03T01:00,12.2,60,991.9,Jaisalmer_Desert,26.9157,70.9083
2023-01-03T02:00,11.9,63,991.7,Jaisalmer_Desert,26.9157,70.9083
2023-01-03T03:00,11.1,70,991.4,Jaisalmer_Desert,26.9157,70.9083
2023-01-03T04:00,10.2,75,991.5,Jaisalmer_Desert,26.9157,70.9083
2023-01-03T05:00,9.4,77,991.3,Jaisalmer_Desert,26.9157,70.9083
2023-01-03T06:00,8.9,80,991.5,Jaisalmer_Desert,26.9157,70.9083
2023-01-03T07:00,8.4,81,992.5,Jaisalmer_Desert,26.9157,70.9083
2023-01-03T08:00,9.9,73,993.4,Jaisalmer_Desert,26.9157,70.9083
2023-01-03T09:00,12.3,61,994.3,Jaisalmer_Desert,26.9157,70.9083
2023-01-03T10:00,15.2,48,995.2,Jaisalmer_Desert,26.9157,70.9083
2023-01-03T11:00,17.9,35,995.2,Jaisalmer_Desert,26.9157,70.9083
2023-01-03T12:00,19.9,28,994.5,Jaisalmer_Desert,26.9157,70.9083
2023-01-03T13:00,21.2,24,993.3,Jaisalmer_Desert,26.9157,70.9083
2023-01-03T14:00,21.6,23,992.7,Jaisalmer_Desert,26.9157,70.9083
2023-01-03T15:00,21.7,21,992.6,Jaisalmer_Desert,26.9157,70.9083
2023-01-03T16:00,21.6,20,992.6,Jaisalmer_Desert,26.9157,70.9083
2023-01-03T17:00,20.7,20,992.9,Jaisalmer_Desert,26.9157,70.9083
2023-01-03T18:00,18.4,26,993.2,Jaisalmer_Desert,26.9157,70.9083
2023-01-03T19:00,17.1,30,993.8,Jaisalmer_Desert,26.9157,70.9083
2023-01-03T20:00,16.1,35,994.3,Jaisalmer_Desert,26.9157,70.9083
2023-01-03T21:00,15.2,38,994.8,Jaisalmer_Desert,26.9157,70.9083
2023-01-03T22:00,14.2,40,994.9,Jaisalmer_Desert,26.9157,70.9083
2023-01-03T23:00,13.1,42,994.8,Jaisalmer_Desert,26.9157,70.9083
2023-01-04T00:00,12.2,43,994.5,Jaisalmer_Desert,26.9157,70.9083
2023-01-04T01:00,11.4,45,994.1,Jaisalmer_Desert,26.9157,70.9083
2023-01-04T02:00,10.5,50,993.9,Jaisalmer_Desert,26.9157,70.9083
2023-01-04T03:00,9.8,53,993.6,Jaisalmer_Desert,26.9157,70.9083
2023-01-04T04:00,9.3,55,993.1,Jaisalmer_Desert,26.9157,70.9083
2023-01-04T05:00,8.4,60,993.5,Jaisalmer_Desert,26.9157,70.9083
2023-01-04T06:00,7.4,65,993.9,Jaisalmer_Desert,26.9157,70.9083
2023-01-04T07:00,7,67,994.3,Jaisalmer_Desert,26.9157,70.9083
2023-01-04T08:00,8.2,62,995,Jaisalmer_Desert,26.9157,70.9083
2023-01-04T09:00,11.4,51,996.1,Jaisalmer_Desert,26.9157,70.9083
2023-01-04T10:00,14.5,42,996.7,Jaisalmer_Desert,26.9157,70.9083
2023-01-04T11:00,16.8,34,996.6,Jaisalmer_Desert,26.9157,70.9083
2023-01-04T12:00,18,29,995.8,Jaisalmer_Desert,26.9157,70.9083
2023-01-04T13:00,18.9,23,994.7,Jaisalmer_Desert,26.9157,70.9083
2023-01-04T14:00,19.5,19,993.5,Jaisalmer_Desert,26.9157,70.9083
2023-01-04T15:00,19.6,18,992.9,Jaisalmer_Desert,26.9157,70.9083
2023-01-04T16:00,19.3,17,992.6,Jaisalmer_Desert,26.9157,70.9083
2023-01-04T17:00,18.2,20,992.8,Jaisalmer_Desert,26.9157,70.9083
2023-01-04T18:00,16,27,992.9,Jaisalmer_Desert,26.9157,70.9083
2023-01-04T19:00,14.8,31,993.5,Jaisalmer_Desert,26.9157,70.9083
2023-01-04T20:00,13.7,35,993.8,Jaisalmer_Desert,26.9157,70.9083
2023-01-04T21:00,12.5,42,993.9,Jaisalmer_Desert,26.9157,70.9083
2023-01-04T22:00,11.5,47,994.2,Jaisalmer_Desert,26.9157,70.9083
2023-01-04T23:00,10.6,50,994.1,Jaisalmer_Desert,26.9157,70.9083
2023-01-05T00:00,9.9,51,994,Jaisalmer_Desert,26.9157,70.9083
2023-01-05T01:00,9.4,52,993.5,Jaisalmer_Desert,26.9157,70.9083
2023-01-05T02:00,8.9,55,993.4,Jaisalmer_Desert,26.9157,70.9083
2023-01-05T03:00,8.4,58,993,Jaisalmer_Desert,26.9157,70.9083
2023-01-05T04:00,7.8,61,992.8,Jaisalmer_Desert,26.9157,70.9083
2023-01-05T05:00,7.1,64,992.8,Jaisalmer_Desert,26.9157,70.9083
2023-01-05T06:00,6.7,66,993.3,Jaisalmer_Desert,26.9157,70.9083
2023-01-05T07:00,6.5,67,994.1,Jaisalmer_Desert,26.9157,70.9083
2023-01-05T08:00,7.4,64,994.9,Jaisalmer_Desert,26.9157,70.9083
2023-01-05T09:00,10,57,996.2,Jaisalmer_Desert,26.9157,70.9083
2023-01-05T10:00,12.7,49,997,Jaisalmer_Desert,26.9157,70.9083
2023-01-05T11:00,15.1,39,996.6,Jaisalmer_Desert,26.9157,70.9083
2023-01-05T12:00,16.7,30,995.6,Jaisalmer_Desert,26.9157,70.9083
2023-01-05T13:00,17.8,26,994.5,Jaisalmer_Desert,26.9157,70.9083
2023-01-05T14:00,18.7,24,993.7,Jaisalmer_Desert,26.9157,70.9083
2023-01-05T15:00,19.2,22,993,Jaisalmer_Desert,26.9157,70.9083
2023-01-05T16:00,19.2,23,992.9,Jaisalmer_Desert,26.9157,70.9083
2023-01-05T17:00,18.5,26,993,Jaisalmer_Desert,26.9157,70.9083
2023-01-05T18:00,16.4,33,993.2,Jaisalmer_Desert,26.9157,70.9083
2023-01-05T19:00,15.2,37,993.8,Jaisalmer_Desert,26.9157,70.9083
2023-01-05T20:00,14.2,40,994.2,Jaisalmer_Desert,26.9157,70.9083
2023-01-05T21:00,13.4,43,994.5,Jaisalmer_Desert,26.9157,70.9083
2023-01-05T22:00,12.6,44,994.8,Jaisalmer_Desert,26.9157,70.9083
2023-01-05T23:00,11.6,47,994.8,Jaisalmer_Desert,26.9157,70.9083
2023-01-06T00:00,10.6,50,994.6,Jaisalmer_Desert,26.9157,70.9083
2023-01-06T01:00,10,52,994.2,Jaisalmer_Desert,26.9157,70.9083
2023-01-06T02:00,9.5,54,993.3,Jaisalmer_Desert,26.9157,70.9083
2023-01-06T03:00,8.8,58,992.7,Jaisalmer_Desert,26.9157,70.9083
2023-01-06T04:00,8,62,992.4,Jaisalmer_Desert,26.9157,70.9083
2023-01-06T05:00,7.1,64,992.6,Jaisalmer_Desert,26.9157,70.9083
2023-01-06T06:00,6.3,66,993,Jaisalmer_Desert,26.9157,70.9083
2023-01-06T07:00,5.9,66,993.8,Jaisalmer_Desert,26.9157,70.9083
2023-01-06T08:00,6.9,61,994.4,Jaisalmer_Desert,26.9157,70.9083
2023-01-06T09:00,9.6,50,995.1,Jaisalmer_Desert,26.9157,70.9083
2023-01-06T10:00,12.4,40,995.9,Jaisalmer_Desert,26.9157,70.9083
2023-01-06T11:00,15.1,31,996.4,Jaisalmer_Desert,26.9157,70.9083
2023-01-06T12:00,17.1,24,995.5,Jaisalmer_Desert,26.9157,70.9083
2023-01-06T13:00,18.6,20,994.3,Jaisalmer_Desert,26.9157,70.9083
2023-01-06T14:00,19.5,18,993.7,Jaisalmer_Desert,26.9157,70.9083
2023-01-06T15:00,20,15,992.9,Jaisalmer_Desert,26.9157,70.9083
2023-01-06T16:00,20,14,992.7,Jaisalmer_Desert,26.9157,70.9083
2023-01-06T17:00,19.1,20,992.8,Jaisalmer_Desert,26.9157,70.9083
2023-01-06T18:00,17,26,992.9,Jaisalmer_Desert,26.9157,70.9083
2023-01-06T19:00,15.9,30,993.3,Jaisalmer_Desert,26.9157,70.9083
2023-01-06T20:00,14.9,32,993.5,Jaisalmer_Desert,26.9157,70.9083
2023-01-06T21:00,13.8,35,993.7,Jaisalmer_Desert,26.9157,70.9083
2023-01-06T22:00,12.6,38,993.8,Jaisalmer_Desert,26.9157,70.9083
2023-01-06T23:00,11.7,38,993.7,Jaisalmer_Desert,26.9157,70.9083
2023-01-07T00:00,11,38,993.3,Jaisalmer_Desert,26.9157,70.9083
2023-01-07T01:00,10.3,41,992.9,Jaisalmer_Desert,26.9157,70.9083
2023-01-07T02:00,9.6,45,992.8,Jaisalmer_Desert,26.9157,70.9083
2023-01-07T03:00,9,48,992.2,Jaisalmer_Desert,26.9157,70.9083
2023-01-07T04:00,8.4,50,992.1,Jaisalmer_Desert,26.9157,70.9083
2023-01-07T05:00,8,49,992.3,Jaisalmer_Desert,26.9157,70.9083
2023-01-07T06:00,7.4,50,992.6,Jaisalmer_Desert,26.9157,70.9083
2023-01-07T07:00,7.1,50,993.2,Jaisalmer_Desert,26.9157,70.9083
2023-01-07T08:00,7.9,47,993.6,Jaisalmer_Desert,26.9157,70.9083
2023-01-07T09:00,10.4,40,994.3,Jaisalmer_Desert,26.9157,70.9083
2023-01-07T10:00,13.2,34,994.8,Jaisalmer_Desert,26.9157,70.9083
2023-01-07T11:00,16,28,994.9,Jaisalmer_Desert,26.9157,70.9083
2023-01-07T12:00,18.6,23,994.1,Jaisalmer_Desert,26.9157,70.9083
2023-01-07T13:00,20.5,20,993,Jaisalmer_Desert,26.9157,70.9083
2023-01-07T14:00,21.5,20,991.9,Jaisalmer_Desert,26.9157,70.9083
2023-01-07T15:00,21.8,20,991.2,Jaisalmer_Desert,26.9157,70.9083
2023-01-07T16:00,21.6,21,991,Jaisalmer_Desert,26.9157,70.9083
2023-01-07T17:00,20.4,22,991.2,Jaisalmer_Desert,26.9157,70.9083
2023-01-07T18:00,18.2,28,991.6,Jaisalmer_Desert,26.9157,70.9083
2023-01-07T19:00,17.2,32,992.1,Jaisalmer_Desert,26.9157,70.9083
2023-01-07T20:00,16.2,37,992.4,Jaisalmer_Desert,26.9157,70.9083
2023-01-07T21:00,15.4,37,992.6,Jaisalmer_Desert,26.9157,70.9083
2023-01-07T22:00,14.6,35,992.8,Jaisalmer_Desert,26.9157,70.9083
2023-01-07T23:00,13.8,34,992.4,Jaisalmer_Desert,26.9157,70.9083
2023-01-08T00:00,13,35,991.8,Jaisalmer_Desert,26.9157,70.9083
2023-01-08T01:00,12.4,37,991.3,Jaisalmer_Desert,26.9157,70.9083
2023-01-08T02:00,11.7,39,990.8,Jaisalmer_Desert,26.9157,70.9083
2023-01-08T03:00,11.2,40,990.2,Jaisalmer_Desert,26.9157,70.9083
2023-01-08T04:00,10.4,43,990,Jaisalmer_Desert,26.9157,70.9083
2023-01-08T05:00,9.4,48,990.2,Jaisalmer_Desert,26.9157,70.9083
2023-01-08T06:00,8.8,51,990.5,Jaisalmer_Desert,26.9157,70.9083
2023-01-08T07:00,8.3,54,991,Jaisalmer_Desert,26.9157,70.9083
2023-01-08T08:00,9,54,991.6,Jaisalmer_Desert,26.9157,70.9083
2023-01-08T09:00,11.4,46,992.5,Jaisalmer_Desert,26.9157,70.9083
2023-01-08T10:00,14.3,38,992.8,Jaisalmer_Desert,26.9157,70.9083
2023-01-08T11:00,17.5,32,992.8,Jaisalmer_Desert,26.9157,70.9083
2023-01-08T12:00,20.1,28,992,Jaisalmer_Desert,26.9157,70.9083
2023-01-08T13:00,21.9,26,990.8,Jaisalmer_Desert,26.9157,70.9083
2023-01-08T14:00,22.7,27,989.9,Jaisalmer_Desert,26.9157,70.9083
2023-01-08T15:00,23.1,28,989.3,Jaisalmer_Desert,26.9157,70.9083
2023-01-08T16:00,23.1,28,989.1,Jaisalmer_Desert,26.9157,70.9083
2023-01-08T17:00,23,33,988.9,Jaisalmer_Desert,26.9157,70.9083
2023-01-08T18:00,20.1,42,989.1,Jaisalmer_Desert,26.9157,70.9083
2023-01-08T19:00,18.4,50,989.8,Jaisalmer_Desert,26.9157,70.9083
2023-01-08T20:00,17.2,53,990.3,Jaisalmer_Desert,26.9157,70.9083
2023-01-08T21:00,15.6,57,990.5,Jaisalmer_Desert,26.9157,70.9083
2023-01-08T22:00,14.9,54,990.4,Jaisalmer_Desert,26.9157,70.9083
2023-01-08T23:00,14.2,53,990.6,Jaisalmer_Desert,26.9157,70.9083
2023-01-09T00:00,13.9,52,990.5,Jaisalmer_Desert,26.9157,70.9083
2023-01-09T01:00,13.4,53,990.2,Jaisalmer_Desert,26.9157,70.9083
2023-01-09T02:00,12.3,57,990.1,Jaisalmer_Desert,26.9157,70.9083
2023-01-09T03:00,11.8,56,989.9,Jaisalmer_Desert,26.9157,70.9083
2023-01-09T04:00,11.3,57,989.8,Jaisalmer_Desert,26.9157,70.9083
2023-01-09T05:00,10.7,60,990.3,Jaisalmer_Desert,26.9157,70.9083
2023-01-09T06:00,9.9,62,990.9,Jaisalmer_Desert,26.9157,70.9083
2023-01-09T07:00,9.5,63,991.6,Jaisalmer_Desert,26.9157,70.9083
2023-01-09T08:00,11.2,55,992.3,Jaisalmer_Desert,26.9157,70.9083
2023-01-09T09:00,13.6,46,993.5,Jaisalmer_Desert,26.9157,70.9083
2023-01-09T10:00,16.3,38,994.1,Jaisalmer_Desert,26.9157,70.9083
2023-01-09T11:00,19.1,31,993.9,Jaisalmer_Desert,26.9157,70.9083
2023-01-09T12:00,20.8,29,993.1,Jaisalmer_Desert,26.9157,70.9083
2023-01-09T13:00,21.8,29,992,Jaisalmer_Desert,26.9157,70.9083
2023-01-09T14:00,22.2,28,991.1,Jaisalmer_Desert,26.9157,70.9083
2023-01-09T15:00,22.3,27,990.8,Jaisalmer_Desert,26.9157,70.9083
2023-01-09T16:00,22.2,27,991,Jaisalmer_Desert,26.9157,70.9083
2023-01-09T17:00,21.5,33,990.8,Jaisalmer_Desert,26.9157,70.9083
2023-01-09T18:00,19.2,41,990.8,Jaisalmer_Desert,26.9157,70.9083
2023-01-09T19:00,18,44,991.6,Jaisalmer_Desert,26.9157,70.9083
2023-01-09T20:00,16.7,48,992,Jaisalmer_Desert,26.9157,70.9083
2023-01-09T21:00,15.7,52,992.2,Jaisalmer_Desert,26.9157,70.9083
2023-01-09T22:00,14.9,55,992.1,Jaisalmer_Desert,26.9157,70.9083
2023-01-09T23:00,13.9,60,991.7,Jaisalmer_Desert,26.9157,70.9083
2023-01-10T00:00,13.3,62,991.5,Jaisalmer_Desert,26.9157,70.9083
2023-01-10T01:00,12.6,64,991.2,Jaisalmer_Desert,26.9157,70.9083
2023-01-10T02:00,12.2,64,990.9,Jaisalmer_Desert,26.9157,70.9083
2023-01-10T03:00,11.8,65,990.7,Jaisalmer_Desert,26.9157,70.9083
2023-01-10T04:00,11.1,66,990.6,Jaisalmer_Desert,26.9157,70.9083
2023-01-10T05:00,10.2,68,990.9,Jaisalmer_Desert,26.9157,70.9083
2023-01-10T06:00,9.4,71,991.3,Jaisalmer_Desert,26.9157,70.9083
2023-01-10T07:00,9.1,72,991.7,Jaisalmer_Desert,26.9157,70.9083
2023-01-10T08:00,10.7,65,992.4,Jaisalmer_Desert,26.9157,70.9083
2023-01-10T09:00,13.7,53,993.4,Jaisalmer_Desert,26.9157,70.9083
2023-01-10T10:00,16.6,43,994,Jaisalmer_Desert,26.9157,70.9083
2023-01-10T11:00,18.9,35,994,Jaisalmer_Desert,26.9157,70.9083
2023-01-10T12:00,20.8,28,992.9,Jaisalmer_Desert,26.9157,70.9083
2023-01-10T13:00,22.3,22,991.8,Jaisalmer_Desert,26.9157,70.9083
2023-01-10T14:00,23.2,19,990.5,Jaisalmer_Desert,26.9157,70.9083
2023-01-10T15:00,23.6,18,989.8,Jaisalmer_Desert,26.9157,70.9083
2023-01-10T16:00,23.5,18,989.3,Jaisalmer_Desert,26.9157,70.9083
2023-01-10T17:00,22.1,21,989.2,Jaisalmer_Desert,26.9157,70.9083
2023-01-10T18:00,19.6,28,989.3,Jaisalmer_Desert,26.9157,70.9083
2023-01-10T19:00,18.4,31,989.5,Jaisalmer_Desert,26.9157,70.9083
2023-01-10T20:00,17.2,35,989.7,Jaisalmer_Desert,26.9157,70.9083
2023-01-10T21:00,16.2,40,989.7,Jaisalmer_Desert,26.9157,70.9083
2023-01-10T22:00,15.1,45,989.8,Jaisalmer_Desert,26.9157,70.9083
2023-01-10T23:00,14.1,49,989.2,Jaisalmer_Desert,26.9157,70.9083
2023-01-11T00:00,13.3,50,988.4,Jaisalmer_Desert,26.9157,70.9083
2023-01-11T01:00,12.7,49,987.5,Jaisalmer_Desert,26.9157,70.9083
2023-01-11T02:00,12.2,49,986.8,Jaisalmer_Desert,26.9157,70.9083
2023-01-11T03:00,11.9,47,986,Jaisalmer_Desert,26.9157,70.9083
2023-01-11T04:00,11.9,44,985.5,Jaisalmer_Desert,26.9157,70.9083
2023-01-11T05:00,11.3,46,985.9,Jaisalmer_Desert,26.9157,70.9083
2023-01-11T06:00,10.9,46,985.8,Jaisalmer_Desert,26.9157,70.9083
2023-01-11T07:00,11.1,45,986.1,Jaisalmer_Desert,26.9157,70.9083
2023-01-11T08:00,13.1,42,986.6,Jaisalmer_Desert,26.9157,70.9083
2023-01-11T09:00,17.3,33,987.6,Jaisalmer_Desert,26.9157,70.9083
2023-01-11T10:00,20.4,28,987.8,Jaisalmer_Desert,26.9157,70.9083
2023-01-11T11:00,22.2,30,987.5,Jaisalmer_Desert,26.9157,70.9083
2023-01-11T12:00,23.5,32,986.5,Jaisalmer_Desert,26.9157,70.9083
2023-01-11T13:00,24.6,30,985.1,Jaisalmer_Desert,26.9157,70.9083
2023-01-11T14:00,25.4,30,983.8,Jaisalmer_Desert,26.9157,70.9083
2023-01-11T15:00,25.5,35,982.9,Jaisalmer_Desert,26.9157,70.9083
2023-01-11T16:00,25.3,43,982.7,Jaisalmer_Desert,26.9157,70.9083
2023-01-11T17:00,25.2,43,982.4,Jaisalmer_Desert,26.9157,70.9083
2023-01-11T18:00,23.6,48,982.9,Jaisalmer_Desert,26.9157,70.9083
2023-01-11T19:00,21.8,52,983.6,Jaisalmer_Desert,26.9157,70.9083
2023-01-11T20:00,20.6,54,983.9,Jaisalmer_Desert,26.9157,70.9083
2023-01-11T21:00,19.3,58,984.3,Jaisalmer_Desert,26.9157,70.9083
2023-01-11T22:00,18,63,984.6,Jaisalmer_Desert,26.9157,70.9083
2023-01-11T23:00,16.9,66,984.4,Jaisalmer_Desert,26.9157,70.9083
2023-01-12T00:00,15.7,71,983.9,Jaisalmer_Desert,26.9157,70.9083
2023-01-12T01:00,14.9,72,983.6,Jaisalmer_Desert,26.9157,70.9083
2023-01-12T02:00,15,63,983.3,Jaisalmer_Desert,26.9157,70.9083
2023-01-12T03:00,14.3,60,982.9,Jaisalmer_Desert,26.9157,70.9083
2023-01-12T04:00,13.3,62,982.7,Jaisalmer_Desert,26.9157,70.9083
2023-01-12T05:00,12.8,73,983,Jaisalmer_Desert,26.9157,70.9083
2023-01-12T06:00,12.6,71,983.1,Jaisalmer_Desert,26.9157,70.9083
2023-01-12T07:00,11.9,72,983.4,Jaisalmer_Desert,26.9157,70.9083
2023-01-12T08:00,12.5,68,984.1,Jaisalmer_Desert,26.9157,70.9083
2023-01-12T09:00,14.2,57,984.9,Jaisalmer_Desert,26.9157,70.9083
2023-01-12T10:00,15.9,52,985.6,Jaisalmer_Desert,26.9157,70.9083
2023-01-12T11:00,17.6,54,985.5,Jaisalmer_Desert,26.9157,70.9083
2023-01-12T12:00,19.4,49,984.8,Jaisalmer_Desert,26.9157,70.9083
2023-01-12T13:00,20.8,44,983.7,Jaisalmer_Desert,26.9157,70.9083
2023-01-12T14:00,21.8,39,983,Jaisalmer_Desert,26.9157,70.9083
2023-01-12T15:00,22.3,34,982.6,Jaisalmer_Desert,26.9157,70.9083
2023-01-12T16:00,22,34,982.3,Jaisalmer_Desert,26.9157,70.9083
2023-01-12T17:00,19.8,45,983,Jaisalmer_Desert,26.9157,70.9083
2023-01-12T18:00,18.4,50,983.3,Jaisalmer_Desert,26.9157,70.9083
2023-01-12T19:00,17.3,54,983.9,Jaisalmer_Desert,26.9157,70.9083
2023-01-12T20:00,16.3,58,984.4,Jaisalmer_Desert,26.9157,70.9083
2023-01-12T21:00,15.2,63,984.4,Jaisalmer_Desert,26.9157,70.9083
2023-01-12T22:00,14.3,67,984.9,Jaisalmer_Desert,26.9157,70.9083
2023-01-12T23:00,13.7,70,984.8,Jaisalmer_Desert,26.9157,70.9083
2023-01-13T00:00,13.3,70,984.5,Jaisalmer_Desert,26.9157,70.9083
2023-01-13T01:00,12.9,61,984.3,Jaisalmer_Desert,26.9157,70.9083
2023-01-13T02:00,11.9,51,984.3,Jaisalmer_Desert,26.9157,70.9083
2023-01-13T03:00,11.1,37,984.1,Jaisalmer_Desert,26.9157,70.9083
2023-01-13T04:00,10.7,29,984,Jaisalmer_Desert,26.9157,70.9083
2023-01-13T05:00,9.8,46,984.2,Jaisalmer_Desert,26.9157,70.9083
2023-01-13T06:00,8.4,48,984.4,Jaisalmer_Desert,26.9157,70.9083
2023-01-13T07:00,8.2,44,985.3,Jaisalmer_Desert,26.9157,70.9083
2023-01-13T08:00,9.4,33,986.1,Jaisalmer_Desert,26.9157,70.9083
2023-01-13T09:00,12,23,987.3,Jaisalmer_Desert,26.9157,70.9083
2023-01-13T10:00,14.6,16,988.2,Jaisalmer_Desert,26.9157,70.9083
2023-01-13T11:00,17.2,10,988.3,Jaisalmer_Desert,26.9157,70.9083
2023-01-13T12:00,19,7,987.5,Jaisalmer_Desert,26.9157,70.9083
2023-01-13T13:00,19.9,7,986.8,Jaisalmer_Desert,26.9157,70.9083
2023-01-13T14:00,20.2,8,986.1,Jaisalmer_Desert,26.9157,70.9083
2023-01-13T15:00,20.1,11,986,Jaisalmer_Desert,26.9157,70.9083
2023-01-13T16:00,19.5,16,986.2,Jaisalmer_Desert,26.9157,70.9083
2023-01-13T17:00,18.4,16,986.9,Jaisalmer_Desert,26.9157,70.9083
2023-01-13T18:00,16,23,987.5,Jaisalmer_Desert,26.9157,70.9083
2023-01-13T19:00,14.6,30,988.2,Jaisalmer_Desert,26.9157,70.9083
2023-01-13T20:00,13.4,41,988.3,Jaisalmer_Desert,26.9157,70.9083
2023-01-13T21:00,12.7,49,989.3,Jaisalmer_Desert,26.9157,70.9083
2023-01-13T22:00,12.2,52,989.6,Jaisalmer_Desert,26.9157,70.9083
2023-01-13T23:00,11.3,58,989.4,Jaisalmer_Desert,26.9157,70.9083
2023-01-14T00:00,10.8,62,989.1,Jaisalmer_Desert,26.9157,70.9083
2023-01-14T01:00,10.1,70,988.7,Jaisalmer_Desert,26.9157,70.9083
2023-01-14T02:00,9.3,80,988.6,Jaisalmer_Desert,26.9157,70.9083
2023-01-14T03:00,8.7,80,988.4,Jaisalmer_Desert,26.9157,70.9083
2023-01-14T04:00,7.9,75,988.5,Jaisalmer_Desert,26.9157,70.9083
2023-01-14T05:00,6.6,88,988.9,Jaisalmer_Desert,26.9157,70.9083
2023-01-14T06:00,6,86,989.1,Jaisalmer_Desert,26.9157,70.9083
2023-01-14T07:00,5.7,83,990,Jaisalmer_Desert,26.9157,70.9083
2023-01-14T08:00,6.7,75,990.9,Jaisalmer_Desert,26.9157,70.9083
2023-01-14T09:00,9.5,59,992,Jaisalmer_Desert,26.9157,70.9083
2023-01-14T10:00,12.4,46,992.9,Jaisalmer_Desert,26.9157,70.9083
2023-01-14T11:00,14.7,38,992.6,Jaisalmer_Desert,26.9157,70.9083
2023-01-14T12:00,16.1,34,991.9,Jaisalmer_Desert,26.9157,70.9083
2023-01-14T13:00,16.9,30,990.9,Jaisalmer_Desert,26.9157,70.9083
2023-01-14T14:00,17.5,28,990.1,Jaisalmer_Desert,26.9157,70.9083
2023-01-14T15:00,17.7,27,989.9,Jaisalmer_Desert,26.9157,70.9083
2023-01-14T16:00,17.5,26,989.8,Jaisalmer_Desert,26.9157,70.9083
2023-01-14T17:00,16.6,23,989.8,Jaisalmer_Desert,26.9157,70.9083
2023-01-14T18:00,14.9,27,989.9,Jaisalmer_Desert,26.9157,70.9083
2023-01-14T19:00,13.6,30,990.4,Jaisalmer_Desert,26.9157,70.9083
2023-01-14T20:00,12.5,33,990.8,Jaisalmer_Desert,26.9157,70.9083
2023-01-14T21:00,11.4,34,990.8,Jaisalmer_Desert,26.9157,70.9083
2023-01-14T22:00,10.2,36,990.6,Jaisalmer_Desert,26.9157,70.9083
2023-01-14T23:00,9.1,38,990.4,Jaisalmer_Desert,26.9157,70.9083
2023-01-15T00:00,8.6,38,989.9,Jaisalmer_Desert,26.9157,70.9083
2023-01-15T01:00,8.7,36,989.9,Jaisalmer_Desert,26.9157,70.9083
2023-01-15T02:00,8.3,36,989.4,Jaisalmer_Desert,26.9157,70.9083
2023-01-15T03:00,6.9,39,988.5,Jaisalmer_Desert,26.9157,70.9083
2023-01-15T04:00,5.8,42,988,Jaisalmer_Desert,26.9157,70.9083
2023-01-15T05:00,5.1,42,988.2,Jaisalmer_Desert,26.9157,70.9083
2023-01-15T06:00,4.2,44,988.6,Jaisalmer_Desert,26.9157,70.9083
2023-01-15T07:00,4.1,44,989.1,Jaisalmer_Desert,26.9157,70.9083
2023-01-15T08:00,5.6,40,989.9,Jaisalmer_Desert,26.9157,70.9083
2023-01-15T09:00,8.9,32,990.8,Jaisalmer_Desert,26.9157,70.9083
2023-01-15T10:00,12.5,26,991.3,Jaisalmer_Desert,26.9157,70.9083
2023-01-15T11:00,14.5,22,990.8,Jaisalmer_Desert,26.9157,70.9083
2023-01-15T12:00,15.5,21,989.9,Jaisalmer_Desert,26.9157,70.9083
2023-01-15T13:00,16.3,19,988.8,Jaisalmer_Desert,26.9157,70.9083
2023-01-15T14:00,16.9,18,987.7,Jaisalmer_Desert,26.9157,70.9083
2023-01-15T15:00,17.3,18,986.9,Jaisalmer_Desert,26.9157,70.9083
2023-01-15T16:00,17.4,18,986.6,Jaisalmer_Desert,26.9157,70.9083
2023-01-15T17:00,17.1,17,986.5,Jaisalmer_Desert,26.9157,70.9083
2023-01-15T18:00,14.8,29,986.7,Jaisalmer_Desert,26.9157,70.9083
2023-01-15T19:00,14.7,26,986.9,Jaisalmer_Desert,26.9157,70.9083
2023-01-15T20:00,14.6,24,987.2,Jaisalmer_Desert,26.9157,70.9083
2023-01-15T21:00,13.9,25,987.4,Jaisalmer_Desert,26.9157,70.9083
2023-01-15T22:00,11.2,34,987.3,Jaisalmer_Desert,26.9157,70.9083
2023-01-15T23:00,10.8,33,987.4,Jaisalmer_Desert,26.9157,70.9083
2023-01-16T00:00,12.7,26,987.4,Jaisalmer_Desert,26.9157,70.9083
2023-01-16T01:00,12.5,26,987,Jaisalmer_Desert,26.9157,70.9083
2023-01-16T02:00,12.3,26,986.9,Jaisalmer_Desert,26.9157,70.9083
2023-01-16T03:00,12,27,986.7,Jaisalmer_Desert,26.9157,70.9083
2023-01-16T04:00,11.7,28,986.7,Jaisalmer_Desert,26.9157,70.9083
2023-01-16T05:00,8.6,36,986.5,Jaisalmer_Desert,26.9157,70.9083
2023-01-16T06:00,5.9,42,986.9,Jaisalmer_Desert,26.9157,70.9083
2023-01-16T07:00,5.5,40,987.8,Jaisalmer_Desert,26.9157,70.9083
2023-01-16T08:00,7,34,988.6,Jaisalmer_Desert,26.9157,70.9083
2023-01-16T09:00,10.5,27,989.9,Jaisalmer_Desert,26.9157,70.9083
2023-01-16T10:00,14.1,21,990.7,Jaisalmer_Desert,26.9157,70.9083
2023-01-16T11:00,16.6,17,990.5,Jaisalmer_Desert,26.9157,70.9083
2023-01-16T12:00,18,16,989.6,Jaisalmer_Desert,26.9157,70.9083
2023-01-16T13:00,18.8,14,988.6,Jaisalmer_Desert,26.9157,70.9083
2023-01-16T14:00,19.4,13,987.8,Jaisalmer_Desert,26.9157,70.9083
2023-01-16T15:00,19.5,12,987.5,Jaisalmer_Desert,26.9157,70.9083
2023-01-16T16:00,19.3,13,987.5,Jaisalmer_Desert,26.9157,70.9083
2023-01-16T17:00,18.6,13,987.7,Jaisalmer_Desert,26.9157,70.9083
2023-01-16T18:00,16.1,19,987.9,Jaisalmer_Desert,26.9157,70.9083
2023-01-16T19:00,14.8,21,988.3,Jaisalmer_Desert,26.9157,70.9083
2023-01-16T20:00,13.5,24,988.5,Jaisalmer_Desert,26.9157,70.9083
2023-01-16T21:00,12.5,27,988.9,Jaisalmer_Desert,26.9157,70.9083
2023-01-16T22:00,11.5,28,989.1,Jaisalmer_Desert,26.9157,70.9083
2023-01-16T23:00,10.2,31,989,Jaisalmer_Desert,26.9157,70.9083
2023-01-17T00:00,9.7,31,989.2,Jaisalmer_Desert,26.9157,70.9083
2023-01-17T01:00,9.2,31,988.5,Jaisalmer_Desert,26.9157,70.9083
2023-01-17T02:00,8.3,31,988.2,Jaisalmer_Desert,26.9157,70.9083
2023-01-17T03:00,7.8,31,987.8,Jaisalmer_Desert,26.9157,70.9083
2023-01-17T04:00,7.1,34,987.7,Jaisalmer_Desert,26.9157,70.9083
2023-01-17T05:00,6.9,35,987.6,Jaisalmer_Desert,26.9157,70.9083
2023-01-17T06:00,6.6,36,987.8,Jaisalmer_Desert,26.9157,70.9083
2023-01-17T07:00,6.3,38,988.6,Jaisalmer_Desert,26.9157,70.9083
2023-01-17T08:00,7.5,36,989.3,Jaisalmer_Desert,26.9157,70.9083
2023-01-17T09:00,11,30,990.4,Jaisalmer_Desert,26.9157,70.9083
2023-01-17T10:00,14.8,24,991.3,Jaisalmer_Desert,26.9157,70.9083
2023-01-17T11:00,17.7,19,991.4,Jaisalmer_Desert,26.9157,70.9083
2023-01-17T12:00,19.1,15,990.4,Jaisalmer_Desert,26.9157,70.9083
2023-01-17T13:00,19.9,14,989.2,Jaisalmer_Desert,26.9157,70.9083
2023-01-17T14:00,20.4,13,988.5,Jaisalmer_Desert,26.9157,70.9083
2023-01-17T15:00,20.8,12,987.8,Jaisalmer_Desert,26.9157,70.9083
2023-01-17T16:00,20.6,13,987.8,Jaisalmer_Desert,26.9157,70.9083
2023-01-17T17:00,20.1,14,987.7,Jaisalmer_Desert,26.9157,70.9083
2023-01-17T18:00,17.4,20,987.8,Jaisalmer_Desert,26.9157,70.9083
2023-01-17T19:00,15.8,27,988.6,Jaisalmer_Desert,26.9157,70.9083
2023-01-17T20:00,14.7,34,989,Jaisalmer_Desert,26.9157,70.9083
2023-01-17T21:00,13.7,33,989.3,Jaisalmer_Desert,26.9157,70.9083
2023-01-17T22:00,12.7,34,989.7,Jaisalmer_Desert,26.9157,70.9083
2023-01-17T23:00,12.2,31,989.5,Jaisalmer_Desert,26.9157,70.9083
2023-01-18T00:00,11.4,31,989.3,Jaisalmer_Desert,26.9157,70.9083
2023-01-18T01:00,10.8,31,988.8,Jaisalmer_Desert,26.9157,70.9083
2023-01-18T02:00,10.4,31,988.5,Jaisalmer_Desert,26.9157,70.9083
2023-01-18T03:00,9.9,30,988.1,Jaisalmer_Desert,26.9157,70.9083
2023-01-18T04:00,9.4,31,988.2,Jaisalmer_Desert,26.9157,70.9083
2023-01-18T05:00,9.1,28,988.3,Jaisalmer_Desert,26.9157,70.9083
2023-01-18T06:00,8.7,29,989,Jaisalmer_Desert,26.9157,70.9083
2023-01-18T07:00,8.6,29,989.7,Jaisalmer_Desert,26.9157,70.9083
2023-01-18T08:00,9.5,29,990.4,Jaisalmer_Desert,26.9157,70.9083
2023-01-18T09:00,12.6,24,991.3,Jaisalmer_Desert,26.9157,70.9083
2023-01-18T10:00,16.1,19,992.2,Jaisalmer_Desert,26.9157,70.9083
2023-01-18T11:00,19.1,15,992.1,Jaisalmer_Desert,26.9157,70.9083
2023-01-18T12:00,20.7,14,991.2,Jaisalmer_Desert,26.9157,70.9083
2023-01-18T13:00,21.6,13,990,Jaisalmer_Desert,26.9157,70.9083
2023-01-18T14:00,22.2,13,988.8,Jaisalmer_Desert,26.9157,70.9083
2023-01-18T15:00,22.5,13,988.1,Jaisalmer_Desert,26.9157,70.9083
2023-01-18T16:00,22.4,12,987.9,Jaisalmer_Desert,26.9157,70.9083
2023-01-18T17:00,21.7,13,988,Jaisalmer_Desert,26.9157,70.9083
2023-01-18T18:00,19,18,988.2,Jaisalmer_Desert,26.9157,70.9083
2023-01-18T19:00,17.8,18,989,Jaisalmer_Desert,26.9157,70.9083
2023-01-18T20:00,16.6,20,989.4,Jaisalmer_Desert,26.9157,70.9083
2023-01-18T21:00,15.4,20,989.8,Jaisalmer_Desert,26.9157,70.9083
2023-01-18T22:00,14.5,21,990.1,Jaisalmer_Desert,26.9157,70.9083
2023-01-18T23:00,13.7,22,989.9,Jaisalmer_Desert,26.9157,70.9083
2023-01-19T00:00,13.2,22,989.2,Jaisalmer_Desert,26.9157,70.9083
2023-01-19T01:00,12.9,23,989,Jaisalmer_Desert,26.9157,70.9083
2023-01-19T02:00,11.8,25,988.3,Jaisalmer_Desert,26.9157,70.9083
2023-01-19T03:00,11.3,26,988,Jaisalmer_Desert,26.9157,70.9083
2023-01-19T04:00,10.7,28,988.1,Jaisalmer_Desert,26.9157,70.9083
2023-01-19T05:00,10.6,30,988.6,Jaisalmer_Desert,26.9157,70.9083
2023-01-19T06:00,9.9,32,988.9,Jaisalmer_Desert,26.9157,70.9083
2023-01-19T07:00,9.7,34,989.3,Jaisalmer_Desert,26.9157,70.9083
2023-01-19T08:00,10.1,37,989.9,Jaisalmer_Desert,26.9157,70.9083
2023-01-19T09:00,12.4,35,990.8,Jaisalmer_Desert,26.9157,70.9083
2023-01-19T10:00,15,33,991.6,Jaisalmer_Desert,26.9157,70.9083
2023-01-19T11:00,17.6,29,990.8,Jaisalmer_Desert,26.9157,70.9083
2023-01-19T12:00,20,24,989.9,Jaisalmer_Desert,26.9157,70.9083
2023-01-19T13:00,21.6,20,989.1,Jaisalmer_Desert,26.9157,70.9083
2023-01-19T14:00,22.1,18,988.3,Jaisalmer_Desert,26.9157,70.9083
2023-01-19T15:00,21.7,19,988.1,Jaisalmer_Desert,26.9157,70.9083
2023-01-19T16:00,20.2,22,987.8,Jaisalmer_Desert,26.9157,70.9083
2023-01-19T17:00,16.3,37,988.5,Jaisalmer_Desert,26.9157,70.9083
2023-01-19T18:00,14.3,46,989.2,Jaisalmer_Desert,26.9157,70.9083
2023-01-19T19:00,13.5,52,990,Jaisalmer_Desert,26.9157,70.9083
2023-01-19T20:00,12.7,55,990,Jaisalmer_Desert,26.9157,70.9083
2023-01-19T21:00,12.7,55,990.1,Jaisalmer_Desert,26.9157,70.9083
2023-01-19T22:00,12.5,54,989.9,Jaisalmer_Desert,26.9157,70.9083
2023-01-19T23:00,12.3,52,989.3,Jaisalmer_Desert,26.9157,70.9083
2023-01-20T00:00,12.4,50,989.2,Jaisalmer_Desert,26.9157,70.9083
2023-01-20T01:00,12.3,52,988.8,Jaisalmer_Desert,26.9157,70.9083
2023-01-20T02:00,12.2,53,988.1,Jaisalmer_Desert,26.9157,70.9083
2023-01-20T03:00,12.3,54,988,Jaisalmer_Desert,26.9157,70.9083
2023-01-20T04:00,12.2,57,987.5,Jaisalmer_Desert,26.9157,70.9083
2023-01-20T05:00,12.2,58,987.9,Jaisalmer_Desert,26.9157,70.9083
2023-01-20T06:00,11.2,68,988.5,Jaisalmer_Desert,26.9157,70.9083
2023-01-20T07:00,10.8,76,989.1,Jaisalmer_Desert,26.9157,70.9083
2023-01-20T08:00,10.8,77,989.5,Jaisalmer_Desert,26.9157,70.9083
2023-01-20T09:00,12,70,990.4,Jaisalmer_Desert,26.9157,70.9083
2023-01-20T10:00,14.1,59,991,Jaisalmer_Desert,26.9157,70.9083
2023-01-20T11:00,15.9,50,990.5,Jaisalmer_Desert,26.9157,70.9083
2023-01-20T12:00,17.4,45,989.6,Jaisalmer_Desert,26.9157,70.9083
2023-01-20T13:00,18.7,40,988.6,Jaisalmer_Desert,26.9157,70.9083
2023-01-20T14:00,19.6,37,987.9,Jaisalmer_Desert,26.9157,70.9083
2023-01-20T15:00,19.8,36,987.5,Jaisalmer_Desert,26.9157,70.9083
2023-01-20T16:00,19.4,38,987.5,Jaisalmer_Desert,26.9157,70.9083
2023-01-20T17:00,18.9,42,987.7,Jaisalmer_Desert,26.9157,70.9083
2023-01-20T18:00,17.2,49,988.1,Jaisalmer_Desert,26.9157,70.9083
2023-01-20T19:00,16.1,54,988.7,Jaisalmer_Desert,26.9157,70.9083
2023-01-20T20:00,15,60,988.9,Jaisalmer_Desert,26.9157,70.9083
2023-01-20T21:00,13.7,72,989.4,Jaisalmer_Desert,26.9157,70.9083
2023-01-20T22:00,12.8,78,989.7,Jaisalmer_Desert,26.9157,70.9083
2023-01-20T23:00,12,82,989.7,Jaisalmer_Desert,26.9157,70.9083
2023-01-21T00:00,11.4,84,989.7,Jaisalmer_Desert,26.9157,70.9083
2023-01-21T01:00,10.8,85,989.5,Jaisalmer_Desert,26.9157,70.9083
2023-01-21T02:00,10.3,87,989.2,Jaisalmer_Desert,26.9157,70.9083
2023-01-21T03:00,9.8,89,988.8,Jaisalmer_Desert,26.9157,70.9083
2023-01-21T04:00,9.4,90,988.6,Jaisalmer_Desert,26.9157,70.9083
2023-01-21T05:00,9.3,92,988.7,Jaisalmer_Desert,26.9157,70.9083
2023-01-21T06:00,9,93,989.1,Jaisalmer_Desert,26.9157,70.9083
2023-01-21T07:00,8.7,93,989.7,Jaisalmer_Desert,26.9157,70.9083
2023-01-21T08:00,9.3,91,990.3,Jaisalmer_Desert,26.9157,70.9083
2023-01-21T09:00,11.3,80,991.3,Jaisalmer_Desert,26.9157,70.9083
2023-01-21T10:00,13.6,68,992,Jaisalmer_Desert,26.9157,70.9083
2023-01-21T11:00,15.8,59,991.5,Jaisalmer_Desert,26.9157,70.9083
2023-01-21T12:00,17.7,51,990.6,Jaisalmer_Desert,26.9157,70.9083
2023-01-21T13:00,18.8,46,989.3,Jaisalmer_Desert,26.9157,70.9083
2023-01-21T14:00,19.6,42,988.4,Jaisalmer_Desert,26.9157,70.9083
2023-01-21T15:00,19.8,39,987.8,Jaisalmer_Desert,26.9157,70.9083
2023-01-21T16:00,19.5,39,987.4,Jaisalmer_Desert,26.9157,70.9083
2023-01-21T17:00,18.4,45,987.6,Jaisalmer_Desert,26.9157,70.9083
2023-01-21T18:00,16.8,52,988,Jaisalmer_Desert,26.9157,70.9083
2023-01-21T19:00,15.7,57,988.4,Jaisalmer_Desert,26.9157,70.9083
2023-01-21T20:00,15,60,988.7,Jaisalmer_Desert,26.9157,70.9083
2023-01-21T21:00,14.1,64,988.9,Jaisalmer_Desert,26.9157,70.9083
2023-01-21T22:00,13.5,70,989.3,Jaisalmer_Desert,26.9157,70.9083
2023-01-21T23:00,12.8,74,989.1,Jaisalmer_Desert,26.9157,70.9083
2023-01-22T00:00,12.3,76,988.9,Jaisalmer_Desert,26.9157,70.9083
2023-01-22T01:00,11.7,79,988.4,Jaisalmer_Desert,26.9157,70.9083
2023-01-22T02:00,11,82,988.2,Jaisalmer_Desert,26.9157,70.9083
2023-01-22T03:00,10.3,85,988,Jaisalmer_Desert,26.9157,70.9083
2023-01-22T04:00,9.6,88,987.8,Jaisalmer_Desert,26.9157,70.9083
2023-01-22T05:00,9.2,91,987.6,Jaisalmer_Desert,26.9157,70.9083
2023-01-22T06:00,8.4,92,987.8,Jaisalmer_Desert,26.9157,70.9083
2023-01-22T07:00,8.2,93,988.6,Jaisalmer_Desert,26.9157,70.9083
2023-01-22T08:00,9.6,90,989.4,Jaisalmer_Desert,26.9157,70.9083
2023-01-22T09:00,11.9,80,990.4,Jaisalmer_Desert,26.9157,70.9083
2023-01-22T10:00,14.1,70,991.2,Jaisalmer_Desert,26.9157,70.9083
2023-01-22T11:00,16,60,990.9,Jaisalmer_Desert,26.9157,70.9083
2023-01-22T12:00,17.3,52,989.8,Jaisalmer_Desert,26.9157,70.9083
2023-01-22T13:00,18.4,43,988.8,Jaisalmer_Desert,26.9157,70.9083
2023-01-22T14:00,19.1,38,988.3,Jaisalmer_Desert,26.9157,70.9083
2023-01-22T15:00,19.2,37,987.8,Jaisalmer_Desert,26.9157,70.9083
2023-01-22T16:00,18.9,37,987.5,Jaisalmer_Desert,26.9157,70.9083
2023-01-22T17:00,18.3,39,987.5,Jaisalmer_Desert,26.9157,70.9083
2023-01-22T18:00,16.5,46,987.8,Jaisalmer_Desert,26.9157,70.9083
2023-01-22T19:00,15.5,51,988.2,Jaisalmer_Desert,26.9157,70.9083
2023-01-22T20:00,14.6,56,988.5,Jaisalmer_Desert,26.9157,70.9083
2023-01-22T21:00,13.9,58,989.1,Jaisalmer_Desert,26.9157,70.9083
2023-01-22T22:00,13.1,60,989.5,Jaisalmer_Desert,26.9157,70.9083
2023-01-22T23:00,12.4,66,989.4,Jaisalmer_Desert,26.9157,70.9083
2023-01-23T00:00,11.8,70,989.1,Jaisalmer_Desert,26.9157,70.9083
2023-01-23T01:00,11.3,72,988.8,Jaisalmer_Desert,26.9157,70.9083
2023-01-23T02:00,10.9,74,988.5,Jaisalmer_Desert,26.9157,70.9083
2023-01-23T03:00,10.4,75,988.3,Jaisalmer_Desert,26.9157,70.9083
2023-01-23T04:00,9.8,79,988.1,Jaisalmer_Desert,26.9157,70.9083
2023-01-23T05:00,9.2,85,988.3,Jaisalmer_Desert,26.9157,70.9083
2023-01-23T06:00,9,86,988.5,Jaisalmer_Desert,26.9157,70.9083
2023-01-23T07:00,8.7,86,989.1,Jaisalmer_Desert,26.9157,70.9083
2023-01-23T08:00,9.5,83,989.7,Jaisalmer_Desert,26.9157,70.9083
2023-01-23T09:00,11.4,75,990.7,Jaisalmer_Desert,26.9157,70.9083
2023-01-23T10:00,13.5,64,991.4,Jaisalmer_Desert,26.9157,70.9083
2023-01-23T11:00,15.5,55,991,Jaisalmer_Desert,26.9157,70.9083
2023-01-23T12:00,17.1,50,989.8,Jaisalmer_Desert,26.9157,70.9083
2023-01-23T13:00,18.5,43,988.7,Jaisalmer_Desert,26.9157,70.9083
2023-01-23T14:00,19.1,41,987.8,Jaisalmer_Desert,26.9157,70.9083
2023-01-23T15:00,19.3,39,987.1,Jaisalmer_Desert,26.9157,70.9083
2023-01-23T16:00,19.1,38,986.8,Jaisalmer_Desert,26.9157,70.9083
2023-01-23T17:00,18.6,41,986.9,Jaisalmer_Desert,26.9157,70.9083
2023-01-23T18:00,16.9,49,987.1,Jaisalmer_Desert,26.9157,70.9083
2023-01-23T19:00,15.7,53,987.2,Jaisalmer_Desert,26.9157,70.9083
2023-01-23T20:00,14.7,57,987.4,Jaisalmer_Desert,26.9157,70.9083
2023-01-23T21:00,14,58,988,Jaisalmer_Desert,26.9157,70.9083
2023-01-23T22:00,13.2,59,988.3,Jaisalmer_Desert,26.9157,70.9083
2023-01-23T23:00,12.5,62,988.4,Jaisalmer_Desert,26.9157,70.9083
2023-01-24T00:00,11.5,67,988.3,Jaisalmer_Desert,26.9157,70.9083
2023-01-24T01:00,10.9,69,987.9,Jaisalmer_Desert,26.9157,70.9083
2023-01-24T02:00,10.4,70,987.5,Jaisalmer_Desert,26.9157,70.9083
2023-01-24T03:00,9.8,71,987.4,Jaisalmer_Desert,26.9157,70.9083
2023-01-24T04:00,9.2,72,987,Jaisalmer_Desert,26.9157,70.9083
2023-01-24T05:00,8.6,76,986.8,Jaisalmer_Desert,26.9157,70.9083
2023-01-24T06:00,8,77,987.2,Jaisalmer_Desert,26.9157,70.9083
2023-01-24T07:00,7.6,77,988,Jaisalmer_Desert,26.9157,70.9083
2023-01-24T08:00,8.5,73,988.4,Jaisalmer_Desert,26.9157,70.9083
2023-01-24T09:00,10.5,64,989.6,Jaisalmer_Desert,26.9157,70.9083
2023-01-24T10:00,12.6,53,990.4,Jaisalmer_Desert,26.9157,70.9083
2023-01-24T11:00,14.7,46,990.1,Jaisalmer_Desert,26.9157,70.9083
2023-01-24T12:00,16.4,40,989,Jaisalmer_Desert,26.9157,70.9083
2023-01-24T13:00,17.6,35,987.9,Jaisalmer_Desert,26.9157,70.9083
2023-01-24T14:00,18.3,31,987,Jaisalmer_Desert,26.9157,70.9083
2023-01-24T15:00,18.5,30,986.4,Jaisalmer_Desert,26.9157,70.9083
2023-01-24T16:00,18.2,29,986.2,Jaisalmer_Desert,26.9157,70.9083
2023-01-24T17:00,17.4,30,986.2,Jaisalmer_Desert,26.9157,70.9083
2023-01-24T18:00,14.8,53,986.6,Jaisalmer_Desert,26.9157,70.9083
2023-01-24T19:00,13.7,56,987.1,Jaisalmer_Desert,26.9157,70.9083
2023-01-24T20:00,13.9,48,987.6,Jaisalmer_Desert,26.9157,70.9083
2023-01-24T21:00,12.3,55,987.7,Jaisalmer_Desert,26.9157,70.9083
2023-01-24T22:00,10.9,58,987.9,Jaisalmer_Desert,26.9157,70.9083
2023-01-24T23:00,10.1,57,987.8,Jaisalmer_Desert,26.9157,70.9083
2023-01-25T00:00,10,52,987.5,Jaisalmer_Desert,26.9157,70.9083
2023-01-25T01:00,9.4,49,987.4,Jaisalmer_Desert,26.9157,70.9083
2023-01-25T02:00,8.3,50,987,Jaisalmer_Desert,26.9157,70.9083
2023-01-25T03:00,7.3,51,986.9,Jaisalmer_Desert,26.9157,70.9083
2023-01-25T04:00,7,48,987.1,Jaisalmer_Desert,26.9157,70.9083
2023-01-25T05:00,6.4,54,987.6,Jaisalmer_Desert,26.9157,70.9083
2023-01-25T06:00,5.5,57,988.1,Jaisalmer_Desert,26.9157,70.9083
2023-01-25T07:00,5.2,58,988.5,Jaisalmer_Desert,26.9157,70.9083
2023-01-25T08:00,7.4,49,988.9,Jaisalmer_Desert,26.9157,70.9083
2023-01-25T09:00,10.8,38,989.9,Jaisalmer_Desert,26.9157,70.9083
2023-01-25T10:00,13.6,32,990.7,Jaisalmer_Desert,26.9157,70.9083
2023-01-25T11:00,15.8,23,990.8,Jaisalmer_Desert,26.9157,70.9083
2023-01-25T12:00,17.1,16,990.1,Jaisalmer_Desert,26.9157,70.9083
2023-01-25T13:00,17.8,15,989.4,Jaisalmer_Desert,26.9157,70.9083
2023-01-25T14:00,18.3,14,988.7,Jaisalmer_Desert,26.9157,70.9083
2023-01-25T15:00,18.6,11,988.1,Jaisalmer_Desert,26.9157,70.9083
2023-01-25T16:00,18.4,10,988.3,Jaisalmer_Desert,26.9157,70.9083
2023-01-25T17:00,17.6,15,988.8,Jaisalmer_Desert,26.9157,70.9083
2023-01-25T18:00,14.4,37,988.7,Jaisalmer_Desert,26.9157,70.9083
2023-01-25T19:00,13.5,30,989.6,Jaisalmer_Desert,26.9157,70.9083
2023-01-25T20:00,12.7,29,990,Jaisalmer_Desert,26.9157,70.9083
2023-01-25T21:00,11.6,31,990.3,Jaisalmer_Desert,26.9157,70.9083
2023-01-25T22:00,10.4,38,990.4,Jaisalmer_Desert,26.9157,70.9083
2023-01-25T23:00,9.2,46,990.5,Jaisalmer_Desert,26.9157,70.9083
2023-01-26T00:00,8.6,51,990.3,Jaisalmer_Desert,26.9157,70.9083
2023-01-26T01:00,8.1,55,990.1,Jaisalmer_Desert,26.9157,70.9083
2023-01-26T02:00,7.7,58,990,Jaisalmer_Desert,26.9157,70.9083
2023-01-26T03:00,6.9,63,989.8,Jaisalmer_Desert,26.9157,70.9083
2023-01-26T04:00,6.1,67,989.9,Jaisalmer_Desert,26.9157,70.9083
2023-01-26T05:00,5.9,71,990,Jaisalmer_Desert,26.9157,70.9083
2023-01-26T06:00,4.8,75,990.4,Jaisalmer_Desert,26.9157,70.9083
2023-01-26T07:00,4.5,73,991,Jaisalmer_Desert,26.9157,70.9083
2023-01-26T08:00,6.2,62,991.9,Jaisalmer_Desert,26.9157,70.9083
2023-01-26T09:00,9.2,44,993.1,Jaisalmer_Desert,26.9157,70.9083
2023-01-26T10:00,12.2,34,994.3,Jaisalmer_Desert,26.9157,70.9083
2023-01-26T11:00,14.9,30,994,Jaisalmer_Desert,26.9157,70.9083
2023-01-26T12:00,16.9,23,993.3,Jaisalmer_Desert,26.9157,70.9083
2023-01-26T13:00,17.9,20,992.4,Jaisalmer_Desert,26.9157,70.9083
2023-01-26T14:00,18.7,18,991.8,Jaisalmer_Desert,26.9157,70.9083
2023-01-26T15:00,18.9,18,991.3,Jaisalmer_Desert,26.9157,70.9083
2023-01-26T16:00,18.7,19,991.2,Jaisalmer_Desert,26.9157,70.9083
2023-01-26T17:00,17.7,23,991.3,Jaisalmer_Desert,26.9157,70.9083
2023-01-26T18:00,15.6,30,991.6,Jaisalmer_Desert,26.9157,70.9083
2023-01-26T19:00,14.3,34,991.9,Jaisalmer_Desert,26.9157,70.9083
2023-01-26T20:00,13.4,36,992.1,Jaisalmer_Desert,26.9157,70.9083
2023-01-26T21:00,12.8,37,992.1,Jaisalmer_Desert,26.9157,70.9083
2023-01-26T22:00,11.9,39,992.1,Jaisalmer_Desert,26.9157,70.9083
2023-01-26T23:00,10.6,44,992.1,Jaisalmer_Desert,26.9157,70.9083
2023-01-27T00:00,9.8,48,991.8,Jaisalmer_Desert,26.9157,70.9083
2023-01-27T01:00,9.4,48,991.5,Jaisalmer_Desert,26.9157,70.9083
2023-01-27T02:00,8.6,49,990.9,Jaisalmer_Desert,26.9157,70.9083
2023-01-27T03:00,7.8,52,990.5,Jaisalmer_Desert,26.9157,70.9083
2023-01-27T04:00,7.1,55,990.6,Jaisalmer_Desert,26.9157,70.9083
2023-01-27T05:00,6.6,57,991.3,Jaisalmer_Desert,26.9157,70.9083
2023-01-27T06:00,5.9,59,991.6,Jaisalmer_Desert,26.9157,70.9083
2023-01-27T07:00,5.6,60,992.2,Jaisalmer_Desert,26.9157,70.9083
2023-01-27T08:00,7,55,992.9,Jaisalmer_Desert,26.9157,70.9083
2023-01-27T09:00,10.3,45,994,Jaisalmer_Desert,26.9157,70.9083
2023-01-27T10:00,13.3,38,994.5,Jaisalmer_Desert,26.9157,70.9083
2023-01-27T11:00,15.6,31,994.1,Jaisalmer_Desert,26.9157,70.9083
2023-01-27T12:00,17.2,26,992.9,Jaisalmer_Desert,26.9157,70.9083
2023-01-27T13:00,18.4,23,991.7,Jaisalmer_Desert,26.9157,70.9083
2023-01-27T14:00,19.2,21,990.7,Jaisalmer_Desert,26.9157,70.9083
2023-01-27T15:00,19.5,19,990.1,Jaisalmer_Desert,26.9157,70.9083
2023-01-27T16:00,19.2,20,990,Jaisalmer_Desert,26.9157,70.9083
2023-01-27T17:00,18.6,22,990.4,Jaisalmer_Desert,26.9157,70.9083
2023-01-27T18:00,16.8,26,990.5,Jaisalmer_Desert,26.9157,70.9083
2023-01-27T19:00,15.6,29,990.8,Jaisalmer_Desert,26.9157,70.9083
2023-01-27T20:00,15.2,29,990.9,Jaisalmer_Desert,26.9157,70.9083
2023-01-27T21:00,14.2,30,990.9,Jaisalmer_Desert,26.9157,70.9083
2023-01-27T22:00,13.2,33,990.8,Jaisalmer_Desert,26.9157,70.9083
2023-01-27T23:00,11.9,36,990.5,Jaisalmer_Desert,26.9157,70.9083
2023-01-28T00:00,11,38,989.8,Jaisalmer_Desert,26.9157,70.9083
2023-01-28T01:00,10.2,40,989.3,Jaisalmer_Desert,26.9157,70.9083
2023-01-28T02:00,9.7,40,988.7,Jaisalmer_Desert,26.9157,70.9083
2023-01-28T03:00,9.3,40,988.2,Jaisalmer_Desert,26.9157,70.9083
2023-01-28T04:00,8.7,42,987.6,Jaisalmer_Desert,26.9157,70.9083
2023-01-28T05:00,8,46,987.8,Jaisalmer_Desert,26.9157,70.9083
2023-01-28T06:00,7.2,48,987.9,Jaisalmer_Desert,26.9157,70.9083
2023-01-28T07:00,7.1,50,988.2,Jaisalmer_Desert,26.9157,70.9083
2023-01-28T08:00,8.3,48,988.8,Jaisalmer_Desert,26.9157,70.9083
2023-01-28T09:00,11.4,41,989.9,Jaisalmer_Desert,26.9157,70.9083
2023-01-28T10:00,14.3,35,990.4,Jaisalmer_Desert,26.9157,70.9083
2023-01-28T11:00,16.9,29,990,Jaisalmer_Desert,26.9157,70.9083
2023-01-28T12:00,18.5,23,988.7,Jaisalmer_Desert,26.9157,70.9083
2023-01-28T13:00,19.8,20,987.4,Jaisalmer_Desert,26.9157,70.9083
2023-01-28T14:00,20.7,17,986.1,Jaisalmer_Desert,26.9157,70.9083
2023-01-28T15:00,21.1,16,985,Jaisalmer_Desert,26.9157,70.9083
2023-01-28T16:00,21,16,984.8,Jaisalmer_Desert,26.9157,70.9083
2023-01-28T17:00,20.4,18,984.5,Jaisalmer_Desert,26.9157,70.9083
2023-01-28T18:00,18,24,984.5,Jaisalmer_Desert,26.9157,70.9083
2023-01-28T19:00,16.4,29,984.9,Jaisalmer_Desert,26.9157,70.9083
2023-01-28T20:00,15.1,32,985.1,Jaisalmer_Desert,26.9157,70.9083
2023-01-28T21:00,14.3,34,985.1,Jaisalmer_Desert,26.9157,70.9083
2023-01-28T22:00,13.8,35,985.2,Jaisalmer_Desert,26.9157,70.9083
2023-01-28T23:00,13.2,35,984.5,Jaisalmer_Desert,26.9157,70.9083
2023-01-29T00:00,12.6,36,983.5,Jaisalmer_Desert,26.9157,70.9083
2023-01-29T01:00,11.6,39,983.1,Jaisalmer_Desert,26.9157,70.9083
2023-01-29T02:00,11.6,38,982.5,Jaisalmer_Desert,26.9157,70.9083
2023-01-29T03:00,11.6,37,982.1,Jaisalmer_Desert,26.9157,70.9083
2023-01-29T04:00,11.1,39,981.8,Jaisalmer_Desert,26.9157,70.9083
2023-01-29T05:00,10.3,44,981.8,Jaisalmer_Desert,26.9157,70.9083
2023-01-29T06:00,9.9,45,982,Jaisalmer_Desert,26.9157,70.9083
2023-01-29T07:00,9.6,46,982.4,Jaisalmer_Desert,26.9157,70.9083
2023-01-29T08:00,10.8,42,982.9,Jaisalmer_Desert,26.9157,70.9083
2023-01-29T09:00,13.1,35,983.8,Jaisalmer_Desert,26.9157,70.9083
2023-01-29T10:00,15.6,30,984.5,Jaisalmer_Desert,26.9157,70.9083
2023-01-29T11:00,17.7,26,984.5,Jaisalmer_Desert,26.9157,70.9083
2023-01-29T12:00,19.5,24,983.3,Jaisalmer_Desert,26.9157,70.9083
2023-01-29T13:00,21.1,21,982.4,Jaisalmer_Desert,26.9157,70.9083
2023-01-29T14:00,22,19,981.3,Jaisalmer_Desert,26.9157,70.9083
2023-01-29T15:00,22.4,18,980.7,Jaisalmer_Desert,26.9157,70.9083
2023-01-29T16:00,22.3,18,980.7,Jaisalmer_Desert,26.9157,70.9083
2023-01-29T17:00,22.2,19,981.3,Jaisalmer_Desert,26.9157,70.9083
2023-01-29T18:00,19.6,25,981.8,Jaisalmer_Desert,26.9157,70.9083
2023-01-29T19:00,18.3,26,982.4,Jaisalmer_Desert,26.9157,70.9083
2023-01-29T20:00,16.9,29,983.1,Jaisalmer_Desert,26.9157,70.9083
2023-01-29T21:00,15.6,32,983.8,Jaisalmer_Desert,26.9157,70.9083
2023-01-29T22:00,14.9,31,984.2,Jaisalmer_Desert,26.9157,70.9083
2023-01-29T23:00,14,33,984.3,Jaisalmer_Desert,26.9157,70.9083
2023-01-30T00:00,12.7,38,984.2,Jaisalmer_Desert,26.9157,70.9083
2023-01-30T01:00,13.2,36,984.8,Jaisalmer_Desert,26.9157,70.9083
2023-01-30T02:00,12.4,38,984.7,Jaisalmer_Desert,26.9157,70.9083
2023-01-30T03:00,14.9,28,984.6,Jaisalmer_Desert,26.9157,70.9083
2023-01-30T04:00,14.4,29,984.9,Jaisalmer_Desert,26.9157,70.9083
2023-01-30T05:00,10.3,54,985.2,Jaisalmer_Desert,26.9157,70.9083
2023-01-30T06:00,9.7,55,986.1,Jaisalmer_Desert,26.9157,70.9083
2023-01-30T07:00,9,57,987,Jaisalmer_Desert,26.9157,70.9083
2023-01-30T08:00,10.5,58,988.3,Jaisalmer_Desert,26.9157,70.9083
2023-01-30T09:00,13.3,53,989.4,Jaisalmer_Desert,26.9157,70.9083
2023-01-30T10:00,17,47,990.5,Jaisalmer_Desert,26.9157,70.9083
2023-01-30T11:00,20.2,30,990.6,Jaisalmer_Desert,26.9157,70.9083
2023-01-30T12:00,21.8,23,989.9,Jaisalmer_Desert,26.9157,70.9083
2023-01-30T13:00,22.6,21,989,Jaisalmer_Desert,26.9157,70.9083
2023-01-30T14:00,23,20,988.4,Jaisalmer_Desert,26.9157,70.9083
2023-01-30T15:00,23,19,988.2,Jaisalmer_Desert,26.9157,70.9083
2023-01-30T16:00,22.7,20,988.7,Jaisalmer_Desert,26.9157,70.9083
2023-01-30T17:00,21.7,24,989.2,Jaisalmer_Desert,26.9157,70.9083
2023-01-30T18:00,19.6,29,989.7,Jaisalmer_Desert,26.9157,70.9083
2023-01-30T19:00,18.1,32,990.3,Jaisalmer_Desert,26.9157,70.9083
2023-01-30T20:00,17.1,36,990.8,Jaisalmer_Desert,26.9157,70.9083
2023-01-30T21:00,16.3,40,991,Jaisalmer_Desert,26.9157,70.9083
2023-01-30T22:00,15.2,45,991.6,Jaisalmer_Desert,26.9157,70.9083
2023-01-30T23:00,14.2,49,991.9,Jaisalmer_Desert,26.9157,70.9083
2023-01-31T00:00,13.3,55,992,Jaisalmer_Desert,26.9157,70.9083
2023-01-31T01:00,12.4,62,991.9,Jaisalmer_Desert,26.9157,70.9083
2023-01-31T02:00,11.6,69,991.8,Jaisalmer_Desert,26.9157,70.9083
2023-01-31T03:00,10.9,75,991.5,Jaisalmer_Desert,26.9157,70.9083
2023-01-31T04:00,10.3,80,991.5,Jaisalmer_Desert,26.9157,70.9083
2023-01-31T05:00,10,84,991.5,Jaisalmer_Desert,26.9157,70.9083
2023-01-31T06:00,9.4,87,992,Jaisalmer_Desert,26.9157,70.9083
2023-01-31T07:00,9.1,88,992.7,Jaisalmer_Desert,26.9157,70.9083
2023-01-31T08:00,10,86,993.5,Jaisalmer_Desert,26.9157,70.9083
2023-01-31T09:00,12.6,74,994.5,Jaisalmer_Desert,26.9157,70.9083
2023-01-31T10:00,15.3,63,995.4,Jaisalmer_Desert,26.9157,70.9083
2023-01-31T11:00,17.7,51,995.1,Jaisalmer_Desert,26.9157,70.9083
2023-01-31T12:00,19.6,38,994.4,Jaisalmer_Desert,26.9157,70.9083
2023-01-31T13:00,20.9,30,993.3,Jaisalmer_Desert,26.9157,70.9083
2023-01-31T14:00,21.7,27,992.2,Jaisalmer_Desert,26.9157,70.9083
2023-01-31T15:00,22,26,991.5,Jaisalmer_Desert,26.9157,70.9083
2023-01-31T16:00,21.8,27,991.1,Jaisalmer_Desert,26.9157,70.9083
2023-01-31T17:00,20.1,36,991.5,Jaisalmer_Desert,26.9157,70.9083
2023-01-31T18:00,18.6,42,991.5,Jaisalmer_Desert,26.9157,70.9083
2023-01-31T19:00,17.3,46,991.9,Jaisalmer_Desert,26.9157,70.9083
2023-01-31T20:00,16.3,50,992.3,Jaisalmer_Desert,26.9157,70.9083
2023-01-31T21:00,15.3,53,992.4,Jaisalmer_Desert,26.9157,70.9083
2023-01-31T22:00,14.3,57,992.5,Jaisalmer_Desert,26.9157,70.9083
2023-01-31T23:00,13.7,60,992.4,Jaisalmer_Desert,26.9157,70.9083
2023-02-01T00:00,12.8,65,992,Jaisalmer_Desert,26.9157,70.9083
2023-02-01T01:00,12,69,991.8,Jaisalmer_Desert,26.9157,70.9083
2023-02-01T02:00,11.6,70,991.4,Jaisalmer_Desert,26.9157,70.9083
2023-02-01T03:00,11,72,991,Jaisalmer_Desert,26.9157,70.9083
2023-02-01T04:00,10.3,75,990.3,Jaisalmer_Desert,26.9157,70.9083
2023-02-01T05:00,9.7,80,990.5,Jaisalmer_Desert,26.9157,70.9083
2023-02-01T06:00,9.3,83,991,Jaisalmer_Desert,26.9157,70.9083
2023-02-01T07:00,9.2,83,991.7,Jaisalmer_Desert,26.9157,70.9083
2023-02-01T08:00,10.5,76,992.4,Jaisalmer_Desert,26.9157,70.9083
2023-02-01T09:00,13.5,62,993.5,Jaisalmer_Desert,26.9157,70.9083
2023-02-01T10:00,16.7,50,994.3,Jaisalmer_Desert,26.9157,70.9083
2023-02-01T11:00,19.2,38,994.2,Jaisalmer_Desert,26.9157,70.9083
2023-02-01T12:00,21,28,993.3,Jaisalmer_Desert,26.9157,70.9083
2023-02-01T13:00,22.3,23,992.2,Jaisalmer_Desert,26.9157,70.9083
2023-02-01T14:00,23.1,20,991.3,Jaisalmer_Desert,26.9157,70.9083
2023-02-01T15:00,23.4,20,990.5,Jaisalmer_Desert,26.9157,70.9083
2023-02-01T16:00,23.4,20,990.3,Jaisalmer_Desert,26.9157,70.9083
2023-02-01T17:00,22.9,22,990,Jaisalmer_Desert,26.9157,70.9083
2023-02-01T18:00,20.7,28,990,Jaisalmer_Desert,26.9157,70.9083
2023-02-01T19:00,19.1,32,990.4,Jaisalmer_Desert,26.9157,70.9083
2023-02-01T20:00,18,35,990.5,Jaisalmer_Desert,26.9157,70.9083
2023-02-01T21:00,16.8,40,990.8,Jaisalmer_Desert,26.9157,70.9083
2023-02-01T22:00,15.5,46,990.8,Jaisalmer_Desert,26.9157,70.9083
2023-02-01T23:00,14.5,50,990.5,Jaisalmer_Desert,26.9157,70.9083
2023-02-02T00:00,13.6,54,990.4,Jaisalmer_Desert,26.9157,70.9083
2023-02-02T01:00,13.2,55,989.9,Jaisalmer_Desert,26.9157,70.9083
2023-02-02T02:00,12.5,58,989.5,Jaisalmer_Desert,26.9157,70.9083
2023-02-02T03:00,11.7,62,988.6,Jaisalmer_Desert,26.9157,70.9083
2023-02-02T04:00,11.2,64,988.4,Jaisalmer_Desert,26.9157,70.9083
2023-02-02T05:00,11,67,988.4,Jaisalmer_Desert,26.9157,70.9083
2023-02-02T06:00,10.1,72,988.8,Jaisalmer_Desert,26.9157,70.9083
2023-02-02T07:00,9.7,74,989.4,Jaisalmer_Desert,26.9157,70.9083
2023-02-02T08:00,11.3,68,990.3,Jaisalmer_Desert,26.9157,70.9083
2023-02-02T09:00,14.8,54,991.5,Jaisalmer_Desert,26.9157,70.9083
2023-02-02T10:00,18,44,992.6,Jaisalmer_Desert,26.9157,70.9083
2023-02-02T11:00,20.4,36,992.5,Jaisalmer_Desert,26.9157,70.9083
2023-02-02T12:00,22.1,29,991.6,Jaisalmer_Desert,26.9157,70.9083
2023-02-02T13:00,23.4,25,990.3,Jaisalmer_Desert,26.9157,70.9083
2023-02-02T14:00,24.3,22,989.3,Jaisalmer_Desert,26.9157,70.9083
2023-02-02T15:00,24.8,21,988.7,Jaisalmer_Desert,26.9157,70.9083
2023-02-02T16:00,24.8,20,988.3,Jaisalmer_Desert,26.9157,70.9083
2023-02-02T17:00,25,19,987.7,Jaisalmer_Desert,26.9157,70.9083
2023-02-02T18:00,22.4,25,987.9,Jaisalmer_Desert,26.9157,70.9083
2023-02-02T19:00,20.7,29,988.5,Jaisalmer_Desert,26.9157,70.9083
2023-02-02T20:00,19.1,33,989,Jaisalmer_Desert,26.9157,70.9083
2023-02-02T21:00,18.2,34,989.2,Jaisalmer_Desert,26.9157,70.9083
2023-02-02T22:00,17.2,37,989.8,Jaisalmer_Desert,26.9157,70.9083
2023-02-02T23:00,16.4,40,989.7,Jaisalmer_Desert,26.9157,70.9083
2023-02-03T00:00,15.7,41,989.4,Jaisalmer_Desert,26.9157,70.9083
2023-02-03T01:00,14.7,42,989,Jaisalmer_Desert,26.9157,70.9083
2023-02-03T02:00,14,43,988.4,Jaisalmer_Desert,26.9157,70.9083
2023-02-03T03:00,13.8,42,987.9,Jaisalmer_Desert,26.9157,70.9083
2023-02-03T04:00,13.3,45,987.6,Jaisalmer_Desert,26.9157,70.9083
2023-02-03T05:00,13.2,55,987.7,Jaisalmer_Desert,26.9157,70.9083
2023-02-03T06:00,12.6,57,988,Jaisalmer_Desert,26.9157,70.9083
2023-02-03T07:00,12.3,56,988.5,Jaisalmer_Desert,26.9157,70.9083
2023-02-03T08:00,13.8,51,989.1,Jaisalmer_Desert,26.9157,70.9083
2023-02-03T09:00,17.4,41,990,Jaisalmer_Desert,26.9157,70.9083
2023-02-03T10:00,21.1,34,990.6,Jaisalmer_Desert,26.9157,70.9083
2023-02-03T11:00,24.2,29,990.4,Jaisalmer_Desert,26.9157,70.9083
2023-02-03T12:00,26,21,989.5,Jaisalmer_Desert,26.9157,70.9083
2023-02-03T13:00,27,17,988.6,Jaisalmer_Desert,26.9157,70.9083
2023-02-03T14:00,27.5,16,987.5,Jaisalmer_Desert,26.9157,70.9083
2023-02-03T15:00,27.8,15,986.9,Jaisalmer_Desert,26.9157,70.9083
2023-02-03T16:00,27.7,15,986.7,Jaisalmer_Desert,26.9157,70.9083
2023-02-03T17:00,27.4,16,986.8,Jaisalmer_Desert,26.9157,70.9083
2023-02-03T18:00,24.4,20,987,Jaisalmer_Desert,26.9157,70.9083
2023-02-03T19:00,22.9,24,987.3,Jaisalmer_Desert,26.9157,70.9083
2023-02-03T20:00,21.5,27,987.6,Jaisalmer_Desert,26.9157,70.9083
2023-02-03T21:00,19.9,31,987.8,Jaisalmer_Desert,26.9157,70.9083
2023-02-03T22:00,19.5,32,988.1,Jaisalmer_Desert,26.9157,70.9083
2023-02-03T23:00,20.3,29,988,Jaisalmer_Desert,26.9157,70.9083
2023-02-04T00:00,18.2,34,987.7,Jaisalmer_Desert,26.9157,70.9083
2023-02-04T01:00,18,35,987.3,Jaisalmer_Desert,26.9157,70.9083
2023-02-04T02:00,17.4,36,986.6,Jaisalmer_Desert,26.9157,70.9083
2023-02-04T03:00,16.3,39,986.3,Jaisalmer_Desert,26.9157,70.9083
2023-02-04T04:00,16.3,38,986.1,Jaisalmer_Desert,26.9157,70.9083
2023-02-04T05:00,15.2,45,986,Jaisalmer_Desert,26.9157,70.9083
2023-02-04T06:00,13.6,50,986.2,Jaisalmer_Desert,26.9157,70.9083
2023-02-04T07:00,12.8,52,986.7,Jaisalmer_Desert,26.9157,70.9083
2023-02-04T08:00,15.3,43,987.4,Jaisalmer_Desert,26.9157,70.9083
2023-02-04T09:00,18.9,34,988.1,Jaisalmer_Desert,26.9157,70.9083
2023-02-04T10:00,22.8,27,989.1,Jaisalmer_Desert,26.9157,70.9083
2023-02-04T11:00,25.5,21,988.9,Jaisalmer_Desert,26.9157,70.9083
2023-02-04T12:00,26.6,19,988.1,Jaisalmer_Desert,26.9157,70.9083
2023-02-04T13:00,27.4,17,987.1,Jaisalmer_Desert,26.9157,70.9083
2023-02-04T14:00,28,16,986.2,Jaisalmer_Desert,26.9157,70.9083
2023-02-04T15:00,28.3,16,985.6,Jaisalmer_Desert,26.9157,70.9083
2023-02-04T16:00,28.2,16,985.4,Jaisalmer_Desert,26.9157,70.9083
2023-02-04T17:00,28.4,16,985.3,Jaisalmer_Desert,26.9157,70.9083
2023-02-04T18:00,25.6,20,985.4,Jaisalmer_Desert,26.9157,70.9083
2023-02-04T19:00,23.9,23,985.7,Jaisalmer_Desert,26.9157,70.9083
2023-02-04T20:00,22.4,27,985.9,Jaisalmer_Desert,26.9157,70.9083
2023-02-04T21:00,21.3,31,986.1,Jaisalmer_Desert,26.9157,70.9083
2023-02-04T22:00,20.4,33,986.2,Jaisalmer_Desert,26.9157,70.9083
2023-02-04T23:00,19,35,985.9,Jaisalmer_Desert,26.9157,70.9083
2023-02-05T00:00,18.6,34,985.4,Jaisalmer_Desert,26.9157,70.9083
2023-02-05T01:00,18.1,34,984.8,Jaisalmer_Desert,26.9157,70.9083
2023-02-05T02:00,17.3,35,984.1,Jaisalmer_Desert,26.9157,70.9083
2023-02-05T03:00,16.3,38,983.7,Jaisalmer_Desert,26.9157,70.9083
2023-02-05T04:00,16,40,983.4,Jaisalmer_Desert,26.9157,70.9083
2023-02-05T05:00,14.7,45,983.7,Jaisalmer_Desert,26.9157,70.9083
2023-02-05T06:00,14,47,983.8,Jaisalmer_Desert,26.9157,70.9083
2023-02-05T07:00,13.9,48,984.4,Jaisalmer_Desert,26.9157,70.9083
2023-02-05T08:00,15.8,41,984.8,Jaisalmer_Desert,26.9157,70.9083
2023-02-05T09:00,20,32,985.9,Jaisalmer_Desert,26.9157,70.9083
2023-02-05T10:00,24.3,24,986.4,Jaisalmer_Desert,26.9157,70.9083
2023-02-05T11:00,26.7,20,986.2,Jaisalmer_Desert,26.9157,70.9083
2023-02-05T12:00,27.9,19,985.5,Jaisalmer_Desert,26.9157,70.9083
2023-02-05T13:00,28.7,18,984.3,Jaisalmer_Desert,26.9157,70.9083
2023-02-05T14:00,29.3,18,983.1,Jaisalmer_Desert,26.9157,70.9083
2023-02-05T15:00,29.5,17,982.3,Jaisalmer_Desert,26.9157,70.9083
2023-02-05T16:00,29.4,17,981.8,Jaisalmer_Desert,26.9157,70.9083
2023-02-05T17:00,29.2,17,981.6,Jaisalmer_Desert,26.9157,70.9083
2023-02-05T18:00,27.3,20,981.7,Jaisalmer_Desert,26.9157,70.9083
2023-02-05T19:00,25.7,23,982.2,Jaisalmer_Desert,26.9157,70.9083
2023-02-05T20:00,24.5,26,982.5,Jaisalmer_Desert,26.9157,70.9083
2023-02-05T21:00,23.6,29,982.8,Jaisalmer_Desert,26.9157,70.9083
2023-02-05T22:00,22.7,33,983.1,Jaisalmer_Desert,26.9157,70.9083
2023-02-05T23:00,21.9,38,982.9,Jaisalmer_Desert,26.9157,70.9083
2023-02-06T00:00,21.2,43,982.6,Jaisalmer_Desert,26.9157,70.9083
2023-02-06T01:00,20.1,49,982.7,Jaisalmer_Desert,26.9157,70.9083
2023-02-06T02:00,19.1,54,982.5,Jaisalmer_Desert,26.9157,70.9083
2023-02-06T03:00,18.3,60,982.2,Jaisalmer_Desert,26.9157,70.9083
2023-02-06T04:00,17.4,67,982.2,Jaisalmer_Desert,26.9157,70.9083
2023-02-06T05:00,16.4,79,982.3,Jaisalmer_Desert,26.9157,70.9083
2023-02-06T06:00,15.5,86,983.1,Jaisalmer_Desert,26.9157,70.9083
2023-02-06T07:00,15.1,90,983.7,Jaisalmer_Desert,26.9157,70.9083
2023-02-06T08:00,16.3,85,984.6,Jaisalmer_Desert,26.9157,70.9083
2023-02-06T09:00,19.1,73,985.5,Jaisalmer_Desert,26.9157,70.9083
2023-02-06T10:00,21.5,63,986.3,Jaisalmer_Desert,26.9157,70.9083
2023-02-06T11:00,23.6,52,986.5,Jaisalmer_Desert,26.9157,70.9083
2023-02-06T12:00,25.4,40,986,Jaisalmer_Desert,26.9157,70.9083
2023-02-06T13:00,26.7,33,985,Jaisalmer_Desert,26.9157,70.9083
2023-02-06T14:00,27.4,28,984.3,Jaisalmer_Desert,26.9157,70.9083
2023-02-06T15:00,27.5,26,984,Jaisalmer_Desert,26.9157,70.9083
2023-02-06T16:00,27.4,25,984,Jaisalmer_Desert,26.9157,70.9083
2023-02-06T17:00,26.5,23,984.4,Jaisalmer_Desert,26.9157,70.9083
2023-02-06T18:00,24.5,27,984.8,Jaisalmer_Desert,26.9157,70.9083
2023-02-06T19:00,22.8,30,985.4,Jaisalmer_Desert,26.9157,70.9083
2023-02-06T20:00,21.4,33,985.7,Jaisalmer_Desert,26.9157,70.9083
2023-02-06T21:00,20.2,37,985.9,Jaisalmer_Desert,26.9157,70.9083
2023-02-06T22:00,19.1,40,986.1,Jaisalmer_Desert,26.9157,70.9083
2023-02-06T23:00,17.8,46,985.8,Jaisalmer_Desert,26.9157,70.9083
2023-02-07T00:00,16.7,50,985.7,Jaisalmer_Desert,26.9157,70.9083
2023-02-07T01:00,16.2,51,985.6,Jaisalmer_Desert,26.9157,70.9083
2023-02-07T02:00,15,53,985.2,Jaisalmer_Desert,26.9157,70.9083
2023-02-07T03:00,14,53,985,Jaisalmer_Desert,26.9157,70.9083
2023-02-07T04:00,13.4,55,984.9,Jaisalmer_Desert,26.9157,70.9083
2023-02-07T05:00,13.2,63,985.1,Jaisalmer_Desert,26.9157,70.9083
2023-02-07T06:00,13,66,985.4,Jaisalmer_Desert,26.9157,70.9083
2023-02-07T07:00,12.7,69,986.1,Jaisalmer_Desert,26.9157,70.9083
2023-02-07T08:00,14.4,62,986.8,Jaisalmer_Desert,26.9157,70.9083
2023-02-07T09:00,17.8,50,987.5,Jaisalmer_Desert,26.9157,70.9083
2023-02-07T10:00,21,38,988.3,Jaisalmer_Desert,26.9157,70.9083
2023-02-07T11:00,23.3,29,988.4,Jaisalmer_Desert,26.9157,70.9083
2023-02-07T12:00,24.4,26,987.6,Jaisalmer_Desert,26.9157,70.9083
2023-02-07T13:00,25.3,24,986.8,Jaisalmer_Desert,26.9157,70.9083
2023-02-07T14:00,26.1,21,985.8,Jaisalmer_Desert,26.9157,70.9083
2023-02-07T15:00,26.7,18,985.2,Jaisalmer_Desert,26.9157,70.9083
2023-02-07T16:00,26.7,17,984.9,Jaisalmer_Desert,26.9157,70.9083
2023-02-07T17:00,26.3,18,984.7,Jaisalmer_Desert,26.9157,70.9083
2023-02-07T18:00,24,25,984.8,Jaisalmer_Desert,26.9157,70.9083
2023-02-07T19:00,22.6,29,985.4,Jaisalmer_Desert,26.9157,70.9083
2023-02-07T20:00,22.2,29,985.6,Jaisalmer_Desert,26.9157,70.9083
2023-02-07T21:00,22.5,26,985.9,Jaisalmer_Desert,26.9157,70.9083
2023-02-07T22:00,20.3,33,986.1,Jaisalmer_Desert,26.9157,70.9083
2023-02-07T23:00,18.8,34,985.9,Jaisalmer_Desert,26.9157,70.9083
2023-02-08T00:00,17.3,38,985.3,Jaisalmer_Desert,26.9157,70.9083
2023-02-08T01:00,16.9,38,984.7,Jaisalmer_Desert,26.9157,70.9083
2023-02-08T02:00,16.5,38,984.5,Jaisalmer_Desert,26.9157,70.9083
2023-02-08T03:00,16.1,38,984,Jaisalmer_Desert,26.9157,70.9083
2023-02-08T04:00,15,40,983.9,Jaisalmer_Desert,26.9157,70.9083
2023-02-08T05:00,14.1,46,984.4,Jaisalmer_Desert,26.9157,70.9083
2023-02-08T06:00,13.8,46,985,Jaisalmer_Desert,26.9157,70.9083
2023-02-08T07:00,14,45,985.8,Jaisalmer_Desert,26.9157,70.9083
2023-02-08T08:00,15.9,39,986.6,Jaisalmer_Desert,26.9157,70.9083
2023-02-08T09:00,19.8,30,987.5,Jaisalmer_Desert,26.9157,70.9083
2023-02-08T10:00,23.6,24,988.5,Jaisalmer_Desert,26.9157,70.9083
2023-02-08T11:00,26,20,988.3,Jaisalmer_Desert,26.9157,70.9083
2023-02-08T12:00,27.6,18,987.3,Jaisalmer_Desert,26.9157,70.9083
2023-02-08T13:00,28.7,17,986,Jaisalmer_Desert,26.9157,70.9083
2023-02-08T14:00,29.3,16,985,Jaisalmer_Desert,26.9157,70.9083
2023-02-08T15:00,29.6,15,984.1,Jaisalmer_Desert,26.9157,70.9083
2023-02-08T16:00,29.4,15,983.6,Jaisalmer_Desert,26.9157,70.9083
2023-02-08T17:00,28.9,15,983.6,Jaisalmer_Desert,26.9157,70.9083
2023-02-08T18:00,27,18,983.7,Jaisalmer_Desert,26.9157,70.9083
2023-02-08T19:00,25.1,21,983.9,Jaisalmer_Desert,26.9157,70.9083
2023-02-08T20:00,24.1,23,984,Jaisalmer_Desert,26.9157,70.9083
2023-02-08T21:00,23,25,984.1,Jaisalmer_Desert,26.9157,70.9083
2023-02-08T22:00,22.2,27,984.3,Jaisalmer_Desert,26.9157,70.9083
2023-02-08T23:00,21.5,28,984.2,Jaisalmer_Desert,26.9157,70.9083
2023-02-09T00:00,20.8,29,983.7,Jaisalmer_Desert,26.9157,70.9083
2023-02-09T01:00,20,30,983.1,Jaisalmer_Desert,26.9157,70.9083
2023-02-09T02:00,19.4,32,982.3,Jaisalmer_Desert,26.9157,70.9083
2023-02-09T03:00,18.9,33,981.6,Jaisalmer_Desert,26.9157,70.9083
2023-02-09T04:00,18.7,33,981.4,Jaisalmer_Desert,26.9157,70.9083
2023-02-09T05:00,18.2,37,981.4,Jaisalmer_Desert,26.9157,70.9083
2023-02-09T06:00,18,38,981.7,Jaisalmer_Desert,26.9157,70.9083
2023-02-09T07:00,17.5,39,982.4,Jaisalmer_Desert,26.9157,70.9083
2023-02-09T08:00,18,40,983.1,Jaisalmer_Desert,26.9157,70.9083
2023-02-09T09:00,19.8,38,983.8,Jaisalmer_Desert,26.9157,70.9083
2023-02-09T10:00,22.3,37,984.5,Jaisalmer_Desert,26.9157,70.9083
2023-02-09T11:00,24.8,35,984.5,Jaisalmer_Desert,26.9157,70.9083
2023-02-09T12:00,27.1,30,983.7,Jaisalmer_Desert,26.9157,70.9083
2023-02-09T13:00,28.7,26,982.8,Jaisalmer_Desert,26.9157,70.9083
2023-02-09T14:00,29.6,24,981.8,Jaisalmer_Desert,26.9157,70.9083
2023-02-09T15:00,30.3,22,981.3,Jaisalmer_Desert,26.9157,70.9083
2023-02-09T16:00,30.7,20,981,Jaisalmer_Desert,26.9157,70.9083
2023-02-09T17:00,30.8,21,981.1,Jaisalmer_Desert,26.9157,70.9083
2023-02-09T18:00,29.1,22,981.2,Jaisalmer_Desert,26.9157,70.9083
2023-02-09T19:00,28.1,24,981.8,Jaisalmer_Desert,26.9157,70.9083
2023-02-09T20:00,27.3,24,982.1,Jaisalmer_Desert,26.9157,70.9083
2023-02-09T21:00,26.4,28,982.4,Jaisalmer_Desert,26.9157,70.9083
2023-02-09T22:00,25.5,30,982.5,Jaisalmer_Desert,26.9157,70.9083
2023-02-09T23:00,24.4,31,982.2,Jaisalmer_Desert,26.9157,70.9083
2023-02-10T00:00,23.3,32,981.8,Jaisalmer_Desert,26.9157,70.9083
2023-02-10T01:00,22.2,36,981.5,Jaisalmer_Desert,26.9157,70.9083
2023-02-10T02:00,21.2,40,981.3,Jaisalmer_Desert,26.9157,70.9083
2023-02-10T03:00,20.3,46,981.1,Jaisalmer_Desert,26.9157,70.9083
2023-02-10T04:00,19.3,55,981,Jaisalmer_Desert,26.9157,70.9083
2023-02-10T05:00,18.4,70,981.1,Jaisalmer_Desert,26.9157,70.9083
2023-02-10T06:00,17.8,80,981.3,Jaisalmer_Desert,26.9157,70.9083
2023-02-10T07:00,17.3,87,982,Jaisalmer_Desert,26.9157,70.9083
2023-02-10T08:00,18,86,982.8,Jaisalmer_Desert,26.9157,70.9083
2023-02-10T09:00,19.9,78,984,Jaisalmer_Desert,26.9157,70.9083
2023-02-10T10:00,22.1,69,984.9,Jaisalmer_Desert,26.9157,70.9083
2023-02-10T11:00,24,61,985.1,Jaisalmer_Desert,26.9157,70.9083
2023-02-10T12:00,25.7,52,984.8,Jaisalmer_Desert,26.9157,70.9083
2023-02-10T13:00,27,45,983.9,Jaisalmer_Desert,26.9157,70.9083
2023-02-10T14:00,27.9,39,983,Jaisalmer_Desert,26.9157,70.9083
2023-02-10T15:00,28.3,37,982.5,Jaisalmer_Desert,26.9157,70.9083
2023-02-10T16:00,28.2,36,982.2,Jaisalmer_Desert,26.9157,70.9083
2023-02-10T17:00,28,36,982.3,Jaisalmer_Desert,26.9157,70.9083
2023-02-10T18:00,26.7,40,982.7,Jaisalmer_Desert,26.9157,70.9083
2023-02-10T19:00,25.3,45,983.1,Jaisalmer_Desert,26.9157,70.9083
2023-02-10T20:00,23.7,50,983.7,Jaisalmer_Desert,26.9157,70.9083
2023-02-10T21:00,22.8,47,984.1,Jaisalmer_Desert,26.9157,70.9083
2023-02-10T22:00,21.9,45,984.3,Jaisalmer_Desert,26.9157,70.9083
2023-02-10T23:00,20.9,46,984.3,Jaisalmer_Desert,26.9157,70.9083
2023-02-11T00:00,20.2,46,984.2,Jaisalmer_Desert,26.9157,70.9083
2023-02-11T01:00,19.2,47,984.4,Jaisalmer_Desert,26.9157,70.9083
2023-02-11T02:00,18,51,984.3,Jaisalmer_Desert,26.9157,70.9083
2023-02-11T03:00,17.6,52,984.1,Jaisalmer_Desert,26.9157,70.9083
2023-02-11T04:00,17,54,984.4,Jaisalmer_Desert,26.9157,70.9083
2023-02-11T05:00,16.4,61,984.8,Jaisalmer_Desert,26.9157,70.9083
2023-02-11T06:00,16,62,985.5,Jaisalmer_Desert,26.9157,70.9083
2023-02-11T07:00,15.5,64,986.6,Jaisalmer_Desert,26.9157,70.9083
2023-02-11T08:00,16.8,57,987.8,Jaisalmer_Desert,26.9157,70.9083
2023-02-11T09:00,19.7,46,989,Jaisalmer_Desert,26.9157,70.9083
2023-02-11T10:00,22.7,37,990.1,Jaisalmer_Desert,26.9157,70.9083
2023-02-11T11:00,24.9,29,990.2,Jaisalmer_Desert,26.9157,70.9083
2023-02-11T12:00,26.1,24,989.7,Jaisalmer_Desert,26.9157,70.9083
2023-02-11T13:00,26.8,22,988.7,Jaisalmer_Desert,26.9157,70.9083
2023-02-11T14:00,27.2,19,987.9,Jaisalmer_Desert,26.9157,70.9083
2023-02-11T15:00,27.3,16,987.3,Jaisalmer_Desert,26.9157,70.9083
2023-02-11T16:00,27.2,15,987.1,Jaisalmer_Desert,26.9157,70.9083
2023-02-11T17:00,26.7,14,987.2,Jaisalmer_Desert,26.9157,70.9083
2023-02-11T18:00,24.7,17,987.6,Jaisalmer_Desert,26.9157,70.9083
2023-02-11T19:00,23.2,19,988.3,Jaisalmer_Desert,26.9157,70.9083
2023-02-11T20:00,21.9,21,988.9,Jaisalmer_Desert,26.9157,70.9083
2023-02-11T21:00,20.6,24,989.6,Jaisalmer_Desert,26.9157,70.9083
2023-02-11T22:00,19.5,26,989.9,Jaisalmer_Desert,26.9157,70.9083
2023-02-11T23:00,18.9,25,990.3,Jaisalmer_Desert,26.9157,70.9083
2023-02-12T00:00,18.2,22,990.3,Jaisalmer_Desert,26.9157,70.9083
2023-02-12T01:00,17.3,22,989.8,Jaisalmer_Desert,26.9157,70.9083
2023-02-12T02:00,16.7,22,989.5,Jaisalmer_Desert,26.9157,70.9083
2023-02-12T03:00,16.2,23,989.4,Jaisalmer_Desert,26.9157,70.9083
2023-02-12T04:00,15.9,24,989.4,Jaisalmer_Desert,26.9157,70.9083
2023-02-12T05:00,14.9,30,990.1,Jaisalmer_Desert,26.9157,70.9083
2023-02-12T06:00,14.6,30,990.6,Jaisalmer_Desert,26.9157,70.9083
2023-02-12T07:00,14,31,991.4,Jaisalmer_Desert,26.9157,70.9083
2023-02-12T08:00,15.5,28,992.6,Jaisalmer_Desert,26.9157,70.9083
2023-02-12T09:00,17.3,25,993.6,Jaisalmer_Desert,26.9157,70.9083
2023-02-12T10:00,19.3,21,994.4,Jaisalmer_Desert,26.9157,70.9083
2023-02-12T11:00,21.5,18,994.5,Jaisalmer_Desert,26.9157,70.9083
2023-02-12T12:00,23.3,14,993.9,Jaisalmer_Desert,26.9157,70.9083
2023-02-12T13:00,24.4,12,992.9,Jaisalmer_Desert,26.9157,70.9083
2023-02-12T14:00,25,11,992.3,Jaisalmer_Desert,26.9157,70.9083
2023-02-12T15:00,24.9,10,991.8,Jaisalmer_Desert,26.9157,70.9083
2023-02-12T16:00,24.5,10,991.7,Jaisalmer_Desert,26.9157,70.9083
2023-02-12T17:00,23.4,11,992,Jaisalmer_Desert,26.9157,70.9083
2023-02-12T18:00,21.7,13,992.6,Jaisalmer_Desert,26.9157,70.9083
2023-02-12T19:00,19.9,15,993.1,Jaisalmer_Desert,26.9157,70.9083
2023-02-12T20:00,18.7,15,993.4,Jaisalmer_Desert,26.9157,70.9083
2023-02-12T21:00,17.5,15,993.4,Jaisalmer_Desert,26.9157,70.9083
2023-02-12T22:00,16.1,17,993.3,Jaisalmer_Desert,26.9157,70.9083
2023-02-12T23:00,15.2,19,993,Jaisalmer_Desert,26.9157,70.9083
2023-02-13T00:00,14.6,21,992.8,Jaisalmer_Desert,26.9157,70.9083
2023-02-13T01:00,13.9,24,992,Jaisalmer_Desert,26.9157,70.9083
2023-02-13T02:00,13.1,25,991.5,Jaisalmer_Desert,26.9157,70.9083
2023-02-13T03:00,12.3,26,991,Jaisalmer_Desert,26.9157,70.9083
2023-02-13T04:00,11.5,27,990.8,Jaisalmer_Desert,26.9157,70.9083
2023-02-13T05:00,10.7,28,991.3,Jaisalmer_Desert,26.9157,70.9083
2023-02-13T06:00,10,30,991.2,Jaisalmer_Desert,26.9157,70.9083
2023-02-13T07:00,9.5,32,991.9,Jaisalmer_Desert,26.9157,70.9083
2023-02-13T08:00,11.4,28,992.5,Jaisalmer_Desert,26.9157,70.9083
2023-02-13T09:00,14.9,23,993.3,Jaisalmer_Desert,26.9157,70.9083
2023-02-13T10:00,18.4,16,993.6,Jaisalmer_Desert,26.9157,70.9083
2023-02-13T11:00,21.1,9,993.2,Jaisalmer_Desert,26.9157,70.9083
2023-02-13T12:00,23.1,6,992,Jaisalmer_Desert,26.9157,70.9083
2023-02-13T13:00,24.5,5,990.9,Jaisalmer_Desert,26.9157,70.9083
2023-02-13T14:00,25.5,5,989.9,Jaisalmer_Desert,26.9157,70.9083
2023-02-13T15:00,26,5,988.8,Jaisalmer_Desert,26.9157,70.9083
2023-02-13T16:00,26.1,5,988.3,Jaisalmer_Desert,26.9157,70.9083
2023-02-13T17:00,26.4,7,988.1,Jaisalmer_Desert,26.9157,70.9083
2023-02-13T18:00,24.3,10,988.2,Jaisalmer_Desert,26.9157,70.9083
2023-02-13T19:00,22.6,12,988.6,Jaisalmer_Desert,26.9157,70.9083
2023-02-13T20:00,21.4,13,988.9,Jaisalmer_Desert,26.9157,70.9083
2023-02-13T21:00,20.4,14,989.2,Jaisalmer_Desert,26.9157,70.9083
2023-02-13T22:00,19.8,14,989.5,Jaisalmer_Desert,26.9157,70.9083
2023-02-13T23:00,19.4,15,989.2,Jaisalmer_Desert,26.9157,70.9083
2023-02-14T00:00,18.8,16,988.7,Jaisalmer_Desert,26.9157,70.9083
2023-02-14T01:00,18.2,16,988.3,Jaisalmer_Desert,26.9157,70.9083
2023-02-14T02:00,17.6,17,987.8,Jaisalmer_Desert,26.9157,70.9083
2023-02-14T03:00,17.2,18,987.3,Jaisalmer_Desert,26.9157,70.9083
2023-02-14T04:00,17.1,18,987.1,Jaisalmer_Desert,26.9157,70.9083
2023-02-14T05:00,16.4,21,987.5,Jaisalmer_Desert,26.9157,70.9083
2023-02-14T06:00,15,22,987.9,Jaisalmer_Desert,26.9157,70.9083
2023-02-14T07:00,14.6,22,988.7,Jaisalmer_Desert,26.9157,70.9083
2023-02-14T08:00,16.6,20,989.6,Jaisalmer_Desert,26.9157,70.9083
2023-02-14T09:00,20.5,16,990.3,Jaisalmer_Desert,26.9157,70.9083
2023-02-14T10:00,24,14,991,Jaisalmer_Desert,26.9157,70.9083
2023-02-14T11:00,26.5,13,990.8,Jaisalmer_Desert,26.9157,70.9083
2023-02-14T12:00,28.3,12,990.2,Jaisalmer_Desert,26.9157,70.9083
2023-02-14T13:00,29.6,11,989,Jaisalmer_Desert,26.9157,70.9083
2023-02-14T14:00,30.4,10,987.7,Jaisalmer_Desert,26.9157,70.9083
2023-02-14T15:00,30.8,10,986.6,Jaisalmer_Desert,26.9157,70.9083
2023-02-14T16:00,30.7,10,986.1,Jaisalmer_Desert,26.9157,70.9083
2023-02-14T17:00,30.3,11,986.4,Jaisalmer_Desert,26.9157,70.9083
2023-02-14T18:00,27.5,14,986.7,Jaisalmer_Desert,26.9157,70.9083
2023-02-14T19:00,25.1,17,986.9,Jaisalmer_Desert,26.9157,70.9083
2023-02-14T20:00,23.5,20,987.1,Jaisalmer_Desert,26.9157,70.9083
2023-02-14T21:00,22.3,22,987.5,Jaisalmer_Desert,26.9157,70.9083
2023-02-14T22:00,21.4,23,987.5,Jaisalmer_Desert,26.9157,70.9083
2023-02-14T23:00,20.7,25,987.4,Jaisalmer_Desert,26.9157,70.9083
2023-02-15T00:00,20.1,26,987.2,Jaisalmer_Desert,26.9157,70.9083
2023-02-15T01:00,19.4,28,986.8,Jaisalmer_Desert,26.9157,70.9083
2023-02-15T02:00,18.6,30,986.5,Jaisalmer_Desert,26.9157,70.9083
2023-02-15T03:00,17.9,32,986,Jaisalmer_Desert,26.9157,70.9083
2023-02-15T04:00,17.5,33,985.7,Jaisalmer_Desert,26.9157,70.9083
2023-02-15T05:00,16.8,34,985.7,Jaisalmer_Desert,26.9157,70.9083
2023-02-15T06:00,15.8,36,985.7,Jaisalmer_Desert,26.9157,70.9083
2023-02-15T07:00,15.5,36,986.6,Jaisalmer_Desert,26.9157,70.9083
2023-02-15T08:00,18.1,30,987.3,Jaisalmer_Desert,26.9157,70.9083
2023-02-15T09:00,21.7,25,988.2,Jaisalmer_Desert,26.9157,70.9083
2023-02-15T10:00,26.5,19,989,Jaisalmer_Desert,26.9157,70.9083
2023-02-15T11:00,28.8,18,989.1,Jaisalmer_Desert,26.9157,70.9083
2023-02-15T12:00,30.3,16,988.4,Jaisalmer_Desert,26.9157,70.9083
2023-02-15T13:00,31.4,15,987.4,Jaisalmer_Desert,26.9157,70.9083
2023-02-15T14:00,32,14,986.7,Jaisalmer_Desert,26.9157,70.9083
2023-02-15T15:00,32.2,13,986,Jaisalmer_Desert,26.9157,70.9083
2023-02-15T16:00,32.1,13,985.6,Jaisalmer_Desert,26.9157,70.9083
2023-02-15T17:00,32,14,985.2,Jaisalmer_Desert,26.9157,70.9083
2023-02-15T18:00,28.9,17,985.2,Jaisalmer_Desert,26.9157,70.9083
2023-02-15T19:00,26.5,21,985.5,Jaisalmer_Desert,26.9157,70.9083
2023-02-15T20:00,25,23,985.7,Jaisalmer_Desert,26.9157,70.9083
2023-02-15T21:00,23.7,25,986,Jaisalmer_Desert,26.9157,70.9083
2023-02-15T22:00,22.6,27,986.2,Jaisalmer_Desert,26.9157,70.9083
2023-02-15T23:00,21.8,29,986.4,Jaisalmer_Desert,26.9157,70.9083
2023-02-16T00:00,21,31,986,Jaisalmer_Desert,26.9157,70.9083
2023-02-16T01:00,20.1,34,985.5,Jaisalmer_Desert,26.9157,70.9083
2023-02-16T02:00,20.9,32,985.5,Jaisalmer_Desert,26.9157,70.9083
2023-02-16T03:00,22.3,29,985.3,Jaisalmer_Desert,26.9157,70.9083
2023-02-16T04:00,20.4,34,985.2,Jaisalmer_Desert,26.9157,70.9083
2023-02-16T05:00,18,44,984.9,Jaisalmer_Desert,26.9157,70.9083
2023-02-16T06:00,16.8,47,985.3,Jaisalmer_Desert,26.9157,70.9083
2023-02-16T07:00,16.2,49,986.3,Jaisalmer_Desert,26.9157,70.9083
2023-02-16T08:00,18.5,44,987.2,Jaisalmer_Desert,26.9157,70.9083
2023-02-16T09:00,23.2,35,988.3,Jaisalmer_Desert,26.9157,70.9083
2023-02-16T10:00,27.3,30,989,Jaisalmer_Desert,26.9157,70.9083
2023-02-16T11:00,30,25,989.1,Jaisalmer_Desert,26.9157,70.9083
2023-02-16T12:00,31.7,19,988.2,Jaisalmer_Desert,26.9157,70.9083
2023-02-16T13:00,33.1,16,987.4,Jaisalmer_Desert,26.9157,70.9083
2023-02-16T14:00,34.1,13,986.5,Jaisalmer_Desert,26.9157,70.9083
2023-02-16T15:00,34.4,11,985.8,Jaisalmer_Desert,26.9157,70.9083
2023-02-16T16:00,34.3,10,985.6,Jaisalmer_Desert,26.9157,70.9083
2023-02-16T17:00,33.7,12,985.3,Jaisalmer_Desert,26.9157,70.9083
2023-02-16T18:00,30.4,16,985.6,Jaisalmer_Desert,26.9157,70.9083
2023-02-16T19:00,28,18,986.1,Jaisalmer_Desert,26.9157,70.9083
2023-02-16T20:00,26.3,20,986.5,Jaisalmer_Desert,26.9157,70.9083
2023-02-16T21:00,24.7,23,986.7,Jaisalmer_Desert,26.9157,70.9083
2023-02-16T22:00,23.6,25,987,Jaisalmer_Desert,26.9157,70.9083
2023-02-16T23:00,23.8,25,987.1,Jaisalmer_Desert,26.9157,70.9083
2023-02-17T00:00,24.8,23,987,Jaisalmer_Desert,26.9157,70.9083
2023-02-17T01:00,25.6,22,987,Jaisalmer_Desert,26.9157,70.9083
2023-02-17T02:00,25.2,23,986.6,Jaisalmer_Desert,26.9157,70.9083
2023-02-17T03:00,24.2,25,986.1,Jaisalmer_Desert,26.9157,70.9083
2023-02-17T04:00,22.9,28,985.8,Jaisalmer_Desert,26.9157,70.9083
2023-02-17T05:00,22.3,32,985.8,Jaisalmer_Desert,26.9157,70.9083
2023-02-17T06:00,21.8,33,986.5,Jaisalmer_Desert,26.9157,70.9083
2023-02-17T07:00,20,37,987.1,Jaisalmer_Desert,26.9157,70.9083
2023-02-17T08:00,19.3,42,987.7,Jaisalmer_Desert,26.9157,70.9083
2023-02-17T09:00,23.3,31,988.7,Jaisalmer_Desert,26.9157,70.9083
2023-02-17T10:00,27.1,25,989.6,Jaisalmer_Desert,26.9157,70.9083
2023-02-17T11:00,29.8,21,989.7,Jaisalmer_Desert,26.9157,70.9083
2023-02-17T12:00,31.4,19,989.2,Jaisalmer_Desert,26.9157,70.9083
2023-02-17T13:00,32.4,16,988.3,Jaisalmer_Desert,26.9157,70.9083
2023-02-17T14:00,33,15,987.5,Jaisalmer_Desert,26.9157,70.9083
2023-02-17T15:00,33.2,14,986.8,Jaisalmer_Desert,26.9157,70.9083
2023-02-17T16:00,33.1,13,986.6,Jaisalmer_Desert,26.9157,70.9083
2023-02-17T17:00,32.6,15,986.6,Jaisalmer_Desert,26.9157,70.9083
2023-02-17T18:00,29.7,20,986.9,Jaisalmer_Desert,26.9157,70.9083
2023-02-17T19:00,27.6,23,987.2,Jaisalmer_Desert,26.9157,70.9083
2023-02-17T20:00,26,25,987.5,Jaisalmer_Desert,26.9157,70.9083
2023-02-17T21:00,24.8,27,987.6,Jaisalmer_Desert,26.9157,70.9083
2023-02-17T22:00,23.5,29,988,Jaisalmer_Desert,26.9157,70.9083
2023-02-17T23:00,22.6,31,987.6,Jaisalmer_Desert,26.9157,70.9083
2023-02-18T00:00,22.8,30,987.3,Jaisalmer_Desert,26.9157,70.9083
2023-02-18T01:00,22.5,31,987,Jaisalmer_Desert,26.9157,70.9083
2023-02-18T02:00,22,32,986.7,Jaisalmer_Desert,26.9157,70.9083
2023-02-18T03:00,20.8,34,986.2,Jaisalmer_Desert,26.9157,70.9083
2023-02-18T04:00,19,39,985.7,Jaisalmer_Desert,26.9157,70.9083
2023-02-18T05:00,16.5,50,986,Jaisalmer_Desert,26.9157,70.9083
2023-02-18T06:00,16.7,49,986.3,Jaisalmer_Desert,26.9157,70.9083
2023-02-18T07:00,16.4,49,987.2,Jaisalmer_Desert,26.9157,70.9083
2023-02-18T08:00,17.7,47,987.8,Jaisalmer_Desert,26.9157,70.9083
2023-02-18T09:00,21.5,35,988.8,Jaisalmer_Desert,26.9157,70.9083
2023-02-18T10:00,25.4,27,989.5,Jaisalmer_Desert,26.9157,70.9083
2023-02-18T11:00,28.6,22,989.6,Jaisalmer_Desert,26.9157,70.9083
2023-02-18T12:00,30.7,17,988.8,Jaisalmer_Desert,26.9157,70.9083
2023-02-18T13:00,31.8,15,987.6,Jaisalmer_Desert,26.9157,70.9083
2023-02-18T14:00,32.6,13,986.8,Jaisalmer_Desert,26.9157,70.9083
2023-02-18T15:00,33.1,12,985.9,Jaisalmer_Desert,26.9157,70.9083
2023-02-18T16:00,33.3,11,985.5,Jaisalmer_Desert,26.9157,70.9083
2023-02-18T17:00,33.6,12,985.2,Jaisalmer_Desert,26.9157,70.9083
2023-02-18T18:00,32.9,13,985.7,Jaisalmer_Desert,26.9157,70.9083
2023-02-18T19:00,31.1,15,986.2,Jaisalmer_Desert,26.9157,70.9083
2023-02-18T20:00,29.6,17,986.8,Jaisalmer_Desert,26.9157,70.9083
2023-02-18T21:00,26.5,23,987,Jaisalmer_Desert,26.9157,70.9083
2023-02-18T22:00,24.6,26,987.2,Jaisalmer_Desert,26.9157,70.9083
2023-02-18T23:00,23,28,986.7,Jaisalmer_Desert,26.9157,70.9083
2023-02-19T00:00,22.4,29,986.2,Jaisalmer_Desert,26.9157,70.9083
2023-02-19T01:00,21.8,30,985.7,Jaisalmer_Desert,26.9157,70.9083
2023-02-19T02:00,21,34,985.1,Jaisalmer_Desert,26.9157,70.9083
2023-02-19T03:00,20.3,37,984.3,Jaisalmer_Desert,26.9157,70.9083
2023-02-19T04:00,19.8,38,983.9,Jaisalmer_Desert,26.9157,70.9083
2023-02-19T05:00,19,41,984.6,Jaisalmer_Desert,26.9157,70.9083
2023-02-19T06:00,18,44,984.7,Jaisalmer_Desert,26.9157,70.9083
2023-02-19T07:00,17.5,46,985.7,Jaisalmer_Desert,26.9157,70.9083
2023-02-19T08:00,20.1,39,986.4,Jaisalmer_Desert,26.9157,70.9083
2023-02-19T09:00,24.7,29,987.3,Jaisalmer_Desert,26.9157,70.9083
2023-02-19T10:00,28.1,23,987.8,Jaisalmer_Desert,26.9157,70.9083
2023-02-19T11:00,30.5,19,987.5,Jaisalmer_Desert,26.9157,70.9083
2023-02-19T12:00,32.1,16,986.9,Jaisalmer_Desert,26.9157,70.9083
2023-02-19T13:00,33.3,13,985.8,Jaisalmer_Desert,26.9157,70.9083
2023-02-19T14:00,34.2,12,984.7,Jaisalmer_Desert,26.9157,70.9083
2023-02-19T15:00,34.6,11,984.1,Jaisalmer_Desert,26.9157,70.9083
2023-02-19T16:00,34.6,10,983.7,Jaisalmer_Desert,26.9157,70.9083
2023-02-19T17:00,34.4,10,983.4,Jaisalmer_Desert,26.9157,70.9083
2023-02-19T18:00,31.5,12,983.3,Jaisalmer_Desert,26.9157,70.9083
2023-02-19T19:00,29,14,983.4,Jaisalmer_Desert,26.9157,70.9083
2023-02-19T20:00,27.5,15,983.8,Jaisalmer_Desert,26.9157,70.9083
2023-02-19T21:00,26.3,16,984,Jaisalmer_Desert,26.9157,70.9083
2023-02-19T22:00,25.9,16,983.7,Jaisalmer_Desert,26.9157,70.9083
2023-02-19T23:00,25.5,15,983.4,Jaisalmer_Desert,26.9157,70.9083
2023-02-20T00:00,24.9,15,983.1,Jaisalmer_Desert,26.9157,70.9083
2023-02-20T01:00,24.2,16,982.6,Jaisalmer_Desert,26.9157,70.9083
2023-02-20T02:00,23.4,18,982.2,Jaisalmer_Desert,26.9157,70.9083
2023-02-20T03:00,22.5,20,981.6,Jaisalmer_Desert,26.9157,70.9083
2023-02-20T04:00,21.6,24,981.4,Jaisalmer_Desert,26.9157,70.9083
2023-02-20T05:00,20.7,30,981.7,Jaisalmer_Desert,26.9157,70.9083
2023-02-20T06:00,19.6,36,981.8,Jaisalmer_Desert,26.9157,70.9083
2023-02-20T07:00,19,41,982.5,Jaisalmer_Desert,26.9157,70.9083
2023-02-20T08:00,20.1,40,983.2,Jaisalmer_Desert,26.9157,70.9083
2023-02-20T09:00,22.6,36,983.8,Jaisalmer_Desert,26.9157,70.9083
2023-02-20T10:00,26,30,984.4,Jaisalmer_Desert,26.9157,70.9083
2023-02-20T11:00,29,23,984.5,Jaisalmer_Desert,26.9157,70.9083
2023-02-20T12:00,30.9,20,984,Jaisalmer_Desert,26.9157,70.9083
2023-02-20T13:00,32.2,18,983,Jaisalmer_Desert,26.9157,70.9083
2023-02-20T14:00,32.9,17,982.5,Jaisalmer_Desert,26.9157,70.9083
2023-02-20T15:00,33.1,17,981.9,Jaisalmer_Desert,26.9157,70.9083
2023-02-20T16:00,33,17,981.7,Jaisalmer_Desert,26.9157,70.9083
2023-02-20T17:00,32.8,17,981.7,Jaisalmer_Desert,26.9157,70.9083
2023-02-20T18:00,30.6,20,981.9,Jaisalmer_Desert,26.9157,70.9083
2023-02-20T19:00,28.2,24,982.1,Jaisalmer_Desert,26.9157,70.9083
2023-02-20T20:00,26.8,26,982.6,Jaisalmer_Desert,26.9157,70.9083
2023-02-20T21:00,25.8,27,983,Jaisalmer_Desert,26.9157,70.9083
2023-02-20T22:00,24.4,31,983.1,Jaisalmer_Desert,26.9157,70.9083
2023-02-20T23:00,23.2,35,982.8,Jaisalmer_Desert,26.9157,70.9083
2023-02-21T00:00,22.9,37,982.4,Jaisalmer_Desert,26.9157,70.9083
2023-02-21T01:00,22.3,39,981.8,Jaisalmer_Desert,26.9157,70.9083
2023-02-21T02:00,21.8,42,981.5,Jaisalmer_Desert,26.9157,70.9083
2023-02-21T03:00,21.1,43,982.1,Jaisalmer_Desert,26.9157,70.9083
2023-02-21T04:00,19.6,43,981.9,Jaisalmer_Desert,26.9157,70.9083
2023-02-21T05:00,18.8,49,982.5,Jaisalmer_Desert,26.9157,70.9083
2023-02-21T06:00,17.9,57,982.9,Jaisalmer_Desert,26.9157,70.9083
2023-02-21T07:00,17.3,67,983.5,Jaisalmer_Desert,26.9157,70.9083
2023-02-21T08:00,19.1,64,984.6,Jaisalmer_Desert,26.9157,70.9083
2023-02-21T09:00,23.2,50,985.5,Jaisalmer_Desert,26.9157,70.9083
2023-02-21T10:00,26.4,37,986,Jaisalmer_Desert,26.9157,70.9083
2023-02-21T11:00,28.6,28,986.1,Jaisalmer_Desert,26.9157,70.9083
2023-02-21T12:00,30.3,21,985.8,Jaisalmer_Desert,26.9157,70.9083
2023-02-21T13:00,31.4,17,984.9,Jaisalmer_Desert,26.9157,70.9083
2023-02-21T14:00,32.1,16,984.3,Jaisalmer_Desert,26.9157,70.9083
2023-02-21T15:00,32.2,16,983.7,Jaisalmer_Desert,26.9157,70.9083
2023-02-21T16:00,32,16,983.5,Jaisalmer_Desert,26.9157,70.9083
2023-02-21T17:00,31.2,18,983.6,Jaisalmer_Desert,26.9157,70.9083
2023-02-21T18:00,29.8,20,984,Jaisalmer_Desert,26.9157,70.9083
2023-02-21T19:00,27.9,23,984.5,Jaisalmer_Desert,26.9157,70.9083
2023-02-21T20:00,26.2,24,984.8,Jaisalmer_Desert,26.9157,70.9083
2023-02-21T21:00,24.5,26,984.8,Jaisalmer_Desert,26.9157,70.9083
2023-02-21T22:00,23.2,29,985,Jaisalmer_Desert,26.9157,70.9083
2023-02-21T23:00,22,32,984.8,Jaisalmer_Desert,26.9157,70.9083
2023-02-22T00:00,21,36,984.8,Jaisalmer_Desert,26.9157,70.9083
2023-02-22T01:00,19.8,44,984.5,Jaisalmer_Desert,26.9157,70.9083
2023-02-22T02:00,19.3,46,984.2,Jaisalmer_Desert,26.9157,70.9083
2023-02-22T03:00,18.7,49,983.8,Jaisalmer_Desert,26.9157,70.9083
2023-02-22T04:00,17.7,52,983.4,Jaisalmer_Desert,26.9157,70.9083
2023-02-22T05:00,17.5,60,983.2,Jaisalmer_Desert,26.9157,70.9083
2023-02-22T06:00,17.6,59,983.6,Jaisalmer_Desert,26.9157,70.9083
2023-02-22T07:00,17.4,58,984.2,Jaisalmer_Desert,26.9157,70.9083
2023-02-22T08:00,19.8,47,984.8,Jaisalmer_Desert,26.9157,70.9083
2023-02-22T09:00,24.3,32,985.7,Jaisalmer_Desert,26.9157,70.9083
2023-02-22T10:00,27.9,25,986.4,Jaisalmer_Desert,26.9157,70.9083
2023-02-22T11:00,29.6,20,986.2,Jaisalmer_Desert,26.9157,70.9083
2023-02-22T12:00,30.8,17,985.4,Jaisalmer_Desert,26.9157,70.9083
2023-02-22T13:00,31.6,16,984.5,Jaisalmer_Desert,26.9157,70.9083
2023-02-22T14:00,32.3,16,983.3,Jaisalmer_Desert,26.9157,70.9083
2023-02-22T15:00,32.5,18,982.6,Jaisalmer_Desert,26.9157,70.9083
2023-02-22T16:00,32.3,18,982.2,Jaisalmer_Desert,26.9157,70.9083
2023-02-22T17:00,31.9,18,982.6,Jaisalmer_Desert,26.9157,70.9083
2023-02-22T18:00,30.3,20,983.1,Jaisalmer_Desert,26.9157,70.9083
2023-02-22T19:00,28.1,25,983.5,Jaisalmer_Desert,26.9157,70.9083
2023-02-22T20:00,26.5,30,983.6,Jaisalmer_Desert,26.9157,70.9083
2023-02-22T21:00,25.5,32,983.9,Jaisalmer_Desert,26.9157,70.9083
2023-02-22T22:00,24.4,32,984.2,Jaisalmer_Desert,26.9157,70.9083
2023-02-22T23:00,23.5,32,984.2,Jaisalmer_Desert,26.9157,70.9083
2023-02-23T00:00,23,32,984,Jaisalmer_Desert,26.9157,70.9083
2023-02-23T01:00,22.3,33,983.7,Jaisalmer_Desert,26.9157,70.9083
2023-02-23T02:00,21.6,36,983.7,Jaisalmer_Desert,26.9157,70.9083
2023-02-23T03:00,20.8,42,983.5,Jaisalmer_Desert,26.9157,70.9083
2023-02-23T04:00,20.2,52,983.2,Jaisalmer_Desert,26.9157,70.9083
2023-02-23T05:00,18.7,65,983.5,Jaisalmer_Desert,26.9157,70.9083
2023-02-23T06:00,17.2,76,984,Jaisalmer_Desert,26.9157,70.9083
2023-02-23T07:00,16.2,84,984.6,Jaisalmer_Desert,26.9157,70.9083
2023-02-23T08:00,18,76,985.5,Jaisalmer_Desert,26.9157,70.9083
2023-02-23T09:00,20.7,65,986.5,Jaisalmer_Desert,26.9157,70.9083
2023-02-23T10:00,23.8,54,986.9,Jaisalmer_Desert,26.9157,70.9083
2023-02-23T11:00,26.6,42,986.7,Jaisalmer_Desert,26.9157,70.9083
2023-02-23T12:00,28.7,34,986.2,Jaisalmer_Desert,26.9157,70.9083
2023-02-23T13:00,30.3,27,985.4,Jaisalmer_Desert,26.9157,70.9083
2023-02-23T14:00,31.3,21,984.3,Jaisalmer_Desert,26.9157,70.9083
2023-02-23T15:00,31.8,19,983.9,Jaisalmer_Desert,26.9157,70.9083
2023-02-23T16:00,31.8,18,983.7,Jaisalmer_Desert,26.9157,70.9083
2023-02-23T17:00,31,20,984,Jaisalmer_Desert,26.9157,70.9083
2023-02-23T18:00,30,22,984.2,Jaisalmer_Desert,26.9157,70.9083
2023-02-23T19:00,28.2,25,984.6,Jaisalmer_Desert,26.9157,70.9083
2023-02-23T20:00,27.1,28,985,Jaisalmer_Desert,26.9157,70.9083
2023-02-23T21:00,26.1,30,985.6,Jaisalmer_Desert,26.9157,70.9083
2023-02-23T22:00,25.4,31,985.8,Jaisalmer_Desert,26.9157,70.9083
2023-02-23T23:00,24.3,33,985.8,Jaisalmer_Desert,26.9157,70.9083
2023-02-24T00:00,23.5,35,985.6,Jaisalmer_Desert,26.9157,70.9083
2023-02-24T01:00,23,37,985.1,Jaisalmer_Desert,26.9157,70.9083
2023-02-24T02:00,22.5,38,984.7,Jaisalmer_Desert,26.9157,70.9083
2023-02-24T03:00,22,39,984.3,Jaisalmer_Desert,26.9157,70.9083
2023-02-24T04:00,21.3,42,984.3,Jaisalmer_Desert,26.9157,70.9083
2023-02-24T05:00,20.2,50,984.8,Jaisalmer_Desert,26.9157,70.9083
2023-02-24T06:00,19.5,53,985.1,Jaisalmer_Desert,26.9157,70.9083
2023-02-24T07:00,19.2,55,985.6,Jaisalmer_Desert,26.9157,70.9083
2023-02-24T08:00,21.5,47,986.6,Jaisalmer_Desert,26.9157,70.9083
2023-02-24T09:00,24.5,40,987.9,Jaisalmer_Desert,26.9157,70.9083
2023-02-24T10:00,26.4,37,988.5,Jaisalmer_Desert,26.9157,70.9083
2023-02-24T11:00,28.2,33,988.6,Jaisalmer_Desert,26.9157,70.9083
2023-02-24T12:00,29.4,27,987.9,Jaisalmer_Desert,26.9157,70.9083
2023-02-24T13:00,30.5,23,987,Jaisalmer_Desert,26.9157,70.9083
2023-02-24T14:00,31.3,20,986.1,Jaisalmer_Desert,26.9157,70.9083
2023-02-24T15:00,31.6,18,985.6,Jaisalmer_Desert,26.9157,70.9083
2023-02-24T16:00,31.5,18,985.3,Jaisalmer_Desert,26.9157,70.9083
2023-02-24T17:00,31.6,19,985.5,Jaisalmer_Desert,26.9157,70.9083
2023-02-24T18:00,30.2,21,985.7,Jaisalmer_Desert,26.9157,70.9083
2023-02-24T19:00,28.1,25,986.1,Jaisalmer_Desert,26.9157,70.9083
2023-02-24T20:00,27.2,27,986.5,Jaisalmer_Desert,26.9157,70.9083
2023-02-24T21:00,26.4,30,987.1,Jaisalmer_Desert,26.9157,70.9083
2023-02-24T22:00,25.6,32,987.5,Jaisalmer_Desert,26.9157,70.9083
2023-02-24T23:00,24.9,34,987.4,Jaisalmer_Desert,26.9157,70.9083
2023-02-25T00:00,24.1,36,987.3,Jaisalmer_Desert,26.9157,70.9083
2023-02-25T01:00,23.1,38,986.9,Jaisalmer_Desert,26.9157,70.9083
2023-02-25T02:00,22.5,39,986.6,Jaisalmer_Desert,26.9157,70.9083
2023-02-25T03:00,21.7,40,986.4,Jaisalmer_Desert,26.9157,70.9083
2023-02-25T04:00,21.8,39,986.5,Jaisalmer_Desert,26.9157,70.9083
2023-02-25T05:00,19.9,50,986.8,Jaisalmer_Desert,26.9157,70.9083
2023-02-25T06:00,19.1,51,987.3,Jaisalmer_Desert,26.9157,70.9083
2023-02-25T07:00,18.5,51,988,Jaisalmer_Desert,26.9157,70.9083
2023-02-25T08:00,20.1,50,988.9,Jaisalmer_Desert,26.9157,70.9083
2023-02-25T09:00,23.1,46,989.8,Jaisalmer_Desert,26.9157,70.9083
2023-02-25T10:00,26.1,40,990.3,Jaisalmer_Desert,26.9157,70.9083
2023-02-25T11:00,28.5,31,990,Jaisalmer_Desert,26.9157,70.9083
2023-02-25T12:00,29.8,26,989.5,Jaisalmer_Desert,26.9157,70.9083
2023-02-25T13:00,30.5,23,988.3,Jaisalmer_Desert,26.9157,70.9083
2023-02-25T14:00,30.9,22,987.3,Jaisalmer_Desert,26.9157,70.9083
2023-02-25T15:00,31.2,21,986.6,Jaisalmer_Desert,26.9157,70.9083
2023-02-25T16:00,31.1,21,986.3,Jaisalmer_Desert,26.9157,70.9083
2023-02-25T17:00,31,19,986.2,Jaisalmer_Desert,26.9157,70.9083
2023-02-25T18:00,29.9,20,986.7,Jaisalmer_Desert,26.9157,70.9083
2023-02-25T19:00,28,24,987.3,Jaisalmer_Desert,26.9157,70.9083
2023-02-25T20:00,26.6,28,988,Jaisalmer_Desert,26.9157,70.9083
2023-02-25T21:00,27.8,24,989,Jaisalmer_Desert,26.9157,70.9083
2023-02-25T22:00,24.8,30,988.9,Jaisalmer_Desert,26.9157,70.9083
2023-02-25T23:00,23.7,31,988.8,Jaisalmer_Desert,26.9157,70.9083
2023-02-26T00:00,22.7,33,988.3,Jaisalmer_Desert,26.9157,70.9083
2023-02-26T01:00,21.5,36,987.9,Jaisalmer_Desert,26.9157,70.9083
2023-02-26T02:00,20.8,37,987.7,Jaisalmer_Desert,26.9157,70.9083
2023-02-26T03:00,20.3,38,987.8,Jaisalmer_Desert,26.9157,70.9083
2023-02-26T04:00,20.1,38,987.7,Jaisalmer_Desert,26.9157,70.9083
2023-02-26T05:00,19.7,37,988.1,Jaisalmer_Desert,26.9157,70.9083
2023-02-26T06:00,18.8,36,988.7,Jaisalmer_Desert,26.9157,70.9083
2023-02-26T07:00,18.8,34,989.3,Jaisalmer_Desert,26.9157,70.9083
2023-02-26T08:00,21.5,30,990.2,Jaisalmer_Desert,26.9157,70.9083
2023-02-26T09:00,25.2,27,991.3,Jaisalmer_Desert,26.9157,70.9083
2023-02-26T10:00,28.3,23,992,Jaisalmer_Desert,26.9157,70.9083
2023-02-26T11:00,29.8,20,991.8,Jaisalmer_Desert,26.9157,70.9083
2023-02-26T12:00,30.9,19,991.3,Jaisalmer_Desert,26.9157,70.9083
2023-02-26T13:00,31.8,19,990.2,Jaisalmer_Desert,26.9157,70.9083
2023-02-26T14:00,32.3,17,989.4,Jaisalmer_Desert,26.9157,70.9083
2023-02-26T15:00,32.6,16,988.9,Jaisalmer_Desert,26.9157,70.9083
2023-02-26T16:00,32.4,15,988.7,Jaisalmer_Desert,26.9157,70.9083
2023-02-26T17:00,31.6,19,988.8,Jaisalmer_Desert,26.9157,70.9083
2023-02-26T18:00,30.4,20,989.1,Jaisalmer_Desert,26.9157,70.9083
2023-02-26T19:00,28.4,23,989.8,Jaisalmer_Desert,26.9157,70.9083
2023-02-26T20:00,27,27,990,Jaisalmer_Desert,26.9157,70.9083
2023-02-26T21:00,29.2,22,990.7,Jaisalmer_Desert,26.9157,70.9083
2023-02-26T22:00,28.5,23,990.7,Jaisalmer_Desert,26.9157,70.9083
2023-02-26T23:00,25.7,28,990.1,Jaisalmer_Desert,26.9157,70.9083
2023-02-27T00:00,23.4,32,989.5,Jaisalmer_Desert,26.9157,70.9083
2023-02-27T01:00,23.6,32,988.9,Jaisalmer_Desert,26.9157,70.9083
2023-02-27T02:00,25.5,27,988.7,Jaisalmer_Desert,26.9157,70.9083
2023-02-27T03:00,25,28,988.6,Jaisalmer_Desert,26.9157,70.9083
2023-02-27T04:00,20.7,39,988.2,Jaisalmer_Desert,26.9157,70.9083
2023-02-27T05:00,19.2,44,988.4,Jaisalmer_Desert,26.9157,70.9083
2023-02-27T06:00,18.7,45,989,Jaisalmer_Desert,26.9157,70.9083
2023-02-27T07:00,19.4,42,989.5,Jaisalmer_Desert,26.9157,70.9083
2023-02-27T08:00,22.1,35,990.4,Jaisalmer_Desert,26.9157,70.9083
2023-02-27T09:00,25.1,28,991.3,Jaisalmer_Desert,26.9157,70.9083
2023-02-27T10:00,28.3,23,991.8,Jaisalmer_Desert,26.9157,70.9083
2023-02-27T11:00,30.9,19,991.9,Jaisalmer_Desert,26.9157,70.9083
2023-02-27T12:00,32.2,16,991.3,Jaisalmer_Desert,26.9157,70.9083
2023-02-27T13:00,32.7,15,990,Jaisalmer_Desert,26.9157,70.9083
2023-02-27T14:00,33.1,14,988.8,Jaisalmer_Desert,26.9157,70.9083
2023-02-27T15:00,33.3,13,988.1,Jaisalmer_Desert,26.9157,70.9083
2023-02-27T16:00,33.3,13,987.5,Jaisalmer_Desert,26.9157,70.9083
2023-02-27T17:00,33.1,13,987.4,Jaisalmer_Desert,26.9157,70.9083
2023-02-27T18:00,31.2,16,987.4,Jaisalmer_Desert,26.9157,70.9083
2023-02-27T19:00,28.6,20,987.8,Jaisalmer_Desert,26.9157,70.9083
2023-02-27T20:00,27.4,21,988,Jaisalmer_Desert,26.9157,70.9083
2023-02-27T21:00,28.8,17,988.6,Jaisalmer_Desert,26.9157,70.9083
2023-02-27T22:00,28.5,18,988.7,Jaisalmer_Desert,26.9157,70.9083
2023-02-27T23:00,26.5,22,988.4,Jaisalmer_Desert,26.9157,70.9083
2023-02-28T00:00,23.7,26,987.9,Jaisalmer_Desert,26.9157,70.9083
2023-02-28T01:00,23,27,987.3,Jaisalmer_Desert,26.9157,70.9083
2023-02-28T02:00,22.8,25,987,Jaisalmer_Desert,26.9157,70.9083
2023-02-28T03:00,22,24,986.6,Jaisalmer_Desert,26.9157,70.9083
2023-02-28T04:00,21.8,24,986.4,Jaisalmer_Desert,26.9157,70.9083
2023-02-28T05:00,20.9,32,986.9,Jaisalmer_Desert,26.9157,70.9083
2023-02-28T06:00,21.1,32,987.4,Jaisalmer_Desert,26.9157,70.9083
2023-02-28T07:00,21,34,988.2,Jaisalmer_Desert,26.9157,70.9083
2023-02-28T08:00,22.8,32,988.9,Jaisalmer_Desert,26.9157,70.9083
2023-02-28T09:00,25.9,26,989.9,Jaisalmer_Desert,26.9157,70.9083
2023-02-28T10:00,29,22,990.2,Jaisalmer_Desert,26.9157,70.9083
2023-02-28T11:00,31.3,18,990.2,Jaisalmer_Desert,26.9157,70.9083
2023-02-28T12:00,32.6,16,989.6,Jaisalmer_Desert,26.9157,70.9083
2023-02-28T13:00,33.3,14,988.5,Jaisalmer_Desert,26.9157,70.9083
2023-02-28T14:00,34,13,987.4,Jaisalmer_Desert,26.9157,70.9083
2023-02-28T15:00,34,13,986.4,Jaisalmer_Desert,26.9157,70.9083
2023-02-28T16:00,33.8,13,985.8,Jaisalmer_Desert,26.9157,70.9083
2023-02-28T17:00,33.2,13,986,Jaisalmer_Desert,26.9157,70.9083
2023-02-28T18:00,31.8,14,986.3,Jaisalmer_Desert,26.9157,70.9083
2023-02-28T19:00,29.9,15,986.7,Jaisalmer_Desert,26.9157,70.9083
2023-02-28T20:00,28.8,16,987.3,Jaisalmer_Desert,26.9157,70.9083
2023-02-28T21:00,26.4,20,988,Jaisalmer_Desert,26.9157,70.9083
2023-02-28T22:00,25.5,24,988.8,Jaisalmer_Desert,26.9157,70.9083
2023-02-28T23:00,24.1,39,988.6,Jaisalmer_Desert,26.9157,70.9083
2023-03-01T00:00,22.9,45,988.4,Jaisalmer_Desert,26.9157,70.9083
2023-03-01T01:00,22.1,47,987.9,Jaisalmer_Desert,26.9157,70.9083
2023-03-01T02:00,21,51,987.6,Jaisalmer_Desert,26.9157,70.9083
2023-03-01T03:00,20.2,55,987.2,Jaisalmer_Desert,26.9157,70.9083
2023-03-01T04:00,19.4,59,987.1,Jaisalmer_Desert,26.9157,70.9083
2023-03-01T05:00,18.4,66,988.1,Jaisalmer_Desert,26.9157,70.9083
2023-03-01T06:00,18,65,989,Jaisalmer_Desert,26.9157,70.9083
2023-03-01T07:00,17.7,66,989.9,Jaisalmer_Desert,26.9157,70.9083
2023-03-01T08:00,19.1,60,990.5,Jaisalmer_Desert,26.9157,70.9083
2023-03-01T09:00,21.4,52,991.5,Jaisalmer_Desert,26.9157,70.9083
2023-03-01T10:00,24.2,44,991.9,Jaisalmer_Desert,26.9157,70.9083
2023-03-01T11:00,27,35,991.7,Jaisalmer_Desert,26.9157,70.9083
2023-03-01T12:00,29.5,28,991.2,Jaisalmer_Desert,26.9157,70.9083
2023-03-01T13:00,31.2,22,990,Jaisalmer_Desert,26.9157,70.9083
2023-03-01T14:00,32,18,988.9,Jaisalmer_Desert,26.9157,70.9083
2023-03-01T15:00,32,17,988,Jaisalmer_Desert,26.9157,70.9083
2023-03-01T16:00,32.7,16,987.2,Jaisalmer_Desert,26.9157,70.9083
2023-03-01T17:00,30.9,19,988.1,Jaisalmer_Desert,26.9157,70.9083
2023-03-01T18:00,29.6,21,988.1,Jaisalmer_Desert,26.9157,70.9083
2023-03-01T19:00,28,23,988.5,Jaisalmer_Desert,26.9157,70.9083
2023-03-01T20:00,26.1,35,989.4,Jaisalmer_Desert,26.9157,70.9083
2023-03-01T21:00,25.2,40,990.5,Jaisalmer_Desert,26.9157,70.9083
2023-03-01T22:00,24.1,44,991.1,Jaisalmer_Desert,26.9157,70.9083
2023-03-01T23:00,23.2,47,991.1,Jaisalmer_Desert,26.9157,70.9083
2023-03-02T00:00,22.3,52,990.6,Jaisalmer_Desert,26.9157,70.9083
2023-03-02T01:00,21.4,56,990.2,Jaisalmer_Desert,26.9157,70.9083
2023-03-02T02:00,20.5,60,989.9,Jaisalmer_Desert,26.9157,70.9083
2023-03-02T03:00,19.6,62,989.7,Jaisalmer_Desert,26.9157,70.9083
2023-03-02T04:00,18.7,66,989.7,Jaisalmer_Desert,26.9157,70.9083
2023-03-02T05:00,18.2,73,990.9,Jaisalmer_Desert,26.9157,70.9083
2023-03-02T06:00,17.5,78,991.4,Jaisalmer_Desert,26.9157,70.9083
2023-03-02T07:00,17.1,80,992,Jaisalmer_Desert,26.9157,70.9083
2023-03-02T08:00,18.1,74,992.5,Jaisalmer_Desert,26.9157,70.9083
2023-03-02T09:00,20.1,66,993.3,Jaisalmer_Desert,26.9157,70.9083
2023-03-02T10:00,22.5,57,993.4,Jaisalmer_Desert,26.9157,70.9083
2023-03-02T11:00,25.1,47,993.2,Jaisalmer_Desert,26.9157,70.9083
2023-03-02T12:00,27.4,39,992.6,Jaisalmer_Desert,26.9157,70.9083
2023-03-02T13:00,29.2,32,991.5,Jaisalmer_Desert,26.9157,70.9083
2023-03-02T14:00,30.4,28,990.4,Jaisalmer_Desert,26.9157,70.9083
2023-03-02T15:00,30.9,25,989.4,Jaisalmer_Desert,26.9157,70.9083
2023-03-02T16:00,30.8,25,989,Jaisalmer_Desert,26.9157,70.9083
2023-03-02T17:00,30.3,28,989.3,Jaisalmer_Desert,26.9157,70.9083
2023-03-02T18:00,29.3,29,989.7,Jaisalmer_Desert,26.9157,70.9083
2023-03-02T19:00,27.7,33,990.1,Jaisalmer_Desert,26.9157,70.9083
2023-03-02T20:00,26.9,34,990.5,Jaisalmer_Desert,26.9157,70.9083
2023-03-02T21:00,26.1,36,991.2,Jaisalmer_Desert,26.9157,70.9083
2023-03-02T22:00,25.3,38,991.7,Jaisalmer_Desert,26.9157,70.9083
2023-03-02T23:00,23.9,46,991.7,Jaisalmer_Desert,26.9157,70.9083
2023-03-03T00:00,23.2,51,991.6,Jaisalmer_Desert,26.9157,70.9083
2023-03-03T01:00,22.5,54,991.4,Jaisalmer_Desert,26.9157,70.9083
2023-03-03T02:00,21.7,58,991.2,Jaisalmer_Desert,26.9157,70.9083
2023-03-03T03:00,21.2,60,991.1,Jaisalmer_Desert,26.9157,70.9083
2023-03-03T04:00,20.6,63,991,Jaisalmer_Desert,26.9157,70.9083
2023-03-03T05:00,19.5,68,991.5,Jaisalmer_Desert,26.9157,70.9083
2023-03-03T06:00,18.9,72,992,Jaisalmer_Desert,26.9157,70.9083
2023-03-03T07:00,18.7,74,992.7,Jaisalmer_Desert,26.9157,70.9083
2023-03-03T08:00,19.9,69,993.4,Jaisalmer_Desert,26.9157,70.9083
2023-03-03T09:00,21.9,61,994.1,Jaisalmer_Desert,26.9157,70.9083
2023-03-03T10:00,24.6,50,994.1,Jaisalmer_Desert,26.9157,70.9083
2023-03-03T11:00,27.3,40,993.8,Jaisalmer_Desert,26.9157,70.9083
2023-03-03T12:00,29.3,33,993.2,Jaisalmer_Desert,26.9157,70.9083
2023-03-03T13:00,30.5,29,992,Jaisalmer_Desert,26.9157,70.9083
2023-03-03T14:00,31.3,25,991.2,Jaisalmer_Desert,26.9157,70.9083
2023-03-03T15:00,31.5,24,990.2,Jaisalmer_Desert,26.9157,70.9083
2023-03-03T16:00,31.3,23,989.9,Jaisalmer_Desert,26.9157,70.9083
2023-03-03T17:00,30.4,22,990.4,Jaisalmer_Desert,26.9157,70.9083
2023-03-03T18:00,29.4,23,990.5,Jaisalmer_Desert,26.9157,70.9083
2023-03-03T19:00,27.8,27,990.9,Jaisalmer_Desert,26.9157,70.9083
2023-03-03T20:00,26.8,30,991.3,Jaisalmer_Desert,26.9157,70.9083
2023-03-03T21:00,25.8,34,992.4,Jaisalmer_Desert,26.9157,70.9083
2023-03-03T22:00,23.7,45,992.7,Jaisalmer_Desert,26.9157,70.9083
2023-03-03T23:00,23.1,46,991.8,Jaisalmer_Desert,26.9157,70.9083
2023-03-04T00:00,23,44,991.3,Jaisalmer_Desert,26.9157,70.9083
2023-03-04T01:00,22.7,45,990.8,Jaisalmer_Desert,26.9157,70.9083
2023-03-04T02:00,22.3,46,990.1,Jaisalmer_Desert,26.9157,70.9083
2023-03-04T03:00,21.4,48,990.2,Jaisalmer_Desert,26.9157,70.9083
2023-03-04T04:00,20.5,52,990.2,Jaisalmer_Desert,26.9157,70.9083
2023-03-04T05:00,20.6,58,990.9,Jaisalmer_Desert,26.9157,70.9083
2023-03-04T06:00,20.6,61,991,Jaisalmer_Desert,26.9157,70.9083
2023-03-04T07:00,19.7,65,991.9,Jaisalmer_Desert,26.9157,70.9083
2023-03-04T08:00,21,60,992.9,Jaisalmer_Desert,26.9157,70.9083
2023-03-04T09:00,23.1,52,993.9,Jaisalmer_Desert,26.9157,70.9083
2023-03-04T10:00,25.4,43,993.9,Jaisalmer_Desert,26.9157,70.9083
2023-03-04T11:00,29.5,27,993.5,Jaisalmer_Desert,26.9157,70.9083
2023-03-04T12:00,30.2,24,992.9,Jaisalmer_Desert,26.9157,70.9083
2023-03-04T13:00,30.6,24,991.3,Jaisalmer_Desert,26.9157,70.9083
2023-03-04T14:00,31,23,990.2,Jaisalmer_Desert,26.9157,70.9083
2023-03-04T15:00,31.6,22,989.1,Jaisalmer_Desert,26.9157,70.9083
2023-03-04T16:00,31.5,22,988.5,Jaisalmer_Desert,26.9157,70.9083
2023-03-04T17:00,29.9,24,988.9,Jaisalmer_Desert,26.9157,70.9083
2023-03-04T18:00,29.1,25,989.4,Jaisalmer_Desert,26.9157,70.9083
2023-03-04T19:00,27.2,29,989.9,Jaisalmer_Desert,26.9157,70.9083
2023-03-04T20:00,26.1,32,990.7,Jaisalmer_Desert,26.9157,70.9083
2023-03-04T21:00,25.1,36,991.3,Jaisalmer_Desert,26.9157,70.9083
2023-03-04T22:00,24.4,37,991.7,Jaisalmer_Desert,26.9157,70.9083
2023-03-04T23:00,23.8,37,991.2,Jaisalmer_Desert,26.9157,70.9083
2023-03-05T00:00,23,38,991.1,Jaisalmer_Desert,26.9157,70.9083
2023-03-05T01:00,22.2,40,990.5,Jaisalmer_Desert,26.9157,70.9083
2023-03-05T02:00,21.2,42,990,Jaisalmer_Desert,26.9157,70.9083
2023-03-05T03:00,20.1,44,989.7,Jaisalmer_Desert,26.9157,70.9083
2023-03-05T04:00,19.4,47,989.6,Jaisalmer_Desert,26.9157,70.9083
2023-03-05T05:00,19.3,61,990.2,Jaisalmer_Desert,26.9157,70.9083
2023-03-05T06:00,18.9,64,990.8,Jaisalmer_Desert,26.9157,70.9083
2023-03-05T07:00,18.8,65,991.2,Jaisalmer_Desert,26.9157,70.9083
2023-03-05T08:00,20.7,58,992.2,Jaisalmer_Desert,26.9157,70.9083
2023-03-05T09:00,23.2,50,993.2,Jaisalmer_Desert,26.9157,70.9083
2023-03-05T10:00,25.9,42,993.5,Jaisalmer_Desert,26.9157,70.9083
2023-03-05T11:00,28.7,34,993.3,Jaisalmer_Desert,26.9157,70.9083
2023-03-05T12:00,30.5,23,992.4,Jaisalmer_Desert,26.9157,70.9083
2023-03-05T13:00,31.2,19,991.1,Jaisalmer_Desert,26.9157,70.9083
2023-03-05T14:00,31.7,18,990,Jaisalmer_Desert,26.9157,70.9083
2023-03-05T15:00,31.9,18,989.2,Jaisalmer_Desert,26.9157,70.9083
2023-03-05T16:00,31.7,18,988.7,Jaisalmer_Desert,26.9157,70.9083
2023-03-05T17:00,30.9,19,988.7,Jaisalmer_Desert,26.9157,70.9083
2023-03-05T18:00,29.7,20,989.1,Jaisalmer_Desert,26.9157,70.9083
2023-03-05T19:00,28.2,22,989.3,Jaisalmer_Desert,26.9157,70.9083
2023-03-05T20:00,27.7,23,989.6,Jaisalmer_Desert,26.9157,70.9083
2023-03-05T21:00,26.5,25,990,Jaisalmer_Desert,26.9157,70.9083
2023-03-05T22:00,25.2,27,990.2,Jaisalmer_Desert,26.9157,70.9083
2023-03-05T23:00,24.2,30,990.1,Jaisalmer_Desert,26.9157,70.9083
2023-03-06T00:00,22.9,35,989.9,Jaisalmer_Desert,26.9157,70.9083
2023-03-06T01:00,22.1,37,989.3,Jaisalmer_Desert,26.9157,70.9083
2023-03-06T02:00,21.2,38,988.9,Jaisalmer_Desert,26.9157,70.9083
2023-03-06T03:00,20.5,39,988.4,Jaisalmer_Desert,26.9157,70.9083
2023-03-06T04:00,19.8,41,988.2,Jaisalmer_Desert,26.9157,70.9083
2023-03-06T05:00,19,43,988.1,Jaisalmer_Desert,26.9157,70.9083
2023-03-06T06:00,19.3,45,988.9,Jaisalmer_Desert,26.9157,70.9083
2023-03-06T07:00,19.2,47,989.3,Jaisalmer_Desert,26.9157,70.9083
2023-03-06T08:00,21.5,43,990,Jaisalmer_Desert,26.9157,70.9083
2023-03-06T09:00,24.7,37,990.9,Jaisalmer_Desert,26.9157,70.9083
2023-03-06T10:00,27.9,30,991.4,Jaisalmer_Desert,26.9157,70.9083
2023-03-06T11:00,30.2,23,990.9,Jaisalmer_Desert,26.9157,70.9083
2023-03-06T12:00,31.2,18,989.9,Jaisalmer_Desert,26.9157,70.9083
2023-03-06T13:00,31.5,17,988.5,Jaisalmer_Desert,26.9157,70.9083
2023-03-06T14:00,32.1,16,987.2,Jaisalmer_Desert,26.9157,70.9083
2023-03-06T15:00,32.4,15,986.1,Jaisalmer_Desert,26.9157,70.9083
2023-03-06T16:00,32.2,14,985.4,Jaisalmer_Desert,26.9157,70.9083
2023-03-06T17:00,31.8,14,985.1,Jaisalmer_Desert,26.9157,70.9083
2023-03-06T18:00,30.8,15,985.4,Jaisalmer_Desert,26.9157,70.9083
2023-03-06T19:00,29.2,17,985.9,Jaisalmer_Desert,26.9157,70.9083
2023-03-06T20:00,27.7,21,986.2,Jaisalmer_Desert,26.9157,70.9083
2023-03-06T21:00,27.6,22,986.9,Jaisalmer_Desert,26.9157,70.9083
2023-03-06T22:00,26.8,24,987.3,Jaisalmer_Desert,26.9157,70.9083
2023-03-06T23:00,25.4,26,987.5,Jaisalmer_Desert,26.9157,70.9083
2023-03-07T00:00,24.9,27,987.3,Jaisalmer_Desert,26.9157,70.9083
2023-03-07T01:00,23.4,31,987,Jaisalmer_Desert,26.9157,70.9083
2023-03-07T02:00,22.4,33,986.5,Jaisalmer_Desert,26.9157,70.9083
2023-03-07T03:00,21.7,35,986.2,Jaisalmer_Desert,26.9157,70.9083
2023-03-07T04:00,20.4,39,986,Jaisalmer_Desert,26.9157,70.9083
2023-03-07T05:00,21.1,56,986.4,Jaisalmer_Desert,26.9157,70.9083
2023-03-07T06:00,20.6,60,986.9,Jaisalmer_Desert,26.9157,70.9083
2023-03-07T07:00,20.5,62,987.3,Jaisalmer_Desert,26.9157,70.9083
2023-03-07T08:00,22.2,56,988.2,Jaisalmer_Desert,26.9157,70.9083
2023-03-07T09:00,24.8,47,989.2,Jaisalmer_Desert,26.9157,70.9083
2023-03-07T10:00,27.3,38,989.4,Jaisalmer_Desert,26.9157,70.9083
2023-03-07T11:00,29.5,30,989.4,Jaisalmer_Desert,26.9157,70.9083
2023-03-07T12:00,29.5,29,989,Jaisalmer_Desert,26.9157,70.9083
2023-03-07T13:00,31.5,19,987.6,Jaisalmer_Desert,26.9157,70.9083
2023-03-07T14:00,30.3,22,987.3,Jaisalmer_Desert,26.9157,70.9083
2023-03-07T15:00,29.7,23,986.7,Jaisalmer_Desert,26.9157,70.9083
2023-03-07T16:00,29,28,986.4,Jaisalmer_Desert,26.9157,70.9083
2023-03-07T17:00,26.8,36,986.1,Jaisalmer_Desert,26.9157,70.9083
2023-03-07T18:00,27.2,28,986.6,Jaisalmer_Desert,26.9157,70.9083
2023-03-07T19:00,26.2,32,987.3,Jaisalmer_Desert,26.9157,70.9083
2023-03-07T20:00,24,42,988.5,Jaisalmer_Desert,26.9157,70.9083
2023-03-07T21:00,24,42,988.4,Jaisalmer_Desert,26.9157,70.9083
2023-03-07T22:00,22.9,44,988.9,Jaisalmer_Desert,26.9157,70.9083
2023-03-07T23:00,22.4,43,988.9,Jaisalmer_Desert,26.9157,70.9083
2023-03-08T00:00,21.6,46,988.3,Jaisalmer_Desert,26.9157,70.9083
2023-03-08T01:00,20.9,50,987.6,Jaisalmer_Desert,26.9157,70.9083
2023-03-08T02:00,20.1,52,987,Jaisalmer_Desert,26.9157,70.9083
2023-03-08T03:00,19.5,54,986.5,Jaisalmer_Desert,26.9157,70.9083
2023-03-08T04:00,19.4,53,986.5,Jaisalmer_Desert,26.9157,70.9083
2023-03-08T05:00,18.8,64,986.9,Jaisalmer_Desert,26.9157,70.9083
2023-03-08T06:00,18.5,67,987.7,Jaisalmer_Desert,26.9157,70.9083
2023-03-08T07:00,18.2,70,988.6,Jaisalmer_Desert,26.9157,70.9083
2023-03-08T08:00,20.1,63,989.6,Jaisalmer_Desert,26.9157,70.9083
2023-03-08T09:00,23.1,52,990.9,Jaisalmer_Desert,26.9157,70.9083
2023-03-08T10:00,26.4,40,991.3,Jaisalmer_Desert,26.9157,70.9083
2023-03-08T11:00,28.5,30,991,Jaisalmer_Desert,26.9157,70.9083
2023-03-08T12:00,29.8,24,990.2,Jaisalmer_Desert,26.9157,70.9083
2023-03-08T13:00,30.7,20,989.3,Jaisalmer_Desert,26.9157,70.9083
2023-03-08T14:00,31.2,18,988.4,Jaisalmer_Desert,26.9157,70.9083
2023-03-08T15:00,31.2,18,987.7,Jaisalmer_Desert,26.9157,70.9083
2023-03-08T16:00,31.1,17,987.5,Jaisalmer_Desert,26.9157,70.9083
2023-03-08T17:00,30,19,987.7,Jaisalmer_Desert,26.9157,70.9083
2023-03-08T18:00,29.2,21,987.9,Jaisalmer_Desert,26.9157,70.9083
2023-03-08T19:00,27.7,31,988.1,Jaisalmer_Desert,26.9157,70.9083
2023-03-08T20:00,26.1,35,988.6,Jaisalmer_Desert,26.9157,70.9083
2023-03-08T21:00,24.4,39,989.1,Jaisalmer_Desert,26.9157,70.9083
2023-03-08T22:00,24.1,37,989.3,Jaisalmer_Desert,26.9157,70.9083
2023-03-08T23:00,22.7,40,989.3,Jaisalmer_Desert,26.9157,70.9083
2023-03-09T00:00,21.9,41,988.9,Jaisalmer_Desert,26.9157,70.9083
2023-03-09T01:00,21.5,40,988.5,Jaisalmer_Desert,26.9157,70.9083
2023-03-09T02:00,20.5,43,987.8,Jaisalmer_Desert,26.9157,70.9083
2023-03-09T03:00,19.5,47,987.3,Jaisalmer_Desert,26.9157,70.9083
2023-03-09T04:00,19.8,45,987.3,Jaisalmer_Desert,26.9157,70.9083
2023-03-09T05:00,18.8,48,987.4,Jaisalmer_Desert,26.9157,70.9083
2023-03-09T06:00,18.6,49,988.1,Jaisalmer_Desert,26.9157,70.9083
2023-03-09T07:00,18.3,50,988.6,Jaisalmer_Desert,26.9157,70.9083
2023-03-09T08:00,20.7,44,989.6,Jaisalmer_Desert,26.9157,70.9083
2023-03-09T09:00,24.9,35,990.5,Jaisalmer_Desert,26.9157,70.9083
2023-03-09T10:00,28.5,26,991.1,Jaisalmer_Desert,26.9157,70.9083
2023-03-09T11:00,30,21,990.8,Jaisalmer_Desert,26.9157,70.9083
2023-03-09T12:00,30.8,19,990.3,Jaisalmer_Desert,26.9157,70.9083
2023-03-09T13:00,31.6,17,989.3,Jaisalmer_Desert,26.9157,70.9083
2023-03-09T14:00,32.2,15,988.3,Jaisalmer_Desert,26.9157,70.9083
2023-03-09T15:00,32.4,14,987.5,Jaisalmer_Desert,26.9157,70.9083
2023-03-09T16:00,32.3,14,987.1,Jaisalmer_Desert,26.9157,70.9083
2023-03-09T17:00,31.5,15,987.6,Jaisalmer_Desert,26.9157,70.9083
2023-03-09T18:00,30.5,15,988.1,Jaisalmer_Desert,26.9157,70.9083
2023-03-09T19:00,29.1,17,988.2,Jaisalmer_Desert,26.9157,70.9083
2023-03-09T20:00,28,18,988.5,Jaisalmer_Desert,26.9157,70.9083
2023-03-09T21:00,26.5,22,989,Jaisalmer_Desert,26.9157,70.9083
2023-03-09T22:00,26,22,989.2,Jaisalmer_Desert,26.9157,70.9083
2023-03-09T23:00,24.8,25,989.1,Jaisalmer_Desert,26.9157,70.9083
2023-03-10T00:00,23,30,988.7,Jaisalmer_Desert,26.9157,70.9083
2023-03-10T01:00,22.5,30,988.3,Jaisalmer_Desert,26.9157,70.9083
2023-03-10T02:00,22,26,987.8,Jaisalmer_Desert,26.9157,70.9083
2023-03-10T03:00,21.2,25,987.4,Jaisalmer_Desert,26.9157,70.9083
2023-03-10T04:00,20.6,27,987.1,Jaisalmer_Desert,26.9157,70.9083
2023-03-10T05:00,20.1,29,987.1,Jaisalmer_Desert,26.9157,70.9083
2023-03-10T06:00,19.7,31,987.6,Jaisalmer_Desert,26.9157,70.9083
2023-03-10T07:00,19.8,31,988.3,Jaisalmer_Desert,26.9157,70.9083
2023-03-10T08:00,22.1,28,989.3,Jaisalmer_Desert,26.9157,70.9083
2023-03-10T09:00,25.4,23,990.4,Jaisalmer_Desert,26.9157,70.9083
2023-03-10T10:00,28.6,19,990.9,Jaisalmer_Desert,26.9157,70.9083
2023-03-10T11:00,30.8,15,990.6,Jaisalmer_Desert,26.9157,70.9083
2023-03-10T12:00,31.9,13,989.6,Jaisalmer_Desert,26.9157,70.9083
2023-03-10T13:00,32.5,12,988.4,Jaisalmer_Desert,26.9157,70.9083
2023-03-10T14:00,33.1,11,987.7,Jaisalmer_Desert,26.9157,70.9083
2023-03-10T15:00,33.4,11,986.6,Jaisalmer_Desert,26.9157,70.9083
2023-03-10T16:00,33.5,11,986.1,Jaisalmer_Desert,26.9157,70.9083
2023-03-10T17:00,33.3,12,985.9,Jaisalmer_Desert,26.9157,70.9083
2023-03-10T18:00,32,13,986.4,Jaisalmer_Desert,26.9157,70.9083
2023-03-10T19:00,29.8,15,986.8,Jaisalmer_Desert,26.9157,70.9083
2023-03-10T20:00,27.9,19,987.3,Jaisalmer_Desert,26.9157,70.9083
2023-03-10T21:00,27.3,19,987.7,Jaisalmer_Desert,26.9157,70.9083
2023-03-10T22:00,27.1,18,987.7,Jaisalmer_Desert,26.9157,70.9083
2023-03-10T23:00,26.2,19,987.4,Jaisalmer_Desert,26.9157,70.9083
2023-03-11T00:00,24.2,23,987.1,Jaisalmer_Desert,26.9157,70.9083
2023-03-11T01:00,23,25,986.6,Jaisalmer_Desert,26.9157,70.9083
2023-03-11T02:00,22.7,25,986,Jaisalmer_Desert,26.9157,70.9083
2023-03-11T03:00,22.3,26,985.6,Jaisalmer_Desert,26.9157,70.9083
2023-03-11T04:00,22.1,26,985.5,Jaisalmer_Desert,26.9157,70.9083
2023-03-11T05:00,21.5,29,985.8,Jaisalmer_Desert,26.9157,70.9083
2023-03-11T06:00,20.2,31,986.3,Jaisalmer_Desert,26.9157,70.9083
2023-03-11T07:00,20.5,31,987,Jaisalmer_Desert,26.9157,70.9083
2023-03-11T08:00,23.3,26,987.9,Jaisalmer_Desert,26.9157,70.9083
2023-03-11T09:00,27.2,21,989.1,Jaisalmer_Desert,26.9157,70.9083
2023-03-11T10:00,30.4,16,989.5,Jaisalmer_Desert,26.9157,70.9083
2023-03-11T11:00,32.2,14,989.2,Jaisalmer_Desert,26.9157,70.9083
2023-03-11T12:00,33.2,12,988.7,Jaisalmer_Desert,26.9157,70.9083
2023-03-11T13:00,33.8,11,987.5,Jaisalmer_Desert,26.9157,70.9083
2023-03-11T14:00,34,11,986.4,Jaisalmer_Desert,26.9157,70.9083
2023-03-11T15:00,34.2,11,985.6,Jaisalmer_Desert,26.9157,70.9083
2023-03-11T16:00,34.1,11,985.2,Jaisalmer_Desert,26.9157,70.9083
2023-03-11T17:00,33.8,12,985.2,Jaisalmer_Desert,26.9157,70.9083
2023-03-11T18:00,32.8,12,985.2,Jaisalmer_Desert,26.9157,70.9083
2023-03-11T19:00,30.7,14,985.5,Jaisalmer_Desert,26.9157,70.9083
2023-03-11T20:00,28.9,16,986.1,Jaisalmer_Desert,26.9157,70.9083
2023-03-11T21:00,27.8,17,986.5,Jaisalmer_Desert,26.9157,70.9083
2023-03-11T22:00,27.1,18,986.7,Jaisalmer_Desert,26.9157,70.9083
2023-03-11T23:00,26.4,18,986.4,Jaisalmer_Desert,26.9157,70.9083
2023-03-12T00:00,25.7,19,986,Jaisalmer_Desert,26.9157,70.9083
2023-03-12T01:00,25.6,19,985.6,Jaisalmer_Desert,26.9157,70.9083
2023-03-12T02:00,25,19,985.2,Jaisalmer_Desert,26.9157,70.9083
2023-03-12T03:00,24,20,984.8,Jaisalmer_Desert,26.9157,70.9083
2023-03-12T04:00,24.2,20,984.8,Jaisalmer_Desert,26.9157,70.9083
2023-03-12T05:00,23.3,25,985.7,Jaisalmer_Desert,26.9157,70.9083
2023-03-12T06:00,22,27,986,Jaisalmer_Desert,26.9157,70.9083
2023-03-12T07:00,22.4,27,986.6,Jaisalmer_Desert,26.9157,70.9083
2023-03-12T08:00,25.1,23,987.5,Jaisalmer_Desert,26.9157,70.9083
2023-03-12T09:00,28.4,18,988.4,Jaisalmer_Desert,26.9157,70.9083
2023-03-12T10:00,30.3,15,988.8,Jaisalmer_Desert,26.9157,70.9083
2023-03-12T11:00,32,14,988.5,Jaisalmer_Desert,26.9157,70.9083
2023-03-12T12:00,33,13,987.8,Jaisalmer_Desert,26.9157,70.9083
2023-03-12T13:00,33.5,12,986.8,Jaisalmer_Desert,26.9157,70.9083
2023-03-12T14:00,33.9,12,986,Jaisalmer_Desert,26.9157,70.9083
2023-03-12T15:00,34,11,985.1,Jaisalmer_Desert,26.9157,70.9083
2023-03-12T16:00,34,11,984.5,Jaisalmer_Desert,26.9157,70.9083
2023-03-12T17:00,33.6,12,985,Jaisalmer_Desert,26.9157,70.9083
2023-03-12T18:00,32.8,13,985.1,Jaisalmer_Desert,26.9157,70.9083
2023-03-12T19:00,30.8,15,985.5,Jaisalmer_Desert,26.9157,70.9083
2023-03-12T20:00,29.5,17,986,Jaisalmer_Desert,26.9157,70.9083
2023-03-12T21:00,28,19,986.3,Jaisalmer_Desert,26.9157,70.9083
2023-03-12T22:00,26.9,20,986.5,Jaisalmer_Desert,26.9157,70.9083
2023-03-12T23:00,26.1,22,986.4,Jaisalmer_Desert,26.9157,70.9083
2023-03-13T00:00,26.7,22,986.3,Jaisalmer_Desert,26.9157,70.9083
2023-03-13T01:00,24.9,24,985.7,Jaisalmer_Desert,26.9157,70.9083
2023-03-13T02:00,24.6,26,985.4,Jaisalmer_Desert,26.9157,70.9083
2023-03-13T03:00,26.5,21,984.9,Jaisalmer_Desert,26.9157,70.9083
2023-03-13T04:00,24.3,25,984.7,Jaisalmer_Desert,26.9157,70.9083
2023-03-13T05:00,23.1,31,985.2,Jaisalmer_Desert,26.9157,70.9083
2023-03-13T06:00,22,33,985.6,Jaisalmer_Desert,26.9157,70.9083
2023-03-13T07:00,23,31,986.4,Jaisalmer_Desert,26.9157,70.9083
2023-03-13T08:00,24.3,29,987,Jaisalmer_Desert,26.9157,70.9083
2023-03-13T09:00,27.1,23,987.8,Jaisalmer_Desert,26.9157,70.9083
2023-03-13T10:00,29.7,19,988.1,Jaisalmer_Desert,26.9157,70.9083
2023-03-13T11:00,32.1,17,988,Jaisalmer_Desert,26.9157,70.9083
2023-03-13T12:00,33.2,15,987.3,Jaisalmer_Desert,26.9157,70.9083
2023-03-13T13:00,33.7,14,986.4,Jaisalmer_Desert,26.9157,70.9083
2023-03-13T14:00,34.1,13,985.3,Jaisalmer_Desert,26.9157,70.9083
2023-03-13T15:00,34.4,12,984.4,Jaisalmer_Desert,26.9157,70.9083
2023-03-13T16:00,34.5,12,983.9,Jaisalmer_Desert,26.9157,70.9083
2023-03-13T17:00,33.9,13,983.6,Jaisalmer_Desert,26.9157,70.9083
2023-03-13T18:00,33.1,14,983.7,Jaisalmer_Desert,26.9157,70.9083
2023-03-13T19:00,31,16,983.8,Jaisalmer_Desert,26.9157,70.9083
2023-03-13T20:00,29.9,17,984.2,Jaisalmer_Desert,26.9157,70.9083
2023-03-13T21:00,28.8,18,984.3,Jaisalmer_Desert,26.9157,70.9083
2023-03-13T22:00,27.2,21,984.6,Jaisalmer_Desert,26.9157,70.9083
2023-03-13T23:00,26.7,22,985,Jaisalmer_Desert,26.9157,70.9083
2023-03-14T00:00,25.6,30,985,Jaisalmer_Desert,26.9157,70.9083
2023-03-14T01:00,24.6,34,984.8,Jaisalmer_Desert,26.9157,70.9083
2023-03-14T02:00,24.3,35,984.2,Jaisalmer_Desert,26.9157,70.9083
2023-03-14T03:00,23.5,38,983.8,Jaisalmer_Desert,26.9157,70.9083
2023-03-14T04:00,22.5,40,983.7,Jaisalmer_Desert,26.9157,70.9083
2023-03-14T05:00,21.2,37,983.2,Jaisalmer_Desert,26.9157,70.9083
2023-03-14T06:00,20.7,37,983.4,Jaisalmer_Desert,26.9157,70.9083
2023-03-14T07:00,21.3,35,984.1,Jaisalmer_Desert,26.9157,70.9083
2023-03-14T08:00,24.2,30,984.8,Jaisalmer_Desert,26.9157,70.9083
2023-03-14T09:00,28.6,23,985.4,Jaisalmer_Desert,26.9157,70.9083
2023-03-14T10:00,32,18,985.7,Jaisalmer_Desert,26.9157,70.9083
2023-03-14T11:00,33.7,13,985.5,Jaisalmer_Desert,26.9157,70.9083
2023-03-14T12:00,34.3,12,984.5,Jaisalmer_Desert,26.9157,70.9083
2023-03-14T13:00,34.9,12,983.2,Jaisalmer_Desert,26.9157,70.9083
2023-03-14T14:00,35.3,12,982,Jaisalmer_Desert,26.9157,70.9083
2023-03-14T15:00,35.4,11,981.2,Jaisalmer_Desert,26.9157,70.9083
2023-03-14T16:00,34.6,12,980.8,Jaisalmer_Desert,26.9157,70.9083
2023-03-14T17:00,34.5,11,980.9,Jaisalmer_Desert,26.9157,70.9083
2023-03-14T18:00,33.4,13,980.9,Jaisalmer_Desert,26.9157,70.9083
2023-03-14T19:00,31.1,15,981.2,Jaisalmer_Desert,26.9157,70.9083
2023-03-14T20:00,29.8,16,981.3,Jaisalmer_Desert,26.9157,70.9083
2023-03-14T21:00,29.6,15,981.4,Jaisalmer_Desert,26.9157,70.9083
2023-03-14T22:00,29.2,15,981.6,Jaisalmer_Desert,26.9157,70.9083
2023-03-14T23:00,26.7,19,981.3,Jaisalmer_Desert,26.9157,70.9083
2023-03-15T00:00,26.2,18,981,Jaisalmer_Desert,26.9157,70.9083
2023-03-15T01:00,26.5,19,980.9,Jaisalmer_Desert,26.9157,70.9083
2023-03-15T02:00,24,23,980.5,Jaisalmer_Desert,26.9157,70.9083
2023-03-15T03:00,24.4,22,980.5,Jaisalmer_Desert,26.9157,70.9083
2023-03-15T04:00,23.6,23,980.2,Jaisalmer_Desert,26.9157,70.9083
2023-03-15T05:00,22.4,27,980.4,Jaisalmer_Desert,26.9157,70.9083
2023-03-15T06:00,21.2,30,980.4,Jaisalmer_Desert,26.9157,70.9083
2023-03-15T07:00,22,29,981.1,Jaisalmer_Desert,26.9157,70.9083
2023-03-15T08:00,25.8,23,982.1,Jaisalmer_Desert,26.9157,70.9083
2023-03-15T09:00,28.3,20,982.7,Jaisalmer_Desert,26.9157,70.9083
2023-03-15T10:00,30.5,17,983,Jaisalmer_Desert,26.9157,70.9083
2023-03-15T11:00,32.2,15,983.1,Jaisalmer_Desert,26.9157,70.9083
2023-03-15T12:00,32.9,14,982.8,Jaisalmer_Desert,26.9157,70.9083
2023-03-15T13:00,33.5,14,981.9,Jaisalmer_Desert,26.9157,70.9083
2023-03-15T14:00,33.9,15,981,Jaisalmer_Desert,26.9157,70.9083
2023-03-15T15:00,33.6,15,980.6,Jaisalmer_Desert,26.9157,70.9083
2023-03-15T16:00,32.9,17,980.3,Jaisalmer_Desert,26.9157,70.9083
2023-03-15T17:00,31.3,21,980.8,Jaisalmer_Desert,26.9157,70.9083
2023-03-15T18:00,30.7,22,981.1,Jaisalmer_Desert,26.9157,70.9083
2023-03-15T19:00,29.4,24,981.5,Jaisalmer_Desert,26.9157,70.9083
2023-03-15T20:00,28.7,26,982.1,Jaisalmer_Desert,26.9157,70.9083
2023-03-15T21:00,27.9,28,982.4,Jaisalmer_Desert,26.9157,70.9083
2023-03-15T22:00,27.1,30,982.6,Jaisalmer_Desert,26.9157,70.9083
2023-03-15T23:00,26.6,31,982.5,Jaisalmer_Desert,26.9157,70.9083
2023-03-16T00:00,25.9,32,982.1,Jaisalmer_Desert,26.9157,70.9083
2023-03-16T01:00,25.4,32,981.5,Jaisalmer_Desert,26.9157,70.9083
2023-03-16T02:00,24.8,34,981,Jaisalmer_Desert,26.9157,70.9083
2023-03-16T03:00,24.8,34,980.4,Jaisalmer_Desert,26.9157,70.9083
2023-03-16T04:00,25.4,32,980.3,Jaisalmer_Desert,26.9157,70.9083
2023-03-16T05:00,24,38,980.7,Jaisalmer_Desert,26.9157,70.9083
2023-03-16T06:00,22.3,42,981.3,Jaisalmer_Desert,26.9157,70.9083
2023-03-16T07:00,21.8,44,982.2,Jaisalmer_Desert,26.9157,70.9083
2023-03-16T08:00,23.6,40,983.3,Jaisalmer_Desert,26.9157,70.9083
2023-03-16T09:00,26.7,32,984.3,Jaisalmer_Desert,26.9157,70.9083
2023-03-16T10:00,29.1,28,984.4,Jaisalmer_Desert,26.9157,70.9083
2023-03-16T11:00,30.6,25,984,Jaisalmer_Desert,26.9157,70.9083
2023-03-16T12:00,31.6,23,983.3,Jaisalmer_Desert,26.9157,70.9083
2023-03-16T13:00,32.2,22,982,Jaisalmer_Desert,26.9157,70.9083
2023-03-16T14:00,32.3,22,981,Jaisalmer_Desert,26.9157,70.9083
2023-03-16T15:00,32.3,21,980,Jaisalmer_Desert,26.9157,70.9083
2023-03-16T16:00,32.1,21,979.5,Jaisalmer_Desert,26.9157,70.9083
2023-03-16T17:00,31.8,20,979.9,Jaisalmer_Desert,26.9157,70.9083
2023-03-16T18:00,31,22,980.2,Jaisalmer_Desert,26.9157,70.9083
2023-03-16T19:00,28.8,26,980.6,Jaisalmer_Desert,26.9157,70.9083
2023-03-16T20:00,27.9,27,980.9,Jaisalmer_Desert,26.9157,70.9083
2023-03-16T21:00,27.4,29,981.7,Jaisalmer_Desert,26.9157,70.9083
2023-03-16T22:00,27,29,982.1,Jaisalmer_Desert,26.9157,70.9083
2023-03-16T23:00,26.7,31,982,Jaisalmer_Desert,26.9157,70.9083
2023-03-17T00:00,25.1,36,981.8,Jaisalmer_Desert,26.9157,70.9083
2023-03-17T01:00,24.1,40,981.7,Jaisalmer_Desert,26.9157,70.9083
2023-03-17T02:00,24,38,981.2,Jaisalmer_Desert,26.9157,70.9083
2023-03-17T03:00,22.4,44,981.7,Jaisalmer_Desert,26.9157,70.9083
2023-03-17T04:00,19.7,63,983.3,Jaisalmer_Desert,26.9157,70.9083
2023-03-17T05:00,19.4,77,984.1,Jaisalmer_Desert,26.9157,70.9083
2023-03-17T06:00,19.3,74,983.6,Jaisalmer_Desert,26.9157,70.9083
2023-03-17T07:00,19.6,71,983.9,Jaisalmer_Desert,26.9157,70.9083
2023-03-17T08:00,20,74,984.8,Jaisalmer_Desert,26.9157,70.9083
2023-03-17T09:00,22.1,61,985.9,Jaisalmer_Desert,26.9157,70.9083
2023-03-17T10:00,23.6,53,985.9,Jaisalmer_Desert,26.9157,70.9083
2023-03-17T11:00,25.8,45,985.4,Jaisalmer_Desert,26.9157,70.9083
2023-03-17T12:00,27.3,40,984.5,Jaisalmer_Desert,26.9157,70.9083
2023-03-17T13:00,28.6,36,983.5,Jaisalmer_Desert,26.9157,70.9083
2023-03-17T14:00,29.3,33,982.4,Jaisalmer_Desert,26.9157,70.9083
2023-03-17T15:00,29.4,33,981.5,Jaisalmer_Desert,26.9157,70.9083
2023-03-17T16:00,28.6,35,981.2,Jaisalmer_Desert,26.9157,70.9083
2023-03-17T17:00,26.7,37,982.2,Jaisalmer_Desert,26.9157,70.9083
2023-03-17T18:00,26,41,982.3,Jaisalmer_Desert,26.9157,70.9083
2023-03-17T19:00,24.3,48,982.8,Jaisalmer_Desert,26.9157,70.9083
2023-03-17T20:00,23.5,52,983.6,Jaisalmer_Desert,26.9157,70.9083
2023-03-17T21:00,22.7,55,984.1,Jaisalmer_Desert,26.9157,70.9083
2023-03-17T22:00,21.8,60,984.4,Jaisalmer_Desert,26.9157,70.9083
2023-03-17T23:00,21.3,60,984.5,Jaisalmer_Desert,26.9157,70.9083
2023-03-18T00:00,20.4,62,984.2,Jaisalmer_Desert,26.9157,70.9083
2023-03-18T01:00,19.7,65,983.8,Jaisalmer_Desert,26.9157,70.9083
2023-03-18T02:00,19.1,68,983.5,Jaisalmer_Desert,26.9157,70.9083
2023-03-18T03:00,18.4,73,983.1,Jaisalmer_Desert,26.9157,70.9083
2023-03-18T04:00,17.8,77,983,Jaisalmer_Desert,26.9157,70.9083
2023-03-18T05:00,17.6,82,983.2,Jaisalmer_Desert,26.9157,70.9083
2023-03-18T06:00,17.1,84,983.6,Jaisalmer_Desert,26.9157,70.9083
2023-03-18T07:00,17.3,84,984.3,Jaisalmer_Desert,26.9157,70.9083
2023-03-18T08:00,19.1,76,984.9,Jaisalmer_Desert,26.9157,70.9083
2023-03-18T09:00,21.5,64,985.7,Jaisalmer_Desert,26.9157,70.9083
2023-03-18T10:00,23.6,52,985.9,Jaisalmer_Desert,26.9157,70.9083
2023-03-18T11:00,24.9,48,985.6,Jaisalmer_Desert,26.9157,70.9083
2023-03-18T12:00,26.1,45,985,Jaisalmer_Desert,26.9157,70.9083
2023-03-18T13:00,26.9,42,983.9,Jaisalmer_Desert,26.9157,70.9083
2023-03-18T14:00,27.5,39,982.8,Jaisalmer_Desert,26.9157,70.9083
2023-03-18T15:00,26.9,39,981.9,Jaisalmer_Desert,26.9157,70.9083
2023-03-18T16:00,26.9,40,980.8,Jaisalmer_Desert,26.9157,70.9083
2023-03-18T17:00,26.8,37,980.8,Jaisalmer_Desert,26.9157,70.9083
2023-03-18T18:00,26.1,39,981.1,Jaisalmer_Desert,26.9157,70.9083
2023-03-18T19:00,24.6,49,981.1,Jaisalmer_Desert,26.9157,70.9083
2023-03-18T20:00,23.7,54,981.9,Jaisalmer_Desert,26.9157,70.9083
2023-03-18T21:00,23.1,53,983,Jaisalmer_Desert,26.9157,70.9083
2023-03-18T22:00,22.5,53,983.4,Jaisalmer_Desert,26.9157,70.9083
2023-03-18T23:00,21.6,58,983.5,Jaisalmer_Desert,26.9157,70.9083
2023-03-19T00:00,20.8,63,982.9,Jaisalmer_Desert,26.9157,70.9083
2023-03-19T01:00,20.3,64,982.1,Jaisalmer_Desert,26.9157,70.9083
2023-03-19T02:00,19.7,65,981.5,Jaisalmer_Desert,26.9157,70.9083
2023-03-19T03:00,19.3,67,981.2,Jaisalmer_Desert,26.9157,70.9083
2023-03-19T04:00,18.7,69,980.8,Jaisalmer_Desert,26.9157,70.9083
2023-03-19T05:00,18.6,73,981.1,Jaisalmer_Desert,26.9157,70.9083
2023-03-19T06:00,18.2,75,981.5,Jaisalmer_Desert,26.9157,70.9083
2023-03-19T07:00,18.5,73,982.2,Jaisalmer_Desert,26.9157,70.9083
2023-03-19T08:00,20.1,67,983.1,Jaisalmer_Desert,26.9157,70.9083
2023-03-19T09:00,19.3,75,985.5,Jaisalmer_Desert,26.9157,70.9083
2023-03-19T10:00,19.8,73,984.9,Jaisalmer_Desert,26.9157,70.9083
2023-03-19T11:00,20,74,985.2,Jaisalmer_Desert,26.9157,70.9083
2023-03-19T12:00,20,75,984.5,Jaisalmer_Desert,26.9157,70.9083
2023-03-19T13:00,21.4,68,983.4,Jaisalmer_Desert,26.9157,70.9083
2023-03-19T14:00,22,66,982,Jaisalmer_Desert,26.9157,70.9083
2023-03-19T15:00,22.8,63,981,Jaisalmer_Desert,26.9157,70.9083
2023-03-19T16:00,23.2,59,980.4,Jaisalmer_Desert,26.9157,70.9083
2023-03-19T17:00,21.2,65,981,Jaisalmer_Desert,26.9157,70.9083
2023-03-19T18:00,20.9,66,980.6,Jaisalmer_Desert,26.9157,70.9083
2023-03-19T19:00,20.2,73,981.2,Jaisalmer_Desert,26.9157,70.9083
2023-03-19T20:00,19.8,78,981.1,Jaisalmer_Desert,26.9157,70.9083
2023-03-19T21:00,19.1,86,981.5,Jaisalmer_Desert,26.9157,70.9083
2023-03-19T22:00,19,81,981.8,Jaisalmer_Desert,26.9157,70.9083
2023-03-19T23:00,18,88,981.7,Jaisalmer_Desert,26.9157,70.9083
2023-03-20T00:00,17.4,91,981.6,Jaisalmer_Desert,26.9157,70.9083
2023-03-20T01:00,17.3,90,981.1,Jaisalmer_Desert,26.9157,70.9083
2023-03-20T02:00,17.1,90,980.7,Jaisalmer_Desert,26.9157,70.9083
2023-03-20T03:00,16.6,92,980.4,Jaisalmer_Desert,26.9157,70.9083
2023-03-20T04:00,15.8,96,980.3,Jaisalmer_Desert,26.9157,70.9083
2023-03-20T05:00,16,88,980.1,Jaisalmer_Desert,26.9157,70.9083
2023-03-20T06:00,15.8,91,980.5,Jaisalmer_Desert,26.9157,70.9083
2023-03-20T07:00,16.3,90,981,Jaisalmer_Desert,26.9157,70.9083
2023-03-20T08:00,18.4,82,981.6,Jaisalmer_Desert,26.9157,70.9083
2023-03-20T09:00,20.5,69,982.4,Jaisalmer_Desert,26.9157,70.9083
2023-03-20T10:00,22.2,58,982.6,Jaisalmer_Desert,26.9157,70.9083
2023-03-20T11:00,23.5,53,982.5,Jaisalmer_Desert,26.9157,70.9083
2023-03-20T12:00,24.6,48,981.9,Jaisalmer_Desert,26.9157,70.9083
2023-03-20T13:00,25.5,45,981.1,Jaisalmer_Desert,26.9157,70.9083
2023-03-20T14:00,26.1,42,979.9,Jaisalmer_Desert,26.9157,70.9083
2023-03-20T15:00,26.3,42,979.1,Jaisalmer_Desert,26.9157,70.9083
2023-03-20T16:00,26.2,41,978.6,Jaisalmer_Desert,26.9157,70.9083
2023-03-20T17:00,26.2,38,978.3,Jaisalmer_Desert,26.9157,70.9083
2023-03-20T18:00,25.6,41,978.4,Jaisalmer_Desert,26.9157,70.9083
2023-03-20T19:00,23.7,65,978.6,Jaisalmer_Desert,26.9157,70.9083
2023-03-20T20:00,22.6,65,979,Jaisalmer_Desert,26.9157,70.9083
2023-03-20T21:00,22.5,60,980,Jaisalmer_Desert,26.9157,70.9083
2023-03-20T22:00,21.2,67,980.4,Jaisalmer_Desert,26.9157,70.9083
2023-03-20T23:00,20.4,67,980.4,Jaisalmer_Desert,26.9157,70.9083
2023-03-21T00:00,19.7,70,980.4,Jaisalmer_Desert,26.9157,70.9083
2023-03-21T01:00,19.3,69,980.2,Jaisalmer_Desert,26.9157,70.9083
2023-03-21T02:00,19,66,979.6,Jaisalmer_Desert,26.9157,70.9083
2023-03-21T03:00,18.4,67,979.1,Jaisalmer_Desert,26.9157,70.9083
2023-03-21T04:00,17.9,70,978.9,Jaisalmer_Desert,26.9157,70.9083
2023-03-21T05:00,18.7,71,979.1,Jaisalmer_Desert,26.9157,70.9083
2023-03-21T06:00,18,77,979.5,Jaisalmer_Desert,26.9157,70.9083
2023-03-21T07:00,19,72,980.3,Jaisalmer_Desert,26.9157,70.9083
2023-03-21T08:00,21.7,63,981.2,Jaisalmer_Desert,26.9157,70.9083
2023-03-21T09:00,25.3,48,982.1,Jaisalmer_Desert,26.9157,70.9083
2023-03-21T10:00,27.3,39,982.4,Jaisalmer_Desert,26.9157,70.9083
2023-03-21T11:00,28.4,34,982.4,Jaisalmer_Desert,26.9157,70.9083
2023-03-21T12:00,29.4,28,982,Jaisalmer_Desert,26.9157,70.9083
2023-03-21T13:00,30.1,25,981.2,Jaisalmer_Desert,26.9157,70.9083
2023-03-21T14:00,30.4,23,980.3,Jaisalmer_Desert,26.9157,70.9083
2023-03-21T15:00,30.8,21,979.5,Jaisalmer_Desert,26.9157,70.9083
2023-03-21T16:00,30.8,20,978.8,Jaisalmer_Desert,26.9157,70.9083
2023-03-21T17:00,29.9,24,979.1,Jaisalmer_Desert,26.9157,70.9083
2023-03-21T18:00,28.9,28,978.9,Jaisalmer_Desert,26.9157,70.9083
2023-03-21T19:00,26.8,37,979.2,Jaisalmer_Desert,26.9157,70.9083
2023-03-21T20:00,25.6,42,980,Jaisalmer_Desert,26.9157,70.9083
2023-03-21T21:00,23.7,44,981.6,Jaisalmer_Desert,26.9157,70.9083
2023-03-21T22:00,23.4,46,982,Jaisalmer_Desert,26.9157,70.9083
2023-03-21T23:00,23.1,46,982.1,Jaisalmer_Desert,26.9157,70.9083
2023-03-22T00:00,22.6,48,981.8,Jaisalmer_Desert,26.9157,70.9083
2023-03-22T01:00,22.8,46,981.4,Jaisalmer_Desert,26.9157,70.9083
2023-03-22T02:00,21.5,51,980.8,Jaisalmer_Desert,26.9157,70.9083
2023-03-22T03:00,20.4,57,980.6,Jaisalmer_Desert,26.9157,70.9083
2023-03-22T04:00,19.6,62,980.6,Jaisalmer_Desert,26.9157,70.9083
2023-03-22T05:00,19.7,62,981.2,Jaisalmer_Desert,26.9157,70.9083
2023-03-22T06:00,20.1,60,981.4,Jaisalmer_Desert,26.9157,70.9083
2023-03-22T07:00,19.9,60,982.7,Jaisalmer_Desert,26.9157,70.9083
2023-03-22T08:00,20.5,65,983.6,Jaisalmer_Desert,26.9157,70.9083
2023-03-22T09:00,23.5,54,984.2,Jaisalmer_Desert,26.9157,70.9083
2023-03-22T10:00,25,47,984.3,Jaisalmer_Desert,26.9157,70.9083
2023-03-22T11:00,26.7,41,984.4,Jaisalmer_Desert,26.9157,70.9083
2023-03-22T12:00,28,37,983.8,Jaisalmer_Desert,26.9157,70.9083
2023-03-22T13:00,28.7,33,982.4,Jaisalmer_Desert,26.9157,70.9083
2023-03-22T14:00,29.1,30,981.2,Jaisalmer_Desert,26.9157,70.9083
2023-03-22T15:00,29.5,28,979.8,Jaisalmer_Desert,26.9157,70.9083
2023-03-22T16:00,29.5,28,979.1,Jaisalmer_Desert,26.9157,70.9083
2023-03-22T17:00,29.4,28,979.5,Jaisalmer_Desert,26.9157,70.9083
2023-03-22T18:00,28.6,30,979.7,Jaisalmer_Desert,26.9157,70.9083
2023-03-22T19:00,26.8,37,979.9,Jaisalmer_Desert,26.9157,70.9083
2023-03-22T20:00,25.6,40,980.4,Jaisalmer_Desert,26.9157,70.9083
2023-03-22T21:00,24.4,43,981.3,Jaisalmer_Desert,26.9157,70.9083
2023-03-22T22:00,23.6,45,981.6,Jaisalmer_Desert,26.9157,70.9083
2023-03-22T23:00,22.8,48,981.5,Jaisalmer_Desert,26.9157,70.9083
2023-03-23T00:00,22.6,49,981.4,Jaisalmer_Desert,26.9157,70.9083
2023-03-23T01:00,22.4,47,981.2,Jaisalmer_Desert,26.9157,70.9083
2023-03-23T02:00,22.3,46,980.8,Jaisalmer_Desert,26.9157,70.9083
2023-03-23T03:00,21.7,48,979.9,Jaisalmer_Desert,26.9157,70.9083
2023-03-23T04:00,21.1,51,979.8,Jaisalmer_Desert,26.9157,70.9083
2023-03-23T05:00,19.5,62,979.9,Jaisalmer_Desert,26.9157,70.9083
2023-03-23T06:00,19.1,65,980.3,Jaisalmer_Desert,26.9157,70.9083
2023-03-23T07:00,19.7,62,981.2,Jaisalmer_Desert,26.9157,70.9083
2023-03-23T08:00,22.6,52,982.1,Jaisalmer_Desert,26.9157,70.9083
2023-03-23T09:00,25.7,43,982.8,Jaisalmer_Desert,26.9157,70.9083
2023-03-23T10:00,27.9,37,983.2,Jaisalmer_Desert,26.9157,70.9083
2023-03-23T11:00,29.5,32,983.1,Jaisalmer_Desert,26.9157,70.9083
2023-03-23T12:00,30.7,28,982.3,Jaisalmer_Desert,26.9157,70.9083
2023-03-23T13:00,31.1,26,981.4,Jaisalmer_Desert,26.9157,70.9083
2023-03-23T14:00,31.1,24,980.3,Jaisalmer_Desert,26.9157,70.9083
2023-03-23T15:00,31.4,22,979.2,Jaisalmer_Desert,26.9157,70.9083
2023-03-23T16:00,31.4,21,978.5,Jaisalmer_Desert,26.9157,70.9083
2023-03-23T17:00,30.8,23,978.7,Jaisalmer_Desert,26.9157,70.9083
2023-03-23T18:00,29.9,26,978.9,Jaisalmer_Desert,26.9157,70.9083
2023-03-23T19:00,28.1,32,979,Jaisalmer_Desert,26.9157,70.9083
2023-03-23T20:00,25.9,43,979.7,Jaisalmer_Desert,26.9157,70.9083
2023-03-23T21:00,25.4,44,980.5,Jaisalmer_Desert,26.9157,70.9083
2023-03-23T22:00,24.7,49,980.5,Jaisalmer_Desert,26.9157,70.9083
2023-03-23T23:00,23.8,54,980,Jaisalmer_Desert,26.9157,70.9083
2023-03-24T00:00,23.2,55,979.5,Jaisalmer_Desert,26.9157,70.9083
2023-03-24T01:00,22.5,57,979,Jaisalmer_Desert,26.9157,70.9083
2023-03-24T02:00,21.8,61,978.9,Jaisalmer_Desert,26.9157,70.9083
2023-03-24T03:00,21.5,66,978.9,Jaisalmer_Desert,26.9157,70.9083
2023-03-24T04:00,17.3,92,979.7,Jaisalmer_Desert,26.9157,70.9083
2023-03-24T05:00,20.9,80,978.6,Jaisalmer_Desert,26.9157,70.9083
2023-03-24T06:00,20.2,83,979.3,Jaisalmer_Desert,26.9157,70.9083
2023-03-24T07:00,19.9,85,980,Jaisalmer_Desert,26.9157,70.9083
2023-03-24T08:00,20.8,78,980.6,Jaisalmer_Desert,26.9157,70.9083
2023-03-24T09:00,22.5,68,981.5,Jaisalmer_Desert,26.9157,70.9083
2023-03-24T10:00,24.4,51,981.5,Jaisalmer_Desert,26.9157,70.9083
2023-03-24T11:00,25.9,38,981.4,Jaisalmer_Desert,26.9157,70.9083
2023-03-24T12:00,27.1,32,981,Jaisalmer_Desert,26.9157,70.9083
2023-03-24T13:00,28.2,28,979.9,Jaisalmer_Desert,26.9157,70.9083
2023-03-24T14:00,28.7,28,979,Jaisalmer_Desert,26.9157,70.9083
2023-03-24T15:00,29,28,978.4,Jaisalmer_Desert,26.9157,70.9083
2023-03-24T16:00,28.8,26,977.8,Jaisalmer_Desert,26.9157,70.9083
2023-03-24T17:00,27.7,30,978.5,Jaisalmer_Desert,26.9157,70.9083
2023-03-24T18:00,27.3,28,978.6,Jaisalmer_Desert,26.9157,70.9083
2023-03-24T19:00,25.8,33,979.4,Jaisalmer_Desert,26.9157,70.9083
2023-03-24T20:00,23.1,60,980.3,Jaisalmer_Desert,26.9157,70.9083
2023-03-24T21:00,22.1,63,981,Jaisalmer_Desert,26.9157,70.9083
2023-03-24T22:00,21.5,63,981.5,Jaisalmer_Desert,26.9157,70.9083
2023-03-24T23:00,20.5,70,981.4,Jaisalmer_Desert,26.9157,70.9083
2023-03-25T00:00,19.6,75,981.1,Jaisalmer_Desert,26.9157,70.9083
2023-03-25T01:00,19.1,75,980.7,Jaisalmer_Desert,26.9157,70.9083
2023-03-25T02:00,18.1,81,980.6,Jaisalmer_Desert,26.9157,70.9083
2023-03-25T03:00,18,81,980.6,Jaisalmer_Desert,26.9157,70.9083
2023-03-25T04:00,17.3,83,980.6,Jaisalmer_Desert,26.9157,70.9083
2023-03-25T05:00,17.7,79,981.3,Jaisalmer_Desert,26.9157,70.9083
2023-03-25T06:00,17.8,76,982.1,Jaisalmer_Desert,26.9157,70.9083
2023-03-25T07:00,18.3,74,982.6,Jaisalmer_Desert,26.9157,70.9083
2023-03-25T08:00,20.7,59,983.6,Jaisalmer_Desert,26.9157,70.9083
2023-03-25T09:00,23.6,35,984.7,Jaisalmer_Desert,26.9157,70.9083
2023-03-25T10:00,24.9,37,985.1,Jaisalmer_Desert,26.9157,70.9083
2023-03-25T11:00,26.5,35,985.2,Jaisalmer_Desert,26.9157,70.9083
2023-03-25T12:00,28.2,29,984.7,Jaisalmer_Desert,26.9157,70.9083
2023-03-25T13:00,29.8,22,983.8,Jaisalmer_Desert,26.9157,70.9083
2023-03-25T14:00,30.5,19,982.8,Jaisalmer_Desert,26.9157,70.9083
2023-03-25T15:00,30.6,18,982,Jaisalmer_Desert,26.9157,70.9083
2023-03-25T16:00,30.2,17,981.7,Jaisalmer_Desert,26.9157,70.9083
2023-03-25T17:00,29.4,18,982.4,Jaisalmer_Desert,26.9157,70.9083
2023-03-25T18:00,28.1,20,982.9,Jaisalmer_Desert,26.9157,70.9083
2023-03-25T19:00,26.5,23,983.4,Jaisalmer_Desert,26.9157,70.9083
2023-03-25T20:00,23.9,44,984,Jaisalmer_Desert,26.9157,70.9083
2023-03-25T21:00,22.7,53,985,Jaisalmer_Desert,26.9157,70.9083
2023-03-25T22:00,21.8,54,985.7,Jaisalmer_Desert,26.9157,70.9083
2023-03-25T23:00,21.2,55,985.6,Jaisalmer_Desert,26.9157,70.9083
2023-03-26T00:00,20.5,58,985.7,Jaisalmer_Desert,26.9157,70.9083
2023-03-26T01:00,19.7,60,985.3,Jaisalmer_Desert,26.9157,70.9083
2023-03-26T02:00,18.9,62,984.8,Jaisalmer_Desert,26.9157,70.9083
2023-03-26T03:00,18.2,64,984.8,Jaisalmer_Desert,26.9157,70.9083
2023-03-26T04:00,17.5,67,984.8,Jaisalmer_Desert,26.9157,70.9083
2023-03-26T05:00,18.1,62,984.9,Jaisalmer_Desert,26.9157,70.9083
2023-03-26T06:00,17.7,63,985.6,Jaisalmer_Desert,26.9157,70.9083
2023-03-26T07:00,17.9,63,986.1,Jaisalmer_Desert,26.9157,70.9083
2023-03-26T08:00,19.4,58,986.8,Jaisalmer_Desert,26.9157,70.9083
2023-03-26T09:00,21.8,52,987.4,Jaisalmer_Desert,26.9157,70.9083
2023-03-26T10:00,24.3,43,987.7,Jaisalmer_Desert,26.9157,70.9083
2023-03-26T11:00,26.4,36,987.5,Jaisalmer_Desert,26.9157,70.9083
2023-03-26T12:00,27.8,31,986.9,Jaisalmer_Desert,26.9157,70.9083
2023-03-26T13:00,28.6,26,986,Jaisalmer_Desert,26.9157,70.9083
2023-03-26T14:00,29,24,985,Jaisalmer_Desert,26.9157,70.9083
2023-03-26T15:00,29.3,23,984.1,Jaisalmer_Desert,26.9157,70.9083
2023-03-26T16:00,29.2,23,983.7,Jaisalmer_Desert,26.9157,70.9083
2023-03-26T17:00,28.5,24,983.8,Jaisalmer_Desert,26.9157,70.9083
2023-03-26T18:00,27.2,28,983.9,Jaisalmer_Desert,26.9157,70.9083
2023-03-26T19:00,25.6,34,984.2,Jaisalmer_Desert,26.9157,70.9083
2023-03-26T20:00,24.4,41,984.7,Jaisalmer_Desert,26.9157,70.9083
2023-03-26T21:00,23.4,46,984.9,Jaisalmer_Desert,26.9157,70.9083
2023-03-26T22:00,22.5,48,985,Jaisalmer_Desert,26.9157,70.9083
2023-03-26T23:00,21.7,52,984.7,Jaisalmer_Desert,26.9157,70.9083
2023-03-27T00:00,20.8,55,984.2,Jaisalmer_Desert,26.9157,70.9083
2023-03-27T01:00,19.9,57,984,Jaisalmer_Desert,26.9157,70.9083
2023-03-27T02:00,18.9,62,983.6,Jaisalmer_Desert,26.9157,70.9083
2023-03-27T03:00,18.3,66,983.2,Jaisalmer_Desert,26.9157,70.9083
2023-03-27T04:00,17.9,68,983.3,Jaisalmer_Desert,26.9157,70.9083
2023-03-27T05:00,17.9,72,983.6,Jaisalmer_Desert,26.9157,70.9083
2023-03-27T06:00,17.8,68,983.9,Jaisalmer_Desert,26.9157,70.9083
2023-03-27T07:00,18.3,63,984.6,Jaisalmer_Desert,26.9157,70.9083
2023-03-27T08:00,21,52,985.3,Jaisalmer_Desert,26.9157,70.9083
2023-03-27T09:00,24,42,985.7,Jaisalmer_Desert,26.9157,70.9083
2023-03-27T10:00,26.4,33,986.4,Jaisalmer_Desert,26.9157,70.9083
2023-03-27T11:00,27.9,28,986.3,Jaisalmer_Desert,26.9157,70.9083
2023-03-27T12:00,29.2,25,985.6,Jaisalmer_Desert,26.9157,70.9083
2023-03-27T13:00,30.4,22,984.7,Jaisalmer_Desert,26.9157,70.9083
2023-03-27T14:00,31,21,983.6,Jaisalmer_Desert,26.9157,70.9083
2023-03-27T15:00,31.3,20,982.5,Jaisalmer_Desert,26.9157,70.9083
2023-03-27T16:00,31.3,19,982.2,Jaisalmer_Desert,26.9157,70.9083
2023-03-27T17:00,31.2,19,982,Jaisalmer_Desert,26.9157,70.9083
2023-03-27T18:00,30.9,19,982.1,Jaisalmer_Desert,26.9157,70.9083
2023-03-27T19:00,27.9,30,982.5,Jaisalmer_Desert,26.9157,70.9083
2023-03-27T20:00,26.9,31,982.4,Jaisalmer_Desert,26.9157,70.9083
2023-03-27T21:00,25.6,37,982.9,Jaisalmer_Desert,26.9157,70.9083
2023-03-27T22:00,25.6,33,983.4,Jaisalmer_Desert,26.9157,70.9083
2023-03-27T23:00,24.6,34,983,Jaisalmer_Desert,26.9157,70.9083
2023-03-28T00:00,24.1,35,982.6,Jaisalmer_Desert,26.9157,70.9083
2023-03-28T01:00,23.1,37,982,Jaisalmer_Desert,26.9157,70.9083
2023-03-28T02:00,22,38,981.4,Jaisalmer_Desert,26.9157,70.9083
2023-03-28T03:00,21.1,40,981.1,Jaisalmer_Desert,26.9157,70.9083
2023-03-28T04:00,20.8,40,980.8,Jaisalmer_Desert,26.9157,70.9083
2023-03-28T05:00,20.9,42,981.2,Jaisalmer_Desert,26.9157,70.9083
2023-03-28T06:00,20.6,41,981.8,Jaisalmer_Desert,26.9157,70.9083
2023-03-28T07:00,21,39,982.5,Jaisalmer_Desert,26.9157,70.9083
2023-03-28T08:00,23.9,33,983.5,Jaisalmer_Desert,26.9157,70.9083
2023-03-28T09:00,26.9,27,984.3,Jaisalmer_Desert,26.9157,70.9083
2023-03-28T10:00,29.2,22,984.5,Jaisalmer_Desert,26.9157,70.9083
2023-03-28T11:00,31.1,18,984.3,Jaisalmer_Desert,26.9157,70.9083
2023-03-28T12:00,32.1,16,983.6,Jaisalmer_Desert,26.9157,70.9083
2023-03-28T13:00,32.8,15,982.5,Jaisalmer_Desert,26.9157,70.9083
2023-03-28T14:00,33.1,14,981.5,Jaisalmer_Desert,26.9157,70.9083
2023-03-28T15:00,33.3,14,980.8,Jaisalmer_Desert,26.9157,70.9083
2023-03-28T16:00,33.2,14,980.2,Jaisalmer_Desert,26.9157,70.9083
2023-03-28T17:00,33.3,14,980.1,Jaisalmer_Desert,26.9157,70.9083
2023-03-28T18:00,32.4,15,980.3,Jaisalmer_Desert,26.9157,70.9083
2023-03-28T19:00,30.4,17,980.6,Jaisalmer_Desert,26.9157,70.9083
2023-03-28T20:00,29,19,980.9,Jaisalmer_Desert,26.9157,70.9083
2023-03-28T21:00,27.7,21,981.6,Jaisalmer_Desert,26.9157,70.9083
2023-03-28T22:00,26.7,22,982,Jaisalmer_Desert,26.9157,70.9083
2023-03-28T23:00,26,23,981.5,Jaisalmer_Desert,26.9157,70.9083
2023-03-29T00:00,25.8,23,981.5,Jaisalmer_Desert,26.9157,70.9083
2023-03-29T01:00,25.6,24,981.3,Jaisalmer_Desert,26.9157,70.9083
2023-03-29T02:00,24.5,31,980.9,Jaisalmer_Desert,26.9157,70.9083
2023-03-29T03:00,23.3,41,980.7,Jaisalmer_Desert,26.9157,70.9083
2023-03-29T04:00,22.9,46,980.3,Jaisalmer_Desert,26.9157,70.9083
2023-03-29T05:00,22.5,56,980.9,Jaisalmer_Desert,26.9157,70.9083
2023-03-29T06:00,21.8,61,981.3,Jaisalmer_Desert,26.9157,70.9083
2023-03-29T07:00,22.4,62,982,Jaisalmer_Desert,26.9157,70.9083
2023-03-29T08:00,23.8,59,982.8,Jaisalmer_Desert,26.9157,70.9083
2023-03-29T09:00,25.5,54,983.2,Jaisalmer_Desert,26.9157,70.9083
2023-03-29T10:00,28.6,40,983.4,Jaisalmer_Desert,26.9157,70.9083
2023-03-29T11:00,30.2,33,983.1,Jaisalmer_Desert,26.9157,70.9083
2023-03-29T12:00,31.2,30,982.7,Jaisalmer_Desert,26.9157,70.9083
2023-03-29T13:00,31.9,26,981.7,Jaisalmer_Desert,26.9157,70.9083
2023-03-29T14:00,32.5,24,980.7,Jaisalmer_Desert,26.9157,70.9083
2023-03-29T15:00,33.1,23,979.7,Jaisalmer_Desert,26.9157,70.9083
2023-03-29T16:00,33.1,21,979.4,Jaisalmer_Desert,26.9157,70.9083
2023-03-29T17:00,32.1,22,979.5,Jaisalmer_Desert,26.9157,70.9083
2023-03-29T18:00,31.1,23,979.7,Jaisalmer_Desert,26.9157,70.9083
2023-03-29T19:00,29.9,24,980.2,Jaisalmer_Desert,26.9157,70.9083
2023-03-29T20:00,28.6,25,980.7,Jaisalmer_Desert,26.9157,70.9083
2023-03-29T21:00,28,28,981.5,Jaisalmer_Desert,26.9157,70.9083
2023-03-29T22:00,27.1,30,981.8,Jaisalmer_Desert,26.9157,70.9083
2023-03-29T23:00,26.4,31,981.4,Jaisalmer_Desert,26.9157,70.9083
2023-03-30T00:00,26,33,981.3,Jaisalmer_Desert,26.9157,70.9083
2023-03-30T01:00,24.7,41,981.1,Jaisalmer_Desert,26.9157,70.9083
2023-03-30T02:00,23.7,48,980.7,Jaisalmer_Desert,26.9157,70.9083
2023-03-30T03:00,22.8,50,980.4,Jaisalmer_Desert,26.9157,70.9083
2023-03-30T04:00,22.2,50,980.2,Jaisalmer_Desert,26.9157,70.9083
2023-03-30T05:00,20.3,63,980.1,Jaisalmer_Desert,26.9157,70.9083
2023-03-30T06:00,20,64,981,Jaisalmer_Desert,26.9157,70.9083
2023-03-30T07:00,20.9,59,981.6,Jaisalmer_Desert,26.9157,70.9083
2023-03-30T08:00,22.3,55,982.7,Jaisalmer_Desert,26.9157,70.9083
2023-03-30T09:00,23.5,54,982.8,Jaisalmer_Desert,26.9157,70.9083
2023-03-30T10:00,26,38,982.8,Jaisalmer_Desert,26.9157,70.9083
2023-03-30T11:00,28.4,28,982.2,Jaisalmer_Desert,26.9157,70.9083
2023-03-30T12:00,29.3,26,981.2,Jaisalmer_Desert,26.9157,70.9083
2023-03-30T13:00,29.6,28,980.5,Jaisalmer_Desert,26.9157,70.9083
2023-03-30T14:00,29.6,28,979.3,Jaisalmer_Desert,26.9157,70.9083
2023-03-30T15:00,29.8,27,978.2,Jaisalmer_Desert,26.9157,70.9083
2023-03-30T16:00,29.9,25,977.7,Jaisalmer_Desert,26.9157,70.9083
2023-03-30T17:00,29.5,24,978.2,Jaisalmer_Desert,26.9157,70.9083
2023-03-30T18:00,27.1,35,978.4,Jaisalmer_Desert,26.9157,70.9083
2023-03-30T19:00,25.1,44,979.2,Jaisalmer_Desert,26.9157,70.9083
2023-03-30T20:00,24.3,53,979.9,Jaisalmer_Desert,26.9157,70.9083
2023-03-30T21:00,23.4,60,980.6,Jaisalmer_Desert,26.9157,70.9083
2023-03-30T22:00,22.6,62,981.1,Jaisalmer_Desert,26.9157,70.9083
2023-03-30T23:00,21.7,66,981,Jaisalmer_Desert,26.9157,70.9083
2023-03-31T00:00,21,69,980.8,Jaisalmer_Desert,26.9157,70.9083
2023-03-31T01:00,20.5,72,980.5,Jaisalmer_Desert,26.9157,70.9083
2023-03-31T02:00,19.9,74,979.9,Jaisalmer_Desert,26.9157,70.9083
2023-03-31T03:00,19.4,76,979.3,Jaisalmer_Desert,26.9157,70.9083
2023-03-31T04:00,18.9,79,979.2,Jaisalmer_Desert,26.9157,70.9083
2023-03-31T05:00,19,77,979.4,Jaisalmer_Desert,26.9157,70.9083
2023-03-31T06:00,18.7,79,980.1,Jaisalmer_Desert,26.9157,70.9083
2023-03-31T07:00,19.2,76,980.9,Jaisalmer_Desert,26.9157,70.9083
2023-03-31T08:00,20.6,67,981.6,Jaisalmer_Desert,26.9157,70.9083
2023-03-31T09:00,22.1,60,982.1,Jaisalmer_Desert,26.9157,70.9083
2023-03-31T10:00,23.8,52,982.5,Jaisalmer_Desert,26.9157,70.9083
2023-03-31T11:00,25.4,46,982.3,Jaisalmer_Desert,26.9157,70.9083
2023-03-31T12:00,26.6,42,981.6,Jaisalmer_Desert,26.9157,70.9083
2023-03-31T13:00,27.7,38,980.6,Jaisalmer_Desert,26.9157,70.9083
2023-03-31T14:00,28.3,36,979.6,Jaisalmer_Desert,26.9157,70.9083
2023-03-31T15:00,28.4,35,978.9,Jaisalmer_Desert,26.9157,70.9083
2023-03-31T16:00,28.1,35,978.4,Jaisalmer_Desert,26.9157,70.9083
2023-03-31T17:00,28.3,33,978.5,Jaisalmer_Desert,26.9157,70.9083
2023-03-31T18:00,27.5,35,978.7,Jaisalmer_Desert,26.9157,70.9083
2023-03-31T19:00,26.7,37,979.3,Jaisalmer_Desert,26.9157,70.9083
2023-03-31T20:00,25.8,40,980.1,Jaisalmer_Desert,26.9157,70.9083
2023-03-31T21:00,24.5,47,980.7,Jaisalmer_Desert,26.9157,70.9083
2023-03-31T22:00,23.6,49,981.1,Jaisalmer_Desert,26.9157,70.9083
2023-03-31T23:00,22.7,53,981.3,Jaisalmer_Desert,26.9157,70.9083
2023-04-01T00:00,22.3,56,981.2,Jaisalmer_Desert,26.9157,70.9083
2023-04-01T01:00,21.7,56,980.8,Jaisalmer_Desert,26.9157,70.9083
2023-04-01T02:00,20.5,62,980.5,Jaisalmer_Desert,26.9157,70.9083
2023-04-01T03:00,19.9,64,980.5,Jaisalmer_Desert,26.9157,70.9083
2023-04-01T04:00,19.3,65,980.5,Jaisalmer_Desert,26.9157,70.9083
2023-04-01T05:00,19.7,63,980.1,Jaisalmer_Desert,26.9157,70.9083
2023-04-01T06:00,19.4,65,980.8,Jaisalmer_Desert,26.9157,70.9083
2023-04-01T07:00,20.1,62,981.4,Jaisalmer_Desert,26.9157,70.9083
2023-04-01T08:00,22.9,54,982.2,Jaisalmer_Desert,26.9157,70.9083
2023-04-01T09:00,26.3,42,982.9,Jaisalmer_Desert,26.9157,70.9083
2023-04-01T10:00,28.3,35,983.2,Jaisalmer_Desert,26.9157,70.9083
2023-04-01T11:00,29.8,31,982.9,Jaisalmer_Desert,26.9157,70.9083
2023-04-01T12:00,31.1,26,982.3,Jaisalmer_Desert,26.9157,70.9083
2023-04-01T13:00,32.2,22,981.5,Jaisalmer_Desert,26.9157,70.9083
2023-04-01T14:00,32.9,21,980.5,Jaisalmer_Desert,26.9157,70.9083
2023-04-01T15:00,33.2,20,979.6,Jaisalmer_Desert,26.9157,70.9083
2023-04-01T16:00,33.3,20,978.8,Jaisalmer_Desert,26.9157,70.9083
2023-04-01T17:00,32.8,20,978.9,Jaisalmer_Desert,26.9157,70.9083
2023-04-01T18:00,32.1,21,979.2,Jaisalmer_Desert,26.9157,70.9083
2023-04-01T19:00,30.6,25,979.5,Jaisalmer_Desert,26.9157,70.9083
2023-04-01T20:00,29.1,29,979.7,Jaisalmer_Desert,26.9157,70.9083
2023-04-01T21:00,27.8,36,980.5,Jaisalmer_Desert,26.9157,70.9083
2023-04-01T22:00,27.3,35,981,Jaisalmer_Desert,26.9157,70.9083
2023-04-01T23:00,28,33,981,Jaisalmer_Desert,26.9157,70.9083
2023-04-02T00:00,25.4,39,980.4,Jaisalmer_Desert,26.9157,70.9083
2023-04-02T01:00,25.2,32,980.7,Jaisalmer_Desert,26.9157,70.9083
2023-04-02T02:00,24.2,30,980.8,Jaisalmer_Desert,26.9157,70.9083
2023-04-02T03:00,23.2,34,980.4,Jaisalmer_Desert,26.9157,70.9083
2023-04-02T04:00,22.2,37,979.9,Jaisalmer_Desert,26.9157,70.9083
2023-04-02T05:00,22.1,41,979.6,Jaisalmer_Desert,26.9157,70.9083
2023-04-02T06:00,21.5,47,980.2,Jaisalmer_Desert,26.9157,70.9083
2023-04-02T07:00,21.5,53,980.8,Jaisalmer_Desert,26.9157,70.9083
2023-04-02T08:00,23,53,981.6,Jaisalmer_Desert,26.9157,70.9083
2023-04-02T09:00,25.3,47,982.3,Jaisalmer_Desert,26.9157,70.9083
2023-04-02T10:00,28,38,982.5,Jaisalmer_Desert,26.9157,70.9083
2023-04-02T11:00,29.9,31,982.2,Jaisalmer_Desert,26.9157,70.9083
2023-04-02T12:00,31.3,27,981.8,Jaisalmer_Desert,26.9157,70.9083
2023-04-02T13:00,32.6,22,980.8,Jaisalmer_Desert,26.9157,70.9083
2023-04-02T14:00,33.3,19,979.6,Jaisalmer_Desert,26.9157,70.9083
2023-04-02T15:00,33.7,17,978.6,Jaisalmer_Desert,26.9157,70.9083
2023-04-02T16:00,33.7,16,977.8,Jaisalmer_Desert,26.9157,70.9083
2023-04-02T17:00,33,15,978.1,Jaisalmer_Desert,26.9157,70.9083
2023-04-02T18:00,32.2,15,978,Jaisalmer_Desert,26.9157,70.9083
2023-04-02T19:00,30.4,18,978.4,Jaisalmer_Desert,26.9157,70.9083
2023-04-02T20:00,29.1,21,978.7,Jaisalmer_Desert,26.9157,70.9083
2023-04-02T21:00,28.3,24,979.4,Jaisalmer_Desert,26.9157,70.9083
2023-04-02T22:00,27.4,27,980,Jaisalmer_Desert,26.9157,70.9083
2023-04-02T23:00,26.5,31,979.5,Jaisalmer_Desert,26.9157,70.9083
2023-04-03T00:00,25.9,34,979.2,Jaisalmer_Desert,26.9157,70.9083
2023-04-03T01:00,25,38,978.7,Jaisalmer_Desert,26.9157,70.9083
2023-04-03T02:00,23.7,47,978.8,Jaisalmer_Desert,26.9157,70.9083
2023-04-03T03:00,22.8,58,977.9,Jaisalmer_Desert,26.9157,70.9083
2023-04-03T04:00,22.1,65,977.6,Jaisalmer_Desert,26.9157,70.9083
2023-04-03T05:00,21.6,69,977.6,Jaisalmer_Desert,26.9157,70.9083
2023-04-03T06:00,21.2,72,978.1,Jaisalmer_Desert,26.9157,70.9083
2023-04-03T07:00,21.6,74,978.8,Jaisalmer_Desert,26.9157,70.9083
2023-04-03T08:00,23.3,71,979.3,Jaisalmer_Desert,26.9157,70.9083
2023-04-03T09:00,25.6,62,979.7,Jaisalmer_Desert,26.9157,70.9083
2023-04-03T10:00,27.8,50,980,Jaisalmer_Desert,26.9157,70.9083
2023-04-03T11:00,29.7,41,979.9,Jaisalmer_Desert,26.9157,70.9083
2023-04-03T12:00,31.4,34,979.5,Jaisalmer_Desert,26.9157,70.9083
2023-04-03T13:00,33.1,26,978.5,Jaisalmer_Desert,26.9157,70.9083
2023-04-03T14:00,34,17,977.7,Jaisalmer_Desert,26.9157,70.9083
2023-04-03T15:00,34.4,14,976.9,Jaisalmer_Desert,26.9157,70.9083
2023-04-03T16:00,34.5,13,976.6,Jaisalmer_Desert,26.9157,70.9083
2023-04-03T17:00,33.8,16,976.9,Jaisalmer_Desert,26.9157,70.9083
2023-04-03T18:00,32.7,17,977.4,Jaisalmer_Desert,26.9157,70.9083
2023-04-03T19:00,30,21,977.9,Jaisalmer_Desert,26.9157,70.9083
2023-04-03T20:00,28.9,19,978.7,Jaisalmer_Desert,26.9157,70.9083
2023-04-03T21:00,27.4,19,979.8,Jaisalmer_Desert,26.9157,70.9083
2023-04-03T22:00,26.1,24,979.8,Jaisalmer_Desert,26.9157,70.9083
2023-04-03T23:00,24.9,28,980.1,Jaisalmer_Desert,26.9157,70.9083
2023-04-04T00:00,25,30,980,Jaisalmer_Desert,26.9157,70.9083
2023-04-04T01:00,25.3,47,979.8,Jaisalmer_Desert,26.9157,70.9083
2023-04-04T02:00,24.3,53,979.6,Jaisalmer_Desert,26.9157,70.9083
2023-04-04T03:00,23.3,55,979.6,Jaisalmer_Desert,26.9157,70.9083
2023-04-04T04:00,22.5,53,980,Jaisalmer_Desert,26.9157,70.9083
2023-04-04T05:00,21.3,67,980.6,Jaisalmer_Desert,26.9157,70.9083
2023-04-04T06:00,20.9,69,981.2,Jaisalmer_Desert,26.9157,70.9083
2023-04-04T07:00,21.7,64,982.1,Jaisalmer_Desert,26.9157,70.9083
2023-04-04T08:00,23.5,57,983.1,Jaisalmer_Desert,26.9157,70.9083
2023-04-04T09:00,25.8,49,983.8,Jaisalmer_Desert,26.9157,70.9083
2023-04-04T10:00,27.8,42,983.9,Jaisalmer_Desert,26.9157,70.9083
2023-04-04T11:00,29.5,35,983.8,Jaisalmer_Desert,26.9157,70.9083
2023-04-04T12:00,30.7,30,983.2,Jaisalmer_Desert,26.9157,70.9083
2023-04-04T13:00,31.8,25,982.5,Jaisalmer_Desert,26.9157,70.9083
2023-04-04T14:00,32.6,21,981.5,Jaisalmer_Desert,26.9157,70.9083
2023-04-04T15:00,32.9,19,980.8,Jaisalmer_Desert,26.9157,70.9083
2023-04-04T16:00,33,18,980.4,Jaisalmer_Desert,26.9157,70.9083
2023-04-04T17:00,33,18,981,Jaisalmer_Desert,26.9157,70.9083
2023-04-04T18:00,32.5,18,981.3,Jaisalmer_Desert,26.9157,70.9083
2023-04-04T19:00,31.2,24,981.7,Jaisalmer_Desert,26.9157,70.9083
2023-04-04T20:00,29.6,24,982.2,Jaisalmer_Desert,26.9157,70.9083
2023-04-04T21:00,28.8,26,982.9,Jaisalmer_Desert,26.9157,70.9083
2023-04-04T22:00,27.6,29,983,Jaisalmer_Desert,26.9157,70.9083
2023-04-04T23:00,26.2,34,982.8,Jaisalmer_Desert,26.9157,70.9083
2023-04-05T00:00,24.9,40,982.6,Jaisalmer_Desert,26.9157,70.9083
2023-04-05T01:00,24.1,42,981.9,Jaisalmer_Desert,26.9157,70.9083
2023-04-05T02:00,23.8,42,981.3,Jaisalmer_Desert,26.9157,70.9083
2023-04-05T03:00,23.2,43,981.1,Jaisalmer_Desert,26.9157,70.9083
2023-04-05T04:00,22.6,43,981.1,Jaisalmer_Desert,26.9157,70.9083
2023-04-05T05:00,21.9,48,981.1,Jaisalmer_Desert,26.9157,70.9083
2023-04-05T06:00,21.6,49,981.8,Jaisalmer_Desert,26.9157,70.9083
2023-04-05T07:00,22.2,47,982.3,Jaisalmer_Desert,26.9157,70.9083
2023-04-05T08:00,24.5,41,983.1,Jaisalmer_Desert,26.9157,70.9083
2023-04-05T09:00,27.2,33,983.5,Jaisalmer_Desert,26.9157,70.9083
2023-04-05T10:00,30,27,983.6,Jaisalmer_Desert,26.9157,70.9083
2023-04-05T11:00,31.8,22,983.5,Jaisalmer_Desert,26.9157,70.9083
2023-04-05T12:00,33,19,982.8,Jaisalmer_Desert,26.9157,70.9083
2023-04-05T13:00,33.8,16,981.8,Jaisalmer_Desert,26.9157,70.9083
2023-04-05T14:00,34.4,15,980.7,Jaisalmer_Desert,26.9157,70.9083
2023-04-05T15:00,34.4,14,979.8,Jaisalmer_Desert,26.9157,70.9083
2023-04-05T16:00,34.2,13,979.2,Jaisalmer_Desert,26.9157,70.9083
2023-04-05T17:00,34.2,10,979.3,Jaisalmer_Desert,26.9157,70.9083
2023-04-05T18:00,33.2,13,979.7,Jaisalmer_Desert,26.9157,70.9083
2023-04-05T19:00,31.5,16,980.2,Jaisalmer_Desert,26.9157,70.9083
2023-04-05T20:00,30.4,17,980.9,Jaisalmer_Desert,26.9157,70.9083
2023-04-05T21:00,29.5,18,981.6,Jaisalmer_Desert,26.9157,70.9083
2023-04-05T22:00,26.1,35,982.8,Jaisalmer_Desert,26.9157,70.9083
2023-04-05T23:00,25.5,40,982.7,Jaisalmer_Desert,26.9157,70.9083
2023-04-06T00:00,24.6,42,982.5,Jaisalmer_Desert,26.9157,70.9083
2023-04-06T01:00,24,42,982.1,Jaisalmer_Desert,26.9157,70.9083
2023-04-06T02:00,23.4,43,981.5,Jaisalmer_Desert,26.9157,70.9083
2023-04-06T03:00,22.6,44,981.1,Jaisalmer_Desert,26.9157,70.9083
2023-04-06T04:00,21.7,46,981.1,Jaisalmer_Desert,26.9157,70.9083
2023-04-06T05:00,20.7,60,982.8,Jaisalmer_Desert,26.9157,70.9083
2023-04-06T06:00,20.7,59,983.5,Jaisalmer_Desert,26.9157,70.9083
2023-04-06T07:00,21.5,53,984.5,Jaisalmer_Desert,26.9157,70.9083
2023-04-06T08:00,23.4,46,985.4,Jaisalmer_Desert,26.9157,70.9083
2023-04-06T09:00,25.7,39,986,Jaisalmer_Desert,26.9157,70.9083
2023-04-06T10:00,28.5,30,986.2,Jaisalmer_Desert,26.9157,70.9083
2023-04-06T11:00,30.7,24,986,Jaisalmer_Desert,26.9157,70.9083
2023-04-06T12:00,32.1,20,985.5,Jaisalmer_Desert,26.9157,70.9083
2023-04-06T13:00,33.2,17,984.9,Jaisalmer_Desert,26.9157,70.9083
2023-04-06T14:00,33.8,15,983.9,Jaisalmer_Desert,26.9157,70.9083
2023-04-06T15:00,34.2,14,983.1,Jaisalmer_Desert,26.9157,70.9083
2023-04-06T16:00,34.3,14,982.5,Jaisalmer_Desert,26.9157,70.9083
2023-04-06T17:00,33.5,16,983,Jaisalmer_Desert,26.9157,70.9083
2023-04-06T18:00,32.8,16,983.5,Jaisalmer_Desert,26.9157,70.9083
2023-04-06T19:00,31.5,18,983.5,Jaisalmer_Desert,26.9157,70.9083
2023-04-06T20:00,30.4,19,983.8,Jaisalmer_Desert,26.9157,70.9083
2023-04-06T21:00,29,22,984.9,Jaisalmer_Desert,26.9157,70.9083
2023-04-06T22:00,28,25,985.6,Jaisalmer_Desert,26.9157,70.9083
2023-04-06T23:00,27.1,27,985.7,Jaisalmer_Desert,26.9157,70.9083
2023-04-07T00:00,26.2,30,985.7,Jaisalmer_Desert,26.9157,70.9083
2023-04-07T01:00,25.4,33,985.5,Jaisalmer_Desert,26.9157,70.9083
2023-04-07T02:00,24.8,34,985.3,Jaisalmer_Desert,26.9157,70.9083
2023-04-07T03:00,24.2,35,985.1,Jaisalmer_Desert,26.9157,70.9083
2023-04-07T04:00,23.5,36,985,Jaisalmer_Desert,26.9157,70.9083
2023-04-07T05:00,23.3,37,985.6,Jaisalmer_Desert,26.9157,70.9083
2023-04-07T06:00,23,37,986.1,Jaisalmer_Desert,26.9157,70.9083
2023-04-07T07:00,23.4,36,986.8,Jaisalmer_Desert,26.9157,70.9083
2023-04-07T08:00,25.5,32,987.7,Jaisalmer_Desert,26.9157,70.9083
2023-04-07T09:00,28,27,988.5,Jaisalmer_Desert,26.9157,70.9083
2023-04-07T10:00,30.9,20,988.6,Jaisalmer_Desert,26.9157,70.9083
2023-04-07T11:00,33,15,988.3,Jaisalmer_Desert,26.9157,70.9083
2023-04-07T12:00,34.3,14,987.6,Jaisalmer_Desert,26.9157,70.9083
2023-04-07T13:00,34.8,13,986.6,Jaisalmer_Desert,26.9157,70.9083
2023-04-07T14:00,35.2,12,985.7,Jaisalmer_Desert,26.9157,70.9083
2023-04-07T15:00,34.9,12,985.1,Jaisalmer_Desert,26.9157,70.9083
2023-04-07T16:00,34.7,12,984.6,Jaisalmer_Desert,26.9157,70.9083
2023-04-07T17:00,34,12,984.5,Jaisalmer_Desert,26.9157,70.9083
2023-04-07T18:00,33.3,12,984.7,Jaisalmer_Desert,26.9157,70.9083
2023-04-07T19:00,31.5,14,985,Jaisalmer_Desert,26.9157,70.9083
2023-04-07T20:00,30.4,16,985.4,Jaisalmer_Desert,26.9157,70.9083
2023-04-07T21:00,29.2,18,986.3,Jaisalmer_Desert,26.9157,70.9083
2023-04-07T22:00,28.4,18,986.9,Jaisalmer_Desert,26.9157,70.9083
2023-04-07T23:00,27.2,18,987.1,Jaisalmer_Desert,26.9157,70.9083
2023-04-08T00:00,26.1,19,987.1,Jaisalmer_Desert,26.9157,70.9083
2023-04-08T01:00,25,20,987.1,Jaisalmer_Desert,26.9157,70.9083
2023-04-08T02:00,24.3,21,986.6,Jaisalmer_Desert,26.9157,70.9083
2023-04-08T03:00,23.7,22,986.2,Jaisalmer_Desert,26.9157,70.9083
2023-04-08T04:00,23.3,23,985.8,Jaisalmer_Desert,26.9157,70.9083
2023-04-08T05:00,23.2,23,986.2,Jaisalmer_Desert,26.9157,70.9083
2023-04-08T06:00,23,25,986.8,Jaisalmer_Desert,26.9157,70.9083
2023-04-08T07:00,24,24,987.3,Jaisalmer_Desert,26.9157,70.9083
2023-04-08T08:00,26.5,21,988.4,Jaisalmer_Desert,26.9157,70.9083
2023-04-08T09:00,29.5,17,988.9,Jaisalmer_Desert,26.9157,70.9083
2023-04-08T10:00,31.9,15,989.2,Jaisalmer_Desert,26.9157,70.9083
2023-04-08T11:00,33.6,12,988.8,Jaisalmer_Desert,26.9157,70.9083
2023-04-08T12:00,34.4,11,988.2,Jaisalmer_Desert,26.9157,70.9083
2023-04-08T13:00,35,11,987.3,Jaisalmer_Desert,26.9157,70.9083
2023-04-08T14:00,35.4,10,986.5,Jaisalmer_Desert,26.9157,70.9083
2023-04-08T15:00,35.8,9,985.7,Jaisalmer_Desert,26.9157,70.9083
2023-04-08T16:00,35.9,8,984.8,Jaisalmer_Desert,26.9157,70.9083
2023-04-08T17:00,35,9,985,Jaisalmer_Desert,26.9157,70.9083
2023-04-08T18:00,34,10,985.3,Jaisalmer_Desert,26.9157,70.9083
2023-04-08T19:00,31.5,12,985.6,Jaisalmer_Desert,26.9157,70.9083
2023-04-08T20:00,30.1,14,985.9,Jaisalmer_Desert,26.9157,70.9083
2023-04-08T21:00,29.4,14,986.6,Jaisalmer_Desert,26.9157,70.9083
2023-04-08T22:00,28.7,14,987.2,Jaisalmer_Desert,26.9157,70.9083
2023-04-08T23:00,27,16,986.9,Jaisalmer_Desert,26.9157,70.9083
2023-04-09T00:00,26.1,17,986.7,Jaisalmer_Desert,26.9157,70.9083
2023-04-09T01:00,26.2,17,986.4,Jaisalmer_Desert,26.9157,70.9083
2023-04-09T02:00,23.8,20,986.2,Jaisalmer_Desert,26.9157,70.9083
2023-04-09T03:00,22.9,22,985.9,Jaisalmer_Desert,26.9157,70.9083
2023-04-09T04:00,22.8,20,985.8,Jaisalmer_Desert,26.9157,70.9083
2023-04-09T05:00,24.5,20,986.1,Jaisalmer_Desert,26.9157,70.9083
2023-04-09T06:00,24.1,20,986.7,Jaisalmer_Desert,26.9157,70.9083
2023-04-09T07:00,24.8,20,987.6,Jaisalmer_Desert,26.9157,70.9083
2023-04-09T08:00,27.4,17,988.5,Jaisalmer_Desert,26.9157,70.9083
2023-04-09T09:00,31,15,989.2,Jaisalmer_Desert,26.9157,70.9083
2023-04-09T10:00,34.1,11,989.4,Jaisalmer_Desert,26.9157,70.9083
2023-04-09T11:00,35.3,9,989,Jaisalmer_Desert,26.9157,70.9083
2023-04-09T12:00,36,9,988.3,Jaisalmer_Desert,26.9157,70.9083
2023-04-09T13:00,36.2,9,987.3,Jaisalmer_Desert,26.9157,70.9083
2023-04-09T14:00,36.2,8,986.3,Jaisalmer_Desert,26.9157,70.9083
2023-04-09T15:00,36.1,8,985.4,Jaisalmer_Desert,26.9157,70.9083
2023-04-09T16:00,36.2,8,984.5,Jaisalmer_Desert,26.9157,70.9083
2023-04-09T17:00,36.1,8,984.4,Jaisalmer_Desert,26.9157,70.9083
2023-04-09T18:00,35.3,9,984.3,Jaisalmer_Desert,26.9157,70.9083
2023-04-09T19:00,32.7,14,984.6,Jaisalmer_Desert,26.9157,70.9083
2023-04-09T20:00,31,15,985.1,Jaisalmer_Desert,26.9157,70.9083
2023-04-09T21:00,29.9,17,985.7,Jaisalmer_Desert,26.9157,70.9083
2023-04-09T22:00,29,15,985.7,Jaisalmer_Desert,26.9157,70.9083
2023-04-09T23:00,28.9,14,985.5,Jaisalmer_Desert,26.9157,70.9083
2023-04-10T00:00,28.8,14,985.1,Jaisalmer_Desert,26.9157,70.9083
2023-04-10T01:00,27.4,16,984.2,Jaisalmer_Desert,26.9157,70.9083
2023-04-10T02:00,25.3,21,983.9,Jaisalmer_Desert,26.9157,70.9083
2023-04-10T03:00,24.2,22,983.7,Jaisalmer_Desert,26.9157,70.9083
2023-04-10T04:00,24.3,21,983.6,Jaisalmer_Desert,26.9157,70.9083
2023-04-10T05:00,25,20,984.3,Jaisalmer_Desert,26.9157,70.9083
2023-04-10T06:00,24.4,21,984.7,Jaisalmer_Desert,26.9157,70.9083
2023-04-10T07:00,25.5,19,985.2,Jaisalmer_Desert,26.9157,70.9083
2023-04-10T08:00,27.9,17,986,Jaisalmer_Desert,26.9157,70.9083
2023-04-10T09:00,30.7,14,986.7,Jaisalmer_Desert,26.9157,70.9083
2023-04-10T10:00,33.6,12,986.6,Jaisalmer_Desert,26.9157,70.9083
2023-04-10T11:00,35.8,11,986.6,Jaisalmer_Desert,26.9157,70.9083
2023-04-10T12:00,36.5,11,986,Jaisalmer_Desert,26.9157,70.9083
2023-04-10T13:00,37,11,985.2,Jaisalmer_Desert,26.9157,70.9083
2023-04-10T14:00,37.1,11,984.3,Jaisalmer_Desert,26.9157,70.9083
2023-04-10T15:00,36.9,11,983.6,Jaisalmer_Desert,26.9157,70.9083
2023-04-10T16:00,36.6,11,983.6,Jaisalmer_Desert,26.9157,70.9083
2023-04-10T17:00,36.5,11,983.5,Jaisalmer_Desert,26.9157,70.9083
2023-04-10T18:00,33.6,17,984.2,Jaisalmer_Desert,26.9157,70.9083
2023-04-10T19:00,32.9,18,984.3,Jaisalmer_Desert,26.9157,70.9083
2023-04-10T20:00,31.1,22,985,Jaisalmer_Desert,26.9157,70.9083
2023-04-10T21:00,30.6,23,985.6,Jaisalmer_Desert,26.9157,70.9083
2023-04-10T22:00,30.2,23,985.5,Jaisalmer_Desert,26.9157,70.9083
2023-04-10T23:00,30.8,20,985.6,Jaisalmer_Desert,26.9157,70.9083
2023-04-11T00:00,31.2,18,985.8,Jaisalmer_Desert,26.9157,70.9083
2023-04-11T01:00,30.1,20,984.7,Jaisalmer_Desert,26.9157,70.9083
2023-04-11T02:00,28.8,23,984.1,Jaisalmer_Desert,26.9157,70.9083
2023-04-11T03:00,27.5,27,983.6,Jaisalmer_Desert,26.9157,70.9083
2023-04-11T04:00,27.6,26,983.3,Jaisalmer_Desert,26.9157,70.9083
2023-04-11T05:00,26.1,33,983.3,Jaisalmer_Desert,26.9157,70.9083
2023-04-11T06:00,25.3,33,983.8,Jaisalmer_Desert,26.9157,70.9083
2023-04-11T07:00,27.1,29,984.5,Jaisalmer_Desert,26.9157,70.9083
2023-04-11T08:00,30.1,24,985.8,Jaisalmer_Desert,26.9157,70.9083
2023-04-11T09:00,31.2,23,986.7,Jaisalmer_Desert,26.9157,70.9083
2023-04-11T10:00,32,22,987.1,Jaisalmer_Desert,26.9157,70.9083
2023-04-11T11:00,32.9,20,987.2,Jaisalmer_Desert,26.9157,70.9083
2023-04-11T12:00,33.7,20,986.8,Jaisalmer_Desert,26.9157,70.9083
2023-04-11T13:00,33,21,986.7,Jaisalmer_Desert,26.9157,70.9083
2023-04-11T14:00,31.2,25,985.7,Jaisalmer_Desert,26.9157,70.9083
2023-04-11T15:00,32,25,984.9,Jaisalmer_Desert,26.9157,70.9083
2023-04-11T16:00,31.7,27,984.5,Jaisalmer_Desert,26.9157,70.9083
2023-04-11T17:00,31.2,26,984.2,Jaisalmer_Desert,26.9157,70.9083
2023-04-11T18:00,30.3,28,984.2,Jaisalmer_Desert,26.9157,70.9083
2023-04-11T19:00,29.2,30,984.3,Jaisalmer_Desert,26.9157,70.9083
2023-04-11T20:00,28.4,31,984.5,Jaisalmer_Desert,26.9157,70.9083
2023-04-11T21:00,27.3,34,985.2,Jaisalmer_Desert,26.9157,70.9083
2023-04-11T22:00,26.8,33,985.4,Jaisalmer_Desert,26.9157,70.9083
2023-04-11T23:00,26.4,33,984.9,Jaisalmer_Desert,26.9157,70.9083
2023-04-12T00:00,25.6,35,984.5,Jaisalmer_Desert,26.9157,70.9083
2023-04-12T01:00,24.2,41,984.2,Jaisalmer_Desert,26.9157,70.9083
2023-04-12T02:00,23.4,45,983.8,Jaisalmer_Desert,26.9157,70.9083
2023-04-12T03:00,22.8,46,983.6,Jaisalmer_Desert,26.9157,70.9083
2023-04-12T04:00,23.5,42,983.4,Jaisalmer_Desert,26.9157,70.9083
2023-04-12T05:00,23,46,983.2,Jaisalmer_Desert,26.9157,70.9083
2023-04-12T06:00,22.3,48,983.8,Jaisalmer_Desert,26.9157,70.9083
2023-04-12T07:00,23.4,44,984.5,Jaisalmer_Desert,26.9157,70.9083
2023-04-12T08:00,26.7,35,985.5,Jaisalmer_Desert,26.9157,70.9083
2023-04-12T09:00,29.8,29,986.3,Jaisalmer_Desert,26.9157,70.9083
2023-04-12T10:00,31.7,26,986.3,Jaisalmer_Desert,26.9157,70.9083
2023-04-12T11:00,33.5,23,985.8,Jaisalmer_Desert,26.9157,70.9083
2023-04-12T12:00,34.8,20,985.2,Jaisalmer_Desert,26.9157,70.9083
2023-04-12T13:00,35.5,19,984.2,Jaisalmer_Desert,26.9157,70.9083
2023-04-12T14:00,36.1,17,983.1,Jaisalmer_Desert,26.9157,70.9083
2023-04-12T15:00,36.3,16,982.4,Jaisalmer_Desert,26.9157,70.9083
2023-04-12T16:00,36.3,16,981.9,Jaisalmer_Desert,26.9157,70.9083
2023-04-12T17:00,36,13,981.4,Jaisalmer_Desert,26.9157,70.9083
2023-04-12T18:00,35.9,13,981.7,Jaisalmer_Desert,26.9157,70.9083
2023-04-12T19:00,33.6,20,982.3,Jaisalmer_Desert,26.9157,70.9083
2023-04-12T20:00,32.5,21,983,Jaisalmer_Desert,26.9157,70.9083
2023-04-12T21:00,31.6,22,983.4,Jaisalmer_Desert,26.9157,70.9083
2023-04-12T22:00,30.4,23,983.8,Jaisalmer_Desert,26.9157,70.9083
2023-04-12T23:00,29.3,25,983.8,Jaisalmer_Desert,26.9157,70.9083
2023-04-13T00:00,29.1,26,983.8,Jaisalmer_Desert,26.9157,70.9083
2023-04-13T01:00,27.9,28,983.5,Jaisalmer_Desert,26.9157,70.9083
2023-04-13T02:00,26.7,31,982.9,Jaisalmer_Desert,26.9157,70.9083
2023-04-13T03:00,25.8,33,982.6,Jaisalmer_Desert,26.9157,70.9083
2023-04-13T04:00,24.8,36,982.5,Jaisalmer_Desert,26.9157,70.9083
2023-04-13T05:00,24.6,39,982.2,Jaisalmer_Desert,26.9157,70.9083
2023-04-13T06:00,24.3,40,982.6,Jaisalmer_Desert,26.9157,70.9083
2023-04-13T07:00,25.6,37,983.3,Jaisalmer_Desert,26.9157,70.9083
2023-04-13T08:00,27.9,31,984,Jaisalmer_Desert,26.9157,70.9083
2023-04-13T09:00,30.8,25,984.6,Jaisalmer_Desert,26.9157,70.9083
2023-04-13T10:00,33.5,20,984.9,Jaisalmer_Desert,26.9157,70.9083
2023-04-13T11:00,35.6,17,984.9,Jaisalmer_Desert,26.9157,70.9083
2023-04-13T12:00,37.1,13,984.2,Jaisalmer_Desert,26.9157,70.9083
2023-04-13T13:00,37.9,12,983.3,Jaisalmer_Desert,26.9157,70.9083
2023-04-13T14:00,38.4,12,982.5,Jaisalmer_Desert,26.9157,70.9083
2023-04-13T15:00,38.5,12,981.6,Jaisalmer_Desert,26.9157,70.9083
2023-04-13T16:00,38.2,12,981.1,Jaisalmer_Desert,26.9157,70.9083
2023-04-13T17:00,37.3,13,981.3,Jaisalmer_Desert,26.9157,70.9083
2023-04-13T18:00,36.5,13,981.7,Jaisalmer_Desert,26.9157,70.9083
2023-04-13T19:00,34.4,18,982,Jaisalmer_Desert,26.9157,70.9083
2023-04-13T20:00,35.5,15,982.5,Jaisalmer_Desert,26.9157,70.9083
2023-04-13T21:00,34.3,16,983.1,Jaisalmer_Desert,26.9157,70.9083
2023-04-13T22:00,33.2,17,983.2,Jaisalmer_Desert,26.9157,70.9083
2023-04-13T23:00,32.8,17,982.8,Jaisalmer_Desert,26.9157,70.9083
2023-04-14T00:00,30.9,20,982,Jaisalmer_Desert,26.9157,70.9083
2023-04-14T01:00,30.7,20,981.5,Jaisalmer_Desert,26.9157,70.9083
2023-04-14T02:00,27.4,25,981,Jaisalmer_Desert,26.9157,70.9083
2023-04-14T03:00,29.1,22,981.3,Jaisalmer_Desert,26.9157,70.9083
2023-04-14T04:00,26.4,26,981,Jaisalmer_Desert,26.9157,70.9083
2023-04-14T05:00,26,28,981.4,Jaisalmer_Desert,26.9157,70.9083
2023-04-14T06:00,25.7,30,982,Jaisalmer_Desert,26.9157,70.9083
2023-04-14T07:00,27,29,982.8,Jaisalmer_Desert,26.9157,70.9083
2023-04-14T08:00,29.6,25,983.7,Jaisalmer_Desert,26.9157,70.9083
2023-04-14T09:00,32.5,21,984.4,Jaisalmer_Desert,26.9157,70.9083
2023-04-14T10:00,34.8,16,984.6,Jaisalmer_Desert,26.9157,70.9083
2023-04-14T11:00,36.4,14,984.1,Jaisalmer_Desert,26.9157,70.9083
2023-04-14T12:00,37.6,12,983.4,Jaisalmer_Desert,26.9157,70.9083
2023-04-14T13:00,38.3,11,982.6,Jaisalmer_Desert,26.9157,70.9083
2023-04-14T14:00,38.7,10,981.5,Jaisalmer_Desert,26.9157,70.9083
2023-04-14T15:00,38.9,10,980.5,Jaisalmer_Desert,26.9157,70.9083
2023-04-14T16:00,38.9,10,979.9,Jaisalmer_Desert,26.9157,70.9083
2023-04-14T17:00,38.5,9,979.2,Jaisalmer_Desert,26.9157,70.9083
2023-04-14T18:00,37.8,10,979.5,Jaisalmer_Desert,26.9157,70.9083
2023-04-14T19:00,35.8,11,980,Jaisalmer_Desert,26.9157,70.9083
2023-04-14T20:00,34.3,11,980.7,Jaisalmer_Desert,26.9157,70.9083
2023-04-14T21:00,33.7,13,981.4,Jaisalmer_Desert,26.9157,70.9083
2023-04-14T22:00,32.2,16,981.6,Jaisalmer_Desert,26.9157,70.9083
2023-04-14T23:00,31.2,19,981.4,Jaisalmer_Desert,26.9157,70.9083
2023-04-15T00:00,31.1,19,980.9,Jaisalmer_Desert,26.9157,70.9083
2023-04-15T01:00,30.2,20,980.2,Jaisalmer_Desert,26.9157,70.9083
2023-04-15T02:00,29.5,20,979.7,Jaisalmer_Desert,26.9157,70.9083
2023-04-15T03:00,28.4,24,980,Jaisalmer_Desert,26.9157,70.9083
2023-04-15T04:00,27.1,28,980.2,Jaisalmer_Desert,26.9157,70.9083
2023-04-15T05:00,26.1,42,980.3,Jaisalmer_Desert,26.9157,70.9083
2023-04-15T06:00,25.7,47,980.9,Jaisalmer_Desert,26.9157,70.9083
2023-04-15T07:00,26.7,45,981.7,Jaisalmer_Desert,26.9157,70.9083
2023-04-15T08:00,29,40,982.5,Jaisalmer_Desert,26.9157,70.9083
2023-04-15T09:00,31.9,32,983.3,Jaisalmer_Desert,26.9157,70.9083
2023-04-15T10:00,34.6,25,983.4,Jaisalmer_Desert,26.9157,70.9083
2023-04-15T11:00,36.7,18,983.1,Jaisalmer_Desert,26.9157,70.9083
2023-04-15T12:00,37.5,15,982.7,Jaisalmer_Desert,26.9157,70.9083
2023-04-15T13:00,38,14,981.9,Jaisalmer_Desert,26.9157,70.9083
2023-04-15T14:00,38.3,14,980.9,Jaisalmer_Desert,26.9157,70.9083
2023-04-15T15:00,38.6,14,979.8,Jaisalmer_Desert,26.9157,70.9083
2023-04-15T16:00,38.7,14,979.1,Jaisalmer_Desert,26.9157,70.9083
2023-04-15T17:00,38.3,14,978.9,Jaisalmer_Desert,26.9157,70.9083
2023-04-15T18:00,37.7,14,978.8,Jaisalmer_Desert,26.9157,70.9083
2023-04-15T19:00,35.9,16,979.2,Jaisalmer_Desert,26.9157,70.9083
2023-04-15T20:00,35.3,17,979.8,Jaisalmer_Desert,26.9157,70.9083
2023-04-15T21:00,34.6,18,980.5,Jaisalmer_Desert,26.9157,70.9083
2023-04-15T22:00,33.9,17,980.8,Jaisalmer_Desert,26.9157,70.9083
2023-04-15T23:00,32.4,19,980.8,Jaisalmer_Desert,26.9157,70.9083
2023-04-16T00:00,31.2,20,980.5,Jaisalmer_Desert,26.9157,70.9083
2023-04-16T01:00,30.2,22,980,Jaisalmer_Desert,26.9157,70.9083
2023-04-16T02:00,29.5,24,979.5,Jaisalmer_Desert,26.9157,70.9083
2023-04-16T03:00,28.5,27,979.5,Jaisalmer_Desert,26.9157,70.9083
2023-04-16T04:00,27.2,36,979.5,Jaisalmer_Desert,26.9157,70.9083
2023-04-16T05:00,26.3,50,979.5,Jaisalmer_Desert,26.9157,70.9083
2023-04-16T06:00,25.6,57,980.1,Jaisalmer_Desert,26.9157,70.9083
2023-04-16T07:00,26.4,57,981,Jaisalmer_Desert,26.9157,70.9083
2023-04-16T08:00,28.2,53,981.8,Jaisalmer_Desert,26.9157,70.9083
2023-04-16T09:00,30.5,45,982.5,Jaisalmer_Desert,26.9157,70.9083
2023-04-16T10:00,33.3,34,982.6,Jaisalmer_Desert,26.9157,70.9083
2023-04-16T11:00,35.5,22,982,Jaisalmer_Desert,26.9157,70.9083
2023-04-16T12:00,36.5,19,981.4,Jaisalmer_Desert,26.9157,70.9083
2023-04-16T13:00,37.1,17,980.5,Jaisalmer_Desert,26.9157,70.9083
2023-04-16T14:00,37.3,17,979.3,Jaisalmer_Desert,26.9157,70.9083
2023-04-16T15:00,37.5,16,978.5,Jaisalmer_Desert,26.9157,70.9083
2023-04-16T16:00,37.3,15,978.1,Jaisalmer_Desert,26.9157,70.9083
2023-04-16T17:00,37,15,978,Jaisalmer_Desert,26.9157,70.9083
2023-04-16T18:00,36.4,15,978.5,Jaisalmer_Desert,26.9157,70.9083
2023-04-16T19:00,34.6,16,978.8,Jaisalmer_Desert,26.9157,70.9083
2023-04-16T20:00,33.1,18,979.4,Jaisalmer_Desert,26.9157,70.9083
2023-04-16T21:00,31.4,21,979.7,Jaisalmer_Desert,26.9157,70.9083
2023-04-16T22:00,30.8,22,980.2,Jaisalmer_Desert,26.9157,70.9083
2023-04-16T23:00,30.7,22,980,Jaisalmer_Desert,26.9157,70.9083
2023-04-17T00:00,29.7,24,979.5,Jaisalmer_Desert,26.9157,70.9083
2023-04-17T01:00,28.5,26,978.9,Jaisalmer_Desert,26.9157,70.9083
2023-04-17T02:00,28.5,34,978.7,Jaisalmer_Desert,26.9157,70.9083
2023-04-17T03:00,27.7,38,978.4,Jaisalmer_Desert,26.9157,70.9083
2023-04-17T04:00,26.9,41,978.6,Jaisalmer_Desert,26.9157,70.9083
2023-04-17T05:00,26.5,48,979,Jaisalmer_Desert,26.9157,70.9083
2023-04-17T06:00,25.9,52,979.4,Jaisalmer_Desert,26.9157,70.9083
2023-04-17T07:00,26.7,51,980.2,Jaisalmer_Desert,26.9157,70.9083
2023-04-17T08:00,28.7,46,981,Jaisalmer_Desert,26.9157,70.9083
2023-04-17T09:00,30.7,42,982,Jaisalmer_Desert,26.9157,70.9083
2023-04-17T10:00,32.7,37,982.2,Jaisalmer_Desert,26.9157,70.9083
2023-04-17T11:00,34.8,28,981.8,Jaisalmer_Desert,26.9157,70.9083
2023-04-17T12:00,36,24,981.4,Jaisalmer_Desert,26.9157,70.9083
2023-04-17T13:00,36.9,23,980.6,Jaisalmer_Desert,26.9157,70.9083
2023-04-17T14:00,37.7,21,979.7,Jaisalmer_Desert,26.9157,70.9083
2023-04-17T15:00,38.1,19,978.8,Jaisalmer_Desert,26.9157,70.9083
2023-04-17T16:00,38.5,15,978.4,Jaisalmer_Desert,26.9157,70.9083
2023-04-17T17:00,37.5,19,978.9,Jaisalmer_Desert,26.9157,70.9083
2023-04-17T18:00,36.9,19,979,Jaisalmer_Desert,26.9157,70.9083
2023-04-17T19:00,35.8,19,979.6,Jaisalmer_Desert,26.9157,70.9083
2023-04-17T20:00,34.6,17,980.2,Jaisalmer_Desert,26.9157,70.9083
2023-04-17T21:00,34,12,980.7,Jaisalmer_Desert,26.9157,70.9083
2023-04-17T22:00,32.7,14,981.5,Jaisalmer_Desert,26.9157,70.9083
2023-04-17T23:00,31.2,20,981.6,Jaisalmer_Desert,26.9157,70.9083
2023-04-18T00:00,30.2,24,981.3,Jaisalmer_Desert,26.9157,70.9083
2023-04-18T01:00,29.1,25,981,Jaisalmer_Desert,26.9157,70.9083
2023-04-18T02:00,28.2,25,980.8,Jaisalmer_Desert,26.9157,70.9083
2023-04-18T03:00,27.5,26,980.7,Jaisalmer_Desert,26.9157,70.9083
2023-04-18T04:00,26.7,28,980.5,Jaisalmer_Desert,26.9157,70.9083
2023-04-18T05:00,25.6,34,981.1,Jaisalmer_Desert,26.9157,70.9083
2023-04-18T06:00,25.3,35,981.7,Jaisalmer_Desert,26.9157,70.9083
2023-04-18T07:00,26.1,35,982.7,Jaisalmer_Desert,26.9157,70.9083
2023-04-18T08:00,28.2,34,983.7,Jaisalmer_Desert,26.9157,70.9083
2023-04-18T09:00,30.6,31,984.4,Jaisalmer_Desert,26.9157,70.9083
2023-04-18T10:00,32.5,30,984.5,Jaisalmer_Desert,26.9157,70.9083
2023-04-18T11:00,34.2,29,984.1,Jaisalmer_Desert,26.9157,70.9083
2023-04-18T12:00,35.8,24,983.3,Jaisalmer_Desert,26.9157,70.9083
2023-04-18T13:00,36.9,21,982.7,Jaisalmer_Desert,26.9157,70.9083
2023-04-18T14:00,37.9,19,982.2,Jaisalmer_Desert,26.9157,70.9083
2023-04-18T15:00,34.4,24,981.9,Jaisalmer_Desert,26.9157,70.9083
2023-04-18T16:00,35.4,21,981.1,Jaisalmer_Desert,26.9157,70.9083
2023-04-18T17:00,36.6,17,981,Jaisalmer_Desert,26.9157,70.9083
2023-04-18T18:00,32.8,29,982,Jaisalmer_Desert,26.9157,70.9083
2023-04-18T19:00,31,34,982.4,Jaisalmer_Desert,26.9157,70.9083
2023-04-18T20:00,29.8,38,982.6,Jaisalmer_Desert,26.9157,70.9083
2023-04-18T21:00,27.7,47,983.4,Jaisalmer_Desert,26.9157,70.9083
2023-04-18T22:00,27.8,46,983.6,Jaisalmer_Desert,26.9157,70.9083
2023-04-18T23:00,27.6,47,983.6,Jaisalmer_Desert,26.9157,70.9083
2023-04-19T00:00,27.2,53,982.9,Jaisalmer_Desert,26.9157,70.9083
2023-04-19T01:00,26.7,50,982.4,Jaisalmer_Desert,26.9157,70.9083
2023-04-19T02:00,26.4,50,981.3,Jaisalmer_Desert,26.9157,70.9083
2023-04-19T03:00,25.5,52,980.6,Jaisalmer_Desert,26.9157,70.9083
2023-04-19T04:00,25.5,50,980.2,Jaisalmer_Desert,26.9157,70.9083
2023-04-19T05:00,23.4,70,980.6,Jaisalmer_Desert,26.9157,70.9083
2023-04-19T06:00,23,69,980.4,Jaisalmer_Desert,26.9157,70.9083
2023-04-19T07:00,24.8,58,981,Jaisalmer_Desert,26.9157,70.9083
2023-04-19T08:00,27,49,981.5,Jaisalmer_Desert,26.9157,70.9083
2023-04-19T09:00,28.7,42,982,Jaisalmer_Desert,26.9157,70.9083
2023-04-19T10:00,30.3,35,982.1,Jaisalmer_Desert,26.9157,70.9083
2023-04-19T11:00,31.4,31,981.3,Jaisalmer_Desert,26.9157,70.9083
2023-04-19T12:00,32.7,27,980.6,Jaisalmer_Desert,26.9157,70.9083
2023-04-19T13:00,33.5,24,979.5,Jaisalmer_Desert,26.9157,70.9083
2023-04-19T14:00,34.1,23,978.6,Jaisalmer_Desert,26.9157,70.9083
2023-04-19T15:00,34.1,22,977.7,Jaisalmer_Desert,26.9157,70.9083
2023-04-19T16:00,34.3,21,977.3,Jaisalmer_Desert,26.9157,70.9083
2023-04-19T17:00,34,19,978.1,Jaisalmer_Desert,26.9157,70.9083
2023-04-19T18:00,33.4,19,978.1,Jaisalmer_Desert,26.9157,70.9083
2023-04-19T19:00,32.7,20,978.1,Jaisalmer_Desert,26.9157,70.9083
2023-04-19T20:00,31.2,21,978.6,Jaisalmer_Desert,26.9157,70.9083
2023-04-19T21:00,30.3,22,979.2,Jaisalmer_Desert,26.9157,70.9083
2023-04-19T22:00,29.4,24,979.4,Jaisalmer_Desert,26.9157,70.9083
2023-04-19T23:00,28.1,27,979,Jaisalmer_Desert,26.9157,70.9083
2023-04-20T00:00,27,29,978.4,Jaisalmer_Desert,26.9157,70.9083
2023-04-20T01:00,26.2,31,977.6,Jaisalmer_Desert,26.9157,70.9083
2023-04-20T02:00,25.4,33,976.8,Jaisalmer_Desert,26.9157,70.9083
2023-04-20T03:00,24.7,36,976.3,Jaisalmer_Desert,26.9157,70.9083
2023-04-20T04:00,24.5,36,976.2,Jaisalmer_Desert,26.9157,70.9083
2023-04-20T05:00,23.3,42,976.9,Jaisalmer_Desert,26.9157,70.9083
2023-04-20T06:00,23.2,42,977.2,Jaisalmer_Desert,26.9157,70.9083
2023-04-20T07:00,24.2,41,977.5,Jaisalmer_Desert,26.9157,70.9083
2023-04-20T08:00,26.6,35,978.1,Jaisalmer_Desert,26.9157,70.9083
2023-04-20T09:00,28.8,31,978.6,Jaisalmer_Desert,26.9157,70.9083
2023-04-20T10:00,30.7,28,978.7,Jaisalmer_Desert,26.9157,70.9083
2023-04-20T11:00,32.5,22,978.4,Jaisalmer_Desert,26.9157,70.9083
2023-04-20T12:00,33.8,18,977.7,Jaisalmer_Desert,26.9157,70.9083
2023-04-20T13:00,34.6,16,976.8,Jaisalmer_Desert,26.9157,70.9083
2023-04-20T14:00,35,15,975.8,Jaisalmer_Desert,26.9157,70.9083
2023-04-20T15:00,35.1,14,974.7,Jaisalmer_Desert,26.9157,70.9083
2023-04-20T16:00,35.1,13,974.1,Jaisalmer_Desert,26.9157,70.9083
2023-04-20T17:00,34.7,10,975,Jaisalmer_Desert,26.9157,70.9083
2023-04-20T18:00,33.9,8,975.3,Jaisalmer_Desert,26.9157,70.9083
2023-04-20T19:00,32,9,975.7,Jaisalmer_Desert,26.9157,70.9083
2023-04-20T20:00,30.5,9,976.2,Jaisalmer_Desert,26.9157,70.9083
2023-04-20T21:00,29.3,10,976.9,Jaisalmer_Desert,26.9157,70.9083
2023-04-20T22:00,27.2,12,977.5,Jaisalmer_Desert,26.9157,70.9083
2023-04-20T23:00,25.4,13,977.2,Jaisalmer_Desert,26.9157,70.9083
2023-04-21T00:00,27.2,11,976.8,Jaisalmer_Desert,26.9157,70.9083
2023-04-21T01:00,27.2,11,976.4,Jaisalmer_Desert,26.9157,70.9083
2023-04-21T02:00,26.9,11,975.9,Jaisalmer_Desert,26.9157,70.9083
2023-04-21T03:00,24.8,13,975.3,Jaisalmer_Desert,26.9157,70.9083
2023-04-21T04:00,22.2,16,975.4,Jaisalmer_Desert,26.9157,70.9083
2023-04-21T05:00,21.8,19,975.9,Jaisalmer_Desert,26.9157,70.9083
2023-04-21T06:00,20.7,21,976.3,Jaisalmer_Desert,26.9157,70.9083
2023-04-21T07:00,22.5,20,977.5,Jaisalmer_Desert,26.9157,70.9083
2023-04-21T08:00,25.8,21,978.5,Jaisalmer_Desert,26.9157,70.9083
2023-04-21T09:00,28.4,26,979.1,Jaisalmer_Desert,26.9157,70.9083
2023-04-21T10:00,30.8,25,979.4,Jaisalmer_Desert,26.9157,70.9083
2023-04-21T11:00,32.6,20,979.1,Jaisalmer_Desert,26.9157,70.9083
2023-04-21T12:00,34.1,17,978.5,Jaisalmer_Desert,26.9157,70.9083
2023-04-21T13:00,35.8,9,977.7,Jaisalmer_Desert,26.9157,70.9083
2023-04-21T14:00,36.3,7,976.5,Jaisalmer_Desert,26.9157,70.9083
2023-04-21T15:00,36.4,6,975.9,Jaisalmer_Desert,26.9157,70.9083
2023-04-21T16:00,36.2,6,975.5,Jaisalmer_Desert,26.9157,70.9083
2023-04-21T17:00,35.4,6,976.2,Jaisalmer_Desert,26.9157,70.9083
2023-04-21T18:00,34.7,6,976.4,Jaisalmer_Desert,26.9157,70.9083
2023-04-21T19:00,32.3,7,976.8,Jaisalmer_Desert,26.9157,70.9083
2023-04-21T20:00,31.1,7,977.3,Jaisalmer_Desert,26.9157,70.9083
2023-04-21T21:00,29.9,8,977.6,Jaisalmer_Desert,26.9157,70.9083
2023-04-21T22:00,27.2,12,977.9,Jaisalmer_Desert,26.9157,70.9083
2023-04-21T23:00,27.1,11,978,Jaisalmer_Desert,26.9157,70.9083
2023-04-22T00:00,26.8,13,977.6,Jaisalmer_Desert,26.9157,70.9083
2023-04-22T01:00,25.9,14,976.9,Jaisalmer_Desert,26.9157,70.9083
2023-04-22T02:00,24.4,15,976.6,Jaisalmer_Desert,26.9157,70.9083
2023-04-22T03:00,22.9,17,976.5,Jaisalmer_Desert,26.9157,70.9083
2023-04-22T04:00,22.7,17,976.5,Jaisalmer_Desert,26.9157,70.9083
2023-04-22T05:00,22.1,21,976.7,Jaisalmer_Desert,26.9157,70.9083
2023-04-22T06:00,22.4,21,977.4,Jaisalmer_Desert,26.9157,70.9083
2023-04-22T07:00,23.7,19,978.8,Jaisalmer_Desert,26.9157,70.9083
2023-04-22T08:00,27.3,16,979.5,Jaisalmer_Desert,26.9157,70.9083
2023-04-22T09:00,30.5,13,980.3,Jaisalmer_Desert,26.9157,70.9083
2023-04-22T10:00,32.7,11,980.2,Jaisalmer_Desert,26.9157,70.9083
2023-04-22T11:00,34.2,8,980,Jaisalmer_Desert,26.9157,70.9083
2023-04-22T12:00,35.2,7,979.7,Jaisalmer_Desert,26.9157,70.9083
2023-04-22T13:00,36.2,5,979,Jaisalmer_Desert,26.9157,70.9083
2023-04-22T14:00,36.7,5,978.1,Jaisalmer_Desert,26.9157,70.9083
2023-04-22T15:00,36.8,5,977.3,Jaisalmer_Desert,26.9157,70.9083
2023-04-22T16:00,36.5,5,976.8,Jaisalmer_Desert,26.9157,70.9083
2023-04-22T17:00,35.6,5,977.3,Jaisalmer_Desert,26.9157,70.9083
2023-04-22T18:00,35,6,977.3,Jaisalmer_Desert,26.9157,70.9083
2023-04-22T19:00,33,6,977.1,Jaisalmer_Desert,26.9157,70.9083
2023-04-22T20:00,31.4,8,977.9,Jaisalmer_Desert,26.9157,70.9083
2023-04-22T21:00,30,10,978.3,Jaisalmer_Desert,26.9157,70.9083
2023-04-22T22:00,28.7,11,978.7,Jaisalmer_Desert,26.9157,70.9083
2023-04-22T23:00,27.8,13,979.1,Jaisalmer_Desert,26.9157,70.9083
2023-04-23T00:00,26.9,16,978.9,Jaisalmer_Desert,26.9157,70.9083
2023-04-23T01:00,25.8,19,978.5,Jaisalmer_Desert,26.9157,70.9083
2023-04-23T02:00,24.7,21,978.1,Jaisalmer_Desert,26.9157,70.9083
2023-04-23T03:00,23.7,24,978.4,Jaisalmer_Desert,26.9157,70.9083
2023-04-23T04:00,23,25,978.6,Jaisalmer_Desert,26.9157,70.9083
2023-04-23T05:00,22.6,28,978.9,Jaisalmer_Desert,26.9157,70.9083
2023-04-23T06:00,22.6,28,979.5,Jaisalmer_Desert,26.9157,70.9083
2023-04-23T07:00,23.8,30,980,Jaisalmer_Desert,26.9157,70.9083
2023-04-23T08:00,26.1,28,981,Jaisalmer_Desert,26.9157,70.9083
2023-04-23T09:00,28.8,24,981.7,Jaisalmer_Desert,26.9157,70.9083
2023-04-23T10:00,31.4,18,981.9,Jaisalmer_Desert,26.9157,70.9083
2023-04-23T11:00,33.1,14,981.6,Jaisalmer_Desert,26.9157,70.9083
2023-04-23T12:00,34.4,9,981.2,Jaisalmer_Desert,26.9157,70.9083
2023-04-23T13:00,35,9,980.7,Jaisalmer_Desert,26.9157,70.9083
2023-04-23T14:00,35.5,9,980,Jaisalmer_Desert,26.9157,70.9083
2023-04-23T15:00,35.7,8,979.4,Jaisalmer_Desert,26.9157,70.9083
2023-04-23T16:00,35.5,8,979,Jaisalmer_Desert,26.9157,70.9083
2023-04-23T17:00,34.6,9,979.4,Jaisalmer_Desert,26.9157,70.9083
2023-04-23T18:00,33.9,9,979.6,Jaisalmer_Desert,26.9157,70.9083
2023-04-23T19:00,31.7,11,979.7,Jaisalmer_Desert,26.9157,70.9083
2023-04-23T20:00,30,13,979.9,Jaisalmer_Desert,26.9157,70.9083
2023-04-23T21:00,28.9,14,980.5,Jaisalmer_Desert,26.9157,70.9083
2023-04-23T22:00,27.2,18,980.8,Jaisalmer_Desert,26.9157,70.9083
2023-04-23T23:00,26.8,17,981.2,Jaisalmer_Desert,26.9157,70.9083
2023-04-24T00:00,25,20,980.8,Jaisalmer_Desert,26.9157,70.9083
2023-04-24T01:00,24.3,21,980.7,Jaisalmer_Desert,26.9157,70.9083
2023-04-24T02:00,24.5,21,980.3,Jaisalmer_Desert,26.9157,70.9083
2023-04-24T03:00,23.1,24,980.4,Jaisalmer_Desert,26.9157,70.9083
2023-04-24T04:00,21.5,29,980.5,Jaisalmer_Desert,26.9157,70.9083
2023-04-24T05:00,22.7,28,980.6,Jaisalmer_Desert,26.9157,70.9083
2023-04-24T06:00,22.4,29,981.6,Jaisalmer_Desert,26.9157,70.9083
2023-04-24T07:00,23.8,26,982.5,Jaisalmer_Desert,26.9157,70.9083
2023-04-24T08:00,26.7,21,983.1,Jaisalmer_Desert,26.9157,70.9083
2023-04-24T09:00,30.1,18,983.7,Jaisalmer_Desert,26.9157,70.9083
2023-04-24T10:00,31.6,15,983.9,Jaisalmer_Desert,26.9157,70.9083
2023-04-24T11:00,32.7,14,983.7,Jaisalmer_Desert,26.9157,70.9083
2023-04-24T12:00,33.6,14,983.5,Jaisalmer_Desert,26.9157,70.9083
2023-04-24T13:00,34.4,13,983.1,Jaisalmer_Desert,26.9157,70.9083
2023-04-24T14:00,34.8,13,982.3,Jaisalmer_Desert,26.9157,70.9083
2023-04-24T15:00,35.2,12,981.4,Jaisalmer_Desert,26.9157,70.9083
2023-04-24T16:00,35.3,11,980.9,Jaisalmer_Desert,26.9157,70.9083
2023-04-24T17:00,34.7,12,981.6,Jaisalmer_Desert,26.9157,70.9083
2023-04-24T18:00,34.1,12,981.4,Jaisalmer_Desert,26.9157,70.9083
2023-04-24T19:00,32.4,14,981.6,Jaisalmer_Desert,26.9157,70.9083
2023-04-24T20:00,31.1,15,981.9,Jaisalmer_Desert,26.9157,70.9083
2023-04-24T21:00,30.1,17,982.3,Jaisalmer_Desert,26.9157,70.9083
2023-04-24T22:00,28.7,19,982.4,Jaisalmer_Desert,26.9157,70.9083
2023-04-24T23:00,27.3,21,982.4,Jaisalmer_Desert,26.9157,70.9083
2023-04-25T00:00,26.4,22,982.2,Jaisalmer_Desert,26.9157,70.9083
2023-04-25T01:00,25.7,23,981.9,Jaisalmer_Desert,26.9157,70.9083
2023-04-25T02:00,25.2,24,981.4,Jaisalmer_Desert,26.9157,70.9083
2023-04-25T03:00,25,25,981,Jaisalmer_Desert,26.9157,70.9083
2023-04-25T04:00,24.6,25,981.3,Jaisalmer_Desert,26.9157,70.9083
2023-04-25T05:00,24.7,26,981.5,Jaisalmer_Desert,26.9157,70.9083
2023-04-25T06:00,24.6,27,982.2,Jaisalmer_Desert,26.9157,70.9083
2023-04-25T07:00,26.1,25,983,Jaisalmer_Desert,26.9157,70.9083
2023-04-25T08:00,28.7,21,983.6,Jaisalmer_Desert,26.9157,70.9083
2023-04-25T09:00,31.3,19,984.2,Jaisalmer_Desert,26.9157,70.9083
2023-04-25T10:00,33.6,17,984.5,Jaisalmer_Desert,26.9157,70.9083
2023-04-25T11:00,35,15,984.2,Jaisalmer_Desert,26.9157,70.9083
2023-04-25T12:00,35.8,13,983.7,Jaisalmer_Desert,26.9157,70.9083
2023-04-25T13:00,36.5,12,982.7,Jaisalmer_Desert,26.9157,70.9083
2023-04-25T14:00,36.8,11,981.6,Jaisalmer_Desert,26.9157,70.9083
2023-04-25T15:00,37.1,11,981.1,Jaisalmer_Desert,26.9157,70.9083
2023-04-25T16:00,36.9,10,980.6,Jaisalmer_Desert,26.9157,70.9083
2023-04-25T17:00,36,11,980.5,Jaisalmer_Desert,26.9157,70.9083
2023-04-25T18:00,35.6,12,980.5,Jaisalmer_Desert,26.9157,70.9083
2023-04-25T19:00,33.6,13,980.4,Jaisalmer_Desert,26.9157,70.9083
2023-04-25T20:00,32.8,14,980.9,Jaisalmer_Desert,26.9157,70.9083
2023-04-25T21:00,31.6,16,981.2,Jaisalmer_Desert,26.9157,70.9083
2023-04-25T22:00,30.6,17,981.1,Jaisalmer_Desert,26.9157,70.9083
2023-04-25T23:00,29.9,18,981.1,Jaisalmer_Desert,26.9157,70.9083
2023-04-26T00:00,29.4,19,980.3,Jaisalmer_Desert,26.9157,70.9083
2023-04-26T01:00,29.1,20,979.7,Jaisalmer_Desert,26.9157,70.9083
2023-04-26T02:00,28.8,20,979.6,Jaisalmer_Desert,26.9157,70.9083
2023-04-26T03:00,28.4,21,979.4,Jaisalmer_Desert,26.9157,70.9083
2023-04-26T04:00,27.3,22,979.6,Jaisalmer_Desert,26.9157,70.9083
2023-04-26T05:00,27.6,24,979.8,Jaisalmer_Desert,26.9157,70.9083
2023-04-26T06:00,26.9,25,980.3,Jaisalmer_Desert,26.9157,70.9083
2023-04-26T07:00,27.7,25,981.1,Jaisalmer_Desert,26.9157,70.9083
2023-04-26T08:00,29.4,24,981.2,Jaisalmer_Desert,26.9157,70.9083
2023-04-26T09:00,31.6,22,981.9,Jaisalmer_Desert,26.9157,70.9083
2023-04-26T10:00,33.6,20,982.1,Jaisalmer_Desert,26.9157,70.9083
2023-04-26T11:00,35.4,17,981.8,Jaisalmer_Desert,26.9157,70.9083
2023-04-26T12:00,36.4,13,981,Jaisalmer_Desert,26.9157,70.9083
2023-04-26T13:00,36.9,12,980,Jaisalmer_Desert,26.9157,70.9083
2023-04-26T14:00,37,12,979.2,Jaisalmer_Desert,26.9157,70.9083
2023-04-26T15:00,36.8,12,978.2,Jaisalmer_Desert,26.9157,70.9083
2023-04-26T16:00,36.7,12,978.1,Jaisalmer_Desert,26.9157,70.9083
2023-04-26T17:00,36.5,11,977.5,Jaisalmer_Desert,26.9157,70.9083
2023-04-26T18:00,33.2,16,977.7,Jaisalmer_Desert,26.9157,70.9083
2023-04-26T19:00,33.5,16,978.3,Jaisalmer_Desert,26.9157,70.9083
2023-04-26T20:00,32.4,17,978.6,Jaisalmer_Desert,26.9157,70.9083
2023-04-26T21:00,31.9,18,978.6,Jaisalmer_Desert,26.9157,70.9083
2023-04-26T22:00,31.4,19,978.7,Jaisalmer_Desert,26.9157,70.9083
2023-04-26T23:00,30.5,20,979.1,Jaisalmer_Desert,26.9157,70.9083
2023-04-27T00:00,29.5,24,979.2,Jaisalmer_Desert,26.9157,70.9083
2023-04-27T01:00,29.4,23,978.7,Jaisalmer_Desert,26.9157,70.9083
2023-04-27T02:00,27.5,27,978.2,Jaisalmer_Desert,26.9157,70.9083
2023-04-27T03:00,27.3,28,978.3,Jaisalmer_Desert,26.9157,70.9083
2023-04-27T04:00,25.7,31,978.3,Jaisalmer_Desert,26.9157,70.9083
2023-04-27T05:00,25.8,31,978.9,Jaisalmer_Desert,26.9157,70.9083
2023-04-27T06:00,25.7,31,979.3,Jaisalmer_Desert,26.9157,70.9083
2023-04-27T07:00,27.4,28,980.3,Jaisalmer_Desert,26.9157,70.9083
2023-04-27T08:00,30.2,24,980.8,Jaisalmer_Desert,26.9157,70.9083
2023-04-27T09:00,32.4,21,981.4,Jaisalmer_Desert,26.9157,70.9083
2023-04-27T10:00,34,19,981.4,Jaisalmer_Desert,26.9157,70.9083
2023-04-27T11:00,35.2,17,981.4,Jaisalmer_Desert,26.9157,70.9083
2023-04-27T12:00,33.9,19,981.7,Jaisalmer_Desert,26.9157,70.9083
2023-04-27T13:00,34.7,18,980.5,Jaisalmer_Desert,26.9157,70.9083
2023-04-27T14:00,35.7,17,979.5,Jaisalmer_Desert,26.9157,70.9083
2023-04-27T15:00,35.6,18,979,Jaisalmer_Desert,26.9157,70.9083
2023-04-27T16:00,29.3,35,979.7,Jaisalmer_Desert,26.9157,70.9083
2023-04-27T17:00,31.4,28,979,Jaisalmer_Desert,26.9157,70.9083
2023-04-27T18:00,28.9,35,979.5,Jaisalmer_Desert,26.9157,70.9083
2023-04-27T19:00,29.2,35,979.8,Jaisalmer_Desert,26.9157,70.9083
2023-04-27T20:00,28.6,35,980.4,Jaisalmer_Desert,26.9157,70.9083
2023-04-27T21:00,28.6,34,980.7,Jaisalmer_Desert,26.9157,70.9083
2023-04-27T22:00,28.3,32,981,Jaisalmer_Desert,26.9157,70.9083
2023-04-27T23:00,27.9,33,981.1,Jaisalmer_Desert,26.9157,70.9083
2023-04-28T00:00,27.1,36,980.9,Jaisalmer_Desert,26.9157,70.9083
2023-04-28T01:00,26.7,37,980.5,Jaisalmer_Desert,26.9157,70.9083
2023-04-28T02:00,26,39,980,Jaisalmer_Desert,26.9157,70.9083
2023-04-28T03:00,25.4,42,980.2,Jaisalmer_Desert,26.9157,70.9083
2023-04-28T04:00,24.9,44,980.2,Jaisalmer_Desert,26.9157,70.9083
2023-04-28T05:00,24.3,49,980.3,Jaisalmer_Desert,26.9157,70.9083
2023-04-28T06:00,23.7,50,980.9,Jaisalmer_Desert,26.9157,70.9083
2023-04-28T07:00,24.8,48,982,Jaisalmer_Desert,26.9157,70.9083
2023-04-28T08:00,26.5,48,982.8,Jaisalmer_Desert,26.9157,70.9083
2023-04-28T09:00,28.2,45,983.2,Jaisalmer_Desert,26.9157,70.9083
2023-04-28T10:00,29.9,40,983.3,Jaisalmer_Desert,26.9157,70.9083
2023-04-28T11:00,32.3,33,982.6,Jaisalmer_Desert,26.9157,70.9083
2023-04-28T12:00,30.3,37,982.9,Jaisalmer_Desert,26.9157,70.9083
2023-04-28T13:00,32.2,27,981.7,Jaisalmer_Desert,26.9157,70.9083
2023-04-28T14:00,33,26,980.6,Jaisalmer_Desert,26.9157,70.9083
2023-04-28T15:00,26.6,47,980.8,Jaisalmer_Desert,26.9157,70.9083
2023-04-28T16:00,26.3,53,979.4,Jaisalmer_Desert,26.9157,70.9083
2023-04-28T17:00,30.3,34,979.6,Jaisalmer_Desert,26.9157,70.9083
2023-04-28T18:00,30,37,979.4,Jaisalmer_Desert,26.9157,70.9083
2023-04-28T19:00,24.2,60,981.2,Jaisalmer_Desert,26.9157,70.9083
2023-04-28T20:00,23.9,63,981.5,Jaisalmer_Desert,26.9157,70.9083
2023-04-28T21:00,23.8,66,982.1,Jaisalmer_Desert,26.9157,70.9083
2023-04-28T22:00,24.6,60,983.1,Jaisalmer_Desert,26.9157,70.9083
2023-04-28T23:00,23.6,65,982.9,Jaisalmer_Desert,26.9157,70.9083
2023-04-29T00:00,22.7,71,982.2,Jaisalmer_Desert,26.9157,70.9083
2023-04-29T01:00,22.3,75,981.5,Jaisalmer_Desert,26.9157,70.9083
2023-04-29T02:00,21.9,79,980.6,Jaisalmer_Desert,26.9157,70.9083
2023-04-29T03:00,21.3,85,980.6,Jaisalmer_Desert,26.9157,70.9083
2023-04-29T04:00,21.1,88,980.2,Jaisalmer_Desert,26.9157,70.9083
2023-04-29T05:00,20.2,89,980.5,Jaisalmer_Desert,26.9157,70.9083
2023-04-29T06:00,20,90,981,Jaisalmer_Desert,26.9157,70.9083
2023-04-29T07:00,21,84,981.9,Jaisalmer_Desert,26.9157,70.9083
2023-04-29T08:00,22,76,982.9,Jaisalmer_Desert,26.9157,70.9083
2023-04-29T09:00,23.3,68,983,Jaisalmer_Desert,26.9157,70.9083
2023-04-29T10:00,24.8,63,982.8,Jaisalmer_Desert,26.9157,70.9083
2023-04-29T11:00,25.9,61,982.6,Jaisalmer_Desert,26.9157,70.9083
2023-04-29T12:00,26.8,58,981.9,Jaisalmer_Desert,26.9157,70.9083
2023-04-29T13:00,27.5,56,981.2,Jaisalmer_Desert,26.9157,70.9083
2023-04-29T14:00,28.2,49,980,Jaisalmer_Desert,26.9157,70.9083
2023-04-29T15:00,28,49,978.9,Jaisalmer_Desert,26.9157,70.9083
2023-04-29T16:00,26.1,58,978.6,Jaisalmer_Desert,26.9157,70.9083
2023-04-29T17:00,28.3,43,978.3,Jaisalmer_Desert,26.9157,70.9083
2023-04-29T18:00,27.2,54,978.7,Jaisalmer_Desert,26.9157,70.9083
2023-04-29T19:00,25,67,979.4,Jaisalmer_Desert,26.9157,70.9083
2023-04-29T20:00,24.1,72,979.9,Jaisalmer_Desert,26.9157,70.9083
2023-04-29T21:00,23.5,76,980.2,Jaisalmer_Desert,26.9157,70.9083
2023-04-29T22:00,22.5,80,981.5,Jaisalmer_Desert,26.9157,70.9083
2023-04-29T23:00,21.9,84,981.1,Jaisalmer_Desert,26.9157,70.9083
2023-04-30T00:00,21,89,980.9,Jaisalmer_Desert,26.9157,70.9083
2023-04-30T01:00,20.9,89,980.1,Jaisalmer_Desert,26.9157,70.9083
2023-04-30T02:00,20.5,91,979.8,Jaisalmer_Desert,26.9157,70.9083
2023-04-30T03:00,20.5,91,979.3,Jaisalmer_Desert,26.9157,70.9083
2023-04-30T04:00,20.1,95,979.1,Jaisalmer_Desert,26.9157,70.9083
2023-04-30T05:00,20.7,89,978.4,Jaisalmer_Desert,26.9157,70.9083
2023-04-30T06:00,20.5,91,979,Jaisalmer_Desert,26.9157,70.9083
2023-04-30T07:00,21.1,89,979.9,Jaisalmer_Desert,26.9157,70.9083
2023-04-30T08:00,22.7,80,980.4,Jaisalmer_Desert,26.9157,70.9083
2023-04-30T09:00,24.2,71,980.9,Jaisalmer_Desert,26.9157,70.9083
2023-04-30T10:00,25.5,66,980.9,Jaisalmer_Desert,26.9157,70.9083
2023-04-30T11:00,26.5,61,980.4,Jaisalmer_Desert,26.9157,70.9083
2023-04-30T12:00,27.1,58,980.1,Jaisalmer_Desert,26.9157,70.9083
2023-04-30T13:00,27.5,55,979.4,Jaisalmer_Desert,26.9157,70.9083
2023-04-30T14:00,27.7,52,978.2,Jaisalmer_Desert,26.9157,70.9083
2023-04-30T15:00,26.2,54,977.4,Jaisalmer_Desert,26.9157,70.9083
2023-04-30T16:00,26.2,56,976.7,Jaisalmer_Desert,26.9157,70.9083
2023-04-30T17:00,24.9,65,977,Jaisalmer_Desert,26.9157,70.9083
2023-04-30T18:00,24.1,71,977.5,Jaisalmer_Desert,26.9157,70.9083
2023-04-30T19:00,22.9,81,978,Jaisalmer_Desert,26.9157,70.9083
2023-04-30T20:00,22.3,86,978.3,Jaisalmer_Desert,26.9157,70.9083
2023-04-30T21:00,22.1,87,978.6,Jaisalmer_Desert,26.9157,70.9083
2023-04-30T22:00,22.1,85,978.8,Jaisalmer_Desert,26.9157,70.9083
2023-04-30T23:00,21.8,87,978.9,Jaisalmer_Desert,26.9157,70.9083
2023-05-01T00:00,21.6,86,978.2,Jaisalmer_Desert,26.9157,70.9083
2023-05-01T01:00,21.4,85,977.7,Jaisalmer_Desert,26.9157,70.9083
2023-05-01T02:00,21.2,86,977.4,Jaisalmer_Desert,26.9157,70.9083
2023-05-01T03:00,20.9,86,977.1,Jaisalmer_Desert,26.9157,70.9083
2023-05-01T04:00,20.5,86,977,Jaisalmer_Desert,26.9157,70.9083
2023-05-01T05:00,20.6,89,977.4,Jaisalmer_Desert,26.9157,70.9083
2023-05-01T06:00,20.8,88,978,Jaisalmer_Desert,26.9157,70.9083
2023-05-01T07:00,21.8,84,978.6,Jaisalmer_Desert,26.9157,70.9083
2023-05-01T08:00,23.7,76,979.3,Jaisalmer_Desert,26.9157,70.9083
2023-05-01T09:00,25.5,65,979.9,Jaisalmer_Desert,26.9157,70.9083
2023-05-01T10:00,26.7,59,980.1,Jaisalmer_Desert,26.9157,70.9083
2023-05-01T11:00,27.4,55,979.9,Jaisalmer_Desert,26.9157,70.9083
2023-05-01T12:00,27.7,54,979.4,Jaisalmer_Desert,26.9157,70.9083
2023-05-01T13:00,27.7,54,978.9,Jaisalmer_Desert,26.9157,70.9083
2023-05-01T14:00,28,53,978.1,Jaisalmer_Desert,26.9157,70.9083
2023-05-01T15:00,27.8,54,977.4,Jaisalmer_Desert,26.9157,70.9083
2023-05-01T16:00,27.9,53,977.2,Jaisalmer_Desert,26.9157,70.9083
2023-05-01T17:00,25.7,66,976.5,Jaisalmer_Desert,26.9157,70.9083
2023-05-01T18:00,25.3,70,976.7,Jaisalmer_Desert,26.9157,70.9083
2023-05-01T19:00,24.6,78,977.5,Jaisalmer_Desert,26.9157,70.9083
2023-05-01T20:00,23.9,79,978.1,Jaisalmer_Desert,26.9157,70.9083
2023-05-01T21:00,23.2,78,978.9,Jaisalmer_Desert,26.9157,70.9083
2023-05-01T22:00,22.8,78,979.5,Jaisalmer_Desert,26.9157,70.9083
2023-05-01T23:00,22.8,79,979.6,Jaisalmer_Desert,26.9157,70.9083
2023-05-02T00:00,22.6,79,979,Jaisalmer_Desert,26.9157,70.9083
2023-05-02T01:00,22.1,80,978.3,Jaisalmer_Desert,26.9157,70.9083
2023-05-02T02:00,21.6,82,978.2,Jaisalmer_Desert,26.9157,70.9083
2023-05-02T03:00,21.6,81,977.9,Jaisalmer_Desert,26.9157,70.9083
2023-05-02T04:00,21.4,82,978,Jaisalmer_Desert,26.9157,70.9083
2023-05-02T05:00,21.8,82,978.6,Jaisalmer_Desert,26.9157,70.9083
2023-05-02T06:00,22,81,979.1,Jaisalmer_Desert,26.9157,70.9083
2023-05-02T07:00,22.8,80,980,Jaisalmer_Desert,26.9157,70.9083
2023-05-02T08:00,25.1,71,980.6,Jaisalmer_Desert,26.9157,70.9083
2023-05-02T09:00,27.4,57,981.5,Jaisalmer_Desert,26.9157,70.9083
2023-05-02T10:00,28.7,49,981.7,Jaisalmer_Desert,26.9157,70.9083
2023-05-02T11:00,29.5,46,981.3,Jaisalmer_Desert,26.9157,70.9083
2023-05-02T12:00,30,45,980.9,Jaisalmer_Desert,26.9157,70.9083
2023-05-02T13:00,30.4,45,980.1,Jaisalmer_Desert,26.9157,70.9083
2023-05-02T14:00,30.5,43,979.4,Jaisalmer_Desert,26.9157,70.9083
2023-05-02T15:00,29.3,48,978.9,Jaisalmer_Desert,26.9157,70.9083
2023-05-02T16:00,29.4,46,978.3,Jaisalmer_Desert,26.9157,70.9083
2023-05-02T17:00,27.7,56,978.4,Jaisalmer_Desert,26.9157,70.9083
2023-05-02T18:00,27.4,60,978.7,Jaisalmer_Desert,26.9157,70.9083
2023-05-02T19:00,25.6,78,979.3,Jaisalmer_Desert,26.9157,70.9083
2023-05-02T20:00,25.2,75,979.9,Jaisalmer_Desert,26.9157,70.9083
2023-05-02T21:00,24.9,72,980.7,Jaisalmer_Desert,26.9157,70.9083
2023-05-02T22:00,24.2,77,981.4,Jaisalmer_Desert,26.9157,70.9083
2023-05-02T23:00,23.5,80,981.6,Jaisalmer_Desert,26.9157,70.9083
2023-05-03T00:00,22.8,84,981.2,Jaisalmer_Desert,26.9157,70.9083
2023-05-03T01:00,22.1,88,980.9,Jaisalmer_Desert,26.9157,70.9083
2023-05-03T02:00,21.7,89,980.5,Jaisalmer_Desert,26.9157,70.9083
2023-05-03T03:00,21.7,88,980.3,Jaisalmer_Desert,26.9157,70.9083
2023-05-03T04:00,21.5,88,980.6,Jaisalmer_Desert,26.9157,70.9083
2023-05-03T05:00,21.1,86,981.5,Jaisalmer_Desert,26.9157,70.9083
2023-05-03T06:00,21.2,89,982.4,Jaisalmer_Desert,26.9157,70.9083
2023-05-03T07:00,22.4,85,983.3,Jaisalmer_Desert,26.9157,70.9083
2023-05-03T08:00,24.5,77,983.7,Jaisalmer_Desert,26.9157,70.9083
2023-05-03T09:00,26.8,63,984.5,Jaisalmer_Desert,26.9157,70.9083
2023-05-03T10:00,28.4,55,984.3,Jaisalmer_Desert,26.9157,70.9083
2023-05-03T11:00,29.7,48,984.1,Jaisalmer_Desert,26.9157,70.9083
2023-05-03T12:00,30.7,43,983.6,Jaisalmer_Desert,26.9157,70.9083
2023-05-03T13:00,31.2,40,982.6,Jaisalmer_Desert,26.9157,70.9083
2023-05-03T14:00,31.6,37,981.4,Jaisalmer_Desert,26.9157,70.9083
2023-05-03T15:00,31.9,36,980.4,Jaisalmer_Desert,26.9157,70.9083
2023-05-03T16:00,32.3,36,979.9,Jaisalmer_Desert,26.9157,70.9083
2023-05-03T17:00,31.6,37,979.4,Jaisalmer_Desert,26.9157,70.9083
2023-05-03T18:00,30.1,48,979.4,Jaisalmer_Desert,26.9157,70.9083
2023-05-03T19:00,27.9,55,979.7,Jaisalmer_Desert,26.9157,70.9083
2023-05-03T20:00,26.6,60,980.2,Jaisalmer_Desert,26.9157,70.9083
2023-05-03T21:00,25.9,63,981.1,Jaisalmer_Desert,26.9157,70.9083
2023-05-03T22:00,25,67,981.8,Jaisalmer_Desert,26.9157,70.9083
2023-05-03T23:00,24.5,67,981.8,Jaisalmer_Desert,26.9157,70.9083
2023-05-04T00:00,24.3,66,981.4,Jaisalmer_Desert,26.9157,70.9083
2023-05-04T01:00,23.9,67,980.7,Jaisalmer_Desert,26.9157,70.9083
2023-05-04T02:00,23.3,70,980.4,Jaisalmer_Desert,26.9157,70.9083
2023-05-04T03:00,22.6,74,980.2,Jaisalmer_Desert,26.9157,70.9083
2023-05-04T04:00,21.9,79,980.2,Jaisalmer_Desert,26.9157,70.9083
2023-05-04T05:00,23.5,74,980.3,Jaisalmer_Desert,26.9157,70.9083
2023-05-04T06:00,23.8,70,980.9,Jaisalmer_Desert,26.9157,70.9083
2023-05-04T07:00,24.6,69,981.9,Jaisalmer_Desert,26.9157,70.9083
2023-05-04T08:00,26.7,63,982.7,Jaisalmer_Desert,26.9157,70.9083
2023-05-04T09:00,29.5,50,983.4,Jaisalmer_Desert,26.9157,70.9083
2023-05-04T10:00,31.6,39,983.4,Jaisalmer_Desert,26.9157,70.9083
2023-05-04T11:00,32.8,35,983.1,Jaisalmer_Desert,26.9157,70.9083
2023-05-04T12:00,33.6,32,982.4,Jaisalmer_Desert,26.9157,70.9083
2023-05-04T13:00,34.2,29,981.6,Jaisalmer_Desert,26.9157,70.9083
2023-05-04T14:00,34.8,24,980.7,Jaisalmer_Desert,26.9157,70.9083
2023-05-04T15:00,35.2,21,979.7,Jaisalmer_Desert,26.9157,70.9083
2023-05-04T16:00,35.4,19,978.9,Jaisalmer_Desert,26.9157,70.9083
2023-05-04T17:00,34.6,27,978.9,Jaisalmer_Desert,26.9157,70.9083
2023-05-04T18:00,33.3,36,978.8,Jaisalmer_Desert,26.9157,70.9083
2023-05-04T19:00,30.8,51,979.6,Jaisalmer_Desert,26.9157,70.9083
2023-05-04T20:00,29.3,45,980.2,Jaisalmer_Desert,26.9157,70.9083
2023-05-04T21:00,28.2,48,980.7,Jaisalmer_Desert,26.9157,70.9083
2023-05-04T22:00,26.8,59,981,Jaisalmer_Desert,26.9157,70.9083
2023-05-04T23:00,26,62,980.8,Jaisalmer_Desert,26.9157,70.9083
2023-05-05T00:00,25.4,62,980.5,Jaisalmer_Desert,26.9157,70.9083
2023-05-05T01:00,24.6,66,979.9,Jaisalmer_Desert,26.9157,70.9083
2023-05-05T02:00,24.2,67,979.2,Jaisalmer_Desert,26.9157,70.9083
2023-05-05T03:00,24.1,66,978.9,Jaisalmer_Desert,26.9157,70.9083
2023-05-05T04:00,23.7,64,978.9,Jaisalmer_Desert,26.9157,70.9083
2023-05-05T05:00,23.1,69,979.9,Jaisalmer_Desert,26.9157,70.9083
2023-05-05T06:00,23.1,68,980.6,Jaisalmer_Desert,26.9157,70.9083
2023-05-05T07:00,24.8,61,981.5,Jaisalmer_Desert,26.9157,70.9083
2023-05-05T08:00,27.3,52,982.4,Jaisalmer_Desert,26.9157,70.9083
2023-05-05T09:00,29.8,41,982.7,Jaisalmer_Desert,26.9157,70.9083
2023-05-05T10:00,32,33,982.6,Jaisalmer_Desert,26.9157,70.9083
2023-05-05T11:00,33.4,29,982.2,Jaisalmer_Desert,26.9157,70.9083
2023-05-05T12:00,34.3,27,981.5,Jaisalmer_Desert,26.9157,70.9083
2023-05-05T13:00,35,25,980.6,Jaisalmer_Desert,26.9157,70.9083
2023-05-05T14:00,35.5,24,979.7,Jaisalmer_Desert,26.9157,70.9083
2023-05-05T15:00,35.8,23,978.6,Jaisalmer_Desert,26.9157,70.9083
2023-05-05T16:00,36.1,22,978,Jaisalmer_Desert,26.9157,70.9083
2023-05-05T17:00,36,21,978.3,Jaisalmer_Desert,26.9157,70.9083
2023-05-05T18:00,35.2,21,978.4,Jaisalmer_Desert,26.9157,70.9083
2023-05-05T19:00,33,26,978.8,Jaisalmer_Desert,26.9157,70.9083
2023-05-05T20:00,32,28,979.3,Jaisalmer_Desert,26.9157,70.9083
2023-05-05T21:00,30.9,31,980,Jaisalmer_Desert,26.9157,70.9083
2023-05-05T22:00,30.1,33,980.3,Jaisalmer_Desert,26.9157,70.9083
2023-05-05T23:00,28.8,39,980,Jaisalmer_Desert,26.9157,70.9083
2023-05-06T00:00,28.8,36,979.7,Jaisalmer_Desert,26.9157,70.9083
2023-05-06T01:00,27.5,42,979.3,Jaisalmer_Desert,26.9157,70.9083
2023-05-06T02:00,26.7,44,978.8,Jaisalmer_Desert,26.9157,70.9083
2023-05-06T03:00,26,46,978.7,Jaisalmer_Desert,26.9157,70.9083
2023-05-06T04:00,25.5,46,978.6,Jaisalmer_Desert,26.9157,70.9083
2023-05-06T05:00,25.5,54,979.2,Jaisalmer_Desert,26.9157,70.9083
2023-05-06T06:00,25.5,53,979.8,Jaisalmer_Desert,26.9157,70.9083
2023-05-06T07:00,26.9,49,980.4,Jaisalmer_Desert,26.9157,70.9083
2023-05-06T08:00,29.2,43,981,Jaisalmer_Desert,26.9157,70.9083
2023-05-06T09:00,32.2,34,981.6,Jaisalmer_Desert,26.9157,70.9083
2023-05-06T10:00,34.7,26,981.6,Jaisalmer_Desert,26.9157,70.9083
2023-05-06T11:00,36.2,21,981.5,Jaisalmer_Desert,26.9157,70.9083
2023-05-06T12:00,37.2,19,980.8,Jaisalmer_Desert,26.9157,70.9083
2023-05-06T13:00,37.8,17,980,Jaisalmer_Desert,26.9157,70.9083
2023-05-06T14:00,38.1,17,979.1,Jaisalmer_Desert,26.9157,70.9083
2023-05-06T15:00,38.1,16,978.3,Jaisalmer_Desert,26.9157,70.9083
2023-05-06T16:00,38,15,977.8,Jaisalmer_Desert,26.9157,70.9083
2023-05-06T17:00,37.7,16,977.9,Jaisalmer_Desert,26.9157,70.9083
2023-05-06T18:00,36.6,19,977.8,Jaisalmer_Desert,26.9157,70.9083
2023-05-06T19:00,33.6,33,978.1,Jaisalmer_Desert,26.9157,70.9083
2023-05-06T20:00,32.2,46,978.5,Jaisalmer_Desert,26.9157,70.9083
2023-05-06T21:00,31,46,979.1,Jaisalmer_Desert,26.9157,70.9083
2023-05-06T22:00,29.9,44,979.1,Jaisalmer_Desert,26.9157,70.9083
2023-05-06T23:00,29.5,35,978.9,Jaisalmer_Desert,26.9157,70.9083
2023-05-07T00:00,28.2,42,978.4,Jaisalmer_Desert,26.9157,70.9083
2023-05-07T01:00,27.8,40,977.9,Jaisalmer_Desert,26.9157,70.9083
2023-05-07T02:00,28.3,32,977.7,Jaisalmer_Desert,26.9157,70.9083
2023-05-07T03:00,27,32,977.7,Jaisalmer_Desert,26.9157,70.9083
2023-05-07T04:00,26.4,32,977.9,Jaisalmer_Desert,26.9157,70.9083
2023-05-07T05:00,26.5,40,978.2,Jaisalmer_Desert,26.9157,70.9083
2023-05-07T06:00,26.3,46,978.8,Jaisalmer_Desert,26.9157,70.9083
2023-05-07T07:00,27.6,47,979.6,Jaisalmer_Desert,26.9157,70.9083
2023-05-07T08:00,29.8,42,980.2,Jaisalmer_Desert,26.9157,70.9083
2023-05-07T09:00,32.4,33,980.7,Jaisalmer_Desert,26.9157,70.9083
2023-05-07T10:00,34.5,27,980.9,Jaisalmer_Desert,26.9157,70.9083
2023-05-07T11:00,36.4,22,980.5,Jaisalmer_Desert,26.9157,70.9083
2023-05-07T12:00,38,17,979.7,Jaisalmer_Desert,26.9157,70.9083
2023-05-07T13:00,38.8,14,978.8,Jaisalmer_Desert,26.9157,70.9083
2023-05-07T14:00,38.9,13,977.7,Jaisalmer_Desert,26.9157,70.9083
2023-05-07T15:00,39.2,12,976.9,Jaisalmer_Desert,26.9157,70.9083
2023-05-07T16:00,39,11,976.1,Jaisalmer_Desert,26.9157,70.9083
2023-05-07T17:00,38.5,8,976.3,Jaisalmer_Desert,26.9157,70.9083
2023-05-07T18:00,37.2,8,976.4,Jaisalmer_Desert,26.9157,70.9083
2023-05-07T19:00,33.5,12,976.6,Jaisalmer_Desert,26.9157,70.9083
2023-05-07T20:00,30.8,21,977.1,Jaisalmer_Desert,26.9157,70.9083
2023-05-07T21:00,29.5,16,977.5,Jaisalmer_Desert,26.9157,70.9083
2023-05-07T22:00,28,19,977.9,Jaisalmer_Desert,26.9157,70.9083
2023-05-07T23:00,30.9,8,977.8,Jaisalmer_Desert,26.9157,70.9083
2023-05-08T00:00,30.8,8,977.4,Jaisalmer_Desert,26.9157,70.9083
2023-05-08T01:00,27.2,16,976.6,Jaisalmer_Desert,26.9157,70.9083
2023-05-08T02:00,28.7,12,976.3,Jaisalmer_Desert,26.9157,70.9083
2023-05-08T03:00,24.4,20,975.7,Jaisalmer_Desert,26.9157,70.9083
2023-05-08T04:00,25.8,12,976.4,Jaisalmer_Desert,26.9157,70.9083
2023-05-08T05:00,25.2,19,976.9,Jaisalmer_Desert,26.9157,70.9083
2023-05-08T06:00,25,29,977.5,Jaisalmer_Desert,26.9157,70.9083
2023-05-08T07:00,26,49,978.1,Jaisalmer_Desert,26.9157,70.9083
2023-05-08T08:00,28.4,51,978.9,Jaisalmer_Desert,26.9157,70.9083
2023-05-08T09:00,31,44,979.5,Jaisalmer_Desert,26.9157,70.9083
2023-05-08T10:00,33.6,32,979.7,Jaisalmer_Desert,26.9157,70.9083
2023-05-08T11:00,36.2,18,979.7,Jaisalmer_Desert,26.9157,70.9083
2023-05-08T12:00,38,9,979.2,Jaisalmer_Desert,26.9157,70.9083
2023-05-08T13:00,38.9,7,978.5,Jaisalmer_Desert,26.9157,70.9083
2023-05-08T14:00,39.5,6,977.6,Jaisalmer_Desert,26.9157,70.9083
2023-05-08T15:00,39.7,5,976.9,Jaisalmer_Desert,26.9157,70.9083
2023-05-08T16:00,39.6,4,976.5,Jaisalmer_Desert,26.9157,70.9083
2023-05-08T17:00,38.7,4,977,Jaisalmer_Desert,26.9157,70.9083
2023-05-08T18:00,37.4,5,977.1,Jaisalmer_Desert,26.9157,70.9083
2023-05-08T19:00,34.6,6,977.4,Jaisalmer_Desert,26.9157,70.9083
2023-05-08T20:00,32.8,8,977.8,Jaisalmer_Desert,26.9157,70.9083
2023-05-08T21:00,31.2,11,978.5,Jaisalmer_Desert,26.9157,70.9083
2023-05-08T22:00,29.3,16,979,Jaisalmer_Desert,26.9157,70.9083
2023-05-08T23:00,28.3,17,979.2,Jaisalmer_Desert,26.9157,70.9083
2023-05-09T00:00,27.6,17,979,Jaisalmer_Desert,26.9157,70.9083
2023-05-09T01:00,27.1,17,978.6,Jaisalmer_Desert,26.9157,70.9083
2023-05-09T02:00,25.9,18,978.1,Jaisalmer_Desert,26.9157,70.9083
2023-05-09T03:00,25.3,19,977.8,Jaisalmer_Desert,26.9157,70.9083
2023-05-09T04:00,24.7,19,978.2,Jaisalmer_Desert,26.9157,70.9083
2023-05-09T05:00,25.6,17,978.9,Jaisalmer_Desert,26.9157,70.9083
2023-05-09T06:00,25.9,16,979.4,Jaisalmer_Desert,26.9157,70.9083
2023-05-09T07:00,27.8,14,980.4,Jaisalmer_Desert,26.9157,70.9083
2023-05-09T08:00,31,12,981.3,Jaisalmer_Desert,26.9157,70.9083
2023-05-09T09:00,34.5,10,981.8,Jaisalmer_Desert,26.9157,70.9083
2023-05-09T10:00,36.9,12,982,Jaisalmer_Desert,26.9157,70.9083
2023-05-09T11:00,38.7,10,981.9,Jaisalmer_Desert,26.9157,70.9083
2023-05-09T12:00,39.8,8,981.5,Jaisalmer_Desert,26.9157,70.9083
2023-05-09T13:00,40.5,7,981,Jaisalmer_Desert,26.9157,70.9083
2023-05-09T14:00,40.9,7,980.1,Jaisalmer_Desert,26.9157,70.9083
2023-05-09T15:00,41,7,979.4,Jaisalmer_Desert,26.9157,70.9083
2023-05-09T16:00,40.8,7,978.7,Jaisalmer_Desert,26.9157,70.9083
2023-05-09T17:00,39.9,8,978.9,Jaisalmer_Desert,26.9157,70.9083
2023-05-09T18:00,39.1,9,978.9,Jaisalmer_Desert,26.9157,70.9083
2023-05-09T19:00,36.1,12,979,Jaisalmer_Desert,26.9157,70.9083
2023-05-09T20:00,34.5,14,979,Jaisalmer_Desert,26.9157,70.9083
2023-05-09T21:00,33.1,15,979.5,Jaisalmer_Desert,26.9157,70.9083
2023-05-09T22:00,32.2,17,979.8,Jaisalmer_Desert,26.9157,70.9083
2023-05-09T23:00,30.6,18,980.2,Jaisalmer_Desert,26.9157,70.9083
2023-05-10T00:00,28.9,20,980.1,Jaisalmer_Desert,26.9157,70.9083
2023-05-10T01:00,28.8,16,979.7,Jaisalmer_Desert,26.9157,70.9083
2023-05-10T02:00,28.2,16,979.4,Jaisalmer_Desert,26.9157,70.9083
2023-05-10T03:00,27.2,17,979.4,Jaisalmer_Desert,26.9157,70.9083
2023-05-10T04:00,26.6,17,979.5,Jaisalmer_Desert,26.9157,70.9083
2023-05-10T05:00,26.8,19,979.7,Jaisalmer_Desert,26.9157,70.9083
2023-05-10T06:00,26.7,20,980,Jaisalmer_Desert,26.9157,70.9083
2023-05-10T07:00,28.2,19,980.9,Jaisalmer_Desert,26.9157,70.9083
2023-05-10T08:00,30.6,17,981.5,Jaisalmer_Desert,26.9157,70.9083
2023-05-10T09:00,33.9,14,982.1,Jaisalmer_Desert,26.9157,70.9083
2023-05-10T10:00,37.1,12,982.2,Jaisalmer_Desert,26.9157,70.9083
2023-05-10T11:00,38.8,11,981.8,Jaisalmer_Desert,26.9157,70.9083
2023-05-10T12:00,39.9,9,981.2,Jaisalmer_Desert,26.9157,70.9083
2023-05-10T13:00,40.7,8,980.4,Jaisalmer_Desert,26.9157,70.9083
2023-05-10T14:00,41.2,7,979.6,Jaisalmer_Desert,26.9157,70.9083
2023-05-10T15:00,41.4,6,978.5,Jaisalmer_Desert,26.9157,70.9083
2023-05-10T16:00,41.2,6,978,Jaisalmer_Desert,26.9157,70.9083
2023-05-10T17:00,40.5,6,978.3,Jaisalmer_Desert,26.9157,70.9083
2023-05-10T18:00,39.7,7,978.3,Jaisalmer_Desert,26.9157,70.9083
2023-05-10T19:00,37.4,8,978.4,Jaisalmer_Desert,26.9157,70.9083
2023-05-10T20:00,36,9,978.7,Jaisalmer_Desert,26.9157,70.9083
2023-05-10T21:00,34.1,10,978.9,Jaisalmer_Desert,26.9157,70.9083
2023-05-10T22:00,32.7,12,979.1,Jaisalmer_Desert,26.9157,70.9083
2023-05-10T23:00,33.5,11,979.2,Jaisalmer_Desert,26.9157,70.9083
2023-05-11T00:00,30.7,16,979.1,Jaisalmer_Desert,26.9157,70.9083
2023-05-11T01:00,30.2,14,978.9,Jaisalmer_Desert,26.9157,70.9083
2023-05-11T02:00,30.3,15,978.8,Jaisalmer_Desert,26.9157,70.9083
2023-05-11T03:00,30.4,14,978.7,Jaisalmer_Desert,26.9157,70.9083
2023-05-11T04:00,27.7,18,978.7,Jaisalmer_Desert,26.9157,70.9083
2023-05-11T05:00,27,17,979,Jaisalmer_Desert,26.9157,70.9083
2023-05-11T06:00,27.1,18,979.7,Jaisalmer_Desert,26.9157,70.9083
2023-05-11T07:00,28.9,20,980.5,Jaisalmer_Desert,26.9157,70.9083
2023-05-11T08:00,32.2,18,981.3,Jaisalmer_Desert,26.9157,70.9083
2023-05-11T09:00,35.1,15,981.8,Jaisalmer_Desert,26.9157,70.9083
2023-05-11T10:00,38,12,981.8,Jaisalmer_Desert,26.9157,70.9083
2023-05-11T11:00,40.3,9,981.5,Jaisalmer_Desert,26.9157,70.9083
2023-05-11T12:00,41.4,7,981,Jaisalmer_Desert,26.9157,70.9083
2023-05-11T13:00,42,6,980.3,Jaisalmer_Desert,26.9157,70.9083
2023-05-11T14:00,42.4,6,979.4,Jaisalmer_Desert,26.9157,70.9083
2023-05-11T15:00,42.5,6,978.5,Jaisalmer_Desert,26.9157,70.9083
2023-05-11T16:00,42.3,5,978,Jaisalmer_Desert,26.9157,70.9083
2023-05-11T17:00,41.7,6,978.2,Jaisalmer_Desert,26.9157,70.9083
2023-05-11T18:00,40.5,10,978.2,Jaisalmer_Desert,26.9157,70.9083
2023-05-11T19:00,36.9,19,978.1,Jaisalmer_Desert,26.9157,70.9083
2023-05-11T20:00,35.3,16,978.5,Jaisalmer_Desert,26.9157,70.9083
2023-05-11T21:00,34.3,11,978.8,Jaisalmer_Desert,26.9157,70.9083
2023-05-11T22:00,33.8,10,979.2,Jaisalmer_Desert,26.9157,70.9083
2023-05-11T23:00,33.2,12,979,Jaisalmer_Desert,26.9157,70.9083
2023-05-12T00:00,32.6,13,978.5,Jaisalmer_Desert,26.9157,70.9083
2023-05-12T01:00,31.3,14,977.8,Jaisalmer_Desert,26.9157,70.9083
2023-05-12T02:00,30.4,14,977.7,Jaisalmer_Desert,26.9157,70.9083
2023-05-12T03:00,30.4,14,978,Jaisalmer_Desert,26.9157,70.9083
2023-05-12T04:00,29.2,18,978.3,Jaisalmer_Desert,26.9157,70.9083
2023-05-12T05:00,29.2,24,978.6,Jaisalmer_Desert,26.9157,70.9083
2023-05-12T06:00,28.8,26,979,Jaisalmer_Desert,26.9157,70.9083
2023-05-12T07:00,30.2,24,979.6,Jaisalmer_Desert,26.9157,70.9083
2023-05-12T08:00,32.7,21,980.3,Jaisalmer_Desert,26.9157,70.9083
2023-05-12T09:00,35.8,19,980.8,Jaisalmer_Desert,26.9157,70.9083
2023-05-12T10:00,39.2,16,980.7,Jaisalmer_Desert,26.9157,70.9083
2023-05-12T11:00,41.7,10,980.4,Jaisalmer_Desert,26.9157,70.9083
2023-05-12T12:00,42.8,8,979.8,Jaisalmer_Desert,26.9157,70.9083
2023-05-12T13:00,43.3,7,979,Jaisalmer_Desert,26.9157,70.9083
2023-05-12T14:00,43.6,7,978.1,Jaisalmer_Desert,26.9157,70.9083
2023-05-12T15:00,43.8,7,977.3,Jaisalmer_Desert,26.9157,70.9083
2023-05-12T16:00,43.7,7,977,Jaisalmer_Desert,26.9157,70.9083
2023-05-12T17:00,43.2,7,977,Jaisalmer_Desert,26.9157,70.9083
2023-05-12T18:00,42.2,7,976.9,Jaisalmer_Desert,26.9157,70.9083
2023-05-12T19:00,39.6,9,977.1,Jaisalmer_Desert,26.9157,70.9083
2023-05-12T20:00,38.1,10,977.4,Jaisalmer_Desert,26.9157,70.9083
2023-05-12T21:00,37,11,977.6,Jaisalmer_Desert,26.9157,70.9083
2023-05-12T22:00,36.6,11,977.9,Jaisalmer_Desert,26.9157,70.9083
2023-05-12T23:00,35.1,12,977.7,Jaisalmer_Desert,26.9157,70.9083
2023-05-13T00:00,34.5,12,977.2,Jaisalmer_Desert,26.9157,70.9083
2023-05-13T01:00,33.6,14,976.7,Jaisalmer_Desert,26.9157,70.9083
2023-05-13T02:00,32.3,19,976.1,Jaisalmer_Desert,26.9157,70.9083
2023-05-13T03:00,31.3,21,976.1,Jaisalmer_Desert,26.9157,70.9083
2023-05-13T04:00,30.3,23,976.6,Jaisalmer_Desert,26.9157,70.9083
2023-05-13T05:00,30.1,25,976.9,Jaisalmer_Desert,26.9157,70.9083
2023-05-13T06:00,29.7,27,977.6,Jaisalmer_Desert,26.9157,70.9083
2023-05-13T07:00,30.9,27,978.5,Jaisalmer_Desert,26.9157,70.9083
2023-05-13T08:00,32.9,27,979.2,Jaisalmer_Desert,26.9157,70.9083
2023-05-13T09:00,35.7,24,979.6,Jaisalmer_Desert,26.9157,70.9083
2023-05-13T10:00,38.9,20,979.7,Jaisalmer_Desert,26.9157,70.9083
2023-05-13T11:00,41.7,13,979.5,Jaisalmer_Desert,26.9157,70.9083
2023-05-13T12:00,43.1,10,979.3,Jaisalmer_Desert,26.9157,70.9083
2023-05-13T13:00,43.5,9,978.8,Jaisalmer_Desert,26.9157,70.9083
2023-05-13T14:00,43.8,9,977.7,Jaisalmer_Desert,26.9157,70.9083
2023-05-13T15:00,43.8,9,977.1,Jaisalmer_Desert,26.9157,70.9083
2023-05-13T16:00,43.5,9,976.7,Jaisalmer_Desert,26.9157,70.9083
2023-05-13T17:00,43.2,8,976.2,Jaisalmer_Desert,26.9157,70.9083
2023-05-13T18:00,42.3,8,976.3,Jaisalmer_Desert,26.9157,70.9083
2023-05-13T19:00,39.6,9,976.2,Jaisalmer_Desert,26.9157,70.9083
2023-05-13T20:00,37.9,11,976.7,Jaisalmer_Desert,26.9157,70.9083
2023-05-13T21:00,35.7,13,977.2,Jaisalmer_Desert,26.9157,70.9083
2023-05-13T22:00,35.1,13,977.4,Jaisalmer_Desert,26.9157,70.9083
2023-05-13T23:00,35.3,15,977.6,Jaisalmer_Desert,26.9157,70.9083
2023-05-14T00:00,34.6,18,977.1,Jaisalmer_Desert,26.9157,70.9083
2023-05-14T01:00,33.1,19,976.5,Jaisalmer_Desert,26.9157,70.9083
2023-05-14T02:00,32.1,21,975.8,Jaisalmer_Desert,26.9157,70.9083
2023-05-14T03:00,31.1,25,975.3,Jaisalmer_Desert,26.9157,70.9083
2023-05-14T04:00,30.2,30,975.3,Jaisalmer_Desert,26.9157,70.9083
2023-05-14T05:00,29.3,37,975.6,Jaisalmer_Desert,26.9157,70.9083
2023-05-14T06:00,28.8,41,976.6,Jaisalmer_Desert,26.9157,70.9083
2023-05-14T07:00,29.6,42,976.9,Jaisalmer_Desert,26.9157,70.9083
2023-05-14T08:00,31.6,39,977.4,Jaisalmer_Desert,26.9157,70.9083
2023-05-14T09:00,33.3,36,978.2,Jaisalmer_Desert,26.9157,70.9083
2023-05-14T10:00,35.5,32,977.8,Jaisalmer_Desert,26.9157,70.9083
2023-05-14T11:00,37.8,27,977.5,Jaisalmer_Desert,26.9157,70.9083
2023-05-14T12:00,40,21,976.7,Jaisalmer_Desert,26.9157,70.9083
2023-05-14T13:00,41.5,17,975.9,Jaisalmer_Desert,26.9157,70.9083
2023-05-14T14:00,42.3,13,974.8,Jaisalmer_Desert,26.9157,70.9083
2023-05-14T15:00,43,11,973.8,Jaisalmer_Desert,26.9157,70.9083
2023-05-14T16:00,43,10,973.4,Jaisalmer_Desert,26.9157,70.9083
2023-05-14T17:00,42.1,11,973.3,Jaisalmer_Desert,26.9157,70.9083
2023-05-14T18:00,41.1,10,973.1,Jaisalmer_Desert,26.9157,70.9083
2023-05-14T19:00,39.7,11,973.5,Jaisalmer_Desert,26.9157,70.9083
2023-05-14T20:00,38.9,11,973.7,Jaisalmer_Desert,26.9157,70.9083
2023-05-14T21:00,37.3,13,974.1,Jaisalmer_Desert,26.9157,70.9083
2023-05-14T22:00,36.7,13,974.7,Jaisalmer_Desert,26.9157,70.9083
2023-05-14T23:00,34.1,28,974.6,Jaisalmer_Desert,26.9157,70.9083
2023-05-15T00:00,32.5,34,974.5,Jaisalmer_Desert,26.9157,70.9083
2023-05-15T01:00,30.8,40,974.4,Jaisalmer_Desert,26.9157,70.9083
2023-05-15T02:00,29.8,44,974.4,Jaisalmer_Desert,26.9157,70.9083
2023-05-15T03:00,28.7,49,974.7,Jaisalmer_Desert,26.9157,70.9083
2023-05-15T04:00,27.5,56,975,Jaisalmer_Desert,26.9157,70.9083
2023-05-15T05:00,26.9,63,975.1,Jaisalmer_Desert,26.9157,70.9083
2023-05-15T06:00,25.8,76,975.7,Jaisalmer_Desert,26.9157,70.9083
2023-05-15T07:00,26.4,78,976.5,Jaisalmer_Desert,26.9157,70.9083
2023-05-15T08:00,27.9,73,976.9,Jaisalmer_Desert,26.9157,70.9083
2023-05-15T09:00,30,62,977.4,Jaisalmer_Desert,26.9157,70.9083
2023-05-15T10:00,32.5,50,977.6,Jaisalmer_Desert,26.9157,70.9083
2023-05-15T11:00,35.1,40,977.5,Jaisalmer_Desert,26.9157,70.9083
2023-05-15T12:00,37.1,32,977,Jaisalmer_Desert,26.9157,70.9083
2023-05-15T13:00,38.9,25,976.3,Jaisalmer_Desert,26.9157,70.9083
2023-05-15T14:00,40.3,20,975.2,Jaisalmer_Desert,26.9157,70.9083
2023-05-15T15:00,41,16,974.1,Jaisalmer_Desert,26.9157,70.9083
2023-05-15T16:00,40.2,16,974.3,Jaisalmer_Desert,26.9157,70.9083
2023-05-15T17:00,40,15,974,Jaisalmer_Desert,26.9157,70.9083
2023-05-15T18:00,38.2,18,974.7,Jaisalmer_Desert,26.9157,70.9083
2023-05-15T19:00,36.6,21,975.1,Jaisalmer_Desert,26.9157,70.9083
2023-05-15T20:00,34.7,24,975.3,Jaisalmer_Desert,26.9157,70.9083
2023-05-15T21:00,33.7,27,975.8,Jaisalmer_Desert,26.9157,70.9083
2023-05-15T22:00,32.9,28,976.4,Jaisalmer_Desert,26.9157,70.9083
2023-05-15T23:00,32.6,29,976.4,Jaisalmer_Desert,26.9157,70.9083
2023-05-16T00:00,31.5,41,976.5,Jaisalmer_Desert,26.9157,70.9083
2023-05-16T01:00,30,55,976,Jaisalmer_Desert,26.9157,70.9083
2023-05-16T02:00,28.7,62,975.9,Jaisalmer_Desert,26.9157,70.9083
2023-05-16T03:00,27.6,67,976.1,Jaisalmer_Desert,26.9157,70.9083
2023-05-16T04:00,26.6,73,976.3,Jaisalmer_Desert,26.9157,70.9083
2023-05-16T05:00,26,75,977.2,Jaisalmer_Desert,26.9157,70.9083
2023-05-16T06:00,25.6,81,977.9,Jaisalmer_Desert,26.9157,70.9083
2023-05-16T07:00,26.4,79,978.6,Jaisalmer_Desert,26.9157,70.9083
2023-05-16T08:00,27.9,73,979.2,Jaisalmer_Desert,26.9157,70.9083
2023-05-16T09:00,29.9,64,979.6,Jaisalmer_Desert,26.9157,70.9083
2023-05-16T10:00,32,54,979.9,Jaisalmer_Desert,26.9157,70.9083
2023-05-16T11:00,34,47,979.5,Jaisalmer_Desert,26.9157,70.9083
2023-05-16T12:00,36.1,38,978.8,Jaisalmer_Desert,26.9157,70.9083
2023-05-16T13:00,37.5,34,977.9,Jaisalmer_Desert,26.9157,70.9083
2023-05-16T14:00,38.8,29,977.1,Jaisalmer_Desert,26.9157,70.9083
2023-05-16T15:00,39.7,24,975.8,Jaisalmer_Desert,26.9157,70.9083
2023-05-16T16:00,38,23,977,Jaisalmer_Desert,26.9157,70.9083
2023-05-16T17:00,38.4,20,977.3,Jaisalmer_Desert,26.9157,70.9083
2023-05-16T18:00,36.7,21,977.1,Jaisalmer_Desert,26.9157,70.9083
2023-05-16T19:00,35,25,977.3,Jaisalmer_Desert,26.9157,70.9083
2023-05-16T20:00,34.3,27,977.8,Jaisalmer_Desert,26.9157,70.9083
2023-05-16T21:00,33.6,28,978.5,Jaisalmer_Desert,26.9157,70.9083
2023-05-16T22:00,32.7,30,978.7,Jaisalmer_Desert,26.9157,70.9083
2023-05-16T23:00,32.1,31,978.1,Jaisalmer_Desert,26.9157,70.9083
2023-05-17T00:00,31.6,37,977.9,Jaisalmer_Desert,26.9157,70.9083
2023-05-17T01:00,29.7,59,977.3,Jaisalmer_Desert,26.9157,70.9083
2023-05-17T02:00,28.4,66,977.2,Jaisalmer_Desert,26.9157,70.9083
2023-05-17T03:00,27.4,72,977.3,Jaisalmer_Desert,26.9157,70.9083
2023-05-17T04:00,26.7,76,977.6,Jaisalmer_Desert,26.9157,70.9083
2023-05-17T05:00,26.7,79,978.1,Jaisalmer_Desert,26.9157,70.9083
2023-05-17T06:00,26.7,78,978.7,Jaisalmer_Desert,26.9157,70.9083
2023-05-17T07:00,27.2,76,979.4,Jaisalmer_Desert,26.9157,70.9083
2023-05-17T08:00,28.4,71,979.9,Jaisalmer_Desert,26.9157,70.9083
2023-05-17T09:00,30.2,63,980.5,Jaisalmer_Desert,26.9157,70.9083
2023-05-17T10:00,32.2,54,981,Jaisalmer_Desert,26.9157,70.9083
2023-05-17T11:00,34.2,46,980.7,Jaisalmer_Desert,26.9157,70.9083
2023-05-17T12:00,35.9,40,979.9,Jaisalmer_Desert,26.9157,70.9083
2023-05-17T13:00,37.6,34,979,Jaisalmer_Desert,26.9157,70.9083
2023-05-17T14:00,39,28,977.6,Jaisalmer_Desert,26.9157,70.9083
2023-05-17T15:00,40.1,20,976.7,Jaisalmer_Desert,26.9157,70.9083
2023-05-17T16:00,40.4,13,976.7,Jaisalmer_Desert,26.9157,70.9083
2023-05-17T17:00,40.4,11,976.9,Jaisalmer_Desert,26.9157,70.9083
2023-05-17T18:00,39.5,13,977.2,Jaisalmer_Desert,26.9157,70.9083
2023-05-17T19:00,37.2,16,977.5,Jaisalmer_Desert,26.9157,70.9083
2023-05-17T20:00,36.3,15,978.1,Jaisalmer_Desert,26.9157,70.9083
2023-05-17T21:00,35,19,978.9,Jaisalmer_Desert,26.9157,70.9083
2023-05-17T22:00,33.7,23,979.8,Jaisalmer_Desert,26.9157,70.9083
2023-05-17T23:00,32.1,37,980.3,Jaisalmer_Desert,26.9157,70.9083
2023-05-18T00:00,30.6,48,980.2,Jaisalmer_Desert,26.9157,70.9083
2023-05-18T01:00,29.3,56,979.6,Jaisalmer_Desert,26.9157,70.9083
2023-05-18T02:00,28,63,979.3,Jaisalmer_Desert,26.9157,70.9083
2023-05-18T03:00,26.9,71,979.7,Jaisalmer_Desert,26.9157,70.9083
2023-05-18T04:00,26.1,78,980,Jaisalmer_Desert,26.9157,70.9083
2023-05-18T05:00,25.4,80,981.2,Jaisalmer_Desert,26.9157,70.9083
2023-05-18T06:00,25.5,80,982.1,Jaisalmer_Desert,26.9157,70.9083
2023-05-18T07:00,26.2,77,983,Jaisalmer_Desert,26.9157,70.9083
2023-05-18T08:00,27.8,69,983.7,Jaisalmer_Desert,26.9157,70.9083
2023-05-18T09:00,29.4,60,984.1,Jaisalmer_Desert,26.9157,70.9083
2023-05-18T10:00,31.2,51,984,Jaisalmer_Desert,26.9157,70.9083
2023-05-18T11:00,33,44,983.8,Jaisalmer_Desert,26.9157,70.9083
2023-05-18T12:00,34.6,40,983.4,Jaisalmer_Desert,26.9157,70.9083
2023-05-18T13:00,35.9,36,982.6,Jaisalmer_Desert,26.9157,70.9083
2023-05-18T14:00,37,32,981.6,Jaisalmer_Desert,26.9157,70.9083
2023-05-18T15:00,37.6,29,980.6,Jaisalmer_Desert,26.9157,70.9083
2023-05-18T16:00,38.1,26,980,Jaisalmer_Desert,26.9157,70.9083
2023-05-18T17:00,36.8,27,981.3,Jaisalmer_Desert,26.9157,70.9083
2023-05-18T18:00,36.8,27,981.5,Jaisalmer_Desert,26.9157,70.9083
2023-05-18T19:00,36.3,27,981.7,Jaisalmer_Desert,26.9157,70.9083
2023-05-18T20:00,35.2,28,982,Jaisalmer_Desert,26.9157,70.9083
2023-05-18T21:00,34.1,30,982.2,Jaisalmer_Desert,26.9157,70.9083
2023-05-18T22:00,33,33,982.6,Jaisalmer_Desert,26.9157,70.9083
2023-05-18T23:00,31.9,35,982.3,Jaisalmer_Desert,26.9157,70.9083
2023-05-19T00:00,30.9,38,981.6,Jaisalmer_Desert,26.9157,70.9083
2023-05-19T01:00,29.8,42,981.2,Jaisalmer_Desert,26.9157,70.9083
2023-05-19T02:00,28.5,46,980.5,Jaisalmer_Desert,26.9157,70.9083
2023-05-19T03:00,27.5,49,980.7,Jaisalmer_Desert,26.9157,70.9083
2023-05-19T04:00,27.3,48,980.7,Jaisalmer_Desert,26.9157,70.9083
2023-05-19T05:00,28.1,58,981.3,Jaisalmer_Desert,26.9157,70.9083
2023-05-19T06:00,28.3,57,981.5,Jaisalmer_Desert,26.9157,70.9083
2023-05-19T07:00,30.3,48,982.3,Jaisalmer_Desert,26.9157,70.9083
2023-05-19T08:00,32.7,42,982.9,Jaisalmer_Desert,26.9157,70.9083
2023-05-19T09:00,34.7,39,983,Jaisalmer_Desert,26.9157,70.9083
2023-05-19T10:00,36.4,33,982.8,Jaisalmer_Desert,26.9157,70.9083
2023-05-19T11:00,38,26,982.6,Jaisalmer_Desert,26.9157,70.9083
2023-05-19T12:00,39.3,21,982.2,Jaisalmer_Desert,26.9157,70.9083
2023-05-19T13:00,40.2,17,981.3,Jaisalmer_Desert,26.9157,70.9083
2023-05-19T14:00,40.6,16,980.2,Jaisalmer_Desert,26.9157,70.9083
2023-05-19T15:00,41,16,979.4,Jaisalmer_Desert,26.9157,70.9083
2023-05-19T16:00,40.8,16,978.8,Jaisalmer_Desert,26.9157,70.9083
2023-05-19T17:00,40.5,16,978.6,Jaisalmer_Desert,26.9157,70.9083
2023-05-19T18:00,40,15,978.7,Jaisalmer_Desert,26.9157,70.9083
2023-05-19T19:00,39,17,978.8,Jaisalmer_Desert,26.9157,70.9083
2023-05-19T20:00,37.8,18,979.2,Jaisalmer_Desert,26.9157,70.9083
2023-05-19T21:00,36.2,20,979.7,Jaisalmer_Desert,26.9157,70.9083
2023-05-19T22:00,35.1,22,979.7,Jaisalmer_Desert,26.9157,70.9083
2023-05-19T23:00,34.5,23,979.4,Jaisalmer_Desert,26.9157,70.9083
2023-05-20T00:00,34.1,24,979,Jaisalmer_Desert,26.9157,70.9083
2023-05-20T01:00,33,25,978.7,Jaisalmer_Desert,26.9157,70.9083
2023-05-20T02:00,31.8,32,978.3,Jaisalmer_Desert,26.9157,70.9083
2023-05-20T03:00,30.9,40,978.1,Jaisalmer_Desert,26.9157,70.9083
2023-05-20T04:00,30.3,47,978.1,Jaisalmer_Desert,26.9157,70.9083
2023-05-20T05:00,29.3,59,978.3,Jaisalmer_Desert,26.9157,70.9083
2023-05-20T06:00,28.9,63,978.8,Jaisalmer_Desert,26.9157,70.9083
2023-05-20T07:00,29.5,60,979.4,Jaisalmer_Desert,26.9157,70.9083
2023-05-20T08:00,31.5,51,979.7,Jaisalmer_Desert,26.9157,70.9083
2023-05-20T09:00,34,40,980,Jaisalmer_Desert,26.9157,70.9083
2023-05-20T10:00,36.6,29,980.2,Jaisalmer_Desert,26.9157,70.9083
2023-05-20T11:00,38.7,23,980,Jaisalmer_Desert,26.9157,70.9083
2023-05-20T12:00,40.4,18,979.5,Jaisalmer_Desert,26.9157,70.9083
2023-05-20T13:00,41.5,15,978.7,Jaisalmer_Desert,26.9157,70.9083
2023-05-20T14:00,42.1,13,978,Jaisalmer_Desert,26.9157,70.9083
2023-05-20T15:00,42.3,12,977.1,Jaisalmer_Desert,26.9157,70.9083
2023-05-20T16:00,42.4,11,976.8,Jaisalmer_Desert,26.9157,70.9083
2023-05-20T17:00,41.7,10,976.8,Jaisalmer_Desert,26.9157,70.9083
2023-05-20T18:00,40.9,10,977.2,Jaisalmer_Desert,26.9157,70.9083
2023-05-20T19:00,39.1,11,977.4,Jaisalmer_Desert,26.9157,70.9083
2023-05-20T20:00,37.8,12,977.8,Jaisalmer_Desert,26.9157,70.9083
2023-05-20T21:00,36.9,13,978.3,Jaisalmer_Desert,26.9157,70.9083
2023-05-20T22:00,35.7,19,978.7,Jaisalmer_Desert,26.9157,70.9083
2023-05-20T23:00,34.2,26,978.5,Jaisalmer_Desert,26.9157,70.9083
2023-05-21T00:00,32.8,31,978.3,Jaisalmer_Desert,26.9157,70.9083
2023-05-21T01:00,31.1,39,978,Jaisalmer_Desert,26.9157,70.9083
2023-05-21T02:00,29.7,44,977.6,Jaisalmer_Desert,26.9157,70.9083
2023-05-21T03:00,28.7,47,977.4,Jaisalmer_Desert,26.9157,70.9083
2023-05-21T04:00,27.6,52,977.5,Jaisalmer_Desert,26.9157,70.9083
2023-05-21T05:00,27,64,977.8,Jaisalmer_Desert,26.9157,70.9083
2023-05-21T06:00,26.3,70,978.5,Jaisalmer_Desert,26.9157,70.9083
2023-05-21T07:00,26.6,74,979,Jaisalmer_Desert,26.9157,70.9083
2023-05-21T08:00,28.5,68,979.6,Jaisalmer_Desert,26.9157,70.9083
2023-05-21T09:00,31.4,55,980,Jaisalmer_Desert,26.9157,70.9083
2023-05-21T10:00,34.5,41,980.2,Jaisalmer_Desert,26.9157,70.9083
2023-05-21T11:00,37.4,30,979.9,Jaisalmer_Desert,26.9157,70.9083
2023-05-21T12:00,39.7,21,979.6,Jaisalmer_Desert,26.9157,70.9083
2023-05-21T13:00,41.2,16,979,Jaisalmer_Desert,26.9157,70.9083
2023-05-21T14:00,42,14,978.2,Jaisalmer_Desert,26.9157,70.9083
2023-05-21T15:00,42.3,13,977.5,Jaisalmer_Desert,26.9157,70.9083
2023-05-21T16:00,42.1,13,977.1,Jaisalmer_Desert,26.9157,70.9083
2023-05-21T17:00,40.9,14,978,Jaisalmer_Desert,26.9157,70.9083
2023-05-21T18:00,40.1,14,978,Jaisalmer_Desert,26.9157,70.9083
2023-05-21T19:00,38.5,16,978.4,Jaisalmer_Desert,26.9157,70.9083
2023-05-21T20:00,37.2,17,978.8,Jaisalmer_Desert,26.9157,70.9083
2023-05-21T21:00,36,18,979.5,Jaisalmer_Desert,26.9157,70.9083
2023-05-21T22:00,35,22,980.3,Jaisalmer_Desert,26.9157,70.9083
2023-05-21T23:00,33.3,37,980.1,Jaisalmer_Desert,26.9157,70.9083
2023-05-22T00:00,31.8,42,979.7,Jaisalmer_Desert,26.9157,70.9083
2023-05-22T01:00,30.5,49,979.2,Jaisalmer_Desert,26.9157,70.9083
2023-05-22T02:00,29.4,56,979,Jaisalmer_Desert,26.9157,70.9083
2023-05-22T03:00,28.4,62,978.8,Jaisalmer_Desert,26.9157,70.9083
2023-05-22T04:00,27.3,68,978.7,Jaisalmer_Desert,26.9157,70.9083
2023-05-22T05:00,26.9,77,979.2,Jaisalmer_Desert,26.9157,70.9083
2023-05-22T06:00,26.4,83,979.8,Jaisalmer_Desert,26.9157,70.9083
2023-05-22T07:00,27,82,980.4,Jaisalmer_Desert,26.9157,70.9083
2023-05-22T08:00,28.7,74,980.8,Jaisalmer_Desert,26.9157,70.9083
2023-05-22T09:00,30.8,64,980.8,Jaisalmer_Desert,26.9157,70.9083
2023-05-22T10:00,33.3,52,981.1,Jaisalmer_Desert,26.9157,70.9083
2023-05-22T11:00,36,40,980.8,Jaisalmer_Desert,26.9157,70.9083
2023-05-22T12:00,38.2,32,980.2,Jaisalmer_Desert,26.9157,70.9083
2023-05-22T13:00,40,25,979.3,Jaisalmer_Desert,26.9157,70.9083
2023-05-22T14:00,41,21,978.4,Jaisalmer_Desert,26.9157,70.9083
2023-05-22T15:00,41.4,20,977.5,Jaisalmer_Desert,26.9157,70.9083
2023-05-22T16:00,41.2,20,976.9,Jaisalmer_Desert,26.9157,70.9083
2023-05-22T17:00,39.4,26,977.8,Jaisalmer_Desert,26.9157,70.9083
2023-05-22T18:00,38.5,28,978,Jaisalmer_Desert,26.9157,70.9083
2023-05-22T19:00,37.6,31,978.4,Jaisalmer_Desert,26.9157,70.9083
2023-05-22T20:00,36.8,33,978.7,Jaisalmer_Desert,26.9157,70.9083
2023-05-22T21:00,35.9,35,979.3,Jaisalmer_Desert,26.9157,70.9083
2023-05-22T22:00,35.2,37,979.8,Jaisalmer_Desert,26.9157,70.9083
2023-05-22T23:00,34.5,39,979.8,Jaisalmer_Desert,26.9157,70.9083
2023-05-23T00:00,33.4,45,979.7,Jaisalmer_Desert,26.9157,70.9083
2023-05-23T01:00,32.1,52,979.5,Jaisalmer_Desert,26.9157,70.9083
2023-05-23T02:00,30.9,58,979.2,Jaisalmer_Desert,26.9157,70.9083
2023-05-23T03:00,29.8,63,979.2,Jaisalmer_Desert,26.9157,70.9083
2023-05-23T04:00,28.9,68,978.9,Jaisalmer_Desert,26.9157,70.9083
2023-05-23T05:00,28.4,73,980.1,Jaisalmer_Desert,26.9157,70.9083
2023-05-23T06:00,27.7,78,980.3,Jaisalmer_Desert,26.9157,70.9083
2023-05-23T07:00,27.7,78,981,Jaisalmer_Desert,26.9157,70.9083
2023-05-23T08:00,28.9,73,981.5,Jaisalmer_Desert,26.9157,70.9083
2023-05-23T09:00,30.9,64,981.6,Jaisalmer_Desert,26.9157,70.9083
2023-05-23T10:00,33.1,54,981.6,Jaisalmer_Desert,26.9157,70.9083
2023-05-23T11:00,35,47,981.3,Jaisalmer_Desert,26.9157,70.9083
2023-05-23T12:00,36.8,39,980.7,Jaisalmer_Desert,26.9157,70.9083
2023-05-23T13:00,38.4,33,979.6,Jaisalmer_Desert,26.9157,70.9083
2023-05-23T14:00,39.8,28,978.4,Jaisalmer_Desert,26.9157,70.9083
2023-05-23T15:00,40.4,25,976.9,Jaisalmer_Desert,26.9157,70.9083
2023-05-23T16:00,40.6,24,976.5,Jaisalmer_Desert,26.9157,70.9083
2023-05-23T17:00,38.9,31,976.7,Jaisalmer_Desert,26.9157,70.9083
2023-05-23T18:00,37.4,29,978,Jaisalmer_Desert,26.9157,70.9083
2023-05-23T19:00,36.2,30,978.7,Jaisalmer_Desert,26.9157,70.9083
2023-05-23T20:00,35.5,33,978.6,Jaisalmer_Desert,26.9157,70.9083
2023-05-23T21:00,34.6,36,978.5,Jaisalmer_Desert,26.9157,70.9083
2023-05-23T22:00,32.7,50,979,Jaisalmer_Desert,26.9157,70.9083
2023-05-23T23:00,31.7,54,978.6,Jaisalmer_Desert,26.9157,70.9083
2023-05-24T00:00,30.7,57,978.3,Jaisalmer_Desert,26.9157,70.9083
2023-05-24T01:00,29.6,62,977.7,Jaisalmer_Desert,26.9157,70.9083
2023-05-24T02:00,28.9,65,977.2,Jaisalmer_Desert,26.9157,70.9083
2023-05-24T03:00,28.4,67,976.9,Jaisalmer_Desert,26.9157,70.9083
2023-05-24T04:00,27.9,69,977.1,Jaisalmer_Desert,26.9157,70.9083
2023-05-24T05:00,28.5,70,977.5,Jaisalmer_Desert,26.9157,70.9083
2023-05-24T06:00,28.2,71,978.1,Jaisalmer_Desert,26.9157,70.9083
2023-05-24T07:00,28.6,69,978.5,Jaisalmer_Desert,26.9157,70.9083
2023-05-24T08:00,29.9,65,978.8,Jaisalmer_Desert,26.9157,70.9083
2023-05-24T09:00,31.8,58,979,Jaisalmer_Desert,26.9157,70.9083
2023-05-24T10:00,34,51,979,Jaisalmer_Desert,26.9157,70.9083
2023-05-24T11:00,36,44,978.8,Jaisalmer_Desert,26.9157,70.9083
2023-05-24T12:00,37.8,37,977.9,Jaisalmer_Desert,26.9157,70.9083
2023-05-24T13:00,39,31,976.8,Jaisalmer_Desert,26.9157,70.9083
2023-05-24T14:00,39.7,27,975.8,Jaisalmer_Desert,26.9157,70.9083
2023-05-24T15:00,38.7,27,975.3,Jaisalmer_Desert,26.9157,70.9083
2023-05-24T16:00,33.6,44,976.2,Jaisalmer_Desert,26.9157,70.9083
2023-05-24T17:00,40.2,17,974.7,Jaisalmer_Desert,26.9157,70.9083
2023-05-24T18:00,39.3,15,975,Jaisalmer_Desert,26.9157,70.9083
2023-05-24T19:00,37.4,19,975.2,Jaisalmer_Desert,26.9157,70.9083
2023-05-24T20:00,35.1,28,975.7,Jaisalmer_Desert,26.9157,70.9083
2023-05-24T21:00,34.1,31,976.1,Jaisalmer_Desert,26.9157,70.9083
2023-05-24T22:00,33.6,32,976.4,Jaisalmer_Desert,26.9157,70.9083
2023-05-24T23:00,32.7,41,976.6,Jaisalmer_Desert,26.9157,70.9083
2023-05-25T00:00,31.4,54,976.3,Jaisalmer_Desert,26.9157,70.9083
2023-05-25T01:00,30.4,60,976,Jaisalmer_Desert,26.9157,70.9083
2023-05-25T02:00,29.4,62,975.9,Jaisalmer_Desert,26.9157,70.9083
2023-05-25T03:00,28.5,64,975.4,Jaisalmer_Desert,26.9157,70.9083
2023-05-25T04:00,27.6,67,975.3,Jaisalmer_Desert,26.9157,70.9083
2023-05-25T05:00,27.2,71,976.1,Jaisalmer_Desert,26.9157,70.9083
2023-05-25T06:00,26.9,73,976.3,Jaisalmer_Desert,26.9157,70.9083
2023-05-25T07:00,27.8,71,976.8,Jaisalmer_Desert,26.9157,70.9083
2023-05-25T08:00,29.6,65,977.1,Jaisalmer_Desert,26.9157,70.9083
2023-05-25T09:00,31.7,56,977.1,Jaisalmer_Desert,26.9157,70.9083
2023-05-25T10:00,33.4,48,976.9,Jaisalmer_Desert,26.9157,70.9083
2023-05-25T11:00,35.5,41,976.6,Jaisalmer_Desert,26.9157,70.9083
2023-05-25T12:00,37.4,36,975.9,Jaisalmer_Desert,26.9157,70.9083
2023-05-25T13:00,39.1,31,974.8,Jaisalmer_Desert,26.9157,70.9083
2023-05-25T14:00,40.5,27,973.5,Jaisalmer_Desert,26.9157,70.9083
2023-05-25T15:00,40.3,19,973.4,Jaisalmer_Desert,26.9157,70.9083
2023-05-25T16:00,39.5,18,972.8,Jaisalmer_Desert,26.9157,70.9083
2023-05-25T17:00,39,18,973.7,Jaisalmer_Desert,26.9157,70.9083
2023-05-25T18:00,38.7,18,973.6,Jaisalmer_Desert,26.9157,70.9083
2023-05-25T19:00,36,22,974,Jaisalmer_Desert,26.9157,70.9083
2023-05-25T20:00,33.9,32,974,Jaisalmer_Desert,26.9157,70.9083
2023-05-25T21:00,33.6,26,975.1,Jaisalmer_Desert,26.9157,70.9083
2023-05-25T22:00,32.9,45,975.6,Jaisalmer_Desert,26.9157,70.9083
2023-05-25T23:00,32.1,51,975.6,Jaisalmer_Desert,26.9157,70.9083
2023-05-26T00:00,30.8,57,975.3,Jaisalmer_Desert,26.9157,70.9083
2023-05-26T01:00,29.6,62,974.8,Jaisalmer_Desert,26.9157,70.9083
2023-05-26T02:00,28.5,66,974.5,Jaisalmer_Desert,26.9157,70.9083
2023-05-26T03:00,27.8,69,974.4,Jaisalmer_Desert,26.9157,70.9083
2023-05-26T04:00,27.2,72,974.5,Jaisalmer_Desert,26.9157,70.9083
2023-05-26T05:00,26.3,82,975.1,Jaisalmer_Desert,26.9157,70.9083
2023-05-26T06:00,26.2,83,975.7,Jaisalmer_Desert,26.9157,70.9083
2023-05-26T07:00,27.2,79,976.3,Jaisalmer_Desert,26.9157,70.9083
2023-05-26T08:00,29,70,976.6,Jaisalmer_Desert,26.9157,70.9083
2023-05-26T09:00,30.7,63,976.9,Jaisalmer_Desert,26.9157,70.9083
2023-05-26T10:00,32.8,55,976.7,Jaisalmer_Desert,26.9157,70.9083
2023-05-26T11:00,35,47,976.5,Jaisalmer_Desert,26.9157,70.9083
2023-05-26T12:00,37,40,976,Jaisalmer_Desert,26.9157,70.9083
2023-05-26T13:00,38.8,34,975.2,Jaisalmer_Desert,26.9157,70.9083
2023-05-26T14:00,40.6,27,974.3,Jaisalmer_Desert,26.9157,70.9083
2023-05-26T15:00,42.1,19,973.6,Jaisalmer_Desert,26.9157,70.9083
2023-05-26T16:00,42.8,12,973.1,Jaisalmer_Desert,26.9157,70.9083
2023-05-26T17:00,40.6,18,974.1,Jaisalmer_Desert,26.9157,70.9083
2023-05-26T18:00,40.1,17,974.1,Jaisalmer_Desert,26.9157,70.9083
2023-05-26T19:00,38.1,20,974,Jaisalmer_Desert,26.9157,70.9083
2023-05-26T20:00,36.5,23,974.2,Jaisalmer_Desert,26.9157,70.9083
2023-05-26T21:00,35.7,27,975,Jaisalmer_Desert,26.9157,70.9083
2023-05-26T22:00,34.1,43,975.6,Jaisalmer_Desert,26.9157,70.9083
2023-05-26T23:00,32.7,49,975.5,Jaisalmer_Desert,26.9157,70.9083
2023-05-27T00:00,31.3,53,975.4,Jaisalmer_Desert,26.9157,70.9083
2023-05-27T01:00,30,58,975.2,Jaisalmer_Desert,26.9157,70.9083
2023-05-27T02:00,28.8,64,974.8,Jaisalmer_Desert,26.9157,70.9083
2023-05-27T03:00,27.9,68,974.6,Jaisalmer_Desert,26.9157,70.9083
2023-05-27T04:00,27.2,72,974.6,Jaisalmer_Desert,26.9157,70.9083
2023-05-27T05:00,27.2,78,974.7,Jaisalmer_Desert,26.9157,70.9083
2023-05-27T06:00,26.8,85,975.7,Jaisalmer_Desert,26.9157,70.9083
2023-05-27T07:00,27.6,82,976.7,Jaisalmer_Desert,26.9157,70.9083
2023-05-27T08:00,29,74,977.4,Jaisalmer_Desert,26.9157,70.9083
2023-05-27T09:00,30.6,65,977.9,Jaisalmer_Desert,26.9157,70.9083
2023-05-27T10:00,32.3,58,977.9,Jaisalmer_Desert,26.9157,70.9083
2023-05-27T11:00,33.8,52,977.9,Jaisalmer_Desert,26.9157,70.9083
2023-05-27T12:00,35,48,977.2,Jaisalmer_Desert,26.9157,70.9083
2023-05-27T13:00,36.3,43,976.4,Jaisalmer_Desert,26.9157,70.9083
2023-05-27T14:00,37.5,39,975.6,Jaisalmer_Desert,26.9157,70.9083
2023-05-27T15:00,38.5,35,974.6,Jaisalmer_Desert,26.9157,70.9083
2023-05-27T16:00,39.2,30,974,Jaisalmer_Desert,26.9157,70.9083
2023-05-27T17:00,38.6,27,975,Jaisalmer_Desert,26.9157,70.9083
2023-05-27T18:00,38.2,23,975.9,Jaisalmer_Desert,26.9157,70.9083
2023-05-27T19:00,37.4,24,975.5,Jaisalmer_Desert,26.9157,70.9083
2023-05-27T20:00,35.7,29,975.6,Jaisalmer_Desert,26.9157,70.9083
2023-05-27T21:00,34.5,33,976.1,Jaisalmer_Desert,26.9157,70.9083
2023-05-27T22:00,33.1,38,976.3,Jaisalmer_Desert,26.9157,70.9083
2023-05-27T23:00,33.3,38,976.4,Jaisalmer_Desert,26.9157,70.9083
2023-05-28T00:00,31.7,39,976.3,Jaisalmer_Desert,26.9157,70.9083
2023-05-28T01:00,30.7,40,975.8,Jaisalmer_Desert,26.9157,70.9083
2023-05-28T02:00,29.6,43,975.7,Jaisalmer_Desert,26.9157,70.9083
2023-05-28T03:00,28.9,52,975.8,Jaisalmer_Desert,26.9157,70.9083
2023-05-28T04:00,28.2,69,976.1,Jaisalmer_Desert,26.9157,70.9083
2023-05-28T05:00,29.3,70,976.5,Jaisalmer_Desert,26.9157,70.9083
2023-05-28T06:00,29.2,70,977.1,Jaisalmer_Desert,26.9157,70.9083
2023-05-28T07:00,29.6,68,977.8,Jaisalmer_Desert,26.9157,70.9083
2023-05-28T08:00,31.1,62,978.1,Jaisalmer_Desert,26.9157,70.9083
2023-05-28T09:00,33.3,53,978.4,Jaisalmer_Desert,26.9157,70.9083
2023-05-28T10:00,35.6,45,978.5,Jaisalmer_Desert,26.9157,70.9083
2023-05-28T11:00,36.3,41,978.3,Jaisalmer_Desert,26.9157,70.9083
2023-05-28T12:00,37.6,34,978,Jaisalmer_Desert,26.9157,70.9083
2023-05-28T13:00,27.5,68,979.6,Jaisalmer_Desert,26.9157,70.9083
2023-05-28T14:00,27.7,66,977.7,Jaisalmer_Desert,26.9157,70.9083
2023-05-28T15:00,28.4,70,977.9,Jaisalmer_Desert,26.9157,70.9083
2023-05-28T16:00,28.5,71,977.6,Jaisalmer_Desert,26.9157,70.9083
2023-05-28T17:00,28.6,67,977.2,Jaisalmer_Desert,26.9157,70.9083
2023-05-28T18:00,29.1,66,977.7,Jaisalmer_Desert,26.9157,70.9083
2023-05-28T19:00,27.3,68,978,Jaisalmer_Desert,26.9157,70.9083
2023-05-28T20:00,25.8,68,979.2,Jaisalmer_Desert,26.9157,70.9083
2023-05-28T21:00,25.4,68,979.5,Jaisalmer_Desert,26.9157,70.9083
2023-05-28T22:00,24.7,75,979.4,Jaisalmer_Desert,26.9157,70.9083
2023-05-28T23:00,24.8,75,979.2,Jaisalmer_Desert,26.9157,70.9083
2023-05-29T00:00,24.7,74,978.4,Jaisalmer_Desert,26.9157,70.9083
2023-05-29T01:00,24.1,76,978.1,Jaisalmer_Desert,26.9157,70.9083
2023-05-29T02:00,23.8,77,977.6,Jaisalmer_Desert,26.9157,70.9083
2023-05-29T03:00,23.6,81,977.9,Jaisalmer_Desert,26.9157,70.9083
2023-05-29T04:00,23.5,87,978.6,Jaisalmer_Desert,26.9157,70.9083
2023-05-29T05:00,23.9,86,979.9,Jaisalmer_Desert,26.9157,70.9083
2023-05-29T06:00,23.6,87,981.6,Jaisalmer_Desert,26.9157,70.9083
2023-05-29T07:00,24,85,982.1,Jaisalmer_Desert,26.9157,70.9083
2023-05-29T08:00,24.6,82,982.5,Jaisalmer_Desert,26.9157,70.9083
2023-05-29T09:00,25.9,76,982.3,Jaisalmer_Desert,26.9157,70.9083
2023-05-29T10:00,28,72,982.3,Jaisalmer_Desert,26.9157,70.9083
2023-05-29T11:00,29.5,69,982.1,Jaisalmer_Desert,26.9157,70.9083
2023-05-29T12:00,30.8,64,981.4,Jaisalmer_Desert,26.9157,70.9083
2023-05-29T13:00,31.2,60,980.6,Jaisalmer_Desert,26.9157,70.9083
2023-05-29T14:00,32,58,979.6,Jaisalmer_Desert,26.9157,70.9083
2023-05-29T15:00,30.6,57,979.2,Jaisalmer_Desert,26.9157,70.9083
2023-05-29T16:00,30.5,62,978.7,Jaisalmer_Desert,26.9157,70.9083
2023-05-29T17:00,31.4,51,979.1,Jaisalmer_Desert,26.9157,70.9083
2023-05-29T18:00,30.6,57,980,Jaisalmer_Desert,26.9157,70.9083
2023-05-29T19:00,29,67,980.1,Jaisalmer_Desert,26.9157,70.9083
2023-05-29T20:00,26.1,73,980.1,Jaisalmer_Desert,26.9157,70.9083
2023-05-29T21:00,25.5,76,980.1,Jaisalmer_Desert,26.9157,70.9083
2023-05-29T22:00,25.6,75,980,Jaisalmer_Desert,26.9157,70.9083
2023-05-29T23:00,25.1,77,981.1,Jaisalmer_Desert,26.9157,70.9083
2023-05-30T00:00,24.6,79,981.1,Jaisalmer_Desert,26.9157,70.9083
2023-05-30T01:00,23.9,87,980.9,Jaisalmer_Desert,26.9157,70.9083
2023-05-30T02:00,23.8,85,981.5,Jaisalmer_Desert,26.9157,70.9083
2023-05-30T03:00,23.5,84,981.1,Jaisalmer_Desert,26.9157,70.9083
2023-05-30T04:00,23.2,84,979,Jaisalmer_Desert,26.9157,70.9083
2023-05-30T05:00,23.4,89,981.4,Jaisalmer_Desert,26.9157,70.9083
2023-05-30T06:00,22.8,92,981.4,Jaisalmer_Desert,26.9157,70.9083
2023-05-30T07:00,24.3,84,981.8,Jaisalmer_Desert,26.9157,70.9083
2023-05-30T08:00,25.6,74,983.1,Jaisalmer_Desert,26.9157,70.9083
2023-05-30T09:00,27.1,68,983.2,Jaisalmer_Desert,26.9157,70.9083
2023-05-30T10:00,28.4,64,983.4,Jaisalmer_Desert,26.9157,70.9083
2023-05-30T11:00,28.6,63,982.7,Jaisalmer_Desert,26.9157,70.9083
2023-05-30T12:00,28.8,64,982.1,Jaisalmer_Desert,26.9157,70.9083
2023-05-30T13:00,29.2,64,981.7,Jaisalmer_Desert,26.9157,70.9083
2023-05-30T14:00,28.8,66,980.9,Jaisalmer_Desert,26.9157,70.9083
2023-05-30T15:00,29,62,980.1,Jaisalmer_Desert,26.9157,70.9083
2023-05-30T16:00,29.6,58,979.8,Jaisalmer_Desert,26.9157,70.9083
2023-05-30T17:00,29.9,50,980.1,Jaisalmer_Desert,26.9157,70.9083
2023-05-30T18:00,29.1,56,980.5,Jaisalmer_Desert,26.9157,70.9083
2023-05-30T19:00,27.5,70,981.1,Jaisalmer_Desert,26.9157,70.9083
2023-05-30T20:00,26.5,75,981.7,Jaisalmer_Desert,26.9157,70.9083
2023-05-30T21:00,26,74,981.9,Jaisalmer_Desert,26.9157,70.9083
2023-05-30T22:00,25.4,77,982,Jaisalmer_Desert,26.9157,70.9083
2023-05-30T23:00,24.8,82,982.2,Jaisalmer_Desert,26.9157,70.9083
2023-05-31T00:00,24.6,84,981.6,Jaisalmer_Desert,26.9157,70.9083
2023-05-31T01:00,24.2,81,981.2,Jaisalmer_Desert,26.9157,70.9083
2023-05-31T02:00,24,86,980.4,Jaisalmer_Desert,26.9157,70.9083
2023-05-31T03:00,23.6,88,980.3,Jaisalmer_Desert,26.9157,70.9083
2023-05-31T04:00,23.2,89,980.3,Jaisalmer_Desert,26.9157,70.9083
2023-05-31T05:00,23.8,86,980.6,Jaisalmer_Desert,26.9157,70.9083
2023-05-31T06:00,23.8,85,980.8,Jaisalmer_Desert,26.9157,70.9083
2023-05-31T07:00,24.9,81,981.1,Jaisalmer_Desert,26.9157,70.9083
2023-05-31T08:00,26.7,68,981.4,Jaisalmer_Desert,26.9157,70.9083
2023-05-31T09:00,28.4,61,981.7,Jaisalmer_Desert,26.9157,70.9083
2023-05-31T10:00,29.3,60,981.6,Jaisalmer_Desert,26.9157,70.9083
2023-05-31T11:00,30.1,58,981.4,Jaisalmer_Desert,26.9157,70.9083
2023-05-31T12:00,30.8,55,980.8,Jaisalmer_Desert,26.9157,70.9083
2023-05-31T13:00,31.4,53,979.9,Jaisalmer_Desert,26.9157,70.9083
2023-05-31T14:00,31.6,53,979.4,Jaisalmer_Desert,26.9157,70.9083
2023-05-31T15:00,31.3,55,978.6,Jaisalmer_Desert,26.9157,70.9083
2023-05-31T16:00,31.7,52,977.9,Jaisalmer_Desert,26.9157,70.9083
2023-05-31T17:00,32.2,48,977.8,Jaisalmer_Desert,26.9157,70.9083
2023-05-31T18:00,31.8,51,977.8,Jaisalmer_Desert,26.9157,70.9083
2023-05-31T19:00,30.1,66,977.7,Jaisalmer_Desert,26.9157,70.9083
2023-05-31T20:00,29.2,67,977.4,Jaisalmer_Desert,26.9157,70.9083
2023-05-31T21:00,28.3,68,977,Jaisalmer_Desert,26.9157,70.9083
2023-05-31T22:00,27.8,65,977.7,Jaisalmer_Desert,26.9157,70.9083
2023-05-31T23:00,27.1,67,977.1,Jaisalmer_Desert,26.9157,70.9083
2023-06-01T00:00,26.8,72,976.8,Jaisalmer_Desert,26.9157,70.9083
2023-06-01T01:00,26,79,976.2,Jaisalmer_Desert,26.9157,70.9083
2023-06-01T02:00,25.2,83,977.5,Jaisalmer_Desert,26.9157,70.9083
2023-06-01T03:00,24.4,89,978.1,Jaisalmer_Desert,26.9157,70.9083
2023-06-01T04:00,24.6,86,977,Jaisalmer_Desert,26.9157,70.9083
2023-06-01T05:00,25,86,977.7,Jaisalmer_Desert,26.9157,70.9083
2023-06-01T06:00,25.2,83,978.3,Jaisalmer_Desert,26.9157,70.9083
2023-06-01T07:00,26.2,80,978.3,Jaisalmer_Desert,26.9157,70.9083
2023-06-01T08:00,27.8,73,978.9,Jaisalmer_Desert,26.9157,70.9083
2023-06-01T09:00,28.5,70,979.5,Jaisalmer_Desert,26.9157,70.9083
2023-06-01T10:00,29.3,68,979.4,Jaisalmer_Desert,26.9157,70.9083
2023-06-01T11:00,30.5,62,979.2,Jaisalmer_Desert,26.9157,70.9083
2023-06-01T12:00,31.1,61,978.8,Jaisalmer_Desert,26.9157,70.9083
2023-06-01T13:00,32.5,55,978.2,Jaisalmer_Desert,26.9157,70.9083
2023-06-01T14:00,33.2,55,977.1,Jaisalmer_Desert,26.9157,70.9083
2023-06-01T15:00,33.5,55,976.3,Jaisalmer_Desert,26.9157,70.9083
2023-06-01T16:00,33.9,53,976,Jaisalmer_Desert,26.9157,70.9083
2023-06-01T17:00,33.4,51,976.6,Jaisalmer_Desert,26.9157,70.9083
2023-06-01T18:00,32.8,53,976.7,Jaisalmer_Desert,26.9157,70.9083
2023-06-01T19:00,31.4,65,976.9,Jaisalmer_Desert,26.9157,70.9083
2023-06-01T20:00,30.5,67,976.9,Jaisalmer_Desert,26.9157,70.9083
2023-06-01T21:00,29.5,73,977.4,Jaisalmer_Desert,26.9157,70.9083
2023-06-01T22:00,28.8,74,977.6,Jaisalmer_Desert,26.9157,70.9083
2023-06-01T23:00,28.3,76,977.8,Jaisalmer_Desert,26.9157,70.9083
2023-06-02T00:00,26.7,76,978.2,Jaisalmer_Desert,26.9157,70.9083
2023-06-02T01:00,25.8,78,978.2,Jaisalmer_Desert,26.9157,70.9083
2023-06-02T02:00,25.3,80,978,Jaisalmer_Desert,26.9157,70.9083
2023-06-02T03:00,24.9,80,977.9,Jaisalmer_Desert,26.9157,70.9083
2023-06-02T04:00,24.4,83,978.1,Jaisalmer_Desert,26.9157,70.9083
2023-06-02T05:00,24.8,83,978.2,Jaisalmer_Desert,26.9157,70.9083
2023-06-02T06:00,25,85,979,Jaisalmer_Desert,26.9157,70.9083
2023-06-02T07:00,26.3,82,979.6,Jaisalmer_Desert,26.9157,70.9083
2023-06-02T08:00,28.3,76,980.1,Jaisalmer_Desert,26.9157,70.9083
2023-06-02T09:00,30,71,980.3,Jaisalmer_Desert,26.9157,70.9083
2023-06-02T10:00,30.9,68,980.6,Jaisalmer_Desert,26.9157,70.9083
2023-06-02T11:00,32,64,980.2,Jaisalmer_Desert,26.9157,70.9083
2023-06-02T12:00,33.2,58,979.9,Jaisalmer_Desert,26.9157,70.9083
2023-06-02T13:00,34.3,53,979.2,Jaisalmer_Desert,26.9157,70.9083
2023-06-02T14:00,34.9,48,978.3,Jaisalmer_Desert,26.9157,70.9083
2023-06-02T15:00,35.1,47,977.4,Jaisalmer_Desert,26.9157,70.9083
2023-06-02T16:00,35.3,45,976.8,Jaisalmer_Desert,26.9157,70.9083
2023-06-02T17:00,34.6,47,977.2,Jaisalmer_Desert,26.9157,70.9083
2023-06-02T18:00,34.4,47,977.5,Jaisalmer_Desert,26.9157,70.9083
2023-06-02T19:00,33.5,50,977.5,Jaisalmer_Desert,26.9157,70.9083
2023-06-02T20:00,32.2,59,977.6,Jaisalmer_Desert,26.9157,70.9083
2023-06-02T21:00,31.1,63,978,Jaisalmer_Desert,26.9157,70.9083
2023-06-02T22:00,30.3,66,978.3,Jaisalmer_Desert,26.9157,70.9083
2023-06-02T23:00,29.4,71,978.2,Jaisalmer_Desert,26.9157,70.9083
2023-06-03T00:00,28.7,74,977.8,Jaisalmer_Desert,26.9157,70.9083
2023-06-03T01:00,28.2,78,977.4,Jaisalmer_Desert,26.9157,70.9083
2023-06-03T02:00,27.8,78,977,Jaisalmer_Desert,26.9157,70.9083
2023-06-03T03:00,27.2,82,977,Jaisalmer_Desert,26.9157,70.9083
2023-06-03T04:00,26.8,83,977.3,Jaisalmer_Desert,26.9157,70.9083
2023-06-03T05:00,27.9,76,977.1,Jaisalmer_Desert,26.9157,70.9083
2023-06-03T06:00,28.1,73,977.9,Jaisalmer_Desert,26.9157,70.9083
2023-06-03T07:00,28.7,74,978.9,Jaisalmer_Desert,26.9157,70.9083
2023-06-03T08:00,29.8,73,979.5,Jaisalmer_Desert,26.9157,70.9083
2023-06-03T09:00,31.3,68,979.8,Jaisalmer_Desert,26.9157,70.9083
2023-06-03T10:00,33.1,59,979.6,Jaisalmer_Desert,26.9157,70.9083
2023-06-03T11:00,34.7,49,979.1,Jaisalmer_Desert,26.9157,70.9083
2023-06-03T12:00,35.4,45,978.3,Jaisalmer_Desert,26.9157,70.9083
2023-06-03T13:00,35.8,43,978.3,Jaisalmer_Desert,26.9157,70.9083
2023-06-03T14:00,28.4,66,979.6,Jaisalmer_Desert,26.9157,70.9083
2023-06-03T15:00,25.3,75,978,Jaisalmer_Desert,26.9157,70.9083
2023-06-03T16:00,27,73,976.7,Jaisalmer_Desert,26.9157,70.9083
2023-06-03T17:00,29.4,58,977.2,Jaisalmer_Desert,26.9157,70.9083
2023-06-03T18:00,29,59,975.8,Jaisalmer_Desert,26.9157,70.9083
2023-06-03T19:00,28.4,61,975.4,Jaisalmer_Desert,26.9157,70.9083
2023-06-03T20:00,28.1,64,976.5,Jaisalmer_Desert,26.9157,70.9083
2023-06-03T21:00,27.9,63,976.6,Jaisalmer_Desert,26.9157,70.9083
2023-06-03T22:00,28.1,59,977.1,Jaisalmer_Desert,26.9157,70.9083
2023-06-03T23:00,27.7,59,976.9,Jaisalmer_Desert,26.9157,70.9083
2023-06-04T00:00,26.9,63,976.7,Jaisalmer_Desert,26.9157,70.9083
2023-06-04T01:00,26.1,70,977.4,Jaisalmer_Desert,26.9157,70.9083
2023-06-04T02:00,24.8,80,977.2,Jaisalmer_Desert,26.9157,70.9083
2023-06-04T03:00,24.8,80,976.8,Jaisalmer_Desert,26.9157,70.9083
2023-06-04T04:00,24.5,84,977.7,Jaisalmer_Desert,26.9157,70.9083
2023-06-04T05:00,24.5,75,977.9,Jaisalmer_Desert,26.9157,70.9083
2023-06-04T06:00,24,75,978.1,Jaisalmer_Desert,26.9157,70.9083
2023-06-04T07:00,24.8,76,979,Jaisalmer_Desert,26.9157,70.9083
2023-06-04T08:00,26.3,74,979.7,Jaisalmer_Desert,26.9157,70.9083
2023-06-04T09:00,28.2,67,980.4,Jaisalmer_Desert,26.9157,70.9083
2023-06-04T10:00,29.8,63,980.9,Jaisalmer_Desert,26.9157,70.9083
2023-06-04T11:00,30.8,64,980.7,Jaisalmer_Desert,26.9157,70.9083
2023-06-04T12:00,32.3,57,980.2,Jaisalmer_Desert,26.9157,70.9083
2023-06-04T13:00,32.7,55,979.4,Jaisalmer_Desert,26.9157,70.9083
2023-06-04T14:00,33.2,54,978.3,Jaisalmer_Desert,26.9157,70.9083
2023-06-04T15:00,33.7,52,977.4,Jaisalmer_Desert,26.9157,70.9083
2023-06-04T16:00,33.9,51,976.6,Jaisalmer_Desert,26.9157,70.9083
2023-06-04T17:00,32.8,43,978,Jaisalmer_Desert,26.9157,70.9083
2023-06-04T18:00,32.3,46,978.1,Jaisalmer_Desert,26.9157,70.9083
2023-06-04T19:00,30.1,64,978,Jaisalmer_Desert,26.9157,70.9083
2023-06-04T20:00,28.9,67,977.9,Jaisalmer_Desert,26.9157,70.9083
2023-06-04T21:00,28.3,71,978.3,Jaisalmer_Desert,26.9157,70.9083
2023-06-04T22:00,27.8,69,978.4,Jaisalmer_Desert,26.9157,70.9083
2023-06-04T23:00,26.9,75,978.3,Jaisalmer_Desert,26.9157,70.9083
2023-06-05T00:00,26.5,75,978,Jaisalmer_Desert,26.9157,70.9083
2023-06-05T01:00,25.8,80,977.6,Jaisalmer_Desert,26.9157,70.9083
2023-06-05T02:00,26.4,71,977.6,Jaisalmer_Desert,26.9157,70.9083
2023-06-05T03:00,25.1,82,977.7,Jaisalmer_Desert,26.9157,70.9083
2023-06-05T04:00,24.8,80,977.7,Jaisalmer_Desert,26.9157,70.9083
2023-06-05T05:00,24.8,81,977.8,Jaisalmer_Desert,26.9157,70.9083
2023-06-05T06:00,25.6,78,978.3,Jaisalmer_Desert,26.9157,70.9083
2023-06-05T07:00,27.3,74,979,Jaisalmer_Desert,26.9157,70.9083
2023-06-05T08:00,29.5,69,979.2,Jaisalmer_Desert,26.9157,70.9083
2023-06-05T09:00,31.7,59,979.5,Jaisalmer_Desert,26.9157,70.9083
2023-06-05T10:00,33.1,52,979.6,Jaisalmer_Desert,26.9157,70.9083
2023-06-05T11:00,34.1,48,979.3,Jaisalmer_Desert,26.9157,70.9083
2023-06-05T12:00,34.9,45,978.8,Jaisalmer_Desert,26.9157,70.9083
2023-06-05T13:00,35.5,42,978.1,Jaisalmer_Desert,26.9157,70.9083
2023-06-05T14:00,32.2,45,977.9,Jaisalmer_Desert,26.9157,70.9083
2023-06-05T15:00,33.4,45,976.7,Jaisalmer_Desert,26.9157,70.9083
2023-06-05T16:00,34.2,46,976.1,Jaisalmer_Desert,26.9157,70.9083
2023-06-05T17:00,37,32,975.5,Jaisalmer_Desert,26.9157,70.9083
2023-06-05T18:00,35.8,41,975.8,Jaisalmer_Desert,26.9157,70.9083
2023-06-05T19:00,33.5,53,976.3,Jaisalmer_Desert,26.9157,70.9083
2023-06-05T20:00,31.4,58,975.9,Jaisalmer_Desert,26.9157,70.9083
2023-06-05T21:00,30.4,60,976,Jaisalmer_Desert,26.9157,70.9083
2023-06-05T22:00,29.4,63,976.4,Jaisalmer_Desert,26.9157,70.9083
2023-06-05T23:00,28.9,66,976.6,Jaisalmer_Desert,26.9157,70.9083
2023-06-06T00:00,28.2,69,976.3,Jaisalmer_Desert,26.9157,70.9083
2023-06-06T01:00,27.8,70,976,Jaisalmer_Desert,26.9157,70.9083
2023-06-06T02:00,27.5,69,975.9,Jaisalmer_Desert,26.9157,70.9083
2023-06-06T03:00,27.4,65,976.3,Jaisalmer_Desert,26.9157,70.9083
2023-06-06T04:00,26.7,66,976.2,Jaisalmer_Desert,26.9157,70.9083
2023-06-06T05:00,26.4,70,976.4,Jaisalmer_Desert,26.9157,70.9083
2023-06-06T06:00,26.7,70,976.9,Jaisalmer_Desert,26.9157,70.9083
2023-06-06T07:00,27.7,69,977.5,Jaisalmer_Desert,26.9157,70.9083
2023-06-06T08:00,29.5,65,977.8,Jaisalmer_Desert,26.9157,70.9083
2023-06-06T09:00,31.6,58,978.2,Jaisalmer_Desert,26.9157,70.9083
2023-06-06T10:00,33.7,51,978.4,Jaisalmer_Desert,26.9157,70.9083
2023-06-06T11:00,35.2,47,978.1,Jaisalmer_Desert,26.9157,70.9083
2023-06-06T12:00,36.3,44,977.6,Jaisalmer_Desert,26.9157,70.9083
2023-06-06T13:00,37.6,38,976.6,Jaisalmer_Desert,26.9157,70.9083
2023-06-06T14:00,38.8,34,975.5,Jaisalmer_Desert,26.9157,70.9083
2023-06-06T15:00,38.8,29,975.3,Jaisalmer_Desert,26.9157,70.9083
2023-06-06T16:00,35.7,38,975.6,Jaisalmer_Desert,26.9157,70.9083
2023-06-06T17:00,35.3,37,975.8,Jaisalmer_Desert,26.9157,70.9083
2023-06-06T18:00,34.5,40,976.2,Jaisalmer_Desert,26.9157,70.9083
2023-06-06T19:00,32.5,51,976.1,Jaisalmer_Desert,26.9157,70.9083
2023-06-06T20:00,30.9,60,976.3,Jaisalmer_Desert,26.9157,70.9083
2023-06-06T21:00,30.5,61,976.4,Jaisalmer_Desert,26.9157,70.9083
2023-06-06T22:00,30.2,60,976.7,Jaisalmer_Desert,26.9157,70.9083
2023-06-06T23:00,29.6,58,976.4,Jaisalmer_Desert,26.9157,70.9083
2023-06-07T00:00,29.3,57,976.1,Jaisalmer_Desert,26.9157,70.9083
2023-06-07T01:00,28.6,60,976,Jaisalmer_Desert,26.9157,70.9083
2023-06-07T02:00,27.9,66,976,Jaisalmer_Desert,26.9157,70.9083
2023-06-07T03:00,27.6,69,975.8,Jaisalmer_Desert,26.9157,70.9083
2023-06-07T04:00,27.4,73,975.8,Jaisalmer_Desert,26.9157,70.9083
2023-06-07T05:00,25.2,76,977.4,Jaisalmer_Desert,26.9157,70.9083
2023-06-07T06:00,26.1,74,977.4,Jaisalmer_Desert,26.9157,70.9083
2023-06-07T07:00,27.5,70,977.4,Jaisalmer_Desert,26.9157,70.9083
2023-06-07T08:00,29.6,64,977.4,Jaisalmer_Desert,26.9157,70.9083
2023-06-07T09:00,32.3,57,977.5,Jaisalmer_Desert,26.9157,70.9083
2023-06-07T10:00,34.6,50,977.3,Jaisalmer_Desert,26.9157,70.9083
2023-06-07T11:00,36.4,42,977,Jaisalmer_Desert,26.9157,70.9083
2023-06-07T12:00,37.6,39,976.7,Jaisalmer_Desert,26.9157,70.9083
2023-06-07T13:00,38.2,39,976.2,Jaisalmer_Desert,26.9157,70.9083
2023-06-07T14:00,38.7,38,975.9,Jaisalmer_Desert,26.9157,70.9083
2023-06-07T15:00,32.8,55,976,Jaisalmer_Desert,26.9157,70.9083
2023-06-07T16:00,32.1,58,974.6,Jaisalmer_Desert,26.9157,70.9083
2023-06-07T17:00,38.6,27,975.4,Jaisalmer_Desert,26.9157,70.9083
2023-06-07T18:00,37.6,27,975.2,Jaisalmer_Desert,26.9157,70.9083
2023-06-07T19:00,35.4,34,975.6,Jaisalmer_Desert,26.9157,70.9083
2023-06-07T20:00,33.9,42,975.9,Jaisalmer_Desert,26.9157,70.9083
2023-06-07T21:00,32.8,48,976.3,Jaisalmer_Desert,26.9157,70.9083
2023-06-07T22:00,32.1,53,977.1,Jaisalmer_Desert,26.9157,70.9083
2023-06-07T23:00,31.3,57,977.2,Jaisalmer_Desert,26.9157,70.9083
2023-06-08T00:00,30.9,58,976.7,Jaisalmer_Desert,26.9157,70.9083
2023-06-08T01:00,30.5,59,976.1,Jaisalmer_Desert,26.9157,70.9083
2023-06-08T02:00,29.9,61,976,Jaisalmer_Desert,26.9157,70.9083
2023-06-08T03:00,29.5,64,976.7,Jaisalmer_Desert,26.9157,70.9083
2023-06-08T04:00,28.4,71,977,Jaisalmer_Desert,26.9157,70.9083
2023-06-08T05:00,28.2,78,977.5,Jaisalmer_Desert,26.9157,70.9083
2023-06-08T06:00,28.1,82,977.9,Jaisalmer_Desert,26.9157,70.9083
2023-06-08T07:00,28.9,81,978.3,Jaisalmer_Desert,26.9157,70.9083
2023-06-08T08:00,30.6,73,978.5,Jaisalmer_Desert,26.9157,70.9083
2023-06-08T09:00,32.3,66,978.8,Jaisalmer_Desert,26.9157,70.9083
2023-06-08T10:00,33.8,57,978.9,Jaisalmer_Desert,26.9157,70.9083
2023-06-08T11:00,35.4,46,978.7,Jaisalmer_Desert,26.9157,70.9083
2023-06-08T12:00,36.8,39,978.1,Jaisalmer_Desert,26.9157,70.9083
2023-06-08T13:00,38.1,34,977.5,Jaisalmer_Desert,26.9157,70.9083
2023-06-08T14:00,39,30,977.1,Jaisalmer_Desert,26.9157,70.9083
2023-06-08T15:00,39.2,31,976.3,Jaisalmer_Desert,26.9157,70.9083
2023-06-08T16:00,39.2,30,975.2,Jaisalmer_Desert,26.9157,70.9083
2023-06-08T17:00,39.1,30,974.9,Jaisalmer_Desert,26.9157,70.9083
2023-06-08T18:00,37.4,35,975.4,Jaisalmer_Desert,26.9157,70.9083
2023-06-08T19:00,36.3,38,975.9,Jaisalmer_Desert,26.9157,70.9083
2023-06-08T20:00,35.1,44,975.9,Jaisalmer_Desert,26.9157,70.9083
2023-06-08T21:00,34.2,48,975.7,Jaisalmer_Desert,26.9157,70.9083
2023-06-08T22:00,33.6,50,975.7,Jaisalmer_Desert,26.9157,70.9083
2023-06-08T23:00,33.1,51,975.7,Jaisalmer_Desert,26.9157,70.9083
2023-06-09T00:00,32,55,975.6,Jaisalmer_Desert,26.9157,70.9083
2023-06-09T01:00,30.9,60,975.5,Jaisalmer_Desert,26.9157,70.9083
2023-06-09T02:00,29.8,64,975.1,Jaisalmer_Desert,26.9157,70.9083
2023-06-09T03:00,28.9,68,974.9,Jaisalmer_Desert,26.9157,70.9083
2023-06-09T04:00,28.1,72,975,Jaisalmer_Desert,26.9157,70.9083
2023-06-09T05:00,27.4,77,975.3,Jaisalmer_Desert,26.9157,70.9083
2023-06-09T06:00,27.7,78,976,Jaisalmer_Desert,26.9157,70.9083
2023-06-09T07:00,28,79,976.3,Jaisalmer_Desert,26.9157,70.9083
2023-06-09T08:00,29,75,976.4,Jaisalmer_Desert,26.9157,70.9083
2023-06-09T09:00,30.8,65,976.4,Jaisalmer_Desert,26.9157,70.9083
2023-06-09T10:00,32.7,57,976.4,Jaisalmer_Desert,26.9157,70.9083
2023-06-09T11:00,34.5,50,976.1,Jaisalmer_Desert,26.9157,70.9083
2023-06-09T12:00,36.2,42,975.4,Jaisalmer_Desert,26.9157,70.9083
2023-06-09T13:00,37.6,37,974.5,Jaisalmer_Desert,26.9157,70.9083
2023-06-09T14:00,38.6,34,973.4,Jaisalmer_Desert,26.9157,70.9083
2023-06-09T15:00,39.1,33,972.5,Jaisalmer_Desert,26.9157,70.9083
2023-06-09T16:00,39.5,31,971.7,Jaisalmer_Desert,26.9157,70.9083
2023-06-09T17:00,39.6,30,971.2,Jaisalmer_Desert,26.9157,70.9083
2023-06-09T18:00,37.9,36,972.3,Jaisalmer_Desert,26.9157,70.9083
2023-06-09T19:00,37,38,972.5,Jaisalmer_Desert,26.9157,70.9083
2023-06-09T20:00,36.1,42,972.9,Jaisalmer_Desert,26.9157,70.9083
2023-06-09T21:00,35.3,44,973.5,Jaisalmer_Desert,26.9157,70.9083
2023-06-09T22:00,34.3,46,973.5,Jaisalmer_Desert,26.9157,70.9083
2023-06-09T23:00,33.2,48,973.5,Jaisalmer_Desert,26.9157,70.9083
2023-06-10T00:00,32,53,972.7,Jaisalmer_Desert,26.9157,70.9083
2023-06-10T01:00,30.7,59,972.2,Jaisalmer_Desert,26.9157,70.9083
2023-06-10T02:00,29.7,64,972.1,Jaisalmer_Desert,26.9157,70.9083
2023-06-10T03:00,28.8,66,972.4,Jaisalmer_Desert,26.9157,70.9083
2023-06-10T04:00,27.8,69,972.5,Jaisalmer_Desert,26.9157,70.9083
2023-06-10T05:00,27.4,72,972.9,Jaisalmer_Desert,26.9157,70.9083
2023-06-10T06:00,26.9,75,973.7,Jaisalmer_Desert,26.9157,70.9083
2023-06-10T07:00,27.3,74,974.2,Jaisalmer_Desert,26.9157,70.9083
2023-06-10T08:00,28.7,69,974.3,Jaisalmer_Desert,26.9157,70.9083
2023-06-10T09:00,30.7,61,974.6,Jaisalmer_Desert,26.9157,70.9083
2023-06-10T10:00,33.2,50,974.6,Jaisalmer_Desert,26.9157,70.9083
2023-06-10T11:00,35.4,41,974.4,Jaisalmer_Desert,26.9157,70.9083
2023-06-10T12:00,37.4,32,973.7,Jaisalmer_Desert,26.9157,70.9083
2023-06-10T13:00,39,27,972.8,Jaisalmer_Desert,26.9157,70.9083
2023-06-10T14:00,40.1,23,971.6,Jaisalmer_Desert,26.9157,70.9083
2023-06-10T15:00,40.5,22,970.8,Jaisalmer_Desert,26.9157,70.9083
2023-06-10T16:00,40.5,22,970.4,Jaisalmer_Desert,26.9157,70.9083
2023-06-10T17:00,38.7,27,970.7,Jaisalmer_Desert,26.9157,70.9083
2023-06-10T18:00,38.3,28,971.2,Jaisalmer_Desert,26.9157,70.9083
2023-06-10T19:00,37.6,30,972.3,Jaisalmer_Desert,26.9157,70.9083
2023-06-10T20:00,36.6,33,972.3,Jaisalmer_Desert,26.9157,70.9083
2023-06-10T21:00,35.6,37,972.4,Jaisalmer_Desert,26.9157,70.9083
2023-06-10T22:00,34.5,41,972.9,Jaisalmer_Desert,26.9157,70.9083
2023-06-10T23:00,33.8,42,972.2,Jaisalmer_Desert,26.9157,70.9083
2023-06-11T00:00,33,42,972.1,Jaisalmer_Desert,26.9157,70.9083
2023-06-11T01:00,32.1,44,971.4,Jaisalmer_Desert,26.9157,70.9083
2023-06-11T02:00,31.2,49,971.1,Jaisalmer_Desert,26.9157,70.9083
2023-06-11T03:00,30.4,52,971.7,Jaisalmer_Desert,26.9157,70.9083
2023-06-11T04:00,29.5,56,972,Jaisalmer_Desert,26.9157,70.9083
2023-06-11T05:00,28.8,65,974,Jaisalmer_Desert,26.9157,70.9083
2023-06-11T06:00,28.6,66,974.3,Jaisalmer_Desert,26.9157,70.9083
2023-06-11T07:00,29.3,65,974.6,Jaisalmer_Desert,26.9157,70.9083
2023-06-11T08:00,30.7,62,974.4,Jaisalmer_Desert,26.9157,70.9083
2023-06-11T09:00,32.3,55,974.5,Jaisalmer_Desert,26.9157,70.9083
2023-06-11T10:00,34.2,48,974.5,Jaisalmer_Desert,26.9157,70.9083
2023-06-11T11:00,35.9,42,974.3,Jaisalmer_Desert,26.9157,70.9083
2023-06-11T12:00,37.4,37,973.8,Jaisalmer_Desert,26.9157,70.9083
2023-06-11T13:00,38.8,32,973,Jaisalmer_Desert,26.9157,70.9083
2023-06-11T14:00,39.8,27,972,Jaisalmer_Desert,26.9157,70.9083
2023-06-11T15:00,40.3,25,971.3,Jaisalmer_Desert,26.9157,70.9083
2023-06-11T16:00,40.4,24,970.7,Jaisalmer_Desert,26.9157,70.9083
2023-06-11T17:00,39,26,971.9,Jaisalmer_Desert,26.9157,70.9083
2023-06-11T18:00,38.5,27,972.1,Jaisalmer_Desert,26.9157,70.9083
2023-06-11T19:00,37.4,29,972.6,Jaisalmer_Desert,26.9157,70.9083
2023-06-11T20:00,36.2,33,973,Jaisalmer_Desert,26.9157,70.9083
2023-06-11T21:00,35.5,35,973.2,Jaisalmer_Desert,26.9157,70.9083
2023-06-11T22:00,34.6,37,973.4,Jaisalmer_Desert,26.9157,70.9083
2023-06-11T23:00,34,38,973.2,Jaisalmer_Desert,26.9157,70.9083
2023-06-12T00:00,33.9,38,972.8,Jaisalmer_Desert,26.9157,70.9083
2023-06-12T01:00,33.5,38,972.5,Jaisalmer_Desert,26.9157,70.9083
2023-06-12T02:00,32.8,40,972.5,Jaisalmer_Desert,26.9157,70.9083
2023-06-12T03:00,32,42,972.7,Jaisalmer_Desert,26.9157,70.9083
2023-06-12T04:00,31.4,45,973.2,Jaisalmer_Desert,26.9157,70.9083
2023-06-12T05:00,30.5,49,972.7,Jaisalmer_Desert,26.9157,70.9083
2023-06-12T06:00,30,51,973.6,Jaisalmer_Desert,26.9157,70.9083
2023-06-12T07:00,30.4,51,974.2,Jaisalmer_Desert,26.9157,70.9083
2023-06-12T08:00,31.4,47,974.8,Jaisalmer_Desert,26.9157,70.9083
2023-06-12T09:00,33,42,975.2,Jaisalmer_Desert,26.9157,70.9083
2023-06-12T10:00,34.7,38,975,Jaisalmer_Desert,26.9157,70.9083
2023-06-12T11:00,36.3,34,974.4,Jaisalmer_Desert,26.9157,70.9083
2023-06-12T12:00,37.8,30,973.8,Jaisalmer_Desert,26.9157,70.9083
2023-06-12T13:00,39.2,27,973.1,Jaisalmer_Desert,26.9157,70.9083
2023-06-12T14:00,40.2,25,972.3,Jaisalmer_Desert,26.9157,70.9083
2023-06-12T15:00,40.6,24,971.7,Jaisalmer_Desert,26.9157,70.9083
2023-06-12T16:00,40.6,22,971.5,Jaisalmer_Desert,26.9157,70.9083
2023-06-12T17:00,39.1,26,971.7,Jaisalmer_Desert,26.9157,70.9083
2023-06-12T18:00,38.5,26,972,Jaisalmer_Desert,26.9157,70.9083
2023-06-12T19:00,37.4,27,972.5,Jaisalmer_Desert,26.9157,70.9083
2023-06-12T20:00,36.6,30,973,Jaisalmer_Desert,26.9157,70.9083
2023-06-12T21:00,35.8,33,973.5,Jaisalmer_Desert,26.9157,70.9083
2023-06-12T22:00,34.5,38,974,Jaisalmer_Desert,26.9157,70.9083
2023-06-12T23:00,33.2,45,974.2,Jaisalmer_Desert,26.9157,70.9083
2023-06-13T00:00,32.6,47,974,Jaisalmer_Desert,26.9157,70.9083
2023-06-13T01:00,31.7,50,973.5,Jaisalmer_Desert,26.9157,70.9083
2023-06-13T02:00,30.7,54,973.1,Jaisalmer_Desert,26.9157,70.9083
2023-06-13T03:00,30,57,973.2,Jaisalmer_Desert,26.9157,70.9083
2023-06-13T04:00,29.1,61,973.6,Jaisalmer_Desert,26.9157,70.9083
2023-06-13T05:00,29.2,60,973.8,Jaisalmer_Desert,26.9157,70.9083
2023-06-13T06:00,29.2,61,974.3,Jaisalmer_Desert,26.9157,70.9083
2023-06-13T07:00,30.1,59,974.9,Jaisalmer_Desert,26.9157,70.9083
2023-06-13T08:00,31.4,56,975.4,Jaisalmer_Desert,26.9157,70.9083
2023-06-13T09:00,32.9,52,975.7,Jaisalmer_Desert,26.9157,70.9083
2023-06-13T10:00,34.9,45,975.6,Jaisalmer_Desert,26.9157,70.9083
2023-06-13T11:00,36.8,38,975.2,Jaisalmer_Desert,26.9157,70.9083
2023-06-13T12:00,38,34,974.4,Jaisalmer_Desert,26.9157,70.9083
2023-06-13T13:00,39.2,31,973.6,Jaisalmer_Desert,26.9157,70.9083
2023-06-13T14:00,39.7,30,972.4,Jaisalmer_Desert,26.9157,70.9083
2023-06-13T15:00,40.1,28,971.5,Jaisalmer_Desert,26.9157,70.9083
2023-06-13T16:00,39.4,30,971.3,Jaisalmer_Desert,26.9157,70.9083
2023-06-13T17:00,37.9,34,971.9,Jaisalmer_Desert,26.9157,70.9083
2023-06-13T18:00,37.5,35,971.9,Jaisalmer_Desert,26.9157,70.9083
2023-06-13T19:00,36.9,36,972.1,Jaisalmer_Desert,26.9157,70.9083
2023-06-13T20:00,36.2,38,972.5,Jaisalmer_Desert,26.9157,70.9083
2023-06-13T21:00,35.2,41,973.3,Jaisalmer_Desert,26.9157,70.9083
2023-06-13T22:00,32.9,48,973.9,Jaisalmer_Desert,26.9157,70.9083
2023-06-13T23:00,31.8,52,974.2,Jaisalmer_Desert,26.9157,70.9083
2023-06-14T00:00,31.3,54,974,Jaisalmer_Desert,26.9157,70.9083
2023-06-14T01:00,30.7,57,973.6,Jaisalmer_Desert,26.9157,70.9083
2023-06-14T02:00,30.2,58,973.4,Jaisalmer_Desert,26.9157,70.9083
2023-06-14T03:00,30,59,973.7,Jaisalmer_Desert,26.9157,70.9083
2023-06-14T04:00,29.6,61,973.8,Jaisalmer_Desert,26.9157,70.9083
2023-06-14T05:00,29.7,63,974.2,Jaisalmer_Desert,26.9157,70.9083
2023-06-14T06:00,29.2,65,975,Jaisalmer_Desert,26.9157,70.9083
2023-06-14T07:00,29.5,64,975.4,Jaisalmer_Desert,26.9157,70.9083
2023-06-14T08:00,30.4,60,975.9,Jaisalmer_Desert,26.9157,70.9083
2023-06-14T09:00,31.8,56,976.1,Jaisalmer_Desert,26.9157,70.9083
2023-06-14T10:00,33.5,49,976.1,Jaisalmer_Desert,26.9157,70.9083
2023-06-14T11:00,34.9,44,975.7,Jaisalmer_Desert,26.9157,70.9083
2023-06-14T12:00,35.8,41,974.9,Jaisalmer_Desert,26.9157,70.9083
2023-06-14T13:00,37.3,34,974.1,Jaisalmer_Desert,26.9157,70.9083
2023-06-14T14:00,38.1,31,973.2,Jaisalmer_Desert,26.9157,70.9083
2023-06-14T15:00,38.7,29,972.4,Jaisalmer_Desert,26.9157,70.9083
2023-06-14T16:00,38.5,28,971.9,Jaisalmer_Desert,26.9157,70.9083
2023-06-14T17:00,37.4,31,972.4,Jaisalmer_Desert,26.9157,70.9083
2023-06-14T18:00,37,32,972.4,Jaisalmer_Desert,26.9157,70.9083
2023-06-14T19:00,35.4,37,973.1,Jaisalmer_Desert,26.9157,70.9083
2023-06-14T20:00,33.1,46,973.7,Jaisalmer_Desert,26.9157,70.9083
2023-06-14T21:00,33,48,974.2,Jaisalmer_Desert,26.9157,70.9083
2023-06-14T22:00,32.6,48,974.6,Jaisalmer_Desert,26.9157,70.9083
2023-06-14T23:00,31.8,51,974.7,Jaisalmer_Desert,26.9157,70.9083
2023-06-15T00:00,30.9,54,974.7,Jaisalmer_Desert,26.9157,70.9083
2023-06-15T01:00,30.1,57,974.2,Jaisalmer_Desert,26.9157,70.9083
2023-06-15T02:00,29.5,58,973.8,Jaisalmer_Desert,26.9157,70.9083
2023-06-15T03:00,29,61,974.1,Jaisalmer_Desert,26.9157,70.9083
2023-06-15T04:00,28.5,65,974.3,Jaisalmer_Desert,26.9157,70.9083
2023-06-15T05:00,28,68,974.2,Jaisalmer_Desert,26.9157,70.9083
2023-06-15T06:00,27.8,70,975.1,Jaisalmer_Desert,26.9157,70.9083
2023-06-15T07:00,28.5,67,975.5,Jaisalmer_Desert,26.9157,70.9083
2023-06-15T08:00,29.7,62,975.7,Jaisalmer_Desert,26.9157,70.9083
2023-06-15T09:00,31.3,56,975.9,Jaisalmer_Desert,26.9157,70.9083
2023-06-15T10:00,33.2,48,975.6,Jaisalmer_Desert,26.9157,70.9083
2023-06-15T11:00,34.1,46,975,Jaisalmer_Desert,26.9157,70.9083
2023-06-15T12:00,35.6,42,974.3,Jaisalmer_Desert,26.9157,70.9083
2023-06-15T13:00,35.8,42,973.7,Jaisalmer_Desert,26.9157,70.9083
2023-06-15T14:00,36.6,35,972.9,Jaisalmer_Desert,26.9157,70.9083
2023-06-15T15:00,37.3,32,972.1,Jaisalmer_Desert,26.9157,70.9083
2023-06-15T16:00,36.7,33,971.8,Jaisalmer_Desert,26.9157,70.9083
2023-06-15T17:00,33.3,46,972.7,Jaisalmer_Desert,26.9157,70.9083
2023-06-15T18:00,27,78,973.6,Jaisalmer_Desert,26.9157,70.9083
2023-06-15T19:00,27.3,81,973.3,Jaisalmer_Desert,26.9157,70.9083
2023-06-15T20:00,28.3,80,974,Jaisalmer_Desert,26.9157,70.9083
2023-06-15T21:00,27.9,77,974.4,Jaisalmer_Desert,26.9157,70.9083
2023-06-15T22:00,27.5,76,974.5,Jaisalmer_Desert,26.9157,70.9083
2023-06-15T23:00,26.8,81,974.1,Jaisalmer_Desert,26.9157,70.9083
2023-06-16T00:00,26.4,84,973.6,Jaisalmer_Desert,26.9157,70.9083
2023-06-16T01:00,26.2,86,973,Jaisalmer_Desert,26.9157,70.9083
2023-06-16T02:00,26.3,86,972.4,Jaisalmer_Desert,26.9157,70.9083
2023-06-16T03:00,26.2,87,972.1,Jaisalmer_Desert,26.9157,70.9083
2023-06-16T04:00,25.7,89,972.2,Jaisalmer_Desert,26.9157,70.9083
2023-06-16T05:00,27.2,79,972.8,Jaisalmer_Desert,26.9157,70.9083
2023-06-16T06:00,27.2,78,973.1,Jaisalmer_Desert,26.9157,70.9083
2023-06-16T07:00,27.8,74,973.2,Jaisalmer_Desert,26.9157,70.9083
2023-06-16T08:00,28.6,72,973.5,Jaisalmer_Desert,26.9157,70.9083
2023-06-16T09:00,29.7,67,973.8,Jaisalmer_Desert,26.9157,70.9083
2023-06-16T10:00,29.8,67,973.6,Jaisalmer_Desert,26.9157,70.9083
2023-06-16T11:00,31.7,59,973.2,Jaisalmer_Desert,26.9157,70.9083
2023-06-16T12:00,29.5,66,973,Jaisalmer_Desert,26.9157,70.9083
2023-06-16T13:00,32.1,58,972,Jaisalmer_Desert,26.9157,70.9083
2023-06-16T14:00,31.3,62,970.9,Jaisalmer_Desert,26.9157,70.9083
2023-06-16T15:00,30.9,62,970.5,Jaisalmer_Desert,26.9157,70.9083
2023-06-16T16:00,31.9,60,969.8,Jaisalmer_Desert,26.9157,70.9083
2023-06-16T17:00,29.8,61,971.1,Jaisalmer_Desert,26.9157,70.9083
2023-06-16T18:00,27.9,71,971.4,Jaisalmer_Desert,26.9157,70.9083
2023-06-16T19:00,27.5,74,971.4,Jaisalmer_Desert,26.9157,70.9083
2023-06-16T20:00,26.4,80,971.4,Jaisalmer_Desert,26.9157,70.9083
2023-06-16T21:00,25.8,86,971.7,Jaisalmer_Desert,26.9157,70.9083
2023-06-16T22:00,26.3,85,971.6,Jaisalmer_Desert,26.9157,70.9083
2023-06-16T23:00,26.1,84,971.3,Jaisalmer_Desert,26.9157,70.9083
2023-06-17T00:00,25.9,83,970.7,Jaisalmer_Desert,26.9157,70.9083
2023-06-17T01:00,25.8,86,969.6,Jaisalmer_Desert,26.9157,70.9083
2023-06-17T02:00,25.7,88,969,Jaisalmer_Desert,26.9157,70.9083
2023-06-17T03:00,25.7,88,968.6,Jaisalmer_Desert,26.9157,70.9083
2023-06-17T04:00,25.6,88,968.8,Jaisalmer_Desert,26.9157,70.9083
2023-06-17T05:00,26.7,86,969.8,Jaisalmer_Desert,26.9157,70.9083
2023-06-17T06:00,26.7,85,970.4,Jaisalmer_Desert,26.9157,70.9083
2023-06-17T07:00,26.7,82,970.8,Jaisalmer_Desert,26.9157,70.9083
2023-06-17T08:00,26.8,83,971.3,Jaisalmer_Desert,26.9157,70.9083
2023-06-17T09:00,27,82,972,Jaisalmer_Desert,26.9157,70.9083
2023-06-17T10:00,26.9,83,971.9,Jaisalmer_Desert,26.9157,70.9083
2023-06-17T11:00,26.7,85,971.8,Jaisalmer_Desert,26.9157,70.9083
2023-06-17T12:00,26.9,84,971.4,Jaisalmer_Desert,26.9157,70.9083
2023-06-17T13:00,28,80,971.1,Jaisalmer_Desert,26.9157,70.9083
2023-06-17T14:00,28.6,77,970.5,Jaisalmer_Desert,26.9157,70.9083
2023-06-17T15:00,28.8,75,970.3,Jaisalmer_Desert,26.9157,70.9083
2023-06-17T16:00,28.9,75,970.3,Jaisalmer_Desert,26.9157,70.9083
2023-06-17T17:00,29.7,71,970,Jaisalmer_Desert,26.9157,70.9083
2023-06-17T18:00,29.1,76,970.6,Jaisalmer_Desert,26.9157,70.9083
2023-06-17T19:00,28.4,82,971.1,Jaisalmer_Desert,26.9157,70.9083
2023-06-17T20:00,27.8,86,971.9,Jaisalmer_Desert,26.9157,70.9083
2023-06-17T21:00,27.2,86,972.3,Jaisalmer_Desert,26.9157,70.9083
2023-06-17T22:00,26.8,88,972.8,Jaisalmer_Desert,26.9157,70.9083
2023-06-17T23:00,26.5,89,972.7,Jaisalmer_Desert,26.9157,70.9083
2023-06-18T00:00,26.1,90,972.6,Jaisalmer_Desert,26.9157,70.9083
2023-06-18T01:00,25.9,91,972.1,Jaisalmer_Desert,26.9157,70.9083
2023-06-18T02:00,25.7,93,972,Jaisalmer_Desert,26.9157,70.9083
2023-06-18T03:00,25.3,94,972.4,Jaisalmer_Desert,26.9157,70.9083
2023-06-18T04:00,25,95,972.8,Jaisalmer_Desert,26.9157,70.9083
2023-06-18T05:00,25.6,94,972.8,Jaisalmer_Desert,26.9157,70.9083
2023-06-18T06:00,26.1,92,973.3,Jaisalmer_Desert,26.9157,70.9083
2023-06-18T07:00,26.9,90,973.9,Jaisalmer_Desert,26.9157,70.9083
2023-06-18T08:00,28.1,85,974.4,Jaisalmer_Desert,26.9157,70.9083
2023-06-18T09:00,29.8,79,974.6,Jaisalmer_Desert,26.9157,70.9083
2023-06-18T10:00,31.3,72,975.1,Jaisalmer_Desert,26.9157,70.9083
2023-06-18T11:00,32.6,66,974.9,Jaisalmer_Desert,26.9157,70.9083
2023-06-18T12:00,33.6,62,974.6,Jaisalmer_Desert,26.9157,70.9083
2023-06-18T13:00,34.7,54,973.7,Jaisalmer_Desert,26.9157,70.9083
2023-06-18T14:00,35.5,49,972.8,Jaisalmer_Desert,26.9157,70.9083
2023-06-18T15:00,36,46,972.2,Jaisalmer_Desert,26.9157,70.9083
2023-06-18T16:00,36.2,45,972,Jaisalmer_Desert,26.9157,70.9083
2023-06-18T17:00,36.5,41,971.7,Jaisalmer_Desert,26.9157,70.9083
2023-06-18T18:00,35.2,51,971.8,Jaisalmer_Desert,26.9157,70.9083
2023-06-18T19:00,31.6,75,972,Jaisalmer_Desert,26.9157,70.9083
2023-06-18T20:00,30.6,79,972.6,Jaisalmer_Desert,26.9157,70.9083
2023-06-18T21:00,29.5,82,973.6,Jaisalmer_Desert,26.9157,70.9083
2023-06-18T22:00,29.3,83,974.2,Jaisalmer_Desert,26.9157,70.9083
2023-06-18T23:00,28.9,84,974.4,Jaisalmer_Desert,26.9157,70.9083
2023-06-19T00:00,27.9,85,973.8,Jaisalmer_Desert,26.9157,70.9083
2023-06-19T01:00,27.2,84,973.2,Jaisalmer_Desert,26.9157,70.9083
2023-06-19T02:00,26.6,86,973.2,Jaisalmer_Desert,26.9157,70.9083
2023-06-19T03:00,26,88,973.5,Jaisalmer_Desert,26.9157,70.9083
2023-06-19T04:00,25.6,91,973.5,Jaisalmer_Desert,26.9157,70.9083
2023-06-19T05:00,25.9,91,973.4,Jaisalmer_Desert,26.9157,70.9083
2023-06-19T06:00,26,92,973.9,Jaisalmer_Desert,26.9157,70.9083
2023-06-19T07:00,27.1,87,974.8,Jaisalmer_Desert,26.9157,70.9083
2023-06-19T08:00,28.1,85,975.2,Jaisalmer_Desert,26.9157,70.9083
2023-06-19T09:00,29.4,79,975.1,Jaisalmer_Desert,26.9157,70.9083
2023-06-19T10:00,30.7,75,975.1,Jaisalmer_Desert,26.9157,70.9083
2023-06-19T11:00,31.8,71,974.9,Jaisalmer_Desert,26.9157,70.9083
2023-06-19T12:00,32.8,67,974.6,Jaisalmer_Desert,26.9157,70.9083
2023-06-19T13:00,33.6,64,973.8,Jaisalmer_Desert,26.9157,70.9083
2023-06-19T14:00,34.1,63,973.4,Jaisalmer_Desert,26.9157,70.9083
2023-06-19T15:00,34.3,62,972.9,Jaisalmer_Desert,26.9157,70.9083
2023-06-19T16:00,34.1,63,972.4,Jaisalmer_Desert,26.9157,70.9083
2023-06-19T17:00,34.5,56,972.3,Jaisalmer_Desert,26.9157,70.9083
2023-06-19T18:00,33.6,61,972.6,Jaisalmer_Desert,26.9157,70.9083
2023-06-19T19:00,32.2,67,972.5,Jaisalmer_Desert,26.9157,70.9083
2023-06-19T20:00,31.3,72,972.7,Jaisalmer_Desert,26.9157,70.9083
2023-06-19T21:00,30.2,76,972.9,Jaisalmer_Desert,26.9157,70.9083
2023-06-19T22:00,29.3,78,973.4,Jaisalmer_Desert,26.9157,70.9083
2023-06-19T23:00,28.4,81,973.2,Jaisalmer_Desert,26.9157,70.9083
2023-06-20T00:00,27.6,82,973.2,Jaisalmer_Desert,26.9157,70.9083
2023-06-20T01:00,27,84,972.6,Jaisalmer_Desert,26.9157,70.9083
2023-06-20T02:00,26.3,85,972.6,Jaisalmer_Desert,26.9157,70.9083
2023-06-20T03:00,25.8,87,972.7,Jaisalmer_Desert,26.9157,70.9083
2023-06-20T04:00,25.3,90,972.7,Jaisalmer_Desert,26.9157,70.9083
2023-06-20T05:00,26,90,972.9,Jaisalmer_Desert,26.9157,70.9083
2023-06-20T06:00,26,89,973.4,Jaisalmer_Desert,26.9157,70.9083
2023-06-20T07:00,26.8,85,974,Jaisalmer_Desert,26.9157,70.9083
2023-06-20T08:00,27.8,80,974.2,Jaisalmer_Desert,26.9157,70.9083
2023-06-20T09:00,29.1,74,974.6,Jaisalmer_Desert,26.9157,70.9083
2023-06-20T10:00,30.4,70,974.5,Jaisalmer_Desert,26.9157,70.9083
2023-06-20T11:00,31.8,65,974,Jaisalmer_Desert,26.9157,70.9083
2023-06-20T12:00,33.1,60,973.6,Jaisalmer_Desert,26.9157,70.9083
2023-06-20T13:00,34.1,56,972.9,Jaisalmer_Desert,26.9157,70.9083
2023-06-20T14:00,34.7,54,972.1,Jaisalmer_Desert,26.9157,70.9083
2023-06-20T15:00,35,53,971.6,Jaisalmer_Desert,26.9157,70.9083
2023-06-20T16:00,34.7,54,971.3,Jaisalmer_Desert,26.9157,70.9083
2023-06-20T17:00,34.1,51,971.9,Jaisalmer_Desert,26.9157,70.9083
2023-06-20T18:00,33.1,57,972.1,Jaisalmer_Desert,26.9157,70.9083
2023-06-20T19:00,31.6,64,972.5,Jaisalmer_Desert,26.9157,70.9083
2023-06-20T20:00,30.4,71,972.9,Jaisalmer_Desert,26.9157,70.9083
2023-06-20T21:00,29.6,74,973.6,Jaisalmer_Desert,26.9157,70.9083
2023-06-20T22:00,28.8,77,974,Jaisalmer_Desert,26.9157,70.9083
2023-06-20T23:00,28.2,78,974.2,Jaisalmer_Desert,26.9157,70.9083
2023-06-21T00:00,27.5,81,974.1,Jaisalmer_Desert,26.9157,70.9083
2023-06-21T01:00,26.7,83,974.1,Jaisalmer_Desert,26.9157,70.9083
2023-06-21T02:00,26.1,86,973.6,Jaisalmer_Desert,26.9157,70.9083
2023-06-21T03:00,25.5,89,973.6,Jaisalmer_Desert,26.9157,70.9083
2023-06-21T04:00,25.1,91,973.8,Jaisalmer_Desert,26.9157,70.9083
2023-06-21T05:00,25.6,91,974,Jaisalmer_Desert,26.9157,70.9083
2023-06-21T06:00,25.7,90,974.5,Jaisalmer_Desert,26.9157,70.9083
2023-06-21T07:00,26.5,85,974.8,Jaisalmer_Desert,26.9157,70.9083
2023-06-21T08:00,27.9,77,975,Jaisalmer_Desert,26.9157,70.9083
2023-06-21T09:00,29.5,70,975,Jaisalmer_Desert,26.9157,70.9083
2023-06-21T10:00,31.1,64,975,Jaisalmer_Desert,26.9157,70.9083
2023-06-21T11:00,32.5,59,974.8,Jaisalmer_Desert,26.9157,70.9083
2023-06-21T12:00,33.8,55,974.4,Jaisalmer_Desert,26.9157,70.9083
2023-06-21T13:00,34.8,52,973.9,Jaisalmer_Desert,26.9157,70.9083
2023-06-21T14:00,35.8,48,973.1,Jaisalmer_Desert,26.9157,70.9083
2023-06-21T15:00,36.1,47,972.5,Jaisalmer_Desert,26.9157,70.9083
2023-06-21T16:00,36,47,971.8,Jaisalmer_Desert,26.9157,70.9083
2023-06-21T17:00,36,44,972.4,Jaisalmer_Desert,26.9157,70.9083
2023-06-21T18:00,35,47,972.8,Jaisalmer_Desert,26.9157,70.9083
2023-06-21T19:00,33.8,53,973.2,Jaisalmer_Desert,26.9157,70.9083
2023-06-21T20:00,32.5,58,973.7,Jaisalmer_Desert,26.9157,70.9083
2023-06-21T21:00,31.7,61,974.1,Jaisalmer_Desert,26.9157,70.9083
2023-06-21T22:00,30.8,64,974.4,Jaisalmer_Desert,26.9157,70.9083
2023-06-21T23:00,29.7,69,974.8,Jaisalmer_Desert,26.9157,70.9083
2023-06-22T00:00,28.9,74,974.7,Jaisalmer_Desert,26.9157,70.9083
2023-06-22T01:00,28.2,79,974.3,Jaisalmer_Desert,26.9157,70.9083
2023-06-22T02:00,27.4,83,973.9,Jaisalmer_Desert,26.9157,70.9083
2023-06-22T03:00,26.9,87,974.3,Jaisalmer_Desert,26.9157,70.9083
2023-06-22T04:00,26.6,88,974.5,Jaisalmer_Desert,26.9157,70.9083
2023-06-22T05:00,27.1,88,975,Jaisalmer_Desert,26.9157,70.9083
2023-06-22T06:00,27.1,87,975.4,Jaisalmer_Desert,26.9157,70.9083
2023-06-22T07:00,27.7,82,976,Jaisalmer_Desert,26.9157,70.9083
2023-06-22T08:00,28.9,75,976.1,Jaisalmer_Desert,26.9157,70.9083
2023-06-22T09:00,30.6,66,976.3,Jaisalmer_Desert,26.9157,70.9083
2023-06-22T10:00,32.3,59,975.8,Jaisalmer_Desert,26.9157,70.9083
2023-06-22T11:00,34,52,975.3,Jaisalmer_Desert,26.9157,70.9083
2023-06-22T12:00,35.6,47,974.9,Jaisalmer_Desert,26.9157,70.9083
2023-06-22T13:00,36.8,42,974.1,Jaisalmer_Desert,26.9157,70.9083
2023-06-22T14:00,37.7,40,973.4,Jaisalmer_Desert,26.9157,70.9083
2023-06-22T15:00,38.2,38,972.8,Jaisalmer_Desert,26.9157,70.9083
2023-06-22T16:00,38.2,38,972.3,Jaisalmer_Desert,26.9157,70.9083
2023-06-22T17:00,37.7,40,972.6,Jaisalmer_Desert,26.9157,70.9083
2023-06-22T18:00,37.1,42,972.5,Jaisalmer_Desert,26.9157,70.9083
2023-06-22T19:00,35.6,47,973,Jaisalmer_Desert,26.9157,70.9083
2023-06-22T20:00,34.4,51,973.5,Jaisalmer_Desert,26.9157,70.9083
2023-06-22T21:00,33.6,53,973.4,Jaisalmer_Desert,26.9157,70.9083
2023-06-22T22:00,32.2,59,973.8,Jaisalmer_Desert,26.9157,70.9083
2023-06-22T23:00,30.8,63,974.3,Jaisalmer_Desert,26.9157,70.9083
2023-06-23T00:00,29.9,65,974.4,Jaisalmer_Desert,26.9157,70.9083
2023-06-23T01:00,29,69,974.2,Jaisalmer_Desert,26.9157,70.9083
2023-06-23T02:00,28.2,73,973.7,Jaisalmer_Desert,26.9157,70.9083
2023-06-23T03:00,27.4,77,973.7,Jaisalmer_Desert,26.9157,70.9083
2023-06-23T04:00,26.9,80,974.2,Jaisalmer_Desert,26.9157,70.9083
2023-06-23T05:00,27.6,78,974.3,Jaisalmer_Desert,26.9157,70.9083
2023-06-23T06:00,27.5,78,974.9,Jaisalmer_Desert,26.9157,70.9083
2023-06-23T07:00,27.9,76,975,Jaisalmer_Desert,26.9157,70.9083
2023-06-23T08:00,28.9,71,975.6,Jaisalmer_Desert,26.9157,70.9083
2023-06-23T09:00,30.7,62,975.9,Jaisalmer_Desert,26.9157,70.9083
2023-06-23T10:00,32.4,56,975.5,Jaisalmer_Desert,26.9157,70.9083
2023-06-23T11:00,34.3,49,975.1,Jaisalmer_Desert,26.9157,70.9083
2023-06-23T12:00,36,43,974.7,Jaisalmer_Desert,26.9157,70.9083
2023-06-23T13:00,37.3,39,974.1,Jaisalmer_Desert,26.9157,70.9083
2023-06-23T14:00,38.4,35,973.2,Jaisalmer_Desert,26.9157,70.9083
2023-06-23T15:00,38.8,33,972.4,Jaisalmer_Desert,26.9157,70.9083
2023-06-23T16:00,38.7,34,971.7,Jaisalmer_Desert,26.9157,70.9083
2023-06-23T17:00,38.3,35,972,Jaisalmer_Desert,26.9157,70.9083
2023-06-23T18:00,37.5,38,972.3,Jaisalmer_Desert,26.9157,70.9083
2023-06-23T19:00,36.3,42,972.5,Jaisalmer_Desert,26.9157,70.9083
2023-06-23T20:00,35.4,45,973,Jaisalmer_Desert,26.9157,70.9083
2023-06-23T21:00,34.2,50,973.4,Jaisalmer_Desert,26.9157,70.9083
2023-06-23T22:00,33.1,54,973.9,Jaisalmer_Desert,26.9157,70.9083
2023-06-23T23:00,32,58,974.1,Jaisalmer_Desert,26.9157,70.9083
2023-06-24T00:00,30.9,63,974.1,Jaisalmer_Desert,26.9157,70.9083
2023-06-24T01:00,29.4,70,973.5,Jaisalmer_Desert,26.9157,70.9083
2023-06-24T02:00,28.6,74,973,Jaisalmer_Desert,26.9157,70.9083
2023-06-24T03:00,27.9,77,972.9,Jaisalmer_Desert,26.9157,70.9083
2023-06-24T04:00,27.3,80,973.2,Jaisalmer_Desert,26.9157,70.9083
2023-06-24T05:00,27.7,79,973.3,Jaisalmer_Desert,26.9157,70.9083
2023-06-24T06:00,27.6,80,973.4,Jaisalmer_Desert,26.9157,70.9083
2023-06-24T07:00,28,78,973.8,Jaisalmer_Desert,26.9157,70.9083
2023-06-24T08:00,29.3,71,974.5,Jaisalmer_Desert,26.9157,70.9083
2023-06-24T09:00,30.8,65,974.7,Jaisalmer_Desert,26.9157,70.9083
2023-06-24T10:00,32.8,56,974.4,Jaisalmer_Desert,26.9157,70.9083
2023-06-24T11:00,34.7,50,974,Jaisalmer_Desert,26.9157,70.9083
2023-06-24T12:00,36.4,43,973.4,Jaisalmer_Desert,26.9157,70.9083
2023-06-24T13:00,37.7,39,972.8,Jaisalmer_Desert,26.9157,70.9083
2023-06-24T14:00,38.7,36,971.7,Jaisalmer_Desert,26.9157,70.9083
2023-06-24T15:00,39.5,32,970.7,Jaisalmer_Desert,26.9157,70.9083
2023-06-24T16:00,39.5,31,970.1,Jaisalmer_Desert,26.9157,70.9083
2023-06-24T17:00,39.6,31,970.4,Jaisalmer_Desert,26.9157,70.9083
2023-06-24T18:00,38.8,33,970.6,Jaisalmer_Desert,26.9157,70.9083
2023-06-24T19:00,38,35,971.1,Jaisalmer_Desert,26.9157,70.9083
2023-06-24T20:00,37.1,38,971.8,Jaisalmer_Desert,26.9157,70.9083
2023-06-24T21:00,35.9,42,972.7,Jaisalmer_Desert,26.9157,70.9083
2023-06-24T22:00,34.6,48,973,Jaisalmer_Desert,26.9157,70.9083
2023-06-24T23:00,33.6,52,973.1,Jaisalmer_Desert,26.9157,70.9083
2023-06-25T00:00,32.6,55,972.8,Jaisalmer_Desert,26.9157,70.9083
2023-06-25T01:00,31,65,972.4,Jaisalmer_Desert,26.9157,70.9083
2023-06-25T02:00,30,69,971.8,Jaisalmer_Desert,26.9157,70.9083
2023-06-25T03:00,29.3,74,971.8,Jaisalmer_Desert,26.9157,70.9083
2023-06-25T04:00,28.7,76,972.1,Jaisalmer_Desert,26.9157,70.9083
2023-06-25T05:00,29.2,76,972.5,Jaisalmer_Desert,26.9157,70.9083
2023-06-25T06:00,28.9,77,973.1,Jaisalmer_Desert,26.9157,70.9083
2023-06-25T07:00,29.3,75,973.5,Jaisalmer_Desert,26.9157,70.9083
2023-06-25T08:00,30.5,68,973.9,Jaisalmer_Desert,26.9157,70.9083
2023-06-25T09:00,32.2,61,974,Jaisalmer_Desert,26.9157,70.9083
2023-06-25T10:00,34.2,53,973.8,Jaisalmer_Desert,26.9157,70.9083
2023-06-25T11:00,36.1,46,973.5,Jaisalmer_Desert,26.9157,70.9083
2023-06-25T12:00,37.7,39,973.1,Jaisalmer_Desert,26.9157,70.9083
2023-06-25T13:00,39.1,34,972.4,Jaisalmer_Desert,26.9157,70.9083
2023-06-25T14:00,39.8,31,971.3,Jaisalmer_Desert,26.9157,70.9083
2023-06-25T15:00,40,31,970.6,Jaisalmer_Desert,26.9157,70.9083
2023-06-25T16:00,39.4,33,970.5,Jaisalmer_Desert,26.9157,70.9083
2023-06-25T17:00,38.8,34,970.4,Jaisalmer_Desert,26.9157,70.9083
2023-06-25T18:00,37.8,36,970.5,Jaisalmer_Desert,26.9157,70.9083
2023-06-25T19:00,36.8,38,971.2,Jaisalmer_Desert,26.9157,70.9083
2023-06-25T20:00,35.9,41,972,Jaisalmer_Desert,26.9157,70.9083
2023-06-25T21:00,33.8,51,973.4,Jaisalmer_Desert,26.9157,70.9083
2023-06-25T22:00,32.8,54,973.8,Jaisalmer_Desert,26.9157,70.9083
2023-06-25T23:00,32.1,58,973.7,Jaisalmer_Desert,26.9157,70.9083
2023-06-26T00:00,31.6,59,973.3,Jaisalmer_Desert,26.9157,70.9083
2023-06-26T01:00,31.4,59,973,Jaisalmer_Desert,26.9157,70.9083
2023-06-26T02:00,30.7,64,973,Jaisalmer_Desert,26.9157,70.9083
2023-06-26T03:00,29.7,69,973.1,Jaisalmer_Desert,26.9157,70.9083
2023-06-26T04:00,28.9,74,973.2,Jaisalmer_Desert,26.9157,70.9083
2023-06-26T05:00,28.9,75,972.8,Jaisalmer_Desert,26.9157,70.9083
2023-06-26T06:00,28.6,77,973.2,Jaisalmer_Desert,26.9157,70.9083
2023-06-26T07:00,29,76,973.9,Jaisalmer_Desert,26.9157,70.9083
2023-06-26T08:00,30,71,974.6,Jaisalmer_Desert,26.9157,70.9083
2023-06-26T09:00,31.6,62,974.7,Jaisalmer_Desert,26.9157,70.9083
2023-06-26T10:00,33.6,52,974.8,Jaisalmer_Desert,26.9157,70.9083
2023-06-26T11:00,35.3,45,974.7,Jaisalmer_Desert,26.9157,70.9083
2023-06-26T12:00,36.7,40,974.2,Jaisalmer_Desert,26.9157,70.9083
2023-06-26T13:00,37.8,37,973.5,Jaisalmer_Desert,26.9157,70.9083
2023-06-26T14:00,38.5,35,972.2,Jaisalmer_Desert,26.9157,70.9083
2023-06-26T15:00,38.7,34,971.2,Jaisalmer_Desert,26.9157,70.9083
2023-06-26T16:00,38.4,35,970.6,Jaisalmer_Desert,26.9157,70.9083
2023-06-26T17:00,38.3,34,971.2,Jaisalmer_Desert,26.9157,70.9083
2023-06-26T18:00,38,35,971.5,Jaisalmer_Desert,26.9157,70.9083
2023-06-26T19:00,37.1,36,972.2,Jaisalmer_Desert,26.9157,70.9083
2023-06-26T20:00,36.1,40,973.3,Jaisalmer_Desert,26.9157,70.9083
2023-06-26T21:00,35.7,41,974.1,Jaisalmer_Desert,26.9157,70.9083
2023-06-26T22:00,34.7,44,974.6,Jaisalmer_Desert,26.9157,70.9083
2023-06-26T23:00,33.7,47,974.6,Jaisalmer_Desert,26.9157,70.9083
2023-06-27T00:00,32.7,55,974.1,Jaisalmer_Desert,26.9157,70.9083
2023-06-27T01:00,31,64,973.7,Jaisalmer_Desert,26.9157,70.9083
2023-06-27T02:00,30.2,68,973.2,Jaisalmer_Desert,26.9157,70.9083
2023-06-27T03:00,29.6,71,973.2,Jaisalmer_Desert,26.9157,70.9083
2023-06-27T04:00,29,73,973.2,Jaisalmer_Desert,26.9157,70.9083
2023-06-27T05:00,29.7,71,973.7,Jaisalmer_Desert,26.9157,70.9083
2023-06-27T06:00,29.6,73,974,Jaisalmer_Desert,26.9157,70.9083
2023-06-27T07:00,30.2,69,974.6,Jaisalmer_Desert,26.9157,70.9083
2023-06-27T08:00,30.2,70,974.8,Jaisalmer_Desert,26.9157,70.9083
2023-06-27T09:00,31.1,67,975,Jaisalmer_Desert,26.9157,70.9083
2023-06-27T10:00,32.7,61,975.1,Jaisalmer_Desert,26.9157,70.9083
2023-06-27T11:00,34.2,55,975,Jaisalmer_Desert,26.9157,70.9083
2023-06-27T12:00,34.9,53,974.8,Jaisalmer_Desert,26.9157,70.9083
2023-06-27T13:00,35.3,51,973.9,Jaisalmer_Desert,26.9157,70.9083
2023-06-27T14:00,36.4,48,972.9,Jaisalmer_Desert,26.9157,70.9083
2023-06-27T15:00,37.1,45,972.1,Jaisalmer_Desert,26.9157,70.9083
2023-06-27T16:00,37.2,43,971.6,Jaisalmer_Desert,26.9157,70.9083
2023-06-27T17:00,30.8,69,972,Jaisalmer_Desert,26.9157,70.9083
2023-06-27T18:00,32.2,63,972.3,Jaisalmer_Desert,26.9157,70.9083
2023-06-27T19:00,32,64,972.7,Jaisalmer_Desert,26.9157,70.9083
2023-06-27T20:00,30.8,68,974.2,Jaisalmer_Desert,26.9157,70.9083
2023-06-27T21:00,29.7,72,974.9,Jaisalmer_Desert,26.9157,70.9083
2023-06-27T22:00,29.1,75,975.2,Jaisalmer_Desert,26.9157,70.9083
2023-06-27T23:00,29.1,77,975,Jaisalmer_Desert,26.9157,70.9083
2023-06-28T00:00,28.8,79,974.5,Jaisalmer_Desert,26.9157,70.9083
2023-06-28T01:00,28.5,82,974,Jaisalmer_Desert,26.9157,70.9083
2023-06-28T02:00,28.3,83,973.6,Jaisalmer_Desert,26.9157,70.9083
2023-06-28T03:00,28.1,85,973.4,Jaisalmer_Desert,26.9157,70.9083
2023-06-28T04:00,28.1,85,973.8,Jaisalmer_Desert,26.9157,70.9083
2023-06-28T05:00,27.9,87,974,Jaisalmer_Desert,26.9157,70.9083
2023-06-28T06:00,28,87,974.4,Jaisalmer_Desert,26.9157,70.9083
2023-06-28T07:00,28.6,84,975,Jaisalmer_Desert,26.9157,70.9083
2023-06-28T08:00,30,75,975.6,Jaisalmer_Desert,26.9157,70.9083
2023-06-28T09:00,32,65,975.6,Jaisalmer_Desert,26.9157,70.9083
2023-06-28T10:00,33.8,56,975.7,Jaisalmer_Desert,26.9157,70.9083
2023-06-28T11:00,35.2,51,975.8,Jaisalmer_Desert,26.9157,70.9083
2023-06-28T12:00,36,48,975.4,Jaisalmer_Desert,26.9157,70.9083
2023-06-28T13:00,37,45,974.5,Jaisalmer_Desert,26.9157,70.9083
2023-06-28T14:00,37.7,43,973.6,Jaisalmer_Desert,26.9157,70.9083
2023-06-28T15:00,37.9,42,973,Jaisalmer_Desert,26.9157,70.9083
2023-06-28T16:00,38.1,41,972.6,Jaisalmer_Desert,26.9157,70.9083
2023-06-28T17:00,36,46,972.7,Jaisalmer_Desert,26.9157,70.9083
2023-06-28T18:00,34.2,55,973.3,Jaisalmer_Desert,26.9157,70.9083
2023-06-28T19:00,33,61,973.3,Jaisalmer_Desert,26.9157,70.9083
2023-06-28T20:00,32.6,63,974.3,Jaisalmer_Desert,26.9157,70.9083
2023-06-28T21:00,31.6,67,974.6,Jaisalmer_Desert,26.9157,70.9083
2023-06-28T22:00,30.9,69,974.9,Jaisalmer_Desert,26.9157,70.9083
2023-06-28T23:00,30.4,72,975.2,Jaisalmer_Desert,26.9157,70.9083
2023-06-29T00:00,30.1,72,974.7,Jaisalmer_Desert,26.9157,70.9083
2023-06-29T01:00,30.3,72,974.3,Jaisalmer_Desert,26.9157,70.9083
2023-06-29T02:00,30,73,974.1,Jaisalmer_Desert,26.9157,70.9083
2023-06-29T03:00,30,72,973.9,Jaisalmer_Desert,26.9157,70.9083
2023-06-29T04:00,29.6,72,974.1,Jaisalmer_Desert,26.9157,70.9083
2023-06-29T05:00,29.1,77,974.2,Jaisalmer_Desert,26.9157,70.9083
2023-06-29T06:00,28.8,77,974.4,Jaisalmer_Desert,26.9157,70.9083
2023-06-29T07:00,29.5,74,974.8,Jaisalmer_Desert,26.9157,70.9083
2023-06-29T08:00,30.7,68,974.9,Jaisalmer_Desert,26.9157,70.9083
2023-06-29T09:00,32.4,61,975,Jaisalmer_Desert,26.9157,70.9083
2023-06-29T10:00,34.3,54,975.2,Jaisalmer_Desert,26.9157,70.9083
2023-06-29T11:00,35.9,48,974.9,Jaisalmer_Desert,26.9157,70.9083
2023-06-29T12:00,37,44,974.1,Jaisalmer_Desert,26.9157,70.9083
2023-06-29T13:00,38,41,973.3,Jaisalmer_Desert,26.9157,70.9083
2023-06-29T14:00,38.5,39,972.3,Jaisalmer_Desert,26.9157,70.9083
2023-06-29T15:00,38.7,38,971.4,Jaisalmer_Desert,26.9157,70.9083
2023-06-29T16:00,39,37,970.8,Jaisalmer_Desert,26.9157,70.9083
2023-06-29T17:00,31.1,69,971.8,Jaisalmer_Desert,26.9157,70.9083
2023-06-29T18:00,32.6,62,971.6,Jaisalmer_Desert,26.9157,70.9083
2023-06-29T19:00,33,60,971.7,Jaisalmer_Desert,26.9157,70.9083
2023-06-29T20:00,32.8,61,972.3,Jaisalmer_Desert,26.9157,70.9083
2023-06-29T21:00,30.3,71,973,Jaisalmer_Desert,26.9157,70.9083
2023-06-29T22:00,29.6,73,973.7,Jaisalmer_Desert,26.9157,70.9083
2023-06-29T23:00,29.1,74,973.9,Jaisalmer_Desert,26.9157,70.9083
2023-06-30T00:00,28.3,77,973.3,Jaisalmer_Desert,26.9157,70.9083
2023-06-30T01:00,28,78,972.7,Jaisalmer_Desert,26.9157,70.9083
2023-06-30T02:00,27.9,80,972.3,Jaisalmer_Desert,26.9157,70.9083
2023-06-30T03:00,27.6,83,972.2,Jaisalmer_Desert,26.9157,70.9083
2023-06-30T04:00,27.8,82,972.3,Jaisalmer_Desert,26.9157,70.9083
2023-06-30T05:00,28.1,81,972.1,Jaisalmer_Desert,26.9157,70.9083
2023-06-30T06:00,28,81,972.2,Jaisalmer_Desert,26.9157,70.9083
2023-06-30T07:00,28.6,79,973.1,Jaisalmer_Desert,26.9157,70.9083
2023-06-30T08:00,29.5,74,973.3,Jaisalmer_Desert,26.9157,70.9083
2023-06-30T09:00,31.5,66,973.5,Jaisalmer_Desert,26.9157,70.9083
2023-06-30T10:00,33.6,58,973.6,Jaisalmer_Desert,26.9157,70.9083
2023-06-30T11:00,34.7,55,973.5,Jaisalmer_Desert,26.9157,70.9083
2023-06-30T12:00,36.4,49,973.2,Jaisalmer_Desert,26.9157,70.9083
2023-06-30T13:00,37.8,42,972.4,Jaisalmer_Desert,26.9157,70.9083
2023-06-30T14:00,38.9,37,971.2,Jaisalmer_Desert,26.9157,70.9083
2023-06-30T15:00,39.4,35,970.2,Jaisalmer_Desert,26.9157,70.9083
2023-06-30T16:00,39.4,34,969.7,Jaisalmer_Desert,26.9157,70.9083
2023-06-30T17:00,38.4,41,969.3,Jaisalmer_Desert,26.9157,70.9083
2023-06-30T18:00,36.9,44,969.8,Jaisalmer_Desert,26.9157,70.9083
2023-06-30T19:00,35.8,47,970.2,Jaisalmer_Desert,26.9157,70.9083
2023-06-30T20:00,32.5,58,971.3,Jaisalmer_Desert,26.9157,70.9083
2023-06-30T21:00,32,64,971.5,Jaisalmer_Desert,26.9157,70.9083
2023-06-30T22:00,30.9,68,973.4,Jaisalmer_Desert,26.9157,70.9083
2023-06-30T23:00,29.6,75,973,Jaisalmer_Desert,26.9157,70.9083
2023-07-01T00:00,28.7,76,972.3,Jaisalmer_Desert,26.9157,70.9083
2023-07-01T01:00,29.4,76,972.5,Jaisalmer_Desert,26.9157,70.9083
2023-07-01T02:00,29.1,77,971.9,Jaisalmer_Desert,26.9157,70.9083
2023-07-01T03:00,28.6,78,971.8,Jaisalmer_Desert,26.9157,70.9083
2023-07-01T04:00,28,80,972.2,Jaisalmer_Desert,26.9157,70.9083
2023-07-01T05:00,28.9,76,972,Jaisalmer_Desert,26.9157,70.9083
2023-07-01T06:00,28.4,80,972.5,Jaisalmer_Desert,26.9157,70.9083
2023-07-01T07:00,28.8,78,973.2,Jaisalmer_Desert,26.9157,70.9083
2023-07-01T08:00,29.9,73,973.8,Jaisalmer_Desert,26.9157,70.9083
2023-07-01T09:00,31.4,66,974.4,Jaisalmer_Desert,26.9157,70.9083
2023-07-01T10:00,33.1,59,974.6,Jaisalmer_Desert,26.9157,70.9083
2023-07-01T11:00,34.6,53,974.6,Jaisalmer_Desert,26.9157,70.9083
2023-07-01T12:00,36.2,47,974.1,Jaisalmer_Desert,26.9157,70.9083
2023-07-01T13:00,37.4,42,973.2,Jaisalmer_Desert,26.9157,70.9083
2023-07-01T14:00,38.4,39,972.1,Jaisalmer_Desert,26.9157,70.9083
2023-07-01T15:00,39.1,36,972.1,Jaisalmer_Desert,26.9157,70.9083
2023-07-01T16:00,39.1,35,972.2,Jaisalmer_Desert,26.9157,70.9083
2023-07-01T17:00,38.3,38,971.7,Jaisalmer_Desert,26.9157,70.9083
2023-07-01T18:00,37.7,39,972.1,Jaisalmer_Desert,26.9157,70.9083
2023-07-01T19:00,37.2,40,972.6,Jaisalmer_Desert,26.9157,70.9083
2023-07-01T20:00,36.3,42,973.1,Jaisalmer_Desert,26.9157,70.9083
2023-07-01T21:00,35.2,46,974.1,Jaisalmer_Desert,26.9157,70.9083
2023-07-01T22:00,34.1,51,974.7,Jaisalmer_Desert,26.9157,70.9083
2023-07-01T23:00,32.1,63,974.9,Jaisalmer_Desert,26.9157,70.9083
2023-07-02T00:00,30.6,72,974.8,Jaisalmer_Desert,26.9157,70.9083
2023-07-02T01:00,30,75,974.7,Jaisalmer_Desert,26.9157,70.9083
2023-07-02T02:00,29.6,74,974.3,Jaisalmer_Desert,26.9157,70.9083
2023-07-02T03:00,29.9,71,974.3,Jaisalmer_Desert,26.9157,70.9083
2023-07-02T04:00,29.7,70,974.5,Jaisalmer_Desert,26.9157,70.9083
2023-07-02T05:00,29.4,75,974.6,Jaisalmer_Desert,26.9157,70.9083
2023-07-02T06:00,29,78,975.2,Jaisalmer_Desert,26.9157,70.9083
2023-07-02T07:00,29.2,77,975.9,Jaisalmer_Desert,26.9157,70.9083
2023-07-02T08:00,30.3,72,976.2,Jaisalmer_Desert,26.9157,70.9083
2023-07-02T09:00,31.9,65,976.3,Jaisalmer_Desert,26.9157,70.9083
2023-07-02T10:00,33.5,57,976.4,Jaisalmer_Desert,26.9157,70.9083
2023-07-02T11:00,35.3,49,975.8,Jaisalmer_Desert,26.9157,70.9083
2023-07-02T12:00,36.7,43,974.9,Jaisalmer_Desert,26.9157,70.9083
2023-07-02T13:00,37.8,39,974,Jaisalmer_Desert,26.9157,70.9083
2023-07-02T14:00,38.7,36,973.3,Jaisalmer_Desert,26.9157,70.9083
2023-07-02T15:00,39.1,34,972.8,Jaisalmer_Desert,26.9157,70.9083
2023-07-02T16:00,39.2,34,972.5,Jaisalmer_Desert,26.9157,70.9083
2023-07-02T17:00,38.1,36,972.9,Jaisalmer_Desert,26.9157,70.9083
2023-07-02T18:00,37.7,37,973.2,Jaisalmer_Desert,26.9157,70.9083
2023-07-02T19:00,37.1,38,973.6,Jaisalmer_Desert,26.9157,70.9083
2023-07-02T20:00,36.4,41,973.8,Jaisalmer_Desert,26.9157,70.9083
2023-07-02T21:00,35.5,43,974.1,Jaisalmer_Desert,26.9157,70.9083
2023-07-02T22:00,35,44,974.3,Jaisalmer_Desert,26.9157,70.9083
2023-07-02T23:00,33.9,48,974.3,Jaisalmer_Desert,26.9157,70.9083
2023-07-03T00:00,32.9,53,974.2,Jaisalmer_Desert,26.9157,70.9083
2023-07-03T01:00,32.4,55,974.1,Jaisalmer_Desert,26.9157,70.9083
2023-07-03T02:00,31.6,60,974.3,Jaisalmer_Desert,26.9157,70.9083
2023-07-03T03:00,31,63,974.6,Jaisalmer_Desert,26.9157,70.9083
2023-07-03T04:00,30.5,66,974.9,Jaisalmer_Desert,26.9157,70.9083
2023-07-03T05:00,30.1,67,974.6,Jaisalmer_Desert,26.9157,70.9083
2023-07-03T06:00,29.8,69,974.9,Jaisalmer_Desert,26.9157,70.9083
2023-07-03T07:00,30.4,67,975.4,Jaisalmer_Desert,26.9157,70.9083
2023-07-03T08:00,31.6,62,975.8,Jaisalmer_Desert,26.9157,70.9083
2023-07-03T09:00,33.3,54,975.8,Jaisalmer_Desert,26.9157,70.9083
2023-07-03T10:00,35,47,975.7,Jaisalmer_Desert,26.9157,70.9083
2023-07-03T11:00,36.7,41,975.1,Jaisalmer_Desert,26.9157,70.9083
2023-07-03T12:00,38,37,974.5,Jaisalmer_Desert,26.9157,70.9083
2023-07-03T13:00,39.1,33,973.9,Jaisalmer_Desert,26.9157,70.9083
2023-07-03T14:00,39.9,30,972.9,Jaisalmer_Desert,26.9157,70.9083
2023-07-03T15:00,40.4,29,972.5,Jaisalmer_Desert,26.9157,70.9083
2023-07-03T16:00,40.5,29,971.7,Jaisalmer_Desert,26.9157,70.9083
2023-07-03T17:00,39.3,32,972.1,Jaisalmer_Desert,26.9157,70.9083
2023-07-03T18:00,38.7,33,971.9,Jaisalmer_Desert,26.9157,70.9083
2023-07-03T19:00,37.6,35,971.9,Jaisalmer_Desert,26.9157,70.9083
2023-07-03T20:00,36.5,39,972.2,Jaisalmer_Desert,26.9157,70.9083
2023-07-03T21:00,35.6,42,972.9,Jaisalmer_Desert,26.9157,70.9083
2023-07-03T22:00,34.8,44,973.3,Jaisalmer_Desert,26.9157,70.9083
2023-07-03T23:00,33.4,52,973.2,Jaisalmer_Desert,26.9157,70.9083
2023-07-04T00:00,33.3,49,973,Jaisalmer_Desert,26.9157,70.9083
2023-07-04T01:00,33,49,972.6,Jaisalmer_Desert,26.9157,70.9083
2023-07-04T02:00,32.1,55,972.6,Jaisalmer_Desert,26.9157,70.9083
2023-07-04T03:00,31.2,61,973.1,Jaisalmer_Desert,26.9157,70.9083
2023-07-04T04:00,30.5,66,972.7,Jaisalmer_Desert,26.9157,70.9083
2023-07-04T05:00,30.5,68,972.6,Jaisalmer_Desert,26.9157,70.9083
2023-07-04T06:00,30.1,71,972.5,Jaisalmer_Desert,26.9157,70.9083
2023-07-04T07:00,30.2,69,972.6,Jaisalmer_Desert,26.9157,70.9083
2023-07-04T08:00,31.3,63,973,Jaisalmer_Desert,26.9157,70.9083
2023-07-04T09:00,33.2,53,973.2,Jaisalmer_Desert,26.9157,70.9083
2023-07-04T10:00,35.2,46,973.2,Jaisalmer_Desert,26.9157,70.9083
2023-07-04T11:00,37,39,972.8,Jaisalmer_Desert,26.9157,70.9083
2023-07-04T12:00,38.4,35,972.2,Jaisalmer_Desert,26.9157,70.9083
2023-07-04T13:00,39.4,33,971.4,Jaisalmer_Desert,26.9157,70.9083
2023-07-04T14:00,40.1,31,970.4,Jaisalmer_Desert,26.9157,70.9083
2023-07-04T15:00,40.4,30,969.5,Jaisalmer_Desert,26.9157,70.9083
2023-07-04T16:00,40.5,30,968.5,Jaisalmer_Desert,26.9157,70.9083
2023-07-04T17:00,39.8,31,968.7,Jaisalmer_Desert,26.9157,70.9083
2023-07-04T18:00,38.9,34,968.4,Jaisalmer_Desert,26.9157,70.9083
2023-07-04T19:00,38.1,36,968.4,Jaisalmer_Desert,26.9157,70.9083
2023-07-04T20:00,37.1,39,969,Jaisalmer_Desert,26.9157,70.9083
2023-07-04T21:00,36.6,40,969.7,Jaisalmer_Desert,26.9157,70.9083
2023-07-04T22:00,35.8,43,969.9,Jaisalmer_Desert,26.9157,70.9083
2023-07-04T23:00,34.7,47,969.7,Jaisalmer_Desert,26.9157,70.9083
2023-07-05T00:00,33.6,51,969.7,Jaisalmer_Desert,26.9157,70.9083
2023-07-05T01:00,32.3,56,969.9,Jaisalmer_Desert,26.9157,70.9083
2023-07-05T02:00,30.9,61,969.8,Jaisalmer_Desert,26.9157,70.9083
2023-07-05T03:00,30,64,970.4,Jaisalmer_Desert,26.9157,70.9083
2023-07-05T04:00,29.1,67,970.1,Jaisalmer_Desert,26.9157,70.9083
2023-07-05T05:00,28.8,68,970.3,Jaisalmer_Desert,26.9157,70.9083
2023-07-05T06:00,28.4,71,970.2,Jaisalmer_Desert,26.9157,70.9083
2023-07-05T07:00,28.8,70,970.6,Jaisalmer_Desert,26.9157,70.9083
2023-07-05T08:00,29.8,67,971.2,Jaisalmer_Desert,26.9157,70.9083
2023-07-05T09:00,31.4,61,971.2,Jaisalmer_Desert,26.9157,70.9083
2023-07-05T10:00,33.3,54,970.9,Jaisalmer_Desert,26.9157,70.9083
2023-07-05T11:00,35.2,47,970.9,Jaisalmer_Desert,26.9157,70.9083
2023-07-05T12:00,36.8,42,970.5,Jaisalmer_Desert,26.9157,70.9083
2023-07-05T13:00,38.1,38,969.7,Jaisalmer_Desert,26.9157,70.9083
2023-07-05T14:00,38.9,35,968.8,Jaisalmer_Desert,26.9157,70.9083
2023-07-05T15:00,39.4,34,968.2,Jaisalmer_Desert,26.9157,70.9083
2023-07-05T16:00,39.6,33,967.4,Jaisalmer_Desert,26.9157,70.9083
2023-07-05T17:00,38.3,37,968,Jaisalmer_Desert,26.9157,70.9083
2023-07-05T18:00,37.9,38,968.3,Jaisalmer_Desert,26.9157,70.9083
2023-07-05T19:00,37.3,40,969.1,Jaisalmer_Desert,26.9157,70.9083
2023-07-05T20:00,36.9,41,969.9,Jaisalmer_Desert,26.9157,70.9083
2023-07-05T21:00,36.4,42,970.5,Jaisalmer_Desert,26.9157,70.9083
2023-07-05T22:00,35.9,43,971,Jaisalmer_Desert,26.9157,70.9083
2023-07-05T23:00,35.3,45,971.1,Jaisalmer_Desert,26.9157,70.9083
2023-07-06T00:00,34.3,49,971.5,Jaisalmer_Desert,26.9157,70.9083
2023-07-06T01:00,33.9,50,971.8,Jaisalmer_Desert,26.9157,70.9083
2023-07-06T02:00,32.9,55,971.6,Jaisalmer_Desert,26.9157,70.9083
2023-07-06T03:00,31.3,61,971.5,Jaisalmer_Desert,26.9157,70.9083
2023-07-06T04:00,30.4,64,971.6,Jaisalmer_Desert,26.9157,70.9083
2023-07-06T05:00,30.2,66,971.9,Jaisalmer_Desert,26.9157,70.9083
2023-07-06T06:00,30,67,972.8,Jaisalmer_Desert,26.9157,70.9083
2023-07-06T07:00,30.3,66,973.7,Jaisalmer_Desert,26.9157,70.9083
2023-07-06T08:00,31.2,62,973.9,Jaisalmer_Desert,26.9157,70.9083
2023-07-06T09:00,32.6,57,973.9,Jaisalmer_Desert,26.9157,70.9083
2023-07-06T10:00,34,52,974.2,Jaisalmer_Desert,26.9157,70.9083
2023-07-06T11:00,35.3,48,974.2,Jaisalmer_Desert,26.9157,70.9083
2023-07-06T12:00,36.4,44,973.8,Jaisalmer_Desert,26.9157,70.9083
2023-07-06T13:00,37.6,40,973,Jaisalmer_Desert,26.9157,70.9083
2023-07-06T14:00,38.8,37,972.4,Jaisalmer_Desert,26.9157,70.9083
2023-07-06T15:00,39.3,35,971.4,Jaisalmer_Desert,26.9157,70.9083
2023-07-06T16:00,39.2,34,970.6,Jaisalmer_Desert,26.9157,70.9083
2023-07-06T17:00,38.2,35,971,Jaisalmer_Desert,26.9157,70.9083
2023-07-06T18:00,38.1,35,971,Jaisalmer_Desert,26.9157,70.9083
2023-07-06T19:00,37.8,36,972.1,Jaisalmer_Desert,26.9157,70.9083
2023-07-06T20:00,35.7,40,973.1,Jaisalmer_Desert,26.9157,70.9083
2023-07-06T21:00,33.4,48,974.1,Jaisalmer_Desert,26.9157,70.9083
2023-07-06T22:00,33,50,974.7,Jaisalmer_Desert,26.9157,70.9083
2023-07-06T23:00,30.8,60,974.3,Jaisalmer_Desert,26.9157,70.9083
2023-07-07T00:00,30.6,62,974.2,Jaisalmer_Desert,26.9157,70.9083
2023-07-07T01:00,30,65,973.8,Jaisalmer_Desert,26.9157,70.9083
2023-07-07T02:00,29.3,70,973.4,Jaisalmer_Desert,26.9157,70.9083
2023-07-07T03:00,29,72,973.5,Jaisalmer_Desert,26.9157,70.9083
2023-07-07T04:00,28.9,75,973.5,Jaisalmer_Desert,26.9157,70.9083
2023-07-07T05:00,28.9,80,973.7,Jaisalmer_Desert,26.9157,70.9083
2023-07-07T06:00,28.3,83,974,Jaisalmer_Desert,26.9157,70.9083
2023-07-07T07:00,28.8,80,974.8,Jaisalmer_Desert,26.9157,70.9083
2023-07-07T08:00,29.3,74,975.5,Jaisalmer_Desert,26.9157,70.9083
2023-07-07T09:00,30.2,68,975.1,Jaisalmer_Desert,26.9157,70.9083
2023-07-07T10:00,31.8,61,975,Jaisalmer_Desert,26.9157,70.9083
2023-07-07T11:00,31.8,61,974.9,Jaisalmer_Desert,26.9157,70.9083
2023-07-07T12:00,33.3,56,974.5,Jaisalmer_Desert,26.9157,70.9083
2023-07-07T13:00,33.5,56,973.8,Jaisalmer_Desert,26.9157,70.9083
2023-07-07T14:00,32.7,59,972.7,Jaisalmer_Desert,26.9157,70.9083
2023-07-07T15:00,34.3,52,972,Jaisalmer_Desert,26.9157,70.9083
2023-07-07T16:00,34.9,50,971.4,Jaisalmer_Desert,26.9157,70.9083
2023-07-07T17:00,30.8,73,972.1,Jaisalmer_Desert,26.9157,70.9083
2023-07-07T18:00,30.9,72,972.5,Jaisalmer_Desert,26.9157,70.9083
2023-07-07T19:00,31,72,973.3,Jaisalmer_Desert,26.9157,70.9083
2023-07-07T20:00,30.7,73,974,Jaisalmer_Desert,26.9157,70.9083
2023-07-07T21:00,29.1,76,975,Jaisalmer_Desert,26.9157,70.9083
2023-07-07T22:00,28.3,81,975.5,Jaisalmer_Desert,26.9157,70.9083
2023-07-07T23:00,28.2,85,974.9,Jaisalmer_Desert,26.9157,70.9083
2023-07-08T00:00,28,86,975.1,Jaisalmer_Desert,26.9157,70.9083
2023-07-08T01:00,27.5,85,974.2,Jaisalmer_Desert,26.9157,70.9083
2023-07-08T02:00,27.3,84,973.4,Jaisalmer_Desert,26.9157,70.9083
2023-07-08T03:00,27.1,85,972.9,Jaisalmer_Desert,26.9157,70.9083
2023-07-08T04:00,26.9,87,973.1,Jaisalmer_Desert,26.9157,70.9083
2023-07-08T05:00,28,90,973.2,Jaisalmer_Desert,26.9157,70.9083
2023-07-08T06:00,26.2,94,974,Jaisalmer_Desert,26.9157,70.9083
2023-07-08T07:00,25.7,94,974.8,Jaisalmer_Desert,26.9157,70.9083
2023-07-08T08:00,25.9,90,975.1,Jaisalmer_Desert,26.9157,70.9083
2023-07-08T09:00,27.3,85,975.2,Jaisalmer_Desert,26.9157,70.9083
2023-07-08T10:00,28.4,81,975.1,Jaisalmer_Desert,26.9157,70.9083
2023-07-08T11:00,29.2,79,975,Jaisalmer_Desert,26.9157,70.9083
2023-07-08T12:00,29.8,76,974.3,Jaisalmer_Desert,26.9157,70.9083
2023-07-08T13:00,30.4,74,973.5,Jaisalmer_Desert,26.9157,70.9083
2023-07-08T14:00,30.8,73,972.8,Jaisalmer_Desert,26.9157,70.9083
2023-07-08T15:00,30.1,77,972.4,Jaisalmer_Desert,26.9157,70.9083
2023-07-08T16:00,28.1,84,971.9,Jaisalmer_Desert,26.9157,70.9083
2023-07-08T17:00,31.6,68,972,Jaisalmer_Desert,26.9157,70.9083
2023-07-08T18:00,28.5,82,972.6,Jaisalmer_Desert,26.9157,70.9083
2023-07-08T19:00,28.5,82,973,Jaisalmer_Desert,26.9157,70.9083
2023-07-08T20:00,28.4,84,973.7,Jaisalmer_Desert,26.9157,70.9083
2023-07-08T21:00,28.4,86,974.5,Jaisalmer_Desert,26.9157,70.9083
2023-07-08T22:00,28.4,87,974.5,Jaisalmer_Desert,26.9157,70.9083
2023-07-08T23:00,28.3,88,974.3,Jaisalmer_Desert,26.9157,70.9083
2023-07-09T00:00,27.9,90,973.7,Jaisalmer_Desert,26.9157,70.9083
2023-07-09T01:00,27.6,91,973.4,Jaisalmer_Desert,26.9157,70.9083
2023-07-09T02:00,27.4,93,972.8,Jaisalmer_Desert,26.9157,70.9083
2023-07-09T03:00,27.1,93,972.6,Jaisalmer_Desert,26.9157,70.9083
2023-07-09T04:00,26.8,94,972.7,Jaisalmer_Desert,26.9157,70.9083
2023-07-09T05:00,26.8,92,973.5,Jaisalmer_Desert,26.9157,70.9083
2023-07-09T06:00,26.6,89,973.6,Jaisalmer_Desert,26.9157,70.9083
2023-07-09T07:00,27,87,973.8,Jaisalmer_Desert,26.9157,70.9083
2023-07-09T08:00,28.1,83,974.3,Jaisalmer_Desert,26.9157,70.9083
2023-07-09T09:00,29.3,80,974.8,Jaisalmer_Desert,26.9157,70.9083
2023-07-09T10:00,30.5,76,975.1,Jaisalmer_Desert,26.9157,70.9083
2023-07-09T11:00,31.2,72,974.8,Jaisalmer_Desert,26.9157,70.9083
2023-07-09T12:00,31.9,69,974.4,Jaisalmer_Desert,26.9157,70.9083
2023-07-09T13:00,32.7,64,974,Jaisalmer_Desert,26.9157,70.9083
2023-07-09T14:00,33.7,57,973.4,Jaisalmer_Desert,26.9157,70.9083
2023-07-09T15:00,34,54,972.5,Jaisalmer_Desert,26.9157,70.9083
2023-07-09T16:00,33.9,53,972.1,Jaisalmer_Desert,26.9157,70.9083
2023-07-09T17:00,34.2,52,972.4,Jaisalmer_Desert,26.9157,70.9083
2023-07-09T18:00,32.9,63,972.6,Jaisalmer_Desert,26.9157,70.9083
2023-07-09T19:00,31.7,71,973.3,Jaisalmer_Desert,26.9157,70.9083
2023-07-09T20:00,31.4,73,973.6,Jaisalmer_Desert,26.9157,70.9083
2023-07-09T21:00,30.4,73,974,Jaisalmer_Desert,26.9157,70.9083
2023-07-09T22:00,28.3,87,974.4,Jaisalmer_Desert,26.9157,70.9083
2023-07-09T23:00,28,88,974.5,Jaisalmer_Desert,26.9157,70.9083
2023-07-10T00:00,27.6,90,974.3,Jaisalmer_Desert,26.9157,70.9083
2023-07-10T01:00,27.3,93,974.2,Jaisalmer_Desert,26.9157,70.9083
2023-07-10T02:00,27.1,95,973.7,Jaisalmer_Desert,26.9157,70.9083
2023-07-10T03:00,27,94,973.6,Jaisalmer_Desert,26.9157,70.9083
2023-07-10T04:00,26.8,93,973.7,Jaisalmer_Desert,26.9157,70.9083
2023-07-10T05:00,27,93,973.8,Jaisalmer_Desert,26.9157,70.9083
2023-07-10T06:00,27.2,92,974.3,Jaisalmer_Desert,26.9157,70.9083
2023-07-10T07:00,28,91,975,Jaisalmer_Desert,26.9157,70.9083
2023-07-10T08:00,29.3,85,975.6,Jaisalmer_Desert,26.9157,70.9083
2023-07-10T09:00,30.6,79,975.9,Jaisalmer_Desert,26.9157,70.9083
2023-07-10T10:00,31.9,72,976,Jaisalmer_Desert,26.9157,70.9083
2023-07-10T11:00,33.1,62,975.8,Jaisalmer_Desert,26.9157,70.9083
2023-07-10T12:00,34.1,55,975.3,Jaisalmer_Desert,26.9157,70.9083
2023-07-10T13:00,34.8,52,974.8,Jaisalmer_Desert,26.9157,70.9083
2023-07-10T14:00,35.2,49,974.2,Jaisalmer_Desert,26.9157,70.9083
2023-07-10T15:00,35.5,47,973.5,Jaisalmer_Desert,26.9157,70.9083
2023-07-10T16:00,35.5,47,972.8,Jaisalmer_Desert,26.9157,70.9083
2023-07-10T17:00,35.8,46,972.9,Jaisalmer_Desert,26.9157,70.9083
2023-07-10T18:00,34.5,58,973.4,Jaisalmer_Desert,26.9157,70.9083
2023-07-10T19:00,32.9,66,973.5,Jaisalmer_Desert,26.9157,70.9083
2023-07-10T20:00,31.5,66,973.7,Jaisalmer_Desert,26.9157,70.9083
2023-07-10T21:00,30.7,69,974.1,Jaisalmer_Desert,26.9157,70.9083
2023-07-10T22:00,30.1,69,974.7,Jaisalmer_Desert,26.9157,70.9083
2023-07-10T23:00,30,76,974.8,Jaisalmer_Desert,26.9157,70.9083
2023-07-11T00:00,29.5,80,974.8,Jaisalmer_Desert,26.9157,70.9083
2023-07-11T01:00,29.1,83,974.6,Jaisalmer_Desert,26.9157,70.9083
2023-07-11T02:00,28.8,84,974.3,Jaisalmer_Desert,26.9157,70.9083
2023-07-11T03:00,28.3,81,974.3,Jaisalmer_Desert,26.9157,70.9083
2023-07-11T04:00,27.5,81,974.2,Jaisalmer_Desert,26.9157,70.9083
2023-07-11T05:00,27.6,81,974.4,Jaisalmer_Desert,26.9157,70.9083
2023-07-11T06:00,27.5,81,974.9,Jaisalmer_Desert,26.9157,70.9083
2023-07-11T07:00,27.9,81,975.5,Jaisalmer_Desert,26.9157,70.9083
2023-07-11T08:00,28.9,76,976,Jaisalmer_Desert,26.9157,70.9083
2023-07-11T09:00,30.5,71,976.4,Jaisalmer_Desert,26.9157,70.9083
2023-07-11T10:00,32.1,66,976.7,Jaisalmer_Desert,26.9157,70.9083
2023-07-11T11:00,33.7,60,976.5,Jaisalmer_Desert,26.9157,70.9083
2023-07-11T12:00,35.1,54,976.1,Jaisalmer_Desert,26.9157,70.9083
2023-07-11T13:00,36.4,48,975.3,Jaisalmer_Desert,26.9157,70.9083
2023-07-11T14:00,37.3,42,974.4,Jaisalmer_Desert,26.9157,70.9083
2023-07-11T15:00,37.7,39,973.6,Jaisalmer_Desert,26.9157,70.9083
2023-07-11T16:00,37.9,37,973,Jaisalmer_Desert,26.9157,70.9083
2023-07-11T17:00,37.6,38,973.1,Jaisalmer_Desert,26.9157,70.9083
2023-07-11T18:00,35.7,50,973,Jaisalmer_Desert,26.9157,70.9083
2023-07-11T19:00,33.1,53,973.3,Jaisalmer_Desert,26.9157,70.9083
2023-07-11T20:00,32,59,973.8,Jaisalmer_Desert,26.9157,70.9083
2023-07-11T21:00,31.3,61,974,Jaisalmer_Desert,26.9157,70.9083
2023-07-11T22:00,30.9,63,974.5,Jaisalmer_Desert,26.9157,70.9083
2023-07-11T23:00,30.6,65,974.8,Jaisalmer_Desert,26.9157,70.9083
2023-07-12T00:00,30.1,68,974.4,Jaisalmer_Desert,26.9157,70.9083
2023-07-12T01:00,29.3,71,973.7,Jaisalmer_Desert,26.9157,70.9083
2023-07-12T02:00,28.3,73,973.1,Jaisalmer_Desert,26.9157,70.9083
2023-07-12T03:00,27.3,76,973.3,Jaisalmer_Desert,26.9157,70.9083
2023-07-12T04:00,26.5,79,973.8,Jaisalmer_Desert,26.9157,70.9083
2023-07-12T05:00,26.9,79,973.7,Jaisalmer_Desert,26.9157,70.9083
2023-07-12T06:00,26.8,80,974.2,Jaisalmer_Desert,26.9157,70.9083
2023-07-12T07:00,27.3,79,974.8,Jaisalmer_Desert,26.9157,70.9083
2023-07-12T08:00,28.4,74,975,Jaisalmer_Desert,26.9157,70.9083
2023-07-12T09:00,30.3,66,975.2,Jaisalmer_Desert,26.9157,70.9083
2023-07-12T10:00,32.1,59,975.2,Jaisalmer_Desert,26.9157,70.9083
2023-07-12T11:00,34.1,49,974.7,Jaisalmer_Desert,26.9157,70.9083
2023-07-12T12:00,36,42,974.1,Jaisalmer_Desert,26.9157,70.9083
2023-07-12T13:00,37.6,35,973.4,Jaisalmer_Desert,26.9157,70.9083
2023-07-12T14:00,38.4,32,972.9,Jaisalmer_Desert,26.9157,70.9083
2023-07-12T15:00,38.7,31,972.4,Jaisalmer_Desert,26.9157,70.9083
2023-07-12T16:00,38.8,30,972.1,Jaisalmer_Desert,26.9157,70.9083
2023-07-12T17:00,38.9,30,972.1,Jaisalmer_Desert,26.9157,70.9083
2023-07-12T18:00,37.6,35,972.1,Jaisalmer_Desert,26.9157,70.9083
2023-07-12T19:00,35.2,44,972.1,Jaisalmer_Desert,26.9157,70.9083
2023-07-12T20:00,33.8,51,972.8,Jaisalmer_Desert,26.9157,70.9083
2023-07-12T21:00,32.9,59,973.4,Jaisalmer_Desert,26.9157,70.9083
2023-07-12T22:00,31.9,66,973.8,Jaisalmer_Desert,26.9157,70.9083
2023-07-12T23:00,31.5,65,973.7,Jaisalmer_Desert,26.9157,70.9083
2023-07-13T00:00,30.8,66,973.6,Jaisalmer_Desert,26.9157,70.9083
2023-07-13T01:00,30.2,65,973.3,Jaisalmer_Desert,26.9157,70.9083
2023-07-13T02:00,29.3,67,973.1,Jaisalmer_Desert,26.9157,70.9083
2023-07-13T03:00,28.4,71,973.3,Jaisalmer_Desert,26.9157,70.9083
2023-07-13T04:00,27.6,76,973.2,Jaisalmer_Desert,26.9157,70.9083
2023-07-13T05:00,27.8,75,973,Jaisalmer_Desert,26.9157,70.9083
2023-07-13T06:00,27.6,78,973.4,Jaisalmer_Desert,26.9157,70.9083
2023-07-13T07:00,28,78,974.1,Jaisalmer_Desert,26.9157,70.9083
2023-07-13T08:00,29.1,73,974.4,Jaisalmer_Desert,26.9157,70.9083
2023-07-13T09:00,31,65,974.3,Jaisalmer_Desert,26.9157,70.9083
2023-07-13T10:00,33.1,56,974.3,Jaisalmer_Desert,26.9157,70.9083
2023-07-13T11:00,35.2,47,974.2,Jaisalmer_Desert,26.9157,70.9083
2023-07-13T12:00,37.2,39,974.1,Jaisalmer_Desert,26.9157,70.9083
2023-07-13T13:00,38.6,32,973.2,Jaisalmer_Desert,26.9157,70.9083
2023-07-13T14:00,39.6,28,972.5,Jaisalmer_Desert,26.9157,70.9083
2023-07-13T15:00,40.1,27,971.9,Jaisalmer_Desert,26.9157,70.9083
2023-07-13T16:00,40,27,971.5,Jaisalmer_Desert,26.9157,70.9083
2023-07-13T17:00,39.7,30,971.6,Jaisalmer_Desert,26.9157,70.9083
2023-07-13T18:00,38.8,31,971.8,Jaisalmer_Desert,26.9157,70.9083
2023-07-13T19:00,37,38,972.2,Jaisalmer_Desert,26.9157,70.9083
2023-07-13T20:00,35.7,46,972.9,Jaisalmer_Desert,26.9157,70.9083
2023-07-13T21:00,34.2,53,973.6,Jaisalmer_Desert,26.9157,70.9083
2023-07-13T22:00,32.9,59,974.3,Jaisalmer_Desert,26.9157,70.9083
2023-07-13T23:00,32,62,974.2,Jaisalmer_Desert,26.9157,70.9083
2023-07-14T00:00,31.3,64,974.2,Jaisalmer_Desert,26.9157,70.9083
2023-07-14T01:00,30.5,67,974,Jaisalmer_Desert,26.9157,70.9083
2023-07-14T02:00,29.6,69,973.8,Jaisalmer_Desert,26.9157,70.9083
2023-07-14T03:00,28.9,72,974.2,Jaisalmer_Desert,26.9157,70.9083
2023-07-14T04:00,28.3,74,974.4,Jaisalmer_Desert,26.9157,70.9083
2023-07-14T05:00,28.5,74,974.2,Jaisalmer_Desert,26.9157,70.9083
2023-07-14T06:00,28.1,76,974.6,Jaisalmer_Desert,26.9157,70.9083
2023-07-14T07:00,28.3,76,975.1,Jaisalmer_Desert,26.9157,70.9083
2023-07-14T08:00,29.3,72,975.3,Jaisalmer_Desert,26.9157,70.9083
2023-07-14T09:00,30.9,64,975.9,Jaisalmer_Desert,26.9157,70.9083
2023-07-14T10:00,32.9,54,975.9,Jaisalmer_Desert,26.9157,70.9083
2023-07-14T11:00,34.9,46,975.7,Jaisalmer_Desert,26.9157,70.9083
2023-07-14T12:00,36.5,40,975.5,Jaisalmer_Desert,26.9157,70.9083
2023-07-14T13:00,37.8,36,974.7,Jaisalmer_Desert,26.9157,70.9083
2023-07-14T14:00,38.8,31,973.6,Jaisalmer_Desert,26.9157,70.9083
2023-07-14T15:00,39.4,29,972.5,Jaisalmer_Desert,26.9157,70.9083
2023-07-14T16:00,39.7,27,971.9,Jaisalmer_Desert,26.9157,70.9083
2023-07-14T17:00,38.9,29,972.8,Jaisalmer_Desert,26.9157,70.9083
2023-07-14T18:00,37.9,32,972.7,Jaisalmer_Desert,26.9157,70.9083
2023-07-14T19:00,37,35,973.3,Jaisalmer_Desert,26.9157,70.9083
2023-07-14T20:00,36.2,37,973.9,Jaisalmer_Desert,26.9157,70.9083
2023-07-14T21:00,35.3,41,974.6,Jaisalmer_Desert,26.9157,70.9083
2023-07-14T22:00,34.5,45,974.9,Jaisalmer_Desert,26.9157,70.9083
2023-07-14T23:00,33.6,49,975.5,Jaisalmer_Desert,26.9157,70.9083
2023-07-15T00:00,32.6,54,975.4,Jaisalmer_Desert,26.9157,70.9083
2023-07-15T01:00,31.3,58,974.6,Jaisalmer_Desert,26.9157,70.9083
2023-07-15T02:00,30.2,62,974.2,Jaisalmer_Desert,26.9157,70.9083
2023-07-15T03:00,29.3,65,974.2,Jaisalmer_Desert,26.9157,70.9083
2023-07-15T04:00,28.3,69,974.3,Jaisalmer_Desert,26.9157,70.9083
2023-07-15T05:00,28.6,70,974,Jaisalmer_Desert,26.9157,70.9083
2023-07-15T06:00,28.2,73,974.3,Jaisalmer_Desert,26.9157,70.9083
2023-07-15T07:00,28.5,73,974.9,Jaisalmer_Desert,26.9157,70.9083
2023-07-15T08:00,29.5,69,975,Jaisalmer_Desert,26.9157,70.9083
2023-07-15T09:00,31.1,63,975.3,Jaisalmer_Desert,26.9157,70.9083
2023-07-15T10:00,32.8,56,975.6,Jaisalmer_Desert,26.9157,70.9083
2023-07-15T11:00,34.4,49,975.4,Jaisalmer_Desert,26.9157,70.9083
2023-07-15T12:00,35.9,44,974.7,Jaisalmer_Desert,26.9157,70.9083
2023-07-15T13:00,37.2,39,973.6,Jaisalmer_Desert,26.9157,70.9083
2023-07-15T14:00,38.2,36,972.3,Jaisalmer_Desert,26.9157,70.9083
2023-07-15T15:00,38.6,34,971.4,Jaisalmer_Desert,26.9157,70.9083
2023-07-15T16:00,38.7,34,970.9,Jaisalmer_Desert,26.9157,70.9083
2023-07-15T17:00,37,38,971.9,Jaisalmer_Desert,26.9157,70.9083
2023-07-15T18:00,36.4,40,972.2,Jaisalmer_Desert,26.9157,70.9083
2023-07-15T19:00,35.8,42,972.8,Jaisalmer_Desert,26.9157,70.9083
2023-07-15T20:00,35.1,44,973.3,Jaisalmer_Desert,26.9157,70.9083
2023-07-15T21:00,34.8,45,973.8,Jaisalmer_Desert,26.9157,70.9083
2023-07-15T22:00,34.5,46,974.2,Jaisalmer_Desert,26.9157,70.9083
2023-07-15T23:00,32.9,53,974.2,Jaisalmer_Desert,26.9157,70.9083
2023-07-16T00:00,31.5,57,974.4,Jaisalmer_Desert,26.9157,70.9083
2023-07-16T01:00,30.3,60,974.3,Jaisalmer_Desert,26.9157,70.9083
2023-07-16T02:00,29.4,64,973.9,Jaisalmer_Desert,26.9157,70.9083
2023-07-16T03:00,28.5,69,973.9,Jaisalmer_Desert,26.9157,70.9083
2023-07-16T04:00,27.8,72,973.9,Jaisalmer_Desert,26.9157,70.9083
2023-07-16T05:00,28.4,72,973.8,Jaisalmer_Desert,26.9157,70.9083
2023-07-16T06:00,28.2,74,974.1,Jaisalmer_Desert,26.9157,70.9083
2023-07-16T07:00,28.6,72,974.5,Jaisalmer_Desert,26.9157,70.9083
2023-07-16T08:00,29.6,68,974.8,Jaisalmer_Desert,26.9157,70.9083
2023-07-16T09:00,31,61,975,Jaisalmer_Desert,26.9157,70.9083
2023-07-16T10:00,32.6,55,975.3,Jaisalmer_Desert,26.9157,70.9083
2023-07-16T11:00,34.2,49,975.2,Jaisalmer_Desert,26.9157,70.9083
2023-07-16T12:00,35.6,45,974.6,Jaisalmer_Desert,26.9157,70.9083
2023-07-16T13:00,36.8,40,973.9,Jaisalmer_Desert,26.9157,70.9083
2023-07-16T14:00,37.6,38,972.9,Jaisalmer_Desert,26.9157,70.9083
2023-07-16T15:00,38.1,36,972.3,Jaisalmer_Desert,26.9157,70.9083
2023-07-16T16:00,38.4,35,971.7,Jaisalmer_Desert,26.9157,70.9083
2023-07-16T17:00,36.9,39,972.4,Jaisalmer_Desert,26.9157,70.9083
2023-07-16T18:00,36.9,38,972.3,Jaisalmer_Desert,26.9157,70.9083
2023-07-16T19:00,36.4,39,972.6,Jaisalmer_Desert,26.9157,70.9083
2023-07-16T20:00,35.6,42,973.1,Jaisalmer_Desert,26.9157,70.9083
2023-07-16T21:00,34.8,45,974.1,Jaisalmer_Desert,26.9157,70.9083
2023-07-16T22:00,34.1,48,974.6,Jaisalmer_Desert,26.9157,70.9083
2023-07-16T23:00,33.5,50,974.6,Jaisalmer_Desert,26.9157,70.9083
2023-07-17T00:00,32.2,58,974.4,Jaisalmer_Desert,26.9157,70.9083
2023-07-17T01:00,31.5,60,974.1,Jaisalmer_Desert,26.9157,70.9083
2023-07-17T02:00,30.5,63,974,Jaisalmer_Desert,26.9157,70.9083
2023-07-17T03:00,29.6,66,974.2,Jaisalmer_Desert,26.9157,70.9083
2023-07-17T04:00,28.6,69,974.3,Jaisalmer_Desert,26.9157,70.9083
2023-07-17T05:00,29.1,69,973.8,Jaisalmer_Desert,26.9157,70.9083
2023-07-17T06:00,28.9,69,974.1,Jaisalmer_Desert,26.9157,70.9083
2023-07-17T07:00,29.4,67,974.6,Jaisalmer_Desert,26.9157,70.9083
2023-07-17T08:00,30.7,61,974.9,Jaisalmer_Desert,26.9157,70.9083
2023-07-17T09:00,32.3,55,974.8,Jaisalmer_Desert,26.9157,70.9083
2023-07-17T10:00,34,49,974.8,Jaisalmer_Desert,26.9157,70.9083
2023-07-17T11:00,35.7,44,974.4,Jaisalmer_Desert,26.9157,70.9083
2023-07-17T12:00,37.2,39,974.1,Jaisalmer_Desert,26.9157,70.9083
2023-07-17T13:00,38.2,36,973.4,Jaisalmer_Desert,26.9157,70.9083
2023-07-17T14:00,39,34,972.3,Jaisalmer_Desert,26.9157,70.9083
2023-07-17T15:00,39.4,33,971.4,Jaisalmer_Desert,26.9157,70.9083
2023-07-17T16:00,39.4,33,970.8,Jaisalmer_Desert,26.9157,70.9083
2023-07-17T17:00,38.1,36,971.4,Jaisalmer_Desert,26.9157,70.9083
2023-07-17T18:00,37.9,36,971.6,Jaisalmer_Desert,26.9157,70.9083
2023-07-17T19:00,37.3,38,972,Jaisalmer_Desert,26.9157,70.9083
2023-07-17T20:00,36.3,41,972.6,Jaisalmer_Desert,26.9157,70.9083
2023-07-17T21:00,35.8,43,973.2,Jaisalmer_Desert,26.9157,70.9083
2023-07-17T22:00,35.2,45,973.6,Jaisalmer_Desert,26.9157,70.9083
2023-07-17T23:00,34.6,46,973.5,Jaisalmer_Desert,26.9157,70.9083
2023-07-18T00:00,34,48,972.9,Jaisalmer_Desert,26.9157,70.9083
2023-07-18T01:00,32.3,57,972.3,Jaisalmer_Desert,26.9157,70.9083
2023-07-18T02:00,31.5,62,972.2,Jaisalmer_Desert,26.9157,70.9083
2023-07-18T03:00,31.1,64,972.4,Jaisalmer_Desert,26.9157,70.9083
2023-07-18T04:00,30.6,67,972.8,Jaisalmer_Desert,26.9157,70.9083
2023-07-18T05:00,30.2,69,972.5,Jaisalmer_Desert,26.9157,70.9083
2023-07-18T06:00,29.4,73,972.9,Jaisalmer_Desert,26.9157,70.9083
2023-07-18T07:00,29.7,71,973.6,Jaisalmer_Desert,26.9157,70.9083
2023-07-18T08:00,30.8,66,973.9,Jaisalmer_Desert,26.9157,70.9083
2023-07-18T09:00,32.6,59,974.2,Jaisalmer_Desert,26.9157,70.9083
2023-07-18T10:00,34.4,51,974.1,Jaisalmer_Desert,26.9157,70.9083
2023-07-18T11:00,36.2,44,973.8,Jaisalmer_Desert,26.9157,70.9083
2023-07-18T12:00,37.8,38,973,Jaisalmer_Desert,26.9157,70.9083
2023-07-18T13:00,38.9,35,972,Jaisalmer_Desert,26.9157,70.9083
2023-07-18T14:00,39.6,33,971,Jaisalmer_Desert,26.9157,70.9083
2023-07-18T15:00,40,31,970.1,Jaisalmer_Desert,26.9157,70.9083
2023-07-18T16:00,40,31,969.4,Jaisalmer_Desert,26.9157,70.9083
2023-07-18T17:00,38.4,34,970,Jaisalmer_Desert,26.9157,70.9083
2023-07-18T18:00,38,35,970.3,Jaisalmer_Desert,26.9157,70.9083
2023-07-18T19:00,37.6,36,970.8,Jaisalmer_Desert,26.9157,70.9083
2023-07-18T20:00,36.9,38,971.4,Jaisalmer_Desert,26.9157,70.9083
2023-07-18T21:00,36.1,42,972,Jaisalmer_Desert,26.9157,70.9083
2023-07-18T22:00,35.4,44,972.4,Jaisalmer_Desert,26.9157,70.9083
2023-07-18T23:00,34.9,47,972.1,Jaisalmer_Desert,26.9157,70.9083
2023-07-19T00:00,34.2,49,971.4,Jaisalmer_Desert,26.9157,70.9083
2023-07-19T01:00,33.6,51,970.7,Jaisalmer_Desert,26.9157,70.9083
2023-07-19T02:00,33.1,53,970.5,Jaisalmer_Desert,26.9157,70.9083
2023-07-19T03:00,31.8,61,970.6,Jaisalmer_Desert,26.9157,70.9083
2023-07-19T04:00,30.7,67,970.9,Jaisalmer_Desert,26.9157,70.9083
2023-07-19T05:00,30.6,68,971.3,Jaisalmer_Desert,26.9157,70.9083
2023-07-19T06:00,30,71,971.5,Jaisalmer_Desert,26.9157,70.9083
2023-07-19T07:00,30.4,70,972,Jaisalmer_Desert,26.9157,70.9083
2023-07-19T08:00,31.8,64,972.4,Jaisalmer_Desert,26.9157,70.9083
2023-07-19T09:00,33.5,56,972.4,Jaisalmer_Desert,26.9157,70.9083
2023-07-19T10:00,35.4,49,972.4,Jaisalmer_Desert,26.9157,70.9083
2023-07-19T11:00,37,43,971.9,Jaisalmer_Desert,26.9157,70.9083
2023-07-19T12:00,38.3,39,971.5,Jaisalmer_Desert,26.9157,70.9083
2023-07-19T13:00,39.2,37,970.7,Jaisalmer_Desert,26.9157,70.9083
2023-07-19T14:00,39.8,36,970.1,Jaisalmer_Desert,26.9157,70.9083
2023-07-19T15:00,40.3,34,969.2,Jaisalmer_Desert,26.9157,70.9083
2023-07-19T16:00,39.6,35,968.3,Jaisalmer_Desert,26.9157,70.9083
2023-07-19T17:00,35.5,51,969.3,Jaisalmer_Desert,26.9157,70.9083
2023-07-19T18:00,33.6,60,969.8,Jaisalmer_Desert,26.9157,70.9083
2023-07-19T19:00,32.6,66,970.5,Jaisalmer_Desert,26.9157,70.9083
2023-07-19T20:00,29.9,76,972.1,Jaisalmer_Desert,26.9157,70.9083
2023-07-19T21:00,28.9,82,973,Jaisalmer_Desert,26.9157,70.9083
2023-07-19T22:00,28.8,83,973,Jaisalmer_Desert,26.9157,70.9083
2023-07-19T23:00,28.6,85,972.5,Jaisalmer_Desert,26.9157,70.9083
2023-07-20T00:00,28.4,87,972,Jaisalmer_Desert,26.9157,70.9083
2023-07-20T01:00,28.2,88,971.9,Jaisalmer_Desert,26.9157,70.9083
2023-07-20T02:00,28,89,971.6,Jaisalmer_Desert,26.9157,70.9083
2023-07-20T03:00,27.9,88,971.7,Jaisalmer_Desert,26.9157,70.9083
2023-07-20T04:00,27.9,87,971.7,Jaisalmer_Desert,26.9157,70.9083
2023-07-20T05:00,28.3,88,972.3,Jaisalmer_Desert,26.9157,70.9083
2023-07-20T06:00,27.2,91,973.1,Jaisalmer_Desert,26.9157,70.9083
2023-07-20T07:00,27.1,91,973.1,Jaisalmer_Desert,26.9157,70.9083
2023-07-20T08:00,27,89,973.8,Jaisalmer_Desert,26.9157,70.9083
2023-07-20T09:00,27.9,84,973.8,Jaisalmer_Desert,26.9157,70.9083
2023-07-20T10:00,29.3,81,973.7,Jaisalmer_Desert,26.9157,70.9083
2023-07-20T11:00,30.8,77,973.4,Jaisalmer_Desert,26.9157,70.9083
2023-07-20T12:00,32.1,70,973.3,Jaisalmer_Desert,26.9157,70.9083
2023-07-20T13:00,33.1,65,972.7,Jaisalmer_Desert,26.9157,70.9083
2023-07-20T14:00,33.6,64,971.8,Jaisalmer_Desert,26.9157,70.9083
2023-07-20T15:00,33.5,66,971.2,Jaisalmer_Desert,26.9157,70.9083
2023-07-20T16:00,32.7,69,970.5,Jaisalmer_Desert,26.9157,70.9083
2023-07-20T17:00,33.4,65,970.8,Jaisalmer_Desert,26.9157,70.9083
2023-07-20T18:00,32.8,68,971.3,Jaisalmer_Desert,26.9157,70.9083
2023-07-20T19:00,32.2,76,971.7,Jaisalmer_Desert,26.9157,70.9083
2023-07-20T20:00,31.2,82,972.4,Jaisalmer_Desert,26.9157,70.9083
2023-07-20T21:00,29.6,88,973.3,Jaisalmer_Desert,26.9157,70.9083
2023-07-20T22:00,28.7,89,974.3,Jaisalmer_Desert,26.9157,70.9083
2023-07-20T23:00,28.8,86,973.9,Jaisalmer_Desert,26.9157,70.9083
2023-07-21T00:00,28.6,87,973.3,Jaisalmer_Desert,26.9157,70.9083
2023-07-21T01:00,28.4,89,972.8,Jaisalmer_Desert,26.9157,70.9083
2023-07-21T02:00,28.3,92,972.5,Jaisalmer_Desert,26.9157,70.9083
2023-07-21T03:00,28.2,90,972.8,Jaisalmer_Desert,26.9157,70.9083
2023-07-21T04:00,28.1,89,972.8,Jaisalmer_Desert,26.9157,70.9083
2023-07-21T05:00,28.7,97,973.1,Jaisalmer_Desert,26.9157,70.9083
2023-07-21T06:00,28.8,95,973.6,Jaisalmer_Desert,26.9157,70.9083
2023-07-21T07:00,29.2,92,974.6,Jaisalmer_Desert,26.9157,70.9083
2023-07-21T08:00,29.4,82,975,Jaisalmer_Desert,26.9157,70.9083
2023-07-21T09:00,30.7,79,974.9,Jaisalmer_Desert,26.9157,70.9083
2023-07-21T10:00,32.2,75,974.6,Jaisalmer_Desert,26.9157,70.9083
2023-07-21T11:00,33.1,71,974.7,Jaisalmer_Desert,26.9157,70.9083
2023-07-21T12:00,33.9,68,974.6,Jaisalmer_Desert,26.9157,70.9083
2023-07-21T13:00,34.5,65,974.1,Jaisalmer_Desert,26.9157,70.9083
2023-07-21T14:00,35,61,973.4,Jaisalmer_Desert,26.9157,70.9083
2023-07-21T15:00,35.2,60,972.9,Jaisalmer_Desert,26.9157,70.9083
2023-07-21T16:00,35,61,972.5,Jaisalmer_Desert,26.9157,70.9083
2023-07-21T17:00,35.5,57,972.5,Jaisalmer_Desert,26.9157,70.9083
2023-07-21T18:00,31.1,75,973.3,Jaisalmer_Desert,26.9157,70.9083
2023-07-21T19:00,29.8,83,973.4,Jaisalmer_Desert,26.9157,70.9083
2023-07-21T20:00,28.1,89,975.1,Jaisalmer_Desert,26.9157,70.9083
2023-07-21T21:00,27.9,88,975.8,Jaisalmer_Desert,26.9157,70.9083
2023-07-21T22:00,27.6,90,975.8,Jaisalmer_Desert,26.9157,70.9083
2023-07-21T23:00,27.4,93,975.5,Jaisalmer_Desert,26.9157,70.9083
2023-07-22T00:00,27.4,93,975.4,Jaisalmer_Desert,26.9157,70.9083
2023-07-22T01:00,27.4,94,974.6,Jaisalmer_Desert,26.9157,70.9083
2023-07-22T02:00,27.4,95,974.3,Jaisalmer_Desert,26.9157,70.9083
2023-07-22T03:00,27.4,95,974,Jaisalmer_Desert,26.9157,70.9083
2023-07-22T04:00,27.3,95,974.8,Jaisalmer_Desert,26.9157,70.9083
2023-07-22T05:00,27.5,95,974.5,Jaisalmer_Desert,26.9157,70.9083
2023-07-22T06:00,27.4,96,975.7,Jaisalmer_Desert,26.9157,70.9083
2023-07-22T07:00,27.8,95,975.9,Jaisalmer_Desert,26.9157,70.9083
2023-07-22T08:00,28.8,90,976.1,Jaisalmer_Desert,26.9157,70.9083
2023-07-22T09:00,30.3,81,976.3,Jaisalmer_Desert,26.9157,70.9083
2023-07-22T10:00,31.5,75,976.4,Jaisalmer_Desert,26.9157,70.9083
2023-07-22T11:00,32.6,71,976.8,Jaisalmer_Desert,26.9157,70.9083
2023-07-22T12:00,33.4,68,976.2,Jaisalmer_Desert,26.9157,70.9083
2023-07-22T13:00,34.1,65,975.6,Jaisalmer_Desert,26.9157,70.9083
2023-07-22T14:00,34.7,62,974.6,Jaisalmer_Desert,26.9157,70.9083
2023-07-22T15:00,34.7,60,973.7,Jaisalmer_Desert,26.9157,70.9083
2023-07-22T16:00,34.8,59,973.3,Jaisalmer_Desert,26.9157,70.9083
2023-07-22T17:00,34.2,61,973.4,Jaisalmer_Desert,26.9157,70.9083
2023-07-22T18:00,33.7,67,973.7,Jaisalmer_Desert,26.9157,70.9083
2023-07-22T19:00,32.3,78,974.4,Jaisalmer_Desert,26.9157,70.9083
2023-07-22T20:00,31.6,82,974.7,Jaisalmer_Desert,26.9157,70.9083
2023-07-22T21:00,31.3,84,975.1,Jaisalmer_Desert,26.9157,70.9083
2023-07-22T22:00,31,84,975.6,Jaisalmer_Desert,26.9157,70.9083
2023-07-22T23:00,29.9,85,976.2,Jaisalmer_Desert,26.9157,70.9083
2023-07-23T00:00,27.2,90,975.4,Jaisalmer_Desert,26.9157,70.9083
2023-07-23T01:00,27.5,89,975.8,Jaisalmer_Desert,26.9157,70.9083
2023-07-23T02:00,27.4,89,975.3,Jaisalmer_Desert,26.9157,70.9083
2023-07-23T03:00,27.7,87,974.7,Jaisalmer_Desert,26.9157,70.9083
2023-07-23T04:00,27.4,89,974.4,Jaisalmer_Desert,26.9157,70.9083
2023-07-23T05:00,28.1,90,974.9,Jaisalmer_Desert,26.9157,70.9083
2023-07-23T06:00,27.9,90,975.7,Jaisalmer_Desert,26.9157,70.9083
2023-07-23T07:00,28.4,90,975.8,Jaisalmer_Desert,26.9157,70.9083
2023-07-23T08:00,29.5,87,976.5,Jaisalmer_Desert,26.9157,70.9083
2023-07-23T09:00,30.7,81,976.3,Jaisalmer_Desert,26.9157,70.9083
2023-07-23T10:00,31.7,77,976.5,Jaisalmer_Desert,26.9157,70.9083
2023-07-23T11:00,32.4,72,975.8,Jaisalmer_Desert,26.9157,70.9083
2023-07-23T12:00,33.3,68,975.3,Jaisalmer_Desert,26.9157,70.9083
2023-07-23T13:00,33.9,64,974.5,Jaisalmer_Desert,26.9157,70.9083
2023-07-23T14:00,34.3,61,973.1,Jaisalmer_Desert,26.9157,70.9083
2023-07-23T15:00,34.6,59,972.1,Jaisalmer_Desert,26.9157,70.9083
2023-07-23T16:00,34.4,59,972.1,Jaisalmer_Desert,26.9157,70.9083
2023-07-23T17:00,32.8,70,972.1,Jaisalmer_Desert,26.9157,70.9083
2023-07-23T18:00,30.7,79,972.4,Jaisalmer_Desert,26.9157,70.9083
2023-07-23T19:00,30.4,80,972.6,Jaisalmer_Desert,26.9157,70.9083
2023-07-23T20:00,29.2,86,973.6,Jaisalmer_Desert,26.9157,70.9083
2023-07-23T21:00,28.1,88,974.1,Jaisalmer_Desert,26.9157,70.9083
2023-07-23T22:00,28.1,90,974.8,Jaisalmer_Desert,26.9157,70.9083
2023-07-23T23:00,27.9,91,974.4,Jaisalmer_Desert,26.9157,70.9083
2023-07-24T00:00,27.8,90,974.3,Jaisalmer_Desert,26.9157,70.9083
2023-07-24T01:00,27.5,88,973.3,Jaisalmer_Desert,26.9157,70.9083
2023-07-24T02:00,27.3,89,973.1,Jaisalmer_Desert,26.9157,70.9083
2023-07-24T03:00,27,89,972.5,Jaisalmer_Desert,26.9157,70.9083
2023-07-24T04:00,26.8,90,972.6,Jaisalmer_Desert,26.9157,70.9083
2023-07-24T05:00,27.7,90,973,Jaisalmer_Desert,26.9157,70.9083
2023-07-24T06:00,27.9,91,973.6,Jaisalmer_Desert,26.9157,70.9083
2023-07-24T07:00,28.1,92,974.3,Jaisalmer_Desert,26.9157,70.9083
2023-07-24T08:00,28.6,90,974.1,Jaisalmer_Desert,26.9157,70.9083
2023-07-24T09:00,29.5,87,974.4,Jaisalmer_Desert,26.9157,70.9083
2023-07-24T10:00,30.2,82,974.7,Jaisalmer_Desert,26.9157,70.9083
2023-07-24T11:00,30.5,80,974.4,Jaisalmer_Desert,26.9157,70.9083
2023-07-24T12:00,31.1,78,974.1,Jaisalmer_Desert,26.9157,70.9083
2023-07-24T13:00,31.6,76,973.1,Jaisalmer_Desert,26.9157,70.9083
2023-07-24T14:00,31.9,76,971.7,Jaisalmer_Desert,26.9157,70.9083
2023-07-24T15:00,31.9,75,970.9,Jaisalmer_Desert,26.9157,70.9083
2023-07-24T16:00,31,74,970.8,Jaisalmer_Desert,26.9157,70.9083
2023-07-24T17:00,30.5,77,971.6,Jaisalmer_Desert,26.9157,70.9083
2023-07-24T18:00,29.2,82,972,Jaisalmer_Desert,26.9157,70.9083
2023-07-24T19:00,28,89,973.1,Jaisalmer_Desert,26.9157,70.9083
2023-07-24T20:00,27.5,91,972.7,Jaisalmer_Desert,26.9157,70.9083
2023-07-24T21:00,27.5,92,972.8,Jaisalmer_Desert,26.9157,70.9083
2023-07-24T22:00,27.4,93,973.9,Jaisalmer_Desert,26.9157,70.9083
2023-07-24T23:00,27.4,93,974.5,Jaisalmer_Desert,26.9157,70.9083
2023-07-25T00:00,27.4,95,974,Jaisalmer_Desert,26.9157,70.9083
2023-07-25T01:00,27.2,94,973.4,Jaisalmer_Desert,26.9157,70.9083
2023-07-25T02:00,26.9,92,972.7,Jaisalmer_Desert,26.9157,70.9083
2023-07-25T03:00,26.7,93,972.5,Jaisalmer_Desert,26.9157,70.9083
2023-07-25T04:00,26.5,95,973,Jaisalmer_Desert,26.9157,70.9083
2023-07-25T05:00,26.5,96,973,Jaisalmer_Desert,26.9157,70.9083
2023-07-25T06:00,26,96,974.5,Jaisalmer_Desert,26.9157,70.9083
2023-07-25T07:00,26,95,975.2,Jaisalmer_Desert,26.9157,70.9083
2023-07-25T08:00,26.3,93,974.9,Jaisalmer_Desert,26.9157,70.9083
2023-07-25T09:00,27.5,87,975.4,Jaisalmer_Desert,26.9157,70.9083
2023-07-25T10:00,28.7,84,975.7,Jaisalmer_Desert,26.9157,70.9083
2023-07-25T11:00,29.6,80,975.2,Jaisalmer_Desert,26.9157,70.9083
2023-07-25T12:00,30.7,76,975.1,Jaisalmer_Desert,26.9157,70.9083
2023-07-25T13:00,31.3,72,974.6,Jaisalmer_Desert,26.9157,70.9083
2023-07-25T14:00,31.5,72,973.7,Jaisalmer_Desert,26.9157,70.9083
2023-07-25T15:00,32.1,70,972.9,Jaisalmer_Desert,26.9157,70.9083
2023-07-25T16:00,32,69,972.8,Jaisalmer_Desert,26.9157,70.9083
2023-07-25T17:00,29.5,83,973.5,Jaisalmer_Desert,26.9157,70.9083
2023-07-25T18:00,28.3,87,974.3,Jaisalmer_Desert,26.9157,70.9083
2023-07-25T19:00,27.6,88,974.5,Jaisalmer_Desert,26.9157,70.9083
2023-07-25T20:00,27.1,90,974.9,Jaisalmer_Desert,26.9157,70.9083
2023-07-25T21:00,26.6,91,975.4,Jaisalmer_Desert,26.9157,70.9083
2023-07-25T22:00,26.8,90,975.8,Jaisalmer_Desert,26.9157,70.9083
2023-07-25T23:00,26.8,92,976,Jaisalmer_Desert,26.9157,70.9083
2023-07-26T00:00,26.6,94,975.9,Jaisalmer_Desert,26.9157,70.9083
2023-07-26T01:00,26.3,94,975.4,Jaisalmer_Desert,26.9157,70.9083
2023-07-26T02:00,26.2,95,975.3,Jaisalmer_Desert,26.9157,70.9083
2023-07-26T03:00,26.1,95,975.1,Jaisalmer_Desert,26.9157,70.9083
2023-07-26T04:00,25.9,96,974.9,Jaisalmer_Desert,26.9157,70.9083
2023-07-26T05:00,26.4,95,975.5,Jaisalmer_Desert,26.9157,70.9083
2023-07-26T06:00,26.4,92,976.5,Jaisalmer_Desert,26.9157,70.9083
2023-07-26T07:00,26.9,90,976.7,Jaisalmer_Desert,26.9157,70.9083
2023-07-26T08:00,27.5,87,976.9,Jaisalmer_Desert,26.9157,70.9083
2023-07-26T09:00,28.8,81,977.3,Jaisalmer_Desert,26.9157,70.9083
2023-07-26T10:00,29.7,76,977.5,Jaisalmer_Desert,26.9157,70.9083
2023-07-26T11:00,30.3,74,977.4,Jaisalmer_Desert,26.9157,70.9083
2023-07-26T12:00,30.7,72,977.5,Jaisalmer_Desert,26.9157,70.9083
2023-07-26T13:00,31.1,71,976.8,Jaisalmer_Desert,26.9157,70.9083
2023-07-26T14:00,31.5,71,975.8,Jaisalmer_Desert,26.9157,70.9083
2023-07-26T15:00,31.8,71,974.7,Jaisalmer_Desert,26.9157,70.9083
2023-07-26T16:00,31.6,72,974.2,Jaisalmer_Desert,26.9157,70.9083
2023-07-26T17:00,31,73,974.1,Jaisalmer_Desert,26.9157,70.9083
2023-07-26T18:00,30.5,78,975,Jaisalmer_Desert,26.9157,70.9083
2023-07-26T19:00,29.8,84,975.3,Jaisalmer_Desert,26.9157,70.9083
2023-07-26T20:00,29.1,88,975.9,Jaisalmer_Desert,26.9157,70.9083
2023-07-26T21:00,28.7,89,976.5,Jaisalmer_Desert,26.9157,70.9083
2023-07-26T22:00,28.5,90,977,Jaisalmer_Desert,26.9157,70.9083
2023-07-26T23:00,28.2,91,976.7,Jaisalmer_Desert,26.9157,70.9083
2023-07-27T00:00,27.9,92,976.7,Jaisalmer_Desert,26.9157,70.9083
2023-07-27T01:00,27.8,92,976.2,Jaisalmer_Desert,26.9157,70.9083
2023-07-27T02:00,27.5,92,975.5,Jaisalmer_Desert,26.9157,70.9083
2023-07-27T03:00,27.3,93,975.3,Jaisalmer_Desert,26.9157,70.9083
2023-07-27T04:00,27.1,94,975.6,Jaisalmer_Desert,26.9157,70.9083
2023-07-27T05:00,27.3,94,975.8,Jaisalmer_Desert,26.9157,70.9083
2023-07-27T06:00,27,93,976.1,Jaisalmer_Desert,26.9157,70.9083
2023-07-27T07:00,27.1,92,976.6,Jaisalmer_Desert,26.9157,70.9083
2023-07-27T08:00,27.7,89,977.1,Jaisalmer_Desert,26.9157,70.9083
2023-07-27T09:00,28.6,85,977.2,Jaisalmer_Desert,26.9157,70.9083
2023-07-27T10:00,29.7,79,977.2,Jaisalmer_Desert,26.9157,70.9083
2023-07-27T11:00,30.6,74,976.9,Jaisalmer_Desert,26.9157,70.9083
2023-07-27T12:00,31.5,69,976.1,Jaisalmer_Desert,26.9157,70.9083
2023-07-27T13:00,32.1,66,975.8,Jaisalmer_Desert,26.9157,70.9083
2023-07-27T14:00,32.5,64,975,Jaisalmer_Desert,26.9157,70.9083
2023-07-27T15:00,32.5,64,974.1,Jaisalmer_Desert,26.9157,70.9083
2023-07-27T16:00,32.3,65,973.3,Jaisalmer_Desert,26.9157,70.9083
2023-07-27T17:00,31.2,69,973.4,Jaisalmer_Desert,26.9157,70.9083
2023-07-27T18:00,30.6,74,973.5,Jaisalmer_Desert,26.9157,70.9083
2023-07-27T19:00,29.6,80,974.6,Jaisalmer_Desert,26.9157,70.9083
2023-07-27T20:00,28.8,84,975.4,Jaisalmer_Desert,26.9157,70.9083
2023-07-27T21:00,28.6,86,975.9,Jaisalmer_Desert,26.9157,70.9083
2023-07-27T22:00,28.4,86,975.8,Jaisalmer_Desert,26.9157,70.9083
2023-07-27T23:00,27.9,87,976.4,Jaisalmer_Desert,26.9157,70.9083
2023-07-28T00:00,26.9,90,975.1,Jaisalmer_Desert,26.9157,70.9083
2023-07-28T01:00,27,90,974.8,Jaisalmer_Desert,26.9157,70.9083
2023-07-28T02:00,26.9,91,974,Jaisalmer_Desert,26.9157,70.9083
2023-07-28T03:00,26.4,93,973.7,Jaisalmer_Desert,26.9157,70.9083
2023-07-28T04:00,26,94,973.3,Jaisalmer_Desert,26.9157,70.9083
2023-07-28T05:00,26.4,94,973.5,Jaisalmer_Desert,26.9157,70.9083
2023-07-28T06:00,26.3,94,974,Jaisalmer_Desert,26.9157,70.9083
2023-07-28T07:00,26.6,92,974.5,Jaisalmer_Desert,26.9157,70.9083
2023-07-28T08:00,27.4,88,974.7,Jaisalmer_Desert,26.9157,70.9083
2023-07-28T09:00,28.4,82,975.2,Jaisalmer_Desert,26.9157,70.9083
2023-07-28T10:00,29.4,78,975.3,Jaisalmer_Desert,26.9157,70.9083
2023-07-28T11:00,29.9,76,975.1,Jaisalmer_Desert,26.9157,70.9083
2023-07-28T12:00,30.7,75,974.7,Jaisalmer_Desert,26.9157,70.9083
2023-07-28T13:00,31.4,72,974.1,Jaisalmer_Desert,26.9157,70.9083
2023-07-28T14:00,29.4,80,973.1,Jaisalmer_Desert,26.9157,70.9083
2023-07-28T15:00,28.3,82,972.4,Jaisalmer_Desert,26.9157,70.9083
2023-07-28T16:00,28.7,82,972.2,Jaisalmer_Desert,26.9157,70.9083
2023-07-28T17:00,29.8,78,971.5,Jaisalmer_Desert,26.9157,70.9083
2023-07-28T18:00,28.5,84,972.5,Jaisalmer_Desert,26.9157,70.9083
2023-07-28T19:00,27.9,87,973,Jaisalmer_Desert,26.9157,70.9083
2023-07-28T20:00,27.2,89,972.9,Jaisalmer_Desert,26.9157,70.9083
2023-07-28T21:00,27.2,90,973.8,Jaisalmer_Desert,26.9157,70.9083
2023-07-28T22:00,27.2,90,974.2,Jaisalmer_Desert,26.9157,70.9083
2023-07-28T23:00,27.3,90,974,Jaisalmer_Desert,26.9157,70.9083
2023-07-29T00:00,27.2,89,973.5,Jaisalmer_Desert,26.9157,70.9083
2023-07-29T01:00,26.4,89,972.8,Jaisalmer_Desert,26.9157,70.9083
2023-07-29T02:00,25.9,91,972.2,Jaisalmer_Desert,26.9157,70.9083
2023-07-29T03:00,25.5,91,971.7,Jaisalmer_Desert,26.9157,70.9083
2023-07-29T04:00,25.3,92,971.9,Jaisalmer_Desert,26.9157,70.9083
2023-07-29T05:00,25.8,91,972.3,Jaisalmer_Desert,26.9157,70.9083
2023-07-29T06:00,25.7,92,972.7,Jaisalmer_Desert,26.9157,70.9083
2023-07-29T07:00,26.3,87,972.9,Jaisalmer_Desert,26.9157,70.9083
2023-07-29T08:00,27.2,83,973.1,Jaisalmer_Desert,26.9157,70.9083
2023-07-29T09:00,28.1,80,973.8,Jaisalmer_Desert,26.9157,70.9083
2023-07-29T10:00,29,77,974.7,Jaisalmer_Desert,26.9157,70.9083
2023-07-29T11:00,29.8,73,974.5,Jaisalmer_Desert,26.9157,70.9083
2023-07-29T12:00,30.2,71,974.2,Jaisalmer_Desert,26.9157,70.9083
2023-07-29T13:00,31.3,67,973.7,Jaisalmer_Desert,26.9157,70.9083
2023-07-29T14:00,31.3,67,973.1,Jaisalmer_Desert,26.9157,70.9083
2023-07-29T15:00,31.6,66,972.3,Jaisalmer_Desert,26.9157,70.9083
2023-07-29T16:00,31.4,67,971.7,Jaisalmer_Desert,26.9157,70.9083
2023-07-29T17:00,31.5,69,971.6,Jaisalmer_Desert,26.9157,70.9083
2023-07-29T18:00,30.5,75,972,Jaisalmer_Desert,26.9157,70.9083
2023-07-29T19:00,29.4,79,972.6,Jaisalmer_Desert,26.9157,70.9083
2023-07-29T20:00,28.7,82,972.7,Jaisalmer_Desert,26.9157,70.9083
2023-07-29T21:00,28.3,82,973.5,Jaisalmer_Desert,26.9157,70.9083
2023-07-29T22:00,27.9,83,974.1,Jaisalmer_Desert,26.9157,70.9083
2023-07-29T23:00,27.1,84,973.9,Jaisalmer_Desert,26.9157,70.9083
2023-07-30T00:00,26.4,86,973.9,Jaisalmer_Desert,26.9157,70.9083
2023-07-30T01:00,25.9,87,973.9,Jaisalmer_Desert,26.9157,70.9083
2023-07-30T02:00,25.5,89,973.9,Jaisalmer_Desert,26.9157,70.9083
2023-07-30T03:00,25.2,91,973.5,Jaisalmer_Desert,26.9157,70.9083
2023-07-30T04:00,25,92,973.4,Jaisalmer_Desert,26.9157,70.9083
2023-07-30T05:00,25.1,93,973,Jaisalmer_Desert,26.9157,70.9083
2023-07-30T06:00,25.2,93,973.4,Jaisalmer_Desert,26.9157,70.9083
2023-07-30T07:00,26,89,974,Jaisalmer_Desert,26.9157,70.9083
2023-07-30T08:00,26.9,84,974.5,Jaisalmer_Desert,26.9157,70.9083
2023-07-30T09:00,28,79,974.9,Jaisalmer_Desert,26.9157,70.9083
2023-07-30T10:00,29.1,74,975.2,Jaisalmer_Desert,26.9157,70.9083
2023-07-30T11:00,29.5,74,974.9,Jaisalmer_Desert,26.9157,70.9083
2023-07-30T12:00,30.4,72,974.3,Jaisalmer_Desert,26.9157,70.9083
2023-07-30T13:00,30.7,70,973.6,Jaisalmer_Desert,26.9157,70.9083
2023-07-30T14:00,31.2,69,972.8,Jaisalmer_Desert,26.9157,70.9083
2023-07-30T15:00,31.4,69,972.1,Jaisalmer_Desert,26.9157,70.9083
2023-07-30T16:00,31.6,67,971.5,Jaisalmer_Desert,26.9157,70.9083
2023-07-30T17:00,31.3,68,971.8,Jaisalmer_Desert,26.9157,70.9083
2023-07-30T18:00,29.8,77,971.8,Jaisalmer_Desert,26.9157,70.9083
2023-07-30T19:00,28.4,83,972.1,Jaisalmer_Desert,26.9157,70.9083
2023-07-30T20:00,27.9,86,972.4,Jaisalmer_Desert,26.9157,70.9083
2023-07-30T21:00,27.2,86,973,Jaisalmer_Desert,26.9157,70.9083
2023-07-30T22:00,27.1,86,973.6,Jaisalmer_Desert,26.9157,70.9083
2023-07-30T23:00,27.1,86,973.6,Jaisalmer_Desert,26.9157,70.9083
2023-07-31T00:00,27,87,973.3,Jaisalmer_Desert,26.9157,70.9083
2023-07-31T01:00,26.7,89,972.6,Jaisalmer_Desert,26.9157,70.9083
2023-07-31T02:00,26.4,90,972.4,Jaisalmer_Desert,26.9157,70.9083
2023-07-31T03:00,26.1,91,972.7,Jaisalmer_Desert,26.9157,70.9083
2023-07-31T04:00,25.7,92,972.7,Jaisalmer_Desert,26.9157,70.9083
2023-07-31T05:00,26.1,92,972.4,Jaisalmer_Desert,26.9157,70.9083
2023-07-31T06:00,26,93,972.6,Jaisalmer_Desert,26.9157,70.9083
2023-07-31T07:00,26.5,90,973.4,Jaisalmer_Desert,26.9157,70.9083
2023-07-31T08:00,27.5,86,973.6,Jaisalmer_Desert,26.9157,70.9083
2023-07-31T09:00,28.8,79,974.1,Jaisalmer_Desert,26.9157,70.9083
2023-07-31T10:00,30.3,71,974.4,Jaisalmer_Desert,26.9157,70.9083
2023-07-31T11:00,31.1,68,974.5,Jaisalmer_Desert,26.9157,70.9083
2023-07-31T12:00,31.4,67,974,Jaisalmer_Desert,26.9157,70.9083
2023-07-31T13:00,31.9,66,973.5,Jaisalmer_Desert,26.9157,70.9083
2023-07-31T14:00,32.1,66,973.1,Jaisalmer_Desert,26.9157,70.9083
2023-07-31T15:00,32,66,972.3,Jaisalmer_Desert,26.9157,70.9083
2023-07-31T16:00,32.5,64,971.8,Jaisalmer_Desert,26.9157,70.9083
2023-07-31T17:00,33,60,971.5,Jaisalmer_Desert,26.9157,70.9083
2023-07-31T18:00,31.7,68,971.2,Jaisalmer_Desert,26.9157,70.9083
2023-07-31T19:00,30.2,75,971.5,Jaisalmer_Desert,26.9157,70.9083
2023-07-31T20:00,29.3,79,972.1,Jaisalmer_Desert,26.9157,70.9083
2023-07-31T21:00,28.8,80,972.8,Jaisalmer_Desert,26.9157,70.9083
2023-07-31T22:00,28.5,80,973.5,Jaisalmer_Desert,26.9157,70.9083
2023-07-31T23:00,28,81,973.5,Jaisalmer_Desert,26.9157,70.9083
2023-08-01T00:00,27.5,83,972.8,Jaisalmer_Desert,26.9157,70.9083
2023-08-01T01:00,26.9,86,972.2,Jaisalmer_Desert,26.9157,70.9083
2023-08-01T02:00,26.3,88,972,Jaisalmer_Desert,26.9157,70.9083
2023-08-01T03:00,25.8,90,972.3,Jaisalmer_Desert,26.9157,70.9083
2023-08-01T04:00,25.4,91,972.5,Jaisalmer_Desert,26.9157,70.9083
2023-08-01T05:00,26.1,90,972.4,Jaisalmer_Desert,26.9157,70.9083
2023-08-01T06:00,26,91,972.4,Jaisalmer_Desert,26.9157,70.9083
2023-08-01T07:00,26.7,88,972.9,Jaisalmer_Desert,26.9157,70.9083
2023-08-01T08:00,27.8,83,973.1,Jaisalmer_Desert,26.9157,70.9083
2023-08-01T09:00,28.8,77,973.1,Jaisalmer_Desert,26.9157,70.9083
2023-08-01T10:00,30,71,973.4,Jaisalmer_Desert,26.9157,70.9083
2023-08-01T11:00,31.3,65,973.2,Jaisalmer_Desert,26.9157,70.9083
2023-08-01T12:00,32.3,62,972.8,Jaisalmer_Desert,26.9157,70.9083
2023-08-01T13:00,32.9,61,972.4,Jaisalmer_Desert,26.9157,70.9083
2023-08-01T14:00,33.5,59,971.7,Jaisalmer_Desert,26.9157,70.9083
2023-08-01T15:00,34,56,971.2,Jaisalmer_Desert,26.9157,70.9083
2023-08-01T16:00,34.2,55,970.5,Jaisalmer_Desert,26.9157,70.9083
2023-08-01T17:00,33.4,58,970.8,Jaisalmer_Desert,26.9157,70.9083
2023-08-01T18:00,32.4,64,971.2,Jaisalmer_Desert,26.9157,70.9083
2023-08-01T19:00,30.8,72,971.1,Jaisalmer_Desert,26.9157,70.9083
2023-08-01T20:00,30,76,971.2,Jaisalmer_Desert,26.9157,70.9083
2023-08-01T21:00,29.5,77,971.8,Jaisalmer_Desert,26.9157,70.9083
2023-08-01T22:00,28.8,80,972.1,Jaisalmer_Desert,26.9157,70.9083
2023-08-01T23:00,28,83,972.5,Jaisalmer_Desert,26.9157,70.9083
2023-08-02T00:00,27.4,86,972.9,Jaisalmer_Desert,26.9157,70.9083
2023-08-02T01:00,26.8,88,972.6,Jaisalmer_Desert,26.9157,70.9083
2023-08-02T02:00,26.3,90,972.2,Jaisalmer_Desert,26.9157,70.9083
2023-08-02T03:00,25.7,91,971.9,Jaisalmer_Desert,26.9157,70.9083
2023-08-02T04:00,25.3,92,972.2,Jaisalmer_Desert,26.9157,70.9083
2023-08-02T05:00,26.4,91,971.9,Jaisalmer_Desert,26.9157,70.9083
2023-08-02T06:00,26.6,90,972.3,Jaisalmer_Desert,26.9157,70.9083
2023-08-02T07:00,26.9,87,972.7,Jaisalmer_Desert,26.9157,70.9083
2023-08-02T08:00,27.8,81,972.8,Jaisalmer_Desert,26.9157,70.9083
2023-08-02T09:00,29.2,74,973.1,Jaisalmer_Desert,26.9157,70.9083
2023-08-02T10:00,30.3,68,973.2,Jaisalmer_Desert,26.9157,70.9083
2023-08-02T11:00,31.4,63,973,Jaisalmer_Desert,26.9157,70.9083
2023-08-02T12:00,32.4,59,972.7,Jaisalmer_Desert,26.9157,70.9083
2023-08-02T13:00,33.6,55,971.9,Jaisalmer_Desert,26.9157,70.9083
2023-08-02T14:00,34,53,971.3,Jaisalmer_Desert,26.9157,70.9083
2023-08-02T15:00,34.5,52,970.5,Jaisalmer_Desert,26.9157,70.9083
2023-08-02T16:00,34.6,51,970.3,Jaisalmer_Desert,26.9157,70.9083
2023-08-02T17:00,33.4,54,971,Jaisalmer_Desert,26.9157,70.9083
2023-08-02T18:00,32.8,57,970.9,Jaisalmer_Desert,26.9157,70.9083
2023-08-02T19:00,31.1,64,971.5,Jaisalmer_Desert,26.9157,70.9083
2023-08-02T20:00,30.1,67,971.8,Jaisalmer_Desert,26.9157,70.9083
2023-08-02T21:00,29.6,69,972,Jaisalmer_Desert,26.9157,70.9083
2023-08-02T22:00,28.7,73,972.3,Jaisalmer_Desert,26.9157,70.9083
2023-08-02T23:00,28.1,77,972.4,Jaisalmer_Desert,26.9157,70.9083
2023-08-03T00:00,27.5,81,972.7,Jaisalmer_Desert,26.9157,70.9083
2023-08-03T01:00,26.9,83,972.6,Jaisalmer_Desert,26.9157,70.9083
2023-08-03T02:00,26.3,85,972.1,Jaisalmer_Desert,26.9157,70.9083
2023-08-03T03:00,25.7,88,971.8,Jaisalmer_Desert,26.9157,70.9083
2023-08-03T04:00,25.4,90,971.5,Jaisalmer_Desert,26.9157,70.9083
2023-08-03T05:00,25.6,91,972,Jaisalmer_Desert,26.9157,70.9083
2023-08-03T06:00,26,90,972.2,Jaisalmer_Desert,26.9157,70.9083
2023-08-03T07:00,26.6,85,972.6,Jaisalmer_Desert,26.9157,70.9083
2023-08-03T08:00,27.6,80,972.9,Jaisalmer_Desert,26.9157,70.9083
2023-08-03T09:00,29,72,972.6,Jaisalmer_Desert,26.9157,70.9083
2023-08-03T10:00,30.5,64,972.5,Jaisalmer_Desert,26.9157,70.9083
2023-08-03T11:00,31.4,60,972.6,Jaisalmer_Desert,26.9157,70.9083
2023-08-03T12:00,32.3,57,972.4,Jaisalmer_Desert,26.9157,70.9083
2023-08-03T13:00,33.6,53,971.8,Jaisalmer_Desert,26.9157,70.9083
2023-08-03T14:00,34.6,50,971.3,Jaisalmer_Desert,26.9157,70.9083
2023-08-03T15:00,34.8,49,971,Jaisalmer_Desert,26.9157,70.9083
2023-08-03T16:00,35.1,48,970.7,Jaisalmer_Desert,26.9157,70.9083
2023-08-03T17:00,34.2,51,971.4,Jaisalmer_Desert,26.9157,70.9083
2023-08-03T18:00,33.3,54,971.5,Jaisalmer_Desert,26.9157,70.9083
2023-08-03T19:00,31.8,62,972,Jaisalmer_Desert,26.9157,70.9083
2023-08-03T20:00,30.7,66,972.5,Jaisalmer_Desert,26.9157,70.9083
2023-08-03T21:00,30,69,972.8,Jaisalmer_Desert,26.9157,70.9083
2023-08-03T22:00,28.7,75,973.3,Jaisalmer_Desert,26.9157,70.9083
2023-08-03T23:00,28.2,74,973.5,Jaisalmer_Desert,26.9157,70.9083
2023-08-04T00:00,27.8,74,973.4,Jaisalmer_Desert,26.9157,70.9083
2023-08-04T01:00,27.2,77,973,Jaisalmer_Desert,26.9157,70.9083
2023-08-04T02:00,26.6,80,973,Jaisalmer_Desert,26.9157,70.9083
2023-08-04T03:00,26.2,83,972.9,Jaisalmer_Desert,26.9157,70.9083
2023-08-04T04:00,25.7,86,973.3,Jaisalmer_Desert,26.9157,70.9083
2023-08-04T05:00,26,88,972.6,Jaisalmer_Desert,26.9157,70.9083
2023-08-04T06:00,25.8,90,973.2,Jaisalmer_Desert,26.9157,70.9083
2023-08-04T07:00,26.4,88,974,Jaisalmer_Desert,26.9157,70.9083
2023-08-04T08:00,27.8,81,974.4,Jaisalmer_Desert,26.9157,70.9083
2023-08-04T09:00,29.4,72,974.7,Jaisalmer_Desert,26.9157,70.9083
2023-08-04T10:00,31,64,974.7,Jaisalmer_Desert,26.9157,70.9083
2023-08-04T11:00,32.8,57,974.6,Jaisalmer_Desert,26.9157,70.9083
2023-08-04T12:00,33.9,53,974.4,Jaisalmer_Desert,26.9157,70.9083
2023-08-04T13:00,35,49,974,Jaisalmer_Desert,26.9157,70.9083
2023-08-04T14:00,35.6,47,973.5,Jaisalmer_Desert,26.9157,70.9083
2023-08-04T15:00,36,45,973,Jaisalmer_Desert,26.9157,70.9083
2023-08-04T16:00,36,44,972.6,Jaisalmer_Desert,26.9157,70.9083
2023-08-04T17:00,34.6,46,973.5,Jaisalmer_Desert,26.9157,70.9083
2023-08-04T18:00,34.2,48,973.8,Jaisalmer_Desert,26.9157,70.9083
2023-08-04T19:00,33,53,974.1,Jaisalmer_Desert,26.9157,70.9083
2023-08-04T20:00,31.1,63,974.6,Jaisalmer_Desert,26.9157,70.9083
2023-08-04T21:00,30,68,974.8,Jaisalmer_Desert,26.9157,70.9083
2023-08-04T22:00,29.7,70,975.4,Jaisalmer_Desert,26.9157,70.9083
2023-08-04T23:00,29.3,73,975.7,Jaisalmer_Desert,26.9157,70.9083
2023-08-05T00:00,29.1,73,975.5,Jaisalmer_Desert,26.9157,70.9083
2023-08-05T01:00,28.6,74,975.2,Jaisalmer_Desert,26.9157,70.9083
2023-08-05T02:00,28,76,975,Jaisalmer_Desert,26.9157,70.9083
2023-08-05T03:00,27.4,79,975.1,Jaisalmer_Desert,26.9157,70.9083
2023-08-05T04:00,26.9,81,975.4,Jaisalmer_Desert,26.9157,70.9083
2023-08-05T05:00,26.9,84,975.7,Jaisalmer_Desert,26.9157,70.9083
2023-08-05T06:00,26.6,87,976.2,Jaisalmer_Desert,26.9157,70.9083
2023-08-05T07:00,27,86,977.1,Jaisalmer_Desert,26.9157,70.9083
2023-08-05T08:00,28.2,80,977.4,Jaisalmer_Desert,26.9157,70.9083
2023-08-05T09:00,29.7,70,977.7,Jaisalmer_Desert,26.9157,70.9083
2023-08-05T10:00,31.7,60,977.6,Jaisalmer_Desert,26.9157,70.9083
2023-08-05T11:00,33.3,53,977.1,Jaisalmer_Desert,26.9157,70.9083
2023-08-05T12:00,34.6,49,976.6,Jaisalmer_Desert,26.9157,70.9083
2023-08-05T13:00,35.3,47,976,Jaisalmer_Desert,26.9157,70.9083
2023-08-05T14:00,36.1,44,975.2,Jaisalmer_Desert,26.9157,70.9083
2023-08-05T15:00,36.7,42,974.3,Jaisalmer_Desert,26.9157,70.9083
2023-08-05T16:00,36.9,41,973.7,Jaisalmer_Desert,26.9157,70.9083
2023-08-05T17:00,34.7,47,975,Jaisalmer_Desert,26.9157,70.9083
2023-08-05T18:00,34.5,48,975.1,Jaisalmer_Desert,26.9157,70.9083
2023-08-05T19:00,34,49,975.5,Jaisalmer_Desert,26.9157,70.9083
2023-08-05T20:00,33,54,975.7,Jaisalmer_Desert,26.9157,70.9083
2023-08-05T21:00,32.1,57,975.9,Jaisalmer_Desert,26.9157,70.9083
2023-08-05T22:00,31.5,60,976.3,Jaisalmer_Desert,26.9157,70.9083
2023-08-05T23:00,30.7,63,976.4,Jaisalmer_Desert,26.9157,70.9083
2023-08-06T00:00,29.8,66,975.9,Jaisalmer_Desert,26.9157,70.9083
2023-08-06T01:00,28.4,70,975.3,Jaisalmer_Desert,26.9157,70.9083
2023-08-06T02:00,27.5,73,975.3,Jaisalmer_Desert,26.9157,70.9083
2023-08-06T03:00,26.5,76,974.8,Jaisalmer_Desert,26.9157,70.9083
2023-08-06T04:00,26,79,974.5,Jaisalmer_Desert,26.9157,70.9083
2023-08-06T05:00,26.3,79,974.6,Jaisalmer_Desert,26.9157,70.9083
2023-08-06T06:00,26,81,974.8,Jaisalmer_Desert,26.9157,70.9083
2023-08-06T07:00,26.4,79,975,Jaisalmer_Desert,26.9157,70.9083
2023-08-06T08:00,27.7,72,975.5,Jaisalmer_Desert,26.9157,70.9083
2023-08-06T09:00,29.5,63,975.5,Jaisalmer_Desert,26.9157,70.9083
2023-08-06T10:00,31.1,58,975.2,Jaisalmer_Desert,26.9157,70.9083
2023-08-06T11:00,32.4,54,974.6,Jaisalmer_Desert,26.9157,70.9083
2023-08-06T12:00,34,49,973.8,Jaisalmer_Desert,26.9157,70.9083
2023-08-06T13:00,35.2,46,972.9,Jaisalmer_Desert,26.9157,70.9083
2023-08-06T14:00,36.5,42,971.9,Jaisalmer_Desert,26.9157,70.9083
2023-08-06T15:00,37.1,41,971.1,Jaisalmer_Desert,26.9157,70.9083
2023-08-06T16:00,37.2,41,970.2,Jaisalmer_Desert,26.9157,70.9083
2023-08-06T17:00,35.1,50,971.5,Jaisalmer_Desert,26.9157,70.9083
2023-08-06T18:00,34.3,52,971.6,Jaisalmer_Desert,26.9157,70.9083
2023-08-06T19:00,33,57,971.8,Jaisalmer_Desert,26.9157,70.9083
2023-08-06T20:00,31.7,61,972.1,Jaisalmer_Desert,26.9157,70.9083
2023-08-06T21:00,30.9,63,972.5,Jaisalmer_Desert,26.9157,70.9083
2023-08-06T22:00,29.8,66,972.7,Jaisalmer_Desert,26.9157,70.9083
2023-08-06T23:00,28.5,71,972.4,Jaisalmer_Desert,26.9157,70.9083
2023-08-07T00:00,27.4,74,971.9,Jaisalmer_Desert,26.9157,70.9083
2023-08-07T01:00,26.4,78,971.1,Jaisalmer_Desert,26.9157,70.9083
2023-08-07T02:00,25.9,80,970.4,Jaisalmer_Desert,26.9157,70.9083
2023-08-07T03:00,25.6,82,970.3,Jaisalmer_Desert,26.9157,70.9083
2023-08-07T04:00,25.5,83,970.5,Jaisalmer_Desert,26.9157,70.9083
2023-08-07T05:00,26,83,970.1,Jaisalmer_Desert,26.9157,70.9083
2023-08-07T06:00,26,83,970.1,Jaisalmer_Desert,26.9157,70.9083
2023-08-07T07:00,26.5,79,970.5,Jaisalmer_Desert,26.9157,70.9083
2023-08-07T08:00,27.4,75,970.9,Jaisalmer_Desert,26.9157,70.9083
2023-08-07T09:00,29,67,971.2,Jaisalmer_Desert,26.9157,70.9083
2023-08-07T10:00,30.8,59,971.1,Jaisalmer_Desert,26.9157,70.9083
2023-08-07T11:00,32.4,54,970.8,Jaisalmer_Desert,26.9157,70.9083
2023-08-07T12:00,34.2,48,970.2,Jaisalmer_Desert,26.9157,70.9083
2023-08-07T13:00,35.7,44,969.6,Jaisalmer_Desert,26.9157,70.9083
2023-08-07T14:00,36.7,41,968.8,Jaisalmer_Desert,26.9157,70.9083
2023-08-07T15:00,37.1,40,968.3,Jaisalmer_Desert,26.9157,70.9083
2023-08-07T16:00,36.9,41,968.2,Jaisalmer_Desert,26.9157,70.9083
2023-08-07T17:00,34.5,49,969.6,Jaisalmer_Desert,26.9157,70.9083
2023-08-07T18:00,33.5,52,969.7,Jaisalmer_Desert,26.9157,70.9083
2023-08-07T19:00,32.4,55,970.3,Jaisalmer_Desert,26.9157,70.9083
2023-08-07T20:00,31.1,60,970.6,Jaisalmer_Desert,26.9157,70.9083
2023-08-07T21:00,30,64,971.2,Jaisalmer_Desert,26.9157,70.9083
2023-08-07T22:00,29,67,971.6,Jaisalmer_Desert,26.9157,70.9083
2023-08-07T23:00,27.9,72,971.5,Jaisalmer_Desert,26.9157,70.9083
2023-08-08T00:00,26.9,75,971.5,Jaisalmer_Desert,26.9157,70.9083
2023-08-08T01:00,26.3,77,971,Jaisalmer_Desert,26.9157,70.9083
2023-08-08T02:00,26.1,77,970.9,Jaisalmer_Desert,26.9157,70.9083
2023-08-08T03:00,25.7,79,971,Jaisalmer_Desert,26.9157,70.9083
2023-08-08T04:00,25.6,80,971,Jaisalmer_Desert,26.9157,70.9083
2023-08-08T05:00,25.7,85,970.9,Jaisalmer_Desert,26.9157,70.9083
2023-08-08T06:00,25.9,83,971.3,Jaisalmer_Desert,26.9157,70.9083
2023-08-08T07:00,26.3,80,972.1,Jaisalmer_Desert,26.9157,70.9083
2023-08-08T08:00,27.5,73,972.4,Jaisalmer_Desert,26.9157,70.9083
2023-08-08T09:00,28.6,68,972.5,Jaisalmer_Desert,26.9157,70.9083
2023-08-08T10:00,30.5,60,972.6,Jaisalmer_Desert,26.9157,70.9083
2023-08-08T11:00,31.9,55,972.5,Jaisalmer_Desert,26.9157,70.9083
2023-08-08T12:00,33.7,50,972.1,Jaisalmer_Desert,26.9157,70.9083
2023-08-08T13:00,35.2,46,971.7,Jaisalmer_Desert,26.9157,70.9083
2023-08-08T14:00,36.1,44,971.2,Jaisalmer_Desert,26.9157,70.9083
2023-08-08T15:00,36.6,42,971.1,Jaisalmer_Desert,26.9157,70.9083
2023-08-08T16:00,36.6,41,970.9,Jaisalmer_Desert,26.9157,70.9083
2023-08-08T17:00,34,51,972.2,Jaisalmer_Desert,26.9157,70.9083
2023-08-08T18:00,33.6,52,972.2,Jaisalmer_Desert,26.9157,70.9083
2023-08-08T19:00,33.3,53,972.9,Jaisalmer_Desert,26.9157,70.9083
2023-08-08T20:00,32.9,54,973.3,Jaisalmer_Desert,26.9157,70.9083
2023-08-08T21:00,32.4,56,974.2,Jaisalmer_Desert,26.9157,70.9083
2023-08-08T22:00,31.4,59,974.5,Jaisalmer_Desert,26.9157,70.9083
2023-08-08T23:00,29.9,65,974.5,Jaisalmer_Desert,26.9157,70.9083
2023-08-09T00:00,29.2,67,974.4,Jaisalmer_Desert,26.9157,70.9083
2023-08-09T01:00,28,73,974.3,Jaisalmer_Desert,26.9157,70.9083
2023-08-09T02:00,27,78,974.2,Jaisalmer_Desert,26.9157,70.9083
2023-08-09T03:00,26.2,81,974.3,Jaisalmer_Desert,26.9157,70.9083
2023-08-09T04:00,25.6,84,974.5,Jaisalmer_Desert,26.9157,70.9083
2023-08-09T05:00,26.7,80,974.4,Jaisalmer_Desert,26.9157,70.9083
2023-08-09T06:00,26.8,78,974.9,Jaisalmer_Desert,26.9157,70.9083
2023-08-09T07:00,26.9,79,975.6,Jaisalmer_Desert,26.9157,70.9083
2023-08-09T08:00,28.3,71,976.2,Jaisalmer_Desert,26.9157,70.9083
2023-08-09T09:00,29.1,68,976.7,Jaisalmer_Desert,26.9157,70.9083
2023-08-09T10:00,30.2,63,976.9,Jaisalmer_Desert,26.9157,70.9083
2023-08-09T11:00,32.7,53,976.6,Jaisalmer_Desert,26.9157,70.9083
2023-08-09T12:00,34,49,976.3,Jaisalmer_Desert,26.9157,70.9083
2023-08-09T13:00,35.4,45,975.3,Jaisalmer_Desert,26.9157,70.9083
2023-08-09T14:00,36.5,42,974.6,Jaisalmer_Desert,26.9157,70.9083
2023-08-09T15:00,37,41,974.2,Jaisalmer_Desert,26.9157,70.9083
2023-08-09T16:00,37,40,973.6,Jaisalmer_Desert,26.9157,70.9083
2023-08-09T17:00,35.4,45,974.7,Jaisalmer_Desert,26.9157,70.9083
2023-08-09T18:00,34.8,46,975,Jaisalmer_Desert,26.9157,70.9083
2023-08-09T19:00,34.1,48,975.4,Jaisalmer_Desert,26.9157,70.9083
2023-08-09T20:00,33.1,53,975.9,Jaisalmer_Desert,26.9157,70.9083
2023-08-09T21:00,33,54,976.5,Jaisalmer_Desert,26.9157,70.9083
2023-08-09T22:00,32.1,57,976.6,Jaisalmer_Desert,26.9157,70.9083
2023-08-09T23:00,31.2,60,976.5,Jaisalmer_Desert,26.9157,70.9083
2023-08-10T00:00,29.5,66,976.5,Jaisalmer_Desert,26.9157,70.9083
2023-08-10T01:00,28.4,70,975.8,Jaisalmer_Desert,26.9157,70.9083
2023-08-10T02:00,27.6,73,975.8,Jaisalmer_Desert,26.9157,70.9083
2023-08-10T03:00,27,76,975.9,Jaisalmer_Desert,26.9157,70.9083
2023-08-10T04:00,26.5,79,976.2,Jaisalmer_Desert,26.9157,70.9083
2023-08-10T05:00,26.3,83,976.1,Jaisalmer_Desert,26.9157,70.9083
2023-08-10T06:00,26.1,85,976.5,Jaisalmer_Desert,26.9157,70.9083
2023-08-10T07:00,26.8,81,977.1,Jaisalmer_Desert,26.9157,70.9083
2023-08-10T08:00,28.4,72,977.3,Jaisalmer_Desert,26.9157,70.9083
2023-08-10T09:00,29.8,65,977.6,Jaisalmer_Desert,26.9157,70.9083
2023-08-10T10:00,31.5,58,977.6,Jaisalmer_Desert,26.9157,70.9083
2023-08-10T11:00,33.1,53,977.3,Jaisalmer_Desert,26.9157,70.9083
2023-08-10T12:00,34.3,48,976.9,Jaisalmer_Desert,26.9157,70.9083
2023-08-10T13:00,35.3,45,976.5,Jaisalmer_Desert,26.9157,70.9083
2023-08-10T14:00,36.3,42,975.7,Jaisalmer_Desert,26.9157,70.9083
2023-08-10T15:00,37.1,39,975,Jaisalmer_Desert,26.9157,70.9083
2023-08-10T16:00,37,39,974.7,Jaisalmer_Desert,26.9157,70.9083
2023-08-10T17:00,35,43,976.1,Jaisalmer_Desert,26.9157,70.9083
2023-08-10T18:00,34.7,43,976,Jaisalmer_Desert,26.9157,70.9083
2023-08-10T19:00,32.8,51,976.8,Jaisalmer_Desert,26.9157,70.9083
2023-08-10T20:00,32.3,52,977.2,Jaisalmer_Desert,26.9157,70.9083
2023-08-10T21:00,31.7,56,977.6,Jaisalmer_Desert,26.9157,70.9083
2023-08-10T22:00,30.5,63,978,Jaisalmer_Desert,26.9157,70.9083
2023-08-10T23:00,29.6,68,977.9,Jaisalmer_Desert,26.9157,70.9083
2023-08-11T00:00,28.9,70,977.8,Jaisalmer_Desert,26.9157,70.9083
2023-08-11T01:00,28.2,72,977.5,Jaisalmer_Desert,26.9157,70.9083
2023-08-11T02:00,27.5,73,977.3,Jaisalmer_Desert,26.9157,70.9083
2023-08-11T03:00,26.8,76,977.3,Jaisalmer_Desert,26.9157,70.9083
2023-08-11T04:00,26.1,79,977.2,Jaisalmer_Desert,26.9157,70.9083
2023-08-11T05:00,25.9,82,977.2,Jaisalmer_Desert,26.9157,70.9083
2023-08-11T06:00,25.5,84,977.5,Jaisalmer_Desert,26.9157,70.9083
2023-08-11T07:00,26.1,82,977.5,Jaisalmer_Desert,26.9157,70.9083
2023-08-11T08:00,27.8,73,978.1,Jaisalmer_Desert,26.9157,70.9083
2023-08-11T09:00,29,67,978.5,Jaisalmer_Desert,26.9157,70.9083
2023-08-11T10:00,31,57,978.3,Jaisalmer_Desert,26.9157,70.9083
2023-08-11T11:00,32.9,50,977.9,Jaisalmer_Desert,26.9157,70.9083
2023-08-11T12:00,34.2,45,977.3,Jaisalmer_Desert,26.9157,70.9083
2023-08-11T13:00,34.8,43,976.7,Jaisalmer_Desert,26.9157,70.9083
2023-08-11T14:00,35.7,41,975.7,Jaisalmer_Desert,26.9157,70.9083
2023-08-11T15:00,36.1,40,975.2,Jaisalmer_Desert,26.9157,70.9083
2023-08-11T16:00,36,40,974.6,Jaisalmer_Desert,26.9157,70.9083
2023-08-11T17:00,35.1,40,976,Jaisalmer_Desert,26.9157,70.9083
2023-08-11T18:00,34.6,41,976.2,Jaisalmer_Desert,26.9157,70.9083
2023-08-11T19:00,33.9,43,976.6,Jaisalmer_Desert,26.9157,70.9083
2023-08-11T20:00,32.6,49,976.9,Jaisalmer_Desert,26.9157,70.9083
2023-08-11T21:00,32,52,977.2,Jaisalmer_Desert,26.9157,70.9083
2023-08-11T22:00,31.1,58,977.4,Jaisalmer_Desert,26.9157,70.9083
2023-08-11T23:00,30.1,63,977.2,Jaisalmer_Desert,26.9157,70.9083
2023-08-12T00:00,29.1,68,976.8,Jaisalmer_Desert,26.9157,70.9083
2023-08-12T01:00,28.4,70,976.5,Jaisalmer_Desert,26.9157,70.9083
2023-08-12T02:00,27.5,73,976.1,Jaisalmer_Desert,26.9157,70.9083
2023-08-12T03:00,26.7,76,975.9,Jaisalmer_Desert,26.9157,70.9083
2023-08-12T04:00,26.1,79,976.2,Jaisalmer_Desert,26.9157,70.9083
2023-08-12T05:00,26.1,82,976.3,Jaisalmer_Desert,26.9157,70.9083
2023-08-12T06:00,25.8,84,976.5,Jaisalmer_Desert,26.9157,70.9083
2023-08-12T07:00,26.3,82,976.8,Jaisalmer_Desert,26.9157,70.9083
2023-08-12T08:00,27.5,75,977.2,Jaisalmer_Desert,26.9157,70.9083
2023-08-12T09:00,29.3,66,977.2,Jaisalmer_Desert,26.9157,70.9083
2023-08-12T10:00,31.1,59,977.3,Jaisalmer_Desert,26.9157,70.9083
2023-08-12T11:00,32.7,53,976.6,Jaisalmer_Desert,26.9157,70.9083
2023-08-12T12:00,34.4,47,976.2,Jaisalmer_Desert,26.9157,70.9083
2023-08-12T13:00,35.6,44,975.4,Jaisalmer_Desert,26.9157,70.9083
2023-08-12T14:00,36.4,41,974.4,Jaisalmer_Desert,26.9157,70.9083
2023-08-12T15:00,37,40,973.5,Jaisalmer_Desert,26.9157,70.9083
2023-08-12T16:00,37.2,39,972.8,Jaisalmer_Desert,26.9157,70.9083
2023-08-12T17:00,35.7,42,973.7,Jaisalmer_Desert,26.9157,70.9083
2023-08-12T18:00,34.3,47,973.8,Jaisalmer_Desert,26.9157,70.9083
2023-08-12T19:00,33.5,50,974.2,Jaisalmer_Desert,26.9157,70.9083
2023-08-12T20:00,32.9,52,974.4,Jaisalmer_Desert,26.9157,70.9083
2023-08-12T21:00,32.2,54,974.7,Jaisalmer_Desert,26.9157,70.9083
2023-08-12T22:00,30.1,64,975.1,Jaisalmer_Desert,26.9157,70.9083
2023-08-12T23:00,28.9,69,974.7,Jaisalmer_Desert,26.9157,70.9083
2023-08-13T00:00,27.7,73,974.2,Jaisalmer_Desert,26.9157,70.9083
2023-08-13T01:00,26.7,76,973.8,Jaisalmer_Desert,26.9157,70.9083
2023-08-13T02:00,26,78,973.2,Jaisalmer_Desert,26.9157,70.9083
2023-08-13T03:00,25.5,80,972.8,Jaisalmer_Desert,26.9157,70.9083
2023-08-13T04:00,24.9,82,972.6,Jaisalmer_Desert,26.9157,70.9083
2023-08-13T05:00,25,83,972.7,Jaisalmer_Desert,26.9157,70.9083
2023-08-13T06:00,25,83,972.7,Jaisalmer_Desert,26.9157,70.9083
2023-08-13T07:00,25.7,80,972.8,Jaisalmer_Desert,26.9157,70.9083
2023-08-13T08:00,27.1,72,973.3,Jaisalmer_Desert,26.9157,70.9083
2023-08-13T09:00,28.8,65,973.7,Jaisalmer_Desert,26.9157,70.9083
2023-08-13T10:00,30.5,59,973.7,Jaisalmer_Desert,26.9157,70.9083
2023-08-13T11:00,32.3,53,973.6,Jaisalmer_Desert,26.9157,70.9083
2023-08-13T12:00,33.7,49,972.9,Jaisalmer_Desert,26.9157,70.9083
2023-08-13T13:00,35.2,44,972.1,Jaisalmer_Desert,26.9157,70.9083
2023-08-13T14:00,36.4,41,971.1,Jaisalmer_Desert,26.9157,70.9083
2023-08-13T15:00,37.2,39,970.5,Jaisalmer_Desert,26.9157,70.9083
2023-08-13T16:00,37.2,39,970,Jaisalmer_Desert,26.9157,70.9083
2023-08-13T17:00,35.3,47,971.2,Jaisalmer_Desert,26.9157,70.9083
2023-08-13T18:00,34.4,51,971.6,Jaisalmer_Desert,26.9157,70.9083
2023-08-13T19:00,33.6,53,972,Jaisalmer_Desert,26.9157,70.9083
2023-08-13T20:00,33.2,55,972.4,Jaisalmer_Desert,26.9157,70.9083
2023-08-13T21:00,32.2,59,972.5,Jaisalmer_Desert,26.9157,70.9083
2023-08-13T22:00,31.4,61,972.8,Jaisalmer_Desert,26.9157,70.9083
2023-08-13T23:00,29.7,68,973.2,Jaisalmer_Desert,26.9157,70.9083
2023-08-14T00:00,28.9,70,973.4,Jaisalmer_Desert,26.9157,70.9083
2023-08-14T01:00,27.8,74,973.1,Jaisalmer_Desert,26.9157,70.9083
2023-08-14T02:00,26.9,77,972.5,Jaisalmer_Desert,26.9157,70.9083
2023-08-14T03:00,26.2,79,972.1,Jaisalmer_Desert,26.9157,70.9083
2023-08-14T04:00,25.7,81,972.1,Jaisalmer_Desert,26.9157,70.9083
2023-08-14T05:00,25.8,84,972.5,Jaisalmer_Desert,26.9157,70.9083
2023-08-14T06:00,25.6,85,973.3,Jaisalmer_Desert,26.9157,70.9083
2023-08-14T07:00,26.2,82,973.9,Jaisalmer_Desert,26.9157,70.9083
2023-08-14T08:00,27.7,73,974.4,Jaisalmer_Desert,26.9157,70.9083
2023-08-14T09:00,29.3,66,974.9,Jaisalmer_Desert,26.9157,70.9083
2023-08-14T10:00,31,59,974.9,Jaisalmer_Desert,26.9157,70.9083
2023-08-14T11:00,32.4,54,974.7,Jaisalmer_Desert,26.9157,70.9083
2023-08-14T12:00,34,48,974.6,Jaisalmer_Desert,26.9157,70.9083
2023-08-14T13:00,35.2,45,973.7,Jaisalmer_Desert,26.9157,70.9083
2023-08-14T14:00,36.3,41,973,Jaisalmer_Desert,26.9157,70.9083
2023-08-14T15:00,36.9,40,972.5,Jaisalmer_Desert,26.9157,70.9083
2023-08-14T16:00,36.9,40,972.5,Jaisalmer_Desert,26.9157,70.9083
2023-08-14T17:00,35.1,47,973.5,Jaisalmer_Desert,26.9157,70.9083
2023-08-14T18:00,34.6,48,974,Jaisalmer_Desert,26.9157,70.9083
2023-08-14T19:00,34,49,974.5,Jaisalmer_Desert,26.9157,70.9083
2023-08-14T20:00,33.3,52,975,Jaisalmer_Desert,26.9157,70.9083
2023-08-14T21:00,32.7,55,975.7,Jaisalmer_Desert,26.9157,70.9083
2023-08-14T22:00,31.3,62,975.8,Jaisalmer_Desert,26.9157,70.9083
2023-08-14T23:00,30.4,65,975.8,Jaisalmer_Desert,26.9157,70.9083
2023-08-15T00:00,29.3,70,975.7,Jaisalmer_Desert,26.9157,70.9083
2023-08-15T01:00,28.4,72,975.6,Jaisalmer_Desert,26.9157,70.9083
2023-08-15T02:00,27.8,74,975.2,Jaisalmer_Desert,26.9157,70.9083
2023-08-15T03:00,27.6,75,975.3,Jaisalmer_Desert,26.9157,70.9083
2023-08-15T04:00,27.4,75,975.8,Jaisalmer_Desert,26.9157,70.9083
2023-08-15T05:00,26.4,81,976.1,Jaisalmer_Desert,26.9157,70.9083
2023-08-15T06:00,26.4,83,976.8,Jaisalmer_Desert,26.9157,70.9083
2023-08-15T07:00,26.9,81,977.1,Jaisalmer_Desert,26.9157,70.9083
2023-08-15T08:00,28.1,75,977.6,Jaisalmer_Desert,26.9157,70.9083
2023-08-15T09:00,29.9,65,978,Jaisalmer_Desert,26.9157,70.9083
2023-08-15T10:00,31.8,56,978,Jaisalmer_Desert,26.9157,70.9083
2023-08-15T11:00,33.6,48,977.7,Jaisalmer_Desert,26.9157,70.9083
2023-08-15T12:00,34.1,48,977.2,Jaisalmer_Desert,26.9157,70.9083
2023-08-15T13:00,35,45,976.5,Jaisalmer_Desert,26.9157,70.9083
2023-08-15T14:00,34.7,47,975.9,Jaisalmer_Desert,26.9157,70.9083
2023-08-15T15:00,34.5,48,975.7,Jaisalmer_Desert,26.9157,70.9083
2023-08-15T16:00,35.1,45,975.5,Jaisalmer_Desert,26.9157,70.9083
2023-08-15T17:00,33,50,976.8,Jaisalmer_Desert,26.9157,70.9083
2023-08-15T18:00,32.3,53,976.9,Jaisalmer_Desert,26.9157,70.9083
2023-08-15T19:00,31.9,54,977.1,Jaisalmer_Desert,26.9157,70.9083
2023-08-15T20:00,31.1,58,977.6,Jaisalmer_Desert,26.9157,70.9083
2023-08-15T21:00,30.8,60,978.1,Jaisalmer_Desert,26.9157,70.9083
2023-08-15T22:00,30.3,63,978.1,Jaisalmer_Desert,26.9157,70.9083
2023-08-15T23:00,29.7,66,978.1,Jaisalmer_Desert,26.9157,70.9083
2023-08-16T00:00,29.2,67,977.7,Jaisalmer_Desert,26.9157,70.9083
2023-08-16T01:00,29.1,68,977.5,Jaisalmer_Desert,26.9157,70.9083
2023-08-16T02:00,28.5,70,977.3,Jaisalmer_Desert,26.9157,70.9083
2023-08-16T03:00,27.7,73,977.3,Jaisalmer_Desert,26.9157,70.9083
2023-08-16T04:00,27.3,75,977.6,Jaisalmer_Desert,26.9157,70.9083
2023-08-16T05:00,27,78,977.8,Jaisalmer_Desert,26.9157,70.9083
2023-08-16T06:00,26.5,81,978.6,Jaisalmer_Desert,26.9157,70.9083
2023-08-16T07:00,27,79,979.1,Jaisalmer_Desert,26.9157,70.9083
2023-08-16T08:00,28.1,75,979.5,Jaisalmer_Desert,26.9157,70.9083
2023-08-16T09:00,29.8,68,979.7,Jaisalmer_Desert,26.9157,70.9083
2023-08-16T10:00,31.6,60,979.7,Jaisalmer_Desert,26.9157,70.9083
2023-08-16T11:00,33.2,53,979,Jaisalmer_Desert,26.9157,70.9083
2023-08-16T12:00,34.4,47,978.5,Jaisalmer_Desert,26.9157,70.9083
2023-08-16T13:00,35.4,43,977.7,Jaisalmer_Desert,26.9157,70.9083
2023-08-16T14:00,36,40,976.9,Jaisalmer_Desert,26.9157,70.9083
2023-08-16T15:00,36.5,38,976.2,Jaisalmer_Desert,26.9157,70.9083
2023-08-16T16:00,36.9,37,975.7,Jaisalmer_Desert,26.9157,70.9083
2023-08-16T17:00,35,42,976.9,Jaisalmer_Desert,26.9157,70.9083
2023-08-16T18:00,35,41,976.6,Jaisalmer_Desert,26.9157,70.9083
2023-08-16T19:00,33.2,48,977,Jaisalmer_Desert,26.9157,70.9083
2023-08-16T20:00,33.1,48,977.2,Jaisalmer_Desert,26.9157,70.9083
2023-08-16T21:00,31.4,58,977.7,Jaisalmer_Desert,26.9157,70.9083
2023-08-16T22:00,30.9,60,977.8,Jaisalmer_Desert,26.9157,70.9083
2023-08-16T23:00,30.2,63,977.8,Jaisalmer_Desert,26.9157,70.9083
2023-08-17T00:00,29.4,68,977.6,Jaisalmer_Desert,26.9157,70.9083
2023-08-17T01:00,28.7,73,977.3,Jaisalmer_Desert,26.9157,70.9083
2023-08-17T02:00,28.3,74,977.1,Jaisalmer_Desert,26.9157,70.9083
2023-08-17T03:00,27.3,73,977.3,Jaisalmer_Desert,26.9157,70.9083
2023-08-17T04:00,26.3,76,977.4,Jaisalmer_Desert,26.9157,70.9083
2023-08-17T05:00,26,78,977,Jaisalmer_Desert,26.9157,70.9083
2023-08-17T06:00,25.6,80,977.6,Jaisalmer_Desert,26.9157,70.9083
2023-08-17T07:00,25.8,79,977.9,Jaisalmer_Desert,26.9157,70.9083
2023-08-17T08:00,26.8,74,978.2,Jaisalmer_Desert,26.9157,70.9083
2023-08-17T09:00,28.4,66,978.6,Jaisalmer_Desert,26.9157,70.9083
2023-08-17T10:00,30.2,58,978.8,Jaisalmer_Desert,26.9157,70.9083
2023-08-17T11:00,31.9,52,978.2,Jaisalmer_Desert,26.9157,70.9083
2023-08-17T12:00,33.6,46,977.6,Jaisalmer_Desert,26.9157,70.9083
2023-08-17T13:00,35,42,976.7,Jaisalmer_Desert,26.9157,70.9083
2023-08-17T14:00,36.1,39,975.8,Jaisalmer_Desert,26.9157,70.9083
2023-08-17T15:00,36.8,37,975.1,Jaisalmer_Desert,26.9157,70.9083
2023-08-17T16:00,36.9,36,974.8,Jaisalmer_Desert,26.9157,70.9083
2023-08-17T17:00,35.1,43,976,Jaisalmer_Desert,26.9157,70.9083
2023-08-17T18:00,34.3,45,976,Jaisalmer_Desert,26.9157,70.9083
2023-08-17T19:00,33.2,49,976.3,Jaisalmer_Desert,26.9157,70.9083
2023-08-17T20:00,32.6,51,976.5,Jaisalmer_Desert,26.9157,70.9083
2023-08-17T21:00,31.7,54,977,Jaisalmer_Desert,26.9157,70.9083
2023-08-17T22:00,30.8,58,977.2,Jaisalmer_Desert,26.9157,70.9083
2023-08-17T23:00,29.7,62,977.1,Jaisalmer_Desert,26.9157,70.9083
2023-08-18T00:00,28.3,65,977,Jaisalmer_Desert,26.9157,70.9083
2023-08-18T01:00,26.9,69,976.6,Jaisalmer_Desert,26.9157,70.9083
2023-08-18T02:00,25.7,74,976.1,Jaisalmer_Desert,26.9157,70.9083
2023-08-18T03:00,24.8,78,976.2,Jaisalmer_Desert,26.9157,70.9083
2023-08-18T04:00,24.3,80,976.2,Jaisalmer_Desert,26.9157,70.9083
2023-08-18T05:00,24.6,81,976.2,Jaisalmer_Desert,26.9157,70.9083
2023-08-18T06:00,24.3,82,976.5,Jaisalmer_Desert,26.9157,70.9083
2023-08-18T07:00,24.8,80,977,Jaisalmer_Desert,26.9157,70.9083
2023-08-18T08:00,26.1,74,977.6,Jaisalmer_Desert,26.9157,70.9083
2023-08-18T09:00,28,66,977.9,Jaisalmer_Desert,26.9157,70.9083
2023-08-18T10:00,30,58,978.2,Jaisalmer_Desert,26.9157,70.9083
2023-08-18T11:00,32.1,50,977.8,Jaisalmer_Desert,26.9157,70.9083
2023-08-18T12:00,34.1,43,977.1,Jaisalmer_Desert,26.9157,70.9083
2023-08-18T13:00,35.6,39,976.4,Jaisalmer_Desert,26.9157,70.9083
2023-08-18T14:00,36.7,36,975.5,Jaisalmer_Desert,26.9157,70.9083
2023-08-18T15:00,37.3,34,974.8,Jaisalmer_Desert,26.9157,70.9083
2023-08-18T16:00,37.5,32,974.4,Jaisalmer_Desert,26.9157,70.9083
2023-08-18T17:00,36.7,36,975.2,Jaisalmer_Desert,26.9157,70.9083
2023-08-18T18:00,36.1,36,975.3,Jaisalmer_Desert,26.9157,70.9083
2023-08-18T19:00,35.2,38,975.6,Jaisalmer_Desert,26.9157,70.9083
2023-08-18T20:00,34.4,40,976,Jaisalmer_Desert,26.9157,70.9083
2023-08-18T21:00,33.6,42,976.5,Jaisalmer_Desert,26.9157,70.9083
2023-08-18T22:00,32.7,43,976.8,Jaisalmer_Desert,26.9157,70.9083
2023-08-18T23:00,31.6,45,976.6,Jaisalmer_Desert,26.9157,70.9083
2023-08-19T00:00,30.3,53,976.5,Jaisalmer_Desert,26.9157,70.9083
2023-08-19T01:00,28.9,61,976.4,Jaisalmer_Desert,26.9157,70.9083
2023-08-19T02:00,27.5,67,976,Jaisalmer_Desert,26.9157,70.9083
2023-08-19T03:00,26.3,72,976.3,Jaisalmer_Desert,26.9157,70.9083
2023-08-19T04:00,25.3,77,976.6,Jaisalmer_Desert,26.9157,70.9083
2023-08-19T05:00,25.3,80,976.5,Jaisalmer_Desert,26.9157,70.9083
2023-08-19T06:00,24.8,83,977,Jaisalmer_Desert,26.9157,70.9083
2023-08-19T07:00,25.2,81,977.1,Jaisalmer_Desert,26.9157,70.9083
2023-08-19T08:00,27,72,977.6,Jaisalmer_Desert,26.9157,70.9083
2023-08-19T09:00,29.6,60,978,Jaisalmer_Desert,26.9157,70.9083
2023-08-19T10:00,32.4,46,978,Jaisalmer_Desert,26.9157,70.9083
2023-08-19T11:00,34.8,37,977.5,Jaisalmer_Desert,26.9157,70.9083
2023-08-19T12:00,36.4,33,977.1,Jaisalmer_Desert,26.9157,70.9083
2023-08-19T13:00,37.4,31,976.6,Jaisalmer_Desert,26.9157,70.9083
2023-08-19T14:00,38.3,29,975.7,Jaisalmer_Desert,26.9157,70.9083
2023-08-19T15:00,38.7,28,974.9,Jaisalmer_Desert,26.9157,70.9083
2023-08-19T16:00,38.8,27,974.5,Jaisalmer_Desert,26.9157,70.9083
2023-08-19T17:00,36.9,34,975.5,Jaisalmer_Desert,26.9157,70.9083
2023-08-19T18:00,36.6,34,975.3,Jaisalmer_Desert,26.9157,70.9083
2023-08-19T19:00,35.9,35,975.9,Jaisalmer_Desert,26.9157,70.9083
2023-08-19T20:00,35.5,36,976.3,Jaisalmer_Desert,26.9157,70.9083
2023-08-19T21:00,34.7,40,976.8,Jaisalmer_Desert,26.9157,70.9083
2023-08-19T22:00,33.7,43,977.1,Jaisalmer_Desert,26.9157,70.9083
2023-08-19T23:00,33,45,976.8,Jaisalmer_Desert,26.9157,70.9083
2023-08-20T00:00,32.5,46,976.8,Jaisalmer_Desert,26.9157,70.9083
2023-08-20T01:00,31.9,48,976.1,Jaisalmer_Desert,26.9157,70.9083
2023-08-20T02:00,31.1,53,975.8,Jaisalmer_Desert,26.9157,70.9083
2023-08-20T03:00,30.2,60,975.9,Jaisalmer_Desert,26.9157,70.9083
2023-08-20T04:00,29.2,64,975.9,Jaisalmer_Desert,26.9157,70.9083
2023-08-20T05:00,29.6,65,975.8,Jaisalmer_Desert,26.9157,70.9083
2023-08-20T06:00,28.7,69,976.9,Jaisalmer_Desert,26.9157,70.9083
2023-08-20T07:00,28.7,69,977.5,Jaisalmer_Desert,26.9157,70.9083
2023-08-20T08:00,29.8,64,977.6,Jaisalmer_Desert,26.9157,70.9083
2023-08-20T09:00,31.9,56,977.7,Jaisalmer_Desert,26.9157,70.9083
2023-08-20T10:00,34.4,48,977.7,Jaisalmer_Desert,26.9157,70.9083
2023-08-20T11:00,36.1,42,977.7,Jaisalmer_Desert,26.9157,70.9083
2023-08-20T12:00,37.3,37,977.3,Jaisalmer_Desert,26.9157,70.9083
2023-08-20T13:00,38.4,34,976.5,Jaisalmer_Desert,26.9157,70.9083
2023-08-20T14:00,39.4,32,975.6,Jaisalmer_Desert,26.9157,70.9083
2023-08-20T15:00,39.1,32,974.6,Jaisalmer_Desert,26.9157,70.9083
2023-08-20T16:00,34.6,49,974.6,Jaisalmer_Desert,26.9157,70.9083
2023-08-20T17:00,31.2,70,976.3,Jaisalmer_Desert,26.9157,70.9083
2023-08-20T18:00,30.9,70,976.9,Jaisalmer_Desert,26.9157,70.9083
2023-08-20T19:00,30,74,976.6,Jaisalmer_Desert,26.9157,70.9083
2023-08-20T20:00,29.5,78,976.7,Jaisalmer_Desert,26.9157,70.9083
2023-08-20T21:00,29.3,80,976.8,Jaisalmer_Desert,26.9157,70.9083
2023-08-20T22:00,29,81,977.3,Jaisalmer_Desert,26.9157,70.9083
2023-08-20T23:00,28.6,83,977.1,Jaisalmer_Desert,26.9157,70.9083
2023-08-21T00:00,28.1,87,976.9,Jaisalmer_Desert,26.9157,70.9083
2023-08-21T01:00,27.6,88,976.4,Jaisalmer_Desert,26.9157,70.9083
2023-08-21T02:00,27.4,86,975.9,Jaisalmer_Desert,26.9157,70.9083
2023-08-21T03:00,27.2,85,975.7,Jaisalmer_Desert,26.9157,70.9083
2023-08-21T04:00,26.8,86,975.8,Jaisalmer_Desert,26.9157,70.9083
2023-08-21T05:00,27.2,87,976.1,Jaisalmer_Desert,26.9157,70.9083
2023-08-21T06:00,27,88,976.5,Jaisalmer_Desert,26.9157,70.9083
2023-08-21T07:00,27.3,87,977,Jaisalmer_Desert,26.9157,70.9083
2023-08-21T08:00,28.7,79,977.5,Jaisalmer_Desert,26.9157,70.9083
2023-08-21T09:00,30.4,71,977.7,Jaisalmer_Desert,26.9157,70.9083
2023-08-21T10:00,32.1,63,977.8,Jaisalmer_Desert,26.9157,70.9083
2023-08-21T11:00,33.3,59,977.3,Jaisalmer_Desert,26.9157,70.9083
2023-08-21T12:00,34.3,55,976.9,Jaisalmer_Desert,26.9157,70.9083
2023-08-21T13:00,35,52,976.2,Jaisalmer_Desert,26.9157,70.9083
2023-08-21T14:00,35.4,50,975.5,Jaisalmer_Desert,26.9157,70.9083
2023-08-21T15:00,35.5,50,974.7,Jaisalmer_Desert,26.9157,70.9083
2023-08-21T16:00,35.5,49,974.5,Jaisalmer_Desert,26.9157,70.9083
2023-08-21T17:00,36.1,48,974.9,Jaisalmer_Desert,26.9157,70.9083
2023-08-21T18:00,34.7,52,975.1,Jaisalmer_Desert,26.9157,70.9083
2023-08-21T19:00,33.1,62,975.3,Jaisalmer_Desert,26.9157,70.9083
2023-08-21T20:00,31.8,68,975.6,Jaisalmer_Desert,26.9157,70.9083
2023-08-21T21:00,31,71,976.1,Jaisalmer_Desert,26.9157,70.9083
2023-08-21T22:00,30.4,73,976.4,Jaisalmer_Desert,26.9157,70.9083
2023-08-21T23:00,30,73,976.4,Jaisalmer_Desert,26.9157,70.9083
2023-08-22T00:00,29.7,74,976.1,Jaisalmer_Desert,26.9157,70.9083
2023-08-22T01:00,29.1,77,975.5,Jaisalmer_Desert,26.9157,70.9083
2023-08-22T02:00,28.2,78,975,Jaisalmer_Desert,26.9157,70.9083
2023-08-22T03:00,27.2,78,974.7,Jaisalmer_Desert,26.9157,70.9083
2023-08-22T04:00,26.4,80,974.7,Jaisalmer_Desert,26.9157,70.9083
2023-08-22T05:00,26.8,80,975.2,Jaisalmer_Desert,26.9157,70.9083
2023-08-22T06:00,26.3,82,975.6,Jaisalmer_Desert,26.9157,70.9083
2023-08-22T07:00,26.6,81,976.2,Jaisalmer_Desert,26.9157,70.9083
2023-08-22T08:00,27.8,76,976.5,Jaisalmer_Desert,26.9157,70.9083
2023-08-22T09:00,29.7,68,976.7,Jaisalmer_Desert,26.9157,70.9083
2023-08-22T10:00,31.7,60,976.5,Jaisalmer_Desert,26.9157,70.9083
2023-08-22T11:00,33.5,53,976.1,Jaisalmer_Desert,26.9157,70.9083
2023-08-22T12:00,34.9,48,975.5,Jaisalmer_Desert,26.9157,70.9083
2023-08-22T13:00,35.8,44,974.8,Jaisalmer_Desert,26.9157,70.9083
2023-08-22T14:00,36.4,42,973.9,Jaisalmer_Desert,26.9157,70.9083
2023-08-22T15:00,36.6,41,972.9,Jaisalmer_Desert,26.9157,70.9083
2023-08-22T16:00,36.4,40,972.7,Jaisalmer_Desert,26.9157,70.9083
2023-08-22T17:00,36,43,973.5,Jaisalmer_Desert,26.9157,70.9083
2023-08-22T18:00,34.9,46,973.7,Jaisalmer_Desert,26.9157,70.9083
2023-08-22T19:00,33.6,52,973.9,Jaisalmer_Desert,26.9157,70.9083
2023-08-22T20:00,32.6,57,974.4,Jaisalmer_Desert,26.9157,70.9083
2023-08-22T21:00,31.8,60,974.9,Jaisalmer_Desert,26.9157,70.9083
2023-08-22T22:00,30.6,61,975.2,Jaisalmer_Desert,26.9157,70.9083
2023-08-22T23:00,29.3,64,975,Jaisalmer_Desert,26.9157,70.9083
2023-08-23T00:00,28.2,68,974.8,Jaisalmer_Desert,26.9157,70.9083
2023-08-23T01:00,27.1,71,973.9,Jaisalmer_Desert,26.9157,70.9083
2023-08-23T02:00,26.1,74,973.4,Jaisalmer_Desert,26.9157,70.9083
2023-08-23T03:00,25.4,77,973.2,Jaisalmer_Desert,26.9157,70.9083
2023-08-23T04:00,24.8,79,973,Jaisalmer_Desert,26.9157,70.9083
2023-08-23T05:00,24.9,81,973.1,Jaisalmer_Desert,26.9157,70.9083
2023-08-23T06:00,24.7,82,973.1,Jaisalmer_Desert,26.9157,70.9083
2023-08-23T07:00,25.2,80,973.5,Jaisalmer_Desert,26.9157,70.9083
2023-08-23T08:00,26.5,74,973.9,Jaisalmer_Desert,26.9157,70.9083
2023-08-23T09:00,28.1,66,973.9,Jaisalmer_Desert,26.9157,70.9083
2023-08-23T10:00,29.8,60,973.8,Jaisalmer_Desert,26.9157,70.9083
2023-08-23T11:00,31.4,54,973.6,Jaisalmer_Desert,26.9157,70.9083
2023-08-23T12:00,32.7,50,972.9,Jaisalmer_Desert,26.9157,70.9083
2023-08-23T13:00,33.8,46,972.3,Jaisalmer_Desert,26.9157,70.9083
2023-08-23T14:00,34.6,43,971.5,Jaisalmer_Desert,26.9157,70.9083
2023-08-23T15:00,34.9,42,970.8,Jaisalmer_Desert,26.9157,70.9083
2023-08-23T16:00,35,41,970.6,Jaisalmer_Desert,26.9157,70.9083
2023-08-23T17:00,32.7,50,971.8,Jaisalmer_Desert,26.9157,70.9083
2023-08-23T18:00,32,52,972.2,Jaisalmer_Desert,26.9157,70.9083
2023-08-23T19:00,31.2,55,972.1,Jaisalmer_Desert,26.9157,70.9083
2023-08-23T20:00,30.2,58,972.5,Jaisalmer_Desert,26.9157,70.9083
2023-08-23T21:00,29.3,61,973.1,Jaisalmer_Desert,26.9157,70.9083
2023-08-23T22:00,28.3,63,973,Jaisalmer_Desert,26.9157,70.9083
2023-08-23T23:00,27.5,67,972.7,Jaisalmer_Desert,26.9157,70.9083
2023-08-24T00:00,26.7,69,972.5,Jaisalmer_Desert,26.9157,70.9083
2023-08-24T01:00,26,73,972,Jaisalmer_Desert,26.9157,70.9083
2023-08-24T02:00,25.3,76,971.6,Jaisalmer_Desert,26.9157,70.9083
2023-08-24T03:00,24.7,81,971.4,Jaisalmer_Desert,26.9157,70.9083
2023-08-24T04:00,24.4,84,971.4,Jaisalmer_Desert,26.9157,70.9083
2023-08-24T05:00,24.9,84,971.7,Jaisalmer_Desert,26.9157,70.9083
2023-08-24T06:00,24.9,83,971.9,Jaisalmer_Desert,26.9157,70.9083
2023-08-24T07:00,25.5,80,972.1,Jaisalmer_Desert,26.9157,70.9083
2023-08-24T08:00,26.9,72,972,Jaisalmer_Desert,26.9157,70.9083
2023-08-24T09:00,28,67,972.3,Jaisalmer_Desert,26.9157,70.9083
2023-08-24T10:00,29.6,61,972.3,Jaisalmer_Desert,26.9157,70.9083
2023-08-24T11:00,31.3,54,971.9,Jaisalmer_Desert,26.9157,70.9083
2023-08-24T12:00,33.2,48,971.4,Jaisalmer_Desert,26.9157,70.9083
2023-08-24T13:00,34.6,43,970.9,Jaisalmer_Desert,26.9157,70.9083
2023-08-24T14:00,35.7,40,970.3,Jaisalmer_Desert,26.9157,70.9083
2023-08-24T15:00,36.1,39,969.7,Jaisalmer_Desert,26.9157,70.9083
2023-08-24T16:00,36.1,39,969.5,Jaisalmer_Desert,26.9157,70.9083
2023-08-24T17:00,34.3,46,970.9,Jaisalmer_Desert,26.9157,70.9083
2023-08-24T18:00,33.9,48,970.9,Jaisalmer_Desert,26.9157,70.9083
2023-08-24T19:00,32.8,52,971.3,Jaisalmer_Desert,26.9157,70.9083
2023-08-24T20:00,32.1,55,971.9,Jaisalmer_Desert,26.9157,70.9083
2023-08-24T21:00,31.6,56,972.3,Jaisalmer_Desert,26.9157,70.9083
2023-08-24T22:00,30.7,58,972.5,Jaisalmer_Desert,26.9157,70.9083
2023-08-24T23:00,29.5,62,972.4,Jaisalmer_Desert,26.9157,70.9083
2023-08-25T00:00,28.2,66,972.3,Jaisalmer_Desert,26.9157,70.9083
2023-08-25T01:00,27,71,972.2,Jaisalmer_Desert,26.9157,70.9083
2023-08-25T02:00,26.1,75,972,Jaisalmer_Desert,26.9157,70.9083
2023-08-25T03:00,25.4,79,971.6,Jaisalmer_Desert,26.9157,70.9083
2023-08-25T04:00,24.9,81,971.7,Jaisalmer_Desert,26.9157,70.9083
2023-08-25T05:00,25,82,971.8,Jaisalmer_Desert,26.9157,70.9083
2023-08-25T06:00,25,81,972.6,Jaisalmer_Desert,26.9157,70.9083
2023-08-25T07:00,25.5,77,973.2,Jaisalmer_Desert,26.9157,70.9083
2023-08-25T08:00,26.8,69,973,Jaisalmer_Desert,26.9157,70.9083
2023-08-25T09:00,28.3,62,973,Jaisalmer_Desert,26.9157,70.9083
2023-08-25T10:00,30,55,973.1,Jaisalmer_Desert,26.9157,70.9083
2023-08-25T11:00,31.8,48,972.7,Jaisalmer_Desert,26.9157,70.9083
2023-08-25T12:00,33.4,44,972.2,Jaisalmer_Desert,26.9157,70.9083
2023-08-25T13:00,34.6,40,971.7,Jaisalmer_Desert,26.9157,70.9083
2023-08-25T14:00,35.4,38,971.2,Jaisalmer_Desert,26.9157,70.9083
2023-08-25T15:00,35.8,38,970.9,Jaisalmer_Desert,26.9157,70.9083
2023-08-25T16:00,35.9,37,970.9,Jaisalmer_Desert,26.9157,70.9083
2023-08-25T17:00,34,44,972.5,Jaisalmer_Desert,26.9157,70.9083
2023-08-25T18:00,33.7,44,972.7,Jaisalmer_Desert,26.9157,70.9083
2023-08-25T19:00,32.8,48,973.1,Jaisalmer_Desert,26.9157,70.9083
2023-08-25T20:00,32.4,51,973.4,Jaisalmer_Desert,26.9157,70.9083
2023-08-25T21:00,32.1,52,973.9,Jaisalmer_Desert,26.9157,70.9083
2023-08-25T22:00,30.9,56,974.2,Jaisalmer_Desert,26.9157,70.9083
2023-08-25T23:00,29.3,63,974.5,Jaisalmer_Desert,26.9157,70.9083
2023-08-26T00:00,28.7,64,974.4,Jaisalmer_Desert,26.9157,70.9083
2023-08-26T01:00,27.8,68,974.2,Jaisalmer_Desert,26.9157,70.9083
2023-08-26T02:00,26.9,73,973.7,Jaisalmer_Desert,26.9157,70.9083
2023-08-26T03:00,26.1,77,973.5,Jaisalmer_Desert,26.9157,70.9083
2023-08-26T04:00,25.5,80,973.7,Jaisalmer_Desert,26.9157,70.9083
2023-08-26T05:00,25.3,83,974.1,Jaisalmer_Desert,26.9157,70.9083
2023-08-26T06:00,25,84,974.6,Jaisalmer_Desert,26.9157,70.9083
2023-08-26T07:00,25.6,78,975.3,Jaisalmer_Desert,26.9157,70.9083
2023-08-26T08:00,26.4,73,975.2,Jaisalmer_Desert,26.9157,70.9083
2023-08-26T09:00,27.8,66,975.5,Jaisalmer_Desert,26.9157,70.9083
2023-08-26T10:00,29.7,57,975.5,Jaisalmer_Desert,26.9157,70.9083
2023-08-26T11:00,31.3,51,975.4,Jaisalmer_Desert,26.9157,70.9083
2023-08-26T12:00,33,45,975.1,Jaisalmer_Desert,26.9157,70.9083
2023-08-26T13:00,34.3,41,974.4,Jaisalmer_Desert,26.9157,70.9083
2023-08-26T14:00,35.3,38,973.6,Jaisalmer_Desert,26.9157,70.9083
2023-08-26T15:00,35.8,36,973.1,Jaisalmer_Desert,26.9157,70.9083
2023-08-26T16:00,35.8,36,973.1,Jaisalmer_Desert,26.9157,70.9083
2023-08-26T17:00,34.6,42,973.8,Jaisalmer_Desert,26.9157,70.9083
2023-08-26T18:00,33.7,43,974.3,Jaisalmer_Desert,26.9157,70.9083
2023-08-26T19:00,32.9,46,974.7,Jaisalmer_Desert,26.9157,70.9083
2023-08-26T20:00,32.2,48,975.5,Jaisalmer_Desert,26.9157,70.9083
2023-08-26T21:00,31.4,50,976.3,Jaisalmer_Desert,26.9157,70.9083
2023-08-26T22:00,30.9,51,976.8,Jaisalmer_Desert,26.9157,70.9083
2023-08-26T23:00,30.2,54,976.8,Jaisalmer_Desert,26.9157,70.9083
2023-08-27T00:00,29,61,976.6,Jaisalmer_Desert,26.9157,70.9083
2023-08-27T01:00,28.1,64,976,Jaisalmer_Desert,26.9157,70.9083
2023-08-27T02:00,27.1,68,975.9,Jaisalmer_Desert,26.9157,70.9083
2023-08-27T03:00,26.2,72,975.8,Jaisalmer_Desert,26.9157,70.9083
2023-08-27T04:00,25.5,76,975.8,Jaisalmer_Desert,26.9157,70.9083
2023-08-27T05:00,25.3,79,975.7,Jaisalmer_Desert,26.9157,70.9083
2023-08-27T06:00,25,82,976.3,Jaisalmer_Desert,26.9157,70.9083
2023-08-27T07:00,25.4,80,976.9,Jaisalmer_Desert,26.9157,70.9083
2023-08-27T08:00,26.8,72,977,Jaisalmer_Desert,26.9157,70.9083
2023-08-27T09:00,28.4,65,977.1,Jaisalmer_Desert,26.9157,70.9083
2023-08-27T10:00,30.4,57,977.1,Jaisalmer_Desert,26.9157,70.9083
2023-08-27T11:00,32.3,51,976.7,Jaisalmer_Desert,26.9157,70.9083
2023-08-27T12:00,33.7,46,975.9,Jaisalmer_Desert,26.9157,70.9083
2023-08-27T13:00,35.2,41,975.2,Jaisalmer_Desert,26.9157,70.9083
2023-08-27T14:00,36.2,38,974.2,Jaisalmer_Desert,26.9157,70.9083
2023-08-27T15:00,36.8,36,973.4,Jaisalmer_Desert,26.9157,70.9083
2023-08-27T16:00,36.9,35,973.1,Jaisalmer_Desert,26.9157,70.9083
2023-08-27T17:00,35.5,39,974,Jaisalmer_Desert,26.9157,70.9083
2023-08-27T18:00,34.8,41,974.2,Jaisalmer_Desert,26.9157,70.9083
2023-08-27T19:00,33.4,45,974.5,Jaisalmer_Desert,26.9157,70.9083
2023-08-27T20:00,32.5,50,975,Jaisalmer_Desert,26.9157,70.9083
2023-08-27T21:00,31.8,52,975.4,Jaisalmer_Desert,26.9157,70.9083
2023-08-27T22:00,30.8,57,975.6,Jaisalmer_Desert,26.9157,70.9083
2023-08-27T23:00,29.7,60,975.6,Jaisalmer_Desert,26.9157,70.9083
2023-08-28T00:00,28.4,63,975.9,Jaisalmer_Desert,26.9157,70.9083
2023-08-28T01:00,27.1,67,975.1,Jaisalmer_Desert,26.9157,70.9083
2023-08-28T02:00,26.2,71,974.3,Jaisalmer_Desert,26.9157,70.9083
2023-08-28T03:00,25.4,75,974.1,Jaisalmer_Desert,26.9157,70.9083
2023-08-28T04:00,24.6,81,974.1,Jaisalmer_Desert,26.9157,70.9083
2023-08-28T05:00,24.6,83,973.7,Jaisalmer_Desert,26.9157,70.9083
2023-08-28T06:00,24.6,84,974.3,Jaisalmer_Desert,26.9157,70.9083
2023-08-28T07:00,25,82,975.1,Jaisalmer_Desert,26.9157,70.9083
2023-08-28T08:00,26.4,74,975.3,Jaisalmer_Desert,26.9157,70.9083
2023-08-28T09:00,28.1,65,975.8,Jaisalmer_Desert,26.9157,70.9083
2023-08-28T10:00,29.9,58,975.8,Jaisalmer_Desert,26.9157,70.9083
2023-08-28T11:00,31.9,50,975.4,Jaisalmer_Desert,26.9157,70.9083
2023-08-28T12:00,33.8,44,974.7,Jaisalmer_Desert,26.9157,70.9083
2023-08-28T13:00,35.3,40,973.7,Jaisalmer_Desert,26.9157,70.9083
2023-08-28T14:00,36.4,37,972.8,Jaisalmer_Desert,26.9157,70.9083
2023-08-28T15:00,36.8,36,972,Jaisalmer_Desert,26.9157,70.9083
2023-08-28T16:00,36.7,37,971.8,Jaisalmer_Desert,26.9157,70.9083
2023-08-28T17:00,34.8,42,973.2,Jaisalmer_Desert,26.9157,70.9083
2023-08-28T18:00,33.9,46,973.4,Jaisalmer_Desert,26.9157,70.9083
2023-08-28T19:00,33,49,973.8,Jaisalmer_Desert,26.9157,70.9083
2023-08-28T20:00,32.3,52,974.3,Jaisalmer_Desert,26.9157,70.9083
2023-08-28T21:00,31.6,54,975,Jaisalmer_Desert,26.9157,70.9083
2023-08-28T22:00,30.5,58,975.3,Jaisalmer_Desert,26.9157,70.9083
2023-08-28T23:00,29.1,62,975.2,Jaisalmer_Desert,26.9157,70.9083
2023-08-29T00:00,27.8,65,975.2,Jaisalmer_Desert,26.9157,70.9083
2023-08-29T01:00,26.7,70,975.1,Jaisalmer_Desert,26.9157,70.9083
2023-08-29T02:00,25.8,74,975.1,Jaisalmer_Desert,26.9157,70.9083
2023-08-29T03:00,25.1,79,974.8,Jaisalmer_Desert,26.9157,70.9083
2023-08-29T04:00,24.6,82,975.3,Jaisalmer_Desert,26.9157,70.9083
2023-08-29T05:00,25.1,83,975.8,Jaisalmer_Desert,26.9157,70.9083
2023-08-29T06:00,25.3,81,976.5,Jaisalmer_Desert,26.9157,70.9083
2023-08-29T07:00,25.7,79,977.3,Jaisalmer_Desert,26.9157,70.9083
2023-08-29T08:00,26.5,75,977.7,Jaisalmer_Desert,26.9157,70.9083
2023-08-29T09:00,28.3,64,978,Jaisalmer_Desert,26.9157,70.9083
2023-08-29T10:00,30.2,57,978,Jaisalmer_Desert,26.9157,70.9083
2023-08-29T11:00,31.8,52,977.7,Jaisalmer_Desert,26.9157,70.9083
2023-08-29T12:00,33.3,48,977.1,Jaisalmer_Desert,26.9157,70.9083
2023-08-29T13:00,34.6,44,976.5,Jaisalmer_Desert,26.9157,70.9083
2023-08-29T14:00,35.4,42,976,Jaisalmer_Desert,26.9157,70.9083
2023-08-29T15:00,35.9,40,975.2,Jaisalmer_Desert,26.9157,70.9083
2023-08-29T16:00,36.2,39,974.9,Jaisalmer_Desert,26.9157,70.9083
2023-08-29T17:00,35.2,44,976.1,Jaisalmer_Desert,26.9157,70.9083
2023-08-29T18:00,34.4,45,976.5,Jaisalmer_Desert,26.9157,70.9083
2023-08-29T19:00,33.7,47,977,Jaisalmer_Desert,26.9157,70.9083
2023-08-29T20:00,33.2,49,977.4,Jaisalmer_Desert,26.9157,70.9083
2023-08-29T21:00,32.5,50,978.1,Jaisalmer_Desert,26.9157,70.9083
2023-08-29T22:00,31.8,54,978.7,Jaisalmer_Desert,26.9157,70.9083
2023-08-29T23:00,31.1,57,978.8,Jaisalmer_Desert,26.9157,70.9083
2023-08-30T00:00,30.5,60,978.7,Jaisalmer_Desert,26.9157,70.9083
2023-08-30T01:00,29.9,62,978.7,Jaisalmer_Desert,26.9157,70.9083
2023-08-30T02:00,28.8,66,978.5,Jaisalmer_Desert,26.9157,70.9083
2023-08-30T03:00,27.7,70,978.6,Jaisalmer_Desert,26.9157,70.9083
2023-08-30T04:00,26.8,73,978.8,Jaisalmer_Desert,26.9157,70.9083
2023-08-30T05:00,26.5,76,978.8,Jaisalmer_Desert,26.9157,70.9083
2023-08-30T06:00,25.9,79,979.3,Jaisalmer_Desert,26.9157,70.9083
2023-08-30T07:00,26.1,78,980,Jaisalmer_Desert,26.9157,70.9083
2023-08-30T08:00,27.1,73,980.4,Jaisalmer_Desert,26.9157,70.9083
2023-08-30T09:00,28.7,64,980.8,Jaisalmer_Desert,26.9157,70.9083
2023-08-30T10:00,30.4,57,980.9,Jaisalmer_Desert,26.9157,70.9083
2023-08-30T11:00,32.2,50,980.8,Jaisalmer_Desert,26.9157,70.9083
2023-08-30T12:00,33.8,44,980.1,Jaisalmer_Desert,26.9157,70.9083
2023-08-30T13:00,35,40,979.5,Jaisalmer_Desert,26.9157,70.9083
2023-08-30T14:00,35.9,38,978.7,Jaisalmer_Desert,26.9157,70.9083
2023-08-30T15:00,36.4,36,977.8,Jaisalmer_Desert,26.9157,70.9083
2023-08-30T16:00,36.5,36,977.3,Jaisalmer_Desert,26.9157,70.9083
2023-08-30T17:00,35.2,40,978.1,Jaisalmer_Desert,26.9157,70.9083
2023-08-30T18:00,34.6,42,978.4,Jaisalmer_Desert,26.9157,70.9083
2023-08-30T19:00,33.9,43,978.7,Jaisalmer_Desert,26.9157,70.9083
2023-08-30T20:00,33.3,45,979.1,Jaisalmer_Desert,26.9157,70.9083
2023-08-30T21:00,32.5,47,979.5,Jaisalmer_Desert,26.9157,70.9083
2023-08-30T22:00,31.6,51,979.5,Jaisalmer_Desert,26.9157,70.9083
2023-08-30T23:00,30.6,55,979.6,Jaisalmer_Desert,26.9157,70.9083
2023-08-31T00:00,29.6,62,979.6,Jaisalmer_Desert,26.9157,70.9083
2023-08-31T01:00,29,65,979.1,Jaisalmer_Desert,26.9157,70.9083
2023-08-31T02:00,28.3,67,979.1,Jaisalmer_Desert,26.9157,70.9083
2023-08-31T03:00,26.9,73,979.1,Jaisalmer_Desert,26.9157,70.9083
2023-08-31T04:00,26.3,77,979.5,Jaisalmer_Desert,26.9157,70.9083
2023-08-31T05:00,26.2,80,980,Jaisalmer_Desert,26.9157,70.9083
2023-08-31T06:00,25.6,82,980.4,Jaisalmer_Desert,26.9157,70.9083
2023-08-31T07:00,26.1,79,980.9,Jaisalmer_Desert,26.9157,70.9083
2023-08-31T08:00,27.7,71,981.4,Jaisalmer_Desert,26.9157,70.9083
2023-08-31T09:00,29.8,60,981.7,Jaisalmer_Desert,26.9157,70.9083
2023-08-31T10:00,31.8,49,981.7,Jaisalmer_Desert,26.9157,70.9083
2023-08-31T11:00,33.3,42,981.3,Jaisalmer_Desert,26.9157,70.9083
2023-08-31T12:00,34.8,36,980.8,Jaisalmer_Desert,26.9157,70.9083
2023-08-31T13:00,35.8,34,980,Jaisalmer_Desert,26.9157,70.9083
2023-08-31T14:00,36.4,33,979.1,Jaisalmer_Desert,26.9157,70.9083
2023-08-31T15:00,36.9,31,978.6,Jaisalmer_Desert,26.9157,70.9083
2023-08-31T16:00,36.8,30,978.5,Jaisalmer_Desert,26.9157,70.9083
2023-08-31T17:00,35.3,35,979,Jaisalmer_Desert,26.9157,70.9083
2023-08-31T18:00,34.5,36,979.3,Jaisalmer_Desert,26.9157,70.9083
2023-08-31T19:00,33.6,39,979.7,Jaisalmer_Desert,26.9157,70.9083
2023-08-31T20:00,32.8,41,980,Jaisalmer_Desert,26.9157,70.9083
2023-08-31T21:00,32.1,43,980.4,Jaisalmer_Desert,26.9157,70.9083
2023-08-31T22:00,31.3,45,980.5,Jaisalmer_Desert,26.9157,70.9083
2023-08-31T23:00,30.5,47,980.3,Jaisalmer_Desert,26.9157,70.9083
2023-09-01T00:00,29.8,49,980.1,Jaisalmer_Desert,26.9157,70.9083
2023-09-01T01:00,29,51,979.6,Jaisalmer_Desert,26.9157,70.9083
2023-09-01T02:00,28.3,53,979.4,Jaisalmer_Desert,26.9157,70.9083
2023-09-01T03:00,27.8,56,979.3,Jaisalmer_Desert,26.9157,70.9083
2023-09-01T04:00,27,62,979.7,Jaisalmer_Desert,26.9157,70.9083
2023-09-01T05:00,26.7,74,980,Jaisalmer_Desert,26.9157,70.9083
2023-09-01T06:00,26,77,980.6,Jaisalmer_Desert,26.9157,70.9083
2023-09-01T07:00,26.3,75,981.3,Jaisalmer_Desert,26.9157,70.9083
2023-09-01T08:00,27.6,69,981.9,Jaisalmer_Desert,26.9157,70.9083
2023-09-01T09:00,29.6,59,982.3,Jaisalmer_Desert,26.9157,70.9083
2023-09-01T10:00,31.5,51,982.5,Jaisalmer_Desert,26.9157,70.9083
2023-09-01T11:00,33.1,44,982,Jaisalmer_Desert,26.9157,70.9083
2023-09-01T12:00,34.6,39,981.3,Jaisalmer_Desert,26.9157,70.9083
2023-09-01T13:00,35.8,34,980.2,Jaisalmer_Desert,26.9157,70.9083
2023-09-01T14:00,36.7,30,979.1,Jaisalmer_Desert,26.9157,70.9083
2023-09-01T15:00,37.2,28,978.5,Jaisalmer_Desert,26.9157,70.9083
2023-09-01T16:00,37.1,28,977.9,Jaisalmer_Desert,26.9157,70.9083
2023-09-01T17:00,35.6,32,978.8,Jaisalmer_Desert,26.9157,70.9083
2023-09-01T18:00,34.8,35,978.9,Jaisalmer_Desert,26.9157,70.9083
2023-09-01T19:00,33.7,38,979.1,Jaisalmer_Desert,26.9157,70.9083
2023-09-01T20:00,33,42,979.5,Jaisalmer_Desert,26.9157,70.9083
2023-09-01T21:00,32.1,45,979.7,Jaisalmer_Desert,26.9157,70.9083
2023-09-01T22:00,31,49,979.7,Jaisalmer_Desert,26.9157,70.9083
2023-09-01T23:00,30.1,53,979.8,Jaisalmer_Desert,26.9157,70.9083
2023-09-02T00:00,29.4,56,979.7,Jaisalmer_Desert,26.9157,70.9083
2023-09-02T01:00,28.8,58,979.4,Jaisalmer_Desert,26.9157,70.9083
2023-09-02T02:00,28.2,59,979.3,Jaisalmer_Desert,26.9157,70.9083
2023-09-02T03:00,27.4,62,979.1,Jaisalmer_Desert,26.9157,70.9083
2023-09-02T04:00,26.4,66,979.3,Jaisalmer_Desert,26.9157,70.9083
2023-09-02T05:00,26,73,979.5,Jaisalmer_Desert,26.9157,70.9083
2023-09-02T06:00,25.3,77,980.1,Jaisalmer_Desert,26.9157,70.9083
2023-09-02T07:00,25.6,74,980.5,Jaisalmer_Desert,26.9157,70.9083
2023-09-02T08:00,26.9,68,980.9,Jaisalmer_Desert,26.9157,70.9083
2023-09-02T09:00,28.9,58,981.2,Jaisalmer_Desert,26.9157,70.9083
2023-09-02T10:00,31.1,47,981.3,Jaisalmer_Desert,26.9157,70.9083
2023-09-02T11:00,33.1,40,980.7,Jaisalmer_Desert,26.9157,70.9083
2023-09-02T12:00,34.8,34,979.9,Jaisalmer_Desert,26.9157,70.9083
2023-09-02T13:00,36.1,30,979.1,Jaisalmer_Desert,26.9157,70.9083
2023-09-02T14:00,37,28,977.9,Jaisalmer_Desert,26.9157,70.9083
2023-09-02T15:00,37.4,26,977.1,Jaisalmer_Desert,26.9157,70.9083
2023-09-02T16:00,37.3,26,976.4,Jaisalmer_Desert,26.9157,70.9083
2023-09-02T17:00,35.9,31,977.2,Jaisalmer_Desert,26.9157,70.9083
2023-09-02T18:00,34.6,36,977.3,Jaisalmer_Desert,26.9157,70.9083
2023-09-02T19:00,33.2,41,977.6,Jaisalmer_Desert,26.9157,70.9083
2023-09-02T20:00,32.1,46,978,Jaisalmer_Desert,26.9157,70.9083
2023-09-02T21:00,31,50,978.7,Jaisalmer_Desert,26.9157,70.9083
2023-09-02T22:00,30.1,54,978.6,Jaisalmer_Desert,26.9157,70.9083
2023-09-02T23:00,29.5,56,978.3,Jaisalmer_Desert,26.9157,70.9083
2023-09-03T00:00,29,57,978.1,Jaisalmer_Desert,26.9157,70.9083
2023-09-03T01:00,28.3,59,978,Jaisalmer_Desert,26.9157,70.9083
2023-09-03T02:00,27.1,64,977.9,Jaisalmer_Desert,26.9157,70.9083
2023-09-03T03:00,26.1,68,977.4,Jaisalmer_Desert,26.9157,70.9083
2023-09-03T04:00,25.4,70,977.5,Jaisalmer_Desert,26.9157,70.9083
2023-09-03T05:00,24.7,73,977.8,Jaisalmer_Desert,26.9157,70.9083
2023-09-03T06:00,24.3,74,978,Jaisalmer_Desert,26.9157,70.9083
2023-09-03T07:00,24.5,74,978.4,Jaisalmer_Desert,26.9157,70.9083
2023-09-03T08:00,25.8,69,978.8,Jaisalmer_Desert,26.9157,70.9083
2023-09-03T09:00,27.7,62,979.2,Jaisalmer_Desert,26.9157,70.9083
2023-09-03T10:00,30.1,51,979.5,Jaisalmer_Desert,26.9157,70.9083
2023-09-03T11:00,32.3,42,979.1,Jaisalmer_Desert,26.9157,70.9083
2023-09-03T12:00,34,37,978.4,Jaisalmer_Desert,26.9157,70.9083
2023-09-03T13:00,35.4,33,977.6,Jaisalmer_Desert,26.9157,70.9083
2023-09-03T14:00,36.2,30,976.9,Jaisalmer_Desert,26.9157,70.9083
2023-09-03T15:00,36.4,30,976.3,Jaisalmer_Desert,26.9157,70.9083
2023-09-03T16:00,36.2,30,975.8,Jaisalmer_Desert,26.9157,70.9083
2023-09-03T17:00,35,35,976,Jaisalmer_Desert,26.9157,70.9083
2023-09-03T18:00,33.8,38,975.9,Jaisalmer_Desert,26.9157,70.9083
2023-09-03T19:00,32.8,42,976.4,Jaisalmer_Desert,26.9157,70.9083
2023-09-03T20:00,32,45,977.1,Jaisalmer_Desert,26.9157,70.9083
2023-09-03T21:00,31.3,48,977.8,Jaisalmer_Desert,26.9157,70.9083
2023-09-03T22:00,30.7,49,977.5,Jaisalmer_Desert,26.9157,70.9083
2023-09-03T23:00,30.1,50,977.4,Jaisalmer_Desert,26.9157,70.9083
2023-09-04T00:00,29.5,51,977.3,Jaisalmer_Desert,26.9157,70.9083
2023-09-04T01:00,28.6,54,977.3,Jaisalmer_Desert,26.9157,70.9083
2023-09-04T02:00,27.3,61,977,Jaisalmer_Desert,26.9157,70.9083
2023-09-04T03:00,26.4,64,977.1,Jaisalmer_Desert,26.9157,70.9083
2023-09-04T04:00,25.6,69,977.1,Jaisalmer_Desert,26.9157,70.9083
2023-09-04T05:00,25.3,73,977.1,Jaisalmer_Desert,26.9157,70.9083
2023-09-04T06:00,24.7,77,977.3,Jaisalmer_Desert,26.9157,70.9083
2023-09-04T07:00,24.9,77,977.9,Jaisalmer_Desert,26.9157,70.9083
2023-09-04T08:00,26,73,978.2,Jaisalmer_Desert,26.9157,70.9083
2023-09-04T09:00,27.7,65,978.5,Jaisalmer_Desert,26.9157,70.9083
2023-09-04T10:00,29.7,56,978.4,Jaisalmer_Desert,26.9157,70.9083
2023-09-04T11:00,31.5,49,978.1,Jaisalmer_Desert,26.9157,70.9083
2023-09-04T12:00,33,43,977.4,Jaisalmer_Desert,26.9157,70.9083
2023-09-04T13:00,34.3,38,976.9,Jaisalmer_Desert,26.9157,70.9083
2023-09-04T14:00,35.2,34,976,Jaisalmer_Desert,26.9157,70.9083
2023-09-04T15:00,35.7,32,975.3,Jaisalmer_Desert,26.9157,70.9083
2023-09-04T16:00,35.7,33,974.6,Jaisalmer_Desert,26.9157,70.9083
2023-09-04T17:00,35.2,35,975.6,Jaisalmer_Desert,26.9157,70.9083
2023-09-04T18:00,34.4,37,975.8,Jaisalmer_Desert,26.9157,70.9083
2023-09-04T19:00,33.5,39,975.9,Jaisalmer_Desert,26.9157,70.9083
2023-09-04T20:00,32.8,42,976.4,Jaisalmer_Desert,26.9157,70.9083
2023-09-04T21:00,31.9,45,977,Jaisalmer_Desert,26.9157,70.9083
2023-09-04T22:00,31.1,47,977.2,Jaisalmer_Desert,26.9157,70.9083
2023-09-04T23:00,30.3,50,977.1,Jaisalmer_Desert,26.9157,70.9083
2023-09-05T00:00,29.6,53,977,Jaisalmer_Desert,26.9157,70.9083
2023-09-05T01:00,28.9,55,976.7,Jaisalmer_Desert,26.9157,70.9083
2023-09-05T02:00,27.9,63,976.9,Jaisalmer_Desert,26.9157,70.9083
2023-09-05T03:00,26.9,70,977.1,Jaisalmer_Desert,26.9157,70.9083
2023-09-05T04:00,26.2,72,977.3,Jaisalmer_Desert,26.9157,70.9083
2023-09-05T05:00,26.1,74,977.7,Jaisalmer_Desert,26.9157,70.9083
2023-09-05T06:00,25.6,76,978.2,Jaisalmer_Desert,26.9157,70.9083
2023-09-05T07:00,25.9,75,979,Jaisalmer_Desert,26.9157,70.9083
2023-09-05T08:00,27.2,70,979.5,Jaisalmer_Desert,26.9157,70.9083
2023-09-05T09:00,29.3,60,979.7,Jaisalmer_Desert,26.9157,70.9083
2023-09-05T10:00,31.4,49,979.6,Jaisalmer_Desert,26.9157,70.9083
2023-09-05T11:00,33.2,41,979.1,Jaisalmer_Desert,26.9157,70.9083
2023-09-05T12:00,34.7,36,978.6,Jaisalmer_Desert,26.9157,70.9083
2023-09-05T13:00,35.6,33,977.9,Jaisalmer_Desert,26.9157,70.9083
2023-09-05T14:00,36.4,31,977,Jaisalmer_Desert,26.9157,70.9083
2023-09-05T15:00,36.8,30,976.2,Jaisalmer_Desert,26.9157,70.9083
2023-09-05T16:00,36.8,30,975.5,Jaisalmer_Desert,26.9157,70.9083
2023-09-05T17:00,36.2,32,976.3,Jaisalmer_Desert,26.9157,70.9083
2023-09-05T18:00,35.5,34,976.5,Jaisalmer_Desert,26.9157,70.9083
2023-09-05T19:00,34.7,36,976.8,Jaisalmer_Desert,26.9157,70.9083
2023-09-05T20:00,33.9,38,977.4,Jaisalmer_Desert,26.9157,70.9083
2023-09-05T21:00,33,40,978,Jaisalmer_Desert,26.9157,70.9083
2023-09-05T22:00,32.1,43,978,Jaisalmer_Desert,26.9157,70.9083
2023-09-05T23:00,31.3,45,978,Jaisalmer_Desert,26.9157,70.9083
2023-09-06T00:00,30.5,49,978.1,Jaisalmer_Desert,26.9157,70.9083
2023-09-06T01:00,29.8,52,977.8,Jaisalmer_Desert,26.9157,70.9083
2023-09-06T02:00,29.1,55,977.5,Jaisalmer_Desert,26.9157,70.9083
2023-09-06T03:00,28.6,57,977.4,Jaisalmer_Desert,26.9157,70.9083
2023-09-06T04:00,28.2,59,977.3,Jaisalmer_Desert,26.9157,70.9083
2023-09-06T05:00,28.1,62,978.1,Jaisalmer_Desert,26.9157,70.9083
2023-09-06T06:00,27,70,978.4,Jaisalmer_Desert,26.9157,70.9083
2023-09-06T07:00,27.3,72,979,Jaisalmer_Desert,26.9157,70.9083
2023-09-06T08:00,29.1,66,979.5,Jaisalmer_Desert,26.9157,70.9083
2023-09-06T09:00,31.6,55,980,Jaisalmer_Desert,26.9157,70.9083
2023-09-06T10:00,33.7,46,980.2,Jaisalmer_Desert,26.9157,70.9083
2023-09-06T11:00,35.4,39,980,Jaisalmer_Desert,26.9157,70.9083
2023-09-06T12:00,36.8,33,979.3,Jaisalmer_Desert,26.9157,70.9083
2023-09-06T13:00,38,28,978.4,Jaisalmer_Desert,26.9157,70.9083
2023-09-06T14:00,38.7,24,977.3,Jaisalmer_Desert,26.9157,70.9083
2023-09-06T15:00,39,23,976.5,Jaisalmer_Desert,26.9157,70.9083
2023-09-06T16:00,39,22,975.9,Jaisalmer_Desert,26.9157,70.9083
2023-09-06T17:00,38.1,24,976.5,Jaisalmer_Desert,26.9157,70.9083
2023-09-06T18:00,37.5,24,976.8,Jaisalmer_Desert,26.9157,70.9083
2023-09-06T19:00,36.5,26,977,Jaisalmer_Desert,26.9157,70.9083
2023-09-06T20:00,35.7,27,977.4,Jaisalmer_Desert,26.9157,70.9083
2023-09-06T21:00,34.7,30,978,Jaisalmer_Desert,26.9157,70.9083
2023-09-06T22:00,34.1,31,977.7,Jaisalmer_Desert,26.9157,70.9083
2023-09-06T23:00,33.5,33,977.4,Jaisalmer_Desert,26.9157,70.9083
2023-09-07T00:00,32.7,34,977,Jaisalmer_Desert,26.9157,70.9083
2023-09-07T01:00,31.8,40,976.6,Jaisalmer_Desert,26.9157,70.9083
2023-09-07T02:00,30.8,45,976.5,Jaisalmer_Desert,26.9157,70.9083
2023-09-07T03:00,30.1,48,976.9,Jaisalmer_Desert,26.9157,70.9083
2023-09-07T04:00,29.7,49,977.1,Jaisalmer_Desert,26.9157,70.9083
2023-09-07T05:00,29.6,49,977.2,Jaisalmer_Desert,26.9157,70.9083
2023-09-07T06:00,29.1,52,977.7,Jaisalmer_Desert,26.9157,70.9083
2023-09-07T07:00,29.8,51,978.4,Jaisalmer_Desert,26.9157,70.9083
2023-09-07T08:00,31.8,46,978.8,Jaisalmer_Desert,26.9157,70.9083
2023-09-07T09:00,34.2,40,979,Jaisalmer_Desert,26.9157,70.9083
2023-09-07T10:00,36.8,34,978.9,Jaisalmer_Desert,26.9157,70.9083
2023-09-07T11:00,38.6,27,978.5,Jaisalmer_Desert,26.9157,70.9083
2023-09-07T12:00,39.8,23,977.8,Jaisalmer_Desert,26.9157,70.9083
2023-09-07T13:00,40.4,21,977.1,Jaisalmer_Desert,26.9157,70.9083
2023-09-07T14:00,40.6,20,975.9,Jaisalmer_Desert,26.9157,70.9083
2023-09-07T15:00,40.7,19,975.3,Jaisalmer_Desert,26.9157,70.9083
2023-09-07T16:00,40.6,19,975,Jaisalmer_Desert,26.9157,70.9083
2023-09-07T17:00,40,19,974.9,Jaisalmer_Desert,26.9157,70.9083
2023-09-07T18:00,39.4,20,975,Jaisalmer_Desert,26.9157,70.9083
2023-09-07T19:00,37.6,22,975.4,Jaisalmer_Desert,26.9157,70.9083
2023-09-07T20:00,35.9,28,976,Jaisalmer_Desert,26.9157,70.9083
2023-09-07T21:00,34.6,34,976.6,Jaisalmer_Desert,26.9157,70.9083
2023-09-07T22:00,33.6,36,976.7,Jaisalmer_Desert,26.9157,70.9083
2023-09-07T23:00,32.7,35,976.3,Jaisalmer_Desert,26.9157,70.9083
2023-09-08T00:00,32.3,36,976,Jaisalmer_Desert,26.9157,70.9083
2023-09-08T01:00,31.1,36,975.6,Jaisalmer_Desert,26.9157,70.9083
2023-09-08T02:00,30.8,37,975.7,Jaisalmer_Desert,26.9157,70.9083
2023-09-08T03:00,29.8,36,975.4,Jaisalmer_Desert,26.9157,70.9083
2023-09-08T04:00,29.3,36,975.4,Jaisalmer_Desert,26.9157,70.9083
2023-09-08T05:00,29.1,37,975.4,Jaisalmer_Desert,26.9157,70.9083
2023-09-08T06:00,29,36,976.1,Jaisalmer_Desert,26.9157,70.9083
2023-09-08T07:00,30.2,34,976.6,Jaisalmer_Desert,26.9157,70.9083
2023-09-08T08:00,33.4,29,977.4,Jaisalmer_Desert,26.9157,70.9083
2023-09-08T09:00,36,24,977.9,Jaisalmer_Desert,26.9157,70.9083
2023-09-08T10:00,37.9,22,977.8,Jaisalmer_Desert,26.9157,70.9083
2023-09-08T11:00,39.5,19,977.7,Jaisalmer_Desert,26.9157,70.9083
2023-09-08T12:00,40.5,18,977.2,Jaisalmer_Desert,26.9157,70.9083
2023-09-08T13:00,41.4,17,976.3,Jaisalmer_Desert,26.9157,70.9083
2023-09-08T14:00,41.9,16,975.2,Jaisalmer_Desert,26.9157,70.9083
2023-09-08T15:00,42,15,974.3,Jaisalmer_Desert,26.9157,70.9083
2023-09-08T16:00,41.9,15,974.1,Jaisalmer_Desert,26.9157,70.9083
2023-09-08T17:00,41.4,13,973.9,Jaisalmer_Desert,26.9157,70.9083
2023-09-08T18:00,40.8,13,974.4,Jaisalmer_Desert,26.9157,70.9083
2023-09-08T19:00,39.2,14,974.8,Jaisalmer_Desert,26.9157,70.9083
2023-09-08T20:00,37.3,17,975.4,Jaisalmer_Desert,26.9157,70.9083
2023-09-08T21:00,36.3,19,975.9,Jaisalmer_Desert,26.9157,70.9083
2023-09-08T22:00,36.3,19,976,Jaisalmer_Desert,26.9157,70.9083
2023-09-08T23:00,35.3,20,975.7,Jaisalmer_Desert,26.9157,70.9083
2023-09-09T00:00,34.9,19,975.2,Jaisalmer_Desert,26.9157,70.9083
2023-09-09T01:00,33.4,21,974.8,Jaisalmer_Desert,26.9157,70.9083
2023-09-09T02:00,32,36,974.8,Jaisalmer_Desert,26.9157,70.9083
2023-09-09T03:00,31,46,974.7,Jaisalmer_Desert,26.9157,70.9083
2023-09-09T04:00,29.8,48,974.6,Jaisalmer_Desert,26.9157,70.9083
2023-09-09T05:00,29.9,32,974.2,Jaisalmer_Desert,26.9157,70.9083
2023-09-09T06:00,29.7,30,974.7,Jaisalmer_Desert,26.9157,70.9083
2023-09-09T07:00,29.4,42,975.4,Jaisalmer_Desert,26.9157,70.9083
2023-09-09T08:00,31.8,44,976,Jaisalmer_Desert,26.9157,70.9083
2023-09-09T09:00,34.8,34,976.4,Jaisalmer_Desert,26.9157,70.9083
2023-09-09T10:00,37.2,26,976.6,Jaisalmer_Desert,26.9157,70.9083
2023-09-09T11:00,39.2,21,976.4,Jaisalmer_Desert,26.9157,70.9083
2023-09-09T12:00,40.8,16,975.7,Jaisalmer_Desert,26.9157,70.9083
2023-09-09T13:00,41.9,14,974.9,Jaisalmer_Desert,26.9157,70.9083
2023-09-09T14:00,42.3,13,973.9,Jaisalmer_Desert,26.9157,70.9083
2023-09-09T15:00,42.7,12,973.3,Jaisalmer_Desert,26.9157,70.9083
2023-09-09T16:00,42.6,12,972.8,Jaisalmer_Desert,26.9157,70.9083
2023-09-09T17:00,41.1,15,973.3,Jaisalmer_Desert,26.9157,70.9083
2023-09-09T18:00,40.7,15,973.4,Jaisalmer_Desert,26.9157,70.9083
2023-09-09T19:00,39.1,17,973.6,Jaisalmer_Desert,26.9157,70.9083
2023-09-09T20:00,38.1,19,974.1,Jaisalmer_Desert,26.9157,70.9083
2023-09-09T21:00,36.5,23,974.3,Jaisalmer_Desert,26.9157,70.9083
2023-09-09T22:00,35.9,22,974.4,Jaisalmer_Desert,26.9157,70.9083
2023-09-09T23:00,35.3,23,973.9,Jaisalmer_Desert,26.9157,70.9083
2023-09-10T00:00,34.4,24,973.5,Jaisalmer_Desert,26.9157,70.9083
2023-09-10T01:00,32.8,26,973.3,Jaisalmer_Desert,26.9157,70.9083
2023-09-10T02:00,31.6,40,973.1,Jaisalmer_Desert,26.9157,70.9083
2023-09-10T03:00,30.7,52,973,Jaisalmer_Desert,26.9157,70.9083
2023-09-10T04:00,29.7,57,973.1,Jaisalmer_Desert,26.9157,70.9083
2023-09-10T05:00,28.7,63,973,Jaisalmer_Desert,26.9157,70.9083
2023-09-10T06:00,28.1,66,973.6,Jaisalmer_Desert,26.9157,70.9083
2023-09-10T07:00,28.3,65,974,Jaisalmer_Desert,26.9157,70.9083
2023-09-10T08:00,30.3,57,974.6,Jaisalmer_Desert,26.9157,70.9083
2023-09-10T09:00,33.1,45,975.2,Jaisalmer_Desert,26.9157,70.9083
2023-09-10T10:00,35.9,36,975.1,Jaisalmer_Desert,26.9157,70.9083
2023-09-10T11:00,38.4,29,974.7,Jaisalmer_Desert,26.9157,70.9083
2023-09-10T12:00,40.5,22,974.1,Jaisalmer_Desert,26.9157,70.9083
2023-09-10T13:00,41.7,18,973.2,Jaisalmer_Desert,26.9157,70.9083
2023-09-10T14:00,42.5,15,972.1,Jaisalmer_Desert,26.9157,70.9083
2023-09-10T15:00,43,14,971.2,Jaisalmer_Desert,26.9157,70.9083
2023-09-10T16:00,43,13,970.9,Jaisalmer_Desert,26.9157,70.9083
2023-09-10T17:00,41.1,18,972,Jaisalmer_Desert,26.9157,70.9083
2023-09-10T18:00,40.4,19,972.1,Jaisalmer_Desert,26.9157,70.9083
2023-09-10T19:00,39.1,21,972.3,Jaisalmer_Desert,26.9157,70.9083
2023-09-10T20:00,38.2,22,972.9,Jaisalmer_Desert,26.9157,70.9083
2023-09-10T21:00,37.1,26,973.8,Jaisalmer_Desert,26.9157,70.9083
2023-09-10T22:00,35.2,43,973.8,Jaisalmer_Desert,26.9157,70.9083
2023-09-10T23:00,33.9,50,973.8,Jaisalmer_Desert,26.9157,70.9083
2023-09-11T00:00,32.2,57,973.5,Jaisalmer_Desert,26.9157,70.9083
2023-09-11T01:00,30.4,61,973.3,Jaisalmer_Desert,26.9157,70.9083
2023-09-11T02:00,28.9,66,973.1,Jaisalmer_Desert,26.9157,70.9083
2023-09-11T03:00,27.4,71,973.2,Jaisalmer_Desert,26.9157,70.9083
2023-09-11T04:00,26.3,75,973.7,Jaisalmer_Desert,26.9157,70.9083
2023-09-11T05:00,26.4,79,974.2,Jaisalmer_Desert,26.9157,70.9083
2023-09-11T06:00,26.4,80,974.7,Jaisalmer_Desert,26.9157,70.9083
2023-09-11T07:00,27,79,975.4,Jaisalmer_Desert,26.9157,70.9083
2023-09-11T08:00,28,77,976,Jaisalmer_Desert,26.9157,70.9083
2023-09-11T09:00,30.1,67,976.3,Jaisalmer_Desert,26.9157,70.9083
2023-09-11T10:00,32.7,55,976.3,Jaisalmer_Desert,26.9157,70.9083
2023-09-11T11:00,35.1,46,976,Jaisalmer_Desert,26.9157,70.9083
2023-09-11T12:00,37.1,39,975.2,Jaisalmer_Desert,26.9157,70.9083
2023-09-11T13:00,38.5,34,974.5,Jaisalmer_Desert,26.9157,70.9083
2023-09-11T14:00,39.3,31,973.7,Jaisalmer_Desert,26.9157,70.9083
2023-09-11T15:00,39.7,29,973.1,Jaisalmer_Desert,26.9157,70.9083
2023-09-11T16:00,39.6,28,972.7,Jaisalmer_Desert,26.9157,70.9083
2023-09-11T17:00,38.1,34,973.5,Jaisalmer_Desert,26.9157,70.9083
2023-09-11T18:00,37.3,36,973.7,Jaisalmer_Desert,26.9157,70.9083
2023-09-11T19:00,36.5,38,973.9,Jaisalmer_Desert,26.9157,70.9083
2023-09-11T20:00,35.6,42,974.4,Jaisalmer_Desert,26.9157,70.9083
2023-09-11T21:00,34.7,45,975,Jaisalmer_Desert,26.9157,70.9083
2023-09-11T22:00,33.5,51,975.3,Jaisalmer_Desert,26.9157,70.9083
2023-09-11T23:00,32.1,55,975.1,Jaisalmer_Desert,26.9157,70.9083
2023-09-12T00:00,31.1,58,975,Jaisalmer_Desert,26.9157,70.9083
2023-09-12T01:00,29.7,61,974.5,Jaisalmer_Desert,26.9157,70.9083
2023-09-12T02:00,28.3,63,974.2,Jaisalmer_Desert,26.9157,70.9083
2023-09-12T03:00,26.8,67,974.6,Jaisalmer_Desert,26.9157,70.9083
2023-09-12T04:00,25.7,72,975.1,Jaisalmer_Desert,26.9157,70.9083
2023-09-12T05:00,25.4,78,975.1,Jaisalmer_Desert,26.9157,70.9083
2023-09-12T06:00,24.9,83,975.7,Jaisalmer_Desert,26.9157,70.9083
2023-09-12T07:00,25.2,83,976,Jaisalmer_Desert,26.9157,70.9083
2023-09-12T08:00,26.6,77,976.6,Jaisalmer_Desert,26.9157,70.9083
2023-09-12T09:00,28.7,67,977.1,Jaisalmer_Desert,26.9157,70.9083
2023-09-12T10:00,30.9,58,977.1,Jaisalmer_Desert,26.9157,70.9083
2023-09-12T11:00,33.1,50,976.8,Jaisalmer_Desert,26.9157,70.9083
2023-09-12T12:00,35.1,43,976.2,Jaisalmer_Desert,26.9157,70.9083
2023-09-12T13:00,36.6,38,975.3,Jaisalmer_Desert,26.9157,70.9083
2023-09-12T14:00,37.7,35,974.5,Jaisalmer_Desert,26.9157,70.9083
2023-09-12T15:00,38.1,33,974,Jaisalmer_Desert,26.9157,70.9083
2023-09-12T16:00,38,32,973.7,Jaisalmer_Desert,26.9157,70.9083
2023-09-12T17:00,36.9,40,974.4,Jaisalmer_Desert,26.9157,70.9083
2023-09-12T18:00,36.2,41,974.8,Jaisalmer_Desert,26.9157,70.9083
2023-09-12T19:00,35.4,43,975,Jaisalmer_Desert,26.9157,70.9083
2023-09-12T20:00,34.8,46,975.6,Jaisalmer_Desert,26.9157,70.9083
2023-09-12T21:00,34.1,49,976,Jaisalmer_Desert,26.9157,70.9083
2023-09-12T22:00,33.3,53,976.2,Jaisalmer_Desert,26.9157,70.9083
2023-09-12T23:00,32.4,57,976.1,Jaisalmer_Desert,26.9157,70.9083
2023-09-13T00:00,31.1,60,975.7,Jaisalmer_Desert,26.9157,70.9083
2023-09-13T01:00,29.3,65,975.6,Jaisalmer_Desert,26.9157,70.9083
2023-09-13T02:00,27.8,68,975.3,Jaisalmer_Desert,26.9157,70.9083
2023-09-13T03:00,26.6,71,975.3,Jaisalmer_Desert,26.9157,70.9083
2023-09-13T04:00,25.8,75,975.2,Jaisalmer_Desert,26.9157,70.9083
2023-09-13T05:00,25.4,78,975.3,Jaisalmer_Desert,26.9157,70.9083
2023-09-13T06:00,25,81,976,Jaisalmer_Desert,26.9157,70.9083
2023-09-13T07:00,25.3,80,976.6,Jaisalmer_Desert,26.9157,70.9083
2023-09-13T08:00,26.7,73,976.9,Jaisalmer_Desert,26.9157,70.9083
2023-09-13T09:00,28.7,65,977.4,Jaisalmer_Desert,26.9157,70.9083
2023-09-13T10:00,30.9,56,977.2,Jaisalmer_Desert,26.9157,70.9083
2023-09-13T11:00,33.1,47,976.9,Jaisalmer_Desert,26.9157,70.9083
2023-09-13T12:00,34.9,41,976.2,Jaisalmer_Desert,26.9157,70.9083
2023-09-13T13:00,36.1,38,975.4,Jaisalmer_Desert,26.9157,70.9083
2023-09-13T14:00,36.9,36,974.5,Jaisalmer_Desert,26.9157,70.9083
2023-09-13T15:00,37.2,34,973.8,Jaisalmer_Desert,26.9157,70.9083
2023-09-13T16:00,37.2,34,973.4,Jaisalmer_Desert,26.9157,70.9083
2023-09-13T17:00,36.4,38,974.4,Jaisalmer_Desert,26.9157,70.9083
2023-09-13T18:00,35.6,40,975,Jaisalmer_Desert,26.9157,70.9083
2023-09-13T19:00,34.9,42,975.2,Jaisalmer_Desert,26.9157,70.9083
2023-09-13T20:00,34.2,44,975.9,Jaisalmer_Desert,26.9157,70.9083
2023-09-13T21:00,33.6,46,976.5,Jaisalmer_Desert,26.9157,70.9083
2023-09-13T22:00,32.9,49,976.6,Jaisalmer_Desert,26.9157,70.9083
2023-09-13T23:00,32.3,51,976.4,Jaisalmer_Desert,26.9157,70.9083
2023-09-14T00:00,31.8,52,976.2,Jaisalmer_Desert,26.9157,70.9083
2023-09-14T01:00,31.3,54,975.8,Jaisalmer_Desert,26.9157,70.9083
2023-09-14T02:00,30.6,56,975.9,Jaisalmer_Desert,26.9157,70.9083
2023-09-14T03:00,29,65,976,Jaisalmer_Desert,26.9157,70.9083
2023-09-14T04:00,27.9,69,976.3,Jaisalmer_Desert,26.9157,70.9083
2023-09-14T05:00,27.4,73,976.7,Jaisalmer_Desert,26.9157,70.9083
2023-09-14T06:00,26.9,75,977.3,Jaisalmer_Desert,26.9157,70.9083
2023-09-14T07:00,27.1,73,978.1,Jaisalmer_Desert,26.9157,70.9083
2023-09-14T08:00,28.3,68,978.6,Jaisalmer_Desert,26.9157,70.9083
2023-09-14T09:00,30.3,59,979,Jaisalmer_Desert,26.9157,70.9083
2023-09-14T10:00,32.1,52,979.4,Jaisalmer_Desert,26.9157,70.9083
2023-09-14T11:00,33.9,44,979.4,Jaisalmer_Desert,26.9157,70.9083
2023-09-14T12:00,35.2,39,978.5,Jaisalmer_Desert,26.9157,70.9083
2023-09-14T13:00,36.7,34,977.3,Jaisalmer_Desert,26.9157,70.9083
2023-09-14T14:00,37.4,33,976.2,Jaisalmer_Desert,26.9157,70.9083
2023-09-14T15:00,37.7,32,975.3,Jaisalmer_Desert,26.9157,70.9083
2023-09-14T16:00,37.6,32,974.7,Jaisalmer_Desert,26.9157,70.9083
2023-09-14T17:00,34.1,47,975.5,Jaisalmer_Desert,26.9157,70.9083
2023-09-14T18:00,33.6,48,975.9,Jaisalmer_Desert,26.9157,70.9083
2023-09-14T19:00,33.1,49,976.4,Jaisalmer_Desert,26.9157,70.9083
2023-09-14T20:00,32.8,51,976.8,Jaisalmer_Desert,26.9157,70.9083
2023-09-14T21:00,30.2,62,978,Jaisalmer_Desert,26.9157,70.9083
2023-09-14T22:00,29.4,67,977.8,Jaisalmer_Desert,26.9157,70.9083
2023-09-14T23:00,29,69,977.6,Jaisalmer_Desert,26.9157,70.9083
2023-09-15T00:00,28.8,70,977.2,Jaisalmer_Desert,26.9157,70.9083
2023-09-15T01:00,28.7,70,976.7,Jaisalmer_Desert,26.9157,70.9083
2023-09-15T02:00,28.8,68,976.2,Jaisalmer_Desert,26.9157,70.9083
2023-09-15T03:00,29,65,976.2,Jaisalmer_Desert,26.9157,70.9083
2023-09-15T04:00,28.9,66,976.8,Jaisalmer_Desert,26.9157,70.9083
2023-09-15T05:00,28.9,69,977,Jaisalmer_Desert,26.9157,70.9083
2023-09-15T06:00,27.5,77,978,Jaisalmer_Desert,26.9157,70.9083
2023-09-15T07:00,26.5,83,978.4,Jaisalmer_Desert,26.9157,70.9083
2023-09-15T08:00,27.2,81,979.3,Jaisalmer_Desert,26.9157,70.9083
2023-09-15T09:00,27.7,79,979.7,Jaisalmer_Desert,26.9157,70.9083
2023-09-15T10:00,29.8,70,980,Jaisalmer_Desert,26.9157,70.9083
2023-09-15T11:00,31.4,64,979.8,Jaisalmer_Desert,26.9157,70.9083
2023-09-15T12:00,32.3,61,979.3,Jaisalmer_Desert,26.9157,70.9083
2023-09-15T13:00,33.2,59,978.5,Jaisalmer_Desert,26.9157,70.9083
2023-09-15T14:00,33.9,56,977,Jaisalmer_Desert,26.9157,70.9083
2023-09-15T15:00,34.1,55,976,Jaisalmer_Desert,26.9157,70.9083
2023-09-15T16:00,34.3,55,975.4,Jaisalmer_Desert,26.9157,70.9083
2023-09-15T17:00,36.2,41,975.4,Jaisalmer_Desert,26.9157,70.9083
2023-09-15T18:00,35.5,41,976.2,Jaisalmer_Desert,26.9157,70.9083
2023-09-15T19:00,34.8,46,977.2,Jaisalmer_Desert,26.9157,70.9083
2023-09-15T20:00,33.8,51,977.8,Jaisalmer_Desert,26.9157,70.9083
2023-09-15T21:00,33.1,55,978.1,Jaisalmer_Desert,26.9157,70.9083
2023-09-15T22:00,32.6,55,978.3,Jaisalmer_Desert,26.9157,70.9083
2023-09-15T23:00,32,56,977.9,Jaisalmer_Desert,26.9157,70.9083
2023-09-16T00:00,31.3,57,977.3,Jaisalmer_Desert,26.9157,70.9083
2023-09-16T01:00,31,57,976.3,Jaisalmer_Desert,26.9157,70.9083
2023-09-16T02:00,30.5,59,976.3,Jaisalmer_Desert,26.9157,70.9083
2023-09-16T03:00,29.5,64,976.7,Jaisalmer_Desert,26.9157,70.9083
2023-09-16T04:00,28.9,68,976.5,Jaisalmer_Desert,26.9157,70.9083
2023-09-16T05:00,27.7,79,976.8,Jaisalmer_Desert,26.9157,70.9083
2023-09-16T06:00,27.6,80,977,Jaisalmer_Desert,26.9157,70.9083
2023-09-16T07:00,28,77,977.8,Jaisalmer_Desert,26.9157,70.9083
2023-09-16T08:00,28.8,72,978.5,Jaisalmer_Desert,26.9157,70.9083
2023-09-16T09:00,30.2,65,978.8,Jaisalmer_Desert,26.9157,70.9083
2023-09-16T10:00,32.2,56,978.5,Jaisalmer_Desert,26.9157,70.9083
2023-09-16T11:00,34,48,978.3,Jaisalmer_Desert,26.9157,70.9083
2023-09-16T12:00,35.1,44,977.4,Jaisalmer_Desert,26.9157,70.9083
2023-09-16T13:00,36,42,976.5,Jaisalmer_Desert,26.9157,70.9083
2023-09-16T14:00,36.6,40,975.6,Jaisalmer_Desert,26.9157,70.9083
2023-09-16T15:00,36.9,39,974.7,Jaisalmer_Desert,26.9157,70.9083
2023-09-16T16:00,36.5,39,974.3,Jaisalmer_Desert,26.9157,70.9083
2023-09-16T17:00,33.6,46,974.5,Jaisalmer_Desert,26.9157,70.9083
2023-09-16T18:00,34.1,44,974.9,Jaisalmer_Desert,26.9157,70.9083
2023-09-16T19:00,33.5,49,975.6,Jaisalmer_Desert,26.9157,70.9083
2023-09-16T20:00,31.1,58,975.7,Jaisalmer_Desert,26.9157,70.9083
2023-09-16T21:00,31.1,59,975.9,Jaisalmer_Desert,26.9157,70.9083
2023-09-16T22:00,30.3,64,976.3,Jaisalmer_Desert,26.9157,70.9083
2023-09-16T23:00,29.8,66,975.8,Jaisalmer_Desert,26.9157,70.9083
2023-09-17T00:00,29.4,69,975.3,Jaisalmer_Desert,26.9157,70.9083
2023-09-17T01:00,29.1,72,974.8,Jaisalmer_Desert,26.9157,70.9083
2023-09-17T02:00,28.7,75,974.4,Jaisalmer_Desert,26.9157,70.9083
2023-09-17T03:00,28.4,80,974.1,Jaisalmer_Desert,26.9157,70.9083
2023-09-17T04:00,28.3,77,974.3,Jaisalmer_Desert,26.9157,70.9083
2023-09-17T05:00,27.9,79,974.9,Jaisalmer_Desert,26.9157,70.9083
2023-09-17T06:00,27.5,82,975.2,Jaisalmer_Desert,26.9157,70.9083
2023-09-17T07:00,27.8,84,975.5,Jaisalmer_Desert,26.9157,70.9083
2023-09-17T08:00,28.8,78,975.7,Jaisalmer_Desert,26.9157,70.9083
2023-09-17T09:00,30.3,71,975.7,Jaisalmer_Desert,26.9157,70.9083
2023-09-17T10:00,31.9,64,975.7,Jaisalmer_Desert,26.9157,70.9083
2023-09-17T11:00,33.3,58,975.5,Jaisalmer_Desert,26.9157,70.9083
2023-09-17T12:00,34.3,53,974.8,Jaisalmer_Desert,26.9157,70.9083
2023-09-17T13:00,33.3,56,974,Jaisalmer_Desert,26.9157,70.9083
2023-09-17T14:00,32.6,59,972.7,Jaisalmer_Desert,26.9157,70.9083
2023-09-17T15:00,33.3,55,972.3,Jaisalmer_Desert,26.9157,70.9083
2023-09-17T16:00,33.2,55,972.1,Jaisalmer_Desert,26.9157,70.9083
2023-09-17T17:00,34.5,48,971.9,Jaisalmer_Desert,26.9157,70.9083
2023-09-17T18:00,33.3,54,972,Jaisalmer_Desert,26.9157,70.9083
2023-09-17T19:00,32.1,62,972.3,Jaisalmer_Desert,26.9157,70.9083
2023-09-17T20:00,31.1,69,973.2,Jaisalmer_Desert,26.9157,70.9083
2023-09-17T21:00,30,75,973.5,Jaisalmer_Desert,26.9157,70.9083
2023-09-17T22:00,29.3,78,973.8,Jaisalmer_Desert,26.9157,70.9083
2023-09-17T23:00,28.6,80,974,Jaisalmer_Desert,26.9157,70.9083
2023-09-18T00:00,28,82,974,Jaisalmer_Desert,26.9157,70.9083
2023-09-18T01:00,27.6,83,973.4,Jaisalmer_Desert,26.9157,70.9083
2023-09-18T02:00,27.3,85,973,Jaisalmer_Desert,26.9157,70.9083
2023-09-18T03:00,27,86,972.9,Jaisalmer_Desert,26.9157,70.9083
2023-09-18T04:00,26.6,88,973,Jaisalmer_Desert,26.9157,70.9083
2023-09-18T05:00,26.9,91,972.9,Jaisalmer_Desert,26.9157,70.9083
2023-09-18T06:00,26.7,92,973.1,Jaisalmer_Desert,26.9157,70.9083
2023-09-18T07:00,27.1,89,973.6,Jaisalmer_Desert,26.9157,70.9083
2023-09-18T08:00,28,79,974.3,Jaisalmer_Desert,26.9157,70.9083
2023-09-18T09:00,28.3,77,974.9,Jaisalmer_Desert,26.9157,70.9083
2023-09-18T10:00,30.3,69,975.1,Jaisalmer_Desert,26.9157,70.9083
2023-09-18T11:00,31.3,65,975,Jaisalmer_Desert,26.9157,70.9083
2023-09-18T12:00,31.9,59,974.1,Jaisalmer_Desert,26.9157,70.9083
2023-09-18T13:00,32.5,57,973.4,Jaisalmer_Desert,26.9157,70.9083
2023-09-18T14:00,32.6,56,972.2,Jaisalmer_Desert,26.9157,70.9083
2023-09-18T15:00,32.5,55,972.1,Jaisalmer_Desert,26.9157,70.9083
2023-09-18T16:00,31.9,57,971.9,Jaisalmer_Desert,26.9157,70.9083
2023-09-18T17:00,31.6,57,972.7,Jaisalmer_Desert,26.9157,70.9083
2023-09-18T18:00,30.4,62,973.3,Jaisalmer_Desert,26.9157,70.9083
2023-09-18T19:00,29.5,65,973.4,Jaisalmer_Desert,26.9157,70.9083
2023-09-18T20:00,29,68,974.3,Jaisalmer_Desert,26.9157,70.9083
2023-09-18T21:00,28.7,70,975.1,Jaisalmer_Desert,26.9157,70.9083
2023-09-18T22:00,28.4,72,975.5,Jaisalmer_Desert,26.9157,70.9083
2023-09-18T23:00,27.9,74,975.3,Jaisalmer_Desert,26.9157,70.9083
2023-09-19T00:00,27.4,77,975.2,Jaisalmer_Desert,26.9157,70.9083
2023-09-19T01:00,26.9,79,975,Jaisalmer_Desert,26.9157,70.9083
2023-09-19T02:00,26.5,81,974.9,Jaisalmer_Desert,26.9157,70.9083
2023-09-19T03:00,26.2,83,974.8,Jaisalmer_Desert,26.9157,70.9083
2023-09-19T04:00,25.9,85,974.8,Jaisalmer_Desert,26.9157,70.9083
2023-09-19T05:00,26.6,84,974.4,Jaisalmer_Desert,26.9157,70.9083
2023-09-19T06:00,26.5,85,975.2,Jaisalmer_Desert,26.9157,70.9083
2023-09-19T07:00,26.9,83,975.8,Jaisalmer_Desert,26.9157,70.9083
2023-09-19T08:00,27.8,78,976.3,Jaisalmer_Desert,26.9157,70.9083
2023-09-19T09:00,29,72,976.8,Jaisalmer_Desert,26.9157,70.9083
2023-09-19T10:00,30.5,64,977.1,Jaisalmer_Desert,26.9157,70.9083
2023-09-19T11:00,31.7,58,977,Jaisalmer_Desert,26.9157,70.9083
2023-09-19T12:00,32.4,56,976.4,Jaisalmer_Desert,26.9157,70.9083
2023-09-19T13:00,32.9,56,975.5,Jaisalmer_Desert,26.9157,70.9083
2023-09-19T14:00,33.4,55,974.7,Jaisalmer_Desert,26.9157,70.9083
2023-09-19T15:00,33.1,57,974.1,Jaisalmer_Desert,26.9157,70.9083
2023-09-19T16:00,32.4,58,973.9,Jaisalmer_Desert,26.9157,70.9083
2023-09-19T17:00,33,51,975.2,Jaisalmer_Desert,26.9157,70.9083
2023-09-19T18:00,31.7,57,975.4,Jaisalmer_Desert,26.9157,70.9083
2023-09-19T19:00,30.5,66,976.1,Jaisalmer_Desert,26.9157,70.9083
2023-09-19T20:00,29.6,74,977.1,Jaisalmer_Desert,26.9157,70.9083
2023-09-19T21:00,29,77,977.7,Jaisalmer_Desert,26.9157,70.9083
2023-09-19T22:00,28.5,81,977.9,Jaisalmer_Desert,26.9157,70.9083
2023-09-19T23:00,28,84,978.1,Jaisalmer_Desert,26.9157,70.9083
2023-09-20T00:00,27.7,86,978.1,Jaisalmer_Desert,26.9157,70.9083
2023-09-20T01:00,27.3,88,977.7,Jaisalmer_Desert,26.9157,70.9083
2023-09-20T02:00,26.8,89,977.5,Jaisalmer_Desert,26.9157,70.9083
2023-09-20T03:00,26.5,90,977.5,Jaisalmer_Desert,26.9157,70.9083
2023-09-20T04:00,26.2,90,977.7,Jaisalmer_Desert,26.9157,70.9083
2023-09-20T05:00,26.7,94,978.2,Jaisalmer_Desert,26.9157,70.9083
2023-09-20T06:00,26.5,94,978.2,Jaisalmer_Desert,26.9157,70.9083
2023-09-20T07:00,26.8,90,978.7,Jaisalmer_Desert,26.9157,70.9083
2023-09-20T08:00,27.9,83,979.5,Jaisalmer_Desert,26.9157,70.9083
2023-09-20T09:00,28.5,78,980.2,Jaisalmer_Desert,26.9157,70.9083
2023-09-20T10:00,29.8,72,980.1,Jaisalmer_Desert,26.9157,70.9083
2023-09-20T11:00,32,61,979.8,Jaisalmer_Desert,26.9157,70.9083
2023-09-20T12:00,31.4,63,979,Jaisalmer_Desert,26.9157,70.9083
2023-09-20T13:00,32.3,59,977.8,Jaisalmer_Desert,26.9157,70.9083
2023-09-20T14:00,33.5,56,976.9,Jaisalmer_Desert,26.9157,70.9083
2023-09-20T15:00,33.5,55,976.3,Jaisalmer_Desert,26.9157,70.9083
2023-09-20T16:00,33,56,976,Jaisalmer_Desert,26.9157,70.9083
2023-09-20T17:00,33,55,976.6,Jaisalmer_Desert,26.9157,70.9083
2023-09-20T18:00,31.9,60,976.9,Jaisalmer_Desert,26.9157,70.9083
2023-09-20T19:00,30.8,67,977.4,Jaisalmer_Desert,26.9157,70.9083
2023-09-20T20:00,29.9,71,978.3,Jaisalmer_Desert,26.9157,70.9083
2023-09-20T21:00,29,76,978.9,Jaisalmer_Desert,26.9157,70.9083
2023-09-20T22:00,28.4,79,979.2,Jaisalmer_Desert,26.9157,70.9083
2023-09-20T23:00,28.1,80,979.2,Jaisalmer_Desert,26.9157,70.9083
2023-09-21T00:00,27.7,83,978.9,Jaisalmer_Desert,26.9157,70.9083
2023-09-21T01:00,27.3,85,978.4,Jaisalmer_Desert,26.9157,70.9083
2023-09-21T02:00,27,85,978.2,Jaisalmer_Desert,26.9157,70.9083
2023-09-21T03:00,26.8,86,978.3,Jaisalmer_Desert,26.9157,70.9083
2023-09-21T04:00,26.5,87,978.5,Jaisalmer_Desert,26.9157,70.9083
2023-09-21T05:00,26.7,87,978.6,Jaisalmer_Desert,26.9157,70.9083
2023-09-21T06:00,26.5,88,979.2,Jaisalmer_Desert,26.9157,70.9083
2023-09-21T07:00,26.9,86,979.7,Jaisalmer_Desert,26.9157,70.9083
2023-09-21T08:00,28.1,81,980.4,Jaisalmer_Desert,26.9157,70.9083
2023-09-21T09:00,29.6,74,980.6,Jaisalmer_Desert,26.9157,70.9083
2023-09-21T10:00,31.1,65,980.4,Jaisalmer_Desert,26.9157,70.9083
2023-09-21T11:00,32.5,57,980,Jaisalmer_Desert,26.9157,70.9083
2023-09-21T12:00,33.9,52,979.1,Jaisalmer_Desert,26.9157,70.9083
2023-09-21T13:00,34.7,48,978.3,Jaisalmer_Desert,26.9157,70.9083
2023-09-21T14:00,34.9,47,977.4,Jaisalmer_Desert,26.9157,70.9083
2023-09-21T15:00,34.7,48,977,Jaisalmer_Desert,26.9157,70.9083
2023-09-21T16:00,34.2,48,976.8,Jaisalmer_Desert,26.9157,70.9083
2023-09-21T17:00,34,46,977.1,Jaisalmer_Desert,26.9157,70.9083
2023-09-21T18:00,33,49,977.5,Jaisalmer_Desert,26.9157,70.9083
2023-09-21T19:00,32.3,53,978,Jaisalmer_Desert,26.9157,70.9083
2023-09-21T20:00,31.4,59,978.7,Jaisalmer_Desert,26.9157,70.9083
2023-09-21T21:00,30,68,979.2,Jaisalmer_Desert,26.9157,70.9083
2023-09-21T22:00,29.6,69,979.4,Jaisalmer_Desert,26.9157,70.9083
2023-09-21T23:00,29.1,71,979.3,Jaisalmer_Desert,26.9157,70.9083
2023-09-22T00:00,28.7,72,979.1,Jaisalmer_Desert,26.9157,70.9083
2023-09-22T01:00,28.2,74,978.8,Jaisalmer_Desert,26.9157,70.9083
2023-09-22T02:00,27.7,77,978.4,Jaisalmer_Desert,26.9157,70.9083
2023-09-22T03:00,27.2,80,978.4,Jaisalmer_Desert,26.9157,70.9083
2023-09-22T04:00,26.8,83,978.8,Jaisalmer_Desert,26.9157,70.9083
2023-09-22T05:00,26.7,85,979,Jaisalmer_Desert,26.9157,70.9083
2023-09-22T06:00,26.4,88,979.6,Jaisalmer_Desert,26.9157,70.9083
2023-09-22T07:00,26.6,88,980.1,Jaisalmer_Desert,26.9157,70.9083
2023-09-22T08:00,27.8,81,980.6,Jaisalmer_Desert,26.9157,70.9083
2023-09-22T09:00,29.3,73,981,Jaisalmer_Desert,26.9157,70.9083
2023-09-22T10:00,31,63,981,Jaisalmer_Desert,26.9157,70.9083
2023-09-22T11:00,32.7,53,980.6,Jaisalmer_Desert,26.9157,70.9083
2023-09-22T12:00,34,47,979.5,Jaisalmer_Desert,26.9157,70.9083
2023-09-22T13:00,34.9,44,978.7,Jaisalmer_Desert,26.9157,70.9083
2023-09-22T14:00,35.7,42,977.8,Jaisalmer_Desert,26.9157,70.9083
2023-09-22T15:00,36.2,40,976.9,Jaisalmer_Desert,26.9157,70.9083
2023-09-22T16:00,36.2,39,976.6,Jaisalmer_Desert,26.9157,70.9083
2023-09-22T17:00,35.9,38,976.9,Jaisalmer_Desert,26.9157,70.9083
2023-09-22T18:00,35.1,40,977.1,Jaisalmer_Desert,26.9157,70.9083
2023-09-22T19:00,34,45,977.7,Jaisalmer_Desert,26.9157,70.9083
2023-09-22T20:00,32.8,50,978.7,Jaisalmer_Desert,26.9157,70.9083
2023-09-22T21:00,31.9,54,979.3,Jaisalmer_Desert,26.9157,70.9083
2023-09-22T22:00,30.7,61,979.6,Jaisalmer_Desert,26.9157,70.9083
2023-09-22T23:00,30,64,979.3,Jaisalmer_Desert,26.9157,70.9083
2023-09-23T00:00,29.4,67,979.1,Jaisalmer_Desert,26.9157,70.9083
2023-09-23T01:00,28.8,70,978.7,Jaisalmer_Desert,26.9157,70.9083
2023-09-23T02:00,28.2,75,978.7,Jaisalmer_Desert,26.9157,70.9083
2023-09-23T03:00,27.6,80,978.3,Jaisalmer_Desert,26.9157,70.9083
2023-09-23T04:00,27.2,83,978.3,Jaisalmer_Desert,26.9157,70.9083
2023-09-23T05:00,27.6,83,978.8,Jaisalmer_Desert,26.9157,70.9083
2023-09-23T06:00,27.2,86,979.5,Jaisalmer_Desert,26.9157,70.9083
2023-09-23T07:00,27.5,85,980.1,Jaisalmer_Desert,26.9157,70.9083
2023-09-23T08:00,28.6,79,980.7,Jaisalmer_Desert,26.9157,70.9083
2023-09-23T09:00,30.2,70,981.3,Jaisalmer_Desert,26.9157,70.9083
2023-09-23T10:00,32,58,981.2,Jaisalmer_Desert,26.9157,70.9083
2023-09-23T11:00,33.7,50,980.8,Jaisalmer_Desert,26.9157,70.9083
2023-09-23T12:00,35,44,980.2,Jaisalmer_Desert,26.9157,70.9083
2023-09-23T13:00,36,40,979.3,Jaisalmer_Desert,26.9157,70.9083
2023-09-23T14:00,36.5,38,978.3,Jaisalmer_Desert,26.9157,70.9083
2023-09-23T15:00,36.4,37,977.5,Jaisalmer_Desert,26.9157,70.9083
2023-09-23T16:00,36.2,37,977.1,Jaisalmer_Desert,26.9157,70.9083
2023-09-23T17:00,36.1,37,977.7,Jaisalmer_Desert,26.9157,70.9083
2023-09-23T18:00,35.6,38,978,Jaisalmer_Desert,26.9157,70.9083
2023-09-23T19:00,34.8,40,978.5,Jaisalmer_Desert,26.9157,70.9083
2023-09-23T20:00,34,43,978.8,Jaisalmer_Desert,26.9157,70.9083
2023-09-23T21:00,33,48,979.3,Jaisalmer_Desert,26.9157,70.9083
2023-09-23T22:00,31.8,57,979.8,Jaisalmer_Desert,26.9157,70.9083
2023-09-23T23:00,30.9,62,979.5,Jaisalmer_Desert,26.9157,70.9083
2023-09-24T00:00,30,69,979.3,Jaisalmer_Desert,26.9157,70.9083
2023-09-24T01:00,29.1,75,979,Jaisalmer_Desert,26.9157,70.9083
2023-09-24T02:00,28.3,80,978.6,Jaisalmer_Desert,26.9157,70.9083
2023-09-24T03:00,27.7,84,978.6,Jaisalmer_Desert,26.9157,70.9083
2023-09-24T04:00,27.2,87,979,Jaisalmer_Desert,26.9157,70.9083
2023-09-24T05:00,27.7,86,979.4,Jaisalmer_Desert,26.9157,70.9083
2023-09-24T06:00,27.5,87,979.9,Jaisalmer_Desert,26.9157,70.9083
2023-09-24T07:00,27.9,82,979.9,Jaisalmer_Desert,26.9157,70.9083
2023-09-24T08:00,28.9,77,980.4,Jaisalmer_Desert,26.9157,70.9083
2023-09-24T09:00,31,64,980.8,Jaisalmer_Desert,26.9157,70.9083
2023-09-24T10:00,32.9,55,980.6,Jaisalmer_Desert,26.9157,70.9083
2023-09-24T11:00,34.5,47,980.3,Jaisalmer_Desert,26.9157,70.9083
2023-09-24T12:00,35.7,42,979.6,Jaisalmer_Desert,26.9157,70.9083
2023-09-24T13:00,36.7,37,978.4,Jaisalmer_Desert,26.9157,70.9083
2023-09-24T14:00,37.4,33,977.4,Jaisalmer_Desert,26.9157,70.9083
2023-09-24T15:00,37.9,31,976.6,Jaisalmer_Desert,26.9157,70.9083
2023-09-24T16:00,38,29,975.9,Jaisalmer_Desert,26.9157,70.9083
2023-09-24T17:00,37.3,29,976.3,Jaisalmer_Desert,26.9157,70.9083
2023-09-24T18:00,36.2,32,976.7,Jaisalmer_Desert,26.9157,70.9083
2023-09-24T19:00,35.1,36,977.1,Jaisalmer_Desert,26.9157,70.9083
2023-09-24T20:00,34.2,39,977.6,Jaisalmer_Desert,26.9157,70.9083
2023-09-24T21:00,32.7,49,978.2,Jaisalmer_Desert,26.9157,70.9083
2023-09-24T22:00,31.7,55,978.3,Jaisalmer_Desert,26.9157,70.9083
2023-09-24T23:00,30.9,61,978.2,Jaisalmer_Desert,26.9157,70.9083
2023-09-25T00:00,30.1,66,977.9,Jaisalmer_Desert,26.9157,70.9083
2023-09-25T01:00,29.3,70,977.5,Jaisalmer_Desert,26.9157,70.9083
2023-09-25T02:00,28.5,73,977.3,Jaisalmer_Desert,26.9157,70.9083
2023-09-25T03:00,27.6,75,977.6,Jaisalmer_Desert,26.9157,70.9083
2023-09-25T04:00,26.9,75,977.6,Jaisalmer_Desert,26.9157,70.9083
2023-09-25T05:00,26.8,74,977.8,Jaisalmer_Desert,26.9157,70.9083
2023-09-25T06:00,26.5,74,978.6,Jaisalmer_Desert,26.9157,70.9083
2023-09-25T07:00,26.3,75,979.3,Jaisalmer_Desert,26.9157,70.9083
2023-09-25T08:00,27.4,71,979.9,Jaisalmer_Desert,26.9157,70.9083
2023-09-25T09:00,29.5,60,980.2,Jaisalmer_Desert,26.9157,70.9083
2023-09-25T10:00,31.9,47,980.3,Jaisalmer_Desert,26.9157,70.9083
2023-09-25T11:00,33.7,42,979.9,Jaisalmer_Desert,26.9157,70.9083
2023-09-25T12:00,35.1,36,979.4,Jaisalmer_Desert,26.9157,70.9083
2023-09-25T13:00,36.2,31,978.5,Jaisalmer_Desert,26.9157,70.9083
2023-09-25T14:00,36.9,28,977.8,Jaisalmer_Desert,26.9157,70.9083
2023-09-25T15:00,37.3,26,977,Jaisalmer_Desert,26.9157,70.9083
2023-09-25T16:00,37.3,25,976.6,Jaisalmer_Desert,26.9157,70.9083
2023-09-25T17:00,37,24,977.3,Jaisalmer_Desert,26.9157,70.9083
2023-09-25T18:00,36.1,25,977.7,Jaisalmer_Desert,26.9157,70.9083
2023-09-25T19:00,34.9,28,978.1,Jaisalmer_Desert,26.9157,70.9083
2023-09-25T20:00,34.2,28,978.7,Jaisalmer_Desert,26.9157,70.9083
2023-09-25T21:00,33.2,30,979.6,Jaisalmer_Desert,26.9157,70.9083
2023-09-25T22:00,31.5,48,980,Jaisalmer_Desert,26.9157,70.9083
2023-09-25T23:00,30.7,52,979.9,Jaisalmer_Desert,26.9157,70.9083
2023-09-26T00:00,30,56,979.6,Jaisalmer_Desert,26.9157,70.9083
2023-09-26T01:00,29.1,61,979.2,Jaisalmer_Desert,26.9157,70.9083
2023-09-26T02:00,28.4,65,979,Jaisalmer_Desert,26.9157,70.9083
2023-09-26T03:00,27.8,68,979.4,Jaisalmer_Desert,26.9157,70.9083
2023-09-26T04:00,27.2,71,979.7,Jaisalmer_Desert,26.9157,70.9083
2023-09-26T05:00,27.2,68,979.8,Jaisalmer_Desert,26.9157,70.9083
2023-09-26T06:00,27,69,980.2,Jaisalmer_Desert,26.9157,70.9083
2023-09-26T07:00,27.4,67,981.1,Jaisalmer_Desert,26.9157,70.9083
2023-09-26T08:00,29.1,61,982,Jaisalmer_Desert,26.9157,70.9083
2023-09-26T09:00,31.2,52,982.3,Jaisalmer_Desert,26.9157,70.9083
2023-09-26T10:00,33,43,982.5,Jaisalmer_Desert,26.9157,70.9083
2023-09-26T11:00,34.3,37,982.1,Jaisalmer_Desert,26.9157,70.9083
2023-09-26T12:00,35.6,32,981.5,Jaisalmer_Desert,26.9157,70.9083
2023-09-26T13:00,36.5,27,980.6,Jaisalmer_Desert,26.9157,70.9083
2023-09-26T14:00,37,25,979.5,Jaisalmer_Desert,26.9157,70.9083
2023-09-26T15:00,37.5,23,978.9,Jaisalmer_Desert,26.9157,70.9083
2023-09-26T16:00,37.7,22,978.6,Jaisalmer_Desert,26.9157,70.9083
2023-09-26T17:00,37.2,23,978.8,Jaisalmer_Desert,26.9157,70.9083
2023-09-26T18:00,36.9,23,979,Jaisalmer_Desert,26.9157,70.9083
2023-09-26T19:00,35,30,979.9,Jaisalmer_Desert,26.9157,70.9083
2023-09-26T20:00,34.2,34,980.8,Jaisalmer_Desert,26.9157,70.9083
2023-09-26T21:00,33.4,36,981.2,Jaisalmer_Desert,26.9157,70.9083
2023-09-26T22:00,32.7,38,981.2,Jaisalmer_Desert,26.9157,70.9083
2023-09-26T23:00,32.1,38,981,Jaisalmer_Desert,26.9157,70.9083
2023-09-27T00:00,31.2,41,980.8,Jaisalmer_Desert,26.9157,70.9083
2023-09-27T01:00,30.4,43,980.6,Jaisalmer_Desert,26.9157,70.9083
2023-09-27T02:00,30,44,980.3,Jaisalmer_Desert,26.9157,70.9083
2023-09-27T03:00,29.2,46,980.2,Jaisalmer_Desert,26.9157,70.9083
2023-09-27T04:00,28.5,49,980.3,Jaisalmer_Desert,26.9157,70.9083
2023-09-27T05:00,28.5,58,980.9,Jaisalmer_Desert,26.9157,70.9083
2023-09-27T06:00,28,61,981.4,Jaisalmer_Desert,26.9157,70.9083
2023-09-27T07:00,29,53,981.9,Jaisalmer_Desert,26.9157,70.9083
2023-09-27T08:00,31.2,47,982.4,Jaisalmer_Desert,26.9157,70.9083
2023-09-27T09:00,33.1,43,982.7,Jaisalmer_Desert,26.9157,70.9083
2023-09-27T10:00,34.7,36,982.5,Jaisalmer_Desert,26.9157,70.9083
2023-09-27T11:00,36,31,982,Jaisalmer_Desert,26.9157,70.9083
2023-09-27T12:00,36.9,28,981,Jaisalmer_Desert,26.9157,70.9083
2023-09-27T13:00,37.6,26,980.1,Jaisalmer_Desert,26.9157,70.9083
2023-09-27T14:00,38.1,24,979.1,Jaisalmer_Desert,26.9157,70.9083
2023-09-27T15:00,38.4,23,978.5,Jaisalmer_Desert,26.9157,70.9083
2023-09-27T16:00,38.2,23,978.2,Jaisalmer_Desert,26.9157,70.9083
2023-09-27T17:00,37.2,26,978.7,Jaisalmer_Desert,26.9157,70.9083
2023-09-27T18:00,36.4,27,979,Jaisalmer_Desert,26.9157,70.9083
2023-09-27T19:00,35.3,30,979.5,Jaisalmer_Desert,26.9157,70.9083
2023-09-27T20:00,34.4,33,980,Jaisalmer_Desert,26.9157,70.9083
2023-09-27T21:00,33.6,35,980.5,Jaisalmer_Desert,26.9157,70.9083
2023-09-27T22:00,33,36,980.7,Jaisalmer_Desert,26.9157,70.9083
2023-09-27T23:00,31.9,39,980.3,Jaisalmer_Desert,26.9157,70.9083
2023-09-28T00:00,30.8,43,979.9,Jaisalmer_Desert,26.9157,70.9083
2023-09-28T01:00,30.3,49,979.4,Jaisalmer_Desert,26.9157,70.9083
2023-09-28T02:00,29.9,51,978.8,Jaisalmer_Desert,26.9157,70.9083
2023-09-28T03:00,29.4,52,978.6,Jaisalmer_Desert,26.9157,70.9083
2023-09-28T04:00,29.2,52,978.8,Jaisalmer_Desert,26.9157,70.9083
2023-09-28T05:00,27.6,66,979.7,Jaisalmer_Desert,26.9157,70.9083
2023-09-28T06:00,27.4,67,980.2,Jaisalmer_Desert,26.9157,70.9083
2023-09-28T07:00,28.3,62,980.6,Jaisalmer_Desert,26.9157,70.9083
2023-09-28T08:00,30.5,55,981.3,Jaisalmer_Desert,26.9157,70.9083
2023-09-28T09:00,32.9,46,982,Jaisalmer_Desert,26.9157,70.9083
2023-09-28T10:00,34.8,37,982.2,Jaisalmer_Desert,26.9157,70.9083
2023-09-28T11:00,36.1,29,981.7,Jaisalmer_Desert,26.9157,70.9083
2023-09-28T12:00,37,25,980.7,Jaisalmer_Desert,26.9157,70.9083
2023-09-28T13:00,37.8,22,979.8,Jaisalmer_Desert,26.9157,70.9083
2023-09-28T14:00,38.1,21,978.6,Jaisalmer_Desert,26.9157,70.9083
2023-09-28T15:00,38.6,19,977.8,Jaisalmer_Desert,26.9157,70.9083
2023-09-28T16:00,38.8,18,977.2,Jaisalmer_Desert,26.9157,70.9083
2023-09-28T17:00,38.2,18,977.4,Jaisalmer_Desert,26.9157,70.9083
2023-09-28T18:00,37.4,13,977.8,Jaisalmer_Desert,26.9157,70.9083
2023-09-28T19:00,36.3,13,978.4,Jaisalmer_Desert,26.9157,70.9083
2023-09-28T20:00,35.3,25,978.7,Jaisalmer_Desert,26.9157,70.9083
2023-09-28T21:00,34.2,19,979.3,Jaisalmer_Desert,26.9157,70.9083
2023-09-28T22:00,33.3,28,979.6,Jaisalmer_Desert,26.9157,70.9083
2023-09-28T23:00,32.2,40,979.5,Jaisalmer_Desert,26.9157,70.9083
2023-09-29T00:00,30.9,44,978.9,Jaisalmer_Desert,26.9157,70.9083
2023-09-29T01:00,30.5,46,978.4,Jaisalmer_Desert,26.9157,70.9083
2023-09-29T02:00,29.7,49,978,Jaisalmer_Desert,26.9157,70.9083
2023-09-29T03:00,29.2,51,978.2,Jaisalmer_Desert,26.9157,70.9083
2023-09-29T04:00,28.9,52,978.4,Jaisalmer_Desert,26.9157,70.9083
2023-09-29T05:00,28.5,61,978.6,Jaisalmer_Desert,26.9157,70.9083
2023-09-29T06:00,28,60,979.1,Jaisalmer_Desert,26.9157,70.9083
2023-09-29T07:00,28.4,55,979.8,Jaisalmer_Desert,26.9157,70.9083
2023-09-29T08:00,30.9,46,980.4,Jaisalmer_Desert,26.9157,70.9083
2023-09-29T09:00,34,31,981.2,Jaisalmer_Desert,26.9157,70.9083
2023-09-29T10:00,36.2,23,981.5,Jaisalmer_Desert,26.9157,70.9083
2023-09-29T11:00,38,16,980.8,Jaisalmer_Desert,26.9157,70.9083
2023-09-29T12:00,38.9,13,980,Jaisalmer_Desert,26.9157,70.9083
2023-09-29T13:00,39.4,12,979,Jaisalmer_Desert,26.9157,70.9083
2023-09-29T14:00,39.7,11,977.9,Jaisalmer_Desert,26.9157,70.9083
2023-09-29T15:00,39.7,11,977.2,Jaisalmer_Desert,26.9157,70.9083
2023-09-29T16:00,39.4,11,976.8,Jaisalmer_Desert,26.9157,70.9083
2023-09-29T17:00,38.7,11,977.5,Jaisalmer_Desert,26.9157,70.9083
2023-09-29T18:00,37,11,977.8,Jaisalmer_Desert,26.9157,70.9083
2023-09-29T19:00,35.3,11,978.2,Jaisalmer_Desert,26.9157,70.9083
2023-09-29T20:00,34,12,978.7,Jaisalmer_Desert,26.9157,70.9083
2023-09-29T21:00,34.3,13,979.4,Jaisalmer_Desert,26.9157,70.9083
2023-09-29T22:00,31.8,16,979.9,Jaisalmer_Desert,26.9157,70.9083
2023-09-29T23:00,32.2,13,979.8,Jaisalmer_Desert,26.9157,70.9083
2023-09-30T00:00,29.9,15,979.7,Jaisalmer_Desert,26.9157,70.9083
2023-09-30T01:00,29,35,979.2,Jaisalmer_Desert,26.9157,70.9083
2023-09-30T02:00,28,43,978.7,Jaisalmer_Desert,26.9157,70.9083
2023-09-30T03:00,27.5,46,978.4,Jaisalmer_Desert,26.9157,70.9083
2023-09-30T04:00,27,47,978.6,Jaisalmer_Desert,26.9157,70.9083
2023-09-30T05:00,27.2,54,979.6,Jaisalmer_Desert,26.9157,70.9083
2023-09-30T06:00,25.9,52,980.3,Jaisalmer_Desert,26.9157,70.9083
2023-09-30T07:00,26.5,43,980.8,Jaisalmer_Desert,26.9157,70.9083
2023-09-30T08:00,28.2,35,981.4,Jaisalmer_Desert,26.9157,70.9083
2023-09-30T09:00,30.6,34,981.9,Jaisalmer_Desert,26.9157,70.9083
2023-09-30T10:00,33.5,31,982.1,Jaisalmer_Desert,26.9157,70.9083
2023-09-30T11:00,35.7,26,981.9,Jaisalmer_Desert,26.9157,70.9083
2023-09-30T12:00,37.4,21,981,Jaisalmer_Desert,26.9157,70.9083
2023-09-30T13:00,38.5,15,979.9,Jaisalmer_Desert,26.9157,70.9083
2023-09-30T14:00,39.1,13,978.9,Jaisalmer_Desert,26.9157,70.9083
2023-09-30T15:00,39.3,12,978,Jaisalmer_Desert,26.9157,70.9083
2023-09-30T16:00,39.2,11,977.3,Jaisalmer_Desert,26.9157,70.9083
2023-09-30T17:00,37.9,15,978,Jaisalmer_Desert,26.9157,70.9083
2023-09-30T18:00,37,16,977.9,Jaisalmer_Desert,26.9157,70.9083
2023-09-30T19:00,35.9,18,978.2,Jaisalmer_Desert,26.9157,70.9083
2023-09-30T20:00,33.8,22,979,Jaisalmer_Desert,26.9157,70.9083
2023-09-30T21:00,32.7,24,979.7,Jaisalmer_Desert,26.9157,70.9083
2023-09-30T22:00,31.6,28,980.2,Jaisalmer_Desert,26.9157,70.9083
2023-09-30T23:00,30.7,33,980.4,Jaisalmer_Desert,26.9157,70.9083
2023-10-01T00:00,29.8,37,979.8,Jaisalmer_Desert,26.9157,70.9083
2023-10-01T01:00,28.8,42,979.5,Jaisalmer_Desert,26.9157,70.9083
2023-10-01T02:00,28.1,46,978.7,Jaisalmer_Desert,26.9157,70.9083
2023-10-01T03:00,27.5,47,978.4,Jaisalmer_Desert,26.9157,70.9083
2023-10-01T04:00,26.7,49,978.4,Jaisalmer_Desert,26.9157,70.9083
2023-10-01T05:00,26.7,51,979,Jaisalmer_Desert,26.9157,70.9083
2023-10-01T06:00,26.6,52,979.4,Jaisalmer_Desert,26.9157,70.9083
2023-10-01T07:00,27.1,51,979.9,Jaisalmer_Desert,26.9157,70.9083
2023-10-01T08:00,29,46,980.4,Jaisalmer_Desert,26.9157,70.9083
2023-10-01T09:00,31.2,39,980.7,Jaisalmer_Desert,26.9157,70.9083
2023-10-01T10:00,33.4,34,980.9,Jaisalmer_Desert,26.9157,70.9083
2023-10-01T11:00,35.3,27,980.7,Jaisalmer_Desert,26.9157,70.9083
2023-10-01T12:00,36.5,22,980,Jaisalmer_Desert,26.9157,70.9083
2023-10-01T13:00,37.4,18,979,Jaisalmer_Desert,26.9157,70.9083
2023-10-01T14:00,37.5,17,977.9,Jaisalmer_Desert,26.9157,70.9083
2023-10-01T15:00,37.5,15,977,Jaisalmer_Desert,26.9157,70.9083
2023-10-01T16:00,37.3,14,976.5,Jaisalmer_Desert,26.9157,70.9083
2023-10-01T17:00,36.9,15,977.4,Jaisalmer_Desert,26.9157,70.9083
2023-10-01T18:00,36,16,977.4,Jaisalmer_Desert,26.9157,70.9083
2023-10-01T19:00,34.9,18,977.7,Jaisalmer_Desert,26.9157,70.9083
2023-10-01T20:00,34.3,20,978.4,Jaisalmer_Desert,26.9157,70.9083
2023-10-01T21:00,32.7,23,979,Jaisalmer_Desert,26.9157,70.9083
2023-10-01T22:00,31.2,27,979.5,Jaisalmer_Desert,26.9157,70.9083
2023-10-01T23:00,30.9,31,979.7,Jaisalmer_Desert,26.9157,70.9083
2023-10-02T00:00,31,28,979.8,Jaisalmer_Desert,26.9157,70.9083
2023-10-02T01:00,28.8,34,979.3,Jaisalmer_Desert,26.9157,70.9083
2023-10-02T02:00,28.6,34,979,Jaisalmer_Desert,26.9157,70.9083
2023-10-02T03:00,27.4,36,978.7,Jaisalmer_Desert,26.9157,70.9083
2023-10-02T04:00,26.5,38,978.5,Jaisalmer_Desert,26.9157,70.9083
2023-10-02T05:00,27.7,39,978.9,Jaisalmer_Desert,26.9157,70.9083
2023-10-02T06:00,28.1,36,979.7,Jaisalmer_Desert,26.9157,70.9083
2023-10-02T07:00,28.3,35,980.1,Jaisalmer_Desert,26.9157,70.9083
2023-10-02T08:00,30.5,29,980.8,Jaisalmer_Desert,26.9157,70.9083
2023-10-02T09:00,34,23,981.4,Jaisalmer_Desert,26.9157,70.9083
2023-10-02T10:00,35.4,19,981.6,Jaisalmer_Desert,26.9157,70.9083
2023-10-02T11:00,36.5,15,981.3,Jaisalmer_Desert,26.9157,70.9083
2023-10-02T12:00,37.1,14,980.7,Jaisalmer_Desert,26.9157,70.9083
2023-10-02T13:00,37.6,13,980,Jaisalmer_Desert,26.9157,70.9083
2023-10-02T14:00,37.7,13,979.2,Jaisalmer_Desert,26.9157,70.9083
2023-10-02T15:00,37.7,12,978.8,Jaisalmer_Desert,26.9157,70.9083
2023-10-02T16:00,37.7,10,978.5,Jaisalmer_Desert,26.9157,70.9083
2023-10-02T17:00,37.4,8,979.1,Jaisalmer_Desert,26.9157,70.9083
2023-10-02T18:00,35.2,10,979.4,Jaisalmer_Desert,26.9157,70.9083
2023-10-02T19:00,33.7,9,979.7,Jaisalmer_Desert,26.9157,70.9083
2023-10-02T20:00,32.7,10,979.9,Jaisalmer_Desert,26.9157,70.9083
2023-10-02T21:00,31.6,11,980.4,Jaisalmer_Desert,26.9157,70.9083
2023-10-02T22:00,29.7,13,980.6,Jaisalmer_Desert,26.9157,70.9083
2023-10-02T23:00,28.1,18,980.3,Jaisalmer_Desert,26.9157,70.9083
2023-10-03T00:00,27.4,18,980.4,Jaisalmer_Desert,26.9157,70.9083
2023-10-03T01:00,27.1,17,980.3,Jaisalmer_Desert,26.9157,70.9083
2023-10-03T02:00,27.1,20,980.2,Jaisalmer_Desert,26.9157,70.9083
2023-10-03T03:00,26.8,26,980.3,Jaisalmer_Desert,26.9157,70.9083
2023-10-03T04:00,26.6,28,980.7,Jaisalmer_Desert,26.9157,70.9083
2023-10-03T05:00,26.4,33,981.1,Jaisalmer_Desert,26.9157,70.9083
2023-10-03T06:00,23.2,45,981.5,Jaisalmer_Desert,26.9157,70.9083
2023-10-03T07:00,24.1,43,982.2,Jaisalmer_Desert,26.9157,70.9083
2023-10-03T08:00,27.1,41,983,Jaisalmer_Desert,26.9157,70.9083
2023-10-03T09:00,30.6,36,983.7,Jaisalmer_Desert,26.9157,70.9083
2023-10-03T10:00,33.9,27,983.8,Jaisalmer_Desert,26.9157,70.9083
2023-10-03T11:00,36.3,16,983.3,Jaisalmer_Desert,26.9157,70.9083
2023-10-03T12:00,37.4,11,982.4,Jaisalmer_Desert,26.9157,70.9083
2023-10-03T13:00,37.9,10,981.2,Jaisalmer_Desert,26.9157,70.9083
2023-10-03T14:00,38.2,10,980.6,Jaisalmer_Desert,26.9157,70.9083
2023-10-03T15:00,38.3,10,979.9,Jaisalmer_Desert,26.9157,70.9083
2023-10-03T16:00,38,10,979.8,Jaisalmer_Desert,26.9157,70.9083
2023-10-03T17:00,37.3,10,980.1,Jaisalmer_Desert,26.9157,70.9083
2023-10-03T18:00,35.2,12,980.2,Jaisalmer_Desert,26.9157,70.9083
2023-10-03T19:00,33.8,14,980.7,Jaisalmer_Desert,26.9157,70.9083
2023-10-03T20:00,32.7,15,981.1,Jaisalmer_Desert,26.9157,70.9083
2023-10-03T21:00,31.4,17,981.4,Jaisalmer_Desert,26.9157,70.9083
2023-10-03T22:00,30,20,981.7,Jaisalmer_Desert,26.9157,70.9083
2023-10-03T23:00,29.7,23,981.7,Jaisalmer_Desert,26.9157,70.9083
2023-10-04T00:00,28.9,32,981.6,Jaisalmer_Desert,26.9157,70.9083
2023-10-04T01:00,28.6,34,981.2,Jaisalmer_Desert,26.9157,70.9083
2023-10-04T02:00,27.7,37,980.9,Jaisalmer_Desert,26.9157,70.9083
2023-10-04T03:00,26.7,43,981,Jaisalmer_Desert,26.9157,70.9083
2023-10-04T04:00,25.9,51,980.8,Jaisalmer_Desert,26.9157,70.9083
2023-10-04T05:00,25.2,54,981.4,Jaisalmer_Desert,26.9157,70.9083
2023-10-04T06:00,24.9,58,981.9,Jaisalmer_Desert,26.9157,70.9083
2023-10-04T07:00,25.4,58,982.4,Jaisalmer_Desert,26.9157,70.9083
2023-10-04T08:00,27.6,51,983.1,Jaisalmer_Desert,26.9157,70.9083
2023-10-04T09:00,30.7,39,983.6,Jaisalmer_Desert,26.9157,70.9083
2023-10-04T10:00,33.8,25,983.8,Jaisalmer_Desert,26.9157,70.9083
2023-10-04T11:00,35.7,18,983.5,Jaisalmer_Desert,26.9157,70.9083
2023-10-04T12:00,36.8,15,982.8,Jaisalmer_Desert,26.9157,70.9083
2023-10-04T13:00,37.5,13,981.9,Jaisalmer_Desert,26.9157,70.9083
2023-10-04T14:00,37.8,12,981,Jaisalmer_Desert,26.9157,70.9083
2023-10-04T15:00,37.9,12,980.6,Jaisalmer_Desert,26.9157,70.9083
2023-10-04T16:00,37.7,13,980.6,Jaisalmer_Desert,26.9157,70.9083
2023-10-04T17:00,37.1,13,980.9,Jaisalmer_Desert,26.9157,70.9083
2023-10-04T18:00,34.9,16,981,Jaisalmer_Desert,26.9157,70.9083
2023-10-04T19:00,33.3,18,981.6,Jaisalmer_Desert,26.9157,70.9083
2023-10-04T20:00,32.4,21,981.9,Jaisalmer_Desert,26.9157,70.9083
2023-10-04T21:00,31.5,24,982.3,Jaisalmer_Desert,26.9157,70.9083
2023-10-04T22:00,30.7,27,982,Jaisalmer_Desert,26.9157,70.9083
2023-10-04T23:00,29.9,32,981.9,Jaisalmer_Desert,26.9157,70.9083
2023-10-05T00:00,28.9,40,981.7,Jaisalmer_Desert,26.9157,70.9083
2023-10-05T01:00,28.1,48,981.5,Jaisalmer_Desert,26.9157,70.9083
2023-10-05T02:00,27.2,60,981.1,Jaisalmer_Desert,26.9157,70.9083
2023-10-05T03:00,26.2,70,980.8,Jaisalmer_Desert,26.9157,70.9083
2023-10-05T04:00,25.6,75,980.9,Jaisalmer_Desert,26.9157,70.9083
2023-10-05T05:00,25,81,981.5,Jaisalmer_Desert,26.9157,70.9083
2023-10-05T06:00,24.6,85,982,Jaisalmer_Desert,26.9157,70.9083
2023-10-05T07:00,25.1,83,982.5,Jaisalmer_Desert,26.9157,70.9083
2023-10-05T08:00,27.1,75,983.1,Jaisalmer_Desert,26.9157,70.9083
2023-10-05T09:00,29.6,63,983.6,Jaisalmer_Desert,26.9157,70.9083
2023-10-05T10:00,32,47,983.5,Jaisalmer_Desert,26.9157,70.9083
2023-10-05T11:00,34,35,983,Jaisalmer_Desert,26.9157,70.9083
2023-10-05T12:00,35.4,29,981.9,Jaisalmer_Desert,26.9157,70.9083
2023-10-05T13:00,36.5,23,981,Jaisalmer_Desert,26.9157,70.9083
2023-10-05T14:00,37.1,20,980.1,Jaisalmer_Desert,26.9157,70.9083
2023-10-05T15:00,37.3,19,979.5,Jaisalmer_Desert,26.9157,70.9083
2023-10-05T16:00,37,20,979.3,Jaisalmer_Desert,26.9157,70.9083
2023-10-05T17:00,36.6,21,979.8,Jaisalmer_Desert,26.9157,70.9083
2023-10-05T18:00,34.9,26,980,Jaisalmer_Desert,26.9157,70.9083
2023-10-05T19:00,33.6,30,980.5,Jaisalmer_Desert,26.9157,70.9083
2023-10-05T20:00,32.6,34,980.7,Jaisalmer_Desert,26.9157,70.9083
2023-10-05T21:00,31.7,40,980.8,Jaisalmer_Desert,26.9157,70.9083
2023-10-05T22:00,30.6,47,980.7,Jaisalmer_Desert,26.9157,70.9083
2023-10-05T23:00,29.6,55,980.6,Jaisalmer_Desert,26.9157,70.9083
2023-10-06T00:00,28.7,62,980.5,Jaisalmer_Desert,26.9157,70.9083
2023-10-06T01:00,27.8,67,980.2,Jaisalmer_Desert,26.9157,70.9083
2023-10-06T02:00,26.9,71,979.8,Jaisalmer_Desert,26.9157,70.9083
2023-10-06T03:00,26.1,75,979.7,Jaisalmer_Desert,26.9157,70.9083
2023-10-06T04:00,25.2,79,979.5,Jaisalmer_Desert,26.9157,70.9083
2023-10-06T05:00,24.4,86,980.1,Jaisalmer_Desert,26.9157,70.9083
2023-10-06T06:00,23.6,90,980.5,Jaisalmer_Desert,26.9157,70.9083
2023-10-06T07:00,23.5,91,980.9,Jaisalmer_Desert,26.9157,70.9083
2023-10-06T08:00,24.9,84,981.4,Jaisalmer_Desert,26.9157,70.9083
2023-10-06T09:00,26.8,72,981.8,Jaisalmer_Desert,26.9157,70.9083
2023-10-06T10:00,29.1,61,981.9,Jaisalmer_Desert,26.9157,70.9083
2023-10-06T11:00,31.4,50,981.3,Jaisalmer_Desert,26.9157,70.9083
2023-10-06T12:00,33.4,42,980.3,Jaisalmer_Desert,26.9157,70.9083
2023-10-06T13:00,34.7,37,979.2,Jaisalmer_Desert,26.9157,70.9083
2023-10-06T14:00,35.7,33,978.5,Jaisalmer_Desert,26.9157,70.9083
2023-10-06T15:00,36.1,31,977.9,Jaisalmer_Desert,26.9157,70.9083
2023-10-06T16:00,35.9,31,977.9,Jaisalmer_Desert,26.9157,70.9083
2023-10-06T17:00,35.1,36,978.7,Jaisalmer_Desert,26.9157,70.9083
2023-10-06T18:00,33.6,41,978.9,Jaisalmer_Desert,26.9157,70.9083
2023-10-06T19:00,32.5,46,979.1,Jaisalmer_Desert,26.9157,70.9083
2023-10-06T20:00,31.6,51,979.5,Jaisalmer_Desert,26.9157,70.9083
2023-10-06T21:00,30.6,56,979.9,Jaisalmer_Desert,26.9157,70.9083
2023-10-06T22:00,29.9,61,979.7,Jaisalmer_Desert,26.9157,70.9083
2023-10-06T23:00,29.2,65,979.3,Jaisalmer_Desert,26.9157,70.9083
2023-10-07T00:00,28.5,68,979.3,Jaisalmer_Desert,26.9157,70.9083
2023-10-07T01:00,27.4,71,979.1,Jaisalmer_Desert,26.9157,70.9083
2023-10-07T02:00,26.5,75,979.2,Jaisalmer_Desert,26.9157,70.9083
2023-10-07T03:00,25.7,78,979,Jaisalmer_Desert,26.9157,70.9083
2023-10-07T04:00,25,81,979.2,Jaisalmer_Desert,26.9157,70.9083
2023-10-07T05:00,24.7,84,979.6,Jaisalmer_Desert,26.9157,70.9083
2023-10-07T06:00,24,88,980.2,Jaisalmer_Desert,26.9157,70.9083
2023-10-07T07:00,24,88,980.8,Jaisalmer_Desert,26.9157,70.9083
2023-10-07T08:00,25.3,81,981.5,Jaisalmer_Desert,26.9157,70.9083
2023-10-07T09:00,27.4,71,982,Jaisalmer_Desert,26.9157,70.9083
2023-10-07T10:00,29.5,62,982,Jaisalmer_Desert,26.9157,70.9083
2023-10-07T11:00,31.5,53,981.8,Jaisalmer_Desert,26.9157,70.9083
2023-10-07T12:00,33.4,45,981,Jaisalmer_Desert,26.9157,70.9083
2023-10-07T13:00,34.9,40,980.3,Jaisalmer_Desert,26.9157,70.9083
2023-10-07T14:00,35.8,36,979.7,Jaisalmer_Desert,26.9157,70.9083
2023-10-07T15:00,36.2,33,979.3,Jaisalmer_Desert,26.9157,70.9083
2023-10-07T16:00,35.8,35,979.3,Jaisalmer_Desert,26.9157,70.9083
2023-10-07T17:00,34.7,38,980.2,Jaisalmer_Desert,26.9157,70.9083
2023-10-07T18:00,33.3,43,980.8,Jaisalmer_Desert,26.9157,70.9083
2023-10-07T19:00,32.3,47,981.4,Jaisalmer_Desert,26.9157,70.9083
2023-10-07T20:00,31.4,51,981.8,Jaisalmer_Desert,26.9157,70.9083
2023-10-07T21:00,30.6,56,982,Jaisalmer_Desert,26.9157,70.9083
2023-10-07T22:00,29.8,60,982,Jaisalmer_Desert,26.9157,70.9083
2023-10-07T23:00,29.1,63,981.6,Jaisalmer_Desert,26.9157,70.9083
2023-10-08T00:00,28.6,66,981.5,Jaisalmer_Desert,26.9157,70.9083
2023-10-08T01:00,28,68,981.1,Jaisalmer_Desert,26.9157,70.9083
2023-10-08T02:00,27.1,72,980.9,Jaisalmer_Desert,26.9157,70.9083
2023-10-08T03:00,26.2,76,980.7,Jaisalmer_Desert,26.9157,70.9083
2023-10-08T04:00,25.6,79,980.7,Jaisalmer_Desert,26.9157,70.9083
2023-10-08T05:00,25.2,84,980.8,Jaisalmer_Desert,26.9157,70.9083
2023-10-08T06:00,24.7,86,981.5,Jaisalmer_Desert,26.9157,70.9083
2023-10-08T07:00,24.7,87,982.3,Jaisalmer_Desert,26.9157,70.9083
2023-10-08T08:00,25.9,82,982.9,Jaisalmer_Desert,26.9157,70.9083
2023-10-08T09:00,27.8,72,983.5,Jaisalmer_Desert,26.9157,70.9083
2023-10-08T10:00,29.8,62,983.8,Jaisalmer_Desert,26.9157,70.9083
2023-10-08T11:00,31.9,53,983.4,Jaisalmer_Desert,26.9157,70.9083
2023-10-08T12:00,33.8,45,982.6,Jaisalmer_Desert,26.9157,70.9083
2023-10-08T13:00,35.3,39,981.6,Jaisalmer_Desert,26.9157,70.9083
2023-10-08T14:00,36.2,35,980.7,Jaisalmer_Desert,26.9157,70.9083
2023-10-08T15:00,36.5,35,980.4,Jaisalmer_Desert,26.9157,70.9083
2023-10-08T16:00,36.4,36,980.3,Jaisalmer_Desert,26.9157,70.9083
2023-10-08T17:00,35.2,39,981,Jaisalmer_Desert,26.9157,70.9083
2023-10-08T18:00,34.1,43,981.1,Jaisalmer_Desert,26.9157,70.9083
2023-10-08T19:00,33.2,47,981.8,Jaisalmer_Desert,26.9157,70.9083
2023-10-08T20:00,32.5,50,982.1,Jaisalmer_Desert,26.9157,70.9083
2023-10-08T21:00,31.7,54,982.5,Jaisalmer_Desert,26.9157,70.9083
2023-10-08T22:00,30.9,58,982.5,Jaisalmer_Desert,26.9157,70.9083
2023-10-08T23:00,30.3,62,982.3,Jaisalmer_Desert,26.9157,70.9083
2023-10-09T00:00,29.7,65,982.1,Jaisalmer_Desert,26.9157,70.9083
2023-10-09T01:00,28.8,70,981.9,Jaisalmer_Desert,26.9157,70.9083
2023-10-09T02:00,27.9,74,981.5,Jaisalmer_Desert,26.9157,70.9083
2023-10-09T03:00,26.9,78,981.5,Jaisalmer_Desert,26.9157,70.9083
2023-10-09T04:00,26,82,981.6,Jaisalmer_Desert,26.9157,70.9083
2023-10-09T05:00,25.4,87,981.9,Jaisalmer_Desert,26.9157,70.9083
2023-10-09T06:00,25,88,982.6,Jaisalmer_Desert,26.9157,70.9083
2023-10-09T07:00,24.8,91,983.3,Jaisalmer_Desert,26.9157,70.9083
2023-10-09T08:00,26.2,84,983.8,Jaisalmer_Desert,26.9157,70.9083
2023-10-09T09:00,28.1,73,984.4,Jaisalmer_Desert,26.9157,70.9083
2023-10-09T10:00,30.1,63,984.4,Jaisalmer_Desert,26.9157,70.9083
2023-10-09T11:00,31.9,56,983.9,Jaisalmer_Desert,26.9157,70.9083
2023-10-09T12:00,33.6,49,983,Jaisalmer_Desert,26.9157,70.9083
2023-10-09T13:00,35,42,981.9,Jaisalmer_Desert,26.9157,70.9083
2023-10-09T14:00,36.1,36,980.8,Jaisalmer_Desert,26.9157,70.9083
2023-10-09T15:00,36.7,32,980.2,Jaisalmer_Desert,26.9157,70.9083
2023-10-09T16:00,36.9,30,979.8,Jaisalmer_Desert,26.9157,70.9083
2023-10-09T17:00,35.9,33,980.5,Jaisalmer_Desert,26.9157,70.9083
2023-10-09T18:00,35,33,980.6,Jaisalmer_Desert,26.9157,70.9083
2023-10-09T19:00,33.7,35,980.9,Jaisalmer_Desert,26.9157,70.9083
2023-10-09T20:00,32.9,36,981,Jaisalmer_Desert,26.9157,70.9083
2023-10-09T21:00,31.4,39,981.4,Jaisalmer_Desert,26.9157,70.9083
2023-10-09T22:00,30.4,51,981.8,Jaisalmer_Desert,26.9157,70.9083
2023-10-09T23:00,30.1,59,981.8,Jaisalmer_Desert,26.9157,70.9083
2023-10-10T00:00,29,65,981.6,Jaisalmer_Desert,26.9157,70.9083
2023-10-10T01:00,27.8,70,981.2,Jaisalmer_Desert,26.9157,70.9083
2023-10-10T02:00,26.7,75,981.1,Jaisalmer_Desert,26.9157,70.9083
2023-10-10T03:00,25.9,78,981,Jaisalmer_Desert,26.9157,70.9083
2023-10-10T04:00,25.1,82,981,Jaisalmer_Desert,26.9157,70.9083
2023-10-10T05:00,24.7,86,981.6,Jaisalmer_Desert,26.9157,70.9083
2023-10-10T06:00,24.2,90,982.5,Jaisalmer_Desert,26.9157,70.9083
2023-10-10T07:00,24.3,91,982.7,Jaisalmer_Desert,26.9157,70.9083
2023-10-10T08:00,25.5,85,983.7,Jaisalmer_Desert,26.9157,70.9083
2023-10-10T09:00,27.7,72,984.7,Jaisalmer_Desert,26.9157,70.9083
2023-10-10T10:00,29.8,62,984.9,Jaisalmer_Desert,26.9157,70.9083
2023-10-10T11:00,31.8,54,984.6,Jaisalmer_Desert,26.9157,70.9083
2023-10-10T12:00,33.5,46,983.9,Jaisalmer_Desert,26.9157,70.9083
2023-10-10T13:00,34.6,41,983.1,Jaisalmer_Desert,26.9157,70.9083
2023-10-10T14:00,35.4,35,982.3,Jaisalmer_Desert,26.9157,70.9083
2023-10-10T15:00,35.8,33,981.8,Jaisalmer_Desert,26.9157,70.9083
2023-10-10T16:00,35.9,31,981.7,Jaisalmer_Desert,26.9157,70.9083
2023-10-10T17:00,36,27,982.3,Jaisalmer_Desert,26.9157,70.9083
2023-10-10T18:00,34.2,39,982.6,Jaisalmer_Desert,26.9157,70.9083
2023-10-10T19:00,33,38,983.1,Jaisalmer_Desert,26.9157,70.9083
2023-10-10T20:00,31.8,38,983.4,Jaisalmer_Desert,26.9157,70.9083
2023-10-10T21:00,30.8,41,983.8,Jaisalmer_Desert,26.9157,70.9083
2023-10-10T22:00,29.9,47,984,Jaisalmer_Desert,26.9157,70.9083
2023-10-10T23:00,29,47,984.1,Jaisalmer_Desert,26.9157,70.9083
2023-10-11T00:00,28.6,43,984.1,Jaisalmer_Desert,26.9157,70.9083
2023-10-11T01:00,27.7,48,983.7,Jaisalmer_Desert,26.9157,70.9083
2023-10-11T02:00,27.8,46,983.6,Jaisalmer_Desert,26.9157,70.9083
2023-10-11T03:00,27.7,44,983.5,Jaisalmer_Desert,26.9157,70.9083
2023-10-11T04:00,25.6,56,983.4,Jaisalmer_Desert,26.9157,70.9083
2023-10-11T05:00,25.3,66,983.6,Jaisalmer_Desert,26.9157,70.9083
2023-10-11T06:00,25,76,984.5,Jaisalmer_Desert,26.9157,70.9083
2023-10-11T07:00,25.6,80,985.2,Jaisalmer_Desert,26.9157,70.9083
2023-10-11T08:00,27.5,75,985.7,Jaisalmer_Desert,26.9157,70.9083
2023-10-11T09:00,29.5,69,986.5,Jaisalmer_Desert,26.9157,70.9083
2023-10-11T10:00,31.5,59,986.6,Jaisalmer_Desert,26.9157,70.9083
2023-10-11T11:00,33.6,44,986,Jaisalmer_Desert,26.9157,70.9083
2023-10-11T12:00,35.1,33,985.1,Jaisalmer_Desert,26.9157,70.9083
2023-10-11T13:00,35.9,29,983.9,Jaisalmer_Desert,26.9157,70.9083
2023-10-11T14:00,36.3,26,983.2,Jaisalmer_Desert,26.9157,70.9083
2023-10-11T15:00,36.5,25,982.5,Jaisalmer_Desert,26.9157,70.9083
2023-10-11T16:00,36.3,24,982.4,Jaisalmer_Desert,26.9157,70.9083
2023-10-11T17:00,35.6,27,982.8,Jaisalmer_Desert,26.9157,70.9083
2023-10-11T18:00,34.4,29,983,Jaisalmer_Desert,26.9157,70.9083
2023-10-11T19:00,33.2,31,983.5,Jaisalmer_Desert,26.9157,70.9083
2023-10-11T20:00,32,35,983.9,Jaisalmer_Desert,26.9157,70.9083
2023-10-11T21:00,31.2,37,984.2,Jaisalmer_Desert,26.9157,70.9083
2023-10-11T22:00,30.5,38,984.2,Jaisalmer_Desert,26.9157,70.9083
2023-10-11T23:00,29.7,41,983.9,Jaisalmer_Desert,26.9157,70.9083
2023-10-12T00:00,29.1,42,983.5,Jaisalmer_Desert,26.9157,70.9083
2023-10-12T01:00,28.5,44,983.2,Jaisalmer_Desert,26.9157,70.9083
2023-10-12T02:00,28.1,44,983,Jaisalmer_Desert,26.9157,70.9083
2023-10-12T03:00,27,47,983.1,Jaisalmer_Desert,26.9157,70.9083
2023-10-12T04:00,27,47,983.2,Jaisalmer_Desert,26.9157,70.9083
2023-10-12T05:00,26.2,59,983.9,Jaisalmer_Desert,26.9157,70.9083
2023-10-12T06:00,25.8,66,984.7,Jaisalmer_Desert,26.9157,70.9083
2023-10-12T07:00,26.1,70,985.1,Jaisalmer_Desert,26.9157,70.9083
2023-10-12T08:00,28,65,985.8,Jaisalmer_Desert,26.9157,70.9083
2023-10-12T09:00,30.6,55,986.7,Jaisalmer_Desert,26.9157,70.9083
2023-10-12T10:00,32.7,42,986.8,Jaisalmer_Desert,26.9157,70.9083
2023-10-12T11:00,34.1,35,986.5,Jaisalmer_Desert,26.9157,70.9083
2023-10-12T12:00,35.2,31,985.7,Jaisalmer_Desert,26.9157,70.9083
2023-10-12T13:00,35.9,28,984.7,Jaisalmer_Desert,26.9157,70.9083
2023-10-12T14:00,36.4,26,984,Jaisalmer_Desert,26.9157,70.9083
2023-10-12T15:00,36.6,24,983.6,Jaisalmer_Desert,26.9157,70.9083
2023-10-12T16:00,36.5,23,983.5,Jaisalmer_Desert,26.9157,70.9083
2023-10-12T17:00,35.8,26,984,Jaisalmer_Desert,26.9157,70.9083
2023-10-12T18:00,34.6,28,984.2,Jaisalmer_Desert,26.9157,70.9083
2023-10-12T19:00,33.4,29,984.7,Jaisalmer_Desert,26.9157,70.9083
2023-10-12T20:00,32.6,29,985.1,Jaisalmer_Desert,26.9157,70.9083
2023-10-12T21:00,31.7,29,985.4,Jaisalmer_Desert,26.9157,70.9083
2023-10-12T22:00,30.7,31,985.3,Jaisalmer_Desert,26.9157,70.9083
2023-10-12T23:00,29.7,33,985.3,Jaisalmer_Desert,26.9157,70.9083
2023-10-13T00:00,28.7,37,985,Jaisalmer_Desert,26.9157,70.9083
2023-10-13T01:00,28,40,984.8,Jaisalmer_Desert,26.9157,70.9083
2023-10-13T02:00,27.5,43,984.7,Jaisalmer_Desert,26.9157,70.9083
2023-10-13T03:00,27,50,984.8,Jaisalmer_Desert,26.9157,70.9083
2023-10-13T04:00,26.3,57,984.9,Jaisalmer_Desert,26.9157,70.9083
2023-10-13T05:00,26,64,985.4,Jaisalmer_Desert,26.9157,70.9083
2023-10-13T06:00,25.1,72,986.1,Jaisalmer_Desert,26.9157,70.9083
2023-10-13T07:00,25.2,73,986.6,Jaisalmer_Desert,26.9157,70.9083
2023-10-13T08:00,27.3,66,987.3,Jaisalmer_Desert,26.9157,70.9083
2023-10-13T09:00,29.8,57,988,Jaisalmer_Desert,26.9157,70.9083
2023-10-13T10:00,32.4,37,988.1,Jaisalmer_Desert,26.9157,70.9083
2023-10-13T11:00,33.7,29,987.7,Jaisalmer_Desert,26.9157,70.9083
2023-10-13T12:00,34.8,23,986.6,Jaisalmer_Desert,26.9157,70.9083
2023-10-13T13:00,35.4,22,985.3,Jaisalmer_Desert,26.9157,70.9083
2023-10-13T14:00,35.9,22,984.4,Jaisalmer_Desert,26.9157,70.9083
2023-10-13T15:00,36,22,983.8,Jaisalmer_Desert,26.9157,70.9083
2023-10-13T16:00,35.7,23,983.6,Jaisalmer_Desert,26.9157,70.9083
2023-10-13T17:00,35.1,25,983.7,Jaisalmer_Desert,26.9157,70.9083
2023-10-13T18:00,33.8,27,984,Jaisalmer_Desert,26.9157,70.9083
2023-10-13T19:00,32.6,30,984.5,Jaisalmer_Desert,26.9157,70.9083
2023-10-13T20:00,31.5,32,985,Jaisalmer_Desert,26.9157,70.9083
2023-10-13T21:00,30.6,35,985.3,Jaisalmer_Desert,26.9157,70.9083
2023-10-13T22:00,30,37,985.3,Jaisalmer_Desert,26.9157,70.9083
2023-10-13T23:00,29.3,40,985,Jaisalmer_Desert,26.9157,70.9083
2023-10-14T00:00,28.5,42,984.5,Jaisalmer_Desert,26.9157,70.9083
2023-10-14T01:00,28,43,984.2,Jaisalmer_Desert,26.9157,70.9083
2023-10-14T02:00,27.4,45,984.1,Jaisalmer_Desert,26.9157,70.9083
2023-10-14T03:00,26.5,51,984.2,Jaisalmer_Desert,26.9157,70.9083
2023-10-14T04:00,25.9,56,984.2,Jaisalmer_Desert,26.9157,70.9083
2023-10-14T05:00,25.2,66,984.4,Jaisalmer_Desert,26.9157,70.9083
2023-10-14T06:00,24.6,70,984.9,Jaisalmer_Desert,26.9157,70.9083
2023-10-14T07:00,25.1,66,985.3,Jaisalmer_Desert,26.9157,70.9083
2023-10-14T08:00,27,59,985.7,Jaisalmer_Desert,26.9157,70.9083
2023-10-14T09:00,29.4,50,986.6,Jaisalmer_Desert,26.9157,70.9083
2023-10-14T10:00,31.5,42,986.5,Jaisalmer_Desert,26.9157,70.9083
2023-10-14T11:00,33.3,36,986,Jaisalmer_Desert,26.9157,70.9083
2023-10-14T12:00,34.6,31,984.9,Jaisalmer_Desert,26.9157,70.9083
2023-10-14T13:00,35.5,27,983.7,Jaisalmer_Desert,26.9157,70.9083
2023-10-14T14:00,36.1,24,982.9,Jaisalmer_Desert,26.9157,70.9083
2023-10-14T15:00,36.3,23,982.4,Jaisalmer_Desert,26.9157,70.9083
2023-10-14T16:00,36.1,22,982.3,Jaisalmer_Desert,26.9157,70.9083
2023-10-14T17:00,34.8,25,982.9,Jaisalmer_Desert,26.9157,70.9083
2023-10-14T18:00,33.4,28,983.3,Jaisalmer_Desert,26.9157,70.9083
2023-10-14T19:00,32.3,31,983.7,Jaisalmer_Desert,26.9157,70.9083
2023-10-14T20:00,31.4,33,984.1,Jaisalmer_Desert,26.9157,70.9083
2023-10-14T21:00,30.8,35,984.3,Jaisalmer_Desert,26.9157,70.9083
2023-10-14T22:00,30,37,984.1,Jaisalmer_Desert,26.9157,70.9083
2023-10-14T23:00,29.1,41,983.7,Jaisalmer_Desert,26.9157,70.9083
2023-10-15T00:00,28.4,44,983.4,Jaisalmer_Desert,26.9157,70.9083
2023-10-15T01:00,27.5,49,982.9,Jaisalmer_Desert,26.9157,70.9083
2023-10-15T02:00,26.5,55,982.3,Jaisalmer_Desert,26.9157,70.9083
2023-10-15T03:00,25.5,61,982.2,Jaisalmer_Desert,26.9157,70.9083
2023-10-15T04:00,24.6,64,982.2,Jaisalmer_Desert,26.9157,70.9083
2023-10-15T05:00,24.4,73,983,Jaisalmer_Desert,26.9157,70.9083
2023-10-15T06:00,23.7,76,983.3,Jaisalmer_Desert,26.9157,70.9083
2023-10-15T07:00,23.5,76,983.9,Jaisalmer_Desert,26.9157,70.9083
2023-10-15T08:00,24.5,74,985.1,Jaisalmer_Desert,26.9157,70.9083
2023-10-15T09:00,25.9,71,985.4,Jaisalmer_Desert,26.9157,70.9083
2023-10-15T10:00,27.8,63,985.4,Jaisalmer_Desert,26.9157,70.9083
2023-10-15T11:00,29.8,53,984.7,Jaisalmer_Desert,26.9157,70.9083
2023-10-15T12:00,31.6,45,983.5,Jaisalmer_Desert,26.9157,70.9083
2023-10-15T13:00,33.2,37,982.4,Jaisalmer_Desert,26.9157,70.9083
2023-10-15T14:00,34.4,30,981.2,Jaisalmer_Desert,26.9157,70.9083
2023-10-15T15:00,34.9,26,980.5,Jaisalmer_Desert,26.9157,70.9083
2023-10-15T16:00,34.9,26,980.2,Jaisalmer_Desert,26.9157,70.9083
2023-10-15T17:00,35,22,980.5,Jaisalmer_Desert,26.9157,70.9083
2023-10-15T18:00,33.3,25,981.3,Jaisalmer_Desert,26.9157,70.9083
2023-10-15T19:00,32.3,27,981.4,Jaisalmer_Desert,26.9157,70.9083
2023-10-15T20:00,31.7,28,981.9,Jaisalmer_Desert,26.9157,70.9083
2023-10-15T21:00,31,32,982.5,Jaisalmer_Desert,26.9157,70.9083
2023-10-15T22:00,29.6,35,982.4,Jaisalmer_Desert,26.9157,70.9083
2023-10-15T23:00,28.4,38,982.3,Jaisalmer_Desert,26.9157,70.9083
2023-10-16T00:00,28,46,982.1,Jaisalmer_Desert,26.9157,70.9083
2023-10-16T01:00,27.7,53,982,Jaisalmer_Desert,26.9157,70.9083
2023-10-16T02:00,24.7,61,982.6,Jaisalmer_Desert,26.9157,70.9083
2023-10-16T03:00,24,63,981,Jaisalmer_Desert,26.9157,70.9083
2023-10-16T04:00,25.2,67,981.4,Jaisalmer_Desert,26.9157,70.9083
2023-10-16T05:00,25.6,78,981.6,Jaisalmer_Desert,26.9157,70.9083
2023-10-16T06:00,25.1,82,982,Jaisalmer_Desert,26.9157,70.9083
2023-10-16T07:00,25,84,982.9,Jaisalmer_Desert,26.9157,70.9083
2023-10-16T08:00,26.2,80,983.7,Jaisalmer_Desert,26.9157,70.9083
2023-10-16T09:00,27.9,71,984.3,Jaisalmer_Desert,26.9157,70.9083
2023-10-16T10:00,29.5,61,984.4,Jaisalmer_Desert,26.9157,70.9083
2023-10-16T11:00,31,53,983.9,Jaisalmer_Desert,26.9157,70.9083
2023-10-16T12:00,32.3,46,983,Jaisalmer_Desert,26.9157,70.9083
2023-10-16T13:00,32.3,46,982.2,Jaisalmer_Desert,26.9157,70.9083
2023-10-16T14:00,30.9,50,981.1,Jaisalmer_Desert,26.9157,70.9083
2023-10-16T15:00,24.6,70,981.5,Jaisalmer_Desert,26.9157,70.9083
2023-10-16T16:00,25.3,68,980.8,Jaisalmer_Desert,26.9157,70.9083
2023-10-16T17:00,29.4,53,981.9,Jaisalmer_Desert,26.9157,70.9083
2023-10-16T18:00,28,64,982.4,Jaisalmer_Desert,26.9157,70.9083
2023-10-16T19:00,27.4,66,983.2,Jaisalmer_Desert,26.9157,70.9083
2023-10-16T20:00,26,60,983.1,Jaisalmer_Desert,26.9157,70.9083
2023-10-16T21:00,25.2,64,983,Jaisalmer_Desert,26.9157,70.9083
2023-10-16T22:00,25.4,61,983,Jaisalmer_Desert,26.9157,70.9083
2023-10-16T23:00,25.6,60,982.8,Jaisalmer_Desert,26.9157,70.9083
2023-10-17T00:00,25.4,61,982.8,Jaisalmer_Desert,26.9157,70.9083
2023-10-17T01:00,25,65,982.6,Jaisalmer_Desert,26.9157,70.9083
2023-10-17T02:00,24.6,69,982.6,Jaisalmer_Desert,26.9157,70.9083
2023-10-17T03:00,24.1,75,983,Jaisalmer_Desert,26.9157,70.9083
2023-10-17T04:00,23.7,81,982.9,Jaisalmer_Desert,26.9157,70.9083
2023-10-17T05:00,22.4,84,984.2,Jaisalmer_Desert,26.9157,70.9083
2023-10-17T06:00,22.1,87,984.8,Jaisalmer_Desert,26.9157,70.9083
2023-10-17T07:00,22.3,86,986.3,Jaisalmer_Desert,26.9157,70.9083
2023-10-17T08:00,23.3,81,986.9,Jaisalmer_Desert,26.9157,70.9083
2023-10-17T09:00,23.6,76,987.3,Jaisalmer_Desert,26.9157,70.9083
2023-10-17T10:00,24.1,71,987.3,Jaisalmer_Desert,26.9157,70.9083
2023-10-17T11:00,27.1,64,986.7,Jaisalmer_Desert,26.9157,70.9083
2023-10-17T12:00,29.1,58,986,Jaisalmer_Desert,26.9157,70.9083
2023-10-17T13:00,29.3,57,985,Jaisalmer_Desert,26.9157,70.9083
2023-10-17T14:00,28.4,61,984.7,Jaisalmer_Desert,26.9157,70.9083
2023-10-17T15:00,21.6,87,985.6,Jaisalmer_Desert,26.9157,70.9083
2023-10-17T16:00,22.9,80,985,Jaisalmer_Desert,26.9157,70.9083
2023-10-17T17:00,28.4,57,985.1,Jaisalmer_Desert,26.9157,70.9083
2023-10-17T18:00,27.5,58,985.5,Jaisalmer_Desert,26.9157,70.9083
2023-10-17T19:00,26.8,58,986,Jaisalmer_Desert,26.9157,70.9083
2023-10-17T20:00,25.5,59,986.8,Jaisalmer_Desert,26.9157,70.9083
2023-10-17T21:00,24.6,60,987.4,Jaisalmer_Desert,26.9157,70.9083
2023-10-17T22:00,23.8,63,987.8,Jaisalmer_Desert,26.9157,70.9083
2023-10-17T23:00,23,71,987.9,Jaisalmer_Desert,26.9157,70.9083
2023-10-18T00:00,22.4,77,987.8,Jaisalmer_Desert,26.9157,70.9083
2023-10-18T01:00,21.9,80,987.7,Jaisalmer_Desert,26.9157,70.9083
2023-10-18T02:00,21.3,83,987.8,Jaisalmer_Desert,26.9157,70.9083
2023-10-18T03:00,20.7,87,987.9,Jaisalmer_Desert,26.9157,70.9083
2023-10-18T04:00,20.3,90,988.1,Jaisalmer_Desert,26.9157,70.9083
2023-10-18T05:00,20.5,94,988.7,Jaisalmer_Desert,26.9157,70.9083
2023-10-18T06:00,20.2,95,989.3,Jaisalmer_Desert,26.9157,70.9083
2023-10-18T07:00,20.2,95,989.6,Jaisalmer_Desert,26.9157,70.9083
2023-10-18T08:00,21.4,87,990.6,Jaisalmer_Desert,26.9157,70.9083
2023-10-18T09:00,23.1,76,991.1,Jaisalmer_Desert,26.9157,70.9083
2023-10-18T10:00,25.1,65,991.2,Jaisalmer_Desert,26.9157,70.9083
2023-10-18T11:00,26.8,57,991.1,Jaisalmer_Desert,26.9157,70.9083
2023-10-18T12:00,28,51,990.2,Jaisalmer_Desert,26.9157,70.9083
2023-10-18T13:00,28.8,47,989.1,Jaisalmer_Desert,26.9157,70.9083
2023-10-18T14:00,29.3,43,988.3,Jaisalmer_Desert,26.9157,70.9083
2023-10-18T15:00,29.5,41,987.6,Jaisalmer_Desert,26.9157,70.9083
2023-10-18T16:00,29.4,41,987.2,Jaisalmer_Desert,26.9157,70.9083
2023-10-18T17:00,28.8,46,987.8,Jaisalmer_Desert,26.9157,70.9083
2023-10-18T18:00,27.4,55,987.8,Jaisalmer_Desert,26.9157,70.9083
2023-10-18T19:00,26.4,60,988.1,Jaisalmer_Desert,26.9157,70.9083
2023-10-18T20:00,25.5,64,988.5,Jaisalmer_Desert,26.9157,70.9083
2023-10-18T21:00,24.7,68,988.6,Jaisalmer_Desert,26.9157,70.9083
2023-10-18T22:00,23.9,72,988.5,Jaisalmer_Desert,26.9157,70.9083
2023-10-18T23:00,23.2,77,988.1,Jaisalmer_Desert,26.9157,70.9083
2023-10-19T00:00,22.6,79,987.7,Jaisalmer_Desert,26.9157,70.9083
2023-10-19T01:00,22.2,81,987.4,Jaisalmer_Desert,26.9157,70.9083
2023-10-19T02:00,22.1,80,987.2,Jaisalmer_Desert,26.9157,70.9083
2023-10-19T03:00,21.4,84,987.1,Jaisalmer_Desert,26.9157,70.9083
2023-10-19T04:00,20.9,86,987.2,Jaisalmer_Desert,26.9157,70.9083
2023-10-19T05:00,21,84,987.4,Jaisalmer_Desert,26.9157,70.9083
2023-10-19T06:00,21.2,83,987.8,Jaisalmer_Desert,26.9157,70.9083
2023-10-19T07:00,21.7,81,988.3,Jaisalmer_Desert,26.9157,70.9083
2023-10-19T08:00,23.9,71,989,Jaisalmer_Desert,26.9157,70.9083
2023-10-19T09:00,26.8,57,989.6,Jaisalmer_Desert,26.9157,70.9083
2023-10-19T10:00,28.5,48,989.8,Jaisalmer_Desert,26.9157,70.9083
2023-10-19T11:00,29.5,43,989.5,Jaisalmer_Desert,26.9157,70.9083
2023-10-19T12:00,30.3,40,988.7,Jaisalmer_Desert,26.9157,70.9083
2023-10-19T13:00,31,38,987.5,Jaisalmer_Desert,26.9157,70.9083
2023-10-19T14:00,31.5,36,986.6,Jaisalmer_Desert,26.9157,70.9083
2023-10-19T15:00,31.8,35,985.9,Jaisalmer_Desert,26.9157,70.9083
2023-10-19T16:00,31.8,35,985.6,Jaisalmer_Desert,26.9157,70.9083
2023-10-19T17:00,31.5,34,985.7,Jaisalmer_Desert,26.9157,70.9083
2023-10-19T18:00,30.1,49,986.1,Jaisalmer_Desert,26.9157,70.9083
2023-10-19T19:00,28.8,62,986.5,Jaisalmer_Desert,26.9157,70.9083
2023-10-19T20:00,27.6,60,987,Jaisalmer_Desert,26.9157,70.9083
2023-10-19T21:00,27.1,57,987.5,Jaisalmer_Desert,26.9157,70.9083
2023-10-19T22:00,25.9,59,987.3,Jaisalmer_Desert,26.9157,70.9083
2023-10-19T23:00,25.2,61,987.2,Jaisalmer_Desert,26.9157,70.9083
2023-10-20T00:00,24.3,66,986.9,Jaisalmer_Desert,26.9157,70.9083
2023-10-20T01:00,23.8,66,986.6,Jaisalmer_Desert,26.9157,70.9083
2023-10-20T02:00,23.5,66,986.2,Jaisalmer_Desert,26.9157,70.9083
2023-10-20T03:00,23.3,63,986.1,Jaisalmer_Desert,26.9157,70.9083
2023-10-20T04:00,22.9,62,986.4,Jaisalmer_Desert,26.9157,70.9083
2023-10-20T05:00,22.5,75,986.6,Jaisalmer_Desert,26.9157,70.9083
2023-10-20T06:00,22.2,75,987.4,Jaisalmer_Desert,26.9157,70.9083
2023-10-20T07:00,23.2,67,988.1,Jaisalmer_Desert,26.9157,70.9083
2023-10-20T08:00,26,55,988.7,Jaisalmer_Desert,26.9157,70.9083
2023-10-20T09:00,29.1,45,989.3,Jaisalmer_Desert,26.9157,70.9083
2023-10-20T10:00,31.1,38,989.3,Jaisalmer_Desert,26.9157,70.9083
2023-10-20T11:00,32.1,35,988.7,Jaisalmer_Desert,26.9157,70.9083
2023-10-20T12:00,32.7,33,987.9,Jaisalmer_Desert,26.9157,70.9083
2023-10-20T13:00,33.3,30,986.9,Jaisalmer_Desert,26.9157,70.9083
2023-10-20T14:00,33.7,27,986.1,Jaisalmer_Desert,26.9157,70.9083
2023-10-20T15:00,33.8,25,985.6,Jaisalmer_Desert,26.9157,70.9083
2023-10-20T16:00,33.7,24,985.4,Jaisalmer_Desert,26.9157,70.9083
2023-10-20T17:00,34,22,985.8,Jaisalmer_Desert,26.9157,70.9083
2023-10-20T18:00,31.3,27,986.3,Jaisalmer_Desert,26.9157,70.9083
2023-10-20T19:00,29.7,33,986.9,Jaisalmer_Desert,26.9157,70.9083
2023-10-20T20:00,28.5,43,987.2,Jaisalmer_Desert,26.9157,70.9083
2023-10-20T21:00,27.7,46,987.5,Jaisalmer_Desert,26.9157,70.9083
2023-10-20T22:00,27,42,987.6,Jaisalmer_Desert,26.9157,70.9083
2023-10-20T23:00,25.6,49,987.3,Jaisalmer_Desert,26.9157,70.9083
2023-10-21T00:00,25.2,51,986.6,Jaisalmer_Desert,26.9157,70.9083
2023-10-21T01:00,25.2,46,986.4,Jaisalmer_Desert,26.9157,70.9083
2023-10-21T02:00,24.6,47,985.9,Jaisalmer_Desert,26.9157,70.9083
2023-10-21T03:00,24,49,985.9,Jaisalmer_Desert,26.9157,70.9083
2023-10-21T04:00,23.7,48,986,Jaisalmer_Desert,26.9157,70.9083
2023-10-21T05:00,23,67,986.3,Jaisalmer_Desert,26.9157,70.9083
2023-10-21T06:00,23.2,66,987.1,Jaisalmer_Desert,26.9157,70.9083
2023-10-21T07:00,23.6,65,987.8,Jaisalmer_Desert,26.9157,70.9083
2023-10-21T08:00,26,57,988.7,Jaisalmer_Desert,26.9157,70.9083
2023-10-21T09:00,29.3,46,989.4,Jaisalmer_Desert,26.9157,70.9083
2023-10-21T10:00,31.7,34,989.3,Jaisalmer_Desert,26.9157,70.9083
2023-10-21T11:00,33.3,27,988.7,Jaisalmer_Desert,26.9157,70.9083
2023-10-21T12:00,34.3,23,988,Jaisalmer_Desert,26.9157,70.9083
2023-10-21T13:00,34.9,21,986.8,Jaisalmer_Desert,26.9157,70.9083
2023-10-21T14:00,35.1,20,985.9,Jaisalmer_Desert,26.9157,70.9083
2023-10-21T15:00,35.2,20,985.5,Jaisalmer_Desert,26.9157,70.9083
2023-10-21T16:00,35.1,20,985.9,Jaisalmer_Desert,26.9157,70.9083
2023-10-21T17:00,33.8,22,985.7,Jaisalmer_Desert,26.9157,70.9083
2023-10-21T18:00,31,34,986.2,Jaisalmer_Desert,26.9157,70.9083
2023-10-21T19:00,30.1,46,986.6,Jaisalmer_Desert,26.9157,70.9083
2023-10-21T20:00,28.5,41,987.4,Jaisalmer_Desert,26.9157,70.9083
2023-10-21T21:00,26.9,47,987.9,Jaisalmer_Desert,26.9157,70.9083
2023-10-21T22:00,26.2,48,987.7,Jaisalmer_Desert,26.9157,70.9083
2023-10-21T23:00,25.3,51,987.7,Jaisalmer_Desert,26.9157,70.9083
2023-10-22T00:00,25.2,49,987.3,Jaisalmer_Desert,26.9157,70.9083
2023-10-22T01:00,24.8,52,986.8,Jaisalmer_Desert,26.9157,70.9083
2023-10-22T02:00,23.6,58,986.7,Jaisalmer_Desert,26.9157,70.9083
2023-10-22T03:00,22.9,63,986.6,Jaisalmer_Desert,26.9157,70.9083
2023-10-22T04:00,23.2,58,986.5,Jaisalmer_Desert,26.9157,70.9083
2023-10-22T05:00,23.7,67,987.6,Jaisalmer_Desert,26.9157,70.9083
2023-10-22T06:00,23.2,70,988.2,Jaisalmer_Desert,26.9157,70.9083
2023-10-22T07:00,23.7,68,988.9,Jaisalmer_Desert,26.9157,70.9083
2023-10-22T08:00,25.4,62,989.4,Jaisalmer_Desert,26.9157,70.9083
2023-10-22T09:00,27.6,52,990,Jaisalmer_Desert,26.9157,70.9083
2023-10-22T10:00,30.2,38,989.8,Jaisalmer_Desert,26.9157,70.9083
2023-10-22T11:00,31.9,33,989.4,Jaisalmer_Desert,26.9157,70.9083
2023-10-22T12:00,33,29,988.5,Jaisalmer_Desert,26.9157,70.9083
2023-10-22T13:00,33.6,27,987.4,Jaisalmer_Desert,26.9157,70.9083
2023-10-22T14:00,33.9,26,986.5,Jaisalmer_Desert,26.9157,70.9083
2023-10-22T15:00,34,25,986.5,Jaisalmer_Desert,26.9157,70.9083
2023-10-22T16:00,33.6,23,986.3,Jaisalmer_Desert,26.9157,70.9083
2023-10-22T17:00,31.6,31,986.9,Jaisalmer_Desert,26.9157,70.9083
2023-10-22T18:00,29.2,57,986.8,Jaisalmer_Desert,26.9157,70.9083
2023-10-22T19:00,28.3,45,987.1,Jaisalmer_Desert,26.9157,70.9083
2023-10-22T20:00,27.4,47,987.5,Jaisalmer_Desert,26.9157,70.9083
2023-10-22T21:00,26.6,47,987.9,Jaisalmer_Desert,26.9157,70.9083
2023-10-22T22:00,25.5,50,987.8,Jaisalmer_Desert,26.9157,70.9083
2023-10-22T23:00,25.2,51,987.6,Jaisalmer_Desert,26.9157,70.9083
2023-10-23T00:00,24.4,54,987.2,Jaisalmer_Desert,26.9157,70.9083
2023-10-23T01:00,24.1,54,987,Jaisalmer_Desert,26.9157,70.9083
2023-10-23T02:00,23.1,58,986.9,Jaisalmer_Desert,26.9157,70.9083
2023-10-23T03:00,22.2,63,986.8,Jaisalmer_Desert,26.9157,70.9083
2023-10-23T04:00,21.3,71,986.7,Jaisalmer_Desert,26.9157,70.9083
2023-10-23T05:00,22.5,67,987.5,Jaisalmer_Desert,26.9157,70.9083
2023-10-23T06:00,22,68,988.3,Jaisalmer_Desert,26.9157,70.9083
2023-10-23T07:00,22.3,68,988.2,Jaisalmer_Desert,26.9157,70.9083
2023-10-23T08:00,24.5,60,989.1,Jaisalmer_Desert,26.9157,70.9083
2023-10-23T09:00,27.4,50,989.4,Jaisalmer_Desert,26.9157,70.9083
2023-10-23T10:00,30.1,39,989.3,Jaisalmer_Desert,26.9157,70.9083
2023-10-23T11:00,31.7,32,988.7,Jaisalmer_Desert,26.9157,70.9083
2023-10-23T12:00,32.5,29,987.6,Jaisalmer_Desert,26.9157,70.9083
2023-10-23T13:00,33,27,986.5,Jaisalmer_Desert,26.9157,70.9083
2023-10-23T14:00,33.4,25,985.6,Jaisalmer_Desert,26.9157,70.9083
2023-10-23T15:00,33.5,23,985.3,Jaisalmer_Desert,26.9157,70.9083
2023-10-23T16:00,32.9,22,985.2,Jaisalmer_Desert,26.9157,70.9083
2023-10-23T17:00,32.1,26,985.4,Jaisalmer_Desert,26.9157,70.9083
2023-10-23T18:00,28.7,42,985.5,Jaisalmer_Desert,26.9157,70.9083
2023-10-23T19:00,27.2,46,986.1,Jaisalmer_Desert,26.9157,70.9083
2023-10-23T20:00,26,49,986.4,Jaisalmer_Desert,26.9157,70.9083
2023-10-23T21:00,25.2,50,986.5,Jaisalmer_Desert,26.9157,70.9083
2023-10-23T22:00,24.9,46,986.5,Jaisalmer_Desert,26.9157,70.9083
2023-10-23T23:00,24.5,44,985.9,Jaisalmer_Desert,26.9157,70.9083
2023-10-24T00:00,23.2,51,985.6,Jaisalmer_Desert,26.9157,70.9083
2023-10-24T01:00,22.5,53,985.3,Jaisalmer_Desert,26.9157,70.9083
2023-10-24T02:00,21.9,58,984.9,Jaisalmer_Desert,26.9157,70.9083
2023-10-24T03:00,21.5,58,984.9,Jaisalmer_Desert,26.9157,70.9083
2023-10-24T04:00,21.1,53,984.7,Jaisalmer_Desert,26.9157,70.9083
2023-10-24T05:00,22.1,57,985.3,Jaisalmer_Desert,26.9157,70.9083
2023-10-24T06:00,22.1,53,985.9,Jaisalmer_Desert,26.9157,70.9083
2023-10-24T07:00,22.4,49,986.6,Jaisalmer_Desert,26.9157,70.9083
2023-10-24T08:00,25,41,987.2,Jaisalmer_Desert,26.9157,70.9083
2023-10-24T09:00,27.7,38,988,Jaisalmer_Desert,26.9157,70.9083
2023-10-24T10:00,30.2,32,987.9,Jaisalmer_Desert,26.9157,70.9083
2023-10-24T11:00,32.4,25,987.6,Jaisalmer_Desert,26.9157,70.9083
2023-10-24T12:00,33.3,23,986.8,Jaisalmer_Desert,26.9157,70.9083
2023-10-24T13:00,33.8,19,986.1,Jaisalmer_Desert,26.9157,70.9083
2023-10-24T14:00,34,17,985.4,Jaisalmer_Desert,26.9157,70.9083
2023-10-24T15:00,33.8,16,985.2,Jaisalmer_Desert,26.9157,70.9083
2023-10-24T16:00,33.2,17,985.2,Jaisalmer_Desert,26.9157,70.9083
2023-10-24T17:00,31.5,29,985.4,Jaisalmer_Desert,26.9157,70.9083
2023-10-24T18:00,31.8,24,985.4,Jaisalmer_Desert,26.9157,70.9083
2023-10-24T19:00,30.7,27,985.7,Jaisalmer_Desert,26.9157,70.9083
2023-10-24T20:00,27.1,43,985.9,Jaisalmer_Desert,26.9157,70.9083
2023-10-24T21:00,29.2,29,986.6,Jaisalmer_Desert,26.9157,70.9083
2023-10-24T22:00,28.6,30,986.6,Jaisalmer_Desert,26.9157,70.9083
2023-10-24T23:00,27.7,31,986.2,Jaisalmer_Desert,26.9157,70.9083
2023-10-25T00:00,23.9,44,985.8,Jaisalmer_Desert,26.9157,70.9083
2023-10-25T01:00,22.1,58,985.6,Jaisalmer_Desert,26.9157,70.9083
2023-10-25T02:00,22,57,985.4,Jaisalmer_Desert,26.9157,70.9083
2023-10-25T03:00,21.2,60,985.4,Jaisalmer_Desert,26.9157,70.9083
2023-10-25T04:00,21,59,985.8,Jaisalmer_Desert,26.9157,70.9083
2023-10-25T05:00,21.3,52,986.2,Jaisalmer_Desert,26.9157,70.9083
2023-10-25T06:00,21.7,55,986.9,Jaisalmer_Desert,26.9157,70.9083
2023-10-25T07:00,21.8,54,987.4,Jaisalmer_Desert,26.9157,70.9083
2023-10-25T08:00,24.3,48,988.3,Jaisalmer_Desert,26.9157,70.9083
2023-10-25T09:00,27.8,41,989.3,Jaisalmer_Desert,26.9157,70.9083
2023-10-25T10:00,31,31,989.7,Jaisalmer_Desert,26.9157,70.9083
2023-10-25T11:00,32.5,23,989.6,Jaisalmer_Desert,26.9157,70.9083
2023-10-25T12:00,33.3,20,988.8,Jaisalmer_Desert,26.9157,70.9083
2023-10-25T13:00,33.8,18,987.8,Jaisalmer_Desert,26.9157,70.9083
2023-10-25T14:00,34.2,16,987.1,Jaisalmer_Desert,26.9157,70.9083
2023-10-25T15:00,34.2,15,986.9,Jaisalmer_Desert,26.9157,70.9083
2023-10-25T16:00,33.7,15,986.7,Jaisalmer_Desert,26.9157,70.9083
2023-10-25T17:00,31.5,24,986.7,Jaisalmer_Desert,26.9157,70.9083
2023-10-25T18:00,29,31,986.9,Jaisalmer_Desert,26.9157,70.9083
2023-10-25T19:00,27.3,41,987.4,Jaisalmer_Desert,26.9157,70.9083
2023-10-25T20:00,26.1,47,987.7,Jaisalmer_Desert,26.9157,70.9083
2023-10-25T21:00,24.9,53,987.9,Jaisalmer_Desert,26.9157,70.9083
2023-10-25T22:00,24.3,54,987.8,Jaisalmer_Desert,26.9157,70.9083
2023-10-25T23:00,24,49,987.6,Jaisalmer_Desert,26.9157,70.9083
2023-10-26T00:00,23.3,49,987.1,Jaisalmer_Desert,26.9157,70.9083
2023-10-26T01:00,23,48,986.6,Jaisalmer_Desert,26.9157,70.9083
2023-10-26T02:00,22.2,49,986.2,Jaisalmer_Desert,26.9157,70.9083
2023-10-26T03:00,21.6,49,986,Jaisalmer_Desert,26.9157,70.9083
2023-10-26T04:00,20.4,57,985.9,Jaisalmer_Desert,26.9157,70.9083
2023-10-26T05:00,19.9,57,986.3,Jaisalmer_Desert,26.9157,70.9083
2023-10-26T06:00,20.4,59,987,Jaisalmer_Desert,26.9157,70.9083
2023-10-26T07:00,21.1,54,987.9,Jaisalmer_Desert,26.9157,70.9083
2023-10-26T08:00,24,47,988.6,Jaisalmer_Desert,26.9157,70.9083
2023-10-26T09:00,27.5,40,989.5,Jaisalmer_Desert,26.9157,70.9083
2023-10-26T10:00,30.2,35,989.8,Jaisalmer_Desert,26.9157,70.9083
2023-10-26T11:00,32.4,24,989.5,Jaisalmer_Desert,26.9157,70.9083
2023-10-26T12:00,33.4,19,988.5,Jaisalmer_Desert,26.9157,70.9083
2023-10-26T13:00,33.8,17,987.1,Jaisalmer_Desert,26.9157,70.9083
2023-10-26T14:00,34,16,986.4,Jaisalmer_Desert,26.9157,70.9083
2023-10-26T15:00,34,15,986,Jaisalmer_Desert,26.9157,70.9083
2023-10-26T16:00,33.4,16,985.9,Jaisalmer_Desert,26.9157,70.9083
2023-10-26T17:00,31.1,23,985.9,Jaisalmer_Desert,26.9157,70.9083
2023-10-26T18:00,28.6,31,985.7,Jaisalmer_Desert,26.9157,70.9083
2023-10-26T19:00,27.5,34,985.9,Jaisalmer_Desert,26.9157,70.9083
2023-10-26T20:00,27.1,34,986.3,Jaisalmer_Desert,26.9157,70.9083
2023-10-26T21:00,26.8,37,986.5,Jaisalmer_Desert,26.9157,70.9083
2023-10-26T22:00,24.1,42,986.6,Jaisalmer_Desert,26.9157,70.9083
2023-10-26T23:00,24.1,39,986.3,Jaisalmer_Desert,26.9157,70.9083
2023-10-27T00:00,23.9,39,985.7,Jaisalmer_Desert,26.9157,70.9083
2023-10-27T01:00,23,39,985.2,Jaisalmer_Desert,26.9157,70.9083
2023-10-27T02:00,23.2,36,984.7,Jaisalmer_Desert,26.9157,70.9083
2023-10-27T03:00,22.1,39,984.5,Jaisalmer_Desert,26.9157,70.9083
2023-10-27T04:00,21.6,40,984.6,Jaisalmer_Desert,26.9157,70.9083
2023-10-27T05:00,21.4,42,984.9,Jaisalmer_Desert,26.9157,70.9083
2023-10-27T06:00,21.7,45,985.7,Jaisalmer_Desert,26.9157,70.9083
2023-10-27T07:00,22.2,42,985.9,Jaisalmer_Desert,26.9157,70.9083
2023-10-27T08:00,25.1,39,986.7,Jaisalmer_Desert,26.9157,70.9083
2023-10-27T09:00,28.4,34,987.6,Jaisalmer_Desert,26.9157,70.9083
2023-10-27T10:00,31,31,987.8,Jaisalmer_Desert,26.9157,70.9083
2023-10-27T11:00,32.6,28,987.1,Jaisalmer_Desert,26.9157,70.9083
2023-10-27T12:00,33.8,22,986.2,Jaisalmer_Desert,26.9157,70.9083
2023-10-27T13:00,34.3,19,985.1,Jaisalmer_Desert,26.9157,70.9083
2023-10-27T14:00,34.6,18,984.3,Jaisalmer_Desert,26.9157,70.9083
2023-10-27T15:00,34.5,17,984,Jaisalmer_Desert,26.9157,70.9083
2023-10-27T16:00,34.3,18,983.8,Jaisalmer_Desert,26.9157,70.9083
2023-10-27T17:00,32.1,28,983.7,Jaisalmer_Desert,26.9157,70.9083
2023-10-27T18:00,30.2,43,983.8,Jaisalmer_Desert,26.9157,70.9083
2023-10-27T19:00,29.6,38,984.1,Jaisalmer_Desert,26.9157,70.9083
2023-10-27T20:00,27.9,43,984.6,Jaisalmer_Desert,26.9157,70.9083
2023-10-27T21:00,27.1,44,985,Jaisalmer_Desert,26.9157,70.9083
2023-10-27T22:00,26.6,43,985.1,Jaisalmer_Desert,26.9157,70.9083
2023-10-27T23:00,26.8,35,985,Jaisalmer_Desert,26.9157,70.9083
2023-10-28T00:00,27.2,29,984.7,Jaisalmer_Desert,26.9157,70.9083
2023-10-28T01:00,27.1,28,984.2,Jaisalmer_Desert,26.9157,70.9083
2023-10-28T02:00,26.6,29,983.8,Jaisalmer_Desert,26.9157,70.9083
2023-10-28T03:00,26.2,29,983.7,Jaisalmer_Desert,26.9157,70.9083
2023-10-28T04:00,25.7,30,983.7,Jaisalmer_Desert,26.9157,70.9083
2023-10-28T05:00,25.1,31,984.2,Jaisalmer_Desert,26.9157,70.9083
2023-10-28T06:00,24.6,42,985.5,Jaisalmer_Desert,26.9157,70.9083
2023-10-28T07:00,24.3,47,985.6,Jaisalmer_Desert,26.9157,70.9083
2023-10-28T08:00,26.4,48,986.5,Jaisalmer_Desert,26.9157,70.9083
2023-10-28T09:00,29.2,46,987.6,Jaisalmer_Desert,26.9157,70.9083
2023-10-28T10:00,31.6,38,987.7,Jaisalmer_Desert,26.9157,70.9083
2023-10-28T11:00,33.1,26,987.4,Jaisalmer_Desert,26.9157,70.9083
2023-10-28T12:00,34,20,986.6,Jaisalmer_Desert,26.9157,70.9083
2023-10-28T13:00,34.3,19,985.5,Jaisalmer_Desert,26.9157,70.9083
2023-10-28T14:00,34,19,984.6,Jaisalmer_Desert,26.9157,70.9083
2023-10-28T15:00,34.1,19,984.1,Jaisalmer_Desert,26.9157,70.9083
2023-10-28T16:00,33.9,19,984.1,Jaisalmer_Desert,26.9157,70.9083
2023-10-28T17:00,32.2,34,984.5,Jaisalmer_Desert,26.9157,70.9083
2023-10-28T18:00,32.9,21,985.6,Jaisalmer_Desert,26.9157,70.9083
2023-10-28T19:00,28.6,34,985.9,Jaisalmer_Desert,26.9157,70.9083
2023-10-28T20:00,27.8,29,986.1,Jaisalmer_Desert,26.9157,70.9083
2023-10-28T21:00,27.6,28,986.4,Jaisalmer_Desert,26.9157,70.9083
2023-10-28T22:00,27,31,986.3,Jaisalmer_Desert,26.9157,70.9083
2023-10-28T23:00,24.7,39,986.2,Jaisalmer_Desert,26.9157,70.9083
2023-10-29T00:00,23.2,55,985.9,Jaisalmer_Desert,26.9157,70.9083
2023-10-29T01:00,25.2,45,985.4,Jaisalmer_Desert,26.9157,70.9083
2023-10-29T02:00,24,50,985.2,Jaisalmer_Desert,26.9157,70.9083
2023-10-29T03:00,25.3,42,984.9,Jaisalmer_Desert,26.9157,70.9083
2023-10-29T04:00,22.8,55,984.7,Jaisalmer_Desert,26.9157,70.9083
2023-10-29T05:00,21.8,58,984.7,Jaisalmer_Desert,26.9157,70.9083
2023-10-29T06:00,23.2,57,986.2,Jaisalmer_Desert,26.9157,70.9083
2023-10-29T07:00,22,66,986.8,Jaisalmer_Desert,26.9157,70.9083
2023-10-29T08:00,25.5,51,987.6,Jaisalmer_Desert,26.9157,70.9083
2023-10-29T09:00,28.7,45,988.4,Jaisalmer_Desert,26.9157,70.9083
2023-10-29T10:00,31.1,33,988.5,Jaisalmer_Desert,26.9157,70.9083
2023-10-29T11:00,32.5,25,988.1,Jaisalmer_Desert,26.9157,70.9083
2023-10-29T12:00,33.3,21,987.2,Jaisalmer_Desert,26.9157,70.9083
2023-10-29T13:00,33.7,20,986.2,Jaisalmer_Desert,26.9157,70.9083
2023-10-29T14:00,33.9,19,985.4,Jaisalmer_Desert,26.9157,70.9083
2023-10-29T15:00,33.9,19,985,Jaisalmer_Desert,26.9157,70.9083
2023-10-29T16:00,33.8,19,984.7,Jaisalmer_Desert,26.9157,70.9083
2023-10-29T17:00,32.3,25,984.9,Jaisalmer_Desert,26.9157,70.9083
2023-10-29T18:00,29.6,36,985.5,Jaisalmer_Desert,26.9157,70.9083
2023-10-29T19:00,27.8,47,985.8,Jaisalmer_Desert,26.9157,70.9083
2023-10-29T20:00,27.3,42,986.3,Jaisalmer_Desert,26.9157,70.9083
2023-10-29T21:00,27,35,986.6,Jaisalmer_Desert,26.9157,70.9083
2023-10-29T22:00,26.4,36,986.7,Jaisalmer_Desert,26.9157,70.9083
2023-10-29T23:00,25.7,37,986.4,Jaisalmer_Desert,26.9157,70.9083
2023-10-30T00:00,24.7,41,986,Jaisalmer_Desert,26.9157,70.9083
2023-10-30T01:00,25.2,39,985.4,Jaisalmer_Desert,26.9157,70.9083
2023-10-30T02:00,24.1,43,985,Jaisalmer_Desert,26.9157,70.9083
2023-10-30T03:00,23.5,43,985,Jaisalmer_Desert,26.9157,70.9083
2023-10-30T04:00,22.9,46,985,Jaisalmer_Desert,26.9157,70.9083
2023-10-30T05:00,22.3,49,985.3,Jaisalmer_Desert,26.9157,70.9083
2023-10-30T06:00,22.2,55,986.3,Jaisalmer_Desert,26.9157,70.9083
2023-10-30T07:00,24.1,47,987.1,Jaisalmer_Desert,26.9157,70.9083
2023-10-30T08:00,26.1,44,987.9,Jaisalmer_Desert,26.9157,70.9083
2023-10-30T09:00,28.3,38,988.4,Jaisalmer_Desert,26.9157,70.9083
2023-10-30T10:00,30.6,33,988.6,Jaisalmer_Desert,26.9157,70.9083
2023-10-30T11:00,32.6,27,988.3,Jaisalmer_Desert,26.9157,70.9083
2023-10-30T12:00,33.5,21,987.4,Jaisalmer_Desert,26.9157,70.9083
2023-10-30T13:00,33.7,21,986.4,Jaisalmer_Desert,26.9157,70.9083
2023-10-30T14:00,34,20,985.6,Jaisalmer_Desert,26.9157,70.9083
2023-10-30T15:00,33.9,20,985.2,Jaisalmer_Desert,26.9157,70.9083
2023-10-30T16:00,33.3,20,985.2,Jaisalmer_Desert,26.9157,70.9083
2023-10-30T17:00,32,22,985.6,Jaisalmer_Desert,26.9157,70.9083
2023-10-30T18:00,29.8,31,986.1,Jaisalmer_Desert,26.9157,70.9083
2023-10-30T19:00,29.7,34,986.5,Jaisalmer_Desert,26.9157,70.9083
2023-10-30T20:00,27.7,33,986.9,Jaisalmer_Desert,26.9157,70.9083
2023-10-30T21:00,26.5,40,987,Jaisalmer_Desert,26.9157,70.9083
2023-10-30T22:00,25.9,43,987.1,Jaisalmer_Desert,26.9157,70.9083
2023-10-30T23:00,24.9,47,987,Jaisalmer_Desert,26.9157,70.9083
2023-10-31T00:00,24.9,40,986.9,Jaisalmer_Desert,26.9157,70.9083
2023-10-31T01:00,23.8,42,986.6,Jaisalmer_Desert,26.9157,70.9083
2023-10-31T02:00,23.3,40,986.2,Jaisalmer_Desert,26.9157,70.9083
2023-10-31T03:00,22.8,39,985.8,Jaisalmer_Desert,26.9157,70.9083
2023-10-31T04:00,22.5,40,985.9,Jaisalmer_Desert,26.9157,70.9083
2023-10-31T05:00,22,42,985.9,Jaisalmer_Desert,26.9157,70.9083
2023-10-31T06:00,23,43,987,Jaisalmer_Desert,26.9157,70.9083
2023-10-31T07:00,23.1,44,987.8,Jaisalmer_Desert,26.9157,70.9083
2023-10-31T08:00,25.3,39,988.6,Jaisalmer_Desert,26.9157,70.9083
2023-10-31T09:00,28.1,32,989.5,Jaisalmer_Desert,26.9157,70.9083
2023-10-31T10:00,30.7,28,989.5,Jaisalmer_Desert,26.9157,70.9083
2023-10-31T11:00,33.1,22,989,Jaisalmer_Desert,26.9157,70.9083
2023-10-31T12:00,34,18,988,Jaisalmer_Desert,26.9157,70.9083
2023-10-31T13:00,34.4,18,987,Jaisalmer_Desert,26.9157,70.9083
2023-10-31T14:00,34.6,17,986.2,Jaisalmer_Desert,26.9157,70.9083
2023-10-31T15:00,34.5,17,985.9,Jaisalmer_Desert,26.9157,70.9083
2023-10-31T16:00,34.2,17,985.9,Jaisalmer_Desert,26.9157,70.9083
2023-10-31T17:00,32.3,23,985.9,Jaisalmer_Desert,26.9157,70.9083
2023-10-31T18:00,30.7,29,986.8,Jaisalmer_Desert,26.9157,70.9083
2023-10-31T19:00,29.5,30,987.5,Jaisalmer_Desert,26.9157,70.9083
2023-10-31T20:00,28.2,33,987.9,Jaisalmer_Desert,26.9157,70.9083
2023-10-31T21:00,27.9,34,988.1,Jaisalmer_Desert,26.9157,70.9083
2023-10-31T22:00,27,37,988,Jaisalmer_Desert,26.9157,70.9083
2023-10-31T23:00,25.9,42,987.6,Jaisalmer_Desert,26.9157,70.9083
2023-11-01T00:00,25.5,46,987.4,Jaisalmer_Desert,26.9157,70.9083
2023-11-01T01:00,25.5,45,987.3,Jaisalmer_Desert,26.9157,70.9083
2023-11-01T02:00,24,51,987.3,Jaisalmer_Desert,26.9157,70.9083
2023-11-01T03:00,23,50,987,Jaisalmer_Desert,26.9157,70.9083
2023-11-01T04:00,21.9,58,986.9,Jaisalmer_Desert,26.9157,70.9083
2023-11-01T05:00,21.8,57,986.9,Jaisalmer_Desert,26.9157,70.9083
2023-11-01T06:00,22.1,53,988.3,Jaisalmer_Desert,26.9157,70.9083
2023-11-01T07:00,22.6,49,988.9,Jaisalmer_Desert,26.9157,70.9083
2023-11-01T08:00,25.2,40,989.5,Jaisalmer_Desert,26.9157,70.9083
2023-11-01T09:00,28.4,33,990.3,Jaisalmer_Desert,26.9157,70.9083
2023-11-01T10:00,30.8,27,990.3,Jaisalmer_Desert,26.9157,70.9083
2023-11-01T11:00,32.6,22,989.5,Jaisalmer_Desert,26.9157,70.9083
2023-11-01T12:00,34,18,988.5,Jaisalmer_Desert,26.9157,70.9083
2023-11-01T13:00,34.4,17,987.6,Jaisalmer_Desert,26.9157,70.9083
2023-11-01T14:00,34.6,17,986.9,Jaisalmer_Desert,26.9157,70.9083
2023-11-01T15:00,34.5,17,986.5,Jaisalmer_Desert,26.9157,70.9083
2023-11-01T16:00,34.2,17,986.6,Jaisalmer_Desert,26.9157,70.9083
2023-11-01T17:00,32.7,29,986.7,Jaisalmer_Desert,26.9157,70.9083
2023-11-01T18:00,30.4,46,986.9,Jaisalmer_Desert,26.9157,70.9083
2023-11-01T19:00,29.2,34,987.4,Jaisalmer_Desert,26.9157,70.9083
2023-11-01T20:00,28.4,31,988,Jaisalmer_Desert,26.9157,70.9083
2023-11-01T21:00,26.9,37,988,Jaisalmer_Desert,26.9157,70.9083
2023-11-01T22:00,26.1,36,987.9,Jaisalmer_Desert,26.9157,70.9083
2023-11-01T23:00,24.9,42,987.7,Jaisalmer_Desert,26.9157,70.9083
2023-11-02T00:00,24.3,43,987.2,Jaisalmer_Desert,26.9157,70.9083
2023-11-02T01:00,24.2,43,986.9,Jaisalmer_Desert,26.9157,70.9083
2023-11-02T02:00,22.5,47,986.5,Jaisalmer_Desert,26.9157,70.9083
2023-11-02T03:00,21.6,51,986.3,Jaisalmer_Desert,26.9157,70.9083
2023-11-02T04:00,21.5,49,986.1,Jaisalmer_Desert,26.9157,70.9083
2023-11-02T05:00,21,48,986.4,Jaisalmer_Desert,26.9157,70.9083
2023-11-02T06:00,21.8,48,987.4,Jaisalmer_Desert,26.9157,70.9083
2023-11-02T07:00,21.8,47,987.7,Jaisalmer_Desert,26.9157,70.9083
2023-11-02T08:00,24.2,41,988.3,Jaisalmer_Desert,26.9157,70.9083
2023-11-02T09:00,27.4,33,989.2,Jaisalmer_Desert,26.9157,70.9083
2023-11-02T10:00,30.1,27,989.3,Jaisalmer_Desert,26.9157,70.9083
2023-11-02T11:00,32.3,22,988.6,Jaisalmer_Desert,26.9157,70.9083
2023-11-02T12:00,33.5,18,987.9,Jaisalmer_Desert,26.9157,70.9083
2023-11-02T13:00,33.9,17,987,Jaisalmer_Desert,26.9157,70.9083
2023-11-02T14:00,34.1,16,986,Jaisalmer_Desert,26.9157,70.9083
2023-11-02T15:00,34.1,16,985.6,Jaisalmer_Desert,26.9157,70.9083
2023-11-02T16:00,33.8,16,985.4,Jaisalmer_Desert,26.9157,70.9083
2023-11-02T17:00,32.1,17,985.3,Jaisalmer_Desert,26.9157,70.9083
2023-11-02T18:00,30.3,18,985.7,Jaisalmer_Desert,26.9157,70.9083
2023-11-02T19:00,28.7,32,985.6,Jaisalmer_Desert,26.9157,70.9083
2023-11-02T20:00,30.5,21,985.9,Jaisalmer_Desert,26.9157,70.9083
2023-11-02T21:00,27.2,34,985.9,Jaisalmer_Desert,26.9157,70.9083
2023-11-02T22:00,29.1,22,986.1,Jaisalmer_Desert,26.9157,70.9083
2023-11-02T23:00,24.9,35,985.5,Jaisalmer_Desert,26.9157,70.9083
2023-11-03T00:00,24,37,985.1,Jaisalmer_Desert,26.9157,70.9083
2023-11-03T01:00,22.6,46,984.9,Jaisalmer_Desert,26.9157,70.9083
2023-11-03T02:00,25.4,30,984.8,Jaisalmer_Desert,26.9157,70.9083
2023-11-03T03:00,25.1,30,984.4,Jaisalmer_Desert,26.9157,70.9083
2023-11-03T04:00,21.5,47,984,Jaisalmer_Desert,26.9157,70.9083
2023-11-03T05:00,21.4,48,984,Jaisalmer_Desert,26.9157,70.9083
2023-11-03T06:00,21.3,52,984.8,Jaisalmer_Desert,26.9157,70.9083
2023-11-03T07:00,21.9,50,985,Jaisalmer_Desert,26.9157,70.9083
2023-11-03T08:00,24.8,41,985.5,Jaisalmer_Desert,26.9157,70.9083
2023-11-03T09:00,27.8,35,986.4,Jaisalmer_Desert,26.9157,70.9083
2023-11-03T10:00,30.3,30,986.5,Jaisalmer_Desert,26.9157,70.9083
2023-11-03T11:00,32.2,26,986,Jaisalmer_Desert,26.9157,70.9083
2023-11-03T12:00,33.2,20,984.9,Jaisalmer_Desert,26.9157,70.9083
2023-11-03T13:00,33.7,18,983.8,Jaisalmer_Desert,26.9157,70.9083
2023-11-03T14:00,34,17,983,Jaisalmer_Desert,26.9157,70.9083
2023-11-03T15:00,34.2,16,982.5,Jaisalmer_Desert,26.9157,70.9083
2023-11-03T16:00,34.1,16,982.1,Jaisalmer_Desert,26.9157,70.9083
2023-11-03T17:00,32.4,20,982.4,Jaisalmer_Desert,26.9157,70.9083
2023-11-03T18:00,30.5,26,983.2,Jaisalmer_Desert,26.9157,70.9083
2023-11-03T19:00,28.7,28,983.7,Jaisalmer_Desert,26.9157,70.9083
2023-11-03T20:00,27.8,30,983.5,Jaisalmer_Desert,26.9157,70.9083
2023-11-03T21:00,26.6,31,983.8,Jaisalmer_Desert,26.9157,70.9083
2023-11-03T22:00,26.5,31,983.9,Jaisalmer_Desert,26.9157,70.9083
2023-11-03T23:00,25.5,33,983.9,Jaisalmer_Desert,26.9157,70.9083
2023-11-04T00:00,25,31,983.7,Jaisalmer_Desert,26.9157,70.9083
2023-11-04T01:00,24.6,31,983.3,Jaisalmer_Desert,26.9157,70.9083
2023-11-04T02:00,24.3,32,983,Jaisalmer_Desert,26.9157,70.9083
2023-11-04T03:00,24.7,31,982.6,Jaisalmer_Desert,26.9157,70.9083
2023-11-04T04:00,23.6,35,982.6,Jaisalmer_Desert,26.9157,70.9083
2023-11-04T05:00,22,42,983,Jaisalmer_Desert,26.9157,70.9083
2023-11-04T06:00,23.7,41,983.6,Jaisalmer_Desert,26.9157,70.9083
2023-11-04T07:00,23.4,42,984.2,Jaisalmer_Desert,26.9157,70.9083
2023-11-04T08:00,25.1,38,984.8,Jaisalmer_Desert,26.9157,70.9083
2023-11-04T09:00,28.3,33,985.8,Jaisalmer_Desert,26.9157,70.9083
2023-11-04T10:00,30.7,28,986,Jaisalmer_Desert,26.9157,70.9083
2023-11-04T11:00,32.1,24,985.4,Jaisalmer_Desert,26.9157,70.9083
2023-11-04T12:00,33,21,984.6,Jaisalmer_Desert,26.9157,70.9083
2023-11-04T13:00,33.8,18,983.8,Jaisalmer_Desert,26.9157,70.9083
2023-11-04T14:00,34.2,16,983.2,Jaisalmer_Desert,26.9157,70.9083
2023-11-04T15:00,34.2,15,982.8,Jaisalmer_Desert,26.9157,70.9083
2023-11-04T16:00,33.9,16,982.8,Jaisalmer_Desert,26.9157,70.9083
2023-11-04T17:00,32,23,983,Jaisalmer_Desert,26.9157,70.9083
2023-11-04T18:00,29.2,29,983.5,Jaisalmer_Desert,26.9157,70.9083
2023-11-04T19:00,28,29,984.1,Jaisalmer_Desert,26.9157,70.9083
2023-11-04T20:00,26.6,34,984.4,Jaisalmer_Desert,26.9157,70.9083
2023-11-04T21:00,26.2,34,985,Jaisalmer_Desert,26.9157,70.9083
2023-11-04T22:00,25,46,985.1,Jaisalmer_Desert,26.9157,70.9083
2023-11-04T23:00,23.9,57,985.1,Jaisalmer_Desert,26.9157,70.9083
2023-11-05T00:00,23.9,56,984.9,Jaisalmer_Desert,26.9157,70.9083
2023-11-05T01:00,22.7,61,984.5,Jaisalmer_Desert,26.9157,70.9083
2023-11-05T02:00,21.9,63,984.5,Jaisalmer_Desert,26.9157,70.9083
2023-11-05T03:00,21.1,66,984.6,Jaisalmer_Desert,26.9157,70.9083
2023-11-05T04:00,21.6,63,984.6,Jaisalmer_Desert,26.9157,70.9083
2023-11-05T05:00,22.8,55,984.8,Jaisalmer_Desert,26.9157,70.9083
2023-11-05T06:00,22.7,68,985.6,Jaisalmer_Desert,26.9157,70.9083
2023-11-05T07:00,21.2,78,985.8,Jaisalmer_Desert,26.9157,70.9083
2023-11-05T08:00,24.6,63,986.8,Jaisalmer_Desert,26.9157,70.9083
2023-11-05T09:00,27.5,53,987.7,Jaisalmer_Desert,26.9157,70.9083
2023-11-05T10:00,29.6,43,987.9,Jaisalmer_Desert,26.9157,70.9083
2023-11-05T11:00,30.8,36,987.4,Jaisalmer_Desert,26.9157,70.9083
2023-11-05T12:00,31.9,29,986.5,Jaisalmer_Desert,26.9157,70.9083
2023-11-05T13:00,32.6,24,985.7,Jaisalmer_Desert,26.9157,70.9083
2023-11-05T14:00,33,22,985,Jaisalmer_Desert,26.9157,70.9083
2023-11-05T15:00,32.9,22,984.5,Jaisalmer_Desert,26.9157,70.9083
2023-11-05T16:00,32.3,22,984.6,Jaisalmer_Desert,26.9157,70.9083
2023-11-05T17:00,30.9,27,984.8,Jaisalmer_Desert,26.9157,70.9083
2023-11-05T18:00,28.9,32,985.3,Jaisalmer_Desert,26.9157,70.9083
2023-11-05T19:00,27.6,37,985.8,Jaisalmer_Desert,26.9157,70.9083
2023-11-05T20:00,26.2,48,986.2,Jaisalmer_Desert,26.9157,70.9083
2023-11-05T21:00,26.3,45,986.6,Jaisalmer_Desert,26.9157,70.9083
2023-11-05T22:00,26,40,986.7,Jaisalmer_Desert,26.9157,70.9083
2023-11-05T23:00,24.5,44,986.7,Jaisalmer_Desert,26.9157,70.9083
2023-11-06T00:00,24.2,48,986.6,Jaisalmer_Desert,26.9157,70.9083
2023-11-06T01:00,25.5,40,986.4,Jaisalmer_Desert,26.9157,70.9083
2023-11-06T02:00,22.7,54,985.9,Jaisalmer_Desert,26.9157,70.9083
2023-11-06T03:00,22.7,54,985.9,Jaisalmer_Desert,26.9157,70.9083
2023-11-06T04:00,23,53,985.8,Jaisalmer_Desert,26.9157,70.9083
2023-11-06T05:00,22,58,986.1,Jaisalmer_Desert,26.9157,70.9083
2023-11-06T06:00,21.4,68,987,Jaisalmer_Desert,26.9157,70.9083
2023-11-06T07:00,20.8,75,987.5,Jaisalmer_Desert,26.9157,70.9083
2023-11-06T08:00,23,68,988.3,Jaisalmer_Desert,26.9157,70.9083
2023-11-06T09:00,25.2,60,989.1,Jaisalmer_Desert,26.9157,70.9083
2023-11-06T10:00,27.7,49,989.1,Jaisalmer_Desert,26.9157,70.9083
2023-11-06T11:00,29.8,40,988.7,Jaisalmer_Desert,26.9157,70.9083
2023-11-06T12:00,31.2,31,987.9,Jaisalmer_Desert,26.9157,70.9083
2023-11-06T13:00,32.2,26,987,Jaisalmer_Desert,26.9157,70.9083
2023-11-06T14:00,32.6,23,986.3,Jaisalmer_Desert,26.9157,70.9083
2023-11-06T15:00,32.6,23,985.7,Jaisalmer_Desert,26.9157,70.9083
2023-11-06T16:00,32.3,23,985.6,Jaisalmer_Desert,26.9157,70.9083
2023-11-06T17:00,31,29,985.7,Jaisalmer_Desert,26.9157,70.9083
2023-11-06T18:00,29,31,986.2,Jaisalmer_Desert,26.9157,70.9083
2023-11-06T19:00,27.7,40,986.7,Jaisalmer_Desert,26.9157,70.9083
2023-11-06T20:00,27.2,34,987.3,Jaisalmer_Desert,26.9157,70.9083
2023-11-06T21:00,25.9,36,987.3,Jaisalmer_Desert,26.9157,70.9083
2023-11-06T22:00,25.6,35,987.5,Jaisalmer_Desert,26.9157,70.9083
2023-11-06T23:00,24.5,39,987.6,Jaisalmer_Desert,26.9157,70.9083
2023-11-07T00:00,23.6,47,987.3,Jaisalmer_Desert,26.9157,70.9083
2023-11-07T01:00,23.1,53,987,Jaisalmer_Desert,26.9157,70.9083
2023-11-07T02:00,21.8,62,986.8,Jaisalmer_Desert,26.9157,70.9083
2023-11-07T03:00,21.5,62,986.6,Jaisalmer_Desert,26.9157,70.9083
2023-11-07T04:00,21.2,63,986.6,Jaisalmer_Desert,26.9157,70.9083
2023-11-07T05:00,20.5,68,986.6,Jaisalmer_Desert,26.9157,70.9083
2023-11-07T06:00,20.5,65,987.1,Jaisalmer_Desert,26.9157,70.9083
2023-11-07T07:00,21.2,64,987.9,Jaisalmer_Desert,26.9157,70.9083
2023-11-07T08:00,23.6,55,988.7,Jaisalmer_Desert,26.9157,70.9083
2023-11-07T09:00,26.1,50,989.5,Jaisalmer_Desert,26.9157,70.9083
2023-11-07T10:00,28.5,42,989.7,Jaisalmer_Desert,26.9157,70.9083
2023-11-07T11:00,30.2,36,989.2,Jaisalmer_Desert,26.9157,70.9083
2023-11-07T12:00,31.3,31,988.2,Jaisalmer_Desert,26.9157,70.9083
2023-11-07T13:00,31.9,25,987.4,Jaisalmer_Desert,26.9157,70.9083
2023-11-07T14:00,32.1,22,986.6,Jaisalmer_Desert,26.9157,70.9083
2023-11-07T15:00,32.2,22,986,Jaisalmer_Desert,26.9157,70.9083
2023-11-07T16:00,32,22,985.8,Jaisalmer_Desert,26.9157,70.9083
2023-11-07T17:00,31,24,985.8,Jaisalmer_Desert,26.9157,70.9083
2023-11-07T18:00,30.5,27,986.2,Jaisalmer_Desert,26.9157,70.9083
2023-11-07T19:00,27.2,43,986.4,Jaisalmer_Desert,26.9157,70.9083
2023-11-07T20:00,26.5,38,986.8,Jaisalmer_Desert,26.9157,70.9083
2023-11-07T21:00,25,47,986.9,Jaisalmer_Desert,26.9157,70.9083
2023-11-07T22:00,24.7,42,987,Jaisalmer_Desert,26.9157,70.9083
2023-11-07T23:00,24.5,42,986.9,Jaisalmer_Desert,26.9157,70.9083
2023-11-08T00:00,23.3,48,986.5,Jaisalmer_Desert,26.9157,70.9083
2023-11-08T01:00,22.3,54,986.1,Jaisalmer_Desert,26.9157,70.9083
2023-11-08T02:00,21.4,60,985.8,Jaisalmer_Desert,26.9157,70.9083
2023-11-08T03:00,20.7,65,985.9,Jaisalmer_Desert,26.9157,70.9083
2023-11-08T04:00,20.5,65,985.8,Jaisalmer_Desert,26.9157,70.9083
2023-11-08T05:00,20.5,62,986,Jaisalmer_Desert,26.9157,70.9083
2023-11-08T06:00,19.9,76,986.3,Jaisalmer_Desert,26.9157,70.9083
2023-11-08T07:00,20.3,75,987.1,Jaisalmer_Desert,26.9157,70.9083
2023-11-08T08:00,22.4,66,987.9,Jaisalmer_Desert,26.9157,70.9083
2023-11-08T09:00,24.8,58,988.5,Jaisalmer_Desert,26.9157,70.9083
2023-11-08T10:00,27.4,48,988.9,Jaisalmer_Desert,26.9157,70.9083
2023-11-08T11:00,29.5,37,988.6,Jaisalmer_Desert,26.9157,70.9083
2023-11-08T12:00,30.7,30,987.5,Jaisalmer_Desert,26.9157,70.9083
2023-11-08T13:00,31.3,26,986.6,Jaisalmer_Desert,26.9157,70.9083
2023-11-08T14:00,31.5,24,985.8,Jaisalmer_Desert,26.9157,70.9083
2023-11-08T15:00,31.6,24,985.3,Jaisalmer_Desert,26.9157,70.9083
2023-11-08T16:00,31.5,24,985.2,Jaisalmer_Desert,26.9157,70.9083
2023-11-08T17:00,30.2,52,985.3,Jaisalmer_Desert,26.9157,70.9083
2023-11-08T18:00,27.9,41,985.8,Jaisalmer_Desert,26.9157,70.9083
2023-11-08T19:00,27.2,40,986.2,Jaisalmer_Desert,26.9157,70.9083
2023-11-08T20:00,25.9,47,986.7,Jaisalmer_Desert,26.9157,70.9083
2023-11-08T21:00,26.3,44,987.1,Jaisalmer_Desert,26.9157,70.9083
2023-11-08T22:00,25.6,45,987.1,Jaisalmer_Desert,26.9157,70.9083
2023-11-08T23:00,23.7,52,986.5,Jaisalmer_Desert,26.9157,70.9083
2023-11-09T00:00,23.5,50,986.2,Jaisalmer_Desert,26.9157,70.9083
2023-11-09T01:00,23.3,50,986.1,Jaisalmer_Desert,26.9157,70.9083
2023-11-09T02:00,22.6,56,985.8,Jaisalmer_Desert,26.9157,70.9083
2023-11-09T03:00,22.4,58,985.6,Jaisalmer_Desert,26.9157,70.9083
2023-11-09T04:00,21.9,60,985.5,Jaisalmer_Desert,26.9157,70.9083
2023-11-09T05:00,21.6,59,985.6,Jaisalmer_Desert,26.9157,70.9083
2023-11-09T06:00,21.4,70,986.5,Jaisalmer_Desert,26.9157,70.9083
2023-11-09T07:00,21.4,71,987.2,Jaisalmer_Desert,26.9157,70.9083
2023-11-09T08:00,22.7,64,988.7,Jaisalmer_Desert,26.9157,70.9083
2023-11-09T09:00,24.4,55,988.8,Jaisalmer_Desert,26.9157,70.9083
2023-11-09T10:00,26.8,45,989.5,Jaisalmer_Desert,26.9157,70.9083
2023-11-09T11:00,26.2,48,989,Jaisalmer_Desert,26.9157,70.9083
2023-11-09T12:00,28.7,38,987.7,Jaisalmer_Desert,26.9157,70.9083
2023-11-09T13:00,29.6,34,986.7,Jaisalmer_Desert,26.9157,70.9083
2023-11-09T14:00,29.9,34,985.7,Jaisalmer_Desert,26.9157,70.9083
2023-11-09T15:00,30.3,32,985.2,Jaisalmer_Desert,26.9157,70.9083
2023-11-09T16:00,30.4,31,985.2,Jaisalmer_Desert,26.9157,70.9083
2023-11-09T17:00,29,37,985.6,Jaisalmer_Desert,26.9157,70.9083
2023-11-09T18:00,27.8,55,985.5,Jaisalmer_Desert,26.9157,70.9083
2023-11-09T19:00,26.5,52,986.3,Jaisalmer_Desert,26.9157,70.9083
2023-11-09T20:00,25.5,54,986.6,Jaisalmer_Desert,26.9157,70.9083
2023-11-09T21:00,24.9,54,986.9,Jaisalmer_Desert,26.9157,70.9083
2023-11-09T22:00,24.2,53,987,Jaisalmer_Desert,26.9157,70.9083
2023-11-09T23:00,24.2,50,986.6,Jaisalmer_Desert,26.9157,70.9083
2023-11-10T00:00,23.5,53,986.4,Jaisalmer_Desert,26.9157,70.9083
2023-11-10T01:00,22.6,58,986,Jaisalmer_Desert,26.9157,70.9083
2023-11-10T02:00,22.2,60,985.7,Jaisalmer_Desert,26.9157,70.9083
2023-11-10T03:00,21.9,61,985.5,Jaisalmer_Desert,26.9157,70.9083
2023-11-10T04:00,21.2,64,985.5,Jaisalmer_Desert,26.9157,70.9083
2023-11-10T05:00,20.6,67,985.8,Jaisalmer_Desert,26.9157,70.9083
2023-11-10T06:00,20,72,986,Jaisalmer_Desert,26.9157,70.9083
2023-11-10T07:00,20.7,68,986.9,Jaisalmer_Desert,26.9157,70.9083
2023-11-10T08:00,23.3,58,988,Jaisalmer_Desert,26.9157,70.9083
2023-11-10T09:00,26.1,49,989.1,Jaisalmer_Desert,26.9157,70.9083
2023-11-10T10:00,28,41,989.8,Jaisalmer_Desert,26.9157,70.9083
2023-11-10T11:00,29,36,989.5,Jaisalmer_Desert,26.9157,70.9083
2023-11-10T12:00,30,30,988.8,Jaisalmer_Desert,26.9157,70.9083
2023-11-10T13:00,30.5,26,987.9,Jaisalmer_Desert,26.9157,70.9083
2023-11-10T14:00,30.2,26,987.4,Jaisalmer_Desert,26.9157,70.9083
2023-11-10T15:00,29.7,26,987.5,Jaisalmer_Desert,26.9157,70.9083
2023-11-10T16:00,29,25,987.7,Jaisalmer_Desert,26.9157,70.9083
2023-11-10T17:00,27.5,28,988.1,Jaisalmer_Desert,26.9157,70.9083
2023-11-10T18:00,25.7,22,988.5,Jaisalmer_Desert,26.9157,70.9083
2023-11-10T19:00,24.6,27,989.3,Jaisalmer_Desert,26.9157,70.9083
2023-11-10T20:00,23.6,31,990,Jaisalmer_Desert,26.9157,70.9083
2023-11-10T21:00,22.7,36,990.6,Jaisalmer_Desert,26.9157,70.9083
2023-11-10T22:00,21.7,39,990.8,Jaisalmer_Desert,26.9157,70.9083
2023-11-10T23:00,20.6,44,990.8,Jaisalmer_Desert,26.9157,70.9083
2023-11-11T00:00,19.6,49,990.3,Jaisalmer_Desert,26.9157,70.9083
2023-11-11T01:00,18.6,56,990.3,Jaisalmer_Desert,26.9157,70.9083
2023-11-11T02:00,18,61,990.1,Jaisalmer_Desert,26.9157,70.9083
2023-11-11T03:00,17.4,68,989.9,Jaisalmer_Desert,26.9157,70.9083
2023-11-11T04:00,16.9,74,989.8,Jaisalmer_Desert,26.9157,70.9083
2023-11-11T05:00,16.7,76,989.9,Jaisalmer_Desert,26.9157,70.9083
2023-11-11T06:00,16,88,991.1,Jaisalmer_Desert,26.9157,70.9083
2023-11-11T07:00,15.9,88,991.6,Jaisalmer_Desert,26.9157,70.9083
2023-11-11T08:00,17.8,79,992.4,Jaisalmer_Desert,26.9157,70.9083
2023-11-11T09:00,20.3,68,993.2,Jaisalmer_Desert,26.9157,70.9083
2023-11-11T10:00,23,55,993.9,Jaisalmer_Desert,26.9157,70.9083
2023-11-11T11:00,25.1,41,993.4,Jaisalmer_Desert,26.9157,70.9083
2023-11-11T12:00,26.5,34,992.3,Jaisalmer_Desert,26.9157,70.9083
2023-11-11T13:00,27.6,29,991.2,Jaisalmer_Desert,26.9157,70.9083
2023-11-11T14:00,28.3,26,990.5,Jaisalmer_Desert,26.9157,70.9083
2023-11-11T15:00,28.5,24,990,Jaisalmer_Desert,26.9157,70.9083
2023-11-11T16:00,28,26,989.9,Jaisalmer_Desert,26.9157,70.9083
2023-11-11T17:00,26.8,29,990.1,Jaisalmer_Desert,26.9157,70.9083
2023-11-11T18:00,24.1,41,990.6,Jaisalmer_Desert,26.9157,70.9083
2023-11-11T19:00,22.9,43,991.1,Jaisalmer_Desert,26.9157,70.9083
2023-11-11T20:00,21.8,46,991.5,Jaisalmer_Desert,26.9157,70.9083
2023-11-11T21:00,20.9,51,992,Jaisalmer_Desert,26.9157,70.9083
2023-11-11T22:00,20.1,54,992,Jaisalmer_Desert,26.9157,70.9083
2023-11-11T23:00,19.3,57,991.5,Jaisalmer_Desert,26.9157,70.9083
2023-11-12T00:00,18.5,60,991.3,Jaisalmer_Desert,26.9157,70.9083
2023-11-12T01:00,18,61,991,Jaisalmer_Desert,26.9157,70.9083
2023-11-12T02:00,17.4,64,990.8,Jaisalmer_Desert,26.9157,70.9083
2023-11-12T03:00,17,65,990.5,Jaisalmer_Desert,26.9157,70.9083
2023-11-12T04:00,16.7,67,990.3,Jaisalmer_Desert,26.9157,70.9083
2023-11-12T05:00,16.5,69,990.1,Jaisalmer_Desert,26.9157,70.9083
2023-11-12T06:00,15.8,75,991.2,Jaisalmer_Desert,26.9157,70.9083
2023-11-12T07:00,15.8,78,991.8,Jaisalmer_Desert,26.9157,70.9083
2023-11-12T08:00,18.1,71,992.3,Jaisalmer_Desert,26.9157,70.9083
2023-11-12T09:00,21.5,60,993,Jaisalmer_Desert,26.9157,70.9083
2023-11-12T10:00,23.9,48,993.2,Jaisalmer_Desert,26.9157,70.9083
2023-11-12T11:00,25.5,39,992.6,Jaisalmer_Desert,26.9157,70.9083
2023-11-12T12:00,26.6,33,991.6,Jaisalmer_Desert,26.9157,70.9083
2023-11-12T13:00,27.4,30,990.7,Jaisalmer_Desert,26.9157,70.9083
2023-11-12T14:00,27.8,28,989.9,Jaisalmer_Desert,26.9157,70.9083
2023-11-12T15:00,27.9,27,989.5,Jaisalmer_Desert,26.9157,70.9083
2023-11-12T16:00,27.6,27,989,Jaisalmer_Desert,26.9157,70.9083
2023-11-12T17:00,26,43,989.1,Jaisalmer_Desert,26.9157,70.9083
2023-11-12T18:00,24,51,989.5,Jaisalmer_Desert,26.9157,70.9083
2023-11-12T19:00,22.8,47,990,Jaisalmer_Desert,26.9157,70.9083
2023-11-12T20:00,21.8,49,990.6,Jaisalmer_Desert,26.9157,70.9083
2023-11-12T21:00,21,52,990.9,Jaisalmer_Desert,26.9157,70.9083
2023-11-12T22:00,20.4,53,990.7,Jaisalmer_Desert,26.9157,70.9083
2023-11-12T23:00,19.6,56,990.4,Jaisalmer_Desert,26.9157,70.9083
2023-11-13T00:00,19.1,57,989.9,Jaisalmer_Desert,26.9157,70.9083
2023-11-13T01:00,18.4,59,989.3,Jaisalmer_Desert,26.9157,70.9083
2023-11-13T02:00,17.8,60,988.9,Jaisalmer_Desert,26.9157,70.9083
2023-11-13T03:00,17.7,58,988.4,Jaisalmer_Desert,26.9157,70.9083
2023-11-13T04:00,17.1,58,988.4,Jaisalmer_Desert,26.9157,70.9083
2023-11-13T05:00,16.3,61,988.6,Jaisalmer_Desert,26.9157,70.9083
2023-11-13T06:00,15.6,68,989.5,Jaisalmer_Desert,26.9157,70.9083
2023-11-13T07:00,15.7,69,990.1,Jaisalmer_Desert,26.9157,70.9083
2023-11-13T08:00,17.9,62,990.9,Jaisalmer_Desert,26.9157,70.9083
2023-11-13T09:00,20.9,55,991.8,Jaisalmer_Desert,26.9157,70.9083
2023-11-13T10:00,23.7,46,992.1,Jaisalmer_Desert,26.9157,70.9083
2023-11-13T11:00,25.6,38,991.8,Jaisalmer_Desert,26.9157,70.9083
2023-11-13T12:00,26.5,31,990.8,Jaisalmer_Desert,26.9157,70.9083
2023-11-13T13:00,27.1,29,989.7,Jaisalmer_Desert,26.9157,70.9083
2023-11-13T14:00,27.4,28,988.7,Jaisalmer_Desert,26.9157,70.9083
2023-11-13T15:00,27.4,27,988.3,Jaisalmer_Desert,26.9157,70.9083
2023-11-13T16:00,27.1,27,988.2,Jaisalmer_Desert,26.9157,70.9083
2023-11-13T17:00,26,35,988.5,Jaisalmer_Desert,26.9157,70.9083
2023-11-13T18:00,24.6,40,988.9,Jaisalmer_Desert,26.9157,70.9083
2023-11-13T19:00,23.8,41,989.3,Jaisalmer_Desert,26.9157,70.9083
2023-11-13T20:00,23.1,41,989.9,Jaisalmer_Desert,26.9157,70.9083
2023-11-13T21:00,22.2,45,990.2,Jaisalmer_Desert,26.9157,70.9083
2023-11-13T22:00,21.1,49,990,Jaisalmer_Desert,26.9157,70.9083
2023-11-13T23:00,20.3,52,989.5,Jaisalmer_Desert,26.9157,70.9083
2023-11-14T00:00,19.9,50,989.3,Jaisalmer_Desert,26.9157,70.9083
2023-11-14T01:00,18.9,53,988.9,Jaisalmer_Desert,26.9157,70.9083
2023-11-14T02:00,18.3,56,988.8,Jaisalmer_Desert,26.9157,70.9083
2023-11-14T03:00,17.7,55,988.4,Jaisalmer_Desert,26.9157,70.9083
2023-11-14T04:00,17.4,54,988.6,Jaisalmer_Desert,26.9157,70.9083
2023-11-14T05:00,16.8,55,988.7,Jaisalmer_Desert,26.9157,70.9083
2023-11-14T06:00,16.9,54,989.3,Jaisalmer_Desert,26.9157,70.9083
2023-11-14T07:00,16.7,55,990.1,Jaisalmer_Desert,26.9157,70.9083
2023-11-14T08:00,18.5,50,990.8,Jaisalmer_Desert,26.9157,70.9083
2023-11-14T09:00,20.9,47,991.8,Jaisalmer_Desert,26.9157,70.9083
2023-11-14T10:00,23.4,44,992.2,Jaisalmer_Desert,26.9157,70.9083
2023-11-14T11:00,25.6,37,991.6,Jaisalmer_Desert,26.9157,70.9083
2023-11-14T12:00,26.9,28,990.3,Jaisalmer_Desert,26.9157,70.9083
2023-11-14T13:00,27.7,26,989.2,Jaisalmer_Desert,26.9157,70.9083
2023-11-14T14:00,28.1,25,988.4,Jaisalmer_Desert,26.9157,70.9083
2023-11-14T15:00,28.2,25,987.9,Jaisalmer_Desert,26.9157,70.9083
2023-11-14T16:00,27.9,25,987.8,Jaisalmer_Desert,26.9157,70.9083
2023-11-14T17:00,26.4,29,988.1,Jaisalmer_Desert,26.9157,70.9083
2023-11-14T18:00,24.5,33,988.8,Jaisalmer_Desert,26.9157,70.9083
2023-11-14T19:00,23.4,34,989.2,Jaisalmer_Desert,26.9157,70.9083
2023-11-14T20:00,22.4,36,989.6,Jaisalmer_Desert,26.9157,70.9083
2023-11-14T21:00,21.5,39,990.1,Jaisalmer_Desert,26.9157,70.9083
2023-11-14T22:00,20.8,42,990.3,Jaisalmer_Desert,26.9157,70.9083
2023-11-14T23:00,20.1,45,990.3,Jaisalmer_Desert,26.9157,70.9083
2023-11-15T00:00,19.3,49,989.8,Jaisalmer_Desert,26.9157,70.9083
2023-11-15T01:00,18.6,52,989.5,Jaisalmer_Desert,26.9157,70.9083
2023-11-15T02:00,18.1,55,989.4,Jaisalmer_Desert,26.9157,70.9083
2023-11-15T03:00,17.6,58,989.1,Jaisalmer_Desert,26.9157,70.9083
2023-11-15T04:00,17.1,60,989,Jaisalmer_Desert,26.9157,70.9083
2023-11-15T05:00,16.5,63,989.3,Jaisalmer_Desert,26.9157,70.9083
2023-11-15T06:00,15.8,68,990.1,Jaisalmer_Desert,26.9157,70.9083
2023-11-15T07:00,15.7,68,990.6,Jaisalmer_Desert,26.9157,70.9083
2023-11-15T08:00,17.6,62,991.3,Jaisalmer_Desert,26.9157,70.9083
2023-11-15T09:00,20.2,54,992.1,Jaisalmer_Desert,26.9157,70.9083
2023-11-15T10:00,22.7,46,992.3,Jaisalmer_Desert,26.9157,70.9083
2023-11-15T11:00,25,37,991.9,Jaisalmer_Desert,26.9157,70.9083
2023-11-15T12:00,26.2,30,990.9,Jaisalmer_Desert,26.9157,70.9083
2023-11-15T13:00,26.9,27,989.9,Jaisalmer_Desert,26.9157,70.9083
2023-11-15T14:00,27.4,25,989,Jaisalmer_Desert,26.9157,70.9083
2023-11-15T15:00,27.6,24,988.5,Jaisalmer_Desert,26.9157,70.9083
2023-11-15T16:00,27.3,24,988.1,Jaisalmer_Desert,26.9157,70.9083
2023-11-15T17:00,25.8,30,988.3,Jaisalmer_Desert,26.9157,70.9083
2023-11-15T18:00,23.9,36,989,Jaisalmer_Desert,26.9157,70.9083
2023-11-15T19:00,22.7,40,989.5,Jaisalmer_Desert,26.9157,70.9083
2023-11-15T20:00,21.8,44,989.7,Jaisalmer_Desert,26.9157,70.9083
2023-11-15T21:00,20.8,49,989.8,Jaisalmer_Desert,26.9157,70.9083
2023-11-15T22:00,20,52,989.9,Jaisalmer_Desert,26.9157,70.9083
2023-11-15T23:00,19.1,56,989.8,Jaisalmer_Desert,26.9157,70.9083
2023-11-16T00:00,18.7,57,989.4,Jaisalmer_Desert,26.9157,70.9083
2023-11-16T01:00,18.1,58,988.9,Jaisalmer_Desert,26.9157,70.9083
2023-11-16T02:00,17.5,61,988.6,Jaisalmer_Desert,26.9157,70.9083
2023-11-16T03:00,17,62,988.6,Jaisalmer_Desert,26.9157,70.9083
2023-11-16T04:00,16.8,62,988.5,Jaisalmer_Desert,26.9157,70.9083
2023-11-16T05:00,16.1,65,988.7,Jaisalmer_Desert,26.9157,70.9083
2023-11-16T06:00,15.3,73,989.4,Jaisalmer_Desert,26.9157,70.9083
2023-11-16T07:00,15.1,75,990.3,Jaisalmer_Desert,26.9157,70.9083
2023-11-16T08:00,17,69,991.2,Jaisalmer_Desert,26.9157,70.9083
2023-11-16T09:00,19.8,60,992.1,Jaisalmer_Desert,26.9157,70.9083
2023-11-16T10:00,22.6,49,992.4,Jaisalmer_Desert,26.9157,70.9083
2023-11-16T11:00,24.8,38,991.9,Jaisalmer_Desert,26.9157,70.9083
2023-11-16T12:00,25.8,33,990.8,Jaisalmer_Desert,26.9157,70.9083
2023-11-16T13:00,26.7,29,989.8,Jaisalmer_Desert,26.9157,70.9083
2023-11-16T14:00,27.2,27,989.3,Jaisalmer_Desert,26.9157,70.9083
2023-11-16T15:00,27.4,26,989.1,Jaisalmer_Desert,26.9157,70.9083
2023-11-16T16:00,27.2,25,989.1,Jaisalmer_Desert,26.9157,70.9083
2023-11-16T17:00,25.6,31,989.2,Jaisalmer_Desert,26.9157,70.9083
2023-11-16T18:00,23.4,34,989.5,Jaisalmer_Desert,26.9157,70.9083
2023-11-16T19:00,22.4,35,990,Jaisalmer_Desert,26.9157,70.9083
2023-11-16T20:00,21.4,38,990.3,Jaisalmer_Desert,26.9157,70.9083
2023-11-16T21:00,20.6,42,990.6,Jaisalmer_Desert,26.9157,70.9083
2023-11-16T22:00,19.7,46,990.6,Jaisalmer_Desert,26.9157,70.9083
2023-11-16T23:00,19,48,990.7,Jaisalmer_Desert,26.9157,70.9083
2023-11-17T00:00,18.3,47,990.6,Jaisalmer_Desert,26.9157,70.9083
2023-11-17T01:00,17.5,47,990,Jaisalmer_Desert,26.9157,70.9083
2023-11-17T02:00,16.8,47,989.8,Jaisalmer_Desert,26.9157,70.9083
2023-11-17T03:00,16.4,47,989.6,Jaisalmer_Desert,26.9157,70.9083
2023-11-17T04:00,16.1,47,989.4,Jaisalmer_Desert,26.9157,70.9083
2023-11-17T05:00,15.8,49,989.6,Jaisalmer_Desert,26.9157,70.9083
2023-11-17T06:00,15.2,57,990.4,Jaisalmer_Desert,26.9157,70.9083
2023-11-17T07:00,14.9,59,990.9,Jaisalmer_Desert,26.9157,70.9083
2023-11-17T08:00,16.8,55,991.4,Jaisalmer_Desert,26.9157,70.9083
2023-11-17T09:00,19.6,49,992.5,Jaisalmer_Desert,26.9157,70.9083
2023-11-17T10:00,22.2,43,992.5,Jaisalmer_Desert,26.9157,70.9083
2023-11-17T11:00,24.4,38,992,Jaisalmer_Desert,26.9157,70.9083
2023-11-17T12:00,25.9,33,990.8,Jaisalmer_Desert,26.9157,70.9083
2023-11-17T13:00,26.6,28,989.7,Jaisalmer_Desert,26.9157,70.9083
2023-11-17T14:00,26.9,26,988.8,Jaisalmer_Desert,26.9157,70.9083
2023-11-17T15:00,27,25,988.3,Jaisalmer_Desert,26.9157,70.9083
2023-11-17T16:00,26.7,26,988.1,Jaisalmer_Desert,26.9157,70.9083
2023-11-17T17:00,25.3,30,988.3,Jaisalmer_Desert,26.9157,70.9083
2023-11-17T18:00,23.3,34,988.8,Jaisalmer_Desert,26.9157,70.9083
2023-11-17T19:00,22.3,35,989,Jaisalmer_Desert,26.9157,70.9083
2023-11-17T20:00,21.3,38,989.2,Jaisalmer_Desert,26.9157,70.9083
2023-11-17T21:00,20.3,42,989.3,Jaisalmer_Desert,26.9157,70.9083
2023-11-17T22:00,19.4,47,989.3,Jaisalmer_Desert,26.9157,70.9083
2023-11-17T23:00,18.7,50,988.9,Jaisalmer_Desert,26.9157,70.9083
2023-11-18T00:00,18.1,53,988.5,Jaisalmer_Desert,26.9157,70.9083
2023-11-18T01:00,17.1,58,988.1,Jaisalmer_Desert,26.9157,70.9083
2023-11-18T02:00,16.5,60,987.7,Jaisalmer_Desert,26.9157,70.9083
2023-11-18T03:00,16,62,987.7,Jaisalmer_Desert,26.9157,70.9083
2023-11-18T04:00,15.6,67,987.4,Jaisalmer_Desert,26.9157,70.9083
2023-11-18T05:00,15.3,72,987.5,Jaisalmer_Desert,26.9157,70.9083
2023-11-18T06:00,14.3,78,988.7,Jaisalmer_Desert,26.9157,70.9083
2023-11-18T07:00,14.4,79,989.2,Jaisalmer_Desert,26.9157,70.9083
2023-11-18T08:00,16.5,71,989.6,Jaisalmer_Desert,26.9157,70.9083
2023-11-18T09:00,19.1,62,990.2,Jaisalmer_Desert,26.9157,70.9083
2023-11-18T10:00,21.6,52,990.6,Jaisalmer_Desert,26.9157,70.9083
2023-11-18T11:00,23.9,44,990,Jaisalmer_Desert,26.9157,70.9083
2023-11-18T12:00,25.5,33,988.8,Jaisalmer_Desert,26.9157,70.9083
2023-11-18T13:00,25.9,29,987.9,Jaisalmer_Desert,26.9157,70.9083
2023-11-18T14:00,26.2,27,987.1,Jaisalmer_Desert,26.9157,70.9083
2023-11-18T15:00,26.2,26,986.7,Jaisalmer_Desert,26.9157,70.9083
2023-11-18T16:00,25.9,26,986.7,Jaisalmer_Desert,26.9157,70.9083
2023-11-18T17:00,24.2,33,987,Jaisalmer_Desert,26.9157,70.9083
2023-11-18T18:00,22.9,35,987.1,Jaisalmer_Desert,26.9157,70.9083
2023-11-18T19:00,21.7,42,987.6,Jaisalmer_Desert,26.9157,70.9083
2023-11-18T20:00,20.8,46,987.9,Jaisalmer_Desert,26.9157,70.9083
2023-11-18T21:00,20.2,48,988.2,Jaisalmer_Desert,26.9157,70.9083
2023-11-18T22:00,19.5,53,988.2,Jaisalmer_Desert,26.9157,70.9083
2023-11-18T23:00,18.8,56,987.9,Jaisalmer_Desert,26.9157,70.9083
2023-11-19T00:00,18.1,60,987.5,Jaisalmer_Desert,26.9157,70.9083
2023-11-19T01:00,17.7,61,987.1,Jaisalmer_Desert,26.9157,70.9083
2023-11-19T02:00,16.9,64,987.1,Jaisalmer_Desert,26.9157,70.9083
2023-11-19T03:00,16.2,69,986.9,Jaisalmer_Desert,26.9157,70.9083
2023-11-19T04:00,16,68,987,Jaisalmer_Desert,26.9157,70.9083
2023-11-19T05:00,15.7,69,987.3,Jaisalmer_Desert,26.9157,70.9083
2023-11-19T06:00,16.3,67,988,Jaisalmer_Desert,26.9157,70.9083
2023-11-19T07:00,14.6,76,988.4,Jaisalmer_Desert,26.9157,70.9083
2023-11-19T08:00,16.7,67,989.2,Jaisalmer_Desert,26.9157,70.9083
2023-11-19T09:00,19.8,56,990.2,Jaisalmer_Desert,26.9157,70.9083
2023-11-19T10:00,22.4,47,990.6,Jaisalmer_Desert,26.9157,70.9083
2023-11-19T11:00,24.4,40,990.1,Jaisalmer_Desert,26.9157,70.9083
2023-11-19T12:00,26,35,989.6,Jaisalmer_Desert,26.9157,70.9083
2023-11-19T13:00,26.8,31,988.7,Jaisalmer_Desert,26.9157,70.9083
2023-11-19T14:00,27.1,29,987.9,Jaisalmer_Desert,26.9157,70.9083
2023-11-19T15:00,27.2,28,987.6,Jaisalmer_Desert,26.9157,70.9083
2023-11-19T16:00,26.9,28,987.7,Jaisalmer_Desert,26.9157,70.9083
2023-11-19T17:00,25.3,33,987.9,Jaisalmer_Desert,26.9157,70.9083
2023-11-19T18:00,23.1,43,988.1,Jaisalmer_Desert,26.9157,70.9083
2023-11-19T19:00,22.3,43,988.8,Jaisalmer_Desert,26.9157,70.9083
2023-11-19T20:00,21.3,43,989.1,Jaisalmer_Desert,26.9157,70.9083
2023-11-19T21:00,20.2,45,989.1,Jaisalmer_Desert,26.9157,70.9083
2023-11-19T22:00,19.2,48,989.2,Jaisalmer_Desert,26.9157,70.9083
2023-11-19T23:00,18.8,48,989,Jaisalmer_Desert,26.9157,70.9083
2023-11-20T00:00,18.5,48,988.8,Jaisalmer_Desert,26.9157,70.9083
2023-11-20T01:00,17.9,49,988.4,Jaisalmer_Desert,26.9157,70.9083
2023-11-20T02:00,17.2,51,988.4,Jaisalmer_Desert,26.9157,70.9083
2023-11-20T03:00,16.3,53,988.2,Jaisalmer_Desert,26.9157,70.9083
2023-11-20T04:00,15.6,55,988.4,Jaisalmer_Desert,26.9157,70.9083
2023-11-20T05:00,15.4,55,988.6,Jaisalmer_Desert,26.9157,70.9083
2023-11-20T06:00,15.1,60,989.3,Jaisalmer_Desert,26.9157,70.9083
2023-11-20T07:00,15.1,61,990,Jaisalmer_Desert,26.9157,70.9083
2023-11-20T08:00,16.9,57,990.9,Jaisalmer_Desert,26.9157,70.9083
2023-11-20T09:00,19.6,51,991.8,Jaisalmer_Desert,26.9157,70.9083
2023-11-20T10:00,22.3,44,992,Jaisalmer_Desert,26.9157,70.9083
2023-11-20T11:00,24.9,37,991.6,Jaisalmer_Desert,26.9157,70.9083
2023-11-20T12:00,26.9,30,990.7,Jaisalmer_Desert,26.9157,70.9083
2023-11-20T13:00,27.8,27,989.6,Jaisalmer_Desert,26.9157,70.9083
2023-11-20T14:00,28.2,25,988.8,Jaisalmer_Desert,26.9157,70.9083
2023-11-20T15:00,28.3,23,988.5,Jaisalmer_Desert,26.9157,70.9083
2023-11-20T16:00,27.7,24,988.6,Jaisalmer_Desert,26.9157,70.9083
2023-11-20T17:00,26.1,28,988.7,Jaisalmer_Desert,26.9157,70.9083
2023-11-20T18:00,23.9,34,989,Jaisalmer_Desert,26.9157,70.9083
2023-11-20T19:00,22.8,36,989.5,Jaisalmer_Desert,26.9157,70.9083
2023-11-20T20:00,21.9,38,989.7,Jaisalmer_Desert,26.9157,70.9083
2023-11-20T21:00,21.1,40,990,Jaisalmer_Desert,26.9157,70.9083
2023-11-20T22:00,20.4,42,990.2,Jaisalmer_Desert,26.9157,70.9083
2023-11-20T23:00,19.7,45,990.1,Jaisalmer_Desert,26.9157,70.9083
2023-11-21T00:00,18.9,48,990.1,Jaisalmer_Desert,26.9157,70.9083
2023-11-21T01:00,18.2,49,989.5,Jaisalmer_Desert,26.9157,70.9083
2023-11-21T02:00,17.6,51,989.1,Jaisalmer_Desert,26.9157,70.9083
2023-11-21T03:00,16.8,53,988.8,Jaisalmer_Desert,26.9157,70.9083
2023-11-21T04:00,16.3,55,988.8,Jaisalmer_Desert,26.9157,70.9083
2023-11-21T05:00,15.9,57,988.8,Jaisalmer_Desert,26.9157,70.9083
2023-11-21T06:00,15.3,63,989.4,Jaisalmer_Desert,26.9157,70.9083
2023-11-21T07:00,15.3,64,990.2,Jaisalmer_Desert,26.9157,70.9083
2023-11-21T08:00,17.1,59,991,Jaisalmer_Desert,26.9157,70.9083
2023-11-21T09:00,19.8,52,991.8,Jaisalmer_Desert,26.9157,70.9083
2023-11-21T10:00,22.4,46,992,Jaisalmer_Desert,26.9157,70.9083
2023-11-21T11:00,24.8,39,991.2,Jaisalmer_Desert,26.9157,70.9083
2023-11-21T12:00,26.4,32,990.5,Jaisalmer_Desert,26.9157,70.9083
2023-11-21T13:00,27.4,27,989.2,Jaisalmer_Desert,26.9157,70.9083
2023-11-21T14:00,27.9,24,988.5,Jaisalmer_Desert,26.9157,70.9083
2023-11-21T15:00,27.9,24,988,Jaisalmer_Desert,26.9157,70.9083
2023-11-21T16:00,27.5,25,987.9,Jaisalmer_Desert,26.9157,70.9083
2023-11-21T17:00,25.7,30,987.9,Jaisalmer_Desert,26.9157,70.9083
2023-11-21T18:00,23.2,38,988.4,Jaisalmer_Desert,26.9157,70.9083
2023-11-21T19:00,22,42,988.8,Jaisalmer_Desert,26.9157,70.9083
2023-11-21T20:00,20.9,47,988.9,Jaisalmer_Desert,26.9157,70.9083
2023-11-21T21:00,19.9,52,989.3,Jaisalmer_Desert,26.9157,70.9083
2023-11-21T22:00,19.1,55,989.2,Jaisalmer_Desert,26.9157,70.9083
2023-11-21T23:00,18.5,58,988.7,Jaisalmer_Desert,26.9157,70.9083
2023-11-22T00:00,17.8,60,987.8,Jaisalmer_Desert,26.9157,70.9083
2023-11-22T01:00,17.3,61,987.1,Jaisalmer_Desert,26.9157,70.9083
2023-11-22T02:00,16.8,62,986.6,Jaisalmer_Desert,26.9157,70.9083
2023-11-22T03:00,16.4,63,986.3,Jaisalmer_Desert,26.9157,70.9083
2023-11-22T04:00,15.9,64,986.3,Jaisalmer_Desert,26.9157,70.9083
2023-11-22T05:00,15.2,67,986.5,Jaisalmer_Desert,26.9157,70.9083
2023-11-22T06:00,14.6,69,987,Jaisalmer_Desert,26.9157,70.9083
2023-11-22T07:00,14.7,67,987.6,Jaisalmer_Desert,26.9157,70.9083
2023-11-22T08:00,16.5,60,988.5,Jaisalmer_Desert,26.9157,70.9083
2023-11-22T09:00,20.1,48,989.4,Jaisalmer_Desert,26.9157,70.9083
2023-11-22T10:00,23.4,39,989.4,Jaisalmer_Desert,26.9157,70.9083
2023-11-22T11:00,25.4,32,988.8,Jaisalmer_Desert,26.9157,70.9083
2023-11-22T12:00,26.6,27,988,Jaisalmer_Desert,26.9157,70.9083
2023-11-22T13:00,27.4,24,987,Jaisalmer_Desert,26.9157,70.9083
2023-11-22T14:00,27.9,21,986.2,Jaisalmer_Desert,26.9157,70.9083
2023-11-22T15:00,28,20,985.8,Jaisalmer_Desert,26.9157,70.9083
2023-11-22T16:00,27.7,20,985.5,Jaisalmer_Desert,26.9157,70.9083
2023-11-22T17:00,25.4,33,985.5,Jaisalmer_Desert,26.9157,70.9083
2023-11-22T18:00,23.8,35,985.6,Jaisalmer_Desert,26.9157,70.9083
2023-11-22T19:00,22.7,40,986.1,Jaisalmer_Desert,26.9157,70.9083
2023-11-22T20:00,21.8,41,986.2,Jaisalmer_Desert,26.9157,70.9083
2023-11-22T21:00,20.9,44,986.4,Jaisalmer_Desert,26.9157,70.9083
2023-11-22T22:00,20.5,47,986.1,Jaisalmer_Desert,26.9157,70.9083
2023-11-22T23:00,21.4,41,985.7,Jaisalmer_Desert,26.9157,70.9083
2023-11-23T00:00,19.1,50,984.9,Jaisalmer_Desert,26.9157,70.9083
2023-11-23T01:00,18.5,51,984.5,Jaisalmer_Desert,26.9157,70.9083
2023-11-23T02:00,18.6,47,984.1,Jaisalmer_Desert,26.9157,70.9083
2023-11-23T03:00,18,49,984,Jaisalmer_Desert,26.9157,70.9083
2023-11-23T04:00,16.7,54,983.8,Jaisalmer_Desert,26.9157,70.9083
2023-11-23T05:00,16.2,54,983.9,Jaisalmer_Desert,26.9157,70.9083
2023-11-23T06:00,16.1,56,984.4,Jaisalmer_Desert,26.9157,70.9083
2023-11-23T07:00,16.3,54,985,Jaisalmer_Desert,26.9157,70.9083
2023-11-23T08:00,18.5,45,985.6,Jaisalmer_Desert,26.9157,70.9083
2023-11-23T09:00,21.8,38,986.4,Jaisalmer_Desert,26.9157,70.9083
2023-11-23T10:00,25.1,32,986.6,Jaisalmer_Desert,26.9157,70.9083
2023-11-23T11:00,27.2,27,986.1,Jaisalmer_Desert,26.9157,70.9083
2023-11-23T12:00,28.5,25,985,Jaisalmer_Desert,26.9157,70.9083
2023-11-23T13:00,29.3,24,983.8,Jaisalmer_Desert,26.9157,70.9083
2023-11-23T14:00,29.7,23,983.1,Jaisalmer_Desert,26.9157,70.9083
2023-11-23T15:00,29.7,23,982.5,Jaisalmer_Desert,26.9157,70.9083
2023-11-23T16:00,29.5,23,982.5,Jaisalmer_Desert,26.9157,70.9083
2023-11-23T17:00,27,44,982.6,Jaisalmer_Desert,26.9157,70.9083
2023-11-23T18:00,25.5,43,983.1,Jaisalmer_Desert,26.9157,70.9083
2023-11-23T19:00,23.6,46,983.6,Jaisalmer_Desert,26.9157,70.9083
2023-11-23T20:00,22.4,48,984.2,Jaisalmer_Desert,26.9157,70.9083
2023-11-23T21:00,21.5,48,984.7,Jaisalmer_Desert,26.9157,70.9083
2023-11-23T22:00,20.8,50,985,Jaisalmer_Desert,26.9157,70.9083
2023-11-23T23:00,20,50,985,Jaisalmer_Desert,26.9157,70.9083
2023-11-24T00:00,19.3,51,984.7,Jaisalmer_Desert,26.9157,70.9083
2023-11-24T01:00,18.7,52,984.4,Jaisalmer_Desert,26.9157,70.9083
2023-11-24T02:00,17.7,60,984.2,Jaisalmer_Desert,26.9157,70.9083
2023-11-24T03:00,18,60,984.6,Jaisalmer_Desert,26.9157,70.9083
2023-11-24T04:00,19.3,51,984.9,Jaisalmer_Desert,26.9157,70.9083
2023-11-24T05:00,19,53,985.3,Jaisalmer_Desert,26.9157,70.9083
2023-11-24T06:00,15.5,70,985.6,Jaisalmer_Desert,26.9157,70.9083
2023-11-24T07:00,15.1,71,986.4,Jaisalmer_Desert,26.9157,70.9083
2023-11-24T08:00,17.6,59,987.6,Jaisalmer_Desert,26.9157,70.9083
2023-11-24T09:00,21.6,47,988.8,Jaisalmer_Desert,26.9157,70.9083
2023-11-24T10:00,24.9,38,989.5,Jaisalmer_Desert,26.9157,70.9083
2023-11-24T11:00,26.8,33,989.4,Jaisalmer_Desert,26.9157,70.9083
2023-11-24T12:00,28,30,988.2,Jaisalmer_Desert,26.9157,70.9083
2023-11-24T13:00,28.9,26,987.2,Jaisalmer_Desert,26.9157,70.9083
2023-11-24T14:00,29.4,24,986.6,Jaisalmer_Desert,26.9157,70.9083
2023-11-24T15:00,29.4,22,986.2,Jaisalmer_Desert,26.9157,70.9083
2023-11-24T16:00,29.1,21,986.3,Jaisalmer_Desert,26.9157,70.9083
2023-11-24T17:00,27.2,28,986.6,Jaisalmer_Desert,26.9157,70.9083
2023-11-24T18:00,24.6,38,987.1,Jaisalmer_Desert,26.9157,70.9083
2023-11-24T19:00,23.5,38,987.8,Jaisalmer_Desert,26.9157,70.9083
2023-11-24T20:00,22.6,38,988.2,Jaisalmer_Desert,26.9157,70.9083
2023-11-24T21:00,21.6,40,988.5,Jaisalmer_Desert,26.9157,70.9083
2023-11-24T22:00,20.7,40,988.6,Jaisalmer_Desert,26.9157,70.9083
2023-11-24T23:00,20.6,37,988.6,Jaisalmer_Desert,26.9157,70.9083
2023-11-25T00:00,20.5,39,988.3,Jaisalmer_Desert,26.9157,70.9083
2023-11-25T01:00,19.4,44,987.9,Jaisalmer_Desert,26.9157,70.9083
2023-11-25T02:00,18.4,47,987.6,Jaisalmer_Desert,26.9157,70.9083
2023-11-25T03:00,17.7,50,987.6,Jaisalmer_Desert,26.9157,70.9083
2023-11-25T04:00,17.2,51,987.7,Jaisalmer_Desert,26.9157,70.9083
2023-11-25T05:00,17,52,987.8,Jaisalmer_Desert,26.9157,70.9083
2023-11-25T06:00,16.3,56,988.4,Jaisalmer_Desert,26.9157,70.9083
2023-11-25T07:00,16.2,56,989,Jaisalmer_Desert,26.9157,70.9083
2023-11-25T08:00,17.3,53,989.6,Jaisalmer_Desert,26.9157,70.9083
2023-11-25T09:00,19.6,47,990.7,Jaisalmer_Desert,26.9157,70.9083
2023-11-25T10:00,21.8,43,991,Jaisalmer_Desert,26.9157,70.9083
2023-11-25T11:00,23.9,39,990.5,Jaisalmer_Desert,26.9157,70.9083
2023-11-25T12:00,25.8,34,989.2,Jaisalmer_Desert,26.9157,70.9083
2023-11-25T13:00,26.9,29,988.2,Jaisalmer_Desert,26.9157,70.9083
2023-11-25T14:00,27.2,25,987.3,Jaisalmer_Desert,26.9157,70.9083
2023-11-25T15:00,26.9,25,987,Jaisalmer_Desert,26.9157,70.9083
2023-11-25T16:00,26.9,24,987.1,Jaisalmer_Desert,26.9157,70.9083
2023-11-25T17:00,25.4,29,987.1,Jaisalmer_Desert,26.9157,70.9083
2023-11-25T18:00,23.8,34,987.3,Jaisalmer_Desert,26.9157,70.9083
2023-11-25T19:00,22.9,33,987.6,Jaisalmer_Desert,26.9157,70.9083
2023-11-25T20:00,22.4,35,988,Jaisalmer_Desert,26.9157,70.9083
2023-11-25T21:00,21.7,38,988.5,Jaisalmer_Desert,26.9157,70.9083
2023-11-25T22:00,21.3,38,988.5,Jaisalmer_Desert,26.9157,70.9083
2023-11-25T23:00,20.7,40,988.3,Jaisalmer_Desert,26.9157,70.9083
2023-11-26T00:00,20,42,988,Jaisalmer_Desert,26.9157,70.9083
2023-11-26T01:00,19.5,44,987.4,Jaisalmer_Desert,26.9157,70.9083
2023-11-26T02:00,19.2,44,986.8,Jaisalmer_Desert,26.9157,70.9083
2023-11-26T03:00,18.9,46,986.4,Jaisalmer_Desert,26.9157,70.9083
2023-11-26T04:00,18.7,47,986.4,Jaisalmer_Desert,26.9157,70.9083
2023-11-26T05:00,18.3,50,986.5,Jaisalmer_Desert,26.9157,70.9083
2023-11-26T06:00,17,58,987.5,Jaisalmer_Desert,26.9157,70.9083
2023-11-26T07:00,17.2,69,988.9,Jaisalmer_Desert,26.9157,70.9083
2023-11-26T08:00,18.3,68,988.4,Jaisalmer_Desert,26.9157,70.9083
2023-11-26T09:00,18.7,69,990.6,Jaisalmer_Desert,26.9157,70.9083
2023-11-26T10:00,18.8,70,989.9,Jaisalmer_Desert,26.9157,70.9083
2023-11-26T11:00,19.6,66,989.5,Jaisalmer_Desert,26.9157,70.9083
2023-11-26T12:00,19.5,69,989.3,Jaisalmer_Desert,26.9157,70.9083
2023-11-26T13:00,18.9,70,987.8,Jaisalmer_Desert,26.9157,70.9083
2023-11-26T14:00,19.4,66,986.9,Jaisalmer_Desert,26.9157,70.9083
2023-11-26T15:00,19.3,67,985.9,Jaisalmer_Desert,26.9157,70.9083
2023-11-26T16:00,19.1,70,985.8,Jaisalmer_Desert,26.9157,70.9083
2023-11-26T17:00,18.3,78,986,Jaisalmer_Desert,26.9157,70.9083
2023-11-26T18:00,18.3,79,986.4,Jaisalmer_Desert,26.9157,70.9083
2023-11-26T19:00,17.8,83,987.4,Jaisalmer_Desert,26.9157,70.9083
2023-11-26T20:00,17.5,85,987.6,Jaisalmer_Desert,26.9157,70.9083
2023-11-26T21:00,17,87,988,Jaisalmer_Desert,26.9157,70.9083
2023-11-26T22:00,16.5,92,988.5,Jaisalmer_Desert,26.9157,70.9083
2023-11-26T23:00,16.6,91,988.2,Jaisalmer_Desert,26.9157,70.9083
2023-11-27T00:00,16.7,92,987.4,Jaisalmer_Desert,26.9157,70.9083
2023-11-27T01:00,16.6,93,986.6,Jaisalmer_Desert,26.9157,70.9083
2023-11-27T02:00,16.1,94,985.9,Jaisalmer_Desert,26.9157,70.9083
2023-11-27T03:00,15.8,93,985.8,Jaisalmer_Desert,26.9157,70.9083
2023-11-27T04:00,15.9,93,985.7,Jaisalmer_Desert,26.9157,70.9083
2023-11-27T05:00,15.4,95,985.7,Jaisalmer_Desert,26.9157,70.9083
2023-11-27T06:00,15.8,92,986.5,Jaisalmer_Desert,26.9157,70.9083
2023-11-27T07:00,15.5,92,986.8,Jaisalmer_Desert,26.9157,70.9083
2023-11-27T08:00,16.5,87,987.6,Jaisalmer_Desert,26.9157,70.9083
2023-11-27T09:00,17.8,83,988.5,Jaisalmer_Desert,26.9157,70.9083
2023-11-27T10:00,19,77,989,Jaisalmer_Desert,26.9157,70.9083
2023-11-27T11:00,19.8,74,988.2,Jaisalmer_Desert,26.9157,70.9083
2023-11-27T12:00,20.6,70,987.6,Jaisalmer_Desert,26.9157,70.9083
2023-11-27T13:00,21.1,68,986.8,Jaisalmer_Desert,26.9157,70.9083
2023-11-27T14:00,21.4,65,985.7,Jaisalmer_Desert,26.9157,70.9083
2023-11-27T15:00,21.2,66,985.6,Jaisalmer_Desert,26.9157,70.9083
2023-11-27T16:00,20.4,69,985.5,Jaisalmer_Desert,26.9157,70.9083
2023-11-27T17:00,19.3,77,985.7,Jaisalmer_Desert,26.9157,70.9083
2023-11-27T18:00,18.2,80,986.1,Jaisalmer_Desert,26.9157,70.9083
2023-11-27T19:00,17.6,82,987.1,Jaisalmer_Desert,26.9157,70.9083
2023-11-27T20:00,17.2,83,987.6,Jaisalmer_Desert,26.9157,70.9083
2023-11-27T21:00,16.7,85,987.9,Jaisalmer_Desert,26.9157,70.9083
2023-11-27T22:00,16.1,88,988,Jaisalmer_Desert,26.9157,70.9083
2023-11-27T23:00,15.6,90,987.7,Jaisalmer_Desert,26.9157,70.9083
2023-11-28T00:00,14.9,93,987.1,Jaisalmer_Desert,26.9157,70.9083
2023-11-28T01:00,14.5,95,986.8,Jaisalmer_Desert,26.9157,70.9083
2023-11-28T02:00,14.3,97,986.7,Jaisalmer_Desert,26.9157,70.9083
2023-11-28T03:00,13.9,98,986.4,Jaisalmer_Desert,26.9157,70.9083
2023-11-28T04:00,13.7,99,986.5,Jaisalmer_Desert,26.9157,70.9083
2023-11-28T05:00,13.4,99,986.4,Jaisalmer_Desert,26.9157,70.9083
2023-11-28T06:00,13.5,96,987,Jaisalmer_Desert,26.9157,70.9083
2023-11-28T07:00,13.5,96,987.8,Jaisalmer_Desert,26.9157,70.9083
2023-11-28T08:00,14.5,94,988.5,Jaisalmer_Desert,26.9157,70.9083
2023-11-28T09:00,16.2,90,989.1,Jaisalmer_Desert,26.9157,70.9083
2023-11-28T10:00,18.2,79,989.4,Jaisalmer_Desert,26.9157,70.9083
2023-11-28T11:00,19.9,69,988.8,Jaisalmer_Desert,26.9157,70.9083
2023-11-28T12:00,20.9,66,987.9,Jaisalmer_Desert,26.9157,70.9083
2023-11-28T13:00,21.5,68,986.9,Jaisalmer_Desert,26.9157,70.9083
2023-11-28T14:00,21.9,66,986.3,Jaisalmer_Desert,26.9157,70.9083
2023-11-28T15:00,21.9,64,985.8,Jaisalmer_Desert,26.9157,70.9083
2023-11-28T16:00,21.5,64,985.6,Jaisalmer_Desert,26.9157,70.9083
2023-11-28T17:00,20.1,73,985.7,Jaisalmer_Desert,26.9157,70.9083
2023-11-28T18:00,19,80,986.3,Jaisalmer_Desert,26.9157,70.9083
2023-11-28T19:00,18.2,82,986.6,Jaisalmer_Desert,26.9157,70.9083
2023-11-28T20:00,17.5,83,987,Jaisalmer_Desert,26.9157,70.9083
2023-11-28T21:00,16.9,86,987.5,Jaisalmer_Desert,26.9157,70.9083
2023-11-28T22:00,16.5,87,987.6,Jaisalmer_Desert,26.9157,70.9083
2023-11-28T23:00,15.9,90,987.4,Jaisalmer_Desert,26.9157,70.9083
2023-11-29T00:00,15.5,92,986.9,Jaisalmer_Desert,26.9157,70.9083
2023-11-29T01:00,15.1,94,986.7,Jaisalmer_Desert,26.9157,70.9083
2023-11-29T02:00,14.8,95,986.5,Jaisalmer_Desert,26.9157,70.9083
2023-11-29T03:00,14.4,96,986.4,Jaisalmer_Desert,26.9157,70.9083
2023-11-29T04:00,14,98,986.3,Jaisalmer_Desert,26.9157,70.9083
2023-11-29T05:00,13.8,99,986.4,Jaisalmer_Desert,26.9157,70.9083
2023-11-29T06:00,13.8,99,987.1,Jaisalmer_Desert,26.9157,70.9083
2023-11-29T07:00,13.4,100,987.9,Jaisalmer_Desert,26.9157,70.9083
2023-11-29T08:00,14.9,99,988.6,Jaisalmer_Desert,26.9157,70.9083
2023-11-29T09:00,16.9,93,989.4,Jaisalmer_Desert,26.9157,70.9083
2023-11-29T10:00,19,82,990,Jaisalmer_Desert,26.9157,70.9083
2023-11-29T11:00,20.4,74,989.3,Jaisalmer_Desert,26.9157,70.9083
2023-11-29T12:00,21.3,68,988.5,Jaisalmer_Desert,26.9157,70.9083
2023-11-29T13:00,22,63,987.2,Jaisalmer_Desert,26.9157,70.9083
2023-11-29T14:00,22.5,59,986.5,Jaisalmer_Desert,26.9157,70.9083
2023-11-29T15:00,22.8,55,986.4,Jaisalmer_Desert,26.9157,70.9083
2023-11-29T16:00,22.6,56,986.4,Jaisalmer_Desert,26.9157,70.9083
2023-11-29T17:00,20.6,74,986.6,Jaisalmer_Desert,26.9157,70.9083
2023-11-29T18:00,19.2,78,986.8,Jaisalmer_Desert,26.9157,70.9083
2023-11-29T19:00,18.3,81,987.3,Jaisalmer_Desert,26.9157,70.9083
2023-11-29T20:00,17.6,84,987.7,Jaisalmer_Desert,26.9157,70.9083
2023-11-29T21:00,16.9,86,988,Jaisalmer_Desert,26.9157,70.9083
2023-11-29T22:00,16.5,87,987.9,Jaisalmer_Desert,26.9157,70.9083
2023-11-29T23:00,16.2,87,987.6,Jaisalmer_Desert,26.9157,70.9083
2023-11-30T00:00,15.9,87,987.3,Jaisalmer_Desert,26.9157,70.9083
2023-11-30T01:00,15.6,88,987,Jaisalmer_Desert,26.9157,70.9083
2023-11-30T02:00,15.1,89,987,Jaisalmer_Desert,26.9157,70.9083
2023-11-30T03:00,15.1,88,986.9,Jaisalmer_Desert,26.9157,70.9083
2023-11-30T04:00,16.5,81,987,Jaisalmer_Desert,26.9157,70.9083
2023-11-30T05:00,16.8,80,987.4,Jaisalmer_Desert,26.9157,70.9083
2023-11-30T06:00,17.5,77,987.8,Jaisalmer_Desert,26.9157,70.9083
2023-11-30T07:00,17.5,77,988.4,Jaisalmer_Desert,26.9157,70.9083
2023-11-30T08:00,17.3,82,989,Jaisalmer_Desert,26.9157,70.9083
2023-11-30T09:00,18.9,78,989.6,Jaisalmer_Desert,26.9157,70.9083
2023-11-30T10:00,20.9,70,990,Jaisalmer_Desert,26.9157,70.9083
2023-11-30T11:00,22.1,64,989.6,Jaisalmer_Desert,26.9157,70.9083
2023-11-30T12:00,23,59,988.7,Jaisalmer_Desert,26.9157,70.9083
2023-11-30T13:00,23.6,55,987.8,Jaisalmer_Desert,26.9157,70.9083
2023-11-30T14:00,23.8,52,987.1,Jaisalmer_Desert,26.9157,70.9083
2023-11-30T15:00,23.6,52,986.9,Jaisalmer_Desert,26.9157,70.9083
2023-11-30T16:00,23,57,987.1,Jaisalmer_Desert,26.9157,70.9083
2023-11-30T17:00,21.3,67,987.5,Jaisalmer_Desert,26.9157,70.9083
2023-11-30T18:00,20.4,71,987.8,Jaisalmer_Desert,26.9157,70.9083
2023-11-30T19:00,19.7,72,988.4,Jaisalmer_Desert,26.9157,70.9083
2023-11-30T20:00,18.9,75,988.8,Jaisalmer_Desert,26.9157,70.9083
2023-11-30T21:00,17.9,80,989.4,Jaisalmer_Desert,26.9157,70.9083
2023-11-30T22:00,17.4,83,989.5,Jaisalmer_Desert,26.9157,70.9083
2023-11-30T23:00,16.9,86,989.3,Jaisalmer_Desert,26.9157,70.9083
2023-12-01T00:00,16.3,89,989,Jaisalmer_Desert,26.9157,70.9083
2023-12-01T01:00,15.9,90,988.6,Jaisalmer_Desert,26.9157,70.9083
2023-12-01T02:00,15.8,90,988.7,Jaisalmer_Desert,26.9157,70.9083
2023-12-01T03:00,15.4,91,988.7,Jaisalmer_Desert,26.9157,70.9083
2023-12-01T04:00,14.9,92,988.5,Jaisalmer_Desert,26.9157,70.9083
2023-12-01T05:00,14.7,92,988.7,Jaisalmer_Desert,26.9157,70.9083
2023-12-01T06:00,15,91,989.1,Jaisalmer_Desert,26.9157,70.9083
2023-12-01T07:00,14.8,91,989.7,Jaisalmer_Desert,26.9157,70.9083
2023-12-01T08:00,16.1,87,990.4,Jaisalmer_Desert,26.9157,70.9083
2023-12-01T09:00,18.2,81,991.2,Jaisalmer_Desert,26.9157,70.9083
2023-12-01T10:00,20.1,74,991.8,Jaisalmer_Desert,26.9157,70.9083
2023-12-01T11:00,21.7,67,991.3,Jaisalmer_Desert,26.9157,70.9083
2023-12-01T12:00,23.2,58,990.2,Jaisalmer_Desert,26.9157,70.9083
2023-12-01T13:00,24.4,44,989,Jaisalmer_Desert,26.9157,70.9083
2023-12-01T14:00,24.8,39,988.4,Jaisalmer_Desert,26.9157,70.9083
2023-12-01T15:00,24.6,39,988,Jaisalmer_Desert,26.9157,70.9083
2023-12-01T16:00,23.7,44,987.8,Jaisalmer_Desert,26.9157,70.9083
2023-12-01T17:00,21.7,51,988.2,Jaisalmer_Desert,26.9157,70.9083
2023-12-01T18:00,19.8,59,988.6,Jaisalmer_Desert,26.9157,70.9083
2023-12-01T19:00,18.9,63,989.2,Jaisalmer_Desert,26.9157,70.9083
2023-12-01T20:00,18.3,68,989.7,Jaisalmer_Desert,26.9157,70.9083
2023-12-01T21:00,17.7,72,990.2,Jaisalmer_Desert,26.9157,70.9083
2023-12-01T22:00,17,77,990.2,Jaisalmer_Desert,26.9157,70.9083
2023-12-01T23:00,16.4,81,989.9,Jaisalmer_Desert,26.9157,70.9083
2023-12-02T00:00,15.9,83,989.5,Jaisalmer_Desert,26.9157,70.9083
2023-12-02T01:00,15.4,84,989.1,Jaisalmer_Desert,26.9157,70.9083
2023-12-02T02:00,15,84,988.8,Jaisalmer_Desert,26.9157,70.9083
2023-12-02T03:00,14.6,85,988.6,Jaisalmer_Desert,26.9157,70.9083
2023-12-02T04:00,14.2,84,988.7,Jaisalmer_Desert,26.9157,70.9083
2023-12-02T05:00,13.9,83,988.9,Jaisalmer_Desert,26.9157,70.9083
2023-12-02T06:00,14,85,990,Jaisalmer_Desert,26.9157,70.9083
2023-12-02T07:00,13.6,86,990.4,Jaisalmer_Desert,26.9157,70.9083
2023-12-02T08:00,14.8,82,990.8,Jaisalmer_Desert,26.9157,70.9083
2023-12-02T09:00,16.9,77,991.5,Jaisalmer_Desert,26.9157,70.9083
2023-12-02T10:00,19,68,991.9,Jaisalmer_Desert,26.9157,70.9083
2023-12-02T11:00,20.9,62,991.3,Jaisalmer_Desert,26.9157,70.9083
2023-12-02T12:00,22.3,55,990.4,Jaisalmer_Desert,26.9157,70.9083
2023-12-02T13:00,23.5,47,989.2,Jaisalmer_Desert,26.9157,70.9083
2023-12-02T14:00,24.2,42,988.6,Jaisalmer_Desert,26.9157,70.9083
2023-12-02T15:00,24.3,40,987.9,Jaisalmer_Desert,26.9157,70.9083
2023-12-02T16:00,23.6,44,987.8,Jaisalmer_Desert,26.9157,70.9083
2023-12-02T17:00,21.4,54,987.9,Jaisalmer_Desert,26.9157,70.9083
2023-12-02T18:00,19.6,62,988.6,Jaisalmer_Desert,26.9157,70.9083
2023-12-02T19:00,18.7,66,989.3,Jaisalmer_Desert,26.9157,70.9083
2023-12-02T20:00,18,69,989.7,Jaisalmer_Desert,26.9157,70.9083
2023-12-02T21:00,17.4,72,989.9,Jaisalmer_Desert,26.9157,70.9083
2023-12-02T22:00,16.7,77,990,Jaisalmer_Desert,26.9157,70.9083
2023-12-02T23:00,16.1,81,989.8,Jaisalmer_Desert,26.9157,70.9083
2023-12-03T00:00,15.5,84,989.7,Jaisalmer_Desert,26.9157,70.9083
2023-12-03T01:00,15,86,989.3,Jaisalmer_Desert,26.9157,70.9083
2023-12-03T02:00,14.6,88,989.1,Jaisalmer_Desert,26.9157,70.9083
2023-12-03T03:00,14.3,88,988.9,Jaisalmer_Desert,26.9157,70.9083
2023-12-03T04:00,14,88,988.8,Jaisalmer_Desert,26.9157,70.9083
2023-12-03T05:00,13.6,88,988.8,Jaisalmer_Desert,26.9157,70.9083
2023-12-03T06:00,13.5,89,989.7,Jaisalmer_Desert,26.9157,70.9083
2023-12-03T07:00,13.3,88,990.2,Jaisalmer_Desert,26.9157,70.9083
2023-12-03T08:00,14.6,82,991,Jaisalmer_Desert,26.9157,70.9083
2023-12-03T09:00,16.8,76,991.8,Jaisalmer_Desert,26.9157,70.9083
2023-12-03T10:00,18.9,68,992.1,Jaisalmer_Desert,26.9157,70.9083
2023-12-03T11:00,21,59,991.7,Jaisalmer_Desert,26.9157,70.9083
2023-12-03T12:00,22.7,49,990.6,Jaisalmer_Desert,26.9157,70.9083
2023-12-03T13:00,23.8,40,989.5,Jaisalmer_Desert,26.9157,70.9083
2023-12-03T14:00,24.4,33,988.5,Jaisalmer_Desert,26.9157,70.9083
2023-12-03T15:00,24.4,31,988,Jaisalmer_Desert,26.9157,70.9083
2023-12-03T16:00,23.5,38,987.8,Jaisalmer_Desert,26.9157,70.9083
2023-12-03T17:00,20.9,52,987.7,Jaisalmer_Desert,26.9157,70.9083
2023-12-03T18:00,19.4,61,988.7,Jaisalmer_Desert,26.9157,70.9083
2023-12-03T19:00,18.5,64,989.1,Jaisalmer_Desert,26.9157,70.9083
2023-12-03T20:00,17.7,66,989.6,Jaisalmer_Desert,26.9157,70.9083
2023-12-03T21:00,17,67,989.9,Jaisalmer_Desert,26.9157,70.9083
2023-12-03T22:00,16.2,68,989.8,Jaisalmer_Desert,26.9157,70.9083
2023-12-03T23:00,15.5,70,989.7,Jaisalmer_Desert,26.9157,70.9083
2023-12-04T00:00,14.8,73,989.1,Jaisalmer_Desert,26.9157,70.9083
2023-12-04T01:00,14.4,75,988.6,Jaisalmer_Desert,26.9157,70.9083
2023-12-04T02:00,13.8,78,988.1,Jaisalmer_Desert,26.9157,70.9083
2023-12-04T03:00,13.3,80,987.8,Jaisalmer_Desert,26.9157,70.9083
2023-12-04T04:00,12.7,82,987.5,Jaisalmer_Desert,26.9157,70.9083
2023-12-04T05:00,12.5,82,987.6,Jaisalmer_Desert,26.9157,70.9083
2023-12-04T06:00,11.9,85,988.5,Jaisalmer_Desert,26.9157,70.9083
2023-12-04T07:00,12,84,988.9,Jaisalmer_Desert,26.9157,70.9083
2023-12-04T08:00,14.3,78,989.7,Jaisalmer_Desert,26.9157,70.9083
2023-12-04T09:00,16.9,69,991,Jaisalmer_Desert,26.9157,70.9083
2023-12-04T10:00,19.2,62,991.2,Jaisalmer_Desert,26.9157,70.9083
2023-12-04T11:00,21.1,53,990.7,Jaisalmer_Desert,26.9157,70.9083
2023-12-04T12:00,22.6,43,989.8,Jaisalmer_Desert,26.9157,70.9083
2023-12-04T13:00,23.5,36,988.9,Jaisalmer_Desert,26.9157,70.9083
2023-12-04T14:00,24,35,988.1,Jaisalmer_Desert,26.9157,70.9083
2023-12-04T15:00,24,35,987.6,Jaisalmer_Desert,26.9157,70.9083
2023-12-04T16:00,23.4,38,987.6,Jaisalmer_Desert,26.9157,70.9083
2023-12-04T17:00,21.1,50,987.8,Jaisalmer_Desert,26.9157,70.9083
2023-12-04T18:00,19.3,60,988.5,Jaisalmer_Desert,26.9157,70.9083
2023-12-04T19:00,18.1,65,988.8,Jaisalmer_Desert,26.9157,70.9083
2023-12-04T20:00,17.3,66,989.2,Jaisalmer_Desert,26.9157,70.9083
2023-12-04T21:00,16.5,68,989.5,Jaisalmer_Desert,26.9157,70.9083
2023-12-04T22:00,15.5,70,989.5,Jaisalmer_Desert,26.9157,70.9083
2023-12-04T23:00,15,67,989.1,Jaisalmer_Desert,26.9157,70.9083
2023-12-05T00:00,14.3,68,988.5,Jaisalmer_Desert,26.9157,70.9083
2023-12-05T01:00,13.7,72,988,Jaisalmer_Desert,26.9157,70.9083
2023-12-05T02:00,13.5,71,987.9,Jaisalmer_Desert,26.9157,70.9083
2023-12-05T03:00,13.3,72,987.6,Jaisalmer_Desert,26.9157,70.9083
2023-12-05T04:00,13.3,71,987.3,Jaisalmer_Desert,26.9157,70.9083
2023-12-05T05:00,13.3,70,987.3,Jaisalmer_Desert,26.9157,70.9083
2023-12-05T06:00,12.5,78,987.7,Jaisalmer_Desert,26.9157,70.9083
2023-12-05T07:00,12.4,79,988.5,Jaisalmer_Desert,26.9157,70.9083
2023-12-05T08:00,13.7,76,989.3,Jaisalmer_Desert,26.9157,70.9083
2023-12-05T09:00,16.3,66,990.1,Jaisalmer_Desert,26.9157,70.9083
2023-12-05T10:00,18.7,58,990.5,Jaisalmer_Desert,26.9157,70.9083
2023-12-05T11:00,20.7,50,990,Jaisalmer_Desert,26.9157,70.9083
2023-12-05T12:00,22,42,989,Jaisalmer_Desert,26.9157,70.9083
2023-12-05T13:00,22.8,36,988.1,Jaisalmer_Desert,26.9157,70.9083
2023-12-05T14:00,23.3,33,987.4,Jaisalmer_Desert,26.9157,70.9083
2023-12-05T15:00,23.5,31,987.1,Jaisalmer_Desert,26.9157,70.9083
2023-12-05T16:00,23.1,32,987.1,Jaisalmer_Desert,26.9157,70.9083
2023-12-05T17:00,20.8,43,987.3,Jaisalmer_Desert,26.9157,70.9083
2023-12-05T18:00,19.1,51,987.8,Jaisalmer_Desert,26.9157,70.9083
2023-12-05T19:00,18,54,988.2,Jaisalmer_Desert,26.9157,70.9083
2023-12-05T20:00,17,58,988.5,Jaisalmer_Desert,26.9157,70.9083
2023-12-05T21:00,16.4,60,989,Jaisalmer_Desert,26.9157,70.9083
2023-12-05T22:00,15.9,61,989.2,Jaisalmer_Desert,26.9157,70.9083
2023-12-05T23:00,15.2,64,989.1,Jaisalmer_Desert,26.9157,70.9083
2023-12-06T00:00,14.8,66,988.6,Jaisalmer_Desert,26.9157,70.9083
2023-12-06T01:00,14.1,69,988.2,Jaisalmer_Desert,26.9157,70.9083
2023-12-06T02:00,13.5,72,988,Jaisalmer_Desert,26.9157,70.9083
2023-12-06T03:00,13.3,72,987.6,Jaisalmer_Desert,26.9157,70.9083
2023-12-06T04:00,13.1,72,987.5,Jaisalmer_Desert,26.9157,70.9083
2023-12-06T05:00,12.6,75,987.7,Jaisalmer_Desert,26.9157,70.9083
2023-12-06T06:00,12.4,77,988.1,Jaisalmer_Desert,26.9157,70.9083
2023-12-06T07:00,12.1,79,988.8,Jaisalmer_Desert,26.9157,70.9083
2023-12-06T08:00,13.7,73,989.6,Jaisalmer_Desert,26.9157,70.9083
2023-12-06T09:00,16.4,64,990.8,Jaisalmer_Desert,26.9157,70.9083
2023-12-06T10:00,18.9,56,991.2,Jaisalmer_Desert,26.9157,70.9083
2023-12-06T11:00,20.9,45,990.5,Jaisalmer_Desert,26.9157,70.9083
2023-12-06T12:00,22.2,37,989.5,Jaisalmer_Desert,26.9157,70.9083
2023-12-06T13:00,23.1,32,988.4,Jaisalmer_Desert,26.9157,70.9083
2023-12-06T14:00,23.7,30,987.6,Jaisalmer_Desert,26.9157,70.9083
2023-12-06T15:00,24,29,987.3,Jaisalmer_Desert,26.9157,70.9083
2023-12-06T16:00,23.5,31,987.5,Jaisalmer_Desert,26.9157,70.9083
2023-12-06T17:00,21.4,38,987.7,Jaisalmer_Desert,26.9157,70.9083
2023-12-06T18:00,19.8,43,988.1,Jaisalmer_Desert,26.9157,70.9083
2023-12-06T19:00,18.7,49,989,Jaisalmer_Desert,26.9157,70.9083
2023-12-06T20:00,18,53,989.3,Jaisalmer_Desert,26.9157,70.9083
2023-12-06T21:00,17.5,56,989.8,Jaisalmer_Desert,26.9157,70.9083
2023-12-06T22:00,16.8,60,989.7,Jaisalmer_Desert,26.9157,70.9083
2023-12-06T23:00,16.1,64,989.5,Jaisalmer_Desert,26.9157,70.9083
2023-12-07T00:00,15.4,69,989,Jaisalmer_Desert,26.9157,70.9083
2023-12-07T01:00,14.6,72,988.5,Jaisalmer_Desert,26.9157,70.9083
2023-12-07T02:00,14,75,988.3,Jaisalmer_Desert,26.9157,70.9083
2023-12-07T03:00,13.6,77,988,Jaisalmer_Desert,26.9157,70.9083
2023-12-07T04:00,13.2,79,988.2,Jaisalmer_Desert,26.9157,70.9083
2023-12-07T05:00,12.7,81,988.2,Jaisalmer_Desert,26.9157,70.9083
2023-12-07T06:00,12.5,82,988.9,Jaisalmer_Desert,26.9157,70.9083
2023-12-07T07:00,11.9,83,989.4,Jaisalmer_Desert,26.9157,70.9083
2023-12-07T08:00,13.5,76,990.1,Jaisalmer_Desert,26.9157,70.9083
2023-12-07T09:00,15.9,67,991.2,Jaisalmer_Desert,26.9157,70.9083
2023-12-07T10:00,18.2,59,991.2,Jaisalmer_Desert,26.9157,70.9083
2023-12-07T11:00,20.3,52,990.7,Jaisalmer_Desert,26.9157,70.9083
2023-12-07T12:00,22,46,989.8,Jaisalmer_Desert,26.9157,70.9083
2023-12-07T13:00,22.9,40,988.5,Jaisalmer_Desert,26.9157,70.9083
2023-12-07T14:00,23.4,37,987.6,Jaisalmer_Desert,26.9157,70.9083
2023-12-07T15:00,23.7,34,987.2,Jaisalmer_Desert,26.9157,70.9083
2023-12-07T16:00,23.2,36,987.2,Jaisalmer_Desert,26.9157,70.9083
2023-12-07T17:00,21.3,46,987.2,Jaisalmer_Desert,26.9157,70.9083
2023-12-07T18:00,19.5,54,987.6,Jaisalmer_Desert,26.9157,70.9083
2023-12-07T19:00,18.3,60,988.1,Jaisalmer_Desert,26.9157,70.9083
2023-12-07T20:00,17.4,64,988.3,Jaisalmer_Desert,26.9157,70.9083
2023-12-07T21:00,16.6,65,988.6,Jaisalmer_Desert,26.9157,70.9083
2023-12-07T22:00,15.8,67,988.4,Jaisalmer_Desert,26.9157,70.9083
2023-12-07T23:00,14.9,70,988.1,Jaisalmer_Desert,26.9157,70.9083
2023-12-08T00:00,14.3,70,987.6,Jaisalmer_Desert,26.9157,70.9083
2023-12-08T01:00,13.9,69,987.5,Jaisalmer_Desert,26.9157,70.9083
2023-12-08T02:00,13.2,71,987.4,Jaisalmer_Desert,26.9157,70.9083
2023-12-08T03:00,12.9,73,987.1,Jaisalmer_Desert,26.9157,70.9083
2023-12-08T04:00,12.5,74,986.9,Jaisalmer_Desert,26.9157,70.9083
2023-12-08T05:00,11.9,78,986.9,Jaisalmer_Desert,26.9157,70.9083
2023-12-08T06:00,11.7,80,987.3,Jaisalmer_Desert,26.9157,70.9083
2023-12-08T07:00,11.4,80,988.2,Jaisalmer_Desert,26.9157,70.9083
2023-12-08T08:00,14.1,71,989.1,Jaisalmer_Desert,26.9157,70.9083
2023-12-08T09:00,16.9,63,989.8,Jaisalmer_Desert,26.9157,70.9083
2023-12-08T10:00,19.8,52,989.9,Jaisalmer_Desert,26.9157,70.9083
2023-12-08T11:00,21.9,43,989.4,Jaisalmer_Desert,26.9157,70.9083
2023-12-08T12:00,23.2,34,988.4,Jaisalmer_Desert,26.9157,70.9083
2023-12-08T13:00,24,29,987.4,Jaisalmer_Desert,26.9157,70.9083
2023-12-08T14:00,24.5,26,986.6,Jaisalmer_Desert,26.9157,70.9083
2023-12-08T15:00,24.7,25,986.2,Jaisalmer_Desert,26.9157,70.9083
2023-12-08T16:00,24.3,27,986.2,Jaisalmer_Desert,26.9157,70.9083
2023-12-08T17:00,21.7,42,986.5,Jaisalmer_Desert,26.9157,70.9083
2023-12-08T18:00,20.3,44,986.5,Jaisalmer_Desert,26.9157,70.9083
2023-12-08T19:00,18.8,51,987,Jaisalmer_Desert,26.9157,70.9083
2023-12-08T20:00,17.5,60,987.2,Jaisalmer_Desert,26.9157,70.9083
2023-12-08T21:00,18.9,49,987.7,Jaisalmer_Desert,26.9157,70.9083
2023-12-08T22:00,19.6,44,988,Jaisalmer_Desert,26.9157,70.9083
2023-12-08T23:00,19,45,988.1,Jaisalmer_Desert,26.9157,70.9083
2023-12-09T00:00,15.9,58,987.7,Jaisalmer_Desert,26.9157,70.9083
2023-12-09T01:00,14.4,64,987.3,Jaisalmer_Desert,26.9157,70.9083
2023-12-09T02:00,13.6,66,987.3,Jaisalmer_Desert,26.9157,70.9083
2023-12-09T03:00,13.2,66,987.3,Jaisalmer_Desert,26.9157,70.9083
2023-12-09T04:00,12.6,68,987.4,Jaisalmer_Desert,26.9157,70.9083
2023-12-09T05:00,14,60,988,Jaisalmer_Desert,26.9157,70.9083
2023-12-09T06:00,12.3,70,988.2,Jaisalmer_Desert,26.9157,70.9083
2023-12-09T07:00,12.6,68,988.9,Jaisalmer_Desert,26.9157,70.9083
2023-12-09T08:00,15.1,59,989.6,Jaisalmer_Desert,26.9157,70.9083
2023-12-09T09:00,17.8,53,990.8,Jaisalmer_Desert,26.9157,70.9083
2023-12-09T10:00,21.5,42,991.4,Jaisalmer_Desert,26.9157,70.9083
2023-12-09T11:00,23.3,34,990.8,Jaisalmer_Desert,26.9157,70.9083
2023-12-09T12:00,24.3,29,989.8,Jaisalmer_Desert,26.9157,70.9083
2023-12-09T13:00,24.9,28,988.9,Jaisalmer_Desert,26.9157,70.9083
2023-12-09T14:00,25.1,27,988.2,Jaisalmer_Desert,26.9157,70.9083
2023-12-09T15:00,25,28,987.9,Jaisalmer_Desert,26.9157,70.9083
2023-12-09T16:00,24.4,31,987.7,Jaisalmer_Desert,26.9157,70.9083
2023-12-09T17:00,22,45,987.4,Jaisalmer_Desert,26.9157,70.9083
2023-12-09T18:00,20.1,51,987.8,Jaisalmer_Desert,26.9157,70.9083
2023-12-09T19:00,18.8,58,988.2,Jaisalmer_Desert,26.9157,70.9083
2023-12-09T20:00,17.5,64,988.3,Jaisalmer_Desert,26.9157,70.9083
2023-12-09T21:00,16.3,70,988.4,Jaisalmer_Desert,26.9157,70.9083
2023-12-09T22:00,15.7,72,988.5,Jaisalmer_Desert,26.9157,70.9083
2023-12-09T23:00,16.3,66,988.5,Jaisalmer_Desert,26.9157,70.9083
2023-12-10T00:00,14.9,72,987.9,Jaisalmer_Desert,26.9157,70.9083
2023-12-10T01:00,14,76,987.3,Jaisalmer_Desert,26.9157,70.9083
2023-12-10T02:00,13.4,78,987,Jaisalmer_Desert,26.9157,70.9083
2023-12-10T03:00,13,80,986.9,Jaisalmer_Desert,26.9157,70.9083
2023-12-10T04:00,12.9,80,986.6,Jaisalmer_Desert,26.9157,70.9083
2023-12-10T05:00,12.5,82,986.5,Jaisalmer_Desert,26.9157,70.9083
2023-12-10T06:00,11.7,85,987.1,Jaisalmer_Desert,26.9157,70.9083
2023-12-10T07:00,11.2,86,987.4,Jaisalmer_Desert,26.9157,70.9083
2023-12-10T08:00,12.8,83,988.1,Jaisalmer_Desert,26.9157,70.9083
2023-12-10T09:00,15.7,72,989.1,Jaisalmer_Desert,26.9157,70.9083
2023-12-10T10:00,18.7,61,989.8,Jaisalmer_Desert,26.9157,70.9083
2023-12-10T11:00,20.6,52,989.4,Jaisalmer_Desert,26.9157,70.9083
2023-12-10T12:00,21.9,44,988.7,Jaisalmer_Desert,26.9157,70.9083
2023-12-10T13:00,22.8,39,987.7,Jaisalmer_Desert,26.9157,70.9083
2023-12-10T14:00,23.4,36,986.8,Jaisalmer_Desert,26.9157,70.9083
2023-12-10T15:00,23.6,34,986.3,Jaisalmer_Desert,26.9157,70.9083
2023-12-10T16:00,23.1,35,986.3,Jaisalmer_Desert,26.9157,70.9083
2023-12-10T17:00,21,48,986.2,Jaisalmer_Desert,26.9157,70.9083
2023-12-10T18:00,19.3,55,986.4,Jaisalmer_Desert,26.9157,70.9083
2023-12-10T19:00,17.7,66,987,Jaisalmer_Desert,26.9157,70.9083
2023-12-10T20:00,17.4,66,987.2,Jaisalmer_Desert,26.9157,70.9083
2023-12-10T21:00,18.7,57,987.6,Jaisalmer_Desert,26.9157,70.9083
2023-12-10T22:00,18.4,57,987.7,Jaisalmer_Desert,26.9157,70.9083
2023-12-10T23:00,18.1,58,987.5,Jaisalmer_Desert,26.9157,70.9083
2023-12-11T00:00,16.5,64,986.7,Jaisalmer_Desert,26.9157,70.9083
2023-12-11T01:00,14.2,73,985.7,Jaisalmer_Desert,26.9157,70.9083
2023-12-11T02:00,13.3,76,985.4,Jaisalmer_Desert,26.9157,70.9083
2023-12-11T03:00,12.9,77,985.1,Jaisalmer_Desert,26.9157,70.9083
2023-12-11T04:00,12.5,77,984.9,Jaisalmer_Desert,26.9157,70.9083
2023-12-11T05:00,12.1,78,985,Jaisalmer_Desert,26.9157,70.9083
2023-12-11T06:00,11.8,80,985.9,Jaisalmer_Desert,26.9157,70.9083
2023-12-11T07:00,11.3,81,986.4,Jaisalmer_Desert,26.9157,70.9083
2023-12-11T08:00,12.6,75,987.1,Jaisalmer_Desert,26.9157,70.9083
2023-12-11T09:00,16.7,57,988.2,Jaisalmer_Desert,26.9157,70.9083
2023-12-11T10:00,20.4,43,988.8,Jaisalmer_Desert,26.9157,70.9083
2023-12-11T11:00,22.9,30,988.2,Jaisalmer_Desert,26.9157,70.9083
2023-12-11T12:00,24.3,25,987.4,Jaisalmer_Desert,26.9157,70.9083
2023-12-11T13:00,25.1,22,986.4,Jaisalmer_Desert,26.9157,70.9083
2023-12-11T14:00,25.5,20,985.6,Jaisalmer_Desert,26.9157,70.9083
2023-12-11T15:00,25.5,20,985.3,Jaisalmer_Desert,26.9157,70.9083
2023-12-11T16:00,25.1,21,985.3,Jaisalmer_Desert,26.9157,70.9083
2023-12-11T17:00,21.9,47,985.1,Jaisalmer_Desert,26.9157,70.9083
2023-12-11T18:00,22.6,34,985.7,Jaisalmer_Desert,26.9157,70.9083
2023-12-11T19:00,21.9,34,986.2,Jaisalmer_Desert,26.9157,70.9083
2023-12-11T20:00,19.6,45,986.3,Jaisalmer_Desert,26.9157,70.9083
2023-12-11T21:00,17,55,986.2,Jaisalmer_Desert,26.9157,70.9083
2023-12-11T22:00,16.1,54,986.3,Jaisalmer_Desert,26.9157,70.9083
2023-12-11T23:00,15.1,57,986,Jaisalmer_Desert,26.9157,70.9083
2023-12-12T00:00,14.9,52,985.4,Jaisalmer_Desert,26.9157,70.9083
2023-12-12T01:00,14.1,52,985.1,Jaisalmer_Desert,26.9157,70.9083
2023-12-12T02:00,13.6,51,984.5,Jaisalmer_Desert,26.9157,70.9083
2023-12-12T03:00,13.5,50,984.2,Jaisalmer_Desert,26.9157,70.9083
2023-12-12T04:00,13.7,50,984,Jaisalmer_Desert,26.9157,70.9083
2023-12-12T05:00,14.2,48,984,Jaisalmer_Desert,26.9157,70.9083
2023-12-12T06:00,12.6,57,984.4,Jaisalmer_Desert,26.9157,70.9083
2023-12-12T07:00,12.9,56,985,Jaisalmer_Desert,26.9157,70.9083
2023-12-12T08:00,15.1,50,985.9,Jaisalmer_Desert,26.9157,70.9083
2023-12-12T09:00,18.2,44,986.9,Jaisalmer_Desert,26.9157,70.9083
2023-12-12T10:00,21.6,36,987.6,Jaisalmer_Desert,26.9157,70.9083
2023-12-12T11:00,23.1,38,987.1,Jaisalmer_Desert,26.9157,70.9083
2023-12-12T12:00,24.1,39,986.3,Jaisalmer_Desert,26.9157,70.9083
2023-12-12T13:00,24.9,35,985.4,Jaisalmer_Desert,26.9157,70.9083
2023-12-12T14:00,25.3,30,984.8,Jaisalmer_Desert,26.9157,70.9083
2023-12-12T15:00,25.2,28,984.5,Jaisalmer_Desert,26.9157,70.9083
2023-12-12T16:00,24.4,31,984.6,Jaisalmer_Desert,26.9157,70.9083
2023-12-12T17:00,22.3,40,984.7,Jaisalmer_Desert,26.9157,70.9083
2023-12-12T18:00,20.3,53,985,Jaisalmer_Desert,26.9157,70.9083
2023-12-12T19:00,18.9,60,985.6,Jaisalmer_Desert,26.9157,70.9083
2023-12-12T20:00,17.6,66,985.9,Jaisalmer_Desert,26.9157,70.9083
2023-12-12T21:00,16.5,70,986.4,Jaisalmer_Desert,26.9157,70.9083
2023-12-12T22:00,15.8,71,986.8,Jaisalmer_Desert,26.9157,70.9083
2023-12-12T23:00,15.4,70,986.5,Jaisalmer_Desert,26.9157,70.9083
2023-12-13T00:00,14.4,74,986.3,Jaisalmer_Desert,26.9157,70.9083
2023-12-13T01:00,13.5,79,986.1,Jaisalmer_Desert,26.9157,70.9083
2023-12-13T02:00,13.2,80,986,Jaisalmer_Desert,26.9157,70.9083
2023-12-13T03:00,12.8,80,986,Jaisalmer_Desert,26.9157,70.9083
2023-12-13T04:00,11.8,84,985.9,Jaisalmer_Desert,26.9157,70.9083
2023-12-13T05:00,11.4,85,986,Jaisalmer_Desert,26.9157,70.9083
2023-12-13T06:00,10.8,87,986.9,Jaisalmer_Desert,26.9157,70.9083
2023-12-13T07:00,10.5,87,987.6,Jaisalmer_Desert,26.9157,70.9083
2023-12-13T08:00,12.5,80,988.3,Jaisalmer_Desert,26.9157,70.9083
2023-12-13T09:00,15.3,68,989.3,Jaisalmer_Desert,26.9157,70.9083
2023-12-13T10:00,18.4,54,989.9,Jaisalmer_Desert,26.9157,70.9083
2023-12-13T11:00,21,42,989.6,Jaisalmer_Desert,26.9157,70.9083
2023-12-13T12:00,22.7,35,988.8,Jaisalmer_Desert,26.9157,70.9083
2023-12-13T13:00,23.8,31,987.7,Jaisalmer_Desert,26.9157,70.9083
2023-12-13T14:00,24.3,28,986.9,Jaisalmer_Desert,26.9157,70.9083
2023-12-13T15:00,24.5,27,986.5,Jaisalmer_Desert,26.9157,70.9083
2023-12-13T16:00,24.3,27,986.7,Jaisalmer_Desert,26.9157,70.9083
2023-12-13T17:00,21.7,45,986.7,Jaisalmer_Desert,26.9157,70.9083
2023-12-13T18:00,19.6,49,987.7,Jaisalmer_Desert,26.9157,70.9083
2023-12-13T19:00,18.5,55,988.3,Jaisalmer_Desert,26.9157,70.9083
2023-12-13T20:00,17.4,61,988.6,Jaisalmer_Desert,26.9157,70.9083
2023-12-13T21:00,16.6,62,988.7,Jaisalmer_Desert,26.9157,70.9083
2023-12-13T22:00,16,61,988.9,Jaisalmer_Desert,26.9157,70.9083
2023-12-13T23:00,15.1,62,988.8,Jaisalmer_Desert,26.9157,70.9083
2023-12-14T00:00,14.4,63,988.1,Jaisalmer_Desert,26.9157,70.9083
2023-12-14T01:00,13.4,66,987.7,Jaisalmer_Desert,26.9157,70.9083
2023-12-14T02:00,12.8,68,987.5,Jaisalmer_Desert,26.9157,70.9083
2023-12-14T03:00,12.3,68,987.4,Jaisalmer_Desert,26.9157,70.9083
2023-12-14T04:00,12.2,67,987.4,Jaisalmer_Desert,26.9157,70.9083
2023-12-14T05:00,12,66,987.4,Jaisalmer_Desert,26.9157,70.9083
2023-12-14T06:00,11.9,67,988.2,Jaisalmer_Desert,26.9157,70.9083
2023-12-14T07:00,11.4,69,988.8,Jaisalmer_Desert,26.9157,70.9083
2023-12-14T08:00,13.1,64,989.3,Jaisalmer_Desert,26.9157,70.9083
2023-12-14T09:00,16.4,54,990.2,Jaisalmer_Desert,26.9157,70.9083
2023-12-14T10:00,19.7,46,990.9,Jaisalmer_Desert,26.9157,70.9083
2023-12-14T11:00,22.2,36,990.6,Jaisalmer_Desert,26.9157,70.9083
2023-12-14T12:00,23.7,29,989.9,Jaisalmer_Desert,26.9157,70.9083
2023-12-14T13:00,24.3,26,988.8,Jaisalmer_Desert,26.9157,70.9083
2023-12-14T14:00,24.6,25,987.9,Jaisalmer_Desert,26.9157,70.9083
2023-12-14T15:00,24.6,24,987.3,Jaisalmer_Desert,26.9157,70.9083
2023-12-14T16:00,24.3,25,987.3,Jaisalmer_Desert,26.9157,70.9083
2023-12-14T17:00,21.8,37,987.2,Jaisalmer_Desert,26.9157,70.9083
2023-12-14T18:00,19.9,44,987.8,Jaisalmer_Desert,26.9157,70.9083
2023-12-14T19:00,18.5,49,988.3,Jaisalmer_Desert,26.9157,70.9083
2023-12-14T20:00,17.4,52,988.6,Jaisalmer_Desert,26.9157,70.9083
2023-12-14T21:00,16.7,51,988.9,Jaisalmer_Desert,26.9157,70.9083
2023-12-14T22:00,15.9,53,989.1,Jaisalmer_Desert,26.9157,70.9083
2023-12-14T23:00,14.9,57,989.1,Jaisalmer_Desert,26.9157,70.9083
2023-12-15T00:00,14.1,60,988.8,Jaisalmer_Desert,26.9157,70.9083
2023-12-15T01:00,13.4,62,988.6,Jaisalmer_Desert,26.9157,70.9083
2023-12-15T02:00,13,61,988.2,Jaisalmer_Desert,26.9157,70.9083
2023-12-15T03:00,13,59,988.1,Jaisalmer_Desert,26.9157,70.9083
2023-12-15T04:00,12.7,60,987.8,Jaisalmer_Desert,26.9157,70.9083
2023-12-15T05:00,13.2,56,987.9,Jaisalmer_Desert,26.9157,70.9083
2023-12-15T06:00,11.9,61,988.4,Jaisalmer_Desert,26.9157,70.9083
2023-12-15T07:00,12,61,988.9,Jaisalmer_Desert,26.9157,70.9083
2023-12-15T08:00,13.3,58,989.6,Jaisalmer_Desert,26.9157,70.9083
2023-12-15T09:00,16.9,49,990.9,Jaisalmer_Desert,26.9157,70.9083
2023-12-15T10:00,20.5,41,991.1,Jaisalmer_Desert,26.9157,70.9083
2023-12-15T11:00,23.1,33,990.5,Jaisalmer_Desert,26.9157,70.9083
2023-12-15T12:00,24.4,27,989.8,Jaisalmer_Desert,26.9157,70.9083
2023-12-15T13:00,25,24,989,Jaisalmer_Desert,26.9157,70.9083
2023-12-15T14:00,25.3,23,988.2,Jaisalmer_Desert,26.9157,70.9083
2023-12-15T15:00,25.3,22,987.8,Jaisalmer_Desert,26.9157,70.9083
2023-12-15T16:00,24.9,23,987.6,Jaisalmer_Desert,26.9157,70.9083
2023-12-15T17:00,22.4,38,987.6,Jaisalmer_Desert,26.9157,70.9083
2023-12-15T18:00,20.4,44,988.1,Jaisalmer_Desert,26.9157,70.9083
2023-12-15T19:00,19.2,47,988.6,Jaisalmer_Desert,26.9157,70.9083
2023-12-15T20:00,17.9,54,988.8,Jaisalmer_Desert,26.9157,70.9083
2023-12-15T21:00,17,58,989.1,Jaisalmer_Desert,26.9157,70.9083
2023-12-15T22:00,16.8,57,989.5,Jaisalmer_Desert,26.9157,70.9083
2023-12-15T23:00,16.7,56,989.1,Jaisalmer_Desert,26.9157,70.9083
2023-12-16T00:00,14.9,64,988.6,Jaisalmer_Desert,26.9157,70.9083
2023-12-16T01:00,14.6,62,988.5,Jaisalmer_Desert,26.9157,70.9083
2023-12-16T02:00,16.1,52,988.5,Jaisalmer_Desert,26.9157,70.9083
2023-12-16T03:00,15.9,51,988.2,Jaisalmer_Desert,26.9157,70.9083
2023-12-16T04:00,15.4,52,988.2,Jaisalmer_Desert,26.9157,70.9083
2023-12-16T05:00,16.3,46,988.2,Jaisalmer_Desert,26.9157,70.9083
2023-12-16T06:00,15.1,52,989,Jaisalmer_Desert,26.9157,70.9083
2023-12-16T07:00,14.7,53,989.5,Jaisalmer_Desert,26.9157,70.9083
2023-12-16T08:00,14.5,56,990.1,Jaisalmer_Desert,26.9157,70.9083
2023-12-16T09:00,16.4,53,990.8,Jaisalmer_Desert,26.9157,70.9083
2023-12-16T10:00,19.5,45,991.3,Jaisalmer_Desert,26.9157,70.9083
2023-12-16T11:00,22,37,990.9,Jaisalmer_Desert,26.9157,70.9083
2023-12-16T12:00,23.4,31,989.8,Jaisalmer_Desert,26.9157,70.9083
2023-12-16T13:00,24.2,29,988.9,Jaisalmer_Desert,26.9157,70.9083
2023-12-16T14:00,24.6,28,988.2,Jaisalmer_Desert,26.9157,70.9083
2023-12-16T15:00,24.3,30,987.9,Jaisalmer_Desert,26.9157,70.9083
2023-12-16T16:00,23.6,32,987.6,Jaisalmer_Desert,26.9157,70.9083
2023-12-16T17:00,21.9,39,987.5,Jaisalmer_Desert,26.9157,70.9083
2023-12-16T18:00,20,49,987.9,Jaisalmer_Desert,26.9157,70.9083
2023-12-16T19:00,18.6,61,988.4,Jaisalmer_Desert,26.9157,70.9083
2023-12-16T20:00,18.5,59,988.8,Jaisalmer_Desert,26.9157,70.9083
2023-12-16T21:00,17.7,62,989.1,Jaisalmer_Desert,26.9157,70.9083
2023-12-16T22:00,16.8,68,989.2,Jaisalmer_Desert,26.9157,70.9083
2023-12-16T23:00,18.1,59,989.2,Jaisalmer_Desert,26.9157,70.9083
2023-12-17T00:00,17.1,63,988.9,Jaisalmer_Desert,26.9157,70.9083
2023-12-17T01:00,16.2,67,988.7,Jaisalmer_Desert,26.9157,70.9083
2023-12-17T02:00,15.9,68,988.6,Jaisalmer_Desert,26.9157,70.9083
2023-12-17T03:00,16.9,62,988.7,Jaisalmer_Desert,26.9157,70.9083
2023-12-17T04:00,15.1,69,988.6,Jaisalmer_Desert,26.9157,70.9083
2023-12-17T05:00,14.3,73,988.6,Jaisalmer_Desert,26.9157,70.9083
2023-12-17T06:00,16.6,64,989.7,Jaisalmer_Desert,26.9157,70.9083
2023-12-17T07:00,16.6,63,990.2,Jaisalmer_Desert,26.9157,70.9083
2023-12-17T08:00,16.1,64,990.9,Jaisalmer_Desert,26.9157,70.9083
2023-12-17T09:00,18.2,57,991.6,Jaisalmer_Desert,26.9157,70.9083
2023-12-17T10:00,20.5,47,992.2,Jaisalmer_Desert,26.9157,70.9083
2023-12-17T11:00,22,35,991.7,Jaisalmer_Desert,26.9157,70.9083
2023-12-17T12:00,23,31,991,Jaisalmer_Desert,26.9157,70.9083
2023-12-17T13:00,23.7,27,990,Jaisalmer_Desert,26.9157,70.9083
2023-12-17T14:00,24,24,989.3,Jaisalmer_Desert,26.9157,70.9083
2023-12-17T15:00,23.8,24,989,Jaisalmer_Desert,26.9157,70.9083
2023-12-17T16:00,23.1,28,989,Jaisalmer_Desert,26.9157,70.9083
2023-12-17T17:00,21.1,41,989.3,Jaisalmer_Desert,26.9157,70.9083
2023-12-17T18:00,19.3,48,989.8,Jaisalmer_Desert,26.9157,70.9083
2023-12-17T19:00,18.1,54,990.4,Jaisalmer_Desert,26.9157,70.9083
2023-12-17T20:00,17.1,61,991.1,Jaisalmer_Desert,26.9157,70.9083
2023-12-17T21:00,15.9,68,991.6,Jaisalmer_Desert,26.9157,70.9083
2023-12-17T22:00,14.9,72,991.7,Jaisalmer_Desert,26.9157,70.9083
2023-12-17T23:00,14,74,991.7,Jaisalmer_Desert,26.9157,70.9083
2023-12-18T00:00,13.2,73,991.6,Jaisalmer_Desert,26.9157,70.9083
2023-12-18T01:00,12.6,74,991.3,Jaisalmer_Desert,26.9157,70.9083
2023-12-18T02:00,12.2,77,991.2,Jaisalmer_Desert,26.9157,70.9083
2023-12-18T03:00,11.8,80,991.1,Jaisalmer_Desert,26.9157,70.9083
2023-12-18T04:00,11.2,80,991.1,Jaisalmer_Desert,26.9157,70.9083
2023-12-18T05:00,10.8,79,991.2,Jaisalmer_Desert,26.9157,70.9083
2023-12-18T06:00,10.9,78,992.2,Jaisalmer_Desert,26.9157,70.9083
2023-12-18T07:00,10.7,77,992.9,Jaisalmer_Desert,26.9157,70.9083
2023-12-18T08:00,11.9,72,993.6,Jaisalmer_Desert,26.9157,70.9083
2023-12-18T09:00,14.5,62,994.5,Jaisalmer_Desert,26.9157,70.9083
2023-12-18T10:00,17.1,54,995.2,Jaisalmer_Desert,26.9157,70.9083
2023-12-18T11:00,19.6,47,994.7,Jaisalmer_Desert,26.9157,70.9083
2023-12-18T12:00,21.6,39,993.8,Jaisalmer_Desert,26.9157,70.9083
2023-12-18T13:00,22.7,30,992.9,Jaisalmer_Desert,26.9157,70.9083
2023-12-18T14:00,23,29,992,Jaisalmer_Desert,26.9157,70.9083
2023-12-18T15:00,23,28,991.5,Jaisalmer_Desert,26.9157,70.9083
2023-12-18T16:00,22.7,28,991.4,Jaisalmer_Desert,26.9157,70.9083
2023-12-18T17:00,20.9,34,991.1,Jaisalmer_Desert,26.9157,70.9083
2023-12-18T18:00,18.9,40,992,Jaisalmer_Desert,26.9157,70.9083
2023-12-18T19:00,17.7,43,992.8,Jaisalmer_Desert,26.9157,70.9083
2023-12-18T20:00,16.7,47,993.2,Jaisalmer_Desert,26.9157,70.9083
2023-12-18T21:00,15.8,50,993.5,Jaisalmer_Desert,26.9157,70.9083
2023-12-18T22:00,14.9,54,993.7,Jaisalmer_Desert,26.9157,70.9083
2023-12-18T23:00,13.9,58,993.3,Jaisalmer_Desert,26.9157,70.9083
2023-12-19T00:00,12.8,64,993.1,Jaisalmer_Desert,26.9157,70.9083
2023-12-19T01:00,12.2,65,992.7,Jaisalmer_Desert,26.9157,70.9083
2023-12-19T02:00,11.7,66,992.4,Jaisalmer_Desert,26.9157,70.9083
2023-12-19T03:00,11.3,66,992,Jaisalmer_Desert,26.9157,70.9083
2023-12-19T04:00,10.6,69,991.8,Jaisalmer_Desert,26.9157,70.9083
2023-12-19T05:00,10.4,69,991.8,Jaisalmer_Desert,26.9157,70.9083
2023-12-19T06:00,10.1,71,992.7,Jaisalmer_Desert,26.9157,70.9083
2023-12-19T07:00,10,72,993.1,Jaisalmer_Desert,26.9157,70.9083
2023-12-19T08:00,11.4,66,993.7,Jaisalmer_Desert,26.9157,70.9083
2023-12-19T09:00,14.5,56,994.8,Jaisalmer_Desert,26.9157,70.9083
2023-12-19T10:00,17.5,49,995.5,Jaisalmer_Desert,26.9157,70.9083
2023-12-19T11:00,19.8,38,995,Jaisalmer_Desert,26.9157,70.9083
2023-12-19T12:00,20.8,32,994,Jaisalmer_Desert,26.9157,70.9083
2023-12-19T13:00,21.3,30,993,Jaisalmer_Desert,26.9157,70.9083
2023-12-19T14:00,21.7,28,992,Jaisalmer_Desert,26.9157,70.9083
2023-12-19T15:00,21.9,25,991.4,Jaisalmer_Desert,26.9157,70.9083
2023-12-19T16:00,21.6,26,991.4,Jaisalmer_Desert,26.9157,70.9083
2023-12-19T17:00,19.6,40,991.5,Jaisalmer_Desert,26.9157,70.9083
2023-12-19T18:00,18.1,51,991.8,Jaisalmer_Desert,26.9157,70.9083
2023-12-19T19:00,17.1,50,992.3,Jaisalmer_Desert,26.9157,70.9083
2023-12-19T20:00,16.1,50,992.6,Jaisalmer_Desert,26.9157,70.9083
2023-12-19T21:00,15,55,992.8,Jaisalmer_Desert,26.9157,70.9083
2023-12-19T22:00,14.1,59,993.1,Jaisalmer_Desert,26.9157,70.9083
2023-12-19T23:00,13.6,58,993,Jaisalmer_Desert,26.9157,70.9083
2023-12-20T00:00,13.1,57,992.5,Jaisalmer_Desert,26.9157,70.9083
2023-12-20T01:00,12,62,992,Jaisalmer_Desert,26.9157,70.9083
2023-12-20T02:00,11.2,64,991.8,Jaisalmer_Desert,26.9157,70.9083
2023-12-20T03:00,10.8,64,991.4,Jaisalmer_Desert,26.9157,70.9083
2023-12-20T04:00,10.6,62,991.1,Jaisalmer_Desert,26.9157,70.9083
2023-12-20T05:00,10,64,990.7,Jaisalmer_Desert,26.9157,70.9083
2023-12-20T06:00,9,63,991.2,Jaisalmer_Desert,26.9157,70.9083
2023-12-20T07:00,8.8,64,991.6,Jaisalmer_Desert,26.9157,70.9083
2023-12-20T08:00,10,61,992.6,Jaisalmer_Desert,26.9157,70.9083
2023-12-20T09:00,13.2,52,993.4,Jaisalmer_Desert,26.9157,70.9083
2023-12-20T10:00,16.5,45,994.3,Jaisalmer_Desert,26.9157,70.9083
2023-12-20T11:00,18.9,37,993.8,Jaisalmer_Desert,26.9157,70.9083
2023-12-20T12:00,20.4,29,992.9,Jaisalmer_Desert,26.9157,70.9083
2023-12-20T13:00,21.3,25,991.8,Jaisalmer_Desert,26.9157,70.9083
2023-12-20T14:00,21.7,23,991,Jaisalmer_Desert,26.9157,70.9083
2023-12-20T15:00,21.8,22,990.7,Jaisalmer_Desert,26.9157,70.9083
2023-12-20T16:00,21.5,23,990.3,Jaisalmer_Desert,26.9157,70.9083
2023-12-20T17:00,19.1,44,990.2,Jaisalmer_Desert,26.9157,70.9083
2023-12-20T18:00,19,41,990.5,Jaisalmer_Desert,26.9157,70.9083
2023-12-20T19:00,18.1,41,990.9,Jaisalmer_Desert,26.9157,70.9083
2023-12-20T20:00,15.7,48,990.8,Jaisalmer_Desert,26.9157,70.9083
2023-12-20T21:00,14.8,49,991.1,Jaisalmer_Desert,26.9157,70.9083
2023-12-20T22:00,14,53,991.2,Jaisalmer_Desert,26.9157,70.9083
2023-12-20T23:00,13.3,54,990.9,Jaisalmer_Desert,26.9157,70.9083
2023-12-21T00:00,12.4,57,990.4,Jaisalmer_Desert,26.9157,70.9083
2023-12-21T01:00,11.7,61,989.9,Jaisalmer_Desert,26.9157,70.9083
2023-12-21T02:00,11.6,59,989.6,Jaisalmer_Desert,26.9157,70.9083
2023-12-21T03:00,11.1,60,989.2,Jaisalmer_Desert,26.9157,70.9083
2023-12-21T04:00,10.7,61,989.1,Jaisalmer_Desert,26.9157,70.9083
2023-12-21T05:00,10.2,62,989,Jaisalmer_Desert,26.9157,70.9083
2023-12-21T06:00,9.3,63,989.4,Jaisalmer_Desert,26.9157,70.9083
2023-12-21T07:00,9.4,61,989.8,Jaisalmer_Desert,26.9157,70.9083
2023-12-21T08:00,10.8,58,990.6,Jaisalmer_Desert,26.9157,70.9083
2023-12-21T09:00,14,49,991.4,Jaisalmer_Desert,26.9157,70.9083
2023-12-21T10:00,17.1,43,992,Jaisalmer_Desert,26.9157,70.9083
2023-12-21T11:00,19.6,37,991.5,Jaisalmer_Desert,26.9157,70.9083
2023-12-21T12:00,21.4,30,990.6,Jaisalmer_Desert,26.9157,70.9083
2023-12-21T13:00,22.6,26,989.5,Jaisalmer_Desert,26.9157,70.9083
2023-12-21T14:00,23.2,23,988.6,Jaisalmer_Desert,26.9157,70.9083
2023-12-21T15:00,23.5,22,988.2,Jaisalmer_Desert,26.9157,70.9083
2023-12-21T16:00,23.2,22,988,Jaisalmer_Desert,26.9157,70.9083
2023-12-21T17:00,20.8,33,987.9,Jaisalmer_Desert,26.9157,70.9083
2023-12-21T18:00,19.2,40,988.3,Jaisalmer_Desert,26.9157,70.9083
2023-12-21T19:00,18.1,43,988.5,Jaisalmer_Desert,26.9157,70.9083
2023-12-21T20:00,17,45,988.8,Jaisalmer_Desert,26.9157,70.9083
2023-12-21T21:00,15.8,47,989.1,Jaisalmer_Desert,26.9157,70.9083
2023-12-21T22:00,15,48,989.3,Jaisalmer_Desert,26.9157,70.9083
2023-12-21T23:00,14.2,50,988.9,Jaisalmer_Desert,26.9157,70.9083
2023-12-22T00:00,13.6,51,988.3,Jaisalmer_Desert,26.9157,70.9083
2023-12-22T01:00,12.6,56,987.9,Jaisalmer_Desert,26.9157,70.9083
2023-12-22T02:00,11.6,63,987.5,Jaisalmer_Desert,26.9157,70.9083
2023-12-22T03:00,11.6,61,987.5,Jaisalmer_Desert,26.9157,70.9083
2023-12-22T04:00,11.1,62,987.1,Jaisalmer_Desert,26.9157,70.9083
2023-12-22T05:00,11.2,58,987.1,Jaisalmer_Desert,26.9157,70.9083
2023-12-22T06:00,13.1,49,987.6,Jaisalmer_Desert,26.9157,70.9083
2023-12-22T07:00,11.7,59,988.2,Jaisalmer_Desert,26.9157,70.9083
2023-12-22T08:00,13.6,49,989.2,Jaisalmer_Desert,26.9157,70.9083
2023-12-22T09:00,15.6,45,990.4,Jaisalmer_Desert,26.9157,70.9083
2023-12-22T10:00,18.1,41,990.9,Jaisalmer_Desert,26.9157,70.9083
2023-12-22T11:00,19.8,37,990.2,Jaisalmer_Desert,26.9157,70.9083
2023-12-22T12:00,22.2,31,989,Jaisalmer_Desert,26.9157,70.9083
2023-12-22T13:00,23.7,28,988.3,Jaisalmer_Desert,26.9157,70.9083
2023-12-22T14:00,24.1,25,987.5,Jaisalmer_Desert,26.9157,70.9083
2023-12-22T15:00,24.5,22,986.8,Jaisalmer_Desert,26.9157,70.9083
2023-12-22T16:00,24.2,22,986.8,Jaisalmer_Desert,26.9157,70.9083
2023-12-22T17:00,22.2,28,986.8,Jaisalmer_Desert,26.9157,70.9083
2023-12-22T18:00,21.4,31,986.9,Jaisalmer_Desert,26.9157,70.9083
2023-12-22T19:00,20.2,30,987.5,Jaisalmer_Desert,26.9157,70.9083
2023-12-22T20:00,19,31,987.9,Jaisalmer_Desert,26.9157,70.9083
2023-12-22T21:00,17.7,35,988.5,Jaisalmer_Desert,26.9157,70.9083
2023-12-22T22:00,16.5,39,988.8,Jaisalmer_Desert,26.9157,70.9083
2023-12-22T23:00,15.6,43,988.5,Jaisalmer_Desert,26.9157,70.9083
2023-12-23T00:00,14.7,46,987.9,Jaisalmer_Desert,26.9157,70.9083
2023-12-23T01:00,14.1,48,987.6,Jaisalmer_Desert,26.9157,70.9083
2023-12-23T02:00,13.4,48,987.1,Jaisalmer_Desert,26.9157,70.9083
2023-12-23T03:00,12.6,50,986.9,Jaisalmer_Desert,26.9157,70.9083
2023-12-23T04:00,11.7,54,986.8,Jaisalmer_Desert,26.9157,70.9083
2023-12-23T05:00,11,60,987.1,Jaisalmer_Desert,26.9157,70.9083
2023-12-23T06:00,10.5,59,987.6,Jaisalmer_Desert,26.9157,70.9083
2023-12-23T07:00,10.2,60,988.6,Jaisalmer_Desert,26.9157,70.9083
2023-12-23T08:00,11.5,55,989.5,Jaisalmer_Desert,26.9157,70.9083
2023-12-23T09:00,14,46,990.6,Jaisalmer_Desert,26.9157,70.9083
2023-12-23T10:00,16.8,40,991.4,Jaisalmer_Desert,26.9157,70.9083
2023-12-23T11:00,19.4,34,991.3,Jaisalmer_Desert,26.9157,70.9083
2023-12-23T12:00,21.5,30,990.4,Jaisalmer_Desert,26.9157,70.9083
2023-12-23T13:00,23.2,28,989.6,Jaisalmer_Desert,26.9157,70.9083
2023-12-23T14:00,24.1,26,989,Jaisalmer_Desert,26.9157,70.9083
2023-12-23T15:00,24.4,27,988.9,Jaisalmer_Desert,26.9157,70.9083
2023-12-23T16:00,24,29,988.9,Jaisalmer_Desert,26.9157,70.9083
2023-12-23T17:00,22.6,33,989.3,Jaisalmer_Desert,26.9157,70.9083
2023-12-23T18:00,20.3,38,989.9,Jaisalmer_Desert,26.9157,70.9083
2023-12-23T19:00,19.4,39,990.6,Jaisalmer_Desert,26.9157,70.9083
2023-12-23T20:00,18.6,39,991.1,Jaisalmer_Desert,26.9157,70.9083
2023-12-23T21:00,17.8,40,991.5,Jaisalmer_Desert,26.9157,70.9083
2023-12-23T22:00,16.9,41,991.9,Jaisalmer_Desert,26.9157,70.9083
2023-12-23T23:00,16.1,43,991.8,Jaisalmer_Desert,26.9157,70.9083
2023-12-24T00:00,15.2,45,991.7,Jaisalmer_Desert,26.9157,70.9083
2023-12-24T01:00,14.4,49,991.4,Jaisalmer_Desert,26.9157,70.9083
2023-12-24T02:00,13.6,52,991.3,Jaisalmer_Desert,26.9157,70.9083
2023-12-24T03:00,13,56,991.4,Jaisalmer_Desert,26.9157,70.9083
2023-12-24T04:00,12.5,58,991.1,Jaisalmer_Desert,26.9157,70.9083
2023-12-24T05:00,11.9,62,991.4,Jaisalmer_Desert,26.9157,70.9083
2023-12-24T06:00,10.9,65,991.9,Jaisalmer_Desert,26.9157,70.9083
2023-12-24T07:00,10.5,68,992.8,Jaisalmer_Desert,26.9157,70.9083
2023-12-24T08:00,11.5,65,993.2,Jaisalmer_Desert,26.9157,70.9083
2023-12-24T09:00,13.9,58,994,Jaisalmer_Desert,26.9157,70.9083
2023-12-24T10:00,16.4,51,994.7,Jaisalmer_Desert,26.9157,70.9083
2023-12-24T11:00,19,45,994.5,Jaisalmer_Desert,26.9157,70.9083
2023-12-24T12:00,21.2,40,993.6,Jaisalmer_Desert,26.9157,70.9083
2023-12-24T13:00,22.8,36,992.4,Jaisalmer_Desert,26.9157,70.9083
2023-12-24T14:00,23.7,32,991.5,Jaisalmer_Desert,26.9157,70.9083
2023-12-24T15:00,24,29,990.9,Jaisalmer_Desert,26.9157,70.9083
2023-12-24T16:00,23.6,28,990.7,Jaisalmer_Desert,26.9157,70.9083
2023-12-24T17:00,21.9,33,990.8,Jaisalmer_Desert,26.9157,70.9083
2023-12-24T18:00,19.7,41,991.5,Jaisalmer_Desert,26.9157,70.9083
2023-12-24T19:00,18.6,46,992.1,Jaisalmer_Desert,26.9157,70.9083
2023-12-24T20:00,17.7,50,992.4,Jaisalmer_Desert,26.9157,70.9083
2023-12-24T21:00,16.9,54,992.8,Jaisalmer_Desert,26.9157,70.9083
2023-12-24T22:00,16.2,58,993,Jaisalmer_Desert,26.9157,70.9083
2023-12-24T23:00,15.4,63,992.6,Jaisalmer_Desert,26.9157,70.9083
2023-12-25T00:00,14.5,67,991.9,Jaisalmer_Desert,26.9157,70.9083
2023-12-25T01:00,13.9,71,991.3,Jaisalmer_Desert,26.9157,70.9083
2023-12-25T02:00,13,76,990.8,Jaisalmer_Desert,26.9157,70.9083
2023-12-25T03:00,12.3,79,990.7,Jaisalmer_Desert,26.9157,70.9083
2023-12-25T04:00,11.8,83,990.6,Jaisalmer_Desert,26.9157,70.9083
2023-12-25T05:00,11.2,88,990.7,Jaisalmer_Desert,26.9157,70.9083
2023-12-25T06:00,10.6,92,991.3,Jaisalmer_Desert,26.9157,70.9083
2023-12-25T07:00,10,94,991.7,Jaisalmer_Desert,26.9157,70.9083
2023-12-25T08:00,11.3,92,992.2,Jaisalmer_Desert,26.9157,70.9083
2023-12-25T09:00,13.7,80,992.9,Jaisalmer_Desert,26.9157,70.9083
2023-12-25T10:00,16.4,66,993.4,Jaisalmer_Desert,26.9157,70.9083
2023-12-25T11:00,18.9,56,993.2,Jaisalmer_Desert,26.9157,70.9083
2023-12-25T12:00,21.1,47,992.3,Jaisalmer_Desert,26.9157,70.9083
2023-12-25T13:00,22.5,41,991.1,Jaisalmer_Desert,26.9157,70.9083
2023-12-25T14:00,23.3,38,990.1,Jaisalmer_Desert,26.9157,70.9083
2023-12-25T15:00,23.6,35,989.5,Jaisalmer_Desert,26.9157,70.9083
2023-12-25T16:00,23.4,35,989.4,Jaisalmer_Desert,26.9157,70.9083
2023-12-25T17:00,21.9,43,989.3,Jaisalmer_Desert,26.9157,70.9083
2023-12-25T18:00,19.6,52,989.7,Jaisalmer_Desert,26.9157,70.9083
2023-12-25T19:00,18.3,56,989.9,Jaisalmer_Desert,26.9157,70.9083
2023-12-25T20:00,17.1,61,990.3,Jaisalmer_Desert,26.9157,70.9083
2023-12-25T21:00,16.1,66,990.4,Jaisalmer_Desert,26.9157,70.9083
2023-12-25T22:00,15.2,70,990.4,Jaisalmer_Desert,26.9157,70.9083
2023-12-25T23:00,15.2,67,990.1,Jaisalmer_Desert,26.9157,70.9083
2023-12-26T00:00,15.3,65,989.4,Jaisalmer_Desert,26.9157,70.9083
2023-12-26T01:00,15.6,63,989.2,Jaisalmer_Desert,26.9157,70.9083
2023-12-26T02:00,15,65,988.8,Jaisalmer_Desert,26.9157,70.9083
2023-12-26T03:00,13.5,73,988.6,Jaisalmer_Desert,26.9157,70.9083
2023-12-26T04:00,12.7,77,988.2,Jaisalmer_Desert,26.9157,70.9083
2023-12-26T05:00,12.3,79,987.9,Jaisalmer_Desert,26.9157,70.9083
2023-12-26T06:00,11.3,82,989,Jaisalmer_Desert,26.9157,70.9083
2023-12-26T07:00,10.5,86,989.2,Jaisalmer_Desert,26.9157,70.9083
2023-12-26T08:00,11.8,85,989.8,Jaisalmer_Desert,26.9157,70.9083
2023-12-26T09:00,14.8,69,990.9,Jaisalmer_Desert,26.9157,70.9083
2023-12-26T10:00,18,58,991.6,Jaisalmer_Desert,26.9157,70.9083
2023-12-26T11:00,20.5,47,991.6,Jaisalmer_Desert,26.9157,70.9083
2023-12-26T12:00,22.6,41,990.7,Jaisalmer_Desert,26.9157,70.9083
2023-12-26T13:00,23.9,36,990,Jaisalmer_Desert,26.9157,70.9083
2023-12-26T14:00,24.6,32,989.3,Jaisalmer_Desert,26.9157,70.9083
2023-12-26T15:00,24.8,30,989.1,Jaisalmer_Desert,26.9157,70.9083
2023-12-26T16:00,24.6,30,988.9,Jaisalmer_Desert,26.9157,70.9083
2023-12-26T17:00,22.8,39,988.9,Jaisalmer_Desert,26.9157,70.9083
2023-12-26T18:00,20.7,45,989.4,Jaisalmer_Desert,26.9157,70.9083
2023-12-26T19:00,19.3,51,989.8,Jaisalmer_Desert,26.9157,70.9083
2023-12-26T20:00,17.8,58,990.2,Jaisalmer_Desert,26.9157,70.9083
2023-12-26T21:00,16.7,63,990.6,Jaisalmer_Desert,26.9157,70.9083
2023-12-26T22:00,16.1,63,990.8,Jaisalmer_Desert,26.9157,70.9083
2023-12-26T23:00,15.4,64,990.5,Jaisalmer_Desert,26.9157,70.9083
2023-12-27T00:00,15,66,990.2,Jaisalmer_Desert,26.9157,70.9083
2023-12-27T01:00,15,64,990,Jaisalmer_Desert,26.9157,70.9083
2023-12-27T02:00,14,68,989.8,Jaisalmer_Desert,26.9157,70.9083
2023-12-27T03:00,12.8,73,989.6,Jaisalmer_Desert,26.9157,70.9083
2023-12-27T04:00,12.4,75,989.5,Jaisalmer_Desert,26.9157,70.9083
2023-12-27T05:00,11.9,77,989.6,Jaisalmer_Desert,26.9157,70.9083
2023-12-27T06:00,11.5,79,990.4,Jaisalmer_Desert,26.9157,70.9083
2023-12-27T07:00,11.1,80,991.3,Jaisalmer_Desert,26.9157,70.9083
2023-12-27T08:00,12.3,74,992,Jaisalmer_Desert,26.9157,70.9083
2023-12-27T09:00,15,63,992.9,Jaisalmer_Desert,26.9157,70.9083
2023-12-27T10:00,17.6,54,993.8,Jaisalmer_Desert,26.9157,70.9083
2023-12-27T11:00,20.1,45,993.7,Jaisalmer_Desert,26.9157,70.9083
2023-12-27T12:00,22,38,992.8,Jaisalmer_Desert,26.9157,70.9083
2023-12-27T13:00,23.4,33,991.6,Jaisalmer_Desert,26.9157,70.9083
2023-12-27T14:00,24.3,29,990.8,Jaisalmer_Desert,26.9157,70.9083
2023-12-27T15:00,24.6,27,990.6,Jaisalmer_Desert,26.9157,70.9083
2023-12-27T16:00,24.3,26,990.5,Jaisalmer_Desert,26.9157,70.9083
2023-12-27T17:00,22.7,30,990.4,Jaisalmer_Desert,26.9157,70.9083
2023-12-27T18:00,20.8,48,991,Jaisalmer_Desert,26.9157,70.9083
2023-12-27T19:00,19.9,49,991.4,Jaisalmer_Desert,26.9157,70.9083
2023-12-27T20:00,18.8,50,991.7,Jaisalmer_Desert,26.9157,70.9083
2023-12-27T21:00,18,51,991.9,Jaisalmer_Desert,26.9157,70.9083
2023-12-27T22:00,17.2,54,992,Jaisalmer_Desert,26.9157,70.9083
2023-12-27T23:00,16.3,57,991.5,Jaisalmer_Desert,26.9157,70.9083
2023-12-28T00:00,15.5,61,991,Jaisalmer_Desert,26.9157,70.9083
2023-12-28T01:00,14.7,64,990.6,Jaisalmer_Desert,26.9157,70.9083
2023-12-28T02:00,13.8,68,990.3,Jaisalmer_Desert,26.9157,70.9083
2023-12-28T03:00,13.1,70,990.1,Jaisalmer_Desert,26.9157,70.9083
2023-12-28T04:00,12.5,72,990,Jaisalmer_Desert,26.9157,70.9083
2023-12-28T05:00,12,72,989.6,Jaisalmer_Desert,26.9157,70.9083
2023-12-28T06:00,10.8,77,990.2,Jaisalmer_Desert,26.9157,70.9083
2023-12-28T07:00,10.2,79,990.9,Jaisalmer_Desert,26.9157,70.9083
2023-12-28T08:00,11.3,73,991.3,Jaisalmer_Desert,26.9157,70.9083
2023-12-28T09:00,14.2,63,992.1,Jaisalmer_Desert,26.9157,70.9083
2023-12-28T10:00,17,55,992.4,Jaisalmer_Desert,26.9157,70.9083
2023-12-28T11:00,19.6,46,992.3,Jaisalmer_Desert,26.9157,70.9083
2023-12-28T12:00,21.9,34,991.2,Jaisalmer_Desert,26.9157,70.9083
2023-12-28T13:00,23.3,27,990,Jaisalmer_Desert,26.9157,70.9083
2023-12-28T14:00,24,24,989.1,Jaisalmer_Desert,26.9157,70.9083
2023-12-28T15:00,24.3,23,988.6,Jaisalmer_Desert,26.9157,70.9083
2023-12-28T16:00,24,23,988.3,Jaisalmer_Desert,26.9157,70.9083
2023-12-28T17:00,21.8,33,988.3,Jaisalmer_Desert,26.9157,70.9083
2023-12-28T18:00,19.4,42,988.5,Jaisalmer_Desert,26.9157,70.9083
2023-12-28T19:00,18.5,39,988.8,Jaisalmer_Desert,26.9157,70.9083
2023-12-28T20:00,17.3,41,989.2,Jaisalmer_Desert,26.9157,70.9083
2023-12-28T21:00,16.3,42,989.5,Jaisalmer_Desert,26.9157,70.9083
2023-12-28T22:00,15.5,43,989.8,Jaisalmer_Desert,26.9157,70.9083
2023-12-28T23:00,14.6,47,989.8,Jaisalmer_Desert,26.9157,70.9083
2023-12-29T00:00,13.9,50,989.4,Jaisalmer_Desert,26.9157,70.9083
2023-12-29T01:00,13.3,53,989.1,Jaisalmer_Desert,26.9157,70.9083
2023-12-29T02:00,12.7,55,988.7,Jaisalmer_Desert,26.9157,70.9083
2023-12-29T03:00,11.9,59,988.2,Jaisalmer_Desert,26.9157,70.9083
2023-12-29T04:00,11.4,60,988.1,Jaisalmer_Desert,26.9157,70.9083
2023-12-29T05:00,10.8,62,988.1,Jaisalmer_Desert,26.9157,70.9083
2023-12-29T06:00,10.7,61,988.5,Jaisalmer_Desert,26.9157,70.9083
2023-12-29T07:00,10.2,64,989.1,Jaisalmer_Desert,26.9157,70.9083
2023-12-29T08:00,11.4,62,989.8,Jaisalmer_Desert,26.9157,70.9083
2023-12-29T09:00,14.1,55,990.6,Jaisalmer_Desert,26.9157,70.9083
2023-12-29T10:00,16.9,50,991.2,Jaisalmer_Desert,26.9157,70.9083
2023-12-29T11:00,19.6,45,990.9,Jaisalmer_Desert,26.9157,70.9083
2023-12-29T12:00,21.9,39,990.4,Jaisalmer_Desert,26.9157,70.9083
2023-12-29T13:00,23.3,32,989,Jaisalmer_Desert,26.9157,70.9083
2023-12-29T14:00,24.1,27,988.3,Jaisalmer_Desert,26.9157,70.9083
2023-12-29T15:00,24.4,24,987.9,Jaisalmer_Desert,26.9157,70.9083
2023-12-29T16:00,24.3,23,987.8,Jaisalmer_Desert,26.9157,70.9083
2023-12-29T17:00,22.7,25,987.8,Jaisalmer_Desert,26.9157,70.9083
2023-12-29T18:00,20.4,30,988.4,Jaisalmer_Desert,26.9157,70.9083
2023-12-29T19:00,19.2,31,988.9,Jaisalmer_Desert,26.9157,70.9083
2023-12-29T20:00,18,35,989.3,Jaisalmer_Desert,26.9157,70.9083
2023-12-29T21:00,16.9,43,989.7,Jaisalmer_Desert,26.9157,70.9083
2023-12-29T22:00,16,51,990,Jaisalmer_Desert,26.9157,70.9083
2023-12-29T23:00,15.1,55,989.6,Jaisalmer_Desert,26.9157,70.9083
2023-12-30T00:00,14.3,60,989.3,Jaisalmer_Desert,26.9157,70.9083
2023-12-30T01:00,13.7,65,988.9,Jaisalmer_Desert,26.9157,70.9083
2023-12-30T02:00,13,69,988.6,Jaisalmer_Desert,26.9157,70.9083
2023-12-30T03:00,12.4,74,988.5,Jaisalmer_Desert,26.9157,70.9083
2023-12-30T04:00,11.6,79,988.1,Jaisalmer_Desert,26.9157,70.9083
2023-12-30T05:00,11,83,988.1,Jaisalmer_Desert,26.9157,70.9083
2023-12-30T06:00,10.4,88,989,Jaisalmer_Desert,26.9157,70.9083
2023-12-30T07:00,10.1,91,989.4,Jaisalmer_Desert,26.9157,70.9083
2023-12-30T08:00,10.6,90,990,Jaisalmer_Desert,26.9157,70.9083
2023-12-30T09:00,12.4,82,990.8,Jaisalmer_Desert,26.9157,70.9083
2023-12-30T10:00,14.7,71,991.6,Jaisalmer_Desert,26.9157,70.9083
2023-12-30T11:00,17,62,991.4,Jaisalmer_Desert,26.9157,70.9083
2023-12-30T12:00,19.1,52,990.7,Jaisalmer_Desert,26.9157,70.9083
2023-12-30T13:00,20.7,44,989.7,Jaisalmer_Desert,26.9157,70.9083
2023-12-30T14:00,21.7,39,988.8,Jaisalmer_Desert,26.9157,70.9083
2023-12-30T15:00,21.9,36,988.2,Jaisalmer_Desert,26.9157,70.9083
2023-12-30T16:00,21.6,36,987.9,Jaisalmer_Desert,26.9157,70.9083
2023-12-30T17:00,20.5,40,988,Jaisalmer_Desert,26.9157,70.9083
2023-12-30T18:00,17.5,54,988.6,Jaisalmer_Desert,26.9157,70.9083
2023-12-30T19:00,16.5,59,989.1,Jaisalmer_Desert,26.9157,70.9083
2023-12-30T20:00,15.7,63,989.4,Jaisalmer_Desert,26.9157,70.9083
2023-12-30T21:00,14.9,67,989.4,Jaisalmer_Desert,26.9157,70.9083
2023-12-30T22:00,14.1,70,989.7,Jaisalmer_Desert,26.9157,70.9083
2023-12-30T23:00,13.3,74,989.5,Jaisalmer_Desert,26.9157,70.9083
2023-12-31T00:00,12.4,77,989.4,Jaisalmer_Desert,26.9157,70.9083
2023-12-31T01:00,11.7,80,989.4,Jaisalmer_Desert,26.9157,70.9083
2023-12-31T02:00,11,84,988.9,Jaisalmer_Desert,26.9157,70.9083
2023-12-31T03:00,10.4,87,988.6,Jaisalmer_Desert,26.9157,70.9083
2023-12-31T04:00,9.8,90,988.4,Jaisalmer_Desert,26.9157,70.9083
2023-12-31T05:00,9.3,93,988.5,Jaisalmer_Desert,26.9157,70.9083
2023-12-31T06:00,8.5,94,989,Jaisalmer_Desert,26.9157,70.9083
2023-12-31T07:00,8.1,95,989.6,Jaisalmer_Desert,26.9157,70.9083
2023-12-31T08:00,8.7,94,990.3,Jaisalmer_Desert,26.9157,70.9083
2023-12-31T09:00,10.7,84,991.2,Jaisalmer_Desert,26.9157,70.9083
2023-12-31T10:00,13.3,71,991.8,Jaisalmer_Desert,26.9157,70.9083
2023-12-31T11:00,16,57,991.5,Jaisalmer_Desert,26.9157,70.9083
2023-12-31T12:00,18.3,43,990.6,Jaisalmer_Desert,26.9157,70.9083
2023-12-31T13:00,19.9,35,989.5,Jaisalmer_Desert,26.9157,70.9083
2023-12-31T14:00,21.1,29,988.5,Jaisalmer_Desert,26.9157,70.9083
2023-12-31T15:00,21.5,26,988.1,Jaisalmer_Desert,26.9157,70.9083
2023-12-31T16:00,21.1,26,987.9,Jaisalmer_Desert,26.9157,70.9083
2023-12-31T17:00,19.7,31,988,Jaisalmer_Desert,26.9157,70.9083
2023-12-31T18:00,17.1,43,988.5,Jaisalmer_Desert,26.9157,70.9083
2023-12-31T19:00,15.9,50,989,Jaisalmer_Desert,26.9157,70.9083
2023-12-31T20:00,14.9,57,989.5,Jaisalmer_Desert,26.9157,70.9083
2023-12-31T21:00,14.1,64,989.9,Jaisalmer_Desert,26.9157,70.9083
2023-12-31T22:00,13.3,70,990,Jaisalmer_Desert,26.9157,70.9083
2023-12-31T23:00,12.5,77,989.9,Jaisalmer_Desert,26.9157,70.9083