timestamp,temperature_c,relative_humidity_pct,surface_pressure_hpa,station,latitude,longitude
2023-01-01T00:00,20.4,69,1014.9,Mumbai_Colaba,18.9067,72.8147
2023-01-01T01:00,19,75,1014.5,Mumbai_Colaba,18.9067,72.8147
2023-01-01T02:00,19.1,76,1014.2,Mumbai_Colaba,18.9067,72.8147
2023-01-01T03:00,18.8,82,1013.9,Mumbai_Colaba,18.9067,72.8147
2023-01-01T04:00,18.2,85,1013.9,Mumbai_Colaba,18.9067,72.8147
2023-01-01T05:00,17.7,88,1014.5,Mumbai_Colaba,18.9067,72.8147
2023-01-01T06:00,16.1,89,1015,Mumbai_Colaba,18.9067,72.8147
2023-01-01T07:00,16.3,87,1015.8,Mumbai_Colaba,18.9067,72.8147
2023-01-01T08:00,20.3,74,1016.6,Mumbai_Colaba,18.9067,72.8147
2023-01-01T09:00,22.4,63,1017.3,Mumbai_Colaba,18.9067,72.8147
2023-01-01T10:00,24.3,53,1017.4,Mumbai_Colaba,18.9067,72.8147
2023-01-01T11:00,25.6,47,1016.7,Mumbai_Colaba,18.9067,72.8147
2023-01-01T12:00,26.6,45,1015.6,Mumbai_Colaba,18.9067,72.8147
2023-01-01T13:00,27,46,1013.9,Mumbai_Colaba,18.9067,72.8147
2023-01-01T14:00,27,47,1012.9,Mumbai_Colaba,18.9067,72.8147
2023-01-01T15:00,26.5,50,1012.3,Mumbai_Colaba,18.9067,72.8147
2023-01-01T16:00,25.8,52,1012.3,Mumbai_Colaba,18.9067,72.8147
2023-01-01T17:00,24.8,62,1013,Mumbai_Colaba,18.9067,72.8147
2023-01-01T18:00,23.8,69,1013.7,Mumbai_Colaba,18.9067,72.8147
2023-01-01T19:00,23.5,71,1014.5,Mumbai_Colaba,18.9067,72.8147
2023-01-01T20:00,23.1,74,1015.1,Mumbai_Colaba,18.9067,72.8147
2023-01-01T21:00,22.3,77,1015.5,Mumbai_Colaba,18.9067,72.8147
2023-01-01T22:00,21.4,79,1015.4,Mumbai_Colaba,18.9067,72.8147
2023-01-01T23:00,20,84,1014.9,Mumbai_Colaba,18.9067,72.8147
2023-01-02T00:00,18.8,87,1014.3,Mumbai_Colaba,18.9067,72.8147
2023-01-02T01:00,18.1,87,1013.6,Mumbai_Colaba,18.9067,72.8147
2023-01-02T02:00,17.6,88,1013,Mumbai_Colaba,18.9067,72.8147
2023-01-02T03:00,18.7,88,1012.5,Mumbai_Colaba,18.9067,72.8147
2023-01-02T04:00,18.7,88,1012.5,Mumbai_Colaba,18.9067,72.8147
2023-01-02T05:00,17.6,90,1012.9,Mumbai_Colaba,18.9067,72.8147
2023-01-02T06:00,17.1,90,1013.6,Mumbai_Colaba,18.9067,72.8147
2023-01-02T07:00,17.6,89,1014.6,Mumbai_Colaba,18.9067,72.8147
2023-01-02T08:00,19.6,80,1015.3,Mumbai_Colaba,18.9067,72.8147
2023-01-02T09:00,23,60,1015.9,Mumbai_Colaba,18.9067,72.8147
2023-01-02T10:00,26.3,48,1015.6,Mumbai_Colaba,18.9067,72.8147
2023-01-02T11:00,28.1,45,1015,Mumbai_Colaba,18.9067,72.8147
2023-01-02T12:00,29.1,44,1014.2,Mumbai_Colaba,18.9067,72.8147
2023-01-02T13:00,28.9,48,1013.3,Mumbai_Colaba,18.9067,72.8147
2023-01-02T14:00,28.3,52,1012.3,Mumbai_Colaba,18.9067,72.8147
2023-01-02T15:00,28.2,53,1012,Mumbai_Colaba,18.9067,72.8147
2023-01-02T16:00,27.5,57,1011.7,Mumbai_Colaba,18.9067,72.8147
2023-01-02T17:00,26.2,67,1011.9,Mumbai_Colaba,18.9067,72.8147
2023-01-02T18:00,25.1,70,1012.7,Mumbai_Colaba,18.9067,72.8147
2023-01-02T19:00,24.4,75,1013.4,Mumbai_Colaba,18.9067,72.8147
2023-01-02T20:00,23.9,78,1014.3,Mumbai_Colaba,18.9067,72.8147
2023-01-02T21:00,23.2,77,1014.8,Mumbai_Colaba,18.9067,72.8147
2023-01-02T22:00,22,78,1014.9,Mumbai_Colaba,18.9067,72.8147
2023-01-02T23:00,20.5,82,1014.3,Mumbai_Colaba,18.9067,72.8147
2023-01-03T00:00,19.6,84,1013.9,Mumbai_Colaba,18.9067,72.8147
2023-01-03T01:00,20.2,81,1013.7,Mumbai_Colaba,18.9067,72.8147
2023-01-03T02:00,19.6,83,1013.1,Mumbai_Colaba,18.9067,72.8147
2023-01-03T03:00,18.5,88,1012.8,Mumbai_Colaba,18.9067,72.8147
2023-01-03T04:00,17.4,90,1012.8,Mumbai_Colaba,18.9067,72.8147
2023-01-03T05:00,17.4,87,1013,Mumbai_Colaba,18.9067,72.8147
2023-01-03T06:00,17.8,86,1013.6,Mumbai_Colaba,18.9067,72.8147
2023-01-03T07:00,17.4,88,1014.2,Mumbai_Colaba,18.9067,72.8147
2023-01-03T08:00,20.6,76,1014.9,Mumbai_Colaba,18.9067,72.8147
2023-01-03T09:00,23.4,63,1015.6,Mumbai_Colaba,18.9067,72.8147
2023-01-03T10:00,25.9,53,1015.7,Mumbai_Colaba,18.9067,72.8147
2023-01-03T11:00,27.7,48,1014.9,Mumbai_Colaba,18.9067,72.8147
2023-01-03T12:00,28.8,46,1013.7,Mumbai_Colaba,18.9067,72.8147
2023-01-03T13:00,28.8,50,1012.5,Mumbai_Colaba,18.9067,72.8147
2023-01-03T14:00,28.5,53,1011.5,Mumbai_Colaba,18.9067,72.8147
2023-01-03T15:00,27.6,57,1011.1,Mumbai_Colaba,18.9067,72.8147
2023-01-03T16:00,26.5,65,1011.3,Mumbai_Colaba,18.9067,72.8147
2023-01-03T17:00,25.6,70,1011.7,Mumbai_Colaba,18.9067,72.8147
2023-01-03T18:00,24.7,77,1012.7,Mumbai_Colaba,18.9067,72.8147
2023-01-03T19:00,24.3,82,1013.6,Mumbai_Colaba,18.9067,72.8147
2023-01-03T20:00,24,80,1014.4,Mumbai_Colaba,18.9067,72.8147
2023-01-03T21:00,23.5,79,1014.9,Mumbai_Colaba,18.9067,72.8147
2023-01-03T22:00,22.7,76,1014.9,Mumbai_Colaba,18.9067,72.8147
2023-01-03T23:00,21.4,78,1014.4,Mumbai_Colaba,18.9067,72.8147
2023-01-04T00:00,20,83,1013.7,Mumbai_Colaba,18.9067,72.8147
2023-01-04T01:00,20,83,1013.2,Mumbai_Colaba,18.9067,72.8147
2023-01-04T02:00,19.7,84,1012.7,Mumbai_Colaba,18.9067,72.8147
2023-01-04T03:00,18.4,87,1012.1,Mumbai_Colaba,18.9067,72.8147
2023-01-04T04:00,18.1,89,1011.9,Mumbai_Colaba,18.9067,72.8147
2023-01-04T05:00,18.9,91,1012.1,Mumbai_Colaba,18.9067,72.8147
2023-01-04T06:00,17.2,92,1012.6,Mumbai_Colaba,18.9067,72.8147
2023-01-04T07:00,17.6,92,1013.2,Mumbai_Colaba,18.9067,72.8147
2023-01-04T08:00,20.9,82,1014,Mumbai_Colaba,18.9067,72.8147
2023-01-04T09:00,23.2,67,1014.6,Mumbai_Colaba,18.9067,72.8147
2023-01-04T10:00,25.8,54,1014.4,Mumbai_Colaba,18.9067,72.8147
2023-01-04T11:00,27.7,49,1013.6,Mumbai_Colaba,18.9067,72.8147
2023-01-04T12:00,28.7,48,1012.5,Mumbai_Colaba,18.9067,72.8147
2023-01-04T13:00,28.4,51,1011.4,Mumbai_Colaba,18.9067,72.8147
2023-01-04T14:00,28,52,1010.5,Mumbai_Colaba,18.9067,72.8147
2023-01-04T15:00,27.6,54,1010.3,Mumbai_Colaba,18.9067,72.8147
2023-01-04T16:00,26.6,62,1010.3,Mumbai_Colaba,18.9067,72.8147
2023-01-04T17:00,25.7,67,1010.5,Mumbai_Colaba,18.9067,72.8147
2023-01-04T18:00,24.9,72,1010.9,Mumbai_Colaba,18.9067,72.8147
2023-01-04T19:00,24.5,76,1011.7,Mumbai_Colaba,18.9067,72.8147
2023-01-04T20:00,23.9,82,1012.4,Mumbai_Colaba,18.9067,72.8147
2023-01-04T21:00,22.7,87,1012.8,Mumbai_Colaba,18.9067,72.8147
2023-01-04T22:00,22.4,84,1012.8,Mumbai_Colaba,18.9067,72.8147
2023-01-04T23:00,23.3,79,1012.7,Mumbai_Colaba,18.9067,72.8147
2023-01-05T00:00,23.4,78,1012.3,Mumbai_Colaba,18.9067,72.8147
2023-01-05T01:00,20.5,89,1012.1,Mumbai_Colaba,18.9067,72.8147
2023-01-05T02:00,20.8,90,1011.6,Mumbai_Colaba,18.9067,72.8147
2023-01-05T03:00,19.8,90,1011.2,Mumbai_Colaba,18.9067,72.8147
2023-01-05T04:00,21.3,78,1010.9,Mumbai_Colaba,18.9067,72.8147
2023-01-05T05:00,21.2,73,1011.3,Mumbai_Colaba,18.9067,72.8147
2023-01-05T06:00,21.5,71,1012.1,Mumbai_Colaba,18.9067,72.8147
2023-01-05T07:00,21.2,73,1013,Mumbai_Colaba,18.9067,72.8147
2023-01-05T08:00,23.8,65,1013.9,Mumbai_Colaba,18.9067,72.8147
2023-01-05T09:00,26,58,1014.8,Mumbai_Colaba,18.9067,72.8147
2023-01-05T10:00,27.9,53,1015.1,Mumbai_Colaba,18.9067,72.8147
2023-01-05T11:00,29,53,1014.4,Mumbai_Colaba,18.9067,72.8147
2023-01-05T12:00,29.2,56,1013.4,Mumbai_Colaba,18.9067,72.8147
2023-01-05T13:00,28.8,57,1012.4,Mumbai_Colaba,18.9067,72.8147
2023-01-05T14:00,28.4,55,1011.6,Mumbai_Colaba,18.9067,72.8147
2023-01-05T15:00,28.7,55,1011.2,Mumbai_Colaba,18.9067,72.8147
2023-01-05T16:00,27.8,59,1011.2,Mumbai_Colaba,18.9067,72.8147
2023-01-05T17:00,26.7,64,1011.7,Mumbai_Colaba,18.9067,72.8147
2023-01-05T18:00,25.4,71,1012.5,Mumbai_Colaba,18.9067,72.8147
2023-01-05T19:00,24.9,80,1013.5,Mumbai_Colaba,18.9067,72.8147
2023-01-05T20:00,24.6,81,1014.4,Mumbai_Colaba,18.9067,72.8147
2023-01-05T21:00,24,81,1015.2,Mumbai_Colaba,18.9067,72.8147
2023-01-05T22:00,22.7,85,1015.4,Mumbai_Colaba,18.9067,72.8147
2023-01-05T23:00,22.3,86,1015.1,Mumbai_Colaba,18.9067,72.8147
2023-01-06T00:00,22.3,86,1014.5,Mumbai_Colaba,18.9067,72.8147
2023-01-06T01:00,21.7,87,1014,Mumbai_Colaba,18.9067,72.8147
2023-01-06T02:00,21.2,89,1013.4,Mumbai_Colaba,18.9067,72.8147
2023-01-06T03:00,21.3,89,1013,Mumbai_Colaba,18.9067,72.8147
2023-01-06T04:00,21.3,85,1012.8,Mumbai_Colaba,18.9067,72.8147
2023-01-06T05:00,21.4,81,1013.3,Mumbai_Colaba,18.9067,72.8147
2023-01-06T06:00,21.9,75,1014.1,Mumbai_Colaba,18.9067,72.8147
2023-01-06T07:00,22,71,1014.8,Mumbai_Colaba,18.9067,72.8147
2023-01-06T08:00,24.1,64,1016,Mumbai_Colaba,18.9067,72.8147
2023-01-06T09:00,26.9,54,1016.8,Mumbai_Colaba,18.9067,72.8147
2023-01-06T10:00,29.8,45,1017,Mumbai_Colaba,18.9067,72.8147
2023-01-06T11:00,31.6,37,1016.4,Mumbai_Colaba,18.9067,72.8147
2023-01-06T12:00,32,34,1015.3,Mumbai_Colaba,18.9067,72.8147
2023-01-06T13:00,31.2,44,1014,Mumbai_Colaba,18.9067,72.8147
2023-01-06T14:00,29.8,51,1013.2,Mumbai_Colaba,18.9067,72.8147
2023-01-06T15:00,29.4,53,1012.6,Mumbai_Colaba,18.9067,72.8147
2023-01-06T16:00,29.1,52,1012.4,Mumbai_Colaba,18.9067,72.8147
2023-01-06T17:00,28,61,1012.7,Mumbai_Colaba,18.9067,72.8147
2023-01-06T18:00,26.4,74,1013.5,Mumbai_Colaba,18.9067,72.8147
2023-01-06T19:00,26.2,72,1014.4,Mumbai_Colaba,18.9067,72.8147
2023-01-06T20:00,26,72,1015.1,Mumbai_Colaba,18.9067,72.8147
2023-01-06T21:00,25.8,72,1015.6,Mumbai_Colaba,18.9067,72.8147
2023-01-06T22:00,25.2,72,1015.8,Mumbai_Colaba,18.9067,72.8147
2023-01-06T23:00,24.4,72,1015.6,Mumbai_Colaba,18.9067,72.8147
2023-01-07T00:00,24.2,70,1015,Mumbai_Colaba,18.9067,72.8147
2023-01-07T01:00,23.9,67,1014.5,Mumbai_Colaba,18.9067,72.8147
2023-01-07T02:00,23.4,69,1013.8,Mumbai_Colaba,18.9067,72.8147
2023-01-07T03:00,23.5,68,1013.2,Mumbai_Colaba,18.9067,72.8147
2023-01-07T04:00,23.4,68,1013.1,Mumbai_Colaba,18.9067,72.8147
2023-01-07T05:00,23.6,68,1013.7,Mumbai_Colaba,18.9067,72.8147
2023-01-07T06:00,23.4,69,1014.7,Mumbai_Colaba,18.9067,72.8147
2023-01-07T07:00,23.1,71,1015.4,Mumbai_Colaba,18.9067,72.8147
2023-01-07T08:00,25,63,1016.1,Mumbai_Colaba,18.9067,72.8147
2023-01-07T09:00,27.3,56,1016.8,Mumbai_Colaba,18.9067,72.8147
2023-01-07T10:00,29.7,48,1016.9,Mumbai_Colaba,18.9067,72.8147
2023-01-07T11:00,31.6,40,1016.3,Mumbai_Colaba,18.9067,72.8147
2023-01-07T12:00,32.2,37,1015.1,Mumbai_Colaba,18.9067,72.8147
2023-01-07T13:00,32.2,35,1013.8,Mumbai_Colaba,18.9067,72.8147
2023-01-07T14:00,31.8,35,1012.5,Mumbai_Colaba,18.9067,72.8147
2023-01-07T15:00,30.3,53,1011.7,Mumbai_Colaba,18.9067,72.8147
2023-01-07T16:00,29.1,59,1011.5,Mumbai_Colaba,18.9067,72.8147
2023-01-07T17:00,27.4,68,1012.5,Mumbai_Colaba,18.9067,72.8147
2023-01-07T18:00,26.3,71,1013,Mumbai_Colaba,18.9067,72.8147
2023-01-07T19:00,26,70,1014,Mumbai_Colaba,18.9067,72.8147
2023-01-07T20:00,25.9,70,1014.6,Mumbai_Colaba,18.9067,72.8147
2023-01-07T21:00,25.4,76,1015,Mumbai_Colaba,18.9067,72.8147
2023-01-07T22:00,25,78,1015,Mumbai_Colaba,18.9067,72.8147
2023-01-07T23:00,24.5,79,1014.7,Mumbai_Colaba,18.9067,72.8147
2023-01-08T00:00,24.2,79,1014.2,Mumbai_Colaba,18.9067,72.8147
2023-01-08T01:00,22.9,83,1013.7,Mumbai_Colaba,18.9067,72.8147
2023-01-08T02:00,22,83,1013.2,Mumbai_Colaba,18.9067,72.8147
2023-01-08T03:00,21.7,80,1012.6,Mumbai_Colaba,18.9067,72.8147
2023-01-08T04:00,22.1,70,1012.6,Mumbai_Colaba,18.9067,72.8147
2023-01-08T05:00,22.5,63,1013.3,Mumbai_Colaba,18.9067,72.8147
2023-01-08T06:00,22.7,62,1013.9,Mumbai_Colaba,18.9067,72.8147
2023-01-08T07:00,22.7,62,1014.5,Mumbai_Colaba,18.9067,72.8147
2023-01-08T08:00,24.3,58,1015.3,Mumbai_Colaba,18.9067,72.8147
2023-01-08T09:00,26.6,51,1015.8,Mumbai_Colaba,18.9067,72.8147
2023-01-08T10:00,29.2,43,1015.7,Mumbai_Colaba,18.9067,72.8147
2023-01-08T11:00,31.1,35,1014.9,Mumbai_Colaba,18.9067,72.8147
2023-01-08T12:00,31.7,34,1013.8,Mumbai_Colaba,18.9067,72.8147
2023-01-08T13:00,31.7,34,1012.6,Mumbai_Colaba,18.9067,72.8147
2023-01-08T14:00,31.2,35,1011.7,Mumbai_Colaba,18.9067,72.8147
2023-01-08T15:00,30.1,44,1011.1,Mumbai_Colaba,18.9067,72.8147
2023-01-08T16:00,28.1,54,1011,Mumbai_Colaba,18.9067,72.8147
2023-01-08T17:00,27,54,1011.2,Mumbai_Colaba,18.9067,72.8147
2023-01-08T18:00,26.1,57,1011.9,Mumbai_Colaba,18.9067,72.8147
2023-01-08T19:00,25.9,64,1012.6,Mumbai_Colaba,18.9067,72.8147
2023-01-08T20:00,25.9,60,1013.5,Mumbai_Colaba,18.9067,72.8147
2023-01-08T21:00,25.4,60,1014,Mumbai_Colaba,18.9067,72.8147
2023-01-08T22:00,24.5,63,1014.3,Mumbai_Colaba,18.9067,72.8147
2023-01-08T23:00,23.3,67,1014.1,Mumbai_Colaba,18.9067,72.8147
2023-01-09T00:00,22.2,67,1013.9,Mumbai_Colaba,18.9067,72.8147
2023-01-09T01:00,22.3,59,1013.5,Mumbai_Colaba,18.9067,72.8147
2023-01-09T02:00,21.5,60,1013,Mumbai_Colaba,18.9067,72.8147
2023-01-09T03:00,21.6,54,1012.8,Mumbai_Colaba,18.9067,72.8147
2023-01-09T04:00,21.3,50,1012.9,Mumbai_Colaba,18.9067,72.8147
2023-01-09T05:00,20.2,52,1013.8,Mumbai_Colaba,18.9067,72.8147
2023-01-09T06:00,20.4,49,1014.6,Mumbai_Colaba,18.9067,72.8147
2023-01-09T07:00,20.3,48,1015.3,Mumbai_Colaba,18.9067,72.8147
2023-01-09T08:00,22.2,43,1016.2,Mumbai_Colaba,18.9067,72.8147
2023-01-09T09:00,24.9,36,1016.9,Mumbai_Colaba,18.9067,72.8147
2023-01-09T10:00,27.7,31,1017,Mumbai_Colaba,18.9067,72.8147
2023-01-09T11:00,30.1,27,1016.2,Mumbai_Colaba,18.9067,72.8147
2023-01-09T12:00,31,27,1015.3,Mumbai_Colaba,18.9067,72.8147
2023-01-09T13:00,31,30,1014.1,Mumbai_Colaba,18.9067,72.8147
2023-01-09T14:00,30.3,35,1013.2,Mumbai_Colaba,18.9067,72.8147
2023-01-09T15:00,29.1,41,1012.9,Mumbai_Colaba,18.9067,72.8147
2023-01-09T16:00,27.5,48,1012.8,Mumbai_Colaba,18.9067,72.8147
2023-01-09T17:00,26.4,58,1012.8,Mumbai_Colaba,18.9067,72.8147
2023-01-09T18:00,25.3,70,1013.4,Mumbai_Colaba,18.9067,72.8147
2023-01-09T19:00,25.2,64,1014.3,Mumbai_Colaba,18.9067,72.8147
2023-01-09T20:00,24.8,61,1015,Mumbai_Colaba,18.9067,72.8147
2023-01-09T21:00,24.1,61,1015.3,Mumbai_Colaba,18.9067,72.8147
2023-01-09T22:00,23.1,56,1015.2,Mumbai_Colaba,18.9067,72.8147
2023-01-09T23:00,21.2,58,1015,Mumbai_Colaba,18.9067,72.8147
2023-01-10T00:00,20.1,62,1014.6,Mumbai_Colaba,18.9067,72.8147
2023-01-10T01:00,19.8,64,1014.2,Mumbai_Colaba,18.9067,72.8147
2023-01-10T02:00,19.5,64,1013.7,Mumbai_Colaba,18.9067,72.8147
2023-01-10T03:00,19.8,63,1013.3,Mumbai_Colaba,18.9067,72.8147
2023-01-10T04:00,19.4,60,1013.2,Mumbai_Colaba,18.9067,72.8147
2023-01-10T05:00,19.1,47,1014,Mumbai_Colaba,18.9067,72.8147
2023-01-10T06:00,19.2,43,1014.5,Mumbai_Colaba,18.9067,72.8147
2023-01-10T07:00,19.6,40,1015.2,Mumbai_Colaba,18.9067,72.8147
2023-01-10T08:00,21.8,35,1016,Mumbai_Colaba,18.9067,72.8147
2023-01-10T09:00,24.7,31,1016.5,Mumbai_Colaba,18.9067,72.8147
2023-01-10T10:00,27.6,27,1016.6,Mumbai_Colaba,18.9067,72.8147
2023-01-10T11:00,30,24,1015.9,Mumbai_Colaba,18.9067,72.8147
2023-01-10T12:00,31.4,20,1014.9,Mumbai_Colaba,18.9067,72.8147
2023-01-10T13:00,31.6,25,1013.4,Mumbai_Colaba,18.9067,72.8147
2023-01-10T14:00,30.8,35,1012.3,Mumbai_Colaba,18.9067,72.8147
2023-01-10T15:00,29.9,41,1011.6,Mumbai_Colaba,18.9067,72.8147
2023-01-10T16:00,27.9,46,1011.4,Mumbai_Colaba,18.9067,72.8147
2023-01-10T17:00,26.2,63,1011.5,Mumbai_Colaba,18.9067,72.8147
2023-01-10T18:00,25.4,67,1011.7,Mumbai_Colaba,18.9067,72.8147
2023-01-10T19:00,25.3,62,1012.5,Mumbai_Colaba,18.9067,72.8147
2023-01-10T20:00,24.9,60,1013.2,Mumbai_Colaba,18.9067,72.8147
2023-01-10T21:00,23.7,64,1013.6,Mumbai_Colaba,18.9067,72.8147
2023-01-10T22:00,22.7,59,1013.7,Mumbai_Colaba,18.9067,72.8147
2023-01-10T23:00,20.6,61,1013.3,Mumbai_Colaba,18.9067,72.8147
2023-01-11T00:00,20.5,61,1012.5,Mumbai_Colaba,18.9067,72.8147
2023-01-11T01:00,18.7,67,1011.8,Mumbai_Colaba,18.9067,72.8147
2023-01-11T02:00,18.1,69,1011.1,Mumbai_Colaba,18.9067,72.8147
2023-01-11T03:00,17.1,77,1010.6,Mumbai_Colaba,18.9067,72.8147
2023-01-11T04:00,16.6,77,1010.7,Mumbai_Colaba,18.9067,72.8147
2023-01-11T05:00,15.8,75,1011.6,Mumbai_Colaba,18.9067,72.8147
2023-01-11T06:00,16.1,74,1012.4,Mumbai_Colaba,18.9067,72.8147
2023-01-11T07:00,16.4,69,1013,Mumbai_Colaba,18.9067,72.8147
2023-01-11T08:00,19.5,56,1013.9,Mumbai_Colaba,18.9067,72.8147
2023-01-11T09:00,23.1,44,1014.6,Mumbai_Colaba,18.9067,72.8147
2023-01-11T10:00,26.5,35,1014.7,Mumbai_Colaba,18.9067,72.8147
2023-01-11T11:00,28.8,32,1013.9,Mumbai_Colaba,18.9067,72.8147
2023-01-11T12:00,29.8,33,1013,Mumbai_Colaba,18.9067,72.8147
2023-01-11T13:00,29.7,35,1011.7,Mumbai_Colaba,18.9067,72.8147
2023-01-11T14:00,29.1,40,1011,Mumbai_Colaba,18.9067,72.8147
2023-01-11T15:00,27.9,50,1010.6,Mumbai_Colaba,18.9067,72.8147
2023-01-11T16:00,26.8,55,1010.3,Mumbai_Colaba,18.9067,72.8147
2023-01-11T17:00,25.4,65,1010.7,Mumbai_Colaba,18.9067,72.8147
2023-01-11T18:00,24.3,70,1011,Mumbai_Colaba,18.9067,72.8147
2023-01-11T19:00,23.8,74,1011.7,Mumbai_Colaba,18.9067,72.8147
2023-01-11T20:00,23.5,73,1012.5,Mumbai_Colaba,18.9067,72.8147
2023-01-11T21:00,22.3,77,1012.8,Mumbai_Colaba,18.9067,72.8147
2023-01-11T22:00,20.6,82,1013,Mumbai_Colaba,18.9067,72.8147
2023-01-11T23:00,19,82,1012.7,Mumbai_Colaba,18.9067,72.8147
2023-01-12T00:00,19.7,75,1012,Mumbai_Colaba,18.9067,72.8147
2023-01-12T01:00,19.6,76,1011.3,Mumbai_Colaba,18.9067,72.8147
2023-01-12T02:00,17,86,1011,Mumbai_Colaba,18.9067,72.8147
2023-01-12T03:00,17.8,80,1010.5,Mumbai_Colaba,18.9067,72.8147
2023-01-12T04:00,18.6,77,1010.6,Mumbai_Colaba,18.9067,72.8147
2023-01-12T05:00,18.1,82,1011.1,Mumbai_Colaba,18.9067,72.8147
2023-01-12T06:00,16.9,81,1011.9,Mumbai_Colaba,18.9067,72.8147
2023-01-12T07:00,16.7,74,1012.3,Mumbai_Colaba,18.9067,72.8147
2023-01-12T08:00,20.1,56,1013.1,Mumbai_Colaba,18.9067,72.8147
2023-01-12T09:00,23.2,45,1013.7,Mumbai_Colaba,18.9067,72.8147
2023-01-12T10:00,25.5,39,1013.7,Mumbai_Colaba,18.9067,72.8147
2023-01-12T11:00,27,36,1013.2,Mumbai_Colaba,18.9067,72.8147
2023-01-12T12:00,27.7,37,1012.2,Mumbai_Colaba,18.9067,72.8147
2023-01-12T13:00,27.6,47,1010.9,Mumbai_Colaba,18.9067,72.8147
2023-01-12T14:00,27.2,56,1010,Mumbai_Colaba,18.9067,72.8147
2023-01-12T15:00,26.9,54,1009.5,Mumbai_Colaba,18.9067,72.8147
2023-01-12T16:00,26.2,60,1009.4,Mumbai_Colaba,18.9067,72.8147
2023-01-12T17:00,25,69,1009.6,Mumbai_Colaba,18.9067,72.8147
2023-01-12T18:00,23.9,76,1010.4,Mumbai_Colaba,18.9067,72.8147
2023-01-12T19:00,23.4,82,1011.2,Mumbai_Colaba,18.9067,72.8147
2023-01-12T20:00,23.1,87,1011.9,Mumbai_Colaba,18.9067,72.8147
2023-01-12T21:00,22.8,90,1012.2,Mumbai_Colaba,18.9067,72.8147
2023-01-12T22:00,22.4,91,1012.6,Mumbai_Colaba,18.9067,72.8147
2023-01-12T23:00,22,91,1012.6,Mumbai_Colaba,18.9067,72.8147
2023-01-13T00:00,21.7,91,1012.2,Mumbai_Colaba,18.9067,72.8147
2023-01-13T01:00,21.2,91,1011.8,Mumbai_Colaba,18.9067,72.8147
2023-01-13T02:00,21.1,91,1011.6,Mumbai_Colaba,18.9067,72.8147
2023-01-13T03:00,20.8,91,1011.2,Mumbai_Colaba,18.9067,72.8147
2023-01-13T04:00,20.6,89,1011.1,Mumbai_Colaba,18.9067,72.8147
2023-01-13T05:00,20.6,90,1011.8,Mumbai_Colaba,18.9067,72.8147
2023-01-13T06:00,20.5,87,1012.5,Mumbai_Colaba,18.9067,72.8147
2023-01-13T07:00,20.2,86,1013.3,Mumbai_Colaba,18.9067,72.8147
2023-01-13T08:00,22.2,79,1014,Mumbai_Colaba,18.9067,72.8147
2023-01-13T09:00,23.7,68,1014.9,Mumbai_Colaba,18.9067,72.8147
2023-01-13T10:00,25,58,1015.2,Mumbai_Colaba,18.9067,72.8147
2023-01-13T11:00,25.9,52,1014.5,Mumbai_Colaba,18.9067,72.8147
2023-01-13T12:00,26.6,46,1013.5,Mumbai_Colaba,18.9067,72.8147
2023-01-13T13:00,26.8,43,1012.1,Mumbai_Colaba,18.9067,72.8147
2023-01-13T14:00,26.2,48,1011.1,Mumbai_Colaba,18.9067,72.8147
2023-01-13T15:00,25.3,51,1010.5,Mumbai_Colaba,18.9067,72.8147
2023-01-13T16:00,24.6,56,1010.6,Mumbai_Colaba,18.9067,72.8147
2023-01-13T17:00,23.6,63,1011,Mumbai_Colaba,18.9067,72.8147
2023-01-13T18:00,22.7,70,1011.7,Mumbai_Colaba,18.9067,72.8147
2023-01-13T19:00,22.2,74,1012.4,Mumbai_Colaba,18.9067,72.8147
2023-01-13T20:00,21.9,77,1013.2,Mumbai_Colaba,18.9067,72.8147
2023-01-13T21:00,21.4,78,1013.9,Mumbai_Colaba,18.9067,72.8147
2023-01-13T22:00,20.8,80,1014.1,Mumbai_Colaba,18.9067,72.8147
2023-01-13T23:00,20.1,83,1013.8,Mumbai_Colaba,18.9067,72.8147
2023-01-14T00:00,19.6,85,1013.2,Mumbai_Colaba,18.9067,72.8147
2023-01-14T01:00,19.1,84,1012.9,Mumbai_Colaba,18.9067,72.8147
2023-01-14T02:00,18.5,84,1012.5,Mumbai_Colaba,18.9067,72.8147
2023-01-14T03:00,18.1,83,1012.1,Mumbai_Colaba,18.9067,72.8147
2023-01-14T04:00,17.5,85,1011.9,Mumbai_Colaba,18.9067,72.8147
2023-01-14T05:00,16.9,89,1012.4,Mumbai_Colaba,18.9067,72.8147
2023-01-14T06:00,16.1,91,1012.9,Mumbai_Colaba,18.9067,72.8147
2023-01-14T07:00,16.5,90,1013.5,Mumbai_Colaba,18.9067,72.8147
2023-01-14T08:00,18.6,82,1014.2,Mumbai_Colaba,18.9067,72.8147
2023-01-14T09:00,20.3,71,1014.8,Mumbai_Colaba,18.9067,72.8147
2023-01-14T10:00,22.3,61,1014.7,Mumbai_Colaba,18.9067,72.8147
2023-01-14T11:00,23.9,54,1013.5,Mumbai_Colaba,18.9067,72.8147
2023-01-14T12:00,24.9,49,1012.4,Mumbai_Colaba,18.9067,72.8147
2023-01-14T13:00,25.4,45,1011.3,Mumbai_Colaba,18.9067,72.8147
2023-01-14T14:00,25.5,46,1010.4,Mumbai_Colaba,18.9067,72.8147
2023-01-14T15:00,25.3,48,1010.1,Mumbai_Colaba,18.9067,72.8147
2023-01-14T16:00,24.9,50,1010.3,Mumbai_Colaba,18.9067,72.8147
2023-01-14T17:00,23.8,52,1010.5,Mumbai_Colaba,18.9067,72.8147
2023-01-14T18:00,22.7,58,1011.3,Mumbai_Colaba,18.9067,72.8147
2023-01-14T19:00,22.2,60,1012.1,Mumbai_Colaba,18.9067,72.8147
2023-01-14T20:00,21.9,62,1012.7,Mumbai_Colaba,18.9067,72.8147
2023-01-14T21:00,21.2,63,1013.1,Mumbai_Colaba,18.9067,72.8147
2023-01-14T22:00,20.4,63,1013.3,Mumbai_Colaba,18.9067,72.8147
2023-01-14T23:00,19.6,64,1013.1,Mumbai_Colaba,18.9067,72.8147
2023-01-15T00:00,18.5,67,1012.6,Mumbai_Colaba,18.9067,72.8147
2023-01-15T01:00,17,74,1012,Mumbai_Colaba,18.9067,72.8147
2023-01-15T02:00,16.5,77,1011.4,Mumbai_Colaba,18.9067,72.8147
2023-01-15T03:00,15.7,82,1010.6,Mumbai_Colaba,18.9067,72.8147
2023-01-15T04:00,15.2,84,1010.2,Mumbai_Colaba,18.9067,72.8147
2023-01-15T05:00,14.7,87,1010.4,Mumbai_Colaba,18.9067,72.8147
2023-01-15T06:00,14.6,87,1011.2,Mumbai_Colaba,18.9067,72.8147
2023-01-15T07:00,15.3,85,1012.1,Mumbai_Colaba,18.9067,72.8147
2023-01-15T08:00,17.9,74,1012.7,Mumbai_Colaba,18.9067,72.8147
2023-01-15T09:00,20.1,61,1013,Mumbai_Colaba,18.9067,72.8147
2023-01-15T10:00,22.8,51,1012.8,Mumbai_Colaba,18.9067,72.8147
2023-01-15T11:00,24.7,47,1011.9,Mumbai_Colaba,18.9067,72.8147
2023-01-15T12:00,25.5,47,1011,Mumbai_Colaba,18.9067,72.8147
2023-01-15T13:00,25.3,52,1010.1,Mumbai_Colaba,18.9067,72.8147
2023-01-15T14:00,25.4,52,1009,Mumbai_Colaba,18.9067,72.8147
2023-01-15T15:00,25.2,54,1008.4,Mumbai_Colaba,18.9067,72.8147
2023-01-15T16:00,24.5,58,1008.5,Mumbai_Colaba,18.9067,72.8147
2023-01-15T17:00,23.8,63,1008.8,Mumbai_Colaba,18.9067,72.8147
2023-01-15T18:00,22.8,71,1009.3,Mumbai_Colaba,18.9067,72.8147
2023-01-15T19:00,22.4,74,1010.2,Mumbai_Colaba,18.9067,72.8147
2023-01-15T20:00,22.1,75,1010.8,Mumbai_Colaba,18.9067,72.8147
2023-01-15T21:00,21.1,80,1011.1,Mumbai_Colaba,18.9067,72.8147
2023-01-15T22:00,19.1,89,1011.5,Mumbai_Colaba,18.9067,72.8147
2023-01-15T23:00,18.6,89,1011.2,Mumbai_Colaba,18.9067,72.8147
2023-01-16T00:00,17.9,90,1010.8,Mumbai_Colaba,18.9067,72.8147
2023-01-16T01:00,18.1,87,1010.5,Mumbai_Colaba,18.9067,72.8147
2023-01-16T02:00,20.1,80,1010.2,Mumbai_Colaba,18.9067,72.8147
2023-01-16T03:00,20.1,81,1009.8,Mumbai_Colaba,18.9067,72.8147
2023-01-16T04:00,17.7,89,1010,Mumbai_Colaba,18.9067,72.8147
2023-01-16T05:00,15.7,95,1010.1,Mumbai_Colaba,18.9067,72.8147
2023-01-16T06:00,14.6,95,1011.1,Mumbai_Colaba,18.9067,72.8147
2023-01-16T07:00,14.6,94,1011.8,Mumbai_Colaba,18.9067,72.8147
2023-01-16T08:00,17,91,1012.6,Mumbai_Colaba,18.9067,72.8147
2023-01-16T09:00,20.3,75,1013.3,Mumbai_Colaba,18.9067,72.8147
2023-01-16T10:00,23.2,59,1013.2,Mumbai_Colaba,18.9067,72.8147
2023-01-16T11:00,25.1,51,1012.6,Mumbai_Colaba,18.9067,72.8147
2023-01-16T12:00,25.9,52,1011.6,Mumbai_Colaba,18.9067,72.8147
2023-01-16T13:00,25.7,54,1010.7,Mumbai_Colaba,18.9067,72.8147
2023-01-16T14:00,25.4,54,1009.7,Mumbai_Colaba,18.9067,72.8147
2023-01-16T15:00,25.1,56,1009.2,Mumbai_Colaba,18.9067,72.8147
2023-01-16T16:00,24.6,59,1009,Mumbai_Colaba,18.9067,72.8147
2023-01-16T17:00,23.8,63,1009.3,Mumbai_Colaba,18.9067,72.8147
2023-01-16T18:00,22.6,70,1010.1,Mumbai_Colaba,18.9067,72.8147
2023-01-16T19:00,22.2,74,1010.9,Mumbai_Colaba,18.9067,72.8147
2023-01-16T20:00,21.9,78,1011.7,Mumbai_Colaba,18.9067,72.8147
2023-01-16T21:00,21.2,82,1012.1,Mumbai_Colaba,18.9067,72.8147
2023-01-16T22:00,20,85,1012,Mumbai_Colaba,18.9067,72.8147
2023-01-16T23:00,17.8,90,1011.9,Mumbai_Colaba,18.9067,72.8147
2023-01-17T00:00,17.9,88,1011.6,Mumbai_Colaba,18.9067,72.8147
2023-01-17T01:00,16.9,90,1011.3,Mumbai_Colaba,18.9067,72.8147
2023-01-17T02:00,16.9,89,1010.9,Mumbai_Colaba,18.9067,72.8147
2023-01-17T03:00,17,89,1010.3,Mumbai_Colaba,18.9067,72.8147
2023-01-17T04:00,15.4,93,1010.1,Mumbai_Colaba,18.9067,72.8147
2023-01-17T05:00,15.3,90,1010.4,Mumbai_Colaba,18.9067,72.8147
2023-01-17T06:00,15.6,88,1010.8,Mumbai_Colaba,18.9067,72.8147
2023-01-17T07:00,14.1,92,1011.7,Mumbai_Colaba,18.9067,72.8147
2023-01-17T08:00,17.8,83,1012.7,Mumbai_Colaba,18.9067,72.8147
2023-01-17T09:00,20.7,67,1013.2,Mumbai_Colaba,18.9067,72.8147
2023-01-17T10:00,23.3,56,1013.6,Mumbai_Colaba,18.9067,72.8147
2023-01-17T11:00,25.4,50,1013.1,Mumbai_Colaba,18.9067,72.8147
2023-01-17T12:00,26.4,48,1011.9,Mumbai_Colaba,18.9067,72.8147
2023-01-17T13:00,26.5,51,1010.8,Mumbai_Colaba,18.9067,72.8147
2023-01-17T14:00,26.4,51,1010,Mumbai_Colaba,18.9067,72.8147
2023-01-17T15:00,26.2,51,1009.4,Mumbai_Colaba,18.9067,72.8147
2023-01-17T16:00,25.4,60,1009.4,Mumbai_Colaba,18.9067,72.8147
2023-01-17T17:00,24.4,65,1010,Mumbai_Colaba,18.9067,72.8147
2023-01-17T18:00,23.1,77,1010.9,Mumbai_Colaba,18.9067,72.8147
2023-01-17T19:00,22.6,80,1011.6,Mumbai_Colaba,18.9067,72.8147
2023-01-17T20:00,22.1,84,1012.3,Mumbai_Colaba,18.9067,72.8147
2023-01-17T21:00,21.2,89,1012.9,Mumbai_Colaba,18.9067,72.8147
2023-01-17T22:00,19.5,92,1012.8,Mumbai_Colaba,18.9067,72.8147
2023-01-17T23:00,19.6,89,1012.5,Mumbai_Colaba,18.9067,72.8147
2023-01-18T00:00,20.9,84,1012.3,Mumbai_Colaba,18.9067,72.8147
2023-01-18T01:00,20.6,86,1012,Mumbai_Colaba,18.9067,72.8147
2023-01-18T02:00,20.3,87,1011.6,Mumbai_Colaba,18.9067,72.8147
2023-01-18T03:00,16.7,94,1011,Mumbai_Colaba,18.9067,72.8147
2023-01-18T04:00,15.3,95,1011.1,Mumbai_Colaba,18.9067,72.8147
2023-01-18T05:00,16.1,94,1011.7,Mumbai_Colaba,18.9067,72.8147
2023-01-18T06:00,15.5,93,1012.3,Mumbai_Colaba,18.9067,72.8147
2023-01-18T07:00,14.9,95,1013.1,Mumbai_Colaba,18.9067,72.8147
2023-01-18T08:00,16.8,88,1013.6,Mumbai_Colaba,18.9067,72.8147
2023-01-18T09:00,21,72,1014.3,Mumbai_Colaba,18.9067,72.8147
2023-01-18T10:00,25.5,51,1014.3,Mumbai_Colaba,18.9067,72.8147
2023-01-18T11:00,28.4,39,1013.7,Mumbai_Colaba,18.9067,72.8147
2023-01-18T12:00,29.5,38,1012.6,Mumbai_Colaba,18.9067,72.8147
2023-01-18T13:00,29.3,42,1011.5,Mumbai_Colaba,18.9067,72.8147
2023-01-18T14:00,28.8,40,1010.6,Mumbai_Colaba,18.9067,72.8147
2023-01-18T15:00,28.2,42,1010.1,Mumbai_Colaba,18.9067,72.8147
2023-01-18T16:00,27,54,1010,Mumbai_Colaba,18.9067,72.8147
2023-01-18T17:00,25.5,65,1010.2,Mumbai_Colaba,18.9067,72.8147
2023-01-18T18:00,23.9,78,1011.1,Mumbai_Colaba,18.9067,72.8147
2023-01-18T19:00,23.3,82,1012,Mumbai_Colaba,18.9067,72.8147
2023-01-18T20:00,22.7,83,1013,Mumbai_Colaba,18.9067,72.8147
2023-01-18T21:00,21.4,88,1013.6,Mumbai_Colaba,18.9067,72.8147
2023-01-18T22:00,20.3,89,1013.8,Mumbai_Colaba,18.9067,72.8147
2023-01-18T23:00,20.9,80,1013.3,Mumbai_Colaba,18.9067,72.8147
2023-01-19T00:00,21.8,74,1012.8,Mumbai_Colaba,18.9067,72.8147
2023-01-19T01:00,21.2,77,1012.3,Mumbai_Colaba,18.9067,72.8147
2023-01-19T02:00,20.7,77,1011.6,Mumbai_Colaba,18.9067,72.8147
2023-01-19T03:00,19.3,79,1011.1,Mumbai_Colaba,18.9067,72.8147
2023-01-19T04:00,17.1,84,1011.2,Mumbai_Colaba,18.9067,72.8147
2023-01-19T05:00,19.9,79,1011.6,Mumbai_Colaba,18.9067,72.8147
2023-01-19T06:00,14.7,93,1012.4,Mumbai_Colaba,18.9067,72.8147
2023-01-19T07:00,14.5,91,1013.2,Mumbai_Colaba,18.9067,72.8147
2023-01-19T08:00,19.1,75,1014.2,Mumbai_Colaba,18.9067,72.8147
2023-01-19T09:00,22.1,59,1014.7,Mumbai_Colaba,18.9067,72.8147
2023-01-19T10:00,24.6,49,1014.8,Mumbai_Colaba,18.9067,72.8147
2023-01-19T11:00,26.5,43,1014.1,Mumbai_Colaba,18.9067,72.8147
2023-01-19T12:00,27.4,43,1012.9,Mumbai_Colaba,18.9067,72.8147
2023-01-19T13:00,27.6,48,1011.7,Mumbai_Colaba,18.9067,72.8147
2023-01-19T14:00,27.5,49,1010.7,Mumbai_Colaba,18.9067,72.8147
2023-01-19T15:00,27.3,51,1010.2,Mumbai_Colaba,18.9067,72.8147
2023-01-19T16:00,26.5,60,1010,Mumbai_Colaba,18.9067,72.8147
2023-01-19T17:00,25.2,69,1010.2,Mumbai_Colaba,18.9067,72.8147
2023-01-19T18:00,23.8,78,1010.7,Mumbai_Colaba,18.9067,72.8147
2023-01-19T19:00,23.2,83,1011.3,Mumbai_Colaba,18.9067,72.8147
2023-01-19T20:00,22.4,88,1012.1,Mumbai_Colaba,18.9067,72.8147
2023-01-19T21:00,20.9,91,1012.7,Mumbai_Colaba,18.9067,72.8147
2023-01-19T22:00,19.9,90,1012.9,Mumbai_Colaba,18.9067,72.8147
2023-01-19T23:00,21.1,82,1012.6,Mumbai_Colaba,18.9067,72.8147
2023-01-20T00:00,22.4,75,1012.1,Mumbai_Colaba,18.9067,72.8147
2023-01-20T01:00,21.2,79,1011.5,Mumbai_Colaba,18.9067,72.8147
2023-01-20T02:00,18.9,88,1011,Mumbai_Colaba,18.9067,72.8147
2023-01-20T03:00,19,88,1010.6,Mumbai_Colaba,18.9067,72.8147
2023-01-20T04:00,17.8,89,1010.4,Mumbai_Colaba,18.9067,72.8147
2023-01-20T05:00,17.8,92,1011,Mumbai_Colaba,18.9067,72.8147
2023-01-20T06:00,17.3,93,1011.8,Mumbai_Colaba,18.9067,72.8147
2023-01-20T07:00,18.1,90,1012.7,Mumbai_Colaba,18.9067,72.8147
2023-01-20T08:00,20.2,80,1013.8,Mumbai_Colaba,18.9067,72.8147
2023-01-20T09:00,22.5,64,1014.5,Mumbai_Colaba,18.9067,72.8147
2023-01-20T10:00,25.2,50,1014.6,Mumbai_Colaba,18.9067,72.8147
2023-01-20T11:00,26.8,45,1013.9,Mumbai_Colaba,18.9067,72.8147
2023-01-20T12:00,27.1,44,1013,Mumbai_Colaba,18.9067,72.8147
2023-01-20T13:00,27,44,1011.9,Mumbai_Colaba,18.9067,72.8147
2023-01-20T14:00,27.1,44,1011.1,Mumbai_Colaba,18.9067,72.8147
2023-01-20T15:00,26.7,48,1010.6,Mumbai_Colaba,18.9067,72.8147
2023-01-20T16:00,26.1,56,1010.5,Mumbai_Colaba,18.9067,72.8147
2023-01-20T17:00,25.2,64,1010.7,Mumbai_Colaba,18.9067,72.8147
2023-01-20T18:00,23.9,72,1011,Mumbai_Colaba,18.9067,72.8147
2023-01-20T19:00,23,79,1011.9,Mumbai_Colaba,18.9067,72.8147
2023-01-20T20:00,22,85,1012.7,Mumbai_Colaba,18.9067,72.8147
2023-01-20T21:00,21.3,88,1013,Mumbai_Colaba,18.9067,72.8147
2023-01-20T22:00,21.3,86,1013.3,Mumbai_Colaba,18.9067,72.8147
2023-01-20T23:00,20.9,85,1012.9,Mumbai_Colaba,18.9067,72.8147
2023-01-21T00:00,20,87,1012.6,Mumbai_Colaba,18.9067,72.8147
2023-01-21T01:00,18.2,90,1012,Mumbai_Colaba,18.9067,72.8147
2023-01-21T02:00,18,88,1011.5,Mumbai_Colaba,18.9067,72.8147
2023-01-21T03:00,17.3,88,1011.3,Mumbai_Colaba,18.9067,72.8147
2023-01-21T04:00,17.2,88,1011.3,Mumbai_Colaba,18.9067,72.8147
2023-01-21T05:00,17.3,91,1011.9,Mumbai_Colaba,18.9067,72.8147
2023-01-21T06:00,18.7,90,1012.5,Mumbai_Colaba,18.9067,72.8147
2023-01-21T07:00,18.6,90,1013.3,Mumbai_Colaba,18.9067,72.8147
2023-01-21T08:00,19.9,84,1014.2,Mumbai_Colaba,18.9067,72.8147
2023-01-21T09:00,21.9,70,1014.8,Mumbai_Colaba,18.9067,72.8147
2023-01-21T10:00,24.6,53,1015,Mumbai_Colaba,18.9067,72.8147
2023-01-21T11:00,26.2,43,1014.1,Mumbai_Colaba,18.9067,72.8147
2023-01-21T12:00,27.1,41,1013.2,Mumbai_Colaba,18.9067,72.8147
2023-01-21T13:00,27,46,1012,Mumbai_Colaba,18.9067,72.8147
2023-01-21T14:00,26.9,47,1010.8,Mumbai_Colaba,18.9067,72.8147
2023-01-21T15:00,26.4,50,1010.4,Mumbai_Colaba,18.9067,72.8147
2023-01-21T16:00,25.5,54,1010.2,Mumbai_Colaba,18.9067,72.8147
2023-01-21T17:00,24.4,59,1010.7,Mumbai_Colaba,18.9067,72.8147
2023-01-21T18:00,23.5,65,1011,Mumbai_Colaba,18.9067,72.8147
2023-01-21T19:00,23.3,65,1012,Mumbai_Colaba,18.9067,72.8147
2023-01-21T20:00,23,71,1012.7,Mumbai_Colaba,18.9067,72.8147
2023-01-21T21:00,22.6,69,1013.1,Mumbai_Colaba,18.9067,72.8147
2023-01-21T22:00,21.8,68,1013.3,Mumbai_Colaba,18.9067,72.8147
2023-01-21T23:00,21,66,1013,Mumbai_Colaba,18.9067,72.8147
2023-01-22T00:00,20.7,63,1012.5,Mumbai_Colaba,18.9067,72.8147
2023-01-22T01:00,20.4,64,1012,Mumbai_Colaba,18.9067,72.8147
2023-01-22T02:00,20.2,69,1011.6,Mumbai_Colaba,18.9067,72.8147
2023-01-22T03:00,19.7,72,1011.1,Mumbai_Colaba,18.9067,72.8147
2023-01-22T04:00,19.2,70,1010.9,Mumbai_Colaba,18.9067,72.8147
2023-01-22T05:00,19,72,1011.1,Mumbai_Colaba,18.9067,72.8147
2023-01-22T06:00,18.9,71,1011.8,Mumbai_Colaba,18.9067,72.8147
2023-01-22T07:00,18.6,75,1012.6,Mumbai_Colaba,18.9067,72.8147
2023-01-22T08:00,20.1,67,1013.7,Mumbai_Colaba,18.9067,72.8147
2023-01-22T09:00,22,53,1014.4,Mumbai_Colaba,18.9067,72.8147
2023-01-22T10:00,24,43,1014.6,Mumbai_Colaba,18.9067,72.8147
2023-01-22T11:00,25.5,38,1013.8,Mumbai_Colaba,18.9067,72.8147
2023-01-22T12:00,26.4,37,1012.5,Mumbai_Colaba,18.9067,72.8147
2023-01-22T13:00,26.5,40,1011.1,Mumbai_Colaba,18.9067,72.8147
2023-01-22T14:00,26.1,43,1010,Mumbai_Colaba,18.9067,72.8147
2023-01-22T15:00,25.5,47,1009.5,Mumbai_Colaba,18.9067,72.8147
2023-01-22T16:00,24.7,49,1009.4,Mumbai_Colaba,18.9067,72.8147
2023-01-22T17:00,23.8,57,1010.1,Mumbai_Colaba,18.9067,72.8147
2023-01-22T18:00,22.8,62,1010.5,Mumbai_Colaba,18.9067,72.8147
2023-01-22T19:00,22.7,62,1011.3,Mumbai_Colaba,18.9067,72.8147
2023-01-22T20:00,22.4,60,1011.8,Mumbai_Colaba,18.9067,72.8147
2023-01-22T21:00,21.8,61,1012.3,Mumbai_Colaba,18.9067,72.8147
2023-01-22T22:00,20.9,63,1012.6,Mumbai_Colaba,18.9067,72.8147
2023-01-22T23:00,20.1,64,1012.6,Mumbai_Colaba,18.9067,72.8147
2023-01-23T00:00,19.7,65,1012.1,Mumbai_Colaba,18.9067,72.8147
2023-01-23T01:00,19.6,63,1011.6,Mumbai_Colaba,18.9067,72.8147
2023-01-23T02:00,19.5,62,1011.1,Mumbai_Colaba,18.9067,72.8147
2023-01-23T03:00,19.3,62,1010.4,Mumbai_Colaba,18.9067,72.8147
2023-01-23T04:00,18.7,66,1010.1,Mumbai_Colaba,18.9067,72.8147
2023-01-23T05:00,16.5,82,1010.6,Mumbai_Colaba,18.9067,72.8147
2023-01-23T06:00,16,83,1011.2,Mumbai_Colaba,18.9067,72.8147
2023-01-23T07:00,15.7,84,1011.7,Mumbai_Colaba,18.9067,72.8147
2023-01-23T08:00,19.4,66,1012.6,Mumbai_Colaba,18.9067,72.8147
2023-01-23T09:00,21.2,55,1013.3,Mumbai_Colaba,18.9067,72.8147
2023-01-23T10:00,22.9,48,1013.5,Mumbai_Colaba,18.9067,72.8147
2023-01-23T11:00,24.3,43,1012.8,Mumbai_Colaba,18.9067,72.8147
2023-01-23T12:00,25.4,39,1011.5,Mumbai_Colaba,18.9067,72.8147
2023-01-23T13:00,25.6,41,1010.6,Mumbai_Colaba,18.9067,72.8147
2023-01-23T14:00,25.2,47,1009.7,Mumbai_Colaba,18.9067,72.8147
2023-01-23T15:00,24.7,50,1009.3,Mumbai_Colaba,18.9067,72.8147
2023-01-23T16:00,24.1,54,1009.3,Mumbai_Colaba,18.9067,72.8147
2023-01-23T17:00,23.2,60,1009.4,Mumbai_Colaba,18.9067,72.8147
2023-01-23T18:00,22.3,64,1010.1,Mumbai_Colaba,18.9067,72.8147
2023-01-23T19:00,22.1,64,1010.7,Mumbai_Colaba,18.9067,72.8147
2023-01-23T20:00,21.9,61,1011.6,Mumbai_Colaba,18.9067,72.8147
2023-01-23T21:00,21.5,66,1012.2,Mumbai_Colaba,18.9067,72.8147
2023-01-23T22:00,20.8,66,1012.5,Mumbai_Colaba,18.9067,72.8147
2023-01-23T23:00,20,68,1012.3,Mumbai_Colaba,18.9067,72.8147
2023-01-24T00:00,19.4,67,1011.8,Mumbai_Colaba,18.9067,72.8147
2023-01-24T01:00,18.6,67,1011.3,Mumbai_Colaba,18.9067,72.8147
2023-01-24T02:00,18.8,64,1010.8,Mumbai_Colaba,18.9067,72.8147
2023-01-24T03:00,18.8,62,1010.4,Mumbai_Colaba,18.9067,72.8147
2023-01-24T04:00,18.6,62,1010.4,Mumbai_Colaba,18.9067,72.8147
2023-01-24T05:00,17,72,1010.7,Mumbai_Colaba,18.9067,72.8147
2023-01-24T06:00,16.3,77,1011.5,Mumbai_Colaba,18.9067,72.8147
2023-01-24T07:00,15.9,81,1012.1,Mumbai_Colaba,18.9067,72.8147
2023-01-24T08:00,19.8,63,1013,Mumbai_Colaba,18.9067,72.8147
2023-01-24T09:00,21.5,49,1013.8,Mumbai_Colaba,18.9067,72.8147
2023-01-24T10:00,23.1,39,1014.3,Mumbai_Colaba,18.9067,72.8147
2023-01-24T11:00,24.5,39,1013.6,Mumbai_Colaba,18.9067,72.8147
2023-01-24T12:00,25.3,43,1012.4,Mumbai_Colaba,18.9067,72.8147
2023-01-24T13:00,25.4,44,1011.1,Mumbai_Colaba,18.9067,72.8147
2023-01-24T14:00,24.7,51,1009.9,Mumbai_Colaba,18.9067,72.8147
2023-01-24T15:00,24.3,53,1009.4,Mumbai_Colaba,18.9067,72.8147
2023-01-24T16:00,23.9,55,1009.3,Mumbai_Colaba,18.9067,72.8147
2023-01-24T17:00,22.6,62,1010.1,Mumbai_Colaba,18.9067,72.8147
2023-01-24T18:00,22,63,1010.9,Mumbai_Colaba,18.9067,72.8147
2023-01-24T19:00,21.9,61,1011.4,Mumbai_Colaba,18.9067,72.8147
2023-01-24T20:00,21.6,62,1012,Mumbai_Colaba,18.9067,72.8147
2023-01-24T21:00,21.2,63,1012.4,Mumbai_Colaba,18.9067,72.8147
2023-01-24T22:00,20.8,63,1012.6,Mumbai_Colaba,18.9067,72.8147
2023-01-24T23:00,20.2,65,1012.5,Mumbai_Colaba,18.9067,72.8147
2023-01-25T00:00,19.7,68,1012.1,Mumbai_Colaba,18.9067,72.8147
2023-01-25T01:00,19.2,69,1011.9,Mumbai_Colaba,18.9067,72.8147
2023-01-25T02:00,18.6,67,1011.3,Mumbai_Colaba,18.9067,72.8147
2023-01-25T03:00,18.2,66,1010.8,Mumbai_Colaba,18.9067,72.8147
2023-01-25T04:00,18,67,1010.8,Mumbai_Colaba,18.9067,72.8147
2023-01-25T05:00,17.8,67,1011.2,Mumbai_Colaba,18.9067,72.8147
2023-01-25T06:00,18.4,62,1011.8,Mumbai_Colaba,18.9067,72.8147
2023-01-25T07:00,18.5,59,1012.3,Mumbai_Colaba,18.9067,72.8147
2023-01-25T08:00,19.8,52,1013,Mumbai_Colaba,18.9067,72.8147
2023-01-25T09:00,21.4,42,1013.5,Mumbai_Colaba,18.9067,72.8147
2023-01-25T10:00,23.1,38,1013.6,Mumbai_Colaba,18.9067,72.8147
2023-01-25T11:00,24.7,35,1012.6,Mumbai_Colaba,18.9067,72.8147
2023-01-25T12:00,26,35,1011.5,Mumbai_Colaba,18.9067,72.8147
2023-01-25T13:00,26.2,41,1010.4,Mumbai_Colaba,18.9067,72.8147
2023-01-25T14:00,25.5,49,1009.4,Mumbai_Colaba,18.9067,72.8147
2023-01-25T15:00,25,54,1009,Mumbai_Colaba,18.9067,72.8147
2023-01-25T16:00,24.1,58,1008.9,Mumbai_Colaba,18.9067,72.8147
2023-01-25T17:00,23.2,60,1009.8,Mumbai_Colaba,18.9067,72.8147
2023-01-25T18:00,22.4,65,1010.3,Mumbai_Colaba,18.9067,72.8147
2023-01-25T19:00,22.3,66,1011,Mumbai_Colaba,18.9067,72.8147
2023-01-25T20:00,22,65,1011.6,Mumbai_Colaba,18.9067,72.8147
2023-01-25T21:00,21.5,65,1012,Mumbai_Colaba,18.9067,72.8147
2023-01-25T22:00,20.9,64,1012.1,Mumbai_Colaba,18.9067,72.8147
2023-01-25T23:00,20.4,64,1011.9,Mumbai_Colaba,18.9067,72.8147
2023-01-26T00:00,20,64,1011.6,Mumbai_Colaba,18.9067,72.8147
2023-01-26T01:00,19.6,65,1011.2,Mumbai_Colaba,18.9067,72.8147
2023-01-26T02:00,19.3,64,1010.7,Mumbai_Colaba,18.9067,72.8147
2023-01-26T03:00,19.4,63,1010.2,Mumbai_Colaba,18.9067,72.8147
2023-01-26T04:00,19.4,62,1010.3,Mumbai_Colaba,18.9067,72.8147
2023-01-26T05:00,19,66,1010.5,Mumbai_Colaba,18.9067,72.8147
2023-01-26T06:00,18.7,68,1011.2,Mumbai_Colaba,18.9067,72.8147
2023-01-26T07:00,19.2,66,1011.7,Mumbai_Colaba,18.9067,72.8147
2023-01-26T08:00,20.7,60,1012.3,Mumbai_Colaba,18.9067,72.8147
2023-01-26T09:00,22.2,55,1012.8,Mumbai_Colaba,18.9067,72.8147
2023-01-26T10:00,24.1,50,1012.9,Mumbai_Colaba,18.9067,72.8147
2023-01-26T11:00,25.8,47,1012.2,Mumbai_Colaba,18.9067,72.8147
2023-01-26T12:00,26.8,47,1011,Mumbai_Colaba,18.9067,72.8147
2023-01-26T13:00,26.7,51,1009.9,Mumbai_Colaba,18.9067,72.8147
2023-01-26T14:00,26.2,55,1009,Mumbai_Colaba,18.9067,72.8147
2023-01-26T15:00,25.7,58,1008.7,Mumbai_Colaba,18.9067,72.8147
2023-01-26T16:00,25.1,63,1008.8,Mumbai_Colaba,18.9067,72.8147
2023-01-26T17:00,24.5,69,1008.9,Mumbai_Colaba,18.9067,72.8147
2023-01-26T18:00,23.5,78,1009.7,Mumbai_Colaba,18.9067,72.8147
2023-01-26T19:00,23.4,75,1010.5,Mumbai_Colaba,18.9067,72.8147
2023-01-26T20:00,23.2,76,1011.3,Mumbai_Colaba,18.9067,72.8147
2023-01-26T21:00,22.9,74,1011.7,Mumbai_Colaba,18.9067,72.8147
2023-01-26T22:00,22.5,72,1011.8,Mumbai_Colaba,18.9067,72.8147
2023-01-26T23:00,22.5,69,1011.3,Mumbai_Colaba,18.9067,72.8147
2023-01-27T00:00,22.3,68,1010.9,Mumbai_Colaba,18.9067,72.8147
2023-01-27T01:00,22,71,1010.2,Mumbai_Colaba,18.9067,72.8147
2023-01-27T02:00,21.4,74,1009.7,Mumbai_Colaba,18.9067,72.8147
2023-01-27T03:00,21.2,75,1009.3,Mumbai_Colaba,18.9067,72.8147
2023-01-27T04:00,21.1,75,1009.1,Mumbai_Colaba,18.9067,72.8147
2023-01-27T05:00,20.5,78,1009.5,Mumbai_Colaba,18.9067,72.8147
2023-01-27T06:00,20.5,75,1010.2,Mumbai_Colaba,18.9067,72.8147
2023-01-27T07:00,21,75,1010.7,Mumbai_Colaba,18.9067,72.8147
2023-01-27T08:00,23.5,66,1011.2,Mumbai_Colaba,18.9067,72.8147
2023-01-27T09:00,27.2,54,1011.7,Mumbai_Colaba,18.9067,72.8147
2023-01-27T10:00,30.4,44,1011.8,Mumbai_Colaba,18.9067,72.8147
2023-01-27T11:00,32.6,35,1011,Mumbai_Colaba,18.9067,72.8147
2023-01-27T12:00,33.1,31,1009.7,Mumbai_Colaba,18.9067,72.8147
2023-01-27T13:00,31.9,44,1008.4,Mumbai_Colaba,18.9067,72.8147
2023-01-27T14:00,30.2,53,1007.5,Mumbai_Colaba,18.9067,72.8147
2023-01-27T15:00,29.5,52,1007.1,Mumbai_Colaba,18.9067,72.8147
2023-01-27T16:00,28.7,58,1007.3,Mumbai_Colaba,18.9067,72.8147
2023-01-27T17:00,27.1,69,1008,Mumbai_Colaba,18.9067,72.8147
2023-01-27T18:00,24.9,79,1009.1,Mumbai_Colaba,18.9067,72.8147
2023-01-27T19:00,24.2,83,1009.8,Mumbai_Colaba,18.9067,72.8147
2023-01-27T20:00,24.2,80,1010.6,Mumbai_Colaba,18.9067,72.8147
2023-01-27T21:00,23.1,86,1011.2,Mumbai_Colaba,18.9067,72.8147
2023-01-27T22:00,24.2,80,1011.1,Mumbai_Colaba,18.9067,72.8147
2023-01-27T23:00,22.2,90,1010.8,Mumbai_Colaba,18.9067,72.8147
2023-01-28T00:00,21.8,92,1010,Mumbai_Colaba,18.9067,72.8147
2023-01-28T01:00,23.4,85,1009.3,Mumbai_Colaba,18.9067,72.8147
2023-01-28T02:00,23.3,85,1008.7,Mumbai_Colaba,18.9067,72.8147
2023-01-28T03:00,20.2,93,1008.3,Mumbai_Colaba,18.9067,72.8147
2023-01-28T04:00,19.9,92,1008.3,Mumbai_Colaba,18.9067,72.8147
2023-01-28T05:00,19.5,93,1008.7,Mumbai_Colaba,18.9067,72.8147
2023-01-28T06:00,19,91,1009.5,Mumbai_Colaba,18.9067,72.8147
2023-01-28T07:00,18.6,89,1010.2,Mumbai_Colaba,18.9067,72.8147
2023-01-28T08:00,22.4,69,1010.8,Mumbai_Colaba,18.9067,72.8147
2023-01-28T09:00,26,52,1011.4,Mumbai_Colaba,18.9067,72.8147
2023-01-28T10:00,29.6,37,1011.4,Mumbai_Colaba,18.9067,72.8147
2023-01-28T11:00,31.2,32,1010.6,Mumbai_Colaba,18.9067,72.8147
2023-01-28T12:00,30.7,42,1009.4,Mumbai_Colaba,18.9067,72.8147
2023-01-28T13:00,30,48,1008.3,Mumbai_Colaba,18.9067,72.8147
2023-01-28T14:00,29.7,46,1007.4,Mumbai_Colaba,18.9067,72.8147
2023-01-28T15:00,29.2,53,1006.8,Mumbai_Colaba,18.9067,72.8147
2023-01-28T16:00,28.2,58,1006.8,Mumbai_Colaba,18.9067,72.8147
2023-01-28T17:00,26.7,69,1007,Mumbai_Colaba,18.9067,72.8147
2023-01-28T18:00,25.3,80,1007.3,Mumbai_Colaba,18.9067,72.8147
2023-01-28T19:00,24.6,84,1008.1,Mumbai_Colaba,18.9067,72.8147
2023-01-28T20:00,23.6,91,1009.4,Mumbai_Colaba,18.9067,72.8147
2023-01-28T21:00,23.2,94,1009.9,Mumbai_Colaba,18.9067,72.8147
2023-01-28T22:00,22.8,94,1010.2,Mumbai_Colaba,18.9067,72.8147
2023-01-28T23:00,22.5,95,1009.7,Mumbai_Colaba,18.9067,72.8147
2023-01-29T00:00,21.5,95,1009.3,Mumbai_Colaba,18.9067,72.8147
2023-01-29T01:00,21.3,95,1008.7,Mumbai_Colaba,18.9067,72.8147
2023-01-29T02:00,20.8,95,1008.1,Mumbai_Colaba,18.9067,72.8147
2023-01-29T03:00,21.4,92,1007.7,Mumbai_Colaba,18.9067,72.8147
2023-01-29T04:00,20.8,94,1007.8,Mumbai_Colaba,18.9067,72.8147
2023-01-29T05:00,21.8,89,1007.7,Mumbai_Colaba,18.9067,72.8147
2023-01-29T06:00,20.9,91,1008.4,Mumbai_Colaba,18.9067,72.8147
2023-01-29T07:00,21.1,88,1009.3,Mumbai_Colaba,18.9067,72.8147
2023-01-29T08:00,23,79,1010,Mumbai_Colaba,18.9067,72.8147
2023-01-29T09:00,24.3,79,1010.6,Mumbai_Colaba,18.9067,72.8147
2023-01-29T10:00,26.2,72,1010.8,Mumbai_Colaba,18.9067,72.8147
2023-01-29T11:00,27.1,70,1010,Mumbai_Colaba,18.9067,72.8147
2023-01-29T12:00,26.6,73,1009.1,Mumbai_Colaba,18.9067,72.8147
2023-01-29T13:00,26,75,1008.1,Mumbai_Colaba,18.9067,72.8147
2023-01-29T14:00,26.1,74,1007.1,Mumbai_Colaba,18.9067,72.8147
2023-01-29T15:00,26,72,1006.9,Mumbai_Colaba,18.9067,72.8147
2023-01-29T16:00,25.3,75,1007.2,Mumbai_Colaba,18.9067,72.8147
2023-01-29T17:00,24.4,80,1007.3,Mumbai_Colaba,18.9067,72.8147
2023-01-29T18:00,23.6,84,1007.8,Mumbai_Colaba,18.9067,72.8147
2023-01-29T19:00,23.4,86,1008.7,Mumbai_Colaba,18.9067,72.8147
2023-01-29T20:00,23.2,87,1009.8,Mumbai_Colaba,18.9067,72.8147
2023-01-29T21:00,22.9,88,1010.7,Mumbai_Colaba,18.9067,72.8147
2023-01-29T22:00,22.3,91,1011.1,Mumbai_Colaba,18.9067,72.8147
2023-01-29T23:00,22.2,92,1010.8,Mumbai_Colaba,18.9067,72.8147
2023-01-30T00:00,22,92,1010.5,Mumbai_Colaba,18.9067,72.8147
2023-01-30T01:00,21.8,93,1010.4,Mumbai_Colaba,18.9067,72.8147
2023-01-30T02:00,21.6,93,1010,Mumbai_Colaba,18.9067,72.8147
2023-01-30T03:00,21.3,93,1009.8,Mumbai_Colaba,18.9067,72.8147
2023-01-30T04:00,21.1,93,1010.2,Mumbai_Colaba,18.9067,72.8147
2023-01-30T05:00,21.1,94,1010.3,Mumbai_Colaba,18.9067,72.8147
2023-01-30T06:00,21,93,1011.2,Mumbai_Colaba,18.9067,72.8147
2023-01-30T07:00,21.2,93,1012.1,Mumbai_Colaba,18.9067,72.8147
2023-01-30T08:00,22.6,85,1013.2,Mumbai_Colaba,18.9067,72.8147
2023-01-30T09:00,24.2,71,1013.9,Mumbai_Colaba,18.9067,72.8147
2023-01-30T10:00,25.6,58,1014.1,Mumbai_Colaba,18.9067,72.8147
2023-01-30T11:00,26.9,55,1013.6,Mumbai_Colaba,18.9067,72.8147
2023-01-30T12:00,27.7,54,1012.3,Mumbai_Colaba,18.9067,72.8147
2023-01-30T13:00,27.2,59,1011,Mumbai_Colaba,18.9067,72.8147
2023-01-30T14:00,26.8,61,1010.1,Mumbai_Colaba,18.9067,72.8147
2023-01-30T15:00,26.7,62,1009.5,Mumbai_Colaba,18.9067,72.8147
2023-01-30T16:00,25.4,68,1009.8,Mumbai_Colaba,18.9067,72.8147
2023-01-30T17:00,24.8,73,1010.1,Mumbai_Colaba,18.9067,72.8147
2023-01-30T18:00,23.4,85,1010.5,Mumbai_Colaba,18.9067,72.8147
2023-01-30T19:00,23.3,83,1011.3,Mumbai_Colaba,18.9067,72.8147
2023-01-30T20:00,23.3,84,1012,Mumbai_Colaba,18.9067,72.8147
2023-01-30T21:00,23.2,83,1012.4,Mumbai_Colaba,18.9067,72.8147
2023-01-30T22:00,22.9,82,1012.7,Mumbai_Colaba,18.9067,72.8147
2023-01-30T23:00,22.4,82,1012.5,Mumbai_Colaba,18.9067,72.8147
2023-01-31T00:00,22.2,82,1012.1,Mumbai_Colaba,18.9067,72.8147
2023-01-31T01:00,22.2,80,1011.8,Mumbai_Colaba,18.9067,72.8147
2023-01-31T02:00,22.2,79,1011.2,Mumbai_Colaba,18.9067,72.8147
2023-01-31T03:00,21.8,81,1010.8,Mumbai_Colaba,18.9067,72.8147
2023-01-31T04:00,21.6,82,1010.7,Mumbai_Colaba,18.9067,72.8147
2023-01-31T05:00,21.8,81,1011,Mumbai_Colaba,18.9067,72.8147
2023-01-31T06:00,21.2,82,1011.7,Mumbai_Colaba,18.9067,72.8147
2023-01-31T07:00,21,82,1012.2,Mumbai_Colaba,18.9067,72.8147
2023-01-31T08:00,22.8,72,1013.1,Mumbai_Colaba,18.9067,72.8147
2023-01-31T09:00,24.6,64,1013.6,Mumbai_Colaba,18.9067,72.8147
2023-01-31T10:00,27,56,1013.9,Mumbai_Colaba,18.9067,72.8147
2023-01-31T11:00,29.1,49,1013,Mumbai_Colaba,18.9067,72.8147
2023-01-31T12:00,30.2,47,1011.8,Mumbai_Colaba,18.9067,72.8147
2023-01-31T13:00,29.9,54,1010.3,Mumbai_Colaba,18.9067,72.8147
2023-01-31T14:00,28.9,60,1009,Mumbai_Colaba,18.9067,72.8147
2023-01-31T15:00,28.1,57,1008.4,Mumbai_Colaba,18.9067,72.8147
2023-01-31T16:00,27.5,60,1008,Mumbai_Colaba,18.9067,72.8147
2023-01-31T17:00,26.8,65,1008.3,Mumbai_Colaba,18.9067,72.8147
2023-01-31T18:00,25.2,78,1008.9,Mumbai_Colaba,18.9067,72.8147
2023-01-31T19:00,25.2,73,1009.8,Mumbai_Colaba,18.9067,72.8147
2023-01-31T20:00,25.7,63,1010.6,Mumbai_Colaba,18.9067,72.8147
2023-01-31T21:00,26.1,55,1010.9,Mumbai_Colaba,18.9067,72.8147
2023-01-31T22:00,25.8,55,1011.4,Mumbai_Colaba,18.9067,72.8147
2023-01-31T23:00,25.4,56,1011,Mumbai_Colaba,18.9067,72.8147
2023-02-01T00:00,24.6,59,1010.5,Mumbai_Colaba,18.9067,72.8147
2023-02-01T01:00,23.8,63,1009.9,Mumbai_Colaba,18.9067,72.8147
2023-02-01T02:00,23,66,1009.4,Mumbai_Colaba,18.9067,72.8147
2023-02-01T03:00,22.4,66,1009,Mumbai_Colaba,18.9067,72.8147
2023-02-01T04:00,21.7,68,1009,Mumbai_Colaba,18.9067,72.8147
2023-02-01T05:00,22,64,1009.2,Mumbai_Colaba,18.9067,72.8147
2023-02-01T06:00,22.7,62,1010.1,Mumbai_Colaba,18.9067,72.8147
2023-02-01T07:00,23,62,1011.4,Mumbai_Colaba,18.9067,72.8147
2023-02-01T08:00,24.3,59,1011.9,Mumbai_Colaba,18.9067,72.8147
2023-02-01T09:00,26.9,52,1012.7,Mumbai_Colaba,18.9067,72.8147
2023-02-01T10:00,29.3,45,1012.8,Mumbai_Colaba,18.9067,72.8147
2023-02-01T11:00,31.5,39,1012.2,Mumbai_Colaba,18.9067,72.8147
2023-02-01T12:00,33.3,31,1011.1,Mumbai_Colaba,18.9067,72.8147
2023-02-01T13:00,34.1,26,1010,Mumbai_Colaba,18.9067,72.8147
2023-02-01T14:00,33.3,27,1008.9,Mumbai_Colaba,18.9067,72.8147
2023-02-01T15:00,33.2,22,1008.5,Mumbai_Colaba,18.9067,72.8147
2023-02-01T16:00,30.3,46,1008.4,Mumbai_Colaba,18.9067,72.8147
2023-02-01T17:00,29.2,54,1007.9,Mumbai_Colaba,18.9067,72.8147
2023-02-01T18:00,27.6,57,1008.6,Mumbai_Colaba,18.9067,72.8147
2023-02-01T19:00,27.6,54,1009.7,Mumbai_Colaba,18.9067,72.8147
2023-02-01T20:00,27.8,52,1010.6,Mumbai_Colaba,18.9067,72.8147
2023-02-01T21:00,27.6,49,1011.1,Mumbai_Colaba,18.9067,72.8147
2023-02-01T22:00,27.2,47,1011.4,Mumbai_Colaba,18.9067,72.8147
2023-02-01T23:00,26.8,48,1011.1,Mumbai_Colaba,18.9067,72.8147
2023-02-02T00:00,25.6,53,1010.7,Mumbai_Colaba,18.9067,72.8147
2023-02-02T01:00,24.8,58,1010.3,Mumbai_Colaba,18.9067,72.8147
2023-02-02T02:00,24.2,60,1009.9,Mumbai_Colaba,18.9067,72.8147
2023-02-02T03:00,23.7,62,1009.4,Mumbai_Colaba,18.9067,72.8147
2023-02-02T04:00,23.3,63,1009.3,Mumbai_Colaba,18.9067,72.8147
2023-02-02T05:00,23.2,64,1009.6,Mumbai_Colaba,18.9067,72.8147
2023-02-02T06:00,23.1,63,1010.4,Mumbai_Colaba,18.9067,72.8147
2023-02-02T07:00,23.2,62,1011.4,Mumbai_Colaba,18.9067,72.8147
2023-02-02T08:00,25.1,56,1012,Mumbai_Colaba,18.9067,72.8147
2023-02-02T09:00,28.1,45,1012.7,Mumbai_Colaba,18.9067,72.8147
2023-02-02T10:00,31,38,1012.8,Mumbai_Colaba,18.9067,72.8147
2023-02-02T11:00,33.3,30,1012,Mumbai_Colaba,18.9067,72.8147
2023-02-02T12:00,34.2,27,1011,Mumbai_Colaba,18.9067,72.8147
2023-02-02T13:00,34.5,26,1009.7,Mumbai_Colaba,18.9067,72.8147
2023-02-02T14:00,34.4,25,1008.5,Mumbai_Colaba,18.9067,72.8147
2023-02-02T15:00,33.3,31,1007.8,Mumbai_Colaba,18.9067,72.8147
2023-02-02T16:00,30.6,52,1007.9,Mumbai_Colaba,18.9067,72.8147
2023-02-02T17:00,28.5,59,1008.6,Mumbai_Colaba,18.9067,72.8147
2023-02-02T18:00,26.1,61,1009.1,Mumbai_Colaba,18.9067,72.8147
2023-02-02T19:00,26.2,62,1010,Mumbai_Colaba,18.9067,72.8147
2023-02-02T20:00,26.5,59,1010.9,Mumbai_Colaba,18.9067,72.8147
2023-02-02T21:00,26.3,57,1011.6,Mumbai_Colaba,18.9067,72.8147
2023-02-02T22:00,25.9,55,1011.9,Mumbai_Colaba,18.9067,72.8147
2023-02-02T23:00,25.1,56,1012,Mumbai_Colaba,18.9067,72.8147
2023-02-03T00:00,23.8,58,1011.6,Mumbai_Colaba,18.9067,72.8147
2023-02-03T01:00,23.8,54,1011.2,Mumbai_Colaba,18.9067,72.8147
2023-02-03T02:00,22.8,58,1010.6,Mumbai_Colaba,18.9067,72.8147
2023-02-03T03:00,21.9,65,1010.1,Mumbai_Colaba,18.9067,72.8147
2023-02-03T04:00,21.5,70,1009.9,Mumbai_Colaba,18.9067,72.8147
2023-02-03T05:00,20.7,74,1010.8,Mumbai_Colaba,18.9067,72.8147
2023-02-03T06:00,20.9,69,1011.2,Mumbai_Colaba,18.9067,72.8147
2023-02-03T07:00,21.3,58,1011.9,Mumbai_Colaba,18.9067,72.8147
2023-02-03T08:00,23.9,48,1012.8,Mumbai_Colaba,18.9067,72.8147
2023-02-03T09:00,27,40,1013.7,Mumbai_Colaba,18.9067,72.8147
2023-02-03T10:00,29.5,33,1013.7,Mumbai_Colaba,18.9067,72.8147
2023-02-03T11:00,31.8,28,1012.9,Mumbai_Colaba,18.9067,72.8147
2023-02-03T12:00,32.8,25,1011.6,Mumbai_Colaba,18.9067,72.8147
2023-02-03T13:00,31.9,36,1010.4,Mumbai_Colaba,18.9067,72.8147
2023-02-03T14:00,31.1,43,1009.1,Mumbai_Colaba,18.9067,72.8147
2023-02-03T15:00,30.1,46,1008.5,Mumbai_Colaba,18.9067,72.8147
2023-02-03T16:00,28.8,53,1008.6,Mumbai_Colaba,18.9067,72.8147
2023-02-03T17:00,27.6,55,1009.3,Mumbai_Colaba,18.9067,72.8147
2023-02-03T18:00,25.9,64,1009.9,Mumbai_Colaba,18.9067,72.8147
2023-02-03T19:00,25.4,62,1010.8,Mumbai_Colaba,18.9067,72.8147
2023-02-03T20:00,25.3,59,1011.9,Mumbai_Colaba,18.9067,72.8147
2023-02-03T21:00,24.9,59,1012.5,Mumbai_Colaba,18.9067,72.8147
2023-02-03T22:00,24.4,58,1012.8,Mumbai_Colaba,18.9067,72.8147
2023-02-03T23:00,24.1,56,1012.6,Mumbai_Colaba,18.9067,72.8147
2023-02-04T00:00,22.3,62,1012,Mumbai_Colaba,18.9067,72.8147
2023-02-04T01:00,21.4,65,1011.4,Mumbai_Colaba,18.9067,72.8147
2023-02-04T02:00,20.9,67,1010.6,Mumbai_Colaba,18.9067,72.8147
2023-02-04T03:00,21.6,64,1009.7,Mumbai_Colaba,18.9067,72.8147
2023-02-04T04:00,20.8,64,1009.6,Mumbai_Colaba,18.9067,72.8147
2023-02-04T05:00,19.6,72,1009.7,Mumbai_Colaba,18.9067,72.8147
2023-02-04T06:00,18.6,85,1010.3,Mumbai_Colaba,18.9067,72.8147
2023-02-04T07:00,19.3,85,1010.8,Mumbai_Colaba,18.9067,72.8147
2023-02-04T08:00,22.2,71,1011.7,Mumbai_Colaba,18.9067,72.8147
2023-02-04T09:00,25.1,49,1011.9,Mumbai_Colaba,18.9067,72.8147
2023-02-04T10:00,28.3,36,1012.1,Mumbai_Colaba,18.9067,72.8147
2023-02-04T11:00,30.3,34,1011.3,Mumbai_Colaba,18.9067,72.8147
2023-02-04T12:00,31.1,36,1010.2,Mumbai_Colaba,18.9067,72.8147
2023-02-04T13:00,31.1,39,1009.1,Mumbai_Colaba,18.9067,72.8147
2023-02-04T14:00,30.5,43,1008.2,Mumbai_Colaba,18.9067,72.8147
2023-02-04T15:00,29.7,43,1007.6,Mumbai_Colaba,18.9067,72.8147
2023-02-04T16:00,28.3,51,1007.6,Mumbai_Colaba,18.9067,72.8147
2023-02-04T17:00,26.8,59,1008.1,Mumbai_Colaba,18.9067,72.8147
2023-02-04T18:00,25,76,1008.5,Mumbai_Colaba,18.9067,72.8147
2023-02-04T19:00,24.6,72,1009.1,Mumbai_Colaba,18.9067,72.8147
2023-02-04T20:00,25,67,1009.9,Mumbai_Colaba,18.9067,72.8147
2023-02-04T21:00,24.9,63,1010.7,Mumbai_Colaba,18.9067,72.8147
2023-02-04T22:00,24.3,59,1011,Mumbai_Colaba,18.9067,72.8147
2023-02-04T23:00,22.5,61,1011,Mumbai_Colaba,18.9067,72.8147
2023-02-05T00:00,21.8,60,1010.3,Mumbai_Colaba,18.9067,72.8147
2023-02-05T01:00,21.9,60,1009.4,Mumbai_Colaba,18.9067,72.8147
2023-02-05T02:00,21.2,63,1008.8,Mumbai_Colaba,18.9067,72.8147
2023-02-05T03:00,23.4,56,1008.1,Mumbai_Colaba,18.9067,72.8147
2023-02-05T04:00,21.7,65,1008,Mumbai_Colaba,18.9067,72.8147
2023-02-05T05:00,18.6,85,1008.3,Mumbai_Colaba,18.9067,72.8147
2023-02-05T06:00,17.4,86,1008.9,Mumbai_Colaba,18.9067,72.8147
2023-02-05T07:00,17.2,84,1009.8,Mumbai_Colaba,18.9067,72.8147
2023-02-05T08:00,21.6,57,1010.5,Mumbai_Colaba,18.9067,72.8147
2023-02-05T09:00,24.8,44,1011.2,Mumbai_Colaba,18.9067,72.8147
2023-02-05T10:00,27.8,37,1011.7,Mumbai_Colaba,18.9067,72.8147
2023-02-05T11:00,30,35,1011,Mumbai_Colaba,18.9067,72.8147
2023-02-05T12:00,30.9,36,1010.1,Mumbai_Colaba,18.9067,72.8147
2023-02-05T13:00,31.1,36,1009.2,Mumbai_Colaba,18.9067,72.8147
2023-02-05T14:00,31.1,35,1008.2,Mumbai_Colaba,18.9067,72.8147
2023-02-05T15:00,30.1,41,1007.8,Mumbai_Colaba,18.9067,72.8147
2023-02-05T16:00,28.7,50,1007.6,Mumbai_Colaba,18.9067,72.8147
2023-02-05T17:00,26.9,58,1007.9,Mumbai_Colaba,18.9067,72.8147
2023-02-05T18:00,24.8,77,1008.4,Mumbai_Colaba,18.9067,72.8147
2023-02-05T19:00,24.4,75,1009,Mumbai_Colaba,18.9067,72.8147
2023-02-05T20:00,24,79,1009.9,Mumbai_Colaba,18.9067,72.8147
2023-02-05T21:00,22.7,90,1010.5,Mumbai_Colaba,18.9067,72.8147
2023-02-05T22:00,21.7,91,1010.9,Mumbai_Colaba,18.9067,72.8147
2023-02-05T23:00,21.8,87,1010.8,Mumbai_Colaba,18.9067,72.8147
2023-02-06T00:00,20.7,83,1010.6,Mumbai_Colaba,18.9067,72.8147
2023-02-06T01:00,23.3,70,1010.2,Mumbai_Colaba,18.9067,72.8147
2023-02-06T02:00,22.8,72,1009.6,Mumbai_Colaba,18.9067,72.8147
2023-02-06T03:00,20.2,82,1009.1,Mumbai_Colaba,18.9067,72.8147
2023-02-06T04:00,18.6,88,1008.8,Mumbai_Colaba,18.9067,72.8147
2023-02-06T05:00,18.7,92,1009.3,Mumbai_Colaba,18.9067,72.8147
2023-02-06T06:00,19,93,1009.9,Mumbai_Colaba,18.9067,72.8147
2023-02-06T07:00,17.6,97,1010.8,Mumbai_Colaba,18.9067,72.8147
2023-02-06T08:00,21.6,87,1011.5,Mumbai_Colaba,18.9067,72.8147
2023-02-06T09:00,23.9,67,1012.5,Mumbai_Colaba,18.9067,72.8147
2023-02-06T10:00,26.3,51,1012.9,Mumbai_Colaba,18.9067,72.8147
2023-02-06T11:00,28.1,42,1012.2,Mumbai_Colaba,18.9067,72.8147
2023-02-06T12:00,28.8,44,1011.1,Mumbai_Colaba,18.9067,72.8147
2023-02-06T13:00,28.4,52,1010.1,Mumbai_Colaba,18.9067,72.8147
2023-02-06T14:00,28.3,49,1009.1,Mumbai_Colaba,18.9067,72.8147
2023-02-06T15:00,28.2,48,1008.4,Mumbai_Colaba,18.9067,72.8147
2023-02-06T16:00,27.7,52,1008.3,Mumbai_Colaba,18.9067,72.8147
2023-02-06T17:00,26.8,59,1008.5,Mumbai_Colaba,18.9067,72.8147
2023-02-06T18:00,25.5,60,1009,Mumbai_Colaba,18.9067,72.8147
2023-02-06T19:00,25.1,60,1009.4,Mumbai_Colaba,18.9067,72.8147
2023-02-06T20:00,24.9,60,1010.4,Mumbai_Colaba,18.9067,72.8147
2023-02-06T21:00,24.7,58,1010.8,Mumbai_Colaba,18.9067,72.8147
2023-02-06T22:00,23.5,56,1010.8,Mumbai_Colaba,18.9067,72.8147
2023-02-06T23:00,21.4,59,1010.8,Mumbai_Colaba,18.9067,72.8147
2023-02-07T00:00,21.1,62,1010.5,Mumbai_Colaba,18.9067,72.8147
2023-02-07T01:00,20.7,69,1010,Mumbai_Colaba,18.9067,72.8147
2023-02-07T02:00,20.1,74,1009.5,Mumbai_Colaba,18.9067,72.8147
2023-02-07T03:00,20,73,1009.1,Mumbai_Colaba,18.9067,72.8147
2023-02-07T04:00,20.3,71,1009.2,Mumbai_Colaba,18.9067,72.8147
2023-02-07T05:00,20.5,75,1009.4,Mumbai_Colaba,18.9067,72.8147
2023-02-07T06:00,19.6,76,1010.3,Mumbai_Colaba,18.9067,72.8147
2023-02-07T07:00,19,75,1011,Mumbai_Colaba,18.9067,72.8147
2023-02-07T08:00,21.7,60,1011.4,Mumbai_Colaba,18.9067,72.8147
2023-02-07T09:00,24.1,51,1012,Mumbai_Colaba,18.9067,72.8147
2023-02-07T10:00,26.5,43,1012.4,Mumbai_Colaba,18.9067,72.8147
2023-02-07T11:00,28.6,38,1011.9,Mumbai_Colaba,18.9067,72.8147
2023-02-07T12:00,30.2,34,1010.7,Mumbai_Colaba,18.9067,72.8147
2023-02-07T13:00,30,44,1009.4,Mumbai_Colaba,18.9067,72.8147
2023-02-07T14:00,29.3,51,1008.3,Mumbai_Colaba,18.9067,72.8147
2023-02-07T15:00,28.7,48,1007.7,Mumbai_Colaba,18.9067,72.8147
2023-02-07T16:00,28.2,49,1007.6,Mumbai_Colaba,18.9067,72.8147
2023-02-07T17:00,27.2,49,1007.8,Mumbai_Colaba,18.9067,72.8147
2023-02-07T18:00,25.3,66,1008.3,Mumbai_Colaba,18.9067,72.8147
2023-02-07T19:00,24.6,70,1008.9,Mumbai_Colaba,18.9067,72.8147
2023-02-07T20:00,24.2,76,1009.5,Mumbai_Colaba,18.9067,72.8147
2023-02-07T21:00,23.9,77,1010.2,Mumbai_Colaba,18.9067,72.8147
2023-02-07T22:00,23.2,77,1010.7,Mumbai_Colaba,18.9067,72.8147
2023-02-07T23:00,21.9,79,1010.5,Mumbai_Colaba,18.9067,72.8147
2023-02-08T00:00,20.9,82,1009.9,Mumbai_Colaba,18.9067,72.8147
2023-02-08T01:00,19.7,86,1009.4,Mumbai_Colaba,18.9067,72.8147
2023-02-08T02:00,19.5,84,1008.7,Mumbai_Colaba,18.9067,72.8147
2023-02-08T03:00,18.5,88,1008.3,Mumbai_Colaba,18.9067,72.8147
2023-02-08T04:00,18.2,90,1008.3,Mumbai_Colaba,18.9067,72.8147
2023-02-08T05:00,17.8,92,1009.2,Mumbai_Colaba,18.9067,72.8147
2023-02-08T06:00,17.4,92,1010,Mumbai_Colaba,18.9067,72.8147
2023-02-08T07:00,17.6,90,1010.7,Mumbai_Colaba,18.9067,72.8147
2023-02-08T08:00,21.2,72,1011.4,Mumbai_Colaba,18.9067,72.8147
2023-02-08T09:00,24.1,56,1012.2,Mumbai_Colaba,18.9067,72.8147
2023-02-08T10:00,27.3,45,1012.6,Mumbai_Colaba,18.9067,72.8147
2023-02-08T11:00,29.4,41,1012,Mumbai_Colaba,18.9067,72.8147
2023-02-08T12:00,30.6,39,1010.8,Mumbai_Colaba,18.9067,72.8147
2023-02-08T13:00,30.5,44,1009.4,Mumbai_Colaba,18.9067,72.8147
2023-02-08T14:00,30.1,45,1008.3,Mumbai_Colaba,18.9067,72.8147
2023-02-08T15:00,29.6,47,1007.6,Mumbai_Colaba,18.9067,72.8147
2023-02-08T16:00,28.8,50,1007.4,Mumbai_Colaba,18.9067,72.8147
2023-02-08T17:00,27.7,57,1007.9,Mumbai_Colaba,18.9067,72.8147
2023-02-08T18:00,26.4,63,1008.6,Mumbai_Colaba,18.9067,72.8147
2023-02-08T19:00,26.1,61,1009.1,Mumbai_Colaba,18.9067,72.8147
2023-02-08T20:00,26.3,56,1009.9,Mumbai_Colaba,18.9067,72.8147
2023-02-08T21:00,26.1,55,1010.4,Mumbai_Colaba,18.9067,72.8147
2023-02-08T22:00,25.2,53,1010.7,Mumbai_Colaba,18.9067,72.8147
2023-02-08T23:00,22.8,59,1010.3,Mumbai_Colaba,18.9067,72.8147
2023-02-09T00:00,22.6,60,1009.6,Mumbai_Colaba,18.9067,72.8147
2023-02-09T01:00,21.1,69,1009,Mumbai_Colaba,18.9067,72.8147
2023-02-09T02:00,20.5,71,1008.3,Mumbai_Colaba,18.9067,72.8147
2023-02-09T03:00,19.8,73,1007.9,Mumbai_Colaba,18.9067,72.8147
2023-02-09T04:00,19.3,78,1008,Mumbai_Colaba,18.9067,72.8147
2023-02-09T05:00,19.2,77,1008.9,Mumbai_Colaba,18.9067,72.8147
2023-02-09T06:00,19.4,68,1009.6,Mumbai_Colaba,18.9067,72.8147
2023-02-09T07:00,19.9,60,1010.1,Mumbai_Colaba,18.9067,72.8147
2023-02-09T08:00,23.1,50,1010.8,Mumbai_Colaba,18.9067,72.8147
2023-02-09T09:00,27.2,41,1011.4,Mumbai_Colaba,18.9067,72.8147
2023-02-09T10:00,30.7,33,1012.1,Mumbai_Colaba,18.9067,72.8147
2023-02-09T11:00,32.8,31,1011.6,Mumbai_Colaba,18.9067,72.8147
2023-02-09T12:00,33.6,32,1010.4,Mumbai_Colaba,18.9067,72.8147
2023-02-09T13:00,33.2,39,1009.3,Mumbai_Colaba,18.9067,72.8147
2023-02-09T14:00,32.4,38,1008.4,Mumbai_Colaba,18.9067,72.8147
2023-02-09T15:00,31.2,42,1008.1,Mumbai_Colaba,18.9067,72.8147
2023-02-09T16:00,29.5,54,1008.1,Mumbai_Colaba,18.9067,72.8147
2023-02-09T17:00,27.5,58,1008.9,Mumbai_Colaba,18.9067,72.8147
2023-02-09T18:00,26.1,64,1009.6,Mumbai_Colaba,18.9067,72.8147
2023-02-09T19:00,25.8,62,1010.3,Mumbai_Colaba,18.9067,72.8147
2023-02-09T20:00,25.6,63,1011.3,Mumbai_Colaba,18.9067,72.8147
2023-02-09T21:00,24.1,61,1012.1,Mumbai_Colaba,18.9067,72.8147
2023-02-09T22:00,23.3,57,1012.3,Mumbai_Colaba,18.9067,72.8147
2023-02-09T23:00,23.9,50,1011.8,Mumbai_Colaba,18.9067,72.8147
2023-02-10T00:00,25.1,47,1011.4,Mumbai_Colaba,18.9067,72.8147
2023-02-10T01:00,24.6,50,1011,Mumbai_Colaba,18.9067,72.8147
2023-02-10T02:00,21.1,69,1010.6,Mumbai_Colaba,18.9067,72.8147
2023-02-10T03:00,20.1,79,1010.2,Mumbai_Colaba,18.9067,72.8147
2023-02-10T04:00,19.6,84,1010.2,Mumbai_Colaba,18.9067,72.8147
2023-02-10T05:00,20.5,87,1011.1,Mumbai_Colaba,18.9067,72.8147
2023-02-10T06:00,18.4,89,1012,Mumbai_Colaba,18.9067,72.8147
2023-02-10T07:00,17.9,89,1012.4,Mumbai_Colaba,18.9067,72.8147
2023-02-10T08:00,22.3,71,1013.2,Mumbai_Colaba,18.9067,72.8147
2023-02-10T09:00,25.5,53,1014,Mumbai_Colaba,18.9067,72.8147
2023-02-10T10:00,28.6,39,1014.3,Mumbai_Colaba,18.9067,72.8147
2023-02-10T11:00,30.5,34,1013.8,Mumbai_Colaba,18.9067,72.8147
2023-02-10T12:00,30.9,34,1012.8,Mumbai_Colaba,18.9067,72.8147
2023-02-10T13:00,30.4,41,1011.7,Mumbai_Colaba,18.9067,72.8147
2023-02-10T14:00,30.2,41,1010.6,Mumbai_Colaba,18.9067,72.8147
2023-02-10T15:00,29.3,48,1009.7,Mumbai_Colaba,18.9067,72.8147
2023-02-10T16:00,28.3,57,1009.3,Mumbai_Colaba,18.9067,72.8147
2023-02-10T17:00,26.8,66,1009.4,Mumbai_Colaba,18.9067,72.8147
2023-02-10T18:00,25.3,66,1009.8,Mumbai_Colaba,18.9067,72.8147
2023-02-10T19:00,24.7,71,1010.5,Mumbai_Colaba,18.9067,72.8147
2023-02-10T20:00,24.3,73,1011.4,Mumbai_Colaba,18.9067,72.8147
2023-02-10T21:00,23.9,69,1012.3,Mumbai_Colaba,18.9067,72.8147
2023-02-10T22:00,22.4,62,1012.7,Mumbai_Colaba,18.9067,72.8147
2023-02-10T23:00,21.4,63,1012.4,Mumbai_Colaba,18.9067,72.8147
2023-02-11T00:00,21.5,68,1012.4,Mumbai_Colaba,18.9067,72.8147
2023-02-11T01:00,21.9,67,1012,Mumbai_Colaba,18.9067,72.8147
2023-02-11T02:00,21.7,66,1011.6,Mumbai_Colaba,18.9067,72.8147
2023-02-11T03:00,20,72,1011.4,Mumbai_Colaba,18.9067,72.8147
2023-02-11T04:00,18,81,1011.6,Mumbai_Colaba,18.9067,72.8147
2023-02-11T05:00,17.9,83,1011.7,Mumbai_Colaba,18.9067,72.8147
2023-02-11T06:00,16.9,84,1012.5,Mumbai_Colaba,18.9067,72.8147
2023-02-11T07:00,17.7,82,1013.4,Mumbai_Colaba,18.9067,72.8147
2023-02-11T08:00,22,61,1014.2,Mumbai_Colaba,18.9067,72.8147
2023-02-11T09:00,25,43,1014.9,Mumbai_Colaba,18.9067,72.8147
2023-02-11T10:00,27.8,32,1015,Mumbai_Colaba,18.9067,72.8147
2023-02-11T11:00,30,29,1014.6,Mumbai_Colaba,18.9067,72.8147
2023-02-11T12:00,31.3,31,1013.4,Mumbai_Colaba,18.9067,72.8147
2023-02-11T13:00,30.8,44,1012.1,Mumbai_Colaba,18.9067,72.8147
2023-02-11T14:00,30.2,46,1011,Mumbai_Colaba,18.9067,72.8147
2023-02-11T15:00,29.6,44,1010.2,Mumbai_Colaba,18.9067,72.8147
2023-02-11T16:00,28.6,48,1009.9,Mumbai_Colaba,18.9067,72.8147
2023-02-11T17:00,27,55,1010.3,Mumbai_Colaba,18.9067,72.8147
2023-02-11T18:00,25.1,68,1010.8,Mumbai_Colaba,18.9067,72.8147
2023-02-11T19:00,24.9,65,1011.6,Mumbai_Colaba,18.9067,72.8147
2023-02-11T20:00,24.9,56,1012.5,Mumbai_Colaba,18.9067,72.8147
2023-02-11T21:00,24.5,51,1013,Mumbai_Colaba,18.9067,72.8147
2023-02-11T22:00,23.1,48,1013.4,Mumbai_Colaba,18.9067,72.8147
2023-02-11T23:00,22.4,47,1013.3,Mumbai_Colaba,18.9067,72.8147
2023-02-12T00:00,22.3,51,1012.9,Mumbai_Colaba,18.9067,72.8147
2023-02-12T01:00,21.7,57,1012.4,Mumbai_Colaba,18.9067,72.8147
2023-02-12T02:00,20.6,63,1012,Mumbai_Colaba,18.9067,72.8147
2023-02-12T03:00,19.7,65,1011.6,Mumbai_Colaba,18.9067,72.8147
2023-02-12T04:00,19.1,68,1011.5,Mumbai_Colaba,18.9067,72.8147
2023-02-12T05:00,18.1,75,1011.8,Mumbai_Colaba,18.9067,72.8147
2023-02-12T06:00,17.5,76,1012.3,Mumbai_Colaba,18.9067,72.8147
2023-02-12T07:00,17.8,74,1013.1,Mumbai_Colaba,18.9067,72.8147
2023-02-12T08:00,21,61,1013.7,Mumbai_Colaba,18.9067,72.8147
2023-02-12T09:00,24.1,49,1014.3,Mumbai_Colaba,18.9067,72.8147
2023-02-12T10:00,27,39,1014.5,Mumbai_Colaba,18.9067,72.8147
2023-02-12T11:00,29.5,34,1013.7,Mumbai_Colaba,18.9067,72.8147
2023-02-12T12:00,30.7,32,1012.8,Mumbai_Colaba,18.9067,72.8147
2023-02-12T13:00,31,38,1011.7,Mumbai_Colaba,18.9067,72.8147
2023-02-12T14:00,31.2,42,1010.7,Mumbai_Colaba,18.9067,72.8147
2023-02-12T15:00,30.9,43,1010,Mumbai_Colaba,18.9067,72.8147
2023-02-12T16:00,29.7,45,1009.8,Mumbai_Colaba,18.9067,72.8147
2023-02-12T17:00,28.8,50,1010,Mumbai_Colaba,18.9067,72.8147
2023-02-12T18:00,27.4,47,1010.6,Mumbai_Colaba,18.9067,72.8147
2023-02-12T19:00,26.9,54,1011.2,Mumbai_Colaba,18.9067,72.8147
2023-02-12T20:00,26.7,55,1011.9,Mumbai_Colaba,18.9067,72.8147
2023-02-12T21:00,28,35,1012.3,Mumbai_Colaba,18.9067,72.8147
2023-02-12T22:00,27.9,26,1012.6,Mumbai_Colaba,18.9067,72.8147
2023-02-12T23:00,26.3,29,1012.7,Mumbai_Colaba,18.9067,72.8147
2023-02-13T00:00,25.1,33,1012.2,Mumbai_Colaba,18.9067,72.8147
2023-02-13T01:00,24.4,36,1011.7,Mumbai_Colaba,18.9067,72.8147
2023-02-13T02:00,23.9,38,1011.3,Mumbai_Colaba,18.9067,72.8147
2023-02-13T03:00,23.3,41,1010.8,Mumbai_Colaba,18.9067,72.8147
2023-02-13T04:00,22.7,44,1010.9,Mumbai_Colaba,18.9067,72.8147
2023-02-13T05:00,22.4,45,1011.4,Mumbai_Colaba,18.9067,72.8147
2023-02-13T06:00,22.3,46,1012.2,Mumbai_Colaba,18.9067,72.8147
2023-02-13T07:00,22.3,46,1012.9,Mumbai_Colaba,18.9067,72.8147
2023-02-13T08:00,24.7,39,1013.8,Mumbai_Colaba,18.9067,72.8147
2023-02-13T09:00,28,31,1014.5,Mumbai_Colaba,18.9067,72.8147
2023-02-13T10:00,31,25,1014.7,Mumbai_Colaba,18.9067,72.8147
2023-02-13T11:00,33.5,20,1014,Mumbai_Colaba,18.9067,72.8147
2023-02-13T12:00,34.9,16,1012.9,Mumbai_Colaba,18.9067,72.8147
2023-02-13T13:00,34.5,24,1011.4,Mumbai_Colaba,18.9067,72.8147
2023-02-13T14:00,33.1,36,1010,Mumbai_Colaba,18.9067,72.8147
2023-02-13T15:00,31.7,39,1009.2,Mumbai_Colaba,18.9067,72.8147
2023-02-13T16:00,29.7,42,1009.2,Mumbai_Colaba,18.9067,72.8147
2023-02-13T17:00,28.6,49,1009.6,Mumbai_Colaba,18.9067,72.8147
2023-02-13T18:00,27.3,54,1010.2,Mumbai_Colaba,18.9067,72.8147
2023-02-13T19:00,26.8,55,1010.9,Mumbai_Colaba,18.9067,72.8147
2023-02-13T20:00,26.7,49,1011.7,Mumbai_Colaba,18.9067,72.8147
2023-02-13T21:00,25.5,53,1012.4,Mumbai_Colaba,18.9067,72.8147
2023-02-13T22:00,23.9,53,1012.6,Mumbai_Colaba,18.9067,72.8147
2023-02-13T23:00,23.3,51,1012.1,Mumbai_Colaba,18.9067,72.8147
2023-02-14T00:00,21.8,56,1011.9,Mumbai_Colaba,18.9067,72.8147
2023-02-14T01:00,22.2,54,1011.6,Mumbai_Colaba,18.9067,72.8147
2023-02-14T02:00,21.5,51,1011.1,Mumbai_Colaba,18.9067,72.8147
2023-02-14T03:00,21.4,45,1010.7,Mumbai_Colaba,18.9067,72.8147
2023-02-14T04:00,21.2,45,1011,Mumbai_Colaba,18.9067,72.8147
2023-02-14T05:00,20.3,45,1011.6,Mumbai_Colaba,18.9067,72.8147
2023-02-14T06:00,19.8,48,1012.5,Mumbai_Colaba,18.9067,72.8147
2023-02-14T07:00,19.9,47,1013.4,Mumbai_Colaba,18.9067,72.8147
2023-02-14T08:00,23.3,38,1014,Mumbai_Colaba,18.9067,72.8147
2023-02-14T09:00,27.1,30,1014.6,Mumbai_Colaba,18.9067,72.8147
2023-02-14T10:00,30.7,25,1014.6,Mumbai_Colaba,18.9067,72.8147
2023-02-14T11:00,33.3,20,1013.9,Mumbai_Colaba,18.9067,72.8147
2023-02-14T12:00,34.2,20,1012.6,Mumbai_Colaba,18.9067,72.8147
2023-02-14T13:00,33.3,30,1011.5,Mumbai_Colaba,18.9067,72.8147
2023-02-14T14:00,32.5,33,1010.2,Mumbai_Colaba,18.9067,72.8147
2023-02-14T15:00,31.2,36,1009.3,Mumbai_Colaba,18.9067,72.8147
2023-02-14T16:00,29.6,46,1009,Mumbai_Colaba,18.9067,72.8147
2023-02-14T17:00,27.9,57,1009.4,Mumbai_Colaba,18.9067,72.8147
2023-02-14T18:00,26.1,64,1010,Mumbai_Colaba,18.9067,72.8147
2023-02-14T19:00,25.7,53,1010.7,Mumbai_Colaba,18.9067,72.8147
2023-02-14T20:00,25.3,54,1011.7,Mumbai_Colaba,18.9067,72.8147
2023-02-14T21:00,24.6,50,1012.1,Mumbai_Colaba,18.9067,72.8147
2023-02-14T22:00,23.3,45,1012.3,Mumbai_Colaba,18.9067,72.8147
2023-02-14T23:00,22.2,47,1011.7,Mumbai_Colaba,18.9067,72.8147
2023-02-15T00:00,22.4,48,1011,Mumbai_Colaba,18.9067,72.8147
2023-02-15T01:00,20.3,57,1010.4,Mumbai_Colaba,18.9067,72.8147
2023-02-15T02:00,18.9,64,1009.6,Mumbai_Colaba,18.9067,72.8147
2023-02-15T03:00,18.6,64,1009.2,Mumbai_Colaba,18.9067,72.8147
2023-02-15T04:00,18.6,62,1009.3,Mumbai_Colaba,18.9067,72.8147
2023-02-15T05:00,17.5,71,1009.7,Mumbai_Colaba,18.9067,72.8147
2023-02-15T06:00,17.6,67,1010.7,Mumbai_Colaba,18.9067,72.8147
2023-02-15T07:00,18.1,53,1011.3,Mumbai_Colaba,18.9067,72.8147
2023-02-15T08:00,22.1,34,1011.9,Mumbai_Colaba,18.9067,72.8147
2023-02-15T09:00,26.7,26,1012.7,Mumbai_Colaba,18.9067,72.8147
2023-02-15T10:00,30.9,19,1012.7,Mumbai_Colaba,18.9067,72.8147
2023-02-15T11:00,33.4,17,1012.3,Mumbai_Colaba,18.9067,72.8147
2023-02-15T12:00,33.8,21,1011.4,Mumbai_Colaba,18.9067,72.8147
2023-02-15T13:00,33.5,27,1010.1,Mumbai_Colaba,18.9067,72.8147
2023-02-15T14:00,32.8,28,1008.9,Mumbai_Colaba,18.9067,72.8147
2023-02-15T15:00,31.3,35,1008,Mumbai_Colaba,18.9067,72.8147
2023-02-15T16:00,29.9,46,1007.5,Mumbai_Colaba,18.9067,72.8147
2023-02-15T17:00,28.5,53,1007.6,Mumbai_Colaba,18.9067,72.8147
2023-02-15T18:00,26.9,57,1008.2,Mumbai_Colaba,18.9067,72.8147
2023-02-15T19:00,26.2,56,1009,Mumbai_Colaba,18.9067,72.8147
2023-02-15T20:00,24.7,57,1010,Mumbai_Colaba,18.9067,72.8147
2023-02-15T21:00,24.5,50,1010.5,Mumbai_Colaba,18.9067,72.8147
2023-02-15T22:00,28.5,31,1010.6,Mumbai_Colaba,18.9067,72.8147
2023-02-15T23:00,27.5,32,1010.6,Mumbai_Colaba,18.9067,72.8147
2023-02-16T00:00,22.5,46,1010,Mumbai_Colaba,18.9067,72.8147
2023-02-16T01:00,21,50,1009.7,Mumbai_Colaba,18.9067,72.8147
2023-02-16T02:00,20.4,46,1009,Mumbai_Colaba,18.9067,72.8147
2023-02-16T03:00,20.5,41,1008.8,Mumbai_Colaba,18.9067,72.8147
2023-02-16T04:00,20.7,37,1008.9,Mumbai_Colaba,18.9067,72.8147
2023-02-16T05:00,20.6,38,1009.5,Mumbai_Colaba,18.9067,72.8147
2023-02-16T06:00,20.6,39,1010.3,Mumbai_Colaba,18.9067,72.8147
2023-02-16T07:00,21.2,39,1011.2,Mumbai_Colaba,18.9067,72.8147
2023-02-16T08:00,24.7,34,1012.1,Mumbai_Colaba,18.9067,72.8147
2023-02-16T09:00,28.5,28,1012.9,Mumbai_Colaba,18.9067,72.8147
2023-02-16T10:00,32.4,22,1013.2,Mumbai_Colaba,18.9067,72.8147
2023-02-16T11:00,34.8,18,1012.7,Mumbai_Colaba,18.9067,72.8147
2023-02-16T12:00,35.2,21,1011.8,Mumbai_Colaba,18.9067,72.8147
2023-02-16T13:00,34.6,32,1010.4,Mumbai_Colaba,18.9067,72.8147
2023-02-16T14:00,33.7,33,1009.2,Mumbai_Colaba,18.9067,72.8147
2023-02-16T15:00,32,37,1008.2,Mumbai_Colaba,18.9067,72.8147
2023-02-16T16:00,30.2,45,1008.1,Mumbai_Colaba,18.9067,72.8147
2023-02-16T17:00,29.7,38,1008.2,Mumbai_Colaba,18.9067,72.8147
2023-02-16T18:00,29.1,35,1008.9,Mumbai_Colaba,18.9067,72.8147
2023-02-16T19:00,28.6,41,1009.6,Mumbai_Colaba,18.9067,72.8147
2023-02-16T20:00,28.1,45,1010.5,Mumbai_Colaba,18.9067,72.8147
2023-02-16T21:00,27.3,46,1011.3,Mumbai_Colaba,18.9067,72.8147
2023-02-16T22:00,27.6,36,1011.6,Mumbai_Colaba,18.9067,72.8147
2023-02-16T23:00,26.7,35,1011.6,Mumbai_Colaba,18.9067,72.8147
2023-02-17T00:00,25.4,33,1011.2,Mumbai_Colaba,18.9067,72.8147
2023-02-17T01:00,23.9,33,1010.8,Mumbai_Colaba,18.9067,72.8147
2023-02-17T02:00,22.7,35,1010.3,Mumbai_Colaba,18.9067,72.8147
2023-02-17T03:00,22.3,37,1009.9,Mumbai_Colaba,18.9067,72.8147
2023-02-17T04:00,21.9,38,1009.9,Mumbai_Colaba,18.9067,72.8147
2023-02-17T05:00,21.3,39,1010.2,Mumbai_Colaba,18.9067,72.8147
2023-02-17T06:00,21,40,1011.1,Mumbai_Colaba,18.9067,72.8147
2023-02-17T07:00,21,42,1012,Mumbai_Colaba,18.9067,72.8147
2023-02-17T08:00,23.9,36,1012.7,Mumbai_Colaba,18.9067,72.8147
2023-02-17T09:00,27.9,32,1013.3,Mumbai_Colaba,18.9067,72.8147
2023-02-17T10:00,31.8,25,1013.6,Mumbai_Colaba,18.9067,72.8147
2023-02-17T11:00,33.9,20,1013,Mumbai_Colaba,18.9067,72.8147
2023-02-17T12:00,34.3,23,1011.9,Mumbai_Colaba,18.9067,72.8147
2023-02-17T13:00,33.8,33,1010.6,Mumbai_Colaba,18.9067,72.8147
2023-02-17T14:00,32.7,35,1009.3,Mumbai_Colaba,18.9067,72.8147
2023-02-17T15:00,31.1,40,1008.5,Mumbai_Colaba,18.9067,72.8147
2023-02-17T16:00,30.6,45,1008.3,Mumbai_Colaba,18.9067,72.8147
2023-02-17T17:00,29.5,46,1008.4,Mumbai_Colaba,18.9067,72.8147
2023-02-17T18:00,28.2,51,1009,Mumbai_Colaba,18.9067,72.8147
2023-02-17T19:00,28.9,41,1009.6,Mumbai_Colaba,18.9067,72.8147
2023-02-17T20:00,28.1,45,1010.3,Mumbai_Colaba,18.9067,72.8147
2023-02-17T21:00,27.3,50,1011.2,Mumbai_Colaba,18.9067,72.8147
2023-02-17T22:00,26.2,51,1011.5,Mumbai_Colaba,18.9067,72.8147
2023-02-17T23:00,24.6,50,1011.3,Mumbai_Colaba,18.9067,72.8147
2023-02-18T00:00,24.2,44,1010.7,Mumbai_Colaba,18.9067,72.8147
2023-02-18T01:00,24.1,41,1010.2,Mumbai_Colaba,18.9067,72.8147
2023-02-18T02:00,22.6,42,1009.8,Mumbai_Colaba,18.9067,72.8147
2023-02-18T03:00,21.4,41,1009.4,Mumbai_Colaba,18.9067,72.8147
2023-02-18T04:00,20.7,40,1009.2,Mumbai_Colaba,18.9067,72.8147
2023-02-18T05:00,19,43,1009.5,Mumbai_Colaba,18.9067,72.8147
2023-02-18T06:00,18.2,45,1010.2,Mumbai_Colaba,18.9067,72.8147
2023-02-18T07:00,18.8,44,1011.3,Mumbai_Colaba,18.9067,72.8147
2023-02-18T08:00,23.6,34,1012.3,Mumbai_Colaba,18.9067,72.8147
2023-02-18T09:00,27.7,29,1013.1,Mumbai_Colaba,18.9067,72.8147
2023-02-18T10:00,31.5,23,1013.2,Mumbai_Colaba,18.9067,72.8147
2023-02-18T11:00,33.9,20,1012.5,Mumbai_Colaba,18.9067,72.8147
2023-02-18T12:00,35.1,19,1011.2,Mumbai_Colaba,18.9067,72.8147
2023-02-18T13:00,35.3,21,1009.8,Mumbai_Colaba,18.9067,72.8147
2023-02-18T14:00,34.6,27,1008.8,Mumbai_Colaba,18.9067,72.8147
2023-02-18T15:00,33,33,1007.8,Mumbai_Colaba,18.9067,72.8147
2023-02-18T16:00,30.7,44,1007.8,Mumbai_Colaba,18.9067,72.8147
2023-02-18T17:00,29.1,51,1008.5,Mumbai_Colaba,18.9067,72.8147
2023-02-18T18:00,27.3,59,1009.2,Mumbai_Colaba,18.9067,72.8147
2023-02-18T19:00,26.4,56,1010.3,Mumbai_Colaba,18.9067,72.8147
2023-02-18T20:00,24.5,63,1011.1,Mumbai_Colaba,18.9067,72.8147
2023-02-18T21:00,27.4,47,1011.7,Mumbai_Colaba,18.9067,72.8147
2023-02-18T22:00,26.5,44,1011.6,Mumbai_Colaba,18.9067,72.8147
2023-02-18T23:00,27.2,40,1011.2,Mumbai_Colaba,18.9067,72.8147
2023-02-19T00:00,22.9,55,1010.7,Mumbai_Colaba,18.9067,72.8147
2023-02-19T01:00,20.1,70,1010.3,Mumbai_Colaba,18.9067,72.8147
2023-02-19T02:00,19.3,67,1009.7,Mumbai_Colaba,18.9067,72.8147
2023-02-19T03:00,18.4,59,1009.2,Mumbai_Colaba,18.9067,72.8147
2023-02-19T04:00,17.9,55,1009.2,Mumbai_Colaba,18.9067,72.8147
2023-02-19T05:00,17.6,56,1009.5,Mumbai_Colaba,18.9067,72.8147
2023-02-19T06:00,17.4,55,1010.6,Mumbai_Colaba,18.9067,72.8147
2023-02-19T07:00,18.2,52,1011.7,Mumbai_Colaba,18.9067,72.8147
2023-02-19T08:00,22.6,41,1012.6,Mumbai_Colaba,18.9067,72.8147
2023-02-19T09:00,27.5,31,1013.1,Mumbai_Colaba,18.9067,72.8147
2023-02-19T10:00,32.2,23,1013,Mumbai_Colaba,18.9067,72.8147
2023-02-19T11:00,34.7,17,1012.3,Mumbai_Colaba,18.9067,72.8147
2023-02-19T12:00,35.3,16,1011,Mumbai_Colaba,18.9067,72.8147
2023-02-19T13:00,33.6,32,1009.8,Mumbai_Colaba,18.9067,72.8147
2023-02-19T14:00,32.8,36,1008.8,Mumbai_Colaba,18.9067,72.8147
2023-02-19T15:00,31.9,38,1008.3,Mumbai_Colaba,18.9067,72.8147
2023-02-19T16:00,30.8,43,1007.9,Mumbai_Colaba,18.9067,72.8147
2023-02-19T17:00,30,44,1008.4,Mumbai_Colaba,18.9067,72.8147
2023-02-19T18:00,27.4,59,1009,Mumbai_Colaba,18.9067,72.8147
2023-02-19T19:00,26.7,59,1009.5,Mumbai_Colaba,18.9067,72.8147
2023-02-19T20:00,25.6,63,1010.4,Mumbai_Colaba,18.9067,72.8147
2023-02-19T21:00,23.8,63,1011.2,Mumbai_Colaba,18.9067,72.8147
2023-02-19T22:00,27.3,43,1011.1,Mumbai_Colaba,18.9067,72.8147
2023-02-19T23:00,27.1,42,1010.8,Mumbai_Colaba,18.9067,72.8147
2023-02-20T00:00,26.6,43,1010.4,Mumbai_Colaba,18.9067,72.8147
2023-02-20T01:00,25.2,49,1010,Mumbai_Colaba,18.9067,72.8147
2023-02-20T02:00,24.7,51,1009.6,Mumbai_Colaba,18.9067,72.8147
2023-02-20T03:00,24.7,51,1009.2,Mumbai_Colaba,18.9067,72.8147
2023-02-20T04:00,24.3,53,1009.5,Mumbai_Colaba,18.9067,72.8147
2023-02-20T05:00,24.5,63,1010.2,Mumbai_Colaba,18.9067,72.8147
2023-02-20T06:00,23.8,66,1011,Mumbai_Colaba,18.9067,72.8147
2023-02-20T07:00,20.4,76,1011.9,Mumbai_Colaba,18.9067,72.8147
2023-02-20T08:00,24.4,60,1012.5,Mumbai_Colaba,18.9067,72.8147
2023-02-20T09:00,27.2,60,1013.2,Mumbai_Colaba,18.9067,72.8147
2023-02-20T10:00,29.5,49,1013.4,Mumbai_Colaba,18.9067,72.8147
2023-02-20T11:00,30.5,49,1012.9,Mumbai_Colaba,18.9067,72.8147
2023-02-20T12:00,30.3,55,1011.8,Mumbai_Colaba,18.9067,72.8147
2023-02-20T13:00,30.3,53,1010.9,Mumbai_Colaba,18.9067,72.8147
2023-02-20T14:00,30.3,53,1009.9,Mumbai_Colaba,18.9067,72.8147
2023-02-20T15:00,29.8,54,1009.3,Mumbai_Colaba,18.9067,72.8147
2023-02-20T16:00,29,56,1009,Mumbai_Colaba,18.9067,72.8147
2023-02-20T17:00,27.8,68,1009.4,Mumbai_Colaba,18.9067,72.8147
2023-02-20T18:00,26.1,83,1009.8,Mumbai_Colaba,18.9067,72.8147
2023-02-20T19:00,25.6,79,1010.5,Mumbai_Colaba,18.9067,72.8147
2023-02-20T20:00,24.7,85,1011.2,Mumbai_Colaba,18.9067,72.8147
2023-02-20T21:00,24.5,83,1011.9,Mumbai_Colaba,18.9067,72.8147
2023-02-20T22:00,23.5,83,1012,Mumbai_Colaba,18.9067,72.8147
2023-02-20T23:00,24.7,77,1011.8,Mumbai_Colaba,18.9067,72.8147
2023-02-21T00:00,24.6,77,1011.4,Mumbai_Colaba,18.9067,72.8147
2023-02-21T01:00,24.5,76,1010.8,Mumbai_Colaba,18.9067,72.8147
2023-02-21T02:00,22.8,82,1010.4,Mumbai_Colaba,18.9067,72.8147
2023-02-21T03:00,21.6,88,1010.2,Mumbai_Colaba,18.9067,72.8147
2023-02-21T04:00,20.8,90,1010.2,Mumbai_Colaba,18.9067,72.8147
2023-02-21T05:00,20.6,91,1010.7,Mumbai_Colaba,18.9067,72.8147
2023-02-21T06:00,18.8,92,1011.5,Mumbai_Colaba,18.9067,72.8147
2023-02-21T07:00,19.1,87,1012.4,Mumbai_Colaba,18.9067,72.8147
2023-02-21T08:00,23.5,68,1013.3,Mumbai_Colaba,18.9067,72.8147
2023-02-21T09:00,26.5,55,1013.9,Mumbai_Colaba,18.9067,72.8147
2023-02-21T10:00,29.3,41,1013.8,Mumbai_Colaba,18.9067,72.8147
2023-02-21T11:00,30.9,36,1013.3,Mumbai_Colaba,18.9067,72.8147
2023-02-21T12:00,31,39,1012.8,Mumbai_Colaba,18.9067,72.8147
2023-02-21T13:00,30.5,44,1011.7,Mumbai_Colaba,18.9067,72.8147
2023-02-21T14:00,30.4,44,1010.9,Mumbai_Colaba,18.9067,72.8147
2023-02-21T15:00,29.6,47,1010.2,Mumbai_Colaba,18.9067,72.8147
2023-02-21T16:00,28.8,52,1009.9,Mumbai_Colaba,18.9067,72.8147
2023-02-21T17:00,27.3,64,1010.1,Mumbai_Colaba,18.9067,72.8147
2023-02-21T18:00,26,73,1010.3,Mumbai_Colaba,18.9067,72.8147
2023-02-21T19:00,25.9,66,1010.8,Mumbai_Colaba,18.9067,72.8147
2023-02-21T20:00,25.4,74,1011.3,Mumbai_Colaba,18.9067,72.8147
2023-02-21T21:00,24.8,74,1011.8,Mumbai_Colaba,18.9067,72.8147
2023-02-21T22:00,23.2,75,1012.2,Mumbai_Colaba,18.9067,72.8147
2023-02-21T23:00,22.5,67,1011.9,Mumbai_Colaba,18.9067,72.8147
2023-02-22T00:00,23,66,1012,Mumbai_Colaba,18.9067,72.8147
2023-02-22T01:00,23.2,66,1011.5,Mumbai_Colaba,18.9067,72.8147
2023-02-22T02:00,22.4,71,1010.9,Mumbai_Colaba,18.9067,72.8147
2023-02-22T03:00,22,71,1010.6,Mumbai_Colaba,18.9067,72.8147
2023-02-22T04:00,19.8,80,1010.4,Mumbai_Colaba,18.9067,72.8147
2023-02-22T05:00,18.7,85,1011,Mumbai_Colaba,18.9067,72.8147
2023-02-22T06:00,18.4,81,1011.5,Mumbai_Colaba,18.9067,72.8147
2023-02-22T07:00,18.6,74,1012.1,Mumbai_Colaba,18.9067,72.8147
2023-02-22T08:00,23.5,52,1012.7,Mumbai_Colaba,18.9067,72.8147
2023-02-22T09:00,26,46,1013.5,Mumbai_Colaba,18.9067,72.8147
2023-02-22T10:00,27.9,43,1013.8,Mumbai_Colaba,18.9067,72.8147
2023-02-22T11:00,29.1,46,1013.4,Mumbai_Colaba,18.9067,72.8147
2023-02-22T12:00,29.5,53,1012.4,Mumbai_Colaba,18.9067,72.8147
2023-02-22T13:00,29.4,55,1011.2,Mumbai_Colaba,18.9067,72.8147
2023-02-22T14:00,29.4,50,1010,Mumbai_Colaba,18.9067,72.8147
2023-02-22T15:00,29,50,1009.3,Mumbai_Colaba,18.9067,72.8147
2023-02-22T16:00,28.2,59,1009,Mumbai_Colaba,18.9067,72.8147
2023-02-22T17:00,27,67,1009.3,Mumbai_Colaba,18.9067,72.8147
2023-02-22T18:00,25.4,81,1009.6,Mumbai_Colaba,18.9067,72.8147
2023-02-22T19:00,25.3,76,1010,Mumbai_Colaba,18.9067,72.8147
2023-02-22T20:00,25,75,1010.5,Mumbai_Colaba,18.9067,72.8147
2023-02-22T21:00,24.7,74,1010.9,Mumbai_Colaba,18.9067,72.8147
2023-02-22T22:00,23.9,66,1011.3,Mumbai_Colaba,18.9067,72.8147
2023-02-22T23:00,21.6,67,1011.3,Mumbai_Colaba,18.9067,72.8147
2023-02-23T00:00,21.2,69,1011.2,Mumbai_Colaba,18.9067,72.8147
2023-02-23T01:00,21.9,67,1010.6,Mumbai_Colaba,18.9067,72.8147
2023-02-23T02:00,22.7,62,1009.9,Mumbai_Colaba,18.9067,72.8147
2023-02-23T03:00,22.3,67,1009.7,Mumbai_Colaba,18.9067,72.8147
2023-02-23T04:00,20.9,72,1009.6,Mumbai_Colaba,18.9067,72.8147
2023-02-23T05:00,20.7,81,1009.9,Mumbai_Colaba,18.9067,72.8147
2023-02-23T06:00,19.4,83,1010.6,Mumbai_Colaba,18.9067,72.8147
2023-02-23T07:00,19.3,79,1011.4,Mumbai_Colaba,18.9067,72.8147
2023-02-23T08:00,22.8,59,1012,Mumbai_Colaba,18.9067,72.8147
2023-02-23T09:00,25.7,44,1012.4,Mumbai_Colaba,18.9067,72.8147
2023-02-23T10:00,28.5,35,1012.5,Mumbai_Colaba,18.9067,72.8147
2023-02-23T11:00,30.6,30,1011.8,Mumbai_Colaba,18.9067,72.8147
2023-02-23T12:00,31.7,32,1010.7,Mumbai_Colaba,18.9067,72.8147
2023-02-23T13:00,31.2,39,1009.5,Mumbai_Colaba,18.9067,72.8147
2023-02-23T14:00,30.9,37,1008.5,Mumbai_Colaba,18.9067,72.8147
2023-02-23T15:00,30.3,44,1007.7,Mumbai_Colaba,18.9067,72.8147
2023-02-23T16:00,29.2,52,1007.5,Mumbai_Colaba,18.9067,72.8147
2023-02-23T17:00,28.3,58,1008.1,Mumbai_Colaba,18.9067,72.8147
2023-02-23T18:00,27,58,1008.3,Mumbai_Colaba,18.9067,72.8147
2023-02-23T19:00,26.7,57,1009,Mumbai_Colaba,18.9067,72.8147
2023-02-23T20:00,26.4,58,1009.7,Mumbai_Colaba,18.9067,72.8147
2023-02-23T21:00,26.1,54,1010.3,Mumbai_Colaba,18.9067,72.8147
2023-02-23T22:00,25.2,47,1010.8,Mumbai_Colaba,18.9067,72.8147
2023-02-23T23:00,22.5,50,1010.6,Mumbai_Colaba,18.9067,72.8147
2023-02-24T00:00,22.1,48,1010.2,Mumbai_Colaba,18.9067,72.8147
2023-02-24T01:00,22.4,50,1009.7,Mumbai_Colaba,18.9067,72.8147
2023-02-24T02:00,23,55,1009.4,Mumbai_Colaba,18.9067,72.8147
2023-02-24T03:00,22.3,60,1009.2,Mumbai_Colaba,18.9067,72.8147
2023-02-24T04:00,20.7,67,1009.4,Mumbai_Colaba,18.9067,72.8147
2023-02-24T05:00,21.7,73,1010.1,Mumbai_Colaba,18.9067,72.8147
2023-02-24T06:00,20.9,71,1011,Mumbai_Colaba,18.9067,72.8147
2023-02-24T07:00,20.9,69,1011.9,Mumbai_Colaba,18.9067,72.8147
2023-02-24T08:00,23.6,56,1012.6,Mumbai_Colaba,18.9067,72.8147
2023-02-24T09:00,26.4,42,1013.4,Mumbai_Colaba,18.9067,72.8147
2023-02-24T10:00,29.7,31,1013.5,Mumbai_Colaba,18.9067,72.8147
2023-02-24T11:00,32.3,26,1012.9,Mumbai_Colaba,18.9067,72.8147
2023-02-24T12:00,33.4,28,1011.7,Mumbai_Colaba,18.9067,72.8147
2023-02-24T13:00,33.1,37,1010.7,Mumbai_Colaba,18.9067,72.8147
2023-02-24T14:00,32.7,36,1009.6,Mumbai_Colaba,18.9067,72.8147
2023-02-24T15:00,32.2,37,1009,Mumbai_Colaba,18.9067,72.8147
2023-02-24T16:00,31.1,45,1008.8,Mumbai_Colaba,18.9067,72.8147
2023-02-24T17:00,29.8,50,1009.3,Mumbai_Colaba,18.9067,72.8147
2023-02-24T18:00,28.2,53,1010,Mumbai_Colaba,18.9067,72.8147
2023-02-24T19:00,28,48,1010.8,Mumbai_Colaba,18.9067,72.8147
2023-02-24T20:00,27.6,49,1011.9,Mumbai_Colaba,18.9067,72.8147
2023-02-24T21:00,27.2,46,1012.7,Mumbai_Colaba,18.9067,72.8147
2023-02-24T22:00,26.5,41,1013.3,Mumbai_Colaba,18.9067,72.8147
2023-02-24T23:00,23.6,45,1013.3,Mumbai_Colaba,18.9067,72.8147
2023-02-25T00:00,22.8,45,1013.1,Mumbai_Colaba,18.9067,72.8147
2023-02-25T01:00,22.7,49,1012.7,Mumbai_Colaba,18.9067,72.8147
2023-02-25T02:00,24.1,50,1012.3,Mumbai_Colaba,18.9067,72.8147
2023-02-25T03:00,24.2,52,1012.2,Mumbai_Colaba,18.9067,72.8147
2023-02-25T04:00,23.6,53,1012.1,Mumbai_Colaba,18.9067,72.8147
2023-02-25T05:00,22.8,60,1012.5,Mumbai_Colaba,18.9067,72.8147
2023-02-25T06:00,21.8,58,1013.3,Mumbai_Colaba,18.9067,72.8147
2023-02-25T07:00,22.2,50,1013.8,Mumbai_Colaba,18.9067,72.8147
2023-02-25T08:00,24.8,40,1014.6,Mumbai_Colaba,18.9067,72.8147
2023-02-25T09:00,27.7,31,1015,Mumbai_Colaba,18.9067,72.8147
2023-02-25T10:00,30.3,27,1015.3,Mumbai_Colaba,18.9067,72.8147
2023-02-25T11:00,32.2,25,1014.6,Mumbai_Colaba,18.9067,72.8147
2023-02-25T12:00,33,32,1013.4,Mumbai_Colaba,18.9067,72.8147
2023-02-25T13:00,32.6,44,1012,Mumbai_Colaba,18.9067,72.8147
2023-02-25T14:00,32.5,39,1010.9,Mumbai_Colaba,18.9067,72.8147
2023-02-25T15:00,32.5,32,1010.2,Mumbai_Colaba,18.9067,72.8147
2023-02-25T16:00,31.8,34,1010.1,Mumbai_Colaba,18.9067,72.8147
2023-02-25T17:00,30.6,39,1010.7,Mumbai_Colaba,18.9067,72.8147
2023-02-25T18:00,28.7,46,1011.2,Mumbai_Colaba,18.9067,72.8147
2023-02-25T19:00,27.6,51,1011.7,Mumbai_Colaba,18.9067,72.8147
2023-02-25T20:00,26.6,59,1012.7,Mumbai_Colaba,18.9067,72.8147
2023-02-25T21:00,26.4,55,1013.5,Mumbai_Colaba,18.9067,72.8147
2023-02-25T22:00,26.7,33,1014.1,Mumbai_Colaba,18.9067,72.8147
2023-02-25T23:00,25.9,31,1013.8,Mumbai_Colaba,18.9067,72.8147
2023-02-26T00:00,24.8,36,1013.6,Mumbai_Colaba,18.9067,72.8147
2023-02-26T01:00,23.3,39,1013.2,Mumbai_Colaba,18.9067,72.8147
2023-02-26T02:00,21.7,48,1012.7,Mumbai_Colaba,18.9067,72.8147
2023-02-26T03:00,22,58,1012.4,Mumbai_Colaba,18.9067,72.8147
2023-02-26T04:00,21.6,63,1012.3,Mumbai_Colaba,18.9067,72.8147
2023-02-26T05:00,22.1,66,1013,Mumbai_Colaba,18.9067,72.8147
2023-02-26T06:00,20.8,71,1013.6,Mumbai_Colaba,18.9067,72.8147
2023-02-26T07:00,21.1,63,1014.2,Mumbai_Colaba,18.9067,72.8147
2023-02-26T08:00,23.9,47,1014.9,Mumbai_Colaba,18.9067,72.8147
2023-02-26T09:00,27.1,34,1015.6,Mumbai_Colaba,18.9067,72.8147
2023-02-26T10:00,30.2,26,1015.6,Mumbai_Colaba,18.9067,72.8147
2023-02-26T11:00,32.5,22,1014.8,Mumbai_Colaba,18.9067,72.8147
2023-02-26T12:00,33.5,22,1013.7,Mumbai_Colaba,18.9067,72.8147
2023-02-26T13:00,33,34,1012.5,Mumbai_Colaba,18.9067,72.8147
2023-02-26T14:00,32.7,35,1011.8,Mumbai_Colaba,18.9067,72.8147
2023-02-26T15:00,32,43,1011.1,Mumbai_Colaba,18.9067,72.8147
2023-02-26T16:00,31.2,45,1010.7,Mumbai_Colaba,18.9067,72.8147
2023-02-26T17:00,29.7,49,1011.2,Mumbai_Colaba,18.9067,72.8147
2023-02-26T18:00,27.9,56,1011.6,Mumbai_Colaba,18.9067,72.8147
2023-02-26T19:00,27.8,52,1012.4,Mumbai_Colaba,18.9067,72.8147
2023-02-26T20:00,27.6,51,1013.2,Mumbai_Colaba,18.9067,72.8147
2023-02-26T21:00,26.9,51,1013.8,Mumbai_Colaba,18.9067,72.8147
2023-02-26T22:00,25.8,46,1014.1,Mumbai_Colaba,18.9067,72.8147
2023-02-26T23:00,24.9,46,1013.7,Mumbai_Colaba,18.9067,72.8147
2023-02-27T00:00,25.4,45,1013.4,Mumbai_Colaba,18.9067,72.8147
2023-02-27T01:00,24.5,50,1012.8,Mumbai_Colaba,18.9067,72.8147
2023-02-27T02:00,23.1,57,1012.2,Mumbai_Colaba,18.9067,72.8147
2023-02-27T03:00,21.8,64,1011.9,Mumbai_Colaba,18.9067,72.8147
2023-02-27T04:00,22.2,58,1011.8,Mumbai_Colaba,18.9067,72.8147
2023-02-27T05:00,21.3,66,1012.4,Mumbai_Colaba,18.9067,72.8147
2023-02-27T06:00,20.2,65,1013.4,Mumbai_Colaba,18.9067,72.8147
2023-02-27T07:00,20.2,64,1014.1,Mumbai_Colaba,18.9067,72.8147
2023-02-27T08:00,24.8,46,1014.8,Mumbai_Colaba,18.9067,72.8147
2023-02-27T09:00,27.5,34,1015.3,Mumbai_Colaba,18.9067,72.8147
2023-02-27T10:00,30.3,27,1015.4,Mumbai_Colaba,18.9067,72.8147
2023-02-27T11:00,32.7,23,1014.9,Mumbai_Colaba,18.9067,72.8147
2023-02-27T12:00,33.4,25,1013.9,Mumbai_Colaba,18.9067,72.8147
2023-02-27T13:00,33,34,1012.8,Mumbai_Colaba,18.9067,72.8147
2023-02-27T14:00,32.5,36,1011.8,Mumbai_Colaba,18.9067,72.8147
2023-02-27T15:00,31.6,42,1011,Mumbai_Colaba,18.9067,72.8147
2023-02-27T16:00,30.8,44,1010.7,Mumbai_Colaba,18.9067,72.8147
2023-02-27T17:00,29.5,49,1011.1,Mumbai_Colaba,18.9067,72.8147
2023-02-27T18:00,27.9,53,1011.7,Mumbai_Colaba,18.9067,72.8147
2023-02-27T19:00,27.4,52,1012.2,Mumbai_Colaba,18.9067,72.8147
2023-02-27T20:00,26.9,54,1012.8,Mumbai_Colaba,18.9067,72.8147
2023-02-27T21:00,25.6,55,1013.3,Mumbai_Colaba,18.9067,72.8147
2023-02-27T22:00,24,47,1013.4,Mumbai_Colaba,18.9067,72.8147
2023-02-27T23:00,25.6,36,1013.1,Mumbai_Colaba,18.9067,72.8147
2023-02-28T00:00,26.9,33,1012.9,Mumbai_Colaba,18.9067,72.8147
2023-02-28T01:00,21.2,60,1012.3,Mumbai_Colaba,18.9067,72.8147
2023-02-28T02:00,21.1,69,1011.9,Mumbai_Colaba,18.9067,72.8147
2023-02-28T03:00,20.8,69,1011.6,Mumbai_Colaba,18.9067,72.8147
2023-02-28T04:00,20.4,71,1011.7,Mumbai_Colaba,18.9067,72.8147
2023-02-28T05:00,19.6,81,1012.4,Mumbai_Colaba,18.9067,72.8147
2023-02-28T06:00,19.3,81,1013.3,Mumbai_Colaba,18.9067,72.8147
2023-02-28T07:00,19.5,75,1014.2,Mumbai_Colaba,18.9067,72.8147
2023-02-28T08:00,23.8,50,1014.9,Mumbai_Colaba,18.9067,72.8147
2023-02-28T09:00,26.8,35,1015.3,Mumbai_Colaba,18.9067,72.8147
2023-02-28T10:00,29.7,27,1015.7,Mumbai_Colaba,18.9067,72.8147
2023-02-28T11:00,31.9,23,1015.2,Mumbai_Colaba,18.9067,72.8147
2023-02-28T12:00,32.7,24,1014.4,Mumbai_Colaba,18.9067,72.8147
2023-02-28T13:00,32.4,30,1013.5,Mumbai_Colaba,18.9067,72.8147
2023-02-28T14:00,31.6,33,1012.5,Mumbai_Colaba,18.9067,72.8147
2023-02-28T15:00,30.9,39,1011.7,Mumbai_Colaba,18.9067,72.8147
2023-02-28T16:00,29.5,51,1011.1,Mumbai_Colaba,18.9067,72.8147
2023-02-28T17:00,28,60,1011.8,Mumbai_Colaba,18.9067,72.8147
2023-02-28T18:00,26.3,75,1011.9,Mumbai_Colaba,18.9067,72.8147
2023-02-28T19:00,26,71,1012.3,Mumbai_Colaba,18.9067,72.8147
2023-02-28T20:00,25.9,67,1013.2,Mumbai_Colaba,18.9067,72.8147
2023-02-28T21:00,25,68,1013.9,Mumbai_Colaba,18.9067,72.8147
2023-02-28T22:00,22.9,77,1014.2,Mumbai_Colaba,18.9067,72.8147
2023-02-28T23:00,22.4,72,1014.2,Mumbai_Colaba,18.9067,72.8147
2023-03-01T00:00,25.5,54,1013.9,Mumbai_Colaba,18.9067,72.8147
2023-03-01T01:00,23.6,61,1013.3,Mumbai_Colaba,18.9067,72.8147
2023-03-01T02:00,22,78,1012.8,Mumbai_Colaba,18.9067,72.8147
2023-03-01T03:00,21.8,73,1012.5,Mumbai_Colaba,18.9067,72.8147
2023-03-01T04:00,22.2,70,1012.5,Mumbai_Colaba,18.9067,72.8147
2023-03-01T05:00,21.9,80,1012.9,Mumbai_Colaba,18.9067,72.8147
2023-03-01T06:00,21.1,68,1013.8,Mumbai_Colaba,18.9067,72.8147
2023-03-01T07:00,21.4,54,1014.8,Mumbai_Colaba,18.9067,72.8147
2023-03-01T08:00,24.8,43,1015.6,Mumbai_Colaba,18.9067,72.8147
2023-03-01T09:00,27.9,36,1016,Mumbai_Colaba,18.9067,72.8147
2023-03-01T10:00,30.7,28,1016.2,Mumbai_Colaba,18.9067,72.8147
2023-03-01T11:00,32.3,25,1015.9,Mumbai_Colaba,18.9067,72.8147
2023-03-01T12:00,32.4,32,1014.9,Mumbai_Colaba,18.9067,72.8147
2023-03-01T13:00,31.6,41,1013.6,Mumbai_Colaba,18.9067,72.8147
2023-03-01T14:00,31.5,36,1012.4,Mumbai_Colaba,18.9067,72.8147
2023-03-01T15:00,30.8,46,1011.4,Mumbai_Colaba,18.9067,72.8147
2023-03-01T16:00,29.4,59,1011.1,Mumbai_Colaba,18.9067,72.8147
2023-03-01T17:00,28.4,60,1011.7,Mumbai_Colaba,18.9067,72.8147
2023-03-01T18:00,27,68,1011.9,Mumbai_Colaba,18.9067,72.8147
2023-03-01T19:00,26.4,69,1012.4,Mumbai_Colaba,18.9067,72.8147
2023-03-01T20:00,26,68,1013.4,Mumbai_Colaba,18.9067,72.8147
2023-03-01T21:00,24.5,68,1014.1,Mumbai_Colaba,18.9067,72.8147
2023-03-01T22:00,24.9,58,1014.6,Mumbai_Colaba,18.9067,72.8147
2023-03-01T23:00,24.4,48,1014.2,Mumbai_Colaba,18.9067,72.8147
2023-03-02T00:00,22.3,52,1013.8,Mumbai_Colaba,18.9067,72.8147
2023-03-02T01:00,21.7,52,1013.1,Mumbai_Colaba,18.9067,72.8147
2023-03-02T02:00,21.5,54,1012.4,Mumbai_Colaba,18.9067,72.8147
2023-03-02T03:00,21.7,57,1012,Mumbai_Colaba,18.9067,72.8147
2023-03-02T04:00,23.3,60,1012,Mumbai_Colaba,18.9067,72.8147
2023-03-02T05:00,21.8,71,1012.7,Mumbai_Colaba,18.9067,72.8147
2023-03-02T06:00,21.7,73,1013.9,Mumbai_Colaba,18.9067,72.8147
2023-03-02T07:00,22.4,68,1014.9,Mumbai_Colaba,18.9067,72.8147
2023-03-02T08:00,25.5,53,1015.7,Mumbai_Colaba,18.9067,72.8147
2023-03-02T09:00,28.3,37,1016.3,Mumbai_Colaba,18.9067,72.8147
2023-03-02T10:00,31,29,1016.3,Mumbai_Colaba,18.9067,72.8147
2023-03-02T11:00,33.8,25,1015.5,Mumbai_Colaba,18.9067,72.8147
2023-03-02T12:00,34.9,26,1014.3,Mumbai_Colaba,18.9067,72.8147
2023-03-02T13:00,34.2,35,1012.9,Mumbai_Colaba,18.9067,72.8147
2023-03-02T14:00,32.8,44,1012,Mumbai_Colaba,18.9067,72.8147
2023-03-02T15:00,32,44,1011.2,Mumbai_Colaba,18.9067,72.8147
2023-03-02T16:00,32.4,42,1010.8,Mumbai_Colaba,18.9067,72.8147
2023-03-02T17:00,30.4,42,1011.5,Mumbai_Colaba,18.9067,72.8147
2023-03-02T18:00,28.4,61,1012.1,Mumbai_Colaba,18.9067,72.8147
2023-03-02T19:00,27.5,68,1013.1,Mumbai_Colaba,18.9067,72.8147
2023-03-02T20:00,27,64,1014.1,Mumbai_Colaba,18.9067,72.8147
2023-03-02T21:00,26.3,62,1014.8,Mumbai_Colaba,18.9067,72.8147
2023-03-02T22:00,24.5,70,1015.4,Mumbai_Colaba,18.9067,72.8147
2023-03-02T23:00,23.8,67,1015.2,Mumbai_Colaba,18.9067,72.8147
2023-03-03T00:00,27,51,1014.6,Mumbai_Colaba,18.9067,72.8147
2023-03-03T01:00,22.9,70,1013.9,Mumbai_Colaba,18.9067,72.8147
2023-03-03T02:00,22.9,62,1013.3,Mumbai_Colaba,18.9067,72.8147
2023-03-03T03:00,22.4,55,1013,Mumbai_Colaba,18.9067,72.8147
2023-03-03T04:00,21.5,59,1012.9,Mumbai_Colaba,18.9067,72.8147
2023-03-03T05:00,20.8,61,1013.5,Mumbai_Colaba,18.9067,72.8147
2023-03-03T06:00,20.3,65,1014.4,Mumbai_Colaba,18.9067,72.8147
2023-03-03T07:00,21.5,75,1015.3,Mumbai_Colaba,18.9067,72.8147
2023-03-03T08:00,25.8,60,1016.5,Mumbai_Colaba,18.9067,72.8147
2023-03-03T09:00,28.6,46,1017,Mumbai_Colaba,18.9067,72.8147
2023-03-03T10:00,30.9,36,1016.9,Mumbai_Colaba,18.9067,72.8147
2023-03-03T11:00,32.4,33,1016.3,Mumbai_Colaba,18.9067,72.8147
2023-03-03T12:00,33.1,35,1015,Mumbai_Colaba,18.9067,72.8147
2023-03-03T13:00,33.3,38,1013.5,Mumbai_Colaba,18.9067,72.8147
2023-03-03T14:00,33.1,36,1012.4,Mumbai_Colaba,18.9067,72.8147
2023-03-03T15:00,32.5,37,1011.4,Mumbai_Colaba,18.9067,72.8147
2023-03-03T16:00,31.7,48,1010.8,Mumbai_Colaba,18.9067,72.8147
2023-03-03T17:00,29.5,58,1011.6,Mumbai_Colaba,18.9067,72.8147
2023-03-03T18:00,28.1,66,1012.1,Mumbai_Colaba,18.9067,72.8147
2023-03-03T19:00,26.7,72,1013.4,Mumbai_Colaba,18.9067,72.8147
2023-03-03T20:00,26,73,1014.4,Mumbai_Colaba,18.9067,72.8147
2023-03-03T21:00,25.4,70,1015.1,Mumbai_Colaba,18.9067,72.8147
2023-03-03T22:00,25.4,69,1015.2,Mumbai_Colaba,18.9067,72.8147
2023-03-03T23:00,24.2,72,1014.9,Mumbai_Colaba,18.9067,72.8147
2023-03-04T00:00,23.6,74,1014.1,Mumbai_Colaba,18.9067,72.8147
2023-03-04T01:00,22.5,83,1013.1,Mumbai_Colaba,18.9067,72.8147
2023-03-04T02:00,22.8,82,1012.7,Mumbai_Colaba,18.9067,72.8147
2023-03-04T03:00,21.5,75,1012.6,Mumbai_Colaba,18.9067,72.8147
2023-03-04T04:00,21,78,1012.5,Mumbai_Colaba,18.9067,72.8147
2023-03-04T05:00,23,62,1013.8,Mumbai_Colaba,18.9067,72.8147
2023-03-04T06:00,23.5,65,1014.6,Mumbai_Colaba,18.9067,72.8147
2023-03-04T07:00,24.9,72,1015.3,Mumbai_Colaba,18.9067,72.8147
2023-03-04T08:00,26.9,70,1016.1,Mumbai_Colaba,18.9067,72.8147
2023-03-04T09:00,28.8,61,1016.6,Mumbai_Colaba,18.9067,72.8147
2023-03-04T10:00,31,46,1016.6,Mumbai_Colaba,18.9067,72.8147
2023-03-04T11:00,32.9,37,1015.9,Mumbai_Colaba,18.9067,72.8147
2023-03-04T12:00,33.5,38,1014.8,Mumbai_Colaba,18.9067,72.8147
2023-03-04T13:00,33.4,42,1013.4,Mumbai_Colaba,18.9067,72.8147
2023-03-04T14:00,32.8,41,1012.2,Mumbai_Colaba,18.9067,72.8147
2023-03-04T15:00,32.4,42,1011.4,Mumbai_Colaba,18.9067,72.8147
2023-03-04T16:00,32,44,1010.6,Mumbai_Colaba,18.9067,72.8147
2023-03-04T17:00,30.5,54,1011.2,Mumbai_Colaba,18.9067,72.8147
2023-03-04T18:00,28.5,67,1011.7,Mumbai_Colaba,18.9067,72.8147
2023-03-04T19:00,28,61,1012.7,Mumbai_Colaba,18.9067,72.8147
2023-03-04T20:00,27.1,66,1013.5,Mumbai_Colaba,18.9067,72.8147
2023-03-04T21:00,26.8,69,1014.4,Mumbai_Colaba,18.9067,72.8147
2023-03-04T22:00,26.4,65,1014.8,Mumbai_Colaba,18.9067,72.8147
2023-03-04T23:00,25.4,65,1014.6,Mumbai_Colaba,18.9067,72.8147
2023-03-05T00:00,27.8,54,1014.1,Mumbai_Colaba,18.9067,72.8147
2023-03-05T01:00,25.4,64,1013.2,Mumbai_Colaba,18.9067,72.8147
2023-03-05T02:00,24.7,74,1012.8,Mumbai_Colaba,18.9067,72.8147
2023-03-05T03:00,24.4,82,1012.4,Mumbai_Colaba,18.9067,72.8147
2023-03-05T04:00,24.7,80,1012.4,Mumbai_Colaba,18.9067,72.8147
2023-03-05T05:00,22.6,89,1013.5,Mumbai_Colaba,18.9067,72.8147
2023-03-05T06:00,21.9,85,1014.2,Mumbai_Colaba,18.9067,72.8147
2023-03-05T07:00,22.9,77,1015.1,Mumbai_Colaba,18.9067,72.8147
2023-03-05T08:00,26.7,58,1015.8,Mumbai_Colaba,18.9067,72.8147
2023-03-05T09:00,29,46,1016,Mumbai_Colaba,18.9067,72.8147
2023-03-05T10:00,31.9,36,1016,Mumbai_Colaba,18.9067,72.8147
2023-03-05T11:00,34.2,29,1015.2,Mumbai_Colaba,18.9067,72.8147
2023-03-05T12:00,35.4,29,1014,Mumbai_Colaba,18.9067,72.8147
2023-03-05T13:00,34.9,35,1012.6,Mumbai_Colaba,18.9067,72.8147
2023-03-05T14:00,34.7,30,1011.8,Mumbai_Colaba,18.9067,72.8147
2023-03-05T15:00,33.8,37,1010.6,Mumbai_Colaba,18.9067,72.8147
2023-03-05T16:00,32.7,41,1010.1,Mumbai_Colaba,18.9067,72.8147
2023-03-05T17:00,31.1,48,1011,Mumbai_Colaba,18.9067,72.8147
2023-03-05T18:00,28.9,61,1011.7,Mumbai_Colaba,18.9067,72.8147
2023-03-05T19:00,27.7,68,1012.1,Mumbai_Colaba,18.9067,72.8147
2023-03-05T20:00,27.3,64,1012.6,Mumbai_Colaba,18.9067,72.8147
2023-03-05T21:00,27.4,68,1013.5,Mumbai_Colaba,18.9067,72.8147
2023-03-05T22:00,26.9,68,1013.9,Mumbai_Colaba,18.9067,72.8147
2023-03-05T23:00,25,71,1013.7,Mumbai_Colaba,18.9067,72.8147
2023-03-06T00:00,24.4,67,1013.1,Mumbai_Colaba,18.9067,72.8147
2023-03-06T01:00,25,61,1012.3,Mumbai_Colaba,18.9067,72.8147
2023-03-06T02:00,23.8,64,1011.5,Mumbai_Colaba,18.9067,72.8147
2023-03-06T03:00,24.8,63,1011.4,Mumbai_Colaba,18.9067,72.8147
2023-03-06T04:00,25,52,1011.4,Mumbai_Colaba,18.9067,72.8147
2023-03-06T05:00,24.2,55,1011.9,Mumbai_Colaba,18.9067,72.8147
2023-03-06T06:00,24.4,54,1012.3,Mumbai_Colaba,18.9067,72.8147
2023-03-06T07:00,25.4,56,1013,Mumbai_Colaba,18.9067,72.8147
2023-03-06T08:00,27.8,48,1013.8,Mumbai_Colaba,18.9067,72.8147
2023-03-06T09:00,31.1,36,1014.5,Mumbai_Colaba,18.9067,72.8147
2023-03-06T10:00,34,28,1014.3,Mumbai_Colaba,18.9067,72.8147
2023-03-06T11:00,34.1,30,1014.2,Mumbai_Colaba,18.9067,72.8147
2023-03-06T12:00,36.6,19,1012.6,Mumbai_Colaba,18.9067,72.8147
2023-03-06T13:00,37.2,20,1010.8,Mumbai_Colaba,18.9067,72.8147
2023-03-06T14:00,35.8,23,1010.2,Mumbai_Colaba,18.9067,72.8147
2023-03-06T15:00,34.6,26,1009.9,Mumbai_Colaba,18.9067,72.8147
2023-03-06T16:00,34.9,23,1009.5,Mumbai_Colaba,18.9067,72.8147
2023-03-06T17:00,31.8,48,1009.4,Mumbai_Colaba,18.9067,72.8147
2023-03-06T18:00,32.7,32,1010.1,Mumbai_Colaba,18.9067,72.8147
2023-03-06T19:00,31.2,38,1010.8,Mumbai_Colaba,18.9067,72.8147
2023-03-06T20:00,30.9,31,1011.6,Mumbai_Colaba,18.9067,72.8147
2023-03-06T21:00,29.4,35,1012.6,Mumbai_Colaba,18.9067,72.8147
2023-03-06T22:00,28.4,40,1012.9,Mumbai_Colaba,18.9067,72.8147
2023-03-06T23:00,27.6,44,1012.7,Mumbai_Colaba,18.9067,72.8147
2023-03-07T00:00,27.2,45,1012.7,Mumbai_Colaba,18.9067,72.8147
2023-03-07T01:00,26.9,43,1012.4,Mumbai_Colaba,18.9067,72.8147
2023-03-07T02:00,26.1,45,1011.9,Mumbai_Colaba,18.9067,72.8147
2023-03-07T03:00,25.3,47,1012,Mumbai_Colaba,18.9067,72.8147
2023-03-07T04:00,25.6,45,1011.3,Mumbai_Colaba,18.9067,72.8147
2023-03-07T05:00,24.6,53,1011.8,Mumbai_Colaba,18.9067,72.8147
2023-03-07T06:00,25,49,1012.5,Mumbai_Colaba,18.9067,72.8147
2023-03-07T07:00,25.1,48,1012.8,Mumbai_Colaba,18.9067,72.8147
2023-03-07T08:00,27,45,1013.5,Mumbai_Colaba,18.9067,72.8147
2023-03-07T09:00,30.4,38,1014.3,Mumbai_Colaba,18.9067,72.8147
2023-03-07T10:00,33.2,27,1014.4,Mumbai_Colaba,18.9067,72.8147
2023-03-07T11:00,34.4,22,1013.9,Mumbai_Colaba,18.9067,72.8147
2023-03-07T12:00,35.5,19,1012.7,Mumbai_Colaba,18.9067,72.8147
2023-03-07T13:00,36.3,17,1011.3,Mumbai_Colaba,18.9067,72.8147
2023-03-07T14:00,35.8,19,1010.2,Mumbai_Colaba,18.9067,72.8147
2023-03-07T15:00,36,18,1009.4,Mumbai_Colaba,18.9067,72.8147
2023-03-07T16:00,36.1,17,1009,Mumbai_Colaba,18.9067,72.8147
2023-03-07T17:00,32.3,47,1009.9,Mumbai_Colaba,18.9067,72.8147
2023-03-07T18:00,31.4,36,1010.5,Mumbai_Colaba,18.9067,72.8147
2023-03-07T19:00,31,24,1010.6,Mumbai_Colaba,18.9067,72.8147
2023-03-07T20:00,28.3,35,1011.6,Mumbai_Colaba,18.9067,72.8147
2023-03-07T21:00,28,54,1012.6,Mumbai_Colaba,18.9067,72.8147
2023-03-07T22:00,26.7,79,1012.9,Mumbai_Colaba,18.9067,72.8147
2023-03-07T23:00,26,76,1012.7,Mumbai_Colaba,18.9067,72.8147
2023-03-08T00:00,25.5,75,1012.4,Mumbai_Colaba,18.9067,72.8147
2023-03-08T01:00,24.8,76,1011.9,Mumbai_Colaba,18.9067,72.8147
2023-03-08T02:00,24.9,63,1011.4,Mumbai_Colaba,18.9067,72.8147
2023-03-08T03:00,25,52,1010.9,Mumbai_Colaba,18.9067,72.8147
2023-03-08T04:00,24.3,57,1011.2,Mumbai_Colaba,18.9067,72.8147
2023-03-08T05:00,23.8,61,1011.4,Mumbai_Colaba,18.9067,72.8147
2023-03-08T06:00,23,70,1012.1,Mumbai_Colaba,18.9067,72.8147
2023-03-08T07:00,23.6,69,1012.9,Mumbai_Colaba,18.9067,72.8147
2023-03-08T08:00,25.8,55,1013.7,Mumbai_Colaba,18.9067,72.8147
2023-03-08T09:00,29.1,41,1014.4,Mumbai_Colaba,18.9067,72.8147
2023-03-08T10:00,32.2,33,1014.3,Mumbai_Colaba,18.9067,72.8147
2023-03-08T11:00,34.4,26,1013.3,Mumbai_Colaba,18.9067,72.8147
2023-03-08T12:00,34.8,29,1012.4,Mumbai_Colaba,18.9067,72.8147
2023-03-08T13:00,33.8,39,1011,Mumbai_Colaba,18.9067,72.8147
2023-03-08T14:00,33.4,41,1010,Mumbai_Colaba,18.9067,72.8147
2023-03-08T15:00,32.3,43,1009.5,Mumbai_Colaba,18.9067,72.8147
2023-03-08T16:00,31,47,1009.6,Mumbai_Colaba,18.9067,72.8147
2023-03-08T17:00,29.8,55,1010.3,Mumbai_Colaba,18.9067,72.8147
2023-03-08T18:00,28.4,63,1010.7,Mumbai_Colaba,18.9067,72.8147
2023-03-08T19:00,27.9,63,1011.2,Mumbai_Colaba,18.9067,72.8147
2023-03-08T20:00,27.9,59,1011.7,Mumbai_Colaba,18.9067,72.8147
2023-03-08T21:00,28.1,52,1012.2,Mumbai_Colaba,18.9067,72.8147
2023-03-08T22:00,27.9,50,1012.3,Mumbai_Colaba,18.9067,72.8147
2023-03-08T23:00,27.4,47,1012.2,Mumbai_Colaba,18.9067,72.8147
2023-03-09T00:00,26.7,45,1012.2,Mumbai_Colaba,18.9067,72.8147
2023-03-09T01:00,26.2,45,1011.4,Mumbai_Colaba,18.9067,72.8147
2023-03-09T02:00,25.8,44,1010.5,Mumbai_Colaba,18.9067,72.8147
2023-03-09T03:00,25.4,46,1010,Mumbai_Colaba,18.9067,72.8147
2023-03-09T04:00,24.3,48,1010,Mumbai_Colaba,18.9067,72.8147
2023-03-09T05:00,25.3,44,1011.1,Mumbai_Colaba,18.9067,72.8147
2023-03-09T06:00,25.2,43,1011.5,Mumbai_Colaba,18.9067,72.8147
2023-03-09T07:00,25.6,44,1012.4,Mumbai_Colaba,18.9067,72.8147
2023-03-09T08:00,26.9,46,1013,Mumbai_Colaba,18.9067,72.8147
2023-03-09T09:00,29,45,1013.5,Mumbai_Colaba,18.9067,72.8147
2023-03-09T10:00,32,35,1013.4,Mumbai_Colaba,18.9067,72.8147
2023-03-09T11:00,34.9,25,1012.9,Mumbai_Colaba,18.9067,72.8147
2023-03-09T12:00,36.1,17,1011.6,Mumbai_Colaba,18.9067,72.8147
2023-03-09T13:00,36.2,17,1010.4,Mumbai_Colaba,18.9067,72.8147
2023-03-09T14:00,35.5,28,1009.4,Mumbai_Colaba,18.9067,72.8147
2023-03-09T15:00,34.6,30,1008.6,Mumbai_Colaba,18.9067,72.8147
2023-03-09T16:00,32.6,40,1008.8,Mumbai_Colaba,18.9067,72.8147
2023-03-09T17:00,30.7,46,1009,Mumbai_Colaba,18.9067,72.8147
2023-03-09T18:00,29.9,47,1009.5,Mumbai_Colaba,18.9067,72.8147
2023-03-09T19:00,29.9,40,1010.3,Mumbai_Colaba,18.9067,72.8147
2023-03-09T20:00,30,33,1011.1,Mumbai_Colaba,18.9067,72.8147
2023-03-09T21:00,29.2,32,1011.8,Mumbai_Colaba,18.9067,72.8147
2023-03-09T22:00,28.5,28,1012.2,Mumbai_Colaba,18.9067,72.8147
2023-03-09T23:00,28.1,27,1012.2,Mumbai_Colaba,18.9067,72.8147
2023-03-10T00:00,27.4,27,1012,Mumbai_Colaba,18.9067,72.8147
2023-03-10T01:00,26.8,29,1011.2,Mumbai_Colaba,18.9067,72.8147
2023-03-10T02:00,25.9,32,1010.5,Mumbai_Colaba,18.9067,72.8147
2023-03-10T03:00,25.1,32,1010.1,Mumbai_Colaba,18.9067,72.8147
2023-03-10T04:00,24.6,31,1010.1,Mumbai_Colaba,18.9067,72.8147
2023-03-10T05:00,24.6,36,1010.4,Mumbai_Colaba,18.9067,72.8147
2023-03-10T06:00,23.8,37,1010.9,Mumbai_Colaba,18.9067,72.8147
2023-03-10T07:00,24.3,39,1011.6,Mumbai_Colaba,18.9067,72.8147
2023-03-10T08:00,26.3,35,1012.6,Mumbai_Colaba,18.9067,72.8147
2023-03-10T09:00,29.4,28,1013.3,Mumbai_Colaba,18.9067,72.8147
2023-03-10T10:00,32.3,24,1013.2,Mumbai_Colaba,18.9067,72.8147
2023-03-10T11:00,33.8,24,1012.5,Mumbai_Colaba,18.9067,72.8147
2023-03-10T12:00,34.3,27,1011.4,Mumbai_Colaba,18.9067,72.8147
2023-03-10T13:00,33.9,31,1010,Mumbai_Colaba,18.9067,72.8147
2023-03-10T14:00,33.6,34,1009,Mumbai_Colaba,18.9067,72.8147
2023-03-10T15:00,32.4,39,1008.1,Mumbai_Colaba,18.9067,72.8147
2023-03-10T16:00,32.1,40,1007.6,Mumbai_Colaba,18.9067,72.8147
2023-03-10T17:00,30.8,46,1008,Mumbai_Colaba,18.9067,72.8147
2023-03-10T18:00,29,50,1008.7,Mumbai_Colaba,18.9067,72.8147
2023-03-10T19:00,28.9,43,1009.5,Mumbai_Colaba,18.9067,72.8147
2023-03-10T20:00,28.6,43,1010.4,Mumbai_Colaba,18.9067,72.8147
2023-03-10T21:00,28,45,1011,Mumbai_Colaba,18.9067,72.8147
2023-03-10T22:00,25.9,44,1011.6,Mumbai_Colaba,18.9067,72.8147
2023-03-10T23:00,25.7,37,1011.3,Mumbai_Colaba,18.9067,72.8147
2023-03-11T00:00,25.1,44,1011.2,Mumbai_Colaba,18.9067,72.8147
2023-03-11T01:00,25.9,40,1010.4,Mumbai_Colaba,18.9067,72.8147
2023-03-11T02:00,23.1,51,1009.6,Mumbai_Colaba,18.9067,72.8147
2023-03-11T03:00,24.5,48,1009,Mumbai_Colaba,18.9067,72.8147
2023-03-11T04:00,24.7,48,1008.8,Mumbai_Colaba,18.9067,72.8147
2023-03-11T05:00,21.8,57,1009.4,Mumbai_Colaba,18.9067,72.8147
2023-03-11T06:00,22.7,54,1010.1,Mumbai_Colaba,18.9067,72.8147
2023-03-11T07:00,24.2,49,1011,Mumbai_Colaba,18.9067,72.8147
2023-03-11T08:00,27.4,39,1012,Mumbai_Colaba,18.9067,72.8147
2023-03-11T09:00,31,30,1012.7,Mumbai_Colaba,18.9067,72.8147
2023-03-11T10:00,33.4,25,1012.8,Mumbai_Colaba,18.9067,72.8147
2023-03-11T11:00,35.4,22,1012,Mumbai_Colaba,18.9067,72.8147
2023-03-11T12:00,37,17,1010.8,Mumbai_Colaba,18.9067,72.8147
2023-03-11T13:00,36.8,23,1009.5,Mumbai_Colaba,18.9067,72.8147
2023-03-11T14:00,35.3,34,1008.3,Mumbai_Colaba,18.9067,72.8147
2023-03-11T15:00,34.5,39,1007.2,Mumbai_Colaba,18.9067,72.8147
2023-03-11T16:00,33.7,40,1006.6,Mumbai_Colaba,18.9067,72.8147
2023-03-11T17:00,32.2,44,1007.6,Mumbai_Colaba,18.9067,72.8147
2023-03-11T18:00,29.5,59,1008.2,Mumbai_Colaba,18.9067,72.8147
2023-03-11T19:00,28.6,64,1009.2,Mumbai_Colaba,18.9067,72.8147
2023-03-11T20:00,28.5,54,1010.2,Mumbai_Colaba,18.9067,72.8147
2023-03-11T21:00,28.4,53,1010.9,Mumbai_Colaba,18.9067,72.8147
2023-03-11T22:00,28.4,49,1011.1,Mumbai_Colaba,18.9067,72.8147
2023-03-11T23:00,26.8,50,1011,Mumbai_Colaba,18.9067,72.8147
2023-03-12T00:00,25,53,1010.8,Mumbai_Colaba,18.9067,72.8147
2023-03-12T01:00,24.5,53,1010.1,Mumbai_Colaba,18.9067,72.8147
2023-03-12T02:00,24.3,56,1009.5,Mumbai_Colaba,18.9067,72.8147
2023-03-12T03:00,24.2,55,1008.9,Mumbai_Colaba,18.9067,72.8147
2023-03-12T04:00,24.9,48,1008.4,Mumbai_Colaba,18.9067,72.8147
2023-03-12T05:00,23,70,1009.2,Mumbai_Colaba,18.9067,72.8147
2023-03-12T06:00,23.5,73,1009.9,Mumbai_Colaba,18.9067,72.8147
2023-03-12T07:00,26.1,56,1010.5,Mumbai_Colaba,18.9067,72.8147
2023-03-12T08:00,27,50,1011.3,Mumbai_Colaba,18.9067,72.8147
2023-03-12T09:00,28.4,45,1011.9,Mumbai_Colaba,18.9067,72.8147
2023-03-12T10:00,31.3,36,1011.6,Mumbai_Colaba,18.9067,72.8147
2023-03-12T11:00,35.3,23,1010.8,Mumbai_Colaba,18.9067,72.8147
2023-03-12T12:00,37.2,20,1009.6,Mumbai_Colaba,18.9067,72.8147
2023-03-12T13:00,36.2,25,1008.3,Mumbai_Colaba,18.9067,72.8147
2023-03-12T14:00,33.4,31,1008,Mumbai_Colaba,18.9067,72.8147
2023-03-12T15:00,34,32,1007.5,Mumbai_Colaba,18.9067,72.8147
2023-03-12T16:00,33,37,1007,Mumbai_Colaba,18.9067,72.8147
2023-03-12T17:00,31.8,44,1007.8,Mumbai_Colaba,18.9067,72.8147
2023-03-12T18:00,30,53,1007.9,Mumbai_Colaba,18.9067,72.8147
2023-03-12T19:00,28.7,64,1008.8,Mumbai_Colaba,18.9067,72.8147
2023-03-12T20:00,28.9,59,1009.5,Mumbai_Colaba,18.9067,72.8147
2023-03-12T21:00,28.5,57,1010.3,Mumbai_Colaba,18.9067,72.8147
2023-03-12T22:00,29.3,49,1010.3,Mumbai_Colaba,18.9067,72.8147
2023-03-12T23:00,27.2,53,1010,Mumbai_Colaba,18.9067,72.8147
2023-03-13T00:00,26.8,53,1009.5,Mumbai_Colaba,18.9067,72.8147
2023-03-13T01:00,27.1,50,1008.7,Mumbai_Colaba,18.9067,72.8147
2023-03-13T02:00,26.8,50,1007.9,Mumbai_Colaba,18.9067,72.8147
2023-03-13T03:00,26,52,1007.3,Mumbai_Colaba,18.9067,72.8147
2023-03-13T04:00,25.9,50,1007.1,Mumbai_Colaba,18.9067,72.8147
2023-03-13T05:00,25.8,61,1007.8,Mumbai_Colaba,18.9067,72.8147
2023-03-13T06:00,26.7,56,1008.8,Mumbai_Colaba,18.9067,72.8147
2023-03-13T07:00,26.8,63,1009.4,Mumbai_Colaba,18.9067,72.8147
2023-03-13T08:00,28.4,52,1010.1,Mumbai_Colaba,18.9067,72.8147
2023-03-13T09:00,30.8,39,1010.4,Mumbai_Colaba,18.9067,72.8147
2023-03-13T10:00,34.3,28,1010.5,Mumbai_Colaba,18.9067,72.8147
2023-03-13T11:00,35.1,27,1009.9,Mumbai_Colaba,18.9067,72.8147
2023-03-13T12:00,35.2,34,1009.1,Mumbai_Colaba,18.9067,72.8147
2023-03-13T13:00,34.5,38,1008.2,Mumbai_Colaba,18.9067,72.8147
2023-03-13T14:00,34.8,29,1007.5,Mumbai_Colaba,18.9067,72.8147
2023-03-13T15:00,33.9,33,1006.8,Mumbai_Colaba,18.9067,72.8147
2023-03-13T16:00,32.6,38,1006.4,Mumbai_Colaba,18.9067,72.8147
2023-03-13T17:00,30.7,54,1006.8,Mumbai_Colaba,18.9067,72.8147
2023-03-13T18:00,29.8,61,1007.4,Mumbai_Colaba,18.9067,72.8147
2023-03-13T19:00,28.6,69,1008,Mumbai_Colaba,18.9067,72.8147
2023-03-13T20:00,27.6,77,1009,Mumbai_Colaba,18.9067,72.8147
2023-03-13T21:00,27.8,71,1009.7,Mumbai_Colaba,18.9067,72.8147
2023-03-13T22:00,27.9,66,1009.9,Mumbai_Colaba,18.9067,72.8147
2023-03-13T23:00,26.6,69,1009.5,Mumbai_Colaba,18.9067,72.8147
2023-03-14T00:00,26,69,1009.2,Mumbai_Colaba,18.9067,72.8147
2023-03-14T01:00,25,74,1008.6,Mumbai_Colaba,18.9067,72.8147
2023-03-14T02:00,24.5,75,1008,Mumbai_Colaba,18.9067,72.8147
2023-03-14T03:00,24.5,74,1007.7,Mumbai_Colaba,18.9067,72.8147
2023-03-14T04:00,23.5,78,1007.6,Mumbai_Colaba,18.9067,72.8147
2023-03-14T05:00,22.8,84,1008.1,Mumbai_Colaba,18.9067,72.8147
2023-03-14T06:00,23.4,76,1008.6,Mumbai_Colaba,18.9067,72.8147
2023-03-14T07:00,24.9,72,1009.3,Mumbai_Colaba,18.9067,72.8147
2023-03-14T08:00,27.8,59,1010,Mumbai_Colaba,18.9067,72.8147
2023-03-14T09:00,30.9,47,1010,Mumbai_Colaba,18.9067,72.8147
2023-03-14T10:00,33.7,34,1009.9,Mumbai_Colaba,18.9067,72.8147
2023-03-14T11:00,35.7,25,1009,Mumbai_Colaba,18.9067,72.8147
2023-03-14T12:00,36,25,1007.9,Mumbai_Colaba,18.9067,72.8147
2023-03-14T13:00,34,46,1006.6,Mumbai_Colaba,18.9067,72.8147
2023-03-14T14:00,32.8,50,1005.9,Mumbai_Colaba,18.9067,72.8147
2023-03-14T15:00,32.4,48,1005.2,Mumbai_Colaba,18.9067,72.8147
2023-03-14T16:00,31.7,47,1004.6,Mumbai_Colaba,18.9067,72.8147
2023-03-14T17:00,29.7,67,1005.4,Mumbai_Colaba,18.9067,72.8147
2023-03-14T18:00,28.5,70,1006,Mumbai_Colaba,18.9067,72.8147
2023-03-14T19:00,27.8,76,1006.4,Mumbai_Colaba,18.9067,72.8147
2023-03-14T20:00,27.7,74,1006.8,Mumbai_Colaba,18.9067,72.8147
2023-03-14T21:00,27.2,75,1007,Mumbai_Colaba,18.9067,72.8147
2023-03-14T22:00,25.9,80,1007,Mumbai_Colaba,18.9067,72.8147
2023-03-14T23:00,25.8,77,1006.7,Mumbai_Colaba,18.9067,72.8147
2023-03-15T00:00,27.2,70,1006.6,Mumbai_Colaba,18.9067,72.8147
2023-03-15T01:00,24.1,85,1006.1,Mumbai_Colaba,18.9067,72.8147
2023-03-15T02:00,27,69,1005.3,Mumbai_Colaba,18.9067,72.8147
2023-03-15T03:00,27,69,1005.1,Mumbai_Colaba,18.9067,72.8147
2023-03-15T04:00,25.4,77,1005,Mumbai_Colaba,18.9067,72.8147
2023-03-15T05:00,26.5,79,1005.9,Mumbai_Colaba,18.9067,72.8147
2023-03-15T06:00,24.1,84,1006.7,Mumbai_Colaba,18.9067,72.8147
2023-03-15T07:00,25.7,74,1007.5,Mumbai_Colaba,18.9067,72.8147
2023-03-15T08:00,27.9,60,1008.1,Mumbai_Colaba,18.9067,72.8147
2023-03-15T09:00,30.1,47,1008.7,Mumbai_Colaba,18.9067,72.8147
2023-03-15T10:00,32,35,1008.6,Mumbai_Colaba,18.9067,72.8147
2023-03-15T11:00,33.2,31,1008,Mumbai_Colaba,18.9067,72.8147
2023-03-15T12:00,33.5,36,1007,Mumbai_Colaba,18.9067,72.8147
2023-03-15T13:00,33.2,45,1005.6,Mumbai_Colaba,18.9067,72.8147
2023-03-15T14:00,33.9,43,1004.7,Mumbai_Colaba,18.9067,72.8147
2023-03-15T15:00,34,43,1003.8,Mumbai_Colaba,18.9067,72.8147
2023-03-15T16:00,32.4,52,1003.5,Mumbai_Colaba,18.9067,72.8147
2023-03-15T17:00,29.9,63,1004.1,Mumbai_Colaba,18.9067,72.8147
2023-03-15T18:00,28.5,77,1005.1,Mumbai_Colaba,18.9067,72.8147
2023-03-15T19:00,28,83,1006.9,Mumbai_Colaba,18.9067,72.8147
2023-03-15T20:00,27.9,81,1007.5,Mumbai_Colaba,18.9067,72.8147
2023-03-15T21:00,27.3,79,1008.1,Mumbai_Colaba,18.9067,72.8147
2023-03-15T22:00,27.1,78,1008.8,Mumbai_Colaba,18.9067,72.8147
2023-03-15T23:00,26.7,78,1008.5,Mumbai_Colaba,18.9067,72.8147
2023-03-16T00:00,26,82,1007.4,Mumbai_Colaba,18.9067,72.8147
2023-03-16T01:00,25.9,76,1007.1,Mumbai_Colaba,18.9067,72.8147
2023-03-16T02:00,25.7,64,1006.5,Mumbai_Colaba,18.9067,72.8147
2023-03-16T03:00,25.4,57,1006.4,Mumbai_Colaba,18.9067,72.8147
2023-03-16T04:00,25.3,55,1006.5,Mumbai_Colaba,18.9067,72.8147
2023-03-16T05:00,25.5,58,1006.3,Mumbai_Colaba,18.9067,72.8147
2023-03-16T06:00,25.7,64,1007.6,Mumbai_Colaba,18.9067,72.8147
2023-03-16T07:00,25.7,69,1008.4,Mumbai_Colaba,18.9067,72.8147
2023-03-16T08:00,27.7,55,1009.7,Mumbai_Colaba,18.9067,72.8147
2023-03-16T09:00,29.7,47,1010.3,Mumbai_Colaba,18.9067,72.8147
2023-03-16T10:00,31.9,38,1010.4,Mumbai_Colaba,18.9067,72.8147
2023-03-16T11:00,33.7,32,1009.8,Mumbai_Colaba,18.9067,72.8147
2023-03-16T12:00,34,31,1008.5,Mumbai_Colaba,18.9067,72.8147
2023-03-16T13:00,30,65,1007.8,Mumbai_Colaba,18.9067,72.8147
2023-03-16T14:00,31.5,52,1006.8,Mumbai_Colaba,18.9067,72.8147
2023-03-16T15:00,31,59,1006,Mumbai_Colaba,18.9067,72.8147
2023-03-16T16:00,29.1,68,1006.5,Mumbai_Colaba,18.9067,72.8147
2023-03-16T17:00,28.8,73,1006.8,Mumbai_Colaba,18.9067,72.8147
2023-03-16T18:00,27.8,80,1007.4,Mumbai_Colaba,18.9067,72.8147
2023-03-16T19:00,24,86,1008.9,Mumbai_Colaba,18.9067,72.8147
2023-03-16T20:00,23.7,85,1009.6,Mumbai_Colaba,18.9067,72.8147
2023-03-16T21:00,23.7,84,1009.7,Mumbai_Colaba,18.9067,72.8147
2023-03-16T22:00,23.3,88,1009.9,Mumbai_Colaba,18.9067,72.8147
2023-03-16T23:00,23,92,1009.6,Mumbai_Colaba,18.9067,72.8147
2023-03-17T00:00,22.4,94,1009.3,Mumbai_Colaba,18.9067,72.8147
2023-03-17T01:00,22.6,91,1008.7,Mumbai_Colaba,18.9067,72.8147
2023-03-17T02:00,22.4,91,1008.2,Mumbai_Colaba,18.9067,72.8147
2023-03-17T03:00,21.9,92,1008.1,Mumbai_Colaba,18.9067,72.8147
2023-03-17T04:00,22.4,90,1008.2,Mumbai_Colaba,18.9067,72.8147
2023-03-17T05:00,24,84,1008.5,Mumbai_Colaba,18.9067,72.8147
2023-03-17T06:00,23.7,80,1009.4,Mumbai_Colaba,18.9067,72.8147
2023-03-17T07:00,24.9,70,1010.2,Mumbai_Colaba,18.9067,72.8147
2023-03-17T08:00,27.4,60,1010.7,Mumbai_Colaba,18.9067,72.8147
2023-03-17T09:00,29.4,52,1011.1,Mumbai_Colaba,18.9067,72.8147
2023-03-17T10:00,30.7,49,1010.8,Mumbai_Colaba,18.9067,72.8147
2023-03-17T11:00,31.4,48,1010.2,Mumbai_Colaba,18.9067,72.8147
2023-03-17T12:00,30.5,55,1009.5,Mumbai_Colaba,18.9067,72.8147
2023-03-17T13:00,31.2,53,1008.5,Mumbai_Colaba,18.9067,72.8147
2023-03-17T14:00,29.4,61,1007.9,Mumbai_Colaba,18.9067,72.8147
2023-03-17T15:00,30.1,56,1007.1,Mumbai_Colaba,18.9067,72.8147
2023-03-17T16:00,29.8,50,1007,Mumbai_Colaba,18.9067,72.8147
2023-03-17T17:00,28.9,68,1006.5,Mumbai_Colaba,18.9067,72.8147
2023-03-17T18:00,27.9,73,1006.7,Mumbai_Colaba,18.9067,72.8147
2023-03-17T19:00,27.4,78,1007.2,Mumbai_Colaba,18.9067,72.8147
2023-03-17T20:00,27,81,1007.9,Mumbai_Colaba,18.9067,72.8147
2023-03-17T21:00,26.5,84,1008.6,Mumbai_Colaba,18.9067,72.8147
2023-03-17T22:00,26.3,84,1008.8,Mumbai_Colaba,18.9067,72.8147
2023-03-17T23:00,25.9,85,1008.8,Mumbai_Colaba,18.9067,72.8147
2023-03-18T00:00,25.3,90,1008.6,Mumbai_Colaba,18.9067,72.8147
2023-03-18T01:00,24.4,95,1007.8,Mumbai_Colaba,18.9067,72.8147
2023-03-18T02:00,23.8,96,1007.3,Mumbai_Colaba,18.9067,72.8147
2023-03-18T03:00,24.5,93,1006.9,Mumbai_Colaba,18.9067,72.8147
2023-03-18T04:00,24.7,91,1007.1,Mumbai_Colaba,18.9067,72.8147
2023-03-18T05:00,23.8,94,1007.5,Mumbai_Colaba,18.9067,72.8147
2023-03-18T06:00,24.6,93,1008.2,Mumbai_Colaba,18.9067,72.8147
2023-03-18T07:00,24.6,94,1008.8,Mumbai_Colaba,18.9067,72.8147
2023-03-18T08:00,26.4,80,1009.5,Mumbai_Colaba,18.9067,72.8147
2023-03-18T09:00,29,57,1009.9,Mumbai_Colaba,18.9067,72.8147
2023-03-18T10:00,31,45,1010,Mumbai_Colaba,18.9067,72.8147
2023-03-18T11:00,31.6,44,1009.4,Mumbai_Colaba,18.9067,72.8147
2023-03-18T12:00,30.6,58,1008.5,Mumbai_Colaba,18.9067,72.8147
2023-03-18T13:00,30.7,57,1007.2,Mumbai_Colaba,18.9067,72.8147
2023-03-18T14:00,30.4,59,1006.1,Mumbai_Colaba,18.9067,72.8147
2023-03-18T15:00,30.3,56,1005,Mumbai_Colaba,18.9067,72.8147
2023-03-18T16:00,29.4,60,1004.6,Mumbai_Colaba,18.9067,72.8147
2023-03-18T17:00,28.9,66,1004.8,Mumbai_Colaba,18.9067,72.8147
2023-03-18T18:00,27.8,76,1005.5,Mumbai_Colaba,18.9067,72.8147
2023-03-18T19:00,27.2,79,1006.3,Mumbai_Colaba,18.9067,72.8147
2023-03-18T20:00,26.8,80,1007.1,Mumbai_Colaba,18.9067,72.8147
2023-03-18T21:00,26.5,82,1007.9,Mumbai_Colaba,18.9067,72.8147
2023-03-18T22:00,26.2,86,1008.3,Mumbai_Colaba,18.9067,72.8147
2023-03-18T23:00,26.2,77,1008.5,Mumbai_Colaba,18.9067,72.8147
2023-03-19T00:00,25.6,75,1008.1,Mumbai_Colaba,18.9067,72.8147
2023-03-19T01:00,24.1,85,1007.5,Mumbai_Colaba,18.9067,72.8147
2023-03-19T02:00,22.7,93,1006.9,Mumbai_Colaba,18.9067,72.8147
2023-03-19T03:00,22.2,96,1006.8,Mumbai_Colaba,18.9067,72.8147
2023-03-19T04:00,22.3,96,1006.9,Mumbai_Colaba,18.9067,72.8147
2023-03-19T05:00,23,96,1006.9,Mumbai_Colaba,18.9067,72.8147
2023-03-19T06:00,23.2,97,1007.7,Mumbai_Colaba,18.9067,72.8147
2023-03-19T07:00,23.7,93,1008.4,Mumbai_Colaba,18.9067,72.8147
2023-03-19T08:00,25.5,80,1009.3,Mumbai_Colaba,18.9067,72.8147
2023-03-19T09:00,27.4,67,1009.9,Mumbai_Colaba,18.9067,72.8147
2023-03-19T10:00,29,56,1009.5,Mumbai_Colaba,18.9067,72.8147
2023-03-19T11:00,29.9,52,1008.8,Mumbai_Colaba,18.9067,72.8147
2023-03-19T12:00,29.9,55,1008.1,Mumbai_Colaba,18.9067,72.8147
2023-03-19T13:00,29.9,54,1007.3,Mumbai_Colaba,18.9067,72.8147
2023-03-19T14:00,29.9,51,1006.7,Mumbai_Colaba,18.9067,72.8147
2023-03-19T15:00,29.3,54,1005.8,Mumbai_Colaba,18.9067,72.8147
2023-03-19T16:00,28.7,58,1005.4,Mumbai_Colaba,18.9067,72.8147
2023-03-19T17:00,28.3,58,1006.1,Mumbai_Colaba,18.9067,72.8147
2023-03-19T18:00,27.4,61,1006.3,Mumbai_Colaba,18.9067,72.8147
2023-03-19T19:00,26.9,64,1006.9,Mumbai_Colaba,18.9067,72.8147
2023-03-19T20:00,26.7,65,1007.5,Mumbai_Colaba,18.9067,72.8147
2023-03-19T21:00,26.3,66,1008.2,Mumbai_Colaba,18.9067,72.8147
2023-03-19T22:00,26,68,1008.9,Mumbai_Colaba,18.9067,72.8147
2023-03-19T23:00,25.5,71,1008.9,Mumbai_Colaba,18.9067,72.8147
2023-03-20T00:00,25.3,68,1008.5,Mumbai_Colaba,18.9067,72.8147
2023-03-20T01:00,25.2,66,1007.7,Mumbai_Colaba,18.9067,72.8147
2023-03-20T02:00,24.8,66,1006.9,Mumbai_Colaba,18.9067,72.8147
2023-03-20T03:00,24.6,66,1006.5,Mumbai_Colaba,18.9067,72.8147
2023-03-20T04:00,24.3,69,1006.4,Mumbai_Colaba,18.9067,72.8147
2023-03-20T05:00,24.8,67,1006.6,Mumbai_Colaba,18.9067,72.8147
2023-03-20T06:00,24.5,69,1007,Mumbai_Colaba,18.9067,72.8147
2023-03-20T07:00,25.2,68,1007.9,Mumbai_Colaba,18.9067,72.8147
2023-03-20T08:00,26.5,62,1008.6,Mumbai_Colaba,18.9067,72.8147
2023-03-20T09:00,27.5,59,1009.1,Mumbai_Colaba,18.9067,72.8147
2023-03-20T10:00,28.6,54,1009.5,Mumbai_Colaba,18.9067,72.8147
2023-03-20T11:00,29.2,50,1009.1,Mumbai_Colaba,18.9067,72.8147
2023-03-20T12:00,29.4,50,1008.4,Mumbai_Colaba,18.9067,72.8147
2023-03-20T13:00,29.3,52,1007.4,Mumbai_Colaba,18.9067,72.8147
2023-03-20T14:00,29.2,51,1006.3,Mumbai_Colaba,18.9067,72.8147
2023-03-20T15:00,29,50,1005.6,Mumbai_Colaba,18.9067,72.8147
2023-03-20T16:00,28.6,48,1005.3,Mumbai_Colaba,18.9067,72.8147
2023-03-20T17:00,28,50,1005.8,Mumbai_Colaba,18.9067,72.8147
2023-03-20T18:00,27,58,1006.2,Mumbai_Colaba,18.9067,72.8147
2023-03-20T19:00,26.4,65,1007.1,Mumbai_Colaba,18.9067,72.8147
2023-03-20T20:00,26.1,66,1007.7,Mumbai_Colaba,18.9067,72.8147
2023-03-20T21:00,25.8,67,1008.5,Mumbai_Colaba,18.9067,72.8147
2023-03-20T22:00,25.1,70,1008.6,Mumbai_Colaba,18.9067,72.8147
2023-03-20T23:00,25.8,67,1008.5,Mumbai_Colaba,18.9067,72.8147
2023-03-21T00:00,24.3,74,1008.2,Mumbai_Colaba,18.9067,72.8147
2023-03-21T01:00,22.6,86,1007.4,Mumbai_Colaba,18.9067,72.8147
2023-03-21T02:00,22.1,88,1007,Mumbai_Colaba,18.9067,72.8147
2023-03-21T03:00,21.8,88,1006.7,Mumbai_Colaba,18.9067,72.8147
2023-03-21T04:00,22.9,80,1006.8,Mumbai_Colaba,18.9067,72.8147
2023-03-21T05:00,22.9,78,1007.1,Mumbai_Colaba,18.9067,72.8147
2023-03-21T06:00,21.3,87,1008.6,Mumbai_Colaba,18.9067,72.8147
2023-03-21T07:00,22.7,81,1009,Mumbai_Colaba,18.9067,72.8147
2023-03-21T08:00,23.4,79,1009.8,Mumbai_Colaba,18.9067,72.8147
2023-03-21T09:00,25.7,66,1009.9,Mumbai_Colaba,18.9067,72.8147
2023-03-21T10:00,27.7,58,1009.9,Mumbai_Colaba,18.9067,72.8147
2023-03-21T11:00,29,51,1009.6,Mumbai_Colaba,18.9067,72.8147
2023-03-21T12:00,29.5,48,1008.8,Mumbai_Colaba,18.9067,72.8147
2023-03-21T13:00,29.5,48,1007.8,Mumbai_Colaba,18.9067,72.8147
2023-03-21T14:00,29.2,51,1007.1,Mumbai_Colaba,18.9067,72.8147
2023-03-21T15:00,28.7,54,1006.6,Mumbai_Colaba,18.9067,72.8147
2023-03-21T16:00,28.1,59,1006.6,Mumbai_Colaba,18.9067,72.8147
2023-03-21T17:00,27.9,58,1006.9,Mumbai_Colaba,18.9067,72.8147
2023-03-21T18:00,27,64,1007.2,Mumbai_Colaba,18.9067,72.8147
2023-03-21T19:00,26.6,67,1007.6,Mumbai_Colaba,18.9067,72.8147
2023-03-21T20:00,26.3,68,1008.4,Mumbai_Colaba,18.9067,72.8147
2023-03-21T21:00,25.5,73,1009.2,Mumbai_Colaba,18.9067,72.8147
2023-03-21T22:00,25.3,74,1009.7,Mumbai_Colaba,18.9067,72.8147
2023-03-21T23:00,26.3,69,1009.5,Mumbai_Colaba,18.9067,72.8147
2023-03-22T00:00,26,69,1009.4,Mumbai_Colaba,18.9067,72.8147
2023-03-22T01:00,25.4,72,1008.8,Mumbai_Colaba,18.9067,72.8147
2023-03-22T02:00,24.3,78,1008.7,Mumbai_Colaba,18.9067,72.8147
2023-03-22T03:00,21.9,92,1008.3,Mumbai_Colaba,18.9067,72.8147
2023-03-22T04:00,22.2,91,1008.4,Mumbai_Colaba,18.9067,72.8147
2023-03-22T05:00,22.2,89,1008.3,Mumbai_Colaba,18.9067,72.8147
2023-03-22T06:00,22.3,91,1009.1,Mumbai_Colaba,18.9067,72.8147
2023-03-22T07:00,23.8,83,1010.2,Mumbai_Colaba,18.9067,72.8147
2023-03-22T08:00,26.2,69,1011,Mumbai_Colaba,18.9067,72.8147
2023-03-22T09:00,28,59,1011.5,Mumbai_Colaba,18.9067,72.8147
2023-03-22T10:00,29.1,53,1011.4,Mumbai_Colaba,18.9067,72.8147
2023-03-22T11:00,29.7,49,1010.9,Mumbai_Colaba,18.9067,72.8147
2023-03-22T12:00,30.2,46,1010.1,Mumbai_Colaba,18.9067,72.8147
2023-03-22T13:00,30.2,46,1008.9,Mumbai_Colaba,18.9067,72.8147
2023-03-22T14:00,30,49,1007.9,Mumbai_Colaba,18.9067,72.8147
2023-03-22T15:00,29.5,52,1007.1,Mumbai_Colaba,18.9067,72.8147
2023-03-22T16:00,29.1,53,1006.9,Mumbai_Colaba,18.9067,72.8147
2023-03-22T17:00,28.4,55,1007.2,Mumbai_Colaba,18.9067,72.8147
2023-03-22T18:00,27.4,60,1007.7,Mumbai_Colaba,18.9067,72.8147
2023-03-22T19:00,27,62,1008.1,Mumbai_Colaba,18.9067,72.8147
2023-03-22T20:00,26.6,66,1008.6,Mumbai_Colaba,18.9067,72.8147
2023-03-22T21:00,26.3,68,1009.5,Mumbai_Colaba,18.9067,72.8147
2023-03-22T22:00,26.1,69,1009.9,Mumbai_Colaba,18.9067,72.8147
2023-03-22T23:00,24.8,76,1010,Mumbai_Colaba,18.9067,72.8147
2023-03-23T00:00,24.3,79,1009.5,Mumbai_Colaba,18.9067,72.8147
2023-03-23T01:00,23.5,84,1008.7,Mumbai_Colaba,18.9067,72.8147
2023-03-23T02:00,22.8,88,1008.2,Mumbai_Colaba,18.9067,72.8147
2023-03-23T03:00,22.6,89,1008,Mumbai_Colaba,18.9067,72.8147
2023-03-23T04:00,22.6,87,1008.1,Mumbai_Colaba,18.9067,72.8147
2023-03-23T05:00,23.2,87,1008.5,Mumbai_Colaba,18.9067,72.8147
2023-03-23T06:00,22.6,92,1009.3,Mumbai_Colaba,18.9067,72.8147
2023-03-23T07:00,24.4,83,1010,Mumbai_Colaba,18.9067,72.8147
2023-03-23T08:00,25.7,75,1010.6,Mumbai_Colaba,18.9067,72.8147
2023-03-23T09:00,27.4,66,1011.3,Mumbai_Colaba,18.9067,72.8147
2023-03-23T10:00,28.5,58,1011.4,Mumbai_Colaba,18.9067,72.8147
2023-03-23T11:00,29.8,49,1010.9,Mumbai_Colaba,18.9067,72.8147
2023-03-23T12:00,30.3,46,1010.1,Mumbai_Colaba,18.9067,72.8147
2023-03-23T13:00,30.4,45,1009.4,Mumbai_Colaba,18.9067,72.8147
2023-03-23T14:00,30,49,1008.4,Mumbai_Colaba,18.9067,72.8147
2023-03-23T15:00,29.5,54,1007.9,Mumbai_Colaba,18.9067,72.8147
2023-03-23T16:00,28.8,58,1007.6,Mumbai_Colaba,18.9067,72.8147
2023-03-23T17:00,28.5,58,1007.8,Mumbai_Colaba,18.9067,72.8147
2023-03-23T18:00,27.4,62,1008.2,Mumbai_Colaba,18.9067,72.8147
2023-03-23T19:00,27.1,64,1008.6,Mumbai_Colaba,18.9067,72.8147
2023-03-23T20:00,26.9,65,1009,Mumbai_Colaba,18.9067,72.8147
2023-03-23T21:00,26.6,66,1009.8,Mumbai_Colaba,18.9067,72.8147
2023-03-23T22:00,26.3,69,1010.1,Mumbai_Colaba,18.9067,72.8147
2023-03-23T23:00,25.6,73,1009.7,Mumbai_Colaba,18.9067,72.8147
2023-03-24T00:00,24.7,79,1009.3,Mumbai_Colaba,18.9067,72.8147
2023-03-24T01:00,23.9,83,1008.7,Mumbai_Colaba,18.9067,72.8147
2023-03-24T02:00,23.3,84,1008.2,Mumbai_Colaba,18.9067,72.8147
2023-03-24T03:00,23,84,1007.7,Mumbai_Colaba,18.9067,72.8147
2023-03-24T04:00,22.9,84,1007.8,Mumbai_Colaba,18.9067,72.8147
2023-03-24T05:00,22.2,88,1008.1,Mumbai_Colaba,18.9067,72.8147
2023-03-24T06:00,23,82,1008.9,Mumbai_Colaba,18.9067,72.8147
2023-03-24T07:00,23.9,76,1009.6,Mumbai_Colaba,18.9067,72.8147
2023-03-24T08:00,26.2,67,1010.6,Mumbai_Colaba,18.9067,72.8147
2023-03-24T09:00,28,65,1011,Mumbai_Colaba,18.9067,72.8147
2023-03-24T10:00,29.4,59,1010.9,Mumbai_Colaba,18.9067,72.8147
2023-03-24T11:00,30.1,55,1010.5,Mumbai_Colaba,18.9067,72.8147
2023-03-24T12:00,30.3,56,1009.9,Mumbai_Colaba,18.9067,72.8147
2023-03-24T13:00,30.1,57,1009,Mumbai_Colaba,18.9067,72.8147
2023-03-24T14:00,30,59,1008.3,Mumbai_Colaba,18.9067,72.8147
2023-03-24T15:00,29.6,60,1007.5,Mumbai_Colaba,18.9067,72.8147
2023-03-24T16:00,29.2,58,1007.4,Mumbai_Colaba,18.9067,72.8147
2023-03-24T17:00,28.6,61,1008.1,Mumbai_Colaba,18.9067,72.8147
2023-03-24T18:00,27.5,66,1008.6,Mumbai_Colaba,18.9067,72.8147
2023-03-24T19:00,26.9,71,1009.1,Mumbai_Colaba,18.9067,72.8147
2023-03-24T20:00,26.6,74,1009.8,Mumbai_Colaba,18.9067,72.8147
2023-03-24T21:00,26.4,74,1010.4,Mumbai_Colaba,18.9067,72.8147
2023-03-24T22:00,26.1,72,1010.8,Mumbai_Colaba,18.9067,72.8147
2023-03-24T23:00,25.2,76,1010.8,Mumbai_Colaba,18.9067,72.8147
2023-03-25T00:00,23.9,85,1010.4,Mumbai_Colaba,18.9067,72.8147
2023-03-25T01:00,23.1,92,1009.9,Mumbai_Colaba,18.9067,72.8147
2023-03-25T02:00,22.7,93,1009.4,Mumbai_Colaba,18.9067,72.8147
2023-03-25T03:00,23.1,94,1009.1,Mumbai_Colaba,18.9067,72.8147
2023-03-25T04:00,22.9,95,1008.7,Mumbai_Colaba,18.9067,72.8147
2023-03-25T05:00,22.3,92,1009.2,Mumbai_Colaba,18.9067,72.8147
2023-03-25T06:00,22.6,93,1010.2,Mumbai_Colaba,18.9067,72.8147
2023-03-25T07:00,23.4,90,1011.1,Mumbai_Colaba,18.9067,72.8147
2023-03-25T08:00,25.4,68,1011.9,Mumbai_Colaba,18.9067,72.8147
2023-03-25T09:00,26.8,58,1012.4,Mumbai_Colaba,18.9067,72.8147
2023-03-25T10:00,28,52,1012.5,Mumbai_Colaba,18.9067,72.8147
2023-03-25T11:00,29,47,1012.1,Mumbai_Colaba,18.9067,72.8147
2023-03-25T12:00,29.6,46,1011.3,Mumbai_Colaba,18.9067,72.8147
2023-03-25T13:00,29.3,47,1010.3,Mumbai_Colaba,18.9067,72.8147
2023-03-25T14:00,29.4,42,1009.3,Mumbai_Colaba,18.9067,72.8147
2023-03-25T15:00,28.9,44,1008.5,Mumbai_Colaba,18.9067,72.8147
2023-03-25T16:00,28.4,42,1008.5,Mumbai_Colaba,18.9067,72.8147
2023-03-25T17:00,27.5,52,1009,Mumbai_Colaba,18.9067,72.8147
2023-03-25T18:00,26.6,54,1009.4,Mumbai_Colaba,18.9067,72.8147
2023-03-25T19:00,26.2,55,1009.9,Mumbai_Colaba,18.9067,72.8147
2023-03-25T20:00,25.7,56,1010.6,Mumbai_Colaba,18.9067,72.8147
2023-03-25T21:00,24.3,61,1011.1,Mumbai_Colaba,18.9067,72.8147
2023-03-25T22:00,22.2,71,1011.3,Mumbai_Colaba,18.9067,72.8147
2023-03-25T23:00,21.9,73,1011,Mumbai_Colaba,18.9067,72.8147
2023-03-26T00:00,22.3,72,1010.8,Mumbai_Colaba,18.9067,72.8147
2023-03-26T01:00,23.3,70,1010.3,Mumbai_Colaba,18.9067,72.8147
2023-03-26T02:00,22.8,78,1009.8,Mumbai_Colaba,18.9067,72.8147
2023-03-26T03:00,21.8,85,1009.4,Mumbai_Colaba,18.9067,72.8147
2023-03-26T04:00,21.3,82,1009.2,Mumbai_Colaba,18.9067,72.8147
2023-03-26T05:00,20.8,78,1009.9,Mumbai_Colaba,18.9067,72.8147
2023-03-26T06:00,20.9,72,1010.7,Mumbai_Colaba,18.9067,72.8147
2023-03-26T07:00,22.1,66,1011.5,Mumbai_Colaba,18.9067,72.8147
2023-03-26T08:00,24.8,59,1012.1,Mumbai_Colaba,18.9067,72.8147
2023-03-26T09:00,26.9,57,1012.5,Mumbai_Colaba,18.9067,72.8147
2023-03-26T10:00,28.1,53,1012.5,Mumbai_Colaba,18.9067,72.8147
2023-03-26T11:00,29,49,1012.1,Mumbai_Colaba,18.9067,72.8147
2023-03-26T12:00,29.6,48,1011.2,Mumbai_Colaba,18.9067,72.8147
2023-03-26T13:00,29.3,51,1010.1,Mumbai_Colaba,18.9067,72.8147
2023-03-26T14:00,29.3,48,1009,Mumbai_Colaba,18.9067,72.8147
2023-03-26T15:00,28.8,52,1008.2,Mumbai_Colaba,18.9067,72.8147
2023-03-26T16:00,28.3,51,1007.9,Mumbai_Colaba,18.9067,72.8147
2023-03-26T17:00,27.8,53,1008.3,Mumbai_Colaba,18.9067,72.8147
2023-03-26T18:00,26.9,58,1008.7,Mumbai_Colaba,18.9067,72.8147
2023-03-26T19:00,26.4,60,1009,Mumbai_Colaba,18.9067,72.8147
2023-03-26T20:00,26,63,1009.5,Mumbai_Colaba,18.9067,72.8147
2023-03-26T21:00,25.4,66,1009.8,Mumbai_Colaba,18.9067,72.8147
2023-03-26T22:00,24.9,68,1010.1,Mumbai_Colaba,18.9067,72.8147
2023-03-26T23:00,24.2,74,1010.1,Mumbai_Colaba,18.9067,72.8147
2023-03-27T00:00,23.3,83,1009.9,Mumbai_Colaba,18.9067,72.8147
2023-03-27T01:00,22.7,87,1009.5,Mumbai_Colaba,18.9067,72.8147
2023-03-27T02:00,22.5,85,1009.3,Mumbai_Colaba,18.9067,72.8147
2023-03-27T03:00,22,84,1008.9,Mumbai_Colaba,18.9067,72.8147
2023-03-27T04:00,21.4,86,1009.1,Mumbai_Colaba,18.9067,72.8147
2023-03-27T05:00,21.7,86,1009.6,Mumbai_Colaba,18.9067,72.8147
2023-03-27T06:00,21.8,84,1010.2,Mumbai_Colaba,18.9067,72.8147
2023-03-27T07:00,22.9,79,1011,Mumbai_Colaba,18.9067,72.8147
2023-03-27T08:00,25.3,70,1011.7,Mumbai_Colaba,18.9067,72.8147
2023-03-27T09:00,27.2,63,1012.1,Mumbai_Colaba,18.9067,72.8147
2023-03-27T10:00,28.5,56,1012.2,Mumbai_Colaba,18.9067,72.8147
2023-03-27T11:00,29.2,53,1011.7,Mumbai_Colaba,18.9067,72.8147
2023-03-27T12:00,29.8,52,1010.9,Mumbai_Colaba,18.9067,72.8147
2023-03-27T13:00,29.7,54,1009.7,Mumbai_Colaba,18.9067,72.8147
2023-03-27T14:00,29.6,55,1008.7,Mumbai_Colaba,18.9067,72.8147
2023-03-27T15:00,29.3,58,1007.9,Mumbai_Colaba,18.9067,72.8147
2023-03-27T16:00,28.9,59,1007.4,Mumbai_Colaba,18.9067,72.8147
2023-03-27T17:00,27.9,67,1007.9,Mumbai_Colaba,18.9067,72.8147
2023-03-27T18:00,27,70,1008.2,Mumbai_Colaba,18.9067,72.8147
2023-03-27T19:00,26.5,73,1008.8,Mumbai_Colaba,18.9067,72.8147
2023-03-27T20:00,26.2,75,1009.4,Mumbai_Colaba,18.9067,72.8147
2023-03-27T21:00,25.8,77,1009.9,Mumbai_Colaba,18.9067,72.8147
2023-03-27T22:00,24.4,83,1009.9,Mumbai_Colaba,18.9067,72.8147
2023-03-27T23:00,23.7,87,1009.6,Mumbai_Colaba,18.9067,72.8147
2023-03-28T00:00,23.5,87,1009.1,Mumbai_Colaba,18.9067,72.8147
2023-03-28T01:00,22.3,92,1008.7,Mumbai_Colaba,18.9067,72.8147
2023-03-28T02:00,22.3,94,1008.1,Mumbai_Colaba,18.9067,72.8147
2023-03-28T03:00,23,93,1007.8,Mumbai_Colaba,18.9067,72.8147
2023-03-28T04:00,23.2,92,1007.8,Mumbai_Colaba,18.9067,72.8147
2023-03-28T05:00,23.7,91,1008.6,Mumbai_Colaba,18.9067,72.8147
2023-03-28T06:00,23.5,94,1009.5,Mumbai_Colaba,18.9067,72.8147
2023-03-28T07:00,24.3,88,1010.2,Mumbai_Colaba,18.9067,72.8147
2023-03-28T08:00,25.7,79,1010.9,Mumbai_Colaba,18.9067,72.8147
2023-03-28T09:00,27.5,66,1011.3,Mumbai_Colaba,18.9067,72.8147
2023-03-28T10:00,29.1,53,1011.2,Mumbai_Colaba,18.9067,72.8147
2023-03-28T11:00,30,48,1010.7,Mumbai_Colaba,18.9067,72.8147
2023-03-28T12:00,29.9,53,1009.8,Mumbai_Colaba,18.9067,72.8147
2023-03-28T13:00,29.9,52,1008.6,Mumbai_Colaba,18.9067,72.8147
2023-03-28T14:00,30,52,1007.6,Mumbai_Colaba,18.9067,72.8147
2023-03-28T15:00,29.6,54,1006.8,Mumbai_Colaba,18.9067,72.8147
2023-03-28T16:00,29,58,1006.8,Mumbai_Colaba,18.9067,72.8147
2023-03-28T17:00,28.2,61,1007.4,Mumbai_Colaba,18.9067,72.8147
2023-03-28T18:00,27.2,66,1007.8,Mumbai_Colaba,18.9067,72.8147
2023-03-28T19:00,26.7,68,1008.3,Mumbai_Colaba,18.9067,72.8147
2023-03-28T20:00,26.3,70,1008.8,Mumbai_Colaba,18.9067,72.8147
2023-03-28T21:00,25.5,75,1009.1,Mumbai_Colaba,18.9067,72.8147
2023-03-28T22:00,23.6,85,1009.5,Mumbai_Colaba,18.9067,72.8147
2023-03-28T23:00,22.9,89,1009.2,Mumbai_Colaba,18.9067,72.8147
2023-03-29T00:00,22.5,89,1008.7,Mumbai_Colaba,18.9067,72.8147
2023-03-29T01:00,22.4,89,1008.2,Mumbai_Colaba,18.9067,72.8147
2023-03-29T02:00,21.9,90,1008,Mumbai_Colaba,18.9067,72.8147
2023-03-29T03:00,21.6,92,1007.7,Mumbai_Colaba,18.9067,72.8147
2023-03-29T04:00,21.7,92,1008,Mumbai_Colaba,18.9067,72.8147
2023-03-29T05:00,21.2,95,1008.6,Mumbai_Colaba,18.9067,72.8147
2023-03-29T06:00,21.6,94,1009.3,Mumbai_Colaba,18.9067,72.8147
2023-03-29T07:00,23.8,88,1010.4,Mumbai_Colaba,18.9067,72.8147
2023-03-29T08:00,25.5,81,1011.1,Mumbai_Colaba,18.9067,72.8147
2023-03-29T09:00,27.1,71,1011.4,Mumbai_Colaba,18.9067,72.8147
2023-03-29T10:00,28.4,64,1011.5,Mumbai_Colaba,18.9067,72.8147
2023-03-29T11:00,29.1,61,1011,Mumbai_Colaba,18.9067,72.8147
2023-03-29T12:00,29.3,61,1010.4,Mumbai_Colaba,18.9067,72.8147
2023-03-29T13:00,29.7,56,1009.6,Mumbai_Colaba,18.9067,72.8147
2023-03-29T14:00,29.9,54,1008.6,Mumbai_Colaba,18.9067,72.8147
2023-03-29T15:00,29.4,56,1008.1,Mumbai_Colaba,18.9067,72.8147
2023-03-29T16:00,28.8,58,1008,Mumbai_Colaba,18.9067,72.8147
2023-03-29T17:00,28,65,1008.3,Mumbai_Colaba,18.9067,72.8147
2023-03-29T18:00,26.8,71,1008.7,Mumbai_Colaba,18.9067,72.8147
2023-03-29T19:00,26.3,73,1009.3,Mumbai_Colaba,18.9067,72.8147
2023-03-29T20:00,26,75,1010.1,Mumbai_Colaba,18.9067,72.8147
2023-03-29T21:00,25.6,77,1010.4,Mumbai_Colaba,18.9067,72.8147
2023-03-29T22:00,24.3,84,1010.6,Mumbai_Colaba,18.9067,72.8147
2023-03-29T23:00,25.6,77,1010.3,Mumbai_Colaba,18.9067,72.8147
2023-03-30T00:00,25.1,79,1009.8,Mumbai_Colaba,18.9067,72.8147
2023-03-30T01:00,24.8,80,1009.5,Mumbai_Colaba,18.9067,72.8147
2023-03-30T02:00,24,84,1008.8,Mumbai_Colaba,18.9067,72.8147
2023-03-30T03:00,21.4,94,1008.3,Mumbai_Colaba,18.9067,72.8147
2023-03-30T04:00,22.5,92,1008.3,Mumbai_Colaba,18.9067,72.8147
2023-03-30T05:00,24.2,83,1008.8,Mumbai_Colaba,18.9067,72.8147
2023-03-30T06:00,24.1,82,1009.6,Mumbai_Colaba,18.9067,72.8147
2023-03-30T07:00,24.4,81,1010.5,Mumbai_Colaba,18.9067,72.8147
2023-03-30T08:00,25.8,75,1011.1,Mumbai_Colaba,18.9067,72.8147
2023-03-30T09:00,27.2,66,1011.5,Mumbai_Colaba,18.9067,72.8147
2023-03-30T10:00,28.4,59,1011.2,Mumbai_Colaba,18.9067,72.8147
2023-03-30T11:00,29.2,55,1010.6,Mumbai_Colaba,18.9067,72.8147
2023-03-30T12:00,29.5,53,1009.5,Mumbai_Colaba,18.9067,72.8147
2023-03-30T13:00,29.4,54,1008.6,Mumbai_Colaba,18.9067,72.8147
2023-03-30T14:00,29.4,53,1007.7,Mumbai_Colaba,18.9067,72.8147
2023-03-30T15:00,29.2,52,1007.1,Mumbai_Colaba,18.9067,72.8147
2023-03-30T16:00,28.8,54,1006.9,Mumbai_Colaba,18.9067,72.8147
2023-03-30T17:00,28.1,58,1006.9,Mumbai_Colaba,18.9067,72.8147
2023-03-30T18:00,27.4,61,1007.2,Mumbai_Colaba,18.9067,72.8147
2023-03-30T19:00,26.9,64,1007.9,Mumbai_Colaba,18.9067,72.8147
2023-03-30T20:00,26.4,67,1008.3,Mumbai_Colaba,18.9067,72.8147
2023-03-30T21:00,26.1,69,1009,Mumbai_Colaba,18.9067,72.8147
2023-03-30T22:00,25.5,73,1009.4,Mumbai_Colaba,18.9067,72.8147
2023-03-30T23:00,24.9,77,1009.4,Mumbai_Colaba,18.9067,72.8147
2023-03-31T00:00,24.5,78,1009.2,Mumbai_Colaba,18.9067,72.8147
2023-03-31T01:00,24.7,76,1008.6,Mumbai_Colaba,18.9067,72.8147
2023-03-31T02:00,24.8,75,1007.9,Mumbai_Colaba,18.9067,72.8147
2023-03-31T03:00,23.4,81,1007.6,Mumbai_Colaba,18.9067,72.8147
2023-03-31T04:00,23.6,81,1007.8,Mumbai_Colaba,18.9067,72.8147
2023-03-31T05:00,26.1,70,1008.2,Mumbai_Colaba,18.9067,72.8147
2023-03-31T06:00,25.4,75,1008.9,Mumbai_Colaba,18.9067,72.8147
2023-03-31T07:00,25.6,75,1009.8,Mumbai_Colaba,18.9067,72.8147
2023-03-31T08:00,26.2,72,1010.3,Mumbai_Colaba,18.9067,72.8147
2023-03-31T09:00,27.6,65,1010.9,Mumbai_Colaba,18.9067,72.8147
2023-03-31T10:00,28.7,60,1010.8,Mumbai_Colaba,18.9067,72.8147
2023-03-31T11:00,29.1,58,1010.5,Mumbai_Colaba,18.9067,72.8147
2023-03-31T12:00,29.2,60,1009.9,Mumbai_Colaba,18.9067,72.8147
2023-03-31T13:00,29.1,62,1008.7,Mumbai_Colaba,18.9067,72.8147
2023-03-31T14:00,29.2,60,1007.9,Mumbai_Colaba,18.9067,72.8147
2023-03-31T15:00,29,61,1006.8,Mumbai_Colaba,18.9067,72.8147
2023-03-31T16:00,28.5,63,1006.5,Mumbai_Colaba,18.9067,72.8147
2023-03-31T17:00,28,66,1006.8,Mumbai_Colaba,18.9067,72.8147
2023-03-31T18:00,27.2,69,1006.8,Mumbai_Colaba,18.9067,72.8147
2023-03-31T19:00,26.8,72,1007.4,Mumbai_Colaba,18.9067,72.8147
2023-03-31T20:00,26.6,73,1008,Mumbai_Colaba,18.9067,72.8147
2023-03-31T21:00,25.9,77,1008.4,Mumbai_Colaba,18.9067,72.8147
2023-03-31T22:00,25.1,82,1008.8,Mumbai_Colaba,18.9067,72.8147
2023-03-31T23:00,24.2,86,1008.9,Mumbai_Colaba,18.9067,72.8147
2023-04-01T00:00,23.9,88,1008.9,Mumbai_Colaba,18.9067,72.8147
2023-04-01T01:00,23.7,89,1008.5,Mumbai_Colaba,18.9067,72.8147
2023-04-01T02:00,23.5,89,1008.2,Mumbai_Colaba,18.9067,72.8147
2023-04-01T03:00,23.9,90,1008.1,Mumbai_Colaba,18.9067,72.8147
2023-04-01T04:00,23.5,94,1008.3,Mumbai_Colaba,18.9067,72.8147
2023-04-01T05:00,23.5,93,1008.8,Mumbai_Colaba,18.9067,72.8147
2023-04-01T06:00,23.3,92,1009.6,Mumbai_Colaba,18.9067,72.8147
2023-04-01T07:00,24.4,80,1010.3,Mumbai_Colaba,18.9067,72.8147
2023-04-01T08:00,26.1,67,1011,Mumbai_Colaba,18.9067,72.8147
2023-04-01T09:00,28,49,1011.3,Mumbai_Colaba,18.9067,72.8147
2023-04-01T10:00,29.7,38,1011,Mumbai_Colaba,18.9067,72.8147
2023-04-01T11:00,30.6,36,1010.5,Mumbai_Colaba,18.9067,72.8147
2023-04-01T12:00,30.4,45,1009.8,Mumbai_Colaba,18.9067,72.8147
2023-04-01T13:00,30.1,46,1008.7,Mumbai_Colaba,18.9067,72.8147
2023-04-01T14:00,30,51,1007.9,Mumbai_Colaba,18.9067,72.8147
2023-04-01T15:00,29.2,56,1007.1,Mumbai_Colaba,18.9067,72.8147
2023-04-01T16:00,28.5,62,1006.8,Mumbai_Colaba,18.9067,72.8147
2023-04-01T17:00,27.8,66,1007.4,Mumbai_Colaba,18.9067,72.8147
2023-04-01T18:00,27,70,1007.7,Mumbai_Colaba,18.9067,72.8147
2023-04-01T19:00,26.7,71,1008.4,Mumbai_Colaba,18.9067,72.8147
2023-04-01T20:00,26.5,71,1008.9,Mumbai_Colaba,18.9067,72.8147
2023-04-01T21:00,25.5,76,1009.4,Mumbai_Colaba,18.9067,72.8147
2023-04-01T22:00,25.9,74,1009.6,Mumbai_Colaba,18.9067,72.8147
2023-04-01T23:00,25.5,76,1009.7,Mumbai_Colaba,18.9067,72.8147
2023-04-02T00:00,26,73,1009.7,Mumbai_Colaba,18.9067,72.8147
2023-04-02T01:00,25.8,74,1009.1,Mumbai_Colaba,18.9067,72.8147
2023-04-02T02:00,25.3,77,1008.7,Mumbai_Colaba,18.9067,72.8147
2023-04-02T03:00,23.3,87,1008.2,Mumbai_Colaba,18.9067,72.8147
2023-04-02T04:00,21.9,94,1007.9,Mumbai_Colaba,18.9067,72.8147
2023-04-02T05:00,21.7,95,1008.2,Mumbai_Colaba,18.9067,72.8147
2023-04-02T06:00,23,92,1008.9,Mumbai_Colaba,18.9067,72.8147
2023-04-02T07:00,24.1,83,1009.8,Mumbai_Colaba,18.9067,72.8147
2023-04-02T08:00,26.1,74,1010.7,Mumbai_Colaba,18.9067,72.8147
2023-04-02T09:00,27.7,66,1011.3,Mumbai_Colaba,18.9067,72.8147
2023-04-02T10:00,28.8,58,1011.1,Mumbai_Colaba,18.9067,72.8147
2023-04-02T11:00,29.7,52,1010.5,Mumbai_Colaba,18.9067,72.8147
2023-04-02T12:00,29.8,55,1009.8,Mumbai_Colaba,18.9067,72.8147
2023-04-02T13:00,29.9,51,1008.7,Mumbai_Colaba,18.9067,72.8147
2023-04-02T14:00,30,54,1007.6,Mumbai_Colaba,18.9067,72.8147
2023-04-02T15:00,29.2,57,1006.8,Mumbai_Colaba,18.9067,72.8147
2023-04-02T16:00,28.7,62,1006.6,Mumbai_Colaba,18.9067,72.8147
2023-04-02T17:00,27.9,65,1006.9,Mumbai_Colaba,18.9067,72.8147
2023-04-02T18:00,27,69,1007.3,Mumbai_Colaba,18.9067,72.8147
2023-04-02T19:00,26.5,71,1007.8,Mumbai_Colaba,18.9067,72.8147
2023-04-02T20:00,26.3,73,1008.5,Mumbai_Colaba,18.9067,72.8147
2023-04-02T21:00,25.9,74,1009.1,Mumbai_Colaba,18.9067,72.8147
2023-04-02T22:00,25,79,1009.2,Mumbai_Colaba,18.9067,72.8147
2023-04-02T23:00,23.9,84,1008.9,Mumbai_Colaba,18.9067,72.8147
2023-04-03T00:00,23.2,87,1008.3,Mumbai_Colaba,18.9067,72.8147
2023-04-03T01:00,23.5,84,1007.7,Mumbai_Colaba,18.9067,72.8147
2023-04-03T02:00,23.9,80,1007.3,Mumbai_Colaba,18.9067,72.8147
2023-04-03T03:00,23.8,79,1006.9,Mumbai_Colaba,18.9067,72.8147
2023-04-03T04:00,22.6,86,1007.1,Mumbai_Colaba,18.9067,72.8147
2023-04-03T05:00,23.3,87,1007.4,Mumbai_Colaba,18.9067,72.8147
2023-04-03T06:00,23,92,1008.3,Mumbai_Colaba,18.9067,72.8147
2023-04-03T07:00,25.1,83,1009.1,Mumbai_Colaba,18.9067,72.8147
2023-04-03T08:00,26.5,74,1009.9,Mumbai_Colaba,18.9067,72.8147
2023-04-03T09:00,27.9,67,1010.3,Mumbai_Colaba,18.9067,72.8147
2023-04-03T10:00,29.2,60,1010.3,Mumbai_Colaba,18.9067,72.8147
2023-04-03T11:00,29.7,57,1009.8,Mumbai_Colaba,18.9067,72.8147
2023-04-03T12:00,30.1,55,1009.1,Mumbai_Colaba,18.9067,72.8147
2023-04-03T13:00,29.9,57,1008.1,Mumbai_Colaba,18.9067,72.8147
2023-04-03T14:00,29.9,56,1007.3,Mumbai_Colaba,18.9067,72.8147
2023-04-03T15:00,29.1,59,1006.5,Mumbai_Colaba,18.9067,72.8147
2023-04-03T16:00,28.7,62,1006.3,Mumbai_Colaba,18.9067,72.8147
2023-04-03T17:00,28.1,66,1007,Mumbai_Colaba,18.9067,72.8147
2023-04-03T18:00,27.2,71,1007.5,Mumbai_Colaba,18.9067,72.8147
2023-04-03T19:00,26.7,74,1008.1,Mumbai_Colaba,18.9067,72.8147
2023-04-03T20:00,26.6,75,1009,Mumbai_Colaba,18.9067,72.8147
2023-04-03T21:00,26.2,77,1009.6,Mumbai_Colaba,18.9067,72.8147
2023-04-03T22:00,25.3,82,1009.8,Mumbai_Colaba,18.9067,72.8147
2023-04-03T23:00,24.5,86,1009.6,Mumbai_Colaba,18.9067,72.8147
2023-04-04T00:00,24,88,1009,Mumbai_Colaba,18.9067,72.8147
2023-04-04T01:00,23.5,90,1008.3,Mumbai_Colaba,18.9067,72.8147
2023-04-04T02:00,23.9,89,1007.9,Mumbai_Colaba,18.9067,72.8147
2023-04-04T03:00,24,91,1007.5,Mumbai_Colaba,18.9067,72.8147
2023-04-04T04:00,23.5,92,1007.6,Mumbai_Colaba,18.9067,72.8147
2023-04-04T05:00,23.7,92,1007.9,Mumbai_Colaba,18.9067,72.8147
2023-04-04T06:00,23.7,92,1008.8,Mumbai_Colaba,18.9067,72.8147
2023-04-04T07:00,24.8,87,1009.8,Mumbai_Colaba,18.9067,72.8147
2023-04-04T08:00,26.6,76,1010.7,Mumbai_Colaba,18.9067,72.8147
2023-04-04T09:00,28.2,65,1011.1,Mumbai_Colaba,18.9067,72.8147
2023-04-04T10:00,29.7,57,1011,Mumbai_Colaba,18.9067,72.8147
2023-04-04T11:00,30.6,56,1010.4,Mumbai_Colaba,18.9067,72.8147
2023-04-04T12:00,30.4,62,1009.6,Mumbai_Colaba,18.9067,72.8147
2023-04-04T13:00,30.3,58,1008.7,Mumbai_Colaba,18.9067,72.8147
2023-04-04T14:00,30.3,62,1007.6,Mumbai_Colaba,18.9067,72.8147
2023-04-04T15:00,29.9,61,1007.2,Mumbai_Colaba,18.9067,72.8147
2023-04-04T16:00,29.1,66,1006.9,Mumbai_Colaba,18.9067,72.8147
2023-04-04T17:00,28.1,73,1007.4,Mumbai_Colaba,18.9067,72.8147
2023-04-04T18:00,27.2,78,1008,Mumbai_Colaba,18.9067,72.8147
2023-04-04T19:00,26.8,79,1008.5,Mumbai_Colaba,18.9067,72.8147
2023-04-04T20:00,26.8,77,1008.9,Mumbai_Colaba,18.9067,72.8147
2023-04-04T21:00,26.4,80,1009.7,Mumbai_Colaba,18.9067,72.8147
2023-04-04T22:00,25.9,83,1010.2,Mumbai_Colaba,18.9067,72.8147
2023-04-04T23:00,24.2,91,1009.7,Mumbai_Colaba,18.9067,72.8147
2023-04-05T00:00,24.4,88,1009.1,Mumbai_Colaba,18.9067,72.8147
2023-04-05T01:00,23.3,92,1008.4,Mumbai_Colaba,18.9067,72.8147
2023-04-05T02:00,23.8,91,1008,Mumbai_Colaba,18.9067,72.8147
2023-04-05T03:00,24,91,1007.5,Mumbai_Colaba,18.9067,72.8147
2023-04-05T04:00,22.1,95,1007.3,Mumbai_Colaba,18.9067,72.8147
2023-04-05T05:00,22.9,96,1007.8,Mumbai_Colaba,18.9067,72.8147
2023-04-05T06:00,22.4,98,1008.5,Mumbai_Colaba,18.9067,72.8147
2023-04-05T07:00,24.1,97,1009.3,Mumbai_Colaba,18.9067,72.8147
2023-04-05T08:00,26,86,1010,Mumbai_Colaba,18.9067,72.8147
2023-04-05T09:00,28,73,1010.8,Mumbai_Colaba,18.9067,72.8147
2023-04-05T10:00,29.4,64,1010.7,Mumbai_Colaba,18.9067,72.8147
2023-04-05T11:00,30.4,61,1010.1,Mumbai_Colaba,18.9067,72.8147
2023-04-05T12:00,30.8,59,1009.4,Mumbai_Colaba,18.9067,72.8147
2023-04-05T13:00,30.9,58,1008.2,Mumbai_Colaba,18.9067,72.8147
2023-04-05T14:00,30.5,63,1007.3,Mumbai_Colaba,18.9067,72.8147
2023-04-05T15:00,30.1,66,1006.5,Mumbai_Colaba,18.9067,72.8147
2023-04-05T16:00,29.6,67,1006.4,Mumbai_Colaba,18.9067,72.8147
2023-04-05T17:00,28.8,73,1006.6,Mumbai_Colaba,18.9067,72.8147
2023-04-05T18:00,27.9,78,1007.1,Mumbai_Colaba,18.9067,72.8147
2023-04-05T19:00,27.4,81,1007.9,Mumbai_Colaba,18.9067,72.8147
2023-04-05T20:00,27.2,82,1008.7,Mumbai_Colaba,18.9067,72.8147
2023-04-05T21:00,26.8,84,1009.5,Mumbai_Colaba,18.9067,72.8147
2023-04-05T22:00,26.3,86,1009.7,Mumbai_Colaba,18.9067,72.8147
2023-04-05T23:00,25.9,88,1009.4,Mumbai_Colaba,18.9067,72.8147
2023-04-06T00:00,25.6,90,1008.6,Mumbai_Colaba,18.9067,72.8147
2023-04-06T01:00,25,91,1008.1,Mumbai_Colaba,18.9067,72.8147
2023-04-06T02:00,24.5,91,1007.6,Mumbai_Colaba,18.9067,72.8147
2023-04-06T03:00,24.2,87,1007.2,Mumbai_Colaba,18.9067,72.8147
2023-04-06T04:00,24.1,82,1007.4,Mumbai_Colaba,18.9067,72.8147
2023-04-06T05:00,24.4,91,1007.8,Mumbai_Colaba,18.9067,72.8147
2023-04-06T06:00,24.5,89,1008.4,Mumbai_Colaba,18.9067,72.8147
2023-04-06T07:00,25.7,83,1008.9,Mumbai_Colaba,18.9067,72.8147
2023-04-06T08:00,27.7,70,1009.6,Mumbai_Colaba,18.9067,72.8147
2023-04-06T09:00,30.2,51,1010.1,Mumbai_Colaba,18.9067,72.8147
2023-04-06T10:00,32.2,43,1010.2,Mumbai_Colaba,18.9067,72.8147
2023-04-06T11:00,32.8,44,1009.7,Mumbai_Colaba,18.9067,72.8147
2023-04-06T12:00,31.7,58,1009,Mumbai_Colaba,18.9067,72.8147
2023-04-06T13:00,31.9,54,1007.9,Mumbai_Colaba,18.9067,72.8147
2023-04-06T14:00,31.7,59,1007,Mumbai_Colaba,18.9067,72.8147
2023-04-06T15:00,31,63,1006.3,Mumbai_Colaba,18.9067,72.8147
2023-04-06T16:00,30.8,59,1006.2,Mumbai_Colaba,18.9067,72.8147
2023-04-06T17:00,29.9,68,1006.4,Mumbai_Colaba,18.9067,72.8147
2023-04-06T18:00,28.7,73,1007,Mumbai_Colaba,18.9067,72.8147
2023-04-06T19:00,28.5,70,1007.6,Mumbai_Colaba,18.9067,72.8147
2023-04-06T20:00,28.4,68,1008.1,Mumbai_Colaba,18.9067,72.8147
2023-04-06T21:00,28.1,71,1008.8,Mumbai_Colaba,18.9067,72.8147
2023-04-06T22:00,27.3,77,1009.5,Mumbai_Colaba,18.9067,72.8147
2023-04-06T23:00,26.9,72,1009.6,Mumbai_Colaba,18.9067,72.8147
2023-04-07T00:00,27.4,66,1009,Mumbai_Colaba,18.9067,72.8147
2023-04-07T01:00,27,71,1008.4,Mumbai_Colaba,18.9067,72.8147
2023-04-07T02:00,26.5,71,1008.2,Mumbai_Colaba,18.9067,72.8147
2023-04-07T03:00,26.3,70,1007.7,Mumbai_Colaba,18.9067,72.8147
2023-04-07T04:00,25.9,71,1007.9,Mumbai_Colaba,18.9067,72.8147
2023-04-07T05:00,25.7,75,1008.3,Mumbai_Colaba,18.9067,72.8147
2023-04-07T06:00,25.6,73,1009.2,Mumbai_Colaba,18.9067,72.8147
2023-04-07T07:00,27,65,1010,Mumbai_Colaba,18.9067,72.8147
2023-04-07T08:00,28.8,54,1010.7,Mumbai_Colaba,18.9067,72.8147
2023-04-07T09:00,30.9,45,1011,Mumbai_Colaba,18.9067,72.8147
2023-04-07T10:00,33.1,38,1010.8,Mumbai_Colaba,18.9067,72.8147
2023-04-07T11:00,33.3,45,1010.2,Mumbai_Colaba,18.9067,72.8147
2023-04-07T12:00,33.1,51,1009.7,Mumbai_Colaba,18.9067,72.8147
2023-04-07T13:00,33.4,48,1008.6,Mumbai_Colaba,18.9067,72.8147
2023-04-07T14:00,32.7,53,1007.9,Mumbai_Colaba,18.9067,72.8147
2023-04-07T15:00,31.8,58,1007.2,Mumbai_Colaba,18.9067,72.8147
2023-04-07T16:00,30.8,59,1007.3,Mumbai_Colaba,18.9067,72.8147
2023-04-07T17:00,31.4,54,1006.7,Mumbai_Colaba,18.9067,72.8147
2023-04-07T18:00,30.8,55,1007.4,Mumbai_Colaba,18.9067,72.8147
2023-04-07T19:00,30.9,53,1008.6,Mumbai_Colaba,18.9067,72.8147
2023-04-07T20:00,31.1,49,1009.3,Mumbai_Colaba,18.9067,72.8147
2023-04-07T21:00,30.9,45,1010.2,Mumbai_Colaba,18.9067,72.8147
2023-04-07T22:00,30.4,44,1010.7,Mumbai_Colaba,18.9067,72.8147
2023-04-07T23:00,29.5,46,1010.6,Mumbai_Colaba,18.9067,72.8147
2023-04-08T00:00,28.9,50,1010.3,Mumbai_Colaba,18.9067,72.8147
2023-04-08T01:00,28.4,49,1009.7,Mumbai_Colaba,18.9067,72.8147
2023-04-08T02:00,28.2,49,1009.6,Mumbai_Colaba,18.9067,72.8147
2023-04-08T03:00,27.6,52,1009.3,Mumbai_Colaba,18.9067,72.8147
2023-04-08T04:00,26.9,56,1009.1,Mumbai_Colaba,18.9067,72.8147
2023-04-08T05:00,27.6,55,1009.4,Mumbai_Colaba,18.9067,72.8147
2023-04-08T06:00,27.5,56,1010.3,Mumbai_Colaba,18.9067,72.8147
2023-04-08T07:00,28.3,56,1011.1,Mumbai_Colaba,18.9067,72.8147
2023-04-08T08:00,30.2,50,1011.9,Mumbai_Colaba,18.9067,72.8147
2023-04-08T09:00,32.9,42,1012.2,Mumbai_Colaba,18.9067,72.8147
2023-04-08T10:00,34.8,36,1012.2,Mumbai_Colaba,18.9067,72.8147
2023-04-08T11:00,34.3,43,1011.8,Mumbai_Colaba,18.9067,72.8147
2023-04-08T12:00,33.3,48,1011.1,Mumbai_Colaba,18.9067,72.8147
2023-04-08T13:00,33.9,45,1010.5,Mumbai_Colaba,18.9067,72.8147
2023-04-08T14:00,32.7,52,1009.8,Mumbai_Colaba,18.9067,72.8147
2023-04-08T15:00,32,59,1009.4,Mumbai_Colaba,18.9067,72.8147
2023-04-08T16:00,31.4,61,1009.2,Mumbai_Colaba,18.9067,72.8147
2023-04-08T17:00,30.8,64,1009.1,Mumbai_Colaba,18.9067,72.8147
2023-04-08T18:00,29.9,69,1009.8,Mumbai_Colaba,18.9067,72.8147
2023-04-08T19:00,29.1,72,1010.5,Mumbai_Colaba,18.9067,72.8147
2023-04-08T20:00,29.2,68,1011.3,Mumbai_Colaba,18.9067,72.8147
2023-04-08T21:00,28.8,67,1011.9,Mumbai_Colaba,18.9067,72.8147
2023-04-08T22:00,27.6,73,1012.5,Mumbai_Colaba,18.9067,72.8147
2023-04-08T23:00,27.2,77,1012.5,Mumbai_Colaba,18.9067,72.8147
2023-04-09T00:00,26.8,76,1011.9,Mumbai_Colaba,18.9067,72.8147
2023-04-09T01:00,26.5,73,1011.3,Mumbai_Colaba,18.9067,72.8147
2023-04-09T02:00,27.4,62,1010.7,Mumbai_Colaba,18.9067,72.8147
2023-04-09T03:00,27.1,59,1010.2,Mumbai_Colaba,18.9067,72.8147
2023-04-09T04:00,26.7,61,1010.3,Mumbai_Colaba,18.9067,72.8147
2023-04-09T05:00,27.1,59,1010.9,Mumbai_Colaba,18.9067,72.8147
2023-04-09T06:00,25.8,64,1011.8,Mumbai_Colaba,18.9067,72.8147
2023-04-09T07:00,28.5,58,1012.6,Mumbai_Colaba,18.9067,72.8147
2023-04-09T08:00,30.4,51,1013.1,Mumbai_Colaba,18.9067,72.8147
2023-04-09T09:00,33.1,43,1013.4,Mumbai_Colaba,18.9067,72.8147
2023-04-09T10:00,34.9,38,1013,Mumbai_Colaba,18.9067,72.8147
2023-04-09T11:00,35.3,39,1012.2,Mumbai_Colaba,18.9067,72.8147
2023-04-09T12:00,35.2,41,1011.4,Mumbai_Colaba,18.9067,72.8147
2023-04-09T13:00,34.4,42,1010.6,Mumbai_Colaba,18.9067,72.8147
2023-04-09T14:00,33,51,1009.8,Mumbai_Colaba,18.9067,72.8147
2023-04-09T15:00,32.5,53,1008.9,Mumbai_Colaba,18.9067,72.8147
2023-04-09T16:00,31.7,54,1008.4,Mumbai_Colaba,18.9067,72.8147
2023-04-09T17:00,30.9,64,1009.1,Mumbai_Colaba,18.9067,72.8147
2023-04-09T18:00,29.5,73,1009.3,Mumbai_Colaba,18.9067,72.8147
2023-04-09T19:00,28.8,74,1009.9,Mumbai_Colaba,18.9067,72.8147
2023-04-09T20:00,29,68,1010.4,Mumbai_Colaba,18.9067,72.8147
2023-04-09T21:00,28.6,71,1011.1,Mumbai_Colaba,18.9067,72.8147
2023-04-09T22:00,28,75,1011.2,Mumbai_Colaba,18.9067,72.8147
2023-04-09T23:00,27.9,73,1011.2,Mumbai_Colaba,18.9067,72.8147
2023-04-10T00:00,27.6,72,1010.6,Mumbai_Colaba,18.9067,72.8147
2023-04-10T01:00,26.1,80,1009.9,Mumbai_Colaba,18.9067,72.8147
2023-04-10T02:00,26.8,76,1009.2,Mumbai_Colaba,18.9067,72.8147
2023-04-10T03:00,27.5,71,1008.3,Mumbai_Colaba,18.9067,72.8147
2023-04-10T04:00,27.4,77,1008.1,Mumbai_Colaba,18.9067,72.8147
2023-04-10T05:00,27.6,76,1009.1,Mumbai_Colaba,18.9067,72.8147
2023-04-10T06:00,26.7,75,1010.1,Mumbai_Colaba,18.9067,72.8147
2023-04-10T07:00,28.4,64,1010.6,Mumbai_Colaba,18.9067,72.8147
2023-04-10T08:00,30.4,52,1011.2,Mumbai_Colaba,18.9067,72.8147
2023-04-10T09:00,32.5,45,1011.5,Mumbai_Colaba,18.9067,72.8147
2023-04-10T10:00,34.1,41,1011.4,Mumbai_Colaba,18.9067,72.8147
2023-04-10T11:00,35.2,37,1010.9,Mumbai_Colaba,18.9067,72.8147
2023-04-10T12:00,35.1,44,1009.9,Mumbai_Colaba,18.9067,72.8147
2023-04-10T13:00,34.6,48,1008.6,Mumbai_Colaba,18.9067,72.8147
2023-04-10T14:00,34.3,45,1007.8,Mumbai_Colaba,18.9067,72.8147
2023-04-10T15:00,33.6,48,1007.2,Mumbai_Colaba,18.9067,72.8147
2023-04-10T16:00,32.7,54,1006.9,Mumbai_Colaba,18.9067,72.8147
2023-04-10T17:00,31.2,61,1007,Mumbai_Colaba,18.9067,72.8147
2023-04-10T18:00,29.8,75,1007.4,Mumbai_Colaba,18.9067,72.8147
2023-04-10T19:00,29,79,1008.3,Mumbai_Colaba,18.9067,72.8147
2023-04-10T20:00,29,73,1009.2,Mumbai_Colaba,18.9067,72.8147
2023-04-10T21:00,28.4,74,1010.1,Mumbai_Colaba,18.9067,72.8147
2023-04-10T22:00,27.8,76,1010.4,Mumbai_Colaba,18.9067,72.8147
2023-04-10T23:00,27.8,80,1010.4,Mumbai_Colaba,18.9067,72.8147
2023-04-11T00:00,27.2,84,1009.9,Mumbai_Colaba,18.9067,72.8147
2023-04-11T01:00,27.2,81,1009.4,Mumbai_Colaba,18.9067,72.8147
2023-04-11T02:00,27.3,79,1008.8,Mumbai_Colaba,18.9067,72.8147
2023-04-11T03:00,27.2,77,1008.3,Mumbai_Colaba,18.9067,72.8147
2023-04-11T04:00,26.8,78,1008.2,Mumbai_Colaba,18.9067,72.8147
2023-04-11T05:00,26,86,1008.8,Mumbai_Colaba,18.9067,72.8147
2023-04-11T06:00,26.7,80,1009.4,Mumbai_Colaba,18.9067,72.8147
2023-04-11T07:00,28.1,70,1010.2,Mumbai_Colaba,18.9067,72.8147
2023-04-11T08:00,30,58,1010.8,Mumbai_Colaba,18.9067,72.8147
2023-04-11T09:00,32.3,48,1011.3,Mumbai_Colaba,18.9067,72.8147
2023-04-11T10:00,33.7,43,1011.1,Mumbai_Colaba,18.9067,72.8147
2023-04-11T11:00,33.8,48,1010.8,Mumbai_Colaba,18.9067,72.8147
2023-04-11T12:00,33.8,46,1010.4,Mumbai_Colaba,18.9067,72.8147
2023-04-11T13:00,34.4,41,1009.4,Mumbai_Colaba,18.9067,72.8147
2023-04-11T14:00,33.5,49,1008.7,Mumbai_Colaba,18.9067,72.8147
2023-04-11T15:00,32.5,51,1008.2,Mumbai_Colaba,18.9067,72.8147
2023-04-11T16:00,32,54,1008.2,Mumbai_Colaba,18.9067,72.8147
2023-04-11T17:00,30.5,65,1008.7,Mumbai_Colaba,18.9067,72.8147
2023-04-11T18:00,29.6,67,1009.2,Mumbai_Colaba,18.9067,72.8147
2023-04-11T19:00,28.9,74,1009.8,Mumbai_Colaba,18.9067,72.8147
2023-04-11T20:00,29.1,68,1010.6,Mumbai_Colaba,18.9067,72.8147
2023-04-11T21:00,28.6,72,1010.9,Mumbai_Colaba,18.9067,72.8147
2023-04-11T22:00,27.5,80,1011.2,Mumbai_Colaba,18.9067,72.8147
2023-04-11T23:00,27,82,1010.9,Mumbai_Colaba,18.9067,72.8147
2023-04-12T00:00,26.5,82,1010.3,Mumbai_Colaba,18.9067,72.8147
2023-04-12T01:00,26.9,77,1009.8,Mumbai_Colaba,18.9067,72.8147
2023-04-12T02:00,27.5,76,1009.3,Mumbai_Colaba,18.9067,72.8147
2023-04-12T03:00,27.6,75,1008.9,Mumbai_Colaba,18.9067,72.8147
2023-04-12T04:00,27.5,72,1008.8,Mumbai_Colaba,18.9067,72.8147
2023-04-12T05:00,27.3,78,1009.4,Mumbai_Colaba,18.9067,72.8147
2023-04-12T06:00,26.9,74,1010.1,Mumbai_Colaba,18.9067,72.8147
2023-04-12T07:00,28,66,1010.7,Mumbai_Colaba,18.9067,72.8147
2023-04-12T08:00,30.3,52,1011.5,Mumbai_Colaba,18.9067,72.8147
2023-04-12T09:00,32.5,42,1011.5,Mumbai_Colaba,18.9067,72.8147
2023-04-12T10:00,33.9,39,1011,Mumbai_Colaba,18.9067,72.8147
2023-04-12T11:00,34.5,42,1010.3,Mumbai_Colaba,18.9067,72.8147
2023-04-12T12:00,34,49,1009.6,Mumbai_Colaba,18.9067,72.8147
2023-04-12T13:00,33.9,45,1008.7,Mumbai_Colaba,18.9067,72.8147
2023-04-12T14:00,34.4,43,1007.6,Mumbai_Colaba,18.9067,72.8147
2023-04-12T15:00,34,43,1006.7,Mumbai_Colaba,18.9067,72.8147
2023-04-12T16:00,33.1,47,1006.5,Mumbai_Colaba,18.9067,72.8147
2023-04-12T17:00,31.9,49,1006.5,Mumbai_Colaba,18.9067,72.8147
2023-04-12T18:00,31,52,1007.1,Mumbai_Colaba,18.9067,72.8147
2023-04-12T19:00,30.7,51,1007.9,Mumbai_Colaba,18.9067,72.8147
2023-04-12T20:00,30.7,53,1008.5,Mumbai_Colaba,18.9067,72.8147
2023-04-12T21:00,30.5,51,1009.2,Mumbai_Colaba,18.9067,72.8147
2023-04-12T22:00,30.4,47,1009.7,Mumbai_Colaba,18.9067,72.8147
2023-04-12T23:00,29.6,54,1009.7,Mumbai_Colaba,18.9067,72.8147
2023-04-13T00:00,29,57,1009.4,Mumbai_Colaba,18.9067,72.8147
2023-04-13T01:00,28.8,55,1008.7,Mumbai_Colaba,18.9067,72.8147
2023-04-13T02:00,28.6,56,1008.5,Mumbai_Colaba,18.9067,72.8147
2023-04-13T03:00,28,58,1008.2,Mumbai_Colaba,18.9067,72.8147
2023-04-13T04:00,27.9,57,1008,Mumbai_Colaba,18.9067,72.8147
2023-04-13T05:00,28,57,1008.3,Mumbai_Colaba,18.9067,72.8147
2023-04-13T06:00,28.4,49,1009.2,Mumbai_Colaba,18.9067,72.8147
2023-04-13T07:00,29.5,42,1009.6,Mumbai_Colaba,18.9067,72.8147
2023-04-13T08:00,31.6,37,1010.2,Mumbai_Colaba,18.9067,72.8147
2023-04-13T09:00,33,35,1010.4,Mumbai_Colaba,18.9067,72.8147
2023-04-13T10:00,34,34,1010.5,Mumbai_Colaba,18.9067,72.8147
2023-04-13T11:00,34.5,38,1009.7,Mumbai_Colaba,18.9067,72.8147
2023-04-13T12:00,34,48,1009.2,Mumbai_Colaba,18.9067,72.8147
2023-04-13T13:00,33.8,48,1008.1,Mumbai_Colaba,18.9067,72.8147
2023-04-13T14:00,33.8,49,1007.2,Mumbai_Colaba,18.9067,72.8147
2023-04-13T15:00,33.7,52,1006.5,Mumbai_Colaba,18.9067,72.8147
2023-04-13T16:00,32.8,53,1006.4,Mumbai_Colaba,18.9067,72.8147
2023-04-13T17:00,32.2,54,1006.4,Mumbai_Colaba,18.9067,72.8147
2023-04-13T18:00,31.1,58,1007.1,Mumbai_Colaba,18.9067,72.8147
2023-04-13T19:00,30.9,56,1008.1,Mumbai_Colaba,18.9067,72.8147
2023-04-13T20:00,31,52,1008.8,Mumbai_Colaba,18.9067,72.8147
2023-04-13T21:00,30.5,56,1009.4,Mumbai_Colaba,18.9067,72.8147
2023-04-13T22:00,29.4,67,1010.1,Mumbai_Colaba,18.9067,72.8147
2023-04-13T23:00,29,67,1010.1,Mumbai_Colaba,18.9067,72.8147
2023-04-14T00:00,28.6,67,1009.5,Mumbai_Colaba,18.9067,72.8147
2023-04-14T01:00,28.1,69,1008.9,Mumbai_Colaba,18.9067,72.8147
2023-04-14T02:00,27.9,70,1008.4,Mumbai_Colaba,18.9067,72.8147
2023-04-14T03:00,27.7,69,1008,Mumbai_Colaba,18.9067,72.8147
2023-04-14T04:00,27,72,1008,Mumbai_Colaba,18.9067,72.8147
2023-04-14T05:00,27.1,72,1008.6,Mumbai_Colaba,18.9067,72.8147
2023-04-14T06:00,26.3,74,1009.4,Mumbai_Colaba,18.9067,72.8147
2023-04-14T07:00,28.4,63,1010.1,Mumbai_Colaba,18.9067,72.8147
2023-04-14T08:00,30.6,49,1010.8,Mumbai_Colaba,18.9067,72.8147
2023-04-14T09:00,31.9,49,1010.6,Mumbai_Colaba,18.9067,72.8147
2023-04-14T10:00,32.8,53,1010.5,Mumbai_Colaba,18.9067,72.8147
2023-04-14T11:00,33.8,55,1009.7,Mumbai_Colaba,18.9067,72.8147
2023-04-14T12:00,33.9,60,1009,Mumbai_Colaba,18.9067,72.8147
2023-04-14T13:00,34.4,51,1008,Mumbai_Colaba,18.9067,72.8147
2023-04-14T14:00,35.2,44,1007,Mumbai_Colaba,18.9067,72.8147
2023-04-14T15:00,34.1,40,1006,Mumbai_Colaba,18.9067,72.8147
2023-04-14T16:00,32,53,1005.9,Mumbai_Colaba,18.9067,72.8147
2023-04-14T17:00,31.1,58,1006,Mumbai_Colaba,18.9067,72.8147
2023-04-14T18:00,29.8,68,1006.6,Mumbai_Colaba,18.9067,72.8147
2023-04-14T19:00,29.8,62,1007.3,Mumbai_Colaba,18.9067,72.8147
2023-04-14T20:00,29.2,67,1008.3,Mumbai_Colaba,18.9067,72.8147
2023-04-14T21:00,28.7,73,1009.2,Mumbai_Colaba,18.9067,72.8147
2023-04-14T22:00,28.6,72,1009.6,Mumbai_Colaba,18.9067,72.8147
2023-04-14T23:00,28.3,69,1009.5,Mumbai_Colaba,18.9067,72.8147
2023-04-15T00:00,27.8,68,1009.2,Mumbai_Colaba,18.9067,72.8147
2023-04-15T01:00,28,65,1008.4,Mumbai_Colaba,18.9067,72.8147
2023-04-15T02:00,27.6,70,1008,Mumbai_Colaba,18.9067,72.8147
2023-04-15T03:00,27.1,74,1007.8,Mumbai_Colaba,18.9067,72.8147
2023-04-15T04:00,26.5,75,1007.8,Mumbai_Colaba,18.9067,72.8147
2023-04-15T05:00,26,78,1009,Mumbai_Colaba,18.9067,72.8147
2023-04-15T06:00,26.2,73,1009.6,Mumbai_Colaba,18.9067,72.8147
2023-04-15T07:00,27.9,61,1010.2,Mumbai_Colaba,18.9067,72.8147
2023-04-15T08:00,30.4,48,1010.8,Mumbai_Colaba,18.9067,72.8147
2023-04-15T09:00,32.9,39,1010.7,Mumbai_Colaba,18.9067,72.8147
2023-04-15T10:00,34.6,36,1010.4,Mumbai_Colaba,18.9067,72.8147
2023-04-15T11:00,35,37,1009.5,Mumbai_Colaba,18.9067,72.8147
2023-04-15T12:00,34.6,39,1008.9,Mumbai_Colaba,18.9067,72.8147
2023-04-15T13:00,33.5,47,1007.9,Mumbai_Colaba,18.9067,72.8147
2023-04-15T14:00,32.7,53,1006.9,Mumbai_Colaba,18.9067,72.8147
2023-04-15T15:00,32.1,53,1006.1,Mumbai_Colaba,18.9067,72.8147
2023-04-15T16:00,31.6,58,1005.9,Mumbai_Colaba,18.9067,72.8147
2023-04-15T17:00,30.6,64,1006.7,Mumbai_Colaba,18.9067,72.8147
2023-04-15T18:00,29.3,68,1007.3,Mumbai_Colaba,18.9067,72.8147
2023-04-15T19:00,28.4,73,1008.4,Mumbai_Colaba,18.9067,72.8147
2023-04-15T20:00,28.3,70,1008.7,Mumbai_Colaba,18.9067,72.8147
2023-04-15T21:00,27.9,71,1009.1,Mumbai_Colaba,18.9067,72.8147
2023-04-15T22:00,26.3,80,1009.3,Mumbai_Colaba,18.9067,72.8147
2023-04-15T23:00,26.8,78,1009,Mumbai_Colaba,18.9067,72.8147
2023-04-16T00:00,27.7,74,1008.3,Mumbai_Colaba,18.9067,72.8147
2023-04-16T01:00,26.7,78,1007.7,Mumbai_Colaba,18.9067,72.8147
2023-04-16T02:00,25.1,83,1007.3,Mumbai_Colaba,18.9067,72.8147
2023-04-16T03:00,24,88,1006.9,Mumbai_Colaba,18.9067,72.8147
2023-04-16T04:00,25.4,86,1006.9,Mumbai_Colaba,18.9067,72.8147
2023-04-16T05:00,24.5,88,1007.6,Mumbai_Colaba,18.9067,72.8147
2023-04-16T06:00,25,88,1008,Mumbai_Colaba,18.9067,72.8147
2023-04-16T07:00,26.5,83,1008.5,Mumbai_Colaba,18.9067,72.8147
2023-04-16T08:00,28.6,60,1009.3,Mumbai_Colaba,18.9067,72.8147
2023-04-16T09:00,31,43,1009.5,Mumbai_Colaba,18.9067,72.8147
2023-04-16T10:00,32.8,38,1009.2,Mumbai_Colaba,18.9067,72.8147
2023-04-16T11:00,33.2,43,1008.6,Mumbai_Colaba,18.9067,72.8147
2023-04-16T12:00,32.9,47,1007.9,Mumbai_Colaba,18.9067,72.8147
2023-04-16T13:00,33.3,41,1007,Mumbai_Colaba,18.9067,72.8147
2023-04-16T14:00,32.5,52,1005.8,Mumbai_Colaba,18.9067,72.8147
2023-04-16T15:00,31.6,58,1004.9,Mumbai_Colaba,18.9067,72.8147
2023-04-16T16:00,30.9,63,1004.7,Mumbai_Colaba,18.9067,72.8147
2023-04-16T17:00,30.2,64,1005.1,Mumbai_Colaba,18.9067,72.8147
2023-04-16T18:00,28.9,76,1006.1,Mumbai_Colaba,18.9067,72.8147
2023-04-16T19:00,28.3,82,1007.1,Mumbai_Colaba,18.9067,72.8147
2023-04-16T20:00,28.2,79,1007.9,Mumbai_Colaba,18.9067,72.8147
2023-04-16T21:00,28.1,78,1008.4,Mumbai_Colaba,18.9067,72.8147
2023-04-16T22:00,26.8,85,1008.6,Mumbai_Colaba,18.9067,72.8147
2023-04-16T23:00,26.2,89,1008.4,Mumbai_Colaba,18.9067,72.8147
2023-04-17T00:00,25.9,89,1007.8,Mumbai_Colaba,18.9067,72.8147
2023-04-17T01:00,26.1,88,1007.1,Mumbai_Colaba,18.9067,72.8147
2023-04-17T02:00,26.1,87,1006.5,Mumbai_Colaba,18.9067,72.8147
2023-04-17T03:00,26,88,1006.3,Mumbai_Colaba,18.9067,72.8147
2023-04-17T04:00,25.7,89,1006.6,Mumbai_Colaba,18.9067,72.8147
2023-04-17T05:00,25.6,82,1007,Mumbai_Colaba,18.9067,72.8147
2023-04-17T06:00,25.4,78,1007.4,Mumbai_Colaba,18.9067,72.8147
2023-04-17T07:00,26.8,70,1007.9,Mumbai_Colaba,18.9067,72.8147
2023-04-17T08:00,29,57,1008.7,Mumbai_Colaba,18.9067,72.8147
2023-04-17T09:00,31.4,46,1008.9,Mumbai_Colaba,18.9067,72.8147
2023-04-17T10:00,33.3,41,1008.8,Mumbai_Colaba,18.9067,72.8147
2023-04-17T11:00,33.7,46,1008.3,Mumbai_Colaba,18.9067,72.8147
2023-04-17T12:00,32.5,58,1007.7,Mumbai_Colaba,18.9067,72.8147
2023-04-17T13:00,32.6,56,1006.9,Mumbai_Colaba,18.9067,72.8147
2023-04-17T14:00,32.1,64,1006.2,Mumbai_Colaba,18.9067,72.8147
2023-04-17T15:00,31.8,61,1005.8,Mumbai_Colaba,18.9067,72.8147
2023-04-17T16:00,31.4,62,1005.6,Mumbai_Colaba,18.9067,72.8147
2023-04-17T17:00,30.2,68,1006.2,Mumbai_Colaba,18.9067,72.8147
2023-04-17T18:00,29.2,73,1006.7,Mumbai_Colaba,18.9067,72.8147
2023-04-17T19:00,28.9,72,1007.5,Mumbai_Colaba,18.9067,72.8147
2023-04-17T20:00,28.5,73,1008.5,Mumbai_Colaba,18.9067,72.8147
2023-04-17T21:00,27.7,74,1008.9,Mumbai_Colaba,18.9067,72.8147
2023-04-17T22:00,26.8,77,1009.3,Mumbai_Colaba,18.9067,72.8147
2023-04-17T23:00,27.3,74,1009,Mumbai_Colaba,18.9067,72.8147
2023-04-18T00:00,27.3,75,1008.3,Mumbai_Colaba,18.9067,72.8147
2023-04-18T01:00,27.2,79,1008,Mumbai_Colaba,18.9067,72.8147
2023-04-18T02:00,27.2,79,1007.5,Mumbai_Colaba,18.9067,72.8147
2023-04-18T03:00,27,76,1007.4,Mumbai_Colaba,18.9067,72.8147
2023-04-18T04:00,26.7,70,1007.5,Mumbai_Colaba,18.9067,72.8147
2023-04-18T05:00,26.6,74,1008,Mumbai_Colaba,18.9067,72.8147
2023-04-18T06:00,26.9,64,1008.4,Mumbai_Colaba,18.9067,72.8147
2023-04-18T07:00,28.1,59,1009.1,Mumbai_Colaba,18.9067,72.8147
2023-04-18T08:00,30.9,42,1010,Mumbai_Colaba,18.9067,72.8147
2023-04-18T09:00,33.6,31,1010.1,Mumbai_Colaba,18.9067,72.8147
2023-04-18T10:00,35.4,29,1010,Mumbai_Colaba,18.9067,72.8147
2023-04-18T11:00,36.5,29,1009.3,Mumbai_Colaba,18.9067,72.8147
2023-04-18T12:00,35.6,44,1008.4,Mumbai_Colaba,18.9067,72.8147
2023-04-18T13:00,35.1,47,1007.4,Mumbai_Colaba,18.9067,72.8147
2023-04-18T14:00,35.3,42,1006.6,Mumbai_Colaba,18.9067,72.8147
2023-04-18T15:00,35.8,43,1005.7,Mumbai_Colaba,18.9067,72.8147
2023-04-18T16:00,34.8,46,1005.3,Mumbai_Colaba,18.9067,72.8147
2023-04-18T17:00,33,54,1005.4,Mumbai_Colaba,18.9067,72.8147
2023-04-18T18:00,31.9,55,1005.7,Mumbai_Colaba,18.9067,72.8147
2023-04-18T19:00,32,52,1006.3,Mumbai_Colaba,18.9067,72.8147
2023-04-18T20:00,31.9,48,1007,Mumbai_Colaba,18.9067,72.8147
2023-04-18T21:00,32.4,38,1008.2,Mumbai_Colaba,18.9067,72.8147
2023-04-18T22:00,31.7,36,1008.7,Mumbai_Colaba,18.9067,72.8147
2023-04-18T23:00,31.7,31,1008.7,Mumbai_Colaba,18.9067,72.8147
2023-04-19T00:00,31.3,30,1008,Mumbai_Colaba,18.9067,72.8147
2023-04-19T01:00,30.9,32,1007.4,Mumbai_Colaba,18.9067,72.8147
2023-04-19T02:00,29.7,48,1006.9,Mumbai_Colaba,18.9067,72.8147
2023-04-19T03:00,28.9,59,1006.2,Mumbai_Colaba,18.9067,72.8147
2023-04-19T04:00,28.6,56,1006,Mumbai_Colaba,18.9067,72.8147
2023-04-19T05:00,28.8,61,1006.2,Mumbai_Colaba,18.9067,72.8147
2023-04-19T06:00,27.7,62,1006.8,Mumbai_Colaba,18.9067,72.8147
2023-04-19T07:00,29.9,49,1007.1,Mumbai_Colaba,18.9067,72.8147
2023-04-19T08:00,32.2,38,1007.7,Mumbai_Colaba,18.9067,72.8147
2023-04-19T09:00,34.1,34,1007.9,Mumbai_Colaba,18.9067,72.8147
2023-04-19T10:00,35.4,34,1007.7,Mumbai_Colaba,18.9067,72.8147
2023-04-19T11:00,35.2,45,1006.8,Mumbai_Colaba,18.9067,72.8147
2023-04-19T12:00,34.4,51,1006,Mumbai_Colaba,18.9067,72.8147
2023-04-19T13:00,35.4,46,1005,Mumbai_Colaba,18.9067,72.8147
2023-04-19T14:00,35,51,1003.5,Mumbai_Colaba,18.9067,72.8147
2023-04-19T15:00,35,49,1002.9,Mumbai_Colaba,18.9067,72.8147
2023-04-19T16:00,34.4,46,1002.7,Mumbai_Colaba,18.9067,72.8147
2023-04-19T17:00,33.3,50,1002.7,Mumbai_Colaba,18.9067,72.8147
2023-04-19T18:00,32.6,48,1002.9,Mumbai_Colaba,18.9067,72.8147
2023-04-19T19:00,32.3,46,1003.6,Mumbai_Colaba,18.9067,72.8147
2023-04-19T20:00,32.5,44,1004.4,Mumbai_Colaba,18.9067,72.8147
2023-04-19T21:00,33,36,1005.1,Mumbai_Colaba,18.9067,72.8147
2023-04-19T22:00,31.7,43,1005.5,Mumbai_Colaba,18.9067,72.8147
2023-04-19T23:00,29.9,59,1005.8,Mumbai_Colaba,18.9067,72.8147
2023-04-20T00:00,29.1,72,1005.6,Mumbai_Colaba,18.9067,72.8147
2023-04-20T01:00,28.9,70,1004.7,Mumbai_Colaba,18.9067,72.8147
2023-04-20T02:00,28.4,72,1003.8,Mumbai_Colaba,18.9067,72.8147
2023-04-20T03:00,27.7,74,1003.3,Mumbai_Colaba,18.9067,72.8147
2023-04-20T04:00,27.5,73,1003.3,Mumbai_Colaba,18.9067,72.8147
2023-04-20T05:00,26.7,76,1004.4,Mumbai_Colaba,18.9067,72.8147
2023-04-20T06:00,26,75,1005.1,Mumbai_Colaba,18.9067,72.8147
2023-04-20T07:00,29,61,1005.6,Mumbai_Colaba,18.9067,72.8147
2023-04-20T08:00,30.7,56,1006.3,Mumbai_Colaba,18.9067,72.8147
2023-04-20T09:00,32.1,52,1006.7,Mumbai_Colaba,18.9067,72.8147
2023-04-20T10:00,32.7,53,1006.6,Mumbai_Colaba,18.9067,72.8147
2023-04-20T11:00,32.9,55,1006,Mumbai_Colaba,18.9067,72.8147
2023-04-20T12:00,33.6,49,1005.3,Mumbai_Colaba,18.9067,72.8147
2023-04-20T13:00,33.8,43,1004.7,Mumbai_Colaba,18.9067,72.8147
2023-04-20T14:00,34,41,1003.7,Mumbai_Colaba,18.9067,72.8147
2023-04-20T15:00,33,46,1002.9,Mumbai_Colaba,18.9067,72.8147
2023-04-20T16:00,32.2,49,1002.4,Mumbai_Colaba,18.9067,72.8147
2023-04-20T17:00,30.8,58,1002.2,Mumbai_Colaba,18.9067,72.8147
2023-04-20T18:00,29.6,66,1002.8,Mumbai_Colaba,18.9067,72.8147
2023-04-20T19:00,29.1,67,1003.6,Mumbai_Colaba,18.9067,72.8147
2023-04-20T20:00,29,66,1004.3,Mumbai_Colaba,18.9067,72.8147
2023-04-20T21:00,28.3,73,1005.5,Mumbai_Colaba,18.9067,72.8147
2023-04-20T22:00,27.6,74,1005.8,Mumbai_Colaba,18.9067,72.8147
2023-04-20T23:00,27.1,69,1005.6,Mumbai_Colaba,18.9067,72.8147
2023-04-21T00:00,26.6,68,1005.1,Mumbai_Colaba,18.9067,72.8147
2023-04-21T01:00,25.9,71,1004.5,Mumbai_Colaba,18.9067,72.8147
2023-04-21T02:00,25.8,72,1003.8,Mumbai_Colaba,18.9067,72.8147
2023-04-21T03:00,25.4,74,1003.4,Mumbai_Colaba,18.9067,72.8147
2023-04-21T04:00,25.3,74,1003.7,Mumbai_Colaba,18.9067,72.8147
2023-04-21T05:00,23.9,86,1004.3,Mumbai_Colaba,18.9067,72.8147
2023-04-21T06:00,24.2,82,1005.3,Mumbai_Colaba,18.9067,72.8147
2023-04-21T07:00,27.5,65,1005.9,Mumbai_Colaba,18.9067,72.8147
2023-04-21T08:00,29.2,61,1006.7,Mumbai_Colaba,18.9067,72.8147
2023-04-21T09:00,30.6,55,1007.3,Mumbai_Colaba,18.9067,72.8147
2023-04-21T10:00,31.5,51,1007.4,Mumbai_Colaba,18.9067,72.8147
2023-04-21T11:00,31.8,53,1007.1,Mumbai_Colaba,18.9067,72.8147
2023-04-21T12:00,32.2,49,1006.4,Mumbai_Colaba,18.9067,72.8147
2023-04-21T13:00,32.2,48,1005.6,Mumbai_Colaba,18.9067,72.8147
2023-04-21T14:00,31.7,53,1004.6,Mumbai_Colaba,18.9067,72.8147
2023-04-21T15:00,31.2,56,1004,Mumbai_Colaba,18.9067,72.8147
2023-04-21T16:00,30.6,60,1003.8,Mumbai_Colaba,18.9067,72.8147
2023-04-21T17:00,29.5,68,1003.9,Mumbai_Colaba,18.9067,72.8147
2023-04-21T18:00,28.6,70,1004.3,Mumbai_Colaba,18.9067,72.8147
2023-04-21T19:00,28.1,72,1005,Mumbai_Colaba,18.9067,72.8147
2023-04-21T20:00,27.8,76,1005.7,Mumbai_Colaba,18.9067,72.8147
2023-04-21T21:00,27.5,78,1006.3,Mumbai_Colaba,18.9067,72.8147
2023-04-21T22:00,27,80,1006.6,Mumbai_Colaba,18.9067,72.8147
2023-04-21T23:00,25.9,87,1006.6,Mumbai_Colaba,18.9067,72.8147
2023-04-22T00:00,24.9,92,1006,Mumbai_Colaba,18.9067,72.8147
2023-04-22T01:00,24.1,93,1005,Mumbai_Colaba,18.9067,72.8147
2023-04-22T02:00,23.6,92,1004.6,Mumbai_Colaba,18.9067,72.8147
2023-04-22T03:00,23.1,92,1004.2,Mumbai_Colaba,18.9067,72.8147
2023-04-22T04:00,22.7,92,1004.7,Mumbai_Colaba,18.9067,72.8147
2023-04-22T05:00,23.5,92,1004.9,Mumbai_Colaba,18.9067,72.8147
2023-04-22T06:00,24.4,87,1005.7,Mumbai_Colaba,18.9067,72.8147
2023-04-22T07:00,26.3,76,1006.6,Mumbai_Colaba,18.9067,72.8147
2023-04-22T08:00,27.9,73,1007.4,Mumbai_Colaba,18.9067,72.8147
2023-04-22T09:00,29.3,66,1008,Mumbai_Colaba,18.9067,72.8147
2023-04-22T10:00,30.8,57,1007.7,Mumbai_Colaba,18.9067,72.8147
2023-04-22T11:00,31.7,51,1007.3,Mumbai_Colaba,18.9067,72.8147
2023-04-22T12:00,31.6,54,1006.9,Mumbai_Colaba,18.9067,72.8147
2023-04-22T13:00,31.5,55,1006.4,Mumbai_Colaba,18.9067,72.8147
2023-04-22T14:00,31.2,57,1005.4,Mumbai_Colaba,18.9067,72.8147
2023-04-22T15:00,30.8,60,1004.3,Mumbai_Colaba,18.9067,72.8147
2023-04-22T16:00,30.2,63,1004.3,Mumbai_Colaba,18.9067,72.8147
2023-04-22T17:00,29.1,69,1004.8,Mumbai_Colaba,18.9067,72.8147
2023-04-22T18:00,28.2,73,1005,Mumbai_Colaba,18.9067,72.8147
2023-04-22T19:00,27.7,78,1005.6,Mumbai_Colaba,18.9067,72.8147
2023-04-22T20:00,27.4,79,1006.2,Mumbai_Colaba,18.9067,72.8147
2023-04-22T21:00,27.2,80,1006.7,Mumbai_Colaba,18.9067,72.8147
2023-04-22T22:00,26.9,82,1007,Mumbai_Colaba,18.9067,72.8147
2023-04-22T23:00,26.5,83,1006.9,Mumbai_Colaba,18.9067,72.8147
2023-04-23T00:00,25.3,89,1006.3,Mumbai_Colaba,18.9067,72.8147
2023-04-23T01:00,26.6,81,1005.4,Mumbai_Colaba,18.9067,72.8147
2023-04-23T02:00,25.8,85,1005.1,Mumbai_Colaba,18.9067,72.8147
2023-04-23T03:00,26.2,83,1004.9,Mumbai_Colaba,18.9067,72.8147
2023-04-23T04:00,24,92,1005.3,Mumbai_Colaba,18.9067,72.8147
2023-04-23T05:00,25.1,87,1005.8,Mumbai_Colaba,18.9067,72.8147
2023-04-23T06:00,24.8,91,1006.5,Mumbai_Colaba,18.9067,72.8147
2023-04-23T07:00,27.1,78,1006.9,Mumbai_Colaba,18.9067,72.8147
2023-04-23T08:00,28.4,71,1007.6,Mumbai_Colaba,18.9067,72.8147
2023-04-23T09:00,29.7,64,1008.3,Mumbai_Colaba,18.9067,72.8147
2023-04-23T10:00,30.6,60,1008.2,Mumbai_Colaba,18.9067,72.8147
2023-04-23T11:00,31.2,57,1007.6,Mumbai_Colaba,18.9067,72.8147
2023-04-23T12:00,31.4,57,1006.9,Mumbai_Colaba,18.9067,72.8147
2023-04-23T13:00,31.7,55,1006,Mumbai_Colaba,18.9067,72.8147
2023-04-23T14:00,31.2,58,1005.4,Mumbai_Colaba,18.9067,72.8147
2023-04-23T15:00,31,55,1004.8,Mumbai_Colaba,18.9067,72.8147
2023-04-23T16:00,30.3,62,1004.4,Mumbai_Colaba,18.9067,72.8147
2023-04-23T17:00,29.4,64,1004.3,Mumbai_Colaba,18.9067,72.8147
2023-04-23T18:00,28.3,70,1004.6,Mumbai_Colaba,18.9067,72.8147
2023-04-23T19:00,27.7,75,1005.1,Mumbai_Colaba,18.9067,72.8147
2023-04-23T20:00,27.5,75,1005.7,Mumbai_Colaba,18.9067,72.8147
2023-04-23T21:00,27.3,77,1006.4,Mumbai_Colaba,18.9067,72.8147
2023-04-23T22:00,27,78,1006.9,Mumbai_Colaba,18.9067,72.8147
2023-04-23T23:00,26.6,82,1007.2,Mumbai_Colaba,18.9067,72.8147
2023-04-24T00:00,26.2,85,1006.8,Mumbai_Colaba,18.9067,72.8147
2023-04-24T01:00,25.5,89,1006.1,Mumbai_Colaba,18.9067,72.8147
2023-04-24T02:00,25.1,91,1005.7,Mumbai_Colaba,18.9067,72.8147
2023-04-24T03:00,24.7,91,1005.8,Mumbai_Colaba,18.9067,72.8147
2023-04-24T04:00,24.3,89,1005.9,Mumbai_Colaba,18.9067,72.8147
2023-04-24T05:00,24.4,92,1006.1,Mumbai_Colaba,18.9067,72.8147
2023-04-24T06:00,24.5,92,1007.1,Mumbai_Colaba,18.9067,72.8147
2023-04-24T07:00,26.7,78,1007.6,Mumbai_Colaba,18.9067,72.8147
2023-04-24T08:00,28.9,67,1008,Mumbai_Colaba,18.9067,72.8147
2023-04-24T09:00,30.7,57,1008.4,Mumbai_Colaba,18.9067,72.8147
2023-04-24T10:00,31.7,53,1008.2,Mumbai_Colaba,18.9067,72.8147
2023-04-24T11:00,32,54,1007.7,Mumbai_Colaba,18.9067,72.8147
2023-04-24T12:00,32,56,1007.4,Mumbai_Colaba,18.9067,72.8147
2023-04-24T13:00,32.5,56,1006.3,Mumbai_Colaba,18.9067,72.8147
2023-04-24T14:00,31.5,61,1005.1,Mumbai_Colaba,18.9067,72.8147
2023-04-24T15:00,31.5,61,1004.1,Mumbai_Colaba,18.9067,72.8147
2023-04-24T16:00,30.7,66,1003.5,Mumbai_Colaba,18.9067,72.8147
2023-04-24T17:00,29.8,71,1004.2,Mumbai_Colaba,18.9067,72.8147
2023-04-24T18:00,28.8,78,1004.5,Mumbai_Colaba,18.9067,72.8147
2023-04-24T19:00,28.2,83,1005.3,Mumbai_Colaba,18.9067,72.8147
2023-04-24T20:00,28,83,1005.8,Mumbai_Colaba,18.9067,72.8147
2023-04-24T21:00,27.8,84,1006.4,Mumbai_Colaba,18.9067,72.8147
2023-04-24T22:00,26.5,90,1006.8,Mumbai_Colaba,18.9067,72.8147
2023-04-24T23:00,26.2,91,1006.5,Mumbai_Colaba,18.9067,72.8147
2023-04-25T00:00,25.9,92,1006.3,Mumbai_Colaba,18.9067,72.8147
2023-04-25T01:00,25.7,91,1005.9,Mumbai_Colaba,18.9067,72.8147
2023-04-25T02:00,24.8,92,1005.5,Mumbai_Colaba,18.9067,72.8147
2023-04-25T03:00,24.5,92,1005.6,Mumbai_Colaba,18.9067,72.8147
2023-04-25T04:00,24.7,92,1005.8,Mumbai_Colaba,18.9067,72.8147
2023-04-25T05:00,27.5,90,1006.5,Mumbai_Colaba,18.9067,72.8147
2023-04-25T06:00,25.4,96,1006.8,Mumbai_Colaba,18.9067,72.8147
2023-04-25T07:00,27.4,92,1007.2,Mumbai_Colaba,18.9067,72.8147
2023-04-25T08:00,29.5,72,1007.5,Mumbai_Colaba,18.9067,72.8147
2023-04-25T09:00,31.6,55,1008,Mumbai_Colaba,18.9067,72.8147
2023-04-25T10:00,31.8,61,1007.9,Mumbai_Colaba,18.9067,72.8147
2023-04-25T11:00,32.3,58,1007.4,Mumbai_Colaba,18.9067,72.8147
2023-04-25T12:00,32.9,54,1006.9,Mumbai_Colaba,18.9067,72.8147
2023-04-25T13:00,32.4,59,1005.8,Mumbai_Colaba,18.9067,72.8147
2023-04-25T14:00,32.6,57,1005,Mumbai_Colaba,18.9067,72.8147
2023-04-25T15:00,31.8,63,1004.2,Mumbai_Colaba,18.9067,72.8147
2023-04-25T16:00,31,69,1003.9,Mumbai_Colaba,18.9067,72.8147
2023-04-25T17:00,30,63,1004.8,Mumbai_Colaba,18.9067,72.8147
2023-04-25T18:00,29,72,1005.4,Mumbai_Colaba,18.9067,72.8147
2023-04-25T19:00,28.2,82,1006,Mumbai_Colaba,18.9067,72.8147
2023-04-25T20:00,28,80,1006.9,Mumbai_Colaba,18.9067,72.8147
2023-04-25T21:00,27.1,84,1007.4,Mumbai_Colaba,18.9067,72.8147
2023-04-25T22:00,26.4,88,1007.7,Mumbai_Colaba,18.9067,72.8147
2023-04-25T23:00,26.7,86,1007.3,Mumbai_Colaba,18.9067,72.8147
2023-04-26T00:00,26.4,88,1006.8,Mumbai_Colaba,18.9067,72.8147
2023-04-26T01:00,26.2,89,1006.3,Mumbai_Colaba,18.9067,72.8147
2023-04-26T02:00,25.9,90,1006.1,Mumbai_Colaba,18.9067,72.8147
2023-04-26T03:00,25.3,92,1006,Mumbai_Colaba,18.9067,72.8147
2023-04-26T04:00,25.3,91,1006.2,Mumbai_Colaba,18.9067,72.8147
2023-04-26T05:00,25.7,91,1006.9,Mumbai_Colaba,18.9067,72.8147
2023-04-26T06:00,26.6,87,1007.6,Mumbai_Colaba,18.9067,72.8147
2023-04-26T07:00,28,79,1008.1,Mumbai_Colaba,18.9067,72.8147
2023-04-26T08:00,29.3,71,1008.5,Mumbai_Colaba,18.9067,72.8147
2023-04-26T09:00,30.8,62,1008.8,Mumbai_Colaba,18.9067,72.8147
2023-04-26T10:00,31.8,57,1008.5,Mumbai_Colaba,18.9067,72.8147
2023-04-26T11:00,32.3,54,1008.1,Mumbai_Colaba,18.9067,72.8147
2023-04-26T12:00,32.5,52,1007.6,Mumbai_Colaba,18.9067,72.8147
2023-04-26T13:00,32.3,52,1006.8,Mumbai_Colaba,18.9067,72.8147
2023-04-26T14:00,31.7,57,1005.7,Mumbai_Colaba,18.9067,72.8147
2023-04-26T15:00,31.1,61,1005,Mumbai_Colaba,18.9067,72.8147
2023-04-26T16:00,30.5,64,1004.9,Mumbai_Colaba,18.9067,72.8147
2023-04-26T17:00,29.6,65,1004.9,Mumbai_Colaba,18.9067,72.8147
2023-04-26T18:00,28.6,71,1005.4,Mumbai_Colaba,18.9067,72.8147
2023-04-26T19:00,28.2,73,1006.5,Mumbai_Colaba,18.9067,72.8147
2023-04-26T20:00,28.1,74,1007,Mumbai_Colaba,18.9067,72.8147
2023-04-26T21:00,28,75,1007.7,Mumbai_Colaba,18.9067,72.8147
2023-04-26T22:00,27.7,77,1007.9,Mumbai_Colaba,18.9067,72.8147
2023-04-26T23:00,27.3,78,1007.8,Mumbai_Colaba,18.9067,72.8147
2023-04-27T00:00,26.4,82,1007.5,Mumbai_Colaba,18.9067,72.8147
2023-04-27T01:00,26.4,81,1006.6,Mumbai_Colaba,18.9067,72.8147
2023-04-27T02:00,25.1,87,1006.3,Mumbai_Colaba,18.9067,72.8147
2023-04-27T03:00,24.5,89,1006.1,Mumbai_Colaba,18.9067,72.8147
2023-04-27T04:00,26.9,76,1006.1,Mumbai_Colaba,18.9067,72.8147
2023-04-27T05:00,25.4,90,1007.1,Mumbai_Colaba,18.9067,72.8147
2023-04-27T06:00,26.1,88,1007.6,Mumbai_Colaba,18.9067,72.8147
2023-04-27T07:00,27.6,79,1008.3,Mumbai_Colaba,18.9067,72.8147
2023-04-27T08:00,28.7,71,1009,Mumbai_Colaba,18.9067,72.8147
2023-04-27T09:00,30,63,1009.2,Mumbai_Colaba,18.9067,72.8147
2023-04-27T10:00,31.3,56,1009,Mumbai_Colaba,18.9067,72.8147
2023-04-27T11:00,32.1,54,1008.3,Mumbai_Colaba,18.9067,72.8147
2023-04-27T12:00,32.2,52,1007.9,Mumbai_Colaba,18.9067,72.8147
2023-04-27T13:00,32.2,47,1006.9,Mumbai_Colaba,18.9067,72.8147
2023-04-27T14:00,31.5,57,1006.2,Mumbai_Colaba,18.9067,72.8147
2023-04-27T15:00,30.7,59,1005.6,Mumbai_Colaba,18.9067,72.8147
2023-04-27T16:00,30.3,59,1005,Mumbai_Colaba,18.9067,72.8147
2023-04-27T17:00,29.4,67,1004.9,Mumbai_Colaba,18.9067,72.8147
2023-04-27T18:00,28.5,72,1005,Mumbai_Colaba,18.9067,72.8147
2023-04-27T19:00,28.1,74,1005.9,Mumbai_Colaba,18.9067,72.8147
2023-04-27T20:00,28,75,1006.6,Mumbai_Colaba,18.9067,72.8147
2023-04-27T21:00,27.9,74,1007.4,Mumbai_Colaba,18.9067,72.8147
2023-04-27T22:00,27.7,77,1008,Mumbai_Colaba,18.9067,72.8147
2023-04-27T23:00,27.6,78,1008.3,Mumbai_Colaba,18.9067,72.8147
2023-04-28T00:00,27.1,80,1008.2,Mumbai_Colaba,18.9067,72.8147
2023-04-28T01:00,26.7,83,1007.5,Mumbai_Colaba,18.9067,72.8147
2023-04-28T02:00,26.5,84,1007.3,Mumbai_Colaba,18.9067,72.8147
2023-04-28T03:00,26.2,85,1007,Mumbai_Colaba,18.9067,72.8147
2023-04-28T04:00,26.1,84,1007.3,Mumbai_Colaba,18.9067,72.8147
2023-04-28T05:00,25.6,90,1007.5,Mumbai_Colaba,18.9067,72.8147
2023-04-28T06:00,26.6,85,1007.8,Mumbai_Colaba,18.9067,72.8147
2023-04-28T07:00,28,78,1008.8,Mumbai_Colaba,18.9067,72.8147
2023-04-28T08:00,29.3,72,1009.8,Mumbai_Colaba,18.9067,72.8147
2023-04-28T09:00,30.5,65,1010,Mumbai_Colaba,18.9067,72.8147
2023-04-28T10:00,31.5,60,1009.6,Mumbai_Colaba,18.9067,72.8147
2023-04-28T11:00,31.9,61,1009.1,Mumbai_Colaba,18.9067,72.8147
2023-04-28T12:00,31.9,62,1008.5,Mumbai_Colaba,18.9067,72.8147
2023-04-28T13:00,31.2,65,1008.2,Mumbai_Colaba,18.9067,72.8147
2023-04-28T14:00,31.1,63,1007,Mumbai_Colaba,18.9067,72.8147
2023-04-28T15:00,30.8,61,1006,Mumbai_Colaba,18.9067,72.8147
2023-04-28T16:00,30.2,62,1005.5,Mumbai_Colaba,18.9067,72.8147
2023-04-28T17:00,29.6,61,1005.6,Mumbai_Colaba,18.9067,72.8147
2023-04-28T18:00,28.6,65,1006.2,Mumbai_Colaba,18.9067,72.8147
2023-04-28T19:00,28.1,70,1006.8,Mumbai_Colaba,18.9067,72.8147
2023-04-28T20:00,28,71,1007.7,Mumbai_Colaba,18.9067,72.8147
2023-04-28T21:00,27.8,72,1008.4,Mumbai_Colaba,18.9067,72.8147
2023-04-28T22:00,26.6,78,1008.9,Mumbai_Colaba,18.9067,72.8147
2023-04-28T23:00,27.5,73,1009.1,Mumbai_Colaba,18.9067,72.8147
2023-04-29T00:00,27.2,74,1008.2,Mumbai_Colaba,18.9067,72.8147
2023-04-29T01:00,25.4,83,1007.5,Mumbai_Colaba,18.9067,72.8147
2023-04-29T02:00,25.3,84,1007,Mumbai_Colaba,18.9067,72.8147
2023-04-29T03:00,25.3,84,1006.7,Mumbai_Colaba,18.9067,72.8147
2023-04-29T04:00,26.3,79,1006.7,Mumbai_Colaba,18.9067,72.8147
2023-04-29T05:00,25.1,88,1007.3,Mumbai_Colaba,18.9067,72.8147
2023-04-29T06:00,26.8,79,1007.9,Mumbai_Colaba,18.9067,72.8147
2023-04-29T07:00,27.6,75,1008.6,Mumbai_Colaba,18.9067,72.8147
2023-04-29T08:00,28.4,70,1009.6,Mumbai_Colaba,18.9067,72.8147
2023-04-29T09:00,29.6,63,1009.7,Mumbai_Colaba,18.9067,72.8147
2023-04-29T10:00,30.8,56,1009.7,Mumbai_Colaba,18.9067,72.8147
2023-04-29T11:00,31.6,52,1009,Mumbai_Colaba,18.9067,72.8147
2023-04-29T12:00,32,50,1008.7,Mumbai_Colaba,18.9067,72.8147
2023-04-29T13:00,30.3,63,1007.6,Mumbai_Colaba,18.9067,72.8147
2023-04-29T14:00,31,57,1006,Mumbai_Colaba,18.9067,72.8147
2023-04-29T15:00,30.7,61,1005,Mumbai_Colaba,18.9067,72.8147
2023-04-29T16:00,29.9,63,1004.6,Mumbai_Colaba,18.9067,72.8147
2023-04-29T17:00,29.9,59,1004.4,Mumbai_Colaba,18.9067,72.8147
2023-04-29T18:00,29,62,1005,Mumbai_Colaba,18.9067,72.8147
2023-04-29T19:00,27.9,72,1005.9,Mumbai_Colaba,18.9067,72.8147
2023-04-29T20:00,27.8,70,1006.8,Mumbai_Colaba,18.9067,72.8147
2023-04-29T21:00,27.7,70,1007.7,Mumbai_Colaba,18.9067,72.8147
2023-04-29T22:00,27.2,73,1008.1,Mumbai_Colaba,18.9067,72.8147
2023-04-29T23:00,26.8,76,1007.7,Mumbai_Colaba,18.9067,72.8147
2023-04-30T00:00,26.4,78,1007,Mumbai_Colaba,18.9067,72.8147
2023-04-30T01:00,25.7,82,1006.3,Mumbai_Colaba,18.9067,72.8147
2023-04-30T02:00,25,86,1006,Mumbai_Colaba,18.9067,72.8147
2023-04-30T03:00,24.3,89,1005.9,Mumbai_Colaba,18.9067,72.8147
2023-04-30T04:00,24,91,1005.8,Mumbai_Colaba,18.9067,72.8147
2023-04-30T05:00,23.9,89,1005.9,Mumbai_Colaba,18.9067,72.8147
2023-04-30T06:00,24.5,89,1006.4,Mumbai_Colaba,18.9067,72.8147
2023-04-30T07:00,26.8,77,1007.3,Mumbai_Colaba,18.9067,72.8147
2023-04-30T08:00,28.3,68,1007.9,Mumbai_Colaba,18.9067,72.8147
2023-04-30T09:00,29.6,62,1008.2,Mumbai_Colaba,18.9067,72.8147
2023-04-30T10:00,30.8,58,1007.7,Mumbai_Colaba,18.9067,72.8147
2023-04-30T11:00,31.4,56,1007,Mumbai_Colaba,18.9067,72.8147
2023-04-30T12:00,31.5,56,1006.2,Mumbai_Colaba,18.9067,72.8147
2023-04-30T13:00,31.4,55,1005.4,Mumbai_Colaba,18.9067,72.8147
2023-04-30T14:00,31.3,57,1004.5,Mumbai_Colaba,18.9067,72.8147
2023-04-30T15:00,30.8,59,1004,Mumbai_Colaba,18.9067,72.8147
2023-04-30T16:00,30.2,63,1003.6,Mumbai_Colaba,18.9067,72.8147
2023-04-30T17:00,29.8,62,1003.5,Mumbai_Colaba,18.9067,72.8147
2023-04-30T18:00,29.1,64,1004,Mumbai_Colaba,18.9067,72.8147
2023-04-30T19:00,28.7,66,1004.8,Mumbai_Colaba,18.9067,72.8147
2023-04-30T20:00,28.4,67,1005.4,Mumbai_Colaba,18.9067,72.8147
2023-04-30T21:00,28.2,68,1006.1,Mumbai_Colaba,18.9067,72.8147
2023-04-30T22:00,27.8,71,1006.6,Mumbai_Colaba,18.9067,72.8147
2023-04-30T23:00,27.4,73,1006.4,Mumbai_Colaba,18.9067,72.8147
2023-05-01T00:00,26.9,75,1005.8,Mumbai_Colaba,18.9067,72.8147
2023-05-01T01:00,26.5,76,1005.3,Mumbai_Colaba,18.9067,72.8147
2023-05-01T02:00,26.2,77,1004.9,Mumbai_Colaba,18.9067,72.8147
2023-05-01T03:00,25.1,83,1004.6,Mumbai_Colaba,18.9067,72.8147
2023-05-01T04:00,24.6,87,1004.6,Mumbai_Colaba,18.9067,72.8147
2023-05-01T05:00,25.5,81,1005.2,Mumbai_Colaba,18.9067,72.8147
2023-05-01T06:00,26.1,77,1005.9,Mumbai_Colaba,18.9067,72.8147
2023-05-01T07:00,27.4,69,1006.4,Mumbai_Colaba,18.9067,72.8147
2023-05-01T08:00,28.1,65,1007.2,Mumbai_Colaba,18.9067,72.8147
2023-05-01T09:00,29.7,56,1007.8,Mumbai_Colaba,18.9067,72.8147
2023-05-01T10:00,30.3,52,1007.7,Mumbai_Colaba,18.9067,72.8147
2023-05-01T11:00,31.2,48,1007.3,Mumbai_Colaba,18.9067,72.8147
2023-05-01T12:00,31.4,49,1006.8,Mumbai_Colaba,18.9067,72.8147
2023-05-01T13:00,31.6,49,1005.9,Mumbai_Colaba,18.9067,72.8147
2023-05-01T14:00,31.3,51,1005.1,Mumbai_Colaba,18.9067,72.8147
2023-05-01T15:00,30.9,53,1004.4,Mumbai_Colaba,18.9067,72.8147
2023-05-01T16:00,30.3,56,1004.1,Mumbai_Colaba,18.9067,72.8147
2023-05-01T17:00,30,54,1004.3,Mumbai_Colaba,18.9067,72.8147
2023-05-01T18:00,29.1,57,1004.3,Mumbai_Colaba,18.9067,72.8147
2023-05-01T19:00,28.9,59,1005,Mumbai_Colaba,18.9067,72.8147
2023-05-01T20:00,28.5,62,1005.8,Mumbai_Colaba,18.9067,72.8147
2023-05-01T21:00,28.2,65,1006.6,Mumbai_Colaba,18.9067,72.8147
2023-05-01T22:00,28,65,1007.3,Mumbai_Colaba,18.9067,72.8147
2023-05-01T23:00,27.6,67,1007.7,Mumbai_Colaba,18.9067,72.8147
2023-05-02T00:00,26.5,72,1007,Mumbai_Colaba,18.9067,72.8147
2023-05-02T01:00,26.7,72,1006.5,Mumbai_Colaba,18.9067,72.8147
2023-05-02T02:00,26.5,72,1006,Mumbai_Colaba,18.9067,72.8147
2023-05-02T03:00,26.6,72,1005.4,Mumbai_Colaba,18.9067,72.8147
2023-05-02T04:00,25.7,76,1005.5,Mumbai_Colaba,18.9067,72.8147
2023-05-02T05:00,25.7,72,1005.7,Mumbai_Colaba,18.9067,72.8147
2023-05-02T06:00,26.7,70,1006,Mumbai_Colaba,18.9067,72.8147
2023-05-02T07:00,28.4,61,1007,Mumbai_Colaba,18.9067,72.8147
2023-05-02T08:00,29.5,57,1007.8,Mumbai_Colaba,18.9067,72.8147
2023-05-02T09:00,30.4,54,1008.3,Mumbai_Colaba,18.9067,72.8147
2023-05-02T10:00,31.2,52,1008.3,Mumbai_Colaba,18.9067,72.8147
2023-05-02T11:00,31.6,53,1007.6,Mumbai_Colaba,18.9067,72.8147
2023-05-02T12:00,31.1,56,1007.1,Mumbai_Colaba,18.9067,72.8147
2023-05-02T13:00,31.7,52,1006.2,Mumbai_Colaba,18.9067,72.8147
2023-05-02T14:00,31.3,55,1005.4,Mumbai_Colaba,18.9067,72.8147
2023-05-02T15:00,31,56,1004.7,Mumbai_Colaba,18.9067,72.8147
2023-05-02T16:00,30.6,55,1004.2,Mumbai_Colaba,18.9067,72.8147
2023-05-02T17:00,30.5,56,1004.1,Mumbai_Colaba,18.9067,72.8147
2023-05-02T18:00,29.4,62,1004.7,Mumbai_Colaba,18.9067,72.8147
2023-05-02T19:00,28.9,64,1005.3,Mumbai_Colaba,18.9067,72.8147
2023-05-02T20:00,28.7,65,1006.3,Mumbai_Colaba,18.9067,72.8147
2023-05-02T21:00,28.5,66,1007.6,Mumbai_Colaba,18.9067,72.8147
2023-05-02T22:00,28.1,67,1008.4,Mumbai_Colaba,18.9067,72.8147
2023-05-02T23:00,27.8,68,1008.6,Mumbai_Colaba,18.9067,72.8147
2023-05-03T00:00,27.7,69,1008.1,Mumbai_Colaba,18.9067,72.8147
2023-05-03T01:00,27.4,70,1007.7,Mumbai_Colaba,18.9067,72.8147
2023-05-03T02:00,27.1,71,1007.1,Mumbai_Colaba,18.9067,72.8147
2023-05-03T03:00,27,72,1006.8,Mumbai_Colaba,18.9067,72.8147
2023-05-03T04:00,26.6,75,1007.3,Mumbai_Colaba,18.9067,72.8147
2023-05-03T05:00,27.1,70,1008,Mumbai_Colaba,18.9067,72.8147
2023-05-03T06:00,26.8,72,1008.7,Mumbai_Colaba,18.9067,72.8147
2023-05-03T07:00,28.2,64,1009.1,Mumbai_Colaba,18.9067,72.8147
2023-05-03T08:00,29.2,60,1009.7,Mumbai_Colaba,18.9067,72.8147
2023-05-03T09:00,30.4,55,1010.1,Mumbai_Colaba,18.9067,72.8147
2023-05-03T10:00,31.4,51,1010,Mumbai_Colaba,18.9067,72.8147
2023-05-03T11:00,32,49,1009.5,Mumbai_Colaba,18.9067,72.8147
2023-05-03T12:00,31.9,50,1008.9,Mumbai_Colaba,18.9067,72.8147
2023-05-03T13:00,31.8,51,1008.1,Mumbai_Colaba,18.9067,72.8147
2023-05-03T14:00,31.5,54,1007.1,Mumbai_Colaba,18.9067,72.8147
2023-05-03T15:00,31,57,1005.8,Mumbai_Colaba,18.9067,72.8147
2023-05-03T16:00,30.4,60,1005.4,Mumbai_Colaba,18.9067,72.8147
2023-05-03T17:00,29.8,62,1005.7,Mumbai_Colaba,18.9067,72.8147
2023-05-03T18:00,28.8,67,1006.1,Mumbai_Colaba,18.9067,72.8147
2023-05-03T19:00,28.2,70,1006.7,Mumbai_Colaba,18.9067,72.8147
2023-05-03T20:00,28,71,1007.6,Mumbai_Colaba,18.9067,72.8147
2023-05-03T21:00,27.7,71,1008.2,Mumbai_Colaba,18.9067,72.8147
2023-05-03T22:00,27.3,74,1008.5,Mumbai_Colaba,18.9067,72.8147
2023-05-03T23:00,26.6,77,1008.5,Mumbai_Colaba,18.9067,72.8147
2023-05-04T00:00,25.4,83,1007.9,Mumbai_Colaba,18.9067,72.8147
2023-05-04T01:00,25.3,83,1007.3,Mumbai_Colaba,18.9067,72.8147
2023-05-04T02:00,25.1,86,1006.7,Mumbai_Colaba,18.9067,72.8147
2023-05-04T03:00,24.7,89,1006.3,Mumbai_Colaba,18.9067,72.8147
2023-05-04T04:00,24.8,89,1006.6,Mumbai_Colaba,18.9067,72.8147
2023-05-04T05:00,25.4,85,1007.3,Mumbai_Colaba,18.9067,72.8147
2023-05-04T06:00,25.8,85,1008,Mumbai_Colaba,18.9067,72.8147
2023-05-04T07:00,27,77,1008.7,Mumbai_Colaba,18.9067,72.8147
2023-05-04T08:00,28.2,71,1009.4,Mumbai_Colaba,18.9067,72.8147
2023-05-04T09:00,29.6,64,1009.6,Mumbai_Colaba,18.9067,72.8147
2023-05-04T10:00,30.9,58,1009.4,Mumbai_Colaba,18.9067,72.8147
2023-05-04T11:00,31.4,55,1008.7,Mumbai_Colaba,18.9067,72.8147
2023-05-04T12:00,31.6,55,1008.1,Mumbai_Colaba,18.9067,72.8147
2023-05-04T13:00,31.7,55,1007.2,Mumbai_Colaba,18.9067,72.8147
2023-05-04T14:00,31.2,58,1006.4,Mumbai_Colaba,18.9067,72.8147
2023-05-04T15:00,31.1,57,1005.5,Mumbai_Colaba,18.9067,72.8147
2023-05-04T16:00,30.6,59,1004.9,Mumbai_Colaba,18.9067,72.8147
2023-05-04T17:00,29.7,63,1004.9,Mumbai_Colaba,18.9067,72.8147
2023-05-04T18:00,28.8,66,1005.4,Mumbai_Colaba,18.9067,72.8147
2023-05-04T19:00,28.4,69,1006,Mumbai_Colaba,18.9067,72.8147
2023-05-04T20:00,28.1,70,1006.7,Mumbai_Colaba,18.9067,72.8147
2023-05-04T21:00,27.9,72,1007.6,Mumbai_Colaba,18.9067,72.8147
2023-05-04T22:00,27.7,74,1008,Mumbai_Colaba,18.9067,72.8147
2023-05-04T23:00,27,77,1008.1,Mumbai_Colaba,18.9067,72.8147
2023-05-05T00:00,26,83,1007.8,Mumbai_Colaba,18.9067,72.8147
2023-05-05T01:00,25.4,86,1007.3,Mumbai_Colaba,18.9067,72.8147
2023-05-05T02:00,25.4,87,1006.6,Mumbai_Colaba,18.9067,72.8147
2023-05-05T03:00,25.7,86,1006.3,Mumbai_Colaba,18.9067,72.8147
2023-05-05T04:00,24.6,92,1006.2,Mumbai_Colaba,18.9067,72.8147
2023-05-05T05:00,24.9,91,1006.4,Mumbai_Colaba,18.9067,72.8147
2023-05-05T06:00,25.7,87,1007,Mumbai_Colaba,18.9067,72.8147
2023-05-05T07:00,27.4,79,1007.5,Mumbai_Colaba,18.9067,72.8147
2023-05-05T08:00,28.8,71,1008,Mumbai_Colaba,18.9067,72.8147
2023-05-05T09:00,30.4,61,1008.6,Mumbai_Colaba,18.9067,72.8147
2023-05-05T10:00,31.6,55,1008.2,Mumbai_Colaba,18.9067,72.8147
2023-05-05T11:00,31.9,54,1007.6,Mumbai_Colaba,18.9067,72.8147
2023-05-05T12:00,32,52,1007,Mumbai_Colaba,18.9067,72.8147
2023-05-05T13:00,31.8,54,1006,Mumbai_Colaba,18.9067,72.8147
2023-05-05T14:00,31.5,58,1004.8,Mumbai_Colaba,18.9067,72.8147
2023-05-05T15:00,31.2,58,1004.3,Mumbai_Colaba,18.9067,72.8147
2023-05-05T16:00,30.5,63,1004.1,Mumbai_Colaba,18.9067,72.8147
2023-05-05T17:00,30.1,67,1004.2,Mumbai_Colaba,18.9067,72.8147
2023-05-05T18:00,29.1,72,1005,Mumbai_Colaba,18.9067,72.8147
2023-05-05T19:00,28.5,74,1005.8,Mumbai_Colaba,18.9067,72.8147
2023-05-05T20:00,28.4,74,1006.9,Mumbai_Colaba,18.9067,72.8147
2023-05-05T21:00,28.1,76,1007.5,Mumbai_Colaba,18.9067,72.8147
2023-05-05T22:00,27.8,77,1007.9,Mumbai_Colaba,18.9067,72.8147
2023-05-05T23:00,27.4,80,1007.6,Mumbai_Colaba,18.9067,72.8147
2023-05-06T00:00,27,81,1007,Mumbai_Colaba,18.9067,72.8147
2023-05-06T01:00,26.4,84,1006.4,Mumbai_Colaba,18.9067,72.8147
2023-05-06T02:00,25.5,88,1005.9,Mumbai_Colaba,18.9067,72.8147
2023-05-06T03:00,25.3,90,1005.6,Mumbai_Colaba,18.9067,72.8147
2023-05-06T04:00,24.9,91,1005.8,Mumbai_Colaba,18.9067,72.8147
2023-05-06T05:00,26.3,84,1006.5,Mumbai_Colaba,18.9067,72.8147
2023-05-06T06:00,26.1,88,1007.1,Mumbai_Colaba,18.9067,72.8147
2023-05-06T07:00,27.9,78,1007.8,Mumbai_Colaba,18.9067,72.8147
2023-05-06T08:00,29.1,71,1008.4,Mumbai_Colaba,18.9067,72.8147
2023-05-06T09:00,30.2,65,1008.6,Mumbai_Colaba,18.9067,72.8147
2023-05-06T10:00,31,62,1008.6,Mumbai_Colaba,18.9067,72.8147
2023-05-06T11:00,31.3,60,1008.1,Mumbai_Colaba,18.9067,72.8147
2023-05-06T12:00,31.6,58,1007.4,Mumbai_Colaba,18.9067,72.8147
2023-05-06T13:00,31.9,56,1006.3,Mumbai_Colaba,18.9067,72.8147
2023-05-06T14:00,31.1,61,1005.5,Mumbai_Colaba,18.9067,72.8147
2023-05-06T15:00,31.1,61,1005.1,Mumbai_Colaba,18.9067,72.8147
2023-05-06T16:00,30.5,65,1004.6,Mumbai_Colaba,18.9067,72.8147
2023-05-06T17:00,29.8,67,1004.6,Mumbai_Colaba,18.9067,72.8147
2023-05-06T18:00,29.1,73,1004.9,Mumbai_Colaba,18.9067,72.8147
2023-05-06T19:00,28.5,76,1005.7,Mumbai_Colaba,18.9067,72.8147
2023-05-06T20:00,28.4,76,1006.5,Mumbai_Colaba,18.9067,72.8147
2023-05-06T21:00,28.2,78,1007.2,Mumbai_Colaba,18.9067,72.8147
2023-05-06T22:00,28,80,1007.6,Mumbai_Colaba,18.9067,72.8147
2023-05-06T23:00,27.8,81,1007.6,Mumbai_Colaba,18.9067,72.8147
2023-05-07T00:00,27.5,82,1007.3,Mumbai_Colaba,18.9067,72.8147
2023-05-07T01:00,27.3,83,1006.7,Mumbai_Colaba,18.9067,72.8147
2023-05-07T02:00,27.2,83,1006.4,Mumbai_Colaba,18.9067,72.8147
2023-05-07T03:00,27.1,83,1006,Mumbai_Colaba,18.9067,72.8147
2023-05-07T04:00,27.2,82,1006.1,Mumbai_Colaba,18.9067,72.8147
2023-05-07T05:00,27.4,82,1006.9,Mumbai_Colaba,18.9067,72.8147
2023-05-07T06:00,27.6,81,1007.5,Mumbai_Colaba,18.9067,72.8147
2023-05-07T07:00,27.1,81,1008.5,Mumbai_Colaba,18.9067,72.8147
2023-05-07T08:00,26.6,84,1009.1,Mumbai_Colaba,18.9067,72.8147
2023-05-07T09:00,28.2,75,1009.2,Mumbai_Colaba,18.9067,72.8147
2023-05-07T10:00,29.7,68,1009.3,Mumbai_Colaba,18.9067,72.8147
2023-05-07T11:00,29.7,68,1008.8,Mumbai_Colaba,18.9067,72.8147
2023-05-07T12:00,28.9,71,1008.2,Mumbai_Colaba,18.9067,72.8147
2023-05-07T13:00,28.6,73,1007.3,Mumbai_Colaba,18.9067,72.8147
2023-05-07T14:00,29.7,68,1006.1,Mumbai_Colaba,18.9067,72.8147
2023-05-07T15:00,29.9,65,1005.4,Mumbai_Colaba,18.9067,72.8147
2023-05-07T16:00,30.3,65,1004.7,Mumbai_Colaba,18.9067,72.8147
2023-05-07T17:00,30.1,67,1004.6,Mumbai_Colaba,18.9067,72.8147
2023-05-07T18:00,29.3,70,1004.7,Mumbai_Colaba,18.9067,72.8147
2023-05-07T19:00,28.9,74,1005.3,Mumbai_Colaba,18.9067,72.8147
2023-05-07T20:00,28.7,75,1006,Mumbai_Colaba,18.9067,72.8147
2023-05-07T21:00,28.6,76,1006.6,Mumbai_Colaba,18.9067,72.8147
2023-05-07T22:00,28.5,76,1006.8,Mumbai_Colaba,18.9067,72.8147
2023-05-07T23:00,28.5,76,1006.8,Mumbai_Colaba,18.9067,72.8147
2023-05-08T00:00,28.3,78,1006.4,Mumbai_Colaba,18.9067,72.8147
2023-05-08T01:00,27.8,82,1005.8,Mumbai_Colaba,18.9067,72.8147
2023-05-08T02:00,27.4,84,1005.5,Mumbai_Colaba,18.9067,72.8147
2023-05-08T03:00,27.5,83,1005.3,Mumbai_Colaba,18.9067,72.8147
2023-05-08T04:00,27.2,83,1005.5,Mumbai_Colaba,18.9067,72.8147
2023-05-08T05:00,28.1,80,1005.8,Mumbai_Colaba,18.9067,72.8147
2023-05-08T06:00,28.3,79,1006.5,Mumbai_Colaba,18.9067,72.8147
2023-05-08T07:00,29.3,73,1006.9,Mumbai_Colaba,18.9067,72.8147
2023-05-08T08:00,30.2,68,1007.7,Mumbai_Colaba,18.9067,72.8147
2023-05-08T09:00,31.2,63,1007.8,Mumbai_Colaba,18.9067,72.8147
2023-05-08T10:00,31.7,61,1007.8,Mumbai_Colaba,18.9067,72.8147
2023-05-08T11:00,32,60,1007.5,Mumbai_Colaba,18.9067,72.8147
2023-05-08T12:00,31.7,61,1007,Mumbai_Colaba,18.9067,72.8147
2023-05-08T13:00,32.4,59,1006.4,Mumbai_Colaba,18.9067,72.8147
2023-05-08T14:00,31.6,63,1005.1,Mumbai_Colaba,18.9067,72.8147
2023-05-08T15:00,31.8,63,1004.5,Mumbai_Colaba,18.9067,72.8147
2023-05-08T16:00,30.8,67,1004.2,Mumbai_Colaba,18.9067,72.8147
2023-05-08T17:00,30.4,68,1003.8,Mumbai_Colaba,18.9067,72.8147
2023-05-08T18:00,29.6,73,1004.7,Mumbai_Colaba,18.9067,72.8147
2023-05-08T19:00,29.1,76,1005.2,Mumbai_Colaba,18.9067,72.8147
2023-05-08T20:00,28.9,78,1005.7,Mumbai_Colaba,18.9067,72.8147
2023-05-08T21:00,28.9,79,1006.5,Mumbai_Colaba,18.9067,72.8147
2023-05-08T22:00,28.8,79,1006.8,Mumbai_Colaba,18.9067,72.8147
2023-05-08T23:00,28.7,79,1006.9,Mumbai_Colaba,18.9067,72.8147
2023-05-09T00:00,28.4,81,1006.4,Mumbai_Colaba,18.9067,72.8147
2023-05-09T01:00,28,83,1005.7,Mumbai_Colaba,18.9067,72.8147
2023-05-09T02:00,27.7,85,1005.4,Mumbai_Colaba,18.9067,72.8147
2023-05-09T03:00,27.3,87,1005,Mumbai_Colaba,18.9067,72.8147
2023-05-09T04:00,27.6,85,1005.6,Mumbai_Colaba,18.9067,72.8147
2023-05-09T05:00,27.7,87,1006.2,Mumbai_Colaba,18.9067,72.8147
2023-05-09T06:00,28.5,83,1006.9,Mumbai_Colaba,18.9067,72.8147
2023-05-09T07:00,29.5,77,1007.5,Mumbai_Colaba,18.9067,72.8147
2023-05-09T08:00,30.5,70,1008.2,Mumbai_Colaba,18.9067,72.8147
2023-05-09T09:00,31.6,63,1008.7,Mumbai_Colaba,18.9067,72.8147
2023-05-09T10:00,32,61,1008.7,Mumbai_Colaba,18.9067,72.8147
2023-05-09T11:00,32.9,59,1008.4,Mumbai_Colaba,18.9067,72.8147
2023-05-09T12:00,32.8,60,1007.6,Mumbai_Colaba,18.9067,72.8147
2023-05-09T13:00,33,59,1006.8,Mumbai_Colaba,18.9067,72.8147
2023-05-09T14:00,32.8,59,1005.7,Mumbai_Colaba,18.9067,72.8147
2023-05-09T15:00,32.2,62,1004.5,Mumbai_Colaba,18.9067,72.8147
2023-05-09T16:00,32,61,1004.2,Mumbai_Colaba,18.9067,72.8147
2023-05-09T17:00,31.1,70,1003.9,Mumbai_Colaba,18.9067,72.8147
2023-05-09T18:00,29.9,76,1004.5,Mumbai_Colaba,18.9067,72.8147
2023-05-09T19:00,29.5,80,1005.2,Mumbai_Colaba,18.9067,72.8147
2023-05-09T20:00,29.3,81,1005.8,Mumbai_Colaba,18.9067,72.8147
2023-05-09T21:00,29.1,84,1006.6,Mumbai_Colaba,18.9067,72.8147
2023-05-09T22:00,28.9,86,1007.3,Mumbai_Colaba,18.9067,72.8147
2023-05-09T23:00,28.5,88,1007.2,Mumbai_Colaba,18.9067,72.8147
2023-05-10T00:00,28.2,90,1006.9,Mumbai_Colaba,18.9067,72.8147
2023-05-10T01:00,28,91,1006.3,Mumbai_Colaba,18.9067,72.8147
2023-05-10T02:00,27.9,91,1005.9,Mumbai_Colaba,18.9067,72.8147
2023-05-10T03:00,27.9,90,1005.5,Mumbai_Colaba,18.9067,72.8147
2023-05-10T04:00,27.8,89,1005.5,Mumbai_Colaba,18.9067,72.8147
2023-05-10T05:00,27.3,94,1006,Mumbai_Colaba,18.9067,72.8147
2023-05-10T06:00,28.3,91,1006.4,Mumbai_Colaba,18.9067,72.8147
2023-05-10T07:00,29.4,85,1006.7,Mumbai_Colaba,18.9067,72.8147
2023-05-10T08:00,31.6,66,1007,Mumbai_Colaba,18.9067,72.8147
2023-05-10T09:00,33.9,49,1007.4,Mumbai_Colaba,18.9067,72.8147
2023-05-10T10:00,33.7,56,1007.3,Mumbai_Colaba,18.9067,72.8147
2023-05-10T11:00,33.7,54,1006.5,Mumbai_Colaba,18.9067,72.8147
2023-05-10T12:00,34,55,1006,Mumbai_Colaba,18.9067,72.8147
2023-05-10T13:00,33.8,59,1005.1,Mumbai_Colaba,18.9067,72.8147
2023-05-10T14:00,33,65,1004,Mumbai_Colaba,18.9067,72.8147
2023-05-10T15:00,32.3,69,1003.4,Mumbai_Colaba,18.9067,72.8147
2023-05-10T16:00,32.2,67,1002.9,Mumbai_Colaba,18.9067,72.8147
2023-05-10T17:00,31,74,1003.2,Mumbai_Colaba,18.9067,72.8147
2023-05-10T18:00,30,79,1003.4,Mumbai_Colaba,18.9067,72.8147
2023-05-10T19:00,29.6,83,1003.9,Mumbai_Colaba,18.9067,72.8147
2023-05-10T20:00,29.5,83,1004.5,Mumbai_Colaba,18.9067,72.8147
2023-05-10T21:00,29.2,85,1005,Mumbai_Colaba,18.9067,72.8147
2023-05-10T22:00,28.9,87,1005.7,Mumbai_Colaba,18.9067,72.8147
2023-05-10T23:00,28.5,89,1005.7,Mumbai_Colaba,18.9067,72.8147
2023-05-11T00:00,28.3,89,1005.5,Mumbai_Colaba,18.9067,72.8147
2023-05-11T01:00,27.5,92,1005.1,Mumbai_Colaba,18.9067,72.8147
2023-05-11T02:00,26.6,93,1004.6,Mumbai_Colaba,18.9067,72.8147
2023-05-11T03:00,28.3,85,1004.6,Mumbai_Colaba,18.9067,72.8147
2023-05-11T04:00,26.2,93,1004.9,Mumbai_Colaba,18.9067,72.8147
2023-05-11T05:00,27.2,94,1005.7,Mumbai_Colaba,18.9067,72.8147
2023-05-11T06:00,27.6,96,1006.3,Mumbai_Colaba,18.9067,72.8147
2023-05-11T07:00,28.9,88,1007,Mumbai_Colaba,18.9067,72.8147
2023-05-11T08:00,31.1,73,1007.4,Mumbai_Colaba,18.9067,72.8147
2023-05-11T09:00,33,63,1007.6,Mumbai_Colaba,18.9067,72.8147
2023-05-11T10:00,34.1,60,1007.6,Mumbai_Colaba,18.9067,72.8147
2023-05-11T11:00,34.4,60,1007,Mumbai_Colaba,18.9067,72.8147
2023-05-11T12:00,34.6,57,1006.6,Mumbai_Colaba,18.9067,72.8147
2023-05-11T13:00,34.6,55,1005.7,Mumbai_Colaba,18.9067,72.8147
2023-05-11T14:00,34.5,56,1004.7,Mumbai_Colaba,18.9067,72.8147
2023-05-11T15:00,34.1,57,1003.7,Mumbai_Colaba,18.9067,72.8147
2023-05-11T16:00,33.6,58,1003.3,Mumbai_Colaba,18.9067,72.8147
2023-05-11T17:00,31.7,71,1003.6,Mumbai_Colaba,18.9067,72.8147
2023-05-11T18:00,30.6,77,1004,Mumbai_Colaba,18.9067,72.8147
2023-05-11T19:00,30,80,1004.4,Mumbai_Colaba,18.9067,72.8147
2023-05-11T20:00,29.6,83,1004.9,Mumbai_Colaba,18.9067,72.8147
2023-05-11T21:00,29.2,86,1005.7,Mumbai_Colaba,18.9067,72.8147
2023-05-11T22:00,28.8,89,1006.3,Mumbai_Colaba,18.9067,72.8147
2023-05-11T23:00,28.4,90,1006.5,Mumbai_Colaba,18.9067,72.8147
2023-05-12T00:00,28.2,91,1006.2,Mumbai_Colaba,18.9067,72.8147
2023-05-12T01:00,27.7,93,1005.8,Mumbai_Colaba,18.9067,72.8147
2023-05-12T02:00,27.9,92,1005.2,Mumbai_Colaba,18.9067,72.8147
2023-05-12T03:00,27.7,93,1005.3,Mumbai_Colaba,18.9067,72.8147
2023-05-12T04:00,27.2,95,1005.5,Mumbai_Colaba,18.9067,72.8147
2023-05-12T05:00,27.9,96,1006.5,Mumbai_Colaba,18.9067,72.8147
2023-05-12T06:00,28.2,95,1006.8,Mumbai_Colaba,18.9067,72.8147
2023-05-12T07:00,29.2,86,1007.5,Mumbai_Colaba,18.9067,72.8147
2023-05-12T08:00,31,75,1008.1,Mumbai_Colaba,18.9067,72.8147
2023-05-12T09:00,33,63,1008.3,Mumbai_Colaba,18.9067,72.8147
2023-05-12T10:00,33.9,61,1008.3,Mumbai_Colaba,18.9067,72.8147
2023-05-12T11:00,34.1,59,1007.7,Mumbai_Colaba,18.9067,72.8147
2023-05-12T12:00,34.5,55,1007,Mumbai_Colaba,18.9067,72.8147
2023-05-12T13:00,34.5,54,1006.2,Mumbai_Colaba,18.9067,72.8147
2023-05-12T14:00,34.2,56,1005.4,Mumbai_Colaba,18.9067,72.8147
2023-05-12T15:00,33.8,59,1004.7,Mumbai_Colaba,18.9067,72.8147
2023-05-12T16:00,33,63,1004.5,Mumbai_Colaba,18.9067,72.8147
2023-05-12T17:00,31.7,68,1004.7,Mumbai_Colaba,18.9067,72.8147
2023-05-12T18:00,30.5,76,1004.8,Mumbai_Colaba,18.9067,72.8147
2023-05-12T19:00,29.8,81,1005,Mumbai_Colaba,18.9067,72.8147
2023-05-12T20:00,29.5,85,1005.5,Mumbai_Colaba,18.9067,72.8147
2023-05-12T21:00,29,88,1006.2,Mumbai_Colaba,18.9067,72.8147
2023-05-12T22:00,28.8,89,1007,Mumbai_Colaba,18.9067,72.8147
2023-05-12T23:00,28.6,90,1006.8,Mumbai_Colaba,18.9067,72.8147
2023-05-13T00:00,27.8,93,1006.1,Mumbai_Colaba,18.9067,72.8147
2023-05-13T01:00,27.7,93,1005.7,Mumbai_Colaba,18.9067,72.8147
2023-05-13T02:00,27.3,93,1005.4,Mumbai_Colaba,18.9067,72.8147
2023-05-13T03:00,27.1,94,1005.1,Mumbai_Colaba,18.9067,72.8147
2023-05-13T04:00,27.3,94,1005.2,Mumbai_Colaba,18.9067,72.8147
2023-05-13T05:00,27.9,94,1006.2,Mumbai_Colaba,18.9067,72.8147
2023-05-13T06:00,28.4,92,1007,Mumbai_Colaba,18.9067,72.8147
2023-05-13T07:00,29.7,83,1008,Mumbai_Colaba,18.9067,72.8147
2023-05-13T08:00,31.2,74,1008.6,Mumbai_Colaba,18.9067,72.8147
2023-05-13T09:00,32.4,64,1009,Mumbai_Colaba,18.9067,72.8147
2023-05-13T10:00,33,61,1009,Mumbai_Colaba,18.9067,72.8147
2023-05-13T11:00,33.4,58,1008.8,Mumbai_Colaba,18.9067,72.8147
2023-05-13T12:00,33.6,59,1008.4,Mumbai_Colaba,18.9067,72.8147
2023-05-13T13:00,33.6,58,1007.8,Mumbai_Colaba,18.9067,72.8147
2023-05-13T14:00,33.5,57,1006.8,Mumbai_Colaba,18.9067,72.8147
2023-05-13T15:00,33.3,57,1006.2,Mumbai_Colaba,18.9067,72.8147
2023-05-13T16:00,32.6,61,1006.3,Mumbai_Colaba,18.9067,72.8147
2023-05-13T17:00,31.7,64,1006.1,Mumbai_Colaba,18.9067,72.8147
2023-05-13T18:00,30.5,69,1006.7,Mumbai_Colaba,18.9067,72.8147
2023-05-13T19:00,29.9,74,1007.1,Mumbai_Colaba,18.9067,72.8147
2023-05-13T20:00,29.6,76,1007.7,Mumbai_Colaba,18.9067,72.8147
2023-05-13T21:00,29.4,76,1007.8,Mumbai_Colaba,18.9067,72.8147
2023-05-13T22:00,29.1,77,1008.1,Mumbai_Colaba,18.9067,72.8147
2023-05-13T23:00,28.4,81,1008,Mumbai_Colaba,18.9067,72.8147
2023-05-14T00:00,27.3,87,1007.6,Mumbai_Colaba,18.9067,72.8147
2023-05-14T01:00,27.1,88,1006.8,Mumbai_Colaba,18.9067,72.8147
2023-05-14T02:00,27,88,1005.9,Mumbai_Colaba,18.9067,72.8147
2023-05-14T03:00,26.6,89,1005.9,Mumbai_Colaba,18.9067,72.8147
2023-05-14T04:00,26.3,90,1006.1,Mumbai_Colaba,18.9067,72.8147
2023-05-14T05:00,26.9,91,1006.6,Mumbai_Colaba,18.9067,72.8147
2023-05-14T06:00,27.6,89,1006.9,Mumbai_Colaba,18.9067,72.8147
2023-05-14T07:00,29.6,78,1007.8,Mumbai_Colaba,18.9067,72.8147
2023-05-14T08:00,30.9,69,1008.6,Mumbai_Colaba,18.9067,72.8147
2023-05-14T09:00,31.9,63,1008.9,Mumbai_Colaba,18.9067,72.8147
2023-05-14T10:00,32.5,60,1008.7,Mumbai_Colaba,18.9067,72.8147
2023-05-14T11:00,33.1,57,1008.2,Mumbai_Colaba,18.9067,72.8147
2023-05-14T12:00,33.4,56,1007.6,Mumbai_Colaba,18.9067,72.8147
2023-05-14T13:00,33.4,56,1006.6,Mumbai_Colaba,18.9067,72.8147
2023-05-14T14:00,33.1,59,1005.5,Mumbai_Colaba,18.9067,72.8147
2023-05-14T15:00,32.7,61,1004.6,Mumbai_Colaba,18.9067,72.8147
2023-05-14T16:00,32.1,65,1004.3,Mumbai_Colaba,18.9067,72.8147
2023-05-14T17:00,31,68,1004.9,Mumbai_Colaba,18.9067,72.8147
2023-05-14T18:00,30.1,74,1005.2,Mumbai_Colaba,18.9067,72.8147
2023-05-14T19:00,29.3,80,1005.7,Mumbai_Colaba,18.9067,72.8147
2023-05-14T20:00,29.1,81,1006.1,Mumbai_Colaba,18.9067,72.8147
2023-05-14T21:00,28.9,81,1006.7,Mumbai_Colaba,18.9067,72.8147
2023-05-14T22:00,28.8,83,1007.1,Mumbai_Colaba,18.9067,72.8147
2023-05-14T23:00,28.6,84,1006.9,Mumbai_Colaba,18.9067,72.8147
2023-05-15T00:00,28.3,85,1006.4,Mumbai_Colaba,18.9067,72.8147
2023-05-15T01:00,28.1,86,1006,Mumbai_Colaba,18.9067,72.8147
2023-05-15T02:00,27.9,87,1005.7,Mumbai_Colaba,18.9067,72.8147
2023-05-15T03:00,27.8,87,1005.6,Mumbai_Colaba,18.9067,72.8147
2023-05-15T04:00,27.6,88,1005.9,Mumbai_Colaba,18.9067,72.8147
2023-05-15T05:00,28,87,1006.7,Mumbai_Colaba,18.9067,72.8147
2023-05-15T06:00,28.4,84,1007.5,Mumbai_Colaba,18.9067,72.8147
2023-05-15T07:00,29.3,80,1008.3,Mumbai_Colaba,18.9067,72.8147
2023-05-15T08:00,30.2,75,1009.2,Mumbai_Colaba,18.9067,72.8147
2023-05-15T09:00,31.2,69,1009.7,Mumbai_Colaba,18.9067,72.8147
2023-05-15T10:00,32.2,65,1009.5,Mumbai_Colaba,18.9067,72.8147
2023-05-15T11:00,32.9,62,1009.1,Mumbai_Colaba,18.9067,72.8147
2023-05-15T12:00,33.1,63,1008.3,Mumbai_Colaba,18.9067,72.8147
2023-05-15T13:00,33.1,63,1007.8,Mumbai_Colaba,18.9067,72.8147
2023-05-15T14:00,33,62,1006.9,Mumbai_Colaba,18.9067,72.8147
2023-05-15T15:00,32.6,63,1006.3,Mumbai_Colaba,18.9067,72.8147
2023-05-15T16:00,32,65,1006.2,Mumbai_Colaba,18.9067,72.8147
2023-05-15T17:00,31,68,1006.1,Mumbai_Colaba,18.9067,72.8147
2023-05-15T18:00,30.5,69,1006.7,Mumbai_Colaba,18.9067,72.8147
2023-05-15T19:00,30,71,1007.2,Mumbai_Colaba,18.9067,72.8147
2023-05-15T20:00,29.7,73,1007.4,Mumbai_Colaba,18.9067,72.8147
2023-05-15T21:00,29.4,74,1008,Mumbai_Colaba,18.9067,72.8147
2023-05-15T22:00,29.1,75,1008.3,Mumbai_Colaba,18.9067,72.8147
2023-05-15T23:00,28.6,78,1008.2,Mumbai_Colaba,18.9067,72.8147
2023-05-16T00:00,27.9,82,1007.9,Mumbai_Colaba,18.9067,72.8147
2023-05-16T01:00,27.2,84,1007.3,Mumbai_Colaba,18.9067,72.8147
2023-05-16T02:00,26.9,85,1007.1,Mumbai_Colaba,18.9067,72.8147
2023-05-16T03:00,26.9,85,1007.2,Mumbai_Colaba,18.9067,72.8147
2023-05-16T04:00,27,84,1007.6,Mumbai_Colaba,18.9067,72.8147
2023-05-16T05:00,28.2,79,1008.1,Mumbai_Colaba,18.9067,72.8147
2023-05-16T06:00,29,76,1008.7,Mumbai_Colaba,18.9067,72.8147
2023-05-16T07:00,30.2,70,1009.5,Mumbai_Colaba,18.9067,72.8147
2023-05-16T08:00,31.1,66,1010.2,Mumbai_Colaba,18.9067,72.8147
2023-05-16T09:00,31.9,63,1010.5,Mumbai_Colaba,18.9067,72.8147
2023-05-16T10:00,32.6,60,1010.7,Mumbai_Colaba,18.9067,72.8147
2023-05-16T11:00,33.2,57,1010.3,Mumbai_Colaba,18.9067,72.8147
2023-05-16T12:00,33.6,57,1009.7,Mumbai_Colaba,18.9067,72.8147
2023-05-16T13:00,33.6,57,1008.9,Mumbai_Colaba,18.9067,72.8147
2023-05-16T14:00,33.3,57,1008,Mumbai_Colaba,18.9067,72.8147
2023-05-16T15:00,32.9,60,1007.5,Mumbai_Colaba,18.9067,72.8147
2023-05-16T16:00,32.4,62,1007.4,Mumbai_Colaba,18.9067,72.8147
2023-05-16T17:00,31.5,63,1008,Mumbai_Colaba,18.9067,72.8147
2023-05-16T18:00,30.7,66,1008.7,Mumbai_Colaba,18.9067,72.8147
2023-05-16T19:00,30.3,67,1008.7,Mumbai_Colaba,18.9067,72.8147
2023-05-16T20:00,30.1,68,1009.3,Mumbai_Colaba,18.9067,72.8147
2023-05-16T21:00,29.9,70,1009.8,Mumbai_Colaba,18.9067,72.8147
2023-05-16T22:00,29.6,71,1010.1,Mumbai_Colaba,18.9067,72.8147
2023-05-16T23:00,29.1,73,1009.8,Mumbai_Colaba,18.9067,72.8147
2023-05-17T00:00,28.5,76,1009.2,Mumbai_Colaba,18.9067,72.8147
2023-05-17T01:00,28,79,1008.4,Mumbai_Colaba,18.9067,72.8147
2023-05-17T02:00,27.2,83,1007.7,Mumbai_Colaba,18.9067,72.8147
2023-05-17T03:00,26.6,86,1007.4,Mumbai_Colaba,18.9067,72.8147
2023-05-17T04:00,27.4,82,1007.6,Mumbai_Colaba,18.9067,72.8147
2023-05-17T05:00,28.3,80,1008.2,Mumbai_Colaba,18.9067,72.8147
2023-05-17T06:00,28,83,1008.9,Mumbai_Colaba,18.9067,72.8147
2023-05-17T07:00,29.6,74,1009.9,Mumbai_Colaba,18.9067,72.8147
2023-05-17T08:00,30.6,70,1010.5,Mumbai_Colaba,18.9067,72.8147
2023-05-17T09:00,31.6,64,1010.7,Mumbai_Colaba,18.9067,72.8147
2023-05-17T10:00,32.2,61,1010.6,Mumbai_Colaba,18.9067,72.8147
2023-05-17T11:00,32.9,58,1010.1,Mumbai_Colaba,18.9067,72.8147
2023-05-17T12:00,33.1,58,1009.3,Mumbai_Colaba,18.9067,72.8147
2023-05-17T13:00,33.3,55,1008.5,Mumbai_Colaba,18.9067,72.8147
2023-05-17T14:00,33.1,57,1007.7,Mumbai_Colaba,18.9067,72.8147
2023-05-17T15:00,32.4,59,1007.3,Mumbai_Colaba,18.9067,72.8147
2023-05-17T16:00,31.6,65,1007.1,Mumbai_Colaba,18.9067,72.8147
2023-05-17T17:00,31.2,67,1007.3,Mumbai_Colaba,18.9067,72.8147
2023-05-17T18:00,30.2,71,1007.8,Mumbai_Colaba,18.9067,72.8147
2023-05-17T19:00,29.6,75,1008.6,Mumbai_Colaba,18.9067,72.8147
2023-05-17T20:00,29.3,76,1009.2,Mumbai_Colaba,18.9067,72.8147
2023-05-17T21:00,29.1,78,1009.9,Mumbai_Colaba,18.9067,72.8147
2023-05-17T22:00,28.8,80,1010.5,Mumbai_Colaba,18.9067,72.8147
2023-05-17T23:00,28.6,81,1010.5,Mumbai_Colaba,18.9067,72.8147
2023-05-18T00:00,28.6,81,1010.1,Mumbai_Colaba,18.9067,72.8147
2023-05-18T01:00,28.5,80,1009.1,Mumbai_Colaba,18.9067,72.8147
2023-05-18T02:00,28.4,79,1008.7,Mumbai_Colaba,18.9067,72.8147
2023-05-18T03:00,28.1,80,1008.6,Mumbai_Colaba,18.9067,72.8147
2023-05-18T04:00,27.7,84,1009.1,Mumbai_Colaba,18.9067,72.8147
2023-05-18T05:00,27.1,91,1009.8,Mumbai_Colaba,18.9067,72.8147
2023-05-18T06:00,27.9,87,1010.5,Mumbai_Colaba,18.9067,72.8147
2023-05-18T07:00,28.8,83,1011.5,Mumbai_Colaba,18.9067,72.8147
2023-05-18T08:00,30.2,74,1012.1,Mumbai_Colaba,18.9067,72.8147
2023-05-18T09:00,31.3,67,1012.5,Mumbai_Colaba,18.9067,72.8147
2023-05-18T10:00,32.3,62,1012.3,Mumbai_Colaba,18.9067,72.8147
2023-05-18T11:00,33,60,1012,Mumbai_Colaba,18.9067,72.8147
2023-05-18T12:00,32.6,62,1011.4,Mumbai_Colaba,18.9067,72.8147
2023-05-18T13:00,33,58,1010.4,Mumbai_Colaba,18.9067,72.8147
2023-05-18T14:00,32.6,60,1009.3,Mumbai_Colaba,18.9067,72.8147
2023-05-18T15:00,32.3,61,1008.7,Mumbai_Colaba,18.9067,72.8147
2023-05-18T16:00,31.6,66,1008.2,Mumbai_Colaba,18.9067,72.8147
2023-05-18T17:00,31.1,69,1008.7,Mumbai_Colaba,18.9067,72.8147
2023-05-18T18:00,30.1,73,1008.7,Mumbai_Colaba,18.9067,72.8147
2023-05-18T19:00,29.5,77,1009,Mumbai_Colaba,18.9067,72.8147
2023-05-18T20:00,29.3,78,1009.4,Mumbai_Colaba,18.9067,72.8147
2023-05-18T21:00,29,80,1010.1,Mumbai_Colaba,18.9067,72.8147
2023-05-18T22:00,28.8,82,1010.3,Mumbai_Colaba,18.9067,72.8147
2023-05-18T23:00,28.6,82,1010.1,Mumbai_Colaba,18.9067,72.8147
2023-05-19T00:00,28.4,83,1009.5,Mumbai_Colaba,18.9067,72.8147
2023-05-19T01:00,28.3,82,1008.6,Mumbai_Colaba,18.9067,72.8147
2023-05-19T02:00,28.3,81,1008,Mumbai_Colaba,18.9067,72.8147
2023-05-19T03:00,28,82,1007.8,Mumbai_Colaba,18.9067,72.8147
2023-05-19T04:00,27.6,84,1007.9,Mumbai_Colaba,18.9067,72.8147
2023-05-19T05:00,27.4,91,1008.4,Mumbai_Colaba,18.9067,72.8147
2023-05-19T06:00,27.6,90,1008.9,Mumbai_Colaba,18.9067,72.8147
2023-05-19T07:00,28.5,85,1009.8,Mumbai_Colaba,18.9067,72.8147
2023-05-19T08:00,29.9,77,1010.4,Mumbai_Colaba,18.9067,72.8147
2023-05-19T09:00,31.4,69,1010.7,Mumbai_Colaba,18.9067,72.8147
2023-05-19T10:00,32.7,63,1010.4,Mumbai_Colaba,18.9067,72.8147
2023-05-19T11:00,33.2,61,1010,Mumbai_Colaba,18.9067,72.8147
2023-05-19T12:00,33,60,1009.4,Mumbai_Colaba,18.9067,72.8147
2023-05-19T13:00,33,58,1008.5,Mumbai_Colaba,18.9067,72.8147
2023-05-19T14:00,32.8,59,1007.4,Mumbai_Colaba,18.9067,72.8147
2023-05-19T15:00,32,65,1006.6,Mumbai_Colaba,18.9067,72.8147
2023-05-19T16:00,31.4,68,1006.5,Mumbai_Colaba,18.9067,72.8147
2023-05-19T17:00,30.6,76,1007,Mumbai_Colaba,18.9067,72.8147
2023-05-19T18:00,29.7,80,1007,Mumbai_Colaba,18.9067,72.8147
2023-05-19T19:00,29.2,82,1007.4,Mumbai_Colaba,18.9067,72.8147
2023-05-19T20:00,29.1,82,1007.9,Mumbai_Colaba,18.9067,72.8147
2023-05-19T21:00,28.9,83,1008.6,Mumbai_Colaba,18.9067,72.8147
2023-05-19T22:00,28.9,82,1009,Mumbai_Colaba,18.9067,72.8147
2023-05-19T23:00,28.8,82,1009,Mumbai_Colaba,18.9067,72.8147
2023-05-20T00:00,28.6,82,1008.5,Mumbai_Colaba,18.9067,72.8147
2023-05-20T01:00,28.5,82,1008,Mumbai_Colaba,18.9067,72.8147
2023-05-20T02:00,28.4,81,1007.5,Mumbai_Colaba,18.9067,72.8147
2023-05-20T03:00,28.4,79,1007.1,Mumbai_Colaba,18.9067,72.8147
2023-05-20T04:00,28.2,77,1007.2,Mumbai_Colaba,18.9067,72.8147
2023-05-20T05:00,27.9,84,1007.3,Mumbai_Colaba,18.9067,72.8147
2023-05-20T06:00,28.4,82,1007.9,Mumbai_Colaba,18.9067,72.8147
2023-05-20T07:00,29.3,77,1008.5,Mumbai_Colaba,18.9067,72.8147
2023-05-20T08:00,30.2,71,1008.9,Mumbai_Colaba,18.9067,72.8147
2023-05-20T09:00,31.1,66,1009.5,Mumbai_Colaba,18.9067,72.8147
2023-05-20T10:00,32.1,62,1009.5,Mumbai_Colaba,18.9067,72.8147
2023-05-20T11:00,32.4,61,1009.3,Mumbai_Colaba,18.9067,72.8147
2023-05-20T12:00,32.6,60,1009,Mumbai_Colaba,18.9067,72.8147
2023-05-20T13:00,32.5,60,1008.3,Mumbai_Colaba,18.9067,72.8147
2023-05-20T14:00,32.5,60,1007.3,Mumbai_Colaba,18.9067,72.8147
2023-05-20T15:00,32.1,62,1006.8,Mumbai_Colaba,18.9067,72.8147
2023-05-20T16:00,31.5,65,1006.6,Mumbai_Colaba,18.9067,72.8147
2023-05-20T17:00,30.7,70,1006.7,Mumbai_Colaba,18.9067,72.8147
2023-05-20T18:00,29.8,75,1007.2,Mumbai_Colaba,18.9067,72.8147
2023-05-20T19:00,29.3,78,1007.7,Mumbai_Colaba,18.9067,72.8147
2023-05-20T20:00,29.2,79,1008.1,Mumbai_Colaba,18.9067,72.8147
2023-05-20T21:00,29,80,1008.6,Mumbai_Colaba,18.9067,72.8147
2023-05-20T22:00,28.7,81,1008.8,Mumbai_Colaba,18.9067,72.8147
2023-05-20T23:00,28.5,81,1008.7,Mumbai_Colaba,18.9067,72.8147
2023-05-21T00:00,28.3,82,1008.2,Mumbai_Colaba,18.9067,72.8147
2023-05-21T01:00,28.2,82,1007.6,Mumbai_Colaba,18.9067,72.8147
2023-05-21T02:00,28.2,82,1006.9,Mumbai_Colaba,18.9067,72.8147
2023-05-21T03:00,28,81,1006.8,Mumbai_Colaba,18.9067,72.8147
2023-05-21T04:00,27.9,80,1007.2,Mumbai_Colaba,18.9067,72.8147
2023-05-21T05:00,27.8,85,1007.8,Mumbai_Colaba,18.9067,72.8147
2023-05-21T06:00,28.4,81,1008.5,Mumbai_Colaba,18.9067,72.8147
2023-05-21T07:00,29.5,73,1009.2,Mumbai_Colaba,18.9067,72.8147
2023-05-21T08:00,30.4,68,1009.9,Mumbai_Colaba,18.9067,72.8147
2023-05-21T09:00,30.9,66,1010.3,Mumbai_Colaba,18.9067,72.8147
2023-05-21T10:00,31.6,64,1010.6,Mumbai_Colaba,18.9067,72.8147
2023-05-21T11:00,32.1,61,1010.1,Mumbai_Colaba,18.9067,72.8147
2023-05-21T12:00,32.6,58,1009.7,Mumbai_Colaba,18.9067,72.8147
2023-05-21T13:00,32.7,57,1008.9,Mumbai_Colaba,18.9067,72.8147
2023-05-21T14:00,32.4,59,1008.2,Mumbai_Colaba,18.9067,72.8147
2023-05-21T15:00,32.1,60,1007.7,Mumbai_Colaba,18.9067,72.8147
2023-05-21T16:00,31.6,63,1007.6,Mumbai_Colaba,18.9067,72.8147
2023-05-21T17:00,31.2,64,1008,Mumbai_Colaba,18.9067,72.8147
2023-05-21T18:00,30.4,67,1007.9,Mumbai_Colaba,18.9067,72.8147
2023-05-21T19:00,29.6,72,1008.6,Mumbai_Colaba,18.9067,72.8147
2023-05-21T20:00,29.3,75,1009.3,Mumbai_Colaba,18.9067,72.8147
2023-05-21T21:00,29.1,76,1009.9,Mumbai_Colaba,18.9067,72.8147
2023-05-21T22:00,28.8,78,1010.5,Mumbai_Colaba,18.9067,72.8147
2023-05-21T23:00,28.5,79,1010.1,Mumbai_Colaba,18.9067,72.8147
2023-05-22T00:00,28.3,80,1009.5,Mumbai_Colaba,18.9067,72.8147
2023-05-22T01:00,28,81,1008.8,Mumbai_Colaba,18.9067,72.8147
2023-05-22T02:00,27.7,81,1008.4,Mumbai_Colaba,18.9067,72.8147
2023-05-22T03:00,27.9,80,1008.2,Mumbai_Colaba,18.9067,72.8147
2023-05-22T04:00,27.7,81,1008.3,Mumbai_Colaba,18.9067,72.8147
2023-05-22T05:00,28.2,81,1008.5,Mumbai_Colaba,18.9067,72.8147
2023-05-22T06:00,28.3,83,1009.4,Mumbai_Colaba,18.9067,72.8147
2023-05-22T07:00,29,79,1010.2,Mumbai_Colaba,18.9067,72.8147
2023-05-22T08:00,30,74,1011.2,Mumbai_Colaba,18.9067,72.8147
2023-05-22T09:00,31.1,68,1011.9,Mumbai_Colaba,18.9067,72.8147
2023-05-22T10:00,32.2,61,1011.7,Mumbai_Colaba,18.9067,72.8147
2023-05-22T11:00,32.6,60,1011.3,Mumbai_Colaba,18.9067,72.8147
2023-05-22T12:00,32.7,59,1010.5,Mumbai_Colaba,18.9067,72.8147
2023-05-22T13:00,32.8,58,1009.3,Mumbai_Colaba,18.9067,72.8147
2023-05-22T14:00,32.5,59,1008.4,Mumbai_Colaba,18.9067,72.8147
2023-05-22T15:00,32.4,59,1007.8,Mumbai_Colaba,18.9067,72.8147
2023-05-22T16:00,31.7,63,1007.4,Mumbai_Colaba,18.9067,72.8147
2023-05-22T17:00,30.6,67,1007.8,Mumbai_Colaba,18.9067,72.8147
2023-05-22T18:00,29.8,72,1008,Mumbai_Colaba,18.9067,72.8147
2023-05-22T19:00,29.4,73,1008.5,Mumbai_Colaba,18.9067,72.8147
2023-05-22T20:00,29.3,74,1009,Mumbai_Colaba,18.9067,72.8147
2023-05-22T21:00,29,77,1009.6,Mumbai_Colaba,18.9067,72.8147
2023-05-22T22:00,28.8,79,1009.9,Mumbai_Colaba,18.9067,72.8147
2023-05-22T23:00,28.6,80,1009.8,Mumbai_Colaba,18.9067,72.8147
2023-05-23T00:00,28.2,81,1009.4,Mumbai_Colaba,18.9067,72.8147
2023-05-23T01:00,27.8,83,1008.8,Mumbai_Colaba,18.9067,72.8147
2023-05-23T02:00,27.7,83,1008.6,Mumbai_Colaba,18.9067,72.8147
2023-05-23T03:00,27,86,1008.6,Mumbai_Colaba,18.9067,72.8147
2023-05-23T04:00,26.7,88,1008.7,Mumbai_Colaba,18.9067,72.8147
2023-05-23T05:00,25.6,93,1009.6,Mumbai_Colaba,18.9067,72.8147
2023-05-23T06:00,27.2,84,1010.2,Mumbai_Colaba,18.9067,72.8147
2023-05-23T07:00,28.5,77,1010.7,Mumbai_Colaba,18.9067,72.8147
2023-05-23T08:00,29.9,72,1011.4,Mumbai_Colaba,18.9067,72.8147
2023-05-23T09:00,31.3,66,1011.5,Mumbai_Colaba,18.9067,72.8147
2023-05-23T10:00,32.2,63,1011.2,Mumbai_Colaba,18.9067,72.8147
2023-05-23T11:00,33.1,59,1010.7,Mumbai_Colaba,18.9067,72.8147
2023-05-23T12:00,33,61,1010,Mumbai_Colaba,18.9067,72.8147
2023-05-23T13:00,33,56,1009.2,Mumbai_Colaba,18.9067,72.8147
2023-05-23T14:00,32.4,62,1008.4,Mumbai_Colaba,18.9067,72.8147
2023-05-23T15:00,31.9,66,1007.9,Mumbai_Colaba,18.9067,72.8147
2023-05-23T16:00,31.2,69,1007.4,Mumbai_Colaba,18.9067,72.8147
2023-05-23T17:00,30.8,70,1007.1,Mumbai_Colaba,18.9067,72.8147
2023-05-23T18:00,29.9,76,1007.3,Mumbai_Colaba,18.9067,72.8147
2023-05-23T19:00,29.3,80,1007.7,Mumbai_Colaba,18.9067,72.8147
2023-05-23T20:00,29.2,81,1008.6,Mumbai_Colaba,18.9067,72.8147
2023-05-23T21:00,29.1,82,1009.2,Mumbai_Colaba,18.9067,72.8147
2023-05-23T22:00,29,82,1009.5,Mumbai_Colaba,18.9067,72.8147
2023-05-23T23:00,28.8,82,1009.8,Mumbai_Colaba,18.9067,72.8147
2023-05-24T00:00,28.8,82,1009.7,Mumbai_Colaba,18.9067,72.8147
2023-05-24T01:00,28.6,82,1009.2,Mumbai_Colaba,18.9067,72.8147
2023-05-24T02:00,28.3,83,1008.7,Mumbai_Colaba,18.9067,72.8147
2023-05-24T03:00,28,85,1008,Mumbai_Colaba,18.9067,72.8147
2023-05-24T04:00,27.7,86,1008.1,Mumbai_Colaba,18.9067,72.8147
2023-05-24T05:00,28,86,1008.5,Mumbai_Colaba,18.9067,72.8147
2023-05-24T06:00,28.4,83,1008.9,Mumbai_Colaba,18.9067,72.8147
2023-05-24T07:00,29.6,75,1009.6,Mumbai_Colaba,18.9067,72.8147
2023-05-24T08:00,30.7,70,1009.9,Mumbai_Colaba,18.9067,72.8147
2023-05-24T09:00,31.7,64,1010.2,Mumbai_Colaba,18.9067,72.8147
2023-05-24T10:00,32.4,61,1010.2,Mumbai_Colaba,18.9067,72.8147
2023-05-24T11:00,32.9,59,1009.9,Mumbai_Colaba,18.9067,72.8147
2023-05-24T12:00,33.2,58,1009.3,Mumbai_Colaba,18.9067,72.8147
2023-05-24T13:00,33.2,57,1008.7,Mumbai_Colaba,18.9067,72.8147
2023-05-24T14:00,32.9,59,1007.5,Mumbai_Colaba,18.9067,72.8147
2023-05-24T15:00,32.7,60,1007.2,Mumbai_Colaba,18.9067,72.8147
2023-05-24T16:00,32.2,63,1006.7,Mumbai_Colaba,18.9067,72.8147
2023-05-24T17:00,31,66,1007.5,Mumbai_Colaba,18.9067,72.8147
2023-05-24T18:00,30.1,69,1007.9,Mumbai_Colaba,18.9067,72.8147
2023-05-24T19:00,29.5,75,1008.3,Mumbai_Colaba,18.9067,72.8147
2023-05-24T20:00,29.4,76,1009,Mumbai_Colaba,18.9067,72.8147
2023-05-24T21:00,29.3,75,1009.8,Mumbai_Colaba,18.9067,72.8147
2023-05-24T22:00,29.2,75,1010.2,Mumbai_Colaba,18.9067,72.8147
2023-05-24T23:00,29.1,76,1010.2,Mumbai_Colaba,18.9067,72.8147
2023-05-25T00:00,28.9,76,1009.9,Mumbai_Colaba,18.9067,72.8147
2023-05-25T01:00,28.8,75,1009.1,Mumbai_Colaba,18.9067,72.8147
2023-05-25T02:00,28.7,76,1008.8,Mumbai_Colaba,18.9067,72.8147
2023-05-25T03:00,28.4,76,1008.5,Mumbai_Colaba,18.9067,72.8147
2023-05-25T04:00,28.2,77,1008.9,Mumbai_Colaba,18.9067,72.8147
2023-05-25T05:00,28.6,78,1009.2,Mumbai_Colaba,18.9067,72.8147
2023-05-25T06:00,29.1,75,1009.8,Mumbai_Colaba,18.9067,72.8147
2023-05-25T07:00,29.9,71,1010.5,Mumbai_Colaba,18.9067,72.8147
2023-05-25T08:00,30.5,68,1010.9,Mumbai_Colaba,18.9067,72.8147
2023-05-25T09:00,31.5,62,1010.9,Mumbai_Colaba,18.9067,72.8147
2023-05-25T10:00,32.3,59,1011.1,Mumbai_Colaba,18.9067,72.8147
2023-05-25T11:00,33,55,1010.7,Mumbai_Colaba,18.9067,72.8147
2023-05-25T12:00,33.2,55,1010.1,Mumbai_Colaba,18.9067,72.8147
2023-05-25T13:00,33.2,55,1009.4,Mumbai_Colaba,18.9067,72.8147
2023-05-25T14:00,33.1,56,1008.6,Mumbai_Colaba,18.9067,72.8147
2023-05-25T15:00,32.8,56,1008.3,Mumbai_Colaba,18.9067,72.8147
2023-05-25T16:00,32.4,57,1007.8,Mumbai_Colaba,18.9067,72.8147
2023-05-25T17:00,31.8,59,1008.6,Mumbai_Colaba,18.9067,72.8147
2023-05-25T18:00,31,61,1008.8,Mumbai_Colaba,18.9067,72.8147
2023-05-25T19:00,30.3,66,1008.9,Mumbai_Colaba,18.9067,72.8147
2023-05-25T20:00,30.2,66,1009.2,Mumbai_Colaba,18.9067,72.8147
2023-05-25T21:00,30.4,66,1009.7,Mumbai_Colaba,18.9067,72.8147
2023-05-25T22:00,30.5,64,1009.8,Mumbai_Colaba,18.9067,72.8147
2023-05-25T23:00,30.5,63,1009.7,Mumbai_Colaba,18.9067,72.8147
2023-05-26T00:00,29.9,67,1009.3,Mumbai_Colaba,18.9067,72.8147
2023-05-26T01:00,29.7,68,1009,Mumbai_Colaba,18.9067,72.8147
2023-05-26T02:00,29.8,67,1008.7,Mumbai_Colaba,18.9067,72.8147
2023-05-26T03:00,29.4,69,1008.8,Mumbai_Colaba,18.9067,72.8147
2023-05-26T04:00,29.3,69,1009.2,Mumbai_Colaba,18.9067,72.8147
2023-05-26T05:00,27.7,82,1009.8,Mumbai_Colaba,18.9067,72.8147
2023-05-26T06:00,28.3,81,1010.5,Mumbai_Colaba,18.9067,72.8147
2023-05-26T07:00,28.6,79,1011.4,Mumbai_Colaba,18.9067,72.8147
2023-05-26T08:00,29.6,74,1011.6,Mumbai_Colaba,18.9067,72.8147
2023-05-26T09:00,30.9,68,1011.8,Mumbai_Colaba,18.9067,72.8147
2023-05-26T10:00,32.1,61,1011.7,Mumbai_Colaba,18.9067,72.8147
2023-05-26T11:00,32.9,57,1011.1,Mumbai_Colaba,18.9067,72.8147
2023-05-26T12:00,32.8,58,1010.5,Mumbai_Colaba,18.9067,72.8147
2023-05-26T13:00,32.7,58,1009.7,Mumbai_Colaba,18.9067,72.8147
2023-05-26T14:00,32.7,55,1008.9,Mumbai_Colaba,18.9067,72.8147
2023-05-26T15:00,32.5,55,1008.6,Mumbai_Colaba,18.9067,72.8147
2023-05-26T16:00,32,57,1008.3,Mumbai_Colaba,18.9067,72.8147
2023-05-26T17:00,31.5,62,1008.9,Mumbai_Colaba,18.9067,72.8147
2023-05-26T18:00,30.9,64,1009.4,Mumbai_Colaba,18.9067,72.8147
2023-05-26T19:00,30.4,66,1009.5,Mumbai_Colaba,18.9067,72.8147
2023-05-26T20:00,30.2,66,1010,Mumbai_Colaba,18.9067,72.8147
2023-05-26T21:00,29.9,64,1010.2,Mumbai_Colaba,18.9067,72.8147
2023-05-26T22:00,29.6,65,1010.2,Mumbai_Colaba,18.9067,72.8147
2023-05-26T23:00,29.4,66,1009.8,Mumbai_Colaba,18.9067,72.8147
2023-05-27T00:00,29.1,67,1009.4,Mumbai_Colaba,18.9067,72.8147
2023-05-27T01:00,28.8,67,1008.8,Mumbai_Colaba,18.9067,72.8147
2023-05-27T02:00,28.4,68,1008.1,Mumbai_Colaba,18.9067,72.8147
2023-05-27T03:00,28.3,68,1007.9,Mumbai_Colaba,18.9067,72.8147
2023-05-27T04:00,28.4,68,1008.1,Mumbai_Colaba,18.9067,72.8147
2023-05-27T05:00,28.5,68,1008.4,Mumbai_Colaba,18.9067,72.8147
2023-05-27T06:00,29.1,66,1008.8,Mumbai_Colaba,18.9067,72.8147
2023-05-27T07:00,30.9,58,1009.6,Mumbai_Colaba,18.9067,72.8147
2023-05-27T08:00,32,54,1009.8,Mumbai_Colaba,18.9067,72.8147
2023-05-27T09:00,32.9,51,1010.1,Mumbai_Colaba,18.9067,72.8147
2023-05-27T10:00,33.5,48,1010.1,Mumbai_Colaba,18.9067,72.8147
2023-05-27T11:00,33.7,48,1009.9,Mumbai_Colaba,18.9067,72.8147
2023-05-27T12:00,33.3,51,1009.5,Mumbai_Colaba,18.9067,72.8147
2023-05-27T13:00,33.3,51,1008.8,Mumbai_Colaba,18.9067,72.8147
2023-05-27T14:00,33.6,50,1008.1,Mumbai_Colaba,18.9067,72.8147
2023-05-27T15:00,33,52,1007.7,Mumbai_Colaba,18.9067,72.8147
2023-05-27T16:00,32.8,52,1007.3,Mumbai_Colaba,18.9067,72.8147
2023-05-27T17:00,32.5,51,1007.8,Mumbai_Colaba,18.9067,72.8147
2023-05-27T18:00,31.6,56,1007.8,Mumbai_Colaba,18.9067,72.8147
2023-05-27T19:00,31.3,57,1008.1,Mumbai_Colaba,18.9067,72.8147
2023-05-27T20:00,30.8,62,1008.5,Mumbai_Colaba,18.9067,72.8147
2023-05-27T21:00,30.3,68,1009,Mumbai_Colaba,18.9067,72.8147
2023-05-27T22:00,30.3,67,1009.4,Mumbai_Colaba,18.9067,72.8147
2023-05-27T23:00,29.9,67,1009.1,Mumbai_Colaba,18.9067,72.8147
2023-05-28T00:00,29.5,69,1008.8,Mumbai_Colaba,18.9067,72.8147
2023-05-28T01:00,29.2,71,1008.1,Mumbai_Colaba,18.9067,72.8147
2023-05-28T02:00,28.9,72,1007.7,Mumbai_Colaba,18.9067,72.8147
2023-05-28T03:00,28.7,73,1007.2,Mumbai_Colaba,18.9067,72.8147
2023-05-28T04:00,28.3,74,1007.1,Mumbai_Colaba,18.9067,72.8147
2023-05-28T05:00,29.8,68,1007.5,Mumbai_Colaba,18.9067,72.8147
2023-05-28T06:00,30.1,65,1008.2,Mumbai_Colaba,18.9067,72.8147
2023-05-28T07:00,31.2,60,1008.8,Mumbai_Colaba,18.9067,72.8147
2023-05-28T08:00,32,56,1008.9,Mumbai_Colaba,18.9067,72.8147
2023-05-28T09:00,32.7,53,1009,Mumbai_Colaba,18.9067,72.8147
2023-05-28T10:00,33.4,52,1009,Mumbai_Colaba,18.9067,72.8147
2023-05-28T11:00,33.8,51,1008.8,Mumbai_Colaba,18.9067,72.8147
2023-05-28T12:00,33.8,51,1008.4,Mumbai_Colaba,18.9067,72.8147
2023-05-28T13:00,33.7,53,1007.9,Mumbai_Colaba,18.9067,72.8147
2023-05-28T14:00,33.6,55,1007.3,Mumbai_Colaba,18.9067,72.8147
2023-05-28T15:00,33.1,57,1006.7,Mumbai_Colaba,18.9067,72.8147
2023-05-28T16:00,32.6,59,1006.1,Mumbai_Colaba,18.9067,72.8147
2023-05-28T17:00,32.3,60,1005.8,Mumbai_Colaba,18.9067,72.8147
2023-05-28T18:00,31.2,66,1006.2,Mumbai_Colaba,18.9067,72.8147
2023-05-28T19:00,30.5,70,1006.5,Mumbai_Colaba,18.9067,72.8147
2023-05-28T20:00,30.4,71,1007.1,Mumbai_Colaba,18.9067,72.8147
2023-05-28T21:00,30.2,72,1008.1,Mumbai_Colaba,18.9067,72.8147
2023-05-28T22:00,30.2,73,1008.8,Mumbai_Colaba,18.9067,72.8147
2023-05-28T23:00,30,74,1008.7,Mumbai_Colaba,18.9067,72.8147
2023-05-29T00:00,29.7,75,1008.1,Mumbai_Colaba,18.9067,72.8147
2023-05-29T01:00,29.4,76,1007.2,Mumbai_Colaba,18.9067,72.8147
2023-05-29T02:00,29.1,77,1006.5,Mumbai_Colaba,18.9067,72.8147
2023-05-29T03:00,28.7,79,1006,Mumbai_Colaba,18.9067,72.8147
2023-05-29T04:00,28.5,81,1006.2,Mumbai_Colaba,18.9067,72.8147
2023-05-29T05:00,28.6,82,1007.4,Mumbai_Colaba,18.9067,72.8147
2023-05-29T06:00,28.8,80,1007.6,Mumbai_Colaba,18.9067,72.8147
2023-05-29T07:00,29.8,74,1007.8,Mumbai_Colaba,18.9067,72.8147
2023-05-29T08:00,31.1,67,1007.9,Mumbai_Colaba,18.9067,72.8147
2023-05-29T09:00,32.4,61,1007.9,Mumbai_Colaba,18.9067,72.8147
2023-05-29T10:00,33.4,58,1008,Mumbai_Colaba,18.9067,72.8147
2023-05-29T11:00,33.5,57,1007.6,Mumbai_Colaba,18.9067,72.8147
2023-05-29T12:00,33.6,58,1007.1,Mumbai_Colaba,18.9067,72.8147
2023-05-29T13:00,33.6,60,1006.8,Mumbai_Colaba,18.9067,72.8147
2023-05-29T14:00,32.8,64,1005.8,Mumbai_Colaba,18.9067,72.8147
2023-05-29T15:00,32.3,67,1005.5,Mumbai_Colaba,18.9067,72.8147
2023-05-29T16:00,31.8,68,1005.6,Mumbai_Colaba,18.9067,72.8147
2023-05-29T17:00,31.6,70,1005.8,Mumbai_Colaba,18.9067,72.8147
2023-05-29T18:00,30.7,74,1006.3,Mumbai_Colaba,18.9067,72.8147
2023-05-29T19:00,30,77,1007,Mumbai_Colaba,18.9067,72.8147
2023-05-29T20:00,29.7,78,1007.9,Mumbai_Colaba,18.9067,72.8147
2023-05-29T21:00,29.5,79,1008.6,Mumbai_Colaba,18.9067,72.8147
2023-05-29T22:00,29.2,81,1009.2,Mumbai_Colaba,18.9067,72.8147
2023-05-29T23:00,29.2,81,1009.1,Mumbai_Colaba,18.9067,72.8147
2023-05-30T00:00,28.9,82,1008.4,Mumbai_Colaba,18.9067,72.8147
2023-05-30T01:00,28.5,84,1007.5,Mumbai_Colaba,18.9067,72.8147
2023-05-30T02:00,27.8,87,1007,Mumbai_Colaba,18.9067,72.8147
2023-05-30T03:00,27.3,90,1006.7,Mumbai_Colaba,18.9067,72.8147
2023-05-30T04:00,27,92,1006.7,Mumbai_Colaba,18.9067,72.8147
2023-05-30T05:00,28.1,89,1007,Mumbai_Colaba,18.9067,72.8147
2023-05-30T06:00,28.4,87,1007.4,Mumbai_Colaba,18.9067,72.8147
2023-05-30T07:00,29.8,80,1008.1,Mumbai_Colaba,18.9067,72.8147
2023-05-30T08:00,31.1,72,1008.5,Mumbai_Colaba,18.9067,72.8147
2023-05-30T09:00,32.6,66,1008.6,Mumbai_Colaba,18.9067,72.8147
2023-05-30T10:00,33.5,62,1008.6,Mumbai_Colaba,18.9067,72.8147
2023-05-30T11:00,33.5,62,1008.6,Mumbai_Colaba,18.9067,72.8147
2023-05-30T12:00,33.7,61,1007.8,Mumbai_Colaba,18.9067,72.8147
2023-05-30T13:00,33.6,63,1006.9,Mumbai_Colaba,18.9067,72.8147
2023-05-30T14:00,33.3,64,1005.9,Mumbai_Colaba,18.9067,72.8147
2023-05-30T15:00,33,66,1005.3,Mumbai_Colaba,18.9067,72.8147
2023-05-30T16:00,32.1,72,1005,Mumbai_Colaba,18.9067,72.8147
2023-05-30T17:00,31.1,76,1006.1,Mumbai_Colaba,18.9067,72.8147
2023-05-30T18:00,30.4,80,1006.4,Mumbai_Colaba,18.9067,72.8147
2023-05-30T19:00,29.9,81,1006.9,Mumbai_Colaba,18.9067,72.8147
2023-05-30T20:00,29.9,80,1007.2,Mumbai_Colaba,18.9067,72.8147
2023-05-30T21:00,29.7,81,1007.8,Mumbai_Colaba,18.9067,72.8147
2023-05-30T22:00,29.4,83,1007.8,Mumbai_Colaba,18.9067,72.8147
2023-05-30T23:00,29.1,84,1007.7,Mumbai_Colaba,18.9067,72.8147
2023-05-31T00:00,28.5,87,1007.1,Mumbai_Colaba,18.9067,72.8147
2023-05-31T01:00,28.4,88,1006.9,Mumbai_Colaba,18.9067,72.8147
2023-05-31T02:00,28.4,88,1006.5,Mumbai_Colaba,18.9067,72.8147
2023-05-31T03:00,28.5,88,1006.5,Mumbai_Colaba,18.9067,72.8147
2023-05-31T04:00,28.3,88,1006.6,Mumbai_Colaba,18.9067,72.8147
2023-05-31T05:00,28.7,89,1007,Mumbai_Colaba,18.9067,72.8147
2023-05-31T06:00,28.9,89,1007.9,Mumbai_Colaba,18.9067,72.8147
2023-05-31T07:00,29.7,83,1008.4,Mumbai_Colaba,18.9067,72.8147
2023-05-31T08:00,31.2,70,1009,Mumbai_Colaba,18.9067,72.8147
2023-05-31T09:00,32.7,61,1008.9,Mumbai_Colaba,18.9067,72.8147
2023-05-31T10:00,33.5,59,1008.7,Mumbai_Colaba,18.9067,72.8147
2023-05-31T11:00,33.9,60,1008.3,Mumbai_Colaba,18.9067,72.8147
2023-05-31T12:00,34,60,1007.3,Mumbai_Colaba,18.9067,72.8147
2023-05-31T13:00,34.2,60,1006.4,Mumbai_Colaba,18.9067,72.8147
2023-05-31T14:00,33.5,65,1005.6,Mumbai_Colaba,18.9067,72.8147
2023-05-31T15:00,32.9,67,1005,Mumbai_Colaba,18.9067,72.8147
2023-05-31T16:00,32.4,69,1004.8,Mumbai_Colaba,18.9067,72.8147
2023-05-31T17:00,31.6,75,1004.9,Mumbai_Colaba,18.9067,72.8147
2023-05-31T18:00,30.6,80,1005.4,Mumbai_Colaba,18.9067,72.8147
2023-05-31T19:00,30,82,1005.6,Mumbai_Colaba,18.9067,72.8147
2023-05-31T20:00,29.9,80,1006.1,Mumbai_Colaba,18.9067,72.8147
2023-05-31T21:00,29.5,83,1006.3,Mumbai_Colaba,18.9067,72.8147
2023-05-31T22:00,29.1,87,1006.5,Mumbai_Colaba,18.9067,72.8147
2023-05-31T23:00,28.9,89,1006.4,Mumbai_Colaba,18.9067,72.8147
2023-06-01T00:00,28.6,90,1005.9,Mumbai_Colaba,18.9067,72.8147
2023-06-01T01:00,28.5,89,1005.7,Mumbai_Colaba,18.9067,72.8147
2023-06-01T02:00,28.4,88,1005.5,Mumbai_Colaba,18.9067,72.8147
2023-06-01T03:00,27.8,89,1005.6,Mumbai_Colaba,18.9067,72.8147
2023-06-01T04:00,27.3,89,1005.9,Mumbai_Colaba,18.9067,72.8147
2023-06-01T05:00,26.7,97,1006.7,Mumbai_Colaba,18.9067,72.8147
2023-06-01T06:00,27.6,93,1007,Mumbai_Colaba,18.9067,72.8147
2023-06-01T07:00,29.4,81,1007.7,Mumbai_Colaba,18.9067,72.8147
2023-06-01T08:00,30.9,71,1007.9,Mumbai_Colaba,18.9067,72.8147
2023-06-01T09:00,32.4,61,1008.2,Mumbai_Colaba,18.9067,72.8147
2023-06-01T10:00,33.2,58,1008.4,Mumbai_Colaba,18.9067,72.8147
2023-06-01T11:00,33.3,61,1008.1,Mumbai_Colaba,18.9067,72.8147
2023-06-01T12:00,33.4,63,1007.5,Mumbai_Colaba,18.9067,72.8147
2023-06-01T13:00,33.5,61,1006.9,Mumbai_Colaba,18.9067,72.8147
2023-06-01T14:00,33,62,1005.8,Mumbai_Colaba,18.9067,72.8147
2023-06-01T15:00,32.7,66,1005.3,Mumbai_Colaba,18.9067,72.8147
2023-06-01T16:00,32.2,68,1005.2,Mumbai_Colaba,18.9067,72.8147
2023-06-01T17:00,31.1,74,1005.8,Mumbai_Colaba,18.9067,72.8147
2023-06-01T18:00,30.2,78,1006.2,Mumbai_Colaba,18.9067,72.8147
2023-06-01T19:00,29.5,82,1006.6,Mumbai_Colaba,18.9067,72.8147
2023-06-01T20:00,29.4,83,1007.5,Mumbai_Colaba,18.9067,72.8147
2023-06-01T21:00,29.2,84,1007.8,Mumbai_Colaba,18.9067,72.8147
2023-06-01T22:00,28.9,85,1007.9,Mumbai_Colaba,18.9067,72.8147
2023-06-01T23:00,28.5,87,1007.6,Mumbai_Colaba,18.9067,72.8147
2023-06-02T00:00,28.4,88,1007.3,Mumbai_Colaba,18.9067,72.8147
2023-06-02T01:00,28.4,87,1007.1,Mumbai_Colaba,18.9067,72.8147
2023-06-02T02:00,28.1,88,1006.7,Mumbai_Colaba,18.9067,72.8147
2023-06-02T03:00,28.1,88,1006.8,Mumbai_Colaba,18.9067,72.8147
2023-06-02T04:00,28.2,85,1006.9,Mumbai_Colaba,18.9067,72.8147
2023-06-02T05:00,28.2,82,1007.2,Mumbai_Colaba,18.9067,72.8147
2023-06-02T06:00,28.3,81,1007.5,Mumbai_Colaba,18.9067,72.8147
2023-06-02T07:00,29.9,71,1008.2,Mumbai_Colaba,18.9067,72.8147
2023-06-02T08:00,31,66,1008.9,Mumbai_Colaba,18.9067,72.8147
2023-06-02T09:00,32.1,60,1009.4,Mumbai_Colaba,18.9067,72.8147
2023-06-02T10:00,32.7,58,1009.4,Mumbai_Colaba,18.9067,72.8147
2023-06-02T11:00,33.1,58,1009.3,Mumbai_Colaba,18.9067,72.8147
2023-06-02T12:00,33.3,58,1008.7,Mumbai_Colaba,18.9067,72.8147
2023-06-02T13:00,33.4,58,1007.9,Mumbai_Colaba,18.9067,72.8147
2023-06-02T14:00,33.2,59,1007.2,Mumbai_Colaba,18.9067,72.8147
2023-06-02T15:00,32.9,60,1006.7,Mumbai_Colaba,18.9067,72.8147
2023-06-02T16:00,32.3,63,1006.1,Mumbai_Colaba,18.9067,72.8147
2023-06-02T17:00,31.7,65,1006.6,Mumbai_Colaba,18.9067,72.8147
2023-06-02T18:00,30.9,68,1006.9,Mumbai_Colaba,18.9067,72.8147
2023-06-02T19:00,30.5,69,1007.1,Mumbai_Colaba,18.9067,72.8147
2023-06-02T20:00,30.4,69,1007.5,Mumbai_Colaba,18.9067,72.8147
2023-06-02T21:00,30.2,70,1008.1,Mumbai_Colaba,18.9067,72.8147
2023-06-02T22:00,30.1,71,1008.3,Mumbai_Colaba,18.9067,72.8147
2023-06-02T23:00,29.9,71,1008.3,Mumbai_Colaba,18.9067,72.8147
2023-06-03T00:00,29.8,72,1007.9,Mumbai_Colaba,18.9067,72.8147
2023-06-03T01:00,29.6,73,1007.3,Mumbai_Colaba,18.9067,72.8147
2023-06-03T02:00,29.4,75,1006.7,Mumbai_Colaba,18.9067,72.8147
2023-06-03T03:00,29.3,75,1006.1,Mumbai_Colaba,18.9067,72.8147
2023-06-03T04:00,29.1,75,1006,Mumbai_Colaba,18.9067,72.8147
2023-06-03T05:00,29.2,77,1006.7,Mumbai_Colaba,18.9067,72.8147
2023-06-03T06:00,29.6,75,1007.3,Mumbai_Colaba,18.9067,72.8147
2023-06-03T07:00,30.4,71,1008,Mumbai_Colaba,18.9067,72.8147
2023-06-03T08:00,31.2,67,1008.4,Mumbai_Colaba,18.9067,72.8147
2023-06-03T09:00,32.5,61,1008.5,Mumbai_Colaba,18.9067,72.8147
2023-06-03T10:00,33.3,58,1008.6,Mumbai_Colaba,18.9067,72.8147
2023-06-03T11:00,33.7,56,1008.2,Mumbai_Colaba,18.9067,72.8147
2023-06-03T12:00,33.9,55,1007.8,Mumbai_Colaba,18.9067,72.8147
2023-06-03T13:00,33.7,56,1007.4,Mumbai_Colaba,18.9067,72.8147
2023-06-03T14:00,33.8,56,1006.7,Mumbai_Colaba,18.9067,72.8147
2023-06-03T15:00,33.6,56,1006.2,Mumbai_Colaba,18.9067,72.8147
2023-06-03T16:00,33.2,57,1005.8,Mumbai_Colaba,18.9067,72.8147
2023-06-03T17:00,32.4,60,1005.6,Mumbai_Colaba,18.9067,72.8147
2023-06-03T18:00,31.7,62,1005.3,Mumbai_Colaba,18.9067,72.8147
2023-06-03T19:00,31,65,1005.7,Mumbai_Colaba,18.9067,72.8147
2023-06-03T20:00,30.8,67,1006.5,Mumbai_Colaba,18.9067,72.8147
2023-06-03T21:00,30.7,69,1007.2,Mumbai_Colaba,18.9067,72.8147
2023-06-03T22:00,30.5,71,1007.4,Mumbai_Colaba,18.9067,72.8147
2023-06-03T23:00,30.3,72,1007.6,Mumbai_Colaba,18.9067,72.8147
2023-06-04T00:00,30.1,72,1007.1,Mumbai_Colaba,18.9067,72.8147
2023-06-04T01:00,30,72,1006.2,Mumbai_Colaba,18.9067,72.8147
2023-06-04T02:00,29.8,73,1005.8,Mumbai_Colaba,18.9067,72.8147
2023-06-04T03:00,29.7,74,1005.9,Mumbai_Colaba,18.9067,72.8147
2023-06-04T04:00,29.6,73,1006.3,Mumbai_Colaba,18.9067,72.8147
2023-06-04T05:00,29.5,74,1006.4,Mumbai_Colaba,18.9067,72.8147
2023-06-04T06:00,29.7,74,1007.4,Mumbai_Colaba,18.9067,72.8147
2023-06-04T07:00,30,73,1008.1,Mumbai_Colaba,18.9067,72.8147
2023-06-04T08:00,30.9,69,1008.7,Mumbai_Colaba,18.9067,72.8147
2023-06-04T09:00,31.7,65,1008.8,Mumbai_Colaba,18.9067,72.8147
2023-06-04T10:00,32.7,60,1009,Mumbai_Colaba,18.9067,72.8147
2023-06-04T11:00,32.9,59,1008.6,Mumbai_Colaba,18.9067,72.8147
2023-06-04T12:00,33.2,58,1008.4,Mumbai_Colaba,18.9067,72.8147
2023-06-04T13:00,32.6,60,1007.8,Mumbai_Colaba,18.9067,72.8147
2023-06-04T14:00,32.3,62,1007.3,Mumbai_Colaba,18.9067,72.8147
2023-06-04T15:00,32.6,60,1006.2,Mumbai_Colaba,18.9067,72.8147
2023-06-04T16:00,32.7,61,1005.4,Mumbai_Colaba,18.9067,72.8147
2023-06-04T17:00,32.4,63,1005.3,Mumbai_Colaba,18.9067,72.8147
2023-06-04T18:00,31.4,66,1005,Mumbai_Colaba,18.9067,72.8147
2023-06-04T19:00,30.7,70,1005.2,Mumbai_Colaba,18.9067,72.8147
2023-06-04T20:00,30.3,73,1005.5,Mumbai_Colaba,18.9067,72.8147
2023-06-04T21:00,30.1,75,1006,Mumbai_Colaba,18.9067,72.8147
2023-06-04T22:00,29.8,77,1006.4,Mumbai_Colaba,18.9067,72.8147
2023-06-04T23:00,29.4,79,1006.5,Mumbai_Colaba,18.9067,72.8147
2023-06-05T00:00,29.2,80,1006,Mumbai_Colaba,18.9067,72.8147
2023-06-05T01:00,29,81,1006,Mumbai_Colaba,18.9067,72.8147
2023-06-05T02:00,29,81,1005.6,Mumbai_Colaba,18.9067,72.8147
2023-06-05T03:00,28.8,81,1005.6,Mumbai_Colaba,18.9067,72.8147
2023-06-05T04:00,28.6,82,1006,Mumbai_Colaba,18.9067,72.8147
2023-06-05T05:00,28.8,79,1006.5,Mumbai_Colaba,18.9067,72.8147
2023-06-05T06:00,29.2,76,1006.8,Mumbai_Colaba,18.9067,72.8147
2023-06-05T07:00,30.2,71,1007.4,Mumbai_Colaba,18.9067,72.8147
2023-06-05T08:00,31.2,67,1007.8,Mumbai_Colaba,18.9067,72.8147
2023-06-05T09:00,32.1,61,1008.2,Mumbai_Colaba,18.9067,72.8147
2023-06-05T10:00,32.8,60,1008.4,Mumbai_Colaba,18.9067,72.8147
2023-06-05T11:00,32.8,61,1008,Mumbai_Colaba,18.9067,72.8147
2023-06-05T12:00,33.2,61,1007.4,Mumbai_Colaba,18.9067,72.8147
2023-06-05T13:00,33,61,1006.5,Mumbai_Colaba,18.9067,72.8147
2023-06-05T14:00,32.9,60,1005.4,Mumbai_Colaba,18.9067,72.8147
2023-06-05T15:00,32.6,59,1004.7,Mumbai_Colaba,18.9067,72.8147
2023-06-05T16:00,32.1,62,1004.1,Mumbai_Colaba,18.9067,72.8147
2023-06-05T17:00,31.2,66,1004.6,Mumbai_Colaba,18.9067,72.8147
2023-06-05T18:00,30.4,71,1004.7,Mumbai_Colaba,18.9067,72.8147
2023-06-05T19:00,30,71,1005.1,Mumbai_Colaba,18.9067,72.8147
2023-06-05T20:00,29.9,72,1005.7,Mumbai_Colaba,18.9067,72.8147
2023-06-05T21:00,29.7,73,1006.4,Mumbai_Colaba,18.9067,72.8147
2023-06-05T22:00,29.5,74,1006.8,Mumbai_Colaba,18.9067,72.8147
2023-06-05T23:00,29.3,74,1007,Mumbai_Colaba,18.9067,72.8147
2023-06-06T00:00,29.2,75,1006.7,Mumbai_Colaba,18.9067,72.8147
2023-06-06T01:00,29.2,75,1006.3,Mumbai_Colaba,18.9067,72.8147
2023-06-06T02:00,29,76,1006,Mumbai_Colaba,18.9067,72.8147
2023-06-06T03:00,29,76,1005.8,Mumbai_Colaba,18.9067,72.8147
2023-06-06T04:00,28.8,77,1006.1,Mumbai_Colaba,18.9067,72.8147
2023-06-06T05:00,28.5,75,1006.4,Mumbai_Colaba,18.9067,72.8147
2023-06-06T06:00,29.4,71,1006.7,Mumbai_Colaba,18.9067,72.8147
2023-06-06T07:00,30.6,66,1007.4,Mumbai_Colaba,18.9067,72.8147
2023-06-06T08:00,31.7,61,1007.8,Mumbai_Colaba,18.9067,72.8147
2023-06-06T09:00,32.7,56,1008.2,Mumbai_Colaba,18.9067,72.8147
2023-06-06T10:00,33.2,55,1008.1,Mumbai_Colaba,18.9067,72.8147
2023-06-06T11:00,33.5,54,1007.6,Mumbai_Colaba,18.9067,72.8147
2023-06-06T12:00,33.7,54,1006.8,Mumbai_Colaba,18.9067,72.8147
2023-06-06T13:00,33.7,53,1005.9,Mumbai_Colaba,18.9067,72.8147
2023-06-06T14:00,33.6,54,1004.8,Mumbai_Colaba,18.9067,72.8147
2023-06-06T15:00,33.1,56,1003.8,Mumbai_Colaba,18.9067,72.8147
2023-06-06T16:00,32.6,56,1003.4,Mumbai_Colaba,18.9067,72.8147
2023-06-06T17:00,31.8,62,1003.1,Mumbai_Colaba,18.9067,72.8147
2023-06-06T18:00,30.9,67,1003.4,Mumbai_Colaba,18.9067,72.8147
2023-06-06T19:00,30.2,72,1003.9,Mumbai_Colaba,18.9067,72.8147
2023-06-06T20:00,29.9,73,1004.9,Mumbai_Colaba,18.9067,72.8147
2023-06-06T21:00,29.8,74,1005.8,Mumbai_Colaba,18.9067,72.8147
2023-06-06T22:00,29.6,75,1006.3,Mumbai_Colaba,18.9067,72.8147
2023-06-06T23:00,29.4,75,1006.5,Mumbai_Colaba,18.9067,72.8147
2023-06-07T00:00,29.3,76,1006.1,Mumbai_Colaba,18.9067,72.8147
2023-06-07T01:00,29.2,77,1005.7,Mumbai_Colaba,18.9067,72.8147
2023-06-07T02:00,29,78,1005.3,Mumbai_Colaba,18.9067,72.8147
2023-06-07T03:00,28.9,79,1005.1,Mumbai_Colaba,18.9067,72.8147
2023-06-07T04:00,28.7,79,1005.2,Mumbai_Colaba,18.9067,72.8147
2023-06-07T05:00,29,75,1005.9,Mumbai_Colaba,18.9067,72.8147
2023-06-07T06:00,29.6,72,1006,Mumbai_Colaba,18.9067,72.8147
2023-06-07T07:00,30.6,67,1006.4,Mumbai_Colaba,18.9067,72.8147
2023-06-07T08:00,31.7,62,1006.4,Mumbai_Colaba,18.9067,72.8147
2023-06-07T09:00,32.8,57,1006.8,Mumbai_Colaba,18.9067,72.8147
2023-06-07T10:00,33.6,54,1006.7,Mumbai_Colaba,18.9067,72.8147
2023-06-07T11:00,33.8,55,1006.2,Mumbai_Colaba,18.9067,72.8147
2023-06-07T12:00,34,55,1005.9,Mumbai_Colaba,18.9067,72.8147
2023-06-07T13:00,34,55,1005.2,Mumbai_Colaba,18.9067,72.8147
2023-06-07T14:00,33.8,55,1004.7,Mumbai_Colaba,18.9067,72.8147
2023-06-07T15:00,33.2,57,1004,Mumbai_Colaba,18.9067,72.8147
2023-06-07T16:00,32.7,59,1003.8,Mumbai_Colaba,18.9067,72.8147
2023-06-07T17:00,32.2,61,1003.8,Mumbai_Colaba,18.9067,72.8147
2023-06-07T18:00,31.4,64,1004.3,Mumbai_Colaba,18.9067,72.8147
2023-06-07T19:00,30.7,68,1004.9,Mumbai_Colaba,18.9067,72.8147
2023-06-07T20:00,30.5,69,1005.7,Mumbai_Colaba,18.9067,72.8147
2023-06-07T21:00,30.3,70,1006.4,Mumbai_Colaba,18.9067,72.8147
2023-06-07T22:00,30.1,71,1006.9,Mumbai_Colaba,18.9067,72.8147
2023-06-07T23:00,30,71,1007,Mumbai_Colaba,18.9067,72.8147
2023-06-08T00:00,29.8,72,1006.4,Mumbai_Colaba,18.9067,72.8147
2023-06-08T01:00,29.7,72,1006,Mumbai_Colaba,18.9067,72.8147
2023-06-08T02:00,29.8,71,1005.8,Mumbai_Colaba,18.9067,72.8147
2023-06-08T03:00,29.7,71,1005.6,Mumbai_Colaba,18.9067,72.8147
2023-06-08T04:00,29.5,72,1005.4,Mumbai_Colaba,18.9067,72.8147
2023-06-08T05:00,29.4,73,1006.3,Mumbai_Colaba,18.9067,72.8147
2023-06-08T06:00,29.4,73,1006.8,Mumbai_Colaba,18.9067,72.8147
2023-06-08T07:00,30.4,70,1007,Mumbai_Colaba,18.9067,72.8147
2023-06-08T08:00,31.6,64,1007.4,Mumbai_Colaba,18.9067,72.8147
2023-06-08T09:00,32.8,59,1007.5,Mumbai_Colaba,18.9067,72.8147
2023-06-08T10:00,33.8,55,1007.3,Mumbai_Colaba,18.9067,72.8147
2023-06-08T11:00,34.5,53,1006.8,Mumbai_Colaba,18.9067,72.8147
2023-06-08T12:00,34.5,53,1006.3,Mumbai_Colaba,18.9067,72.8147
2023-06-08T13:00,34.3,53,1005.6,Mumbai_Colaba,18.9067,72.8147
2023-06-08T14:00,34,55,1005,Mumbai_Colaba,18.9067,72.8147
2023-06-08T15:00,33.9,56,1004.6,Mumbai_Colaba,18.9067,72.8147
2023-06-08T16:00,33.3,58,1004,Mumbai_Colaba,18.9067,72.8147
2023-06-08T17:00,32.3,63,1003.9,Mumbai_Colaba,18.9067,72.8147
2023-06-08T18:00,31.5,69,1003.9,Mumbai_Colaba,18.9067,72.8147
2023-06-08T19:00,30.8,71,1004.8,Mumbai_Colaba,18.9067,72.8147
2023-06-08T20:00,30.5,73,1005.2,Mumbai_Colaba,18.9067,72.8147
2023-06-08T21:00,30.1,75,1006,Mumbai_Colaba,18.9067,72.8147
2023-06-08T22:00,30,76,1006.1,Mumbai_Colaba,18.9067,72.8147
2023-06-08T23:00,29.8,77,1005.8,Mumbai_Colaba,18.9067,72.8147
2023-06-09T00:00,29.7,77,1005.2,Mumbai_Colaba,18.9067,72.8147
2023-06-09T01:00,29.4,78,1004.7,Mumbai_Colaba,18.9067,72.8147
2023-06-09T02:00,29.1,79,1004,Mumbai_Colaba,18.9067,72.8147
2023-06-09T03:00,29.1,79,1003.8,Mumbai_Colaba,18.9067,72.8147
2023-06-09T04:00,29.1,79,1003.9,Mumbai_Colaba,18.9067,72.8147
2023-06-09T05:00,28.8,81,1004.1,Mumbai_Colaba,18.9067,72.8147
2023-06-09T06:00,28.8,82,1005.4,Mumbai_Colaba,18.9067,72.8147
2023-06-09T07:00,30,75,1005.8,Mumbai_Colaba,18.9067,72.8147
2023-06-09T08:00,31.5,67,1005.9,Mumbai_Colaba,18.9067,72.8147
2023-06-09T09:00,33.1,60,1005.6,Mumbai_Colaba,18.9067,72.8147
2023-06-09T10:00,33.9,57,1004.8,Mumbai_Colaba,18.9067,72.8147
2023-06-09T11:00,34,58,1004.4,Mumbai_Colaba,18.9067,72.8147
2023-06-09T12:00,32.9,64,1004.1,Mumbai_Colaba,18.9067,72.8147
2023-06-09T13:00,33.6,57,1003.3,Mumbai_Colaba,18.9067,72.8147
2023-06-09T14:00,32.9,65,1002.6,Mumbai_Colaba,18.9067,72.8147
2023-06-09T15:00,32.9,63,1002,Mumbai_Colaba,18.9067,72.8147
2023-06-09T16:00,32.6,64,1001.9,Mumbai_Colaba,18.9067,72.8147
2023-06-09T17:00,30.9,68,1002.6,Mumbai_Colaba,18.9067,72.8147
2023-06-09T18:00,31.5,68,1002,Mumbai_Colaba,18.9067,72.8147
2023-06-09T19:00,31.1,70,1002.2,Mumbai_Colaba,18.9067,72.8147
2023-06-09T20:00,30.9,71,1002.8,Mumbai_Colaba,18.9067,72.8147
2023-06-09T21:00,30.5,73,1003.3,Mumbai_Colaba,18.9067,72.8147
2023-06-09T22:00,29.6,78,1003.7,Mumbai_Colaba,18.9067,72.8147
2023-06-09T23:00,29.3,79,1003.7,Mumbai_Colaba,18.9067,72.8147
2023-06-10T00:00,29.1,80,1002.9,Mumbai_Colaba,18.9067,72.8147
2023-06-10T01:00,29.1,80,1002.3,Mumbai_Colaba,18.9067,72.8147
2023-06-10T02:00,28.8,80,1002,Mumbai_Colaba,18.9067,72.8147
2023-06-10T03:00,28.7,79,1002,Mumbai_Colaba,18.9067,72.8147
2023-06-10T04:00,28.7,78,1001.9,Mumbai_Colaba,18.9067,72.8147
2023-06-10T05:00,29.5,72,1002.1,Mumbai_Colaba,18.9067,72.8147
2023-06-10T06:00,28.8,76,1002.9,Mumbai_Colaba,18.9067,72.8147
2023-06-10T07:00,29.9,71,1003.4,Mumbai_Colaba,18.9067,72.8147
2023-06-10T08:00,31.5,65,1003.1,Mumbai_Colaba,18.9067,72.8147
2023-06-10T09:00,33.2,57,1003.1,Mumbai_Colaba,18.9067,72.8147
2023-06-10T10:00,34.2,54,1002.8,Mumbai_Colaba,18.9067,72.8147
2023-06-10T11:00,33.9,54,1002.8,Mumbai_Colaba,18.9067,72.8147
2023-06-10T12:00,33.3,60,1002.5,Mumbai_Colaba,18.9067,72.8147
2023-06-10T13:00,33.9,57,1001.3,Mumbai_Colaba,18.9067,72.8147
2023-06-10T14:00,33.9,57,1000.5,Mumbai_Colaba,18.9067,72.8147
2023-06-10T15:00,32,64,1000.7,Mumbai_Colaba,18.9067,72.8147
2023-06-10T16:00,31.4,68,1001.3,Mumbai_Colaba,18.9067,72.8147
2023-06-10T17:00,33.3,56,1000.6,Mumbai_Colaba,18.9067,72.8147
2023-06-10T18:00,30.3,70,1001.4,Mumbai_Colaba,18.9067,72.8147
2023-06-10T19:00,29.5,74,1002.3,Mumbai_Colaba,18.9067,72.8147
2023-06-10T20:00,29.6,74,1002.6,Mumbai_Colaba,18.9067,72.8147
2023-06-10T21:00,29.9,72,1003.1,Mumbai_Colaba,18.9067,72.8147
2023-06-10T22:00,29.6,75,1003,Mumbai_Colaba,18.9067,72.8147
2023-06-10T23:00,29.2,75,1002.8,Mumbai_Colaba,18.9067,72.8147
2023-06-11T00:00,29.2,74,1002.3,Mumbai_Colaba,18.9067,72.8147
2023-06-11T01:00,28.9,74,1001.7,Mumbai_Colaba,18.9067,72.8147
2023-06-11T02:00,28.5,74,1001,Mumbai_Colaba,18.9067,72.8147
2023-06-11T03:00,28,77,1001.2,Mumbai_Colaba,18.9067,72.8147
2023-06-11T04:00,27.6,80,1001.3,Mumbai_Colaba,18.9067,72.8147
2023-06-11T05:00,27.5,80,1001.3,Mumbai_Colaba,18.9067,72.8147
2023-06-11T06:00,27,79,1001.9,Mumbai_Colaba,18.9067,72.8147
2023-06-11T07:00,28,72,1001.7,Mumbai_Colaba,18.9067,72.8147
2023-06-11T08:00,30.1,65,1002.5,Mumbai_Colaba,18.9067,72.8147
2023-06-11T09:00,32.2,58,1002.8,Mumbai_Colaba,18.9067,72.8147
2023-06-11T10:00,33.4,54,1003,Mumbai_Colaba,18.9067,72.8147
2023-06-11T11:00,32,59,1003.2,Mumbai_Colaba,18.9067,72.8147
2023-06-11T12:00,32.1,63,1002.6,Mumbai_Colaba,18.9067,72.8147
2023-06-11T13:00,33.4,56,1001.8,Mumbai_Colaba,18.9067,72.8147
2023-06-11T14:00,30.3,68,1001.3,Mumbai_Colaba,18.9067,72.8147
2023-06-11T15:00,32,61,1000.4,Mumbai_Colaba,18.9067,72.8147
2023-06-11T16:00,32.7,57,1000.3,Mumbai_Colaba,18.9067,72.8147
2023-06-11T17:00,31.4,63,1000.3,Mumbai_Colaba,18.9067,72.8147
2023-06-11T18:00,30.6,70,1000.6,Mumbai_Colaba,18.9067,72.8147
2023-06-11T19:00,29,76,1001,Mumbai_Colaba,18.9067,72.8147
2023-06-11T20:00,30.1,68,1001,Mumbai_Colaba,18.9067,72.8147
2023-06-11T21:00,29.9,68,1001.3,Mumbai_Colaba,18.9067,72.8147
2023-06-11T22:00,29.5,70,1002.1,Mumbai_Colaba,18.9067,72.8147
2023-06-11T23:00,26.5,86,1002.5,Mumbai_Colaba,18.9067,72.8147
2023-06-12T00:00,26.9,85,1001.9,Mumbai_Colaba,18.9067,72.8147
2023-06-12T01:00,27.3,84,1000.8,Mumbai_Colaba,18.9067,72.8147
2023-06-12T02:00,27.1,83,1000.9,Mumbai_Colaba,18.9067,72.8147
2023-06-12T03:00,27.5,82,1000.7,Mumbai_Colaba,18.9067,72.8147
2023-06-12T04:00,26.9,84,1001,Mumbai_Colaba,18.9067,72.8147
2023-06-12T05:00,26.3,87,1000.2,Mumbai_Colaba,18.9067,72.8147
2023-06-12T06:00,27.3,82,1000.5,Mumbai_Colaba,18.9067,72.8147
2023-06-12T07:00,28.5,76,1001.4,Mumbai_Colaba,18.9067,72.8147
2023-06-12T08:00,29.2,73,1002,Mumbai_Colaba,18.9067,72.8147
2023-06-12T09:00,31.1,64,1002,Mumbai_Colaba,18.9067,72.8147
2023-06-12T10:00,32.6,57,1002,Mumbai_Colaba,18.9067,72.8147
2023-06-12T11:00,34,52,1001.7,Mumbai_Colaba,18.9067,72.8147
2023-06-12T12:00,31.1,67,1002.1,Mumbai_Colaba,18.9067,72.8147
2023-06-12T13:00,30.5,69,1001.7,Mumbai_Colaba,18.9067,72.8147
2023-06-12T14:00,32,64,1001.2,Mumbai_Colaba,18.9067,72.8147
2023-06-12T15:00,32.4,63,1000.6,Mumbai_Colaba,18.9067,72.8147
2023-06-12T16:00,31.5,66,1000,Mumbai_Colaba,18.9067,72.8147
2023-06-12T17:00,32,63,999.9,Mumbai_Colaba,18.9067,72.8147
2023-06-12T18:00,30.7,67,1000.4,Mumbai_Colaba,18.9067,72.8147
2023-06-12T19:00,29.9,70,1001.2,Mumbai_Colaba,18.9067,72.8147
2023-06-12T20:00,27.2,83,1002.5,Mumbai_Colaba,18.9067,72.8147
2023-06-12T21:00,26.7,85,1003,Mumbai_Colaba,18.9067,72.8147
2023-06-12T22:00,26.4,84,1003.1,Mumbai_Colaba,18.9067,72.8147
2023-06-12T23:00,27.1,84,1003,Mumbai_Colaba,18.9067,72.8147
2023-06-13T00:00,27.5,82,1002.6,Mumbai_Colaba,18.9067,72.8147
2023-06-13T01:00,26.8,85,1002.1,Mumbai_Colaba,18.9067,72.8147
2023-06-13T02:00,27.2,83,1001.6,Mumbai_Colaba,18.9067,72.8147
2023-06-13T03:00,26.7,86,1001.7,Mumbai_Colaba,18.9067,72.8147
2023-06-13T04:00,26.7,85,1001.7,Mumbai_Colaba,18.9067,72.8147
2023-06-13T05:00,26.9,84,1001.8,Mumbai_Colaba,18.9067,72.8147
2023-06-13T06:00,27.4,81,1002.1,Mumbai_Colaba,18.9067,72.8147
2023-06-13T07:00,28.1,78,1002.6,Mumbai_Colaba,18.9067,72.8147
2023-06-13T08:00,29.4,73,1003.6,Mumbai_Colaba,18.9067,72.8147
2023-06-13T09:00,30.1,68,1004.1,Mumbai_Colaba,18.9067,72.8147
2023-06-13T10:00,30.2,69,1004.1,Mumbai_Colaba,18.9067,72.8147
2023-06-13T11:00,32,62,1003.8,Mumbai_Colaba,18.9067,72.8147
2023-06-13T12:00,32.8,59,1003.6,Mumbai_Colaba,18.9067,72.8147
2023-06-13T13:00,32.1,63,1003.2,Mumbai_Colaba,18.9067,72.8147
2023-06-13T14:00,32,64,1002.6,Mumbai_Colaba,18.9067,72.8147
2023-06-13T15:00,29.4,75,1002.8,Mumbai_Colaba,18.9067,72.8147
2023-06-13T16:00,30.3,69,1002.3,Mumbai_Colaba,18.9067,72.8147
2023-06-13T17:00,30.6,70,1002.1,Mumbai_Colaba,18.9067,72.8147
2023-06-13T18:00,29.7,73,1002.4,Mumbai_Colaba,18.9067,72.8147
2023-06-13T19:00,27.8,79,1003.6,Mumbai_Colaba,18.9067,72.8147
2023-06-13T20:00,26.4,87,1004.4,Mumbai_Colaba,18.9067,72.8147
2023-06-13T21:00,26.4,85,1004.9,Mumbai_Colaba,18.9067,72.8147
2023-06-13T22:00,26.1,86,1004.9,Mumbai_Colaba,18.9067,72.8147
2023-06-13T23:00,26.1,85,1004.7,Mumbai_Colaba,18.9067,72.8147
2023-06-14T00:00,26.5,83,1004.2,Mumbai_Colaba,18.9067,72.8147
2023-06-14T01:00,26.3,85,1004.2,Mumbai_Colaba,18.9067,72.8147
2023-06-14T02:00,25.3,91,1004.2,Mumbai_Colaba,18.9067,72.8147
2023-06-14T03:00,26,89,1003.8,Mumbai_Colaba,18.9067,72.8147
2023-06-14T04:00,26.2,87,1003.6,Mumbai_Colaba,18.9067,72.8147
2023-06-14T05:00,25.5,89,1004,Mumbai_Colaba,18.9067,72.8147
2023-06-14T06:00,26.6,84,1004.1,Mumbai_Colaba,18.9067,72.8147
2023-06-14T07:00,27.9,79,1004.6,Mumbai_Colaba,18.9067,72.8147
2023-06-14T08:00,29.1,75,1005.5,Mumbai_Colaba,18.9067,72.8147
2023-06-14T09:00,29.6,72,1005.9,Mumbai_Colaba,18.9067,72.8147
2023-06-14T10:00,30.7,67,1006.5,Mumbai_Colaba,18.9067,72.8147
2023-06-14T11:00,30.3,70,1006,Mumbai_Colaba,18.9067,72.8147
2023-06-14T12:00,30.9,67,1006,Mumbai_Colaba,18.9067,72.8147
2023-06-14T13:00,30.5,69,1005.8,Mumbai_Colaba,18.9067,72.8147
2023-06-14T14:00,29.7,73,1005.6,Mumbai_Colaba,18.9067,72.8147
2023-06-14T15:00,29.9,70,1005,Mumbai_Colaba,18.9067,72.8147
2023-06-14T16:00,30.5,67,1004.5,Mumbai_Colaba,18.9067,72.8147
2023-06-14T17:00,30.3,70,1004.2,Mumbai_Colaba,18.9067,72.8147
2023-06-14T18:00,29.9,71,1004.5,Mumbai_Colaba,18.9067,72.8147
2023-06-14T19:00,29.8,71,1004.9,Mumbai_Colaba,18.9067,72.8147
2023-06-14T20:00,29.5,73,1005.3,Mumbai_Colaba,18.9067,72.8147
2023-06-14T21:00,29.3,74,1006.3,Mumbai_Colaba,18.9067,72.8147
2023-06-14T22:00,29,75,1006.4,Mumbai_Colaba,18.9067,72.8147
2023-06-14T23:00,29.1,74,1006.1,Mumbai_Colaba,18.9067,72.8147
2023-06-15T00:00,29.1,73,1005.3,Mumbai_Colaba,18.9067,72.8147
2023-06-15T01:00,28.7,76,1004.9,Mumbai_Colaba,18.9067,72.8147
2023-06-15T02:00,28.6,75,1004.4,Mumbai_Colaba,18.9067,72.8147
2023-06-15T03:00,28.3,79,1004.2,Mumbai_Colaba,18.9067,72.8147
2023-06-15T04:00,28.7,78,1004,Mumbai_Colaba,18.9067,72.8147
2023-06-15T05:00,27.8,83,1004.2,Mumbai_Colaba,18.9067,72.8147
2023-06-15T06:00,28.6,80,1004.6,Mumbai_Colaba,18.9067,72.8147
2023-06-15T07:00,30,72,1005.3,Mumbai_Colaba,18.9067,72.8147
2023-06-15T08:00,30.8,67,1005.9,Mumbai_Colaba,18.9067,72.8147
2023-06-15T09:00,31.4,64,1006.5,Mumbai_Colaba,18.9067,72.8147
2023-06-15T10:00,31.8,64,1006.6,Mumbai_Colaba,18.9067,72.8147
2023-06-15T11:00,32,63,1006.4,Mumbai_Colaba,18.9067,72.8147
2023-06-15T12:00,32.5,60,1006.1,Mumbai_Colaba,18.9067,72.8147
2023-06-15T13:00,32.5,61,1005.2,Mumbai_Colaba,18.9067,72.8147
2023-06-15T14:00,32,64,1004.7,Mumbai_Colaba,18.9067,72.8147
2023-06-15T15:00,31.6,66,1004.4,Mumbai_Colaba,18.9067,72.8147
2023-06-15T16:00,31.3,67,1004.1,Mumbai_Colaba,18.9067,72.8147
2023-06-15T17:00,30.8,68,1004,Mumbai_Colaba,18.9067,72.8147
2023-06-15T18:00,30.1,71,1004.2,Mumbai_Colaba,18.9067,72.8147
2023-06-15T19:00,29.5,73,1004.5,Mumbai_Colaba,18.9067,72.8147
2023-06-15T20:00,29.2,75,1005.2,Mumbai_Colaba,18.9067,72.8147
2023-06-15T21:00,29,75,1005.6,Mumbai_Colaba,18.9067,72.8147
2023-06-15T22:00,29.1,75,1005.5,Mumbai_Colaba,18.9067,72.8147
2023-06-15T23:00,29,76,1005.5,Mumbai_Colaba,18.9067,72.8147
2023-06-16T00:00,28.6,78,1004.9,Mumbai_Colaba,18.9067,72.8147
2023-06-16T01:00,28.9,76,1003.5,Mumbai_Colaba,18.9067,72.8147
2023-06-16T02:00,28.1,81,1003.3,Mumbai_Colaba,18.9067,72.8147
2023-06-16T03:00,27.3,84,1003.5,Mumbai_Colaba,18.9067,72.8147
2023-06-16T04:00,27.1,87,1003.3,Mumbai_Colaba,18.9067,72.8147
2023-06-16T05:00,29,77,1003.3,Mumbai_Colaba,18.9067,72.8147
2023-06-16T06:00,29.2,76,1003.6,Mumbai_Colaba,18.9067,72.8147
2023-06-16T07:00,29.8,72,1004.2,Mumbai_Colaba,18.9067,72.8147
2023-06-16T08:00,30.4,68,1004.9,Mumbai_Colaba,18.9067,72.8147
2023-06-16T09:00,31,64,1005.4,Mumbai_Colaba,18.9067,72.8147
2023-06-16T10:00,30.8,66,1005.7,Mumbai_Colaba,18.9067,72.8147
2023-06-16T11:00,31.3,66,1005.6,Mumbai_Colaba,18.9067,72.8147
2023-06-16T12:00,31.4,66,1005.2,Mumbai_Colaba,18.9067,72.8147
2023-06-16T13:00,31.4,68,1004.5,Mumbai_Colaba,18.9067,72.8147
2023-06-16T14:00,31.5,65,1003.9,Mumbai_Colaba,18.9067,72.8147
2023-06-16T15:00,30.8,70,1003.6,Mumbai_Colaba,18.9067,72.8147
2023-06-16T16:00,30.3,69,1003.6,Mumbai_Colaba,18.9067,72.8147
2023-06-16T17:00,29.5,75,1003.9,Mumbai_Colaba,18.9067,72.8147
2023-06-16T18:00,29.6,74,1003.8,Mumbai_Colaba,18.9067,72.8147
2023-06-16T19:00,29,78,1004.5,Mumbai_Colaba,18.9067,72.8147
2023-06-16T20:00,28.7,79,1005,Mumbai_Colaba,18.9067,72.8147
2023-06-16T21:00,28.5,80,1005.3,Mumbai_Colaba,18.9067,72.8147
2023-06-16T22:00,28.7,80,1005.3,Mumbai_Colaba,18.9067,72.8147
2023-06-16T23:00,28.4,80,1005.5,Mumbai_Colaba,18.9067,72.8147
2023-06-17T00:00,28.1,82,1005.2,Mumbai_Colaba,18.9067,72.8147
2023-06-17T01:00,27.6,83,1004.9,Mumbai_Colaba,18.9067,72.8147
2023-06-17T02:00,27.6,85,1004.1,Mumbai_Colaba,18.9067,72.8147
2023-06-17T03:00,27.7,84,1004.1,Mumbai_Colaba,18.9067,72.8147
2023-06-17T04:00,27.4,85,1003.8,Mumbai_Colaba,18.9067,72.8147
2023-06-17T05:00,27.8,83,1004.5,Mumbai_Colaba,18.9067,72.8147
2023-06-17T06:00,28,83,1005,Mumbai_Colaba,18.9067,72.8147
2023-06-17T07:00,28.8,80,1005.9,Mumbai_Colaba,18.9067,72.8147
2023-06-17T08:00,29.6,75,1006,Mumbai_Colaba,18.9067,72.8147
2023-06-17T09:00,30.3,73,1005.9,Mumbai_Colaba,18.9067,72.8147
2023-06-17T10:00,30.2,75,1006,Mumbai_Colaba,18.9067,72.8147
2023-06-17T11:00,31.2,69,1005.9,Mumbai_Colaba,18.9067,72.8147
2023-06-17T12:00,31.3,69,1005.8,Mumbai_Colaba,18.9067,72.8147
2023-06-17T13:00,31.4,69,1005.5,Mumbai_Colaba,18.9067,72.8147
2023-06-17T14:00,30.9,72,1004.7,Mumbai_Colaba,18.9067,72.8147
2023-06-17T15:00,30.3,74,1004.4,Mumbai_Colaba,18.9067,72.8147
2023-06-17T16:00,29.9,77,1004,Mumbai_Colaba,18.9067,72.8147
2023-06-17T17:00,29.8,72,1004.8,Mumbai_Colaba,18.9067,72.8147
2023-06-17T18:00,29.1,74,1005.4,Mumbai_Colaba,18.9067,72.8147
2023-06-17T19:00,28,81,1005.8,Mumbai_Colaba,18.9067,72.8147
2023-06-17T20:00,28.4,80,1006.2,Mumbai_Colaba,18.9067,72.8147
2023-06-17T21:00,28.2,82,1006.7,Mumbai_Colaba,18.9067,72.8147
2023-06-17T22:00,27.8,84,1007.1,Mumbai_Colaba,18.9067,72.8147
2023-06-17T23:00,27.3,88,1006.9,Mumbai_Colaba,18.9067,72.8147
2023-06-18T00:00,26.8,91,1006.7,Mumbai_Colaba,18.9067,72.8147
2023-06-18T01:00,27.2,89,1006.1,Mumbai_Colaba,18.9067,72.8147
2023-06-18T02:00,27.3,87,1005.3,Mumbai_Colaba,18.9067,72.8147
2023-06-18T03:00,27,89,1005.1,Mumbai_Colaba,18.9067,72.8147
2023-06-18T04:00,27.1,89,1004.7,Mumbai_Colaba,18.9067,72.8147
2023-06-18T05:00,27.2,90,1005.8,Mumbai_Colaba,18.9067,72.8147
2023-06-18T06:00,27.4,88,1006.1,Mumbai_Colaba,18.9067,72.8147
2023-06-18T07:00,28.3,85,1006.5,Mumbai_Colaba,18.9067,72.8147
2023-06-18T08:00,29.5,78,1006.4,Mumbai_Colaba,18.9067,72.8147
2023-06-18T09:00,29.8,77,1007,Mumbai_Colaba,18.9067,72.8147
2023-06-18T10:00,30.2,74,1007.3,Mumbai_Colaba,18.9067,72.8147
2023-06-18T11:00,29.8,75,1007.1,Mumbai_Colaba,18.9067,72.8147
2023-06-18T12:00,30.4,73,1006.5,Mumbai_Colaba,18.9067,72.8147
2023-06-18T13:00,30.7,71,1006,Mumbai_Colaba,18.9067,72.8147
2023-06-18T14:00,31,71,1005.3,Mumbai_Colaba,18.9067,72.8147
2023-06-18T15:00,30.6,73,1004.8,Mumbai_Colaba,18.9067,72.8147
2023-06-18T16:00,30.4,73,1004.3,Mumbai_Colaba,18.9067,72.8147
2023-06-18T17:00,29.8,73,1004.9,Mumbai_Colaba,18.9067,72.8147
2023-06-18T18:00,29.4,74,1005.1,Mumbai_Colaba,18.9067,72.8147
2023-06-18T19:00,28.7,78,1005.3,Mumbai_Colaba,18.9067,72.8147
2023-06-18T20:00,28.4,80,1005.7,Mumbai_Colaba,18.9067,72.8147
2023-06-18T21:00,28.4,80,1006,Mumbai_Colaba,18.9067,72.8147
2023-06-18T22:00,28.3,81,1006.4,Mumbai_Colaba,18.9067,72.8147
2023-06-18T23:00,28.2,81,1006.3,Mumbai_Colaba,18.9067,72.8147
2023-06-19T00:00,28.1,82,1005.8,Mumbai_Colaba,18.9067,72.8147
2023-06-19T01:00,28,82,1005.2,Mumbai_Colaba,18.9067,72.8147
2023-06-19T02:00,27.7,84,1004.9,Mumbai_Colaba,18.9067,72.8147
2023-06-19T03:00,27.3,86,1004.6,Mumbai_Colaba,18.9067,72.8147
2023-06-19T04:00,27.3,85,1004.5,Mumbai_Colaba,18.9067,72.8147
2023-06-19T05:00,28,83,1004.8,Mumbai_Colaba,18.9067,72.8147
2023-06-19T06:00,28.5,80,1005.2,Mumbai_Colaba,18.9067,72.8147
2023-06-19T07:00,28.9,78,1005.8,Mumbai_Colaba,18.9067,72.8147
2023-06-19T08:00,29.8,74,1006.3,Mumbai_Colaba,18.9067,72.8147
2023-06-19T09:00,30.5,71,1006.4,Mumbai_Colaba,18.9067,72.8147
2023-06-19T10:00,31.2,68,1006.4,Mumbai_Colaba,18.9067,72.8147
2023-06-19T11:00,31.4,67,1006,Mumbai_Colaba,18.9067,72.8147
2023-06-19T12:00,30.7,71,1005.9,Mumbai_Colaba,18.9067,72.8147
2023-06-19T13:00,30.7,71,1005.1,Mumbai_Colaba,18.9067,72.8147
2023-06-19T14:00,31.2,69,1004.2,Mumbai_Colaba,18.9067,72.8147
2023-06-19T15:00,31.4,67,1003.7,Mumbai_Colaba,18.9067,72.8147
2023-06-19T16:00,30.9,69,1003.2,Mumbai_Colaba,18.9067,72.8147
2023-06-19T17:00,30.2,73,1003.3,Mumbai_Colaba,18.9067,72.8147
2023-06-19T18:00,29.6,75,1003.5,Mumbai_Colaba,18.9067,72.8147
2023-06-19T19:00,28.9,78,1003.7,Mumbai_Colaba,18.9067,72.8147
2023-06-19T20:00,28.8,79,1004.1,Mumbai_Colaba,18.9067,72.8147
2023-06-19T21:00,28.6,81,1004.4,Mumbai_Colaba,18.9067,72.8147
2023-06-19T22:00,28.5,82,1004.7,Mumbai_Colaba,18.9067,72.8147
2023-06-19T23:00,28.3,83,1004.5,Mumbai_Colaba,18.9067,72.8147
2023-06-20T00:00,28.1,84,1004,Mumbai_Colaba,18.9067,72.8147
2023-06-20T01:00,28,83,1003.6,Mumbai_Colaba,18.9067,72.8147
2023-06-20T02:00,27.8,84,1003.3,Mumbai_Colaba,18.9067,72.8147
2023-06-20T03:00,27.6,85,1003,Mumbai_Colaba,18.9067,72.8147
2023-06-20T04:00,27.4,87,1003.1,Mumbai_Colaba,18.9067,72.8147
2023-06-20T05:00,27.5,87,1003.4,Mumbai_Colaba,18.9067,72.8147
2023-06-20T06:00,27.8,86,1003.8,Mumbai_Colaba,18.9067,72.8147
2023-06-20T07:00,29,79,1004.3,Mumbai_Colaba,18.9067,72.8147
2023-06-20T08:00,30,73,1004.8,Mumbai_Colaba,18.9067,72.8147
2023-06-20T09:00,30.8,69,1005.1,Mumbai_Colaba,18.9067,72.8147
2023-06-20T10:00,30.7,70,1005.1,Mumbai_Colaba,18.9067,72.8147
2023-06-20T11:00,30.6,71,1004.9,Mumbai_Colaba,18.9067,72.8147
2023-06-20T12:00,30.8,71,1004.6,Mumbai_Colaba,18.9067,72.8147
2023-06-20T13:00,30.8,72,1004,Mumbai_Colaba,18.9067,72.8147
2023-06-20T14:00,30.9,70,1003.5,Mumbai_Colaba,18.9067,72.8147
2023-06-20T15:00,30.9,70,1002.9,Mumbai_Colaba,18.9067,72.8147
2023-06-20T16:00,30.6,70,1002.4,Mumbai_Colaba,18.9067,72.8147
2023-06-20T17:00,29.9,74,1003,Mumbai_Colaba,18.9067,72.8147
2023-06-20T18:00,29.2,77,1003.2,Mumbai_Colaba,18.9067,72.8147
2023-06-20T19:00,28.4,82,1003.8,Mumbai_Colaba,18.9067,72.8147
2023-06-20T20:00,28.3,83,1004.3,Mumbai_Colaba,18.9067,72.8147
2023-06-20T21:00,28.1,84,1004.9,Mumbai_Colaba,18.9067,72.8147
2023-06-20T22:00,27.9,84,1005.4,Mumbai_Colaba,18.9067,72.8147
2023-06-20T23:00,27.8,84,1005.2,Mumbai_Colaba,18.9067,72.8147
2023-06-21T00:00,27.8,84,1004.7,Mumbai_Colaba,18.9067,72.8147
2023-06-21T01:00,27.6,84,1004.1,Mumbai_Colaba,18.9067,72.8147
2023-06-21T02:00,27.6,84,1003.5,Mumbai_Colaba,18.9067,72.8147
2023-06-21T03:00,27.1,87,1003.2,Mumbai_Colaba,18.9067,72.8147
2023-06-21T04:00,27.1,87,1003.2,Mumbai_Colaba,18.9067,72.8147
2023-06-21T05:00,27.2,90,1003.6,Mumbai_Colaba,18.9067,72.8147
2023-06-21T06:00,27.8,87,1004.1,Mumbai_Colaba,18.9067,72.8147
2023-06-21T07:00,28.6,81,1004.5,Mumbai_Colaba,18.9067,72.8147
2023-06-21T08:00,29.4,77,1004.9,Mumbai_Colaba,18.9067,72.8147
2023-06-21T09:00,30,73,1005.5,Mumbai_Colaba,18.9067,72.8147
2023-06-21T10:00,30.6,71,1005.7,Mumbai_Colaba,18.9067,72.8147
2023-06-21T11:00,31.4,67,1005.5,Mumbai_Colaba,18.9067,72.8147
2023-06-21T12:00,31.5,67,1005.1,Mumbai_Colaba,18.9067,72.8147
2023-06-21T13:00,31.7,66,1004.5,Mumbai_Colaba,18.9067,72.8147
2023-06-21T14:00,31.6,67,1003.7,Mumbai_Colaba,18.9067,72.8147
2023-06-21T15:00,31.3,68,1003.2,Mumbai_Colaba,18.9067,72.8147
2023-06-21T16:00,31,69,1002.9,Mumbai_Colaba,18.9067,72.8147
2023-06-21T17:00,30.4,72,1002.9,Mumbai_Colaba,18.9067,72.8147
2023-06-21T18:00,29.7,76,1003.2,Mumbai_Colaba,18.9067,72.8147
2023-06-21T19:00,29.1,78,1003.8,Mumbai_Colaba,18.9067,72.8147
2023-06-21T20:00,28.9,80,1004.8,Mumbai_Colaba,18.9067,72.8147
2023-06-21T21:00,28.7,80,1005.3,Mumbai_Colaba,18.9067,72.8147
2023-06-21T22:00,28.6,81,1005.5,Mumbai_Colaba,18.9067,72.8147
2023-06-21T23:00,28.5,82,1005.5,Mumbai_Colaba,18.9067,72.8147
2023-06-22T00:00,28.2,83,1005.3,Mumbai_Colaba,18.9067,72.8147
2023-06-22T01:00,27.8,86,1004.7,Mumbai_Colaba,18.9067,72.8147
2023-06-22T02:00,27.7,85,1004.1,Mumbai_Colaba,18.9067,72.8147
2023-06-22T03:00,27.9,83,1003.9,Mumbai_Colaba,18.9067,72.8147
2023-06-22T04:00,27.9,82,1003.8,Mumbai_Colaba,18.9067,72.8147
2023-06-22T05:00,27.9,83,1004.5,Mumbai_Colaba,18.9067,72.8147
2023-06-22T06:00,28.5,81,1004.9,Mumbai_Colaba,18.9067,72.8147
2023-06-22T07:00,29.2,75,1005.4,Mumbai_Colaba,18.9067,72.8147
2023-06-22T08:00,30.1,71,1005.6,Mumbai_Colaba,18.9067,72.8147
2023-06-22T09:00,30.7,69,1006.1,Mumbai_Colaba,18.9067,72.8147
2023-06-22T10:00,30.9,68,1006,Mumbai_Colaba,18.9067,72.8147
2023-06-22T11:00,31.5,66,1005.6,Mumbai_Colaba,18.9067,72.8147
2023-06-22T12:00,31.8,65,1005.1,Mumbai_Colaba,18.9067,72.8147
2023-06-22T13:00,31.8,65,1004.4,Mumbai_Colaba,18.9067,72.8147
2023-06-22T14:00,31.7,66,1003.7,Mumbai_Colaba,18.9067,72.8147
2023-06-22T15:00,31.5,66,1003.1,Mumbai_Colaba,18.9067,72.8147
2023-06-22T16:00,31.2,67,1002.8,Mumbai_Colaba,18.9067,72.8147
2023-06-22T17:00,30.4,72,1002.7,Mumbai_Colaba,18.9067,72.8147
2023-06-22T18:00,29.7,75,1003,Mumbai_Colaba,18.9067,72.8147
2023-06-22T19:00,29.2,77,1003.6,Mumbai_Colaba,18.9067,72.8147
2023-06-22T20:00,29.1,77,1004.2,Mumbai_Colaba,18.9067,72.8147
2023-06-22T21:00,29.1,77,1004.6,Mumbai_Colaba,18.9067,72.8147
2023-06-22T22:00,28.8,79,1005.1,Mumbai_Colaba,18.9067,72.8147
2023-06-22T23:00,28.5,81,1005.2,Mumbai_Colaba,18.9067,72.8147
2023-06-23T00:00,28,83,1005,Mumbai_Colaba,18.9067,72.8147
2023-06-23T01:00,27.5,86,1004.7,Mumbai_Colaba,18.9067,72.8147
2023-06-23T02:00,26.6,90,1004.3,Mumbai_Colaba,18.9067,72.8147
2023-06-23T03:00,26.5,89,1004.1,Mumbai_Colaba,18.9067,72.8147
2023-06-23T04:00,26.5,89,1003.9,Mumbai_Colaba,18.9067,72.8147
2023-06-23T05:00,27.5,84,1003.8,Mumbai_Colaba,18.9067,72.8147
2023-06-23T06:00,27.9,83,1004.4,Mumbai_Colaba,18.9067,72.8147
2023-06-23T07:00,27.7,83,1004.7,Mumbai_Colaba,18.9067,72.8147
2023-06-23T08:00,28.1,80,1005,Mumbai_Colaba,18.9067,72.8147
2023-06-23T09:00,29.1,76,1005.5,Mumbai_Colaba,18.9067,72.8147
2023-06-23T10:00,29.3,76,1005.6,Mumbai_Colaba,18.9067,72.8147
2023-06-23T11:00,30.4,72,1005.4,Mumbai_Colaba,18.9067,72.8147
2023-06-23T12:00,30.8,71,1005,Mumbai_Colaba,18.9067,72.8147
2023-06-23T13:00,30.9,71,1004.3,Mumbai_Colaba,18.9067,72.8147
2023-06-23T14:00,30.7,71,1003.4,Mumbai_Colaba,18.9067,72.8147
2023-06-23T15:00,30.6,71,1002.7,Mumbai_Colaba,18.9067,72.8147
2023-06-23T16:00,30.2,72,1002.5,Mumbai_Colaba,18.9067,72.8147
2023-06-23T17:00,29.8,73,1002.4,Mumbai_Colaba,18.9067,72.8147
2023-06-23T18:00,29.6,73,1002.6,Mumbai_Colaba,18.9067,72.8147
2023-06-23T19:00,28.9,77,1003.3,Mumbai_Colaba,18.9067,72.8147
2023-06-23T20:00,28.2,80,1004,Mumbai_Colaba,18.9067,72.8147
2023-06-23T21:00,27.6,83,1004.5,Mumbai_Colaba,18.9067,72.8147
2023-06-23T22:00,27.6,83,1004.7,Mumbai_Colaba,18.9067,72.8147
2023-06-23T23:00,27.1,85,1004.9,Mumbai_Colaba,18.9067,72.8147
2023-06-24T00:00,26.7,87,1004.8,Mumbai_Colaba,18.9067,72.8147
2023-06-24T01:00,26.9,86,1003.6,Mumbai_Colaba,18.9067,72.8147
2023-06-24T02:00,26.4,89,1003,Mumbai_Colaba,18.9067,72.8147
2023-06-24T03:00,26.1,92,1002.7,Mumbai_Colaba,18.9067,72.8147
2023-06-24T04:00,26.3,90,1002.3,Mumbai_Colaba,18.9067,72.8147
2023-06-24T05:00,25.3,93,1002.2,Mumbai_Colaba,18.9067,72.8147
2023-06-24T06:00,26.2,91,1002.8,Mumbai_Colaba,18.9067,72.8147
2023-06-24T07:00,27.1,86,1002.9,Mumbai_Colaba,18.9067,72.8147
2023-06-24T08:00,27.6,83,1003.3,Mumbai_Colaba,18.9067,72.8147
2023-06-24T09:00,28.3,80,1003.5,Mumbai_Colaba,18.9067,72.8147
2023-06-24T10:00,27.8,80,1004,Mumbai_Colaba,18.9067,72.8147
2023-06-24T11:00,27.5,82,1004.2,Mumbai_Colaba,18.9067,72.8147
2023-06-24T12:00,28.7,76,1003.6,Mumbai_Colaba,18.9067,72.8147
2023-06-24T13:00,29.1,75,1003,Mumbai_Colaba,18.9067,72.8147
2023-06-24T14:00,28.9,76,1002.3,Mumbai_Colaba,18.9067,72.8147
2023-06-24T15:00,28.3,80,1001.5,Mumbai_Colaba,18.9067,72.8147
2023-06-24T16:00,28.2,81,1001.7,Mumbai_Colaba,18.9067,72.8147
2023-06-24T17:00,27,82,1001.9,Mumbai_Colaba,18.9067,72.8147
2023-06-24T18:00,27.1,88,1002.2,Mumbai_Colaba,18.9067,72.8147
2023-06-24T19:00,25.9,93,1003,Mumbai_Colaba,18.9067,72.8147
2023-06-24T20:00,26,90,1003.7,Mumbai_Colaba,18.9067,72.8147
2023-06-24T21:00,25.9,92,1004.3,Mumbai_Colaba,18.9067,72.8147
2023-06-24T22:00,25.6,94,1004.5,Mumbai_Colaba,18.9067,72.8147
2023-06-24T23:00,25.5,94,1004.4,Mumbai_Colaba,18.9067,72.8147
2023-06-25T00:00,25.4,95,1003.7,Mumbai_Colaba,18.9067,72.8147
2023-06-25T01:00,25.6,94,1003.1,Mumbai_Colaba,18.9067,72.8147
2023-06-25T02:00,25.8,93,1002.1,Mumbai_Colaba,18.9067,72.8147
2023-06-25T03:00,25.7,95,1001.5,Mumbai_Colaba,18.9067,72.8147
2023-06-25T04:00,25.6,92,1001.5,Mumbai_Colaba,18.9067,72.8147
2023-06-25T05:00,25.1,95,1002.1,Mumbai_Colaba,18.9067,72.8147
2023-06-25T06:00,25.5,93,1002.7,Mumbai_Colaba,18.9067,72.8147
2023-06-25T07:00,25.6,93,1003.1,Mumbai_Colaba,18.9067,72.8147
2023-06-25T08:00,25.6,92,1003.7,Mumbai_Colaba,18.9067,72.8147
2023-06-25T09:00,26.4,88,1003.8,Mumbai_Colaba,18.9067,72.8147
2023-06-25T10:00,27.7,86,1003.9,Mumbai_Colaba,18.9067,72.8147
2023-06-25T11:00,26.2,89,1004.3,Mumbai_Colaba,18.9067,72.8147
2023-06-25T12:00,27.7,84,1003.5,Mumbai_Colaba,18.9067,72.8147
2023-06-25T13:00,27.6,83,1003.3,Mumbai_Colaba,18.9067,72.8147
2023-06-25T14:00,27.3,84,1002.6,Mumbai_Colaba,18.9067,72.8147
2023-06-25T15:00,27.2,81,1002,Mumbai_Colaba,18.9067,72.8147
2023-06-25T16:00,27,85,1001.8,Mumbai_Colaba,18.9067,72.8147
2023-06-25T17:00,27.2,84,1002.3,Mumbai_Colaba,18.9067,72.8147
2023-06-25T18:00,27.2,85,1002.7,Mumbai_Colaba,18.9067,72.8147
2023-06-25T19:00,26.8,88,1003.3,Mumbai_Colaba,18.9067,72.8147
2023-06-25T20:00,26.2,90,1004.1,Mumbai_Colaba,18.9067,72.8147
2023-06-25T21:00,26.1,91,1004.9,Mumbai_Colaba,18.9067,72.8147
2023-06-25T22:00,25.6,93,1005.4,Mumbai_Colaba,18.9067,72.8147
2023-06-25T23:00,25.8,91,1005,Mumbai_Colaba,18.9067,72.8147
2023-06-26T00:00,25.7,92,1004.5,Mumbai_Colaba,18.9067,72.8147
2023-06-26T01:00,25.5,93,1004.1,Mumbai_Colaba,18.9067,72.8147
2023-06-26T02:00,24.9,93,1003.6,Mumbai_Colaba,18.9067,72.8147
2023-06-26T03:00,25.4,92,1003.4,Mumbai_Colaba,18.9067,72.8147
2023-06-26T04:00,24.8,93,1003.8,Mumbai_Colaba,18.9067,72.8147
2023-06-26T05:00,25.1,92,1003.6,Mumbai_Colaba,18.9067,72.8147
2023-06-26T06:00,24.9,94,1003.9,Mumbai_Colaba,18.9067,72.8147
2023-06-26T07:00,25.4,93,1005.2,Mumbai_Colaba,18.9067,72.8147
2023-06-26T08:00,25.3,93,1005.5,Mumbai_Colaba,18.9067,72.8147
2023-06-26T09:00,26.5,86,1005.6,Mumbai_Colaba,18.9067,72.8147
2023-06-26T10:00,25.3,93,1006.3,Mumbai_Colaba,18.9067,72.8147
2023-06-26T11:00,25,93,1006.1,Mumbai_Colaba,18.9067,72.8147
2023-06-26T12:00,25.2,91,1005.6,Mumbai_Colaba,18.9067,72.8147
2023-06-26T13:00,26.5,85,1005.1,Mumbai_Colaba,18.9067,72.8147
2023-06-26T14:00,26.5,86,1004.2,Mumbai_Colaba,18.9067,72.8147
2023-06-26T15:00,27,83,1003.6,Mumbai_Colaba,18.9067,72.8147
2023-06-26T16:00,26.1,89,1003.6,Mumbai_Colaba,18.9067,72.8147
2023-06-26T17:00,27,86,1002.8,Mumbai_Colaba,18.9067,72.8147
2023-06-26T18:00,25.6,92,1003.9,Mumbai_Colaba,18.9067,72.8147
2023-06-26T19:00,25.3,94,1003.8,Mumbai_Colaba,18.9067,72.8147
2023-06-26T20:00,25.3,92,1004.7,Mumbai_Colaba,18.9067,72.8147
2023-06-26T21:00,24.9,92,1005.6,Mumbai_Colaba,18.9067,72.8147
2023-06-26T22:00,25.2,93,1006,Mumbai_Colaba,18.9067,72.8147
2023-06-26T23:00,25,94,1005.7,Mumbai_Colaba,18.9067,72.8147
2023-06-27T00:00,25.1,92,1004.8,Mumbai_Colaba,18.9067,72.8147
2023-06-27T01:00,25.2,93,1004.3,Mumbai_Colaba,18.9067,72.8147
2023-06-27T02:00,25.2,94,1003.6,Mumbai_Colaba,18.9067,72.8147
2023-06-27T03:00,25,92,1003.3,Mumbai_Colaba,18.9067,72.8147
2023-06-27T04:00,24.8,94,1003.2,Mumbai_Colaba,18.9067,72.8147
2023-06-27T05:00,25.5,90,1003.2,Mumbai_Colaba,18.9067,72.8147
2023-06-27T06:00,25.3,93,1003.7,Mumbai_Colaba,18.9067,72.8147
2023-06-27T07:00,25.7,91,1003.8,Mumbai_Colaba,18.9067,72.8147
2023-06-27T08:00,25.6,94,1004.5,Mumbai_Colaba,18.9067,72.8147
2023-06-27T09:00,26.7,88,1004.8,Mumbai_Colaba,18.9067,72.8147
2023-06-27T10:00,25.9,87,1005.4,Mumbai_Colaba,18.9067,72.8147
2023-06-27T11:00,25.9,89,1005.2,Mumbai_Colaba,18.9067,72.8147
2023-06-27T12:00,27.1,84,1005,Mumbai_Colaba,18.9067,72.8147
2023-06-27T13:00,26.8,85,1004.2,Mumbai_Colaba,18.9067,72.8147
2023-06-27T14:00,26.1,90,1003.9,Mumbai_Colaba,18.9067,72.8147
2023-06-27T15:00,26.7,85,1003.3,Mumbai_Colaba,18.9067,72.8147
2023-06-27T16:00,26.9,84,1003.2,Mumbai_Colaba,18.9067,72.8147
2023-06-27T17:00,27,84,1003.5,Mumbai_Colaba,18.9067,72.8147
2023-06-27T18:00,26.3,89,1004,Mumbai_Colaba,18.9067,72.8147
2023-06-27T19:00,26.3,88,1004.1,Mumbai_Colaba,18.9067,72.8147
2023-06-27T20:00,26.5,88,1004.7,Mumbai_Colaba,18.9067,72.8147
2023-06-27T21:00,26.8,88,1004.9,Mumbai_Colaba,18.9067,72.8147
2023-06-27T22:00,26.6,91,1005.4,Mumbai_Colaba,18.9067,72.8147
2023-06-27T23:00,26.8,87,1005.5,Mumbai_Colaba,18.9067,72.8147
2023-06-28T00:00,26.6,88,1005.1,Mumbai_Colaba,18.9067,72.8147
2023-06-28T01:00,26.9,87,1004.3,Mumbai_Colaba,18.9067,72.8147
2023-06-28T02:00,26.3,88,1003.9,Mumbai_Colaba,18.9067,72.8147
2023-06-28T03:00,26.8,87,1003.7,Mumbai_Colaba,18.9067,72.8147
2023-06-28T04:00,26.6,90,1003.5,Mumbai_Colaba,18.9067,72.8147
2023-06-28T05:00,27.1,85,1003.4,Mumbai_Colaba,18.9067,72.8147
2023-06-28T06:00,26.8,89,1003.4,Mumbai_Colaba,18.9067,72.8147
2023-06-28T07:00,26.6,87,1004.2,Mumbai_Colaba,18.9067,72.8147
2023-06-28T08:00,27.1,86,1005.1,Mumbai_Colaba,18.9067,72.8147
2023-06-28T09:00,26.9,85,1005.8,Mumbai_Colaba,18.9067,72.8147
2023-06-28T10:00,27.2,85,1006,Mumbai_Colaba,18.9067,72.8147
2023-06-28T11:00,27.6,86,1005.7,Mumbai_Colaba,18.9067,72.8147
2023-06-28T12:00,26.5,89,1005.5,Mumbai_Colaba,18.9067,72.8147
2023-06-28T13:00,27,85,1004.6,Mumbai_Colaba,18.9067,72.8147
2023-06-28T14:00,27.3,85,1004.1,Mumbai_Colaba,18.9067,72.8147
2023-06-28T15:00,27.5,86,1003.4,Mumbai_Colaba,18.9067,72.8147
2023-06-28T16:00,26.9,85,1003.6,Mumbai_Colaba,18.9067,72.8147
2023-06-28T17:00,27.1,87,1004,Mumbai_Colaba,18.9067,72.8147
2023-06-28T18:00,27.2,88,1004.5,Mumbai_Colaba,18.9067,72.8147
2023-06-28T19:00,27.3,88,1004.7,Mumbai_Colaba,18.9067,72.8147
2023-06-28T20:00,27.1,90,1005.4,Mumbai_Colaba,18.9067,72.8147
2023-06-28T21:00,26.9,88,1006.2,Mumbai_Colaba,18.9067,72.8147
2023-06-28T22:00,26.7,88,1006.5,Mumbai_Colaba,18.9067,72.8147
2023-06-28T23:00,27.1,84,1006.5,Mumbai_Colaba,18.9067,72.8147
2023-06-29T00:00,26.6,88,1006.4,Mumbai_Colaba,18.9067,72.8147
2023-06-29T01:00,26.9,88,1005.1,Mumbai_Colaba,18.9067,72.8147
2023-06-29T02:00,26.2,89,1004.8,Mumbai_Colaba,18.9067,72.8147
2023-06-29T03:00,27.3,86,1003.5,Mumbai_Colaba,18.9067,72.8147
2023-06-29T04:00,25.8,90,1004.2,Mumbai_Colaba,18.9067,72.8147
2023-06-29T05:00,27.2,88,1004.6,Mumbai_Colaba,18.9067,72.8147
2023-06-29T06:00,26.9,88,1004.8,Mumbai_Colaba,18.9067,72.8147
2023-06-29T07:00,26.5,87,1005.7,Mumbai_Colaba,18.9067,72.8147
2023-06-29T08:00,27,87,1005.8,Mumbai_Colaba,18.9067,72.8147
2023-06-29T09:00,26,89,1006.3,Mumbai_Colaba,18.9067,72.8147
2023-06-29T10:00,26,88,1006.3,Mumbai_Colaba,18.9067,72.8147
2023-06-29T11:00,26.3,89,1006.2,Mumbai_Colaba,18.9067,72.8147
2023-06-29T12:00,26.8,86,1005.9,Mumbai_Colaba,18.9067,72.8147
2023-06-29T13:00,27.1,85,1005.1,Mumbai_Colaba,18.9067,72.8147
2023-06-29T14:00,26.8,87,1004.5,Mumbai_Colaba,18.9067,72.8147
2023-06-29T15:00,26.4,87,1004.1,Mumbai_Colaba,18.9067,72.8147
2023-06-29T16:00,26.6,87,1004.1,Mumbai_Colaba,18.9067,72.8147
2023-06-29T17:00,27.7,81,1003.6,Mumbai_Colaba,18.9067,72.8147
2023-06-29T18:00,27.3,84,1004.2,Mumbai_Colaba,18.9067,72.8147
2023-06-29T19:00,26.8,85,1004.5,Mumbai_Colaba,18.9067,72.8147
2023-06-29T20:00,27,85,1005.2,Mumbai_Colaba,18.9067,72.8147
2023-06-29T21:00,26.7,87,1005.9,Mumbai_Colaba,18.9067,72.8147
2023-06-29T22:00,26.7,91,1006.1,Mumbai_Colaba,18.9067,72.8147
2023-06-29T23:00,26.8,88,1006.1,Mumbai_Colaba,18.9067,72.8147
2023-06-30T00:00,26.5,88,1005.7,Mumbai_Colaba,18.9067,72.8147
2023-06-30T01:00,26.9,88,1005.1,Mumbai_Colaba,18.9067,72.8147
2023-06-30T02:00,26.6,87,1004.6,Mumbai_Colaba,18.9067,72.8147
2023-06-30T03:00,26.9,88,1004.2,Mumbai_Colaba,18.9067,72.8147
2023-06-30T04:00,26.7,89,1004.6,Mumbai_Colaba,18.9067,72.8147
2023-06-30T05:00,27,89,1004,Mumbai_Colaba,18.9067,72.8147
2023-06-30T06:00,26.9,89,1004.6,Mumbai_Colaba,18.9067,72.8147
2023-06-30T07:00,26.6,87,1005.1,Mumbai_Colaba,18.9067,72.8147
2023-06-30T08:00,26.8,84,1005.8,Mumbai_Colaba,18.9067,72.8147
2023-06-30T09:00,27.3,85,1006.2,Mumbai_Colaba,18.9067,72.8147
2023-06-30T10:00,26.9,85,1006.7,Mumbai_Colaba,18.9067,72.8147
2023-06-30T11:00,27.2,86,1006.6,Mumbai_Colaba,18.9067,72.8147
2023-06-30T12:00,26.8,89,1006.2,Mumbai_Colaba,18.9067,72.8147
2023-06-30T13:00,26.8,87,1005.6,Mumbai_Colaba,18.9067,72.8147
2023-06-30T14:00,26.8,87,1004.5,Mumbai_Colaba,18.9067,72.8147
2023-06-30T15:00,27.2,85,1004.1,Mumbai_Colaba,18.9067,72.8147
2023-06-30T16:00,26.5,89,1003.9,Mumbai_Colaba,18.9067,72.8147
2023-06-30T17:00,27.1,89,1003.6,Mumbai_Colaba,18.9067,72.8147
2023-06-30T18:00,26.9,91,1003.9,Mumbai_Colaba,18.9067,72.8147
2023-06-30T19:00,27,90,1004.4,Mumbai_Colaba,18.9067,72.8147
2023-06-30T20:00,27,87,1004.8,Mumbai_Colaba,18.9067,72.8147
2023-06-30T21:00,27.2,86,1005.4,Mumbai_Colaba,18.9067,72.8147
2023-06-30T22:00,27.4,86,1005.8,Mumbai_Colaba,18.9067,72.8147
2023-06-30T23:00,26.5,89,1006,Mumbai_Colaba,18.9067,72.8147
2023-07-01T00:00,27,89,1005.1,Mumbai_Colaba,18.9067,72.8147
2023-07-01T01:00,26.1,90,1005.3,Mumbai_Colaba,18.9067,72.8147
2023-07-01T02:00,26.9,87,1004.1,Mumbai_Colaba,18.9067,72.8147
2023-07-01T03:00,26.9,88,1004,Mumbai_Colaba,18.9067,72.8147
2023-07-01T04:00,26.6,89,1004,Mumbai_Colaba,18.9067,72.8147
2023-07-01T05:00,27.2,86,1004,Mumbai_Colaba,18.9067,72.8147
2023-07-01T06:00,27.1,89,1004.6,Mumbai_Colaba,18.9067,72.8147
2023-07-01T07:00,26.8,87,1005.2,Mumbai_Colaba,18.9067,72.8147
2023-07-01T08:00,26.6,87,1006,Mumbai_Colaba,18.9067,72.8147
2023-07-01T09:00,26.8,88,1006.8,Mumbai_Colaba,18.9067,72.8147
2023-07-01T10:00,26.8,85,1007.4,Mumbai_Colaba,18.9067,72.8147
2023-07-01T11:00,26.8,87,1007,Mumbai_Colaba,18.9067,72.8147
2023-07-01T12:00,27.4,84,1007,Mumbai_Colaba,18.9067,72.8147
2023-07-01T13:00,27.4,83,1006.5,Mumbai_Colaba,18.9067,72.8147
2023-07-01T14:00,27.2,84,1006,Mumbai_Colaba,18.9067,72.8147
2023-07-01T15:00,27.2,85,1005.3,Mumbai_Colaba,18.9067,72.8147
2023-07-01T16:00,27.5,83,1005,Mumbai_Colaba,18.9067,72.8147
2023-07-01T17:00,26.8,86,1004.7,Mumbai_Colaba,18.9067,72.8147
2023-07-01T18:00,27.1,86,1004.9,Mumbai_Colaba,18.9067,72.8147
2023-07-01T19:00,26.9,85,1005.4,Mumbai_Colaba,18.9067,72.8147
2023-07-01T20:00,26.7,86,1006.5,Mumbai_Colaba,18.9067,72.8147
2023-07-01T21:00,25.5,93,1007.1,Mumbai_Colaba,18.9067,72.8147
2023-07-01T22:00,25.7,92,1007.4,Mumbai_Colaba,18.9067,72.8147
2023-07-01T23:00,25.6,93,1007.5,Mumbai_Colaba,18.9067,72.8147
2023-07-02T00:00,26.1,91,1006.7,Mumbai_Colaba,18.9067,72.8147
2023-07-02T01:00,25.9,91,1006,Mumbai_Colaba,18.9067,72.8147
2023-07-02T02:00,26.1,90,1005.3,Mumbai_Colaba,18.9067,72.8147
2023-07-02T03:00,26.4,89,1004.6,Mumbai_Colaba,18.9067,72.8147
2023-07-02T04:00,26.2,92,1004.5,Mumbai_Colaba,18.9067,72.8147
2023-07-02T05:00,26.5,88,1004.5,Mumbai_Colaba,18.9067,72.8147
2023-07-02T06:00,25.9,89,1004.9,Mumbai_Colaba,18.9067,72.8147
2023-07-02T07:00,26.8,86,1005.4,Mumbai_Colaba,18.9067,72.8147
2023-07-02T08:00,27.5,85,1005.7,Mumbai_Colaba,18.9067,72.8147
2023-07-02T09:00,27.4,85,1006,Mumbai_Colaba,18.9067,72.8147
2023-07-02T10:00,27.7,83,1005.9,Mumbai_Colaba,18.9067,72.8147
2023-07-02T11:00,27.9,82,1005.5,Mumbai_Colaba,18.9067,72.8147
2023-07-02T12:00,27.9,82,1004.9,Mumbai_Colaba,18.9067,72.8147
2023-07-02T13:00,27.6,84,1004.6,Mumbai_Colaba,18.9067,72.8147
2023-07-02T14:00,27.2,86,1003.8,Mumbai_Colaba,18.9067,72.8147
2023-07-02T15:00,27.6,83,1003.4,Mumbai_Colaba,18.9067,72.8147
2023-07-02T16:00,26.9,85,1003.2,Mumbai_Colaba,18.9067,72.8147
2023-07-02T17:00,27.8,85,1003.4,Mumbai_Colaba,18.9067,72.8147
2023-07-02T18:00,27.2,85,1003.5,Mumbai_Colaba,18.9067,72.8147
2023-07-02T19:00,26.8,87,1004.2,Mumbai_Colaba,18.9067,72.8147
2023-07-02T20:00,26.2,90,1004.8,Mumbai_Colaba,18.9067,72.8147
2023-07-02T21:00,26.5,90,1005.2,Mumbai_Colaba,18.9067,72.8147
2023-07-02T22:00,26.4,89,1005.8,Mumbai_Colaba,18.9067,72.8147
2023-07-02T23:00,26.4,90,1005.5,Mumbai_Colaba,18.9067,72.8147
2023-07-03T00:00,26.7,89,1004.9,Mumbai_Colaba,18.9067,72.8147
2023-07-03T01:00,27,88,1004.5,Mumbai_Colaba,18.9067,72.8147
2023-07-03T02:00,26.9,88,1003.8,Mumbai_Colaba,18.9067,72.8147
2023-07-03T03:00,26.9,87,1003.5,Mumbai_Colaba,18.9067,72.8147
2023-07-03T04:00,27,87,1003,Mumbai_Colaba,18.9067,72.8147
2023-07-03T05:00,27.3,85,1003,Mumbai_Colaba,18.9067,72.8147
2023-07-03T06:00,27.4,86,1003.2,Mumbai_Colaba,18.9067,72.8147
2023-07-03T07:00,26.8,89,1003.4,Mumbai_Colaba,18.9067,72.8147
2023-07-03T08:00,27.3,87,1003.7,Mumbai_Colaba,18.9067,72.8147
2023-07-03T09:00,26.8,89,1004.1,Mumbai_Colaba,18.9067,72.8147
2023-07-03T10:00,27.3,87,1004.4,Mumbai_Colaba,18.9067,72.8147
2023-07-03T11:00,27.5,85,1003.9,Mumbai_Colaba,18.9067,72.8147
2023-07-03T12:00,27.9,85,1003.4,Mumbai_Colaba,18.9067,72.8147
2023-07-03T13:00,28,85,1002.6,Mumbai_Colaba,18.9067,72.8147
2023-07-03T14:00,28,85,1001.9,Mumbai_Colaba,18.9067,72.8147
2023-07-03T15:00,27.9,86,1001.1,Mumbai_Colaba,18.9067,72.8147
2023-07-03T16:00,28.3,83,1000.9,Mumbai_Colaba,18.9067,72.8147
2023-07-03T17:00,27,89,1001.4,Mumbai_Colaba,18.9067,72.8147
2023-07-03T18:00,27.5,86,1001,Mumbai_Colaba,18.9067,72.8147
2023-07-03T19:00,27.9,84,1001.7,Mumbai_Colaba,18.9067,72.8147
2023-07-03T20:00,27.7,86,1002.4,Mumbai_Colaba,18.9067,72.8147
2023-07-03T21:00,27.6,87,1003.1,Mumbai_Colaba,18.9067,72.8147
2023-07-03T22:00,26.9,90,1004,Mumbai_Colaba,18.9067,72.8147
2023-07-03T23:00,26.7,90,1003.7,Mumbai_Colaba,18.9067,72.8147
2023-07-04T00:00,26.1,93,1003.6,Mumbai_Colaba,18.9067,72.8147
2023-07-04T01:00,25.9,92,1003,Mumbai_Colaba,18.9067,72.8147
2023-07-04T02:00,26.1,92,1002.2,Mumbai_Colaba,18.9067,72.8147
2023-07-04T03:00,26.6,89,1001.9,Mumbai_Colaba,18.9067,72.8147
2023-07-04T04:00,26.5,89,1001.7,Mumbai_Colaba,18.9067,72.8147
2023-07-04T05:00,26.9,89,1000.8,Mumbai_Colaba,18.9067,72.8147
2023-07-04T06:00,27.1,85,1000.9,Mumbai_Colaba,18.9067,72.8147
2023-07-04T07:00,27,88,1001.8,Mumbai_Colaba,18.9067,72.8147
2023-07-04T08:00,26.9,88,1002.5,Mumbai_Colaba,18.9067,72.8147
2023-07-04T09:00,27.7,84,1002.8,Mumbai_Colaba,18.9067,72.8147
2023-07-04T10:00,27.5,84,1002.8,Mumbai_Colaba,18.9067,72.8147
2023-07-04T11:00,27.4,84,1002.8,Mumbai_Colaba,18.9067,72.8147
2023-07-04T12:00,27.7,84,1002.1,Mumbai_Colaba,18.9067,72.8147
2023-07-04T13:00,28,82,1001.4,Mumbai_Colaba,18.9067,72.8147
2023-07-04T14:00,27.7,84,1000.3,Mumbai_Colaba,18.9067,72.8147
2023-07-04T15:00,28,83,999.8,Mumbai_Colaba,18.9067,72.8147
2023-07-04T16:00,27.8,83,999.4,Mumbai_Colaba,18.9067,72.8147
2023-07-04T17:00,27.2,88,999.2,Mumbai_Colaba,18.9067,72.8147
2023-07-04T18:00,27.1,88,1000,Mumbai_Colaba,18.9067,72.8147
2023-07-04T19:00,27.3,88,1000.2,Mumbai_Colaba,18.9067,72.8147
2023-07-04T20:00,27.5,87,1000.8,Mumbai_Colaba,18.9067,72.8147
2023-07-04T21:00,27.5,86,1001.4,Mumbai_Colaba,18.9067,72.8147
2023-07-04T22:00,27.3,87,1001.7,Mumbai_Colaba,18.9067,72.8147
2023-07-04T23:00,27.3,86,1001.6,Mumbai_Colaba,18.9067,72.8147
2023-07-05T00:00,27.1,85,1001.3,Mumbai_Colaba,18.9067,72.8147
2023-07-05T01:00,27,86,1000.8,Mumbai_Colaba,18.9067,72.8147
2023-07-05T02:00,26.7,87,1000,Mumbai_Colaba,18.9067,72.8147
2023-07-05T03:00,26.7,87,999.8,Mumbai_Colaba,18.9067,72.8147
2023-07-05T04:00,26.9,86,999.6,Mumbai_Colaba,18.9067,72.8147
2023-07-05T05:00,27,87,999.2,Mumbai_Colaba,18.9067,72.8147
2023-07-05T06:00,26.8,88,999.3,Mumbai_Colaba,18.9067,72.8147
2023-07-05T07:00,26.9,87,999.7,Mumbai_Colaba,18.9067,72.8147
2023-07-05T08:00,27.3,85,1000.1,Mumbai_Colaba,18.9067,72.8147
2023-07-05T09:00,27.6,84,1000.4,Mumbai_Colaba,18.9067,72.8147
2023-07-05T10:00,27.1,85,1000.5,Mumbai_Colaba,18.9067,72.8147
2023-07-05T11:00,27.6,83,1000.3,Mumbai_Colaba,18.9067,72.8147
2023-07-05T12:00,27.3,84,999.9,Mumbai_Colaba,18.9067,72.8147
2023-07-05T13:00,27,87,999.3,Mumbai_Colaba,18.9067,72.8147
2023-07-05T14:00,27.4,84,998.7,Mumbai_Colaba,18.9067,72.8147
2023-07-05T15:00,26.7,88,998,Mumbai_Colaba,18.9067,72.8147
2023-07-05T16:00,26.9,86,997.8,Mumbai_Colaba,18.9067,72.8147
2023-07-05T17:00,27.3,87,997.6,Mumbai_Colaba,18.9067,72.8147
2023-07-05T18:00,26,90,998.4,Mumbai_Colaba,18.9067,72.8147
2023-07-05T19:00,26.2,90,999.1,Mumbai_Colaba,18.9067,72.8147
2023-07-05T20:00,26.1,91,999.9,Mumbai_Colaba,18.9067,72.8147
2023-07-05T21:00,26.1,91,1000.6,Mumbai_Colaba,18.9067,72.8147
2023-07-05T22:00,26.4,89,1000.9,Mumbai_Colaba,18.9067,72.8147
2023-07-05T23:00,26.6,89,1001.1,Mumbai_Colaba,18.9067,72.8147
2023-07-06T00:00,26.3,88,1000.7,Mumbai_Colaba,18.9067,72.8147
2023-07-06T01:00,26.6,87,1000.3,Mumbai_Colaba,18.9067,72.8147
2023-07-06T02:00,26.1,89,999.7,Mumbai_Colaba,18.9067,72.8147
2023-07-06T03:00,26.4,89,999.5,Mumbai_Colaba,18.9067,72.8147
2023-07-06T04:00,26.4,89,999.5,Mumbai_Colaba,18.9067,72.8147
2023-07-06T05:00,26.3,88,999.8,Mumbai_Colaba,18.9067,72.8147
2023-07-06T06:00,26.3,88,1000,Mumbai_Colaba,18.9067,72.8147
2023-07-06T07:00,26.2,90,1000.4,Mumbai_Colaba,18.9067,72.8147
2023-07-06T08:00,26.6,88,1000.7,Mumbai_Colaba,18.9067,72.8147
2023-07-06T09:00,26.9,86,1001.1,Mumbai_Colaba,18.9067,72.8147
2023-07-06T10:00,26.5,90,1001.9,Mumbai_Colaba,18.9067,72.8147
2023-07-06T11:00,26.6,90,1001.9,Mumbai_Colaba,18.9067,72.8147
2023-07-06T12:00,26.7,87,1001.7,Mumbai_Colaba,18.9067,72.8147
2023-07-06T13:00,27,86,1001.2,Mumbai_Colaba,18.9067,72.8147
2023-07-06T14:00,26.5,87,1000.8,Mumbai_Colaba,18.9067,72.8147
2023-07-06T15:00,26.5,89,1000.5,Mumbai_Colaba,18.9067,72.8147
2023-07-06T16:00,26.6,87,1000.1,Mumbai_Colaba,18.9067,72.8147
2023-07-06T17:00,27.5,83,999.9,Mumbai_Colaba,18.9067,72.8147
2023-07-06T18:00,26.9,85,1000.5,Mumbai_Colaba,18.9067,72.8147
2023-07-06T19:00,26.6,87,1001.9,Mumbai_Colaba,18.9067,72.8147
2023-07-06T20:00,27.2,86,1001.9,Mumbai_Colaba,18.9067,72.8147
2023-07-06T21:00,26.4,89,1003.1,Mumbai_Colaba,18.9067,72.8147
2023-07-06T22:00,26.8,87,1003,Mumbai_Colaba,18.9067,72.8147
2023-07-06T23:00,26.6,87,1003.1,Mumbai_Colaba,18.9067,72.8147
2023-07-07T00:00,26.5,89,1002.6,Mumbai_Colaba,18.9067,72.8147
2023-07-07T01:00,26.5,89,1002.2,Mumbai_Colaba,18.9067,72.8147
2023-07-07T02:00,26.4,90,1001.3,Mumbai_Colaba,18.9067,72.8147
2023-07-07T03:00,26.9,88,1000.9,Mumbai_Colaba,18.9067,72.8147
2023-07-07T04:00,26.6,87,1001.2,Mumbai_Colaba,18.9067,72.8147
2023-07-07T05:00,26.9,86,1001,Mumbai_Colaba,18.9067,72.8147
2023-07-07T06:00,27.5,86,1001.1,Mumbai_Colaba,18.9067,72.8147
2023-07-07T07:00,26.9,87,1002.1,Mumbai_Colaba,18.9067,72.8147
2023-07-07T08:00,27.3,85,1002.8,Mumbai_Colaba,18.9067,72.8147
2023-07-07T09:00,26.5,88,1003.4,Mumbai_Colaba,18.9067,72.8147
2023-07-07T10:00,26.7,89,1003.1,Mumbai_Colaba,18.9067,72.8147
2023-07-07T11:00,26.8,88,1003.3,Mumbai_Colaba,18.9067,72.8147
2023-07-07T12:00,27.2,86,1002.6,Mumbai_Colaba,18.9067,72.8147
2023-07-07T13:00,27.2,85,1002.1,Mumbai_Colaba,18.9067,72.8147
2023-07-07T14:00,27.2,86,1000.9,Mumbai_Colaba,18.9067,72.8147
2023-07-07T15:00,27.1,87,1000.9,Mumbai_Colaba,18.9067,72.8147
2023-07-07T16:00,27.2,87,1000.8,Mumbai_Colaba,18.9067,72.8147
2023-07-07T17:00,27.2,86,1000.8,Mumbai_Colaba,18.9067,72.8147
2023-07-07T18:00,27.4,87,1001.3,Mumbai_Colaba,18.9067,72.8147
2023-07-07T19:00,27.1,89,1002.2,Mumbai_Colaba,18.9067,72.8147
2023-07-07T20:00,27.2,86,1003.1,Mumbai_Colaba,18.9067,72.8147
2023-07-07T21:00,27,89,1003.7,Mumbai_Colaba,18.9067,72.8147
2023-07-07T22:00,27.2,86,1004.1,Mumbai_Colaba,18.9067,72.8147
2023-07-07T23:00,27.5,84,1004.3,Mumbai_Colaba,18.9067,72.8147
2023-07-08T00:00,27.1,87,1003.9,Mumbai_Colaba,18.9067,72.8147
2023-07-08T01:00,27.1,88,1003.2,Mumbai_Colaba,18.9067,72.8147
2023-07-08T02:00,27,88,1002.8,Mumbai_Colaba,18.9067,72.8147
2023-07-08T03:00,26.7,86,1002.8,Mumbai_Colaba,18.9067,72.8147
2023-07-08T04:00,26,89,1003,Mumbai_Colaba,18.9067,72.8147
2023-07-08T05:00,27.1,86,1002.9,Mumbai_Colaba,18.9067,72.8147
2023-07-08T06:00,26.6,88,1003.1,Mumbai_Colaba,18.9067,72.8147
2023-07-08T07:00,26.9,88,1003.4,Mumbai_Colaba,18.9067,72.8147
2023-07-08T08:00,27.4,82,1004.4,Mumbai_Colaba,18.9067,72.8147
2023-07-08T09:00,26.8,87,1004.8,Mumbai_Colaba,18.9067,72.8147
2023-07-08T10:00,27.8,82,1005,Mumbai_Colaba,18.9067,72.8147
2023-07-08T11:00,28.5,84,1004.8,Mumbai_Colaba,18.9067,72.8147
2023-07-08T12:00,28.1,85,1004.8,Mumbai_Colaba,18.9067,72.8147
2023-07-08T13:00,27.3,85,1004.3,Mumbai_Colaba,18.9067,72.8147
2023-07-08T14:00,27.4,85,1003.4,Mumbai_Colaba,18.9067,72.8147
2023-07-08T15:00,28.4,83,1002.9,Mumbai_Colaba,18.9067,72.8147
2023-07-08T16:00,28.7,79,1002.7,Mumbai_Colaba,18.9067,72.8147
2023-07-08T17:00,28.6,79,1003.1,Mumbai_Colaba,18.9067,72.8147
2023-07-08T18:00,28.2,81,1003.8,Mumbai_Colaba,18.9067,72.8147
2023-07-08T19:00,28.2,80,1004.3,Mumbai_Colaba,18.9067,72.8147
2023-07-08T20:00,27,83,1005.3,Mumbai_Colaba,18.9067,72.8147
2023-07-08T21:00,27,83,1005.7,Mumbai_Colaba,18.9067,72.8147
2023-07-08T22:00,27.2,84,1005.9,Mumbai_Colaba,18.9067,72.8147
2023-07-08T23:00,27.5,82,1005.3,Mumbai_Colaba,18.9067,72.8147
2023-07-09T00:00,27.1,84,1004.7,Mumbai_Colaba,18.9067,72.8147
2023-07-09T01:00,26.6,84,1004.1,Mumbai_Colaba,18.9067,72.8147
2023-07-09T02:00,26.7,87,1003.5,Mumbai_Colaba,18.9067,72.8147
2023-07-09T03:00,26.2,89,1003.5,Mumbai_Colaba,18.9067,72.8147
2023-07-09T04:00,27.2,83,1003.6,Mumbai_Colaba,18.9067,72.8147
2023-07-09T05:00,27.6,83,1003.6,Mumbai_Colaba,18.9067,72.8147
2023-07-09T06:00,27.2,82,1004.4,Mumbai_Colaba,18.9067,72.8147
2023-07-09T07:00,26.9,85,1004.7,Mumbai_Colaba,18.9067,72.8147
2023-07-09T08:00,27.5,83,1005.3,Mumbai_Colaba,18.9067,72.8147
2023-07-09T09:00,28,80,1005.7,Mumbai_Colaba,18.9067,72.8147
2023-07-09T10:00,28.6,80,1005.9,Mumbai_Colaba,18.9067,72.8147
2023-07-09T11:00,28.6,80,1005.6,Mumbai_Colaba,18.9067,72.8147
2023-07-09T12:00,28.2,80,1005.3,Mumbai_Colaba,18.9067,72.8147
2023-07-09T13:00,28.3,79,1005.2,Mumbai_Colaba,18.9067,72.8147
2023-07-09T14:00,27.5,82,1004.6,Mumbai_Colaba,18.9067,72.8147
2023-07-09T15:00,28.8,78,1004,Mumbai_Colaba,18.9067,72.8147
2023-07-09T16:00,27.9,81,1003.8,Mumbai_Colaba,18.9067,72.8147
2023-07-09T17:00,28,80,1004,Mumbai_Colaba,18.9067,72.8147
2023-07-09T18:00,28.1,82,1004.9,Mumbai_Colaba,18.9067,72.8147
2023-07-09T19:00,27.7,85,1005.3,Mumbai_Colaba,18.9067,72.8147
2023-07-09T20:00,27.3,82,1005.8,Mumbai_Colaba,18.9067,72.8147
2023-07-09T21:00,26.7,85,1006.4,Mumbai_Colaba,18.9067,72.8147
2023-07-09T22:00,27.6,83,1005.9,Mumbai_Colaba,18.9067,72.8147
2023-07-09T23:00,27.5,82,1005.6,Mumbai_Colaba,18.9067,72.8147
2023-07-10T00:00,27.3,83,1005.4,Mumbai_Colaba,18.9067,72.8147
2023-07-10T01:00,27.5,82,1005.1,Mumbai_Colaba,18.9067,72.8147
2023-07-10T02:00,27.4,83,1004.3,Mumbai_Colaba,18.9067,72.8147
2023-07-10T03:00,26.9,83,1004.4,Mumbai_Colaba,18.9067,72.8147
2023-07-10T04:00,26.7,83,1004.5,Mumbai_Colaba,18.9067,72.8147
2023-07-10T05:00,27.5,81,1004.3,Mumbai_Colaba,18.9067,72.8147
2023-07-10T06:00,27.1,82,1004.9,Mumbai_Colaba,18.9067,72.8147
2023-07-10T07:00,27.8,80,1005.2,Mumbai_Colaba,18.9067,72.8147
2023-07-10T08:00,27.8,81,1005.8,Mumbai_Colaba,18.9067,72.8147
2023-07-10T09:00,27.9,80,1006,Mumbai_Colaba,18.9067,72.8147
2023-07-10T10:00,27.9,80,1006.2,Mumbai_Colaba,18.9067,72.8147
2023-07-10T11:00,28,78,1006.2,Mumbai_Colaba,18.9067,72.8147
2023-07-10T12:00,27.7,81,1006,Mumbai_Colaba,18.9067,72.8147
2023-07-10T13:00,27.9,80,1005.5,Mumbai_Colaba,18.9067,72.8147
2023-07-10T14:00,27.9,82,1004.8,Mumbai_Colaba,18.9067,72.8147
2023-07-10T15:00,27.9,78,1004.5,Mumbai_Colaba,18.9067,72.8147
2023-07-10T16:00,28.6,79,1003.9,Mumbai_Colaba,18.9067,72.8147
2023-07-10T17:00,28.6,79,1004,Mumbai_Colaba,18.9067,72.8147
2023-07-10T18:00,28.5,79,1004.3,Mumbai_Colaba,18.9067,72.8147
2023-07-10T19:00,28.6,76,1005.4,Mumbai_Colaba,18.9067,72.8147
2023-07-10T20:00,28.4,79,1006.1,Mumbai_Colaba,18.9067,72.8147
2023-07-10T21:00,28.4,80,1006.5,Mumbai_Colaba,18.9067,72.8147
2023-07-10T22:00,28.3,81,1006.7,Mumbai_Colaba,18.9067,72.8147
2023-07-10T23:00,28.1,82,1006.5,Mumbai_Colaba,18.9067,72.8147
2023-07-11T00:00,28.1,81,1006.2,Mumbai_Colaba,18.9067,72.8147
2023-07-11T01:00,27.6,79,1005.5,Mumbai_Colaba,18.9067,72.8147
2023-07-11T02:00,27.2,82,1005,Mumbai_Colaba,18.9067,72.8147
2023-07-11T03:00,27,82,1004.9,Mumbai_Colaba,18.9067,72.8147
2023-07-11T04:00,26.4,86,1004.8,Mumbai_Colaba,18.9067,72.8147
2023-07-11T05:00,27.5,82,1004.6,Mumbai_Colaba,18.9067,72.8147
2023-07-11T06:00,27.3,83,1005.4,Mumbai_Colaba,18.9067,72.8147
2023-07-11T07:00,27.2,80,1005.8,Mumbai_Colaba,18.9067,72.8147
2023-07-11T08:00,28.2,80,1006.2,Mumbai_Colaba,18.9067,72.8147
2023-07-11T09:00,27.8,81,1006.6,Mumbai_Colaba,18.9067,72.8147
2023-07-11T10:00,27.8,79,1006.6,Mumbai_Colaba,18.9067,72.8147
2023-07-11T11:00,28.1,79,1006.8,Mumbai_Colaba,18.9067,72.8147
2023-07-11T12:00,28,78,1006.7,Mumbai_Colaba,18.9067,72.8147
2023-07-11T13:00,28.3,80,1005.8,Mumbai_Colaba,18.9067,72.8147
2023-07-11T14:00,28.1,80,1005,Mumbai_Colaba,18.9067,72.8147
2023-07-11T15:00,27.8,82,1004.6,Mumbai_Colaba,18.9067,72.8147
2023-07-11T16:00,28.4,78,1004.1,Mumbai_Colaba,18.9067,72.8147
2023-07-11T17:00,28.3,78,1003.9,Mumbai_Colaba,18.9067,72.8147
2023-07-11T18:00,28,80,1004.1,Mumbai_Colaba,18.9067,72.8147
2023-07-11T19:00,27,85,1005.2,Mumbai_Colaba,18.9067,72.8147
2023-07-11T20:00,27.5,82,1005.8,Mumbai_Colaba,18.9067,72.8147
2023-07-11T21:00,27.5,81,1006.5,Mumbai_Colaba,18.9067,72.8147
2023-07-11T22:00,26.5,89,1006.8,Mumbai_Colaba,18.9067,72.8147
2023-07-11T23:00,25.6,93,1006.5,Mumbai_Colaba,18.9067,72.8147
2023-07-12T00:00,25.3,94,1006,Mumbai_Colaba,18.9067,72.8147
2023-07-12T01:00,25.8,93,1005.3,Mumbai_Colaba,18.9067,72.8147
2023-07-12T02:00,25.9,88,1004.6,Mumbai_Colaba,18.9067,72.8147
2023-07-12T03:00,26,88,1004.3,Mumbai_Colaba,18.9067,72.8147
2023-07-12T04:00,26.2,87,1004.1,Mumbai_Colaba,18.9067,72.8147
2023-07-12T05:00,26.4,89,1003.5,Mumbai_Colaba,18.9067,72.8147
2023-07-12T06:00,26.4,87,1004.4,Mumbai_Colaba,18.9067,72.8147
2023-07-12T07:00,26.3,90,1004.8,Mumbai_Colaba,18.9067,72.8147
2023-07-12T08:00,26.6,88,1005.3,Mumbai_Colaba,18.9067,72.8147
2023-07-12T09:00,27.1,85,1005.7,Mumbai_Colaba,18.9067,72.8147
2023-07-12T10:00,27,85,1006,Mumbai_Colaba,18.9067,72.8147
2023-07-12T11:00,26.5,86,1005.4,Mumbai_Colaba,18.9067,72.8147
2023-07-12T12:00,26.6,86,1004.9,Mumbai_Colaba,18.9067,72.8147
2023-07-12T13:00,26.9,84,1004.3,Mumbai_Colaba,18.9067,72.8147
2023-07-12T14:00,26.2,89,1003.6,Mumbai_Colaba,18.9067,72.8147
2023-07-12T15:00,26.4,86,1003.3,Mumbai_Colaba,18.9067,72.8147
2023-07-12T16:00,26.7,86,1003,Mumbai_Colaba,18.9067,72.8147
2023-07-12T17:00,26.8,86,1002.8,Mumbai_Colaba,18.9067,72.8147
2023-07-12T18:00,27.2,86,1003,Mumbai_Colaba,18.9067,72.8147
2023-07-12T19:00,26.4,90,1004,Mumbai_Colaba,18.9067,72.8147
2023-07-12T20:00,26.3,88,1004.9,Mumbai_Colaba,18.9067,72.8147
2023-07-12T21:00,26.5,85,1005.4,Mumbai_Colaba,18.9067,72.8147
2023-07-12T22:00,25.8,91,1006,Mumbai_Colaba,18.9067,72.8147
2023-07-12T23:00,25.5,92,1005.6,Mumbai_Colaba,18.9067,72.8147
2023-07-13T00:00,25.4,93,1004.8,Mumbai_Colaba,18.9067,72.8147
2023-07-13T01:00,25.2,94,1004.2,Mumbai_Colaba,18.9067,72.8147
2023-07-13T02:00,25.1,93,1003.6,Mumbai_Colaba,18.9067,72.8147
2023-07-13T03:00,25.3,92,1003.4,Mumbai_Colaba,18.9067,72.8147
2023-07-13T04:00,25.2,93,1003.6,Mumbai_Colaba,18.9067,72.8147
2023-07-13T05:00,25.4,92,1003.1,Mumbai_Colaba,18.9067,72.8147
2023-07-13T06:00,25.6,91,1003.5,Mumbai_Colaba,18.9067,72.8147
2023-07-13T07:00,26,91,1004,Mumbai_Colaba,18.9067,72.8147
2023-07-13T08:00,26.9,87,1004.4,Mumbai_Colaba,18.9067,72.8147
2023-07-13T09:00,26.8,87,1005.1,Mumbai_Colaba,18.9067,72.8147
2023-07-13T10:00,27,84,1005.2,Mumbai_Colaba,18.9067,72.8147
2023-07-13T11:00,26.3,88,1005.3,Mumbai_Colaba,18.9067,72.8147
2023-07-13T12:00,26.7,84,1004.6,Mumbai_Colaba,18.9067,72.8147
2023-07-13T13:00,26.6,88,1004.2,Mumbai_Colaba,18.9067,72.8147
2023-07-13T14:00,26.7,84,1003.6,Mumbai_Colaba,18.9067,72.8147
2023-07-13T15:00,26.2,87,1003.7,Mumbai_Colaba,18.9067,72.8147
2023-07-13T16:00,26.6,87,1003.1,Mumbai_Colaba,18.9067,72.8147
2023-07-13T17:00,27.2,83,1003.1,Mumbai_Colaba,18.9067,72.8147
2023-07-13T18:00,26.7,86,1003.5,Mumbai_Colaba,18.9067,72.8147
2023-07-13T19:00,26.9,86,1004,Mumbai_Colaba,18.9067,72.8147
2023-07-13T20:00,26.7,86,1004.8,Mumbai_Colaba,18.9067,72.8147
2023-07-13T21:00,26.3,88,1005.7,Mumbai_Colaba,18.9067,72.8147
2023-07-13T22:00,26,90,1006.2,Mumbai_Colaba,18.9067,72.8147
2023-07-13T23:00,25.6,93,1006,Mumbai_Colaba,18.9067,72.8147
2023-07-14T00:00,25.5,93,1005.5,Mumbai_Colaba,18.9067,72.8147
2023-07-14T01:00,25.7,91,1005.3,Mumbai_Colaba,18.9067,72.8147
2023-07-14T02:00,26.3,87,1004.2,Mumbai_Colaba,18.9067,72.8147
2023-07-14T03:00,26.7,88,1004,Mumbai_Colaba,18.9067,72.8147
2023-07-14T04:00,26.2,86,1004.3,Mumbai_Colaba,18.9067,72.8147
2023-07-14T05:00,26.5,86,1004.1,Mumbai_Colaba,18.9067,72.8147
2023-07-14T06:00,26.5,88,1004.5,Mumbai_Colaba,18.9067,72.8147
2023-07-14T07:00,26.5,86,1005.6,Mumbai_Colaba,18.9067,72.8147
2023-07-14T08:00,26.7,87,1005.8,Mumbai_Colaba,18.9067,72.8147
2023-07-14T09:00,26.5,85,1006.5,Mumbai_Colaba,18.9067,72.8147
2023-07-14T10:00,26.4,87,1006.8,Mumbai_Colaba,18.9067,72.8147
2023-07-14T11:00,27.2,84,1006.3,Mumbai_Colaba,18.9067,72.8147
2023-07-14T12:00,26.6,87,1006,Mumbai_Colaba,18.9067,72.8147
2023-07-14T13:00,27,85,1005.4,Mumbai_Colaba,18.9067,72.8147
2023-07-14T14:00,26.6,86,1005.1,Mumbai_Colaba,18.9067,72.8147
2023-07-14T15:00,27.3,86,1004.1,Mumbai_Colaba,18.9067,72.8147
2023-07-14T16:00,26.3,88,1004.3,Mumbai_Colaba,18.9067,72.8147
2023-07-14T17:00,26.7,85,1005,Mumbai_Colaba,18.9067,72.8147
2023-07-14T18:00,26.6,86,1005.6,Mumbai_Colaba,18.9067,72.8147
2023-07-14T19:00,26.6,85,1006.2,Mumbai_Colaba,18.9067,72.8147
2023-07-14T20:00,26.7,87,1006.9,Mumbai_Colaba,18.9067,72.8147
2023-07-14T21:00,26.8,88,1007.3,Mumbai_Colaba,18.9067,72.8147
2023-07-14T22:00,26.8,87,1007.9,Mumbai_Colaba,18.9067,72.8147
2023-07-14T23:00,25.6,92,1008,Mumbai_Colaba,18.9067,72.8147
2023-07-15T00:00,25.4,93,1007.3,Mumbai_Colaba,18.9067,72.8147
2023-07-15T01:00,25.9,90,1006.4,Mumbai_Colaba,18.9067,72.8147
2023-07-15T02:00,26,90,1005.7,Mumbai_Colaba,18.9067,72.8147
2023-07-15T03:00,26.3,89,1005.2,Mumbai_Colaba,18.9067,72.8147
2023-07-15T04:00,25.6,91,1005.4,Mumbai_Colaba,18.9067,72.8147
2023-07-15T05:00,26.4,89,1005,Mumbai_Colaba,18.9067,72.8147
2023-07-15T06:00,27,85,1005.3,Mumbai_Colaba,18.9067,72.8147
2023-07-15T07:00,26.6,86,1006.1,Mumbai_Colaba,18.9067,72.8147
2023-07-15T08:00,26.5,86,1006.7,Mumbai_Colaba,18.9067,72.8147
2023-07-15T09:00,26.9,84,1007.1,Mumbai_Colaba,18.9067,72.8147
2023-07-15T10:00,25,93,1007.8,Mumbai_Colaba,18.9067,72.8147
2023-07-15T11:00,25.9,87,1007.9,Mumbai_Colaba,18.9067,72.8147
2023-07-15T12:00,25.8,87,1007.2,Mumbai_Colaba,18.9067,72.8147
2023-07-15T13:00,26.6,85,1006.4,Mumbai_Colaba,18.9067,72.8147
2023-07-15T14:00,26.8,84,1005.6,Mumbai_Colaba,18.9067,72.8147
2023-07-15T15:00,26.2,88,1005.2,Mumbai_Colaba,18.9067,72.8147
2023-07-15T16:00,26,87,1005.1,Mumbai_Colaba,18.9067,72.8147
2023-07-15T17:00,27,84,1005.2,Mumbai_Colaba,18.9067,72.8147
2023-07-15T18:00,26.4,86,1005.5,Mumbai_Colaba,18.9067,72.8147
2023-07-15T19:00,26.4,88,1005.9,Mumbai_Colaba,18.9067,72.8147
2023-07-15T20:00,26.6,87,1006.6,Mumbai_Colaba,18.9067,72.8147
2023-07-15T21:00,26.5,84,1007.1,Mumbai_Colaba,18.9067,72.8147
2023-07-15T22:00,26.5,87,1007.2,Mumbai_Colaba,18.9067,72.8147
2023-07-15T23:00,25.6,90,1007.2,Mumbai_Colaba,18.9067,72.8147
2023-07-16T00:00,25.6,91,1006.7,Mumbai_Colaba,18.9067,72.8147
2023-07-16T01:00,25.5,91,1006,Mumbai_Colaba,18.9067,72.8147
2023-07-16T02:00,25.7,90,1005.4,Mumbai_Colaba,18.9067,72.8147
2023-07-16T03:00,25.7,89,1005.2,Mumbai_Colaba,18.9067,72.8147
2023-07-16T04:00,25.1,91,1005.1,Mumbai_Colaba,18.9067,72.8147
2023-07-16T05:00,25.8,88,1004.3,Mumbai_Colaba,18.9067,72.8147
2023-07-16T06:00,25.7,90,1005.1,Mumbai_Colaba,18.9067,72.8147
2023-07-16T07:00,25.4,91,1005.9,Mumbai_Colaba,18.9067,72.8147
2023-07-16T08:00,26,88,1006.2,Mumbai_Colaba,18.9067,72.8147
2023-07-16T09:00,26.8,86,1006.3,Mumbai_Colaba,18.9067,72.8147
2023-07-16T10:00,25.9,88,1006.8,Mumbai_Colaba,18.9067,72.8147
2023-07-16T11:00,26.6,85,1006.6,Mumbai_Colaba,18.9067,72.8147
2023-07-16T12:00,26.9,83,1005.6,Mumbai_Colaba,18.9067,72.8147
2023-07-16T13:00,26.4,86,1004.8,Mumbai_Colaba,18.9067,72.8147
2023-07-16T14:00,26.9,85,1004.5,Mumbai_Colaba,18.9067,72.8147
2023-07-16T15:00,26.4,85,1004.3,Mumbai_Colaba,18.9067,72.8147
2023-07-16T16:00,26.5,86,1003.9,Mumbai_Colaba,18.9067,72.8147
2023-07-16T17:00,26.3,86,1004.2,Mumbai_Colaba,18.9067,72.8147
2023-07-16T18:00,25.5,89,1004.5,Mumbai_Colaba,18.9067,72.8147
2023-07-16T19:00,25.5,90,1005.1,Mumbai_Colaba,18.9067,72.8147
2023-07-16T20:00,26.3,86,1005.4,Mumbai_Colaba,18.9067,72.8147
2023-07-16T21:00,25.7,91,1006,Mumbai_Colaba,18.9067,72.8147
2023-07-16T22:00,25.5,91,1006.5,Mumbai_Colaba,18.9067,72.8147
2023-07-16T23:00,25.2,93,1006.5,Mumbai_Colaba,18.9067,72.8147
2023-07-17T00:00,25.6,90,1006.1,Mumbai_Colaba,18.9067,72.8147
2023-07-17T01:00,25.7,89,1005.3,Mumbai_Colaba,18.9067,72.8147
2023-07-17T02:00,25.7,89,1004.7,Mumbai_Colaba,18.9067,72.8147
2023-07-17T03:00,26.1,86,1004.3,Mumbai_Colaba,18.9067,72.8147
2023-07-17T04:00,25.6,89,1004.1,Mumbai_Colaba,18.9067,72.8147
2023-07-17T05:00,25.6,89,1003.7,Mumbai_Colaba,18.9067,72.8147
2023-07-17T06:00,25.6,90,1004.3,Mumbai_Colaba,18.9067,72.8147
2023-07-17T07:00,25.6,91,1004.8,Mumbai_Colaba,18.9067,72.8147
2023-07-17T08:00,25.8,90,1005.1,Mumbai_Colaba,18.9067,72.8147
2023-07-17T09:00,26.6,84,1005.6,Mumbai_Colaba,18.9067,72.8147
2023-07-17T10:00,26.2,87,1005.6,Mumbai_Colaba,18.9067,72.8147
2023-07-17T11:00,26.5,87,1005.5,Mumbai_Colaba,18.9067,72.8147
2023-07-17T12:00,26.6,85,1004.9,Mumbai_Colaba,18.9067,72.8147
2023-07-17T13:00,27,85,1004.2,Mumbai_Colaba,18.9067,72.8147
2023-07-17T14:00,27,84,1003.3,Mumbai_Colaba,18.9067,72.8147
2023-07-17T15:00,26.6,86,1002.7,Mumbai_Colaba,18.9067,72.8147
2023-07-17T16:00,27.2,85,1002,Mumbai_Colaba,18.9067,72.8147
2023-07-17T17:00,26.9,86,1002.3,Mumbai_Colaba,18.9067,72.8147
2023-07-17T18:00,27,86,1002.7,Mumbai_Colaba,18.9067,72.8147
2023-07-17T19:00,26.8,85,1003.1,Mumbai_Colaba,18.9067,72.8147
2023-07-17T20:00,26.5,87,1003.9,Mumbai_Colaba,18.9067,72.8147
2023-07-17T21:00,26.7,86,1004.7,Mumbai_Colaba,18.9067,72.8147
2023-07-17T22:00,26.3,88,1004.9,Mumbai_Colaba,18.9067,72.8147
2023-07-17T23:00,26.8,87,1004.7,Mumbai_Colaba,18.9067,72.8147
2023-07-18T00:00,26.7,86,1004.1,Mumbai_Colaba,18.9067,72.8147
2023-07-18T01:00,26.6,86,1003.6,Mumbai_Colaba,18.9067,72.8147
2023-07-18T02:00,26.2,90,1002.8,Mumbai_Colaba,18.9067,72.8147
2023-07-18T03:00,26.5,87,1002.5,Mumbai_Colaba,18.9067,72.8147
2023-07-18T04:00,26.5,88,1002.8,Mumbai_Colaba,18.9067,72.8147
2023-07-18T05:00,26.6,87,1002.5,Mumbai_Colaba,18.9067,72.8147
2023-07-18T06:00,26.4,87,1003,Mumbai_Colaba,18.9067,72.8147
2023-07-18T07:00,26.1,90,1004,Mumbai_Colaba,18.9067,72.8147
2023-07-18T08:00,26.8,87,1004.1,Mumbai_Colaba,18.9067,72.8147
2023-07-18T09:00,26.2,89,1004.7,Mumbai_Colaba,18.9067,72.8147
2023-07-18T10:00,26.7,85,1004.9,Mumbai_Colaba,18.9067,72.8147
2023-07-18T11:00,26.7,85,1004.6,Mumbai_Colaba,18.9067,72.8147
2023-07-18T12:00,26.7,87,1003.7,Mumbai_Colaba,18.9067,72.8147
2023-07-18T13:00,26.7,86,1003.2,Mumbai_Colaba,18.9067,72.8147
2023-07-18T14:00,27.1,85,1002.4,Mumbai_Colaba,18.9067,72.8147
2023-07-18T15:00,26.8,87,1001.8,Mumbai_Colaba,18.9067,72.8147
2023-07-18T16:00,26.9,87,1001.6,Mumbai_Colaba,18.9067,72.8147
2023-07-18T17:00,26.5,88,1001.3,Mumbai_Colaba,18.9067,72.8147
2023-07-18T18:00,26.5,87,1001.8,Mumbai_Colaba,18.9067,72.8147
2023-07-18T19:00,26.5,87,1002.5,Mumbai_Colaba,18.9067,72.8147
2023-07-18T20:00,26.6,87,1002.6,Mumbai_Colaba,18.9067,72.8147
2023-07-18T21:00,26.3,90,1002.9,Mumbai_Colaba,18.9067,72.8147
2023-07-18T22:00,26.6,86,1003.5,Mumbai_Colaba,18.9067,72.8147
2023-07-18T23:00,26.4,89,1002.9,Mumbai_Colaba,18.9067,72.8147
2023-07-19T00:00,26.9,87,1002.6,Mumbai_Colaba,18.9067,72.8147
2023-07-19T01:00,26.8,87,1001.6,Mumbai_Colaba,18.9067,72.8147
2023-07-19T02:00,26.4,89,1000.9,Mumbai_Colaba,18.9067,72.8147
2023-07-19T03:00,26.3,89,1000.8,Mumbai_Colaba,18.9067,72.8147
2023-07-19T04:00,26.5,86,1000.7,Mumbai_Colaba,18.9067,72.8147
2023-07-19T05:00,26.6,87,1000.8,Mumbai_Colaba,18.9067,72.8147
2023-07-19T06:00,26.8,86,1001,Mumbai_Colaba,18.9067,72.8147
2023-07-19T07:00,26.9,87,1001.8,Mumbai_Colaba,18.9067,72.8147
2023-07-19T08:00,26.7,89,1002.1,Mumbai_Colaba,18.9067,72.8147
2023-07-19T09:00,26.8,89,1002.3,Mumbai_Colaba,18.9067,72.8147
2023-07-19T10:00,26.9,88,1002.3,Mumbai_Colaba,18.9067,72.8147
2023-07-19T11:00,27,87,1002.1,Mumbai_Colaba,18.9067,72.8147
2023-07-19T12:00,26.9,89,1001.7,Mumbai_Colaba,18.9067,72.8147
2023-07-19T13:00,26.9,89,1001.2,Mumbai_Colaba,18.9067,72.8147
2023-07-19T14:00,26.8,89,1000.4,Mumbai_Colaba,18.9067,72.8147
2023-07-19T15:00,26.9,88,999.7,Mumbai_Colaba,18.9067,72.8147
2023-07-19T16:00,26.9,86,999.8,Mumbai_Colaba,18.9067,72.8147
2023-07-19T17:00,26.9,90,999.1,Mumbai_Colaba,18.9067,72.8147
2023-07-19T18:00,26.8,91,999.2,Mumbai_Colaba,18.9067,72.8147
2023-07-19T19:00,26.9,90,999.8,Mumbai_Colaba,18.9067,72.8147
2023-07-19T20:00,26.7,89,1000.6,Mumbai_Colaba,18.9067,72.8147
2023-07-19T21:00,26.6,89,1001.2,Mumbai_Colaba,18.9067,72.8147
2023-07-19T22:00,26.7,89,1001.7,Mumbai_Colaba,18.9067,72.8147
2023-07-19T23:00,26.6,88,1001.4,Mumbai_Colaba,18.9067,72.8147
2023-07-20T00:00,26.4,89,1001.1,Mumbai_Colaba,18.9067,72.8147
2023-07-20T01:00,26.2,88,1000.6,Mumbai_Colaba,18.9067,72.8147
2023-07-20T02:00,26.8,89,1000.1,Mumbai_Colaba,18.9067,72.8147
2023-07-20T03:00,26.7,88,1000.3,Mumbai_Colaba,18.9067,72.8147
2023-07-20T04:00,26.9,83,1000.3,Mumbai_Colaba,18.9067,72.8147
2023-07-20T05:00,27.9,84,999.8,Mumbai_Colaba,18.9067,72.8147
2023-07-20T06:00,27.6,81,1000.7,Mumbai_Colaba,18.9067,72.8147
2023-07-20T07:00,26.3,86,1001.6,Mumbai_Colaba,18.9067,72.8147
2023-07-20T08:00,26.6,86,1002.2,Mumbai_Colaba,18.9067,72.8147
2023-07-20T09:00,26.9,85,1002.1,Mumbai_Colaba,18.9067,72.8147
2023-07-20T10:00,26.2,89,1002.3,Mumbai_Colaba,18.9067,72.8147
2023-07-20T11:00,26.8,86,1002.5,Mumbai_Colaba,18.9067,72.8147
2023-07-20T12:00,27.2,83,1002.3,Mumbai_Colaba,18.9067,72.8147
2023-07-20T13:00,27.5,85,1001.2,Mumbai_Colaba,18.9067,72.8147
2023-07-20T14:00,27.7,83,1000.5,Mumbai_Colaba,18.9067,72.8147
2023-07-20T15:00,27.1,84,999.9,Mumbai_Colaba,18.9067,72.8147
2023-07-20T16:00,27.3,83,999.9,Mumbai_Colaba,18.9067,72.8147
2023-07-20T17:00,27.6,82,1000.4,Mumbai_Colaba,18.9067,72.8147
2023-07-20T18:00,27.8,81,1001.1,Mumbai_Colaba,18.9067,72.8147
2023-07-20T19:00,27.2,84,1001.8,Mumbai_Colaba,18.9067,72.8147
2023-07-20T20:00,26.5,86,1002.5,Mumbai_Colaba,18.9067,72.8147
2023-07-20T21:00,27.1,84,1003,Mumbai_Colaba,18.9067,72.8147
2023-07-20T22:00,27.1,81,1003.5,Mumbai_Colaba,18.9067,72.8147
2023-07-20T23:00,27,83,1003.2,Mumbai_Colaba,18.9067,72.8147
2023-07-21T00:00,25.8,90,1002.9,Mumbai_Colaba,18.9067,72.8147
2023-07-21T01:00,26,90,1002.1,Mumbai_Colaba,18.9067,72.8147
2023-07-21T02:00,26.1,87,1001.9,Mumbai_Colaba,18.9067,72.8147
2023-07-21T03:00,26.7,86,1001.8,Mumbai_Colaba,18.9067,72.8147
2023-07-21T04:00,26.7,85,1001.9,Mumbai_Colaba,18.9067,72.8147
2023-07-21T05:00,27.3,85,1001.4,Mumbai_Colaba,18.9067,72.8147
2023-07-21T06:00,26.7,87,1002.2,Mumbai_Colaba,18.9067,72.8147
2023-07-21T07:00,26.5,87,1002.9,Mumbai_Colaba,18.9067,72.8147
2023-07-21T08:00,26.9,86,1003.1,Mumbai_Colaba,18.9067,72.8147
2023-07-21T09:00,26.8,86,1003.6,Mumbai_Colaba,18.9067,72.8147
2023-07-21T10:00,26.6,88,1003.9,Mumbai_Colaba,18.9067,72.8147
2023-07-21T11:00,27.3,84,1003.9,Mumbai_Colaba,18.9067,72.8147
2023-07-21T12:00,26.7,88,1003.8,Mumbai_Colaba,18.9067,72.8147
2023-07-21T13:00,27.1,86,1003.2,Mumbai_Colaba,18.9067,72.8147
2023-07-21T14:00,26.9,86,1002.5,Mumbai_Colaba,18.9067,72.8147
2023-07-21T15:00,27,86,1002.4,Mumbai_Colaba,18.9067,72.8147
2023-07-21T16:00,27.3,85,1002.1,Mumbai_Colaba,18.9067,72.8147
2023-07-21T17:00,27.2,84,1002.3,Mumbai_Colaba,18.9067,72.8147
2023-07-21T18:00,27.1,86,1002.9,Mumbai_Colaba,18.9067,72.8147
2023-07-21T19:00,27.1,85,1003.4,Mumbai_Colaba,18.9067,72.8147
2023-07-21T20:00,27,86,1003.9,Mumbai_Colaba,18.9067,72.8147
2023-07-21T21:00,26.9,86,1004.6,Mumbai_Colaba,18.9067,72.8147
2023-07-21T22:00,27.6,83,1005.2,Mumbai_Colaba,18.9067,72.8147
2023-07-21T23:00,27.5,83,1005.2,Mumbai_Colaba,18.9067,72.8147
2023-07-22T00:00,27,87,1004.8,Mumbai_Colaba,18.9067,72.8147
2023-07-22T01:00,27,86,1004.2,Mumbai_Colaba,18.9067,72.8147
2023-07-22T02:00,26.5,85,1004,Mumbai_Colaba,18.9067,72.8147
2023-07-22T03:00,26.8,88,1003.4,Mumbai_Colaba,18.9067,72.8147
2023-07-22T04:00,27,84,1003.5,Mumbai_Colaba,18.9067,72.8147
2023-07-22T05:00,26.9,85,1003.5,Mumbai_Colaba,18.9067,72.8147
2023-07-22T06:00,26.9,86,1003.6,Mumbai_Colaba,18.9067,72.8147
2023-07-22T07:00,26.9,86,1003.8,Mumbai_Colaba,18.9067,72.8147
2023-07-22T08:00,27.2,84,1004.2,Mumbai_Colaba,18.9067,72.8147
2023-07-22T09:00,27.2,86,1004.4,Mumbai_Colaba,18.9067,72.8147
2023-07-22T10:00,27.1,85,1004.5,Mumbai_Colaba,18.9067,72.8147
2023-07-22T11:00,26.7,86,1004.5,Mumbai_Colaba,18.9067,72.8147
2023-07-22T12:00,27.1,84,1004.2,Mumbai_Colaba,18.9067,72.8147
2023-07-22T13:00,26.5,86,1003.9,Mumbai_Colaba,18.9067,72.8147
2023-07-22T14:00,26.9,85,1003.2,Mumbai_Colaba,18.9067,72.8147
2023-07-22T15:00,26.3,90,1002.8,Mumbai_Colaba,18.9067,72.8147
2023-07-22T16:00,26.7,87,1002.4,Mumbai_Colaba,18.9067,72.8147
2023-07-22T17:00,26.2,89,1002.6,Mumbai_Colaba,18.9067,72.8147
2023-07-22T18:00,25.9,91,1002.6,Mumbai_Colaba,18.9067,72.8147
2023-07-22T19:00,26,87,1003,Mumbai_Colaba,18.9067,72.8147
2023-07-22T20:00,26.2,88,1003.8,Mumbai_Colaba,18.9067,72.8147
2023-07-22T21:00,26.4,87,1004.4,Mumbai_Colaba,18.9067,72.8147
2023-07-22T22:00,26.7,87,1004.6,Mumbai_Colaba,18.9067,72.8147
2023-07-22T23:00,26.4,87,1004.5,Mumbai_Colaba,18.9067,72.8147
2023-07-23T00:00,26.4,87,1003.8,Mumbai_Colaba,18.9067,72.8147
2023-07-23T01:00,26.5,88,1002.8,Mumbai_Colaba,18.9067,72.8147
2023-07-23T02:00,26.8,88,1002.1,Mumbai_Colaba,18.9067,72.8147
2023-07-23T03:00,26.4,87,1002,Mumbai_Colaba,18.9067,72.8147
2023-07-23T04:00,26.4,89,1001.8,Mumbai_Colaba,18.9067,72.8147
2023-07-23T05:00,26.8,87,1001.9,Mumbai_Colaba,18.9067,72.8147
2023-07-23T06:00,26.8,87,1002,Mumbai_Colaba,18.9067,72.8147
2023-07-23T07:00,26.5,89,1002.8,Mumbai_Colaba,18.9067,72.8147
2023-07-23T08:00,27.1,85,1003,Mumbai_Colaba,18.9067,72.8147
2023-07-23T09:00,27.2,85,1003.5,Mumbai_Colaba,18.9067,72.8147
2023-07-23T10:00,27.2,85,1003.9,Mumbai_Colaba,18.9067,72.8147
2023-07-23T11:00,27.5,84,1003.8,Mumbai_Colaba,18.9067,72.8147
2023-07-23T12:00,27.6,86,1003.5,Mumbai_Colaba,18.9067,72.8147
2023-07-23T13:00,27.7,86,1002.7,Mumbai_Colaba,18.9067,72.8147
2023-07-23T14:00,27.6,86,1002.2,Mumbai_Colaba,18.9067,72.8147
2023-07-23T15:00,27.2,84,1001.7,Mumbai_Colaba,18.9067,72.8147
2023-07-23T16:00,27.3,87,1001.5,Mumbai_Colaba,18.9067,72.8147
2023-07-23T17:00,26.9,86,1001.4,Mumbai_Colaba,18.9067,72.8147
2023-07-23T18:00,26.9,85,1001.7,Mumbai_Colaba,18.9067,72.8147
2023-07-23T19:00,26.7,85,1002.7,Mumbai_Colaba,18.9067,72.8147
2023-07-23T20:00,26.6,86,1003.1,Mumbai_Colaba,18.9067,72.8147
2023-07-23T21:00,26.7,85,1003.5,Mumbai_Colaba,18.9067,72.8147
2023-07-23T22:00,26.6,88,1004,Mumbai_Colaba,18.9067,72.8147
2023-07-23T23:00,26.4,89,1003.9,Mumbai_Colaba,18.9067,72.8147
2023-07-24T00:00,26.7,87,1003.2,Mumbai_Colaba,18.9067,72.8147
2023-07-24T01:00,26.1,90,1002.7,Mumbai_Colaba,18.9067,72.8147
2023-07-24T02:00,26.3,89,1001.8,Mumbai_Colaba,18.9067,72.8147
2023-07-24T03:00,26.6,87,1001.8,Mumbai_Colaba,18.9067,72.8147
2023-07-24T04:00,26.7,86,1001.8,Mumbai_Colaba,18.9067,72.8147
2023-07-24T05:00,27.3,85,1002.2,Mumbai_Colaba,18.9067,72.8147
2023-07-24T06:00,26,90,1002.9,Mumbai_Colaba,18.9067,72.8147
2023-07-24T07:00,26.6,86,1003.6,Mumbai_Colaba,18.9067,72.8147
2023-07-24T08:00,26.8,86,1003.8,Mumbai_Colaba,18.9067,72.8147
2023-07-24T09:00,26,89,1004.6,Mumbai_Colaba,18.9067,72.8147
2023-07-24T10:00,26.3,87,1004.5,Mumbai_Colaba,18.9067,72.8147
2023-07-24T11:00,26.7,87,1003.9,Mumbai_Colaba,18.9067,72.8147
2023-07-24T12:00,27.3,85,1003.3,Mumbai_Colaba,18.9067,72.8147
2023-07-24T13:00,27.5,83,1002.8,Mumbai_Colaba,18.9067,72.8147
2023-07-24T14:00,27.3,84,1002.1,Mumbai_Colaba,18.9067,72.8147
2023-07-24T15:00,27.1,83,1001.8,Mumbai_Colaba,18.9067,72.8147
2023-07-24T16:00,26.7,85,1001.4,Mumbai_Colaba,18.9067,72.8147
2023-07-24T17:00,26.9,84,1001.5,Mumbai_Colaba,18.9067,72.8147
2023-07-24T18:00,26.6,86,1001.9,Mumbai_Colaba,18.9067,72.8147
2023-07-24T19:00,26.6,86,1002.7,Mumbai_Colaba,18.9067,72.8147
2023-07-24T20:00,26.8,85,1003.3,Mumbai_Colaba,18.9067,72.8147
2023-07-24T21:00,26.9,85,1004.2,Mumbai_Colaba,18.9067,72.8147
2023-07-24T22:00,26.3,88,1005.3,Mumbai_Colaba,18.9067,72.8147
2023-07-24T23:00,26.6,86,1005.6,Mumbai_Colaba,18.9067,72.8147
2023-07-25T00:00,26.4,86,1005.3,Mumbai_Colaba,18.9067,72.8147
2023-07-25T01:00,26.7,86,1004.6,Mumbai_Colaba,18.9067,72.8147
2023-07-25T02:00,26,87,1004.2,Mumbai_Colaba,18.9067,72.8147
2023-07-25T03:00,26.1,89,1003.7,Mumbai_Colaba,18.9067,72.8147
2023-07-25T04:00,26.1,86,1003.8,Mumbai_Colaba,18.9067,72.8147
2023-07-25T05:00,27.1,86,1003.2,Mumbai_Colaba,18.9067,72.8147
2023-07-25T06:00,26.7,86,1003.8,Mumbai_Colaba,18.9067,72.8147
2023-07-25T07:00,26.2,86,1004.5,Mumbai_Colaba,18.9067,72.8147
2023-07-25T08:00,26.6,86,1005,Mumbai_Colaba,18.9067,72.8147
2023-07-25T09:00,26.6,85,1005.6,Mumbai_Colaba,18.9067,72.8147
2023-07-25T10:00,26.5,87,1005.7,Mumbai_Colaba,18.9067,72.8147
2023-07-25T11:00,26.4,86,1005.8,Mumbai_Colaba,18.9067,72.8147
2023-07-25T12:00,26.9,85,1005.3,Mumbai_Colaba,18.9067,72.8147
2023-07-25T13:00,26.2,86,1005,Mumbai_Colaba,18.9067,72.8147
2023-07-25T14:00,26.3,85,1004.7,Mumbai_Colaba,18.9067,72.8147
2023-07-25T15:00,26.7,86,1003.8,Mumbai_Colaba,18.9067,72.8147
2023-07-25T16:00,26,90,1003.8,Mumbai_Colaba,18.9067,72.8147
2023-07-25T17:00,26,89,1004.1,Mumbai_Colaba,18.9067,72.8147
2023-07-25T18:00,26.5,87,1004.3,Mumbai_Colaba,18.9067,72.8147
2023-07-25T19:00,25.9,91,1004.7,Mumbai_Colaba,18.9067,72.8147
2023-07-25T20:00,26.7,87,1005.6,Mumbai_Colaba,18.9067,72.8147
2023-07-25T21:00,26.5,88,1006.2,Mumbai_Colaba,18.9067,72.8147
2023-07-25T22:00,26.1,89,1007,Mumbai_Colaba,18.9067,72.8147
2023-07-25T23:00,26.2,89,1006.6,Mumbai_Colaba,18.9067,72.8147
2023-07-26T00:00,26,89,1006,Mumbai_Colaba,18.9067,72.8147
2023-07-26T01:00,25.9,90,1005.6,Mumbai_Colaba,18.9067,72.8147
2023-07-26T02:00,25.9,87,1005,Mumbai_Colaba,18.9067,72.8147
2023-07-26T03:00,26.2,87,1004.8,Mumbai_Colaba,18.9067,72.8147
2023-07-26T04:00,26.2,87,1004.3,Mumbai_Colaba,18.9067,72.8147
2023-07-26T05:00,26.4,86,1004.6,Mumbai_Colaba,18.9067,72.8147
2023-07-26T06:00,26.2,87,1005.3,Mumbai_Colaba,18.9067,72.8147
2023-07-26T07:00,26.1,89,1005.8,Mumbai_Colaba,18.9067,72.8147
2023-07-26T08:00,26.7,85,1006.3,Mumbai_Colaba,18.9067,72.8147
2023-07-26T09:00,26.5,86,1006.7,Mumbai_Colaba,18.9067,72.8147
2023-07-26T10:00,25.9,88,1007.4,Mumbai_Colaba,18.9067,72.8147
2023-07-26T11:00,26.2,89,1006.9,Mumbai_Colaba,18.9067,72.8147
2023-07-26T12:00,27.1,84,1006.5,Mumbai_Colaba,18.9067,72.8147
2023-07-26T13:00,26.7,87,1005.8,Mumbai_Colaba,18.9067,72.8147
2023-07-26T14:00,26.8,87,1005.7,Mumbai_Colaba,18.9067,72.8147
2023-07-26T15:00,26.6,87,1004.9,Mumbai_Colaba,18.9067,72.8147
2023-07-26T16:00,26.1,89,1004.9,Mumbai_Colaba,18.9067,72.8147
2023-07-26T17:00,26.3,90,1004.6,Mumbai_Colaba,18.9067,72.8147
2023-07-26T18:00,26.6,90,1005.1,Mumbai_Colaba,18.9067,72.8147
2023-07-26T19:00,26.9,87,1005.9,Mumbai_Colaba,18.9067,72.8147
2023-07-26T20:00,26.6,87,1006.5,Mumbai_Colaba,18.9067,72.8147
2023-07-26T21:00,26.5,89,1006.9,Mumbai_Colaba,18.9067,72.8147
2023-07-26T22:00,26.8,86,1007.2,Mumbai_Colaba,18.9067,72.8147
2023-07-26T23:00,26.3,88,1007.4,Mumbai_Colaba,18.9067,72.8147
2023-07-27T00:00,26.7,87,1007,Mumbai_Colaba,18.9067,72.8147
2023-07-27T01:00,26.2,88,1006.4,Mumbai_Colaba,18.9067,72.8147
2023-07-27T02:00,26.4,89,1005.8,Mumbai_Colaba,18.9067,72.8147
2023-07-27T03:00,26.4,88,1005.4,Mumbai_Colaba,18.9067,72.8147
2023-07-27T04:00,26.4,88,1005.1,Mumbai_Colaba,18.9067,72.8147
2023-07-27T05:00,26.7,89,1005.4,Mumbai_Colaba,18.9067,72.8147
2023-07-27T06:00,26.7,89,1005.6,Mumbai_Colaba,18.9067,72.8147
2023-07-27T07:00,26.6,86,1006.5,Mumbai_Colaba,18.9067,72.8147
2023-07-27T08:00,26.7,87,1006.8,Mumbai_Colaba,18.9067,72.8147
2023-07-27T09:00,27.1,83,1007.2,Mumbai_Colaba,18.9067,72.8147
2023-07-27T10:00,26.9,85,1007.1,Mumbai_Colaba,18.9067,72.8147
2023-07-27T11:00,26.7,87,1007.1,Mumbai_Colaba,18.9067,72.8147
2023-07-27T12:00,27,85,1006.4,Mumbai_Colaba,18.9067,72.8147
2023-07-27T13:00,26.8,84,1006.2,Mumbai_Colaba,18.9067,72.8147
2023-07-27T14:00,26.7,84,1005.5,Mumbai_Colaba,18.9067,72.8147
2023-07-27T15:00,26.7,85,1005,Mumbai_Colaba,18.9067,72.8147
2023-07-27T16:00,26.2,85,1005.3,Mumbai_Colaba,18.9067,72.8147
2023-07-27T17:00,26.9,83,1004.9,Mumbai_Colaba,18.9067,72.8147
2023-07-27T18:00,26.4,86,1005.6,Mumbai_Colaba,18.9067,72.8147
2023-07-27T19:00,26.2,86,1006.1,Mumbai_Colaba,18.9067,72.8147
2023-07-27T20:00,27.1,82,1006.7,Mumbai_Colaba,18.9067,72.8147
2023-07-27T21:00,27,83,1007.3,Mumbai_Colaba,18.9067,72.8147
2023-07-27T22:00,26.9,84,1007.7,Mumbai_Colaba,18.9067,72.8147
2023-07-27T23:00,26.7,86,1007.5,Mumbai_Colaba,18.9067,72.8147
2023-07-28T00:00,26.1,87,1006.8,Mumbai_Colaba,18.9067,72.8147
2023-07-28T01:00,25.9,89,1006.3,Mumbai_Colaba,18.9067,72.8147
2023-07-28T02:00,26.1,87,1005.4,Mumbai_Colaba,18.9067,72.8147
2023-07-28T03:00,26,87,1005.5,Mumbai_Colaba,18.9067,72.8147
2023-07-28T04:00,25.5,90,1005.2,Mumbai_Colaba,18.9067,72.8147
2023-07-28T05:00,26.1,87,1005,Mumbai_Colaba,18.9067,72.8147
2023-07-28T06:00,26.4,85,1005.5,Mumbai_Colaba,18.9067,72.8147
2023-07-28T07:00,26,88,1006.3,Mumbai_Colaba,18.9067,72.8147
2023-07-28T08:00,26.4,86,1007,Mumbai_Colaba,18.9067,72.8147
2023-07-28T09:00,26.1,86,1007.3,Mumbai_Colaba,18.9067,72.8147
2023-07-28T10:00,26.7,86,1007.3,Mumbai_Colaba,18.9067,72.8147
2023-07-28T11:00,26.9,85,1007.1,Mumbai_Colaba,18.9067,72.8147
2023-07-28T12:00,26.6,86,1007.2,Mumbai_Colaba,18.9067,72.8147
2023-07-28T13:00,26.1,89,1006.7,Mumbai_Colaba,18.9067,72.8147
2023-07-28T14:00,26.6,86,1006.1,Mumbai_Colaba,18.9067,72.8147
2023-07-28T15:00,26.8,85,1005.8,Mumbai_Colaba,18.9067,72.8147
2023-07-28T16:00,26.7,86,1005.6,Mumbai_Colaba,18.9067,72.8147
2023-07-28T17:00,26.3,87,1006,Mumbai_Colaba,18.9067,72.8147
2023-07-28T18:00,26.1,88,1005.7,Mumbai_Colaba,18.9067,72.8147
2023-07-28T19:00,25.9,88,1006.6,Mumbai_Colaba,18.9067,72.8147
2023-07-28T20:00,26.3,87,1007,Mumbai_Colaba,18.9067,72.8147
2023-07-28T21:00,27.2,85,1007.3,Mumbai_Colaba,18.9067,72.8147
2023-07-28T22:00,26.8,83,1007.7,Mumbai_Colaba,18.9067,72.8147
2023-07-28T23:00,26.5,83,1007.3,Mumbai_Colaba,18.9067,72.8147
2023-07-29T00:00,26.3,84,1006.9,Mumbai_Colaba,18.9067,72.8147
2023-07-29T01:00,26.4,84,1006.1,Mumbai_Colaba,18.9067,72.8147
2023-07-29T02:00,26.6,82,1005.5,Mumbai_Colaba,18.9067,72.8147
2023-07-29T03:00,26.6,86,1005.3,Mumbai_Colaba,18.9067,72.8147
2023-07-29T04:00,26.6,84,1005.3,Mumbai_Colaba,18.9067,72.8147
2023-07-29T05:00,27.2,85,1005.2,Mumbai_Colaba,18.9067,72.8147
2023-07-29T06:00,26.7,84,1005.7,Mumbai_Colaba,18.9067,72.8147
2023-07-29T07:00,27.3,79,1006.3,Mumbai_Colaba,18.9067,72.8147
2023-07-29T08:00,26.4,84,1007.4,Mumbai_Colaba,18.9067,72.8147
2023-07-29T09:00,27,82,1007.8,Mumbai_Colaba,18.9067,72.8147
2023-07-29T10:00,26.6,84,1008.3,Mumbai_Colaba,18.9067,72.8147
2023-07-29T11:00,27.5,80,1007.9,Mumbai_Colaba,18.9067,72.8147
2023-07-29T12:00,27.4,80,1007.6,Mumbai_Colaba,18.9067,72.8147
2023-07-29T13:00,26.8,84,1007,Mumbai_Colaba,18.9067,72.8147
2023-07-29T14:00,26.9,84,1006.4,Mumbai_Colaba,18.9067,72.8147
2023-07-29T15:00,27.1,86,1005.9,Mumbai_Colaba,18.9067,72.8147
2023-07-29T16:00,27.5,81,1005.5,Mumbai_Colaba,18.9067,72.8147
2023-07-29T17:00,27.1,84,1006,Mumbai_Colaba,18.9067,72.8147
2023-07-29T18:00,27.7,81,1006.1,Mumbai_Colaba,18.9067,72.8147
2023-07-29T19:00,27.3,80,1006.4,Mumbai_Colaba,18.9067,72.8147
2023-07-29T20:00,27.3,81,1007.2,Mumbai_Colaba,18.9067,72.8147
2023-07-29T21:00,27.3,81,1007.5,Mumbai_Colaba,18.9067,72.8147
2023-07-29T22:00,27.3,82,1007.9,Mumbai_Colaba,18.9067,72.8147
2023-07-29T23:00,27.2,83,1007.1,Mumbai_Colaba,18.9067,72.8147
2023-07-30T00:00,27.2,82,1006.5,Mumbai_Colaba,18.9067,72.8147
2023-07-30T01:00,27.1,83,1005.8,Mumbai_Colaba,18.9067,72.8147
2023-07-30T02:00,26.8,82,1005.5,Mumbai_Colaba,18.9067,72.8147
2023-07-30T03:00,27.1,80,1005.2,Mumbai_Colaba,18.9067,72.8147
2023-07-30T04:00,27,83,1005,Mumbai_Colaba,18.9067,72.8147
2023-07-30T05:00,26.8,83,1005.4,Mumbai_Colaba,18.9067,72.8147
2023-07-30T06:00,27.2,82,1005.7,Mumbai_Colaba,18.9067,72.8147
2023-07-30T07:00,26.5,85,1006.4,Mumbai_Colaba,18.9067,72.8147
2023-07-30T08:00,26.8,83,1007.1,Mumbai_Colaba,18.9067,72.8147
2023-07-30T09:00,27.2,83,1007.5,Mumbai_Colaba,18.9067,72.8147
2023-07-30T10:00,27.2,83,1007.4,Mumbai_Colaba,18.9067,72.8147
2023-07-30T11:00,26.9,82,1007.3,Mumbai_Colaba,18.9067,72.8147
2023-07-30T12:00,28,79,1006.6,Mumbai_Colaba,18.9067,72.8147
2023-07-30T13:00,28,79,1006,Mumbai_Colaba,18.9067,72.8147
2023-07-30T14:00,27.3,82,1005,Mumbai_Colaba,18.9067,72.8147
2023-07-30T15:00,26.8,84,1004.4,Mumbai_Colaba,18.9067,72.8147
2023-07-30T16:00,27,81,1004.1,Mumbai_Colaba,18.9067,72.8147
2023-07-30T17:00,27.9,78,1004.3,Mumbai_Colaba,18.9067,72.8147
2023-07-30T18:00,27.5,83,1004.4,Mumbai_Colaba,18.9067,72.8147
2023-07-30T19:00,26.5,85,1005,Mumbai_Colaba,18.9067,72.8147
2023-07-30T20:00,26.4,84,1005.5,Mumbai_Colaba,18.9067,72.8147
2023-07-30T21:00,26.8,85,1006.2,Mumbai_Colaba,18.9067,72.8147
2023-07-30T22:00,26.6,84,1006.7,Mumbai_Colaba,18.9067,72.8147
2023-07-30T23:00,26.9,82,1006.5,Mumbai_Colaba,18.9067,72.8147
2023-07-31T00:00,26.8,83,1005.7,Mumbai_Colaba,18.9067,72.8147
2023-07-31T01:00,26.2,86,1005.1,Mumbai_Colaba,18.9067,72.8147
2023-07-31T02:00,26.6,83,1004.4,Mumbai_Colaba,18.9067,72.8147
2023-07-31T03:00,26.6,83,1004.2,Mumbai_Colaba,18.9067,72.8147
2023-07-31T04:00,27.1,81,1004.1,Mumbai_Colaba,18.9067,72.8147
2023-07-31T05:00,26.3,87,1004.1,Mumbai_Colaba,18.9067,72.8147
2023-07-31T06:00,26.9,84,1004.5,Mumbai_Colaba,18.9067,72.8147
2023-07-31T07:00,26.4,87,1005.1,Mumbai_Colaba,18.9067,72.8147
2023-07-31T08:00,27.2,84,1005.9,Mumbai_Colaba,18.9067,72.8147
2023-07-31T09:00,27,84,1006.6,Mumbai_Colaba,18.9067,72.8147
2023-07-31T10:00,27.2,82,1006.8,Mumbai_Colaba,18.9067,72.8147
2023-07-31T11:00,27,83,1006.9,Mumbai_Colaba,18.9067,72.8147
2023-07-31T12:00,27.5,81,1006.4,Mumbai_Colaba,18.9067,72.8147
2023-07-31T13:00,27.4,82,1005.7,Mumbai_Colaba,18.9067,72.8147
2023-07-31T14:00,27.8,81,1004.7,Mumbai_Colaba,18.9067,72.8147
2023-07-31T15:00,27.6,82,1004.3,Mumbai_Colaba,18.9067,72.8147
2023-07-31T16:00,27.7,83,1004,Mumbai_Colaba,18.9067,72.8147
2023-07-31T17:00,26.9,83,1004.5,Mumbai_Colaba,18.9067,72.8147
2023-07-31T18:00,27,83,1004.5,Mumbai_Colaba,18.9067,72.8147
2023-07-31T19:00,26.7,84,1004.9,Mumbai_Colaba,18.9067,72.8147
2023-07-31T20:00,27.1,84,1005.4,Mumbai_Colaba,18.9067,72.8147
2023-07-31T21:00,26.8,85,1006.3,Mumbai_Colaba,18.9067,72.8147
2023-07-31T22:00,27.2,82,1006.8,Mumbai_Colaba,18.9067,72.8147
2023-07-31T23:00,26.9,84,1006.6,Mumbai_Colaba,18.9067,72.8147
2023-08-01T00:00,27,85,1005.9,Mumbai_Colaba,18.9067,72.8147
2023-08-01T01:00,26.5,86,1005.2,Mumbai_Colaba,18.9067,72.8147
2023-08-01T02:00,26.3,87,1004.8,Mumbai_Colaba,18.9067,72.8147
2023-08-01T03:00,26.8,85,1004.6,Mumbai_Colaba,18.9067,72.8147
2023-08-01T04:00,26.8,87,1004.3,Mumbai_Colaba,18.9067,72.8147
2023-08-01T05:00,26.7,86,1004.5,Mumbai_Colaba,18.9067,72.8147
2023-08-01T06:00,26.3,87,1004.9,Mumbai_Colaba,18.9067,72.8147
2023-08-01T07:00,26.5,87,1005.5,Mumbai_Colaba,18.9067,72.8147
2023-08-01T08:00,26.8,86,1005.7,Mumbai_Colaba,18.9067,72.8147
2023-08-01T09:00,27,85,1006.1,Mumbai_Colaba,18.9067,72.8147
2023-08-01T10:00,27.5,82,1006.5,Mumbai_Colaba,18.9067,72.8147
2023-08-01T11:00,26.9,84,1006.4,Mumbai_Colaba,18.9067,72.8147
2023-08-01T12:00,27.7,80,1006,Mumbai_Colaba,18.9067,72.8147
2023-08-01T13:00,27.6,78,1005.4,Mumbai_Colaba,18.9067,72.8147
2023-08-01T14:00,27.6,80,1004.9,Mumbai_Colaba,18.9067,72.8147
2023-08-01T15:00,27.8,80,1004.6,Mumbai_Colaba,18.9067,72.8147
2023-08-01T16:00,27.2,81,1004.3,Mumbai_Colaba,18.9067,72.8147
2023-08-01T17:00,27.7,79,1004.8,Mumbai_Colaba,18.9067,72.8147
2023-08-01T18:00,27.3,83,1005.1,Mumbai_Colaba,18.9067,72.8147
2023-08-01T19:00,26.9,81,1005.5,Mumbai_Colaba,18.9067,72.8147
2023-08-01T20:00,27.2,84,1005.9,Mumbai_Colaba,18.9067,72.8147
2023-08-01T21:00,26.6,85,1006.2,Mumbai_Colaba,18.9067,72.8147
2023-08-01T22:00,26.8,83,1006.7,Mumbai_Colaba,18.9067,72.8147
2023-08-01T23:00,27.1,80,1006.4,Mumbai_Colaba,18.9067,72.8147
2023-08-02T00:00,27,82,1005.9,Mumbai_Colaba,18.9067,72.8147
2023-08-02T01:00,26.9,82,1005.5,Mumbai_Colaba,18.9067,72.8147
2023-08-02T02:00,26.9,84,1005.1,Mumbai_Colaba,18.9067,72.8147
2023-08-02T03:00,26.8,83,1005,Mumbai_Colaba,18.9067,72.8147
2023-08-02T04:00,26.9,81,1004.9,Mumbai_Colaba,18.9067,72.8147
2023-08-02T05:00,27.3,80,1005.2,Mumbai_Colaba,18.9067,72.8147
2023-08-02T06:00,27,81,1005.7,Mumbai_Colaba,18.9067,72.8147
2023-08-02T07:00,26.8,83,1006.1,Mumbai_Colaba,18.9067,72.8147
2023-08-02T08:00,25.6,87,1006.9,Mumbai_Colaba,18.9067,72.8147
2023-08-02T09:00,26,86,1007.3,Mumbai_Colaba,18.9067,72.8147
2023-08-02T10:00,25.9,88,1007.4,Mumbai_Colaba,18.9067,72.8147
2023-08-02T11:00,27.4,81,1007.3,Mumbai_Colaba,18.9067,72.8147
2023-08-02T12:00,27.8,82,1006.8,Mumbai_Colaba,18.9067,72.8147
2023-08-02T13:00,27.4,81,1006.2,Mumbai_Colaba,18.9067,72.8147
2023-08-02T14:00,27.3,83,1005.7,Mumbai_Colaba,18.9067,72.8147
2023-08-02T15:00,27.7,82,1005.1,Mumbai_Colaba,18.9067,72.8147
2023-08-02T16:00,27.4,81,1004.9,Mumbai_Colaba,18.9067,72.8147
2023-08-02T17:00,27.3,82,1005.7,Mumbai_Colaba,18.9067,72.8147
2023-08-02T18:00,26.9,83,1005.9,Mumbai_Colaba,18.9067,72.8147
2023-08-02T19:00,27.4,82,1006,Mumbai_Colaba,18.9067,72.8147
2023-08-02T20:00,26.3,86,1006.5,Mumbai_Colaba,18.9067,72.8147
2023-08-02T21:00,26.9,86,1006.7,Mumbai_Colaba,18.9067,72.8147
2023-08-02T22:00,27.1,84,1006.7,Mumbai_Colaba,18.9067,72.8147
2023-08-02T23:00,26.4,86,1006.4,Mumbai_Colaba,18.9067,72.8147
2023-08-03T00:00,26.4,85,1005.8,Mumbai_Colaba,18.9067,72.8147
2023-08-03T01:00,26.4,86,1005.3,Mumbai_Colaba,18.9067,72.8147
2023-08-03T02:00,26.9,88,1004.7,Mumbai_Colaba,18.9067,72.8147
2023-08-03T03:00,26.8,86,1004.6,Mumbai_Colaba,18.9067,72.8147
2023-08-03T04:00,26.6,84,1004.8,Mumbai_Colaba,18.9067,72.8147
2023-08-03T05:00,27.3,85,1004.6,Mumbai_Colaba,18.9067,72.8147
2023-08-03T06:00,27.5,80,1004.9,Mumbai_Colaba,18.9067,72.8147
2023-08-03T07:00,27.4,83,1005.3,Mumbai_Colaba,18.9067,72.8147
2023-08-03T08:00,27.5,80,1006.2,Mumbai_Colaba,18.9067,72.8147
2023-08-03T09:00,27.7,80,1006.3,Mumbai_Colaba,18.9067,72.8147
2023-08-03T10:00,27.7,80,1006.3,Mumbai_Colaba,18.9067,72.8147
2023-08-03T11:00,27.6,81,1006.5,Mumbai_Colaba,18.9067,72.8147
2023-08-03T12:00,28.1,80,1005.8,Mumbai_Colaba,18.9067,72.8147
2023-08-03T13:00,28.1,81,1005.4,Mumbai_Colaba,18.9067,72.8147
2023-08-03T14:00,27.8,82,1004.7,Mumbai_Colaba,18.9067,72.8147
2023-08-03T15:00,27.7,81,1004.2,Mumbai_Colaba,18.9067,72.8147
2023-08-03T16:00,27.7,80,1004.5,Mumbai_Colaba,18.9067,72.8147
2023-08-03T17:00,27.6,83,1004.8,Mumbai_Colaba,18.9067,72.8147
2023-08-03T18:00,26.9,85,1005.3,Mumbai_Colaba,18.9067,72.8147
2023-08-03T19:00,26.9,85,1005.6,Mumbai_Colaba,18.9067,72.8147
2023-08-03T20:00,26.7,85,1006.1,Mumbai_Colaba,18.9067,72.8147
2023-08-03T21:00,26.4,86,1006.4,Mumbai_Colaba,18.9067,72.8147
2023-08-03T22:00,26.9,86,1006.6,Mumbai_Colaba,18.9067,72.8147
2023-08-03T23:00,27.1,83,1006.7,Mumbai_Colaba,18.9067,72.8147
2023-08-04T00:00,27,85,1006.3,Mumbai_Colaba,18.9067,72.8147
2023-08-04T01:00,27.4,84,1005.7,Mumbai_Colaba,18.9067,72.8147
2023-08-04T02:00,27.4,84,1005.1,Mumbai_Colaba,18.9067,72.8147
2023-08-04T03:00,27.5,83,1005,Mumbai_Colaba,18.9067,72.8147
2023-08-04T04:00,27.1,83,1005.1,Mumbai_Colaba,18.9067,72.8147
2023-08-04T05:00,26.9,85,1005.3,Mumbai_Colaba,18.9067,72.8147
2023-08-04T06:00,26.9,87,1005.3,Mumbai_Colaba,18.9067,72.8147
2023-08-04T07:00,26.9,85,1006.1,Mumbai_Colaba,18.9067,72.8147
2023-08-04T08:00,27.6,84,1006.7,Mumbai_Colaba,18.9067,72.8147
2023-08-04T09:00,27,84,1007.3,Mumbai_Colaba,18.9067,72.8147
2023-08-04T10:00,27.9,83,1007.2,Mumbai_Colaba,18.9067,72.8147
2023-08-04T11:00,27.8,83,1007.1,Mumbai_Colaba,18.9067,72.8147
2023-08-04T12:00,27.8,84,1006.8,Mumbai_Colaba,18.9067,72.8147
2023-08-04T13:00,28.2,83,1006.3,Mumbai_Colaba,18.9067,72.8147
2023-08-04T14:00,27.6,86,1006.1,Mumbai_Colaba,18.9067,72.8147
2023-08-04T15:00,27.7,85,1005.8,Mumbai_Colaba,18.9067,72.8147
2023-08-04T16:00,27.3,88,1005.5,Mumbai_Colaba,18.9067,72.8147
2023-08-04T17:00,27.3,85,1006,Mumbai_Colaba,18.9067,72.8147
2023-08-04T18:00,27.5,84,1006.1,Mumbai_Colaba,18.9067,72.8147
2023-08-04T19:00,27.6,86,1006.5,Mumbai_Colaba,18.9067,72.8147
2023-08-04T20:00,27.5,84,1006.9,Mumbai_Colaba,18.9067,72.8147
2023-08-04T21:00,27.3,83,1007.5,Mumbai_Colaba,18.9067,72.8147
2023-08-04T22:00,27.5,84,1007.9,Mumbai_Colaba,18.9067,72.8147
2023-08-04T23:00,27.1,84,1007.8,Mumbai_Colaba,18.9067,72.8147
2023-08-05T00:00,27.4,85,1007.4,Mumbai_Colaba,18.9067,72.8147
2023-08-05T01:00,27.4,83,1007,Mumbai_Colaba,18.9067,72.8147
2023-08-05T02:00,27.4,83,1006.7,Mumbai_Colaba,18.9067,72.8147
2023-08-05T03:00,27.1,83,1006.7,Mumbai_Colaba,18.9067,72.8147
2023-08-05T04:00,26.7,82,1007.1,Mumbai_Colaba,18.9067,72.8147
2023-08-05T05:00,26.9,83,1007.5,Mumbai_Colaba,18.9067,72.8147
2023-08-05T06:00,26.6,86,1008,Mumbai_Colaba,18.9067,72.8147
2023-08-05T07:00,27.1,84,1008.3,Mumbai_Colaba,18.9067,72.8147
2023-08-05T08:00,27.2,83,1009,Mumbai_Colaba,18.9067,72.8147
2023-08-05T09:00,26.9,85,1009.8,Mumbai_Colaba,18.9067,72.8147
2023-08-05T10:00,27.4,82,1009.6,Mumbai_Colaba,18.9067,72.8147
2023-08-05T11:00,27.9,83,1009.3,Mumbai_Colaba,18.9067,72.8147
2023-08-05T12:00,27.5,82,1009,Mumbai_Colaba,18.9067,72.8147
2023-08-05T13:00,27.7,81,1008.6,Mumbai_Colaba,18.9067,72.8147
2023-08-05T14:00,27.9,80,1007.8,Mumbai_Colaba,18.9067,72.8147
2023-08-05T15:00,27.9,82,1007.3,Mumbai_Colaba,18.9067,72.8147
2023-08-05T16:00,27.8,83,1006.8,Mumbai_Colaba,18.9067,72.8147
2023-08-05T17:00,27.9,82,1007.9,Mumbai_Colaba,18.9067,72.8147
2023-08-05T18:00,27.7,83,1008.1,Mumbai_Colaba,18.9067,72.8147
2023-08-05T19:00,27.7,82,1008.4,Mumbai_Colaba,18.9067,72.8147
2023-08-05T20:00,27.7,84,1008.9,Mumbai_Colaba,18.9067,72.8147
2023-08-05T21:00,27.4,86,1009.3,Mumbai_Colaba,18.9067,72.8147
2023-08-05T22:00,27.5,86,1009.4,Mumbai_Colaba,18.9067,72.8147
2023-08-05T23:00,27.4,87,1009,Mumbai_Colaba,18.9067,72.8147
2023-08-06T00:00,27.1,88,1008.3,Mumbai_Colaba,18.9067,72.8147
2023-08-06T01:00,26.9,89,1007.6,Mumbai_Colaba,18.9067,72.8147
2023-08-06T02:00,26.5,89,1007.2,Mumbai_Colaba,18.9067,72.8147
2023-08-06T03:00,26.7,85,1007.2,Mumbai_Colaba,18.9067,72.8147
2023-08-06T04:00,27.1,84,1007.3,Mumbai_Colaba,18.9067,72.8147
2023-08-06T05:00,27.5,82,1007.6,Mumbai_Colaba,18.9067,72.8147
2023-08-06T06:00,27.7,81,1008.2,Mumbai_Colaba,18.9067,72.8147
2023-08-06T07:00,27.6,80,1008.7,Mumbai_Colaba,18.9067,72.8147
2023-08-06T08:00,27.6,82,1009,Mumbai_Colaba,18.9067,72.8147
2023-08-06T09:00,27.8,81,1009.2,Mumbai_Colaba,18.9067,72.8147
2023-08-06T10:00,27.4,81,1009.4,Mumbai_Colaba,18.9067,72.8147
2023-08-06T11:00,27.3,83,1008.9,Mumbai_Colaba,18.9067,72.8147
2023-08-06T12:00,27.8,83,1008.3,Mumbai_Colaba,18.9067,72.8147
2023-08-06T13:00,27.7,83,1007.8,Mumbai_Colaba,18.9067,72.8147
2023-08-06T14:00,27.8,83,1007,Mumbai_Colaba,18.9067,72.8147
2023-08-06T15:00,27.9,82,1006.5,Mumbai_Colaba,18.9067,72.8147
2023-08-06T16:00,27.9,82,1006,Mumbai_Colaba,18.9067,72.8147
2023-08-06T17:00,27.5,82,1006.7,Mumbai_Colaba,18.9067,72.8147
2023-08-06T18:00,27.4,81,1007,Mumbai_Colaba,18.9067,72.8147
2023-08-06T19:00,27,84,1007.1,Mumbai_Colaba,18.9067,72.8147
2023-08-06T20:00,27.3,82,1007.5,Mumbai_Colaba,18.9067,72.8147
2023-08-06T21:00,27.3,83,1008,Mumbai_Colaba,18.9067,72.8147
2023-08-06T22:00,27.2,84,1008.2,Mumbai_Colaba,18.9067,72.8147
2023-08-06T23:00,27,86,1007.8,Mumbai_Colaba,18.9067,72.8147
2023-08-07T00:00,26.7,89,1007.3,Mumbai_Colaba,18.9067,72.8147
2023-08-07T01:00,26.6,89,1006.5,Mumbai_Colaba,18.9067,72.8147
2023-08-07T02:00,26.6,88,1005.7,Mumbai_Colaba,18.9067,72.8147
2023-08-07T03:00,26.9,87,1005.6,Mumbai_Colaba,18.9067,72.8147
2023-08-07T04:00,27.1,85,1005.4,Mumbai_Colaba,18.9067,72.8147
2023-08-07T05:00,27.3,82,1005.6,Mumbai_Colaba,18.9067,72.8147
2023-08-07T06:00,27.4,82,1005.9,Mumbai_Colaba,18.9067,72.8147
2023-08-07T07:00,27.3,83,1006.4,Mumbai_Colaba,18.9067,72.8147
2023-08-07T08:00,27.3,82,1006.7,Mumbai_Colaba,18.9067,72.8147
2023-08-07T09:00,27.7,81,1007.2,Mumbai_Colaba,18.9067,72.8147
2023-08-07T10:00,27.8,80,1007.1,Mumbai_Colaba,18.9067,72.8147
2023-08-07T11:00,28.1,79,1006.8,Mumbai_Colaba,18.9067,72.8147
2023-08-07T12:00,27.8,80,1006.3,Mumbai_Colaba,18.9067,72.8147
2023-08-07T13:00,27.8,81,1005.9,Mumbai_Colaba,18.9067,72.8147
2023-08-07T14:00,28,81,1005.3,Mumbai_Colaba,18.9067,72.8147
2023-08-07T15:00,28,80,1005,Mumbai_Colaba,18.9067,72.8147
2023-08-07T16:00,28.1,79,1004.7,Mumbai_Colaba,18.9067,72.8147
2023-08-07T17:00,27.6,82,1005.3,Mumbai_Colaba,18.9067,72.8147
2023-08-07T18:00,27.8,80,1005.5,Mumbai_Colaba,18.9067,72.8147
2023-08-07T19:00,27.2,83,1006.2,Mumbai_Colaba,18.9067,72.8147
2023-08-07T20:00,27.4,83,1006.7,Mumbai_Colaba,18.9067,72.8147
2023-08-07T21:00,27.2,84,1006.8,Mumbai_Colaba,18.9067,72.8147
2023-08-07T22:00,26.9,85,1006.8,Mumbai_Colaba,18.9067,72.8147
2023-08-07T23:00,26.9,86,1006.2,Mumbai_Colaba,18.9067,72.8147
2023-08-08T00:00,27,85,1005.6,Mumbai_Colaba,18.9067,72.8147
2023-08-08T01:00,26.7,87,1005.1,Mumbai_Colaba,18.9067,72.8147
2023-08-08T02:00,26.4,89,1004.8,Mumbai_Colaba,18.9067,72.8147
2023-08-08T03:00,26.4,89,1004.7,Mumbai_Colaba,18.9067,72.8147
2023-08-08T04:00,26.4,88,1004.7,Mumbai_Colaba,18.9067,72.8147
2023-08-08T05:00,26.7,85,1005.3,Mumbai_Colaba,18.9067,72.8147
2023-08-08T06:00,27.2,85,1005.6,Mumbai_Colaba,18.9067,72.8147
2023-08-08T07:00,27.7,81,1006.1,Mumbai_Colaba,18.9067,72.8147
2023-08-08T08:00,27.9,81,1006.7,Mumbai_Colaba,18.9067,72.8147
2023-08-08T09:00,27.9,82,1007.1,Mumbai_Colaba,18.9067,72.8147
2023-08-08T10:00,28.4,75,1007.2,Mumbai_Colaba,18.9067,72.8147
2023-08-08T11:00,28.1,79,1006.8,Mumbai_Colaba,18.9067,72.8147
2023-08-08T12:00,28.2,80,1006.6,Mumbai_Colaba,18.9067,72.8147
2023-08-08T13:00,28.2,80,1006.3,Mumbai_Colaba,18.9067,72.8147
2023-08-08T14:00,28.2,80,1005.9,Mumbai_Colaba,18.9067,72.8147
2023-08-08T15:00,28.3,79,1005.8,Mumbai_Colaba,18.9067,72.8147
2023-08-08T16:00,28.1,79,1005.9,Mumbai_Colaba,18.9067,72.8147
2023-08-08T17:00,27.6,82,1006,Mumbai_Colaba,18.9067,72.8147
2023-08-08T18:00,27.6,81,1006.6,Mumbai_Colaba,18.9067,72.8147
2023-08-08T19:00,27.3,82,1007,Mumbai_Colaba,18.9067,72.8147
2023-08-08T20:00,27.2,82,1007.7,Mumbai_Colaba,18.9067,72.8147
2023-08-08T21:00,27,82,1008.3,Mumbai_Colaba,18.9067,72.8147
2023-08-08T22:00,26.7,85,1008.5,Mumbai_Colaba,18.9067,72.8147
2023-08-08T23:00,26.9,84,1008.1,Mumbai_Colaba,18.9067,72.8147
2023-08-09T00:00,26.8,83,1007.4,Mumbai_Colaba,18.9067,72.8147
2023-08-09T01:00,26.8,84,1006.7,Mumbai_Colaba,18.9067,72.8147
2023-08-09T02:00,26.9,83,1006.5,Mumbai_Colaba,18.9067,72.8147
2023-08-09T03:00,26.8,85,1006.6,Mumbai_Colaba,18.9067,72.8147
2023-08-09T04:00,26.5,86,1006.8,Mumbai_Colaba,18.9067,72.8147
2023-08-09T05:00,27.5,82,1007.3,Mumbai_Colaba,18.9067,72.8147
2023-08-09T06:00,27.2,82,1008,Mumbai_Colaba,18.9067,72.8147
2023-08-09T07:00,27.5,83,1008.6,Mumbai_Colaba,18.9067,72.8147
2023-08-09T08:00,26.9,84,1009.3,Mumbai_Colaba,18.9067,72.8147
2023-08-09T09:00,27.5,81,1009.8,Mumbai_Colaba,18.9067,72.8147
2023-08-09T10:00,28.1,80,1010,Mumbai_Colaba,18.9067,72.8147
2023-08-09T11:00,27.3,83,1010.1,Mumbai_Colaba,18.9067,72.8147
2023-08-09T12:00,27.9,79,1009.6,Mumbai_Colaba,18.9067,72.8147
2023-08-09T13:00,28,79,1008.8,Mumbai_Colaba,18.9067,72.8147
2023-08-09T14:00,28.1,78,1008.3,Mumbai_Colaba,18.9067,72.8147
2023-08-09T15:00,28.3,78,1007.5,Mumbai_Colaba,18.9067,72.8147
2023-08-09T16:00,28.2,79,1007.2,Mumbai_Colaba,18.9067,72.8147
2023-08-09T17:00,27.4,82,1008,Mumbai_Colaba,18.9067,72.8147
2023-08-09T18:00,27.3,83,1008.3,Mumbai_Colaba,18.9067,72.8147
2023-08-09T19:00,27.2,82,1008.7,Mumbai_Colaba,18.9067,72.8147
2023-08-09T20:00,27,83,1009,Mumbai_Colaba,18.9067,72.8147
2023-08-09T21:00,27,85,1009.3,Mumbai_Colaba,18.9067,72.8147
2023-08-09T22:00,26.9,85,1009.4,Mumbai_Colaba,18.9067,72.8147
2023-08-09T23:00,26.9,85,1009.3,Mumbai_Colaba,18.9067,72.8147
2023-08-10T00:00,26.9,85,1008.6,Mumbai_Colaba,18.9067,72.8147
2023-08-10T01:00,26.7,85,1008.3,Mumbai_Colaba,18.9067,72.8147
2023-08-10T02:00,26.4,87,1007.8,Mumbai_Colaba,18.9067,72.8147
2023-08-10T03:00,26.6,85,1007.6,Mumbai_Colaba,18.9067,72.8147
2023-08-10T04:00,26.4,84,1008.1,Mumbai_Colaba,18.9067,72.8147
2023-08-10T05:00,26.9,85,1008.1,Mumbai_Colaba,18.9067,72.8147
2023-08-10T06:00,25.8,87,1008.9,Mumbai_Colaba,18.9067,72.8147
2023-08-10T07:00,25.7,87,1009.4,Mumbai_Colaba,18.9067,72.8147
2023-08-10T08:00,25.8,86,1010.1,Mumbai_Colaba,18.9067,72.8147
2023-08-10T09:00,26.1,85,1010.4,Mumbai_Colaba,18.9067,72.8147
2023-08-10T10:00,25.4,87,1010.8,Mumbai_Colaba,18.9067,72.8147
2023-08-10T11:00,26.4,83,1010.6,Mumbai_Colaba,18.9067,72.8147
2023-08-10T12:00,26.9,82,1010.2,Mumbai_Colaba,18.9067,72.8147
2023-08-10T13:00,27.4,79,1009.4,Mumbai_Colaba,18.9067,72.8147
2023-08-10T14:00,27.2,82,1008.5,Mumbai_Colaba,18.9067,72.8147
2023-08-10T15:00,27.3,82,1008.2,Mumbai_Colaba,18.9067,72.8147
2023-08-10T16:00,27.2,83,1008.1,Mumbai_Colaba,18.9067,72.8147
2023-08-10T17:00,27.1,84,1008.3,Mumbai_Colaba,18.9067,72.8147
2023-08-10T18:00,27.2,84,1008.6,Mumbai_Colaba,18.9067,72.8147
2023-08-10T19:00,27.3,84,1009.1,Mumbai_Colaba,18.9067,72.8147
2023-08-10T20:00,27,85,1009.4,Mumbai_Colaba,18.9067,72.8147
2023-08-10T21:00,27.1,83,1009.8,Mumbai_Colaba,18.9067,72.8147
2023-08-10T22:00,26.4,87,1010.3,Mumbai_Colaba,18.9067,72.8147
2023-08-10T23:00,26.9,84,1010,Mumbai_Colaba,18.9067,72.8147
2023-08-11T00:00,26.9,84,1009.3,Mumbai_Colaba,18.9067,72.8147
2023-08-11T01:00,26.8,85,1008.7,Mumbai_Colaba,18.9067,72.8147
2023-08-11T02:00,26.3,86,1008.2,Mumbai_Colaba,18.9067,72.8147
2023-08-11T03:00,26,86,1008,Mumbai_Colaba,18.9067,72.8147
2023-08-11T04:00,26,86,1008,Mumbai_Colaba,18.9067,72.8147
2023-08-11T05:00,26.6,84,1008.1,Mumbai_Colaba,18.9067,72.8147
2023-08-11T06:00,27.3,79,1008.7,Mumbai_Colaba,18.9067,72.8147
2023-08-11T07:00,27.6,78,1009.2,Mumbai_Colaba,18.9067,72.8147
2023-08-11T08:00,27.8,78,1009.4,Mumbai_Colaba,18.9067,72.8147
2023-08-11T09:00,28,75,1009.8,Mumbai_Colaba,18.9067,72.8147
2023-08-11T10:00,28.1,76,1009.8,Mumbai_Colaba,18.9067,72.8147
2023-08-11T11:00,28.1,77,1009.4,Mumbai_Colaba,18.9067,72.8147
2023-08-11T12:00,28.2,74,1009.1,Mumbai_Colaba,18.9067,72.8147
2023-08-11T13:00,27.6,78,1008.3,Mumbai_Colaba,18.9067,72.8147
2023-08-11T14:00,28.2,75,1007.6,Mumbai_Colaba,18.9067,72.8147
2023-08-11T15:00,28.2,75,1007,Mumbai_Colaba,18.9067,72.8147
2023-08-11T16:00,28.2,76,1006.6,Mumbai_Colaba,18.9067,72.8147
2023-08-11T17:00,28.2,76,1007.1,Mumbai_Colaba,18.9067,72.8147
2023-08-11T18:00,28.2,75,1007.3,Mumbai_Colaba,18.9067,72.8147
2023-08-11T19:00,28,76,1007.9,Mumbai_Colaba,18.9067,72.8147
2023-08-11T20:00,27.8,77,1008.6,Mumbai_Colaba,18.9067,72.8147
2023-08-11T21:00,27.7,78,1009,Mumbai_Colaba,18.9067,72.8147
2023-08-11T22:00,27.5,78,1009.4,Mumbai_Colaba,18.9067,72.8147
2023-08-11T23:00,27.2,80,1009,Mumbai_Colaba,18.9067,72.8147
2023-08-12T00:00,27,81,1008.5,Mumbai_Colaba,18.9067,72.8147
2023-08-12T01:00,26.6,83,1008.1,Mumbai_Colaba,18.9067,72.8147
2023-08-12T02:00,26.2,84,1007.9,Mumbai_Colaba,18.9067,72.8147
2023-08-12T03:00,26,85,1007.8,Mumbai_Colaba,18.9067,72.8147
2023-08-12T04:00,25.6,86,1008.3,Mumbai_Colaba,18.9067,72.8147
2023-08-12T05:00,25.3,86,1008.5,Mumbai_Colaba,18.9067,72.8147
2023-08-12T06:00,24,89,1008.7,Mumbai_Colaba,18.9067,72.8147
2023-08-12T07:00,24.8,88,1009.2,Mumbai_Colaba,18.9067,72.8147
2023-08-12T08:00,25,89,1009.9,Mumbai_Colaba,18.9067,72.8147
2023-08-12T09:00,25.9,85,1010.2,Mumbai_Colaba,18.9067,72.8147
2023-08-12T10:00,26.4,84,1010.2,Mumbai_Colaba,18.9067,72.8147
2023-08-12T11:00,26.5,83,1009.7,Mumbai_Colaba,18.9067,72.8147
2023-08-12T12:00,26.8,82,1009.5,Mumbai_Colaba,18.9067,72.8147
2023-08-12T13:00,26.3,84,1008.9,Mumbai_Colaba,18.9067,72.8147
2023-08-12T14:00,25.9,86,1008,Mumbai_Colaba,18.9067,72.8147
2023-08-12T15:00,26.6,83,1007.3,Mumbai_Colaba,18.9067,72.8147
2023-08-12T16:00,26.5,84,1006.9,Mumbai_Colaba,18.9067,72.8147
2023-08-12T17:00,27.1,82,1007,Mumbai_Colaba,18.9067,72.8147
2023-08-12T18:00,26.8,82,1007.4,Mumbai_Colaba,18.9067,72.8147
2023-08-12T19:00,26.9,85,1007.7,Mumbai_Colaba,18.9067,72.8147
2023-08-12T20:00,26.5,85,1008.3,Mumbai_Colaba,18.9067,72.8147
2023-08-12T21:00,26.9,85,1008.6,Mumbai_Colaba,18.9067,72.8147
2023-08-12T22:00,26.7,84,1008.6,Mumbai_Colaba,18.9067,72.8147
2023-08-12T23:00,26.8,84,1008.4,Mumbai_Colaba,18.9067,72.8147
2023-08-13T00:00,26.6,86,1007.6,Mumbai_Colaba,18.9067,72.8147
2023-08-13T01:00,26.8,85,1006.8,Mumbai_Colaba,18.9067,72.8147
2023-08-13T02:00,26.3,84,1006.4,Mumbai_Colaba,18.9067,72.8147
2023-08-13T03:00,26.3,85,1006.2,Mumbai_Colaba,18.9067,72.8147
2023-08-13T04:00,26.3,84,1006.1,Mumbai_Colaba,18.9067,72.8147
2023-08-13T05:00,26.5,83,1006.2,Mumbai_Colaba,18.9067,72.8147
2023-08-13T06:00,26.8,82,1006.8,Mumbai_Colaba,18.9067,72.8147
2023-08-13T07:00,27.1,80,1007.2,Mumbai_Colaba,18.9067,72.8147
2023-08-13T08:00,27,81,1008,Mumbai_Colaba,18.9067,72.8147
2023-08-13T09:00,26.7,83,1008.2,Mumbai_Colaba,18.9067,72.8147
2023-08-13T10:00,27.6,79,1008.3,Mumbai_Colaba,18.9067,72.8147
2023-08-13T11:00,27.5,81,1007.9,Mumbai_Colaba,18.9067,72.8147
2023-08-13T12:00,27,83,1007.4,Mumbai_Colaba,18.9067,72.8147
2023-08-13T13:00,27.9,80,1006.7,Mumbai_Colaba,18.9067,72.8147
2023-08-13T14:00,27.7,82,1006.3,Mumbai_Colaba,18.9067,72.8147
2023-08-13T15:00,27.8,79,1005.7,Mumbai_Colaba,18.9067,72.8147
2023-08-13T16:00,27.8,80,1005.5,Mumbai_Colaba,18.9067,72.8147
2023-08-13T17:00,27.8,80,1006,Mumbai_Colaba,18.9067,72.8147
2023-08-13T18:00,27.8,79,1006.3,Mumbai_Colaba,18.9067,72.8147
2023-08-13T19:00,27.7,80,1006.9,Mumbai_Colaba,18.9067,72.8147
2023-08-13T20:00,27.6,81,1007.3,Mumbai_Colaba,18.9067,72.8147
2023-08-13T21:00,27.5,81,1007.8,Mumbai_Colaba,18.9067,72.8147
2023-08-13T22:00,27.3,83,1007.8,Mumbai_Colaba,18.9067,72.8147
2023-08-13T23:00,27.4,82,1007.3,Mumbai_Colaba,18.9067,72.8147
2023-08-14T00:00,27.3,82,1006.8,Mumbai_Colaba,18.9067,72.8147
2023-08-14T01:00,27.4,82,1006.3,Mumbai_Colaba,18.9067,72.8147
2023-08-14T02:00,27.3,83,1005.5,Mumbai_Colaba,18.9067,72.8147
2023-08-14T03:00,27.2,84,1005.8,Mumbai_Colaba,18.9067,72.8147
2023-08-14T04:00,27.3,83,1005.8,Mumbai_Colaba,18.9067,72.8147
2023-08-14T05:00,27.3,80,1005.8,Mumbai_Colaba,18.9067,72.8147
2023-08-14T06:00,26.8,82,1006.6,Mumbai_Colaba,18.9067,72.8147
2023-08-14T07:00,27,83,1007.5,Mumbai_Colaba,18.9067,72.8147
2023-08-14T08:00,26.3,85,1008.4,Mumbai_Colaba,18.9067,72.8147
2023-08-14T09:00,27.6,82,1008.8,Mumbai_Colaba,18.9067,72.8147
2023-08-14T10:00,28.2,78,1008.6,Mumbai_Colaba,18.9067,72.8147
2023-08-14T11:00,28.2,78,1008.5,Mumbai_Colaba,18.9067,72.8147
2023-08-14T12:00,28.4,77,1007.8,Mumbai_Colaba,18.9067,72.8147
2023-08-14T13:00,28.5,76,1007.1,Mumbai_Colaba,18.9067,72.8147
2023-08-14T14:00,28.6,76,1006.1,Mumbai_Colaba,18.9067,72.8147
2023-08-14T15:00,28.5,76,1005.9,Mumbai_Colaba,18.9067,72.8147
2023-08-14T16:00,28.4,76,1005.8,Mumbai_Colaba,18.9067,72.8147
2023-08-14T17:00,28.2,77,1006.4,Mumbai_Colaba,18.9067,72.8147
2023-08-14T18:00,28,77,1007,Mumbai_Colaba,18.9067,72.8147
2023-08-14T19:00,27.8,78,1007.3,Mumbai_Colaba,18.9067,72.8147
2023-08-14T20:00,27.8,77,1007.5,Mumbai_Colaba,18.9067,72.8147
2023-08-14T21:00,27.8,77,1007.9,Mumbai_Colaba,18.9067,72.8147
2023-08-14T22:00,27.7,77,1007.8,Mumbai_Colaba,18.9067,72.8147
2023-08-14T23:00,27.6,78,1007.5,Mumbai_Colaba,18.9067,72.8147
2023-08-15T00:00,27.5,78,1007.1,Mumbai_Colaba,18.9067,72.8147
2023-08-15T01:00,27.4,79,1006.6,Mumbai_Colaba,18.9067,72.8147
2023-08-15T02:00,27.3,80,1006,Mumbai_Colaba,18.9067,72.8147
2023-08-15T03:00,27.2,79,1006.3,Mumbai_Colaba,18.9067,72.8147
2023-08-15T04:00,27,81,1006.5,Mumbai_Colaba,18.9067,72.8147
2023-08-15T05:00,27.2,84,1006.6,Mumbai_Colaba,18.9067,72.8147
2023-08-15T06:00,26.8,83,1007.4,Mumbai_Colaba,18.9067,72.8147
2023-08-15T07:00,26.7,83,1008,Mumbai_Colaba,18.9067,72.8147
2023-08-15T08:00,27,83,1008.5,Mumbai_Colaba,18.9067,72.8147
2023-08-15T09:00,26.6,84,1009.1,Mumbai_Colaba,18.9067,72.8147
2023-08-15T10:00,27,83,1009.3,Mumbai_Colaba,18.9067,72.8147
2023-08-15T11:00,26.6,85,1009,Mumbai_Colaba,18.9067,72.8147
2023-08-15T12:00,27,85,1008.4,Mumbai_Colaba,18.9067,72.8147
2023-08-15T13:00,26.9,84,1007.7,Mumbai_Colaba,18.9067,72.8147
2023-08-15T14:00,26.9,84,1007.1,Mumbai_Colaba,18.9067,72.8147
2023-08-15T15:00,27.7,82,1006.6,Mumbai_Colaba,18.9067,72.8147
2023-08-15T16:00,27.5,83,1006.4,Mumbai_Colaba,18.9067,72.8147
2023-08-15T17:00,27.9,77,1007,Mumbai_Colaba,18.9067,72.8147
2023-08-15T18:00,27.8,78,1007.1,Mumbai_Colaba,18.9067,72.8147
2023-08-15T19:00,27.6,79,1007.6,Mumbai_Colaba,18.9067,72.8147
2023-08-15T20:00,27.4,81,1008.2,Mumbai_Colaba,18.9067,72.8147
2023-08-15T21:00,27.3,82,1008.8,Mumbai_Colaba,18.9067,72.8147
2023-08-15T22:00,27.1,83,1008.9,Mumbai_Colaba,18.9067,72.8147
2023-08-15T23:00,27,85,1008.6,Mumbai_Colaba,18.9067,72.8147
2023-08-16T00:00,26.9,85,1008.3,Mumbai_Colaba,18.9067,72.8147
2023-08-16T01:00,26.4,86,1007.9,Mumbai_Colaba,18.9067,72.8147
2023-08-16T02:00,26.4,85,1007.2,Mumbai_Colaba,18.9067,72.8147
2023-08-16T03:00,26.2,86,1007.1,Mumbai_Colaba,18.9067,72.8147
2023-08-16T04:00,25.6,88,1007.1,Mumbai_Colaba,18.9067,72.8147
2023-08-16T05:00,26.7,84,1007.5,Mumbai_Colaba,18.9067,72.8147
2023-08-16T06:00,26.5,86,1007.6,Mumbai_Colaba,18.9067,72.8147
2023-08-16T07:00,26.6,84,1008.7,Mumbai_Colaba,18.9067,72.8147
2023-08-16T08:00,27.4,80,1009.2,Mumbai_Colaba,18.9067,72.8147
2023-08-16T09:00,27.9,79,1009.5,Mumbai_Colaba,18.9067,72.8147
2023-08-16T10:00,27.7,81,1009.6,Mumbai_Colaba,18.9067,72.8147
2023-08-16T11:00,27.4,81,1009.4,Mumbai_Colaba,18.9067,72.8147
2023-08-16T12:00,27.5,82,1008.6,Mumbai_Colaba,18.9067,72.8147
2023-08-16T13:00,27.8,81,1007.8,Mumbai_Colaba,18.9067,72.8147
2023-08-16T14:00,28,80,1007,Mumbai_Colaba,18.9067,72.8147
2023-08-16T15:00,28,80,1006.6,Mumbai_Colaba,18.9067,72.8147
2023-08-16T16:00,28.1,78,1006.4,Mumbai_Colaba,18.9067,72.8147
2023-08-16T17:00,27.6,81,1007.3,Mumbai_Colaba,18.9067,72.8147
2023-08-16T18:00,27.7,79,1007.4,Mumbai_Colaba,18.9067,72.8147
2023-08-16T19:00,27.6,79,1008.1,Mumbai_Colaba,18.9067,72.8147
2023-08-16T20:00,27.3,81,1008.5,Mumbai_Colaba,18.9067,72.8147
2023-08-16T21:00,27.2,82,1009.2,Mumbai_Colaba,18.9067,72.8147
2023-08-16T22:00,27.2,81,1009.2,Mumbai_Colaba,18.9067,72.8147
2023-08-16T23:00,27.2,81,1009.1,Mumbai_Colaba,18.9067,72.8147
2023-08-17T00:00,27.3,80,1008.5,Mumbai_Colaba,18.9067,72.8147
2023-08-17T01:00,27,82,1007.9,Mumbai_Colaba,18.9067,72.8147
2023-08-17T02:00,26.5,85,1007.6,Mumbai_Colaba,18.9067,72.8147
2023-08-17T03:00,26.1,88,1007.5,Mumbai_Colaba,18.9067,72.8147
2023-08-17T04:00,26.2,87,1007.4,Mumbai_Colaba,18.9067,72.8147
2023-08-17T05:00,27.3,79,1007.4,Mumbai_Colaba,18.9067,72.8147
2023-08-17T06:00,27.2,79,1007.9,Mumbai_Colaba,18.9067,72.8147
2023-08-17T07:00,27.2,80,1008.7,Mumbai_Colaba,18.9067,72.8147
2023-08-17T08:00,27.6,79,1009.2,Mumbai_Colaba,18.9067,72.8147
2023-08-17T09:00,26.3,84,1010.1,Mumbai_Colaba,18.9067,72.8147
2023-08-17T10:00,27,79,1010.2,Mumbai_Colaba,18.9067,72.8147
2023-08-17T11:00,27.6,79,1009.8,Mumbai_Colaba,18.9067,72.8147
2023-08-17T12:00,27.4,82,1009.2,Mumbai_Colaba,18.9067,72.8147
2023-08-17T13:00,28,78,1008.3,Mumbai_Colaba,18.9067,72.8147
2023-08-17T14:00,28,78,1007.6,Mumbai_Colaba,18.9067,72.8147
2023-08-17T15:00,27.8,79,1007.2,Mumbai_Colaba,18.9067,72.8147
2023-08-17T16:00,27.8,78,1006.8,Mumbai_Colaba,18.9067,72.8147
2023-08-17T17:00,27.5,79,1007.5,Mumbai_Colaba,18.9067,72.8147
2023-08-17T18:00,27.6,77,1007.7,Mumbai_Colaba,18.9067,72.8147
2023-08-17T19:00,27.3,81,1008.2,Mumbai_Colaba,18.9067,72.8147
2023-08-17T20:00,27.1,83,1008.6,Mumbai_Colaba,18.9067,72.8147
2023-08-17T21:00,27.1,82,1009.1,Mumbai_Colaba,18.9067,72.8147
2023-08-17T22:00,26.8,84,1009.2,Mumbai_Colaba,18.9067,72.8147
2023-08-17T23:00,26.5,86,1009,Mumbai_Colaba,18.9067,72.8147
2023-08-18T00:00,26.5,86,1008.4,Mumbai_Colaba,18.9067,72.8147
2023-08-18T01:00,26.6,85,1007.6,Mumbai_Colaba,18.9067,72.8147
2023-08-18T02:00,26.5,85,1006.8,Mumbai_Colaba,18.9067,72.8147
2023-08-18T03:00,26.4,84,1006.6,Mumbai_Colaba,18.9067,72.8147
2023-08-18T04:00,26.1,85,1006.4,Mumbai_Colaba,18.9067,72.8147
2023-08-18T05:00,26.9,81,1006.7,Mumbai_Colaba,18.9067,72.8147
2023-08-18T06:00,27.5,79,1007,Mumbai_Colaba,18.9067,72.8147
2023-08-18T07:00,27.7,77,1007.3,Mumbai_Colaba,18.9067,72.8147
2023-08-18T08:00,27.9,76,1007.8,Mumbai_Colaba,18.9067,72.8147
2023-08-18T09:00,28,76,1008.1,Mumbai_Colaba,18.9067,72.8147
2023-08-18T10:00,27.8,78,1008.2,Mumbai_Colaba,18.9067,72.8147
2023-08-18T11:00,27.2,81,1007.9,Mumbai_Colaba,18.9067,72.8147
2023-08-18T12:00,27.5,81,1007.5,Mumbai_Colaba,18.9067,72.8147
2023-08-18T13:00,27.5,80,1006.7,Mumbai_Colaba,18.9067,72.8147
2023-08-18T14:00,27.6,80,1006.3,Mumbai_Colaba,18.9067,72.8147
2023-08-18T15:00,27.6,80,1005.8,Mumbai_Colaba,18.9067,72.8147
2023-08-18T16:00,27.8,78,1005.5,Mumbai_Colaba,18.9067,72.8147
2023-08-18T17:00,27.7,80,1005.8,Mumbai_Colaba,18.9067,72.8147
2023-08-18T18:00,27.8,79,1006.2,Mumbai_Colaba,18.9067,72.8147
2023-08-18T19:00,27.7,79,1006.6,Mumbai_Colaba,18.9067,72.8147
2023-08-18T20:00,27.6,80,1007,Mumbai_Colaba,18.9067,72.8147
2023-08-18T21:00,27.5,82,1007.4,Mumbai_Colaba,18.9067,72.8147
2023-08-18T22:00,27.5,82,1007.6,Mumbai_Colaba,18.9067,72.8147
2023-08-18T23:00,27.4,83,1007.3,Mumbai_Colaba,18.9067,72.8147
2023-08-19T00:00,27.1,82,1006.9,Mumbai_Colaba,18.9067,72.8147
2023-08-19T01:00,26.9,82,1006.2,Mumbai_Colaba,18.9067,72.8147
2023-08-19T02:00,26,88,1005.6,Mumbai_Colaba,18.9067,72.8147
2023-08-19T03:00,26.7,85,1005.3,Mumbai_Colaba,18.9067,72.8147
2023-08-19T04:00,26.3,85,1005.1,Mumbai_Colaba,18.9067,72.8147
2023-08-19T05:00,27.2,84,1004.8,Mumbai_Colaba,18.9067,72.8147
2023-08-19T06:00,26.7,84,1005.3,Mumbai_Colaba,18.9067,72.8147
2023-08-19T07:00,26.5,85,1005.8,Mumbai_Colaba,18.9067,72.8147
2023-08-19T08:00,26.7,84,1006.4,Mumbai_Colaba,18.9067,72.8147
2023-08-19T09:00,27.9,80,1006.7,Mumbai_Colaba,18.9067,72.8147
2023-08-19T10:00,27.9,80,1006.8,Mumbai_Colaba,18.9067,72.8147
2023-08-19T11:00,27.9,78,1006.7,Mumbai_Colaba,18.9067,72.8147
2023-08-19T12:00,27.9,79,1006.4,Mumbai_Colaba,18.9067,72.8147
2023-08-19T13:00,28,77,1005.8,Mumbai_Colaba,18.9067,72.8147
2023-08-19T14:00,27.3,82,1005,Mumbai_Colaba,18.9067,72.8147
2023-08-19T15:00,27.5,80,1004.6,Mumbai_Colaba,18.9067,72.8147
2023-08-19T16:00,28,78,1004.2,Mumbai_Colaba,18.9067,72.8147
2023-08-19T17:00,25.8,87,1005.4,Mumbai_Colaba,18.9067,72.8147
2023-08-19T18:00,26.8,83,1005.3,Mumbai_Colaba,18.9067,72.8147
2023-08-19T19:00,26.9,85,1005.5,Mumbai_Colaba,18.9067,72.8147
2023-08-19T20:00,27.1,83,1005.8,Mumbai_Colaba,18.9067,72.8147
2023-08-19T21:00,26.7,84,1006.3,Mumbai_Colaba,18.9067,72.8147
2023-08-19T22:00,26.4,85,1006.9,Mumbai_Colaba,18.9067,72.8147
2023-08-19T23:00,25.9,87,1006.9,Mumbai_Colaba,18.9067,72.8147
2023-08-20T00:00,25.3,89,1006.3,Mumbai_Colaba,18.9067,72.8147
2023-08-20T01:00,26.1,87,1005.2,Mumbai_Colaba,18.9067,72.8147
2023-08-20T02:00,26.5,81,1005.1,Mumbai_Colaba,18.9067,72.8147
2023-08-20T03:00,25.6,87,1005,Mumbai_Colaba,18.9067,72.8147
2023-08-20T04:00,26.4,84,1004.8,Mumbai_Colaba,18.9067,72.8147
2023-08-20T05:00,26.9,81,1005,Mumbai_Colaba,18.9067,72.8147
2023-08-20T06:00,26.8,80,1005.6,Mumbai_Colaba,18.9067,72.8147
2023-08-20T07:00,26.4,86,1006.4,Mumbai_Colaba,18.9067,72.8147
2023-08-20T08:00,26,83,1007.1,Mumbai_Colaba,18.9067,72.8147
2023-08-20T09:00,26.2,84,1007.3,Mumbai_Colaba,18.9067,72.8147
2023-08-20T10:00,25.8,84,1007.7,Mumbai_Colaba,18.9067,72.8147
2023-08-20T11:00,24.9,89,1007.7,Mumbai_Colaba,18.9067,72.8147
2023-08-20T12:00,25.2,84,1007.2,Mumbai_Colaba,18.9067,72.8147
2023-08-20T13:00,26.1,83,1006.6,Mumbai_Colaba,18.9067,72.8147
2023-08-20T14:00,26.4,85,1005.7,Mumbai_Colaba,18.9067,72.8147
2023-08-20T15:00,26.7,84,1004.8,Mumbai_Colaba,18.9067,72.8147
2023-08-20T16:00,26.8,84,1004.5,Mumbai_Colaba,18.9067,72.8147
2023-08-20T17:00,26.2,85,1005.5,Mumbai_Colaba,18.9067,72.8147
2023-08-20T18:00,26.2,87,1005.5,Mumbai_Colaba,18.9067,72.8147
2023-08-20T19:00,26.7,85,1005.7,Mumbai_Colaba,18.9067,72.8147
2023-08-20T20:00,26.5,86,1006,Mumbai_Colaba,18.9067,72.8147
2023-08-20T21:00,26.4,88,1006.4,Mumbai_Colaba,18.9067,72.8147
2023-08-20T22:00,26.3,87,1006.6,Mumbai_Colaba,18.9067,72.8147
2023-08-20T23:00,26.2,87,1006.8,Mumbai_Colaba,18.9067,72.8147
2023-08-21T00:00,25.8,89,1006.3,Mumbai_Colaba,18.9067,72.8147
2023-08-21T01:00,25.5,88,1005.9,Mumbai_Colaba,18.9067,72.8147
2023-08-21T02:00,25.8,87,1005.3,Mumbai_Colaba,18.9067,72.8147
2023-08-21T03:00,25.6,88,1005.4,Mumbai_Colaba,18.9067,72.8147
2023-08-21T04:00,25.5,87,1005.6,Mumbai_Colaba,18.9067,72.8147
2023-08-21T05:00,25.6,89,1005.7,Mumbai_Colaba,18.9067,72.8147
2023-08-21T06:00,25.5,90,1006.4,Mumbai_Colaba,18.9067,72.8147
2023-08-21T07:00,26.1,84,1006.7,Mumbai_Colaba,18.9067,72.8147
2023-08-21T08:00,25.7,86,1007.4,Mumbai_Colaba,18.9067,72.8147
2023-08-21T09:00,25.6,88,1007.9,Mumbai_Colaba,18.9067,72.8147
2023-08-21T10:00,26.8,83,1007.8,Mumbai_Colaba,18.9067,72.8147
2023-08-21T11:00,26.4,83,1007.6,Mumbai_Colaba,18.9067,72.8147
2023-08-21T12:00,26.3,85,1007,Mumbai_Colaba,18.9067,72.8147
2023-08-21T13:00,27.1,82,1006.6,Mumbai_Colaba,18.9067,72.8147
2023-08-21T14:00,26.7,83,1005.8,Mumbai_Colaba,18.9067,72.8147
2023-08-21T15:00,27.7,79,1005,Mumbai_Colaba,18.9067,72.8147
2023-08-21T16:00,28.1,77,1004.7,Mumbai_Colaba,18.9067,72.8147
2023-08-21T17:00,27.6,79,1005.5,Mumbai_Colaba,18.9067,72.8147
2023-08-21T18:00,27.5,79,1005.6,Mumbai_Colaba,18.9067,72.8147
2023-08-21T19:00,27.3,80,1005.8,Mumbai_Colaba,18.9067,72.8147
2023-08-21T20:00,27.4,80,1006.5,Mumbai_Colaba,18.9067,72.8147
2023-08-21T21:00,27.4,80,1007.1,Mumbai_Colaba,18.9067,72.8147
2023-08-21T22:00,27.3,80,1007.5,Mumbai_Colaba,18.9067,72.8147
2023-08-21T23:00,27,83,1007.2,Mumbai_Colaba,18.9067,72.8147
2023-08-22T00:00,26.7,86,1006.8,Mumbai_Colaba,18.9067,72.8147
2023-08-22T01:00,26.4,88,1006.1,Mumbai_Colaba,18.9067,72.8147
2023-08-22T02:00,25.9,88,1005.5,Mumbai_Colaba,18.9067,72.8147
2023-08-22T03:00,25.8,87,1005.2,Mumbai_Colaba,18.9067,72.8147
2023-08-22T04:00,25.9,86,1005.2,Mumbai_Colaba,18.9067,72.8147
2023-08-22T05:00,26.4,84,1005.6,Mumbai_Colaba,18.9067,72.8147
2023-08-22T06:00,26.1,85,1006.3,Mumbai_Colaba,18.9067,72.8147
2023-08-22T07:00,26.2,86,1006.5,Mumbai_Colaba,18.9067,72.8147
2023-08-22T08:00,25.9,88,1006.9,Mumbai_Colaba,18.9067,72.8147
2023-08-22T09:00,26.3,84,1007.4,Mumbai_Colaba,18.9067,72.8147
2023-08-22T10:00,26.7,83,1007.4,Mumbai_Colaba,18.9067,72.8147
2023-08-22T11:00,27,82,1007,Mumbai_Colaba,18.9067,72.8147
2023-08-22T12:00,27,83,1006.7,Mumbai_Colaba,18.9067,72.8147
2023-08-22T13:00,27,81,1006.2,Mumbai_Colaba,18.9067,72.8147
2023-08-22T14:00,27,84,1005.1,Mumbai_Colaba,18.9067,72.8147
2023-08-22T15:00,27.4,81,1004.7,Mumbai_Colaba,18.9067,72.8147
2023-08-22T16:00,27.7,81,1004.4,Mumbai_Colaba,18.9067,72.8147
2023-08-22T17:00,27.1,82,1005.5,Mumbai_Colaba,18.9067,72.8147
2023-08-22T18:00,26.9,83,1006.1,Mumbai_Colaba,18.9067,72.8147
2023-08-22T19:00,26.9,83,1006.7,Mumbai_Colaba,18.9067,72.8147
2023-08-22T20:00,27.1,84,1007.2,Mumbai_Colaba,18.9067,72.8147
2023-08-22T21:00,27.2,82,1007.9,Mumbai_Colaba,18.9067,72.8147
2023-08-22T22:00,27.2,82,1008.3,Mumbai_Colaba,18.9067,72.8147
2023-08-22T23:00,26.8,85,1007.9,Mumbai_Colaba,18.9067,72.8147
2023-08-23T00:00,26.8,84,1007.3,Mumbai_Colaba,18.9067,72.8147
2023-08-23T01:00,26.2,86,1006.7,Mumbai_Colaba,18.9067,72.8147
2023-08-23T02:00,26.1,86,1006,Mumbai_Colaba,18.9067,72.8147
2023-08-23T03:00,26.1,87,1005.7,Mumbai_Colaba,18.9067,72.8147
2023-08-23T04:00,26.2,85,1005.6,Mumbai_Colaba,18.9067,72.8147
2023-08-23T05:00,26.1,88,1005.7,Mumbai_Colaba,18.9067,72.8147
2023-08-23T06:00,26.3,88,1006.1,Mumbai_Colaba,18.9067,72.8147
2023-08-23T07:00,26.9,85,1006.4,Mumbai_Colaba,18.9067,72.8147
2023-08-23T08:00,27.8,78,1007,Mumbai_Colaba,18.9067,72.8147
2023-08-23T09:00,28.2,76,1007.1,Mumbai_Colaba,18.9067,72.8147
2023-08-23T10:00,28.3,76,1007.1,Mumbai_Colaba,18.9067,72.8147
2023-08-23T11:00,28.3,76,1006.9,Mumbai_Colaba,18.9067,72.8147
2023-08-23T12:00,28.3,76,1006.3,Mumbai_Colaba,18.9067,72.8147
2023-08-23T13:00,28.4,77,1005.5,Mumbai_Colaba,18.9067,72.8147
2023-08-23T14:00,28.4,76,1005.1,Mumbai_Colaba,18.9067,72.8147
2023-08-23T15:00,28.4,76,1004.9,Mumbai_Colaba,18.9067,72.8147
2023-08-23T16:00,28.4,77,1004.5,Mumbai_Colaba,18.9067,72.8147
2023-08-23T17:00,28,77,1005.2,Mumbai_Colaba,18.9067,72.8147
2023-08-23T18:00,27.7,76,1005.7,Mumbai_Colaba,18.9067,72.8147
2023-08-23T19:00,27.3,80,1006.1,Mumbai_Colaba,18.9067,72.8147
2023-08-23T20:00,27,78,1006.5,Mumbai_Colaba,18.9067,72.8147
2023-08-23T21:00,27.1,81,1006.9,Mumbai_Colaba,18.9067,72.8147
2023-08-23T22:00,26.9,82,1006.9,Mumbai_Colaba,18.9067,72.8147
2023-08-23T23:00,26.6,85,1006.3,Mumbai_Colaba,18.9067,72.8147
2023-08-24T00:00,26.2,86,1005.7,Mumbai_Colaba,18.9067,72.8147
2023-08-24T01:00,26.2,85,1005,Mumbai_Colaba,18.9067,72.8147
2023-08-24T02:00,26,85,1004.8,Mumbai_Colaba,18.9067,72.8147
2023-08-24T03:00,26.4,86,1004.6,Mumbai_Colaba,18.9067,72.8147
2023-08-24T04:00,26,88,1004.7,Mumbai_Colaba,18.9067,72.8147
2023-08-24T05:00,26.7,85,1004.9,Mumbai_Colaba,18.9067,72.8147
2023-08-24T06:00,26.1,90,1005.3,Mumbai_Colaba,18.9067,72.8147
2023-08-24T07:00,26.1,85,1005.9,Mumbai_Colaba,18.9067,72.8147
2023-08-24T08:00,27,84,1006.3,Mumbai_Colaba,18.9067,72.8147
2023-08-24T09:00,26.6,85,1006.7,Mumbai_Colaba,18.9067,72.8147
2023-08-24T10:00,27.1,83,1006.6,Mumbai_Colaba,18.9067,72.8147
2023-08-24T11:00,27.1,84,1006.5,Mumbai_Colaba,18.9067,72.8147
2023-08-24T12:00,26.7,85,1006.1,Mumbai_Colaba,18.9067,72.8147
2023-08-24T13:00,27,85,1005.2,Mumbai_Colaba,18.9067,72.8147
2023-08-24T14:00,27.1,83,1004.7,Mumbai_Colaba,18.9067,72.8147
2023-08-24T15:00,26.8,85,1004.3,Mumbai_Colaba,18.9067,72.8147
2023-08-24T16:00,26.8,84,1004,Mumbai_Colaba,18.9067,72.8147
2023-08-24T17:00,26.4,88,1004.3,Mumbai_Colaba,18.9067,72.8147
2023-08-24T18:00,26.6,86,1004.6,Mumbai_Colaba,18.9067,72.8147
2023-08-24T19:00,26.5,87,1005,Mumbai_Colaba,18.9067,72.8147
2023-08-24T20:00,26.6,86,1005.4,Mumbai_Colaba,18.9067,72.8147
2023-08-24T21:00,26.5,86,1006.1,Mumbai_Colaba,18.9067,72.8147
2023-08-24T22:00,26.3,86,1006.5,Mumbai_Colaba,18.9067,72.8147
2023-08-24T23:00,26.1,88,1006,Mumbai_Colaba,18.9067,72.8147
2023-08-25T00:00,25.7,87,1005.5,Mumbai_Colaba,18.9067,72.8147
2023-08-25T01:00,26,88,1004.7,Mumbai_Colaba,18.9067,72.8147
2023-08-25T02:00,26.2,88,1003.9,Mumbai_Colaba,18.9067,72.8147
2023-08-25T03:00,25.9,88,1003.8,Mumbai_Colaba,18.9067,72.8147
2023-08-25T04:00,25.8,88,1004,Mumbai_Colaba,18.9067,72.8147
2023-08-25T05:00,26.6,86,1004.1,Mumbai_Colaba,18.9067,72.8147
2023-08-25T06:00,26.1,88,1004.7,Mumbai_Colaba,18.9067,72.8147
2023-08-25T07:00,26.8,86,1005,Mumbai_Colaba,18.9067,72.8147
2023-08-25T08:00,26.7,86,1005.8,Mumbai_Colaba,18.9067,72.8147
2023-08-25T09:00,27.1,84,1006.1,Mumbai_Colaba,18.9067,72.8147
2023-08-25T10:00,27,83,1006.4,Mumbai_Colaba,18.9067,72.8147
2023-08-25T11:00,27,84,1006.1,Mumbai_Colaba,18.9067,72.8147
2023-08-25T12:00,27.2,84,1005.4,Mumbai_Colaba,18.9067,72.8147
2023-08-25T13:00,27,85,1005.1,Mumbai_Colaba,18.9067,72.8147
2023-08-25T14:00,27.4,83,1004.6,Mumbai_Colaba,18.9067,72.8147
2023-08-25T15:00,27.1,84,1004.5,Mumbai_Colaba,18.9067,72.8147
2023-08-25T16:00,27,85,1004.3,Mumbai_Colaba,18.9067,72.8147
2023-08-25T17:00,27.8,83,1004.7,Mumbai_Colaba,18.9067,72.8147
2023-08-25T18:00,26.6,86,1005.2,Mumbai_Colaba,18.9067,72.8147
2023-08-25T19:00,26.6,88,1005.6,Mumbai_Colaba,18.9067,72.8147
2023-08-25T20:00,27.1,85,1006.2,Mumbai_Colaba,18.9067,72.8147
2023-08-25T21:00,26.9,86,1007,Mumbai_Colaba,18.9067,72.8147
2023-08-25T22:00,26.3,86,1007.3,Mumbai_Colaba,18.9067,72.8147
2023-08-25T23:00,25.8,90,1007.2,Mumbai_Colaba,18.9067,72.8147
2023-08-26T00:00,26,89,1006.5,Mumbai_Colaba,18.9067,72.8147
2023-08-26T01:00,26.1,88,1005.9,Mumbai_Colaba,18.9067,72.8147
2023-08-26T02:00,26,86,1005.4,Mumbai_Colaba,18.9067,72.8147
2023-08-26T03:00,25.8,89,1005.2,Mumbai_Colaba,18.9067,72.8147
2023-08-26T04:00,25.7,89,1005.6,Mumbai_Colaba,18.9067,72.8147
2023-08-26T05:00,26.2,89,1005.4,Mumbai_Colaba,18.9067,72.8147
2023-08-26T06:00,26.4,86,1006,Mumbai_Colaba,18.9067,72.8147
2023-08-26T07:00,26.3,86,1007,Mumbai_Colaba,18.9067,72.8147
2023-08-26T08:00,26,86,1007.3,Mumbai_Colaba,18.9067,72.8147
2023-08-26T09:00,25.9,87,1007.9,Mumbai_Colaba,18.9067,72.8147
2023-08-26T10:00,27,82,1007.8,Mumbai_Colaba,18.9067,72.8147
2023-08-26T11:00,27.3,82,1007.7,Mumbai_Colaba,18.9067,72.8147
2023-08-26T12:00,26.9,83,1007.2,Mumbai_Colaba,18.9067,72.8147
2023-08-26T13:00,28.2,78,1006.4,Mumbai_Colaba,18.9067,72.8147
2023-08-26T14:00,27,84,1006.1,Mumbai_Colaba,18.9067,72.8147
2023-08-26T15:00,26.8,84,1005.9,Mumbai_Colaba,18.9067,72.8147
2023-08-26T16:00,26.6,85,1005.7,Mumbai_Colaba,18.9067,72.8147
2023-08-26T17:00,27.1,85,1006.2,Mumbai_Colaba,18.9067,72.8147
2023-08-26T18:00,27.1,83,1006.5,Mumbai_Colaba,18.9067,72.8147
2023-08-26T19:00,26.6,86,1007.1,Mumbai_Colaba,18.9067,72.8147
2023-08-26T20:00,26,89,1008,Mumbai_Colaba,18.9067,72.8147
2023-08-26T21:00,25.2,91,1008.6,Mumbai_Colaba,18.9067,72.8147
2023-08-26T22:00,25.8,89,1009.1,Mumbai_Colaba,18.9067,72.8147
2023-08-26T23:00,25.4,92,1009,Mumbai_Colaba,18.9067,72.8147
2023-08-27T00:00,24.5,93,1008.6,Mumbai_Colaba,18.9067,72.8147
2023-08-27T01:00,23.7,95,1008,Mumbai_Colaba,18.9067,72.8147
2023-08-27T02:00,24.2,94,1007.2,Mumbai_Colaba,18.9067,72.8147
2023-08-27T03:00,24.8,92,1007.1,Mumbai_Colaba,18.9067,72.8147
2023-08-27T04:00,25,91,1007,Mumbai_Colaba,18.9067,72.8147
2023-08-27T05:00,24.6,89,1007.4,Mumbai_Colaba,18.9067,72.8147
2023-08-27T06:00,24.6,92,1008.4,Mumbai_Colaba,18.9067,72.8147
2023-08-27T07:00,24.9,90,1008.3,Mumbai_Colaba,18.9067,72.8147
2023-08-27T08:00,25,89,1008.9,Mumbai_Colaba,18.9067,72.8147
2023-08-27T09:00,24.8,92,1009.4,Mumbai_Colaba,18.9067,72.8147
2023-08-27T10:00,25.9,87,1009.4,Mumbai_Colaba,18.9067,72.8147
2023-08-27T11:00,25.8,86,1009.2,Mumbai_Colaba,18.9067,72.8147
2023-08-27T12:00,25.8,88,1008.6,Mumbai_Colaba,18.9067,72.8147
2023-08-27T13:00,26.4,85,1007.9,Mumbai_Colaba,18.9067,72.8147
2023-08-27T14:00,27.4,80,1006.9,Mumbai_Colaba,18.9067,72.8147
2023-08-27T15:00,26.7,85,1006.7,Mumbai_Colaba,18.9067,72.8147
2023-08-27T16:00,26.3,85,1006.5,Mumbai_Colaba,18.9067,72.8147
2023-08-27T17:00,26.6,83,1006.9,Mumbai_Colaba,18.9067,72.8147
2023-08-27T18:00,26.8,83,1006.9,Mumbai_Colaba,18.9067,72.8147
2023-08-27T19:00,26.8,84,1007.6,Mumbai_Colaba,18.9067,72.8147
2023-08-27T20:00,26.3,86,1008.1,Mumbai_Colaba,18.9067,72.8147
2023-08-27T21:00,26.2,87,1008.7,Mumbai_Colaba,18.9067,72.8147
2023-08-27T22:00,26,88,1009,Mumbai_Colaba,18.9067,72.8147
2023-08-27T23:00,25.8,87,1008.8,Mumbai_Colaba,18.9067,72.8147
2023-08-28T00:00,25.7,88,1007.9,Mumbai_Colaba,18.9067,72.8147
2023-08-28T01:00,25.7,87,1007.1,Mumbai_Colaba,18.9067,72.8147
2023-08-28T02:00,25.4,87,1006.7,Mumbai_Colaba,18.9067,72.8147
2023-08-28T03:00,25.7,88,1006.1,Mumbai_Colaba,18.9067,72.8147
2023-08-28T04:00,25.5,87,1006.5,Mumbai_Colaba,18.9067,72.8147
2023-08-28T05:00,25.2,90,1006.5,Mumbai_Colaba,18.9067,72.8147
2023-08-28T06:00,25.6,89,1007.1,Mumbai_Colaba,18.9067,72.8147
2023-08-28T07:00,25.8,89,1007.8,Mumbai_Colaba,18.9067,72.8147
2023-08-28T08:00,25.9,89,1008.7,Mumbai_Colaba,18.9067,72.8147
2023-08-28T09:00,26.3,84,1009,Mumbai_Colaba,18.9067,72.8147
2023-08-28T10:00,25.4,87,1009.1,Mumbai_Colaba,18.9067,72.8147
2023-08-28T11:00,26.4,82,1008.9,Mumbai_Colaba,18.9067,72.8147
2023-08-28T12:00,26,85,1008.4,Mumbai_Colaba,18.9067,72.8147
2023-08-28T13:00,26.2,84,1007.6,Mumbai_Colaba,18.9067,72.8147
2023-08-28T14:00,26.1,86,1006.9,Mumbai_Colaba,18.9067,72.8147
2023-08-28T15:00,25.7,86,1006.4,Mumbai_Colaba,18.9067,72.8147
2023-08-28T16:00,26.1,83,1006.3,Mumbai_Colaba,18.9067,72.8147
2023-08-28T17:00,25.9,86,1006.5,Mumbai_Colaba,18.9067,72.8147
2023-08-28T18:00,26.4,83,1006.8,Mumbai_Colaba,18.9067,72.8147
2023-08-28T19:00,26.3,85,1007.2,Mumbai_Colaba,18.9067,72.8147
2023-08-28T20:00,26.1,87,1007.6,Mumbai_Colaba,18.9067,72.8147
2023-08-28T21:00,26.1,87,1008.1,Mumbai_Colaba,18.9067,72.8147
2023-08-28T22:00,25.9,88,1008.3,Mumbai_Colaba,18.9067,72.8147
2023-08-28T23:00,25.6,90,1008.1,Mumbai_Colaba,18.9067,72.8147
2023-08-29T00:00,25.8,88,1007.4,Mumbai_Colaba,18.9067,72.8147
2023-08-29T01:00,25.7,88,1006.7,Mumbai_Colaba,18.9067,72.8147
2023-08-29T02:00,25.4,91,1006.1,Mumbai_Colaba,18.9067,72.8147
2023-08-29T03:00,25.5,86,1006,Mumbai_Colaba,18.9067,72.8147
2023-08-29T04:00,25.8,86,1006,Mumbai_Colaba,18.9067,72.8147
2023-08-29T05:00,26,86,1006,Mumbai_Colaba,18.9067,72.8147
2023-08-29T06:00,26.1,85,1006.5,Mumbai_Colaba,18.9067,72.8147
2023-08-29T07:00,26.2,84,1007.1,Mumbai_Colaba,18.9067,72.8147
2023-08-29T08:00,26.3,83,1007.9,Mumbai_Colaba,18.9067,72.8147
2023-08-29T09:00,27,79,1008.5,Mumbai_Colaba,18.9067,72.8147
2023-08-29T10:00,27.2,80,1008.7,Mumbai_Colaba,18.9067,72.8147
2023-08-29T11:00,27.3,78,1008.3,Mumbai_Colaba,18.9067,72.8147
2023-08-29T12:00,27.5,78,1007.9,Mumbai_Colaba,18.9067,72.8147
2023-08-29T13:00,27.1,81,1007.1,Mumbai_Colaba,18.9067,72.8147
2023-08-29T14:00,27.4,81,1006.3,Mumbai_Colaba,18.9067,72.8147
2023-08-29T15:00,27.6,80,1005.7,Mumbai_Colaba,18.9067,72.8147
2023-08-29T16:00,27.5,81,1005.3,Mumbai_Colaba,18.9067,72.8147
2023-08-29T17:00,27.6,79,1005.8,Mumbai_Colaba,18.9067,72.8147
2023-08-29T18:00,27.7,79,1006.3,Mumbai_Colaba,18.9067,72.8147
2023-08-29T19:00,27.6,80,1006.9,Mumbai_Colaba,18.9067,72.8147
2023-08-29T20:00,27.7,78,1007.7,Mumbai_Colaba,18.9067,72.8147
2023-08-29T21:00,27.7,78,1008.4,Mumbai_Colaba,18.9067,72.8147
2023-08-29T22:00,27.3,82,1008.8,Mumbai_Colaba,18.9067,72.8147
2023-08-29T23:00,26.7,88,1008.6,Mumbai_Colaba,18.9067,72.8147
2023-08-30T00:00,26.3,92,1008.1,Mumbai_Colaba,18.9067,72.8147
2023-08-30T01:00,26,97,1007.3,Mumbai_Colaba,18.9067,72.8147
2023-08-30T02:00,25.7,95,1007,Mumbai_Colaba,18.9067,72.8147
2023-08-30T03:00,25.3,97,1006.6,Mumbai_Colaba,18.9067,72.8147
2023-08-30T04:00,24.9,100,1006.8,Mumbai_Colaba,18.9067,72.8147
2023-08-30T05:00,25.3,100,1007.1,Mumbai_Colaba,18.9067,72.8147
2023-08-30T06:00,25.4,97,1007.7,Mumbai_Colaba,18.9067,72.8147
2023-08-30T07:00,25.7,95,1008.6,Mumbai_Colaba,18.9067,72.8147
2023-08-30T08:00,26.5,86,1009.2,Mumbai_Colaba,18.9067,72.8147
2023-08-30T09:00,27.1,82,1009.5,Mumbai_Colaba,18.9067,72.8147
2023-08-30T10:00,27.6,81,1009.4,Mumbai_Colaba,18.9067,72.8147
2023-08-30T11:00,27.6,81,1009.2,Mumbai_Colaba,18.9067,72.8147
2023-08-30T12:00,27.7,81,1008.4,Mumbai_Colaba,18.9067,72.8147
2023-08-30T13:00,27.7,82,1007.7,Mumbai_Colaba,18.9067,72.8147
2023-08-30T14:00,27.9,81,1006.8,Mumbai_Colaba,18.9067,72.8147
2023-08-30T15:00,28,82,1006.4,Mumbai_Colaba,18.9067,72.8147
2023-08-30T16:00,28.1,80,1006.1,Mumbai_Colaba,18.9067,72.8147
2023-08-30T17:00,28,80,1006.4,Mumbai_Colaba,18.9067,72.8147
2023-08-30T18:00,27.9,80,1006.6,Mumbai_Colaba,18.9067,72.8147
2023-08-30T19:00,27.8,81,1007.1,Mumbai_Colaba,18.9067,72.8147
2023-08-30T20:00,27.7,81,1007.6,Mumbai_Colaba,18.9067,72.8147
2023-08-30T21:00,27.6,81,1008.2,Mumbai_Colaba,18.9067,72.8147
2023-08-30T22:00,27.4,82,1008.6,Mumbai_Colaba,18.9067,72.8147
2023-08-30T23:00,26.9,88,1008.4,Mumbai_Colaba,18.9067,72.8147
2023-08-31T00:00,26.5,92,1007.9,Mumbai_Colaba,18.9067,72.8147
2023-08-31T01:00,25.9,100,1007.1,Mumbai_Colaba,18.9067,72.8147
2023-08-31T02:00,25.6,100,1006.6,Mumbai_Colaba,18.9067,72.8147
2023-08-31T03:00,25.4,100,1006.6,Mumbai_Colaba,18.9067,72.8147
2023-08-31T04:00,25.2,100,1006.6,Mumbai_Colaba,18.9067,72.8147
2023-08-31T05:00,25.2,100,1007.7,Mumbai_Colaba,18.9067,72.8147
2023-08-31T06:00,25.1,100,1007.9,Mumbai_Colaba,18.9067,72.8147
2023-08-31T07:00,25.8,96,1008.7,Mumbai_Colaba,18.9067,72.8147
2023-08-31T08:00,26.9,86,1009,Mumbai_Colaba,18.9067,72.8147
2023-08-31T09:00,27.7,81,1009.4,Mumbai_Colaba,18.9067,72.8147
2023-08-31T10:00,28.3,78,1009.1,Mumbai_Colaba,18.9067,72.8147
2023-08-31T11:00,28.5,76,1008.7,Mumbai_Colaba,18.9067,72.8147
2023-08-31T12:00,28.5,76,1007.9,Mumbai_Colaba,18.9067,72.8147
2023-08-31T13:00,28.5,77,1007,Mumbai_Colaba,18.9067,72.8147
2023-08-31T14:00,28.4,78,1006.2,Mumbai_Colaba,18.9067,72.8147
2023-08-31T15:00,28.3,79,1006,Mumbai_Colaba,18.9067,72.8147
2023-08-31T16:00,28.5,80,1005.9,Mumbai_Colaba,18.9067,72.8147
2023-08-31T17:00,28.5,79,1005.8,Mumbai_Colaba,18.9067,72.8147
2023-08-31T18:00,28.3,81,1006.2,Mumbai_Colaba,18.9067,72.8147
2023-08-31T19:00,28.1,82,1006.7,Mumbai_Colaba,18.9067,72.8147
2023-08-31T20:00,27.9,83,1007.5,Mumbai_Colaba,18.9067,72.8147
2023-08-31T21:00,27.7,85,1008.2,Mumbai_Colaba,18.9067,72.8147
2023-08-31T22:00,27.5,86,1008.5,Mumbai_Colaba,18.9067,72.8147
2023-08-31T23:00,27.3,87,1008.3,Mumbai_Colaba,18.9067,72.8147
2023-09-01T00:00,27,90,1008,Mumbai_Colaba,18.9067,72.8147
2023-09-01T01:00,26.8,93,1007.5,Mumbai_Colaba,18.9067,72.8147
2023-09-01T02:00,26.5,97,1006.9,Mumbai_Colaba,18.9067,72.8147
2023-09-01T03:00,26,98,1006.6,Mumbai_Colaba,18.9067,72.8147
2023-09-01T04:00,25.3,99,1006.9,Mumbai_Colaba,18.9067,72.8147
2023-09-01T05:00,24.8,90,1007.8,Mumbai_Colaba,18.9067,72.8147
2023-09-01T06:00,25.4,87,1008,Mumbai_Colaba,18.9067,72.8147
2023-09-01T07:00,25.9,87,1008.6,Mumbai_Colaba,18.9067,72.8147
2023-09-01T08:00,26.4,85,1009.2,Mumbai_Colaba,18.9067,72.8147
2023-09-01T09:00,27.4,81,1009.3,Mumbai_Colaba,18.9067,72.8147
2023-09-01T10:00,28.5,75,1009,Mumbai_Colaba,18.9067,72.8147
2023-09-01T11:00,29.1,72,1008.4,Mumbai_Colaba,18.9067,72.8147
2023-09-01T12:00,29,75,1007.6,Mumbai_Colaba,18.9067,72.8147
2023-09-01T13:00,28.7,79,1006.5,Mumbai_Colaba,18.9067,72.8147
2023-09-01T14:00,28.4,81,1005.7,Mumbai_Colaba,18.9067,72.8147
2023-09-01T15:00,28.8,78,1005,Mumbai_Colaba,18.9067,72.8147
2023-09-01T16:00,28.5,79,1004.9,Mumbai_Colaba,18.9067,72.8147
2023-09-01T17:00,28.6,79,1005.6,Mumbai_Colaba,18.9067,72.8147
2023-09-01T18:00,28.4,80,1006.1,Mumbai_Colaba,18.9067,72.8147
2023-09-01T19:00,28.3,80,1006.7,Mumbai_Colaba,18.9067,72.8147
2023-09-01T20:00,28.3,80,1007.3,Mumbai_Colaba,18.9067,72.8147
2023-09-01T21:00,28.2,80,1008.3,Mumbai_Colaba,18.9067,72.8147
2023-09-01T22:00,27.7,84,1008.4,Mumbai_Colaba,18.9067,72.8147
2023-09-01T23:00,27.1,91,1008.1,Mumbai_Colaba,18.9067,72.8147
2023-09-02T00:00,26.7,96,1007.5,Mumbai_Colaba,18.9067,72.8147
2023-09-02T01:00,26.3,98,1007.2,Mumbai_Colaba,18.9067,72.8147
2023-09-02T02:00,26.1,99,1006.5,Mumbai_Colaba,18.9067,72.8147
2023-09-02T03:00,26.1,96,1006.5,Mumbai_Colaba,18.9067,72.8147
2023-09-02T04:00,25.9,100,1006.5,Mumbai_Colaba,18.9067,72.8147
2023-09-02T05:00,25.3,87,1007.4,Mumbai_Colaba,18.9067,72.8147
2023-09-02T06:00,25.4,88,1007.9,Mumbai_Colaba,18.9067,72.8147
2023-09-02T07:00,25.6,87,1008.2,Mumbai_Colaba,18.9067,72.8147
2023-09-02T08:00,25.8,87,1009.2,Mumbai_Colaba,18.9067,72.8147
2023-09-02T09:00,26.3,85,1009.5,Mumbai_Colaba,18.9067,72.8147
2023-09-02T10:00,26.8,83,1009.4,Mumbai_Colaba,18.9067,72.8147
2023-09-02T11:00,27.7,78,1008.9,Mumbai_Colaba,18.9067,72.8147
2023-09-02T12:00,28.2,77,1008.3,Mumbai_Colaba,18.9067,72.8147
2023-09-02T13:00,28.1,79,1007.1,Mumbai_Colaba,18.9067,72.8147
2023-09-02T14:00,28,80,1006.3,Mumbai_Colaba,18.9067,72.8147
2023-09-02T15:00,27.8,82,1005.5,Mumbai_Colaba,18.9067,72.8147
2023-09-02T16:00,28.1,81,1005.2,Mumbai_Colaba,18.9067,72.8147
2023-09-02T17:00,27.6,83,1005.9,Mumbai_Colaba,18.9067,72.8147
2023-09-02T18:00,27.6,83,1006.2,Mumbai_Colaba,18.9067,72.8147
2023-09-02T19:00,27.5,83,1006.4,Mumbai_Colaba,18.9067,72.8147
2023-09-02T20:00,27.5,83,1007,Mumbai_Colaba,18.9067,72.8147
2023-09-02T21:00,27.6,82,1007.6,Mumbai_Colaba,18.9067,72.8147
2023-09-02T22:00,27.5,82,1007.8,Mumbai_Colaba,18.9067,72.8147
2023-09-02T23:00,27.4,83,1007.5,Mumbai_Colaba,18.9067,72.8147
2023-09-03T00:00,27.1,86,1007,Mumbai_Colaba,18.9067,72.8147
2023-09-03T01:00,27.1,86,1006.4,Mumbai_Colaba,18.9067,72.8147
2023-09-03T02:00,27,87,1005.8,Mumbai_Colaba,18.9067,72.8147
2023-09-03T03:00,26.8,90,1005.7,Mumbai_Colaba,18.9067,72.8147
2023-09-03T04:00,26.7,90,1005.8,Mumbai_Colaba,18.9067,72.8147
2023-09-03T05:00,26,95,1006.2,Mumbai_Colaba,18.9067,72.8147
2023-09-03T06:00,26,91,1006.9,Mumbai_Colaba,18.9067,72.8147
2023-09-03T07:00,26.7,82,1007.2,Mumbai_Colaba,18.9067,72.8147
2023-09-03T08:00,27.1,80,1007.8,Mumbai_Colaba,18.9067,72.8147
2023-09-03T09:00,27.6,79,1008,Mumbai_Colaba,18.9067,72.8147
2023-09-03T10:00,27.2,82,1008.1,Mumbai_Colaba,18.9067,72.8147
2023-09-03T11:00,27.5,81,1007.7,Mumbai_Colaba,18.9067,72.8147
2023-09-03T12:00,28,78,1006.9,Mumbai_Colaba,18.9067,72.8147
2023-09-03T13:00,28,79,1006.1,Mumbai_Colaba,18.9067,72.8147
2023-09-03T14:00,28.4,76,1005.2,Mumbai_Colaba,18.9067,72.8147
2023-09-03T15:00,28.5,76,1004.8,Mumbai_Colaba,18.9067,72.8147
2023-09-03T16:00,28.5,75,1004.2,Mumbai_Colaba,18.9067,72.8147
2023-09-03T17:00,27.9,78,1004.9,Mumbai_Colaba,18.9067,72.8147
2023-09-03T18:00,27.8,79,1005.3,Mumbai_Colaba,18.9067,72.8147
2023-09-03T19:00,27.3,82,1005.9,Mumbai_Colaba,18.9067,72.8147
2023-09-03T20:00,26.8,86,1006.5,Mumbai_Colaba,18.9067,72.8147
2023-09-03T21:00,26.7,81,1007.1,Mumbai_Colaba,18.9067,72.8147
2023-09-03T22:00,26.5,79,1007.3,Mumbai_Colaba,18.9067,72.8147
2023-09-03T23:00,26.6,78,1006.8,Mumbai_Colaba,18.9067,72.8147
2023-09-04T00:00,26.1,82,1006.5,Mumbai_Colaba,18.9067,72.8147
2023-09-04T01:00,25.5,88,1005.9,Mumbai_Colaba,18.9067,72.8147
2023-09-04T02:00,25.2,92,1005.3,Mumbai_Colaba,18.9067,72.8147
2023-09-04T03:00,25.1,92,1005.1,Mumbai_Colaba,18.9067,72.8147
2023-09-04T04:00,24.9,93,1005.1,Mumbai_Colaba,18.9067,72.8147
2023-09-04T05:00,26.1,90,1004.9,Mumbai_Colaba,18.9067,72.8147
2023-09-04T06:00,25.6,94,1005.2,Mumbai_Colaba,18.9067,72.8147
2023-09-04T07:00,26.1,91,1006.1,Mumbai_Colaba,18.9067,72.8147
2023-09-04T08:00,26.7,87,1006.9,Mumbai_Colaba,18.9067,72.8147
2023-09-04T09:00,27.1,83,1007,Mumbai_Colaba,18.9067,72.8147
2023-09-04T10:00,27.5,79,1006.9,Mumbai_Colaba,18.9067,72.8147
2023-09-04T11:00,28.1,76,1006.4,Mumbai_Colaba,18.9067,72.8147
2023-09-04T12:00,28.5,75,1005.7,Mumbai_Colaba,18.9067,72.8147
2023-09-04T13:00,28.7,75,1004.7,Mumbai_Colaba,18.9067,72.8147
2023-09-04T14:00,28.8,73,1003.7,Mumbai_Colaba,18.9067,72.8147
2023-09-04T15:00,28.6,74,1003.1,Mumbai_Colaba,18.9067,72.8147
2023-09-04T16:00,28.8,74,1002.7,Mumbai_Colaba,18.9067,72.8147
2023-09-04T17:00,28.9,72,1003.4,Mumbai_Colaba,18.9067,72.8147
2023-09-04T18:00,28.6,74,1003.8,Mumbai_Colaba,18.9067,72.8147
2023-09-04T19:00,28.5,74,1004.5,Mumbai_Colaba,18.9067,72.8147
2023-09-04T20:00,28.3,75,1005,Mumbai_Colaba,18.9067,72.8147
2023-09-04T21:00,28.1,76,1005.9,Mumbai_Colaba,18.9067,72.8147
2023-09-04T22:00,27.8,77,1006.2,Mumbai_Colaba,18.9067,72.8147
2023-09-04T23:00,27.6,79,1006.1,Mumbai_Colaba,18.9067,72.8147
2023-09-05T00:00,27.4,81,1005.6,Mumbai_Colaba,18.9067,72.8147
2023-09-05T01:00,27.1,84,1005.2,Mumbai_Colaba,18.9067,72.8147
2023-09-05T02:00,26.9,85,1004.8,Mumbai_Colaba,18.9067,72.8147
2023-09-05T03:00,26.6,87,1004.5,Mumbai_Colaba,18.9067,72.8147
2023-09-05T04:00,26.2,90,1004.5,Mumbai_Colaba,18.9067,72.8147
2023-09-05T05:00,26.7,88,1004.4,Mumbai_Colaba,18.9067,72.8147
2023-09-05T06:00,26.3,90,1005.1,Mumbai_Colaba,18.9067,72.8147
2023-09-05T07:00,26.3,90,1005.6,Mumbai_Colaba,18.9067,72.8147
2023-09-05T08:00,26.4,86,1006.4,Mumbai_Colaba,18.9067,72.8147
2023-09-05T09:00,27.4,80,1006.7,Mumbai_Colaba,18.9067,72.8147
2023-09-05T10:00,27.8,78,1006.5,Mumbai_Colaba,18.9067,72.8147
2023-09-05T11:00,28.1,77,1006.2,Mumbai_Colaba,18.9067,72.8147
2023-09-05T12:00,28.2,77,1005.5,Mumbai_Colaba,18.9067,72.8147
2023-09-05T13:00,28.2,78,1004.4,Mumbai_Colaba,18.9067,72.8147
2023-09-05T14:00,28.1,79,1003.4,Mumbai_Colaba,18.9067,72.8147
2023-09-05T15:00,28.2,79,1002.6,Mumbai_Colaba,18.9067,72.8147
2023-09-05T16:00,28.2,79,1002.1,Mumbai_Colaba,18.9067,72.8147
2023-09-05T17:00,28.4,78,1002.2,Mumbai_Colaba,18.9067,72.8147
2023-09-05T18:00,28.3,78,1002.9,Mumbai_Colaba,18.9067,72.8147
2023-09-05T19:00,28.1,78,1003.7,Mumbai_Colaba,18.9067,72.8147
2023-09-05T20:00,28.1,78,1004.6,Mumbai_Colaba,18.9067,72.8147
2023-09-05T21:00,28.1,79,1005.3,Mumbai_Colaba,18.9067,72.8147
2023-09-05T22:00,27.9,79,1005.3,Mumbai_Colaba,18.9067,72.8147
2023-09-05T23:00,27.8,80,1005.1,Mumbai_Colaba,18.9067,72.8147
2023-09-06T00:00,27.5,82,1005,Mumbai_Colaba,18.9067,72.8147
2023-09-06T01:00,27.3,83,1004.9,Mumbai_Colaba,18.9067,72.8147
2023-09-06T02:00,27.3,83,1004.2,Mumbai_Colaba,18.9067,72.8147
2023-09-06T03:00,27.3,82,1004,Mumbai_Colaba,18.9067,72.8147
2023-09-06T04:00,27.3,82,1003.8,Mumbai_Colaba,18.9067,72.8147
2023-09-06T05:00,28.1,76,1004.3,Mumbai_Colaba,18.9067,72.8147
2023-09-06T06:00,28.1,75,1004.8,Mumbai_Colaba,18.9067,72.8147
2023-09-06T07:00,28.2,76,1005.3,Mumbai_Colaba,18.9067,72.8147
2023-09-06T08:00,28.3,75,1006.1,Mumbai_Colaba,18.9067,72.8147
2023-09-06T09:00,28.2,75,1006.6,Mumbai_Colaba,18.9067,72.8147
2023-09-06T10:00,28.4,75,1006.5,Mumbai_Colaba,18.9067,72.8147
2023-09-06T11:00,28.6,74,1006.1,Mumbai_Colaba,18.9067,72.8147
2023-09-06T12:00,28.8,74,1005.5,Mumbai_Colaba,18.9067,72.8147
2023-09-06T13:00,28.7,75,1004.5,Mumbai_Colaba,18.9067,72.8147
2023-09-06T14:00,28.7,76,1003.5,Mumbai_Colaba,18.9067,72.8147
2023-09-06T15:00,28.8,77,1002.6,Mumbai_Colaba,18.9067,72.8147
2023-09-06T16:00,28.8,78,1002.4,Mumbai_Colaba,18.9067,72.8147
2023-09-06T17:00,28.9,78,1002.7,Mumbai_Colaba,18.9067,72.8147
2023-09-06T18:00,28.7,78,1003.3,Mumbai_Colaba,18.9067,72.8147
2023-09-06T19:00,28.6,77,1004.2,Mumbai_Colaba,18.9067,72.8147
2023-09-06T20:00,28.5,78,1004.8,Mumbai_Colaba,18.9067,72.8147
2023-09-06T21:00,28.6,77,1005.6,Mumbai_Colaba,18.9067,72.8147
2023-09-06T22:00,28.4,79,1005.7,Mumbai_Colaba,18.9067,72.8147
2023-09-06T23:00,28,78,1005.5,Mumbai_Colaba,18.9067,72.8147
2023-09-07T00:00,28,79,1005.1,Mumbai_Colaba,18.9067,72.8147
2023-09-07T01:00,27.5,79,1004.4,Mumbai_Colaba,18.9067,72.8147
2023-09-07T02:00,27.6,80,1004.1,Mumbai_Colaba,18.9067,72.8147
2023-09-07T03:00,27.7,75,1004.1,Mumbai_Colaba,18.9067,72.8147
2023-09-07T04:00,27.6,79,1003.9,Mumbai_Colaba,18.9067,72.8147
2023-09-07T05:00,27.1,82,1004,Mumbai_Colaba,18.9067,72.8147
2023-09-07T06:00,27.1,83,1004.4,Mumbai_Colaba,18.9067,72.8147
2023-09-07T07:00,26.9,82,1005.3,Mumbai_Colaba,18.9067,72.8147
2023-09-07T08:00,26.6,84,1006,Mumbai_Colaba,18.9067,72.8147
2023-09-07T09:00,25.9,90,1006.4,Mumbai_Colaba,18.9067,72.8147
2023-09-07T10:00,26,85,1006.4,Mumbai_Colaba,18.9067,72.8147
2023-09-07T11:00,26.6,86,1006,Mumbai_Colaba,18.9067,72.8147
2023-09-07T12:00,27.3,83,1005.2,Mumbai_Colaba,18.9067,72.8147
2023-09-07T13:00,27.3,83,1004.1,Mumbai_Colaba,18.9067,72.8147
2023-09-07T14:00,27.3,83,1003.1,Mumbai_Colaba,18.9067,72.8147
2023-09-07T15:00,27.6,82,1002.9,Mumbai_Colaba,18.9067,72.8147
2023-09-07T16:00,28.2,79,1002.7,Mumbai_Colaba,18.9067,72.8147
2023-09-07T17:00,27.3,82,1003.6,Mumbai_Colaba,18.9067,72.8147
2023-09-07T18:00,27.3,82,1003.8,Mumbai_Colaba,18.9067,72.8147
2023-09-07T19:00,27.7,80,1004.4,Mumbai_Colaba,18.9067,72.8147
2023-09-07T20:00,27.5,82,1005.2,Mumbai_Colaba,18.9067,72.8147
2023-09-07T21:00,27.8,80,1005.7,Mumbai_Colaba,18.9067,72.8147
2023-09-07T22:00,27.7,80,1005.7,Mumbai_Colaba,18.9067,72.8147
2023-09-07T23:00,26.6,87,1005.8,Mumbai_Colaba,18.9067,72.8147
2023-09-08T00:00,27.1,84,1005.3,Mumbai_Colaba,18.9067,72.8147
2023-09-08T01:00,26.8,86,1004.6,Mumbai_Colaba,18.9067,72.8147
2023-09-08T02:00,27,86,1003.7,Mumbai_Colaba,18.9067,72.8147
2023-09-08T03:00,27.1,85,1003.5,Mumbai_Colaba,18.9067,72.8147
2023-09-08T04:00,27.2,86,1003.5,Mumbai_Colaba,18.9067,72.8147
2023-09-08T05:00,27.2,85,1004.1,Mumbai_Colaba,18.9067,72.8147
2023-09-08T06:00,27.3,85,1004.1,Mumbai_Colaba,18.9067,72.8147
2023-09-08T07:00,27.2,85,1004.9,Mumbai_Colaba,18.9067,72.8147
2023-09-08T08:00,27.4,85,1005.7,Mumbai_Colaba,18.9067,72.8147
2023-09-08T09:00,27.4,85,1006.2,Mumbai_Colaba,18.9067,72.8147
2023-09-08T10:00,26.8,87,1006.4,Mumbai_Colaba,18.9067,72.8147
2023-09-08T11:00,27.2,85,1006.4,Mumbai_Colaba,18.9067,72.8147
2023-09-08T12:00,26.7,86,1006.3,Mumbai_Colaba,18.9067,72.8147
2023-09-08T13:00,27.3,85,1005.3,Mumbai_Colaba,18.9067,72.8147
2023-09-08T14:00,27.2,85,1004.4,Mumbai_Colaba,18.9067,72.8147
2023-09-08T15:00,27.3,84,1004.2,Mumbai_Colaba,18.9067,72.8147
2023-09-08T16:00,27.4,84,1004,Mumbai_Colaba,18.9067,72.8147
2023-09-08T17:00,26.9,87,1004.4,Mumbai_Colaba,18.9067,72.8147
2023-09-08T18:00,27,86,1004.3,Mumbai_Colaba,18.9067,72.8147
2023-09-08T19:00,27.5,84,1004.9,Mumbai_Colaba,18.9067,72.8147
2023-09-08T20:00,28.1,81,1005.3,Mumbai_Colaba,18.9067,72.8147
2023-09-08T21:00,28.3,82,1005.8,Mumbai_Colaba,18.9067,72.8147
2023-09-08T22:00,28.4,82,1006,Mumbai_Colaba,18.9067,72.8147
2023-09-08T23:00,28.3,81,1005.6,Mumbai_Colaba,18.9067,72.8147
2023-09-09T00:00,28.2,83,1005.2,Mumbai_Colaba,18.9067,72.8147
2023-09-09T01:00,28,83,1004.5,Mumbai_Colaba,18.9067,72.8147
2023-09-09T02:00,27.9,84,1004.3,Mumbai_Colaba,18.9067,72.8147
2023-09-09T03:00,28.3,80,1003.9,Mumbai_Colaba,18.9067,72.8147
2023-09-09T04:00,28.1,80,1004.1,Mumbai_Colaba,18.9067,72.8147
2023-09-09T05:00,28.5,81,1004.1,Mumbai_Colaba,18.9067,72.8147
2023-09-09T06:00,28.7,80,1004.3,Mumbai_Colaba,18.9067,72.8147
2023-09-09T07:00,28.4,82,1004.9,Mumbai_Colaba,18.9067,72.8147
2023-09-09T08:00,24.8,96,1006.6,Mumbai_Colaba,18.9067,72.8147
2023-09-09T09:00,25.5,93,1006.9,Mumbai_Colaba,18.9067,72.8147
2023-09-09T10:00,25,91,1007.2,Mumbai_Colaba,18.9067,72.8147
2023-09-09T11:00,25.5,86,1006.9,Mumbai_Colaba,18.9067,72.8147
2023-09-09T12:00,25.9,87,1006.2,Mumbai_Colaba,18.9067,72.8147
2023-09-09T13:00,27.1,83,1005.1,Mumbai_Colaba,18.9067,72.8147
2023-09-09T14:00,27.3,84,1004.4,Mumbai_Colaba,18.9067,72.8147
2023-09-09T15:00,27.2,84,1004,Mumbai_Colaba,18.9067,72.8147
2023-09-09T16:00,26.5,87,1003.6,Mumbai_Colaba,18.9067,72.8147
2023-09-09T17:00,26.1,87,1004.1,Mumbai_Colaba,18.9067,72.8147
2023-09-09T18:00,26,87,1004,Mumbai_Colaba,18.9067,72.8147
2023-09-09T19:00,26,88,1004.6,Mumbai_Colaba,18.9067,72.8147
2023-09-09T20:00,25.9,91,1005.1,Mumbai_Colaba,18.9067,72.8147
2023-09-09T21:00,26.1,92,1005.8,Mumbai_Colaba,18.9067,72.8147
2023-09-09T22:00,26.2,92,1006.3,Mumbai_Colaba,18.9067,72.8147
2023-09-09T23:00,26.9,87,1006.1,Mumbai_Colaba,18.9067,72.8147
2023-09-10T00:00,26.8,88,1005.5,Mumbai_Colaba,18.9067,72.8147
2023-09-10T01:00,26.8,86,1005.1,Mumbai_Colaba,18.9067,72.8147
2023-09-10T02:00,26.9,85,1004.3,Mumbai_Colaba,18.9067,72.8147
2023-09-10T03:00,27.1,86,1004,Mumbai_Colaba,18.9067,72.8147
2023-09-10T04:00,26.6,86,1004,Mumbai_Colaba,18.9067,72.8147
2023-09-10T05:00,25,91,1005,Mumbai_Colaba,18.9067,72.8147
2023-09-10T06:00,25.1,93,1005.2,Mumbai_Colaba,18.9067,72.8147
2023-09-10T07:00,25.1,94,1005.3,Mumbai_Colaba,18.9067,72.8147
2023-09-10T08:00,26.1,89,1006,Mumbai_Colaba,18.9067,72.8147
2023-09-10T09:00,27.2,84,1006.1,Mumbai_Colaba,18.9067,72.8147
2023-09-10T10:00,27.7,82,1006,Mumbai_Colaba,18.9067,72.8147
2023-09-10T11:00,28,80,1006,Mumbai_Colaba,18.9067,72.8147
2023-09-10T12:00,28.1,81,1005.6,Mumbai_Colaba,18.9067,72.8147
2023-09-10T13:00,28.2,81,1004.7,Mumbai_Colaba,18.9067,72.8147
2023-09-10T14:00,28.5,79,1004.1,Mumbai_Colaba,18.9067,72.8147
2023-09-10T15:00,28.7,77,1003.4,Mumbai_Colaba,18.9067,72.8147
2023-09-10T16:00,28.2,81,1003.1,Mumbai_Colaba,18.9067,72.8147
2023-09-10T17:00,27.7,84,1003.9,Mumbai_Colaba,18.9067,72.8147
2023-09-10T18:00,27.4,84,1004.3,Mumbai_Colaba,18.9067,72.8147
2023-09-10T19:00,26.5,86,1004.8,Mumbai_Colaba,18.9067,72.8147
2023-09-10T20:00,27,84,1005,Mumbai_Colaba,18.9067,72.8147
2023-09-10T21:00,26.8,86,1005.9,Mumbai_Colaba,18.9067,72.8147
2023-09-10T22:00,27,86,1006.2,Mumbai_Colaba,18.9067,72.8147
2023-09-10T23:00,26.2,91,1006.1,Mumbai_Colaba,18.9067,72.8147
2023-09-11T00:00,26.5,89,1005.5,Mumbai_Colaba,18.9067,72.8147
2023-09-11T01:00,26.7,87,1005.2,Mumbai_Colaba,18.9067,72.8147
2023-09-11T02:00,26.5,88,1004.8,Mumbai_Colaba,18.9067,72.8147
2023-09-11T03:00,26.2,89,1004.7,Mumbai_Colaba,18.9067,72.8147
2023-09-11T04:00,26.5,87,1004.7,Mumbai_Colaba,18.9067,72.8147
2023-09-11T05:00,25.1,88,1004.9,Mumbai_Colaba,18.9067,72.8147
2023-09-11T06:00,24.9,89,1005.5,Mumbai_Colaba,18.9067,72.8147
2023-09-11T07:00,25.1,89,1005.8,Mumbai_Colaba,18.9067,72.8147
2023-09-11T08:00,26.3,84,1006.6,Mumbai_Colaba,18.9067,72.8147
2023-09-11T09:00,25.8,88,1007.5,Mumbai_Colaba,18.9067,72.8147
2023-09-11T10:00,26.8,83,1007.1,Mumbai_Colaba,18.9067,72.8147
2023-09-11T11:00,27.2,81,1006.9,Mumbai_Colaba,18.9067,72.8147
2023-09-11T12:00,27.5,81,1006.4,Mumbai_Colaba,18.9067,72.8147
2023-09-11T13:00,27.3,82,1005.6,Mumbai_Colaba,18.9067,72.8147
2023-09-11T14:00,27.5,81,1004.9,Mumbai_Colaba,18.9067,72.8147
2023-09-11T15:00,26.5,87,1004.5,Mumbai_Colaba,18.9067,72.8147
2023-09-11T16:00,26.5,83,1004.3,Mumbai_Colaba,18.9067,72.8147
2023-09-11T17:00,27,85,1004.7,Mumbai_Colaba,18.9067,72.8147
2023-09-11T18:00,27.3,84,1005,Mumbai_Colaba,18.9067,72.8147
2023-09-11T19:00,26.7,84,1005.7,Mumbai_Colaba,18.9067,72.8147
2023-09-11T20:00,27.1,79,1006.4,Mumbai_Colaba,18.9067,72.8147
2023-09-11T21:00,26.3,87,1007.2,Mumbai_Colaba,18.9067,72.8147
2023-09-11T22:00,26.1,92,1007.4,Mumbai_Colaba,18.9067,72.8147
2023-09-11T23:00,26,95,1007.1,Mumbai_Colaba,18.9067,72.8147
2023-09-12T00:00,25.6,97,1006.6,Mumbai_Colaba,18.9067,72.8147
2023-09-12T01:00,25.6,97,1006.1,Mumbai_Colaba,18.9067,72.8147
2023-09-12T02:00,25.8,93,1005.5,Mumbai_Colaba,18.9067,72.8147
2023-09-12T03:00,25.6,94,1005.1,Mumbai_Colaba,18.9067,72.8147
2023-09-12T04:00,25.8,93,1005.3,Mumbai_Colaba,18.9067,72.8147
2023-09-12T05:00,26,93,1005.6,Mumbai_Colaba,18.9067,72.8147
2023-09-12T06:00,26.1,93,1006.2,Mumbai_Colaba,18.9067,72.8147
2023-09-12T07:00,26.3,92,1006.5,Mumbai_Colaba,18.9067,72.8147
2023-09-12T08:00,27.2,84,1007.1,Mumbai_Colaba,18.9067,72.8147
2023-09-12T09:00,27.9,79,1007.3,Mumbai_Colaba,18.9067,72.8147
2023-09-12T10:00,28.3,78,1007.4,Mumbai_Colaba,18.9067,72.8147
2023-09-12T11:00,28.3,79,1007.4,Mumbai_Colaba,18.9067,72.8147
2023-09-12T12:00,28.2,80,1007,Mumbai_Colaba,18.9067,72.8147
2023-09-12T13:00,28.2,80,1006.3,Mumbai_Colaba,18.9067,72.8147
2023-09-12T14:00,28.4,79,1005.6,Mumbai_Colaba,18.9067,72.8147
2023-09-12T15:00,28.5,78,1005.3,Mumbai_Colaba,18.9067,72.8147
2023-09-12T16:00,28.4,79,1004.8,Mumbai_Colaba,18.9067,72.8147
2023-09-12T17:00,28,82,1004.9,Mumbai_Colaba,18.9067,72.8147
2023-09-12T18:00,27.7,82,1005.3,Mumbai_Colaba,18.9067,72.8147
2023-09-12T19:00,27.5,81,1006,Mumbai_Colaba,18.9067,72.8147
2023-09-12T20:00,27.3,81,1006.5,Mumbai_Colaba,18.9067,72.8147
2023-09-12T21:00,26.5,85,1007.7,Mumbai_Colaba,18.9067,72.8147
2023-09-12T22:00,26.8,83,1008,Mumbai_Colaba,18.9067,72.8147
2023-09-12T23:00,26.1,88,1007.8,Mumbai_Colaba,18.9067,72.8147
2023-09-13T00:00,26.1,88,1007.3,Mumbai_Colaba,18.9067,72.8147
2023-09-13T01:00,25.8,90,1006.5,Mumbai_Colaba,18.9067,72.8147
2023-09-13T02:00,25.5,92,1006.1,Mumbai_Colaba,18.9067,72.8147
2023-09-13T03:00,25.5,91,1005.6,Mumbai_Colaba,18.9067,72.8147
2023-09-13T04:00,25.4,91,1005.3,Mumbai_Colaba,18.9067,72.8147
2023-09-13T05:00,26.6,87,1005.1,Mumbai_Colaba,18.9067,72.8147
2023-09-13T06:00,26.4,87,1005.8,Mumbai_Colaba,18.9067,72.8147
2023-09-13T07:00,26.6,83,1006.2,Mumbai_Colaba,18.9067,72.8147
2023-09-13T08:00,26.8,82,1006.9,Mumbai_Colaba,18.9067,72.8147
2023-09-13T09:00,27.3,81,1007,Mumbai_Colaba,18.9067,72.8147
2023-09-13T10:00,27.3,80,1007.2,Mumbai_Colaba,18.9067,72.8147
2023-09-13T11:00,27.6,78,1006.8,Mumbai_Colaba,18.9067,72.8147
2023-09-13T12:00,26.7,81,1006.4,Mumbai_Colaba,18.9067,72.8147
2023-09-13T13:00,27.5,78,1005.3,Mumbai_Colaba,18.9067,72.8147
2023-09-13T14:00,27,81,1004.7,Mumbai_Colaba,18.9067,72.8147
2023-09-13T15:00,27.2,82,1004.2,Mumbai_Colaba,18.9067,72.8147
2023-09-13T16:00,27.4,81,1003.8,Mumbai_Colaba,18.9067,72.8147
2023-09-13T17:00,27.5,80,1004.2,Mumbai_Colaba,18.9067,72.8147
2023-09-13T18:00,26.5,86,1004.6,Mumbai_Colaba,18.9067,72.8147
2023-09-13T19:00,26.9,83,1005.1,Mumbai_Colaba,18.9067,72.8147
2023-09-13T20:00,26.9,83,1005.9,Mumbai_Colaba,18.9067,72.8147
2023-09-13T21:00,26.5,87,1006.5,Mumbai_Colaba,18.9067,72.8147
2023-09-13T22:00,26.6,88,1006.8,Mumbai_Colaba,18.9067,72.8147
2023-09-13T23:00,25.9,93,1006.5,Mumbai_Colaba,18.9067,72.8147
2023-09-14T00:00,26.3,90,1006.1,Mumbai_Colaba,18.9067,72.8147
2023-09-14T01:00,25.9,87,1005.6,Mumbai_Colaba,18.9067,72.8147
2023-09-14T02:00,26.1,86,1005.4,Mumbai_Colaba,18.9067,72.8147
2023-09-14T03:00,25.7,90,1005.6,Mumbai_Colaba,18.9067,72.8147
2023-09-14T04:00,25.1,88,1005.7,Mumbai_Colaba,18.9067,72.8147
2023-09-14T05:00,25.9,87,1005.8,Mumbai_Colaba,18.9067,72.8147
2023-09-14T06:00,25.9,88,1006,Mumbai_Colaba,18.9067,72.8147
2023-09-14T07:00,25.4,92,1006.6,Mumbai_Colaba,18.9067,72.8147
2023-09-14T08:00,25.7,88,1007.4,Mumbai_Colaba,18.9067,72.8147
2023-09-14T09:00,26.6,84,1007.9,Mumbai_Colaba,18.9067,72.8147
2023-09-14T10:00,27.2,80,1007.7,Mumbai_Colaba,18.9067,72.8147
2023-09-14T11:00,27.5,79,1007.5,Mumbai_Colaba,18.9067,72.8147
2023-09-14T12:00,27.7,79,1006.8,Mumbai_Colaba,18.9067,72.8147
2023-09-14T13:00,27.5,82,1005.4,Mumbai_Colaba,18.9067,72.8147
2023-09-14T14:00,27.7,81,1004.8,Mumbai_Colaba,18.9067,72.8147
2023-09-14T15:00,27.9,80,1004.1,Mumbai_Colaba,18.9067,72.8147
2023-09-14T16:00,28,78,1003.9,Mumbai_Colaba,18.9067,72.8147
2023-09-14T17:00,27.7,79,1004.5,Mumbai_Colaba,18.9067,72.8147
2023-09-14T18:00,27.7,79,1004.8,Mumbai_Colaba,18.9067,72.8147
2023-09-14T19:00,27.7,80,1005.1,Mumbai_Colaba,18.9067,72.8147
2023-09-14T20:00,27.5,80,1005.6,Mumbai_Colaba,18.9067,72.8147
2023-09-14T21:00,27.5,80,1006.1,Mumbai_Colaba,18.9067,72.8147
2023-09-14T22:00,27.3,82,1006.3,Mumbai_Colaba,18.9067,72.8147
2023-09-14T23:00,27,86,1006,Mumbai_Colaba,18.9067,72.8147
2023-09-15T00:00,26.7,87,1005.7,Mumbai_Colaba,18.9067,72.8147
2023-09-15T01:00,26.1,88,1005.4,Mumbai_Colaba,18.9067,72.8147
2023-09-15T02:00,25.8,91,1005.2,Mumbai_Colaba,18.9067,72.8147
2023-09-15T03:00,25.2,91,1004.9,Mumbai_Colaba,18.9067,72.8147
2023-09-15T04:00,25.3,89,1004.9,Mumbai_Colaba,18.9067,72.8147
2023-09-15T05:00,25.6,94,1004.6,Mumbai_Colaba,18.9067,72.8147
2023-09-15T06:00,25.4,96,1005.6,Mumbai_Colaba,18.9067,72.8147
2023-09-15T07:00,26,89,1006.1,Mumbai_Colaba,18.9067,72.8147
2023-09-15T08:00,26.7,85,1006.8,Mumbai_Colaba,18.9067,72.8147
2023-09-15T09:00,27.5,81,1007.3,Mumbai_Colaba,18.9067,72.8147
2023-09-15T10:00,28.1,77,1007.1,Mumbai_Colaba,18.9067,72.8147
2023-09-15T11:00,28.5,73,1007.1,Mumbai_Colaba,18.9067,72.8147
2023-09-15T12:00,28.7,72,1006.9,Mumbai_Colaba,18.9067,72.8147
2023-09-15T13:00,28.8,71,1005.6,Mumbai_Colaba,18.9067,72.8147
2023-09-15T14:00,29,72,1004.8,Mumbai_Colaba,18.9067,72.8147
2023-09-15T15:00,28.9,73,1004,Mumbai_Colaba,18.9067,72.8147
2023-09-15T16:00,28.9,73,1003.7,Mumbai_Colaba,18.9067,72.8147
2023-09-15T17:00,28.8,73,1004.3,Mumbai_Colaba,18.9067,72.8147
2023-09-15T18:00,28.4,75,1004.7,Mumbai_Colaba,18.9067,72.8147
2023-09-15T19:00,28.4,74,1005.2,Mumbai_Colaba,18.9067,72.8147
2023-09-15T20:00,27.9,78,1005.8,Mumbai_Colaba,18.9067,72.8147
2023-09-15T21:00,28.1,77,1006.6,Mumbai_Colaba,18.9067,72.8147
2023-09-15T22:00,28.3,75,1007.1,Mumbai_Colaba,18.9067,72.8147
2023-09-15T23:00,28.2,76,1006.5,Mumbai_Colaba,18.9067,72.8147
2023-09-16T00:00,28,77,1005.8,Mumbai_Colaba,18.9067,72.8147
2023-09-16T01:00,27.3,79,1005.5,Mumbai_Colaba,18.9067,72.8147
2023-09-16T02:00,26.6,83,1005.1,Mumbai_Colaba,18.9067,72.8147
2023-09-16T03:00,26,88,1005,Mumbai_Colaba,18.9067,72.8147
2023-09-16T04:00,25.9,88,1004.9,Mumbai_Colaba,18.9067,72.8147
2023-09-16T05:00,25.8,90,1004.5,Mumbai_Colaba,18.9067,72.8147
2023-09-16T06:00,25.9,91,1005.3,Mumbai_Colaba,18.9067,72.8147
2023-09-16T07:00,26.3,87,1005.7,Mumbai_Colaba,18.9067,72.8147
2023-09-16T08:00,26.8,82,1006.3,Mumbai_Colaba,18.9067,72.8147
2023-09-16T09:00,27.6,83,1006.6,Mumbai_Colaba,18.9067,72.8147
2023-09-16T10:00,27.6,81,1006.9,Mumbai_Colaba,18.9067,72.8147
2023-09-16T11:00,28.1,79,1006.9,Mumbai_Colaba,18.9067,72.8147
2023-09-16T12:00,28.6,78,1006,Mumbai_Colaba,18.9067,72.8147
2023-09-16T13:00,28.4,80,1005.3,Mumbai_Colaba,18.9067,72.8147
2023-09-16T14:00,28.6,78,1004.7,Mumbai_Colaba,18.9067,72.8147
2023-09-16T15:00,28.7,78,1004,Mumbai_Colaba,18.9067,72.8147
2023-09-16T16:00,28.7,78,1003.9,Mumbai_Colaba,18.9067,72.8147
2023-09-16T17:00,28.7,77,1004.1,Mumbai_Colaba,18.9067,72.8147
2023-09-16T18:00,28.4,79,1004.3,Mumbai_Colaba,18.9067,72.8147
2023-09-16T19:00,28.4,78,1004.3,Mumbai_Colaba,18.9067,72.8147
2023-09-16T20:00,28.4,79,1004.6,Mumbai_Colaba,18.9067,72.8147
2023-09-16T21:00,28.5,78,1005.9,Mumbai_Colaba,18.9067,72.8147
2023-09-16T22:00,28.3,79,1006.2,Mumbai_Colaba,18.9067,72.8147
2023-09-16T23:00,28.2,80,1005.9,Mumbai_Colaba,18.9067,72.8147
2023-09-17T00:00,27.8,81,1005.5,Mumbai_Colaba,18.9067,72.8147
2023-09-17T01:00,27.9,79,1004.4,Mumbai_Colaba,18.9067,72.8147
2023-09-17T02:00,27.9,80,1003.8,Mumbai_Colaba,18.9067,72.8147
2023-09-17T03:00,27.2,83,1003.7,Mumbai_Colaba,18.9067,72.8147
2023-09-17T04:00,27.5,80,1003.7,Mumbai_Colaba,18.9067,72.8147
2023-09-17T05:00,27.4,81,1003.6,Mumbai_Colaba,18.9067,72.8147
2023-09-17T06:00,27.6,79,1004.2,Mumbai_Colaba,18.9067,72.8147
2023-09-17T07:00,27.6,77,1005,Mumbai_Colaba,18.9067,72.8147
2023-09-17T08:00,27.4,82,1005.5,Mumbai_Colaba,18.9067,72.8147
2023-09-17T09:00,26.4,83,1006.4,Mumbai_Colaba,18.9067,72.8147
2023-09-17T10:00,27.9,80,1006,Mumbai_Colaba,18.9067,72.8147
2023-09-17T11:00,28.2,81,1005.7,Mumbai_Colaba,18.9067,72.8147
2023-09-17T12:00,28.2,77,1005.3,Mumbai_Colaba,18.9067,72.8147
2023-09-17T13:00,28.9,76,1004.2,Mumbai_Colaba,18.9067,72.8147
2023-09-17T14:00,28.7,76,1003.5,Mumbai_Colaba,18.9067,72.8147
2023-09-17T15:00,28.1,78,1003,Mumbai_Colaba,18.9067,72.8147
2023-09-17T16:00,28.3,78,1002.9,Mumbai_Colaba,18.9067,72.8147
2023-09-17T17:00,28.7,75,1002.7,Mumbai_Colaba,18.9067,72.8147
2023-09-17T18:00,28.4,76,1002.7,Mumbai_Colaba,18.9067,72.8147
2023-09-17T19:00,27.4,80,1003.1,Mumbai_Colaba,18.9067,72.8147
2023-09-17T20:00,27.2,82,1004,Mumbai_Colaba,18.9067,72.8147
2023-09-17T21:00,26,85,1005.6,Mumbai_Colaba,18.9067,72.8147
2023-09-17T22:00,26.3,86,1005.6,Mumbai_Colaba,18.9067,72.8147
2023-09-17T23:00,25.7,90,1005.5,Mumbai_Colaba,18.9067,72.8147
2023-09-18T00:00,26.1,88,1005,Mumbai_Colaba,18.9067,72.8147
2023-09-18T01:00,25.7,90,1004.4,Mumbai_Colaba,18.9067,72.8147
2023-09-18T02:00,25.8,88,1003.8,Mumbai_Colaba,18.9067,72.8147
2023-09-18T03:00,26.3,88,1003.2,Mumbai_Colaba,18.9067,72.8147
2023-09-18T04:00,25.2,93,1003.3,Mumbai_Colaba,18.9067,72.8147
2023-09-18T05:00,26.1,88,1003.2,Mumbai_Colaba,18.9067,72.8147
2023-09-18T06:00,25.4,92,1003.7,Mumbai_Colaba,18.9067,72.8147
2023-09-18T07:00,25.7,88,1003.9,Mumbai_Colaba,18.9067,72.8147
2023-09-18T08:00,26.6,85,1004.8,Mumbai_Colaba,18.9067,72.8147
2023-09-18T09:00,27,85,1005.5,Mumbai_Colaba,18.9067,72.8147
2023-09-18T10:00,26.2,85,1005.7,Mumbai_Colaba,18.9067,72.8147
2023-09-18T11:00,26.7,87,1005.5,Mumbai_Colaba,18.9067,72.8147
2023-09-18T12:00,26.9,85,1005.2,Mumbai_Colaba,18.9067,72.8147
2023-09-18T13:00,26.4,88,1004.3,Mumbai_Colaba,18.9067,72.8147
2023-09-18T14:00,26.7,85,1003.7,Mumbai_Colaba,18.9067,72.8147
2023-09-18T15:00,26.6,87,1003.2,Mumbai_Colaba,18.9067,72.8147
2023-09-18T16:00,26.7,86,1002.9,Mumbai_Colaba,18.9067,72.8147
2023-09-18T17:00,27.7,84,1003.3,Mumbai_Colaba,18.9067,72.8147
2023-09-18T18:00,27.4,83,1003.4,Mumbai_Colaba,18.9067,72.8147
2023-09-18T19:00,26.5,88,1004.4,Mumbai_Colaba,18.9067,72.8147
2023-09-18T20:00,27.1,85,1004.9,Mumbai_Colaba,18.9067,72.8147
2023-09-18T21:00,26.1,88,1006.1,Mumbai_Colaba,18.9067,72.8147
2023-09-18T22:00,25.3,92,1007,Mumbai_Colaba,18.9067,72.8147
2023-09-18T23:00,25.5,91,1006.2,Mumbai_Colaba,18.9067,72.8147
2023-09-19T00:00,25.9,89,1005.8,Mumbai_Colaba,18.9067,72.8147
2023-09-19T01:00,25.9,91,1005.2,Mumbai_Colaba,18.9067,72.8147
2023-09-19T02:00,25.7,91,1004.8,Mumbai_Colaba,18.9067,72.8147
2023-09-19T03:00,25.6,91,1004.8,Mumbai_Colaba,18.9067,72.8147
2023-09-19T04:00,25.8,88,1004.6,Mumbai_Colaba,18.9067,72.8147
2023-09-19T05:00,26.5,88,1004.8,Mumbai_Colaba,18.9067,72.8147
2023-09-19T06:00,26.3,89,1004.8,Mumbai_Colaba,18.9067,72.8147
2023-09-19T07:00,26.3,90,1005.5,Mumbai_Colaba,18.9067,72.8147
2023-09-19T08:00,26.4,88,1006.4,Mumbai_Colaba,18.9067,72.8147
2023-09-19T09:00,27.2,85,1006.8,Mumbai_Colaba,18.9067,72.8147
2023-09-19T10:00,27.5,82,1006.9,Mumbai_Colaba,18.9067,72.8147
2023-09-19T11:00,27.9,82,1006.7,Mumbai_Colaba,18.9067,72.8147
2023-09-19T12:00,27.3,83,1006.3,Mumbai_Colaba,18.9067,72.8147
2023-09-19T13:00,27.4,83,1005.6,Mumbai_Colaba,18.9067,72.8147
2023-09-19T14:00,27.6,81,1005,Mumbai_Colaba,18.9067,72.8147
2023-09-19T15:00,27.6,83,1004.5,Mumbai_Colaba,18.9067,72.8147
2023-09-19T16:00,27.6,83,1004.2,Mumbai_Colaba,18.9067,72.8147
2023-09-19T17:00,27.3,85,1004.7,Mumbai_Colaba,18.9067,72.8147
2023-09-19T18:00,26.5,88,1005.4,Mumbai_Colaba,18.9067,72.8147
2023-09-19T19:00,26.6,89,1005.8,Mumbai_Colaba,18.9067,72.8147
2023-09-19T20:00,26.4,89,1006.7,Mumbai_Colaba,18.9067,72.8147
2023-09-19T21:00,26.3,90,1007.4,Mumbai_Colaba,18.9067,72.8147
2023-09-19T22:00,26.1,91,1007.9,Mumbai_Colaba,18.9067,72.8147
2023-09-19T23:00,26.1,91,1007.7,Mumbai_Colaba,18.9067,72.8147
2023-09-20T00:00,26,91,1007.3,Mumbai_Colaba,18.9067,72.8147
2023-09-20T01:00,25.9,91,1006.6,Mumbai_Colaba,18.9067,72.8147
2023-09-20T02:00,25.8,91,1006,Mumbai_Colaba,18.9067,72.8147
2023-09-20T03:00,26.2,90,1005.8,Mumbai_Colaba,18.9067,72.8147
2023-09-20T04:00,26.3,90,1005.6,Mumbai_Colaba,18.9067,72.8147
2023-09-20T05:00,26.8,88,1005.7,Mumbai_Colaba,18.9067,72.8147
2023-09-20T06:00,26.5,87,1006.2,Mumbai_Colaba,18.9067,72.8147
2023-09-20T07:00,26.5,90,1006.5,Mumbai_Colaba,18.9067,72.8147
2023-09-20T08:00,26.8,88,1006.9,Mumbai_Colaba,18.9067,72.8147
2023-09-20T09:00,27.3,85,1007.8,Mumbai_Colaba,18.9067,72.8147
2023-09-20T10:00,27.8,83,1007.9,Mumbai_Colaba,18.9067,72.8147
2023-09-20T11:00,27.7,83,1007.3,Mumbai_Colaba,18.9067,72.8147
2023-09-20T12:00,28.2,82,1006.5,Mumbai_Colaba,18.9067,72.8147
2023-09-20T13:00,27.5,82,1005.7,Mumbai_Colaba,18.9067,72.8147
2023-09-20T14:00,27.4,84,1004.9,Mumbai_Colaba,18.9067,72.8147
2023-09-20T15:00,26.9,87,1004.4,Mumbai_Colaba,18.9067,72.8147
2023-09-20T16:00,26.6,86,1004.7,Mumbai_Colaba,18.9067,72.8147
2023-09-20T17:00,27.2,85,1004.6,Mumbai_Colaba,18.9067,72.8147
2023-09-20T18:00,27,86,1005.5,Mumbai_Colaba,18.9067,72.8147
2023-09-20T19:00,26.6,87,1006.4,Mumbai_Colaba,18.9067,72.8147
2023-09-20T20:00,26.4,89,1007.3,Mumbai_Colaba,18.9067,72.8147
2023-09-20T21:00,26.1,90,1007.7,Mumbai_Colaba,18.9067,72.8147
2023-09-20T22:00,25.7,93,1007.8,Mumbai_Colaba,18.9067,72.8147
2023-09-20T23:00,25.9,93,1007.5,Mumbai_Colaba,18.9067,72.8147
2023-09-21T00:00,26.2,92,1006.9,Mumbai_Colaba,18.9067,72.8147
2023-09-21T01:00,26.1,93,1006.1,Mumbai_Colaba,18.9067,72.8147
2023-09-21T02:00,26.1,93,1005.5,Mumbai_Colaba,18.9067,72.8147
2023-09-21T03:00,26.6,90,1005.2,Mumbai_Colaba,18.9067,72.8147
2023-09-21T04:00,26.8,88,1005.3,Mumbai_Colaba,18.9067,72.8147
2023-09-21T05:00,26.8,88,1005.9,Mumbai_Colaba,18.9067,72.8147
2023-09-21T06:00,26.8,88,1005.9,Mumbai_Colaba,18.9067,72.8147
2023-09-21T07:00,26.7,87,1006.8,Mumbai_Colaba,18.9067,72.8147
2023-09-21T08:00,27.1,87,1007.5,Mumbai_Colaba,18.9067,72.8147
2023-09-21T09:00,27.2,85,1007.9,Mumbai_Colaba,18.9067,72.8147
2023-09-21T10:00,27.6,84,1008,Mumbai_Colaba,18.9067,72.8147
2023-09-21T11:00,27.5,85,1007.8,Mumbai_Colaba,18.9067,72.8147
2023-09-21T12:00,27.4,84,1006.9,Mumbai_Colaba,18.9067,72.8147
2023-09-21T13:00,27.4,84,1006.1,Mumbai_Colaba,18.9067,72.8147
2023-09-21T14:00,27.3,83,1005.5,Mumbai_Colaba,18.9067,72.8147
2023-09-21T15:00,26.5,88,1005,Mumbai_Colaba,18.9067,72.8147
2023-09-21T16:00,27.2,85,1005.1,Mumbai_Colaba,18.9067,72.8147
2023-09-21T17:00,27.2,86,1005.5,Mumbai_Colaba,18.9067,72.8147
2023-09-21T18:00,27.5,84,1005.9,Mumbai_Colaba,18.9067,72.8147
2023-09-21T19:00,26.6,89,1006.8,Mumbai_Colaba,18.9067,72.8147
2023-09-21T20:00,26.5,92,1007.6,Mumbai_Colaba,18.9067,72.8147
2023-09-21T21:00,26.4,89,1008.4,Mumbai_Colaba,18.9067,72.8147
2023-09-21T22:00,26.6,88,1008.2,Mumbai_Colaba,18.9067,72.8147
2023-09-21T23:00,26.5,88,1007.9,Mumbai_Colaba,18.9067,72.8147
2023-09-22T00:00,26.2,90,1007.4,Mumbai_Colaba,18.9067,72.8147
2023-09-22T01:00,26.5,87,1006.8,Mumbai_Colaba,18.9067,72.8147
2023-09-22T02:00,26.5,87,1006.2,Mumbai_Colaba,18.9067,72.8147
2023-09-22T03:00,26.2,90,1005.9,Mumbai_Colaba,18.9067,72.8147
2023-09-22T04:00,26,91,1006.1,Mumbai_Colaba,18.9067,72.8147
2023-09-22T05:00,26,93,1006.3,Mumbai_Colaba,18.9067,72.8147
2023-09-22T06:00,25.9,94,1006.9,Mumbai_Colaba,18.9067,72.8147
2023-09-22T07:00,26.1,93,1007.3,Mumbai_Colaba,18.9067,72.8147
2023-09-22T08:00,26.4,90,1008,Mumbai_Colaba,18.9067,72.8147
2023-09-22T09:00,26.9,86,1008.7,Mumbai_Colaba,18.9067,72.8147
2023-09-22T10:00,27.3,85,1008.8,Mumbai_Colaba,18.9067,72.8147
2023-09-22T11:00,27.6,84,1008.1,Mumbai_Colaba,18.9067,72.8147
2023-09-22T12:00,27.7,83,1007.4,Mumbai_Colaba,18.9067,72.8147
2023-09-22T13:00,27.5,84,1006.2,Mumbai_Colaba,18.9067,72.8147
2023-09-22T14:00,27.5,85,1005,Mumbai_Colaba,18.9067,72.8147
2023-09-22T15:00,27.4,85,1004.8,Mumbai_Colaba,18.9067,72.8147
2023-09-22T16:00,27.5,84,1005.2,Mumbai_Colaba,18.9067,72.8147
2023-09-22T17:00,27,86,1005.4,Mumbai_Colaba,18.9067,72.8147
2023-09-22T18:00,25.8,90,1006.2,Mumbai_Colaba,18.9067,72.8147
2023-09-22T19:00,25.7,91,1006.8,Mumbai_Colaba,18.9067,72.8147
2023-09-22T20:00,25.1,93,1007.9,Mumbai_Colaba,18.9067,72.8147
2023-09-22T21:00,25.4,92,1008.4,Mumbai_Colaba,18.9067,72.8147
2023-09-22T22:00,25.6,91,1008.1,Mumbai_Colaba,18.9067,72.8147
2023-09-22T23:00,25.8,92,1007.7,Mumbai_Colaba,18.9067,72.8147
2023-09-23T00:00,26,92,1007,Mumbai_Colaba,18.9067,72.8147
2023-09-23T01:00,26.1,89,1006.2,Mumbai_Colaba,18.9067,72.8147
2023-09-23T02:00,26,91,1005.9,Mumbai_Colaba,18.9067,72.8147
2023-09-23T03:00,25.5,92,1005.8,Mumbai_Colaba,18.9067,72.8147
2023-09-23T04:00,25.1,94,1006,Mumbai_Colaba,18.9067,72.8147
2023-09-23T05:00,26.1,92,1006.3,Mumbai_Colaba,18.9067,72.8147
2023-09-23T06:00,25.9,93,1006.7,Mumbai_Colaba,18.9067,72.8147
2023-09-23T07:00,25.9,93,1007.4,Mumbai_Colaba,18.9067,72.8147
2023-09-23T08:00,26.5,89,1008.4,Mumbai_Colaba,18.9067,72.8147
2023-09-23T09:00,27.2,85,1008.7,Mumbai_Colaba,18.9067,72.8147
2023-09-23T10:00,27.4,84,1009,Mumbai_Colaba,18.9067,72.8147
2023-09-23T11:00,26.5,85,1008.4,Mumbai_Colaba,18.9067,72.8147
2023-09-23T12:00,26,89,1008.4,Mumbai_Colaba,18.9067,72.8147
2023-09-23T13:00,26.3,86,1007.1,Mumbai_Colaba,18.9067,72.8147
2023-09-23T14:00,26.6,85,1006.7,Mumbai_Colaba,18.9067,72.8147
2023-09-23T15:00,26.9,84,1006.3,Mumbai_Colaba,18.9067,72.8147
2023-09-23T16:00,26.8,84,1006.4,Mumbai_Colaba,18.9067,72.8147
2023-09-23T17:00,26.7,86,1007.4,Mumbai_Colaba,18.9067,72.8147
2023-09-23T18:00,26.6,87,1008,Mumbai_Colaba,18.9067,72.8147
2023-09-23T19:00,26.4,87,1008.3,Mumbai_Colaba,18.9067,72.8147
2023-09-23T20:00,26.6,87,1008.7,Mumbai_Colaba,18.9067,72.8147
2023-09-23T21:00,26.2,92,1009.1,Mumbai_Colaba,18.9067,72.8147
2023-09-23T22:00,26,95,1009.2,Mumbai_Colaba,18.9067,72.8147
2023-09-23T23:00,25.9,96,1008.5,Mumbai_Colaba,18.9067,72.8147
2023-09-24T00:00,25.8,96,1008.1,Mumbai_Colaba,18.9067,72.8147
2023-09-24T01:00,25.8,96,1007.3,Mumbai_Colaba,18.9067,72.8147
2023-09-24T02:00,25.7,94,1007.1,Mumbai_Colaba,18.9067,72.8147
2023-09-24T03:00,25.6,90,1007.1,Mumbai_Colaba,18.9067,72.8147
2023-09-24T04:00,25.1,93,1007.2,Mumbai_Colaba,18.9067,72.8147
2023-09-24T05:00,25.6,94,1007.3,Mumbai_Colaba,18.9067,72.8147
2023-09-24T06:00,24.8,95,1008.1,Mumbai_Colaba,18.9067,72.8147
2023-09-24T07:00,24.8,93,1009.2,Mumbai_Colaba,18.9067,72.8147
2023-09-24T08:00,25.3,88,1009.5,Mumbai_Colaba,18.9067,72.8147
2023-09-24T09:00,26.5,81,1010.1,Mumbai_Colaba,18.9067,72.8147
2023-09-24T10:00,26.9,82,1010.1,Mumbai_Colaba,18.9067,72.8147
2023-09-24T11:00,26.4,84,1009.5,Mumbai_Colaba,18.9067,72.8147
2023-09-24T12:00,26.5,83,1008.3,Mumbai_Colaba,18.9067,72.8147
2023-09-24T13:00,27.1,83,1007,Mumbai_Colaba,18.9067,72.8147
2023-09-24T14:00,27.3,81,1006.4,Mumbai_Colaba,18.9067,72.8147
2023-09-24T15:00,27.1,83,1006,Mumbai_Colaba,18.9067,72.8147
2023-09-24T16:00,27.5,82,1005.8,Mumbai_Colaba,18.9067,72.8147
2023-09-24T17:00,27.4,82,1006.8,Mumbai_Colaba,18.9067,72.8147
2023-09-24T18:00,26.8,82,1007.3,Mumbai_Colaba,18.9067,72.8147
2023-09-24T19:00,27.2,83,1007.4,Mumbai_Colaba,18.9067,72.8147
2023-09-24T20:00,27.1,83,1008.1,Mumbai_Colaba,18.9067,72.8147
2023-09-24T21:00,26.9,84,1008.7,Mumbai_Colaba,18.9067,72.8147
2023-09-24T22:00,26.5,88,1008.6,Mumbai_Colaba,18.9067,72.8147
2023-09-24T23:00,26.3,86,1008.2,Mumbai_Colaba,18.9067,72.8147
2023-09-25T00:00,26.2,87,1007.4,Mumbai_Colaba,18.9067,72.8147
2023-09-25T01:00,26.1,88,1006.8,Mumbai_Colaba,18.9067,72.8147
2023-09-25T02:00,26.1,88,1006.5,Mumbai_Colaba,18.9067,72.8147
2023-09-25T03:00,25.8,90,1006.4,Mumbai_Colaba,18.9067,72.8147
2023-09-25T04:00,25.9,88,1006.7,Mumbai_Colaba,18.9067,72.8147
2023-09-25T05:00,25.9,90,1006.9,Mumbai_Colaba,18.9067,72.8147
2023-09-25T06:00,26,88,1007.1,Mumbai_Colaba,18.9067,72.8147
2023-09-25T07:00,26,90,1007.8,Mumbai_Colaba,18.9067,72.8147
2023-09-25T08:00,26.3,87,1008.8,Mumbai_Colaba,18.9067,72.8147
2023-09-25T09:00,26.8,84,1008.6,Mumbai_Colaba,18.9067,72.8147
2023-09-25T10:00,27.3,82,1008.4,Mumbai_Colaba,18.9067,72.8147
2023-09-25T11:00,27,84,1008.2,Mumbai_Colaba,18.9067,72.8147
2023-09-25T12:00,27.1,85,1007.2,Mumbai_Colaba,18.9067,72.8147
2023-09-25T13:00,27,84,1006.3,Mumbai_Colaba,18.9067,72.8147
2023-09-25T14:00,27.7,80,1005.4,Mumbai_Colaba,18.9067,72.8147
2023-09-25T15:00,27.8,80,1004.7,Mumbai_Colaba,18.9067,72.8147
2023-09-25T16:00,27.6,81,1004.4,Mumbai_Colaba,18.9067,72.8147
2023-09-25T17:00,27.2,86,1005.1,Mumbai_Colaba,18.9067,72.8147
2023-09-25T18:00,27.4,82,1005.6,Mumbai_Colaba,18.9067,72.8147
2023-09-25T19:00,26.4,86,1006.6,Mumbai_Colaba,18.9067,72.8147
2023-09-25T20:00,26.5,86,1006.7,Mumbai_Colaba,18.9067,72.8147
2023-09-25T21:00,26.5,85,1007.6,Mumbai_Colaba,18.9067,72.8147
2023-09-25T22:00,26.2,90,1007.6,Mumbai_Colaba,18.9067,72.8147
2023-09-25T23:00,25.8,93,1007.3,Mumbai_Colaba,18.9067,72.8147
2023-09-26T00:00,25.5,95,1006.7,Mumbai_Colaba,18.9067,72.8147
2023-09-26T01:00,25.4,98,1006.2,Mumbai_Colaba,18.9067,72.8147
2023-09-26T02:00,25.3,94,1005.7,Mumbai_Colaba,18.9067,72.8147
2023-09-26T03:00,25.2,98,1005.5,Mumbai_Colaba,18.9067,72.8147
2023-09-26T04:00,25.4,97,1005.6,Mumbai_Colaba,18.9067,72.8147
2023-09-26T05:00,25.8,91,1006,Mumbai_Colaba,18.9067,72.8147
2023-09-26T06:00,25.9,90,1006.5,Mumbai_Colaba,18.9067,72.8147
2023-09-26T07:00,25.1,91,1007.2,Mumbai_Colaba,18.9067,72.8147
2023-09-26T08:00,25.7,88,1007.9,Mumbai_Colaba,18.9067,72.8147
2023-09-26T09:00,26.5,84,1008.3,Mumbai_Colaba,18.9067,72.8147
2023-09-26T10:00,27.1,82,1008.4,Mumbai_Colaba,18.9067,72.8147
2023-09-26T11:00,27.6,81,1007.5,Mumbai_Colaba,18.9067,72.8147
2023-09-26T12:00,27.8,81,1006.6,Mumbai_Colaba,18.9067,72.8147
2023-09-26T13:00,27.9,80,1005.7,Mumbai_Colaba,18.9067,72.8147
2023-09-26T14:00,28.4,79,1004.9,Mumbai_Colaba,18.9067,72.8147
2023-09-26T15:00,28.2,81,1004.5,Mumbai_Colaba,18.9067,72.8147
2023-09-26T16:00,28,80,1004.8,Mumbai_Colaba,18.9067,72.8147
2023-09-26T17:00,28.5,79,1004.6,Mumbai_Colaba,18.9067,72.8147
2023-09-26T18:00,25.9,91,1005.9,Mumbai_Colaba,18.9067,72.8147
2023-09-26T19:00,26.4,89,1006.6,Mumbai_Colaba,18.9067,72.8147
2023-09-26T20:00,26.7,88,1007.5,Mumbai_Colaba,18.9067,72.8147
2023-09-26T21:00,26.8,87,1008,Mumbai_Colaba,18.9067,72.8147
2023-09-26T22:00,26.6,89,1008.2,Mumbai_Colaba,18.9067,72.8147
2023-09-26T23:00,26.3,96,1007.6,Mumbai_Colaba,18.9067,72.8147
2023-09-27T00:00,26.2,97,1006.7,Mumbai_Colaba,18.9067,72.8147
2023-09-27T01:00,26.4,91,1006,Mumbai_Colaba,18.9067,72.8147
2023-09-27T02:00,26.2,95,1005.6,Mumbai_Colaba,18.9067,72.8147
2023-09-27T03:00,25.8,96,1005.6,Mumbai_Colaba,18.9067,72.8147
2023-09-27T04:00,25.4,93,1006,Mumbai_Colaba,18.9067,72.8147
2023-09-27T05:00,25.7,90,1006,Mumbai_Colaba,18.9067,72.8147
2023-09-27T06:00,25,93,1007.1,Mumbai_Colaba,18.9067,72.8147
2023-09-27T07:00,25.2,92,1007.4,Mumbai_Colaba,18.9067,72.8147
2023-09-27T08:00,25.7,89,1007.6,Mumbai_Colaba,18.9067,72.8147
2023-09-27T09:00,26.4,84,1007.8,Mumbai_Colaba,18.9067,72.8147
2023-09-27T10:00,27.4,80,1007.4,Mumbai_Colaba,18.9067,72.8147
2023-09-27T11:00,28.1,77,1006.7,Mumbai_Colaba,18.9067,72.8147
2023-09-27T12:00,27.9,81,1005.3,Mumbai_Colaba,18.9067,72.8147
2023-09-27T13:00,26.8,88,1004.6,Mumbai_Colaba,18.9067,72.8147
2023-09-27T14:00,27.8,83,1004.2,Mumbai_Colaba,18.9067,72.8147
2023-09-27T15:00,27.5,85,1003.9,Mumbai_Colaba,18.9067,72.8147
2023-09-27T16:00,27.6,85,1003.5,Mumbai_Colaba,18.9067,72.8147
2023-09-27T17:00,26.6,87,1004.7,Mumbai_Colaba,18.9067,72.8147
2023-09-27T18:00,26.7,88,1004.8,Mumbai_Colaba,18.9067,72.8147
2023-09-27T19:00,26.9,88,1005.2,Mumbai_Colaba,18.9067,72.8147
2023-09-27T20:00,27.1,87,1005.7,Mumbai_Colaba,18.9067,72.8147
2023-09-27T21:00,27.1,85,1006.4,Mumbai_Colaba,18.9067,72.8147
2023-09-27T22:00,27,86,1006.4,Mumbai_Colaba,18.9067,72.8147
2023-09-27T23:00,26.6,89,1006.2,Mumbai_Colaba,18.9067,72.8147
2023-09-28T00:00,26.2,91,1005.3,Mumbai_Colaba,18.9067,72.8147
2023-09-28T01:00,25.9,94,1004.7,Mumbai_Colaba,18.9067,72.8147
2023-09-28T02:00,25.7,95,1004.1,Mumbai_Colaba,18.9067,72.8147
2023-09-28T03:00,25.6,95,1004,Mumbai_Colaba,18.9067,72.8147
2023-09-28T04:00,25.7,94,1003.8,Mumbai_Colaba,18.9067,72.8147
2023-09-28T05:00,26.1,92,1004.5,Mumbai_Colaba,18.9067,72.8147
2023-09-28T06:00,26.3,87,1005.3,Mumbai_Colaba,18.9067,72.8147
2023-09-28T07:00,26.1,90,1005.7,Mumbai_Colaba,18.9067,72.8147
2023-09-28T08:00,26.1,89,1006.2,Mumbai_Colaba,18.9067,72.8147
2023-09-28T09:00,26.8,86,1006.8,Mumbai_Colaba,18.9067,72.8147
2023-09-28T10:00,27.4,84,1006.4,Mumbai_Colaba,18.9067,72.8147
2023-09-28T11:00,28.9,79,1006,Mumbai_Colaba,18.9067,72.8147
2023-09-28T12:00,28.7,82,1005.1,Mumbai_Colaba,18.9067,72.8147
2023-09-28T13:00,27.2,90,1003.9,Mumbai_Colaba,18.9067,72.8147
2023-09-28T14:00,27.4,88,1003.4,Mumbai_Colaba,18.9067,72.8147
2023-09-28T15:00,27.3,89,1002.8,Mumbai_Colaba,18.9067,72.8147
2023-09-28T16:00,27.4,89,1002,Mumbai_Colaba,18.9067,72.8147
2023-09-28T17:00,27.6,88,1002.8,Mumbai_Colaba,18.9067,72.8147
2023-09-28T18:00,27.6,89,1003.2,Mumbai_Colaba,18.9067,72.8147
2023-09-28T19:00,27.3,92,1004,Mumbai_Colaba,18.9067,72.8147
2023-09-28T20:00,27.1,93,1004.7,Mumbai_Colaba,18.9067,72.8147
2023-09-28T21:00,27.1,93,1004.9,Mumbai_Colaba,18.9067,72.8147
2023-09-28T22:00,27.4,92,1004.8,Mumbai_Colaba,18.9067,72.8147
2023-09-28T23:00,27.3,93,1004.9,Mumbai_Colaba,18.9067,72.8147
2023-09-29T00:00,27.1,95,1004.5,Mumbai_Colaba,18.9067,72.8147
2023-09-29T01:00,26.8,98,1003.8,Mumbai_Colaba,18.9067,72.8147
2023-09-29T02:00,26.5,98,1003.4,Mumbai_Colaba,18.9067,72.8147
2023-09-29T03:00,26.2,98,1003.3,Mumbai_Colaba,18.9067,72.8147
2023-09-29T04:00,26.2,98,1003.3,Mumbai_Colaba,18.9067,72.8147
2023-09-29T05:00,26.5,100,1003.6,Mumbai_Colaba,18.9067,72.8147
2023-09-29T06:00,26.3,100,1004,Mumbai_Colaba,18.9067,72.8147
2023-09-29T07:00,26.4,100,1004.4,Mumbai_Colaba,18.9067,72.8147
2023-09-29T08:00,27.4,94,1005.4,Mumbai_Colaba,18.9067,72.8147
2023-09-29T09:00,28.4,90,1006,Mumbai_Colaba,18.9067,72.8147
2023-09-29T10:00,29.3,85,1006.1,Mumbai_Colaba,18.9067,72.8147
2023-09-29T11:00,29.6,84,1005.2,Mumbai_Colaba,18.9067,72.8147
2023-09-29T12:00,29.9,82,1003.6,Mumbai_Colaba,18.9067,72.8147
2023-09-29T13:00,29.4,84,1002.4,Mumbai_Colaba,18.9067,72.8147
2023-09-29T14:00,27.2,89,1002.8,Mumbai_Colaba,18.9067,72.8147
2023-09-29T15:00,27.5,84,1001.5,Mumbai_Colaba,18.9067,72.8147
2023-09-29T16:00,27.8,84,1001.1,Mumbai_Colaba,18.9067,72.8147
2023-09-29T17:00,28.3,86,1001.9,Mumbai_Colaba,18.9067,72.8147
2023-09-29T18:00,28.2,89,1002.6,Mumbai_Colaba,18.9067,72.8147
2023-09-29T19:00,27.6,92,1003.5,Mumbai_Colaba,18.9067,72.8147
2023-09-29T20:00,27.2,92,1004.7,Mumbai_Colaba,18.9067,72.8147
2023-09-29T21:00,26.9,93,1005.6,Mumbai_Colaba,18.9067,72.8147
2023-09-29T22:00,26.8,90,1004.8,Mumbai_Colaba,18.9067,72.8147
2023-09-29T23:00,26.8,92,1004.8,Mumbai_Colaba,18.9067,72.8147
2023-09-30T00:00,26.9,93,1004.4,Mumbai_Colaba,18.9067,72.8147
2023-09-30T01:00,27.1,93,1003.8,Mumbai_Colaba,18.9067,72.8147
2023-09-30T02:00,26.8,94,1003.6,Mumbai_Colaba,18.9067,72.8147
2023-09-30T03:00,26.7,95,1003,Mumbai_Colaba,18.9067,72.8147
2023-09-30T04:00,26.6,95,1003,Mumbai_Colaba,18.9067,72.8147
2023-09-30T05:00,27.1,92,1002.6,Mumbai_Colaba,18.9067,72.8147
2023-09-30T06:00,26.9,93,1003.7,Mumbai_Colaba,18.9067,72.8147
2023-09-30T07:00,27.1,88,1003.9,Mumbai_Colaba,18.9067,72.8147
2023-09-30T08:00,28.1,85,1004.7,Mumbai_Colaba,18.9067,72.8147
2023-09-30T09:00,29,81,1005,Mumbai_Colaba,18.9067,72.8147
2023-09-30T10:00,29.8,79,1005.2,Mumbai_Colaba,18.9067,72.8147
2023-09-30T11:00,30.3,80,1004.8,Mumbai_Colaba,18.9067,72.8147
2023-09-30T12:00,30.6,79,1003.9,Mumbai_Colaba,18.9067,72.8147
2023-09-30T13:00,30.3,78,1002.7,Mumbai_Colaba,18.9067,72.8147
2023-09-30T14:00,29.6,81,1001.6,Mumbai_Colaba,18.9067,72.8147
2023-09-30T15:00,28.3,86,1001.7,Mumbai_Colaba,18.9067,72.8147
2023-09-30T16:00,27.8,85,1002.4,Mumbai_Colaba,18.9067,72.8147
2023-09-30T17:00,29.1,79,1002,Mumbai_Colaba,18.9067,72.8147
2023-09-30T18:00,28.3,86,1002.1,Mumbai_Colaba,18.9067,72.8147
2023-09-30T19:00,28.3,89,1002.9,Mumbai_Colaba,18.9067,72.8147
2023-09-30T20:00,28,91,1003.4,Mumbai_Colaba,18.9067,72.8147
2023-09-30T21:00,27.9,91,1003.7,Mumbai_Colaba,18.9067,72.8147
2023-09-30T22:00,28,90,1004.3,Mumbai_Colaba,18.9067,72.8147
2023-09-30T23:00,28.3,87,1004.3,Mumbai_Colaba,18.9067,72.8147
2023-10-01T00:00,27.8,91,1003.9,Mumbai_Colaba,18.9067,72.8147
2023-10-01T01:00,28,90,1003,Mumbai_Colaba,18.9067,72.8147
2023-10-01T02:00,27.9,93,1002.4,Mumbai_Colaba,18.9067,72.8147
2023-10-01T03:00,28.2,89,1002.2,Mumbai_Colaba,18.9067,72.8147
2023-10-01T04:00,28.2,89,1002.6,Mumbai_Colaba,18.9067,72.8147
2023-10-01T05:00,25.9,91,1004.2,Mumbai_Colaba,18.9067,72.8147
2023-10-01T06:00,26.5,89,1004.5,Mumbai_Colaba,18.9067,72.8147
2023-10-01T07:00,26.6,90,1004.8,Mumbai_Colaba,18.9067,72.8147
2023-10-01T08:00,26.9,89,1005.2,Mumbai_Colaba,18.9067,72.8147
2023-10-01T09:00,27.1,89,1006.2,Mumbai_Colaba,18.9067,72.8147
2023-10-01T10:00,27.5,88,1006.1,Mumbai_Colaba,18.9067,72.8147
2023-10-01T11:00,28.8,81,1005.4,Mumbai_Colaba,18.9067,72.8147
2023-10-01T12:00,29.7,80,1004.6,Mumbai_Colaba,18.9067,72.8147
2023-10-01T13:00,29.5,84,1003.3,Mumbai_Colaba,18.9067,72.8147
2023-10-01T14:00,29.3,85,1002.9,Mumbai_Colaba,18.9067,72.8147
2023-10-01T15:00,29,85,1002.1,Mumbai_Colaba,18.9067,72.8147
2023-10-01T16:00,29.3,82,1002.2,Mumbai_Colaba,18.9067,72.8147
2023-10-01T17:00,28.9,88,1003.6,Mumbai_Colaba,18.9067,72.8147
2023-10-01T18:00,28.5,92,1004.1,Mumbai_Colaba,18.9067,72.8147
2023-10-01T19:00,29,91,1004.7,Mumbai_Colaba,18.9067,72.8147
2023-10-01T20:00,29.1,90,1005.3,Mumbai_Colaba,18.9067,72.8147
2023-10-01T21:00,28.8,91,1006.1,Mumbai_Colaba,18.9067,72.8147
2023-10-01T22:00,28.9,88,1006.4,Mumbai_Colaba,18.9067,72.8147
2023-10-01T23:00,28.8,89,1006.5,Mumbai_Colaba,18.9067,72.8147
2023-10-02T00:00,28.8,88,1006.5,Mumbai_Colaba,18.9067,72.8147
2023-10-02T01:00,28.6,89,1006.1,Mumbai_Colaba,18.9067,72.8147
2023-10-02T02:00,28.5,87,1005.5,Mumbai_Colaba,18.9067,72.8147
2023-10-02T03:00,28.4,85,1005.2,Mumbai_Colaba,18.9067,72.8147
2023-10-02T04:00,28.4,84,1005.4,Mumbai_Colaba,18.9067,72.8147
2023-10-02T05:00,25.7,91,1006.9,Mumbai_Colaba,18.9067,72.8147
2023-10-02T06:00,24.8,96,1007.2,Mumbai_Colaba,18.9067,72.8147
2023-10-02T07:00,24.8,92,1008,Mumbai_Colaba,18.9067,72.8147
2023-10-02T08:00,25.8,88,1008.9,Mumbai_Colaba,18.9067,72.8147
2023-10-02T09:00,26.4,87,1009.6,Mumbai_Colaba,18.9067,72.8147
2023-10-02T10:00,27.4,86,1009.6,Mumbai_Colaba,18.9067,72.8147
2023-10-02T11:00,27.9,83,1009.1,Mumbai_Colaba,18.9067,72.8147
2023-10-02T12:00,28.2,79,1008.5,Mumbai_Colaba,18.9067,72.8147
2023-10-02T13:00,28.2,79,1007.5,Mumbai_Colaba,18.9067,72.8147
2023-10-02T14:00,28.3,81,1006.7,Mumbai_Colaba,18.9067,72.8147
2023-10-02T15:00,28.5,81,1006.2,Mumbai_Colaba,18.9067,72.8147
2023-10-02T16:00,28.6,81,1006.1,Mumbai_Colaba,18.9067,72.8147
2023-10-02T17:00,28.7,81,1006.8,Mumbai_Colaba,18.9067,72.8147
2023-10-02T18:00,28.4,82,1006.9,Mumbai_Colaba,18.9067,72.8147
2023-10-02T19:00,28.2,83,1007.6,Mumbai_Colaba,18.9067,72.8147
2023-10-02T20:00,28.1,83,1008.3,Mumbai_Colaba,18.9067,72.8147
2023-10-02T21:00,27.9,84,1009,Mumbai_Colaba,18.9067,72.8147
2023-10-02T22:00,27.8,84,1009.2,Mumbai_Colaba,18.9067,72.8147
2023-10-02T23:00,27.7,84,1009,Mumbai_Colaba,18.9067,72.8147
2023-10-03T00:00,27.6,84,1008.8,Mumbai_Colaba,18.9067,72.8147
2023-10-03T01:00,27.3,87,1008.2,Mumbai_Colaba,18.9067,72.8147
2023-10-03T02:00,27.2,88,1008,Mumbai_Colaba,18.9067,72.8147
2023-10-03T03:00,27.1,89,1007.7,Mumbai_Colaba,18.9067,72.8147
2023-10-03T04:00,26.9,90,1007.8,Mumbai_Colaba,18.9067,72.8147
2023-10-03T05:00,26.6,90,1008.9,Mumbai_Colaba,18.9067,72.8147
2023-10-03T06:00,26.3,91,1009.4,Mumbai_Colaba,18.9067,72.8147
2023-10-03T07:00,26.7,89,1010,Mumbai_Colaba,18.9067,72.8147
2023-10-03T08:00,27.6,80,1010.4,Mumbai_Colaba,18.9067,72.8147
2023-10-03T09:00,28,78,1010.8,Mumbai_Colaba,18.9067,72.8147
2023-10-03T10:00,28.2,78,1010.7,Mumbai_Colaba,18.9067,72.8147
2023-10-03T11:00,28.3,78,1010.1,Mumbai_Colaba,18.9067,72.8147
2023-10-03T12:00,28.3,78,1008.9,Mumbai_Colaba,18.9067,72.8147
2023-10-03T13:00,28.4,77,1007.7,Mumbai_Colaba,18.9067,72.8147
2023-10-03T14:00,28.4,76,1007.1,Mumbai_Colaba,18.9067,72.8147
2023-10-03T15:00,28.3,76,1006.7,Mumbai_Colaba,18.9067,72.8147
2023-10-03T16:00,28.4,76,1006.8,Mumbai_Colaba,18.9067,72.8147
2023-10-03T17:00,28.7,76,1007.3,Mumbai_Colaba,18.9067,72.8147
2023-10-03T18:00,28.5,76,1007.7,Mumbai_Colaba,18.9067,72.8147
2023-10-03T19:00,28.2,76,1008.4,Mumbai_Colaba,18.9067,72.8147
2023-10-03T20:00,28.3,75,1009.1,Mumbai_Colaba,18.9067,72.8147
2023-10-03T21:00,28.1,77,1010,Mumbai_Colaba,18.9067,72.8147
2023-10-03T22:00,27.8,81,1010.5,Mumbai_Colaba,18.9067,72.8147
2023-10-03T23:00,27.5,85,1010.4,Mumbai_Colaba,18.9067,72.8147
2023-10-04T00:00,27,89,1010,Mumbai_Colaba,18.9067,72.8147
2023-10-04T01:00,26.6,93,1009.3,Mumbai_Colaba,18.9067,72.8147
2023-10-04T02:00,26.3,96,1008.6,Mumbai_Colaba,18.9067,72.8147
2023-10-04T03:00,26.2,96,1008.4,Mumbai_Colaba,18.9067,72.8147
2023-10-04T04:00,26.1,95,1008.4,Mumbai_Colaba,18.9067,72.8147
2023-10-04T05:00,25.8,84,1008.9,Mumbai_Colaba,18.9067,72.8147
2023-10-04T06:00,25.4,86,1010,Mumbai_Colaba,18.9067,72.8147
2023-10-04T07:00,25.2,85,1010.6,Mumbai_Colaba,18.9067,72.8147
2023-10-04T08:00,25.6,87,1011,Mumbai_Colaba,18.9067,72.8147
2023-10-04T09:00,26.4,83,1011.2,Mumbai_Colaba,18.9067,72.8147
2023-10-04T10:00,27.3,81,1011,Mumbai_Colaba,18.9067,72.8147
2023-10-04T11:00,27.9,78,1010.4,Mumbai_Colaba,18.9067,72.8147
2023-10-04T12:00,27.9,78,1009.6,Mumbai_Colaba,18.9067,72.8147
2023-10-04T13:00,27.8,79,1008.4,Mumbai_Colaba,18.9067,72.8147
2023-10-04T14:00,28.1,79,1007.7,Mumbai_Colaba,18.9067,72.8147
2023-10-04T15:00,28.3,80,1007.5,Mumbai_Colaba,18.9067,72.8147
2023-10-04T16:00,28.4,81,1007.8,Mumbai_Colaba,18.9067,72.8147
2023-10-04T17:00,29,77,1007.9,Mumbai_Colaba,18.9067,72.8147
2023-10-04T18:00,28.8,78,1008.4,Mumbai_Colaba,18.9067,72.8147
2023-10-04T19:00,28.5,80,1009.1,Mumbai_Colaba,18.9067,72.8147
2023-10-04T20:00,28.4,80,1009.9,Mumbai_Colaba,18.9067,72.8147
2023-10-04T21:00,28.2,83,1010.6,Mumbai_Colaba,18.9067,72.8147
2023-10-04T22:00,27.9,84,1010.8,Mumbai_Colaba,18.9067,72.8147
2023-10-04T23:00,27,91,1010.6,Mumbai_Colaba,18.9067,72.8147
2023-10-05T00:00,26.2,100,1010.2,Mumbai_Colaba,18.9067,72.8147
2023-10-05T01:00,26,100,1009.5,Mumbai_Colaba,18.9067,72.8147
2023-10-05T02:00,25.7,100,1009,Mumbai_Colaba,18.9067,72.8147
2023-10-05T03:00,25.5,100,1008.7,Mumbai_Colaba,18.9067,72.8147
2023-10-05T04:00,25.2,100,1008.7,Mumbai_Colaba,18.9067,72.8147
2023-10-05T05:00,25.5,100,1009.1,Mumbai_Colaba,18.9067,72.8147
2023-10-05T06:00,25.6,97,1009.8,Mumbai_Colaba,18.9067,72.8147
2023-10-05T07:00,25.8,97,1010.1,Mumbai_Colaba,18.9067,72.8147
2023-10-05T08:00,26.6,93,1010.9,Mumbai_Colaba,18.9067,72.8147
2023-10-05T09:00,27.6,86,1011,Mumbai_Colaba,18.9067,72.8147
2023-10-05T10:00,28.4,80,1010.7,Mumbai_Colaba,18.9067,72.8147
2023-10-05T11:00,28.9,76,1010,Mumbai_Colaba,18.9067,72.8147
2023-10-05T12:00,29,77,1009,Mumbai_Colaba,18.9067,72.8147
2023-10-05T13:00,28.5,83,1008.2,Mumbai_Colaba,18.9067,72.8147
2023-10-05T14:00,28.3,83,1007.2,Mumbai_Colaba,18.9067,72.8147
2023-10-05T15:00,28.8,80,1006.7,Mumbai_Colaba,18.9067,72.8147
2023-10-05T16:00,29.1,79,1006.7,Mumbai_Colaba,18.9067,72.8147
2023-10-05T17:00,28.8,80,1007.3,Mumbai_Colaba,18.9067,72.8147
2023-10-05T18:00,28.6,81,1007.3,Mumbai_Colaba,18.9067,72.8147
2023-10-05T19:00,28.5,81,1008,Mumbai_Colaba,18.9067,72.8147
2023-10-05T20:00,28.4,81,1008.9,Mumbai_Colaba,18.9067,72.8147
2023-10-05T21:00,28.2,82,1009.6,Mumbai_Colaba,18.9067,72.8147
2023-10-05T22:00,27.6,86,1009.9,Mumbai_Colaba,18.9067,72.8147
2023-10-05T23:00,26.9,92,1009.8,Mumbai_Colaba,18.9067,72.8147
2023-10-06T00:00,26.3,99,1009.2,Mumbai_Colaba,18.9067,72.8147
2023-10-06T01:00,26.1,100,1008.7,Mumbai_Colaba,18.9067,72.8147
2023-10-06T02:00,25.6,100,1008.2,Mumbai_Colaba,18.9067,72.8147
2023-10-06T03:00,25.2,100,1007.9,Mumbai_Colaba,18.9067,72.8147
2023-10-06T04:00,25.1,100,1008,Mumbai_Colaba,18.9067,72.8147
2023-10-06T05:00,25.6,100,1008.3,Mumbai_Colaba,18.9067,72.8147
2023-10-06T06:00,25.5,98,1009,Mumbai_Colaba,18.9067,72.8147
2023-10-06T07:00,25.5,99,1009.6,Mumbai_Colaba,18.9067,72.8147
2023-10-06T08:00,26,95,1009.9,Mumbai_Colaba,18.9067,72.8147
2023-10-06T09:00,27.1,86,1010.1,Mumbai_Colaba,18.9067,72.8147
2023-10-06T10:00,27.9,80,1010,Mumbai_Colaba,18.9067,72.8147
2023-10-06T11:00,28.5,77,1009.1,Mumbai_Colaba,18.9067,72.8147
2023-10-06T12:00,28.7,76,1008.1,Mumbai_Colaba,18.9067,72.8147
2023-10-06T13:00,28.7,76,1007,Mumbai_Colaba,18.9067,72.8147
2023-10-06T14:00,28.9,76,1006.3,Mumbai_Colaba,18.9067,72.8147
2023-10-06T15:00,28.9,76,1006,Mumbai_Colaba,18.9067,72.8147
2023-10-06T16:00,28.8,76,1006.3,Mumbai_Colaba,18.9067,72.8147
2023-10-06T17:00,29,75,1006.7,Mumbai_Colaba,18.9067,72.8147
2023-10-06T18:00,28.8,76,1007,Mumbai_Colaba,18.9067,72.8147
2023-10-06T19:00,28.5,77,1007.7,Mumbai_Colaba,18.9067,72.8147
2023-10-06T20:00,28.4,80,1008.2,Mumbai_Colaba,18.9067,72.8147
2023-10-06T21:00,28.2,80,1008.7,Mumbai_Colaba,18.9067,72.8147
2023-10-06T22:00,27.5,87,1008.8,Mumbai_Colaba,18.9067,72.8147
2023-10-06T23:00,26.7,93,1008.5,Mumbai_Colaba,18.9067,72.8147
2023-10-07T00:00,26.1,100,1008.1,Mumbai_Colaba,18.9067,72.8147
2023-10-07T01:00,25.8,100,1007.8,Mumbai_Colaba,18.9067,72.8147
2023-10-07T02:00,25.5,100,1007.5,Mumbai_Colaba,18.9067,72.8147
2023-10-07T03:00,25.5,99,1007.2,Mumbai_Colaba,18.9067,72.8147
2023-10-07T04:00,25.4,100,1007.4,Mumbai_Colaba,18.9067,72.8147
2023-10-07T05:00,25.8,100,1008,Mumbai_Colaba,18.9067,72.8147
2023-10-07T06:00,26,93,1008.7,Mumbai_Colaba,18.9067,72.8147
2023-10-07T07:00,26.3,92,1009.1,Mumbai_Colaba,18.9067,72.8147
2023-10-07T08:00,27,89,1009.8,Mumbai_Colaba,18.9067,72.8147
2023-10-07T09:00,27.8,83,1009.9,Mumbai_Colaba,18.9067,72.8147
2023-10-07T10:00,28.5,78,1009.7,Mumbai_Colaba,18.9067,72.8147
2023-10-07T11:00,28.9,76,1009.1,Mumbai_Colaba,18.9067,72.8147
2023-10-07T12:00,29,77,1008.1,Mumbai_Colaba,18.9067,72.8147
2023-10-07T13:00,28.7,81,1007.2,Mumbai_Colaba,18.9067,72.8147
2023-10-07T14:00,28.8,80,1006.5,Mumbai_Colaba,18.9067,72.8147
2023-10-07T15:00,28.9,79,1006.3,Mumbai_Colaba,18.9067,72.8147
2023-10-07T16:00,29,79,1006.4,Mumbai_Colaba,18.9067,72.8147
2023-10-07T17:00,29,80,1006.9,Mumbai_Colaba,18.9067,72.8147
2023-10-07T18:00,28.5,84,1007.7,Mumbai_Colaba,18.9067,72.8147
2023-10-07T19:00,28.5,84,1008.3,Mumbai_Colaba,18.9067,72.8147
2023-10-07T20:00,28.2,85,1009,Mumbai_Colaba,18.9067,72.8147
2023-10-07T21:00,27.7,87,1009.5,Mumbai_Colaba,18.9067,72.8147
2023-10-07T22:00,27.1,90,1009.7,Mumbai_Colaba,18.9067,72.8147
2023-10-07T23:00,26.8,90,1009.6,Mumbai_Colaba,18.9067,72.8147
2023-10-08T00:00,26.8,89,1009.2,Mumbai_Colaba,18.9067,72.8147
2023-10-08T01:00,26.7,87,1008.8,Mumbai_Colaba,18.9067,72.8147
2023-10-08T02:00,26.6,86,1008.3,Mumbai_Colaba,18.9067,72.8147
2023-10-08T03:00,26.5,87,1008.2,Mumbai_Colaba,18.9067,72.8147
2023-10-08T04:00,26.2,88,1008.2,Mumbai_Colaba,18.9067,72.8147
2023-10-08T05:00,26.2,90,1008.4,Mumbai_Colaba,18.9067,72.8147
2023-10-08T06:00,25.9,92,1009.1,Mumbai_Colaba,18.9067,72.8147
2023-10-08T07:00,26.1,88,1009.5,Mumbai_Colaba,18.9067,72.8147
2023-10-08T08:00,26.9,82,1010.2,Mumbai_Colaba,18.9067,72.8147
2023-10-08T09:00,27.8,78,1010.5,Mumbai_Colaba,18.9067,72.8147
2023-10-08T10:00,28.8,75,1010.5,Mumbai_Colaba,18.9067,72.8147
2023-10-08T11:00,29.5,75,1009.7,Mumbai_Colaba,18.9067,72.8147
2023-10-08T12:00,29.9,77,1008.8,Mumbai_Colaba,18.9067,72.8147
2023-10-08T13:00,29.9,80,1007.9,Mumbai_Colaba,18.9067,72.8147
2023-10-08T14:00,29.7,83,1007.5,Mumbai_Colaba,18.9067,72.8147
2023-10-08T15:00,29.7,85,1007.3,Mumbai_Colaba,18.9067,72.8147
2023-10-08T16:00,29.9,84,1007.4,Mumbai_Colaba,18.9067,72.8147
2023-10-08T17:00,29.7,87,1007.4,Mumbai_Colaba,18.9067,72.8147
2023-10-08T18:00,29.2,88,1008.1,Mumbai_Colaba,18.9067,72.8147
2023-10-08T19:00,28.9,89,1008.9,Mumbai_Colaba,18.9067,72.8147
2023-10-08T20:00,28.7,90,1009.8,Mumbai_Colaba,18.9067,72.8147
2023-10-08T21:00,28.4,88,1010.2,Mumbai_Colaba,18.9067,72.8147
2023-10-08T22:00,27.7,90,1010.4,Mumbai_Colaba,18.9067,72.8147
2023-10-08T23:00,27.5,92,1010,Mumbai_Colaba,18.9067,72.8147
2023-10-09T00:00,27.4,92,1009.8,Mumbai_Colaba,18.9067,72.8147
2023-10-09T01:00,27.2,92,1009.3,Mumbai_Colaba,18.9067,72.8147
2023-10-09T02:00,26.8,94,1008.9,Mumbai_Colaba,18.9067,72.8147
2023-10-09T03:00,26.5,96,1008.9,Mumbai_Colaba,18.9067,72.8147
2023-10-09T04:00,26.4,98,1009.2,Mumbai_Colaba,18.9067,72.8147
2023-10-09T05:00,27.6,91,1009.7,Mumbai_Colaba,18.9067,72.8147
2023-10-09T06:00,27.4,90,1010.6,Mumbai_Colaba,18.9067,72.8147
2023-10-09T07:00,27.3,90,1011.5,Mumbai_Colaba,18.9067,72.8147
2023-10-09T08:00,27.7,85,1012.4,Mumbai_Colaba,18.9067,72.8147
2023-10-09T09:00,28.3,83,1012.7,Mumbai_Colaba,18.9067,72.8147
2023-10-09T10:00,29.4,77,1012.6,Mumbai_Colaba,18.9067,72.8147
2023-10-09T11:00,30.3,76,1012,Mumbai_Colaba,18.9067,72.8147
2023-10-09T12:00,30.7,76,1010.9,Mumbai_Colaba,18.9067,72.8147
2023-10-09T13:00,30.6,80,1009.8,Mumbai_Colaba,18.9067,72.8147
2023-10-09T14:00,30.6,79,1009,Mumbai_Colaba,18.9067,72.8147
2023-10-09T15:00,30.4,78,1008.4,Mumbai_Colaba,18.9067,72.8147
2023-10-09T16:00,30.2,75,1008.3,Mumbai_Colaba,18.9067,72.8147
2023-10-09T17:00,29.6,84,1008.7,Mumbai_Colaba,18.9067,72.8147
2023-10-09T18:00,29.3,86,1008.9,Mumbai_Colaba,18.9067,72.8147
2023-10-09T19:00,28.9,87,1009.6,Mumbai_Colaba,18.9067,72.8147
2023-10-09T20:00,28.9,84,1010.5,Mumbai_Colaba,18.9067,72.8147
2023-10-09T21:00,28.6,81,1010.9,Mumbai_Colaba,18.9067,72.8147
2023-10-09T22:00,28.1,81,1011.1,Mumbai_Colaba,18.9067,72.8147
2023-10-09T23:00,27.5,83,1010.7,Mumbai_Colaba,18.9067,72.8147
2023-10-10T00:00,27.2,83,1010.4,Mumbai_Colaba,18.9067,72.8147
2023-10-10T01:00,27,83,1010,Mumbai_Colaba,18.9067,72.8147
2023-10-10T02:00,26.8,83,1009.6,Mumbai_Colaba,18.9067,72.8147
2023-10-10T03:00,26.8,84,1009.5,Mumbai_Colaba,18.9067,72.8147
2023-10-10T04:00,26.6,84,1009.6,Mumbai_Colaba,18.9067,72.8147
2023-10-10T05:00,26.6,90,1010.2,Mumbai_Colaba,18.9067,72.8147
2023-10-10T06:00,26.4,88,1010.6,Mumbai_Colaba,18.9067,72.8147
2023-10-10T07:00,26.6,84,1011.6,Mumbai_Colaba,18.9067,72.8147
2023-10-10T08:00,27.5,76,1012.3,Mumbai_Colaba,18.9067,72.8147
2023-10-10T09:00,28.7,69,1012.8,Mumbai_Colaba,18.9067,72.8147
2023-10-10T10:00,29.6,69,1012.5,Mumbai_Colaba,18.9067,72.8147
2023-10-10T11:00,30.3,69,1011.7,Mumbai_Colaba,18.9067,72.8147
2023-10-10T12:00,30.7,70,1010.6,Mumbai_Colaba,18.9067,72.8147
2023-10-10T13:00,30.6,75,1009.7,Mumbai_Colaba,18.9067,72.8147
2023-10-10T14:00,30.4,76,1008.7,Mumbai_Colaba,18.9067,72.8147
2023-10-10T15:00,30.3,77,1008.1,Mumbai_Colaba,18.9067,72.8147
2023-10-10T16:00,30,75,1007.9,Mumbai_Colaba,18.9067,72.8147
2023-10-10T17:00,29.5,80,1008.4,Mumbai_Colaba,18.9067,72.8147
2023-10-10T18:00,29.1,80,1008.7,Mumbai_Colaba,18.9067,72.8147
2023-10-10T19:00,28.9,80,1009.3,Mumbai_Colaba,18.9067,72.8147
2023-10-10T20:00,28.6,79,1010.2,Mumbai_Colaba,18.9067,72.8147
2023-10-10T21:00,28.1,77,1010.9,Mumbai_Colaba,18.9067,72.8147
2023-10-10T22:00,27.4,75,1010.9,Mumbai_Colaba,18.9067,72.8147
2023-10-10T23:00,27.2,74,1010.8,Mumbai_Colaba,18.9067,72.8147
2023-10-11T00:00,27.1,76,1010.5,Mumbai_Colaba,18.9067,72.8147
2023-10-11T01:00,26.8,79,1009.9,Mumbai_Colaba,18.9067,72.8147
2023-10-11T02:00,26.6,80,1009.6,Mumbai_Colaba,18.9067,72.8147
2023-10-11T03:00,26.3,82,1009.3,Mumbai_Colaba,18.9067,72.8147
2023-10-11T04:00,25.9,83,1009.4,Mumbai_Colaba,18.9067,72.8147
2023-10-11T05:00,26.2,87,1010.1,Mumbai_Colaba,18.9067,72.8147
2023-10-11T06:00,25.9,84,1010.5,Mumbai_Colaba,18.9067,72.8147
2023-10-11T07:00,26.1,82,1011.3,Mumbai_Colaba,18.9067,72.8147
2023-10-11T08:00,26.9,77,1011.9,Mumbai_Colaba,18.9067,72.8147
2023-10-11T09:00,28.1,76,1012.4,Mumbai_Colaba,18.9067,72.8147
2023-10-11T10:00,29,74,1012.3,Mumbai_Colaba,18.9067,72.8147
2023-10-11T11:00,29.6,75,1011.5,Mumbai_Colaba,18.9067,72.8147
2023-10-11T12:00,29.9,76,1010.3,Mumbai_Colaba,18.9067,72.8147
2023-10-11T13:00,29.6,78,1009.3,Mumbai_Colaba,18.9067,72.8147
2023-10-11T14:00,29.5,76,1008.7,Mumbai_Colaba,18.9067,72.8147
2023-10-11T15:00,29.7,75,1008.3,Mumbai_Colaba,18.9067,72.8147
2023-10-11T16:00,29.5,77,1008.5,Mumbai_Colaba,18.9067,72.8147
2023-10-11T17:00,29.5,81,1008.6,Mumbai_Colaba,18.9067,72.8147
2023-10-11T18:00,29.2,82,1009,Mumbai_Colaba,18.9067,72.8147
2023-10-11T19:00,28.9,86,1009.2,Mumbai_Colaba,18.9067,72.8147
2023-10-11T20:00,28.7,85,1010.2,Mumbai_Colaba,18.9067,72.8147
2023-10-11T21:00,28.1,86,1011,Mumbai_Colaba,18.9067,72.8147
2023-10-11T22:00,27.7,84,1010.9,Mumbai_Colaba,18.9067,72.8147
2023-10-11T23:00,27.4,83,1010.4,Mumbai_Colaba,18.9067,72.8147
2023-10-12T00:00,27.3,83,1010,Mumbai_Colaba,18.9067,72.8147
2023-10-12T01:00,26.9,86,1009.5,Mumbai_Colaba,18.9067,72.8147
2023-10-12T02:00,26.7,87,1009.2,Mumbai_Colaba,18.9067,72.8147
2023-10-12T03:00,26.5,89,1009.1,Mumbai_Colaba,18.9067,72.8147
2023-10-12T04:00,26.4,91,1009.2,Mumbai_Colaba,18.9067,72.8147
2023-10-12T05:00,26.8,89,1009.7,Mumbai_Colaba,18.9067,72.8147
2023-10-12T06:00,26.4,90,1010.4,Mumbai_Colaba,18.9067,72.8147
2023-10-12T07:00,26.6,88,1011,Mumbai_Colaba,18.9067,72.8147
2023-10-12T08:00,27.4,84,1011.6,Mumbai_Colaba,18.9067,72.8147
2023-10-12T09:00,28.2,82,1012.2,Mumbai_Colaba,18.9067,72.8147
2023-10-12T10:00,29.2,78,1012.2,Mumbai_Colaba,18.9067,72.8147
2023-10-12T11:00,29.8,77,1011.4,Mumbai_Colaba,18.9067,72.8147
2023-10-12T12:00,29.9,79,1010.5,Mumbai_Colaba,18.9067,72.8147
2023-10-12T13:00,29.9,81,1009.5,Mumbai_Colaba,18.9067,72.8147
2023-10-12T14:00,29.6,82,1008.9,Mumbai_Colaba,18.9067,72.8147
2023-10-12T15:00,29.8,80,1008.8,Mumbai_Colaba,18.9067,72.8147
2023-10-12T16:00,30,79,1008.9,Mumbai_Colaba,18.9067,72.8147
2023-10-12T17:00,29.5,85,1008.7,Mumbai_Colaba,18.9067,72.8147
2023-10-12T18:00,29.2,87,1009.2,Mumbai_Colaba,18.9067,72.8147
2023-10-12T19:00,29.2,87,1009.8,Mumbai_Colaba,18.9067,72.8147
2023-10-12T20:00,29.1,88,1010.8,Mumbai_Colaba,18.9067,72.8147
2023-10-12T21:00,28.8,90,1011.3,Mumbai_Colaba,18.9067,72.8147
2023-10-12T22:00,28.2,89,1011.3,Mumbai_Colaba,18.9067,72.8147
2023-10-12T23:00,28.1,88,1011,Mumbai_Colaba,18.9067,72.8147
2023-10-13T00:00,27.9,90,1010.9,Mumbai_Colaba,18.9067,72.8147
2023-10-13T01:00,27.7,91,1010.2,Mumbai_Colaba,18.9067,72.8147
2023-10-13T02:00,27.6,93,1009.7,Mumbai_Colaba,18.9067,72.8147
2023-10-13T03:00,27.4,94,1009.5,Mumbai_Colaba,18.9067,72.8147
2023-10-13T04:00,27.2,96,1009.5,Mumbai_Colaba,18.9067,72.8147
2023-10-13T05:00,27,100,1010.2,Mumbai_Colaba,18.9067,72.8147
2023-10-13T06:00,26.5,100,1011,Mumbai_Colaba,18.9067,72.8147
2023-10-13T07:00,26.7,100,1011.6,Mumbai_Colaba,18.9067,72.8147
2023-10-13T08:00,27.5,95,1012.2,Mumbai_Colaba,18.9067,72.8147
2023-10-13T09:00,28.5,87,1012.6,Mumbai_Colaba,18.9067,72.8147
2023-10-13T10:00,29.8,79,1012.4,Mumbai_Colaba,18.9067,72.8147
2023-10-13T11:00,30.7,77,1011.8,Mumbai_Colaba,18.9067,72.8147
2023-10-13T12:00,30.9,76,1010.9,Mumbai_Colaba,18.9067,72.8147
2023-10-13T13:00,30.1,86,1009.8,Mumbai_Colaba,18.9067,72.8147
2023-10-13T14:00,29.8,87,1009.2,Mumbai_Colaba,18.9067,72.8147
2023-10-13T15:00,30.5,83,1008.6,Mumbai_Colaba,18.9067,72.8147
2023-10-13T16:00,30.4,84,1008.7,Mumbai_Colaba,18.9067,72.8147
2023-10-13T17:00,29.7,85,1008.7,Mumbai_Colaba,18.9067,72.8147
2023-10-13T18:00,29.3,89,1009,Mumbai_Colaba,18.9067,72.8147
2023-10-13T19:00,29.1,90,1009.9,Mumbai_Colaba,18.9067,72.8147
2023-10-13T20:00,29,90,1010.8,Mumbai_Colaba,18.9067,72.8147
2023-10-13T21:00,28.6,89,1011.5,Mumbai_Colaba,18.9067,72.8147
2023-10-13T22:00,28.4,87,1011.6,Mumbai_Colaba,18.9067,72.8147
2023-10-13T23:00,28.3,86,1011.2,Mumbai_Colaba,18.9067,72.8147
2023-10-14T00:00,27.9,89,1010.9,Mumbai_Colaba,18.9067,72.8147
2023-10-14T01:00,27.4,94,1010.1,Mumbai_Colaba,18.9067,72.8147
2023-10-14T02:00,27.1,97,1009.7,Mumbai_Colaba,18.9067,72.8147
2023-10-14T03:00,26.9,99,1009.5,Mumbai_Colaba,18.9067,72.8147
2023-10-14T04:00,26.7,99,1009.7,Mumbai_Colaba,18.9067,72.8147
2023-10-14T05:00,25.9,100,1010.4,Mumbai_Colaba,18.9067,72.8147
2023-10-14T06:00,25.5,100,1011.1,Mumbai_Colaba,18.9067,72.8147
2023-10-14T07:00,25.5,98,1011.7,Mumbai_Colaba,18.9067,72.8147
2023-10-14T08:00,27.6,84,1012.2,Mumbai_Colaba,18.9067,72.8147
2023-10-14T09:00,29.1,77,1012.8,Mumbai_Colaba,18.9067,72.8147
2023-10-14T10:00,29.8,75,1012.9,Mumbai_Colaba,18.9067,72.8147
2023-10-14T11:00,30.1,75,1012,Mumbai_Colaba,18.9067,72.8147
2023-10-14T12:00,30.2,77,1010.9,Mumbai_Colaba,18.9067,72.8147
2023-10-14T13:00,30,82,1009.9,Mumbai_Colaba,18.9067,72.8147
2023-10-14T14:00,30.1,82,1009.2,Mumbai_Colaba,18.9067,72.8147
2023-10-14T15:00,30.3,81,1008.7,Mumbai_Colaba,18.9067,72.8147
2023-10-14T16:00,30.3,82,1008.5,Mumbai_Colaba,18.9067,72.8147
2023-10-14T17:00,29,91,1009.3,Mumbai_Colaba,18.9067,72.8147
2023-10-14T18:00,29.1,91,1009.5,Mumbai_Colaba,18.9067,72.8147
2023-10-14T19:00,29.2,90,1010.1,Mumbai_Colaba,18.9067,72.8147
2023-10-14T20:00,29.1,91,1010.6,Mumbai_Colaba,18.9067,72.8147
2023-10-14T21:00,28.8,92,1011.1,Mumbai_Colaba,18.9067,72.8147
2023-10-14T22:00,28.4,92,1011.2,Mumbai_Colaba,18.9067,72.8147
2023-10-14T23:00,28.2,90,1011,Mumbai_Colaba,18.9067,72.8147
2023-10-15T00:00,28,88,1010.3,Mumbai_Colaba,18.9067,72.8147
2023-10-15T01:00,27.4,92,1009.7,Mumbai_Colaba,18.9067,72.8147
2023-10-15T02:00,26.8,96,1009.4,Mumbai_Colaba,18.9067,72.8147
2023-10-15T03:00,26.4,100,1008.9,Mumbai_Colaba,18.9067,72.8147
2023-10-15T04:00,26.2,100,1009.1,Mumbai_Colaba,18.9067,72.8147
2023-10-15T05:00,27.5,97,1009.8,Mumbai_Colaba,18.9067,72.8147
2023-10-15T06:00,27.2,99,1010.1,Mumbai_Colaba,18.9067,72.8147
2023-10-15T07:00,27.5,98,1010.8,Mumbai_Colaba,18.9067,72.8147
2023-10-15T08:00,28.1,95,1011.4,Mumbai_Colaba,18.9067,72.8147
2023-10-15T09:00,29,90,1011.7,Mumbai_Colaba,18.9067,72.8147
2023-10-15T10:00,29.9,84,1011.2,Mumbai_Colaba,18.9067,72.8147
2023-10-15T11:00,30.6,80,1010.2,Mumbai_Colaba,18.9067,72.8147
2023-10-15T12:00,31,78,1009,Mumbai_Colaba,18.9067,72.8147
2023-10-15T13:00,31,78,1007.9,Mumbai_Colaba,18.9067,72.8147
2023-10-15T14:00,30.1,85,1007.1,Mumbai_Colaba,18.9067,72.8147
2023-10-15T15:00,29.9,82,1006.8,Mumbai_Colaba,18.9067,72.8147
2023-10-15T16:00,30.6,79,1006.9,Mumbai_Colaba,18.9067,72.8147
2023-10-15T17:00,30.1,86,1007.1,Mumbai_Colaba,18.9067,72.8147
2023-10-15T18:00,29.5,86,1006.8,Mumbai_Colaba,18.9067,72.8147
2023-10-15T19:00,29.4,86,1007.8,Mumbai_Colaba,18.9067,72.8147
2023-10-15T20:00,29.4,88,1009,Mumbai_Colaba,18.9067,72.8147
2023-10-15T21:00,29,84,1009.4,Mumbai_Colaba,18.9067,72.8147
2023-10-15T22:00,29,79,1009.4,Mumbai_Colaba,18.9067,72.8147
2023-10-15T23:00,28.9,79,1009.1,Mumbai_Colaba,18.9067,72.8147
2023-10-16T00:00,28.2,86,1009,Mumbai_Colaba,18.9067,72.8147
2023-10-16T01:00,27.8,90,1008.5,Mumbai_Colaba,18.9067,72.8147
2023-10-16T02:00,27.7,92,1008.1,Mumbai_Colaba,18.9067,72.8147
2023-10-16T03:00,27.2,95,1008,Mumbai_Colaba,18.9067,72.8147
2023-10-16T04:00,26.7,98,1008.1,Mumbai_Colaba,18.9067,72.8147
2023-10-16T05:00,26.4,100,1008.9,Mumbai_Colaba,18.9067,72.8147
2023-10-16T06:00,26.3,100,1009.3,Mumbai_Colaba,18.9067,72.8147
2023-10-16T07:00,26.4,100,1010,Mumbai_Colaba,18.9067,72.8147
2023-10-16T08:00,27.9,82,1010.7,Mumbai_Colaba,18.9067,72.8147
2023-10-16T09:00,29.4,75,1011,Mumbai_Colaba,18.9067,72.8147
2023-10-16T10:00,30,74,1010.8,Mumbai_Colaba,18.9067,72.8147
2023-10-16T11:00,29.7,80,1010,Mumbai_Colaba,18.9067,72.8147
2023-10-16T12:00,30,78,1009.2,Mumbai_Colaba,18.9067,72.8147
2023-10-16T13:00,30,80,1008.2,Mumbai_Colaba,18.9067,72.8147
2023-10-16T14:00,30.3,79,1007.6,Mumbai_Colaba,18.9067,72.8147
2023-10-16T15:00,30.8,79,1007.3,Mumbai_Colaba,18.9067,72.8147
2023-10-16T16:00,31,73,1007,Mumbai_Colaba,18.9067,72.8147
2023-10-16T17:00,31.6,63,1007.3,Mumbai_Colaba,18.9067,72.8147
2023-10-16T18:00,30.5,74,1007.6,Mumbai_Colaba,18.9067,72.8147
2023-10-16T19:00,30.2,77,1008.2,Mumbai_Colaba,18.9067,72.8147
2023-10-16T20:00,30.2,75,1009.2,Mumbai_Colaba,18.9067,72.8147
2023-10-16T21:00,30,74,1009.8,Mumbai_Colaba,18.9067,72.8147
2023-10-16T22:00,29.5,73,1009.9,Mumbai_Colaba,18.9067,72.8147
2023-10-16T23:00,29.3,71,1009.8,Mumbai_Colaba,18.9067,72.8147
2023-10-17T00:00,29,72,1009.4,Mumbai_Colaba,18.9067,72.8147
2023-10-17T01:00,28.5,73,1008.9,Mumbai_Colaba,18.9067,72.8147
2023-10-17T02:00,27.9,75,1008.6,Mumbai_Colaba,18.9067,72.8147
2023-10-17T03:00,26.9,83,1008.4,Mumbai_Colaba,18.9067,72.8147
2023-10-17T04:00,26.4,81,1008.6,Mumbai_Colaba,18.9067,72.8147
2023-10-17T05:00,26.6,99,1009.5,Mumbai_Colaba,18.9067,72.8147
2023-10-17T06:00,26.7,99,1010.2,Mumbai_Colaba,18.9067,72.8147
2023-10-17T07:00,26.8,99,1011.2,Mumbai_Colaba,18.9067,72.8147
2023-10-17T08:00,28.8,77,1011.8,Mumbai_Colaba,18.9067,72.8147
2023-10-17T09:00,29.9,75,1012.3,Mumbai_Colaba,18.9067,72.8147
2023-10-17T10:00,30,78,1012.3,Mumbai_Colaba,18.9067,72.8147
2023-10-17T11:00,29.8,81,1011.6,Mumbai_Colaba,18.9067,72.8147
2023-10-17T12:00,29.8,80,1010.5,Mumbai_Colaba,18.9067,72.8147
2023-10-17T13:00,30.1,79,1009.6,Mumbai_Colaba,18.9067,72.8147
2023-10-17T14:00,29.7,81,1009.2,Mumbai_Colaba,18.9067,72.8147
2023-10-17T15:00,30.1,78,1008.9,Mumbai_Colaba,18.9067,72.8147
2023-10-17T16:00,29.9,78,1008.9,Mumbai_Colaba,18.9067,72.8147
2023-10-17T17:00,30.3,81,1009.1,Mumbai_Colaba,18.9067,72.8147
2023-10-17T18:00,29.6,85,1009.2,Mumbai_Colaba,18.9067,72.8147
2023-10-17T19:00,29.4,88,1009.7,Mumbai_Colaba,18.9067,72.8147
2023-10-17T20:00,29.3,88,1010.7,Mumbai_Colaba,18.9067,72.8147
2023-10-17T21:00,29.3,86,1011.2,Mumbai_Colaba,18.9067,72.8147
2023-10-17T22:00,28.9,89,1011.5,Mumbai_Colaba,18.9067,72.8147
2023-10-17T23:00,28,97,1011.2,Mumbai_Colaba,18.9067,72.8147
2023-10-18T00:00,27.5,100,1010.7,Mumbai_Colaba,18.9067,72.8147
2023-10-18T01:00,27,100,1010.4,Mumbai_Colaba,18.9067,72.8147
2023-10-18T02:00,26.3,100,1010,Mumbai_Colaba,18.9067,72.8147
2023-10-18T03:00,25.9,100,1010.1,Mumbai_Colaba,18.9067,72.8147
2023-10-18T04:00,25.6,100,1010.3,Mumbai_Colaba,18.9067,72.8147
2023-10-18T05:00,27,100,1010.9,Mumbai_Colaba,18.9067,72.8147
2023-10-18T06:00,26.6,97,1011.3,Mumbai_Colaba,18.9067,72.8147
2023-10-18T07:00,27.2,90,1011.8,Mumbai_Colaba,18.9067,72.8147
2023-10-18T08:00,28.3,82,1012.5,Mumbai_Colaba,18.9067,72.8147
2023-10-18T09:00,30,73,1012.9,Mumbai_Colaba,18.9067,72.8147
2023-10-18T10:00,31.2,67,1012.8,Mumbai_Colaba,18.9067,72.8147
2023-10-18T11:00,31.6,67,1012.3,Mumbai_Colaba,18.9067,72.8147
2023-10-18T12:00,31.6,70,1011.3,Mumbai_Colaba,18.9067,72.8147
2023-10-18T13:00,30.9,80,1010.4,Mumbai_Colaba,18.9067,72.8147
2023-10-18T14:00,30.8,81,1009.4,Mumbai_Colaba,18.9067,72.8147
2023-10-18T15:00,30.7,81,1008.7,Mumbai_Colaba,18.9067,72.8147
2023-10-18T16:00,30.5,79,1008.8,Mumbai_Colaba,18.9067,72.8147
2023-10-18T17:00,30.6,72,1008.8,Mumbai_Colaba,18.9067,72.8147
2023-10-18T18:00,30.4,73,1009.5,Mumbai_Colaba,18.9067,72.8147
2023-10-18T19:00,30.1,77,1009.9,Mumbai_Colaba,18.9067,72.8147
2023-10-18T20:00,29.9,79,1010.7,Mumbai_Colaba,18.9067,72.8147
2023-10-18T21:00,29.5,81,1011.1,Mumbai_Colaba,18.9067,72.8147
2023-10-18T22:00,29.3,77,1011.4,Mumbai_Colaba,18.9067,72.8147
2023-10-18T23:00,29,74,1011.3,Mumbai_Colaba,18.9067,72.8147
2023-10-19T00:00,28.6,73,1011,Mumbai_Colaba,18.9067,72.8147
2023-10-19T01:00,27.8,76,1010.5,Mumbai_Colaba,18.9067,72.8147
2023-10-19T02:00,27.7,79,1009.8,Mumbai_Colaba,18.9067,72.8147
2023-10-19T03:00,27.5,76,1009.5,Mumbai_Colaba,18.9067,72.8147
2023-10-19T04:00,26.9,84,1009.7,Mumbai_Colaba,18.9067,72.8147
2023-10-19T05:00,27.1,78,1010.6,Mumbai_Colaba,18.9067,72.8147
2023-10-19T06:00,27,78,1011.1,Mumbai_Colaba,18.9067,72.8147
2023-10-19T07:00,27,74,1011.5,Mumbai_Colaba,18.9067,72.8147
2023-10-19T08:00,27.7,71,1012.1,Mumbai_Colaba,18.9067,72.8147
2023-10-19T09:00,29.2,64,1012.4,Mumbai_Colaba,18.9067,72.8147
2023-10-19T10:00,30.6,64,1012.6,Mumbai_Colaba,18.9067,72.8147
2023-10-19T11:00,31.1,66,1012,Mumbai_Colaba,18.9067,72.8147
2023-10-19T12:00,31.2,69,1011.2,Mumbai_Colaba,18.9067,72.8147
2023-10-19T13:00,30.7,75,1010.2,Mumbai_Colaba,18.9067,72.8147
2023-10-19T14:00,30.9,75,1009.2,Mumbai_Colaba,18.9067,72.8147
2023-10-19T15:00,31,75,1008.6,Mumbai_Colaba,18.9067,72.8147
2023-10-19T16:00,30.8,74,1008.7,Mumbai_Colaba,18.9067,72.8147
2023-10-19T17:00,30.9,69,1008.9,Mumbai_Colaba,18.9067,72.8147
2023-10-19T18:00,30.5,73,1009.1,Mumbai_Colaba,18.9067,72.8147
2023-10-19T19:00,30.3,69,1009.7,Mumbai_Colaba,18.9067,72.8147
2023-10-19T20:00,29.7,75,1010.7,Mumbai_Colaba,18.9067,72.8147
2023-10-19T21:00,29.1,70,1011.3,Mumbai_Colaba,18.9067,72.8147
2023-10-19T22:00,28.8,71,1011.5,Mumbai_Colaba,18.9067,72.8147
2023-10-19T23:00,28.7,72,1011.3,Mumbai_Colaba,18.9067,72.8147
2023-10-20T00:00,28.1,75,1010.9,Mumbai_Colaba,18.9067,72.8147
2023-10-20T01:00,27.7,76,1010.4,Mumbai_Colaba,18.9067,72.8147
2023-10-20T02:00,27.5,77,1009.9,Mumbai_Colaba,18.9067,72.8147
2023-10-20T03:00,27.1,77,1009.6,Mumbai_Colaba,18.9067,72.8147
2023-10-20T04:00,26.9,79,1009.8,Mumbai_Colaba,18.9067,72.8147
2023-10-20T05:00,26.9,85,1009.9,Mumbai_Colaba,18.9067,72.8147
2023-10-20T06:00,26.5,83,1010.7,Mumbai_Colaba,18.9067,72.8147
2023-10-20T07:00,26.5,86,1011.5,Mumbai_Colaba,18.9067,72.8147
2023-10-20T08:00,28.4,71,1012,Mumbai_Colaba,18.9067,72.8147
2023-10-20T09:00,30.2,61,1012.3,Mumbai_Colaba,18.9067,72.8147
2023-10-20T10:00,30.7,71,1012.1,Mumbai_Colaba,18.9067,72.8147
2023-10-20T11:00,33.1,44,1011.1,Mumbai_Colaba,18.9067,72.8147
2023-10-20T12:00,31.5,69,1010.1,Mumbai_Colaba,18.9067,72.8147
2023-10-20T13:00,31.3,74,1009.1,Mumbai_Colaba,18.9067,72.8147
2023-10-20T14:00,31.3,73,1008.4,Mumbai_Colaba,18.9067,72.8147
2023-10-20T15:00,31.1,73,1008,Mumbai_Colaba,18.9067,72.8147
2023-10-20T16:00,31.1,69,1008.3,Mumbai_Colaba,18.9067,72.8147
2023-10-20T17:00,30.5,75,1008.8,Mumbai_Colaba,18.9067,72.8147
2023-10-20T18:00,29.9,78,1009.2,Mumbai_Colaba,18.9067,72.8147
2023-10-20T19:00,29.8,82,1010,Mumbai_Colaba,18.9067,72.8147
2023-10-20T20:00,30,78,1010.7,Mumbai_Colaba,18.9067,72.8147
2023-10-20T21:00,29.8,78,1011.2,Mumbai_Colaba,18.9067,72.8147
2023-10-20T22:00,29.2,78,1011.3,Mumbai_Colaba,18.9067,72.8147
2023-10-20T23:00,29.2,75,1011,Mumbai_Colaba,18.9067,72.8147
2023-10-21T00:00,28.8,78,1010.8,Mumbai_Colaba,18.9067,72.8147
2023-10-21T01:00,27.9,85,1010.2,Mumbai_Colaba,18.9067,72.8147
2023-10-21T02:00,27.3,87,1010,Mumbai_Colaba,18.9067,72.8147
2023-10-21T03:00,27.5,82,1009.6,Mumbai_Colaba,18.9067,72.8147
2023-10-21T04:00,27,83,1009.8,Mumbai_Colaba,18.9067,72.8147
2023-10-21T05:00,27.6,84,1010.4,Mumbai_Colaba,18.9067,72.8147
2023-10-21T06:00,27.7,82,1011.1,Mumbai_Colaba,18.9067,72.8147
2023-10-21T07:00,28.9,75,1012,Mumbai_Colaba,18.9067,72.8147
2023-10-21T08:00,29.8,66,1012.7,Mumbai_Colaba,18.9067,72.8147
2023-10-21T09:00,30.7,62,1013.1,Mumbai_Colaba,18.9067,72.8147
2023-10-21T10:00,31.6,59,1012.6,Mumbai_Colaba,18.9067,72.8147
2023-10-21T11:00,31.9,63,1011.5,Mumbai_Colaba,18.9067,72.8147
2023-10-21T12:00,34.5,38,1010.6,Mumbai_Colaba,18.9067,72.8147
2023-10-21T13:00,32,64,1009.7,Mumbai_Colaba,18.9067,72.8147
2023-10-21T14:00,31.5,73,1008.8,Mumbai_Colaba,18.9067,72.8147
2023-10-21T15:00,31.4,79,1008.4,Mumbai_Colaba,18.9067,72.8147
2023-10-21T16:00,31.6,77,1009,Mumbai_Colaba,18.9067,72.8147
2023-10-21T17:00,30.7,80,1010,Mumbai_Colaba,18.9067,72.8147
2023-10-21T18:00,30.9,70,1010.3,Mumbai_Colaba,18.9067,72.8147
2023-10-21T19:00,30.6,68,1010.7,Mumbai_Colaba,18.9067,72.8147
2023-10-21T20:00,30,71,1011.6,Mumbai_Colaba,18.9067,72.8147
2023-10-21T21:00,29.7,68,1012,Mumbai_Colaba,18.9067,72.8147
2023-10-21T22:00,29.3,72,1012.2,Mumbai_Colaba,18.9067,72.8147
2023-10-21T23:00,28.4,77,1011.9,Mumbai_Colaba,18.9067,72.8147
2023-10-22T00:00,28,78,1011.6,Mumbai_Colaba,18.9067,72.8147
2023-10-22T01:00,27.5,78,1011.2,Mumbai_Colaba,18.9067,72.8147
2023-10-22T02:00,27.2,78,1010.9,Mumbai_Colaba,18.9067,72.8147
2023-10-22T03:00,27.2,78,1010.7,Mumbai_Colaba,18.9067,72.8147
2023-10-22T04:00,27,79,1010.9,Mumbai_Colaba,18.9067,72.8147
2023-10-22T05:00,27.4,83,1011.8,Mumbai_Colaba,18.9067,72.8147
2023-10-22T06:00,27.6,80,1012.3,Mumbai_Colaba,18.9067,72.8147
2023-10-22T07:00,27.7,80,1012.8,Mumbai_Colaba,18.9067,72.8147
2023-10-22T08:00,28.4,75,1013.3,Mumbai_Colaba,18.9067,72.8147
2023-10-22T09:00,29.6,68,1013.7,Mumbai_Colaba,18.9067,72.8147
2023-10-22T10:00,30.5,70,1013.5,Mumbai_Colaba,18.9067,72.8147
2023-10-22T11:00,31,67,1012.6,Mumbai_Colaba,18.9067,72.8147
2023-10-22T12:00,30.9,70,1011.7,Mumbai_Colaba,18.9067,72.8147
2023-10-22T13:00,30.7,75,1010.6,Mumbai_Colaba,18.9067,72.8147
2023-10-22T14:00,30.6,76,1009.7,Mumbai_Colaba,18.9067,72.8147
2023-10-22T15:00,30.7,75,1009.5,Mumbai_Colaba,18.9067,72.8147
2023-10-22T16:00,30.7,74,1009.8,Mumbai_Colaba,18.9067,72.8147
2023-10-22T17:00,30,78,1009.7,Mumbai_Colaba,18.9067,72.8147
2023-10-22T18:00,29.5,82,1009.9,Mumbai_Colaba,18.9067,72.8147
2023-10-22T19:00,29.4,86,1010.9,Mumbai_Colaba,18.9067,72.8147
2023-10-22T20:00,29.3,85,1011.6,Mumbai_Colaba,18.9067,72.8147
2023-10-22T21:00,29,83,1012,Mumbai_Colaba,18.9067,72.8147
2023-10-22T22:00,28.9,78,1012,Mumbai_Colaba,18.9067,72.8147
2023-10-22T23:00,28.5,79,1011.9,Mumbai_Colaba,18.9067,72.8147
2023-10-23T00:00,28.4,78,1011.4,Mumbai_Colaba,18.9067,72.8147
2023-10-23T01:00,28.3,82,1010.8,Mumbai_Colaba,18.9067,72.8147
2023-10-23T02:00,27.9,87,1010.3,Mumbai_Colaba,18.9067,72.8147
2023-10-23T03:00,26.9,94,1010.1,Mumbai_Colaba,18.9067,72.8147
2023-10-23T04:00,26.8,85,1010.1,Mumbai_Colaba,18.9067,72.8147
2023-10-23T05:00,25.7,100,1011,Mumbai_Colaba,18.9067,72.8147
2023-10-23T06:00,25.3,100,1011.3,Mumbai_Colaba,18.9067,72.8147
2023-10-23T07:00,25.6,99,1012,Mumbai_Colaba,18.9067,72.8147
2023-10-23T08:00,27.1,86,1012.2,Mumbai_Colaba,18.9067,72.8147
2023-10-23T09:00,28.7,76,1012.5,Mumbai_Colaba,18.9067,72.8147
2023-10-23T10:00,30.4,68,1012.4,Mumbai_Colaba,18.9067,72.8147
2023-10-23T11:00,31.4,65,1011.2,Mumbai_Colaba,18.9067,72.8147
2023-10-23T12:00,31.9,61,1010,Mumbai_Colaba,18.9067,72.8147
2023-10-23T13:00,31.6,67,1009,Mumbai_Colaba,18.9067,72.8147
2023-10-23T14:00,31,76,1008,Mumbai_Colaba,18.9067,72.8147
2023-10-23T15:00,30.8,75,1007.5,Mumbai_Colaba,18.9067,72.8147
2023-10-23T16:00,30.5,71,1007.5,Mumbai_Colaba,18.9067,72.8147
2023-10-23T17:00,29.8,83,1008.1,Mumbai_Colaba,18.9067,72.8147
2023-10-23T18:00,29.8,81,1008.6,Mumbai_Colaba,18.9067,72.8147
2023-10-23T19:00,29.7,75,1009.4,Mumbai_Colaba,18.9067,72.8147
2023-10-23T20:00,29.8,69,1010.1,Mumbai_Colaba,18.9067,72.8147
2023-10-23T21:00,29.7,64,1010.6,Mumbai_Colaba,18.9067,72.8147
2023-10-23T22:00,29.4,61,1010.4,Mumbai_Colaba,18.9067,72.8147
2023-10-23T23:00,29.3,61,1010,Mumbai_Colaba,18.9067,72.8147
2023-10-24T00:00,28.6,64,1009.8,Mumbai_Colaba,18.9067,72.8147
2023-10-24T01:00,27.6,78,1009.3,Mumbai_Colaba,18.9067,72.8147
2023-10-24T02:00,27.3,84,1009,Mumbai_Colaba,18.9067,72.8147
2023-10-24T03:00,26.9,89,1008.8,Mumbai_Colaba,18.9067,72.8147
2023-10-24T04:00,26.1,94,1009.1,Mumbai_Colaba,18.9067,72.8147
2023-10-24T05:00,27.5,85,1009.9,Mumbai_Colaba,18.9067,72.8147
2023-10-24T06:00,26.5,88,1010.4,Mumbai_Colaba,18.9067,72.8147
2023-10-24T07:00,26.4,82,1011,Mumbai_Colaba,18.9067,72.8147
2023-10-24T08:00,27.6,70,1011.5,Mumbai_Colaba,18.9067,72.8147
2023-10-24T09:00,29.5,60,1011.8,Mumbai_Colaba,18.9067,72.8147
2023-10-24T10:00,31.1,55,1011.6,Mumbai_Colaba,18.9067,72.8147
2023-10-24T11:00,31.6,59,1010.5,Mumbai_Colaba,18.9067,72.8147
2023-10-24T12:00,32,59,1009.5,Mumbai_Colaba,18.9067,72.8147
2023-10-24T13:00,31.9,62,1008.6,Mumbai_Colaba,18.9067,72.8147
2023-10-24T14:00,31.6,65,1007.9,Mumbai_Colaba,18.9067,72.8147
2023-10-24T15:00,31.2,70,1007.6,Mumbai_Colaba,18.9067,72.8147
2023-10-24T16:00,31.3,69,1007.8,Mumbai_Colaba,18.9067,72.8147
2023-10-24T17:00,30.8,72,1008.2,Mumbai_Colaba,18.9067,72.8147
2023-10-24T18:00,30.1,74,1008.5,Mumbai_Colaba,18.9067,72.8147
2023-10-24T19:00,29.8,76,1009.4,Mumbai_Colaba,18.9067,72.8147
2023-10-24T20:00,29.6,74,1010.3,Mumbai_Colaba,18.9067,72.8147
2023-10-24T21:00,29.3,74,1010.7,Mumbai_Colaba,18.9067,72.8147
2023-10-24T22:00,28.7,68,1010.8,Mumbai_Colaba,18.9067,72.8147
2023-10-24T23:00,28.1,70,1010.7,Mumbai_Colaba,18.9067,72.8147
2023-10-25T00:00,27.9,71,1010.2,Mumbai_Colaba,18.9067,72.8147
2023-10-25T01:00,26.8,79,1009.8,Mumbai_Colaba,18.9067,72.8147
2023-10-25T02:00,25.9,79,1009.5,Mumbai_Colaba,18.9067,72.8147
2023-10-25T03:00,27.3,59,1009.5,Mumbai_Colaba,18.9067,72.8147
2023-10-25T04:00,28,55,1009.8,Mumbai_Colaba,18.9067,72.8147
2023-10-25T05:00,27.5,59,1010.5,Mumbai_Colaba,18.9067,72.8147
2023-10-25T06:00,27.5,63,1011.6,Mumbai_Colaba,18.9067,72.8147
2023-10-25T07:00,27.6,62,1012.3,Mumbai_Colaba,18.9067,72.8147
2023-10-25T08:00,29.1,54,1012.9,Mumbai_Colaba,18.9067,72.8147
2023-10-25T09:00,30.1,54,1013.4,Mumbai_Colaba,18.9067,72.8147
2023-10-25T10:00,31.1,56,1013.6,Mumbai_Colaba,18.9067,72.8147
2023-10-25T11:00,31.8,59,1012.5,Mumbai_Colaba,18.9067,72.8147
2023-10-25T12:00,31.8,58,1011.7,Mumbai_Colaba,18.9067,72.8147
2023-10-25T13:00,30.9,68,1010.8,Mumbai_Colaba,18.9067,72.8147
2023-10-25T14:00,30.3,73,1009.9,Mumbai_Colaba,18.9067,72.8147
2023-10-25T15:00,30.6,68,1009.3,Mumbai_Colaba,18.9067,72.8147
2023-10-25T16:00,30.7,68,1009.3,Mumbai_Colaba,18.9067,72.8147
2023-10-25T17:00,30.3,71,1009.8,Mumbai_Colaba,18.9067,72.8147
2023-10-25T18:00,29.9,74,1010.1,Mumbai_Colaba,18.9067,72.8147
2023-10-25T19:00,29.8,71,1011.1,Mumbai_Colaba,18.9067,72.8147
2023-10-25T20:00,29.8,67,1012,Mumbai_Colaba,18.9067,72.8147
2023-10-25T21:00,29.5,72,1012.2,Mumbai_Colaba,18.9067,72.8147
2023-10-25T22:00,28.7,71,1012.6,Mumbai_Colaba,18.9067,72.8147
2023-10-25T23:00,27.9,73,1012.3,Mumbai_Colaba,18.9067,72.8147
2023-10-26T00:00,28,70,1011.8,Mumbai_Colaba,18.9067,72.8147
2023-10-26T01:00,27.3,74,1011.4,Mumbai_Colaba,18.9067,72.8147
2023-10-26T02:00,26.2,82,1010.8,Mumbai_Colaba,18.9067,72.8147
2023-10-26T03:00,26,79,1010.6,Mumbai_Colaba,18.9067,72.8147
2023-10-26T04:00,26,73,1010.6,Mumbai_Colaba,18.9067,72.8147
2023-10-26T05:00,26.2,69,1010.9,Mumbai_Colaba,18.9067,72.8147
2023-10-26T06:00,26,70,1012,Mumbai_Colaba,18.9067,72.8147
2023-10-26T07:00,26.2,67,1012.7,Mumbai_Colaba,18.9067,72.8147
2023-10-26T08:00,27.8,55,1013.5,Mumbai_Colaba,18.9067,72.8147
2023-10-26T09:00,29.9,47,1014,Mumbai_Colaba,18.9067,72.8147
2023-10-26T10:00,31.6,48,1014,Mumbai_Colaba,18.9067,72.8147
2023-10-26T11:00,32,52,1013.1,Mumbai_Colaba,18.9067,72.8147
2023-10-26T12:00,32.1,50,1011.9,Mumbai_Colaba,18.9067,72.8147
2023-10-26T13:00,31.1,66,1010.7,Mumbai_Colaba,18.9067,72.8147
2023-10-26T14:00,31.6,61,1009.6,Mumbai_Colaba,18.9067,72.8147
2023-10-26T15:00,31.6,62,1008.8,Mumbai_Colaba,18.9067,72.8147
2023-10-26T16:00,31.3,69,1008.9,Mumbai_Colaba,18.9067,72.8147
2023-10-26T17:00,30.1,67,1009.5,Mumbai_Colaba,18.9067,72.8147
2023-10-26T18:00,29.9,71,1009.9,Mumbai_Colaba,18.9067,72.8147
2023-10-26T19:00,30,61,1010.8,Mumbai_Colaba,18.9067,72.8147
2023-10-26T20:00,29.9,59,1011.5,Mumbai_Colaba,18.9067,72.8147
2023-10-26T21:00,29.2,65,1011.9,Mumbai_Colaba,18.9067,72.8147
2023-10-26T22:00,28.4,64,1012.2,Mumbai_Colaba,18.9067,72.8147
2023-10-26T23:00,27.4,64,1012.1,Mumbai_Colaba,18.9067,72.8147
2023-10-27T00:00,27.1,65,1011.4,Mumbai_Colaba,18.9067,72.8147
2023-10-27T01:00,26.6,68,1010.6,Mumbai_Colaba,18.9067,72.8147
2023-10-27T02:00,25.7,73,1010,Mumbai_Colaba,18.9067,72.8147
2023-10-27T03:00,24.8,78,1009.9,Mumbai_Colaba,18.9067,72.8147
2023-10-27T04:00,24.6,73,1010,Mumbai_Colaba,18.9067,72.8147
2023-10-27T05:00,24.5,76,1010.3,Mumbai_Colaba,18.9067,72.8147
2023-10-27T06:00,24.5,72,1011,Mumbai_Colaba,18.9067,72.8147
2023-10-27T07:00,24.9,68,1011.7,Mumbai_Colaba,18.9067,72.8147
2023-10-27T08:00,26.9,59,1012.5,Mumbai_Colaba,18.9067,72.8147
2023-10-27T09:00,29.4,51,1012.8,Mumbai_Colaba,18.9067,72.8147
2023-10-27T10:00,31.5,47,1012.6,Mumbai_Colaba,18.9067,72.8147
2023-10-27T11:00,32.4,44,1011.3,Mumbai_Colaba,18.9067,72.8147
2023-10-27T12:00,32.5,46,1010.1,Mumbai_Colaba,18.9067,72.8147
2023-10-27T13:00,32.8,42,1008.8,Mumbai_Colaba,18.9067,72.8147
2023-10-27T14:00,32.3,53,1007.8,Mumbai_Colaba,18.9067,72.8147
2023-10-27T15:00,32.2,56,1007.1,Mumbai_Colaba,18.9067,72.8147
2023-10-27T16:00,31.4,62,1007.1,Mumbai_Colaba,18.9067,72.8147
2023-10-27T17:00,30.5,64,1007.6,Mumbai_Colaba,18.9067,72.8147
2023-10-27T18:00,29.8,67,1008.6,Mumbai_Colaba,18.9067,72.8147
2023-10-27T19:00,29.9,66,1009.4,Mumbai_Colaba,18.9067,72.8147
2023-10-27T20:00,30,60,1010.3,Mumbai_Colaba,18.9067,72.8147
2023-10-27T21:00,29.6,62,1010.6,Mumbai_Colaba,18.9067,72.8147
2023-10-27T22:00,28.9,64,1010.9,Mumbai_Colaba,18.9067,72.8147
2023-10-27T23:00,27.8,66,1010.7,Mumbai_Colaba,18.9067,72.8147
2023-10-28T00:00,27.2,68,1010.3,Mumbai_Colaba,18.9067,72.8147
2023-10-28T01:00,26.3,74,1009.9,Mumbai_Colaba,18.9067,72.8147
2023-10-28T02:00,25.9,77,1009.2,Mumbai_Colaba,18.9067,72.8147
2023-10-28T03:00,24.9,80,1008.9,Mumbai_Colaba,18.9067,72.8147
2023-10-28T04:00,24.5,74,1008.9,Mumbai_Colaba,18.9067,72.8147
2023-10-28T05:00,24.8,68,1009.1,Mumbai_Colaba,18.9067,72.8147
2023-10-28T06:00,24.1,72,1009.9,Mumbai_Colaba,18.9067,72.8147
2023-10-28T07:00,24.6,67,1011,Mumbai_Colaba,18.9067,72.8147
2023-10-28T08:00,27,57,1011.7,Mumbai_Colaba,18.9067,72.8147
2023-10-28T09:00,29.8,43,1012,Mumbai_Colaba,18.9067,72.8147
2023-10-28T10:00,31.2,53,1011.8,Mumbai_Colaba,18.9067,72.8147
2023-10-28T11:00,32.1,45,1010.7,Mumbai_Colaba,18.9067,72.8147
2023-10-28T12:00,31.7,53,1009.8,Mumbai_Colaba,18.9067,72.8147
2023-10-28T13:00,31.1,61,1008.7,Mumbai_Colaba,18.9067,72.8147
2023-10-28T14:00,30.7,65,1007.6,Mumbai_Colaba,18.9067,72.8147
2023-10-28T15:00,30.7,67,1007.2,Mumbai_Colaba,18.9067,72.8147
2023-10-28T16:00,30.3,69,1007.3,Mumbai_Colaba,18.9067,72.8147
2023-10-28T17:00,30.4,68,1007.9,Mumbai_Colaba,18.9067,72.8147
2023-10-28T18:00,30.2,67,1008.8,Mumbai_Colaba,18.9067,72.8147
2023-10-28T19:00,29.6,70,1009.4,Mumbai_Colaba,18.9067,72.8147
2023-10-28T20:00,29.4,69,1010.3,Mumbai_Colaba,18.9067,72.8147
2023-10-28T21:00,28.8,63,1010.9,Mumbai_Colaba,18.9067,72.8147
2023-10-28T22:00,27.9,61,1011,Mumbai_Colaba,18.9067,72.8147
2023-10-28T23:00,27.5,58,1010.8,Mumbai_Colaba,18.9067,72.8147
2023-10-29T00:00,26.9,63,1010.3,Mumbai_Colaba,18.9067,72.8147
2023-10-29T01:00,26.6,68,1009.7,Mumbai_Colaba,18.9067,72.8147
2023-10-29T02:00,26.3,70,1009.2,Mumbai_Colaba,18.9067,72.8147
2023-10-29T03:00,25.6,76,1008.9,Mumbai_Colaba,18.9067,72.8147
2023-10-29T04:00,24.7,80,1008.6,Mumbai_Colaba,18.9067,72.8147
2023-10-29T05:00,24.2,76,1008.6,Mumbai_Colaba,18.9067,72.8147
2023-10-29T06:00,24.3,76,1009.3,Mumbai_Colaba,18.9067,72.8147
2023-10-29T07:00,24.9,65,1010.1,Mumbai_Colaba,18.9067,72.8147
2023-10-29T08:00,26.8,61,1010.9,Mumbai_Colaba,18.9067,72.8147
2023-10-29T09:00,29.6,49,1011.4,Mumbai_Colaba,18.9067,72.8147
2023-10-29T10:00,31.4,47,1011.3,Mumbai_Colaba,18.9067,72.8147
2023-10-29T11:00,31.6,59,1010.3,Mumbai_Colaba,18.9067,72.8147
2023-10-29T12:00,32.1,55,1009.3,Mumbai_Colaba,18.9067,72.8147
2023-10-29T13:00,31.8,60,1008.3,Mumbai_Colaba,18.9067,72.8147
2023-10-29T14:00,31.5,63,1007.4,Mumbai_Colaba,18.9067,72.8147
2023-10-29T15:00,30.7,65,1007,Mumbai_Colaba,18.9067,72.8147
2023-10-29T16:00,30.5,62,1007,Mumbai_Colaba,18.9067,72.8147
2023-10-29T17:00,30,72,1007.5,Mumbai_Colaba,18.9067,72.8147
2023-10-29T18:00,29.6,70,1008.2,Mumbai_Colaba,18.9067,72.8147
2023-10-29T19:00,29.8,67,1009,Mumbai_Colaba,18.9067,72.8147
2023-10-29T20:00,29.4,66,1009.8,Mumbai_Colaba,18.9067,72.8147
2023-10-29T21:00,28.7,65,1010.5,Mumbai_Colaba,18.9067,72.8147
2023-10-29T22:00,28.4,58,1010.6,Mumbai_Colaba,18.9067,72.8147
2023-10-29T23:00,27.9,64,1010.2,Mumbai_Colaba,18.9067,72.8147
2023-10-30T00:00,27.3,68,1009.5,Mumbai_Colaba,18.9067,72.8147
2023-10-30T01:00,26.2,78,1008.9,Mumbai_Colaba,18.9067,72.8147
2023-10-30T02:00,25.9,76,1008.4,Mumbai_Colaba,18.9067,72.8147
2023-10-30T03:00,25.2,83,1008.1,Mumbai_Colaba,18.9067,72.8147
2023-10-30T04:00,24.9,75,1008.3,Mumbai_Colaba,18.9067,72.8147
2023-10-30T05:00,25.4,65,1008.8,Mumbai_Colaba,18.9067,72.8147
2023-10-30T06:00,24.5,75,1009.5,Mumbai_Colaba,18.9067,72.8147
2023-10-30T07:00,24.9,67,1010.4,Mumbai_Colaba,18.9067,72.8147
2023-10-30T08:00,27.4,56,1011,Mumbai_Colaba,18.9067,72.8147
2023-10-30T09:00,30.6,44,1011.4,Mumbai_Colaba,18.9067,72.8147
2023-10-30T10:00,32.1,46,1011.2,Mumbai_Colaba,18.9067,72.8147
2023-10-30T11:00,31.9,56,1010.1,Mumbai_Colaba,18.9067,72.8147
2023-10-30T12:00,31.8,58,1008.8,Mumbai_Colaba,18.9067,72.8147
2023-10-30T13:00,31.2,63,1007.6,Mumbai_Colaba,18.9067,72.8147
2023-10-30T14:00,30.8,67,1006.9,Mumbai_Colaba,18.9067,72.8147
2023-10-30T15:00,30.2,67,1006.5,Mumbai_Colaba,18.9067,72.8147
2023-10-30T16:00,30.4,64,1006.8,Mumbai_Colaba,18.9067,72.8147
2023-10-30T17:00,30.4,67,1007.3,Mumbai_Colaba,18.9067,72.8147
2023-10-30T18:00,29.8,69,1008.6,Mumbai_Colaba,18.9067,72.8147
2023-10-30T19:00,29.4,73,1009.1,Mumbai_Colaba,18.9067,72.8147
2023-10-30T20:00,29,76,1010.2,Mumbai_Colaba,18.9067,72.8147
2023-10-30T21:00,28.6,72,1010.8,Mumbai_Colaba,18.9067,72.8147
2023-10-30T22:00,28.4,68,1011.2,Mumbai_Colaba,18.9067,72.8147
2023-10-30T23:00,27.6,76,1011,Mumbai_Colaba,18.9067,72.8147
2023-10-31T00:00,27,84,1010.6,Mumbai_Colaba,18.9067,72.8147
2023-10-31T01:00,26.5,89,1009.8,Mumbai_Colaba,18.9067,72.8147
2023-10-31T02:00,25.8,95,1009.3,Mumbai_Colaba,18.9067,72.8147
2023-10-31T03:00,24.9,100,1009,Mumbai_Colaba,18.9067,72.8147
2023-10-31T04:00,24.4,100,1009.1,Mumbai_Colaba,18.9067,72.8147
2023-10-31T05:00,24,100,1009.3,Mumbai_Colaba,18.9067,72.8147
2023-10-31T06:00,25.4,81,1010.4,Mumbai_Colaba,18.9067,72.8147
2023-10-31T07:00,26.1,71,1011.1,Mumbai_Colaba,18.9067,72.8147
2023-10-31T08:00,28,61,1011.6,Mumbai_Colaba,18.9067,72.8147
2023-10-31T09:00,30.5,48,1012.1,Mumbai_Colaba,18.9067,72.8147
2023-10-31T10:00,31.2,54,1011.7,Mumbai_Colaba,18.9067,72.8147
2023-10-31T11:00,32.3,47,1010.5,Mumbai_Colaba,18.9067,72.8147
2023-10-31T12:00,31.8,59,1009.3,Mumbai_Colaba,18.9067,72.8147
2023-10-31T13:00,31.3,60,1008.3,Mumbai_Colaba,18.9067,72.8147
2023-10-31T14:00,30.6,64,1007.8,Mumbai_Colaba,18.9067,72.8147
2023-10-31T15:00,30.5,64,1007.4,Mumbai_Colaba,18.9067,72.8147
2023-10-31T16:00,30.4,66,1007.5,Mumbai_Colaba,18.9067,72.8147
2023-10-31T17:00,30.4,66,1007.9,Mumbai_Colaba,18.9067,72.8147
2023-10-31T18:00,29.7,73,1008.8,Mumbai_Colaba,18.9067,72.8147
2023-10-31T19:00,29.5,75,1009.7,Mumbai_Colaba,18.9067,72.8147
2023-10-31T20:00,29.4,70,1010.8,Mumbai_Colaba,18.9067,72.8147
2023-10-31T21:00,29.2,61,1011.2,Mumbai_Colaba,18.9067,72.8147
2023-10-31T22:00,28,69,1011.4,Mumbai_Colaba,18.9067,72.8147
2023-10-31T23:00,27.6,71,1011.2,Mumbai_Colaba,18.9067,72.8147
2023-11-01T00:00,27.2,69,1010.9,Mumbai_Colaba,18.9067,72.8147
2023-11-01T01:00,26.7,69,1010.5,Mumbai_Colaba,18.9067,72.8147
2023-11-01T02:00,25.9,74,1009.9,Mumbai_Colaba,18.9067,72.8147
2023-11-01T03:00,24.8,83,1009.8,Mumbai_Colaba,18.9067,72.8147
2023-11-01T04:00,24,86,1009.5,Mumbai_Colaba,18.9067,72.8147
2023-11-01T05:00,23.9,83,1009.9,Mumbai_Colaba,18.9067,72.8147
2023-11-01T06:00,24.4,78,1011,Mumbai_Colaba,18.9067,72.8147
2023-11-01T07:00,25.2,66,1012,Mumbai_Colaba,18.9067,72.8147
2023-11-01T08:00,27.2,58,1012.7,Mumbai_Colaba,18.9067,72.8147
2023-11-01T09:00,29.7,48,1013,Mumbai_Colaba,18.9067,72.8147
2023-11-01T10:00,31,53,1012.6,Mumbai_Colaba,18.9067,72.8147
2023-11-01T11:00,32.1,45,1011.7,Mumbai_Colaba,18.9067,72.8147
2023-11-01T12:00,31.4,54,1010.6,Mumbai_Colaba,18.9067,72.8147
2023-11-01T13:00,30.4,63,1009.6,Mumbai_Colaba,18.9067,72.8147
2023-11-01T14:00,30.5,66,1008.6,Mumbai_Colaba,18.9067,72.8147
2023-11-01T15:00,30.5,69,1008.2,Mumbai_Colaba,18.9067,72.8147
2023-11-01T16:00,30.5,68,1008.4,Mumbai_Colaba,18.9067,72.8147
2023-11-01T17:00,30,71,1009,Mumbai_Colaba,18.9067,72.8147
2023-11-01T18:00,29.5,71,1009.6,Mumbai_Colaba,18.9067,72.8147
2023-11-01T19:00,29.6,66,1010.6,Mumbai_Colaba,18.9067,72.8147
2023-11-01T20:00,29.2,70,1011.3,Mumbai_Colaba,18.9067,72.8147
2023-11-01T21:00,29,72,1011.5,Mumbai_Colaba,18.9067,72.8147
2023-11-01T22:00,28.4,69,1011.4,Mumbai_Colaba,18.9067,72.8147
2023-11-01T23:00,27.2,76,1010.9,Mumbai_Colaba,18.9067,72.8147
2023-11-02T00:00,26.5,78,1010.3,Mumbai_Colaba,18.9067,72.8147
2023-11-02T01:00,26.3,79,1009.6,Mumbai_Colaba,18.9067,72.8147
2023-11-02T02:00,25.7,86,1009.2,Mumbai_Colaba,18.9067,72.8147
2023-11-02T03:00,25.1,84,1008.9,Mumbai_Colaba,18.9067,72.8147
2023-11-02T04:00,24.4,78,1009.1,Mumbai_Colaba,18.9067,72.8147
2023-11-02T05:00,24.7,73,1009.6,Mumbai_Colaba,18.9067,72.8147
2023-11-02T06:00,24.2,78,1011.2,Mumbai_Colaba,18.9067,72.8147
2023-11-02T07:00,24.9,71,1011.6,Mumbai_Colaba,18.9067,72.8147
2023-11-02T08:00,26.7,64,1012.2,Mumbai_Colaba,18.9067,72.8147
2023-11-02T09:00,28.9,55,1012.5,Mumbai_Colaba,18.9067,72.8147
2023-11-02T10:00,30.8,49,1012.3,Mumbai_Colaba,18.9067,72.8147
2023-11-02T11:00,31.1,59,1011.2,Mumbai_Colaba,18.9067,72.8147
2023-11-02T12:00,31.7,54,1010.1,Mumbai_Colaba,18.9067,72.8147
2023-11-02T13:00,31,63,1008.9,Mumbai_Colaba,18.9067,72.8147
2023-11-02T14:00,30.5,69,1008,Mumbai_Colaba,18.9067,72.8147
2023-11-02T15:00,30.2,71,1007.3,Mumbai_Colaba,18.9067,72.8147
2023-11-02T16:00,30.1,66,1007.2,Mumbai_Colaba,18.9067,72.8147
2023-11-02T17:00,29.7,70,1007.6,Mumbai_Colaba,18.9067,72.8147
2023-11-02T18:00,29.3,73,1008.5,Mumbai_Colaba,18.9067,72.8147
2023-11-02T19:00,29.2,73,1008.9,Mumbai_Colaba,18.9067,72.8147
2023-11-02T20:00,29,71,1010,Mumbai_Colaba,18.9067,72.8147
2023-11-02T21:00,28.6,69,1010.4,Mumbai_Colaba,18.9067,72.8147
2023-11-02T22:00,28.1,66,1010.3,Mumbai_Colaba,18.9067,72.8147
2023-11-02T23:00,27.8,64,1010.1,Mumbai_Colaba,18.9067,72.8147
2023-11-03T00:00,27.5,62,1009.6,Mumbai_Colaba,18.9067,72.8147
2023-11-03T01:00,26.9,71,1008.9,Mumbai_Colaba,18.9067,72.8147
2023-11-03T02:00,25.7,85,1008.3,Mumbai_Colaba,18.9067,72.8147
2023-11-03T03:00,25.1,84,1008,Mumbai_Colaba,18.9067,72.8147
2023-11-03T04:00,24.9,81,1008.2,Mumbai_Colaba,18.9067,72.8147
2023-11-03T05:00,24.6,80,1008.6,Mumbai_Colaba,18.9067,72.8147
2023-11-03T06:00,25,79,1009.2,Mumbai_Colaba,18.9067,72.8147
2023-11-03T07:00,25.6,72,1009.8,Mumbai_Colaba,18.9067,72.8147
2023-11-03T08:00,27.4,65,1010.4,Mumbai_Colaba,18.9067,72.8147
2023-11-03T09:00,29.9,54,1010.7,Mumbai_Colaba,18.9067,72.8147
2023-11-03T10:00,31.6,52,1010.3,Mumbai_Colaba,18.9067,72.8147
2023-11-03T11:00,32.2,53,1009,Mumbai_Colaba,18.9067,72.8147
2023-11-03T12:00,32.5,53,1007.8,Mumbai_Colaba,18.9067,72.8147
2023-11-03T13:00,32.7,52,1006.7,Mumbai_Colaba,18.9067,72.8147
2023-11-03T14:00,31.6,66,1005.6,Mumbai_Colaba,18.9067,72.8147
2023-11-03T15:00,30.8,74,1005.2,Mumbai_Colaba,18.9067,72.8147
2023-11-03T16:00,30.5,69,1005.1,Mumbai_Colaba,18.9067,72.8147
2023-11-03T17:00,30.1,71,1005.4,Mumbai_Colaba,18.9067,72.8147
2023-11-03T18:00,29.5,73,1006.3,Mumbai_Colaba,18.9067,72.8147
2023-11-03T19:00,29.6,68,1007,Mumbai_Colaba,18.9067,72.8147
2023-11-03T20:00,29.6,61,1007.8,Mumbai_Colaba,18.9067,72.8147
2023-11-03T21:00,29.1,56,1008.3,Mumbai_Colaba,18.9067,72.8147
2023-11-03T22:00,28.6,55,1008.4,Mumbai_Colaba,18.9067,72.8147
2023-11-03T23:00,28.5,55,1008.6,Mumbai_Colaba,18.9067,72.8147
2023-11-04T00:00,27.6,65,1008.2,Mumbai_Colaba,18.9067,72.8147
2023-11-04T01:00,26.9,74,1007.6,Mumbai_Colaba,18.9067,72.8147
2023-11-04T02:00,26.1,77,1007.3,Mumbai_Colaba,18.9067,72.8147
2023-11-04T03:00,26.7,62,1006.8,Mumbai_Colaba,18.9067,72.8147
2023-11-04T04:00,26.8,57,1006.9,Mumbai_Colaba,18.9067,72.8147
2023-11-04T05:00,26.7,58,1007,Mumbai_Colaba,18.9067,72.8147
2023-11-04T06:00,26.3,64,1008,Mumbai_Colaba,18.9067,72.8147
2023-11-04T07:00,26.7,63,1008.6,Mumbai_Colaba,18.9067,72.8147
2023-11-04T08:00,28.6,55,1009.2,Mumbai_Colaba,18.9067,72.8147
2023-11-04T09:00,30.8,47,1009.5,Mumbai_Colaba,18.9067,72.8147
2023-11-04T10:00,32.3,45,1009.3,Mumbai_Colaba,18.9067,72.8147
2023-11-04T11:00,32.9,46,1008.2,Mumbai_Colaba,18.9067,72.8147
2023-11-04T12:00,32.3,58,1007.4,Mumbai_Colaba,18.9067,72.8147
2023-11-04T13:00,32.5,56,1006.4,Mumbai_Colaba,18.9067,72.8147
2023-11-04T14:00,31.4,68,1005.6,Mumbai_Colaba,18.9067,72.8147
2023-11-04T15:00,30.8,71,1005.2,Mumbai_Colaba,18.9067,72.8147
2023-11-04T16:00,30.5,73,1005.2,Mumbai_Colaba,18.9067,72.8147
2023-11-04T17:00,30.1,77,1005.8,Mumbai_Colaba,18.9067,72.8147
2023-11-04T18:00,30.2,69,1006.5,Mumbai_Colaba,18.9067,72.8147
2023-11-04T19:00,29.5,82,1007.3,Mumbai_Colaba,18.9067,72.8147
2023-11-04T20:00,29.3,79,1008.2,Mumbai_Colaba,18.9067,72.8147
2023-11-04T21:00,29.5,68,1009,Mumbai_Colaba,18.9067,72.8147
2023-11-04T22:00,29.1,66,1009.4,Mumbai_Colaba,18.9067,72.8147
2023-11-04T23:00,28.6,67,1009.5,Mumbai_Colaba,18.9067,72.8147
2023-11-05T00:00,27.9,72,1009.1,Mumbai_Colaba,18.9067,72.8147
2023-11-05T01:00,27.1,79,1008.8,Mumbai_Colaba,18.9067,72.8147
2023-11-05T02:00,26.5,85,1008.3,Mumbai_Colaba,18.9067,72.8147
2023-11-05T03:00,26.5,78,1008.2,Mumbai_Colaba,18.9067,72.8147
2023-11-05T04:00,26.3,77,1008.3,Mumbai_Colaba,18.9067,72.8147
2023-11-05T05:00,26.1,74,1008.6,Mumbai_Colaba,18.9067,72.8147
2023-11-05T06:00,27.8,63,1009.3,Mumbai_Colaba,18.9067,72.8147
2023-11-05T07:00,28.4,59,1010.2,Mumbai_Colaba,18.9067,72.8147
2023-11-05T08:00,29.8,57,1010.8,Mumbai_Colaba,18.9067,72.8147
2023-11-05T09:00,31,52,1011.1,Mumbai_Colaba,18.9067,72.8147
2023-11-05T10:00,31.7,54,1010.8,Mumbai_Colaba,18.9067,72.8147
2023-11-05T11:00,31.6,62,1009.9,Mumbai_Colaba,18.9067,72.8147
2023-11-05T12:00,32.3,54,1008.9,Mumbai_Colaba,18.9067,72.8147
2023-11-05T13:00,31.2,71,1008,Mumbai_Colaba,18.9067,72.8147
2023-11-05T14:00,30.7,69,1007.6,Mumbai_Colaba,18.9067,72.8147
2023-11-05T15:00,30.3,69,1007.1,Mumbai_Colaba,18.9067,72.8147
2023-11-05T16:00,30.1,71,1007.1,Mumbai_Colaba,18.9067,72.8147
2023-11-05T17:00,30,77,1007.5,Mumbai_Colaba,18.9067,72.8147
2023-11-05T18:00,29.6,82,1008.6,Mumbai_Colaba,18.9067,72.8147
2023-11-05T19:00,29.3,84,1009.1,Mumbai_Colaba,18.9067,72.8147
2023-11-05T20:00,29.4,81,1010.1,Mumbai_Colaba,18.9067,72.8147
2023-11-05T21:00,29.3,76,1010.6,Mumbai_Colaba,18.9067,72.8147
2023-11-05T22:00,29,69,1011.1,Mumbai_Colaba,18.9067,72.8147
2023-11-05T23:00,28.9,64,1010.9,Mumbai_Colaba,18.9067,72.8147
2023-11-06T00:00,28.4,65,1010.5,Mumbai_Colaba,18.9067,72.8147
2023-11-06T01:00,27.2,78,1010,Mumbai_Colaba,18.9067,72.8147
2023-11-06T02:00,26.8,80,1009.6,Mumbai_Colaba,18.9067,72.8147
2023-11-06T03:00,26.8,76,1009.2,Mumbai_Colaba,18.9067,72.8147
2023-11-06T04:00,26.2,79,1009.2,Mumbai_Colaba,18.9067,72.8147
2023-11-06T05:00,26.1,75,1009.6,Mumbai_Colaba,18.9067,72.8147
2023-11-06T06:00,26.3,79,1010.5,Mumbai_Colaba,18.9067,72.8147
2023-11-06T07:00,26.5,70,1011.5,Mumbai_Colaba,18.9067,72.8147
2023-11-06T08:00,28,63,1012.2,Mumbai_Colaba,18.9067,72.8147
2023-11-06T09:00,29.9,51,1012.5,Mumbai_Colaba,18.9067,72.8147
2023-11-06T10:00,31.1,55,1012.2,Mumbai_Colaba,18.9067,72.8147
2023-11-06T11:00,31.4,62,1011.1,Mumbai_Colaba,18.9067,72.8147
2023-11-06T12:00,33,43,1010,Mumbai_Colaba,18.9067,72.8147
2023-11-06T13:00,31.2,66,1009.2,Mumbai_Colaba,18.9067,72.8147
2023-11-06T14:00,30.7,72,1008.6,Mumbai_Colaba,18.9067,72.8147
2023-11-06T15:00,30.3,71,1008,Mumbai_Colaba,18.9067,72.8147
2023-11-06T16:00,30,69,1008.2,Mumbai_Colaba,18.9067,72.8147
2023-11-06T17:00,30,70,1008.5,Mumbai_Colaba,18.9067,72.8147
2023-11-06T18:00,29.3,79,1009.9,Mumbai_Colaba,18.9067,72.8147
2023-11-06T19:00,29.6,68,1010.4,Mumbai_Colaba,18.9067,72.8147
2023-11-06T20:00,29.1,68,1011.1,Mumbai_Colaba,18.9067,72.8147
2023-11-06T21:00,28.6,66,1011.4,Mumbai_Colaba,18.9067,72.8147
2023-11-06T22:00,28.2,64,1011.2,Mumbai_Colaba,18.9067,72.8147
2023-11-06T23:00,27.6,65,1011.2,Mumbai_Colaba,18.9067,72.8147
2023-11-07T00:00,26.9,67,1010.8,Mumbai_Colaba,18.9067,72.8147
2023-11-07T01:00,26.3,70,1010.3,Mumbai_Colaba,18.9067,72.8147
2023-11-07T02:00,25.6,74,1010.1,Mumbai_Colaba,18.9067,72.8147
2023-11-07T03:00,24.9,75,1009.7,Mumbai_Colaba,18.9067,72.8147
2023-11-07T04:00,24.6,73,1009.9,Mumbai_Colaba,18.9067,72.8147
2023-11-07T05:00,24.5,71,1010.2,Mumbai_Colaba,18.9067,72.8147
2023-11-07T06:00,24.4,73,1011.2,Mumbai_Colaba,18.9067,72.8147
2023-11-07T07:00,25,70,1011.8,Mumbai_Colaba,18.9067,72.8147
2023-11-07T08:00,27.2,58,1012.6,Mumbai_Colaba,18.9067,72.8147
2023-11-07T09:00,29.4,51,1012.9,Mumbai_Colaba,18.9067,72.8147
2023-11-07T10:00,30.6,50,1012.9,Mumbai_Colaba,18.9067,72.8147
2023-11-07T11:00,30.8,60,1011.8,Mumbai_Colaba,18.9067,72.8147
2023-11-07T12:00,31,58,1010.5,Mumbai_Colaba,18.9067,72.8147
2023-11-07T13:00,30.4,63,1009.2,Mumbai_Colaba,18.9067,72.8147
2023-11-07T14:00,30.1,68,1008.4,Mumbai_Colaba,18.9067,72.8147
2023-11-07T15:00,30,69,1007.7,Mumbai_Colaba,18.9067,72.8147
2023-11-07T16:00,30,69,1007.8,Mumbai_Colaba,18.9067,72.8147
2023-11-07T17:00,29.8,72,1007.9,Mumbai_Colaba,18.9067,72.8147
2023-11-07T18:00,29.2,75,1008.6,Mumbai_Colaba,18.9067,72.8147
2023-11-07T19:00,29.2,72,1009.1,Mumbai_Colaba,18.9067,72.8147
2023-11-07T20:00,29.1,68,1010.2,Mumbai_Colaba,18.9067,72.8147
2023-11-07T21:00,28.9,62,1010.9,Mumbai_Colaba,18.9067,72.8147
2023-11-07T22:00,29,57,1010.8,Mumbai_Colaba,18.9067,72.8147
2023-11-07T23:00,28.8,56,1010.3,Mumbai_Colaba,18.9067,72.8147
2023-11-08T00:00,28.1,62,1009.8,Mumbai_Colaba,18.9067,72.8147
2023-11-08T01:00,27.2,76,1009.4,Mumbai_Colaba,18.9067,72.8147
2023-11-08T02:00,26.8,81,1009.1,Mumbai_Colaba,18.9067,72.8147
2023-11-08T03:00,26.9,77,1008.9,Mumbai_Colaba,18.9067,72.8147
2023-11-08T04:00,26.5,82,1009.3,Mumbai_Colaba,18.9067,72.8147
2023-11-08T05:00,26.6,81,1009.6,Mumbai_Colaba,18.9067,72.8147
2023-11-08T06:00,27.5,75,1010.5,Mumbai_Colaba,18.9067,72.8147
2023-11-08T07:00,27.4,74,1011.7,Mumbai_Colaba,18.9067,72.8147
2023-11-08T08:00,27.4,73,1011.9,Mumbai_Colaba,18.9067,72.8147
2023-11-08T09:00,28.7,67,1012.2,Mumbai_Colaba,18.9067,72.8147
2023-11-08T10:00,29.7,65,1012.2,Mumbai_Colaba,18.9067,72.8147
2023-11-08T11:00,30.1,67,1011.2,Mumbai_Colaba,18.9067,72.8147
2023-11-08T12:00,30.2,70,1010,Mumbai_Colaba,18.9067,72.8147
2023-11-08T13:00,29.8,75,1008.8,Mumbai_Colaba,18.9067,72.8147
2023-11-08T14:00,29.3,77,1008.2,Mumbai_Colaba,18.9067,72.8147
2023-11-08T15:00,28.9,74,1008.5,Mumbai_Colaba,18.9067,72.8147
2023-11-08T16:00,28.6,72,1008.1,Mumbai_Colaba,18.9067,72.8147
2023-11-08T17:00,28.8,75,1008.4,Mumbai_Colaba,18.9067,72.8147
2023-11-08T18:00,27.3,81,1010.1,Mumbai_Colaba,18.9067,72.8147
2023-11-08T19:00,27.3,81,1010.7,Mumbai_Colaba,18.9067,72.8147
2023-11-08T20:00,27.3,81,1011.4,Mumbai_Colaba,18.9067,72.8147
2023-11-08T21:00,27.3,82,1011.9,Mumbai_Colaba,18.9067,72.8147
2023-11-08T22:00,27.2,83,1011.5,Mumbai_Colaba,18.9067,72.8147
2023-11-08T23:00,27.1,85,1011.3,Mumbai_Colaba,18.9067,72.8147
2023-11-09T00:00,27,88,1011,Mumbai_Colaba,18.9067,72.8147
2023-11-09T01:00,26.8,91,1010.5,Mumbai_Colaba,18.9067,72.8147
2023-11-09T02:00,26.6,92,1010,Mumbai_Colaba,18.9067,72.8147
2023-11-09T03:00,26.3,94,1009.9,Mumbai_Colaba,18.9067,72.8147
2023-11-09T04:00,25.9,93,1009.8,Mumbai_Colaba,18.9067,72.8147
2023-11-09T05:00,25.5,98,1009.9,Mumbai_Colaba,18.9067,72.8147
2023-11-09T06:00,26.5,89,1010.9,Mumbai_Colaba,18.9067,72.8147
2023-11-09T07:00,26.6,85,1011.6,Mumbai_Colaba,18.9067,72.8147
2023-11-09T08:00,27.4,79,1012.4,Mumbai_Colaba,18.9067,72.8147
2023-11-09T09:00,29,70,1012.6,Mumbai_Colaba,18.9067,72.8147
2023-11-09T10:00,30,71,1012.3,Mumbai_Colaba,18.9067,72.8147
2023-11-09T11:00,30.5,69,1011.4,Mumbai_Colaba,18.9067,72.8147
2023-11-09T12:00,30.9,67,1010.4,Mumbai_Colaba,18.9067,72.8147
2023-11-09T13:00,30.2,76,1009.3,Mumbai_Colaba,18.9067,72.8147
2023-11-09T14:00,29.2,79,1008.5,Mumbai_Colaba,18.9067,72.8147
2023-11-09T15:00,30.4,69,1008.3,Mumbai_Colaba,18.9067,72.8147
2023-11-09T16:00,30.1,73,1008.7,Mumbai_Colaba,18.9067,72.8147
2023-11-09T17:00,30.1,72,1009.3,Mumbai_Colaba,18.9067,72.8147
2023-11-09T18:00,29.6,75,1009.8,Mumbai_Colaba,18.9067,72.8147
2023-11-09T19:00,29.1,73,1011.3,Mumbai_Colaba,18.9067,72.8147
2023-11-09T20:00,27.9,79,1012.4,Mumbai_Colaba,18.9067,72.8147
2023-11-09T21:00,28.1,78,1012.8,Mumbai_Colaba,18.9067,72.8147
2023-11-09T22:00,27.7,81,1012.8,Mumbai_Colaba,18.9067,72.8147
2023-11-09T23:00,27.6,84,1012.1,Mumbai_Colaba,18.9067,72.8147
2023-11-10T00:00,27.3,87,1011.7,Mumbai_Colaba,18.9067,72.8147
2023-11-10T01:00,26.8,88,1011.2,Mumbai_Colaba,18.9067,72.8147
2023-11-10T02:00,26.1,88,1010.5,Mumbai_Colaba,18.9067,72.8147
2023-11-10T03:00,25.8,87,1010.4,Mumbai_Colaba,18.9067,72.8147
2023-11-10T04:00,25.6,87,1010.4,Mumbai_Colaba,18.9067,72.8147
2023-11-10T05:00,25.5,87,1010.7,Mumbai_Colaba,18.9067,72.8147
2023-11-10T06:00,26.4,87,1011.7,Mumbai_Colaba,18.9067,72.8147
2023-11-10T07:00,26.4,85,1012.7,Mumbai_Colaba,18.9067,72.8147
2023-11-10T08:00,27.5,77,1013.3,Mumbai_Colaba,18.9067,72.8147
2023-11-10T09:00,29,69,1013.7,Mumbai_Colaba,18.9067,72.8147
2023-11-10T10:00,30.1,69,1013.8,Mumbai_Colaba,18.9067,72.8147
2023-11-10T11:00,30.2,70,1013.2,Mumbai_Colaba,18.9067,72.8147
2023-11-10T12:00,29.4,75,1012.1,Mumbai_Colaba,18.9067,72.8147
2023-11-10T13:00,28.3,79,1011.2,Mumbai_Colaba,18.9067,72.8147
2023-11-10T14:00,30.3,65,1010.3,Mumbai_Colaba,18.9067,72.8147
2023-11-10T15:00,29.2,76,1009.7,Mumbai_Colaba,18.9067,72.8147
2023-11-10T16:00,29.8,73,1010.4,Mumbai_Colaba,18.9067,72.8147
2023-11-10T17:00,29.2,71,1011.2,Mumbai_Colaba,18.9067,72.8147
2023-11-10T18:00,29.1,74,1011.9,Mumbai_Colaba,18.9067,72.8147
2023-11-10T19:00,25.9,82,1013.3,Mumbai_Colaba,18.9067,72.8147
2023-11-10T20:00,26.3,85,1013.9,Mumbai_Colaba,18.9067,72.8147
2023-11-10T21:00,26.2,87,1014.2,Mumbai_Colaba,18.9067,72.8147
2023-11-10T22:00,26.1,89,1014.1,Mumbai_Colaba,18.9067,72.8147
2023-11-10T23:00,26.1,90,1013.7,Mumbai_Colaba,18.9067,72.8147
2023-11-11T00:00,26,91,1013,Mumbai_Colaba,18.9067,72.8147
2023-11-11T01:00,25.7,93,1012.5,Mumbai_Colaba,18.9067,72.8147
2023-11-11T02:00,25.4,94,1011.8,Mumbai_Colaba,18.9067,72.8147
2023-11-11T03:00,25.3,94,1011.6,Mumbai_Colaba,18.9067,72.8147
2023-11-11T04:00,25.2,93,1011.5,Mumbai_Colaba,18.9067,72.8147
2023-11-11T05:00,25.1,92,1011.6,Mumbai_Colaba,18.9067,72.8147
2023-11-11T06:00,25.7,92,1012.6,Mumbai_Colaba,18.9067,72.8147
2023-11-11T07:00,26,88,1013.4,Mumbai_Colaba,18.9067,72.8147
2023-11-11T08:00,27.2,80,1014.1,Mumbai_Colaba,18.9067,72.8147
2023-11-11T09:00,29.1,71,1014.6,Mumbai_Colaba,18.9067,72.8147
2023-11-11T10:00,30.8,65,1014.3,Mumbai_Colaba,18.9067,72.8147
2023-11-11T11:00,31.3,66,1013.3,Mumbai_Colaba,18.9067,72.8147
2023-11-11T12:00,31.5,66,1012,Mumbai_Colaba,18.9067,72.8147
2023-11-11T13:00,31.5,68,1010.9,Mumbai_Colaba,18.9067,72.8147
2023-11-11T14:00,30.8,79,1009.9,Mumbai_Colaba,18.9067,72.8147
2023-11-11T15:00,30.6,83,1009.4,Mumbai_Colaba,18.9067,72.8147
2023-11-11T16:00,30.5,83,1009.5,Mumbai_Colaba,18.9067,72.8147
2023-11-11T17:00,30.2,77,1010.2,Mumbai_Colaba,18.9067,72.8147
2023-11-11T18:00,30.3,67,1011.2,Mumbai_Colaba,18.9067,72.8147
2023-11-11T19:00,30.2,69,1011.8,Mumbai_Colaba,18.9067,72.8147
2023-11-11T20:00,30.2,71,1012.6,Mumbai_Colaba,18.9067,72.8147
2023-11-11T21:00,29.7,71,1013,Mumbai_Colaba,18.9067,72.8147
2023-11-11T22:00,29.3,73,1013,Mumbai_Colaba,18.9067,72.8147
2023-11-11T23:00,28.3,75,1013.1,Mumbai_Colaba,18.9067,72.8147
2023-11-12T00:00,27.9,75,1012.4,Mumbai_Colaba,18.9067,72.8147
2023-11-12T01:00,27.3,77,1012,Mumbai_Colaba,18.9067,72.8147
2023-11-12T02:00,26.8,80,1011.5,Mumbai_Colaba,18.9067,72.8147
2023-11-12T03:00,26.2,84,1011.2,Mumbai_Colaba,18.9067,72.8147
2023-11-12T04:00,26,81,1011,Mumbai_Colaba,18.9067,72.8147
2023-11-12T05:00,25.5,79,1011.4,Mumbai_Colaba,18.9067,72.8147
2023-11-12T06:00,27.7,68,1012.3,Mumbai_Colaba,18.9067,72.8147
2023-11-12T07:00,28.8,63,1012.9,Mumbai_Colaba,18.9067,72.8147
2023-11-12T08:00,29.4,61,1013.5,Mumbai_Colaba,18.9067,72.8147
2023-11-12T09:00,30.5,59,1013.9,Mumbai_Colaba,18.9067,72.8147
2023-11-12T10:00,31.4,60,1014,Mumbai_Colaba,18.9067,72.8147
2023-11-12T11:00,31.5,67,1013.2,Mumbai_Colaba,18.9067,72.8147
2023-11-12T12:00,32.7,58,1012,Mumbai_Colaba,18.9067,72.8147
2023-11-12T13:00,32.6,58,1010.9,Mumbai_Colaba,18.9067,72.8147
2023-11-12T14:00,31.4,76,1010.1,Mumbai_Colaba,18.9067,72.8147
2023-11-12T15:00,31.1,77,1009.8,Mumbai_Colaba,18.9067,72.8147
2023-11-12T16:00,30.8,75,1009.9,Mumbai_Colaba,18.9067,72.8147
2023-11-12T17:00,30,81,1010.3,Mumbai_Colaba,18.9067,72.8147
2023-11-12T18:00,29.4,81,1011,Mumbai_Colaba,18.9067,72.8147
2023-11-12T19:00,29.4,76,1011.9,Mumbai_Colaba,18.9067,72.8147
2023-11-12T20:00,29.5,67,1012.8,Mumbai_Colaba,18.9067,72.8147
2023-11-12T21:00,29.4,63,1013,Mumbai_Colaba,18.9067,72.8147
2023-11-12T22:00,28.9,61,1013,Mumbai_Colaba,18.9067,72.8147
2023-11-12T23:00,28.8,64,1012.8,Mumbai_Colaba,18.9067,72.8147
2023-11-13T00:00,28.7,59,1012.3,Mumbai_Colaba,18.9067,72.8147
2023-11-13T01:00,27.4,71,1011.7,Mumbai_Colaba,18.9067,72.8147
2023-11-13T02:00,26.5,79,1011.2,Mumbai_Colaba,18.9067,72.8147
2023-11-13T03:00,25.5,85,1010.8,Mumbai_Colaba,18.9067,72.8147
2023-11-13T04:00,25.6,77,1010.7,Mumbai_Colaba,18.9067,72.8147
2023-11-13T05:00,25.6,72,1010.9,Mumbai_Colaba,18.9067,72.8147
2023-11-13T06:00,26.4,64,1011.6,Mumbai_Colaba,18.9067,72.8147
2023-11-13T07:00,26.8,62,1012.2,Mumbai_Colaba,18.9067,72.8147
2023-11-13T08:00,28.2,55,1012.9,Mumbai_Colaba,18.9067,72.8147
2023-11-13T09:00,30.1,50,1013.4,Mumbai_Colaba,18.9067,72.8147
2023-11-13T10:00,31.5,52,1013.2,Mumbai_Colaba,18.9067,72.8147
2023-11-13T11:00,31.5,64,1012.5,Mumbai_Colaba,18.9067,72.8147
2023-11-13T12:00,31.8,61,1011.3,Mumbai_Colaba,18.9067,72.8147
2023-11-13T13:00,31.3,67,1010.3,Mumbai_Colaba,18.9067,72.8147
2023-11-13T14:00,30.8,69,1009.5,Mumbai_Colaba,18.9067,72.8147
2023-11-13T15:00,30.5,66,1009.2,Mumbai_Colaba,18.9067,72.8147
2023-11-13T16:00,30.6,66,1009.4,Mumbai_Colaba,18.9067,72.8147
2023-11-13T17:00,30.2,67,1009.7,Mumbai_Colaba,18.9067,72.8147
2023-11-13T18:00,29.2,77,1010.6,Mumbai_Colaba,18.9067,72.8147
2023-11-13T19:00,29.2,72,1011.3,Mumbai_Colaba,18.9067,72.8147
2023-11-13T20:00,28.9,73,1012.5,Mumbai_Colaba,18.9067,72.8147
2023-11-13T21:00,28.5,72,1013.2,Mumbai_Colaba,18.9067,72.8147
2023-11-13T22:00,28.3,70,1013,Mumbai_Colaba,18.9067,72.8147
2023-11-13T23:00,28.2,74,1012.7,Mumbai_Colaba,18.9067,72.8147
2023-11-14T00:00,27.8,78,1012,Mumbai_Colaba,18.9067,72.8147
2023-11-14T01:00,26.7,88,1011.4,Mumbai_Colaba,18.9067,72.8147
2023-11-14T02:00,26.7,89,1010.9,Mumbai_Colaba,18.9067,72.8147
2023-11-14T03:00,26,84,1010.4,Mumbai_Colaba,18.9067,72.8147
2023-11-14T04:00,24.7,91,1010.3,Mumbai_Colaba,18.9067,72.8147
2023-11-14T05:00,24.6,93,1010.5,Mumbai_Colaba,18.9067,72.8147
2023-11-14T06:00,24.8,87,1011.6,Mumbai_Colaba,18.9067,72.8147
2023-11-14T07:00,24.5,93,1012.4,Mumbai_Colaba,18.9067,72.8147
2023-11-14T08:00,26.1,71,1013,Mumbai_Colaba,18.9067,72.8147
2023-11-14T09:00,28.4,59,1013.6,Mumbai_Colaba,18.9067,72.8147
2023-11-14T10:00,30.7,52,1013.5,Mumbai_Colaba,18.9067,72.8147
2023-11-14T11:00,31.8,46,1012.5,Mumbai_Colaba,18.9067,72.8147
2023-11-14T12:00,31.1,60,1011.1,Mumbai_Colaba,18.9067,72.8147
2023-11-14T13:00,30.7,65,1009.9,Mumbai_Colaba,18.9067,72.8147
2023-11-14T14:00,30.6,65,1009.1,Mumbai_Colaba,18.9067,72.8147
2023-11-14T15:00,30.7,60,1008.9,Mumbai_Colaba,18.9067,72.8147
2023-11-14T16:00,30.7,62,1008.8,Mumbai_Colaba,18.9067,72.8147
2023-11-14T17:00,30.2,64,1009.2,Mumbai_Colaba,18.9067,72.8147
2023-11-14T18:00,29.8,68,1009.9,Mumbai_Colaba,18.9067,72.8147
2023-11-14T19:00,29.5,73,1010.7,Mumbai_Colaba,18.9067,72.8147
2023-11-14T20:00,29.1,75,1011.4,Mumbai_Colaba,18.9067,72.8147
2023-11-14T21:00,28.2,78,1012.5,Mumbai_Colaba,18.9067,72.8147
2023-11-14T22:00,27.7,73,1012.7,Mumbai_Colaba,18.9067,72.8147
2023-11-14T23:00,27.2,79,1012.2,Mumbai_Colaba,18.9067,72.8147
2023-11-15T00:00,26.4,87,1011.7,Mumbai_Colaba,18.9067,72.8147
2023-11-15T01:00,25.7,94,1011,Mumbai_Colaba,18.9067,72.8147
2023-11-15T02:00,24.9,99,1010.7,Mumbai_Colaba,18.9067,72.8147
2023-11-15T03:00,24.3,97,1010.5,Mumbai_Colaba,18.9067,72.8147
2023-11-15T04:00,24.1,93,1010.4,Mumbai_Colaba,18.9067,72.8147
2023-11-15T05:00,24.1,94,1010.6,Mumbai_Colaba,18.9067,72.8147
2023-11-15T06:00,24.6,91,1011.4,Mumbai_Colaba,18.9067,72.8147
2023-11-15T07:00,24.5,85,1012.4,Mumbai_Colaba,18.9067,72.8147
2023-11-15T08:00,26.6,67,1013,Mumbai_Colaba,18.9067,72.8147
2023-11-15T09:00,29.4,48,1013.3,Mumbai_Colaba,18.9067,72.8147
2023-11-15T10:00,31.2,42,1013.2,Mumbai_Colaba,18.9067,72.8147
2023-11-15T11:00,31.5,49,1012.2,Mumbai_Colaba,18.9067,72.8147
2023-11-15T12:00,33.2,27,1011,Mumbai_Colaba,18.9067,72.8147
2023-11-15T13:00,31.9,46,1009.8,Mumbai_Colaba,18.9067,72.8147
2023-11-15T14:00,30.7,57,1009,Mumbai_Colaba,18.9067,72.8147
2023-11-15T15:00,30.6,55,1008.7,Mumbai_Colaba,18.9067,72.8147
2023-11-15T16:00,30.1,63,1008.7,Mumbai_Colaba,18.9067,72.8147
2023-11-15T17:00,29.9,66,1009.3,Mumbai_Colaba,18.9067,72.8147
2023-11-15T18:00,29.4,67,1009.9,Mumbai_Colaba,18.9067,72.8147
2023-11-15T19:00,29.2,72,1010.8,Mumbai_Colaba,18.9067,72.8147
2023-11-15T20:00,28.7,74,1011.5,Mumbai_Colaba,18.9067,72.8147
2023-11-15T21:00,27.8,77,1012.1,Mumbai_Colaba,18.9067,72.8147
2023-11-15T22:00,27.4,70,1012.3,Mumbai_Colaba,18.9067,72.8147
2023-11-15T23:00,26.9,75,1012.1,Mumbai_Colaba,18.9067,72.8147
2023-11-16T00:00,26.2,82,1011.6,Mumbai_Colaba,18.9067,72.8147
2023-11-16T01:00,25.9,82,1010.9,Mumbai_Colaba,18.9067,72.8147
2023-11-16T02:00,25.2,86,1010.3,Mumbai_Colaba,18.9067,72.8147
2023-11-16T03:00,24.5,89,1010,Mumbai_Colaba,18.9067,72.8147
2023-11-16T04:00,23.9,88,1010,Mumbai_Colaba,18.9067,72.8147
2023-11-16T05:00,24,88,1010.2,Mumbai_Colaba,18.9067,72.8147
2023-11-16T06:00,23.5,91,1010.9,Mumbai_Colaba,18.9067,72.8147
2023-11-16T07:00,23.7,86,1011.9,Mumbai_Colaba,18.9067,72.8147
2023-11-16T08:00,25.4,72,1012.7,Mumbai_Colaba,18.9067,72.8147
2023-11-16T09:00,28,53,1013.4,Mumbai_Colaba,18.9067,72.8147
2023-11-16T10:00,30.3,43,1013.3,Mumbai_Colaba,18.9067,72.8147
2023-11-16T11:00,30.8,57,1012.3,Mumbai_Colaba,18.9067,72.8147
2023-11-16T12:00,30.9,62,1011.2,Mumbai_Colaba,18.9067,72.8147
2023-11-16T13:00,31.2,52,1010.2,Mumbai_Colaba,18.9067,72.8147
2023-11-16T14:00,30.5,59,1009.4,Mumbai_Colaba,18.9067,72.8147
2023-11-16T15:00,30.4,61,1008.9,Mumbai_Colaba,18.9067,72.8147
2023-11-16T16:00,30.5,58,1008.9,Mumbai_Colaba,18.9067,72.8147
2023-11-16T17:00,29.8,67,1009.5,Mumbai_Colaba,18.9067,72.8147
2023-11-16T18:00,29.1,69,1010.6,Mumbai_Colaba,18.9067,72.8147
2023-11-16T19:00,28.9,70,1011.5,Mumbai_Colaba,18.9067,72.8147
2023-11-16T20:00,28.7,69,1012.2,Mumbai_Colaba,18.9067,72.8147
2023-11-16T21:00,28,70,1012.7,Mumbai_Colaba,18.9067,72.8147
2023-11-16T22:00,27.3,69,1013,Mumbai_Colaba,18.9067,72.8147
2023-11-16T23:00,26.7,70,1012.8,Mumbai_Colaba,18.9067,72.8147
2023-11-17T00:00,26.4,68,1012.4,Mumbai_Colaba,18.9067,72.8147
2023-11-17T01:00,25.8,77,1011.8,Mumbai_Colaba,18.9067,72.8147
2023-11-17T02:00,25.2,83,1011,Mumbai_Colaba,18.9067,72.8147
2023-11-17T03:00,24.7,89,1010.6,Mumbai_Colaba,18.9067,72.8147
2023-11-17T04:00,24.4,85,1010.4,Mumbai_Colaba,18.9067,72.8147
2023-11-17T05:00,24.1,85,1010.8,Mumbai_Colaba,18.9067,72.8147
2023-11-17T06:00,25.1,66,1011.7,Mumbai_Colaba,18.9067,72.8147
2023-11-17T07:00,25,67,1012.3,Mumbai_Colaba,18.9067,72.8147
2023-11-17T08:00,26.2,60,1012.8,Mumbai_Colaba,18.9067,72.8147
2023-11-17T09:00,28.2,52,1013,Mumbai_Colaba,18.9067,72.8147
2023-11-17T10:00,30.3,49,1012.7,Mumbai_Colaba,18.9067,72.8147
2023-11-17T11:00,31.4,48,1011.7,Mumbai_Colaba,18.9067,72.8147
2023-11-17T12:00,31.1,58,1010.8,Mumbai_Colaba,18.9067,72.8147
2023-11-17T13:00,31.5,54,1009.7,Mumbai_Colaba,18.9067,72.8147
2023-11-17T14:00,31.2,57,1009.2,Mumbai_Colaba,18.9067,72.8147
2023-11-17T15:00,30.6,62,1008.6,Mumbai_Colaba,18.9067,72.8147
2023-11-17T16:00,30.2,68,1008.8,Mumbai_Colaba,18.9067,72.8147
2023-11-17T17:00,29.7,68,1009.1,Mumbai_Colaba,18.9067,72.8147
2023-11-17T18:00,29,69,1009.8,Mumbai_Colaba,18.9067,72.8147
2023-11-17T19:00,28.7,75,1010.6,Mumbai_Colaba,18.9067,72.8147
2023-11-17T20:00,28.5,75,1011.2,Mumbai_Colaba,18.9067,72.8147
2023-11-17T21:00,27.9,72,1011.9,Mumbai_Colaba,18.9067,72.8147
2023-11-17T22:00,27.4,66,1012,Mumbai_Colaba,18.9067,72.8147
2023-11-17T23:00,27,64,1011.6,Mumbai_Colaba,18.9067,72.8147
2023-11-18T00:00,26.8,64,1010.9,Mumbai_Colaba,18.9067,72.8147
2023-11-18T01:00,25.6,81,1010.4,Mumbai_Colaba,18.9067,72.8147
2023-11-18T02:00,24.9,86,1009.8,Mumbai_Colaba,18.9067,72.8147
2023-11-18T03:00,24.5,92,1009.5,Mumbai_Colaba,18.9067,72.8147
2023-11-18T04:00,23.9,95,1009.4,Mumbai_Colaba,18.9067,72.8147
2023-11-18T05:00,23.2,98,1009.8,Mumbai_Colaba,18.9067,72.8147
2023-11-18T06:00,22.8,100,1010.8,Mumbai_Colaba,18.9067,72.8147
2023-11-18T07:00,22.7,97,1011.5,Mumbai_Colaba,18.9067,72.8147
2023-11-18T08:00,24.8,69,1012.1,Mumbai_Colaba,18.9067,72.8147
2023-11-18T09:00,27.4,55,1012.6,Mumbai_Colaba,18.9067,72.8147
2023-11-18T10:00,29.7,48,1012.3,Mumbai_Colaba,18.9067,72.8147
2023-11-18T11:00,30.3,64,1011.5,Mumbai_Colaba,18.9067,72.8147
2023-11-18T12:00,30.9,58,1010.4,Mumbai_Colaba,18.9067,72.8147
2023-11-18T13:00,30.6,59,1009.4,Mumbai_Colaba,18.9067,72.8147
2023-11-18T14:00,30.2,59,1008.8,Mumbai_Colaba,18.9067,72.8147
2023-11-18T15:00,29.9,62,1008.5,Mumbai_Colaba,18.9067,72.8147
2023-11-18T16:00,29.7,64,1008.6,Mumbai_Colaba,18.9067,72.8147
2023-11-18T17:00,29.3,68,1009.1,Mumbai_Colaba,18.9067,72.8147
2023-11-18T18:00,28.9,68,1009.7,Mumbai_Colaba,18.9067,72.8147
2023-11-18T19:00,28.8,70,1010.5,Mumbai_Colaba,18.9067,72.8147
2023-11-18T20:00,28.7,70,1011.1,Mumbai_Colaba,18.9067,72.8147
2023-11-18T21:00,27.8,76,1011.4,Mumbai_Colaba,18.9067,72.8147
2023-11-18T22:00,26.9,80,1011.6,Mumbai_Colaba,18.9067,72.8147
2023-11-18T23:00,26.1,79,1011.3,Mumbai_Colaba,18.9067,72.8147
2023-11-19T00:00,25.8,84,1011,Mumbai_Colaba,18.9067,72.8147
2023-11-19T01:00,25.2,90,1010.5,Mumbai_Colaba,18.9067,72.8147
2023-11-19T02:00,24.4,91,1010,Mumbai_Colaba,18.9067,72.8147
2023-11-19T03:00,24.4,92,1009.8,Mumbai_Colaba,18.9067,72.8147
2023-11-19T04:00,23.8,94,1010.1,Mumbai_Colaba,18.9067,72.8147
2023-11-19T05:00,24.1,84,1010.4,Mumbai_Colaba,18.9067,72.8147
2023-11-19T06:00,24.1,89,1010.6,Mumbai_Colaba,18.9067,72.8147
2023-11-19T07:00,24.1,86,1011.3,Mumbai_Colaba,18.9067,72.8147
2023-11-19T08:00,25.6,76,1011.8,Mumbai_Colaba,18.9067,72.8147
2023-11-19T09:00,28.1,61,1012.1,Mumbai_Colaba,18.9067,72.8147
2023-11-19T10:00,30.1,55,1011.9,Mumbai_Colaba,18.9067,72.8147
2023-11-19T11:00,30.2,66,1011.1,Mumbai_Colaba,18.9067,72.8147
2023-11-19T12:00,29.8,68,1010.2,Mumbai_Colaba,18.9067,72.8147
2023-11-19T13:00,29.2,70,1009.2,Mumbai_Colaba,18.9067,72.8147
2023-11-19T14:00,29.2,68,1008.6,Mumbai_Colaba,18.9067,72.8147
2023-11-19T15:00,29.6,67,1008.6,Mumbai_Colaba,18.9067,72.8147
2023-11-19T16:00,29.3,70,1008.6,Mumbai_Colaba,18.9067,72.8147
2023-11-19T17:00,28.8,76,1009.1,Mumbai_Colaba,18.9067,72.8147
2023-11-19T18:00,28.8,76,1009.7,Mumbai_Colaba,18.9067,72.8147
2023-11-19T19:00,28.8,74,1010.6,Mumbai_Colaba,18.9067,72.8147
2023-11-19T20:00,28.7,70,1011.3,Mumbai_Colaba,18.9067,72.8147
2023-11-19T21:00,28.4,65,1011.7,Mumbai_Colaba,18.9067,72.8147
2023-11-19T22:00,28,62,1011.5,Mumbai_Colaba,18.9067,72.8147
2023-11-19T23:00,27.5,65,1011.2,Mumbai_Colaba,18.9067,72.8147
2023-11-20T00:00,27.1,66,1010.9,Mumbai_Colaba,18.9067,72.8147
2023-11-20T01:00,27,66,1010.4,Mumbai_Colaba,18.9067,72.8147
2023-11-20T02:00,26.9,67,1009.8,Mumbai_Colaba,18.9067,72.8147
2023-11-20T03:00,26.5,69,1009.7,Mumbai_Colaba,18.9067,72.8147
2023-11-20T04:00,25.8,78,1009.7,Mumbai_Colaba,18.9067,72.8147
2023-11-20T05:00,25.4,82,1010,Mumbai_Colaba,18.9067,72.8147
2023-11-20T06:00,25.2,83,1010.9,Mumbai_Colaba,18.9067,72.8147
2023-11-20T07:00,25.3,79,1011.8,Mumbai_Colaba,18.9067,72.8147
2023-11-20T08:00,27.4,69,1012.5,Mumbai_Colaba,18.9067,72.8147
2023-11-20T09:00,30.2,57,1012.8,Mumbai_Colaba,18.9067,72.8147
2023-11-20T10:00,31.6,53,1012.6,Mumbai_Colaba,18.9067,72.8147
2023-11-20T11:00,31.8,57,1011.9,Mumbai_Colaba,18.9067,72.8147
2023-11-20T12:00,31.4,61,1010.7,Mumbai_Colaba,18.9067,72.8147
2023-11-20T13:00,30.2,75,1009.6,Mumbai_Colaba,18.9067,72.8147
2023-11-20T14:00,29.9,72,1008.9,Mumbai_Colaba,18.9067,72.8147
2023-11-20T15:00,29.8,74,1008.6,Mumbai_Colaba,18.9067,72.8147
2023-11-20T16:00,29.7,75,1008.6,Mumbai_Colaba,18.9067,72.8147
2023-11-20T17:00,29.7,75,1009,Mumbai_Colaba,18.9067,72.8147
2023-11-20T18:00,29,76,1009.9,Mumbai_Colaba,18.9067,72.8147
2023-11-20T19:00,29,76,1010.9,Mumbai_Colaba,18.9067,72.8147
2023-11-20T20:00,28.9,74,1011.6,Mumbai_Colaba,18.9067,72.8147
2023-11-20T21:00,28.9,70,1012,Mumbai_Colaba,18.9067,72.8147
2023-11-20T22:00,29,67,1012.1,Mumbai_Colaba,18.9067,72.8147
2023-11-20T23:00,28.8,68,1011.7,Mumbai_Colaba,18.9067,72.8147
2023-11-21T00:00,28.8,69,1011.3,Mumbai_Colaba,18.9067,72.8147
2023-11-21T01:00,28.7,67,1010.9,Mumbai_Colaba,18.9067,72.8147
2023-11-21T02:00,28.1,70,1010.4,Mumbai_Colaba,18.9067,72.8147
2023-11-21T03:00,27.3,76,1010.1,Mumbai_Colaba,18.9067,72.8147
2023-11-21T04:00,26.3,88,1010.1,Mumbai_Colaba,18.9067,72.8147
2023-11-21T05:00,25.8,88,1010.4,Mumbai_Colaba,18.9067,72.8147
2023-11-21T06:00,25.5,88,1011.2,Mumbai_Colaba,18.9067,72.8147
2023-11-21T07:00,25.8,78,1012,Mumbai_Colaba,18.9067,72.8147
2023-11-21T08:00,27.5,67,1012.6,Mumbai_Colaba,18.9067,72.8147
2023-11-21T09:00,29.4,53,1013,Mumbai_Colaba,18.9067,72.8147
2023-11-21T10:00,30.4,57,1012.4,Mumbai_Colaba,18.9067,72.8147
2023-11-21T11:00,30.7,65,1011.5,Mumbai_Colaba,18.9067,72.8147
2023-11-21T12:00,31,62,1010.3,Mumbai_Colaba,18.9067,72.8147
2023-11-21T13:00,30.6,64,1009,Mumbai_Colaba,18.9067,72.8147
2023-11-21T14:00,30.4,68,1008.2,Mumbai_Colaba,18.9067,72.8147
2023-11-21T15:00,30.1,75,1007.9,Mumbai_Colaba,18.9067,72.8147
2023-11-21T16:00,30,75,1007.7,Mumbai_Colaba,18.9067,72.8147
2023-11-21T17:00,29.1,75,1008.3,Mumbai_Colaba,18.9067,72.8147
2023-11-21T18:00,29.2,74,1009.3,Mumbai_Colaba,18.9067,72.8147
2023-11-21T19:00,29,70,1010.1,Mumbai_Colaba,18.9067,72.8147
2023-11-21T20:00,28.9,72,1010.6,Mumbai_Colaba,18.9067,72.8147
2023-11-21T21:00,28.9,65,1010.9,Mumbai_Colaba,18.9067,72.8147
2023-11-21T22:00,28.4,61,1011.3,Mumbai_Colaba,18.9067,72.8147
2023-11-21T23:00,27.7,63,1010.9,Mumbai_Colaba,18.9067,72.8147
2023-11-22T00:00,26.9,69,1010.4,Mumbai_Colaba,18.9067,72.8147
2023-11-22T01:00,26.6,66,1009.8,Mumbai_Colaba,18.9067,72.8147
2023-11-22T02:00,25.7,73,1009.4,Mumbai_Colaba,18.9067,72.8147
2023-11-22T03:00,25,77,1009.1,Mumbai_Colaba,18.9067,72.8147
2023-11-22T04:00,24.7,73,1009.1,Mumbai_Colaba,18.9067,72.8147
2023-11-22T05:00,24.4,73,1009.5,Mumbai_Colaba,18.9067,72.8147
2023-11-22T06:00,24.8,73,1010.7,Mumbai_Colaba,18.9067,72.8147
2023-11-22T07:00,24.8,73,1011.4,Mumbai_Colaba,18.9067,72.8147
2023-11-22T08:00,26.1,67,1012.1,Mumbai_Colaba,18.9067,72.8147
2023-11-22T09:00,28.3,55,1012.4,Mumbai_Colaba,18.9067,72.8147
2023-11-22T10:00,30.2,51,1011.9,Mumbai_Colaba,18.9067,72.8147
2023-11-22T11:00,31,53,1010.8,Mumbai_Colaba,18.9067,72.8147
2023-11-22T12:00,31.3,53,1009.6,Mumbai_Colaba,18.9067,72.8147
2023-11-22T13:00,31.1,57,1008.4,Mumbai_Colaba,18.9067,72.8147
2023-11-22T14:00,30.1,67,1007.7,Mumbai_Colaba,18.9067,72.8147
2023-11-22T15:00,29.7,69,1007.2,Mumbai_Colaba,18.9067,72.8147
2023-11-22T16:00,29.2,71,1007.4,Mumbai_Colaba,18.9067,72.8147
2023-11-22T17:00,29.2,69,1007.9,Mumbai_Colaba,18.9067,72.8147
2023-11-22T18:00,28.8,71,1008.8,Mumbai_Colaba,18.9067,72.8147
2023-11-22T19:00,28.8,69,1009.6,Mumbai_Colaba,18.9067,72.8147
2023-11-22T20:00,28.7,64,1010.1,Mumbai_Colaba,18.9067,72.8147
2023-11-22T21:00,28.1,63,1010.6,Mumbai_Colaba,18.9067,72.8147
2023-11-22T22:00,27.4,65,1010.7,Mumbai_Colaba,18.9067,72.8147
2023-11-22T23:00,27,64,1010.2,Mumbai_Colaba,18.9067,72.8147
2023-11-23T00:00,26.7,64,1009.7,Mumbai_Colaba,18.9067,72.8147
2023-11-23T01:00,26.2,66,1009,Mumbai_Colaba,18.9067,72.8147
2023-11-23T02:00,25.1,82,1008.4,Mumbai_Colaba,18.9067,72.8147
2023-11-23T03:00,24.6,88,1008,Mumbai_Colaba,18.9067,72.8147
2023-11-23T04:00,24.4,80,1008,Mumbai_Colaba,18.9067,72.8147
2023-11-23T05:00,23.8,82,1008.3,Mumbai_Colaba,18.9067,72.8147
2023-11-23T06:00,23.5,84,1009,Mumbai_Colaba,18.9067,72.8147
2023-11-23T07:00,23.3,84,1009.7,Mumbai_Colaba,18.9067,72.8147
2023-11-23T08:00,24.4,76,1010.1,Mumbai_Colaba,18.9067,72.8147
2023-11-23T09:00,26.4,65,1010.6,Mumbai_Colaba,18.9067,72.8147
2023-11-23T10:00,28.5,57,1010.3,Mumbai_Colaba,18.9067,72.8147
2023-11-23T11:00,30,58,1009.2,Mumbai_Colaba,18.9067,72.8147
2023-11-23T12:00,30.1,60,1008,Mumbai_Colaba,18.9067,72.8147
2023-11-23T13:00,29.6,70,1006.9,Mumbai_Colaba,18.9067,72.8147
2023-11-23T14:00,29.4,71,1006.1,Mumbai_Colaba,18.9067,72.8147
2023-11-23T15:00,29.4,70,1005.6,Mumbai_Colaba,18.9067,72.8147
2023-11-23T16:00,29.4,70,1005.5,Mumbai_Colaba,18.9067,72.8147
2023-11-23T17:00,29.2,73,1005.8,Mumbai_Colaba,18.9067,72.8147
2023-11-23T18:00,28.7,74,1006.6,Mumbai_Colaba,18.9067,72.8147
2023-11-23T19:00,28.6,73,1007.3,Mumbai_Colaba,18.9067,72.8147
2023-11-23T20:00,28.3,69,1008,Mumbai_Colaba,18.9067,72.8147
2023-11-23T21:00,27.9,65,1008.7,Mumbai_Colaba,18.9067,72.8147
2023-11-23T22:00,27.3,66,1008.5,Mumbai_Colaba,18.9067,72.8147
2023-11-23T23:00,27.1,67,1008.1,Mumbai_Colaba,18.9067,72.8147
2023-11-24T00:00,26.5,73,1007.7,Mumbai_Colaba,18.9067,72.8147
2023-11-24T01:00,26,80,1007.1,Mumbai_Colaba,18.9067,72.8147
2023-11-24T02:00,25.5,84,1006.6,Mumbai_Colaba,18.9067,72.8147
2023-11-24T03:00,24.7,88,1006.4,Mumbai_Colaba,18.9067,72.8147
2023-11-24T04:00,24.5,85,1006.4,Mumbai_Colaba,18.9067,72.8147
2023-11-24T05:00,24.2,85,1006.7,Mumbai_Colaba,18.9067,72.8147
2023-11-24T06:00,24.2,85,1007.8,Mumbai_Colaba,18.9067,72.8147
2023-11-24T07:00,24.4,81,1008.5,Mumbai_Colaba,18.9067,72.8147
2023-11-24T08:00,26.2,71,1009.2,Mumbai_Colaba,18.9067,72.8147
2023-11-24T09:00,28.6,63,1009.8,Mumbai_Colaba,18.9067,72.8147
2023-11-24T10:00,30.3,63,1009.9,Mumbai_Colaba,18.9067,72.8147
2023-11-24T11:00,30.6,67,1009.1,Mumbai_Colaba,18.9067,72.8147
2023-11-24T12:00,31.2,61,1008.2,Mumbai_Colaba,18.9067,72.8147
2023-11-24T13:00,30.1,76,1007,Mumbai_Colaba,18.9067,72.8147
2023-11-24T14:00,29.7,78,1006.3,Mumbai_Colaba,18.9067,72.8147
2023-11-24T15:00,29.7,76,1005.9,Mumbai_Colaba,18.9067,72.8147
2023-11-24T16:00,29.8,77,1005.7,Mumbai_Colaba,18.9067,72.8147
2023-11-24T17:00,29.7,78,1006.3,Mumbai_Colaba,18.9067,72.8147
2023-11-24T18:00,29.1,82,1008,Mumbai_Colaba,18.9067,72.8147
2023-11-24T19:00,29.2,79,1008.9,Mumbai_Colaba,18.9067,72.8147
2023-11-24T20:00,29.4,67,1009.7,Mumbai_Colaba,18.9067,72.8147
2023-11-24T21:00,29.2,59,1010.2,Mumbai_Colaba,18.9067,72.8147
2023-11-24T22:00,28.2,65,1010.4,Mumbai_Colaba,18.9067,72.8147
2023-11-24T23:00,27.3,70,1010.1,Mumbai_Colaba,18.9067,72.8147
2023-11-25T00:00,26.1,75,1009.5,Mumbai_Colaba,18.9067,72.8147
2023-11-25T01:00,25.6,76,1009.2,Mumbai_Colaba,18.9067,72.8147
2023-11-25T02:00,25.2,77,1009,Mumbai_Colaba,18.9067,72.8147
2023-11-25T03:00,24.9,78,1008.9,Mumbai_Colaba,18.9067,72.8147
2023-11-25T04:00,24.8,76,1008.9,Mumbai_Colaba,18.9067,72.8147
2023-11-25T05:00,25,74,1009,Mumbai_Colaba,18.9067,72.8147
2023-11-25T06:00,26.6,72,1009.9,Mumbai_Colaba,18.9067,72.8147
2023-11-25T07:00,26.8,72,1010.7,Mumbai_Colaba,18.9067,72.8147
2023-11-25T08:00,27.8,66,1011.3,Mumbai_Colaba,18.9067,72.8147
2023-11-25T09:00,29.2,62,1011.9,Mumbai_Colaba,18.9067,72.8147
2023-11-25T10:00,30.1,66,1012,Mumbai_Colaba,18.9067,72.8147
2023-11-25T11:00,30.4,67,1011.1,Mumbai_Colaba,18.9067,72.8147
2023-11-25T12:00,30.6,68,1009.5,Mumbai_Colaba,18.9067,72.8147
2023-11-25T13:00,30.8,64,1008.5,Mumbai_Colaba,18.9067,72.8147
2023-11-25T14:00,29.3,77,1008,Mumbai_Colaba,18.9067,72.8147
2023-11-25T15:00,29.1,77,1008,Mumbai_Colaba,18.9067,72.8147
2023-11-25T16:00,29.6,75,1008.1,Mumbai_Colaba,18.9067,72.8147
2023-11-25T17:00,29.4,78,1008.5,Mumbai_Colaba,18.9067,72.8147
2023-11-25T18:00,28.8,88,1009.3,Mumbai_Colaba,18.9067,72.8147
2023-11-25T19:00,28.7,89,1010.2,Mumbai_Colaba,18.9067,72.8147
2023-11-25T20:00,28.6,89,1010.9,Mumbai_Colaba,18.9067,72.8147
2023-11-25T21:00,28.5,89,1011.5,Mumbai_Colaba,18.9067,72.8147
2023-11-25T22:00,28.3,89,1011.7,Mumbai_Colaba,18.9067,72.8147
2023-11-25T23:00,28.2,87,1011.3,Mumbai_Colaba,18.9067,72.8147
2023-11-26T00:00,28.2,84,1010.8,Mumbai_Colaba,18.9067,72.8147
2023-11-26T01:00,28.1,84,1010.5,Mumbai_Colaba,18.9067,72.8147
2023-11-26T02:00,27.2,89,1010.2,Mumbai_Colaba,18.9067,72.8147
2023-11-26T03:00,26.5,90,1009.9,Mumbai_Colaba,18.9067,72.8147
2023-11-26T04:00,26.4,89,1009.8,Mumbai_Colaba,18.9067,72.8147
2023-11-26T05:00,26.4,90,1010,Mumbai_Colaba,18.9067,72.8147
2023-11-26T06:00,26.6,89,1010.5,Mumbai_Colaba,18.9067,72.8147
2023-11-26T07:00,26.2,92,1011.3,Mumbai_Colaba,18.9067,72.8147
2023-11-26T08:00,26.8,81,1011.7,Mumbai_Colaba,18.9067,72.8147
2023-11-26T09:00,29,68,1012.6,Mumbai_Colaba,18.9067,72.8147
2023-11-26T10:00,29.5,64,1012.3,Mumbai_Colaba,18.9067,72.8147
2023-11-26T11:00,29.9,65,1011.5,Mumbai_Colaba,18.9067,72.8147
2023-11-26T12:00,29.4,71,1010.2,Mumbai_Colaba,18.9067,72.8147
2023-11-26T13:00,29,76,1009.4,Mumbai_Colaba,18.9067,72.8147
2023-11-26T14:00,29,74,1008.8,Mumbai_Colaba,18.9067,72.8147
2023-11-26T15:00,29,75,1008.2,Mumbai_Colaba,18.9067,72.8147
2023-11-26T16:00,28.3,76,1008.3,Mumbai_Colaba,18.9067,72.8147
2023-11-26T17:00,28.2,78,1008.4,Mumbai_Colaba,18.9067,72.8147
2023-11-26T18:00,28.1,79,1008.8,Mumbai_Colaba,18.9067,72.8147
2023-11-26T19:00,27.7,84,1009.8,Mumbai_Colaba,18.9067,72.8147
2023-11-26T20:00,26,87,1010.9,Mumbai_Colaba,18.9067,72.8147
2023-11-26T21:00,24.6,85,1011.3,Mumbai_Colaba,18.9067,72.8147
2023-11-26T22:00,25,81,1011.6,Mumbai_Colaba,18.9067,72.8147
2023-11-26T23:00,25.3,83,1010.9,Mumbai_Colaba,18.9067,72.8147
2023-11-27T00:00,25.5,85,1010.9,Mumbai_Colaba,18.9067,72.8147
2023-11-27T01:00,25.1,85,1010.7,Mumbai_Colaba,18.9067,72.8147
2023-11-27T02:00,24.9,86,1009.9,Mumbai_Colaba,18.9067,72.8147
2023-11-27T03:00,24.3,90,1009.4,Mumbai_Colaba,18.9067,72.8147
2023-11-27T04:00,24.1,90,1009.4,Mumbai_Colaba,18.9067,72.8147
2023-11-27T05:00,24,89,1009.5,Mumbai_Colaba,18.9067,72.8147
2023-11-27T06:00,24.6,95,1009.9,Mumbai_Colaba,18.9067,72.8147
2023-11-27T07:00,24.8,92,1010.5,Mumbai_Colaba,18.9067,72.8147
2023-11-27T08:00,25.5,87,1011.3,Mumbai_Colaba,18.9067,72.8147
2023-11-27T09:00,26.2,81,1012,Mumbai_Colaba,18.9067,72.8147
2023-11-27T10:00,26.9,76,1012.2,Mumbai_Colaba,18.9067,72.8147
2023-11-27T11:00,27.4,71,1011.2,Mumbai_Colaba,18.9067,72.8147
2023-11-27T12:00,27.9,68,1009.9,Mumbai_Colaba,18.9067,72.8147
2023-11-27T13:00,27.4,73,1008.6,Mumbai_Colaba,18.9067,72.8147
2023-11-27T14:00,27.9,69,1007.6,Mumbai_Colaba,18.9067,72.8147
2023-11-27T15:00,28.2,68,1007.4,Mumbai_Colaba,18.9067,72.8147
2023-11-27T16:00,28,71,1007.4,Mumbai_Colaba,18.9067,72.8147
2023-11-27T17:00,27.4,78,1007.8,Mumbai_Colaba,18.9067,72.8147
2023-11-27T18:00,27.9,77,1008.3,Mumbai_Colaba,18.9067,72.8147
2023-11-27T19:00,27.5,79,1009.2,Mumbai_Colaba,18.9067,72.8147
2023-11-27T20:00,26.9,82,1010.3,Mumbai_Colaba,18.9067,72.8147
2023-11-27T21:00,26.6,80,1010.6,Mumbai_Colaba,18.9067,72.8147
2023-11-27T22:00,26.3,80,1010.5,Mumbai_Colaba,18.9067,72.8147
2023-11-27T23:00,26,82,1010.1,Mumbai_Colaba,18.9067,72.8147
2023-11-28T00:00,25.7,83,1009.7,Mumbai_Colaba,18.9067,72.8147
2023-11-28T01:00,25.4,85,1009.2,Mumbai_Colaba,18.9067,72.8147
2023-11-28T02:00,25.1,88,1008.8,Mumbai_Colaba,18.9067,72.8147
2023-11-28T03:00,24.9,89,1008.3,Mumbai_Colaba,18.9067,72.8147
2023-11-28T04:00,24.9,90,1008.2,Mumbai_Colaba,18.9067,72.8147
2023-11-28T05:00,24.6,92,1008.4,Mumbai_Colaba,18.9067,72.8147
2023-11-28T06:00,25.3,86,1009.4,Mumbai_Colaba,18.9067,72.8147
2023-11-28T07:00,25,89,1009.8,Mumbai_Colaba,18.9067,72.8147
2023-11-28T08:00,25.3,85,1010.4,Mumbai_Colaba,18.9067,72.8147
2023-11-28T09:00,25.9,78,1011,Mumbai_Colaba,18.9067,72.8147
2023-11-28T10:00,26.7,72,1010.8,Mumbai_Colaba,18.9067,72.8147
2023-11-28T11:00,27.3,68,1010.1,Mumbai_Colaba,18.9067,72.8147
2023-11-28T12:00,27.5,67,1009.1,Mumbai_Colaba,18.9067,72.8147
2023-11-28T13:00,27.5,69,1008.1,Mumbai_Colaba,18.9067,72.8147
2023-11-28T14:00,27.3,70,1007.4,Mumbai_Colaba,18.9067,72.8147
2023-11-28T15:00,27.3,71,1007,Mumbai_Colaba,18.9067,72.8147
2023-11-28T16:00,27.2,72,1006.8,Mumbai_Colaba,18.9067,72.8147
2023-11-28T17:00,27.2,72,1007.2,Mumbai_Colaba,18.9067,72.8147
2023-11-28T18:00,27.2,72,1007.7,Mumbai_Colaba,18.9067,72.8147
2023-11-28T19:00,27.2,71,1008.6,Mumbai_Colaba,18.9067,72.8147
2023-11-28T20:00,26.8,75,1009.1,Mumbai_Colaba,18.9067,72.8147
2023-11-28T21:00,26.3,76,1009.7,Mumbai_Colaba,18.9067,72.8147
2023-11-28T22:00,25.7,76,1009.9,Mumbai_Colaba,18.9067,72.8147
2023-11-28T23:00,25.2,78,1009.7,Mumbai_Colaba,18.9067,72.8147
2023-11-29T00:00,24.9,80,1009.2,Mumbai_Colaba,18.9067,72.8147
2023-11-29T01:00,24.8,74,1008.8,Mumbai_Colaba,18.9067,72.8147
2023-11-29T02:00,24.5,75,1008.5,Mumbai_Colaba,18.9067,72.8147
2023-11-29T03:00,23.9,86,1008.2,Mumbai_Colaba,18.9067,72.8147
2023-11-29T04:00,23.7,84,1008.1,Mumbai_Colaba,18.9067,72.8147
2023-11-29T05:00,23.1,100,1008.5,Mumbai_Colaba,18.9067,72.8147
2023-11-29T06:00,23,100,1009.9,Mumbai_Colaba,18.9067,72.8147
2023-11-29T07:00,22.7,100,1010.7,Mumbai_Colaba,18.9067,72.8147
2023-11-29T08:00,23.3,94,1011.4,Mumbai_Colaba,18.9067,72.8147
2023-11-29T09:00,25,76,1012.1,Mumbai_Colaba,18.9067,72.8147
2023-11-29T10:00,26,69,1012,Mumbai_Colaba,18.9067,72.8147
2023-11-29T11:00,26.4,70,1011,Mumbai_Colaba,18.9067,72.8147
2023-11-29T12:00,26.5,71,1010.1,Mumbai_Colaba,18.9067,72.8147
2023-11-29T13:00,26.7,69,1009,Mumbai_Colaba,18.9067,72.8147
2023-11-29T14:00,26.7,71,1008.3,Mumbai_Colaba,18.9067,72.8147
2023-11-29T15:00,26.8,72,1008.1,Mumbai_Colaba,18.9067,72.8147
2023-11-29T16:00,26.7,72,1008.1,Mumbai_Colaba,18.9067,72.8147
2023-11-29T17:00,26.6,73,1008.5,Mumbai_Colaba,18.9067,72.8147
2023-11-29T18:00,26.5,73,1009.3,Mumbai_Colaba,18.9067,72.8147
2023-11-29T19:00,26.4,73,1010.3,Mumbai_Colaba,18.9067,72.8147
2023-11-29T20:00,26,76,1011.1,Mumbai_Colaba,18.9067,72.8147
2023-11-29T21:00,25.6,79,1011.4,Mumbai_Colaba,18.9067,72.8147
2023-11-29T22:00,24.8,85,1011.6,Mumbai_Colaba,18.9067,72.8147
2023-11-29T23:00,24.1,88,1011.4,Mumbai_Colaba,18.9067,72.8147
2023-11-30T00:00,23.8,89,1010.9,Mumbai_Colaba,18.9067,72.8147
2023-11-30T01:00,23.6,91,1010.2,Mumbai_Colaba,18.9067,72.8147
2023-11-30T02:00,23.1,96,1009.9,Mumbai_Colaba,18.9067,72.8147
2023-11-30T03:00,22.5,100,1009.5,Mumbai_Colaba,18.9067,72.8147
2023-11-30T04:00,22.6,100,1009.4,Mumbai_Colaba,18.9067,72.8147
2023-11-30T05:00,22.5,99,1009.7,Mumbai_Colaba,18.9067,72.8147
2023-11-30T06:00,23,98,1010.5,Mumbai_Colaba,18.9067,72.8147
2023-11-30T07:00,23.1,97,1011.1,Mumbai_Colaba,18.9067,72.8147
2023-11-30T08:00,23.6,91,1011.6,Mumbai_Colaba,18.9067,72.8147
2023-11-30T09:00,24.8,83,1012,Mumbai_Colaba,18.9067,72.8147
2023-11-30T10:00,26,75,1012,Mumbai_Colaba,18.9067,72.8147
2023-11-30T11:00,26.8,69,1011.4,Mumbai_Colaba,18.9067,72.8147
2023-11-30T12:00,27.2,69,1010.4,Mumbai_Colaba,18.9067,72.8147
2023-11-30T13:00,27.3,69,1009.3,Mumbai_Colaba,18.9067,72.8147
2023-11-30T14:00,27.4,69,1008.5,Mumbai_Colaba,18.9067,72.8147
2023-11-30T15:00,27.3,73,1008.4,Mumbai_Colaba,18.9067,72.8147
2023-11-30T16:00,27.1,75,1008.5,Mumbai_Colaba,18.9067,72.8147
2023-11-30T17:00,27,76,1009.1,Mumbai_Colaba,18.9067,72.8147
2023-11-30T18:00,26.9,76,1009.6,Mumbai_Colaba,18.9067,72.8147
2023-11-30T19:00,26.8,76,1010.3,Mumbai_Colaba,18.9067,72.8147
2023-11-30T20:00,26.5,78,1011,Mumbai_Colaba,18.9067,72.8147
2023-11-30T21:00,26.3,80,1011.7,Mumbai_Colaba,18.9067,72.8147
2023-11-30T22:00,25.7,84,1011.9,Mumbai_Colaba,18.9067,72.8147
2023-11-30T23:00,25.1,87,1011.6,Mumbai_Colaba,18.9067,72.8147
2023-12-01T00:00,25.1,86,1011.3,Mumbai_Colaba,18.9067,72.8147
2023-12-01T01:00,25.1,86,1011,Mumbai_Colaba,18.9067,72.8147
2023-12-01T02:00,24.8,89,1010.6,Mumbai_Colaba,18.9067,72.8147
2023-12-01T03:00,24.1,94,1010.2,Mumbai_Colaba,18.9067,72.8147
2023-12-01T04:00,23.4,100,1010.1,Mumbai_Colaba,18.9067,72.8147
2023-12-01T05:00,23,100,1010.3,Mumbai_Colaba,18.9067,72.8147
2023-12-01T06:00,23.2,100,1010.5,Mumbai_Colaba,18.9067,72.8147
2023-12-01T07:00,22.8,100,1011.1,Mumbai_Colaba,18.9067,72.8147
2023-12-01T08:00,24.3,86,1011.7,Mumbai_Colaba,18.9067,72.8147
2023-12-01T09:00,25.8,78,1012.3,Mumbai_Colaba,18.9067,72.8147
2023-12-01T10:00,26.8,72,1012.1,Mumbai_Colaba,18.9067,72.8147
2023-12-01T11:00,27.5,65,1011.3,Mumbai_Colaba,18.9067,72.8147
2023-12-01T12:00,27.9,65,1010.1,Mumbai_Colaba,18.9067,72.8147
2023-12-01T13:00,27.4,73,1009,Mumbai_Colaba,18.9067,72.8147
2023-12-01T14:00,26.9,76,1008.2,Mumbai_Colaba,18.9067,72.8147
2023-12-01T15:00,27.1,74,1007.7,Mumbai_Colaba,18.9067,72.8147
2023-12-01T16:00,27,74,1007.7,Mumbai_Colaba,18.9067,72.8147
2023-12-01T17:00,26.9,73,1008.2,Mumbai_Colaba,18.9067,72.8147
2023-12-01T18:00,26.4,78,1008.7,Mumbai_Colaba,18.9067,72.8147
2023-12-01T19:00,26.3,77,1009.4,Mumbai_Colaba,18.9067,72.8147
2023-12-01T20:00,26.1,78,1010.1,Mumbai_Colaba,18.9067,72.8147
2023-12-01T21:00,25.9,80,1010.6,Mumbai_Colaba,18.9067,72.8147
2023-12-01T22:00,25.4,84,1010.7,Mumbai_Colaba,18.9067,72.8147
2023-12-01T23:00,24.9,88,1010.6,Mumbai_Colaba,18.9067,72.8147
2023-12-02T00:00,24.2,91,1010.1,Mumbai_Colaba,18.9067,72.8147
2023-12-02T01:00,23.7,95,1009.6,Mumbai_Colaba,18.9067,72.8147
2023-12-02T02:00,23.1,100,1009.2,Mumbai_Colaba,18.9067,72.8147
2023-12-02T03:00,23,100,1008.7,Mumbai_Colaba,18.9067,72.8147
2023-12-02T04:00,22.6,100,1008.5,Mumbai_Colaba,18.9067,72.8147
2023-12-02T05:00,22.1,100,1008.7,Mumbai_Colaba,18.9067,72.8147
2023-12-02T06:00,22.8,100,1009.7,Mumbai_Colaba,18.9067,72.8147
2023-12-02T07:00,22.9,99,1010.3,Mumbai_Colaba,18.9067,72.8147
2023-12-02T08:00,23.6,90,1010.7,Mumbai_Colaba,18.9067,72.8147
2023-12-02T09:00,25.2,80,1011.1,Mumbai_Colaba,18.9067,72.8147
2023-12-02T10:00,27.1,70,1010.8,Mumbai_Colaba,18.9067,72.8147
2023-12-02T11:00,28.5,64,1009.9,Mumbai_Colaba,18.9067,72.8147
2023-12-02T12:00,28.7,68,1008.5,Mumbai_Colaba,18.9067,72.8147
2023-12-02T13:00,28.2,72,1007.4,Mumbai_Colaba,18.9067,72.8147
2023-12-02T14:00,28.1,71,1006.6,Mumbai_Colaba,18.9067,72.8147
2023-12-02T15:00,28.4,70,1005.9,Mumbai_Colaba,18.9067,72.8147
2023-12-02T16:00,28.4,73,1005.9,Mumbai_Colaba,18.9067,72.8147
2023-12-02T17:00,27.8,76,1006.4,Mumbai_Colaba,18.9067,72.8147
2023-12-02T18:00,28.1,77,1007.6,Mumbai_Colaba,18.9067,72.8147
2023-12-02T19:00,27.9,78,1008.5,Mumbai_Colaba,18.9067,72.8147
2023-12-02T20:00,27.6,79,1009.2,Mumbai_Colaba,18.9067,72.8147
2023-12-02T21:00,27.3,80,1009.4,Mumbai_Colaba,18.9067,72.8147
2023-12-02T22:00,27.2,79,1009.5,Mumbai_Colaba,18.9067,72.8147
2023-12-02T23:00,26.9,79,1009.6,Mumbai_Colaba,18.9067,72.8147
2023-12-03T00:00,26.6,81,1009.2,Mumbai_Colaba,18.9067,72.8147
2023-12-03T01:00,26.3,83,1008.9,Mumbai_Colaba,18.9067,72.8147
2023-12-03T02:00,25.7,85,1008.5,Mumbai_Colaba,18.9067,72.8147
2023-12-03T03:00,24.9,92,1008.1,Mumbai_Colaba,18.9067,72.8147
2023-12-03T04:00,24.9,88,1008.2,Mumbai_Colaba,18.9067,72.8147
2023-12-03T05:00,24.8,88,1008.5,Mumbai_Colaba,18.9067,72.8147
2023-12-03T06:00,25.1,83,1009.1,Mumbai_Colaba,18.9067,72.8147
2023-12-03T07:00,25.7,76,1010,Mumbai_Colaba,18.9067,72.8147
2023-12-03T08:00,27,70,1010.7,Mumbai_Colaba,18.9067,72.8147
2023-12-03T09:00,28.7,60,1011.2,Mumbai_Colaba,18.9067,72.8147
2023-12-03T10:00,29.6,64,1011,Mumbai_Colaba,18.9067,72.8147
2023-12-03T11:00,31.5,47,1010.2,Mumbai_Colaba,18.9067,72.8147
2023-12-03T12:00,30.3,66,1009,Mumbai_Colaba,18.9067,72.8147
2023-12-03T13:00,29.8,71,1007.7,Mumbai_Colaba,18.9067,72.8147
2023-12-03T14:00,29.4,73,1007,Mumbai_Colaba,18.9067,72.8147
2023-12-03T15:00,29.3,72,1006.6,Mumbai_Colaba,18.9067,72.8147
2023-12-03T16:00,29.2,71,1006.3,Mumbai_Colaba,18.9067,72.8147
2023-12-03T17:00,29.3,72,1006.8,Mumbai_Colaba,18.9067,72.8147
2023-12-03T18:00,28.6,76,1008,Mumbai_Colaba,18.9067,72.8147
2023-12-03T19:00,28.3,78,1008.7,Mumbai_Colaba,18.9067,72.8147
2023-12-03T20:00,28.2,75,1009.6,Mumbai_Colaba,18.9067,72.8147
2023-12-03T21:00,28,71,1010.2,Mumbai_Colaba,18.9067,72.8147
2023-12-03T22:00,27.6,73,1010.2,Mumbai_Colaba,18.9067,72.8147
2023-12-03T23:00,27.3,75,1009.9,Mumbai_Colaba,18.9067,72.8147
2023-12-04T00:00,26.8,82,1009.4,Mumbai_Colaba,18.9067,72.8147
2023-12-04T01:00,26.4,87,1009.1,Mumbai_Colaba,18.9067,72.8147
2023-12-04T02:00,26.3,89,1008.4,Mumbai_Colaba,18.9067,72.8147
2023-12-04T03:00,26.1,85,1008.1,Mumbai_Colaba,18.9067,72.8147
2023-12-04T04:00,25.6,87,1007.8,Mumbai_Colaba,18.9067,72.8147
2023-12-04T05:00,25,88,1007.9,Mumbai_Colaba,18.9067,72.8147
2023-12-04T06:00,25.7,83,1008.6,Mumbai_Colaba,18.9067,72.8147
2023-12-04T07:00,25.8,79,1009.3,Mumbai_Colaba,18.9067,72.8147
2023-12-04T08:00,26.4,77,1010,Mumbai_Colaba,18.9067,72.8147
2023-12-04T09:00,28,68,1010.6,Mumbai_Colaba,18.9067,72.8147
2023-12-04T10:00,29.2,64,1010.2,Mumbai_Colaba,18.9067,72.8147
2023-12-04T11:00,29.5,68,1009,Mumbai_Colaba,18.9067,72.8147
2023-12-04T12:00,29.6,72,1008.1,Mumbai_Colaba,18.9067,72.8147
2023-12-04T13:00,29.3,76,1007.1,Mumbai_Colaba,18.9067,72.8147
2023-12-04T14:00,28.9,79,1006.1,Mumbai_Colaba,18.9067,72.8147
2023-12-04T15:00,28.7,80,1005.9,Mumbai_Colaba,18.9067,72.8147
2023-12-04T16:00,28.8,79,1006,Mumbai_Colaba,18.9067,72.8147
2023-12-04T17:00,29,77,1006.3,Mumbai_Colaba,18.9067,72.8147
2023-12-04T18:00,28.1,85,1007.1,Mumbai_Colaba,18.9067,72.8147
2023-12-04T19:00,28,86,1007.8,Mumbai_Colaba,18.9067,72.8147
2023-12-04T20:00,27.8,87,1008.3,Mumbai_Colaba,18.9067,72.8147
2023-12-04T21:00,27.7,81,1008.8,Mumbai_Colaba,18.9067,72.8147
2023-12-04T22:00,27.7,75,1009.1,Mumbai_Colaba,18.9067,72.8147
2023-12-04T23:00,27.6,72,1008.6,Mumbai_Colaba,18.9067,72.8147
2023-12-05T00:00,27.3,73,1008,Mumbai_Colaba,18.9067,72.8147
2023-12-05T01:00,27,74,1007.8,Mumbai_Colaba,18.9067,72.8147
2023-12-05T02:00,26.5,77,1007.2,Mumbai_Colaba,18.9067,72.8147
2023-12-05T03:00,25.9,80,1006.7,Mumbai_Colaba,18.9067,72.8147
2023-12-05T04:00,25.7,81,1006.6,Mumbai_Colaba,18.9067,72.8147
2023-12-05T05:00,25.6,80,1006.8,Mumbai_Colaba,18.9067,72.8147
2023-12-05T06:00,25.2,84,1007.2,Mumbai_Colaba,18.9067,72.8147
2023-12-05T07:00,25.1,82,1007.7,Mumbai_Colaba,18.9067,72.8147
2023-12-05T08:00,26,76,1008.4,Mumbai_Colaba,18.9067,72.8147
2023-12-05T09:00,27.4,68,1008.6,Mumbai_Colaba,18.9067,72.8147
2023-12-05T10:00,28.8,62,1008.5,Mumbai_Colaba,18.9067,72.8147
2023-12-05T11:00,29.6,63,1007.7,Mumbai_Colaba,18.9067,72.8147
2023-12-05T12:00,29.8,65,1006.8,Mumbai_Colaba,18.9067,72.8147
2023-12-05T13:00,28.8,76,1005.8,Mumbai_Colaba,18.9067,72.8147
2023-12-05T14:00,28.3,81,1005.1,Mumbai_Colaba,18.9067,72.8147
2023-12-05T15:00,28.2,79,1004.9,Mumbai_Colaba,18.9067,72.8147
2023-12-05T16:00,28.5,76,1004.9,Mumbai_Colaba,18.9067,72.8147
2023-12-05T17:00,28.4,81,1005.3,Mumbai_Colaba,18.9067,72.8147
2023-12-05T18:00,27.8,84,1006.6,Mumbai_Colaba,18.9067,72.8147
2023-12-05T19:00,27.7,84,1007.5,Mumbai_Colaba,18.9067,72.8147
2023-12-05T20:00,27.6,83,1008.3,Mumbai_Colaba,18.9067,72.8147
2023-12-05T21:00,27.5,79,1008.9,Mumbai_Colaba,18.9067,72.8147
2023-12-05T22:00,27.5,74,1008.9,Mumbai_Colaba,18.9067,72.8147
2023-12-05T23:00,27.3,71,1008.7,Mumbai_Colaba,18.9067,72.8147
2023-12-06T00:00,26.5,74,1008.3,Mumbai_Colaba,18.9067,72.8147
2023-12-06T01:00,25.8,86,1007.8,Mumbai_Colaba,18.9067,72.8147
2023-12-06T02:00,25.7,80,1007.6,Mumbai_Colaba,18.9067,72.8147
2023-12-06T03:00,25.4,77,1007.4,Mumbai_Colaba,18.9067,72.8147
2023-12-06T04:00,25.1,78,1007.4,Mumbai_Colaba,18.9067,72.8147
2023-12-06T05:00,24.9,80,1007.6,Mumbai_Colaba,18.9067,72.8147
2023-12-06T06:00,25.1,79,1008.3,Mumbai_Colaba,18.9067,72.8147
2023-12-06T07:00,25,79,1009,Mumbai_Colaba,18.9067,72.8147
2023-12-06T08:00,26.1,72,1009.8,Mumbai_Colaba,18.9067,72.8147
2023-12-06T09:00,27.1,67,1010.2,Mumbai_Colaba,18.9067,72.8147
2023-12-06T10:00,28.4,62,1009.8,Mumbai_Colaba,18.9067,72.8147
2023-12-06T11:00,29.4,60,1009.1,Mumbai_Colaba,18.9067,72.8147
2023-12-06T12:00,29.8,59,1008.1,Mumbai_Colaba,18.9067,72.8147
2023-12-06T13:00,29.2,67,1006.8,Mumbai_Colaba,18.9067,72.8147
2023-12-06T14:00,28.7,72,1006,Mumbai_Colaba,18.9067,72.8147
2023-12-06T15:00,27.9,77,1006,Mumbai_Colaba,18.9067,72.8147
2023-12-06T16:00,28,77,1006.2,Mumbai_Colaba,18.9067,72.8147
2023-12-06T17:00,28.1,76,1006.7,Mumbai_Colaba,18.9067,72.8147
2023-12-06T18:00,27.8,77,1007.6,Mumbai_Colaba,18.9067,72.8147
2023-12-06T19:00,27.4,80,1008.5,Mumbai_Colaba,18.9067,72.8147
2023-12-06T20:00,27.3,75,1009.5,Mumbai_Colaba,18.9067,72.8147
2023-12-06T21:00,27,74,1009.9,Mumbai_Colaba,18.9067,72.8147
2023-12-06T22:00,26.6,74,1009.9,Mumbai_Colaba,18.9067,72.8147
2023-12-06T23:00,26.1,77,1009.7,Mumbai_Colaba,18.9067,72.8147
2023-12-07T00:00,25.8,78,1009.2,Mumbai_Colaba,18.9067,72.8147
2023-12-07T01:00,25.5,80,1008.6,Mumbai_Colaba,18.9067,72.8147
2023-12-07T02:00,24.9,87,1008.1,Mumbai_Colaba,18.9067,72.8147
2023-12-07T03:00,24.8,82,1008,Mumbai_Colaba,18.9067,72.8147
2023-12-07T04:00,24.5,81,1008.1,Mumbai_Colaba,18.9067,72.8147
2023-12-07T05:00,24,84,1008.4,Mumbai_Colaba,18.9067,72.8147
2023-12-07T06:00,23.6,87,1009.5,Mumbai_Colaba,18.9067,72.8147
2023-12-07T07:00,23.5,87,1010.3,Mumbai_Colaba,18.9067,72.8147
2023-12-07T08:00,24.4,80,1011.1,Mumbai_Colaba,18.9067,72.8147
2023-12-07T09:00,26.3,69,1011.8,Mumbai_Colaba,18.9067,72.8147
2023-12-07T10:00,28.1,61,1011.4,Mumbai_Colaba,18.9067,72.8147
2023-12-07T11:00,29.3,54,1010.5,Mumbai_Colaba,18.9067,72.8147
2023-12-07T12:00,29.4,55,1009.4,Mumbai_Colaba,18.9067,72.8147
2023-12-07T13:00,28.5,67,1008.2,Mumbai_Colaba,18.9067,72.8147
2023-12-07T14:00,28,71,1007.3,Mumbai_Colaba,18.9067,72.8147
2023-12-07T15:00,28,70,1007.2,Mumbai_Colaba,18.9067,72.8147
2023-12-07T16:00,27.9,72,1007.4,Mumbai_Colaba,18.9067,72.8147
2023-12-07T17:00,27.6,75,1008,Mumbai_Colaba,18.9067,72.8147
2023-12-07T18:00,27.6,77,1008.3,Mumbai_Colaba,18.9067,72.8147
2023-12-07T19:00,27.3,76,1009.2,Mumbai_Colaba,18.9067,72.8147
2023-12-07T20:00,27,76,1009.9,Mumbai_Colaba,18.9067,72.8147
2023-12-07T21:00,26.7,73,1010.5,Mumbai_Colaba,18.9067,72.8147
2023-12-07T22:00,26,75,1010.6,Mumbai_Colaba,18.9067,72.8147
2023-12-07T23:00,25.5,76,1010.4,Mumbai_Colaba,18.9067,72.8147
2023-12-08T00:00,25,79,1009.9,Mumbai_Colaba,18.9067,72.8147
2023-12-08T01:00,24.6,81,1009.6,Mumbai_Colaba,18.9067,72.8147
2023-12-08T02:00,24.2,84,1009,Mumbai_Colaba,18.9067,72.8147
2023-12-08T03:00,24.1,84,1008.6,Mumbai_Colaba,18.9067,72.8147
2023-12-08T04:00,23.5,88,1008.7,Mumbai_Colaba,18.9067,72.8147
2023-12-08T05:00,22.8,90,1008.9,Mumbai_Colaba,18.9067,72.8147
2023-12-08T06:00,23.1,91,1009.9,Mumbai_Colaba,18.9067,72.8147
2023-12-08T07:00,23.1,90,1010.6,Mumbai_Colaba,18.9067,72.8147
2023-12-08T08:00,24.6,78,1011.4,Mumbai_Colaba,18.9067,72.8147
2023-12-08T09:00,26.9,67,1011.9,Mumbai_Colaba,18.9067,72.8147
2023-12-08T10:00,28.6,60,1012,Mumbai_Colaba,18.9067,72.8147
2023-12-08T11:00,29,70,1011,Mumbai_Colaba,18.9067,72.8147
2023-12-08T12:00,29.5,62,1009.9,Mumbai_Colaba,18.9067,72.8147
2023-12-08T13:00,29,67,1008.8,Mumbai_Colaba,18.9067,72.8147
2023-12-08T14:00,28.6,72,1007.9,Mumbai_Colaba,18.9067,72.8147
2023-12-08T15:00,28.4,73,1007.6,Mumbai_Colaba,18.9067,72.8147
2023-12-08T16:00,28.4,73,1007.5,Mumbai_Colaba,18.9067,72.8147
2023-12-08T17:00,28.1,77,1008.1,Mumbai_Colaba,18.9067,72.8147
2023-12-08T18:00,27.5,78,1008.9,Mumbai_Colaba,18.9067,72.8147
2023-12-08T19:00,27.5,76,1009.8,Mumbai_Colaba,18.9067,72.8147
2023-12-08T20:00,27.4,74,1010.6,Mumbai_Colaba,18.9067,72.8147
2023-12-08T21:00,27,73,1011.2,Mumbai_Colaba,18.9067,72.8147
2023-12-08T22:00,26.5,71,1011.8,Mumbai_Colaba,18.9067,72.8147
2023-12-08T23:00,26.5,67,1011.8,Mumbai_Colaba,18.9067,72.8147
2023-12-09T00:00,26.1,69,1011.2,Mumbai_Colaba,18.9067,72.8147
2023-12-09T01:00,25.4,73,1011.1,Mumbai_Colaba,18.9067,72.8147
2023-12-09T02:00,24.7,82,1010.5,Mumbai_Colaba,18.9067,72.8147
2023-12-09T03:00,24.2,87,1010,Mumbai_Colaba,18.9067,72.8147
2023-12-09T04:00,23.6,91,1009.9,Mumbai_Colaba,18.9067,72.8147
2023-12-09T05:00,23.1,87,1010.1,Mumbai_Colaba,18.9067,72.8147
2023-12-09T06:00,22.9,100,1011.2,Mumbai_Colaba,18.9067,72.8147
2023-12-09T07:00,22.8,99,1012.2,Mumbai_Colaba,18.9067,72.8147
2023-12-09T08:00,23.7,84,1013,Mumbai_Colaba,18.9067,72.8147
2023-12-09T09:00,25.6,70,1013.7,Mumbai_Colaba,18.9067,72.8147
2023-12-09T10:00,28,59,1013.4,Mumbai_Colaba,18.9067,72.8147
2023-12-09T11:00,29.3,61,1012.7,Mumbai_Colaba,18.9067,72.8147
2023-12-09T12:00,29.6,63,1011.3,Mumbai_Colaba,18.9067,72.8147
2023-12-09T13:00,29.2,69,1010,Mumbai_Colaba,18.9067,72.8147
2023-12-09T14:00,28.7,74,1009.2,Mumbai_Colaba,18.9067,72.8147
2023-12-09T15:00,28.1,77,1008.7,Mumbai_Colaba,18.9067,72.8147
2023-12-09T16:00,28.1,76,1008.4,Mumbai_Colaba,18.9067,72.8147
2023-12-09T17:00,28,73,1008.7,Mumbai_Colaba,18.9067,72.8147
2023-12-09T18:00,27.6,77,1009,Mumbai_Colaba,18.9067,72.8147
2023-12-09T19:00,27.7,78,1009.9,Mumbai_Colaba,18.9067,72.8147
2023-12-09T20:00,27.5,75,1010.3,Mumbai_Colaba,18.9067,72.8147
2023-12-09T21:00,27.1,73,1010.8,Mumbai_Colaba,18.9067,72.8147
2023-12-09T22:00,26.6,72,1011.1,Mumbai_Colaba,18.9067,72.8147
2023-12-09T23:00,26.3,71,1010.9,Mumbai_Colaba,18.9067,72.8147
2023-12-10T00:00,25.8,71,1010.4,Mumbai_Colaba,18.9067,72.8147
2023-12-10T01:00,25.2,73,1009.7,Mumbai_Colaba,18.9067,72.8147
2023-12-10T02:00,24.6,77,1009.3,Mumbai_Colaba,18.9067,72.8147
2023-12-10T03:00,23.8,85,1009,Mumbai_Colaba,18.9067,72.8147
2023-12-10T04:00,23.2,85,1008.8,Mumbai_Colaba,18.9067,72.8147
2023-12-10T05:00,23,86,1009,Mumbai_Colaba,18.9067,72.8147
2023-12-10T06:00,23,87,1009.9,Mumbai_Colaba,18.9067,72.8147
2023-12-10T07:00,23.2,86,1010.6,Mumbai_Colaba,18.9067,72.8147
2023-12-10T08:00,24.7,76,1011.5,Mumbai_Colaba,18.9067,72.8147
2023-12-10T09:00,27.2,63,1011.9,Mumbai_Colaba,18.9067,72.8147
2023-12-10T10:00,29.2,57,1011.6,Mumbai_Colaba,18.9067,72.8147
2023-12-10T11:00,29.8,62,1010.7,Mumbai_Colaba,18.9067,72.8147
2023-12-10T12:00,30,63,1009.8,Mumbai_Colaba,18.9067,72.8147
2023-12-10T13:00,29.6,65,1008.7,Mumbai_Colaba,18.9067,72.8147
2023-12-10T14:00,29.1,71,1007.9,Mumbai_Colaba,18.9067,72.8147
2023-12-10T15:00,28.9,73,1007.3,Mumbai_Colaba,18.9067,72.8147
2023-12-10T16:00,28.8,72,1007.1,Mumbai_Colaba,18.9067,72.8147
2023-12-10T17:00,28.4,77,1007.4,Mumbai_Colaba,18.9067,72.8147
2023-12-10T18:00,27.7,84,1008.3,Mumbai_Colaba,18.9067,72.8147
2023-12-10T19:00,27.7,78,1009.5,Mumbai_Colaba,18.9067,72.8147
2023-12-10T20:00,27.7,75,1010.3,Mumbai_Colaba,18.9067,72.8147
2023-12-10T21:00,27.3,76,1011,Mumbai_Colaba,18.9067,72.8147
2023-12-10T22:00,27.1,70,1011.3,Mumbai_Colaba,18.9067,72.8147
2023-12-10T23:00,26.6,71,1011.1,Mumbai_Colaba,18.9067,72.8147
2023-12-11T00:00,26.4,70,1010.5,Mumbai_Colaba,18.9067,72.8147
2023-12-11T01:00,26.1,70,1009.9,Mumbai_Colaba,18.9067,72.8147
2023-12-11T02:00,25.7,70,1009.2,Mumbai_Colaba,18.9067,72.8147
2023-12-11T03:00,25.1,74,1008.9,Mumbai_Colaba,18.9067,72.8147
2023-12-11T04:00,24.2,84,1008.9,Mumbai_Colaba,18.9067,72.8147
2023-12-11T05:00,23.4,92,1009.1,Mumbai_Colaba,18.9067,72.8147
2023-12-11T06:00,23.6,92,1010.2,Mumbai_Colaba,18.9067,72.8147
2023-12-11T07:00,23.4,91,1010.9,Mumbai_Colaba,18.9067,72.8147
2023-12-11T08:00,24.5,80,1011.5,Mumbai_Colaba,18.9067,72.8147
2023-12-11T09:00,26.3,69,1012.2,Mumbai_Colaba,18.9067,72.8147
2023-12-11T10:00,28.5,58,1011.8,Mumbai_Colaba,18.9067,72.8147
2023-12-11T11:00,29.6,58,1011.4,Mumbai_Colaba,18.9067,72.8147
2023-12-11T12:00,29.9,59,1010.5,Mumbai_Colaba,18.9067,72.8147
2023-12-11T13:00,28.9,72,1009.5,Mumbai_Colaba,18.9067,72.8147
2023-12-11T14:00,28.7,75,1008.6,Mumbai_Colaba,18.9067,72.8147
2023-12-11T15:00,28.5,74,1008.1,Mumbai_Colaba,18.9067,72.8147
2023-12-11T16:00,28.5,70,1008,Mumbai_Colaba,18.9067,72.8147
2023-12-11T17:00,28.4,70,1008.4,Mumbai_Colaba,18.9067,72.8147
2023-12-11T18:00,27.7,79,1009.1,Mumbai_Colaba,18.9067,72.8147
2023-12-11T19:00,27.7,75,1010,Mumbai_Colaba,18.9067,72.8147
2023-12-11T20:00,27.5,70,1010.9,Mumbai_Colaba,18.9067,72.8147
2023-12-11T21:00,27.3,67,1011.3,Mumbai_Colaba,18.9067,72.8147
2023-12-11T22:00,26.7,65,1011.5,Mumbai_Colaba,18.9067,72.8147
2023-12-11T23:00,25.9,67,1011.3,Mumbai_Colaba,18.9067,72.8147
2023-12-12T00:00,25.8,68,1010.5,Mumbai_Colaba,18.9067,72.8147
2023-12-12T01:00,25.5,71,1009.8,Mumbai_Colaba,18.9067,72.8147
2023-12-12T02:00,25,74,1009.1,Mumbai_Colaba,18.9067,72.8147
2023-12-12T03:00,24.5,77,1008.8,Mumbai_Colaba,18.9067,72.8147
2023-12-12T04:00,24,79,1008.8,Mumbai_Colaba,18.9067,72.8147
2023-12-12T05:00,23.4,86,1009,Mumbai_Colaba,18.9067,72.8147
2023-12-12T06:00,23.8,83,1009.7,Mumbai_Colaba,18.9067,72.8147
2023-12-12T07:00,23.4,84,1010.5,Mumbai_Colaba,18.9067,72.8147
2023-12-12T08:00,24.1,77,1011.1,Mumbai_Colaba,18.9067,72.8147
2023-12-12T09:00,25.6,69,1011.5,Mumbai_Colaba,18.9067,72.8147
2023-12-12T10:00,27.1,63,1011.3,Mumbai_Colaba,18.9067,72.8147
2023-12-12T11:00,28.4,60,1010.6,Mumbai_Colaba,18.9067,72.8147
2023-12-12T12:00,29,60,1009.2,Mumbai_Colaba,18.9067,72.8147
2023-12-12T13:00,28.4,71,1008.2,Mumbai_Colaba,18.9067,72.8147
2023-12-12T14:00,28.5,68,1007.5,Mumbai_Colaba,18.9067,72.8147
2023-12-12T15:00,28.5,63,1007.2,Mumbai_Colaba,18.9067,72.8147
2023-12-12T16:00,28.4,64,1007.2,Mumbai_Colaba,18.9067,72.8147
2023-12-12T17:00,27.8,66,1007.7,Mumbai_Colaba,18.9067,72.8147
2023-12-12T18:00,27.3,67,1008.7,Mumbai_Colaba,18.9067,72.8147
2023-12-12T19:00,27.1,67,1009.3,Mumbai_Colaba,18.9067,72.8147
2023-12-12T20:00,26.8,65,1010,Mumbai_Colaba,18.9067,72.8147
2023-12-12T21:00,26.3,59,1010.6,Mumbai_Colaba,18.9067,72.8147
2023-12-12T22:00,25.6,60,1010.9,Mumbai_Colaba,18.9067,72.8147
2023-12-12T23:00,25.3,61,1010.6,Mumbai_Colaba,18.9067,72.8147
2023-12-13T00:00,24.8,64,1010.1,Mumbai_Colaba,18.9067,72.8147
2023-12-13T01:00,24.1,74,1009.5,Mumbai_Colaba,18.9067,72.8147
2023-12-13T02:00,23.7,84,1009.2,Mumbai_Colaba,18.9067,72.8147
2023-12-13T03:00,23.4,89,1009,Mumbai_Colaba,18.9067,72.8147
2023-12-13T04:00,23.1,83,1009.3,Mumbai_Colaba,18.9067,72.8147
2023-12-13T05:00,22.9,79,1009.6,Mumbai_Colaba,18.9067,72.8147
2023-12-13T06:00,22.4,91,1010.7,Mumbai_Colaba,18.9067,72.8147
2023-12-13T07:00,22.4,92,1011.4,Mumbai_Colaba,18.9067,72.8147
2023-12-13T08:00,23.5,77,1012.1,Mumbai_Colaba,18.9067,72.8147
2023-12-13T09:00,25.2,64,1012.6,Mumbai_Colaba,18.9067,72.8147
2023-12-13T10:00,26.8,57,1012.3,Mumbai_Colaba,18.9067,72.8147
2023-12-13T11:00,27.9,55,1011.4,Mumbai_Colaba,18.9067,72.8147
2023-12-13T12:00,28,60,1010.1,Mumbai_Colaba,18.9067,72.8147
2023-12-13T13:00,27.8,65,1009.1,Mumbai_Colaba,18.9067,72.8147
2023-12-13T14:00,27.5,74,1008.2,Mumbai_Colaba,18.9067,72.8147
2023-12-13T15:00,27.8,69,1007.9,Mumbai_Colaba,18.9067,72.8147
2023-12-13T16:00,27.7,72,1007.9,Mumbai_Colaba,18.9067,72.8147
2023-12-13T17:00,27.5,74,1008.3,Mumbai_Colaba,18.9067,72.8147
2023-12-13T18:00,27.5,76,1009,Mumbai_Colaba,18.9067,72.8147
2023-12-13T19:00,27.2,78,1010.2,Mumbai_Colaba,18.9067,72.8147
2023-12-13T20:00,27,76,1011.2,Mumbai_Colaba,18.9067,72.8147
2023-12-13T21:00,26.8,72,1011.9,Mumbai_Colaba,18.9067,72.8147
2023-12-13T22:00,26.3,72,1012.2,Mumbai_Colaba,18.9067,72.8147
2023-12-13T23:00,26,71,1012,Mumbai_Colaba,18.9067,72.8147
2023-12-14T00:00,25,84,1011.4,Mumbai_Colaba,18.9067,72.8147
2023-12-14T01:00,24.7,89,1011,Mumbai_Colaba,18.9067,72.8147
2023-12-14T02:00,23.9,95,1010.3,Mumbai_Colaba,18.9067,72.8147
2023-12-14T03:00,23.3,97,1009.9,Mumbai_Colaba,18.9067,72.8147
2023-12-14T04:00,22.7,94,1010,Mumbai_Colaba,18.9067,72.8147
2023-12-14T05:00,22.3,91,1010.2,Mumbai_Colaba,18.9067,72.8147
2023-12-14T06:00,22.6,84,1011.4,Mumbai_Colaba,18.9067,72.8147
2023-12-14T07:00,22.5,89,1012.3,Mumbai_Colaba,18.9067,72.8147
2023-12-14T08:00,24,71,1012.9,Mumbai_Colaba,18.9067,72.8147
2023-12-14T09:00,26.3,56,1013.5,Mumbai_Colaba,18.9067,72.8147
2023-12-14T10:00,28.1,47,1013.5,Mumbai_Colaba,18.9067,72.8147
2023-12-14T11:00,29.2,56,1012.5,Mumbai_Colaba,18.9067,72.8147
2023-12-14T12:00,31,33,1011.3,Mumbai_Colaba,18.9067,72.8147
2023-12-14T13:00,29.5,58,1010.2,Mumbai_Colaba,18.9067,72.8147
2023-12-14T14:00,29,69,1009.1,Mumbai_Colaba,18.9067,72.8147
2023-12-14T15:00,29,71,1008.8,Mumbai_Colaba,18.9067,72.8147
2023-12-14T16:00,29.1,68,1008.6,Mumbai_Colaba,18.9067,72.8147
2023-12-14T17:00,28.8,72,1009.1,Mumbai_Colaba,18.9067,72.8147
2023-12-14T18:00,28.1,76,1010.3,Mumbai_Colaba,18.9067,72.8147
2023-12-14T19:00,27.8,75,1011.3,Mumbai_Colaba,18.9067,72.8147
2023-12-14T20:00,27.3,76,1012.1,Mumbai_Colaba,18.9067,72.8147
2023-12-14T21:00,27,68,1012.6,Mumbai_Colaba,18.9067,72.8147
2023-12-14T22:00,26.9,64,1013.4,Mumbai_Colaba,18.9067,72.8147
2023-12-14T23:00,26.5,64,1013.4,Mumbai_Colaba,18.9067,72.8147
2023-12-15T00:00,25.9,67,1013.1,Mumbai_Colaba,18.9067,72.8147
2023-12-15T01:00,25.1,73,1012.8,Mumbai_Colaba,18.9067,72.8147
2023-12-15T02:00,24,81,1012.3,Mumbai_Colaba,18.9067,72.8147
2023-12-15T03:00,23.3,81,1012,Mumbai_Colaba,18.9067,72.8147
2023-12-15T04:00,23,80,1011.8,Mumbai_Colaba,18.9067,72.8147
2023-12-15T05:00,22.4,84,1012,Mumbai_Colaba,18.9067,72.8147
2023-12-15T06:00,23,79,1012.8,Mumbai_Colaba,18.9067,72.8147
2023-12-15T07:00,23.1,75,1013.3,Mumbai_Colaba,18.9067,72.8147
2023-12-15T08:00,24.4,68,1013.9,Mumbai_Colaba,18.9067,72.8147
2023-12-15T09:00,26.6,58,1014.5,Mumbai_Colaba,18.9067,72.8147
2023-12-15T10:00,28.8,47,1014.4,Mumbai_Colaba,18.9067,72.8147
2023-12-15T11:00,29.7,42,1013.7,Mumbai_Colaba,18.9067,72.8147
2023-12-15T12:00,29.2,56,1012.5,Mumbai_Colaba,18.9067,72.8147
2023-12-15T13:00,29.7,49,1011.3,Mumbai_Colaba,18.9067,72.8147
2023-12-15T14:00,29.9,43,1010.4,Mumbai_Colaba,18.9067,72.8147
2023-12-15T15:00,29.2,45,1009.9,Mumbai_Colaba,18.9067,72.8147
2023-12-15T16:00,29.1,45,1009.9,Mumbai_Colaba,18.9067,72.8147
2023-12-15T17:00,29,47,1010,Mumbai_Colaba,18.9067,72.8147
2023-12-15T18:00,28.1,55,1010.8,Mumbai_Colaba,18.9067,72.8147
2023-12-15T19:00,28.2,55,1011.7,Mumbai_Colaba,18.9067,72.8147
2023-12-15T20:00,27.6,62,1012.5,Mumbai_Colaba,18.9067,72.8147
2023-12-15T21:00,26.8,66,1013.2,Mumbai_Colaba,18.9067,72.8147
2023-12-15T22:00,26.2,65,1013.7,Mumbai_Colaba,18.9067,72.8147
2023-12-15T23:00,25.2,70,1013.5,Mumbai_Colaba,18.9067,72.8147
2023-12-16T00:00,24.7,68,1012.9,Mumbai_Colaba,18.9067,72.8147
2023-12-16T01:00,24,73,1012.4,Mumbai_Colaba,18.9067,72.8147
2023-12-16T02:00,23.3,78,1011.8,Mumbai_Colaba,18.9067,72.8147
2023-12-16T03:00,22.3,84,1011.3,Mumbai_Colaba,18.9067,72.8147
2023-12-16T04:00,21.7,86,1011.3,Mumbai_Colaba,18.9067,72.8147
2023-12-16T05:00,21.1,88,1011.5,Mumbai_Colaba,18.9067,72.8147
2023-12-16T06:00,20.8,86,1012.7,Mumbai_Colaba,18.9067,72.8147
2023-12-16T07:00,20.8,81,1013.3,Mumbai_Colaba,18.9067,72.8147
2023-12-16T08:00,22.3,73,1013.9,Mumbai_Colaba,18.9067,72.8147
2023-12-16T09:00,24.9,60,1014.1,Mumbai_Colaba,18.9067,72.8147
2023-12-16T10:00,27.5,49,1013.9,Mumbai_Colaba,18.9067,72.8147
2023-12-16T11:00,29.1,45,1013.2,Mumbai_Colaba,18.9067,72.8147
2023-12-16T12:00,29.6,46,1012,Mumbai_Colaba,18.9067,72.8147
2023-12-16T13:00,30,44,1010.7,Mumbai_Colaba,18.9067,72.8147
2023-12-16T14:00,30.2,42,1009.7,Mumbai_Colaba,18.9067,72.8147
2023-12-16T15:00,29.2,53,1009.2,Mumbai_Colaba,18.9067,72.8147
2023-12-16T16:00,28.7,59,1009.3,Mumbai_Colaba,18.9067,72.8147
2023-12-16T17:00,27.9,62,1009.7,Mumbai_Colaba,18.9067,72.8147
2023-12-16T18:00,27.4,62,1010.4,Mumbai_Colaba,18.9067,72.8147
2023-12-16T19:00,27.1,65,1011.2,Mumbai_Colaba,18.9067,72.8147
2023-12-16T20:00,26.7,68,1012,Mumbai_Colaba,18.9067,72.8147
2023-12-16T21:00,26.1,68,1012.3,Mumbai_Colaba,18.9067,72.8147
2023-12-16T22:00,25.2,71,1012.3,Mumbai_Colaba,18.9067,72.8147
2023-12-16T23:00,24.5,68,1011.9,Mumbai_Colaba,18.9067,72.8147
2023-12-17T00:00,24,69,1011.3,Mumbai_Colaba,18.9067,72.8147
2023-12-17T01:00,23.3,73,1011,Mumbai_Colaba,18.9067,72.8147
2023-12-17T02:00,22.6,76,1010.5,Mumbai_Colaba,18.9067,72.8147
2023-12-17T03:00,22,78,1010.2,Mumbai_Colaba,18.9067,72.8147
2023-12-17T04:00,21.6,81,1010.2,Mumbai_Colaba,18.9067,72.8147
2023-12-17T05:00,21.4,82,1010.5,Mumbai_Colaba,18.9067,72.8147
2023-12-17T06:00,22.4,80,1011.4,Mumbai_Colaba,18.9067,72.8147
2023-12-17T07:00,22.7,79,1011.7,Mumbai_Colaba,18.9067,72.8147
2023-12-17T08:00,23.6,76,1012.5,Mumbai_Colaba,18.9067,72.8147
2023-12-17T09:00,25.7,63,1012.8,Mumbai_Colaba,18.9067,72.8147
2023-12-17T10:00,27.8,56,1012.5,Mumbai_Colaba,18.9067,72.8147
2023-12-17T11:00,29.2,56,1011.8,Mumbai_Colaba,18.9067,72.8147
2023-12-17T12:00,29.7,57,1010.6,Mumbai_Colaba,18.9067,72.8147
2023-12-17T13:00,29.9,58,1009.5,Mumbai_Colaba,18.9067,72.8147
2023-12-17T14:00,29.8,59,1008.6,Mumbai_Colaba,18.9067,72.8147
2023-12-17T15:00,28.8,74,1008,Mumbai_Colaba,18.9067,72.8147
2023-12-17T16:00,28.6,73,1008.1,Mumbai_Colaba,18.9067,72.8147
2023-12-17T17:00,28.8,70,1008.6,Mumbai_Colaba,18.9067,72.8147
2023-12-17T18:00,28.7,66,1009.6,Mumbai_Colaba,18.9067,72.8147
2023-12-17T19:00,28,74,1010.4,Mumbai_Colaba,18.9067,72.8147
2023-12-17T20:00,27.3,82,1011.2,Mumbai_Colaba,18.9067,72.8147
2023-12-17T21:00,27,76,1011.8,Mumbai_Colaba,18.9067,72.8147
2023-12-17T22:00,26.7,69,1011.7,Mumbai_Colaba,18.9067,72.8147
2023-12-17T23:00,25.9,67,1011.5,Mumbai_Colaba,18.9067,72.8147
2023-12-18T00:00,25.7,65,1011.1,Mumbai_Colaba,18.9067,72.8147
2023-12-18T01:00,26.2,62,1010.7,Mumbai_Colaba,18.9067,72.8147
2023-12-18T02:00,25.7,64,1010.4,Mumbai_Colaba,18.9067,72.8147
2023-12-18T03:00,24.9,69,1010.1,Mumbai_Colaba,18.9067,72.8147
2023-12-18T04:00,24.4,72,1010,Mumbai_Colaba,18.9067,72.8147
2023-12-18T05:00,24.3,72,1010.1,Mumbai_Colaba,18.9067,72.8147
2023-12-18T06:00,24.5,70,1011.5,Mumbai_Colaba,18.9067,72.8147
2023-12-18T07:00,24.4,71,1012.2,Mumbai_Colaba,18.9067,72.8147
2023-12-18T08:00,25.2,65,1013,Mumbai_Colaba,18.9067,72.8147
2023-12-18T09:00,26.9,56,1013.5,Mumbai_Colaba,18.9067,72.8147
2023-12-18T10:00,28.5,52,1013.3,Mumbai_Colaba,18.9067,72.8147
2023-12-18T11:00,29.6,48,1012.4,Mumbai_Colaba,18.9067,72.8147
2023-12-18T12:00,30.3,47,1011.3,Mumbai_Colaba,18.9067,72.8147
2023-12-18T13:00,30.7,47,1010,Mumbai_Colaba,18.9067,72.8147
2023-12-18T14:00,30.7,49,1009.2,Mumbai_Colaba,18.9067,72.8147
2023-12-18T15:00,30.7,50,1008.9,Mumbai_Colaba,18.9067,72.8147
2023-12-18T16:00,30.8,50,1009.2,Mumbai_Colaba,18.9067,72.8147
2023-12-18T17:00,30.4,54,1010,Mumbai_Colaba,18.9067,72.8147
2023-12-18T18:00,29.4,57,1010.9,Mumbai_Colaba,18.9067,72.8147
2023-12-18T19:00,29,56,1012,Mumbai_Colaba,18.9067,72.8147
2023-12-18T20:00,28.9,56,1012.8,Mumbai_Colaba,18.9067,72.8147
2023-12-18T21:00,28.6,56,1013,Mumbai_Colaba,18.9067,72.8147
2023-12-18T22:00,27.7,60,1013,Mumbai_Colaba,18.9067,72.8147
2023-12-18T23:00,27.3,61,1012.9,Mumbai_Colaba,18.9067,72.8147
2023-12-19T00:00,27,60,1012.2,Mumbai_Colaba,18.9067,72.8147
2023-12-19T01:00,26.6,59,1011.6,Mumbai_Colaba,18.9067,72.8147
2023-12-19T02:00,26.3,59,1011,Mumbai_Colaba,18.9067,72.8147
2023-12-19T03:00,26.2,59,1010.7,Mumbai_Colaba,18.9067,72.8147
2023-12-19T04:00,26,59,1010.7,Mumbai_Colaba,18.9067,72.8147
2023-12-19T05:00,25.9,59,1011,Mumbai_Colaba,18.9067,72.8147
2023-12-19T06:00,25.3,60,1012.1,Mumbai_Colaba,18.9067,72.8147
2023-12-19T07:00,25.1,61,1013.1,Mumbai_Colaba,18.9067,72.8147
2023-12-19T08:00,25.7,57,1014,Mumbai_Colaba,18.9067,72.8147
2023-12-19T09:00,26.6,55,1014.3,Mumbai_Colaba,18.9067,72.8147
2023-12-19T10:00,28.1,51,1014.4,Mumbai_Colaba,18.9067,72.8147
2023-12-19T11:00,29.4,48,1013.5,Mumbai_Colaba,18.9067,72.8147
2023-12-19T12:00,30.2,46,1012.2,Mumbai_Colaba,18.9067,72.8147
2023-12-19T13:00,30.5,47,1011.3,Mumbai_Colaba,18.9067,72.8147
2023-12-19T14:00,30.7,48,1010.5,Mumbai_Colaba,18.9067,72.8147
2023-12-19T15:00,30.5,51,1010.2,Mumbai_Colaba,18.9067,72.8147
2023-12-19T16:00,29.7,57,1010.3,Mumbai_Colaba,18.9067,72.8147
2023-12-19T17:00,28.6,71,1011,Mumbai_Colaba,18.9067,72.8147
2023-12-19T18:00,28.4,67,1011.7,Mumbai_Colaba,18.9067,72.8147
2023-12-19T19:00,27.7,75,1012.6,Mumbai_Colaba,18.9067,72.8147
2023-12-19T20:00,27.9,68,1013.1,Mumbai_Colaba,18.9067,72.8147
2023-12-19T21:00,27.8,56,1013.5,Mumbai_Colaba,18.9067,72.8147
2023-12-19T22:00,27.2,56,1013.7,Mumbai_Colaba,18.9067,72.8147
2023-12-19T23:00,26.4,55,1013.9,Mumbai_Colaba,18.9067,72.8147
2023-12-20T00:00,25.6,56,1013.4,Mumbai_Colaba,18.9067,72.8147
2023-12-20T01:00,25,59,1012.9,Mumbai_Colaba,18.9067,72.8147
2023-12-20T02:00,24.7,58,1012.2,Mumbai_Colaba,18.9067,72.8147
2023-12-20T03:00,24.3,58,1011.8,Mumbai_Colaba,18.9067,72.8147
2023-12-20T04:00,24,59,1011.8,Mumbai_Colaba,18.9067,72.8147
2023-12-20T05:00,23.7,59,1012,Mumbai_Colaba,18.9067,72.8147
2023-12-20T06:00,24.1,54,1012.4,Mumbai_Colaba,18.9067,72.8147
2023-12-20T07:00,23.9,56,1013.2,Mumbai_Colaba,18.9067,72.8147
2023-12-20T08:00,24.5,51,1014,Mumbai_Colaba,18.9067,72.8147
2023-12-20T09:00,25.8,47,1014.4,Mumbai_Colaba,18.9067,72.8147
2023-12-20T10:00,27.3,45,1014.2,Mumbai_Colaba,18.9067,72.8147
2023-12-20T11:00,29,45,1013.3,Mumbai_Colaba,18.9067,72.8147
2023-12-20T12:00,29.6,50,1012.2,Mumbai_Colaba,18.9067,72.8147
2023-12-20T13:00,30,49,1011.1,Mumbai_Colaba,18.9067,72.8147
2023-12-20T14:00,31.8,29,1010.4,Mumbai_Colaba,18.9067,72.8147
2023-12-20T15:00,29.2,62,1010.1,Mumbai_Colaba,18.9067,72.8147
2023-12-20T16:00,28.4,71,1010.2,Mumbai_Colaba,18.9067,72.8147
2023-12-20T17:00,27.2,74,1010.6,Mumbai_Colaba,18.9067,72.8147
2023-12-20T18:00,26.7,68,1011.2,Mumbai_Colaba,18.9067,72.8147
2023-12-20T19:00,26.8,66,1012.1,Mumbai_Colaba,18.9067,72.8147
2023-12-20T20:00,26.6,65,1012.9,Mumbai_Colaba,18.9067,72.8147
2023-12-20T21:00,26.2,62,1013.1,Mumbai_Colaba,18.9067,72.8147
2023-12-20T22:00,25.8,63,1013.3,Mumbai_Colaba,18.9067,72.8147
2023-12-20T23:00,25.7,64,1012.9,Mumbai_Colaba,18.9067,72.8147
2023-12-21T00:00,25.1,66,1012.3,Mumbai_Colaba,18.9067,72.8147
2023-12-21T01:00,24.7,69,1011.9,Mumbai_Colaba,18.9067,72.8147
2023-12-21T02:00,24,68,1011.6,Mumbai_Colaba,18.9067,72.8147
2023-12-21T03:00,23.7,66,1010.9,Mumbai_Colaba,18.9067,72.8147
2023-12-21T04:00,24.1,63,1010.8,Mumbai_Colaba,18.9067,72.8147
2023-12-21T05:00,23.6,64,1010.8,Mumbai_Colaba,18.9067,72.8147
2023-12-21T06:00,24.2,68,1011.5,Mumbai_Colaba,18.9067,72.8147
2023-12-21T07:00,24.1,68,1012,Mumbai_Colaba,18.9067,72.8147
2023-12-21T08:00,24.6,63,1012.8,Mumbai_Colaba,18.9067,72.8147
2023-12-21T09:00,26.3,56,1013.2,Mumbai_Colaba,18.9067,72.8147
2023-12-21T10:00,28.4,55,1012.7,Mumbai_Colaba,18.9067,72.8147
2023-12-21T11:00,29.3,59,1011.9,Mumbai_Colaba,18.9067,72.8147
2023-12-21T12:00,31.1,42,1010.7,Mumbai_Colaba,18.9067,72.8147
2023-12-21T13:00,28.9,67,1009.9,Mumbai_Colaba,18.9067,72.8147
2023-12-21T14:00,28.3,73,1009.3,Mumbai_Colaba,18.9067,72.8147
2023-12-21T15:00,27.2,73,1008.9,Mumbai_Colaba,18.9067,72.8147
2023-12-21T16:00,27.5,76,1008.9,Mumbai_Colaba,18.9067,72.8147
2023-12-21T17:00,27.3,80,1009.6,Mumbai_Colaba,18.9067,72.8147
2023-12-21T18:00,27.3,73,1010.9,Mumbai_Colaba,18.9067,72.8147
2023-12-21T19:00,27.3,69,1011.7,Mumbai_Colaba,18.9067,72.8147
2023-12-21T20:00,27.2,66,1012.3,Mumbai_Colaba,18.9067,72.8147
2023-12-21T21:00,26.9,64,1012.8,Mumbai_Colaba,18.9067,72.8147
2023-12-21T22:00,26.3,66,1012.8,Mumbai_Colaba,18.9067,72.8147
2023-12-21T23:00,25.8,69,1012.6,Mumbai_Colaba,18.9067,72.8147
2023-12-22T00:00,25.5,72,1012,Mumbai_Colaba,18.9067,72.8147
2023-12-22T01:00,24.9,77,1011.5,Mumbai_Colaba,18.9067,72.8147
2023-12-22T02:00,24.4,80,1011,Mumbai_Colaba,18.9067,72.8147
2023-12-22T03:00,23.7,83,1010.5,Mumbai_Colaba,18.9067,72.8147
2023-12-22T04:00,22.9,78,1010.4,Mumbai_Colaba,18.9067,72.8147
2023-12-22T05:00,22.6,72,1010.6,Mumbai_Colaba,18.9067,72.8147
2023-12-22T06:00,24.1,80,1011.3,Mumbai_Colaba,18.9067,72.8147
2023-12-22T07:00,23.8,81,1011.9,Mumbai_Colaba,18.9067,72.8147
2023-12-22T08:00,24.5,74,1012.8,Mumbai_Colaba,18.9067,72.8147
2023-12-22T09:00,26.3,68,1013.1,Mumbai_Colaba,18.9067,72.8147
2023-12-22T10:00,28,72,1012.9,Mumbai_Colaba,18.9067,72.8147
2023-12-22T11:00,28.4,70,1012.5,Mumbai_Colaba,18.9067,72.8147
2023-12-22T12:00,28.2,74,1011.6,Mumbai_Colaba,18.9067,72.8147
2023-12-22T13:00,28.1,76,1010.7,Mumbai_Colaba,18.9067,72.8147
2023-12-22T14:00,27.8,74,1010.2,Mumbai_Colaba,18.9067,72.8147
2023-12-22T15:00,27.8,77,1009.8,Mumbai_Colaba,18.9067,72.8147
2023-12-22T16:00,27.4,82,1009.9,Mumbai_Colaba,18.9067,72.8147
2023-12-22T17:00,27.4,82,1010.1,Mumbai_Colaba,18.9067,72.8147
2023-12-22T18:00,27.1,76,1010.7,Mumbai_Colaba,18.9067,72.8147
2023-12-22T19:00,27.1,78,1011.3,Mumbai_Colaba,18.9067,72.8147
2023-12-22T20:00,27,80,1011.9,Mumbai_Colaba,18.9067,72.8147
2023-12-22T21:00,26.9,80,1012.5,Mumbai_Colaba,18.9067,72.8147
2023-12-22T22:00,26.5,80,1012.7,Mumbai_Colaba,18.9067,72.8147
2023-12-22T23:00,25.9,80,1012.5,Mumbai_Colaba,18.9067,72.8147
2023-12-23T00:00,25.3,79,1012.2,Mumbai_Colaba,18.9067,72.8147
2023-12-23T01:00,24.5,83,1011.8,Mumbai_Colaba,18.9067,72.8147
2023-12-23T02:00,23.2,87,1011.6,Mumbai_Colaba,18.9067,72.8147
2023-12-23T03:00,22.6,84,1011.3,Mumbai_Colaba,18.9067,72.8147
2023-12-23T04:00,22,87,1011.5,Mumbai_Colaba,18.9067,72.8147
2023-12-23T05:00,21.5,86,1011.6,Mumbai_Colaba,18.9067,72.8147
2023-12-23T06:00,21.7,99,1012.3,Mumbai_Colaba,18.9067,72.8147
2023-12-23T07:00,21.7,98,1012.7,Mumbai_Colaba,18.9067,72.8147
2023-12-23T08:00,22.7,80,1013.3,Mumbai_Colaba,18.9067,72.8147
2023-12-23T09:00,25,70,1014,Mumbai_Colaba,18.9067,72.8147
2023-12-23T10:00,27.2,65,1014.1,Mumbai_Colaba,18.9067,72.8147
2023-12-23T11:00,28.4,66,1013.3,Mumbai_Colaba,18.9067,72.8147
2023-12-23T12:00,29,66,1012.1,Mumbai_Colaba,18.9067,72.8147
2023-12-23T13:00,28.9,71,1010.8,Mumbai_Colaba,18.9067,72.8147
2023-12-23T14:00,28.4,76,1009.8,Mumbai_Colaba,18.9067,72.8147
2023-12-23T15:00,27.8,76,1009.5,Mumbai_Colaba,18.9067,72.8147
2023-12-23T16:00,27.5,79,1009.7,Mumbai_Colaba,18.9067,72.8147
2023-12-23T17:00,27.7,79,1010.3,Mumbai_Colaba,18.9067,72.8147
2023-12-23T18:00,27.6,73,1011,Mumbai_Colaba,18.9067,72.8147
2023-12-23T19:00,27.3,76,1012,Mumbai_Colaba,18.9067,72.8147
2023-12-23T20:00,27.1,74,1013.1,Mumbai_Colaba,18.9067,72.8147
2023-12-23T21:00,26.9,65,1013.9,Mumbai_Colaba,18.9067,72.8147
2023-12-23T22:00,26.7,64,1014.2,Mumbai_Colaba,18.9067,72.8147
2023-12-23T23:00,26.1,70,1014,Mumbai_Colaba,18.9067,72.8147
2023-12-24T00:00,25.3,75,1013.7,Mumbai_Colaba,18.9067,72.8147
2023-12-24T01:00,24.9,75,1013,Mumbai_Colaba,18.9067,72.8147
2023-12-24T02:00,23.7,81,1012.6,Mumbai_Colaba,18.9067,72.8147
2023-12-24T03:00,22.9,71,1012.3,Mumbai_Colaba,18.9067,72.8147
2023-12-24T04:00,22.8,63,1012.2,Mumbai_Colaba,18.9067,72.8147
2023-12-24T05:00,22.6,61,1012.6,Mumbai_Colaba,18.9067,72.8147
2023-12-24T06:00,23.2,62,1013.2,Mumbai_Colaba,18.9067,72.8147
2023-12-24T07:00,22.7,67,1013.9,Mumbai_Colaba,18.9067,72.8147
2023-12-24T08:00,23.7,58,1014.9,Mumbai_Colaba,18.9067,72.8147
2023-12-24T09:00,25.9,50,1015.7,Mumbai_Colaba,18.9067,72.8147
2023-12-24T10:00,28,45,1015.7,Mumbai_Colaba,18.9067,72.8147
2023-12-24T11:00,28.8,55,1015.1,Mumbai_Colaba,18.9067,72.8147
2023-12-24T12:00,29.1,57,1014,Mumbai_Colaba,18.9067,72.8147
2023-12-24T13:00,28.7,64,1012.6,Mumbai_Colaba,18.9067,72.8147
2023-12-24T14:00,28.3,65,1011.6,Mumbai_Colaba,18.9067,72.8147
2023-12-24T15:00,27.7,69,1011,Mumbai_Colaba,18.9067,72.8147
2023-12-24T16:00,27.4,75,1010.9,Mumbai_Colaba,18.9067,72.8147
2023-12-24T17:00,27.2,79,1011.2,Mumbai_Colaba,18.9067,72.8147
2023-12-24T18:00,27.1,70,1012,Mumbai_Colaba,18.9067,72.8147
2023-12-24T19:00,26.8,73,1012.9,Mumbai_Colaba,18.9067,72.8147
2023-12-24T20:00,26.4,74,1013.7,Mumbai_Colaba,18.9067,72.8147
2023-12-24T21:00,26,74,1014.3,Mumbai_Colaba,18.9067,72.8147
2023-12-24T22:00,25.7,72,1014.4,Mumbai_Colaba,18.9067,72.8147
2023-12-24T23:00,25.2,74,1013.9,Mumbai_Colaba,18.9067,72.8147
2023-12-25T00:00,24.5,69,1013.7,Mumbai_Colaba,18.9067,72.8147
2023-12-25T01:00,24.9,62,1013.4,Mumbai_Colaba,18.9067,72.8147
2023-12-25T02:00,26,56,1013,Mumbai_Colaba,18.9067,72.8147
2023-12-25T03:00,25.9,55,1012.8,Mumbai_Colaba,18.9067,72.8147
2023-12-25T04:00,25.3,57,1012.8,Mumbai_Colaba,18.9067,72.8147
2023-12-25T05:00,24.6,60,1013,Mumbai_Colaba,18.9067,72.8147
2023-12-25T06:00,24.6,60,1014,Mumbai_Colaba,18.9067,72.8147
2023-12-25T07:00,24,63,1014.7,Mumbai_Colaba,18.9067,72.8147
2023-12-25T08:00,24.5,62,1015.2,Mumbai_Colaba,18.9067,72.8147
2023-12-25T09:00,26.4,55,1015.7,Mumbai_Colaba,18.9067,72.8147
2023-12-25T10:00,28.3,49,1015.6,Mumbai_Colaba,18.9067,72.8147
2023-12-25T11:00,28.9,57,1014.9,Mumbai_Colaba,18.9067,72.8147
2023-12-25T12:00,29,60,1013.8,Mumbai_Colaba,18.9067,72.8147
2023-12-25T13:00,28.8,66,1012.5,Mumbai_Colaba,18.9067,72.8147
2023-12-25T14:00,28.6,66,1011.4,Mumbai_Colaba,18.9067,72.8147
2023-12-25T15:00,27.8,73,1010.8,Mumbai_Colaba,18.9067,72.8147
2023-12-25T16:00,27.5,72,1010.8,Mumbai_Colaba,18.9067,72.8147
2023-12-25T17:00,27.5,73,1011,Mumbai_Colaba,18.9067,72.8147
2023-12-25T18:00,26.9,78,1011.6,Mumbai_Colaba,18.9067,72.8147
2023-12-25T19:00,27.1,71,1012.4,Mumbai_Colaba,18.9067,72.8147
2023-12-25T20:00,26.8,68,1013.1,Mumbai_Colaba,18.9067,72.8147
2023-12-25T21:00,26.3,62,1013.9,Mumbai_Colaba,18.9067,72.8147
2023-12-25T22:00,25.9,63,1013.8,Mumbai_Colaba,18.9067,72.8147
2023-12-25T23:00,25.4,69,1013.5,Mumbai_Colaba,18.9067,72.8147
2023-12-26T00:00,24.7,75,1012.9,Mumbai_Colaba,18.9067,72.8147
2023-12-26T01:00,24,80,1012.5,Mumbai_Colaba,18.9067,72.8147
2023-12-26T02:00,23.1,86,1012.2,Mumbai_Colaba,18.9067,72.8147
2023-12-26T03:00,22.2,93,1012,Mumbai_Colaba,18.9067,72.8147
2023-12-26T04:00,21.4,94,1011.9,Mumbai_Colaba,18.9067,72.8147
2023-12-26T05:00,20.8,97,1012.2,Mumbai_Colaba,18.9067,72.8147
2023-12-26T06:00,21.7,94,1013.2,Mumbai_Colaba,18.9067,72.8147
2023-12-26T07:00,21.9,91,1014,Mumbai_Colaba,18.9067,72.8147
2023-12-26T08:00,23,75,1014.9,Mumbai_Colaba,18.9067,72.8147
2023-12-26T09:00,26.2,61,1015.5,Mumbai_Colaba,18.9067,72.8147
2023-12-26T10:00,28,68,1015.3,Mumbai_Colaba,18.9067,72.8147
2023-12-26T11:00,30.2,44,1014.8,Mumbai_Colaba,18.9067,72.8147
2023-12-26T12:00,28.9,65,1013.7,Mumbai_Colaba,18.9067,72.8147
2023-12-26T13:00,28.5,74,1012.7,Mumbai_Colaba,18.9067,72.8147
2023-12-26T14:00,28.5,74,1011.9,Mumbai_Colaba,18.9067,72.8147
2023-12-26T15:00,28.8,64,1011.6,Mumbai_Colaba,18.9067,72.8147
2023-12-26T16:00,28.4,72,1011.4,Mumbai_Colaba,18.9067,72.8147
2023-12-26T17:00,27.8,79,1011.7,Mumbai_Colaba,18.9067,72.8147
2023-12-26T18:00,27.2,80,1012.5,Mumbai_Colaba,18.9067,72.8147
2023-12-26T19:00,27,79,1013.1,Mumbai_Colaba,18.9067,72.8147
2023-12-26T20:00,26.8,79,1013.6,Mumbai_Colaba,18.9067,72.8147
2023-12-26T21:00,26.5,71,1014.2,Mumbai_Colaba,18.9067,72.8147
2023-12-26T22:00,26.1,63,1014.6,Mumbai_Colaba,18.9067,72.8147
2023-12-26T23:00,25.7,65,1014.2,Mumbai_Colaba,18.9067,72.8147
2023-12-27T00:00,25,70,1013.8,Mumbai_Colaba,18.9067,72.8147
2023-12-27T01:00,24.7,73,1013.5,Mumbai_Colaba,18.9067,72.8147
2023-12-27T02:00,24.4,75,1013,Mumbai_Colaba,18.9067,72.8147
2023-12-27T03:00,23.9,76,1012.6,Mumbai_Colaba,18.9067,72.8147
2023-12-27T04:00,23.5,78,1012.7,Mumbai_Colaba,18.9067,72.8147
2023-12-27T05:00,22.7,83,1013.2,Mumbai_Colaba,18.9067,72.8147
2023-12-27T06:00,22.7,87,1014.4,Mumbai_Colaba,18.9067,72.8147
2023-12-27T07:00,22.2,87,1015.2,Mumbai_Colaba,18.9067,72.8147
2023-12-27T08:00,23.2,74,1015.8,Mumbai_Colaba,18.9067,72.8147
2023-12-27T09:00,25.6,60,1016.2,Mumbai_Colaba,18.9067,72.8147
2023-12-27T10:00,28.5,56,1016.2,Mumbai_Colaba,18.9067,72.8147
2023-12-27T11:00,29.2,62,1015.5,Mumbai_Colaba,18.9067,72.8147
2023-12-27T12:00,30.4,52,1014,Mumbai_Colaba,18.9067,72.8147
2023-12-27T13:00,29.8,61,1012.5,Mumbai_Colaba,18.9067,72.8147
2023-12-27T14:00,29.1,74,1011.5,Mumbai_Colaba,18.9067,72.8147
2023-12-27T15:00,28.7,74,1010.7,Mumbai_Colaba,18.9067,72.8147
2023-12-27T16:00,28,77,1010.6,Mumbai_Colaba,18.9067,72.8147
2023-12-27T17:00,27.4,81,1010.9,Mumbai_Colaba,18.9067,72.8147
2023-12-27T18:00,28.1,66,1011.4,Mumbai_Colaba,18.9067,72.8147
2023-12-27T19:00,27.9,69,1012,Mumbai_Colaba,18.9067,72.8147
2023-12-27T20:00,27,84,1012.6,Mumbai_Colaba,18.9067,72.8147
2023-12-27T21:00,26.9,75,1013.2,Mumbai_Colaba,18.9067,72.8147
2023-12-27T22:00,26.6,69,1013.4,Mumbai_Colaba,18.9067,72.8147
2023-12-27T23:00,26.5,68,1013,Mumbai_Colaba,18.9067,72.8147
2023-12-28T00:00,26.1,67,1012.5,Mumbai_Colaba,18.9067,72.8147
2023-12-28T01:00,25.6,73,1011.9,Mumbai_Colaba,18.9067,72.8147
2023-12-28T02:00,25,72,1011.5,Mumbai_Colaba,18.9067,72.8147
2023-12-28T03:00,23.9,78,1011.3,Mumbai_Colaba,18.9067,72.8147
2023-12-28T04:00,22.9,85,1011.3,Mumbai_Colaba,18.9067,72.8147
2023-12-28T05:00,22.7,83,1011.5,Mumbai_Colaba,18.9067,72.8147
2023-12-28T06:00,22.6,84,1012.3,Mumbai_Colaba,18.9067,72.8147
2023-12-28T07:00,22.9,82,1013,Mumbai_Colaba,18.9067,72.8147
2023-12-28T08:00,24.2,74,1013.5,Mumbai_Colaba,18.9067,72.8147
2023-12-28T09:00,26.5,64,1013.9,Mumbai_Colaba,18.9067,72.8147
2023-12-28T10:00,28,63,1013.7,Mumbai_Colaba,18.9067,72.8147
2023-12-28T11:00,28.3,69,1012.8,Mumbai_Colaba,18.9067,72.8147
2023-12-28T12:00,28.9,63,1011.7,Mumbai_Colaba,18.9067,72.8147
2023-12-28T13:00,28.6,66,1010.4,Mumbai_Colaba,18.9067,72.8147
2023-12-28T14:00,28.2,71,1009.5,Mumbai_Colaba,18.9067,72.8147
2023-12-28T15:00,28,71,1009.1,Mumbai_Colaba,18.9067,72.8147
2023-12-28T16:00,28,74,1009.1,Mumbai_Colaba,18.9067,72.8147
2023-12-28T17:00,27.9,75,1009.7,Mumbai_Colaba,18.9067,72.8147
2023-12-28T18:00,27.2,86,1010.3,Mumbai_Colaba,18.9067,72.8147
2023-12-28T19:00,27.2,80,1011.3,Mumbai_Colaba,18.9067,72.8147
2023-12-28T20:00,27.2,76,1012,Mumbai_Colaba,18.9067,72.8147
2023-12-28T21:00,26.6,76,1012.6,Mumbai_Colaba,18.9067,72.8147
2023-12-28T22:00,26.3,67,1013,Mumbai_Colaba,18.9067,72.8147
2023-12-28T23:00,26.1,66,1012.8,Mumbai_Colaba,18.9067,72.8147
2023-12-29T00:00,25.4,74,1012.6,Mumbai_Colaba,18.9067,72.8147
2023-12-29T01:00,24.9,78,1012.3,Mumbai_Colaba,18.9067,72.8147
2023-12-29T02:00,24.5,80,1011.7,Mumbai_Colaba,18.9067,72.8147
2023-12-29T03:00,24.2,81,1011.2,Mumbai_Colaba,18.9067,72.8147
2023-12-29T04:00,23.8,81,1011.2,Mumbai_Colaba,18.9067,72.8147
2023-12-29T05:00,23.2,83,1011.4,Mumbai_Colaba,18.9067,72.8147
2023-12-29T06:00,22.6,92,1012.2,Mumbai_Colaba,18.9067,72.8147
2023-12-29T07:00,22.1,95,1012.8,Mumbai_Colaba,18.9067,72.8147
2023-12-29T08:00,23,79,1013.5,Mumbai_Colaba,18.9067,72.8147
2023-12-29T09:00,25.1,66,1013.9,Mumbai_Colaba,18.9067,72.8147
2023-12-29T10:00,27.6,58,1013.7,Mumbai_Colaba,18.9067,72.8147
2023-12-29T11:00,28.3,70,1012.6,Mumbai_Colaba,18.9067,72.8147
2023-12-29T12:00,28.8,68,1011.5,Mumbai_Colaba,18.9067,72.8147
2023-12-29T13:00,28.7,72,1010.4,Mumbai_Colaba,18.9067,72.8147
2023-12-29T14:00,28.3,78,1009.6,Mumbai_Colaba,18.9067,72.8147
2023-12-29T15:00,28.5,67,1009.3,Mumbai_Colaba,18.9067,72.8147
2023-12-29T16:00,28.3,73,1009.4,Mumbai_Colaba,18.9067,72.8147
2023-12-29T17:00,28.1,77,1009.9,Mumbai_Colaba,18.9067,72.8147
2023-12-29T18:00,27.1,83,1010.5,Mumbai_Colaba,18.9067,72.8147
2023-12-29T19:00,27.1,83,1011.4,Mumbai_Colaba,18.9067,72.8147
2023-12-29T20:00,27,81,1012.3,Mumbai_Colaba,18.9067,72.8147
2023-12-29T21:00,26.5,79,1013,Mumbai_Colaba,18.9067,72.8147
2023-12-29T22:00,25.6,79,1013.1,Mumbai_Colaba,18.9067,72.8147
2023-12-29T23:00,25.2,79,1013,Mumbai_Colaba,18.9067,72.8147
2023-12-30T00:00,24.6,82,1012.4,Mumbai_Colaba,18.9067,72.8147
2023-12-30T01:00,24.1,80,1012,Mumbai_Colaba,18.9067,72.8147
2023-12-30T02:00,23.6,81,1011.4,Mumbai_Colaba,18.9067,72.8147
2023-12-30T03:00,23.2,83,1010.9,Mumbai_Colaba,18.9067,72.8147
2023-12-30T04:00,22.9,84,1010.6,Mumbai_Colaba,18.9067,72.8147
2023-12-30T05:00,22.6,84,1010.8,Mumbai_Colaba,18.9067,72.8147
2023-12-30T06:00,22.9,81,1011.9,Mumbai_Colaba,18.9067,72.8147
2023-12-30T07:00,21.7,94,1012.4,Mumbai_Colaba,18.9067,72.8147
2023-12-30T08:00,22.8,80,1012.9,Mumbai_Colaba,18.9067,72.8147
2023-12-30T09:00,24.8,67,1013.7,Mumbai_Colaba,18.9067,72.8147
2023-12-30T10:00,26.8,61,1013.6,Mumbai_Colaba,18.9067,72.8147
2023-12-30T11:00,28.1,64,1012.9,Mumbai_Colaba,18.9067,72.8147
2023-12-30T12:00,28.5,67,1011.9,Mumbai_Colaba,18.9067,72.8147
2023-12-30T13:00,28.2,73,1010.8,Mumbai_Colaba,18.9067,72.8147
2023-12-30T14:00,27.8,78,1010,Mumbai_Colaba,18.9067,72.8147
2023-12-30T15:00,27.8,78,1009.4,Mumbai_Colaba,18.9067,72.8147
2023-12-30T16:00,27.6,79,1009.3,Mumbai_Colaba,18.9067,72.8147
2023-12-30T17:00,27.3,81,1009.6,Mumbai_Colaba,18.9067,72.8147
2023-12-30T18:00,26.9,82,1010.2,Mumbai_Colaba,18.9067,72.8147
2023-12-30T19:00,26.7,85,1011,Mumbai_Colaba,18.9067,72.8147
2023-12-30T20:00,26.5,84,1011.7,Mumbai_Colaba,18.9067,72.8147
2023-12-30T21:00,26.3,82,1012.2,Mumbai_Colaba,18.9067,72.8147
2023-12-30T22:00,26.1,74,1012.5,Mumbai_Colaba,18.9067,72.8147
2023-12-30T23:00,25.9,70,1012.1,Mumbai_Colaba,18.9067,72.8147
2023-12-31T00:00,24.9,81,1011.8,Mumbai_Colaba,18.9067,72.8147
2023-12-31T01:00,23.8,89,1011.5,Mumbai_Colaba,18.9067,72.8147
2023-12-31T02:00,23.3,88,1011.1,Mumbai_Colaba,18.9067,72.8147
2023-12-31T03:00,23.2,87,1010.5,Mumbai_Colaba,18.9067,72.8147
2023-12-31T04:00,23,86,1010.4,Mumbai_Colaba,18.9067,72.8147
2023-12-31T05:00,22.9,88,1010.5,Mumbai_Colaba,18.9067,72.8147
2023-12-31T06:00,22.9,87,1011.5,Mumbai_Colaba,18.9067,72.8147
2023-12-31T07:00,22.9,84,1011.8,Mumbai_Colaba,18.9067,72.8147
2023-12-31T08:00,23.5,74,1012.3,Mumbai_Colaba,18.9067,72.8147
2023-12-31T09:00,25.7,59,1012.9,Mumbai_Colaba,18.9067,72.8147
2023-12-31T10:00,27.8,51,1012.8,Mumbai_Colaba,18.9067,72.8147
2023-12-31T11:00,28.5,61,1012,Mumbai_Colaba,18.9067,72.8147
2023-12-31T12:00,28.8,61,1011.1,Mumbai_Colaba,18.9067,72.8147
2023-12-31T13:00,28.3,67,1009.8,Mumbai_Colaba,18.9067,72.8147
2023-12-31T14:00,27.9,68,1008.8,Mumbai_Colaba,18.9067,72.8147
2023-12-31T15:00,27.9,69,1008.3,Mumbai_Colaba,18.9067,72.8147
2023-12-31T16:00,28,70,1008.2,Mumbai_Colaba,18.9067,72.8147
2023-12-31T17:00,27.6,73,1008.6,Mumbai_Colaba,18.9067,72.8147
2023-12-31T18:00,27.3,69,1009.7,Mumbai_Colaba,18.9067,72.8147
2023-12-31T19:00,27.1,74,1010.5,Mumbai_Colaba,18.9067,72.8147
2023-12-31T20:00,26.8,79,1011.3,Mumbai_Colaba,18.9067,72.8147
2023-12-31T21:00,26.4,76,1011.9,Mumbai_Colaba,18.9067,72.8147
2023-12-31T22:00,26,71,1012,Mumbai_Colaba,18.9067,72.8147
2023-12-31T23:00,25.5,73,1012,Mumbai_Colaba,18.9067,72.8147