timestamp,temperature_c,relative_humidity_pct,surface_pressure_hpa,station,latitude,longitude
2023-01-01T00:00,9.2,90,994,New_Delhi,28.6139,77.209
2023-01-01T01:00,8.8,91,994,New_Delhi,28.6139,77.209
2023-01-01T02:00,8.2,92,993.6,New_Delhi,28.6139,77.209
2023-01-01T03:00,7.9,93,993.4,New_Delhi,28.6139,77.209
2023-01-01T04:00,7.9,93,993.4,New_Delhi,28.6139,77.209
2023-01-01T05:00,8,95,994,New_Delhi,28.6139,77.209
2023-01-01T06:00,8,95,994.6,New_Delhi,28.6139,77.209
2023-01-01T07:00,8.1,95,995,New_Delhi,28.6139,77.209
2023-01-01T08:00,9.5,90,995.7,New_Delhi,28.6139,77.209
2023-01-01T09:00,12,84,996.7,New_Delhi,28.6139,77.209
2023-01-01T10:00,14.4,75,997.4,New_Delhi,28.6139,77.209
2023-01-01T11:00,16.2,68,997.1,New_Delhi,28.6139,77.209
2023-01-01T12:00,17.3,63,996.1,New_Delhi,28.6139,77.209
2023-01-01T13:00,18,60,995.2,New_Delhi,28.6139,77.209
2023-01-01T14:00,18.3,56,994.4,New_Delhi,28.6139,77.209
2023-01-01T15:00,18.2,55,994,New_Delhi,28.6139,77.209
2023-01-01T16:00,17.4,62,994.1,New_Delhi,28.6139,77.209
2023-01-01T17:00,16.8,63,994.7,New_Delhi,28.6139,77.209
2023-01-01T18:00,15.8,67,994.8,New_Delhi,28.6139,77.209
2023-01-01T19:00,14.9,71,995.1,New_Delhi,28.6139,77.209
2023-01-01T20:00,12,82,995.5,New_Delhi,28.6139,77.209
2023-01-01T21:00,10.6,85,995.3,New_Delhi,28.6139,77.209
2023-01-01T22:00,10.8,82,995.5,New_Delhi,28.6139,77.209
2023-01-01T23:00,11.2,78,995.3,New_Delhi,28.6139,77.209
2023-01-02T00:00,9.3,86,995.1,New_Delhi,28.6139,77.209
2023-01-02T01:00,8.6,90,994.7,New_Delhi,28.6139,77.209
2023-01-02T02:00,8.1,92,994.1,New_Delhi,28.6139,77.209
2023-01-02T03:00,7.3,95,994.1,New_Delhi,28.6139,77.209
2023-01-02T04:00,8.9,92,993.9,New_Delhi,28.6139,77.209
2023-01-02T05:00,6.5,95,994.4,New_Delhi,28.6139,77.209
2023-01-02T06:00,6.7,95,995.1,New_Delhi,28.6139,77.209
2023-01-02T07:00,6.3,95,995.9,New_Delhi,28.6139,77.209
2023-01-02T08:00,8.8,91,996.9,New_Delhi,28.6139,77.209
2023-01-02T09:00,12.1,83,997.9,New_Delhi,28.6139,77.209
2023-01-02T10:00,15,73,998.4,New_Delhi,28.6139,77.209
2023-01-02T11:00,16.6,65,997.8,New_Delhi,28.6139,77.209
2023-01-02T12:00,17.5,58,996.9,New_Delhi,28.6139,77.209
2023-01-02T13:00,18,55,995.9,New_Delhi,28.6139,77.209
2023-01-02T14:00,18.2,53,995.1,New_Delhi,28.6139,77.209
2023-01-02T15:00,17.9,53,994.5,New_Delhi,28.6139,77.209
2023-01-02T16:00,17,59,994.6,New_Delhi,28.6139,77.209
2023-01-02T17:00,15.2,68,995.2,New_Delhi,28.6139,77.209
2023-01-02T18:00,14.1,73,995.8,New_Delhi,28.6139,77.209
2023-01-02T19:00,13.3,76,996.3,New_Delhi,28.6139,77.209
2023-01-02T20:00,12.8,77,996.7,New_Delhi,28.6139,77.209
2023-01-02T21:00,12.4,79,996.7,New_Delhi,28.6139,77.209
2023-01-02T22:00,12.2,80,996.8,New_Delhi,28.6139,77.209
2023-01-02T23:00,11.7,82,996.5,New_Delhi,28.6139,77.209
2023-01-03T00:00,11,86,996.3,New_Delhi,28.6139,77.209
2023-01-03T01:00,10.4,90,995.8,New_Delhi,28.6139,77.209
2023-01-03T02:00,9.5,93,996,New_Delhi,28.6139,77.209
2023-01-03T03:00,8.5,98,995.6,New_Delhi,28.6139,77.209
2023-01-03T04:00,7.8,99,995.5,New_Delhi,28.6139,77.209
2023-01-03T05:00,6,98,995.5,New_Delhi,28.6139,77.209
2023-01-03T06:00,6.5,99,996.2,New_Delhi,28.6139,77.209
2023-01-03T07:00,6.7,99,997,New_Delhi,28.6139,77.209
2023-01-03T08:00,7.8,96,998,New_Delhi,28.6139,77.209
2023-01-03T09:00,9.7,93,999,New_Delhi,28.6139,77.209
2023-01-03T10:00,11.1,92,999.2,New_Delhi,28.6139,77.209
2023-01-03T11:00,13.6,78,999.1,New_Delhi,28.6139,77.209
2023-01-03T12:00,15.3,67,997.7,New_Delhi,28.6139,77.209
2023-01-03T13:00,16.2,62,996.8,New_Delhi,28.6139,77.209
2023-01-03T14:00,16.6,59,995.9,New_Delhi,28.6139,77.209
2023-01-03T15:00,16.5,57,995.3,New_Delhi,28.6139,77.209
2023-01-03T16:00,15.8,61,995.4,New_Delhi,28.6139,77.209
2023-01-03T17:00,11.9,81,995.8,New_Delhi,28.6139,77.209
2023-01-03T18:00,10.7,87,996.3,New_Delhi,28.6139,77.209
2023-01-03T19:00,10,88,996.8,New_Delhi,28.6139,77.209
2023-01-03T20:00,9.6,88,996.9,New_Delhi,28.6139,77.209
2023-01-03T21:00,8.9,90,997,New_Delhi,28.6139,77.209
2023-01-03T22:00,8.2,93,997.2,New_Delhi,28.6139,77.209
2023-01-03T23:00,7.6,95,997.2,New_Delhi,28.6139,77.209
2023-01-04T00:00,7.3,96,996.7,New_Delhi,28.6139,77.209
2023-01-04T01:00,7.3,96,996.5,New_Delhi,28.6139,77.209
2023-01-04T02:00,7.1,97,996.2,New_Delhi,28.6139,77.209
2023-01-04T03:00,6.8,97,995.9,New_Delhi,28.6139,77.209
2023-01-04T04:00,6.6,98,995.8,New_Delhi,28.6139,77.209
2023-01-04T05:00,5.4,99,996.7,New_Delhi,28.6139,77.209
2023-01-04T06:00,5.7,99,997.3,New_Delhi,28.6139,77.209
2023-01-04T07:00,5.9,99,997.9,New_Delhi,28.6139,77.209
2023-01-04T08:00,7.1,96,998.8,New_Delhi,28.6139,77.209
2023-01-04T09:00,9.1,90,999.6,New_Delhi,28.6139,77.209
2023-01-04T10:00,11.3,83,999.7,New_Delhi,28.6139,77.209
2023-01-04T11:00,13.2,76,998.9,New_Delhi,28.6139,77.209
2023-01-04T12:00,14.8,70,997.9,New_Delhi,28.6139,77.209
2023-01-04T13:00,15.8,65,996.6,New_Delhi,28.6139,77.209
2023-01-04T14:00,16.4,63,995.9,New_Delhi,28.6139,77.209
2023-01-04T15:00,16.5,62,995.5,New_Delhi,28.6139,77.209
2023-01-04T16:00,15.9,65,995.6,New_Delhi,28.6139,77.209
2023-01-04T17:00,11.1,87,996.3,New_Delhi,28.6139,77.209
2023-01-04T18:00,10,90,996.6,New_Delhi,28.6139,77.209
2023-01-04T19:00,9.5,91,996.7,New_Delhi,28.6139,77.209
2023-01-04T20:00,8.5,93,997.1,New_Delhi,28.6139,77.209
2023-01-04T21:00,7.6,95,997.3,New_Delhi,28.6139,77.209
2023-01-04T22:00,6.7,97,997.2,New_Delhi,28.6139,77.209
2023-01-04T23:00,7.1,97,997.4,New_Delhi,28.6139,77.209
2023-01-05T00:00,6.4,98,996.8,New_Delhi,28.6139,77.209
2023-01-05T01:00,5.8,99,996.5,New_Delhi,28.6139,77.209
2023-01-05T02:00,6,99,996.2,New_Delhi,28.6139,77.209
2023-01-05T03:00,5.9,99,996,New_Delhi,28.6139,77.209
2023-01-05T04:00,5.7,100,995.9,New_Delhi,28.6139,77.209
2023-01-05T05:00,5.4,99,996.8,New_Delhi,28.6139,77.209
2023-01-05T06:00,5.7,98,997.5,New_Delhi,28.6139,77.209
2023-01-05T07:00,5.8,99,998.2,New_Delhi,28.6139,77.209
2023-01-05T08:00,6.5,98,999,New_Delhi,28.6139,77.209
2023-01-05T09:00,7.8,97,1000.2,New_Delhi,28.6139,77.209
2023-01-05T10:00,9.1,95,1000.5,New_Delhi,28.6139,77.209
2023-01-05T11:00,11.4,83,1000.3,New_Delhi,28.6139,77.209
2023-01-05T12:00,13.3,76,999.2,New_Delhi,28.6139,77.209
2023-01-05T13:00,14.6,68,998.2,New_Delhi,28.6139,77.209
2023-01-05T14:00,15.4,64,997.2,New_Delhi,28.6139,77.209
2023-01-05T15:00,15.4,64,996.7,New_Delhi,28.6139,77.209
2023-01-05T16:00,14.9,67,996.6,New_Delhi,28.6139,77.209
2023-01-05T17:00,10.8,84,997.6,New_Delhi,28.6139,77.209
2023-01-05T18:00,9.8,86,998,New_Delhi,28.6139,77.209
2023-01-05T19:00,8.7,90,998.3,New_Delhi,28.6139,77.209
2023-01-05T20:00,8.7,92,999,New_Delhi,28.6139,77.209
2023-01-05T21:00,8.4,93,999.1,New_Delhi,28.6139,77.209
2023-01-05T22:00,6.9,96,999.1,New_Delhi,28.6139,77.209
2023-01-05T23:00,5.6,97,998.7,New_Delhi,28.6139,77.209
2023-01-06T00:00,4.9,99,998.3,New_Delhi,28.6139,77.209
2023-01-06T01:00,4.8,100,997.8,New_Delhi,28.6139,77.209
2023-01-06T02:00,4.9,99,997.2,New_Delhi,28.6139,77.209
2023-01-06T03:00,5,99,996.7,New_Delhi,28.6139,77.209
2023-01-06T04:00,5,99,996.3,New_Delhi,28.6139,77.209
2023-01-06T05:00,6.4,97,998.1,New_Delhi,28.6139,77.209
2023-01-06T06:00,6.9,97,998.5,New_Delhi,28.6139,77.209
2023-01-06T07:00,7.1,93,999.3,New_Delhi,28.6139,77.209
2023-01-06T08:00,7.4,91,1000.3,New_Delhi,28.6139,77.209
2023-01-06T09:00,7.9,86,1001,New_Delhi,28.6139,77.209
2023-01-06T10:00,9.3,80,1001.7,New_Delhi,28.6139,77.209
2023-01-06T11:00,10.6,76,1001.1,New_Delhi,28.6139,77.209
2023-01-06T12:00,12.1,73,1000.2,New_Delhi,28.6139,77.209
2023-01-06T13:00,13.1,71,999,New_Delhi,28.6139,77.209
2023-01-06T14:00,13.9,67,998.3,New_Delhi,28.6139,77.209
2023-01-06T15:00,14.1,66,997.6,New_Delhi,28.6139,77.209
2023-01-06T16:00,13.6,67,997.4,New_Delhi,28.6139,77.209
2023-01-06T17:00,10.6,82,997.5,New_Delhi,28.6139,77.209
2023-01-06T18:00,8.3,90,997.8,New_Delhi,28.6139,77.209
2023-01-06T19:00,8.4,91,998.2,New_Delhi,28.6139,77.209
2023-01-06T20:00,8,91,998.7,New_Delhi,28.6139,77.209
2023-01-06T21:00,6.1,94,998.3,New_Delhi,28.6139,77.209
2023-01-06T22:00,6.1,95,998.7,New_Delhi,28.6139,77.209
2023-01-06T23:00,5.3,96,998.4,New_Delhi,28.6139,77.209
2023-01-07T00:00,4.6,98,997.6,New_Delhi,28.6139,77.209
2023-01-07T01:00,4,99,997.1,New_Delhi,28.6139,77.209
2023-01-07T02:00,4.4,99,996.5,New_Delhi,28.6139,77.209
2023-01-07T03:00,4.5,99,996.1,New_Delhi,28.6139,77.209
2023-01-07T04:00,4.3,100,995.7,New_Delhi,28.6139,77.209
2023-01-07T05:00,3.8,99,996.6,New_Delhi,28.6139,77.209
2023-01-07T06:00,4.7,97,997.2,New_Delhi,28.6139,77.209
2023-01-07T07:00,5.4,96,998,New_Delhi,28.6139,77.209
2023-01-07T08:00,5.9,97,998.7,New_Delhi,28.6139,77.209
2023-01-07T09:00,6.9,93,999,New_Delhi,28.6139,77.209
2023-01-07T10:00,8.8,85,999.4,New_Delhi,28.6139,77.209
2023-01-07T11:00,10.8,79,998.7,New_Delhi,28.6139,77.209
2023-01-07T12:00,12.6,73,997.6,New_Delhi,28.6139,77.209
2023-01-07T13:00,14.2,67,996.4,New_Delhi,28.6139,77.209
2023-01-07T14:00,15.1,64,995.4,New_Delhi,28.6139,77.209
2023-01-07T15:00,15.3,63,994.6,New_Delhi,28.6139,77.209
2023-01-07T16:00,14.7,67,994.3,New_Delhi,28.6139,77.209
2023-01-07T17:00,10.1,85,994.8,New_Delhi,28.6139,77.209
2023-01-07T18:00,8.9,87,995.2,New_Delhi,28.6139,77.209
2023-01-07T19:00,8.6,88,995.9,New_Delhi,28.6139,77.209
2023-01-07T20:00,8.3,88,996.1,New_Delhi,28.6139,77.209
2023-01-07T21:00,7.9,89,996.2,New_Delhi,28.6139,77.209
2023-01-07T22:00,7.4,92,996.2,New_Delhi,28.6139,77.209
2023-01-07T23:00,6.8,94,995.4,New_Delhi,28.6139,77.209
2023-01-08T00:00,6.4,95,994.7,New_Delhi,28.6139,77.209
2023-01-08T01:00,6,97,993.9,New_Delhi,28.6139,77.209
2023-01-08T02:00,5.8,97,993.3,New_Delhi,28.6139,77.209
2023-01-08T03:00,5.8,97,992.8,New_Delhi,28.6139,77.209
2023-01-08T04:00,5.8,98,992.6,New_Delhi,28.6139,77.209
2023-01-08T05:00,5.7,99,993.5,New_Delhi,28.6139,77.209
2023-01-08T06:00,6,100,993.9,New_Delhi,28.6139,77.209
2023-01-08T07:00,6.5,99,994.5,New_Delhi,28.6139,77.209
2023-01-08T08:00,7.1,99,995,New_Delhi,28.6139,77.209
2023-01-08T09:00,8.2,97,995.7,New_Delhi,28.6139,77.209
2023-01-08T10:00,10,89,996.2,New_Delhi,28.6139,77.209
2023-01-08T11:00,12.4,80,995.5,New_Delhi,28.6139,77.209
2023-01-08T12:00,14.4,74,994.5,New_Delhi,28.6139,77.209
2023-01-08T13:00,15.9,69,993.5,New_Delhi,28.6139,77.209
2023-01-08T14:00,16.8,66,992.6,New_Delhi,28.6139,77.209
2023-01-08T15:00,17.1,64,992.4,New_Delhi,28.6139,77.209
2023-01-08T16:00,16.5,69,992.6,New_Delhi,28.6139,77.209
2023-01-08T17:00,11.8,88,992.5,New_Delhi,28.6139,77.209
2023-01-08T18:00,10.7,88,993.1,New_Delhi,28.6139,77.209
2023-01-08T19:00,11.1,86,993.7,New_Delhi,28.6139,77.209
2023-01-08T20:00,9.4,91,994.1,New_Delhi,28.6139,77.209
2023-01-08T21:00,11.2,88,994.5,New_Delhi,28.6139,77.209
2023-01-08T22:00,11.1,88,994.5,New_Delhi,28.6139,77.209
2023-01-08T23:00,11.2,87,994.5,New_Delhi,28.6139,77.209
2023-01-09T00:00,10.8,87,994,New_Delhi,28.6139,77.209
2023-01-09T01:00,8.2,93,993.5,New_Delhi,28.6139,77.209
2023-01-09T02:00,6,99,993,New_Delhi,28.6139,77.209
2023-01-09T03:00,5.7,100,992.4,New_Delhi,28.6139,77.209
2023-01-09T04:00,6.6,100,992.6,New_Delhi,28.6139,77.209
2023-01-09T05:00,6.6,99,993.9,New_Delhi,28.6139,77.209
2023-01-09T06:00,6.6,99,994.8,New_Delhi,28.6139,77.209
2023-01-09T07:00,6.6,98,995.6,New_Delhi,28.6139,77.209
2023-01-09T08:00,7.4,98,996.3,New_Delhi,28.6139,77.209
2023-01-09T09:00,8.7,96,997.1,New_Delhi,28.6139,77.209
2023-01-09T10:00,10.7,91,997.5,New_Delhi,28.6139,77.209
2023-01-09T11:00,12.6,88,997,New_Delhi,28.6139,77.209
2023-01-09T12:00,15.3,78,996.1,New_Delhi,28.6139,77.209
2023-01-09T13:00,16.8,70,995.1,New_Delhi,28.6139,77.209
2023-01-09T14:00,17.2,66,994.2,New_Delhi,28.6139,77.209
2023-01-09T15:00,17.4,65,993.8,New_Delhi,28.6139,77.209
2023-01-09T16:00,16.9,70,993.9,New_Delhi,28.6139,77.209
2023-01-09T17:00,13.8,86,993.7,New_Delhi,28.6139,77.209
2023-01-09T18:00,13.4,85,994,New_Delhi,28.6139,77.209
2023-01-09T19:00,13,87,994.3,New_Delhi,28.6139,77.209
2023-01-09T20:00,12.2,89,994.7,New_Delhi,28.6139,77.209
2023-01-09T21:00,12.5,89,994.9,New_Delhi,28.6139,77.209
2023-01-09T22:00,10.5,95,994.8,New_Delhi,28.6139,77.209
2023-01-09T23:00,10.5,95,994.7,New_Delhi,28.6139,77.209
2023-01-10T00:00,9.6,96,994.1,New_Delhi,28.6139,77.209
2023-01-10T01:00,9.4,97,994,New_Delhi,28.6139,77.209
2023-01-10T02:00,9.4,97,993.6,New_Delhi,28.6139,77.209
2023-01-10T03:00,9.5,97,993.4,New_Delhi,28.6139,77.209
2023-01-10T04:00,8.8,98,993.3,New_Delhi,28.6139,77.209
2023-01-10T05:00,7.5,99,994.3,New_Delhi,28.6139,77.209
2023-01-10T06:00,7.6,99,994.7,New_Delhi,28.6139,77.209
2023-01-10T07:00,7.6,98,995.1,New_Delhi,28.6139,77.209
2023-01-10T08:00,8.3,96,995.6,New_Delhi,28.6139,77.209
2023-01-10T09:00,9.2,95,996.4,New_Delhi,28.6139,77.209
2023-01-10T10:00,10.7,95,996.3,New_Delhi,28.6139,77.209
2023-01-10T11:00,12.9,88,995.8,New_Delhi,28.6139,77.209
2023-01-10T12:00,15.5,78,994.6,New_Delhi,28.6139,77.209
2023-01-10T13:00,17.2,71,993.6,New_Delhi,28.6139,77.209
2023-01-10T14:00,18.1,67,992.6,New_Delhi,28.6139,77.209
2023-01-10T15:00,18.4,66,992.2,New_Delhi,28.6139,77.209
2023-01-10T16:00,17.8,69,992,New_Delhi,28.6139,77.209
2023-01-10T17:00,14,85,992.1,New_Delhi,28.6139,77.209
2023-01-10T18:00,12.1,89,992.2,New_Delhi,28.6139,77.209
2023-01-10T19:00,11.4,91,992.4,New_Delhi,28.6139,77.209
2023-01-10T20:00,11.3,91,992.9,New_Delhi,28.6139,77.209
2023-01-10T21:00,10.7,92,992.6,New_Delhi,28.6139,77.209
2023-01-10T22:00,10.4,93,992.6,New_Delhi,28.6139,77.209
2023-01-10T23:00,9.9,95,992.2,New_Delhi,28.6139,77.209
2023-01-11T00:00,9.5,96,991.6,New_Delhi,28.6139,77.209
2023-01-11T01:00,8.8,97,990.5,New_Delhi,28.6139,77.209
2023-01-11T02:00,8.7,97,989.8,New_Delhi,28.6139,77.209
2023-01-11T03:00,8.4,98,989.1,New_Delhi,28.6139,77.209
2023-01-11T04:00,8.4,99,988.7,New_Delhi,28.6139,77.209
2023-01-11T05:00,7.6,99,989.8,New_Delhi,28.6139,77.209
2023-01-11T06:00,7.7,100,990.2,New_Delhi,28.6139,77.209
2023-01-11T07:00,8,99,990.7,New_Delhi,28.6139,77.209
2023-01-11T08:00,8.6,98,991.3,New_Delhi,28.6139,77.209
2023-01-11T09:00,9.5,97,991.9,New_Delhi,28.6139,77.209
2023-01-11T10:00,11.6,90,992.2,New_Delhi,28.6139,77.209
2023-01-11T11:00,14.3,82,991.5,New_Delhi,28.6139,77.209
2023-01-11T12:00,16.7,71,990.4,New_Delhi,28.6139,77.209
2023-01-11T13:00,18.4,61,989.2,New_Delhi,28.6139,77.209
2023-01-11T14:00,19.4,56,988.3,New_Delhi,28.6139,77.209
2023-01-11T15:00,19.7,54,987.5,New_Delhi,28.6139,77.209
2023-01-11T16:00,18.9,64,987.3,New_Delhi,28.6139,77.209
2023-01-11T17:00,14.8,76,987.1,New_Delhi,28.6139,77.209
2023-01-11T18:00,13.6,81,987.6,New_Delhi,28.6139,77.209
2023-01-11T19:00,12.8,85,988,New_Delhi,28.6139,77.209
2023-01-11T20:00,12.3,87,988.6,New_Delhi,28.6139,77.209
2023-01-11T21:00,11.7,90,989,New_Delhi,28.6139,77.209
2023-01-11T22:00,11.4,93,989.2,New_Delhi,28.6139,77.209
2023-01-11T23:00,11.5,93,989.2,New_Delhi,28.6139,77.209
2023-01-12T00:00,12,89,988.9,New_Delhi,28.6139,77.209
2023-01-12T01:00,11.3,92,988.9,New_Delhi,28.6139,77.209
2023-01-12T02:00,11,91,988.2,New_Delhi,28.6139,77.209
2023-01-12T03:00,11.2,88,987.7,New_Delhi,28.6139,77.209
2023-01-12T04:00,11.3,87,987.2,New_Delhi,28.6139,77.209
2023-01-12T05:00,10.5,91,987.7,New_Delhi,28.6139,77.209
2023-01-12T06:00,10.2,91,987.6,New_Delhi,28.6139,77.209
2023-01-12T07:00,9.8,92,988.2,New_Delhi,28.6139,77.209
2023-01-12T08:00,11.5,85,988.5,New_Delhi,28.6139,77.209
2023-01-12T09:00,14.1,77,989.2,New_Delhi,28.6139,77.209
2023-01-12T10:00,16.4,69,989.5,New_Delhi,28.6139,77.209
2023-01-12T11:00,18.2,63,989.2,New_Delhi,28.6139,77.209
2023-01-12T12:00,19.1,63,988.2,New_Delhi,28.6139,77.209
2023-01-12T13:00,19.7,64,987,New_Delhi,28.6139,77.209
2023-01-12T14:00,20.1,64,986.3,New_Delhi,28.6139,77.209
2023-01-12T15:00,19.8,65,985.8,New_Delhi,28.6139,77.209
2023-01-12T16:00,19,67,985.8,New_Delhi,28.6139,77.209
2023-01-12T17:00,17,77,985.4,New_Delhi,28.6139,77.209
2023-01-12T18:00,15.9,81,985.8,New_Delhi,28.6139,77.209
2023-01-12T19:00,15.1,85,986.2,New_Delhi,28.6139,77.209
2023-01-12T20:00,14.5,87,986.5,New_Delhi,28.6139,77.209
2023-01-12T21:00,13.9,89,987,New_Delhi,28.6139,77.209
2023-01-12T22:00,13.1,92,987.1,New_Delhi,28.6139,77.209
2023-01-12T23:00,12.6,92,987.1,New_Delhi,28.6139,77.209
2023-01-13T00:00,12,92,986.8,New_Delhi,28.6139,77.209
2023-01-13T01:00,11.6,92,986.5,New_Delhi,28.6139,77.209
2023-01-13T02:00,11.3,92,986.1,New_Delhi,28.6139,77.209
2023-01-13T03:00,10.8,94,985.7,New_Delhi,28.6139,77.209
2023-01-13T04:00,10.6,94,986,New_Delhi,28.6139,77.209
2023-01-13T05:00,11.1,94,986.5,New_Delhi,28.6139,77.209
2023-01-13T06:00,11.5,92,987.2,New_Delhi,28.6139,77.209
2023-01-13T07:00,11.3,90,988,New_Delhi,28.6139,77.209
2023-01-13T08:00,12.3,87,988.8,New_Delhi,28.6139,77.209
2023-01-13T09:00,13.9,84,989.8,New_Delhi,28.6139,77.209
2023-01-13T10:00,15.4,80,990.2,New_Delhi,28.6139,77.209
2023-01-13T11:00,16.5,78,990,New_Delhi,28.6139,77.209
2023-01-13T12:00,16.9,81,989.3,New_Delhi,28.6139,77.209
2023-01-13T13:00,17.2,78,988.3,New_Delhi,28.6139,77.209
2023-01-13T14:00,17.9,74,987.7,New_Delhi,28.6139,77.209
2023-01-13T15:00,18.6,72,987.5,New_Delhi,28.6139,77.209
2023-01-13T16:00,18.4,73,987.4,New_Delhi,28.6139,77.209
2023-01-13T17:00,16.7,83,987.6,New_Delhi,28.6139,77.209
2023-01-13T18:00,14.6,91,988.3,New_Delhi,28.6139,77.209
2023-01-13T19:00,14.4,93,988.9,New_Delhi,28.6139,77.209
2023-01-13T20:00,13.4,94,989.6,New_Delhi,28.6139,77.209
2023-01-13T21:00,13,94,990.2,New_Delhi,28.6139,77.209
2023-01-13T22:00,12.9,94,990.5,New_Delhi,28.6139,77.209
2023-01-13T23:00,12.5,96,990.3,New_Delhi,28.6139,77.209
2023-01-14T00:00,12.2,97,990.3,New_Delhi,28.6139,77.209
2023-01-14T01:00,11.7,98,990.2,New_Delhi,28.6139,77.209
2023-01-14T02:00,11.3,98,990.1,New_Delhi,28.6139,77.209
2023-01-14T03:00,11.1,98,990.1,New_Delhi,28.6139,77.209
2023-01-14T04:00,10.9,99,990.1,New_Delhi,28.6139,77.209
2023-01-14T05:00,10.4,98,990.2,New_Delhi,28.6139,77.209
2023-01-14T06:00,10.3,98,990.8,New_Delhi,28.6139,77.209
2023-01-14T07:00,10.4,96,991.9,New_Delhi,28.6139,77.209
2023-01-14T08:00,10.7,92,992.6,New_Delhi,28.6139,77.209
2023-01-14T09:00,11.7,84,993.6,New_Delhi,28.6139,77.209
2023-01-14T10:00,13.1,75,993.9,New_Delhi,28.6139,77.209
2023-01-14T11:00,14.6,69,993.5,New_Delhi,28.6139,77.209
2023-01-14T12:00,15.9,61,992.6,New_Delhi,28.6139,77.209
2023-01-14T13:00,16.7,53,991.4,New_Delhi,28.6139,77.209
2023-01-14T14:00,17,48,990.8,New_Delhi,28.6139,77.209
2023-01-14T15:00,16.7,46,990.4,New_Delhi,28.6139,77.209
2023-01-14T16:00,15.8,49,990.4,New_Delhi,28.6139,77.209
2023-01-14T17:00,13.3,59,990.6,New_Delhi,28.6139,77.209
2023-01-14T18:00,11.6,63,991,New_Delhi,28.6139,77.209
2023-01-14T19:00,10.6,63,991.6,New_Delhi,28.6139,77.209
2023-01-14T20:00,9.6,62,991.9,New_Delhi,28.6139,77.209
2023-01-14T21:00,8.9,66,992.1,New_Delhi,28.6139,77.209
2023-01-14T22:00,8.4,70,992,New_Delhi,28.6139,77.209
2023-01-14T23:00,8,74,991.5,New_Delhi,28.6139,77.209
2023-01-15T00:00,7.5,79,991.3,New_Delhi,28.6139,77.209
2023-01-15T01:00,7,84,991.1,New_Delhi,28.6139,77.209
2023-01-15T02:00,6.6,87,990.5,New_Delhi,28.6139,77.209
2023-01-15T03:00,6.3,89,990.3,New_Delhi,28.6139,77.209
2023-01-15T04:00,6.1,90,990.1,New_Delhi,28.6139,77.209
2023-01-15T05:00,6,84,990.2,New_Delhi,28.6139,77.209
2023-01-15T06:00,5.7,81,990.5,New_Delhi,28.6139,77.209
2023-01-15T07:00,5.5,80,990.8,New_Delhi,28.6139,77.209
2023-01-15T08:00,6.8,77,991.6,New_Delhi,28.6139,77.209
2023-01-15T09:00,8.9,69,992.5,New_Delhi,28.6139,77.209
2023-01-15T10:00,11.2,59,992.7,New_Delhi,28.6139,77.209
2023-01-15T11:00,13.1,51,992,New_Delhi,28.6139,77.209
2023-01-15T12:00,14.5,43,991,New_Delhi,28.6139,77.209
2023-01-15T13:00,15.1,40,990,New_Delhi,28.6139,77.209
2023-01-15T14:00,15.3,40,989.3,New_Delhi,28.6139,77.209
2023-01-15T15:00,15.1,39,988.7,New_Delhi,28.6139,77.209
2023-01-15T16:00,14.5,41,988.6,New_Delhi,28.6139,77.209
2023-01-15T17:00,11.6,53,988.6,New_Delhi,28.6139,77.209
2023-01-15T18:00,9.7,61,988.7,New_Delhi,28.6139,77.209
2023-01-15T19:00,9,64,989.2,New_Delhi,28.6139,77.209
2023-01-15T20:00,8.3,66,989.8,New_Delhi,28.6139,77.209
2023-01-15T21:00,7.9,67,990.2,New_Delhi,28.6139,77.209
2023-01-15T22:00,7.4,65,990.2,New_Delhi,28.6139,77.209
2023-01-15T23:00,6.9,65,990.4,New_Delhi,28.6139,77.209
2023-01-16T00:00,6.3,66,990,New_Delhi,28.6139,77.209
2023-01-16T01:00,5.7,68,989.9,New_Delhi,28.6139,77.209
2023-01-16T02:00,5.1,71,989.6,New_Delhi,28.6139,77.209
2023-01-16T03:00,4.7,73,989.3,New_Delhi,28.6139,77.209
2023-01-16T04:00,4.2,75,989.3,New_Delhi,28.6139,77.209
2023-01-16T05:00,4.2,79,990.2,New_Delhi,28.6139,77.209
2023-01-16T06:00,3.9,80,990.6,New_Delhi,28.6139,77.209
2023-01-16T07:00,3.7,80,991.3,New_Delhi,28.6139,77.209
2023-01-16T08:00,5.7,73,992.4,New_Delhi,28.6139,77.209
2023-01-16T09:00,8.5,66,993.6,New_Delhi,28.6139,77.209
2023-01-16T10:00,11,59,994.3,New_Delhi,28.6139,77.209
2023-01-16T11:00,13.1,53,994,New_Delhi,28.6139,77.209
2023-01-16T12:00,14.6,47,993.1,New_Delhi,28.6139,77.209
2023-01-16T13:00,15.3,44,992.1,New_Delhi,28.6139,77.209
2023-01-16T14:00,15.5,43,991.1,New_Delhi,28.6139,77.209
2023-01-16T15:00,15.4,44,990.6,New_Delhi,28.6139,77.209
2023-01-16T16:00,14.8,47,990.5,New_Delhi,28.6139,77.209
2023-01-16T17:00,12.2,59,990.5,New_Delhi,28.6139,77.209
2023-01-16T18:00,10.7,63,991,New_Delhi,28.6139,77.209
2023-01-16T19:00,9.9,64,991.6,New_Delhi,28.6139,77.209
2023-01-16T20:00,9.2,65,992.2,New_Delhi,28.6139,77.209
2023-01-16T21:00,8.5,67,992.2,New_Delhi,28.6139,77.209
2023-01-16T22:00,7.8,67,991.9,New_Delhi,28.6139,77.209
2023-01-16T23:00,6.8,71,991.7,New_Delhi,28.6139,77.209
2023-01-17T00:00,6,74,991.4,New_Delhi,28.6139,77.209
2023-01-17T01:00,5.7,75,990.9,New_Delhi,28.6139,77.209
2023-01-17T02:00,5.1,76,990.6,New_Delhi,28.6139,77.209
2023-01-17T03:00,4.6,79,990.5,New_Delhi,28.6139,77.209
2023-01-17T04:00,4.2,80,990.4,New_Delhi,28.6139,77.209
2023-01-17T05:00,4,84,991,New_Delhi,28.6139,77.209
2023-01-17T06:00,3.8,85,991.4,New_Delhi,28.6139,77.209
2023-01-17T07:00,3.6,86,992.1,New_Delhi,28.6139,77.209
2023-01-17T08:00,5.6,78,992.8,New_Delhi,28.6139,77.209
2023-01-17T09:00,8.6,69,993.6,New_Delhi,28.6139,77.209
2023-01-17T10:00,11.3,61,994.2,New_Delhi,28.6139,77.209
2023-01-17T11:00,13.6,52,993.9,New_Delhi,28.6139,77.209
2023-01-17T12:00,15.1,45,993.1,New_Delhi,28.6139,77.209
2023-01-17T13:00,16,40,992,New_Delhi,28.6139,77.209
2023-01-17T14:00,16.4,37,991.2,New_Delhi,28.6139,77.209
2023-01-17T15:00,16.2,36,990.7,New_Delhi,28.6139,77.209
2023-01-17T16:00,15.5,39,990.9,New_Delhi,28.6139,77.209
2023-01-17T17:00,12.6,51,990.9,New_Delhi,28.6139,77.209
2023-01-17T18:00,11,56,991.1,New_Delhi,28.6139,77.209
2023-01-17T19:00,9.5,60,991.6,New_Delhi,28.6139,77.209
2023-01-17T20:00,8.3,65,992.3,New_Delhi,28.6139,77.209
2023-01-17T21:00,7.2,69,992.7,New_Delhi,28.6139,77.209
2023-01-17T22:00,6.4,70,993,New_Delhi,28.6139,77.209
2023-01-17T23:00,5.7,73,993.1,New_Delhi,28.6139,77.209
2023-01-18T00:00,5,76,992.7,New_Delhi,28.6139,77.209
2023-01-18T01:00,4.6,77,992.5,New_Delhi,28.6139,77.209
2023-01-18T02:00,4.3,79,992.2,New_Delhi,28.6139,77.209
2023-01-18T03:00,3.8,81,991.8,New_Delhi,28.6139,77.209
2023-01-18T04:00,3.6,81,991.5,New_Delhi,28.6139,77.209
2023-01-18T05:00,3.6,85,992.6,New_Delhi,28.6139,77.209
2023-01-18T06:00,3.2,86,992.9,New_Delhi,28.6139,77.209
2023-01-18T07:00,3.6,83,994.1,New_Delhi,28.6139,77.209
2023-01-18T08:00,6.1,74,995.3,New_Delhi,28.6139,77.209
2023-01-18T09:00,9.5,66,996.5,New_Delhi,28.6139,77.209
2023-01-18T10:00,12.3,56,997.2,New_Delhi,28.6139,77.209
2023-01-18T11:00,14.3,48,996.4,New_Delhi,28.6139,77.209
2023-01-18T12:00,15.6,42,995.5,New_Delhi,28.6139,77.209
2023-01-18T13:00,16.3,40,994.6,New_Delhi,28.6139,77.209
2023-01-18T14:00,16.6,40,993.6,New_Delhi,28.6139,77.209
2023-01-18T15:00,16.5,40,992.9,New_Delhi,28.6139,77.209
2023-01-18T16:00,15.9,43,992.7,New_Delhi,28.6139,77.209
2023-01-18T17:00,13.1,54,992.1,New_Delhi,28.6139,77.209
2023-01-18T18:00,11.6,57,992.4,New_Delhi,28.6139,77.209
2023-01-18T19:00,10.2,63,992.7,New_Delhi,28.6139,77.209
2023-01-18T20:00,8.7,71,993,New_Delhi,28.6139,77.209
2023-01-18T21:00,8,73,993.6,New_Delhi,28.6139,77.209
2023-01-18T22:00,6.9,77,993.6,New_Delhi,28.6139,77.209
2023-01-18T23:00,7.8,70,993.5,New_Delhi,28.6139,77.209
2023-01-19T00:00,6.7,75,993.6,New_Delhi,28.6139,77.209
2023-01-19T01:00,7,73,993.7,New_Delhi,28.6139,77.209
2023-01-19T02:00,7,72,993.4,New_Delhi,28.6139,77.209
2023-01-19T03:00,6.4,75,993.1,New_Delhi,28.6139,77.209
2023-01-19T04:00,7.8,69,993.2,New_Delhi,28.6139,77.209
2023-01-19T05:00,8.3,71,993.4,New_Delhi,28.6139,77.209
2023-01-19T06:00,8.2,73,993.8,New_Delhi,28.6139,77.209
2023-01-19T07:00,8.2,75,994.7,New_Delhi,28.6139,77.209
2023-01-19T08:00,9.1,78,995.2,New_Delhi,28.6139,77.209
2023-01-19T09:00,11.7,70,996.2,New_Delhi,28.6139,77.209
2023-01-19T10:00,14,61,996.5,New_Delhi,28.6139,77.209
2023-01-19T11:00,15.9,52,996.1,New_Delhi,28.6139,77.209
2023-01-19T12:00,16.9,48,995.3,New_Delhi,28.6139,77.209
2023-01-19T13:00,17.9,44,994.1,New_Delhi,28.6139,77.209
2023-01-19T14:00,18.4,42,993,New_Delhi,28.6139,77.209
2023-01-19T15:00,18.3,43,992.6,New_Delhi,28.6139,77.209
2023-01-19T16:00,17.6,44,992.6,New_Delhi,28.6139,77.209
2023-01-19T17:00,15.1,61,992.1,New_Delhi,28.6139,77.209
2023-01-19T18:00,14.2,63,992.5,New_Delhi,28.6139,77.209
2023-01-19T19:00,12.8,71,992.6,New_Delhi,28.6139,77.209
2023-01-19T20:00,13.2,68,993,New_Delhi,28.6139,77.209
2023-01-19T21:00,12.7,68,993.2,New_Delhi,28.6139,77.209
2023-01-19T22:00,12.9,67,993.5,New_Delhi,28.6139,77.209
2023-01-19T23:00,13.1,67,993.3,New_Delhi,28.6139,77.209
2023-01-20T00:00,12.1,70,992.7,New_Delhi,28.6139,77.209
2023-01-20T01:00,12,75,992.2,New_Delhi,28.6139,77.209
2023-01-20T02:00,12,76,991.6,New_Delhi,28.6139,77.209
2023-01-20T03:00,11.6,80,991.2,New_Delhi,28.6139,77.209
2023-01-20T04:00,10.6,86,990.9,New_Delhi,28.6139,77.209
2023-01-20T05:00,10.9,87,991.7,New_Delhi,28.6139,77.209
2023-01-20T06:00,9.9,91,991.8,New_Delhi,28.6139,77.209
2023-01-20T07:00,9.7,91,992.5,New_Delhi,28.6139,77.209
2023-01-20T08:00,11.1,85,993.3,New_Delhi,28.6139,77.209
2023-01-20T09:00,13.3,75,994.3,New_Delhi,28.6139,77.209
2023-01-20T10:00,15.4,67,994.4,New_Delhi,28.6139,77.209
2023-01-20T11:00,17.3,61,993.8,New_Delhi,28.6139,77.209
2023-01-20T12:00,18.5,57,993,New_Delhi,28.6139,77.209
2023-01-20T13:00,19.2,50,991.9,New_Delhi,28.6139,77.209
2023-01-20T14:00,19.5,46,991.3,New_Delhi,28.6139,77.209
2023-01-20T15:00,19.7,45,990.9,New_Delhi,28.6139,77.209
2023-01-20T16:00,19,45,990.8,New_Delhi,28.6139,77.209
2023-01-20T17:00,17.7,52,990.6,New_Delhi,28.6139,77.209
2023-01-20T18:00,15.9,58,991.3,New_Delhi,28.6139,77.209
2023-01-20T19:00,14.3,64,991.7,New_Delhi,28.6139,77.209
2023-01-20T20:00,13.3,70,991.9,New_Delhi,28.6139,77.209
2023-01-20T21:00,12.3,77,992.2,New_Delhi,28.6139,77.209
2023-01-20T22:00,11.5,84,992.4,New_Delhi,28.6139,77.209
2023-01-20T23:00,10.7,90,992.3,New_Delhi,28.6139,77.209
2023-01-21T00:00,10.3,92,992,New_Delhi,28.6139,77.209
2023-01-21T01:00,10.1,91,991.7,New_Delhi,28.6139,77.209
2023-01-21T02:00,9.4,91,991.6,New_Delhi,28.6139,77.209
2023-01-21T03:00,8.8,91,991.1,New_Delhi,28.6139,77.209
2023-01-21T04:00,8.5,91,991.1,New_Delhi,28.6139,77.209
2023-01-21T05:00,8.4,95,991.4,New_Delhi,28.6139,77.209
2023-01-21T06:00,7.5,96,991.9,New_Delhi,28.6139,77.209
2023-01-21T07:00,7,97,992.3,New_Delhi,28.6139,77.209
2023-01-21T08:00,9.7,90,993,New_Delhi,28.6139,77.209
2023-01-21T09:00,12.3,82,993.9,New_Delhi,28.6139,77.209
2023-01-21T10:00,15.1,73,994.4,New_Delhi,28.6139,77.209
2023-01-21T11:00,17.5,64,993.7,New_Delhi,28.6139,77.209
2023-01-21T12:00,19.1,58,992.7,New_Delhi,28.6139,77.209
2023-01-21T13:00,20,53,991.7,New_Delhi,28.6139,77.209
2023-01-21T14:00,20.5,50,991,New_Delhi,28.6139,77.209
2023-01-21T15:00,20.5,49,990.4,New_Delhi,28.6139,77.209
2023-01-21T16:00,20.1,50,990.1,New_Delhi,28.6139,77.209
2023-01-21T17:00,17.4,69,989.5,New_Delhi,28.6139,77.209
2023-01-21T18:00,14.5,82,989.8,New_Delhi,28.6139,77.209
2023-01-21T19:00,13.6,86,990.2,New_Delhi,28.6139,77.209
2023-01-21T20:00,12.6,87,990.6,New_Delhi,28.6139,77.209
2023-01-21T21:00,12.6,86,990.9,New_Delhi,28.6139,77.209
2023-01-21T22:00,11.9,87,990.9,New_Delhi,28.6139,77.209
2023-01-21T23:00,11,90,990.7,New_Delhi,28.6139,77.209
2023-01-22T00:00,10.4,91,990.4,New_Delhi,28.6139,77.209
2023-01-22T01:00,10.3,91,990.1,New_Delhi,28.6139,77.209
2023-01-22T02:00,10.3,89,989.6,New_Delhi,28.6139,77.209
2023-01-22T03:00,10.3,85,989.1,New_Delhi,28.6139,77.209
2023-01-22T04:00,9,89,988.8,New_Delhi,28.6139,77.209
2023-01-22T05:00,8.8,91,989.5,New_Delhi,28.6139,77.209
2023-01-22T06:00,8.5,93,989.8,New_Delhi,28.6139,77.209
2023-01-22T07:00,8.1,95,990.4,New_Delhi,28.6139,77.209
2023-01-22T08:00,11,88,991.3,New_Delhi,28.6139,77.209
2023-01-22T09:00,13.7,80,992.2,New_Delhi,28.6139,77.209
2023-01-22T10:00,16.6,71,992.8,New_Delhi,28.6139,77.209
2023-01-22T11:00,19.2,60,992.4,New_Delhi,28.6139,77.209
2023-01-22T12:00,20.8,47,991.6,New_Delhi,28.6139,77.209
2023-01-22T13:00,21.5,39,990.8,New_Delhi,28.6139,77.209
2023-01-22T14:00,21.7,37,990.3,New_Delhi,28.6139,77.209
2023-01-22T15:00,21.5,36,990.1,New_Delhi,28.6139,77.209
2023-01-22T16:00,20.8,39,990.1,New_Delhi,28.6139,77.209
2023-01-22T17:00,17.4,58,989.9,New_Delhi,28.6139,77.209
2023-01-22T18:00,15.4,63,990.3,New_Delhi,28.6139,77.209
2023-01-22T19:00,14.1,70,990.7,New_Delhi,28.6139,77.209
2023-01-22T20:00,13.5,72,990.9,New_Delhi,28.6139,77.209
2023-01-22T21:00,12.5,74,991.3,New_Delhi,28.6139,77.209
2023-01-22T22:00,11.8,78,991.4,New_Delhi,28.6139,77.209
2023-01-22T23:00,12.4,75,991.3,New_Delhi,28.6139,77.209
2023-01-23T00:00,12.5,71,991,New_Delhi,28.6139,77.209
2023-01-23T01:00,12,69,990.9,New_Delhi,28.6139,77.209
2023-01-23T02:00,12,67,990.6,New_Delhi,28.6139,77.209
2023-01-23T03:00,10.5,72,990.3,New_Delhi,28.6139,77.209
2023-01-23T04:00,9.8,75,989.8,New_Delhi,28.6139,77.209
2023-01-23T05:00,8.4,89,990.4,New_Delhi,28.6139,77.209
2023-01-23T06:00,8.8,88,990.6,New_Delhi,28.6139,77.209
2023-01-23T07:00,8.6,89,991.1,New_Delhi,28.6139,77.209
2023-01-23T08:00,11.3,78,992,New_Delhi,28.6139,77.209
2023-01-23T09:00,14.2,69,993.1,New_Delhi,28.6139,77.209
2023-01-23T10:00,17.1,60,993.4,New_Delhi,28.6139,77.209
2023-01-23T11:00,19.7,50,992.6,New_Delhi,28.6139,77.209
2023-01-23T12:00,21.4,42,991.4,New_Delhi,28.6139,77.209
2023-01-23T13:00,22.4,37,990.3,New_Delhi,28.6139,77.209
2023-01-23T14:00,22.8,35,989.6,New_Delhi,28.6139,77.209
2023-01-23T15:00,22.7,36,988.8,New_Delhi,28.6139,77.209
2023-01-23T16:00,21.7,42,988.5,New_Delhi,28.6139,77.209
2023-01-23T17:00,21.4,46,988.2,New_Delhi,28.6139,77.209
2023-01-23T18:00,20.4,50,988.3,New_Delhi,28.6139,77.209
2023-01-23T19:00,16.8,66,988.3,New_Delhi,28.6139,77.209
2023-01-23T20:00,15.7,72,988.4,New_Delhi,28.6139,77.209
2023-01-23T21:00,14.3,76,988.8,New_Delhi,28.6139,77.209
2023-01-23T22:00,13.6,78,988.8,New_Delhi,28.6139,77.209
2023-01-23T23:00,14,75,988.9,New_Delhi,28.6139,77.209
2023-01-24T00:00,13.9,75,988.8,New_Delhi,28.6139,77.209
2023-01-24T01:00,13.8,93,988.9,New_Delhi,28.6139,77.209
2023-01-24T02:00,15.2,83,988.7,New_Delhi,28.6139,77.209
2023-01-24T03:00,14,91,988.2,New_Delhi,28.6139,77.209
2023-01-24T04:00,13.2,93,987.8,New_Delhi,28.6139,77.209
2023-01-24T05:00,13.1,95,988.1,New_Delhi,28.6139,77.209
2023-01-24T06:00,13.2,95,988.7,New_Delhi,28.6139,77.209
2023-01-24T07:00,13.4,92,989,New_Delhi,28.6139,77.209
2023-01-24T08:00,14.7,90,989.9,New_Delhi,28.6139,77.209
2023-01-24T09:00,17,87,991,New_Delhi,28.6139,77.209
2023-01-24T10:00,19.2,78,991.8,New_Delhi,28.6139,77.209
2023-01-24T11:00,20.7,68,991.2,New_Delhi,28.6139,77.209
2023-01-24T12:00,19.9,71,990.1,New_Delhi,28.6139,77.209
2023-01-24T13:00,20.8,68,989.1,New_Delhi,28.6139,77.209
2023-01-24T14:00,21.2,65,988.2,New_Delhi,28.6139,77.209
2023-01-24T15:00,20.9,67,987.6,New_Delhi,28.6139,77.209
2023-01-24T16:00,20.4,71,987.6,New_Delhi,28.6139,77.209
2023-01-24T17:00,18.7,75,987.8,New_Delhi,28.6139,77.209
2023-01-24T18:00,18.5,76,988.3,New_Delhi,28.6139,77.209
2023-01-24T19:00,17.9,81,988.8,New_Delhi,28.6139,77.209
2023-01-24T20:00,17.5,82,989.5,New_Delhi,28.6139,77.209
2023-01-24T21:00,17,86,989.7,New_Delhi,28.6139,77.209
2023-01-24T22:00,15.9,90,989.7,New_Delhi,28.6139,77.209
2023-01-24T23:00,15.7,91,989.4,New_Delhi,28.6139,77.209
2023-01-25T00:00,15.2,93,989.3,New_Delhi,28.6139,77.209
2023-01-25T01:00,15.3,93,989.2,New_Delhi,28.6139,77.209
2023-01-25T02:00,13.9,96,988.8,New_Delhi,28.6139,77.209
2023-01-25T03:00,14.1,96,988.8,New_Delhi,28.6139,77.209
2023-01-25T04:00,13.4,97,988.7,New_Delhi,28.6139,77.209
2023-01-25T05:00,13.2,95,989.3,New_Delhi,28.6139,77.209
2023-01-25T06:00,12.1,98,989.7,New_Delhi,28.6139,77.209
2023-01-25T07:00,11.9,100,990.3,New_Delhi,28.6139,77.209
2023-01-25T08:00,13.6,98,991.5,New_Delhi,28.6139,77.209
2023-01-25T09:00,16.1,87,992.3,New_Delhi,28.6139,77.209
2023-01-25T10:00,17.8,81,992.7,New_Delhi,28.6139,77.209
2023-01-25T11:00,18.7,77,992.4,New_Delhi,28.6139,77.209
2023-01-25T12:00,19.8,71,991.5,New_Delhi,28.6139,77.209
2023-01-25T13:00,20.6,67,990.5,New_Delhi,28.6139,77.209
2023-01-25T14:00,21,64,989.7,New_Delhi,28.6139,77.209
2023-01-25T15:00,21.1,63,989.4,New_Delhi,28.6139,77.209
2023-01-25T16:00,20.5,64,989.3,New_Delhi,28.6139,77.209
2023-01-25T17:00,18.4,73,990.2,New_Delhi,28.6139,77.209
2023-01-25T18:00,17.7,78,990.5,New_Delhi,28.6139,77.209
2023-01-25T19:00,17,81,991.2,New_Delhi,28.6139,77.209
2023-01-25T20:00,15.9,86,991.7,New_Delhi,28.6139,77.209
2023-01-25T21:00,15.9,84,992.1,New_Delhi,28.6139,77.209
2023-01-25T22:00,16.2,80,992.5,New_Delhi,28.6139,77.209
2023-01-25T23:00,15.8,81,992.6,New_Delhi,28.6139,77.209
2023-01-26T00:00,15.5,86,992.6,New_Delhi,28.6139,77.209
2023-01-26T01:00,15.1,87,992.4,New_Delhi,28.6139,77.209
2023-01-26T02:00,14,87,992,New_Delhi,28.6139,77.209
2023-01-26T03:00,12.7,90,991.7,New_Delhi,28.6139,77.209
2023-01-26T04:00,11.7,92,991.5,New_Delhi,28.6139,77.209
2023-01-26T05:00,12.1,83,991.9,New_Delhi,28.6139,77.209
2023-01-26T06:00,12,84,992.6,New_Delhi,28.6139,77.209
2023-01-26T07:00,11.6,91,993.1,New_Delhi,28.6139,77.209
2023-01-26T08:00,12.8,95,994.1,New_Delhi,28.6139,77.209
2023-01-26T09:00,13.6,92,995.1,New_Delhi,28.6139,77.209
2023-01-26T10:00,15.6,79,995.4,New_Delhi,28.6139,77.209
2023-01-26T11:00,17,70,994.8,New_Delhi,28.6139,77.209
2023-01-26T12:00,18.2,61,993.8,New_Delhi,28.6139,77.209
2023-01-26T13:00,18.8,57,992.9,New_Delhi,28.6139,77.209
2023-01-26T14:00,19,55,992.2,New_Delhi,28.6139,77.209
2023-01-26T15:00,18.8,52,992.1,New_Delhi,28.6139,77.209
2023-01-26T16:00,18.1,52,992,New_Delhi,28.6139,77.209
2023-01-26T17:00,15.9,68,992.5,New_Delhi,28.6139,77.209
2023-01-26T18:00,14.1,75,992.5,New_Delhi,28.6139,77.209
2023-01-26T19:00,13.2,77,993.1,New_Delhi,28.6139,77.209
2023-01-26T20:00,12.4,79,993.6,New_Delhi,28.6139,77.209
2023-01-26T21:00,11.6,79,993.7,New_Delhi,28.6139,77.209
2023-01-26T22:00,10.8,77,993.6,New_Delhi,28.6139,77.209
2023-01-26T23:00,9.9,76,993.6,New_Delhi,28.6139,77.209
2023-01-27T00:00,9.3,76,992.9,New_Delhi,28.6139,77.209
2023-01-27T01:00,8.8,76,992.6,New_Delhi,28.6139,77.209
2023-01-27T02:00,8.3,79,992.4,New_Delhi,28.6139,77.209
2023-01-27T03:00,7.9,83,992,New_Delhi,28.6139,77.209
2023-01-27T04:00,7.6,86,991.8,New_Delhi,28.6139,77.209
2023-01-27T05:00,7.8,91,992.7,New_Delhi,28.6139,77.209
2023-01-27T06:00,7.6,92,993.2,New_Delhi,28.6139,77.209
2023-01-27T07:00,7.5,91,994.1,New_Delhi,28.6139,77.209
2023-01-27T08:00,9.1,81,995.3,New_Delhi,28.6139,77.209
2023-01-27T09:00,11.5,68,996.1,New_Delhi,28.6139,77.209
2023-01-27T10:00,13.8,57,996.3,New_Delhi,28.6139,77.209
2023-01-27T11:00,15.8,52,995.4,New_Delhi,28.6139,77.209
2023-01-27T12:00,17.3,49,993.9,New_Delhi,28.6139,77.209
2023-01-27T13:00,18.2,48,992.8,New_Delhi,28.6139,77.209
2023-01-27T14:00,18.6,46,991.9,New_Delhi,28.6139,77.209
2023-01-27T15:00,18.4,47,991.4,New_Delhi,28.6139,77.209
2023-01-27T16:00,17.8,49,991.5,New_Delhi,28.6139,77.209
2023-01-27T17:00,16.1,57,991.6,New_Delhi,28.6139,77.209
2023-01-27T18:00,14,64,991.7,New_Delhi,28.6139,77.209
2023-01-27T19:00,12.7,67,992.2,New_Delhi,28.6139,77.209
2023-01-27T20:00,11.9,69,992.5,New_Delhi,28.6139,77.209
2023-01-27T21:00,11.2,69,992.4,New_Delhi,28.6139,77.209
2023-01-27T22:00,10.5,69,992.1,New_Delhi,28.6139,77.209
2023-01-27T23:00,9.7,71,991.7,New_Delhi,28.6139,77.209
2023-01-28T00:00,9,72,991.3,New_Delhi,28.6139,77.209
2023-01-28T01:00,8.5,73,991.1,New_Delhi,28.6139,77.209
2023-01-28T02:00,8,74,990.5,New_Delhi,28.6139,77.209
2023-01-28T03:00,7.5,75,990.4,New_Delhi,28.6139,77.209
2023-01-28T04:00,7.1,75,990.1,New_Delhi,28.6139,77.209
2023-01-28T05:00,7.2,78,990.4,New_Delhi,28.6139,77.209
2023-01-28T06:00,6.6,79,990.4,New_Delhi,28.6139,77.209
2023-01-28T07:00,6.5,79,990.9,New_Delhi,28.6139,77.209
2023-01-28T08:00,8.4,73,991.7,New_Delhi,28.6139,77.209
2023-01-28T09:00,11.6,66,992.4,New_Delhi,28.6139,77.209
2023-01-28T10:00,14.8,58,992.6,New_Delhi,28.6139,77.209
2023-01-28T11:00,17.4,53,992,New_Delhi,28.6139,77.209
2023-01-28T12:00,19.1,50,990.9,New_Delhi,28.6139,77.209
2023-01-28T13:00,20.2,48,989.5,New_Delhi,28.6139,77.209
2023-01-28T14:00,20.7,46,988.8,New_Delhi,28.6139,77.209
2023-01-28T15:00,20.5,48,988.2,New_Delhi,28.6139,77.209
2023-01-28T16:00,19.8,51,988,New_Delhi,28.6139,77.209
2023-01-28T17:00,17.3,61,987.7,New_Delhi,28.6139,77.209
2023-01-28T18:00,14.1,75,987.6,New_Delhi,28.6139,77.209
2023-01-28T19:00,12.6,81,987.9,New_Delhi,28.6139,77.209
2023-01-28T20:00,11.4,84,988.2,New_Delhi,28.6139,77.209
2023-01-28T21:00,11,83,988.7,New_Delhi,28.6139,77.209
2023-01-28T22:00,10,86,989,New_Delhi,28.6139,77.209
2023-01-28T23:00,12.1,75,989,New_Delhi,28.6139,77.209
2023-01-29T00:00,13.8,68,988.4,New_Delhi,28.6139,77.209
2023-01-29T01:00,13.1,71,987.7,New_Delhi,28.6139,77.209
2023-01-29T02:00,10.1,85,987.2,New_Delhi,28.6139,77.209
2023-01-29T03:00,9.4,89,987,New_Delhi,28.6139,77.209
2023-01-29T04:00,8.9,93,987.2,New_Delhi,28.6139,77.209
2023-01-29T05:00,8.3,97,987.5,New_Delhi,28.6139,77.209
2023-01-29T06:00,10.4,90,988.2,New_Delhi,28.6139,77.209
2023-01-29T07:00,10.9,88,989,New_Delhi,28.6139,77.209
2023-01-29T08:00,12.4,81,989.9,New_Delhi,28.6139,77.209
2023-01-29T09:00,13.9,77,990.8,New_Delhi,28.6139,77.209
2023-01-29T10:00,14.3,77,991.9,New_Delhi,28.6139,77.209
2023-01-29T11:00,14.8,78,990.8,New_Delhi,28.6139,77.209
2023-01-29T12:00,14.9,82,990.4,New_Delhi,28.6139,77.209
2023-01-29T13:00,15,80,990,New_Delhi,28.6139,77.209
2023-01-29T14:00,16,76,989,New_Delhi,28.6139,77.209
2023-01-29T15:00,16.4,76,988.5,New_Delhi,28.6139,77.209
2023-01-29T16:00,16.1,75,988.1,New_Delhi,28.6139,77.209
2023-01-29T17:00,14.2,88,989.6,New_Delhi,28.6139,77.209
2023-01-29T18:00,13.5,91,989.4,New_Delhi,28.6139,77.209
2023-01-29T19:00,13,91,989.7,New_Delhi,28.6139,77.209
2023-01-29T20:00,11.7,95,990.4,New_Delhi,28.6139,77.209
2023-01-29T21:00,12.9,91,990.3,New_Delhi,28.6139,77.209
2023-01-29T22:00,12.2,92,990,New_Delhi,28.6139,77.209
2023-01-29T23:00,12.1,92,989.7,New_Delhi,28.6139,77.209
2023-01-30T00:00,12.2,93,990.8,New_Delhi,28.6139,77.209
2023-01-30T01:00,11.6,95,989.8,New_Delhi,28.6139,77.209
2023-01-30T02:00,12.2,89,990.8,New_Delhi,28.6139,77.209
2023-01-30T03:00,12.2,91,989.7,New_Delhi,28.6139,77.209
2023-01-30T04:00,12,93,990.5,New_Delhi,28.6139,77.209
2023-01-30T05:00,12.1,86,990.2,New_Delhi,28.6139,77.209
2023-01-30T06:00,12.5,88,991.6,New_Delhi,28.6139,77.209
2023-01-30T07:00,12.3,90,992.9,New_Delhi,28.6139,77.209
2023-01-30T08:00,13,86,993.5,New_Delhi,28.6139,77.209
2023-01-30T09:00,13.3,89,994.5,New_Delhi,28.6139,77.209
2023-01-30T10:00,13.7,86,995.4,New_Delhi,28.6139,77.209
2023-01-30T11:00,14.4,84,994.7,New_Delhi,28.6139,77.209
2023-01-30T12:00,15.1,79,994.3,New_Delhi,28.6139,77.209
2023-01-30T13:00,15.6,75,993.4,New_Delhi,28.6139,77.209
2023-01-30T14:00,15.5,74,992.5,New_Delhi,28.6139,77.209
2023-01-30T15:00,16.2,73,992.4,New_Delhi,28.6139,77.209
2023-01-30T16:00,15.9,74,992.5,New_Delhi,28.6139,77.209
2023-01-30T17:00,15.2,89,992.4,New_Delhi,28.6139,77.209
2023-01-30T18:00,13.2,90,992.6,New_Delhi,28.6139,77.209
2023-01-30T19:00,11.9,94,992.6,New_Delhi,28.6139,77.209
2023-01-30T20:00,11.8,93,993.1,New_Delhi,28.6139,77.209
2023-01-30T21:00,11.7,92,993.2,New_Delhi,28.6139,77.209
2023-01-30T22:00,12.6,90,993.6,New_Delhi,28.6139,77.209
2023-01-30T23:00,10.4,96,993.8,New_Delhi,28.6139,77.209
2023-01-31T00:00,10.4,97,993.9,New_Delhi,28.6139,77.209
2023-01-31T01:00,10.5,98,993.8,New_Delhi,28.6139,77.209
2023-01-31T02:00,10.6,98,993.4,New_Delhi,28.6139,77.209
2023-01-31T03:00,10.3,99,993,New_Delhi,28.6139,77.209
2023-01-31T04:00,9.7,100,992.6,New_Delhi,28.6139,77.209
2023-01-31T05:00,11,99,992.9,New_Delhi,28.6139,77.209
2023-01-31T06:00,11,99,993.4,New_Delhi,28.6139,77.209
2023-01-31T07:00,10.8,99,994.3,New_Delhi,28.6139,77.209
2023-01-31T08:00,11.7,97,995,New_Delhi,28.6139,77.209
2023-01-31T09:00,13.9,89,995.6,New_Delhi,28.6139,77.209
2023-01-31T10:00,16.5,80,995.9,New_Delhi,28.6139,77.209
2023-01-31T11:00,18.5,71,995.4,New_Delhi,28.6139,77.209
2023-01-31T12:00,19.6,65,994.6,New_Delhi,28.6139,77.209
2023-01-31T13:00,20.3,61,993.4,New_Delhi,28.6139,77.209
2023-01-31T14:00,20.5,59,992.6,New_Delhi,28.6139,77.209
2023-01-31T15:00,20.2,56,992.1,New_Delhi,28.6139,77.209
2023-01-31T16:00,19.4,57,992.1,New_Delhi,28.6139,77.209
2023-01-31T17:00,16.4,73,992.4,New_Delhi,28.6139,77.209
2023-01-31T18:00,14.8,78,992.5,New_Delhi,28.6139,77.209
2023-01-31T19:00,13.8,81,992.9,New_Delhi,28.6139,77.209
2023-01-31T20:00,13.1,85,993.3,New_Delhi,28.6139,77.209
2023-01-31T21:00,12.5,87,993.5,New_Delhi,28.6139,77.209
2023-01-31T22:00,12,88,993.4,New_Delhi,28.6139,77.209
2023-01-31T23:00,11.4,90,993,New_Delhi,28.6139,77.209
2023-02-01T00:00,10.9,91,992.7,New_Delhi,28.6139,77.209
2023-02-01T01:00,10.5,93,992.6,New_Delhi,28.6139,77.209
2023-02-01T02:00,10.2,93,992.5,New_Delhi,28.6139,77.209
2023-02-01T03:00,10,93,992.2,New_Delhi,28.6139,77.209
2023-02-01T04:00,9.8,93,991.7,New_Delhi,28.6139,77.209
2023-02-01T05:00,9.5,95,992.1,New_Delhi,28.6139,77.209
2023-02-01T06:00,9.5,94,992.7,New_Delhi,28.6139,77.209
2023-02-01T07:00,9.4,94,993.1,New_Delhi,28.6139,77.209
2023-02-01T08:00,10.8,90,994,New_Delhi,28.6139,77.209
2023-02-01T09:00,12.8,82,994.8,New_Delhi,28.6139,77.209
2023-02-01T10:00,14.9,74,995,New_Delhi,28.6139,77.209
2023-02-01T11:00,16.9,66,994.5,New_Delhi,28.6139,77.209
2023-02-01T12:00,18.4,59,993.5,New_Delhi,28.6139,77.209
2023-02-01T13:00,19.5,54,992.6,New_Delhi,28.6139,77.209
2023-02-01T14:00,19.9,52,991.6,New_Delhi,28.6139,77.209
2023-02-01T15:00,19.9,49,991.1,New_Delhi,28.6139,77.209
2023-02-01T16:00,19.3,52,990.7,New_Delhi,28.6139,77.209
2023-02-01T17:00,17,63,990.7,New_Delhi,28.6139,77.209
2023-02-01T18:00,15,69,991,New_Delhi,28.6139,77.209
2023-02-01T19:00,14,72,991.5,New_Delhi,28.6139,77.209
2023-02-01T20:00,13.4,71,991.9,New_Delhi,28.6139,77.209
2023-02-01T21:00,13.2,69,992.3,New_Delhi,28.6139,77.209
2023-02-01T22:00,12.8,69,992.4,New_Delhi,28.6139,77.209
2023-02-01T23:00,12.2,71,991.9,New_Delhi,28.6139,77.209
2023-02-02T00:00,11.6,73,991.4,New_Delhi,28.6139,77.209
2023-02-02T01:00,11,74,991,New_Delhi,28.6139,77.209
2023-02-02T02:00,10.7,74,990.6,New_Delhi,28.6139,77.209
2023-02-02T03:00,10.4,73,989.9,New_Delhi,28.6139,77.209
2023-02-02T04:00,10,72,989.5,New_Delhi,28.6139,77.209
2023-02-02T05:00,9.7,78,990,New_Delhi,28.6139,77.209
2023-02-02T06:00,9.5,78,990.5,New_Delhi,28.6139,77.209
2023-02-02T07:00,9.4,78,991,New_Delhi,28.6139,77.209
2023-02-02T08:00,11,75,992.1,New_Delhi,28.6139,77.209
2023-02-02T09:00,13.5,70,992.9,New_Delhi,28.6139,77.209
2023-02-02T10:00,16.1,63,993.4,New_Delhi,28.6139,77.209
2023-02-02T11:00,18.3,56,993,New_Delhi,28.6139,77.209
2023-02-02T12:00,20,51,992.4,New_Delhi,28.6139,77.209
2023-02-02T13:00,21,49,991.4,New_Delhi,28.6139,77.209
2023-02-02T14:00,21.5,48,990.8,New_Delhi,28.6139,77.209
2023-02-02T15:00,21.5,50,990.3,New_Delhi,28.6139,77.209
2023-02-02T16:00,20.9,53,990,New_Delhi,28.6139,77.209
2023-02-02T17:00,18.9,56,990.3,New_Delhi,28.6139,77.209
2023-02-02T18:00,16.9,60,990.5,New_Delhi,28.6139,77.209
2023-02-02T19:00,16.1,59,990.9,New_Delhi,28.6139,77.209
2023-02-02T20:00,15.3,61,991.2,New_Delhi,28.6139,77.209
2023-02-02T21:00,14.4,65,991.3,New_Delhi,28.6139,77.209
2023-02-02T22:00,13.5,69,991.4,New_Delhi,28.6139,77.209
2023-02-02T23:00,12.7,73,991.3,New_Delhi,28.6139,77.209
2023-02-03T00:00,12,77,990.8,New_Delhi,28.6139,77.209
2023-02-03T01:00,11.4,80,990.7,New_Delhi,28.6139,77.209
2023-02-03T02:00,10.8,82,990.4,New_Delhi,28.6139,77.209
2023-02-03T03:00,10.4,82,990.1,New_Delhi,28.6139,77.209
2023-02-03T04:00,10.1,82,990.2,New_Delhi,28.6139,77.209
2023-02-03T05:00,9.9,84,990.9,New_Delhi,28.6139,77.209
2023-02-03T06:00,9.6,83,991.3,New_Delhi,28.6139,77.209
2023-02-03T07:00,9.6,82,991.8,New_Delhi,28.6139,77.209
2023-02-03T08:00,11.5,76,992.6,New_Delhi,28.6139,77.209
2023-02-03T09:00,14.3,72,993.6,New_Delhi,28.6139,77.209
2023-02-03T10:00,17.1,64,993.9,New_Delhi,28.6139,77.209
2023-02-03T11:00,19.5,57,993.2,New_Delhi,28.6139,77.209
2023-02-03T12:00,21.1,50,992.2,New_Delhi,28.6139,77.209
2023-02-03T13:00,22,46,991.1,New_Delhi,28.6139,77.209
2023-02-03T14:00,22.4,45,990.3,New_Delhi,28.6139,77.209
2023-02-03T15:00,22.2,47,989.9,New_Delhi,28.6139,77.209
2023-02-03T16:00,21.6,52,989.7,New_Delhi,28.6139,77.209
2023-02-03T17:00,18.5,65,989.9,New_Delhi,28.6139,77.209
2023-02-03T18:00,15.5,70,990,New_Delhi,28.6139,77.209
2023-02-03T19:00,15,70,990.3,New_Delhi,28.6139,77.209
2023-02-03T20:00,14.3,74,990.5,New_Delhi,28.6139,77.209
2023-02-03T21:00,14,72,990.7,New_Delhi,28.6139,77.209
2023-02-03T22:00,13.9,69,990.5,New_Delhi,28.6139,77.209
2023-02-03T23:00,13.5,69,990.2,New_Delhi,28.6139,77.209
2023-02-04T00:00,12.8,71,989.6,New_Delhi,28.6139,77.209
2023-02-04T01:00,12.2,73,989.2,New_Delhi,28.6139,77.209
2023-02-04T02:00,11.6,76,988.5,New_Delhi,28.6139,77.209
2023-02-04T03:00,11.1,77,987.9,New_Delhi,28.6139,77.209
2023-02-04T04:00,10.8,78,987.7,New_Delhi,28.6139,77.209
2023-02-04T05:00,10.5,82,988.4,New_Delhi,28.6139,77.209
2023-02-04T06:00,10.3,81,988.6,New_Delhi,28.6139,77.209
2023-02-04T07:00,10.4,80,989,New_Delhi,28.6139,77.209
2023-02-04T08:00,12.3,75,989.8,New_Delhi,28.6139,77.209
2023-02-04T09:00,15,70,990.5,New_Delhi,28.6139,77.209
2023-02-04T10:00,17.7,64,991,New_Delhi,28.6139,77.209
2023-02-04T11:00,20,58,990.5,New_Delhi,28.6139,77.209
2023-02-04T12:00,21.5,52,989.7,New_Delhi,28.6139,77.209
2023-02-04T13:00,22.3,50,989,New_Delhi,28.6139,77.209
2023-02-04T14:00,22.7,49,988,New_Delhi,28.6139,77.209
2023-02-04T15:00,22.7,48,987.7,New_Delhi,28.6139,77.209
2023-02-04T16:00,22.1,50,987.5,New_Delhi,28.6139,77.209
2023-02-04T17:00,19.7,59,987.3,New_Delhi,28.6139,77.209
2023-02-04T18:00,17.7,64,987.4,New_Delhi,28.6139,77.209
2023-02-04T19:00,16.6,68,987.7,New_Delhi,28.6139,77.209
2023-02-04T20:00,16.1,66,988.1,New_Delhi,28.6139,77.209
2023-02-04T21:00,15.9,62,988.2,New_Delhi,28.6139,77.209
2023-02-04T22:00,15.4,63,988.3,New_Delhi,28.6139,77.209
2023-02-04T23:00,14.5,67,988.1,New_Delhi,28.6139,77.209
2023-02-05T00:00,13.6,71,987.8,New_Delhi,28.6139,77.209
2023-02-05T01:00,12.7,75,987.5,New_Delhi,28.6139,77.209
2023-02-05T02:00,12.3,76,986.8,New_Delhi,28.6139,77.209
2023-02-05T03:00,12,77,986.4,New_Delhi,28.6139,77.209
2023-02-05T04:00,11.7,77,986.3,New_Delhi,28.6139,77.209
2023-02-05T05:00,11.4,84,986.8,New_Delhi,28.6139,77.209
2023-02-05T06:00,11.1,85,987,New_Delhi,28.6139,77.209
2023-02-05T07:00,11,86,987.4,New_Delhi,28.6139,77.209
2023-02-05T08:00,13.1,79,988.5,New_Delhi,28.6139,77.209
2023-02-05T09:00,15.8,72,989.1,New_Delhi,28.6139,77.209
2023-02-05T10:00,18.4,64,989.7,New_Delhi,28.6139,77.209
2023-02-05T11:00,20.7,58,989.5,New_Delhi,28.6139,77.209
2023-02-05T12:00,22.3,50,988.8,New_Delhi,28.6139,77.209
2023-02-05T13:00,23.2,42,987.9,New_Delhi,28.6139,77.209
2023-02-05T14:00,23.3,42,987.2,New_Delhi,28.6139,77.209
2023-02-05T15:00,23.1,43,986.7,New_Delhi,28.6139,77.209
2023-02-05T16:00,22.5,47,986.8,New_Delhi,28.6139,77.209
2023-02-05T17:00,19.3,68,986.6,New_Delhi,28.6139,77.209
2023-02-05T18:00,16.9,68,986.5,New_Delhi,28.6139,77.209
2023-02-05T19:00,16.9,65,987.1,New_Delhi,28.6139,77.209
2023-02-05T20:00,19,52,987.4,New_Delhi,28.6139,77.209
2023-02-05T21:00,19.2,49,987.8,New_Delhi,28.6139,77.209
2023-02-05T22:00,19.2,47,987.8,New_Delhi,28.6139,77.209
2023-02-05T23:00,19.2,45,987.6,New_Delhi,28.6139,77.209
2023-02-06T00:00,13.1,67,987,New_Delhi,28.6139,77.209
2023-02-06T01:00,12.4,72,987.1,New_Delhi,28.6139,77.209
2023-02-06T02:00,11.7,77,986.4,New_Delhi,28.6139,77.209
2023-02-06T03:00,13.4,70,986.1,New_Delhi,28.6139,77.209
2023-02-06T04:00,13.2,70,986,New_Delhi,28.6139,77.209
2023-02-06T05:00,10.7,84,986.4,New_Delhi,28.6139,77.209
2023-02-06T06:00,10.4,86,986.7,New_Delhi,28.6139,77.209
2023-02-06T07:00,10.5,88,987.1,New_Delhi,28.6139,77.209
2023-02-06T08:00,13.9,78,988.3,New_Delhi,28.6139,77.209
2023-02-06T09:00,17.7,70,989.2,New_Delhi,28.6139,77.209
2023-02-06T10:00,20.2,61,989.7,New_Delhi,28.6139,77.209
2023-02-06T11:00,22,59,989.2,New_Delhi,28.6139,77.209
2023-02-06T12:00,23.5,56,988.3,New_Delhi,28.6139,77.209
2023-02-06T13:00,24.6,53,987.1,New_Delhi,28.6139,77.209
2023-02-06T14:00,25.1,52,986,New_Delhi,28.6139,77.209
2023-02-06T15:00,25.1,53,985.4,New_Delhi,28.6139,77.209
2023-02-06T16:00,24.3,57,985.4,New_Delhi,28.6139,77.209
2023-02-06T17:00,21.4,70,984.8,New_Delhi,28.6139,77.209
2023-02-06T18:00,18.7,77,985.1,New_Delhi,28.6139,77.209
2023-02-06T19:00,17.1,83,985.4,New_Delhi,28.6139,77.209
2023-02-06T20:00,19.6,71,986.1,New_Delhi,28.6139,77.209
2023-02-06T21:00,16.9,83,986.1,New_Delhi,28.6139,77.209
2023-02-06T22:00,18.8,73,986.1,New_Delhi,28.6139,77.209
2023-02-06T23:00,18,76,985.7,New_Delhi,28.6139,77.209
2023-02-07T00:00,17,81,985.4,New_Delhi,28.6139,77.209
2023-02-07T01:00,13.5,92,985,New_Delhi,28.6139,77.209
2023-02-07T02:00,13.7,93,984.9,New_Delhi,28.6139,77.209
2023-02-07T03:00,13.3,93,984.5,New_Delhi,28.6139,77.209
2023-02-07T04:00,13.1,93,984.2,New_Delhi,28.6139,77.209
2023-02-07T05:00,14,96,984.9,New_Delhi,28.6139,77.209
2023-02-07T06:00,13.8,94,985.4,New_Delhi,28.6139,77.209
2023-02-07T07:00,13.5,93,986.2,New_Delhi,28.6139,77.209
2023-02-07T08:00,14.5,87,987.2,New_Delhi,28.6139,77.209
2023-02-07T09:00,16.1,79,988.1,New_Delhi,28.6139,77.209
2023-02-07T10:00,18.2,75,988.4,New_Delhi,28.6139,77.209
2023-02-07T11:00,20.3,69,988.4,New_Delhi,28.6139,77.209
2023-02-07T12:00,21.9,61,987.6,New_Delhi,28.6139,77.209
2023-02-07T13:00,22.9,54,986.7,New_Delhi,28.6139,77.209
2023-02-07T14:00,23.4,48,986.2,New_Delhi,28.6139,77.209
2023-02-07T15:00,23.3,44,985.8,New_Delhi,28.6139,77.209
2023-02-07T16:00,22.6,43,986,New_Delhi,28.6139,77.209
2023-02-07T17:00,20.3,48,986.3,New_Delhi,28.6139,77.209
2023-02-07T18:00,17.8,57,986.7,New_Delhi,28.6139,77.209
2023-02-07T19:00,16.6,61,987.1,New_Delhi,28.6139,77.209
2023-02-07T20:00,16,58,987.8,New_Delhi,28.6139,77.209
2023-02-07T21:00,15.5,52,988.1,New_Delhi,28.6139,77.209
2023-02-07T22:00,14.8,52,988.4,New_Delhi,28.6139,77.209
2023-02-07T23:00,14,53,988.5,New_Delhi,28.6139,77.209
2023-02-08T00:00,12.8,55,988.2,New_Delhi,28.6139,77.209
2023-02-08T01:00,11.6,58,987.9,New_Delhi,28.6139,77.209
2023-02-08T02:00,11.3,58,987.5,New_Delhi,28.6139,77.209
2023-02-08T03:00,10.9,59,987,New_Delhi,28.6139,77.209
2023-02-08T04:00,10.6,61,986.9,New_Delhi,28.6139,77.209
2023-02-08T05:00,10.5,67,987.7,New_Delhi,28.6139,77.209
2023-02-08T06:00,10.4,69,988.4,New_Delhi,28.6139,77.209
2023-02-08T07:00,10.2,71,989.2,New_Delhi,28.6139,77.209
2023-02-08T08:00,12.3,67,990.2,New_Delhi,28.6139,77.209
2023-02-08T09:00,15.3,64,990.9,New_Delhi,28.6139,77.209
2023-02-08T10:00,18.2,55,991.5,New_Delhi,28.6139,77.209
2023-02-08T11:00,20.4,49,991.5,New_Delhi,28.6139,77.209
2023-02-08T12:00,21.8,42,990.4,New_Delhi,28.6139,77.209
2023-02-08T13:00,22.4,39,989.4,New_Delhi,28.6139,77.209
2023-02-08T14:00,22.6,40,988.5,New_Delhi,28.6139,77.209
2023-02-08T15:00,22.5,40,988,New_Delhi,28.6139,77.209
2023-02-08T16:00,22.1,41,987.6,New_Delhi,28.6139,77.209
2023-02-08T17:00,19.4,50,987.9,New_Delhi,28.6139,77.209
2023-02-08T18:00,16.9,56,987.9,New_Delhi,28.6139,77.209
2023-02-08T19:00,16,56,988.4,New_Delhi,28.6139,77.209
2023-02-08T20:00,14.9,61,988.7,New_Delhi,28.6139,77.209
2023-02-08T21:00,14.6,61,989.1,New_Delhi,28.6139,77.209
2023-02-08T22:00,14.5,57,989.2,New_Delhi,28.6139,77.209
2023-02-08T23:00,14.1,56,988.8,New_Delhi,28.6139,77.209
2023-02-09T00:00,13,60,988.1,New_Delhi,28.6139,77.209
2023-02-09T01:00,11.7,66,987.7,New_Delhi,28.6139,77.209
2023-02-09T02:00,10.9,70,987,New_Delhi,28.6139,77.209
2023-02-09T03:00,10.6,71,986.5,New_Delhi,28.6139,77.209
2023-02-09T04:00,10.6,71,986.2,New_Delhi,28.6139,77.209
2023-02-09T05:00,10,78,986.8,New_Delhi,28.6139,77.209
2023-02-09T06:00,10,77,987.2,New_Delhi,28.6139,77.209
2023-02-09T07:00,10.2,78,987.7,New_Delhi,28.6139,77.209
2023-02-09T08:00,13.1,70,988.5,New_Delhi,28.6139,77.209
2023-02-09T09:00,17,65,989.4,New_Delhi,28.6139,77.209
2023-02-09T10:00,20.4,53,989.9,New_Delhi,28.6139,77.209
2023-02-09T11:00,22.5,46,989.7,New_Delhi,28.6139,77.209
2023-02-09T12:00,24,41,988.4,New_Delhi,28.6139,77.209
2023-02-09T13:00,25.2,38,987.3,New_Delhi,28.6139,77.209
2023-02-09T14:00,25.7,37,986.2,New_Delhi,28.6139,77.209
2023-02-09T15:00,25.8,38,985.7,New_Delhi,28.6139,77.209
2023-02-09T16:00,25.1,45,985.6,New_Delhi,28.6139,77.209
2023-02-09T17:00,22.5,59,985.6,New_Delhi,28.6139,77.209
2023-02-09T18:00,20.1,67,986,New_Delhi,28.6139,77.209
2023-02-09T19:00,18.9,72,986.8,New_Delhi,28.6139,77.209
2023-02-09T20:00,18.2,74,987,New_Delhi,28.6139,77.209
2023-02-09T21:00,17.8,74,987.2,New_Delhi,28.6139,77.209
2023-02-09T22:00,17,76,987.3,New_Delhi,28.6139,77.209
2023-02-09T23:00,16.6,75,987.1,New_Delhi,28.6139,77.209
2023-02-10T00:00,16.3,76,986.5,New_Delhi,28.6139,77.209
2023-02-10T01:00,15.8,78,986.1,New_Delhi,28.6139,77.209
2023-02-10T02:00,15,82,985.8,New_Delhi,28.6139,77.209
2023-02-10T03:00,14.2,85,985.5,New_Delhi,28.6139,77.209
2023-02-10T04:00,13.6,87,985.1,New_Delhi,28.6139,77.209
2023-02-10T05:00,13.3,92,985.4,New_Delhi,28.6139,77.209
2023-02-10T06:00,12.9,92,985.9,New_Delhi,28.6139,77.209
2023-02-10T07:00,12.9,90,986.7,New_Delhi,28.6139,77.209
2023-02-10T08:00,14.8,83,987.8,New_Delhi,28.6139,77.209
2023-02-10T09:00,17.5,73,988.7,New_Delhi,28.6139,77.209
2023-02-10T10:00,20.3,65,989.4,New_Delhi,28.6139,77.209
2023-02-10T11:00,22.5,57,989,New_Delhi,28.6139,77.209
2023-02-10T12:00,24.1,52,988.1,New_Delhi,28.6139,77.209
2023-02-10T13:00,25,50,986.9,New_Delhi,28.6139,77.209
2023-02-10T14:00,25.4,49,985.9,New_Delhi,28.6139,77.209
2023-02-10T15:00,25.5,49,985.3,New_Delhi,28.6139,77.209
2023-02-10T16:00,25,50,985.2,New_Delhi,28.6139,77.209
2023-02-10T17:00,24.3,59,984.9,New_Delhi,28.6139,77.209
2023-02-10T18:00,21,67,985.2,New_Delhi,28.6139,77.209
2023-02-10T19:00,18.3,78,985.4,New_Delhi,28.6139,77.209
2023-02-10T20:00,17.7,76,985.6,New_Delhi,28.6139,77.209
2023-02-10T21:00,17.7,72,985.8,New_Delhi,28.6139,77.209
2023-02-10T22:00,16.8,76,986,New_Delhi,28.6139,77.209
2023-02-10T23:00,16.4,78,986.1,New_Delhi,28.6139,77.209
2023-02-11T00:00,16.8,76,985.7,New_Delhi,28.6139,77.209
2023-02-11T01:00,15.8,81,985.5,New_Delhi,28.6139,77.209
2023-02-11T02:00,17.2,74,985.5,New_Delhi,28.6139,77.209
2023-02-11T03:00,16.8,76,985.3,New_Delhi,28.6139,77.209
2023-02-11T04:00,13.5,90,985.3,New_Delhi,28.6139,77.209
2023-02-11T05:00,13.4,96,986.1,New_Delhi,28.6139,77.209
2023-02-11T06:00,13.4,97,986.9,New_Delhi,28.6139,77.209
2023-02-11T07:00,13.3,98,987.8,New_Delhi,28.6139,77.209
2023-02-11T08:00,15.7,92,989.1,New_Delhi,28.6139,77.209
2023-02-11T09:00,18.4,84,990.4,New_Delhi,28.6139,77.209
2023-02-11T10:00,21.3,74,991.1,New_Delhi,28.6139,77.209
2023-02-11T11:00,23.4,65,991.1,New_Delhi,28.6139,77.209
2023-02-11T12:00,24.7,57,990.5,New_Delhi,28.6139,77.209
2023-02-11T13:00,25.7,39,989.6,New_Delhi,28.6139,77.209
2023-02-11T14:00,25.9,31,988.7,New_Delhi,28.6139,77.209
2023-02-11T15:00,25.6,30,988.4,New_Delhi,28.6139,77.209
2023-02-11T16:00,24.8,32,988.4,New_Delhi,28.6139,77.209
2023-02-11T17:00,22.5,43,988.3,New_Delhi,28.6139,77.209
2023-02-11T18:00,20.6,40,988.7,New_Delhi,28.6139,77.209
2023-02-11T19:00,19.5,37,989.1,New_Delhi,28.6139,77.209
2023-02-11T20:00,17.3,50,989.9,New_Delhi,28.6139,77.209
2023-02-11T21:00,16.4,51,990.5,New_Delhi,28.6139,77.209
2023-02-11T22:00,16,46,991.2,New_Delhi,28.6139,77.209
2023-02-11T23:00,15.3,45,991.4,New_Delhi,28.6139,77.209
2023-02-12T00:00,14.4,50,991.2,New_Delhi,28.6139,77.209
2023-02-12T01:00,13.4,61,991,New_Delhi,28.6139,77.209
2023-02-12T02:00,12.6,69,990.6,New_Delhi,28.6139,77.209
2023-02-12T03:00,12.2,71,990.1,New_Delhi,28.6139,77.209
2023-02-12T04:00,11.6,72,990,New_Delhi,28.6139,77.209
2023-02-12T05:00,11.1,77,990.6,New_Delhi,28.6139,77.209
2023-02-12T06:00,11,75,991.4,New_Delhi,28.6139,77.209
2023-02-12T07:00,10.6,76,991.9,New_Delhi,28.6139,77.209
2023-02-12T08:00,12.7,71,993.1,New_Delhi,28.6139,77.209
2023-02-12T09:00,15.5,63,994.3,New_Delhi,28.6139,77.209
2023-02-12T10:00,18.1,53,994.9,New_Delhi,28.6139,77.209
2023-02-12T11:00,20.1,42,994.7,New_Delhi,28.6139,77.209
2023-02-12T12:00,21.4,31,994.1,New_Delhi,28.6139,77.209
2023-02-12T13:00,21.9,25,993.3,New_Delhi,28.6139,77.209
2023-02-12T14:00,21.9,22,992.8,New_Delhi,28.6139,77.209
2023-02-12T15:00,21.5,23,992.4,New_Delhi,28.6139,77.209
2023-02-12T16:00,20.8,23,992.3,New_Delhi,28.6139,77.209
2023-02-12T17:00,19,28,992.4,New_Delhi,28.6139,77.209
2023-02-12T18:00,17.4,29,992.8,New_Delhi,28.6139,77.209
2023-02-12T19:00,16.4,30,993.1,New_Delhi,28.6139,77.209
2023-02-12T20:00,15.1,33,993.1,New_Delhi,28.6139,77.209
2023-02-12T21:00,14.3,34,993.5,New_Delhi,28.6139,77.209
2023-02-12T22:00,13.4,37,993.5,New_Delhi,28.6139,77.209
2023-02-12T23:00,12.6,39,993,New_Delhi,28.6139,77.209
2023-02-13T00:00,12.2,39,992.5,New_Delhi,28.6139,77.209
2023-02-13T01:00,11.7,38,992.1,New_Delhi,28.6139,77.209
2023-02-13T02:00,11.4,37,991.4,New_Delhi,28.6139,77.209
2023-02-13T03:00,10.9,37,991,New_Delhi,28.6139,77.209
2023-02-13T04:00,10.2,37,990.6,New_Delhi,28.6139,77.209
2023-02-13T05:00,10.1,42,990.7,New_Delhi,28.6139,77.209
2023-02-13T06:00,9.9,41,990.9,New_Delhi,28.6139,77.209
2023-02-13T07:00,9.8,41,991.3,New_Delhi,28.6139,77.209
2023-02-13T08:00,11.1,43,991.8,New_Delhi,28.6139,77.209
2023-02-13T09:00,13.2,41,992.7,New_Delhi,28.6139,77.209
2023-02-13T10:00,15.4,37,992.7,New_Delhi,28.6139,77.209
2023-02-13T11:00,17.3,34,992.2,New_Delhi,28.6139,77.209
2023-02-13T12:00,18.8,31,991.1,New_Delhi,28.6139,77.209
2023-02-13T13:00,20.1,28,990.1,New_Delhi,28.6139,77.209
2023-02-13T14:00,20.8,26,989.3,New_Delhi,28.6139,77.209
2023-02-13T15:00,21,25,988.8,New_Delhi,28.6139,77.209
2023-02-13T16:00,20.7,26,988.6,New_Delhi,28.6139,77.209
2023-02-13T17:00,18.9,34,989.1,New_Delhi,28.6139,77.209
2023-02-13T18:00,17.4,35,989.5,New_Delhi,28.6139,77.209
2023-02-13T19:00,16.7,34,989.9,New_Delhi,28.6139,77.209
2023-02-13T20:00,16.5,34,990.1,New_Delhi,28.6139,77.209
2023-02-13T21:00,16,34,990.5,New_Delhi,28.6139,77.209
2023-02-13T22:00,15.5,34,991.1,New_Delhi,28.6139,77.209
2023-02-13T23:00,14.8,35,991.1,New_Delhi,28.6139,77.209
2023-02-14T00:00,14.2,36,990.8,New_Delhi,28.6139,77.209
2023-02-14T01:00,13.7,36,990.6,New_Delhi,28.6139,77.209
2023-02-14T02:00,13.3,37,990.2,New_Delhi,28.6139,77.209
2023-02-14T03:00,12.7,38,989.6,New_Delhi,28.6139,77.209
2023-02-14T04:00,12.3,39,989.6,New_Delhi,28.6139,77.209
2023-02-14T05:00,11.5,46,990.3,New_Delhi,28.6139,77.209
2023-02-14T06:00,11,47,990.7,New_Delhi,28.6139,77.209
2023-02-14T07:00,11,50,991.3,New_Delhi,28.6139,77.209
2023-02-14T08:00,12.9,52,992.3,New_Delhi,28.6139,77.209
2023-02-14T09:00,15.6,49,993.4,New_Delhi,28.6139,77.209
2023-02-14T10:00,18.2,44,993.6,New_Delhi,28.6139,77.209
2023-02-14T11:00,20.6,39,992.9,New_Delhi,28.6139,77.209
2023-02-14T12:00,22.2,35,992.5,New_Delhi,28.6139,77.209
2023-02-14T13:00,23,35,991.3,New_Delhi,28.6139,77.209
2023-02-14T14:00,23.5,35,990.4,New_Delhi,28.6139,77.209
2023-02-14T15:00,23.5,35,989.8,New_Delhi,28.6139,77.209
2023-02-14T16:00,23,37,989.1,New_Delhi,28.6139,77.209
2023-02-14T17:00,20.6,45,988.8,New_Delhi,28.6139,77.209
2023-02-14T18:00,18.2,52,988.7,New_Delhi,28.6139,77.209
2023-02-14T19:00,17.6,53,989.3,New_Delhi,28.6139,77.209
2023-02-14T20:00,17,54,989.9,New_Delhi,28.6139,77.209
2023-02-14T21:00,16.5,53,990,New_Delhi,28.6139,77.209
2023-02-14T22:00,15.8,54,989.8,New_Delhi,28.6139,77.209
2023-02-14T23:00,15.2,54,989.6,New_Delhi,28.6139,77.209
2023-02-15T00:00,14.4,57,988.7,New_Delhi,28.6139,77.209
2023-02-15T01:00,13.6,60,988.1,New_Delhi,28.6139,77.209
2023-02-15T02:00,13.4,60,987.7,New_Delhi,28.6139,77.209
2023-02-15T03:00,13.4,59,987.2,New_Delhi,28.6139,77.209
2023-02-15T04:00,13.5,56,986.9,New_Delhi,28.6139,77.209
2023-02-15T05:00,12.8,64,987.4,New_Delhi,28.6139,77.209
2023-02-15T06:00,12.8,63,987.5,New_Delhi,28.6139,77.209
2023-02-15T07:00,13,62,988,New_Delhi,28.6139,77.209
2023-02-15T08:00,14.9,61,988.8,New_Delhi,28.6139,77.209
2023-02-15T09:00,17.6,55,989.7,New_Delhi,28.6139,77.209
2023-02-15T10:00,20.2,49,990,New_Delhi,28.6139,77.209
2023-02-15T11:00,22.4,45,989.9,New_Delhi,28.6139,77.209
2023-02-15T12:00,24,42,989,New_Delhi,28.6139,77.209
2023-02-15T13:00,25,40,988.2,New_Delhi,28.6139,77.209
2023-02-15T14:00,25.5,39,987.4,New_Delhi,28.6139,77.209
2023-02-15T15:00,25.7,39,987.3,New_Delhi,28.6139,77.209
2023-02-15T16:00,25.3,41,987,New_Delhi,28.6139,77.209
2023-02-15T17:00,23.1,48,986.8,New_Delhi,28.6139,77.209
2023-02-15T18:00,20.7,57,987.1,New_Delhi,28.6139,77.209
2023-02-15T19:00,19.5,61,987.5,New_Delhi,28.6139,77.209
2023-02-15T20:00,18.6,61,987.8,New_Delhi,28.6139,77.209
2023-02-15T21:00,17.9,61,988.3,New_Delhi,28.6139,77.209
2023-02-15T22:00,16.8,63,988.5,New_Delhi,28.6139,77.209
2023-02-15T23:00,15.8,67,988.6,New_Delhi,28.6139,77.209
2023-02-16T00:00,14.4,74,988.4,New_Delhi,28.6139,77.209
2023-02-16T01:00,13.2,80,988.1,New_Delhi,28.6139,77.209
2023-02-16T02:00,12.9,80,987.6,New_Delhi,28.6139,77.209
2023-02-16T03:00,12.7,80,987.4,New_Delhi,28.6139,77.209
2023-02-16T04:00,12.3,82,987.4,New_Delhi,28.6139,77.209
2023-02-16T05:00,11.6,87,988.5,New_Delhi,28.6139,77.209
2023-02-16T06:00,11.5,88,988.7,New_Delhi,28.6139,77.209
2023-02-16T07:00,12.1,86,989.7,New_Delhi,28.6139,77.209
2023-02-16T08:00,15.1,78,990.9,New_Delhi,28.6139,77.209
2023-02-16T09:00,17.9,68,991.9,New_Delhi,28.6139,77.209
2023-02-16T10:00,20.5,61,992.2,New_Delhi,28.6139,77.209
2023-02-16T11:00,22.7,55,992,New_Delhi,28.6139,77.209
2023-02-16T12:00,24.3,51,991.2,New_Delhi,28.6139,77.209
2023-02-16T13:00,25.4,48,990,New_Delhi,28.6139,77.209
2023-02-16T14:00,26,47,989.1,New_Delhi,28.6139,77.209
2023-02-16T15:00,26.2,47,988.7,New_Delhi,28.6139,77.209
2023-02-16T16:00,25.7,48,988.8,New_Delhi,28.6139,77.209
2023-02-16T17:00,23.7,64,988.7,New_Delhi,28.6139,77.209
2023-02-16T18:00,19.8,76,989.1,New_Delhi,28.6139,77.209
2023-02-16T19:00,21.3,67,989.9,New_Delhi,28.6139,77.209
2023-02-16T20:00,21.6,65,990.6,New_Delhi,28.6139,77.209
2023-02-16T21:00,17,85,990.7,New_Delhi,28.6139,77.209
2023-02-16T22:00,16.1,87,990.8,New_Delhi,28.6139,77.209
2023-02-16T23:00,15.3,89,990.7,New_Delhi,28.6139,77.209
2023-02-17T00:00,15,89,990.6,New_Delhi,28.6139,77.209
2023-02-17T01:00,16.8,82,990.6,New_Delhi,28.6139,77.209
2023-02-17T02:00,16.8,81,990.3,New_Delhi,28.6139,77.209
2023-02-17T03:00,14.6,88,989.7,New_Delhi,28.6139,77.209
2023-02-17T04:00,14,89,989.4,New_Delhi,28.6139,77.209
2023-02-17T05:00,13.8,95,990,New_Delhi,28.6139,77.209
2023-02-17T06:00,14.4,94,990.8,New_Delhi,28.6139,77.209
2023-02-17T07:00,13.3,96,991.3,New_Delhi,28.6139,77.209
2023-02-17T08:00,16.3,87,992.3,New_Delhi,28.6139,77.209
2023-02-17T09:00,19.8,77,993.2,New_Delhi,28.6139,77.209
2023-02-17T10:00,22.5,66,993.8,New_Delhi,28.6139,77.209
2023-02-17T11:00,24.2,59,993.4,New_Delhi,28.6139,77.209
2023-02-17T12:00,25.3,55,992.5,New_Delhi,28.6139,77.209
2023-02-17T13:00,26.2,53,991.5,New_Delhi,28.6139,77.209
2023-02-17T14:00,26.6,52,990.6,New_Delhi,28.6139,77.209
2023-02-17T15:00,26.7,52,989.9,New_Delhi,28.6139,77.209
2023-02-17T16:00,26.3,52,989.9,New_Delhi,28.6139,77.209
2023-02-17T17:00,24.9,61,989.8,New_Delhi,28.6139,77.209
2023-02-17T18:00,21.3,76,990.1,New_Delhi,28.6139,77.209
2023-02-17T19:00,19.6,85,990.3,New_Delhi,28.6139,77.209
2023-02-17T20:00,19,85,990.6,New_Delhi,28.6139,77.209
2023-02-17T21:00,18.7,86,990.6,New_Delhi,28.6139,77.209
2023-02-17T22:00,18.2,87,990.9,New_Delhi,28.6139,77.209
2023-02-17T23:00,16.2,90,990.5,New_Delhi,28.6139,77.209
2023-02-18T00:00,15.4,91,990.2,New_Delhi,28.6139,77.209
2023-02-18T01:00,15,91,989.9,New_Delhi,28.6139,77.209
2023-02-18T02:00,14.4,93,989.4,New_Delhi,28.6139,77.209
2023-02-18T03:00,13.6,95,988.8,New_Delhi,28.6139,77.209
2023-02-18T04:00,13.2,96,988.7,New_Delhi,28.6139,77.209
2023-02-18T05:00,12.6,99,989.4,New_Delhi,28.6139,77.209
2023-02-18T06:00,12.5,100,989.9,New_Delhi,28.6139,77.209
2023-02-18T07:00,13,98,990.7,New_Delhi,28.6139,77.209
2023-02-18T08:00,15,97,991.7,New_Delhi,28.6139,77.209
2023-02-18T09:00,18.3,89,992.6,New_Delhi,28.6139,77.209
2023-02-18T10:00,21.6,74,993.1,New_Delhi,28.6139,77.209
2023-02-18T11:00,23.7,60,992.8,New_Delhi,28.6139,77.209
2023-02-18T12:00,25,52,991.7,New_Delhi,28.6139,77.209
2023-02-18T13:00,25.9,47,990.5,New_Delhi,28.6139,77.209
2023-02-18T14:00,26.4,46,989.5,New_Delhi,28.6139,77.209
2023-02-18T15:00,26.4,47,989.1,New_Delhi,28.6139,77.209
2023-02-18T16:00,25.9,50,988.9,New_Delhi,28.6139,77.209
2023-02-18T17:00,24.9,61,988.6,New_Delhi,28.6139,77.209
2023-02-18T18:00,21.3,74,988.7,New_Delhi,28.6139,77.209
2023-02-18T19:00,19.9,78,989.3,New_Delhi,28.6139,77.209
2023-02-18T20:00,20,75,990,New_Delhi,28.6139,77.209
2023-02-18T21:00,19.2,78,990.3,New_Delhi,28.6139,77.209
2023-02-18T22:00,17.4,86,990.5,New_Delhi,28.6139,77.209
2023-02-18T23:00,16.9,87,990.4,New_Delhi,28.6139,77.209
2023-02-19T00:00,19.5,76,989.7,New_Delhi,28.6139,77.209
2023-02-19T01:00,19.2,76,989.4,New_Delhi,28.6139,77.209
2023-02-19T02:00,17.4,81,988.9,New_Delhi,28.6139,77.209
2023-02-19T03:00,18,79,988.4,New_Delhi,28.6139,77.209
2023-02-19T04:00,17.9,79,988,New_Delhi,28.6139,77.209
2023-02-19T05:00,14.9,92,988.9,New_Delhi,28.6139,77.209
2023-02-19T06:00,15.7,90,989.7,New_Delhi,28.6139,77.209
2023-02-19T07:00,14.8,96,990.4,New_Delhi,28.6139,77.209
2023-02-19T08:00,16.4,93,991.2,New_Delhi,28.6139,77.209
2023-02-19T09:00,20,83,992,New_Delhi,28.6139,77.209
2023-02-19T10:00,23.4,64,991.9,New_Delhi,28.6139,77.209
2023-02-19T11:00,25.4,51,991.7,New_Delhi,28.6139,77.209
2023-02-19T12:00,26.6,46,990.8,New_Delhi,28.6139,77.209
2023-02-19T13:00,27.4,43,989.5,New_Delhi,28.6139,77.209
2023-02-19T14:00,27.8,42,988.5,New_Delhi,28.6139,77.209
2023-02-19T15:00,27.9,43,988.1,New_Delhi,28.6139,77.209
2023-02-19T16:00,27.5,44,987.8,New_Delhi,28.6139,77.209
2023-02-19T17:00,26.3,55,987.6,New_Delhi,28.6139,77.209
2023-02-19T18:00,23.1,61,987.5,New_Delhi,28.6139,77.209
2023-02-19T19:00,21.1,70,987.9,New_Delhi,28.6139,77.209
2023-02-19T20:00,20.1,76,988.3,New_Delhi,28.6139,77.209
2023-02-19T21:00,18.8,80,988.2,New_Delhi,28.6139,77.209
2023-02-19T22:00,17.4,84,988,New_Delhi,28.6139,77.209
2023-02-19T23:00,17.5,83,987.7,New_Delhi,28.6139,77.209
2023-02-20T00:00,17.1,83,987.3,New_Delhi,28.6139,77.209
2023-02-20T01:00,16.8,84,986.7,New_Delhi,28.6139,77.209
2023-02-20T02:00,16.5,87,986.2,New_Delhi,28.6139,77.209
2023-02-20T03:00,15.3,91,985.7,New_Delhi,28.6139,77.209
2023-02-20T04:00,15.5,89,985.7,New_Delhi,28.6139,77.209
2023-02-20T05:00,15.9,89,986.1,New_Delhi,28.6139,77.209
2023-02-20T06:00,15.5,91,986.5,New_Delhi,28.6139,77.209
2023-02-20T07:00,15.4,93,987,New_Delhi,28.6139,77.209
2023-02-20T08:00,18.8,84,988.1,New_Delhi,28.6139,77.209
2023-02-20T09:00,22.5,69,988.9,New_Delhi,28.6139,77.209
2023-02-20T10:00,25.5,53,989.1,New_Delhi,28.6139,77.209
2023-02-20T11:00,27.5,44,988.9,New_Delhi,28.6139,77.209
2023-02-20T12:00,28.9,39,988,New_Delhi,28.6139,77.209
2023-02-20T13:00,29.9,35,986.9,New_Delhi,28.6139,77.209
2023-02-20T14:00,30.5,32,985.9,New_Delhi,28.6139,77.209
2023-02-20T15:00,30.7,31,985.5,New_Delhi,28.6139,77.209
2023-02-20T16:00,30.1,36,985.2,New_Delhi,28.6139,77.209
2023-02-20T17:00,27.4,53,984.8,New_Delhi,28.6139,77.209
2023-02-20T18:00,24.8,58,985,New_Delhi,28.6139,77.209
2023-02-20T19:00,23.9,64,985.4,New_Delhi,28.6139,77.209
2023-02-20T20:00,23.4,62,985.8,New_Delhi,28.6139,77.209
2023-02-20T21:00,22.5,63,985.7,New_Delhi,28.6139,77.209
2023-02-20T22:00,21.5,64,985.8,New_Delhi,28.6139,77.209
2023-02-20T23:00,20.9,65,985.6,New_Delhi,28.6139,77.209
2023-02-21T00:00,20.4,64,985,New_Delhi,28.6139,77.209
2023-02-21T01:00,19.7,63,984.6,New_Delhi,28.6139,77.209
2023-02-21T02:00,18.7,64,983.9,New_Delhi,28.6139,77.209
2023-02-21T03:00,18,65,983.7,New_Delhi,28.6139,77.209
2023-02-21T04:00,17.4,66,983.6,New_Delhi,28.6139,77.209
2023-02-21T05:00,16.2,80,984.2,New_Delhi,28.6139,77.209
2023-02-21T06:00,15.1,85,984.9,New_Delhi,28.6139,77.209
2023-02-21T07:00,16.2,79,985.8,New_Delhi,28.6139,77.209
2023-02-21T08:00,19.3,62,986.8,New_Delhi,28.6139,77.209
2023-02-21T09:00,21.6,46,987.5,New_Delhi,28.6139,77.209
2023-02-21T10:00,23.5,44,987.8,New_Delhi,28.6139,77.209
2023-02-21T11:00,25.5,42,987.6,New_Delhi,28.6139,77.209
2023-02-21T12:00,27.2,42,987,New_Delhi,28.6139,77.209
2023-02-21T13:00,28.2,42,986.4,New_Delhi,28.6139,77.209
2023-02-21T14:00,28.9,42,985.7,New_Delhi,28.6139,77.209
2023-02-21T15:00,29.1,41,985.4,New_Delhi,28.6139,77.209
2023-02-21T16:00,28.6,40,985.4,New_Delhi,28.6139,77.209
2023-02-21T17:00,26.6,54,985,New_Delhi,28.6139,77.209
2023-02-21T18:00,22.7,65,985.4,New_Delhi,28.6139,77.209
2023-02-21T19:00,25.8,47,986.1,New_Delhi,28.6139,77.209
2023-02-21T20:00,25.1,46,986.6,New_Delhi,28.6139,77.209
2023-02-21T21:00,18.7,64,986.9,New_Delhi,28.6139,77.209
2023-02-21T22:00,17.5,68,987,New_Delhi,28.6139,77.209
2023-02-21T23:00,16.9,74,987.1,New_Delhi,28.6139,77.209
2023-02-22T00:00,19.6,64,987.2,New_Delhi,28.6139,77.209
2023-02-22T01:00,16.4,80,986.9,New_Delhi,28.6139,77.209
2023-02-22T02:00,14.6,89,986.7,New_Delhi,28.6139,77.209
2023-02-22T03:00,14.3,90,986.3,New_Delhi,28.6139,77.209
2023-02-22T04:00,13.5,92,986,New_Delhi,28.6139,77.209
2023-02-22T05:00,14.3,99,986.5,New_Delhi,28.6139,77.209
2023-02-22T06:00,14.5,100,987.1,New_Delhi,28.6139,77.209
2023-02-22T07:00,14.9,99,987.8,New_Delhi,28.6139,77.209
2023-02-22T08:00,17.2,90,988.7,New_Delhi,28.6139,77.209
2023-02-22T09:00,20.6,73,989.4,New_Delhi,28.6139,77.209
2023-02-22T10:00,23.4,59,989.7,New_Delhi,28.6139,77.209
2023-02-22T11:00,25.5,48,989.2,New_Delhi,28.6139,77.209
2023-02-22T12:00,26.9,40,988.4,New_Delhi,28.6139,77.209
2023-02-22T13:00,27.9,34,987.9,New_Delhi,28.6139,77.209
2023-02-22T14:00,28.4,29,987.3,New_Delhi,28.6139,77.209
2023-02-22T15:00,28.1,28,987,New_Delhi,28.6139,77.209
2023-02-22T16:00,27.4,31,987,New_Delhi,28.6139,77.209
2023-02-22T17:00,25.5,41,987,New_Delhi,28.6139,77.209
2023-02-22T18:00,21.8,50,987.4,New_Delhi,28.6139,77.209
2023-02-22T19:00,21.3,51,987.8,New_Delhi,28.6139,77.209
2023-02-22T20:00,20.3,52,988.2,New_Delhi,28.6139,77.209
2023-02-22T21:00,19.9,52,988.3,New_Delhi,28.6139,77.209
2023-02-22T22:00,18.7,55,988.1,New_Delhi,28.6139,77.209
2023-02-22T23:00,18.1,56,987.9,New_Delhi,28.6139,77.209
2023-02-23T00:00,17.6,59,987.9,New_Delhi,28.6139,77.209
2023-02-23T01:00,16.7,64,987.8,New_Delhi,28.6139,77.209
2023-02-23T02:00,15.5,68,987.2,New_Delhi,28.6139,77.209
2023-02-23T03:00,14.9,69,986.9,New_Delhi,28.6139,77.209
2023-02-23T04:00,14.2,72,986.6,New_Delhi,28.6139,77.209
2023-02-23T05:00,14.1,83,986.7,New_Delhi,28.6139,77.209
2023-02-23T06:00,14,81,987.3,New_Delhi,28.6139,77.209
2023-02-23T07:00,14.3,77,987.9,New_Delhi,28.6139,77.209
2023-02-23T08:00,16.9,69,988.9,New_Delhi,28.6139,77.209
2023-02-23T09:00,19.8,58,989.6,New_Delhi,28.6139,77.209
2023-02-23T10:00,22.2,51,989.8,New_Delhi,28.6139,77.209
2023-02-23T11:00,24.4,45,989.4,New_Delhi,28.6139,77.209
2023-02-23T12:00,26.1,36,988.6,New_Delhi,28.6139,77.209
2023-02-23T13:00,27,33,987.7,New_Delhi,28.6139,77.209
2023-02-23T14:00,27.4,31,987.1,New_Delhi,28.6139,77.209
2023-02-23T15:00,27.4,27,987,New_Delhi,28.6139,77.209
2023-02-23T16:00,26.9,27,986.8,New_Delhi,28.6139,77.209
2023-02-23T17:00,24.8,34,987,New_Delhi,28.6139,77.209
2023-02-23T18:00,21.4,45,987.4,New_Delhi,28.6139,77.209
2023-02-23T19:00,20.3,49,987.9,New_Delhi,28.6139,77.209
2023-02-23T20:00,19.5,49,988.5,New_Delhi,28.6139,77.209
2023-02-23T21:00,19,48,988.8,New_Delhi,28.6139,77.209
2023-02-23T22:00,18.2,48,989,New_Delhi,28.6139,77.209
2023-02-23T23:00,17.1,50,988.9,New_Delhi,28.6139,77.209
2023-02-24T00:00,16.3,52,988.7,New_Delhi,28.6139,77.209
2023-02-24T01:00,15.8,53,988.5,New_Delhi,28.6139,77.209
2023-02-24T02:00,15.2,56,987.9,New_Delhi,28.6139,77.209
2023-02-24T03:00,14.5,59,987.5,New_Delhi,28.6139,77.209
2023-02-24T04:00,13.9,62,987.5,New_Delhi,28.6139,77.209
2023-02-24T05:00,13.2,71,988.2,New_Delhi,28.6139,77.209
2023-02-24T06:00,13,72,988.7,New_Delhi,28.6139,77.209
2023-02-24T07:00,13.5,72,989.4,New_Delhi,28.6139,77.209
2023-02-24T08:00,16.6,63,990.4,New_Delhi,28.6139,77.209
2023-02-24T09:00,19.9,56,991.4,New_Delhi,28.6139,77.209
2023-02-24T10:00,22.8,46,991.9,New_Delhi,28.6139,77.209
2023-02-24T11:00,25,39,991.8,New_Delhi,28.6139,77.209
2023-02-24T12:00,26.6,32,991.2,New_Delhi,28.6139,77.209
2023-02-24T13:00,27.5,27,990.1,New_Delhi,28.6139,77.209
2023-02-24T14:00,27.9,26,989.6,New_Delhi,28.6139,77.209
2023-02-24T15:00,27.6,26,989.3,New_Delhi,28.6139,77.209
2023-02-24T16:00,26.9,28,989.2,New_Delhi,28.6139,77.209
2023-02-24T17:00,25.4,42,989.2,New_Delhi,28.6139,77.209
2023-02-24T18:00,22.2,48,989.6,New_Delhi,28.6139,77.209
2023-02-24T19:00,20.7,51,989.8,New_Delhi,28.6139,77.209
2023-02-24T20:00,19.2,56,990.1,New_Delhi,28.6139,77.209
2023-02-24T21:00,18.4,59,990.8,New_Delhi,28.6139,77.209
2023-02-24T22:00,17.4,64,990.7,New_Delhi,28.6139,77.209
2023-02-24T23:00,16.5,66,990.7,New_Delhi,28.6139,77.209
2023-02-25T00:00,16.1,63,990.5,New_Delhi,28.6139,77.209
2023-02-25T01:00,15.7,62,990.3,New_Delhi,28.6139,77.209
2023-02-25T02:00,15.3,62,990,New_Delhi,28.6139,77.209
2023-02-25T03:00,14.5,64,989.8,New_Delhi,28.6139,77.209
2023-02-25T04:00,14,66,989.8,New_Delhi,28.6139,77.209
2023-02-25T05:00,13.4,77,990.5,New_Delhi,28.6139,77.209
2023-02-25T06:00,13.6,76,991,New_Delhi,28.6139,77.209
2023-02-25T07:00,14.3,74,991.6,New_Delhi,28.6139,77.209
2023-02-25T08:00,17.7,65,992.6,New_Delhi,28.6139,77.209
2023-02-25T09:00,21.5,55,993.4,New_Delhi,28.6139,77.209
2023-02-25T10:00,24.3,48,993.6,New_Delhi,28.6139,77.209
2023-02-25T11:00,26.3,40,993.5,New_Delhi,28.6139,77.209
2023-02-25T12:00,27.4,35,992.7,New_Delhi,28.6139,77.209
2023-02-25T13:00,28.1,34,991.7,New_Delhi,28.6139,77.209
2023-02-25T14:00,28.4,32,990.8,New_Delhi,28.6139,77.209
2023-02-25T15:00,28.3,32,990.3,New_Delhi,28.6139,77.209
2023-02-25T16:00,27.7,34,990.4,New_Delhi,28.6139,77.209
2023-02-25T17:00,26.1,44,990.3,New_Delhi,28.6139,77.209
2023-02-25T18:00,22.2,56,990.4,New_Delhi,28.6139,77.209
2023-02-25T19:00,24.2,46,991.1,New_Delhi,28.6139,77.209
2023-02-25T20:00,24.9,42,991.9,New_Delhi,28.6139,77.209
2023-02-25T21:00,22.6,49,992.4,New_Delhi,28.6139,77.209
2023-02-25T22:00,18.7,66,992.2,New_Delhi,28.6139,77.209
2023-02-25T23:00,18.5,68,992.1,New_Delhi,28.6139,77.209
2023-02-26T00:00,19.3,63,992.2,New_Delhi,28.6139,77.209
2023-02-26T01:00,19.7,60,992.2,New_Delhi,28.6139,77.209
2023-02-26T02:00,20.2,57,992.1,New_Delhi,28.6139,77.209
2023-02-26T03:00,19.1,60,991.7,New_Delhi,28.6139,77.209
2023-02-26T04:00,15.8,75,991.7,New_Delhi,28.6139,77.209
2023-02-26T05:00,14.8,80,992.2,New_Delhi,28.6139,77.209
2023-02-26T06:00,14.4,80,992.5,New_Delhi,28.6139,77.209
2023-02-26T07:00,15.5,75,993.2,New_Delhi,28.6139,77.209
2023-02-26T08:00,18.9,64,994.3,New_Delhi,28.6139,77.209
2023-02-26T09:00,22.5,54,995.2,New_Delhi,28.6139,77.209
2023-02-26T10:00,25.4,44,995.8,New_Delhi,28.6139,77.209
2023-02-26T11:00,27.2,37,995.4,New_Delhi,28.6139,77.209
2023-02-26T12:00,28.4,33,994.6,New_Delhi,28.6139,77.209
2023-02-26T13:00,29.1,31,993.3,New_Delhi,28.6139,77.209
2023-02-26T14:00,29.5,29,992.4,New_Delhi,28.6139,77.209
2023-02-26T15:00,29.4,29,991.9,New_Delhi,28.6139,77.209
2023-02-26T16:00,28.8,29,992,New_Delhi,28.6139,77.209
2023-02-26T17:00,27.1,36,991.9,New_Delhi,28.6139,77.209
2023-02-26T18:00,25.1,40,992.1,New_Delhi,28.6139,77.209
2023-02-26T19:00,21.7,49,992.5,New_Delhi,28.6139,77.209
2023-02-26T20:00,22.4,41,993,New_Delhi,28.6139,77.209
2023-02-26T21:00,22.6,40,993.4,New_Delhi,28.6139,77.209
2023-02-26T22:00,20.4,53,993.2,New_Delhi,28.6139,77.209
2023-02-26T23:00,19.6,58,992.9,New_Delhi,28.6139,77.209
2023-02-27T00:00,17.8,66,992.6,New_Delhi,28.6139,77.209
2023-02-27T01:00,16.9,69,992.1,New_Delhi,28.6139,77.209
2023-02-27T02:00,19.1,59,991.9,New_Delhi,28.6139,77.209
2023-02-27T03:00,17.4,66,991.6,New_Delhi,28.6139,77.209
2023-02-27T04:00,16.5,70,991.4,New_Delhi,28.6139,77.209
2023-02-27T05:00,16.1,82,991.8,New_Delhi,28.6139,77.209
2023-02-27T06:00,15.6,85,992,New_Delhi,28.6139,77.209
2023-02-27T07:00,17,79,992.7,New_Delhi,28.6139,77.209
2023-02-27T08:00,19.6,72,993.9,New_Delhi,28.6139,77.209
2023-02-27T09:00,22.2,65,994.9,New_Delhi,28.6139,77.209
2023-02-27T10:00,25.1,56,995.2,New_Delhi,28.6139,77.209
2023-02-27T11:00,27.5,45,995,New_Delhi,28.6139,77.209
2023-02-27T12:00,29,35,994.1,New_Delhi,28.6139,77.209
2023-02-27T13:00,29.7,29,992.9,New_Delhi,28.6139,77.209
2023-02-27T14:00,29.8,27,992,New_Delhi,28.6139,77.209
2023-02-27T15:00,29.6,27,991.6,New_Delhi,28.6139,77.209
2023-02-27T16:00,28.8,24,991.6,New_Delhi,28.6139,77.209
2023-02-27T17:00,26.6,35,991.3,New_Delhi,28.6139,77.209
2023-02-27T18:00,22.2,51,991.4,New_Delhi,28.6139,77.209
2023-02-27T19:00,22.5,47,992.1,New_Delhi,28.6139,77.209
2023-02-27T20:00,20.3,51,992.3,New_Delhi,28.6139,77.209
2023-02-27T21:00,23.8,36,992.8,New_Delhi,28.6139,77.209
2023-02-27T22:00,21.4,42,992.8,New_Delhi,28.6139,77.209
2023-02-27T23:00,19.7,46,992.3,New_Delhi,28.6139,77.209
2023-02-28T00:00,19,47,991.9,New_Delhi,28.6139,77.209
2023-02-28T01:00,17.4,53,991.7,New_Delhi,28.6139,77.209
2023-02-28T02:00,16.6,56,991.3,New_Delhi,28.6139,77.209
2023-02-28T03:00,15,62,990.9,New_Delhi,28.6139,77.209
2023-02-28T04:00,15,61,990.8,New_Delhi,28.6139,77.209
2023-02-28T05:00,14.4,82,991.1,New_Delhi,28.6139,77.209
2023-02-28T06:00,14.3,84,991.6,New_Delhi,28.6139,77.209
2023-02-28T07:00,16,78,992.4,New_Delhi,28.6139,77.209
2023-02-28T08:00,19.5,66,993.6,New_Delhi,28.6139,77.209
2023-02-28T09:00,23.1,55,994.6,New_Delhi,28.6139,77.209
2023-02-28T10:00,25.7,44,994.9,New_Delhi,28.6139,77.209
2023-02-28T11:00,27.6,37,994.8,New_Delhi,28.6139,77.209
2023-02-28T12:00,28.7,33,994.1,New_Delhi,28.6139,77.209
2023-02-28T13:00,29.3,32,993.2,New_Delhi,28.6139,77.209
2023-02-28T14:00,29.2,29,992.3,New_Delhi,28.6139,77.209
2023-02-28T15:00,28.6,31,991.6,New_Delhi,28.6139,77.209
2023-02-28T16:00,28.3,31,991.6,New_Delhi,28.6139,77.209
2023-02-28T17:00,25.9,36,991.9,New_Delhi,28.6139,77.209
2023-02-28T18:00,24.5,39,992.1,New_Delhi,28.6139,77.209
2023-02-28T19:00,23.5,41,992.3,New_Delhi,28.6139,77.209
2023-02-28T20:00,22,41,993.2,New_Delhi,28.6139,77.209
2023-02-28T21:00,20.1,45,993.6,New_Delhi,28.6139,77.209
2023-02-28T22:00,18.8,50,993.5,New_Delhi,28.6139,77.209
2023-02-28T23:00,17.6,56,993.2,New_Delhi,28.6139,77.209
2023-03-01T00:00,16.6,61,992.8,New_Delhi,28.6139,77.209
2023-03-01T01:00,16.3,63,992.2,New_Delhi,28.6139,77.209
2023-03-01T02:00,15.7,65,991.4,New_Delhi,28.6139,77.209
2023-03-01T03:00,15.9,62,991.2,New_Delhi,28.6139,77.209
2023-03-01T04:00,16.4,58,991.3,New_Delhi,28.6139,77.209
2023-03-01T05:00,16,72,992.8,New_Delhi,28.6139,77.209
2023-03-01T06:00,17.2,65,993.2,New_Delhi,28.6139,77.209
2023-03-01T07:00,18,61,994.6,New_Delhi,28.6139,77.209
2023-03-01T08:00,19.4,56,995.6,New_Delhi,28.6139,77.209
2023-03-01T09:00,21.4,53,996.7,New_Delhi,28.6139,77.209
2023-03-01T10:00,24.1,46,996.8,New_Delhi,28.6139,77.209
2023-03-01T11:00,26.4,40,996.7,New_Delhi,28.6139,77.209
2023-03-01T12:00,27.9,35,995.9,New_Delhi,28.6139,77.209
2023-03-01T13:00,29,31,994.7,New_Delhi,28.6139,77.209
2023-03-01T14:00,29.6,29,993.4,New_Delhi,28.6139,77.209
2023-03-01T15:00,29.7,28,992.4,New_Delhi,28.6139,77.209
2023-03-01T16:00,29.1,28,992.6,New_Delhi,28.6139,77.209
2023-03-01T17:00,27.1,38,992.8,New_Delhi,28.6139,77.209
2023-03-01T18:00,24.6,43,993.2,New_Delhi,28.6139,77.209
2023-03-01T19:00,23.6,43,993.8,New_Delhi,28.6139,77.209
2023-03-01T20:00,23.4,41,994.1,New_Delhi,28.6139,77.209
2023-03-01T21:00,19.9,53,994.5,New_Delhi,28.6139,77.209
2023-03-01T22:00,19.2,56,994.5,New_Delhi,28.6139,77.209
2023-03-01T23:00,18.3,60,994.1,New_Delhi,28.6139,77.209
2023-03-02T00:00,17.4,64,993.3,New_Delhi,28.6139,77.209
2023-03-02T01:00,17,65,992.8,New_Delhi,28.6139,77.209
2023-03-02T02:00,16.4,67,992.5,New_Delhi,28.6139,77.209
2023-03-02T03:00,16,67,992,New_Delhi,28.6139,77.209
2023-03-02T04:00,15.2,71,992,New_Delhi,28.6139,77.209
2023-03-02T05:00,15.4,84,992.7,New_Delhi,28.6139,77.209
2023-03-02T06:00,16,81,993.3,New_Delhi,28.6139,77.209
2023-03-02T07:00,16.8,78,994.2,New_Delhi,28.6139,77.209
2023-03-02T08:00,19.7,69,995.4,New_Delhi,28.6139,77.209
2023-03-02T09:00,22.7,58,996.2,New_Delhi,28.6139,77.209
2023-03-02T10:00,25.7,47,996.5,New_Delhi,28.6139,77.209
2023-03-02T11:00,27.8,40,996,New_Delhi,28.6139,77.209
2023-03-02T12:00,29.1,34,995.1,New_Delhi,28.6139,77.209
2023-03-02T13:00,29.8,32,994.2,New_Delhi,28.6139,77.209
2023-03-02T14:00,30,32,993.2,New_Delhi,28.6139,77.209
2023-03-02T15:00,29.8,31,992.3,New_Delhi,28.6139,77.209
2023-03-02T16:00,29,33,992.3,New_Delhi,28.6139,77.209
2023-03-02T17:00,27.9,37,992.9,New_Delhi,28.6139,77.209
2023-03-02T18:00,25.2,46,993.3,New_Delhi,28.6139,77.209
2023-03-02T19:00,23.4,52,993.6,New_Delhi,28.6139,77.209
2023-03-02T20:00,21.9,51,994,New_Delhi,28.6139,77.209
2023-03-02T21:00,19.7,59,994.3,New_Delhi,28.6139,77.209
2023-03-02T22:00,19.2,60,994.5,New_Delhi,28.6139,77.209
2023-03-02T23:00,18.9,60,994.2,New_Delhi,28.6139,77.209
2023-03-03T00:00,18.4,61,993.8,New_Delhi,28.6139,77.209
2023-03-03T01:00,18,63,993.2,New_Delhi,28.6139,77.209
2023-03-03T02:00,17.6,64,993,New_Delhi,28.6139,77.209
2023-03-03T03:00,17.3,64,992.7,New_Delhi,28.6139,77.209
2023-03-03T04:00,16.8,66,992.9,New_Delhi,28.6139,77.209
2023-03-03T05:00,16.8,80,993.7,New_Delhi,28.6139,77.209
2023-03-03T06:00,16.8,81,994.4,New_Delhi,28.6139,77.209
2023-03-03T07:00,17.5,78,995.1,New_Delhi,28.6139,77.209
2023-03-03T08:00,20,69,996.1,New_Delhi,28.6139,77.209
2023-03-03T09:00,23,59,996.7,New_Delhi,28.6139,77.209
2023-03-03T10:00,26,50,996.8,New_Delhi,28.6139,77.209
2023-03-03T11:00,28.4,41,996.4,New_Delhi,28.6139,77.209
2023-03-03T12:00,29.7,36,995.4,New_Delhi,28.6139,77.209
2023-03-03T13:00,30.3,33,994.2,New_Delhi,28.6139,77.209
2023-03-03T14:00,30.6,31,993.3,New_Delhi,28.6139,77.209
2023-03-03T15:00,29.1,31,993.1,New_Delhi,28.6139,77.209
2023-03-03T16:00,28.6,33,993,New_Delhi,28.6139,77.209
2023-03-03T17:00,26.2,52,993,New_Delhi,28.6139,77.209
2023-03-03T18:00,23.9,58,993.1,New_Delhi,28.6139,77.209
2023-03-03T19:00,23.1,60,993.4,New_Delhi,28.6139,77.209
2023-03-03T20:00,22.5,60,994,New_Delhi,28.6139,77.209
2023-03-03T21:00,22.1,56,994.3,New_Delhi,28.6139,77.209
2023-03-03T22:00,21.2,56,994.5,New_Delhi,28.6139,77.209
2023-03-03T23:00,20.1,58,994.3,New_Delhi,28.6139,77.209
2023-03-04T00:00,19.2,60,993.9,New_Delhi,28.6139,77.209
2023-03-04T01:00,18.6,59,993.5,New_Delhi,28.6139,77.209
2023-03-04T02:00,18.3,60,993.1,New_Delhi,28.6139,77.209
2023-03-04T03:00,17.9,63,993,New_Delhi,28.6139,77.209
2023-03-04T04:00,17.5,66,993.1,New_Delhi,28.6139,77.209
2023-03-04T05:00,17.8,72,994.1,New_Delhi,28.6139,77.209
2023-03-04T06:00,17.6,72,994.6,New_Delhi,28.6139,77.209
2023-03-04T07:00,18.2,68,995.4,New_Delhi,28.6139,77.209
2023-03-04T08:00,20.5,62,996.5,New_Delhi,28.6139,77.209
2023-03-04T09:00,23.1,54,997.4,New_Delhi,28.6139,77.209
2023-03-04T10:00,25.7,46,997.5,New_Delhi,28.6139,77.209
2023-03-04T11:00,27.6,38,997,New_Delhi,28.6139,77.209
2023-03-04T12:00,28.9,35,996,New_Delhi,28.6139,77.209
2023-03-04T13:00,29.5,32,994.3,New_Delhi,28.6139,77.209
2023-03-04T14:00,29.8,30,993,New_Delhi,28.6139,77.209
2023-03-04T15:00,29.8,29,992.4,New_Delhi,28.6139,77.209
2023-03-04T16:00,29,31,992.3,New_Delhi,28.6139,77.209
2023-03-04T17:00,25.5,47,993.3,New_Delhi,28.6139,77.209
2023-03-04T18:00,23.4,54,993.3,New_Delhi,28.6139,77.209
2023-03-04T19:00,21.8,61,993.8,New_Delhi,28.6139,77.209
2023-03-04T20:00,20.7,64,994.3,New_Delhi,28.6139,77.209
2023-03-04T21:00,20,66,994.5,New_Delhi,28.6139,77.209
2023-03-04T22:00,19.2,67,994.8,New_Delhi,28.6139,77.209
2023-03-04T23:00,19,67,994.3,New_Delhi,28.6139,77.209
2023-03-05T00:00,18.5,69,993.8,New_Delhi,28.6139,77.209
2023-03-05T01:00,17.7,73,993.4,New_Delhi,28.6139,77.209
2023-03-05T02:00,17.3,75,993,New_Delhi,28.6139,77.209
2023-03-05T03:00,16.8,77,992.9,New_Delhi,28.6139,77.209
2023-03-05T04:00,16.5,79,992.7,New_Delhi,28.6139,77.209
2023-03-05T05:00,16.3,81,993.3,New_Delhi,28.6139,77.209
2023-03-05T06:00,16.7,77,993.9,New_Delhi,28.6139,77.209
2023-03-05T07:00,17.3,74,994.4,New_Delhi,28.6139,77.209
2023-03-05T08:00,20.4,65,995.5,New_Delhi,28.6139,77.209
2023-03-05T09:00,23.7,54,996.2,New_Delhi,28.6139,77.209
2023-03-05T10:00,26.2,45,996.3,New_Delhi,28.6139,77.209
2023-03-05T11:00,27.8,38,995.9,New_Delhi,28.6139,77.209
2023-03-05T12:00,28.7,34,994.6,New_Delhi,28.6139,77.209
2023-03-05T13:00,29.4,31,993.3,New_Delhi,28.6139,77.209
2023-03-05T14:00,29.6,28,992.2,New_Delhi,28.6139,77.209
2023-03-05T15:00,29.4,25,991.5,New_Delhi,28.6139,77.209
2023-03-05T16:00,28.6,27,991.2,New_Delhi,28.6139,77.209
2023-03-05T17:00,27,34,991.7,New_Delhi,28.6139,77.209
2023-03-05T18:00,24.7,40,991.6,New_Delhi,28.6139,77.209
2023-03-05T19:00,23.1,46,991.8,New_Delhi,28.6139,77.209
2023-03-05T20:00,21.8,47,992.4,New_Delhi,28.6139,77.209
2023-03-05T21:00,20.8,51,992.7,New_Delhi,28.6139,77.209
2023-03-05T22:00,19.9,54,992.8,New_Delhi,28.6139,77.209
2023-03-05T23:00,19.1,53,992.7,New_Delhi,28.6139,77.209
2023-03-06T00:00,18.5,54,992.3,New_Delhi,28.6139,77.209
2023-03-06T01:00,17.9,56,991.4,New_Delhi,28.6139,77.209
2023-03-06T02:00,17.2,59,990.9,New_Delhi,28.6139,77.209
2023-03-06T03:00,16.7,62,990.7,New_Delhi,28.6139,77.209
2023-03-06T04:00,15.9,65,990.7,New_Delhi,28.6139,77.209
2023-03-06T05:00,15.9,73,991,New_Delhi,28.6139,77.209
2023-03-06T06:00,16,73,991.8,New_Delhi,28.6139,77.209
2023-03-06T07:00,16.7,71,992.4,New_Delhi,28.6139,77.209
2023-03-06T08:00,19.6,64,993.1,New_Delhi,28.6139,77.209
2023-03-06T09:00,22.6,54,994,New_Delhi,28.6139,77.209
2023-03-06T10:00,25.3,45,994.2,New_Delhi,28.6139,77.209
2023-03-06T11:00,27.1,37,993.8,New_Delhi,28.6139,77.209
2023-03-06T12:00,28.1,32,992.7,New_Delhi,28.6139,77.209
2023-03-06T13:00,28.6,29,991.1,New_Delhi,28.6139,77.209
2023-03-06T14:00,28.7,28,990.1,New_Delhi,28.6139,77.209
2023-03-06T15:00,28.5,28,989.2,New_Delhi,28.6139,77.209
2023-03-06T16:00,28.1,28,989,New_Delhi,28.6139,77.209
2023-03-06T17:00,26.3,34,989.1,New_Delhi,28.6139,77.209
2023-03-06T18:00,22.4,46,989,New_Delhi,28.6139,77.209
2023-03-06T19:00,21.3,48,989.5,New_Delhi,28.6139,77.209
2023-03-06T20:00,20.7,50,989.8,New_Delhi,28.6139,77.209
2023-03-06T21:00,19.5,54,990.1,New_Delhi,28.6139,77.209
2023-03-06T22:00,20,51,990.4,New_Delhi,28.6139,77.209
2023-03-06T23:00,19,53,990.4,New_Delhi,28.6139,77.209
2023-03-07T00:00,18,54,990.1,New_Delhi,28.6139,77.209
2023-03-07T01:00,17.4,57,990.3,New_Delhi,28.6139,77.209
2023-03-07T02:00,17,59,990,New_Delhi,28.6139,77.209
2023-03-07T03:00,16.6,61,989.8,New_Delhi,28.6139,77.209
2023-03-07T04:00,15.9,64,989.7,New_Delhi,28.6139,77.209
2023-03-07T05:00,15.8,72,990.1,New_Delhi,28.6139,77.209
2023-03-07T06:00,16,72,990.6,New_Delhi,28.6139,77.209
2023-03-07T07:00,17.1,70,991.4,New_Delhi,28.6139,77.209
2023-03-07T08:00,20.2,61,992.2,New_Delhi,28.6139,77.209
2023-03-07T09:00,23.5,52,993.1,New_Delhi,28.6139,77.209
2023-03-07T10:00,25.9,39,993.2,New_Delhi,28.6139,77.209
2023-03-07T11:00,27.3,32,993.1,New_Delhi,28.6139,77.209
2023-03-07T12:00,28.2,27,992.4,New_Delhi,28.6139,77.209
2023-03-07T13:00,28.6,25,991.3,New_Delhi,28.6139,77.209
2023-03-07T14:00,28.7,24,990.4,New_Delhi,28.6139,77.209
2023-03-07T15:00,28.4,25,989.7,New_Delhi,28.6139,77.209
2023-03-07T16:00,28,26,989.2,New_Delhi,28.6139,77.209
2023-03-07T17:00,26.3,37,989.4,New_Delhi,28.6139,77.209
2023-03-07T18:00,25.9,33,989.9,New_Delhi,28.6139,77.209
2023-03-07T19:00,20.9,52,989.9,New_Delhi,28.6139,77.209
2023-03-07T20:00,20.6,53,990.5,New_Delhi,28.6139,77.209
2023-03-07T21:00,20.2,53,990.9,New_Delhi,28.6139,77.209
2023-03-07T22:00,18.8,55,991,New_Delhi,28.6139,77.209
2023-03-07T23:00,18.1,56,990.9,New_Delhi,28.6139,77.209
2023-03-08T00:00,17.7,57,990.7,New_Delhi,28.6139,77.209
2023-03-08T01:00,18,55,990.4,New_Delhi,28.6139,77.209
2023-03-08T02:00,21.1,42,990.2,New_Delhi,28.6139,77.209
2023-03-08T03:00,15.9,66,989.8,New_Delhi,28.6139,77.209
2023-03-08T04:00,15.3,71,989.8,New_Delhi,28.6139,77.209
2023-03-08T05:00,14.8,81,991.4,New_Delhi,28.6139,77.209
2023-03-08T06:00,15.2,80,991.8,New_Delhi,28.6139,77.209
2023-03-08T07:00,17,72,992.4,New_Delhi,28.6139,77.209
2023-03-08T08:00,19.9,63,993.4,New_Delhi,28.6139,77.209
2023-03-08T09:00,23.1,53,994.3,New_Delhi,28.6139,77.209
2023-03-08T10:00,25.7,44,994.6,New_Delhi,28.6139,77.209
2023-03-08T11:00,27.1,38,994.2,New_Delhi,28.6139,77.209
2023-03-08T12:00,28.2,33,993.1,New_Delhi,28.6139,77.209
2023-03-08T13:00,27.1,30,992.3,New_Delhi,28.6139,77.209
2023-03-08T14:00,26.8,32,991.6,New_Delhi,28.6139,77.209
2023-03-08T15:00,26.3,36,991,New_Delhi,28.6139,77.209
2023-03-08T16:00,25,41,991,New_Delhi,28.6139,77.209
2023-03-08T17:00,24.5,46,990.6,New_Delhi,28.6139,77.209
2023-03-08T18:00,22.8,52,991.1,New_Delhi,28.6139,77.209
2023-03-08T19:00,21.2,59,991.3,New_Delhi,28.6139,77.209
2023-03-08T20:00,20.6,59,991.9,New_Delhi,28.6139,77.209
2023-03-08T21:00,20.5,56,992.2,New_Delhi,28.6139,77.209
2023-03-08T22:00,19.7,59,992.2,New_Delhi,28.6139,77.209
2023-03-08T23:00,18.1,68,992,New_Delhi,28.6139,77.209
2023-03-09T00:00,16.9,76,991.9,New_Delhi,28.6139,77.209
2023-03-09T01:00,16.3,80,991.5,New_Delhi,28.6139,77.209
2023-03-09T02:00,16.4,80,990.8,New_Delhi,28.6139,77.209
2023-03-09T03:00,15.9,83,990.5,New_Delhi,28.6139,77.209
2023-03-09T04:00,16,82,990.2,New_Delhi,28.6139,77.209
2023-03-09T05:00,16.2,85,991.1,New_Delhi,28.6139,77.209
2023-03-09T06:00,16.7,80,991.8,New_Delhi,28.6139,77.209
2023-03-09T07:00,17.8,75,992.6,New_Delhi,28.6139,77.209
2023-03-09T08:00,20.8,66,993.4,New_Delhi,28.6139,77.209
2023-03-09T09:00,23.7,55,994.4,New_Delhi,28.6139,77.209
2023-03-09T10:00,25.9,45,994.4,New_Delhi,28.6139,77.209
2023-03-09T11:00,27.5,36,993.8,New_Delhi,28.6139,77.209
2023-03-09T12:00,27,38,993.3,New_Delhi,28.6139,77.209
2023-03-09T13:00,26.9,37,992.5,New_Delhi,28.6139,77.209
2023-03-09T14:00,27.1,38,991.6,New_Delhi,28.6139,77.209
2023-03-09T15:00,27,38,990.6,New_Delhi,28.6139,77.209
2023-03-09T16:00,26.6,39,990.3,New_Delhi,28.6139,77.209
2023-03-09T17:00,21.6,62,991.2,New_Delhi,28.6139,77.209
2023-03-09T18:00,21,66,991.1,New_Delhi,28.6139,77.209
2023-03-09T19:00,20.5,66,991.1,New_Delhi,28.6139,77.209
2023-03-09T20:00,20.4,60,991.1,New_Delhi,28.6139,77.209
2023-03-09T21:00,19.7,62,991.5,New_Delhi,28.6139,77.209
2023-03-09T22:00,18.7,67,991.8,New_Delhi,28.6139,77.209
2023-03-09T23:00,18,70,992,New_Delhi,28.6139,77.209
2023-03-10T00:00,17.4,73,991.6,New_Delhi,28.6139,77.209
2023-03-10T01:00,16.8,75,991.3,New_Delhi,28.6139,77.209
2023-03-10T02:00,16.3,79,990.8,New_Delhi,28.6139,77.209
2023-03-10T03:00,15.9,81,990.4,New_Delhi,28.6139,77.209
2023-03-10T04:00,15.5,84,990.3,New_Delhi,28.6139,77.209
2023-03-10T05:00,16.1,93,990.8,New_Delhi,28.6139,77.209
2023-03-10T06:00,16.3,90,991.3,New_Delhi,28.6139,77.209
2023-03-10T07:00,17.2,85,992,New_Delhi,28.6139,77.209
2023-03-10T08:00,20.2,71,992.6,New_Delhi,28.6139,77.209
2023-03-10T09:00,23.5,58,993.2,New_Delhi,28.6139,77.209
2023-03-10T10:00,26,47,993.4,New_Delhi,28.6139,77.209
2023-03-10T11:00,27.5,41,992.8,New_Delhi,28.6139,77.209
2023-03-10T12:00,28.4,36,992.1,New_Delhi,28.6139,77.209
2023-03-10T13:00,29,34,991.3,New_Delhi,28.6139,77.209
2023-03-10T14:00,29.2,33,990.4,New_Delhi,28.6139,77.209
2023-03-10T15:00,29,33,989.7,New_Delhi,28.6139,77.209
2023-03-10T16:00,28.8,32,989.5,New_Delhi,28.6139,77.209
2023-03-10T17:00,27.9,38,989,New_Delhi,28.6139,77.209
2023-03-10T18:00,25.6,43,989.4,New_Delhi,28.6139,77.209
2023-03-10T19:00,24.1,49,989.7,New_Delhi,28.6139,77.209
2023-03-10T20:00,23,53,990.2,New_Delhi,28.6139,77.209
2023-03-10T21:00,22.1,52,990.6,New_Delhi,28.6139,77.209
2023-03-10T22:00,21,53,990.6,New_Delhi,28.6139,77.209
2023-03-10T23:00,20.1,56,990.6,New_Delhi,28.6139,77.209
2023-03-11T00:00,18.9,61,990.4,New_Delhi,28.6139,77.209
2023-03-11T01:00,17.9,67,990.1,New_Delhi,28.6139,77.209
2023-03-11T02:00,17.4,69,989.5,New_Delhi,28.6139,77.209
2023-03-11T03:00,16.9,72,989.2,New_Delhi,28.6139,77.209
2023-03-11T04:00,17,70,989.1,New_Delhi,28.6139,77.209
2023-03-11T05:00,16.2,79,989.8,New_Delhi,28.6139,77.209
2023-03-11T06:00,16.4,79,990.5,New_Delhi,28.6139,77.209
2023-03-11T07:00,17.6,76,991.3,New_Delhi,28.6139,77.209
2023-03-11T08:00,21.3,65,992.3,New_Delhi,28.6139,77.209
2023-03-11T09:00,24.7,52,993.5,New_Delhi,28.6139,77.209
2023-03-11T10:00,27.1,42,993.4,New_Delhi,28.6139,77.209
2023-03-11T11:00,28.6,35,993,New_Delhi,28.6139,77.209
2023-03-11T12:00,29.5,31,992.1,New_Delhi,28.6139,77.209
2023-03-11T13:00,30,29,991.2,New_Delhi,28.6139,77.209
2023-03-11T14:00,30,29,990.1,New_Delhi,28.6139,77.209
2023-03-11T15:00,29.7,30,989.6,New_Delhi,28.6139,77.209
2023-03-11T16:00,29.1,32,989.4,New_Delhi,28.6139,77.209
2023-03-11T17:00,28.3,34,989.1,New_Delhi,28.6139,77.209
2023-03-11T18:00,26.2,38,989.5,New_Delhi,28.6139,77.209
2023-03-11T19:00,23.8,47,989.5,New_Delhi,28.6139,77.209
2023-03-11T20:00,24.2,44,990.4,New_Delhi,28.6139,77.209
2023-03-11T21:00,23.8,45,990.8,New_Delhi,28.6139,77.209
2023-03-11T22:00,21.8,52,990.9,New_Delhi,28.6139,77.209
2023-03-11T23:00,20.6,56,990.6,New_Delhi,28.6139,77.209
2023-03-12T00:00,19.7,62,990.2,New_Delhi,28.6139,77.209
2023-03-12T01:00,19.2,65,989.8,New_Delhi,28.6139,77.209
2023-03-12T02:00,18.5,68,989.2,New_Delhi,28.6139,77.209
2023-03-12T03:00,17.7,72,989,New_Delhi,28.6139,77.209
2023-03-12T04:00,17.5,72,989.2,New_Delhi,28.6139,77.209
2023-03-12T05:00,17.1,73,989.9,New_Delhi,28.6139,77.209
2023-03-12T06:00,17.1,71,990.3,New_Delhi,28.6139,77.209
2023-03-12T07:00,20,63,990.9,New_Delhi,28.6139,77.209
2023-03-12T08:00,23.8,55,992.1,New_Delhi,28.6139,77.209
2023-03-12T09:00,26.7,45,992.8,New_Delhi,28.6139,77.209
2023-03-12T10:00,28.6,38,992.6,New_Delhi,28.6139,77.209
2023-03-12T11:00,29.9,34,992,New_Delhi,28.6139,77.209
2023-03-12T12:00,30.8,31,991,New_Delhi,28.6139,77.209
2023-03-12T13:00,31.5,29,990,New_Delhi,28.6139,77.209
2023-03-12T14:00,31.9,27,989.1,New_Delhi,28.6139,77.209
2023-03-12T15:00,31.7,27,988.4,New_Delhi,28.6139,77.209
2023-03-12T16:00,31,29,988.2,New_Delhi,28.6139,77.209
2023-03-12T17:00,29.8,33,987.9,New_Delhi,28.6139,77.209
2023-03-12T18:00,26.4,41,988.2,New_Delhi,28.6139,77.209
2023-03-12T19:00,25.4,42,988.7,New_Delhi,28.6139,77.209
2023-03-12T20:00,23.4,50,989.3,New_Delhi,28.6139,77.209
2023-03-12T21:00,22.7,51,989.7,New_Delhi,28.6139,77.209
2023-03-12T22:00,23,45,989.8,New_Delhi,28.6139,77.209
2023-03-12T23:00,20.6,55,989.6,New_Delhi,28.6139,77.209
2023-03-13T00:00,20,58,989.4,New_Delhi,28.6139,77.209
2023-03-13T01:00,19.9,58,988.9,New_Delhi,28.6139,77.209
2023-03-13T02:00,20.1,58,988.3,New_Delhi,28.6139,77.209
2023-03-13T03:00,21.4,53,988,New_Delhi,28.6139,77.209
2023-03-13T04:00,18.5,66,987.9,New_Delhi,28.6139,77.209
2023-03-13T05:00,18,74,988.8,New_Delhi,28.6139,77.209
2023-03-13T06:00,17.5,77,989.3,New_Delhi,28.6139,77.209
2023-03-13T07:00,19.4,72,989.8,New_Delhi,28.6139,77.209
2023-03-13T08:00,22.5,64,990.5,New_Delhi,28.6139,77.209
2023-03-13T09:00,26.1,54,991.1,New_Delhi,28.6139,77.209
2023-03-13T10:00,28.7,42,991.2,New_Delhi,28.6139,77.209
2023-03-13T11:00,30.4,36,990.9,New_Delhi,28.6139,77.209
2023-03-13T12:00,31.5,31,989.9,New_Delhi,28.6139,77.209
2023-03-13T13:00,32.1,28,988.7,New_Delhi,28.6139,77.209
2023-03-13T14:00,31.7,27,988.1,New_Delhi,28.6139,77.209
2023-03-13T15:00,29.7,30,987.6,New_Delhi,28.6139,77.209
2023-03-13T16:00,30,29,987.6,New_Delhi,28.6139,77.209
2023-03-13T17:00,29.3,29,986.7,New_Delhi,28.6139,77.209
2023-03-13T18:00,26.7,37,987.1,New_Delhi,28.6139,77.209
2023-03-13T19:00,24.5,42,987.1,New_Delhi,28.6139,77.209
2023-03-13T20:00,23.5,45,987.5,New_Delhi,28.6139,77.209
2023-03-13T21:00,22.2,50,987.7,New_Delhi,28.6139,77.209
2023-03-13T22:00,20.5,60,987.7,New_Delhi,28.6139,77.209
2023-03-13T23:00,19.4,65,987.1,New_Delhi,28.6139,77.209
2023-03-14T00:00,19.6,65,986.9,New_Delhi,28.6139,77.209
2023-03-14T01:00,18.4,68,987,New_Delhi,28.6139,77.209
2023-03-14T02:00,20.3,58,986.5,New_Delhi,28.6139,77.209
2023-03-14T03:00,19.7,59,986.2,New_Delhi,28.6139,77.209
2023-03-14T04:00,17.2,71,985.8,New_Delhi,28.6139,77.209
2023-03-14T05:00,17.4,77,986.3,New_Delhi,28.6139,77.209
2023-03-14T06:00,17.4,77,986.7,New_Delhi,28.6139,77.209
2023-03-14T07:00,18.9,72,987.3,New_Delhi,28.6139,77.209
2023-03-14T08:00,22.6,62,988,New_Delhi,28.6139,77.209
2023-03-14T09:00,26.1,54,988.5,New_Delhi,28.6139,77.209
2023-03-14T10:00,28.4,43,988.5,New_Delhi,28.6139,77.209
2023-03-14T11:00,30,35,988.1,New_Delhi,28.6139,77.209
2023-03-14T12:00,31.1,31,987,New_Delhi,28.6139,77.209
2023-03-14T13:00,31.6,27,985.6,New_Delhi,28.6139,77.209
2023-03-14T14:00,31.4,24,984.8,New_Delhi,28.6139,77.209
2023-03-14T15:00,31.3,23,984,New_Delhi,28.6139,77.209
2023-03-14T16:00,31,22,983.7,New_Delhi,28.6139,77.209
2023-03-14T17:00,29.5,29,983.3,New_Delhi,28.6139,77.209
2023-03-14T18:00,26.3,37,983.8,New_Delhi,28.6139,77.209
2023-03-14T19:00,25.2,40,984.2,New_Delhi,28.6139,77.209
2023-03-14T20:00,24.1,44,984.5,New_Delhi,28.6139,77.209
2023-03-14T21:00,23.1,44,984.6,New_Delhi,28.6139,77.209
2023-03-14T22:00,21.1,51,984.4,New_Delhi,28.6139,77.209
2023-03-14T23:00,20.8,51,984.3,New_Delhi,28.6139,77.209
2023-03-15T00:00,19.1,58,984.1,New_Delhi,28.6139,77.209
2023-03-15T01:00,18.5,60,984,New_Delhi,28.6139,77.209
2023-03-15T02:00,21,48,984,New_Delhi,28.6139,77.209
2023-03-15T03:00,17.2,63,983.5,New_Delhi,28.6139,77.209
2023-03-15T04:00,18.4,58,983.6,New_Delhi,28.6139,77.209
2023-03-15T05:00,18.8,69,984.4,New_Delhi,28.6139,77.209
2023-03-15T06:00,20.2,62,984.9,New_Delhi,28.6139,77.209
2023-03-15T07:00,20.4,64,985.8,New_Delhi,28.6139,77.209
2023-03-15T08:00,23.4,58,986.7,New_Delhi,28.6139,77.209
2023-03-15T09:00,26.3,49,987.4,New_Delhi,28.6139,77.209
2023-03-15T10:00,28.4,42,987.7,New_Delhi,28.6139,77.209
2023-03-15T11:00,29.9,36,987.3,New_Delhi,28.6139,77.209
2023-03-15T12:00,30.9,31,986.6,New_Delhi,28.6139,77.209
2023-03-15T13:00,31.9,26,985.6,New_Delhi,28.6139,77.209
2023-03-15T14:00,32.3,22,984.5,New_Delhi,28.6139,77.209
2023-03-15T15:00,31.1,24,984,New_Delhi,28.6139,77.209
2023-03-15T16:00,30.5,24,983.7,New_Delhi,28.6139,77.209
2023-03-15T17:00,30,25,983.4,New_Delhi,28.6139,77.209
2023-03-15T18:00,28.5,26,983.9,New_Delhi,28.6139,77.209
2023-03-15T19:00,25.6,33,983.9,New_Delhi,28.6139,77.209
2023-03-15T20:00,24,39,984.4,New_Delhi,28.6139,77.209
2023-03-15T21:00,23.3,45,984.8,New_Delhi,28.6139,77.209
2023-03-15T22:00,22.8,41,984.5,New_Delhi,28.6139,77.209
2023-03-15T23:00,22.8,39,984.6,New_Delhi,28.6139,77.209
2023-03-16T00:00,21.9,40,984.4,New_Delhi,28.6139,77.209
2023-03-16T01:00,20.7,44,984.1,New_Delhi,28.6139,77.209
2023-03-16T02:00,19.6,49,983.8,New_Delhi,28.6139,77.209
2023-03-16T03:00,19.8,47,983.5,New_Delhi,28.6139,77.209
2023-03-16T04:00,19.1,52,983.6,New_Delhi,28.6139,77.209
2023-03-16T05:00,19,62,984.4,New_Delhi,28.6139,77.209
2023-03-16T06:00,20.2,57,984.9,New_Delhi,28.6139,77.209
2023-03-16T07:00,21.4,56,985.8,New_Delhi,28.6139,77.209
2023-03-16T08:00,23.7,52,987,New_Delhi,28.6139,77.209
2023-03-16T09:00,26.1,45,987.9,New_Delhi,28.6139,77.209
2023-03-16T10:00,27.6,39,988.3,New_Delhi,28.6139,77.209
2023-03-16T11:00,29.7,34,987.8,New_Delhi,28.6139,77.209
2023-03-16T12:00,31.2,28,986.6,New_Delhi,28.6139,77.209
2023-03-16T13:00,31.4,26,985.7,New_Delhi,28.6139,77.209
2023-03-16T14:00,31.9,24,984.5,New_Delhi,28.6139,77.209
2023-03-16T15:00,31.3,25,984.2,New_Delhi,28.6139,77.209
2023-03-16T16:00,26.7,44,984.9,New_Delhi,28.6139,77.209
2023-03-16T17:00,27.6,32,984.9,New_Delhi,28.6139,77.209
2023-03-16T18:00,25,41,985.7,New_Delhi,28.6139,77.209
2023-03-16T19:00,24.3,41,985.9,New_Delhi,28.6139,77.209
2023-03-16T20:00,23.7,42,986.5,New_Delhi,28.6139,77.209
2023-03-16T21:00,22.2,48,986.7,New_Delhi,28.6139,77.209
2023-03-16T22:00,21.4,51,987,New_Delhi,28.6139,77.209
2023-03-16T23:00,23.8,41,987.2,New_Delhi,28.6139,77.209
2023-03-17T00:00,21,54,987,New_Delhi,28.6139,77.209
2023-03-17T01:00,21.3,52,986.7,New_Delhi,28.6139,77.209
2023-03-17T02:00,20,57,986.3,New_Delhi,28.6139,77.209
2023-03-17T03:00,19.8,61,986,New_Delhi,28.6139,77.209
2023-03-17T04:00,20,56,986.1,New_Delhi,28.6139,77.209
2023-03-17T05:00,19.5,67,986.6,New_Delhi,28.6139,77.209
2023-03-17T06:00,19.7,65,987.1,New_Delhi,28.6139,77.209
2023-03-17T07:00,20.3,64,988.1,New_Delhi,28.6139,77.209
2023-03-17T08:00,22.2,59,989.5,New_Delhi,28.6139,77.209
2023-03-17T09:00,23.9,52,990.2,New_Delhi,28.6139,77.209
2023-03-17T10:00,25.6,48,990.9,New_Delhi,28.6139,77.209
2023-03-17T11:00,26.5,45,990.1,New_Delhi,28.6139,77.209
2023-03-17T12:00,27,44,988.6,New_Delhi,28.6139,77.209
2023-03-17T13:00,28.1,39,987.2,New_Delhi,28.6139,77.209
2023-03-17T14:00,28.5,36,985.9,New_Delhi,28.6139,77.209
2023-03-17T15:00,24.6,57,986.1,New_Delhi,28.6139,77.209
2023-03-17T16:00,24.6,53,985.6,New_Delhi,28.6139,77.209
2023-03-17T17:00,23.6,55,985.5,New_Delhi,28.6139,77.209
2023-03-17T18:00,23,55,985.6,New_Delhi,28.6139,77.209
2023-03-17T19:00,21.6,64,986.1,New_Delhi,28.6139,77.209
2023-03-17T20:00,22.5,58,986.9,New_Delhi,28.6139,77.209
2023-03-17T21:00,22.1,59,987.3,New_Delhi,28.6139,77.209
2023-03-17T22:00,22,59,987.6,New_Delhi,28.6139,77.209
2023-03-17T23:00,21.9,59,987.4,New_Delhi,28.6139,77.209
2023-03-18T00:00,19.2,73,986.9,New_Delhi,28.6139,77.209
2023-03-18T01:00,18.7,79,986.6,New_Delhi,28.6139,77.209
2023-03-18T02:00,18.4,81,986.2,New_Delhi,28.6139,77.209
2023-03-18T03:00,18.6,78,986.1,New_Delhi,28.6139,77.209
2023-03-18T04:00,18.1,79,985.9,New_Delhi,28.6139,77.209
2023-03-18T05:00,17.9,84,986.3,New_Delhi,28.6139,77.209
2023-03-18T06:00,17.9,84,986.8,New_Delhi,28.6139,77.209
2023-03-18T07:00,18.7,80,987.6,New_Delhi,28.6139,77.209
2023-03-18T08:00,19.4,78,988.8,New_Delhi,28.6139,77.209
2023-03-18T09:00,19.7,75,989.5,New_Delhi,28.6139,77.209
2023-03-18T10:00,22.3,66,989.7,New_Delhi,28.6139,77.209
2023-03-18T11:00,24.1,58,989,New_Delhi,28.6139,77.209
2023-03-18T12:00,25.2,53,987.6,New_Delhi,28.6139,77.209
2023-03-18T13:00,26,49,986.8,New_Delhi,28.6139,77.209
2023-03-18T14:00,26.8,45,985.1,New_Delhi,28.6139,77.209
2023-03-18T15:00,26.8,42,983.5,New_Delhi,28.6139,77.209
2023-03-18T16:00,25.9,42,983.1,New_Delhi,28.6139,77.209
2023-03-18T17:00,19.7,89,985.1,New_Delhi,28.6139,77.209
2023-03-18T18:00,19.4,90,985.1,New_Delhi,28.6139,77.209
2023-03-18T19:00,18.3,93,984.8,New_Delhi,28.6139,77.209
2023-03-18T20:00,17.9,92,985.3,New_Delhi,28.6139,77.209
2023-03-18T21:00,17.5,94,986,New_Delhi,28.6139,77.209
2023-03-18T22:00,17.3,94,986.1,New_Delhi,28.6139,77.209
2023-03-18T23:00,16.7,95,986.1,New_Delhi,28.6139,77.209
2023-03-19T00:00,16.7,95,985.9,New_Delhi,28.6139,77.209
2023-03-19T01:00,16.5,96,985.3,New_Delhi,28.6139,77.209
2023-03-19T02:00,16,96,984.7,New_Delhi,28.6139,77.209
2023-03-19T03:00,15.6,97,984.4,New_Delhi,28.6139,77.209
2023-03-19T04:00,15.2,97,984.1,New_Delhi,28.6139,77.209
2023-03-19T05:00,17.1,94,984.7,New_Delhi,28.6139,77.209
2023-03-19T06:00,17.1,93,984.7,New_Delhi,28.6139,77.209
2023-03-19T07:00,17.6,92,985.7,New_Delhi,28.6139,77.209
2023-03-19T08:00,18.7,87,986.6,New_Delhi,28.6139,77.209
2023-03-19T09:00,20,81,987.6,New_Delhi,28.6139,77.209
2023-03-19T10:00,21.7,75,987.2,New_Delhi,28.6139,77.209
2023-03-19T11:00,23.1,69,986.7,New_Delhi,28.6139,77.209
2023-03-19T12:00,24,66,985.6,New_Delhi,28.6139,77.209
2023-03-19T13:00,24.7,64,984.4,New_Delhi,28.6139,77.209
2023-03-19T14:00,25,62,983.1,New_Delhi,28.6139,77.209
2023-03-19T15:00,25.2,60,981.8,New_Delhi,28.6139,77.209
2023-03-19T16:00,25,58,981.7,New_Delhi,28.6139,77.209
2023-03-19T17:00,22.8,68,982.2,New_Delhi,28.6139,77.209
2023-03-19T18:00,20.9,81,982.5,New_Delhi,28.6139,77.209
2023-03-19T19:00,20,84,983.2,New_Delhi,28.6139,77.209
2023-03-19T20:00,19.4,87,983.4,New_Delhi,28.6139,77.209
2023-03-19T21:00,18.7,90,983.8,New_Delhi,28.6139,77.209
2023-03-19T22:00,18.1,93,984.3,New_Delhi,28.6139,77.209
2023-03-19T23:00,17.6,95,984.2,New_Delhi,28.6139,77.209
2023-03-20T00:00,17.1,96,984.1,New_Delhi,28.6139,77.209
2023-03-20T01:00,17.1,97,983.6,New_Delhi,28.6139,77.209
2023-03-20T02:00,16.8,96,983,New_Delhi,28.6139,77.209
2023-03-20T03:00,16.2,98,982.3,New_Delhi,28.6139,77.209
2023-03-20T04:00,16.3,98,982.1,New_Delhi,28.6139,77.209
2023-03-20T05:00,16.6,97,981.8,New_Delhi,28.6139,77.209
2023-03-20T06:00,17.1,95,983.2,New_Delhi,28.6139,77.209
2023-03-20T07:00,17,94,984.1,New_Delhi,28.6139,77.209
2023-03-20T08:00,17.8,89,985.3,New_Delhi,28.6139,77.209
2023-03-20T09:00,19.6,81,984.9,New_Delhi,28.6139,77.209
2023-03-20T10:00,21.1,76,985.6,New_Delhi,28.6139,77.209
2023-03-20T11:00,22.2,70,985.2,New_Delhi,28.6139,77.209
2023-03-20T12:00,22.8,66,984,New_Delhi,28.6139,77.209
2023-03-20T13:00,23,66,983,New_Delhi,28.6139,77.209
2023-03-20T14:00,22.9,68,981.8,New_Delhi,28.6139,77.209
2023-03-20T15:00,23.7,63,980.5,New_Delhi,28.6139,77.209
2023-03-20T16:00,19.4,84,981.3,New_Delhi,28.6139,77.209
2023-03-20T17:00,19.2,86,982.1,New_Delhi,28.6139,77.209
2023-03-20T18:00,18.4,90,982.9,New_Delhi,28.6139,77.209
2023-03-20T19:00,17.7,92,983.4,New_Delhi,28.6139,77.209
2023-03-20T20:00,17.2,96,984.1,New_Delhi,28.6139,77.209
2023-03-20T21:00,17.3,95,984.3,New_Delhi,28.6139,77.209
2023-03-20T22:00,16.9,96,984.2,New_Delhi,28.6139,77.209
2023-03-20T23:00,16.1,97,984.3,New_Delhi,28.6139,77.209
2023-03-21T00:00,15.8,97,983.9,New_Delhi,28.6139,77.209
2023-03-21T01:00,15.3,98,983.6,New_Delhi,28.6139,77.209
2023-03-21T02:00,15.4,98,983.1,New_Delhi,28.6139,77.209
2023-03-21T03:00,15.2,98,982.7,New_Delhi,28.6139,77.209
2023-03-21T04:00,14.6,99,982.5,New_Delhi,28.6139,77.209
2023-03-21T05:00,16,99,983.1,New_Delhi,28.6139,77.209
2023-03-21T06:00,16.2,98,983.6,New_Delhi,28.6139,77.209
2023-03-21T07:00,16.4,94,984.6,New_Delhi,28.6139,77.209
2023-03-21T08:00,16.9,90,985.3,New_Delhi,28.6139,77.209
2023-03-21T09:00,16.7,92,986.5,New_Delhi,28.6139,77.209
2023-03-21T10:00,19.2,78,986.7,New_Delhi,28.6139,77.209
2023-03-21T11:00,20.6,72,986.5,New_Delhi,28.6139,77.209
2023-03-21T12:00,21.5,69,985.7,New_Delhi,28.6139,77.209
2023-03-21T13:00,22.2,69,984.9,New_Delhi,28.6139,77.209
2023-03-21T14:00,22.6,66,983.7,New_Delhi,28.6139,77.209
2023-03-21T15:00,22.9,60,983.1,New_Delhi,28.6139,77.209
2023-03-21T16:00,23.1,59,982.9,New_Delhi,28.6139,77.209
2023-03-21T17:00,22.3,62,983.5,New_Delhi,28.6139,77.209
2023-03-21T18:00,20.5,70,983.7,New_Delhi,28.6139,77.209
2023-03-21T19:00,19,76,984.1,New_Delhi,28.6139,77.209
2023-03-21T20:00,18,83,984.7,New_Delhi,28.6139,77.209
2023-03-21T21:00,16.9,90,985.5,New_Delhi,28.6139,77.209
2023-03-21T22:00,16.4,93,985.8,New_Delhi,28.6139,77.209
2023-03-21T23:00,15.5,95,986.2,New_Delhi,28.6139,77.209
2023-03-22T00:00,14.7,97,986,New_Delhi,28.6139,77.209
2023-03-22T01:00,14.6,97,985.8,New_Delhi,28.6139,77.209
2023-03-22T02:00,14.2,97,985.4,New_Delhi,28.6139,77.209
2023-03-22T03:00,14.5,96,985.4,New_Delhi,28.6139,77.209
2023-03-22T04:00,14,97,985.1,New_Delhi,28.6139,77.209
2023-03-22T05:00,14.2,100,985.4,New_Delhi,28.6139,77.209
2023-03-22T06:00,15,99,986.2,New_Delhi,28.6139,77.209
2023-03-22T07:00,15.7,97,987.4,New_Delhi,28.6139,77.209
2023-03-22T08:00,17.6,91,988.1,New_Delhi,28.6139,77.209
2023-03-22T09:00,20.3,76,988.5,New_Delhi,28.6139,77.209
2023-03-22T10:00,22.3,64,988.6,New_Delhi,28.6139,77.209
2023-03-22T11:00,23.9,55,988.4,New_Delhi,28.6139,77.209
2023-03-22T12:00,25,49,987.5,New_Delhi,28.6139,77.209
2023-03-22T13:00,25.7,47,986.2,New_Delhi,28.6139,77.209
2023-03-22T14:00,26.1,45,985.2,New_Delhi,28.6139,77.209
2023-03-22T15:00,26.3,43,984.1,New_Delhi,28.6139,77.209
2023-03-22T16:00,26,44,983.5,New_Delhi,28.6139,77.209
2023-03-22T17:00,23.6,56,983.7,New_Delhi,28.6139,77.209
2023-03-22T18:00,21.5,65,984,New_Delhi,28.6139,77.209
2023-03-22T19:00,20.1,71,984.5,New_Delhi,28.6139,77.209
2023-03-22T20:00,19.3,73,984.7,New_Delhi,28.6139,77.209
2023-03-22T21:00,18.9,74,985,New_Delhi,28.6139,77.209
2023-03-22T22:00,18,78,985.5,New_Delhi,28.6139,77.209
2023-03-22T23:00,17.8,79,985.6,New_Delhi,28.6139,77.209
2023-03-23T00:00,17.5,82,985.3,New_Delhi,28.6139,77.209
2023-03-23T01:00,16.8,87,984.8,New_Delhi,28.6139,77.209
2023-03-23T02:00,16.3,91,984,New_Delhi,28.6139,77.209
2023-03-23T03:00,15.9,92,983.6,New_Delhi,28.6139,77.209
2023-03-23T04:00,15.5,92,983.4,New_Delhi,28.6139,77.209
2023-03-23T05:00,15.7,95,983.8,New_Delhi,28.6139,77.209
2023-03-23T06:00,15.8,94,984.4,New_Delhi,28.6139,77.209
2023-03-23T07:00,17.7,86,985.2,New_Delhi,28.6139,77.209
2023-03-23T08:00,20.5,76,986,New_Delhi,28.6139,77.209
2023-03-23T09:00,23.1,66,986.7,New_Delhi,28.6139,77.209
2023-03-23T10:00,25.2,53,986.9,New_Delhi,28.6139,77.209
2023-03-23T11:00,26.6,43,986.8,New_Delhi,28.6139,77.209
2023-03-23T12:00,27.5,39,986.1,New_Delhi,28.6139,77.209
2023-03-23T13:00,27.9,37,985.1,New_Delhi,28.6139,77.209
2023-03-23T14:00,28,36,984.2,New_Delhi,28.6139,77.209
2023-03-23T15:00,27.9,36,983.4,New_Delhi,28.6139,77.209
2023-03-23T16:00,27.6,36,983.2,New_Delhi,28.6139,77.209
2023-03-23T17:00,26.2,51,983.1,New_Delhi,28.6139,77.209
2023-03-23T18:00,22.7,57,983,New_Delhi,28.6139,77.209
2023-03-23T19:00,21.5,58,983.6,New_Delhi,28.6139,77.209
2023-03-23T20:00,20.9,56,984.4,New_Delhi,28.6139,77.209
2023-03-23T21:00,19.9,62,984.6,New_Delhi,28.6139,77.209
2023-03-23T22:00,20.5,59,984.7,New_Delhi,28.6139,77.209
2023-03-23T23:00,18.3,71,984.3,New_Delhi,28.6139,77.209
2023-03-24T00:00,19.1,67,984,New_Delhi,28.6139,77.209
2023-03-24T01:00,19.5,65,983.7,New_Delhi,28.6139,77.209
2023-03-24T02:00,20.1,62,983.2,New_Delhi,28.6139,77.209
2023-03-24T03:00,19.8,62,982.9,New_Delhi,28.6139,77.209
2023-03-24T04:00,19.4,64,982.9,New_Delhi,28.6139,77.209
2023-03-24T05:00,17.3,81,983,New_Delhi,28.6139,77.209
2023-03-24T06:00,17.8,78,983.4,New_Delhi,28.6139,77.209
2023-03-24T07:00,19.2,74,984.3,New_Delhi,28.6139,77.209
2023-03-24T08:00,21.2,70,985.8,New_Delhi,28.6139,77.209
2023-03-24T09:00,20.2,77,988.2,New_Delhi,28.6139,77.209
2023-03-24T10:00,19.5,82,987.4,New_Delhi,28.6139,77.209
2023-03-24T11:00,22.3,70,987.1,New_Delhi,28.6139,77.209
2023-03-24T12:00,24.5,61,986.3,New_Delhi,28.6139,77.209
2023-03-24T13:00,25.9,54,985.3,New_Delhi,28.6139,77.209
2023-03-24T14:00,27,50,984.3,New_Delhi,28.6139,77.209
2023-03-24T15:00,27.5,48,983.3,New_Delhi,28.6139,77.209
2023-03-24T16:00,27.2,48,982.9,New_Delhi,28.6139,77.209
2023-03-24T17:00,25.2,56,982.6,New_Delhi,28.6139,77.209
2023-03-24T18:00,23.6,62,982.6,New_Delhi,28.6139,77.209
2023-03-24T19:00,22.8,64,983.4,New_Delhi,28.6139,77.209
2023-03-24T20:00,22.3,65,983.5,New_Delhi,28.6139,77.209
2023-03-24T21:00,19.4,92,986.4,New_Delhi,28.6139,77.209
2023-03-24T22:00,19.1,93,986.2,New_Delhi,28.6139,77.209
2023-03-24T23:00,18.5,97,986.5,New_Delhi,28.6139,77.209
2023-03-25T00:00,17.9,98,985.9,New_Delhi,28.6139,77.209
2023-03-25T01:00,17.9,94,985.5,New_Delhi,28.6139,77.209
2023-03-25T02:00,17.9,94,985.8,New_Delhi,28.6139,77.209
2023-03-25T03:00,17.4,97,986,New_Delhi,28.6139,77.209
2023-03-25T04:00,17.4,96,985.4,New_Delhi,28.6139,77.209
2023-03-25T05:00,17.6,93,985.6,New_Delhi,28.6139,77.209
2023-03-25T06:00,17.6,94,986.1,New_Delhi,28.6139,77.209
2023-03-25T07:00,18.4,90,987.2,New_Delhi,28.6139,77.209
2023-03-25T08:00,19.8,86,988.3,New_Delhi,28.6139,77.209
2023-03-25T09:00,21.8,78,989.1,New_Delhi,28.6139,77.209
2023-03-25T10:00,23.8,68,989.3,New_Delhi,28.6139,77.209
2023-03-25T11:00,25.1,62,989.5,New_Delhi,28.6139,77.209
2023-03-25T12:00,25.8,61,988.9,New_Delhi,28.6139,77.209
2023-03-25T13:00,26.2,60,987.9,New_Delhi,28.6139,77.209
2023-03-25T14:00,26.3,59,987.1,New_Delhi,28.6139,77.209
2023-03-25T15:00,26,57,986.1,New_Delhi,28.6139,77.209
2023-03-25T16:00,25.7,55,985.8,New_Delhi,28.6139,77.209
2023-03-25T17:00,24.1,61,986.2,New_Delhi,28.6139,77.209
2023-03-25T18:00,23.4,64,986.4,New_Delhi,28.6139,77.209
2023-03-25T19:00,20.4,81,986.6,New_Delhi,28.6139,77.209
2023-03-25T20:00,20,80,987,New_Delhi,28.6139,77.209
2023-03-25T21:00,20.1,79,988,New_Delhi,28.6139,77.209
2023-03-25T22:00,19.2,81,988,New_Delhi,28.6139,77.209
2023-03-25T23:00,18.9,81,987.6,New_Delhi,28.6139,77.209
2023-03-26T00:00,18.5,80,987.3,New_Delhi,28.6139,77.209
2023-03-26T01:00,18.5,79,986.8,New_Delhi,28.6139,77.209
2023-03-26T02:00,17.8,83,986.4,New_Delhi,28.6139,77.209
2023-03-26T03:00,17.1,89,986,New_Delhi,28.6139,77.209
2023-03-26T04:00,16.5,90,985.7,New_Delhi,28.6139,77.209
2023-03-26T05:00,17,91,986.8,New_Delhi,28.6139,77.209
2023-03-26T06:00,17.3,88,987,New_Delhi,28.6139,77.209
2023-03-26T07:00,18.7,82,987.9,New_Delhi,28.6139,77.209
2023-03-26T08:00,20.6,74,988.5,New_Delhi,28.6139,77.209
2023-03-26T09:00,23,65,989.3,New_Delhi,28.6139,77.209
2023-03-26T10:00,25.2,54,989.2,New_Delhi,28.6139,77.209
2023-03-26T11:00,26.9,39,988.9,New_Delhi,28.6139,77.209
2023-03-26T12:00,27.6,36,988.1,New_Delhi,28.6139,77.209
2023-03-26T13:00,27.6,34,987.1,New_Delhi,28.6139,77.209
2023-03-26T14:00,27.4,35,986.2,New_Delhi,28.6139,77.209
2023-03-26T15:00,27.2,35,985.2,New_Delhi,28.6139,77.209
2023-03-26T16:00,26.7,37,985,New_Delhi,28.6139,77.209
2023-03-26T17:00,25.3,46,984.8,New_Delhi,28.6139,77.209
2023-03-26T18:00,23.1,52,984.9,New_Delhi,28.6139,77.209
2023-03-26T19:00,22.1,53,985.3,New_Delhi,28.6139,77.209
2023-03-26T20:00,21.2,55,985.9,New_Delhi,28.6139,77.209
2023-03-26T21:00,20.4,56,986.3,New_Delhi,28.6139,77.209
2023-03-26T22:00,18.8,62,986.1,New_Delhi,28.6139,77.209
2023-03-26T23:00,18.2,63,985.7,New_Delhi,28.6139,77.209
2023-03-27T00:00,17.2,68,985.4,New_Delhi,28.6139,77.209
2023-03-27T01:00,16.3,74,985.2,New_Delhi,28.6139,77.209
2023-03-27T02:00,16.1,73,984.8,New_Delhi,28.6139,77.209
2023-03-27T03:00,15.8,75,984.6,New_Delhi,28.6139,77.209
2023-03-27T04:00,15.5,77,984.6,New_Delhi,28.6139,77.209
2023-03-27T05:00,15.9,82,985.5,New_Delhi,28.6139,77.209
2023-03-27T06:00,16.2,82,986.2,New_Delhi,28.6139,77.209
2023-03-27T07:00,17.5,80,986.8,New_Delhi,28.6139,77.209
2023-03-27T08:00,19.8,74,987.6,New_Delhi,28.6139,77.209
2023-03-27T09:00,22.2,66,988.2,New_Delhi,28.6139,77.209
2023-03-27T10:00,24.2,56,988.3,New_Delhi,28.6139,77.209
2023-03-27T11:00,25.5,48,988,New_Delhi,28.6139,77.209
2023-03-27T12:00,26.2,44,987.2,New_Delhi,28.6139,77.209
2023-03-27T13:00,26.6,42,986.4,New_Delhi,28.6139,77.209
2023-03-27T14:00,26.8,40,985.5,New_Delhi,28.6139,77.209
2023-03-27T15:00,26.6,38,985,New_Delhi,28.6139,77.209
2023-03-27T16:00,26.3,38,984.9,New_Delhi,28.6139,77.209
2023-03-27T17:00,25.1,47,984.7,New_Delhi,28.6139,77.209
2023-03-27T18:00,22,59,984.9,New_Delhi,28.6139,77.209
2023-03-27T19:00,20.8,61,985.3,New_Delhi,28.6139,77.209
2023-03-27T20:00,20.4,59,985.8,New_Delhi,28.6139,77.209
2023-03-27T21:00,19.4,62,986,New_Delhi,28.6139,77.209
2023-03-27T22:00,18.7,66,986.1,New_Delhi,28.6139,77.209
2023-03-27T23:00,18.4,67,986,New_Delhi,28.6139,77.209
2023-03-28T00:00,17.9,70,985.7,New_Delhi,28.6139,77.209
2023-03-28T01:00,17.2,74,985.3,New_Delhi,28.6139,77.209
2023-03-28T02:00,16.1,80,984.6,New_Delhi,28.6139,77.209
2023-03-28T03:00,15.5,83,984.3,New_Delhi,28.6139,77.209
2023-03-28T04:00,15.2,84,983.8,New_Delhi,28.6139,77.209
2023-03-28T05:00,15.9,84,984.5,New_Delhi,28.6139,77.209
2023-03-28T06:00,16.3,82,985,New_Delhi,28.6139,77.209
2023-03-28T07:00,18.3,77,985.9,New_Delhi,28.6139,77.209
2023-03-28T08:00,21.3,70,986.7,New_Delhi,28.6139,77.209
2023-03-28T09:00,23.9,59,987.5,New_Delhi,28.6139,77.209
2023-03-28T10:00,25.6,50,987.4,New_Delhi,28.6139,77.209
2023-03-28T11:00,26.8,45,987.3,New_Delhi,28.6139,77.209
2023-03-28T12:00,27.7,41,986.7,New_Delhi,28.6139,77.209
2023-03-28T13:00,28.1,38,986.1,New_Delhi,28.6139,77.209
2023-03-28T14:00,28.1,38,985.3,New_Delhi,28.6139,77.209
2023-03-28T15:00,28.2,37,984.9,New_Delhi,28.6139,77.209
2023-03-28T16:00,28,37,984.5,New_Delhi,28.6139,77.209
2023-03-28T17:00,26.9,48,984.6,New_Delhi,28.6139,77.209
2023-03-28T18:00,23.6,59,984.8,New_Delhi,28.6139,77.209
2023-03-28T19:00,21.9,61,985,New_Delhi,28.6139,77.209
2023-03-28T20:00,20.9,62,985.6,New_Delhi,28.6139,77.209
2023-03-28T21:00,20.2,61,986.2,New_Delhi,28.6139,77.209
2023-03-28T22:00,20.2,58,986.3,New_Delhi,28.6139,77.209
2023-03-28T23:00,19.1,62,986.2,New_Delhi,28.6139,77.209
2023-03-29T00:00,18,69,985.9,New_Delhi,28.6139,77.209
2023-03-29T01:00,17.2,72,985.4,New_Delhi,28.6139,77.209
2023-03-29T02:00,16.9,74,984.9,New_Delhi,28.6139,77.209
2023-03-29T03:00,16.7,76,984.7,New_Delhi,28.6139,77.209
2023-03-29T04:00,18.3,67,984.8,New_Delhi,28.6139,77.209
2023-03-29T05:00,17.1,78,985.2,New_Delhi,28.6139,77.209
2023-03-29T06:00,17.4,80,985.8,New_Delhi,28.6139,77.209
2023-03-29T07:00,19.6,73,986.6,New_Delhi,28.6139,77.209
2023-03-29T08:00,22.4,68,987.4,New_Delhi,28.6139,77.209
2023-03-29T09:00,25.5,57,988,New_Delhi,28.6139,77.209
2023-03-29T10:00,27.8,45,988.2,New_Delhi,28.6139,77.209
2023-03-29T11:00,29.2,41,987.9,New_Delhi,28.6139,77.209
2023-03-29T12:00,30.1,38,987.3,New_Delhi,28.6139,77.209
2023-03-29T13:00,30.7,36,986.4,New_Delhi,28.6139,77.209
2023-03-29T14:00,30.8,33,985.8,New_Delhi,28.6139,77.209
2023-03-29T15:00,27.1,41,986.1,New_Delhi,28.6139,77.209
2023-03-29T16:00,27.3,40,985.7,New_Delhi,28.6139,77.209
2023-03-29T17:00,27.5,43,984.7,New_Delhi,28.6139,77.209
2023-03-29T18:00,25.2,44,985.3,New_Delhi,28.6139,77.209
2023-03-29T19:00,24.3,44,985.7,New_Delhi,28.6139,77.209
2023-03-29T20:00,22.3,52,986,New_Delhi,28.6139,77.209
2023-03-29T21:00,22.7,50,986.3,New_Delhi,28.6139,77.209
2023-03-29T22:00,25.8,37,986.3,New_Delhi,28.6139,77.209
2023-03-29T23:00,20,61,985.4,New_Delhi,28.6139,77.209
2023-03-30T00:00,18.8,69,984.8,New_Delhi,28.6139,77.209
2023-03-30T01:00,18.9,67,984.3,New_Delhi,28.6139,77.209
2023-03-30T02:00,18.9,65,983.9,New_Delhi,28.6139,77.209
2023-03-30T03:00,18.2,67,983.6,New_Delhi,28.6139,77.209
2023-03-30T04:00,17.5,71,983.1,New_Delhi,28.6139,77.209
2023-03-30T05:00,17.9,80,984.4,New_Delhi,28.6139,77.209
2023-03-30T06:00,18.2,80,985.5,New_Delhi,28.6139,77.209
2023-03-30T07:00,19.8,74,986.1,New_Delhi,28.6139,77.209
2023-03-30T08:00,22.4,70,986.4,New_Delhi,28.6139,77.209
2023-03-30T09:00,25.1,61,986.8,New_Delhi,28.6139,77.209
2023-03-30T10:00,27.4,53,986.5,New_Delhi,28.6139,77.209
2023-03-30T11:00,29,44,985.8,New_Delhi,28.6139,77.209
2023-03-30T12:00,30.2,39,984.6,New_Delhi,28.6139,77.209
2023-03-30T13:00,30.8,36,983,New_Delhi,28.6139,77.209
2023-03-30T14:00,29,36,983.2,New_Delhi,28.6139,77.209
2023-03-30T15:00,22.6,66,983.7,New_Delhi,28.6139,77.209
2023-03-30T16:00,23.3,64,982.6,New_Delhi,28.6139,77.209
2023-03-30T17:00,20.1,91,983.6,New_Delhi,28.6139,77.209
2023-03-30T18:00,20.2,92,983.6,New_Delhi,28.6139,77.209
2023-03-30T19:00,19.8,88,984.6,New_Delhi,28.6139,77.209
2023-03-30T20:00,19.2,90,985.1,New_Delhi,28.6139,77.209
2023-03-30T21:00,19,90,984.8,New_Delhi,28.6139,77.209
2023-03-30T22:00,18.4,93,985,New_Delhi,28.6139,77.209
2023-03-30T23:00,18.2,92,984,New_Delhi,28.6139,77.209
2023-03-31T00:00,18.5,92,984.2,New_Delhi,28.6139,77.209
2023-03-31T01:00,18.3,93,983.6,New_Delhi,28.6139,77.209
2023-03-31T02:00,18,94,983.2,New_Delhi,28.6139,77.209
2023-03-31T03:00,17.8,94,982.6,New_Delhi,28.6139,77.209
2023-03-31T04:00,17.8,95,982.4,New_Delhi,28.6139,77.209
2023-03-31T05:00,18.1,94,983.3,New_Delhi,28.6139,77.209
2023-03-31T06:00,17.5,97,984.1,New_Delhi,28.6139,77.209
2023-03-31T07:00,18.7,89,984.8,New_Delhi,28.6139,77.209
2023-03-31T08:00,19.9,80,985.2,New_Delhi,28.6139,77.209
2023-03-31T09:00,21.4,70,985.8,New_Delhi,28.6139,77.209
2023-03-31T10:00,22.3,65,986.2,New_Delhi,28.6139,77.209
2023-03-31T11:00,23,64,985.9,New_Delhi,28.6139,77.209
2023-03-31T12:00,23.5,62,985.1,New_Delhi,28.6139,77.209
2023-03-31T13:00,24.2,59,984.1,New_Delhi,28.6139,77.209
2023-03-31T14:00,21.6,70,983.6,New_Delhi,28.6139,77.209
2023-03-31T15:00,22.1,65,982.7,New_Delhi,28.6139,77.209
2023-03-31T16:00,22.3,67,982.3,New_Delhi,28.6139,77.209
2023-03-31T17:00,18.6,83,983.6,New_Delhi,28.6139,77.209
2023-03-31T18:00,18.8,90,984,New_Delhi,28.6139,77.209
2023-03-31T19:00,18.4,88,984.7,New_Delhi,28.6139,77.209
2023-03-31T20:00,17.8,92,984.8,New_Delhi,28.6139,77.209
2023-03-31T21:00,17.8,91,984.4,New_Delhi,28.6139,77.209
2023-03-31T22:00,17,95,984.6,New_Delhi,28.6139,77.209
2023-03-31T23:00,17.2,93,984.8,New_Delhi,28.6139,77.209
2023-04-01T00:00,16.6,97,985,New_Delhi,28.6139,77.209
2023-04-01T01:00,16,98,984.4,New_Delhi,28.6139,77.209
2023-04-01T02:00,15.5,99,983.9,New_Delhi,28.6139,77.209
2023-04-01T03:00,15.2,99,983.7,New_Delhi,28.6139,77.209
2023-04-01T04:00,15.1,98,983.6,New_Delhi,28.6139,77.209
2023-04-01T05:00,16.5,96,984.5,New_Delhi,28.6139,77.209
2023-04-01T06:00,16.7,95,985.2,New_Delhi,28.6139,77.209
2023-04-01T07:00,17.4,94,985.7,New_Delhi,28.6139,77.209
2023-04-01T08:00,19.3,86,986.6,New_Delhi,28.6139,77.209
2023-04-01T09:00,21.2,77,987.1,New_Delhi,28.6139,77.209
2023-04-01T10:00,22.6,70,987.2,New_Delhi,28.6139,77.209
2023-04-01T11:00,23.9,65,986.9,New_Delhi,28.6139,77.209
2023-04-01T12:00,24.7,61,986.1,New_Delhi,28.6139,77.209
2023-04-01T13:00,25.3,57,985.3,New_Delhi,28.6139,77.209
2023-04-01T14:00,25.7,52,984.4,New_Delhi,28.6139,77.209
2023-04-01T15:00,25.7,50,983.1,New_Delhi,28.6139,77.209
2023-04-01T16:00,23.9,56,983.3,New_Delhi,28.6139,77.209
2023-04-01T17:00,24.1,58,983.1,New_Delhi,28.6139,77.209
2023-04-01T18:00,23.2,62,983.8,New_Delhi,28.6139,77.209
2023-04-01T19:00,20.3,80,984.4,New_Delhi,28.6139,77.209
2023-04-01T20:00,18.7,88,984.7,New_Delhi,28.6139,77.209
2023-04-01T21:00,18.6,90,985.2,New_Delhi,28.6139,77.209
2023-04-01T22:00,19.1,85,985.3,New_Delhi,28.6139,77.209
2023-04-01T23:00,17.6,92,985.3,New_Delhi,28.6139,77.209
2023-04-02T00:00,17.7,90,984.9,New_Delhi,28.6139,77.209
2023-04-02T01:00,18.7,87,984.7,New_Delhi,28.6139,77.209
2023-04-02T02:00,18.6,86,984.3,New_Delhi,28.6139,77.209
2023-04-02T03:00,18.3,89,983.9,New_Delhi,28.6139,77.209
2023-04-02T04:00,17.8,93,983.6,New_Delhi,28.6139,77.209
2023-04-02T05:00,15.9,98,983.5,New_Delhi,28.6139,77.209
2023-04-02T06:00,16.6,98,984.2,New_Delhi,28.6139,77.209
2023-04-02T07:00,18.7,90,985.1,New_Delhi,28.6139,77.209
2023-04-02T08:00,21.5,76,985.9,New_Delhi,28.6139,77.209
2023-04-02T09:00,23.9,66,986.4,New_Delhi,28.6139,77.209
2023-04-02T10:00,25.4,60,986.2,New_Delhi,28.6139,77.209
2023-04-02T11:00,26.7,55,985.6,New_Delhi,28.6139,77.209
2023-04-02T12:00,27.6,50,985.1,New_Delhi,28.6139,77.209
2023-04-02T13:00,28.2,45,984.3,New_Delhi,28.6139,77.209
2023-04-02T14:00,28.3,43,983.3,New_Delhi,28.6139,77.209
2023-04-02T15:00,28.3,42,982.5,New_Delhi,28.6139,77.209
2023-04-02T16:00,27.9,42,982.1,New_Delhi,28.6139,77.209
2023-04-02T17:00,26.7,49,982,New_Delhi,28.6139,77.209
2023-04-02T18:00,24.1,61,982.2,New_Delhi,28.6139,77.209
2023-04-02T19:00,22.8,62,982.5,New_Delhi,28.6139,77.209
2023-04-02T20:00,21.7,62,982.9,New_Delhi,28.6139,77.209
2023-04-02T21:00,20.7,66,983.1,New_Delhi,28.6139,77.209
2023-04-02T22:00,19.1,75,983,New_Delhi,28.6139,77.209
2023-04-02T23:00,18.4,78,982.4,New_Delhi,28.6139,77.209
2023-04-03T00:00,17.9,80,981.9,New_Delhi,28.6139,77.209
2023-04-03T01:00,19.9,69,982,New_Delhi,28.6139,77.209
2023-04-03T02:00,18.2,76,981.6,New_Delhi,28.6139,77.209
2023-04-03T03:00,16.6,84,981.1,New_Delhi,28.6139,77.209
2023-04-03T04:00,16.4,85,981.2,New_Delhi,28.6139,77.209
2023-04-03T05:00,17.4,86,981.6,New_Delhi,28.6139,77.209
2023-04-03T06:00,18.6,80,982.6,New_Delhi,28.6139,77.209
2023-04-03T07:00,20.3,74,983.2,New_Delhi,28.6139,77.209
2023-04-03T08:00,22.9,66,983.9,New_Delhi,28.6139,77.209
2023-04-03T09:00,25.7,54,984.3,New_Delhi,28.6139,77.209
2023-04-03T10:00,27.7,47,984.1,New_Delhi,28.6139,77.209
2023-04-03T11:00,29,44,983.9,New_Delhi,28.6139,77.209
2023-04-03T12:00,29.9,42,983.1,New_Delhi,28.6139,77.209
2023-04-03T13:00,30.8,36,982.4,New_Delhi,28.6139,77.209
2023-04-03T14:00,31.3,30,981.9,New_Delhi,28.6139,77.209
2023-04-03T15:00,30.5,30,981.4,New_Delhi,28.6139,77.209
2023-04-03T16:00,30,31,981.3,New_Delhi,28.6139,77.209
2023-04-03T17:00,26.9,51,981.8,New_Delhi,28.6139,77.209
2023-04-03T18:00,23.8,60,981.9,New_Delhi,28.6139,77.209
2023-04-03T19:00,22.7,61,982.4,New_Delhi,28.6139,77.209
2023-04-03T20:00,22,63,982.8,New_Delhi,28.6139,77.209
2023-04-03T21:00,21.2,67,983.1,New_Delhi,28.6139,77.209
2023-04-03T22:00,20.2,69,983.2,New_Delhi,28.6139,77.209
2023-04-03T23:00,19.4,71,982.7,New_Delhi,28.6139,77.209
2023-04-04T00:00,18.8,73,982.5,New_Delhi,28.6139,77.209
2023-04-04T01:00,18.4,74,981.9,New_Delhi,28.6139,77.209
2023-04-04T02:00,17.8,76,981.4,New_Delhi,28.6139,77.209
2023-04-04T03:00,17.2,78,981.3,New_Delhi,28.6139,77.209
2023-04-04T04:00,17.7,75,981.8,New_Delhi,28.6139,77.209
2023-04-04T05:00,17.9,79,984.2,New_Delhi,28.6139,77.209
2023-04-04T06:00,17.9,79,985.3,New_Delhi,28.6139,77.209
2023-04-04T07:00,18.7,75,985.9,New_Delhi,28.6139,77.209
2023-04-04T08:00,19.6,73,986.5,New_Delhi,28.6139,77.209
2023-04-04T09:00,21.9,67,986.9,New_Delhi,28.6139,77.209
2023-04-04T10:00,24.1,58,987.3,New_Delhi,28.6139,77.209
2023-04-04T11:00,25.6,53,987,New_Delhi,28.6139,77.209
2023-04-04T12:00,26.7,49,986.5,New_Delhi,28.6139,77.209
2023-04-04T13:00,27.4,47,985.7,New_Delhi,28.6139,77.209
2023-04-04T14:00,27.9,47,984.8,New_Delhi,28.6139,77.209
2023-04-04T15:00,28,45,984.1,New_Delhi,28.6139,77.209
2023-04-04T16:00,28,41,983.9,New_Delhi,28.6139,77.209
2023-04-04T17:00,27.6,42,983.8,New_Delhi,28.6139,77.209
2023-04-04T18:00,25.1,49,984.2,New_Delhi,28.6139,77.209
2023-04-04T19:00,23.5,52,984.6,New_Delhi,28.6139,77.209
2023-04-04T20:00,22.4,54,985.2,New_Delhi,28.6139,77.209
2023-04-04T21:00,21.9,53,985.7,New_Delhi,28.6139,77.209
2023-04-04T22:00,20.3,60,986,New_Delhi,28.6139,77.209
2023-04-04T23:00,19.8,63,985.8,New_Delhi,28.6139,77.209
2023-04-05T00:00,18.4,68,985.3,New_Delhi,28.6139,77.209
2023-04-05T01:00,17.6,72,984.8,New_Delhi,28.6139,77.209
2023-04-05T02:00,16.8,76,984.1,New_Delhi,28.6139,77.209
2023-04-05T03:00,16.4,78,984,New_Delhi,28.6139,77.209
2023-04-05T04:00,16.3,77,984,New_Delhi,28.6139,77.209
2023-04-05T05:00,16.8,85,984.5,New_Delhi,28.6139,77.209
2023-04-05T06:00,17.2,83,985.4,New_Delhi,28.6139,77.209
2023-04-05T07:00,19.1,77,986.2,New_Delhi,28.6139,77.209
2023-04-05T08:00,21.9,68,987,New_Delhi,28.6139,77.209
2023-04-05T09:00,24.5,57,987.6,New_Delhi,28.6139,77.209
2023-04-05T10:00,26.4,48,987.7,New_Delhi,28.6139,77.209
2023-04-05T11:00,27.9,40,987.3,New_Delhi,28.6139,77.209
2023-04-05T12:00,29.1,31,986.7,New_Delhi,28.6139,77.209
2023-04-05T13:00,29.8,27,985.8,New_Delhi,28.6139,77.209
2023-04-05T14:00,30.2,23,984.8,New_Delhi,28.6139,77.209
2023-04-05T15:00,30.1,22,984,New_Delhi,28.6139,77.209
2023-04-05T16:00,29.6,22,983.6,New_Delhi,28.6139,77.209
2023-04-05T17:00,28.5,29,983.7,New_Delhi,28.6139,77.209
2023-04-05T18:00,24.8,38,984.1,New_Delhi,28.6139,77.209
2023-04-05T19:00,23.8,34,984.6,New_Delhi,28.6139,77.209
2023-04-05T20:00,22.6,35,985.6,New_Delhi,28.6139,77.209
2023-04-05T21:00,21.7,38,986.2,New_Delhi,28.6139,77.209
2023-04-05T22:00,21.3,38,986.3,New_Delhi,28.6139,77.209
2023-04-05T23:00,20.5,42,986.1,New_Delhi,28.6139,77.209
2023-04-06T00:00,19.5,45,985.6,New_Delhi,28.6139,77.209
2023-04-06T01:00,19.2,46,985.1,New_Delhi,28.6139,77.209
2023-04-06T02:00,18.3,49,984.7,New_Delhi,28.6139,77.209
2023-04-06T03:00,17.3,54,984.6,New_Delhi,28.6139,77.209
2023-04-06T04:00,16.7,57,985.1,New_Delhi,28.6139,77.209
2023-04-06T05:00,18.4,60,987,New_Delhi,28.6139,77.209
2023-04-06T06:00,18.6,65,987.9,New_Delhi,28.6139,77.209
2023-04-06T07:00,20,67,988.7,New_Delhi,28.6139,77.209
2023-04-06T08:00,22.6,55,989.2,New_Delhi,28.6139,77.209
2023-04-06T09:00,24.3,47,989.4,New_Delhi,28.6139,77.209
2023-04-06T10:00,27.4,36,989.5,New_Delhi,28.6139,77.209
2023-04-06T11:00,29.2,30,989.3,New_Delhi,28.6139,77.209
2023-04-06T12:00,30.3,28,988.7,New_Delhi,28.6139,77.209
2023-04-06T13:00,31,26,988,New_Delhi,28.6139,77.209
2023-04-06T14:00,31.3,24,987.3,New_Delhi,28.6139,77.209
2023-04-06T15:00,31.1,22,986.7,New_Delhi,28.6139,77.209
2023-04-06T16:00,30.7,22,986.4,New_Delhi,28.6139,77.209
2023-04-06T17:00,29.6,25,986.5,New_Delhi,28.6139,77.209
2023-04-06T18:00,25.8,36,986.7,New_Delhi,28.6139,77.209
2023-04-06T19:00,23.7,41,987.1,New_Delhi,28.6139,77.209
2023-04-06T20:00,23.6,32,988,New_Delhi,28.6139,77.209
2023-04-06T21:00,21.8,35,988.4,New_Delhi,28.6139,77.209
2023-04-06T22:00,21.9,35,988.9,New_Delhi,28.6139,77.209
2023-04-06T23:00,21.5,36,988.7,New_Delhi,28.6139,77.209
2023-04-07T00:00,20.4,42,988.6,New_Delhi,28.6139,77.209
2023-04-07T01:00,18.9,49,988.3,New_Delhi,28.6139,77.209
2023-04-07T02:00,18,54,987.8,New_Delhi,28.6139,77.209
2023-04-07T03:00,18.1,55,987.6,New_Delhi,28.6139,77.209
2023-04-07T04:00,17.6,59,987.4,New_Delhi,28.6139,77.209
2023-04-07T05:00,17.4,65,988.5,New_Delhi,28.6139,77.209
2023-04-07T06:00,17.8,65,989.3,New_Delhi,28.6139,77.209
2023-04-07T07:00,19.9,59,990.1,New_Delhi,28.6139,77.209
2023-04-07T08:00,22.7,51,990.9,New_Delhi,28.6139,77.209
2023-04-07T09:00,25.4,45,991.7,New_Delhi,28.6139,77.209
2023-04-07T10:00,27.6,35,991.8,New_Delhi,28.6139,77.209
2023-04-07T11:00,29.3,25,991.3,New_Delhi,28.6139,77.209
2023-04-07T12:00,30.4,21,990.6,New_Delhi,28.6139,77.209
2023-04-07T13:00,31.1,19,989.8,New_Delhi,28.6139,77.209
2023-04-07T14:00,31.3,18,988.8,New_Delhi,28.6139,77.209
2023-04-07T15:00,31.1,18,988.2,New_Delhi,28.6139,77.209
2023-04-07T16:00,30.6,19,987.9,New_Delhi,28.6139,77.209
2023-04-07T17:00,29.7,22,987.7,New_Delhi,28.6139,77.209
2023-04-07T18:00,27,26,988.1,New_Delhi,28.6139,77.209
2023-04-07T19:00,25.5,27,988.4,New_Delhi,28.6139,77.209
2023-04-07T20:00,24.6,27,988.9,New_Delhi,28.6139,77.209
2023-04-07T21:00,23.7,28,989.4,New_Delhi,28.6139,77.209
2023-04-07T22:00,22.9,29,989.5,New_Delhi,28.6139,77.209
2023-04-07T23:00,22.2,31,989.6,New_Delhi,28.6139,77.209
2023-04-08T00:00,21.3,34,989.2,New_Delhi,28.6139,77.209
2023-04-08T01:00,19.8,41,989,New_Delhi,28.6139,77.209
2023-04-08T02:00,18.9,45,988.7,New_Delhi,28.6139,77.209
2023-04-08T03:00,18.5,45,988.4,New_Delhi,28.6139,77.209
2023-04-08T04:00,17.1,50,988.5,New_Delhi,28.6139,77.209
2023-04-08T05:00,17.1,54,989.1,New_Delhi,28.6139,77.209
2023-04-08T06:00,17.6,54,989.8,New_Delhi,28.6139,77.209
2023-04-08T07:00,20,50,990.6,New_Delhi,28.6139,77.209
2023-04-08T08:00,23.5,43,991.5,New_Delhi,28.6139,77.209
2023-04-08T09:00,26.7,34,992,New_Delhi,28.6139,77.209
2023-04-08T10:00,29,24,992.2,New_Delhi,28.6139,77.209
2023-04-08T11:00,30.2,21,992.1,New_Delhi,28.6139,77.209
2023-04-08T12:00,31,20,991.4,New_Delhi,28.6139,77.209
2023-04-08T13:00,31.4,19,990.6,New_Delhi,28.6139,77.209
2023-04-08T14:00,31.8,17,989.7,New_Delhi,28.6139,77.209
2023-04-08T15:00,31.7,16,989.2,New_Delhi,28.6139,77.209
2023-04-08T16:00,31.3,16,988.8,New_Delhi,28.6139,77.209
2023-04-08T17:00,30.4,20,988.6,New_Delhi,28.6139,77.209
2023-04-08T18:00,26.6,30,988.6,New_Delhi,28.6139,77.209
2023-04-08T19:00,24.2,32,988.6,New_Delhi,28.6139,77.209
2023-04-08T20:00,23.2,32,989.1,New_Delhi,28.6139,77.209
2023-04-08T21:00,22,35,989.7,New_Delhi,28.6139,77.209
2023-04-08T22:00,20.9,38,990,New_Delhi,28.6139,77.209
2023-04-08T23:00,21.4,35,989.9,New_Delhi,28.6139,77.209
2023-04-09T00:00,21.6,33,989.9,New_Delhi,28.6139,77.209
2023-04-09T01:00,20.3,38,989.6,New_Delhi,28.6139,77.209
2023-04-09T02:00,19,46,989.4,New_Delhi,28.6139,77.209
2023-04-09T03:00,20.4,42,989.5,New_Delhi,28.6139,77.209
2023-04-09T04:00,21.5,38,989.4,New_Delhi,28.6139,77.209
2023-04-09T05:00,19.7,48,989.9,New_Delhi,28.6139,77.209
2023-04-09T06:00,18,56,990.5,New_Delhi,28.6139,77.209
2023-04-09T07:00,20.5,52,991.3,New_Delhi,28.6139,77.209
2023-04-09T08:00,25,44,992.1,New_Delhi,28.6139,77.209
2023-04-09T09:00,28.5,33,992.7,New_Delhi,28.6139,77.209
2023-04-09T10:00,30.9,22,992.6,New_Delhi,28.6139,77.209
2023-04-09T11:00,32.4,16,992.2,New_Delhi,28.6139,77.209
2023-04-09T12:00,32.8,14,991.5,New_Delhi,28.6139,77.209
2023-04-09T13:00,33.1,15,990.6,New_Delhi,28.6139,77.209
2023-04-09T14:00,33.1,15,989.5,New_Delhi,28.6139,77.209
2023-04-09T15:00,32.9,15,988.7,New_Delhi,28.6139,77.209
2023-04-09T16:00,32.7,16,987.9,New_Delhi,28.6139,77.209
2023-04-09T17:00,31.6,17,987.3,New_Delhi,28.6139,77.209
2023-04-09T18:00,28.6,23,987.3,New_Delhi,28.6139,77.209
2023-04-09T19:00,28.3,19,987.3,New_Delhi,28.6139,77.209
2023-04-09T20:00,26.1,22,987.8,New_Delhi,28.6139,77.209
2023-04-09T21:00,25.6,26,988.5,New_Delhi,28.6139,77.209
2023-04-09T22:00,22.6,32,988.4,New_Delhi,28.6139,77.209
2023-04-09T23:00,23.3,29,988.5,New_Delhi,28.6139,77.209
2023-04-10T00:00,23.1,29,988.4,New_Delhi,28.6139,77.209
2023-04-10T01:00,20.8,35,987.5,New_Delhi,28.6139,77.209
2023-04-10T02:00,20.6,37,987,New_Delhi,28.6139,77.209
2023-04-10T03:00,22.5,31,986.8,New_Delhi,28.6139,77.209
2023-04-10T04:00,20.1,38,986.5,New_Delhi,28.6139,77.209
2023-04-10T05:00,20.2,39,987.5,New_Delhi,28.6139,77.209
2023-04-10T06:00,19.7,46,987.9,New_Delhi,28.6139,77.209
2023-04-10T07:00,21.9,42,988.9,New_Delhi,28.6139,77.209
2023-04-10T08:00,25.3,36,989.8,New_Delhi,28.6139,77.209
2023-04-10T09:00,28.5,30,990.4,New_Delhi,28.6139,77.209
2023-04-10T10:00,31,24,990.3,New_Delhi,28.6139,77.209
2023-04-10T11:00,32.5,19,990.1,New_Delhi,28.6139,77.209
2023-04-10T12:00,33,18,989.4,New_Delhi,28.6139,77.209
2023-04-10T13:00,33.3,18,988.6,New_Delhi,28.6139,77.209
2023-04-10T14:00,33.1,18,987.8,New_Delhi,28.6139,77.209
2023-04-10T15:00,33.3,17,987,New_Delhi,28.6139,77.209
2023-04-10T16:00,33.1,17,986.6,New_Delhi,28.6139,77.209
2023-04-10T17:00,32.1,20,986.2,New_Delhi,28.6139,77.209
2023-04-10T18:00,28,29,986.6,New_Delhi,28.6139,77.209
2023-04-10T19:00,27.3,25,986.9,New_Delhi,28.6139,77.209
2023-04-10T20:00,24.3,30,987.2,New_Delhi,28.6139,77.209
2023-04-10T21:00,24.3,29,987.6,New_Delhi,28.6139,77.209
2023-04-10T22:00,23.7,30,987.7,New_Delhi,28.6139,77.209
2023-04-10T23:00,23.3,32,987.5,New_Delhi,28.6139,77.209
2023-04-11T00:00,21.3,37,987.1,New_Delhi,28.6139,77.209
2023-04-11T01:00,20.7,38,986.4,New_Delhi,28.6139,77.209
2023-04-11T02:00,20.6,38,985.7,New_Delhi,28.6139,77.209
2023-04-11T03:00,20.7,37,985.5,New_Delhi,28.6139,77.209
2023-04-11T04:00,20.5,36,985.6,New_Delhi,28.6139,77.209
2023-04-11T05:00,19.4,45,986.4,New_Delhi,28.6139,77.209
2023-04-11T06:00,19.7,46,986.8,New_Delhi,28.6139,77.209
2023-04-11T07:00,22,43,987.9,New_Delhi,28.6139,77.209
2023-04-11T08:00,25.4,37,988.7,New_Delhi,28.6139,77.209
2023-04-11T09:00,29,29,989.7,New_Delhi,28.6139,77.209
2023-04-11T10:00,31.8,24,990,New_Delhi,28.6139,77.209
2023-04-11T11:00,33.4,19,989.7,New_Delhi,28.6139,77.209
2023-04-11T12:00,34.3,17,989.2,New_Delhi,28.6139,77.209
2023-04-11T13:00,34.9,18,988.4,New_Delhi,28.6139,77.209
2023-04-11T14:00,35.9,14,987.3,New_Delhi,28.6139,77.209
2023-04-11T15:00,35.7,13,986.4,New_Delhi,28.6139,77.209
2023-04-11T16:00,35.1,14,986.1,New_Delhi,28.6139,77.209
2023-04-11T17:00,33.9,17,985.9,New_Delhi,28.6139,77.209
2023-04-11T18:00,31.5,21,986.1,New_Delhi,28.6139,77.209
2023-04-11T19:00,29.6,22,986,New_Delhi,28.6139,77.209
2023-04-11T20:00,29.1,22,986.3,New_Delhi,28.6139,77.209
2023-04-11T21:00,28.4,22,987.1,New_Delhi,28.6139,77.209
2023-04-11T22:00,26.8,25,987.2,New_Delhi,28.6139,77.209
2023-04-11T23:00,24.7,29,987,New_Delhi,28.6139,77.209
2023-04-12T00:00,24,31,986.8,New_Delhi,28.6139,77.209
2023-04-12T01:00,23.7,32,986.8,New_Delhi,28.6139,77.209
2023-04-12T02:00,25,29,986.5,New_Delhi,28.6139,77.209
2023-04-12T03:00,25.6,28,986,New_Delhi,28.6139,77.209
2023-04-12T04:00,25.4,29,985.7,New_Delhi,28.6139,77.209
2023-04-12T05:00,23.1,40,986.4,New_Delhi,28.6139,77.209
2023-04-12T06:00,24.5,38,987.2,New_Delhi,28.6139,77.209
2023-04-12T07:00,26,37,987.6,New_Delhi,28.6139,77.209
2023-04-12T08:00,29.1,31,988.6,New_Delhi,28.6139,77.209
2023-04-12T09:00,31.7,26,989.4,New_Delhi,28.6139,77.209
2023-04-12T10:00,34.5,19,989.3,New_Delhi,28.6139,77.209
2023-04-12T11:00,35.5,18,988.8,New_Delhi,28.6139,77.209
2023-04-12T12:00,36.2,17,988.3,New_Delhi,28.6139,77.209
2023-04-12T13:00,36.3,16,987.3,New_Delhi,28.6139,77.209
2023-04-12T14:00,36.4,16,986.6,New_Delhi,28.6139,77.209
2023-04-12T15:00,35.7,16,985.7,New_Delhi,28.6139,77.209
2023-04-12T16:00,34.7,18,985.5,New_Delhi,28.6139,77.209
2023-04-12T17:00,33.6,20,985,New_Delhi,28.6139,77.209
2023-04-12T18:00,30.9,27,985.4,New_Delhi,28.6139,77.209
2023-04-12T19:00,29.1,28,985.6,New_Delhi,28.6139,77.209
2023-04-12T20:00,28.3,29,986.1,New_Delhi,28.6139,77.209
2023-04-12T21:00,27.4,29,986.5,New_Delhi,28.6139,77.209
2023-04-12T22:00,24.9,35,986.3,New_Delhi,28.6139,77.209
2023-04-12T23:00,25.2,34,986.3,New_Delhi,28.6139,77.209
2023-04-13T00:00,24.4,35,985.7,New_Delhi,28.6139,77.209
2023-04-13T01:00,23.3,38,985.3,New_Delhi,28.6139,77.209
2023-04-13T02:00,22.4,43,985,New_Delhi,28.6139,77.209
2023-04-13T03:00,22.4,42,984.6,New_Delhi,28.6139,77.209
2023-04-13T04:00,22.2,40,984.4,New_Delhi,28.6139,77.209
2023-04-13T05:00,22.2,46,985,New_Delhi,28.6139,77.209
2023-04-13T06:00,22.4,47,985.5,New_Delhi,28.6139,77.209
2023-04-13T07:00,24.8,43,986.4,New_Delhi,28.6139,77.209
2023-04-13T08:00,28.3,37,986.9,New_Delhi,28.6139,77.209
2023-04-13T09:00,31.4,31,987.6,New_Delhi,28.6139,77.209
2023-04-13T10:00,34.1,24,987.7,New_Delhi,28.6139,77.209
2023-04-13T11:00,35.5,19,987.3,New_Delhi,28.6139,77.209
2023-04-13T12:00,36.4,16,986.4,New_Delhi,28.6139,77.209
2023-04-13T13:00,37.2,13,985.5,New_Delhi,28.6139,77.209
2023-04-13T14:00,37.2,13,984.5,New_Delhi,28.6139,77.209
2023-04-13T15:00,37,12,983.8,New_Delhi,28.6139,77.209
2023-04-13T16:00,36.4,12,983.5,New_Delhi,28.6139,77.209
2023-04-13T17:00,35.4,16,983,New_Delhi,28.6139,77.209
2023-04-13T18:00,32.9,19,983.5,New_Delhi,28.6139,77.209
2023-04-13T19:00,30.9,20,983.9,New_Delhi,28.6139,77.209
2023-04-13T20:00,28.8,22,984.1,New_Delhi,28.6139,77.209
2023-04-13T21:00,27.7,25,984.7,New_Delhi,28.6139,77.209
2023-04-13T22:00,27.6,24,984.5,New_Delhi,28.6139,77.209
2023-04-13T23:00,27.1,25,984.4,New_Delhi,28.6139,77.209
2023-04-14T00:00,25.3,30,984.2,New_Delhi,28.6139,77.209
2023-04-14T01:00,23,37,983.6,New_Delhi,28.6139,77.209
2023-04-14T02:00,23.9,34,983.6,New_Delhi,28.6139,77.209
2023-04-14T03:00,23.2,35,983.5,New_Delhi,28.6139,77.209
2023-04-14T04:00,21.9,39,983.4,New_Delhi,28.6139,77.209
2023-04-14T05:00,21.8,44,983.9,New_Delhi,28.6139,77.209
2023-04-14T06:00,23,43,984.8,New_Delhi,28.6139,77.209
2023-04-14T07:00,25.7,41,985.7,New_Delhi,28.6139,77.209
2023-04-14T08:00,29.6,34,986.4,New_Delhi,28.6139,77.209
2023-04-14T09:00,32.6,28,987,New_Delhi,28.6139,77.209
2023-04-14T10:00,34.8,22,986.9,New_Delhi,28.6139,77.209
2023-04-14T11:00,36.2,17,986.5,New_Delhi,28.6139,77.209
2023-04-14T12:00,37,15,985.8,New_Delhi,28.6139,77.209
2023-04-14T13:00,37.3,14,985.2,New_Delhi,28.6139,77.209
2023-04-14T14:00,37.3,13,984.4,New_Delhi,28.6139,77.209
2023-04-14T15:00,37,13,983.6,New_Delhi,28.6139,77.209
2023-04-14T16:00,36.5,13,983.2,New_Delhi,28.6139,77.209
2023-04-14T17:00,35.7,16,982.3,New_Delhi,28.6139,77.209
2023-04-14T18:00,32.3,22,982.3,New_Delhi,28.6139,77.209
2023-04-14T19:00,30.2,24,982.5,New_Delhi,28.6139,77.209
2023-04-14T20:00,28.1,27,983.1,New_Delhi,28.6139,77.209
2023-04-14T21:00,26.6,29,983.7,New_Delhi,28.6139,77.209
2023-04-14T22:00,26,29,983.9,New_Delhi,28.6139,77.209
2023-04-14T23:00,24.5,31,983.4,New_Delhi,28.6139,77.209
2023-04-15T00:00,25.4,28,983.4,New_Delhi,28.6139,77.209
2023-04-15T01:00,24.7,30,983,New_Delhi,28.6139,77.209
2023-04-15T02:00,24.8,32,982.5,New_Delhi,28.6139,77.209
2023-04-15T03:00,23.4,33,982.6,New_Delhi,28.6139,77.209
2023-04-15T04:00,23.7,31,982.8,New_Delhi,28.6139,77.209
2023-04-15T05:00,22,41,983.3,New_Delhi,28.6139,77.209
2023-04-15T06:00,22.4,43,984.1,New_Delhi,28.6139,77.209
2023-04-15T07:00,25.4,39,985,New_Delhi,28.6139,77.209
2023-04-15T08:00,30.1,32,985.5,New_Delhi,28.6139,77.209
2023-04-15T09:00,34.6,22,986,New_Delhi,28.6139,77.209
2023-04-15T10:00,37.4,15,986.2,New_Delhi,28.6139,77.209
2023-04-15T11:00,38.7,11,986.2,New_Delhi,28.6139,77.209
2023-04-15T12:00,39.1,10,985.4,New_Delhi,28.6139,77.209
2023-04-15T13:00,39.1,9,984.6,New_Delhi,28.6139,77.209
2023-04-15T14:00,39,10,983.8,New_Delhi,28.6139,77.209
2023-04-15T15:00,38.9,10,983,New_Delhi,28.6139,77.209
2023-04-15T16:00,38.3,11,982.6,New_Delhi,28.6139,77.209
2023-04-15T17:00,36.9,17,981.6,New_Delhi,28.6139,77.209
2023-04-15T18:00,32.1,23,981.6,New_Delhi,28.6139,77.209
2023-04-15T19:00,29.5,24,982,New_Delhi,28.6139,77.209
2023-04-15T20:00,29.1,23,982.7,New_Delhi,28.6139,77.209
2023-04-15T21:00,28.7,21,983.2,New_Delhi,28.6139,77.209
2023-04-15T22:00,34.1,13,983.6,New_Delhi,28.6139,77.209
2023-04-15T23:00,26,26,983.6,New_Delhi,28.6139,77.209
2023-04-16T00:00,25.5,28,983.2,New_Delhi,28.6139,77.209
2023-04-16T01:00,25.6,27,982.5,New_Delhi,28.6139,77.209
2023-04-16T02:00,25.1,27,983,New_Delhi,28.6139,77.209
2023-04-16T03:00,27.5,22,982.3,New_Delhi,28.6139,77.209
2023-04-16T04:00,22.7,31,981.8,New_Delhi,28.6139,77.209
2023-04-16T05:00,23.2,42,982.5,New_Delhi,28.6139,77.209
2023-04-16T06:00,24.9,45,983.3,New_Delhi,28.6139,77.209
2023-04-16T07:00,27.3,39,984.1,New_Delhi,28.6139,77.209
2023-04-16T08:00,30.5,32,984.9,New_Delhi,28.6139,77.209
2023-04-16T09:00,32.8,29,986,New_Delhi,28.6139,77.209
2023-04-16T10:00,35.3,23,985.8,New_Delhi,28.6139,77.209
2023-04-16T11:00,37.4,20,985.1,New_Delhi,28.6139,77.209
2023-04-16T12:00,38.6,16,984,New_Delhi,28.6139,77.209
2023-04-16T13:00,38.8,14,983,New_Delhi,28.6139,77.209
2023-04-16T14:00,39.2,13,981.8,New_Delhi,28.6139,77.209
2023-04-16T15:00,38.9,14,981.2,New_Delhi,28.6139,77.209
2023-04-16T16:00,38.3,14,980.9,New_Delhi,28.6139,77.209
2023-04-16T17:00,37.2,16,980.6,New_Delhi,28.6139,77.209
2023-04-16T18:00,34.2,20,981,New_Delhi,28.6139,77.209
2023-04-16T19:00,32.1,20,981.8,New_Delhi,28.6139,77.209
2023-04-16T20:00,29.9,25,982.2,New_Delhi,28.6139,77.209
2023-04-16T21:00,29.2,26,982.5,New_Delhi,28.6139,77.209
2023-04-16T22:00,28.9,26,982.7,New_Delhi,28.6139,77.209
2023-04-16T23:00,27.9,29,982.5,New_Delhi,28.6139,77.209
2023-04-17T00:00,27,33,982,New_Delhi,28.6139,77.209
2023-04-17T01:00,26,37,981.6,New_Delhi,28.6139,77.209
2023-04-17T02:00,24.4,43,981.1,New_Delhi,28.6139,77.209
2023-04-17T03:00,28.4,31,981.1,New_Delhi,28.6139,77.209
2023-04-17T04:00,29.3,28,981,New_Delhi,28.6139,77.209
2023-04-17T05:00,25.4,41,981.7,New_Delhi,28.6139,77.209
2023-04-17T06:00,25.1,42,982.3,New_Delhi,28.6139,77.209
2023-04-17T07:00,27.3,39,983.2,New_Delhi,28.6139,77.209
2023-04-17T08:00,30.2,35,984,New_Delhi,28.6139,77.209
2023-04-17T09:00,33.6,28,984.6,New_Delhi,28.6139,77.209
2023-04-17T10:00,36.4,23,984.7,New_Delhi,28.6139,77.209
2023-04-17T11:00,38.2,18,984.6,New_Delhi,28.6139,77.209
2023-04-17T12:00,38.7,15,983.9,New_Delhi,28.6139,77.209
2023-04-17T13:00,39.1,14,983.3,New_Delhi,28.6139,77.209
2023-04-17T14:00,38.9,14,982.6,New_Delhi,28.6139,77.209
2023-04-17T15:00,38.6,14,981.9,New_Delhi,28.6139,77.209
2023-04-17T16:00,38.2,14,981.7,New_Delhi,28.6139,77.209
2023-04-17T17:00,37.2,15,981.6,New_Delhi,28.6139,77.209
2023-04-17T18:00,35.1,17,982,New_Delhi,28.6139,77.209
2023-04-17T19:00,31.7,21,982.3,New_Delhi,28.6139,77.209
2023-04-17T20:00,35,16,983,New_Delhi,28.6139,77.209
2023-04-17T21:00,35.1,15,983.3,New_Delhi,28.6139,77.209
2023-04-17T22:00,34.3,16,983.4,New_Delhi,28.6139,77.209
2023-04-17T23:00,28,24,983.1,New_Delhi,28.6139,77.209
2023-04-18T00:00,27.9,25,983,New_Delhi,28.6139,77.209
2023-04-18T01:00,26.2,30,982.8,New_Delhi,28.6139,77.209
2023-04-18T02:00,25.5,33,982.4,New_Delhi,28.6139,77.209
2023-04-18T03:00,26,32,982.4,New_Delhi,28.6139,77.209
2023-04-18T04:00,26.1,32,982.6,New_Delhi,28.6139,77.209
2023-04-18T05:00,25.9,35,983.4,New_Delhi,28.6139,77.209
2023-04-18T06:00,25.7,37,984.2,New_Delhi,28.6139,77.209
2023-04-18T07:00,28.4,33,984.8,New_Delhi,28.6139,77.209
2023-04-18T08:00,31.3,29,986,New_Delhi,28.6139,77.209
2023-04-18T09:00,34.8,23,986.6,New_Delhi,28.6139,77.209
2023-04-18T10:00,36.9,20,986.4,New_Delhi,28.6139,77.209
2023-04-18T11:00,38.4,17,985.9,New_Delhi,28.6139,77.209
2023-04-18T12:00,39.1,16,985.3,New_Delhi,28.6139,77.209
2023-04-18T13:00,39,16,984.7,New_Delhi,28.6139,77.209
2023-04-18T14:00,38.7,16,983.9,New_Delhi,28.6139,77.209
2023-04-18T15:00,38.8,16,983.2,New_Delhi,28.6139,77.209
2023-04-18T16:00,37.5,17,982.8,New_Delhi,28.6139,77.209
2023-04-18T17:00,38.1,14,981.8,New_Delhi,28.6139,77.209
2023-04-18T18:00,35.8,17,982.1,New_Delhi,28.6139,77.209
2023-04-18T19:00,34.6,17,982.4,New_Delhi,28.6139,77.209
2023-04-18T20:00,32.8,19,982.8,New_Delhi,28.6139,77.209
2023-04-18T21:00,32.5,20,983.4,New_Delhi,28.6139,77.209
2023-04-18T22:00,31.7,23,984.1,New_Delhi,28.6139,77.209
2023-04-18T23:00,30.9,24,984.2,New_Delhi,28.6139,77.209
2023-04-19T00:00,29.8,26,983.7,New_Delhi,28.6139,77.209
2023-04-19T01:00,27.4,30,982.8,New_Delhi,28.6139,77.209
2023-04-19T02:00,28.4,29,982,New_Delhi,28.6139,77.209
2023-04-19T03:00,26.5,34,981.3,New_Delhi,28.6139,77.209
2023-04-19T04:00,25.3,36,981.2,New_Delhi,28.6139,77.209
2023-04-19T05:00,25.7,47,983.1,New_Delhi,28.6139,77.209
2023-04-19T06:00,25.1,49,983.2,New_Delhi,28.6139,77.209
2023-04-19T07:00,26.8,45,983.7,New_Delhi,28.6139,77.209
2023-04-19T08:00,29.1,39,984.2,New_Delhi,28.6139,77.209
2023-04-19T09:00,31.8,32,984.2,New_Delhi,28.6139,77.209
2023-04-19T10:00,33.8,27,984,New_Delhi,28.6139,77.209
2023-04-19T11:00,35.1,25,983.5,New_Delhi,28.6139,77.209
2023-04-19T12:00,36.2,22,982.4,New_Delhi,28.6139,77.209
2023-04-19T13:00,37.3,19,981.6,New_Delhi,28.6139,77.209
2023-04-19T14:00,36.1,20,980.9,New_Delhi,28.6139,77.209
2023-04-19T15:00,35.9,19,980.1,New_Delhi,28.6139,77.209
2023-04-19T16:00,34.3,24,979.9,New_Delhi,28.6139,77.209
2023-04-19T17:00,27.8,43,979.9,New_Delhi,28.6139,77.209
2023-04-19T18:00,28.7,41,979.7,New_Delhi,28.6139,77.209
2023-04-19T19:00,28.3,44,979.3,New_Delhi,28.6139,77.209
2023-04-19T20:00,27.4,46,980.5,New_Delhi,28.6139,77.209
2023-04-19T21:00,26.3,51,980.5,New_Delhi,28.6139,77.209
2023-04-19T22:00,26.7,50,980.9,New_Delhi,28.6139,77.209
2023-04-19T23:00,25.1,55,980.3,New_Delhi,28.6139,77.209
2023-04-20T00:00,24.4,57,979.6,New_Delhi,28.6139,77.209
2023-04-20T01:00,24.3,56,978.9,New_Delhi,28.6139,77.209
2023-04-20T02:00,24.2,55,978.4,New_Delhi,28.6139,77.209
2023-04-20T03:00,23.4,56,978,New_Delhi,28.6139,77.209
2023-04-20T04:00,23.3,55,977.9,New_Delhi,28.6139,77.209
2023-04-20T05:00,24.4,65,979.1,New_Delhi,28.6139,77.209
2023-04-20T06:00,24.6,64,979.4,New_Delhi,28.6139,77.209
2023-04-20T07:00,25.7,58,980,New_Delhi,28.6139,77.209
2023-04-20T08:00,28.1,50,980.8,New_Delhi,28.6139,77.209
2023-04-20T09:00,30.9,36,981.2,New_Delhi,28.6139,77.209
2023-04-20T10:00,32.1,32,980.9,New_Delhi,28.6139,77.209
2023-04-20T11:00,33.2,29,980.2,New_Delhi,28.6139,77.209
2023-04-20T12:00,33.9,27,979.6,New_Delhi,28.6139,77.209
2023-04-20T13:00,34.1,26,978.9,New_Delhi,28.6139,77.209
2023-04-20T14:00,34.4,26,978,New_Delhi,28.6139,77.209
2023-04-20T15:00,34.7,24,977,New_Delhi,28.6139,77.209
2023-04-20T16:00,33.6,23,976.6,New_Delhi,28.6139,77.209
2023-04-20T17:00,24.9,59,977.9,New_Delhi,28.6139,77.209
2023-04-20T18:00,28,43,977.5,New_Delhi,28.6139,77.209
2023-04-20T19:00,27.6,43,977.2,New_Delhi,28.6139,77.209
2023-04-20T20:00,27.3,38,977.6,New_Delhi,28.6139,77.209
2023-04-20T21:00,25.9,45,978,New_Delhi,28.6139,77.209
2023-04-20T22:00,25.2,49,978.5,New_Delhi,28.6139,77.209
2023-04-20T23:00,26.2,45,978.7,New_Delhi,28.6139,77.209
2023-04-21T00:00,24.8,48,978.7,New_Delhi,28.6139,77.209
2023-04-21T01:00,23,56,978.1,New_Delhi,28.6139,77.209
2023-04-21T02:00,23.1,55,977.7,New_Delhi,28.6139,77.209
2023-04-21T03:00,22.4,56,977.4,New_Delhi,28.6139,77.209
2023-04-21T04:00,22.7,55,978,New_Delhi,28.6139,77.209
2023-04-21T05:00,22.8,61,978.5,New_Delhi,28.6139,77.209
2023-04-21T06:00,23.1,60,979.9,New_Delhi,28.6139,77.209
2023-04-21T07:00,24.9,53,980.8,New_Delhi,28.6139,77.209
2023-04-21T08:00,27.7,45,981.6,New_Delhi,28.6139,77.209
2023-04-21T09:00,29.9,39,982.3,New_Delhi,28.6139,77.209
2023-04-21T10:00,31.9,33,982.2,New_Delhi,28.6139,77.209
2023-04-21T11:00,33.6,24,981.8,New_Delhi,28.6139,77.209
2023-04-21T12:00,34.8,19,981.1,New_Delhi,28.6139,77.209
2023-04-21T13:00,35.2,17,980.1,New_Delhi,28.6139,77.209
2023-04-21T14:00,35.1,17,979.2,New_Delhi,28.6139,77.209
2023-04-21T15:00,34.8,18,978.3,New_Delhi,28.6139,77.209
2023-04-21T16:00,34.2,18,978.3,New_Delhi,28.6139,77.209
2023-04-21T17:00,34,15,978.2,New_Delhi,28.6139,77.209
2023-04-21T18:00,32.1,16,978.5,New_Delhi,28.6139,77.209
2023-04-21T19:00,30.2,18,979.1,New_Delhi,28.6139,77.209
2023-04-21T20:00,32,14,979.7,New_Delhi,28.6139,77.209
2023-04-21T21:00,27.2,26,980.6,New_Delhi,28.6139,77.209
2023-04-21T22:00,26.2,32,981.3,New_Delhi,28.6139,77.209
2023-04-21T23:00,26.4,27,981.7,New_Delhi,28.6139,77.209
2023-04-22T00:00,25.9,28,981.2,New_Delhi,28.6139,77.209
2023-04-22T01:00,25.4,30,980.4,New_Delhi,28.6139,77.209
2023-04-22T02:00,22.7,37,979.7,New_Delhi,28.6139,77.209
2023-04-22T03:00,22,39,979.2,New_Delhi,28.6139,77.209
2023-04-22T04:00,21.1,45,979.1,New_Delhi,28.6139,77.209
2023-04-22T05:00,20.8,59,979.7,New_Delhi,28.6139,77.209
2023-04-22T06:00,22.9,52,980.3,New_Delhi,28.6139,77.209
2023-04-22T07:00,25.6,45,981.5,New_Delhi,28.6139,77.209
2023-04-22T08:00,28.3,36,982.5,New_Delhi,28.6139,77.209
2023-04-22T09:00,30.8,28,983,New_Delhi,28.6139,77.209
2023-04-22T10:00,32.6,23,982.8,New_Delhi,28.6139,77.209
2023-04-22T11:00,33.7,16,982.6,New_Delhi,28.6139,77.209
2023-04-22T12:00,35,14,981.9,New_Delhi,28.6139,77.209
2023-04-22T13:00,35.1,13,980.9,New_Delhi,28.6139,77.209
2023-04-22T14:00,35.1,13,980.3,New_Delhi,28.6139,77.209
2023-04-22T15:00,34.7,13,979.6,New_Delhi,28.6139,77.209
2023-04-22T16:00,34.4,14,979.1,New_Delhi,28.6139,77.209
2023-04-22T17:00,34,12,979.3,New_Delhi,28.6139,77.209
2023-04-22T18:00,31.5,14,979.2,New_Delhi,28.6139,77.209
2023-04-22T19:00,28.3,16,979.4,New_Delhi,28.6139,77.209
2023-04-22T20:00,27.4,17,980.2,New_Delhi,28.6139,77.209
2023-04-22T21:00,27.6,17,980.7,New_Delhi,28.6139,77.209
2023-04-22T22:00,26.8,19,981,New_Delhi,28.6139,77.209
2023-04-22T23:00,25.2,22,981.1,New_Delhi,28.6139,77.209
2023-04-23T00:00,23.8,26,980.9,New_Delhi,28.6139,77.209
2023-04-23T01:00,23.2,28,980.5,New_Delhi,28.6139,77.209
2023-04-23T02:00,22.6,31,980.4,New_Delhi,28.6139,77.209
2023-04-23T03:00,21.8,34,980.5,New_Delhi,28.6139,77.209
2023-04-23T04:00,20.9,37,980.6,New_Delhi,28.6139,77.209
2023-04-23T05:00,22.1,38,980.4,New_Delhi,28.6139,77.209
2023-04-23T06:00,22.7,40,982.1,New_Delhi,28.6139,77.209
2023-04-23T07:00,25.2,35,982.4,New_Delhi,28.6139,77.209
2023-04-23T08:00,27.4,29,984.1,New_Delhi,28.6139,77.209
2023-04-23T09:00,28.7,24,984.7,New_Delhi,28.6139,77.209
2023-04-23T10:00,31.3,18,984.1,New_Delhi,28.6139,77.209
2023-04-23T11:00,32.5,16,983.4,New_Delhi,28.6139,77.209
2023-04-23T12:00,33.5,14,982.9,New_Delhi,28.6139,77.209
2023-04-23T13:00,33.9,14,982.3,New_Delhi,28.6139,77.209
2023-04-23T14:00,33.7,14,981.7,New_Delhi,28.6139,77.209
2023-04-23T15:00,33.1,15,981.3,New_Delhi,28.6139,77.209
2023-04-23T16:00,32.5,15,981.3,New_Delhi,28.6139,77.209
2023-04-23T17:00,29.9,20,982.2,New_Delhi,28.6139,77.209
2023-04-23T18:00,28.3,24,982.3,New_Delhi,28.6139,77.209
2023-04-23T19:00,26.6,28,982.7,New_Delhi,28.6139,77.209
2023-04-23T20:00,24.7,34,982.9,New_Delhi,28.6139,77.209
2023-04-23T21:00,23.7,35,983.3,New_Delhi,28.6139,77.209
2023-04-23T22:00,23.1,37,983.8,New_Delhi,28.6139,77.209
2023-04-23T23:00,21.6,42,983.8,New_Delhi,28.6139,77.209
2023-04-24T00:00,21.6,43,984,New_Delhi,28.6139,77.209
2023-04-24T01:00,21.1,44,983.6,New_Delhi,28.6139,77.209
2023-04-24T02:00,21.3,41,983.3,New_Delhi,28.6139,77.209
2023-04-24T03:00,20.7,43,983.3,New_Delhi,28.6139,77.209
2023-04-24T04:00,20,47,983.8,New_Delhi,28.6139,77.209
2023-04-24T05:00,20,49,984,New_Delhi,28.6139,77.209
2023-04-24T06:00,20.9,58,985.1,New_Delhi,28.6139,77.209
2023-04-24T07:00,23.7,41,986.2,New_Delhi,28.6139,77.209
2023-04-24T08:00,25.9,35,987.2,New_Delhi,28.6139,77.209
2023-04-24T09:00,27.7,32,987.9,New_Delhi,28.6139,77.209
2023-04-24T10:00,30.1,27,987.8,New_Delhi,28.6139,77.209
2023-04-24T11:00,31.6,22,987.6,New_Delhi,28.6139,77.209
2023-04-24T12:00,31.3,22,987.5,New_Delhi,28.6139,77.209
2023-04-24T13:00,31.6,21,987,New_Delhi,28.6139,77.209
2023-04-24T14:00,31.9,21,986.3,New_Delhi,28.6139,77.209
2023-04-24T15:00,30.7,23,985.7,New_Delhi,28.6139,77.209
2023-04-24T16:00,30,26,985.6,New_Delhi,28.6139,77.209
2023-04-24T17:00,29.9,25,985.1,New_Delhi,28.6139,77.209
2023-04-24T18:00,29.1,26,985.5,New_Delhi,28.6139,77.209
2023-04-24T19:00,27.4,31,986.1,New_Delhi,28.6139,77.209
2023-04-24T20:00,26,35,986.6,New_Delhi,28.6139,77.209
2023-04-24T21:00,25.2,38,987.1,New_Delhi,28.6139,77.209
2023-04-24T22:00,24.6,40,987.4,New_Delhi,28.6139,77.209
2023-04-24T23:00,23.8,43,987.3,New_Delhi,28.6139,77.209
2023-04-25T00:00,23,46,987.1,New_Delhi,28.6139,77.209
2023-04-25T01:00,22.3,49,986.7,New_Delhi,28.6139,77.209
2023-04-25T02:00,21.7,51,986.5,New_Delhi,28.6139,77.209
2023-04-25T03:00,21.1,54,986.4,New_Delhi,28.6139,77.209
2023-04-25T04:00,20.6,56,987,New_Delhi,28.6139,77.209
2023-04-25T05:00,20.6,54,987.5,New_Delhi,28.6139,77.209
2023-04-25T06:00,21,54,988.7,New_Delhi,28.6139,77.209
2023-04-25T07:00,22.7,50,989.3,New_Delhi,28.6139,77.209
2023-04-25T08:00,25.3,43,989.8,New_Delhi,28.6139,77.209
2023-04-25T09:00,27.9,35,990.2,New_Delhi,28.6139,77.209
2023-04-25T10:00,29.7,30,990.2,New_Delhi,28.6139,77.209
2023-04-25T11:00,31.2,26,989.7,New_Delhi,28.6139,77.209
2023-04-25T12:00,32.4,23,988.9,New_Delhi,28.6139,77.209
2023-04-25T13:00,32.9,22,987.9,New_Delhi,28.6139,77.209
2023-04-25T14:00,33.2,22,986.6,New_Delhi,28.6139,77.209
2023-04-25T15:00,33.2,22,985.6,New_Delhi,28.6139,77.209
2023-04-25T16:00,32.7,22,985,New_Delhi,28.6139,77.209
2023-04-25T17:00,33,21,984.9,New_Delhi,28.6139,77.209
2023-04-25T18:00,31.6,23,984.9,New_Delhi,28.6139,77.209
2023-04-25T19:00,28.8,30,985,New_Delhi,28.6139,77.209
2023-04-25T20:00,27.4,33,985.5,New_Delhi,28.6139,77.209
2023-04-25T21:00,27.6,32,985.9,New_Delhi,28.6139,77.209
2023-04-25T22:00,25.5,38,985.6,New_Delhi,28.6139,77.209
2023-04-25T23:00,24.7,42,985.6,New_Delhi,28.6139,77.209
2023-04-26T00:00,23.5,46,984.9,New_Delhi,28.6139,77.209
2023-04-26T01:00,22.7,49,984.3,New_Delhi,28.6139,77.209
2023-04-26T02:00,22.7,49,983.7,New_Delhi,28.6139,77.209
2023-04-26T03:00,22.2,50,983.5,New_Delhi,28.6139,77.209
2023-04-26T04:00,22.2,49,983.5,New_Delhi,28.6139,77.209
2023-04-26T05:00,22.1,53,984.3,New_Delhi,28.6139,77.209
2023-04-26T06:00,23.5,48,985,New_Delhi,28.6139,77.209
2023-04-26T07:00,26.4,41,986,New_Delhi,28.6139,77.209
2023-04-26T08:00,29.1,35,986.4,New_Delhi,28.6139,77.209
2023-04-26T09:00,31.6,29,986.8,New_Delhi,28.6139,77.209
2023-04-26T10:00,33.3,22,986.5,New_Delhi,28.6139,77.209
2023-04-26T11:00,34.1,20,986.2,New_Delhi,28.6139,77.209
2023-04-26T12:00,34.9,18,985.3,New_Delhi,28.6139,77.209
2023-04-26T13:00,35.4,17,984.3,New_Delhi,28.6139,77.209
2023-04-26T14:00,35.6,17,983,New_Delhi,28.6139,77.209
2023-04-26T15:00,35.1,17,982,New_Delhi,28.6139,77.209
2023-04-26T16:00,34.7,17,981.3,New_Delhi,28.6139,77.209
2023-04-26T17:00,34.4,18,981.2,New_Delhi,28.6139,77.209
2023-04-26T18:00,31.6,25,981.2,New_Delhi,28.6139,77.209
2023-04-26T19:00,29.4,26,981.8,New_Delhi,28.6139,77.209
2023-04-26T20:00,29.4,28,982.7,New_Delhi,28.6139,77.209
2023-04-26T21:00,28,31,982.9,New_Delhi,28.6139,77.209
2023-04-26T22:00,26.6,34,983.1,New_Delhi,28.6139,77.209
2023-04-26T23:00,26.4,36,983.2,New_Delhi,28.6139,77.209
2023-04-27T00:00,25.1,39,982.7,New_Delhi,28.6139,77.209
2023-04-27T01:00,24.4,39,982.4,New_Delhi,28.6139,77.209
2023-04-27T02:00,25.1,34,982,New_Delhi,28.6139,77.209
2023-04-27T03:00,24.5,34,982,New_Delhi,28.6139,77.209
2023-04-27T04:00,24.2,35,982.3,New_Delhi,28.6139,77.209
2023-04-27T05:00,23.6,44,982.4,New_Delhi,28.6139,77.209
2023-04-27T06:00,24.5,43,983.2,New_Delhi,28.6139,77.209
2023-04-27T07:00,27,39,984.2,New_Delhi,28.6139,77.209
2023-04-27T08:00,29,37,985.1,New_Delhi,28.6139,77.209
2023-04-27T09:00,29.6,32,986.1,New_Delhi,28.6139,77.209
2023-04-27T10:00,32.3,27,985.7,New_Delhi,28.6139,77.209
2023-04-27T11:00,34.6,21,984.9,New_Delhi,28.6139,77.209
2023-04-27T12:00,35.8,17,984.4,New_Delhi,28.6139,77.209
2023-04-27T13:00,35.4,18,984.1,New_Delhi,28.6139,77.209
2023-04-27T14:00,35,19,983.7,New_Delhi,28.6139,77.209
2023-04-27T15:00,32.5,26,983.8,New_Delhi,28.6139,77.209
2023-04-27T16:00,29.1,36,984.4,New_Delhi,28.6139,77.209
2023-04-27T17:00,35.8,14,980.9,New_Delhi,28.6139,77.209
2023-04-27T18:00,33,18,981.9,New_Delhi,28.6139,77.209
2023-04-27T19:00,29.3,28,983.8,New_Delhi,28.6139,77.209
2023-04-27T20:00,28.3,33,984.7,New_Delhi,28.6139,77.209
2023-04-27T21:00,27.2,33,984.6,New_Delhi,28.6139,77.209
2023-04-27T22:00,27.2,31,984.6,New_Delhi,28.6139,77.209
2023-04-27T23:00,25.9,34,984.1,New_Delhi,28.6139,77.209
2023-04-28T00:00,24.7,39,983.9,New_Delhi,28.6139,77.209
2023-04-28T01:00,24.6,38,983.4,New_Delhi,28.6139,77.209
2023-04-28T02:00,24.8,37,983,New_Delhi,28.6139,77.209
2023-04-28T03:00,24.1,39,983.1,New_Delhi,28.6139,77.209
2023-04-28T04:00,23.2,45,983.5,New_Delhi,28.6139,77.209
2023-04-28T05:00,22.4,56,984.6,New_Delhi,28.6139,77.209
2023-04-28T06:00,23.6,51,985.6,New_Delhi,28.6139,77.209
2023-04-28T07:00,25.3,46,986.1,New_Delhi,28.6139,77.209
2023-04-28T08:00,27.4,41,987.1,New_Delhi,28.6139,77.209
2023-04-28T09:00,28.3,39,987.5,New_Delhi,28.6139,77.209
2023-04-28T10:00,30.2,34,987.6,New_Delhi,28.6139,77.209
2023-04-28T11:00,32.2,28,986.8,New_Delhi,28.6139,77.209
2023-04-28T12:00,32,28,986.3,New_Delhi,28.6139,77.209
2023-04-28T13:00,33.3,24,985.6,New_Delhi,28.6139,77.209
2023-04-28T14:00,33,24,984.4,New_Delhi,28.6139,77.209
2023-04-28T15:00,33.4,23,983,New_Delhi,28.6139,77.209
2023-04-28T16:00,33.5,23,982.5,New_Delhi,28.6139,77.209
2023-04-28T17:00,32.2,25,983,New_Delhi,28.6139,77.209
2023-04-28T18:00,30.9,28,982.8,New_Delhi,28.6139,77.209
2023-04-28T19:00,29.4,29,982.7,New_Delhi,28.6139,77.209
2023-04-28T20:00,27,37,983.2,New_Delhi,28.6139,77.209
2023-04-28T21:00,25.6,42,983.7,New_Delhi,28.6139,77.209
2023-04-28T22:00,25.5,43,984.2,New_Delhi,28.6139,77.209
2023-04-28T23:00,24.4,46,983.7,New_Delhi,28.6139,77.209
2023-04-29T00:00,23.9,48,983.3,New_Delhi,28.6139,77.209
2023-04-29T01:00,23,53,982.6,New_Delhi,28.6139,77.209
2023-04-29T02:00,22.5,57,982.4,New_Delhi,28.6139,77.209
2023-04-29T03:00,21.8,60,982.3,New_Delhi,28.6139,77.209
2023-04-29T04:00,22,60,982.4,New_Delhi,28.6139,77.209
2023-04-29T05:00,24.2,54,983.2,New_Delhi,28.6139,77.209
2023-04-29T06:00,25,52,983.9,New_Delhi,28.6139,77.209
2023-04-29T07:00,24.8,52,985.1,New_Delhi,28.6139,77.209
2023-04-29T08:00,27,46,985.6,New_Delhi,28.6139,77.209
2023-04-29T09:00,28.6,41,985.8,New_Delhi,28.6139,77.209
2023-04-29T10:00,30.3,36,985.7,New_Delhi,28.6139,77.209
2023-04-29T11:00,31.8,32,985.2,New_Delhi,28.6139,77.209
2023-04-29T12:00,33.3,29,984.6,New_Delhi,28.6139,77.209
2023-04-29T13:00,29.5,39,984.3,New_Delhi,28.6139,77.209
2023-04-29T14:00,31.5,34,983.1,New_Delhi,28.6139,77.209
2023-04-29T15:00,30.5,35,982.4,New_Delhi,28.6139,77.209
2023-04-29T16:00,30.1,36,982.1,New_Delhi,28.6139,77.209
2023-04-29T17:00,27,51,982.2,New_Delhi,28.6139,77.209
2023-04-29T18:00,27.1,51,982.7,New_Delhi,28.6139,77.209
2023-04-29T19:00,25.7,55,982.6,New_Delhi,28.6139,77.209
2023-04-29T20:00,24.9,59,983,New_Delhi,28.6139,77.209
2023-04-29T21:00,24,63,983.6,New_Delhi,28.6139,77.209
2023-04-29T22:00,23.7,62,983.6,New_Delhi,28.6139,77.209
2023-04-29T23:00,23.3,61,983.4,New_Delhi,28.6139,77.209
2023-04-30T00:00,22.7,63,982.8,New_Delhi,28.6139,77.209
2023-04-30T01:00,22.5,64,982.2,New_Delhi,28.6139,77.209
2023-04-30T02:00,23.4,59,982.1,New_Delhi,28.6139,77.209
2023-04-30T03:00,22,68,982.1,New_Delhi,28.6139,77.209
2023-04-30T04:00,21.5,72,982.1,New_Delhi,28.6139,77.209
2023-04-30T05:00,22.4,74,982.7,New_Delhi,28.6139,77.209
2023-04-30T06:00,22.9,73,984.1,New_Delhi,28.6139,77.209
2023-04-30T07:00,23.6,67,984.5,New_Delhi,28.6139,77.209
2023-04-30T08:00,24.3,62,985,New_Delhi,28.6139,77.209
2023-04-30T09:00,26.6,51,985.4,New_Delhi,28.6139,77.209
2023-04-30T10:00,28.4,43,985.1,New_Delhi,28.6139,77.209
2023-04-30T11:00,28.3,42,984.1,New_Delhi,28.6139,77.209
2023-04-30T12:00,29.4,38,983.4,New_Delhi,28.6139,77.209
2023-04-30T13:00,30,37,982.4,New_Delhi,28.6139,77.209
2023-04-30T14:00,30.4,36,980.7,New_Delhi,28.6139,77.209
2023-04-30T15:00,30,36,980.1,New_Delhi,28.6139,77.209
2023-04-30T16:00,28.2,45,980.1,New_Delhi,28.6139,77.209
2023-04-30T17:00,24.4,60,981.1,New_Delhi,28.6139,77.209
2023-04-30T18:00,21.7,77,981.4,New_Delhi,28.6139,77.209
2023-04-30T19:00,22.3,77,982.2,New_Delhi,28.6139,77.209
2023-04-30T20:00,22.1,79,983,New_Delhi,28.6139,77.209
2023-04-30T21:00,21.5,80,983.6,New_Delhi,28.6139,77.209
2023-04-30T22:00,21.2,82,983.5,New_Delhi,28.6139,77.209
2023-04-30T23:00,21.2,85,983.1,New_Delhi,28.6139,77.209
2023-05-01T00:00,21,85,982.3,New_Delhi,28.6139,77.209
2023-05-01T01:00,20.7,86,981.8,New_Delhi,28.6139,77.209
2023-05-01T02:00,20.4,88,981.5,New_Delhi,28.6139,77.209
2023-05-01T03:00,20.2,89,981.5,New_Delhi,28.6139,77.209
2023-05-01T04:00,20.2,89,981.7,New_Delhi,28.6139,77.209
2023-05-01T05:00,19.8,92,982.4,New_Delhi,28.6139,77.209
2023-05-01T06:00,20.3,91,983.2,New_Delhi,28.6139,77.209
2023-05-01T07:00,20.3,92,983.7,New_Delhi,28.6139,77.209
2023-05-01T08:00,21.4,85,984.4,New_Delhi,28.6139,77.209
2023-05-01T09:00,22.7,78,984.7,New_Delhi,28.6139,77.209
2023-05-01T10:00,23.1,74,984.8,New_Delhi,28.6139,77.209
2023-05-01T11:00,23.8,69,984.3,New_Delhi,28.6139,77.209
2023-05-01T12:00,25.3,63,983.6,New_Delhi,28.6139,77.209
2023-05-01T13:00,26.6,57,982.9,New_Delhi,28.6139,77.209
2023-05-01T14:00,27.8,52,981.5,New_Delhi,28.6139,77.209
2023-05-01T15:00,27.6,50,980.8,New_Delhi,28.6139,77.209
2023-05-01T16:00,26.4,52,980.9,New_Delhi,28.6139,77.209
2023-05-01T17:00,20.1,88,982.1,New_Delhi,28.6139,77.209
2023-05-01T18:00,21.2,87,982.4,New_Delhi,28.6139,77.209
2023-05-01T19:00,20.7,89,983.1,New_Delhi,28.6139,77.209
2023-05-01T20:00,20.6,92,983.8,New_Delhi,28.6139,77.209
2023-05-01T21:00,20.4,93,984.4,New_Delhi,28.6139,77.209
2023-05-01T22:00,20.2,94,984.9,New_Delhi,28.6139,77.209
2023-05-01T23:00,20.2,93,984.8,New_Delhi,28.6139,77.209
2023-05-02T00:00,20,95,984.3,New_Delhi,28.6139,77.209
2023-05-02T01:00,19.9,95,983.7,New_Delhi,28.6139,77.209
2023-05-02T02:00,19.7,97,983.1,New_Delhi,28.6139,77.209
2023-05-02T03:00,19.5,98,983,New_Delhi,28.6139,77.209
2023-05-02T04:00,19.3,98,983,New_Delhi,28.6139,77.209
2023-05-02T05:00,20,97,983.8,New_Delhi,28.6139,77.209
2023-05-02T06:00,20.8,89,984.5,New_Delhi,28.6139,77.209
2023-05-02T07:00,21.5,86,985,New_Delhi,28.6139,77.209
2023-05-02T08:00,22.5,79,986,New_Delhi,28.6139,77.209
2023-05-02T09:00,23.5,74,986.5,New_Delhi,28.6139,77.209
2023-05-02T10:00,24.8,68,986.4,New_Delhi,28.6139,77.209
2023-05-02T11:00,26.3,62,986,New_Delhi,28.6139,77.209
2023-05-02T12:00,27.3,59,985.4,New_Delhi,28.6139,77.209
2023-05-02T13:00,28,55,984.5,New_Delhi,28.6139,77.209
2023-05-02T14:00,27.8,54,983.4,New_Delhi,28.6139,77.209
2023-05-02T15:00,24.2,71,983,New_Delhi,28.6139,77.209
2023-05-02T16:00,23.3,74,982.7,New_Delhi,28.6139,77.209
2023-05-02T17:00,23.5,75,983,New_Delhi,28.6139,77.209
2023-05-02T18:00,22.7,79,983.2,New_Delhi,28.6139,77.209
2023-05-02T19:00,21.8,85,984.1,New_Delhi,28.6139,77.209
2023-05-02T20:00,21.6,87,985.2,New_Delhi,28.6139,77.209
2023-05-02T21:00,21.3,88,986,New_Delhi,28.6139,77.209
2023-05-02T22:00,20.8,89,987,New_Delhi,28.6139,77.209
2023-05-02T23:00,20.9,88,985.9,New_Delhi,28.6139,77.209
2023-05-03T00:00,20.3,91,985.7,New_Delhi,28.6139,77.209
2023-05-03T01:00,20.1,92,984.9,New_Delhi,28.6139,77.209
2023-05-03T02:00,20.3,91,984.7,New_Delhi,28.6139,77.209
2023-05-03T03:00,19.9,94,984.9,New_Delhi,28.6139,77.209
2023-05-03T04:00,19.9,95,985.1,New_Delhi,28.6139,77.209
2023-05-03T05:00,20.5,95,985.6,New_Delhi,28.6139,77.209
2023-05-03T06:00,19.9,93,986.9,New_Delhi,28.6139,77.209
2023-05-03T07:00,20.4,90,987,New_Delhi,28.6139,77.209
2023-05-03T08:00,22.4,83,987.6,New_Delhi,28.6139,77.209
2023-05-03T09:00,23.1,76,988.8,New_Delhi,28.6139,77.209
2023-05-03T10:00,22.8,77,988.1,New_Delhi,28.6139,77.209
2023-05-03T11:00,25.1,67,987.9,New_Delhi,28.6139,77.209
2023-05-03T12:00,27,60,986.9,New_Delhi,28.6139,77.209
2023-05-03T13:00,28.2,54,986,New_Delhi,28.6139,77.209
2023-05-03T14:00,26.9,55,985,New_Delhi,28.6139,77.209
2023-05-03T15:00,27.2,55,983.9,New_Delhi,28.6139,77.209
2023-05-03T16:00,27.1,55,983.5,New_Delhi,28.6139,77.209
2023-05-03T17:00,21.5,85,984.3,New_Delhi,28.6139,77.209
2023-05-03T18:00,22.3,82,984.7,New_Delhi,28.6139,77.209
2023-05-03T19:00,21.7,86,984.7,New_Delhi,28.6139,77.209
2023-05-03T20:00,21.6,85,985.1,New_Delhi,28.6139,77.209
2023-05-03T21:00,20.9,88,985.7,New_Delhi,28.6139,77.209
2023-05-03T22:00,20.1,93,985.8,New_Delhi,28.6139,77.209
2023-05-03T23:00,20,94,985.7,New_Delhi,28.6139,77.209
2023-05-04T00:00,19.5,96,985.1,New_Delhi,28.6139,77.209
2023-05-04T01:00,19.3,97,984.9,New_Delhi,28.6139,77.209
2023-05-04T02:00,19.3,98,984.7,New_Delhi,28.6139,77.209
2023-05-04T03:00,18.9,99,984.6,New_Delhi,28.6139,77.209
2023-05-04T04:00,18.7,99,984.9,New_Delhi,28.6139,77.209
2023-05-04T05:00,18.8,98,985.8,New_Delhi,28.6139,77.209
2023-05-04T06:00,19.8,96,986.5,New_Delhi,28.6139,77.209
2023-05-04T07:00,21.3,88,987.5,New_Delhi,28.6139,77.209
2023-05-04T08:00,23.3,76,988,New_Delhi,28.6139,77.209
2023-05-04T09:00,24.9,70,988.1,New_Delhi,28.6139,77.209
2023-05-04T10:00,26.6,61,987.9,New_Delhi,28.6139,77.209
2023-05-04T11:00,28,55,987.4,New_Delhi,28.6139,77.209
2023-05-04T12:00,28.7,52,986.6,New_Delhi,28.6139,77.209
2023-05-04T13:00,29.3,49,985.7,New_Delhi,28.6139,77.209
2023-05-04T14:00,29.6,47,984.8,New_Delhi,28.6139,77.209
2023-05-04T15:00,29.7,45,983.8,New_Delhi,28.6139,77.209
2023-05-04T16:00,29.5,45,982.9,New_Delhi,28.6139,77.209
2023-05-04T17:00,28.8,52,982.8,New_Delhi,28.6139,77.209
2023-05-04T18:00,27.8,60,982.9,New_Delhi,28.6139,77.209
2023-05-04T19:00,25.8,65,983.2,New_Delhi,28.6139,77.209
2023-05-04T20:00,24.9,70,983.9,New_Delhi,28.6139,77.209
2023-05-04T21:00,23.8,76,984.4,New_Delhi,28.6139,77.209
2023-05-04T22:00,23.1,79,984.6,New_Delhi,28.6139,77.209
2023-05-04T23:00,22.5,82,984.6,New_Delhi,28.6139,77.209
2023-05-05T00:00,22,84,984.4,New_Delhi,28.6139,77.209
2023-05-05T01:00,21.5,86,983.9,New_Delhi,28.6139,77.209
2023-05-05T02:00,21,88,983.6,New_Delhi,28.6139,77.209
2023-05-05T03:00,20.6,89,983.5,New_Delhi,28.6139,77.209
2023-05-05T04:00,20.8,86,983.4,New_Delhi,28.6139,77.209
2023-05-05T05:00,22.4,74,983.6,New_Delhi,28.6139,77.209
2023-05-05T06:00,23.6,70,984.3,New_Delhi,28.6139,77.209
2023-05-05T07:00,25.7,65,985.4,New_Delhi,28.6139,77.209
2023-05-05T08:00,28.3,53,985.7,New_Delhi,28.6139,77.209
2023-05-05T09:00,30.1,44,986.6,New_Delhi,28.6139,77.209
2023-05-05T10:00,23.9,71,986.9,New_Delhi,28.6139,77.209
2023-05-05T11:00,26.1,62,986.4,New_Delhi,28.6139,77.209
2023-05-05T12:00,29.1,52,985.4,New_Delhi,28.6139,77.209
2023-05-05T13:00,29.3,49,984.9,New_Delhi,28.6139,77.209
2023-05-05T14:00,30.6,43,983.5,New_Delhi,28.6139,77.209
2023-05-05T15:00,30.8,38,982.5,New_Delhi,28.6139,77.209
2023-05-05T16:00,30.7,37,981.9,New_Delhi,28.6139,77.209
2023-05-05T17:00,29.9,37,981,New_Delhi,28.6139,77.209
2023-05-05T18:00,29.3,39,981,New_Delhi,28.6139,77.209
2023-05-05T19:00,27,43,981.1,New_Delhi,28.6139,77.209
2023-05-05T20:00,25.8,46,981.7,New_Delhi,28.6139,77.209
2023-05-05T21:00,24.7,54,982.1,New_Delhi,28.6139,77.209
2023-05-05T22:00,26.4,49,982.5,New_Delhi,28.6139,77.209
2023-05-05T23:00,23.2,57,982.1,New_Delhi,28.6139,77.209
2023-05-06T00:00,22.5,59,981.7,New_Delhi,28.6139,77.209
2023-05-06T01:00,22,60,981.1,New_Delhi,28.6139,77.209
2023-05-06T02:00,21.3,64,980.8,New_Delhi,28.6139,77.209
2023-05-06T03:00,20.9,64,980.9,New_Delhi,28.6139,77.209
2023-05-06T04:00,20.7,64,981,New_Delhi,28.6139,77.209
2023-05-06T05:00,21.9,65,981.6,New_Delhi,28.6139,77.209
2023-05-06T06:00,23.9,58,982.6,New_Delhi,28.6139,77.209
2023-05-06T07:00,25.9,54,983.4,New_Delhi,28.6139,77.209
2023-05-06T08:00,28.4,47,984.1,New_Delhi,28.6139,77.209
2023-05-06T09:00,30.7,37,984.4,New_Delhi,28.6139,77.209
2023-05-06T10:00,32.3,31,984.3,New_Delhi,28.6139,77.209
2023-05-06T11:00,33.4,30,983.9,New_Delhi,28.6139,77.209
2023-05-06T12:00,34.5,28,983.1,New_Delhi,28.6139,77.209
2023-05-06T13:00,35.4,25,982,New_Delhi,28.6139,77.209
2023-05-06T14:00,34.8,26,981.5,New_Delhi,28.6139,77.209
2023-05-06T15:00,34.3,26,980.7,New_Delhi,28.6139,77.209
2023-05-06T16:00,32.4,30,981.1,New_Delhi,28.6139,77.209
2023-05-06T17:00,28,50,980,New_Delhi,28.6139,77.209
2023-05-06T18:00,28.2,52,980.6,New_Delhi,28.6139,77.209
2023-05-06T19:00,26.1,55,980.3,New_Delhi,28.6139,77.209
2023-05-06T20:00,26.8,50,980.5,New_Delhi,28.6139,77.209
2023-05-06T21:00,24.9,58,980.9,New_Delhi,28.6139,77.209
2023-05-06T22:00,24.3,59,981,New_Delhi,28.6139,77.209
2023-05-06T23:00,24.2,57,980.8,New_Delhi,28.6139,77.209
2023-05-07T00:00,23.8,55,980.6,New_Delhi,28.6139,77.209
2023-05-07T01:00,23.5,53,980.2,New_Delhi,28.6139,77.209
2023-05-07T02:00,22.7,56,979.6,New_Delhi,28.6139,77.209
2023-05-07T03:00,22.4,56,979.5,New_Delhi,28.6139,77.209
2023-05-07T04:00,22.3,54,979.5,New_Delhi,28.6139,77.209
2023-05-07T05:00,22,54,980.4,New_Delhi,28.6139,77.209
2023-05-07T06:00,23.8,49,981,New_Delhi,28.6139,77.209
2023-05-07T07:00,26.8,44,982,New_Delhi,28.6139,77.209
2023-05-07T08:00,30.1,38,982.9,New_Delhi,28.6139,77.209
2023-05-07T09:00,32.8,31,983.5,New_Delhi,28.6139,77.209
2023-05-07T10:00,34.6,26,983.4,New_Delhi,28.6139,77.209
2023-05-07T11:00,35.8,23,983.1,New_Delhi,28.6139,77.209
2023-05-07T12:00,36.1,22,982.7,New_Delhi,28.6139,77.209
2023-05-07T13:00,34.8,26,982,New_Delhi,28.6139,77.209
2023-05-07T14:00,34.8,26,980.9,New_Delhi,28.6139,77.209
2023-05-07T15:00,35.1,25,980.2,New_Delhi,28.6139,77.209
2023-05-07T16:00,35.1,24,979.2,New_Delhi,28.6139,77.209
2023-05-07T17:00,29.8,38,978.8,New_Delhi,28.6139,77.209
2023-05-07T18:00,30.8,36,979.2,New_Delhi,28.6139,77.209
2023-05-07T19:00,29.8,35,979.1,New_Delhi,28.6139,77.209
2023-05-07T20:00,28.7,37,979.4,New_Delhi,28.6139,77.209
2023-05-07T21:00,27.4,40,980,New_Delhi,28.6139,77.209
2023-05-07T22:00,26.5,42,980,New_Delhi,28.6139,77.209
2023-05-07T23:00,25.7,45,980.2,New_Delhi,28.6139,77.209
2023-05-08T00:00,25.8,43,979.6,New_Delhi,28.6139,77.209
2023-05-08T01:00,24.5,47,978.7,New_Delhi,28.6139,77.209
2023-05-08T02:00,23.3,53,978.3,New_Delhi,28.6139,77.209
2023-05-08T03:00,21.9,62,978.6,New_Delhi,28.6139,77.209
2023-05-08T04:00,22,59,979.3,New_Delhi,28.6139,77.209
2023-05-08T05:00,24.2,60,980,New_Delhi,28.6139,77.209
2023-05-08T06:00,25.4,54,979.7,New_Delhi,28.6139,77.209
2023-05-08T07:00,26.1,53,980.9,New_Delhi,28.6139,77.209
2023-05-08T08:00,28.6,45,981,New_Delhi,28.6139,77.209
2023-05-08T09:00,31.5,35,981.8,New_Delhi,28.6139,77.209
2023-05-08T10:00,33.4,30,982.1,New_Delhi,28.6139,77.209
2023-05-08T11:00,34.6,27,982.1,New_Delhi,28.6139,77.209
2023-05-08T12:00,35.1,27,981.9,New_Delhi,28.6139,77.209
2023-05-08T13:00,35.4,27,981.1,New_Delhi,28.6139,77.209
2023-05-08T14:00,35.8,22,980.3,New_Delhi,28.6139,77.209
2023-05-08T15:00,36.5,17,979.6,New_Delhi,28.6139,77.209
2023-05-08T16:00,36.6,15,979,New_Delhi,28.6139,77.209
2023-05-08T17:00,32.6,30,979.3,New_Delhi,28.6139,77.209
2023-05-08T18:00,32.2,33,978.9,New_Delhi,28.6139,77.209
2023-05-08T19:00,29.3,41,979.5,New_Delhi,28.6139,77.209
2023-05-08T20:00,27.8,43,980.1,New_Delhi,28.6139,77.209
2023-05-08T21:00,26.9,46,980.9,New_Delhi,28.6139,77.209
2023-05-08T22:00,26.3,47,980.7,New_Delhi,28.6139,77.209
2023-05-08T23:00,25.5,49,980.9,New_Delhi,28.6139,77.209
2023-05-09T00:00,24.2,54,981.1,New_Delhi,28.6139,77.209
2023-05-09T01:00,23.8,55,981.6,New_Delhi,28.6139,77.209
2023-05-09T02:00,22.7,60,980.8,New_Delhi,28.6139,77.209
2023-05-09T03:00,21.4,67,980.4,New_Delhi,28.6139,77.209
2023-05-09T04:00,22.4,63,980.6,New_Delhi,28.6139,77.209
2023-05-09T05:00,21.5,72,981.7,New_Delhi,28.6139,77.209
2023-05-09T06:00,22.7,68,982.8,New_Delhi,28.6139,77.209
2023-05-09T07:00,24.6,59,984,New_Delhi,28.6139,77.209
2023-05-09T08:00,27.7,44,984.4,New_Delhi,28.6139,77.209
2023-05-09T09:00,31.5,30,984.9,New_Delhi,28.6139,77.209
2023-05-09T10:00,33.8,21,984.8,New_Delhi,28.6139,77.209
2023-05-09T11:00,35.3,18,984.6,New_Delhi,28.6139,77.209
2023-05-09T12:00,36.5,14,984.2,New_Delhi,28.6139,77.209
2023-05-09T13:00,37.1,13,983.8,New_Delhi,28.6139,77.209
2023-05-09T14:00,37.1,12,983,New_Delhi,28.6139,77.209
2023-05-09T15:00,36.8,13,982.4,New_Delhi,28.6139,77.209
2023-05-09T16:00,36.4,12,981.9,New_Delhi,28.6139,77.209
2023-05-09T17:00,36.2,13,981.3,New_Delhi,28.6139,77.209
2023-05-09T18:00,33.9,14,981.4,New_Delhi,28.6139,77.209
2023-05-09T19:00,30.8,19,981.8,New_Delhi,28.6139,77.209
2023-05-09T20:00,29.4,19,982.2,New_Delhi,28.6139,77.209
2023-05-09T21:00,29,19,982.6,New_Delhi,28.6139,77.209
2023-05-09T22:00,27.7,23,982.6,New_Delhi,28.6139,77.209
2023-05-09T23:00,26.3,27,982.6,New_Delhi,28.6139,77.209
2023-05-10T00:00,25.6,28,982.3,New_Delhi,28.6139,77.209
2023-05-10T01:00,24,32,981.8,New_Delhi,28.6139,77.209
2023-05-10T02:00,23.3,34,981.4,New_Delhi,28.6139,77.209
2023-05-10T03:00,22.6,35,981.3,New_Delhi,28.6139,77.209
2023-05-10T04:00,22.1,36,981.4,New_Delhi,28.6139,77.209
2023-05-10T05:00,21.9,40,982.3,New_Delhi,28.6139,77.209
2023-05-10T06:00,23.2,37,982.9,New_Delhi,28.6139,77.209
2023-05-10T07:00,25.6,34,983.6,New_Delhi,28.6139,77.209
2023-05-10T08:00,28.6,28,984,New_Delhi,28.6139,77.209
2023-05-10T09:00,31.6,22,984.5,New_Delhi,28.6139,77.209
2023-05-10T10:00,33.7,15,984.2,New_Delhi,28.6139,77.209
2023-05-10T11:00,34.8,12,983.9,New_Delhi,28.6139,77.209
2023-05-10T12:00,35.5,11,983.4,New_Delhi,28.6139,77.209
2023-05-10T13:00,36.1,10,982.7,New_Delhi,28.6139,77.209
2023-05-10T14:00,36.3,10,982,New_Delhi,28.6139,77.209
2023-05-10T15:00,36.5,10,981.2,New_Delhi,28.6139,77.209
2023-05-10T16:00,36,10,980.9,New_Delhi,28.6139,77.209
2023-05-10T17:00,36.4,11,980.4,New_Delhi,28.6139,77.209
2023-05-10T18:00,34.5,13,980.6,New_Delhi,28.6139,77.209
2023-05-10T19:00,32.4,15,980.9,New_Delhi,28.6139,77.209
2023-05-10T20:00,30.2,18,981.4,New_Delhi,28.6139,77.209
2023-05-10T21:00,27.3,23,981.7,New_Delhi,28.6139,77.209
2023-05-10T22:00,26.5,26,981.7,New_Delhi,28.6139,77.209
2023-05-10T23:00,28.5,24,981.8,New_Delhi,28.6139,77.209
2023-05-11T00:00,25.3,28,981.6,New_Delhi,28.6139,77.209
2023-05-11T01:00,24.8,27,981.4,New_Delhi,28.6139,77.209
2023-05-11T02:00,23.3,30,981,New_Delhi,28.6139,77.209
2023-05-11T03:00,22.6,31,981,New_Delhi,28.6139,77.209
2023-05-11T04:00,22.1,32,981.3,New_Delhi,28.6139,77.209
2023-05-11T05:00,22.6,37,982.4,New_Delhi,28.6139,77.209
2023-05-11T06:00,24.5,34,983.3,New_Delhi,28.6139,77.209
2023-05-11T07:00,27.6,30,984.3,New_Delhi,28.6139,77.209
2023-05-11T08:00,31.1,24,985.1,New_Delhi,28.6139,77.209
2023-05-11T09:00,33.6,20,985.7,New_Delhi,28.6139,77.209
2023-05-11T10:00,35.4,17,985.5,New_Delhi,28.6139,77.209
2023-05-11T11:00,37,13,985.2,New_Delhi,28.6139,77.209
2023-05-11T12:00,37.9,11,984.5,New_Delhi,28.6139,77.209
2023-05-11T13:00,38.6,9,983.9,New_Delhi,28.6139,77.209
2023-05-11T14:00,38.9,9,982.8,New_Delhi,28.6139,77.209
2023-05-11T15:00,38.7,9,982.2,New_Delhi,28.6139,77.209
2023-05-11T16:00,38,10,981.7,New_Delhi,28.6139,77.209
2023-05-11T17:00,37.5,13,981.3,New_Delhi,28.6139,77.209
2023-05-11T18:00,35.5,16,981.2,New_Delhi,28.6139,77.209
2023-05-11T19:00,31.9,20,981.3,New_Delhi,28.6139,77.209
2023-05-11T20:00,29.6,24,981.5,New_Delhi,28.6139,77.209
2023-05-11T21:00,32.4,19,982.1,New_Delhi,28.6139,77.209
2023-05-11T22:00,27.2,29,982.2,New_Delhi,28.6139,77.209
2023-05-11T23:00,28.6,26,982,New_Delhi,28.6139,77.209
2023-05-12T00:00,30.7,22,981.6,New_Delhi,28.6139,77.209
2023-05-12T01:00,28.8,26,980.9,New_Delhi,28.6139,77.209
2023-05-12T02:00,27.8,30,980.4,New_Delhi,28.6139,77.209
2023-05-12T03:00,24,35,980.4,New_Delhi,28.6139,77.209
2023-05-12T04:00,23.1,36,980.7,New_Delhi,28.6139,77.209
2023-05-12T05:00,24.9,34,981.4,New_Delhi,28.6139,77.209
2023-05-12T06:00,25.7,34,982.3,New_Delhi,28.6139,77.209
2023-05-12T07:00,28.5,30,983.2,New_Delhi,28.6139,77.209
2023-05-12T08:00,32,25,983.9,New_Delhi,28.6139,77.209
2023-05-12T09:00,35.6,18,984.2,New_Delhi,28.6139,77.209
2023-05-12T10:00,38.2,14,984,New_Delhi,28.6139,77.209
2023-05-12T11:00,39.8,12,983.5,New_Delhi,28.6139,77.209
2023-05-12T12:00,40.8,11,982.7,New_Delhi,28.6139,77.209
2023-05-12T13:00,41.5,10,981.8,New_Delhi,28.6139,77.209
2023-05-12T14:00,41.7,10,980.8,New_Delhi,28.6139,77.209
2023-05-12T15:00,41.7,10,980,New_Delhi,28.6139,77.209
2023-05-12T16:00,41.3,10,979.6,New_Delhi,28.6139,77.209
2023-05-12T17:00,40.8,10,979.1,New_Delhi,28.6139,77.209
2023-05-12T18:00,36.7,16,979,New_Delhi,28.6139,77.209
2023-05-12T19:00,34.4,23,980.2,New_Delhi,28.6139,77.209
2023-05-12T20:00,32.4,26,980.5,New_Delhi,28.6139,77.209
2023-05-12T21:00,31,28,981,New_Delhi,28.6139,77.209
2023-05-12T22:00,29.5,31,981,New_Delhi,28.6139,77.209
2023-05-12T23:00,28.3,33,981.2,New_Delhi,28.6139,77.209
2023-05-13T00:00,27.4,35,980.4,New_Delhi,28.6139,77.209
2023-05-13T01:00,27.4,35,979.5,New_Delhi,28.6139,77.209
2023-05-13T02:00,26.6,36,979.2,New_Delhi,28.6139,77.209
2023-05-13T03:00,25.6,39,979.1,New_Delhi,28.6139,77.209
2023-05-13T04:00,25.1,40,979.5,New_Delhi,28.6139,77.209
2023-05-13T05:00,26.2,37,980.6,New_Delhi,28.6139,77.209
2023-05-13T06:00,26.9,36,981.5,New_Delhi,28.6139,77.209
2023-05-13T07:00,29.1,33,982.5,New_Delhi,28.6139,77.209
2023-05-13T08:00,32,27,983.4,New_Delhi,28.6139,77.209
2023-05-13T09:00,34.8,23,983.8,New_Delhi,28.6139,77.209
2023-05-13T10:00,37,19,983.8,New_Delhi,28.6139,77.209
2023-05-13T11:00,39,17,983.4,New_Delhi,28.6139,77.209
2023-05-13T12:00,40.4,14,982.7,New_Delhi,28.6139,77.209
2023-05-13T13:00,41.1,13,981.4,New_Delhi,28.6139,77.209
2023-05-13T14:00,41.4,12,979.9,New_Delhi,28.6139,77.209
2023-05-13T15:00,41.5,12,979.2,New_Delhi,28.6139,77.209
2023-05-13T16:00,41.5,12,979.8,New_Delhi,28.6139,77.209
2023-05-13T17:00,40.6,12,978.4,New_Delhi,28.6139,77.209
2023-05-13T18:00,37.6,16,978.6,New_Delhi,28.6139,77.209
2023-05-13T19:00,34.7,20,978.9,New_Delhi,28.6139,77.209
2023-05-13T20:00,32.1,24,979.3,New_Delhi,28.6139,77.209
2023-05-13T21:00,31.1,27,979.9,New_Delhi,28.6139,77.209
2023-05-13T22:00,30.4,28,979.9,New_Delhi,28.6139,77.209
2023-05-13T23:00,29.5,31,979.6,New_Delhi,28.6139,77.209
2023-05-14T00:00,29.1,34,979,New_Delhi,28.6139,77.209
2023-05-14T01:00,28.8,35,978.2,New_Delhi,28.6139,77.209
2023-05-14T02:00,29,34,977.5,New_Delhi,28.6139,77.209
2023-05-14T03:00,28.4,33,977.1,New_Delhi,28.6139,77.209
2023-05-14T04:00,27.8,33,977.3,New_Delhi,28.6139,77.209
2023-05-14T05:00,26.5,47,977.9,New_Delhi,28.6139,77.209
2023-05-14T06:00,28,43,979.4,New_Delhi,28.6139,77.209
2023-05-14T07:00,29.9,39,980.3,New_Delhi,28.6139,77.209
2023-05-14T08:00,32,35,980.6,New_Delhi,28.6139,77.209
2023-05-14T09:00,35.2,28,980.5,New_Delhi,28.6139,77.209
2023-05-14T10:00,37.6,23,980.2,New_Delhi,28.6139,77.209
2023-05-14T11:00,39.2,20,979.4,New_Delhi,28.6139,77.209
2023-05-14T12:00,39.3,17,979.1,New_Delhi,28.6139,77.209
2023-05-14T13:00,40.5,14,978.2,New_Delhi,28.6139,77.209
2023-05-14T14:00,36.8,13,978.5,New_Delhi,28.6139,77.209
2023-05-14T15:00,37.3,20,977.5,New_Delhi,28.6139,77.209
2023-05-14T16:00,38.7,16,976.9,New_Delhi,28.6139,77.209
2023-05-14T17:00,34.4,25,976.2,New_Delhi,28.6139,77.209
2023-05-14T18:00,33.1,27,975.9,New_Delhi,28.6139,77.209
2023-05-14T19:00,31.1,30,976.2,New_Delhi,28.6139,77.209
2023-05-14T20:00,29.7,31,976.4,New_Delhi,28.6139,77.209
2023-05-14T21:00,30.6,26,977,New_Delhi,28.6139,77.209
2023-05-14T22:00,28.9,29,977.1,New_Delhi,28.6139,77.209
2023-05-14T23:00,28.4,32,977.1,New_Delhi,28.6139,77.209
2023-05-15T00:00,28.1,33,976.3,New_Delhi,28.6139,77.209
2023-05-15T01:00,27.6,33,975.4,New_Delhi,28.6139,77.209
2023-05-15T02:00,26.8,35,975.2,New_Delhi,28.6139,77.209
2023-05-15T03:00,26.2,36,975.3,New_Delhi,28.6139,77.209
2023-05-15T04:00,25.2,38,975.5,New_Delhi,28.6139,77.209
2023-05-15T05:00,25.8,42,977.6,New_Delhi,28.6139,77.209
2023-05-15T06:00,27.5,38,978.1,New_Delhi,28.6139,77.209
2023-05-15T07:00,30.1,33,979,New_Delhi,28.6139,77.209
2023-05-15T08:00,33.7,25,979.4,New_Delhi,28.6139,77.209
2023-05-15T09:00,36.6,19,979.9,New_Delhi,28.6139,77.209
2023-05-15T10:00,37.9,18,979.9,New_Delhi,28.6139,77.209
2023-05-15T11:00,39.3,16,979.8,New_Delhi,28.6139,77.209
2023-05-15T12:00,40.3,15,979.2,New_Delhi,28.6139,77.209
2023-05-15T13:00,40,14,978.5,New_Delhi,28.6139,77.209
2023-05-15T14:00,40.5,13,977.9,New_Delhi,28.6139,77.209
2023-05-15T15:00,39.6,14,977.4,New_Delhi,28.6139,77.209
2023-05-15T16:00,39.9,13,976.8,New_Delhi,28.6139,77.209
2023-05-15T17:00,39.3,14,976,New_Delhi,28.6139,77.209
2023-05-15T18:00,36.6,19,975.9,New_Delhi,28.6139,77.209
2023-05-15T19:00,34.8,21,976.5,New_Delhi,28.6139,77.209
2023-05-15T20:00,33.1,24,976.8,New_Delhi,28.6139,77.209
2023-05-15T21:00,32,25,977.2,New_Delhi,28.6139,77.209
2023-05-15T22:00,32.2,23,977.2,New_Delhi,28.6139,77.209
2023-05-15T23:00,29.5,28,977.6,New_Delhi,28.6139,77.209
2023-05-16T00:00,28.2,31,977.1,New_Delhi,28.6139,77.209
2023-05-16T01:00,27.1,34,976.9,New_Delhi,28.6139,77.209
2023-05-16T02:00,26.8,32,976.9,New_Delhi,28.6139,77.209
2023-05-16T03:00,27.1,27,977.2,New_Delhi,28.6139,77.209
2023-05-16T04:00,26.9,27,977.5,New_Delhi,28.6139,77.209
2023-05-16T05:00,28.3,37,980,New_Delhi,28.6139,77.209
2023-05-16T06:00,28.9,37,980.4,New_Delhi,28.6139,77.209
2023-05-16T07:00,30.5,34,980.6,New_Delhi,28.6139,77.209
2023-05-16T08:00,32.6,31,980.9,New_Delhi,28.6139,77.209
2023-05-16T09:00,34.8,27,981.4,New_Delhi,28.6139,77.209
2023-05-16T10:00,36.5,24,981.6,New_Delhi,28.6139,77.209
2023-05-16T11:00,37.7,23,981.1,New_Delhi,28.6139,77.209
2023-05-16T12:00,35.1,26,982.1,New_Delhi,28.6139,77.209
2023-05-16T13:00,34.6,27,981,New_Delhi,28.6139,77.209
2023-05-16T14:00,35.3,29,980.1,New_Delhi,28.6139,77.209
2023-05-16T15:00,36.7,26,979.3,New_Delhi,28.6139,77.209
2023-05-16T16:00,36.7,25,979,New_Delhi,28.6139,77.209
2023-05-16T17:00,38.6,17,978.4,New_Delhi,28.6139,77.209
2023-05-16T18:00,36.9,18,978.3,New_Delhi,28.6139,77.209
2023-05-16T19:00,34.1,24,978.9,New_Delhi,28.6139,77.209
2023-05-16T20:00,32.3,31,979.2,New_Delhi,28.6139,77.209
2023-05-16T21:00,32.1,29,980.1,New_Delhi,28.6139,77.209
2023-05-16T22:00,31.1,25,980.5,New_Delhi,28.6139,77.209
2023-05-16T23:00,29.4,24,980.3,New_Delhi,28.6139,77.209
2023-05-17T00:00,29.1,25,980.1,New_Delhi,28.6139,77.209
2023-05-17T01:00,27,27,979.1,New_Delhi,28.6139,77.209
2023-05-17T02:00,26.9,27,978.9,New_Delhi,28.6139,77.209
2023-05-17T03:00,26.9,27,979.2,New_Delhi,28.6139,77.209
2023-05-17T04:00,26,29,979.3,New_Delhi,28.6139,77.209
2023-05-17T05:00,26.9,36,979.2,New_Delhi,28.6139,77.209
2023-05-17T06:00,30.7,29,980.4,New_Delhi,28.6139,77.209
2023-05-17T07:00,31.4,29,981.5,New_Delhi,28.6139,77.209
2023-05-17T08:00,34.4,24,982.1,New_Delhi,28.6139,77.209
2023-05-17T09:00,36.5,21,983.2,New_Delhi,28.6139,77.209
2023-05-17T10:00,38.3,17,983.2,New_Delhi,28.6139,77.209
2023-05-17T11:00,39.8,15,982.9,New_Delhi,28.6139,77.209
2023-05-17T12:00,40.3,14,982.6,New_Delhi,28.6139,77.209
2023-05-17T13:00,40.8,14,981.6,New_Delhi,28.6139,77.209
2023-05-17T14:00,40.9,13,980.7,New_Delhi,28.6139,77.209
2023-05-17T15:00,40.2,14,980,New_Delhi,28.6139,77.209
2023-05-17T16:00,40.1,14,979.7,New_Delhi,28.6139,77.209
2023-05-17T17:00,32.7,34,979.4,New_Delhi,28.6139,77.209
2023-05-17T18:00,32.6,35,980.2,New_Delhi,28.6139,77.209
2023-05-17T19:00,32.4,29,980.3,New_Delhi,28.6139,77.209
2023-05-17T20:00,31.3,36,981,New_Delhi,28.6139,77.209
2023-05-17T21:00,31.3,33,981.7,New_Delhi,28.6139,77.209
2023-05-17T22:00,30.4,37,982.1,New_Delhi,28.6139,77.209
2023-05-17T23:00,29.5,39,982,New_Delhi,28.6139,77.209
2023-05-18T00:00,28.6,40,981.9,New_Delhi,28.6139,77.209
2023-05-18T01:00,28.1,41,981.5,New_Delhi,28.6139,77.209
2023-05-18T02:00,27.6,41,981.3,New_Delhi,28.6139,77.209
2023-05-18T03:00,27.5,41,981,New_Delhi,28.6139,77.209
2023-05-18T04:00,27.2,41,981.3,New_Delhi,28.6139,77.209
2023-05-18T05:00,23.9,62,985.8,New_Delhi,28.6139,77.209
2023-05-18T06:00,24.5,60,986.6,New_Delhi,28.6139,77.209
2023-05-18T07:00,25.1,59,986.9,New_Delhi,28.6139,77.209
2023-05-18T08:00,26.9,51,987.3,New_Delhi,28.6139,77.209
2023-05-18T09:00,29.5,43,987.5,New_Delhi,28.6139,77.209
2023-05-18T10:00,32,35,987.2,New_Delhi,28.6139,77.209
2023-05-18T11:00,34.6,28,986.8,New_Delhi,28.6139,77.209
2023-05-18T12:00,36.4,25,986.1,New_Delhi,28.6139,77.209
2023-05-18T13:00,37.5,23,985,New_Delhi,28.6139,77.209
2023-05-18T14:00,38,22,984,New_Delhi,28.6139,77.209
2023-05-18T15:00,37.8,21,983.2,New_Delhi,28.6139,77.209
2023-05-18T16:00,36.8,22,983.2,New_Delhi,28.6139,77.209
2023-05-18T17:00,35.4,29,983.5,New_Delhi,28.6139,77.209
2023-05-18T18:00,33.8,33,983.5,New_Delhi,28.6139,77.209
2023-05-18T19:00,32.6,35,983.7,New_Delhi,28.6139,77.209
2023-05-18T20:00,31.6,37,984,New_Delhi,28.6139,77.209
2023-05-18T21:00,30.6,38,984.3,New_Delhi,28.6139,77.209
2023-05-18T22:00,29.7,39,984.4,New_Delhi,28.6139,77.209
2023-05-18T23:00,29,41,983.9,New_Delhi,28.6139,77.209
2023-05-19T00:00,28.3,43,983.3,New_Delhi,28.6139,77.209
2023-05-19T01:00,27.8,44,982.3,New_Delhi,28.6139,77.209
2023-05-19T02:00,27.2,44,981.8,New_Delhi,28.6139,77.209
2023-05-19T03:00,26.5,46,981.6,New_Delhi,28.6139,77.209
2023-05-19T04:00,25.9,48,982,New_Delhi,28.6139,77.209
2023-05-19T05:00,26.1,55,982.5,New_Delhi,28.6139,77.209
2023-05-19T06:00,26.7,55,983.2,New_Delhi,28.6139,77.209
2023-05-19T07:00,28.3,51,983.8,New_Delhi,28.6139,77.209
2023-05-19T08:00,30.3,46,984.5,New_Delhi,28.6139,77.209
2023-05-19T09:00,32.3,41,984.5,New_Delhi,28.6139,77.209
2023-05-19T10:00,34,34,984.2,New_Delhi,28.6139,77.209
2023-05-19T11:00,35.4,27,983.9,New_Delhi,28.6139,77.209
2023-05-19T12:00,36.2,24,983.2,New_Delhi,28.6139,77.209
2023-05-19T13:00,37,23,982.3,New_Delhi,28.6139,77.209
2023-05-19T14:00,37.7,21,981.2,New_Delhi,28.6139,77.209
2023-05-19T15:00,37.9,19,980.3,New_Delhi,28.6139,77.209
2023-05-19T16:00,37.7,18,979.9,New_Delhi,28.6139,77.209
2023-05-19T17:00,37.3,19,979.6,New_Delhi,28.6139,77.209
2023-05-19T18:00,35.5,22,979.9,New_Delhi,28.6139,77.209
2023-05-19T19:00,32.3,28,980,New_Delhi,28.6139,77.209
2023-05-19T20:00,30.8,32,980.6,New_Delhi,28.6139,77.209
2023-05-19T21:00,30,33,981.1,New_Delhi,28.6139,77.209
2023-05-19T22:00,29.5,33,981.2,New_Delhi,28.6139,77.209
2023-05-19T23:00,29.1,33,981,New_Delhi,28.6139,77.209
2023-05-20T00:00,28.4,35,980.5,New_Delhi,28.6139,77.209
2023-05-20T01:00,27.4,37,979.6,New_Delhi,28.6139,77.209
2023-05-20T02:00,26.5,39,979.1,New_Delhi,28.6139,77.209
2023-05-20T03:00,25.8,41,978.9,New_Delhi,28.6139,77.209
2023-05-20T04:00,25,43,979,New_Delhi,28.6139,77.209
2023-05-20T05:00,24.8,50,979.7,New_Delhi,28.6139,77.209
2023-05-20T06:00,26.4,46,980.5,New_Delhi,28.6139,77.209
2023-05-20T07:00,28.8,43,981.3,New_Delhi,28.6139,77.209
2023-05-20T08:00,32,34,981.4,New_Delhi,28.6139,77.209
2023-05-20T09:00,34.5,30,981.8,New_Delhi,28.6139,77.209
2023-05-20T10:00,36.3,25,982,New_Delhi,28.6139,77.209
2023-05-20T11:00,37.4,22,981.7,New_Delhi,28.6139,77.209
2023-05-20T12:00,38.3,20,981.1,New_Delhi,28.6139,77.209
2023-05-20T13:00,39.1,18,980.4,New_Delhi,28.6139,77.209
2023-05-20T14:00,39.8,14,979.5,New_Delhi,28.6139,77.209
2023-05-20T15:00,40,13,978.8,New_Delhi,28.6139,77.209
2023-05-20T16:00,39.5,13,979,New_Delhi,28.6139,77.209
2023-05-20T17:00,39.1,15,978.6,New_Delhi,28.6139,77.209
2023-05-20T18:00,36.9,17,978.8,New_Delhi,28.6139,77.209
2023-05-20T19:00,32.4,24,978.6,New_Delhi,28.6139,77.209
2023-05-20T20:00,31.7,27,978.9,New_Delhi,28.6139,77.209
2023-05-20T21:00,30.9,29,979.1,New_Delhi,28.6139,77.209
2023-05-20T22:00,34.1,21,979.5,New_Delhi,28.6139,77.209
2023-05-20T23:00,33.1,22,979.6,New_Delhi,28.6139,77.209
2023-05-21T00:00,32,24,979.3,New_Delhi,28.6139,77.209
2023-05-21T01:00,30.7,26,978.7,New_Delhi,28.6139,77.209
2023-05-21T02:00,27.1,32,978.4,New_Delhi,28.6139,77.209
2023-05-21T03:00,26.8,32,978.3,New_Delhi,28.6139,77.209
2023-05-21T04:00,25.4,36,978.4,New_Delhi,28.6139,77.209
2023-05-21T05:00,26.7,38,979.1,New_Delhi,28.6139,77.209
2023-05-21T06:00,28.1,37,980.5,New_Delhi,28.6139,77.209
2023-05-21T07:00,30.8,33,981.1,New_Delhi,28.6139,77.209
2023-05-21T08:00,33.7,28,982,New_Delhi,28.6139,77.209
2023-05-21T09:00,36.2,24,982.3,New_Delhi,28.6139,77.209
2023-05-21T10:00,38.4,21,982.2,New_Delhi,28.6139,77.209
2023-05-21T11:00,40.2,17,982.1,New_Delhi,28.6139,77.209
2023-05-21T12:00,41.4,14,981.5,New_Delhi,28.6139,77.209
2023-05-21T13:00,42,13,980.8,New_Delhi,28.6139,77.209
2023-05-21T14:00,42.4,12,980.1,New_Delhi,28.6139,77.209
2023-05-21T15:00,42.2,11,979.5,New_Delhi,28.6139,77.209
2023-05-21T16:00,41.9,11,979,New_Delhi,28.6139,77.209
2023-05-21T17:00,41.8,9,979,New_Delhi,28.6139,77.209
2023-05-21T18:00,39.6,11,979.1,New_Delhi,28.6139,77.209
2023-05-21T19:00,37.1,13,979.4,New_Delhi,28.6139,77.209
2023-05-21T20:00,33.5,18,979.6,New_Delhi,28.6139,77.209
2023-05-21T21:00,31.6,22,979.9,New_Delhi,28.6139,77.209
2023-05-21T22:00,33.9,20,980.2,New_Delhi,28.6139,77.209
2023-05-21T23:00,31.4,22,980.1,New_Delhi,28.6139,77.209
2023-05-22T00:00,31.2,23,979.7,New_Delhi,28.6139,77.209
2023-05-22T01:00,30.5,23,979.5,New_Delhi,28.6139,77.209
2023-05-22T02:00,29.8,22,979.1,New_Delhi,28.6139,77.209
2023-05-22T03:00,31.4,20,979.1,New_Delhi,28.6139,77.209
2023-05-22T04:00,30.4,22,979.5,New_Delhi,28.6139,77.209
2023-05-22T05:00,33.5,24,979.9,New_Delhi,28.6139,77.209
2023-05-22T06:00,33.1,26,981,New_Delhi,28.6139,77.209
2023-05-22T07:00,34.3,27,981.9,New_Delhi,28.6139,77.209
2023-05-22T08:00,35.9,25,982.6,New_Delhi,28.6139,77.209
2023-05-22T09:00,37.6,23,982.9,New_Delhi,28.6139,77.209
2023-05-22T10:00,39.6,21,982.7,New_Delhi,28.6139,77.209
2023-05-22T11:00,41.1,19,982.5,New_Delhi,28.6139,77.209
2023-05-22T12:00,42.1,18,982,New_Delhi,28.6139,77.209
2023-05-22T13:00,41.2,16,981.8,New_Delhi,28.6139,77.209
2023-05-22T14:00,39.7,18,981.4,New_Delhi,28.6139,77.209
2023-05-22T15:00,40.2,17,980.8,New_Delhi,28.6139,77.209
2023-05-22T16:00,40.5,16,980.2,New_Delhi,28.6139,77.209
2023-05-22T17:00,41.6,13,978.8,New_Delhi,28.6139,77.209
2023-05-22T18:00,39.1,16,979,New_Delhi,28.6139,77.209
2023-05-22T19:00,36.5,18,979.1,New_Delhi,28.6139,77.209
2023-05-22T20:00,34,21,979.6,New_Delhi,28.6139,77.209
2023-05-22T21:00,33.8,22,980.7,New_Delhi,28.6139,77.209
2023-05-22T22:00,34.5,21,981.1,New_Delhi,28.6139,77.209
2023-05-22T23:00,34.3,21,981.1,New_Delhi,28.6139,77.209
2023-05-23T00:00,32.9,22,980.9,New_Delhi,28.6139,77.209
2023-05-23T01:00,31.7,24,980.5,New_Delhi,28.6139,77.209
2023-05-23T02:00,31.9,24,980.2,New_Delhi,28.6139,77.209
2023-05-23T03:00,32.4,23,980.4,New_Delhi,28.6139,77.209
2023-05-23T04:00,31.7,24,980.7,New_Delhi,28.6139,77.209
2023-05-23T05:00,32.4,25,981.1,New_Delhi,28.6139,77.209
2023-05-23T06:00,33.1,26,981.9,New_Delhi,28.6139,77.209
2023-05-23T07:00,34.4,27,982.3,New_Delhi,28.6139,77.209
2023-05-23T08:00,36,27,982.9,New_Delhi,28.6139,77.209
2023-05-23T09:00,37.8,27,983.4,New_Delhi,28.6139,77.209
2023-05-23T10:00,39.7,26,983.1,New_Delhi,28.6139,77.209
2023-05-23T11:00,41.4,23,982.6,New_Delhi,28.6139,77.209
2023-05-23T12:00,42.5,19,981.7,New_Delhi,28.6139,77.209
2023-05-23T13:00,43.6,15,980.3,New_Delhi,28.6139,77.209
2023-05-23T14:00,42.4,15,979.6,New_Delhi,28.6139,77.209
2023-05-23T15:00,41.8,14,979.3,New_Delhi,28.6139,77.209
2023-05-23T16:00,40.2,17,979.4,New_Delhi,28.6139,77.209
2023-05-23T17:00,31.6,41,981.1,New_Delhi,28.6139,77.209
2023-05-23T18:00,30,52,980,New_Delhi,28.6139,77.209
2023-05-23T19:00,31.8,43,979.4,New_Delhi,28.6139,77.209
2023-05-23T20:00,32.1,38,979.1,New_Delhi,28.6139,77.209
2023-05-23T21:00,32.1,36,979.7,New_Delhi,28.6139,77.209
2023-05-23T22:00,32.1,35,979.7,New_Delhi,28.6139,77.209
2023-05-23T23:00,31.5,37,980,New_Delhi,28.6139,77.209
2023-05-24T00:00,30.5,40,980,New_Delhi,28.6139,77.209
2023-05-24T01:00,29.1,45,979.8,New_Delhi,28.6139,77.209
2023-05-24T02:00,28,48,979.4,New_Delhi,28.6139,77.209
2023-05-24T03:00,27.9,48,979.4,New_Delhi,28.6139,77.209
2023-05-24T04:00,28.6,45,979.5,New_Delhi,28.6139,77.209
2023-05-24T05:00,27.6,54,980.8,New_Delhi,28.6139,77.209
2023-05-24T06:00,27.7,54,981.8,New_Delhi,28.6139,77.209
2023-05-24T07:00,29.2,50,983,New_Delhi,28.6139,77.209
2023-05-24T08:00,29.7,46,983.6,New_Delhi,28.6139,77.209
2023-05-24T09:00,31.2,41,983.6,New_Delhi,28.6139,77.209
2023-05-24T10:00,34.1,37,982.8,New_Delhi,28.6139,77.209
2023-05-24T11:00,36.4,32,982.2,New_Delhi,28.6139,77.209
2023-05-24T12:00,37.3,28,981.1,New_Delhi,28.6139,77.209
2023-05-24T13:00,37.7,26,979.9,New_Delhi,28.6139,77.209
2023-05-24T14:00,37.2,26,979.4,New_Delhi,28.6139,77.209
2023-05-24T15:00,36.3,27,979.3,New_Delhi,28.6139,77.209
2023-05-24T16:00,35.8,26,978.9,New_Delhi,28.6139,77.209
2023-05-24T17:00,30.1,55,979.5,New_Delhi,28.6139,77.209
2023-05-24T18:00,29.7,54,980.4,New_Delhi,28.6139,77.209
2023-05-24T19:00,28.7,57,980.9,New_Delhi,28.6139,77.209
2023-05-24T20:00,27.8,64,980.8,New_Delhi,28.6139,77.209
2023-05-24T21:00,27.2,67,981.9,New_Delhi,28.6139,77.209
2023-05-24T22:00,26.8,69,981.4,New_Delhi,28.6139,77.209
2023-05-24T23:00,26.3,77,980.8,New_Delhi,28.6139,77.209
2023-05-25T00:00,25.8,76,980.1,New_Delhi,28.6139,77.209
2023-05-25T01:00,25.6,77,980,New_Delhi,28.6139,77.209
2023-05-25T02:00,25.3,79,980,New_Delhi,28.6139,77.209
2023-05-25T03:00,24.9,79,979.2,New_Delhi,28.6139,77.209
2023-05-25T04:00,25,79,980,New_Delhi,28.6139,77.209
2023-05-25T05:00,23.4,75,980.8,New_Delhi,28.6139,77.209
2023-05-25T06:00,25.3,64,981.5,New_Delhi,28.6139,77.209
2023-05-25T07:00,26.8,58,981.6,New_Delhi,28.6139,77.209
2023-05-25T08:00,28.9,52,982.3,New_Delhi,28.6139,77.209
2023-05-25T09:00,29.8,48,984,New_Delhi,28.6139,77.209
2023-05-25T10:00,27.2,60,982.9,New_Delhi,28.6139,77.209
2023-05-25T11:00,30.6,46,982.7,New_Delhi,28.6139,77.209
2023-05-25T12:00,32.1,43,981.7,New_Delhi,28.6139,77.209
2023-05-25T13:00,33.1,41,980.5,New_Delhi,28.6139,77.209
2023-05-25T14:00,33.8,40,979.5,New_Delhi,28.6139,77.209
2023-05-25T15:00,33.9,39,979,New_Delhi,28.6139,77.209
2023-05-25T16:00,32.4,43,979.2,New_Delhi,28.6139,77.209
2023-05-25T17:00,29.1,48,979.3,New_Delhi,28.6139,77.209
2023-05-25T18:00,29.4,47,979.6,New_Delhi,28.6139,77.209
2023-05-25T19:00,27.9,57,980.4,New_Delhi,28.6139,77.209
2023-05-25T20:00,27.1,59,980.7,New_Delhi,28.6139,77.209
2023-05-25T21:00,26.5,61,982,New_Delhi,28.6139,77.209
2023-05-25T22:00,26.6,62,981.9,New_Delhi,28.6139,77.209
2023-05-25T23:00,25.8,67,981,New_Delhi,28.6139,77.209
2023-05-26T00:00,25.3,69,979.8,New_Delhi,28.6139,77.209
2023-05-26T01:00,24.9,72,979.1,New_Delhi,28.6139,77.209
2023-05-26T02:00,24.3,75,979.2,New_Delhi,28.6139,77.209
2023-05-26T03:00,23.4,79,979.6,New_Delhi,28.6139,77.209
2023-05-26T04:00,23.6,77,980.2,New_Delhi,28.6139,77.209
2023-05-26T05:00,22.7,82,980.8,New_Delhi,28.6139,77.209
2023-05-26T06:00,23,81,982,New_Delhi,28.6139,77.209
2023-05-26T07:00,24.2,76,983.6,New_Delhi,28.6139,77.209
2023-05-26T08:00,26.1,65,984,New_Delhi,28.6139,77.209
2023-05-26T09:00,28.2,55,984.5,New_Delhi,28.6139,77.209
2023-05-26T10:00,29.9,49,984.5,New_Delhi,28.6139,77.209
2023-05-26T11:00,31.4,43,984,New_Delhi,28.6139,77.209
2023-05-26T12:00,32.6,39,983.2,New_Delhi,28.6139,77.209
2023-05-26T13:00,33.6,36,982.2,New_Delhi,28.6139,77.209
2023-05-26T14:00,34.2,34,981,New_Delhi,28.6139,77.209
2023-05-26T15:00,34.5,33,980.6,New_Delhi,28.6139,77.209
2023-05-26T16:00,34.5,33,980.7,New_Delhi,28.6139,77.209
2023-05-26T17:00,32.9,35,980.4,New_Delhi,28.6139,77.209
2023-05-26T18:00,32.1,37,980.8,New_Delhi,28.6139,77.209
2023-05-26T19:00,30.3,42,980.9,New_Delhi,28.6139,77.209
2023-05-26T20:00,29.5,45,981.5,New_Delhi,28.6139,77.209
2023-05-26T21:00,28.4,48,982.1,New_Delhi,28.6139,77.209
2023-05-26T22:00,27.6,51,981.8,New_Delhi,28.6139,77.209
2023-05-26T23:00,27.1,55,981,New_Delhi,28.6139,77.209
2023-05-27T00:00,26.7,58,980.1,New_Delhi,28.6139,77.209
2023-05-27T01:00,26.4,61,979.2,New_Delhi,28.6139,77.209
2023-05-27T02:00,21,90,982.3,New_Delhi,28.6139,77.209
2023-05-27T03:00,22.2,83,981.1,New_Delhi,28.6139,77.209
2023-05-27T04:00,22.4,80,980.3,New_Delhi,28.6139,77.209
2023-05-27T05:00,21.4,90,981.3,New_Delhi,28.6139,77.209
2023-05-27T06:00,22.5,85,981.7,New_Delhi,28.6139,77.209
2023-05-27T07:00,22.1,84,984.4,New_Delhi,28.6139,77.209
2023-05-27T08:00,22.6,84,985.5,New_Delhi,28.6139,77.209
2023-05-27T09:00,22.4,91,984.6,New_Delhi,28.6139,77.209
2023-05-27T10:00,25,81,981.5,New_Delhi,28.6139,77.209
2023-05-27T11:00,30.3,49,981.6,New_Delhi,28.6139,77.209
2023-05-27T12:00,32.4,39,981,New_Delhi,28.6139,77.209
2023-05-27T13:00,33.2,37,980.4,New_Delhi,28.6139,77.209
2023-05-27T14:00,33.6,37,980,New_Delhi,28.6139,77.209
2023-05-27T15:00,33.8,36,979.8,New_Delhi,28.6139,77.209
2023-05-27T16:00,33.6,37,979.4,New_Delhi,28.6139,77.209
2023-05-27T17:00,31.7,47,980.4,New_Delhi,28.6139,77.209
2023-05-27T18:00,30.9,51,980.6,New_Delhi,28.6139,77.209
2023-05-27T19:00,29.3,58,980.7,New_Delhi,28.6139,77.209
2023-05-27T20:00,28.1,63,981.3,New_Delhi,28.6139,77.209
2023-05-27T21:00,27.2,61,981.9,New_Delhi,28.6139,77.209
2023-05-27T22:00,26.7,62,982.6,New_Delhi,28.6139,77.209
2023-05-27T23:00,26.4,64,982.1,New_Delhi,28.6139,77.209
2023-05-28T00:00,25.9,66,981.5,New_Delhi,28.6139,77.209
2023-05-28T01:00,25.4,69,981,New_Delhi,28.6139,77.209
2023-05-28T02:00,25.2,70,980.6,New_Delhi,28.6139,77.209
2023-05-28T03:00,25,71,980.7,New_Delhi,28.6139,77.209
2023-05-28T04:00,24.7,71,980.9,New_Delhi,28.6139,77.209
2023-05-28T05:00,24.3,79,981,New_Delhi,28.6139,77.209
2023-05-28T06:00,25.2,76,982.2,New_Delhi,28.6139,77.209
2023-05-28T07:00,27.1,68,983.9,New_Delhi,28.6139,77.209
2023-05-28T08:00,24,75,983.9,New_Delhi,28.6139,77.209
2023-05-28T09:00,27.2,65,983.7,New_Delhi,28.6139,77.209
2023-05-28T10:00,29.9,57,983.6,New_Delhi,28.6139,77.209
2023-05-28T11:00,31.5,53,983.5,New_Delhi,28.6139,77.209
2023-05-28T12:00,32.7,49,983.1,New_Delhi,28.6139,77.209
2023-05-28T13:00,33.6,46,982.4,New_Delhi,28.6139,77.209
2023-05-28T14:00,33.8,44,981.7,New_Delhi,28.6139,77.209
2023-05-28T15:00,33.6,44,981.1,New_Delhi,28.6139,77.209
2023-05-28T16:00,33.6,44,980.5,New_Delhi,28.6139,77.209
2023-05-28T17:00,26.2,70,980.2,New_Delhi,28.6139,77.209
2023-05-28T18:00,26.7,69,980.6,New_Delhi,28.6139,77.209
2023-05-28T19:00,25.8,70,981.5,New_Delhi,28.6139,77.209
2023-05-28T20:00,24.9,76,982,New_Delhi,28.6139,77.209
2023-05-28T21:00,24.1,82,982.8,New_Delhi,28.6139,77.209
2023-05-28T22:00,24.2,82,983.4,New_Delhi,28.6139,77.209
2023-05-28T23:00,24.5,80,983.8,New_Delhi,28.6139,77.209
2023-05-29T00:00,24.4,83,983.8,New_Delhi,28.6139,77.209
2023-05-29T01:00,24.4,84,983.5,New_Delhi,28.6139,77.209
2023-05-29T02:00,24.4,84,982.6,New_Delhi,28.6139,77.209
2023-05-29T03:00,23.5,90,982.4,New_Delhi,28.6139,77.209
2023-05-29T04:00,23.4,89,982.5,New_Delhi,28.6139,77.209
2023-05-29T05:00,22.5,88,983.9,New_Delhi,28.6139,77.209
2023-05-29T06:00,23.6,87,983.7,New_Delhi,28.6139,77.209
2023-05-29T07:00,25.5,80,984.7,New_Delhi,28.6139,77.209
2023-05-29T08:00,27.1,71,985.2,New_Delhi,28.6139,77.209
2023-05-29T09:00,29.3,63,985.7,New_Delhi,28.6139,77.209
2023-05-29T10:00,30.9,56,985.2,New_Delhi,28.6139,77.209
2023-05-29T11:00,32.7,49,984.5,New_Delhi,28.6139,77.209
2023-05-29T12:00,34.1,44,983.9,New_Delhi,28.6139,77.209
2023-05-29T13:00,28.4,65,983.7,New_Delhi,28.6139,77.209
2023-05-29T14:00,29.9,55,982.8,New_Delhi,28.6139,77.209
2023-05-29T15:00,31.1,53,982.7,New_Delhi,28.6139,77.209
2023-05-29T16:00,29.7,54,982.9,New_Delhi,28.6139,77.209
2023-05-29T17:00,29,60,983,New_Delhi,28.6139,77.209
2023-05-29T18:00,28.1,62,983.3,New_Delhi,28.6139,77.209
2023-05-29T19:00,26.6,70,983.2,New_Delhi,28.6139,77.209
2023-05-29T20:00,25.6,79,984,New_Delhi,28.6139,77.209
2023-05-29T21:00,25.1,79,984.6,New_Delhi,28.6139,77.209
2023-05-29T22:00,25.6,74,985.1,New_Delhi,28.6139,77.209
2023-05-29T23:00,25.4,73,985.2,New_Delhi,28.6139,77.209
2023-05-30T00:00,25.2,73,984.8,New_Delhi,28.6139,77.209
2023-05-30T01:00,24.5,75,984.3,New_Delhi,28.6139,77.209
2023-05-30T02:00,23.8,76,983.4,New_Delhi,28.6139,77.209
2023-05-30T03:00,23.2,79,983.6,New_Delhi,28.6139,77.209
2023-05-30T04:00,22.7,82,983.6,New_Delhi,28.6139,77.209
2023-05-30T05:00,23.2,84,984.2,New_Delhi,28.6139,77.209
2023-05-30T06:00,24,79,984.9,New_Delhi,28.6139,77.209
2023-05-30T07:00,25.2,71,985.8,New_Delhi,28.6139,77.209
2023-05-30T08:00,27,64,986,New_Delhi,28.6139,77.209
2023-05-30T09:00,29.1,57,986.1,New_Delhi,28.6139,77.209
2023-05-30T10:00,31,52,985.6,New_Delhi,28.6139,77.209
2023-05-30T11:00,32.4,46,984.9,New_Delhi,28.6139,77.209
2023-05-30T12:00,33,43,984.4,New_Delhi,28.6139,77.209
2023-05-30T13:00,33.7,42,983.3,New_Delhi,28.6139,77.209
2023-05-30T14:00,34.1,40,982.3,New_Delhi,28.6139,77.209
2023-05-30T15:00,34,39,981.4,New_Delhi,28.6139,77.209
2023-05-30T16:00,33.6,39,981,New_Delhi,28.6139,77.209
2023-05-30T17:00,27.2,66,982.1,New_Delhi,28.6139,77.209
2023-05-30T18:00,26.3,69,982.8,New_Delhi,28.6139,77.209
2023-05-30T19:00,25.3,72,983.4,New_Delhi,28.6139,77.209
2023-05-30T20:00,25,74,983.1,New_Delhi,28.6139,77.209
2023-05-30T21:00,24.6,78,983.5,New_Delhi,28.6139,77.209
2023-05-30T22:00,23.8,85,984.3,New_Delhi,28.6139,77.209
2023-05-30T23:00,23.3,84,982.8,New_Delhi,28.6139,77.209
2023-05-31T00:00,23.2,84,982.3,New_Delhi,28.6139,77.209
2023-05-31T01:00,23.1,85,981.8,New_Delhi,28.6139,77.209
2023-05-31T02:00,22.5,90,981.4,New_Delhi,28.6139,77.209
2023-05-31T03:00,22.3,91,981.1,New_Delhi,28.6139,77.209
2023-05-31T04:00,22,92,981.3,New_Delhi,28.6139,77.209
2023-05-31T05:00,21.6,91,981.8,New_Delhi,28.6139,77.209
2023-05-31T06:00,21.9,90,982.5,New_Delhi,28.6139,77.209
2023-05-31T07:00,23,84,983,New_Delhi,28.6139,77.209
2023-05-31T08:00,23.9,77,983.7,New_Delhi,28.6139,77.209
2023-05-31T09:00,25.4,70,984.1,New_Delhi,28.6139,77.209
2023-05-31T10:00,26.4,66,984.2,New_Delhi,28.6139,77.209
2023-05-31T11:00,27.9,60,983.8,New_Delhi,28.6139,77.209
2023-05-31T12:00,29.1,54,983.2,New_Delhi,28.6139,77.209
2023-05-31T13:00,29.9,51,982.7,New_Delhi,28.6139,77.209
2023-05-31T14:00,30.1,49,981.9,New_Delhi,28.6139,77.209
2023-05-31T15:00,30.9,44,981.5,New_Delhi,28.6139,77.209
2023-05-31T16:00,29.6,47,981.2,New_Delhi,28.6139,77.209
2023-05-31T17:00,26.2,72,982.9,New_Delhi,28.6139,77.209
2023-05-31T18:00,25.1,70,983.2,New_Delhi,28.6139,77.209
2023-05-31T19:00,24.3,72,983.7,New_Delhi,28.6139,77.209
2023-05-31T20:00,23.4,78,984.2,New_Delhi,28.6139,77.209
2023-05-31T21:00,22.8,82,984,New_Delhi,28.6139,77.209
2023-05-31T22:00,22,87,984.1,New_Delhi,28.6139,77.209
2023-05-31T23:00,21.8,85,983.5,New_Delhi,28.6139,77.209
2023-06-01T00:00,21.7,85,982.8,New_Delhi,28.6139,77.209
2023-06-01T01:00,21.1,90,982,New_Delhi,28.6139,77.209
2023-06-01T02:00,20.5,93,981.5,New_Delhi,28.6139,77.209
2023-06-01T03:00,20.3,94,981.6,New_Delhi,28.6139,77.209
2023-06-01T04:00,20,95,982,New_Delhi,28.6139,77.209
2023-06-01T05:00,19.9,94,982.7,New_Delhi,28.6139,77.209
2023-06-01T06:00,21.6,86,983.7,New_Delhi,28.6139,77.209
2023-06-01T07:00,23.4,78,984.1,New_Delhi,28.6139,77.209
2023-06-01T08:00,25.9,66,984.3,New_Delhi,28.6139,77.209
2023-06-01T09:00,28.1,52,984.2,New_Delhi,28.6139,77.209
2023-06-01T10:00,29.8,45,983.7,New_Delhi,28.6139,77.209
2023-06-01T11:00,31.2,41,983.5,New_Delhi,28.6139,77.209
2023-06-01T12:00,32.3,39,982.9,New_Delhi,28.6139,77.209
2023-06-01T13:00,33.2,38,982,New_Delhi,28.6139,77.209
2023-06-01T14:00,33.6,37,981.2,New_Delhi,28.6139,77.209
2023-06-01T15:00,31.4,42,980.9,New_Delhi,28.6139,77.209
2023-06-01T16:00,32,39,980.6,New_Delhi,28.6139,77.209
2023-06-01T17:00,29.7,50,981.3,New_Delhi,28.6139,77.209
2023-06-01T18:00,28,61,981.2,New_Delhi,28.6139,77.209
2023-06-01T19:00,26.7,68,981.7,New_Delhi,28.6139,77.209
2023-06-01T20:00,26.2,70,981.9,New_Delhi,28.6139,77.209
2023-06-01T21:00,26.2,69,982.2,New_Delhi,28.6139,77.209
2023-06-01T22:00,25.9,68,981.2,New_Delhi,28.6139,77.209
2023-06-01T23:00,25,71,980.9,New_Delhi,28.6139,77.209
2023-06-02T00:00,24.3,72,980.4,New_Delhi,28.6139,77.209
2023-06-02T01:00,24.1,71,981.1,New_Delhi,28.6139,77.209
2023-06-02T02:00,22.9,76,980.4,New_Delhi,28.6139,77.209
2023-06-02T03:00,22.5,83,979,New_Delhi,28.6139,77.209
2023-06-02T04:00,22,86,980.6,New_Delhi,28.6139,77.209
2023-06-02T05:00,23.2,75,981.4,New_Delhi,28.6139,77.209
2023-06-02T06:00,23.8,74,982.5,New_Delhi,28.6139,77.209
2023-06-02T07:00,24.7,62,982.9,New_Delhi,28.6139,77.209
2023-06-02T08:00,26.1,55,983.3,New_Delhi,28.6139,77.209
2023-06-02T09:00,27.9,47,983.9,New_Delhi,28.6139,77.209
2023-06-02T10:00,29.7,41,984,New_Delhi,28.6139,77.209
2023-06-02T11:00,31.1,38,983.4,New_Delhi,28.6139,77.209
2023-06-02T12:00,32,38,982.8,New_Delhi,28.6139,77.209
2023-06-02T13:00,32.6,37,981.9,New_Delhi,28.6139,77.209
2023-06-02T14:00,33,37,981.1,New_Delhi,28.6139,77.209
2023-06-02T15:00,32.9,37,980.5,New_Delhi,28.6139,77.209
2023-06-02T16:00,32.4,39,980.4,New_Delhi,28.6139,77.209
2023-06-02T17:00,30.6,46,981,New_Delhi,28.6139,77.209
2023-06-02T18:00,30.3,47,980.9,New_Delhi,28.6139,77.209
2023-06-02T19:00,28.5,55,981.2,New_Delhi,28.6139,77.209
2023-06-02T20:00,27.7,58,981.2,New_Delhi,28.6139,77.209
2023-06-02T21:00,27,58,981.5,New_Delhi,28.6139,77.209
2023-06-02T22:00,25.8,62,981.7,New_Delhi,28.6139,77.209
2023-06-02T23:00,24.5,69,981.3,New_Delhi,28.6139,77.209
2023-06-03T00:00,24.7,67,981,New_Delhi,28.6139,77.209
2023-06-03T01:00,23.7,70,980.5,New_Delhi,28.6139,77.209
2023-06-03T02:00,23.3,71,980.3,New_Delhi,28.6139,77.209
2023-06-03T03:00,23,72,980.3,New_Delhi,28.6139,77.209
2023-06-03T04:00,22.7,72,980.5,New_Delhi,28.6139,77.209
2023-06-03T05:00,23.7,70,981.1,New_Delhi,28.6139,77.209
2023-06-03T06:00,25,66,982.1,New_Delhi,28.6139,77.209
2023-06-03T07:00,26.5,61,982.9,New_Delhi,28.6139,77.209
2023-06-03T08:00,28.8,53,983.4,New_Delhi,28.6139,77.209
2023-06-03T09:00,30.7,46,983.8,New_Delhi,28.6139,77.209
2023-06-03T10:00,31.9,44,983.8,New_Delhi,28.6139,77.209
2023-06-03T11:00,33,41,983.4,New_Delhi,28.6139,77.209
2023-06-03T12:00,33.9,37,982.5,New_Delhi,28.6139,77.209
2023-06-03T13:00,34.5,35,981.7,New_Delhi,28.6139,77.209
2023-06-03T14:00,34.9,33,981.1,New_Delhi,28.6139,77.209
2023-06-03T15:00,34.8,33,980.7,New_Delhi,28.6139,77.209
2023-06-03T16:00,34.4,34,980.3,New_Delhi,28.6139,77.209
2023-06-03T17:00,34.7,34,980.4,New_Delhi,28.6139,77.209
2023-06-03T18:00,33.3,39,980.7,New_Delhi,28.6139,77.209
2023-06-03T19:00,31.2,45,980.9,New_Delhi,28.6139,77.209
2023-06-03T20:00,30.1,48,980.7,New_Delhi,28.6139,77.209
2023-06-03T21:00,28.8,51,981.1,New_Delhi,28.6139,77.209
2023-06-03T22:00,27.4,55,981.7,New_Delhi,28.6139,77.209
2023-06-03T23:00,26.9,61,981.4,New_Delhi,28.6139,77.209
2023-06-04T00:00,26,67,980.7,New_Delhi,28.6139,77.209
2023-06-04T01:00,24.6,74,980.3,New_Delhi,28.6139,77.209
2023-06-04T02:00,24.5,75,980.1,New_Delhi,28.6139,77.209
2023-06-04T03:00,24.3,75,980.2,New_Delhi,28.6139,77.209
2023-06-04T04:00,23.9,77,980.4,New_Delhi,28.6139,77.209
2023-06-04T05:00,25.1,72,982.6,New_Delhi,28.6139,77.209
2023-06-04T06:00,25.8,70,982.7,New_Delhi,28.6139,77.209
2023-06-04T07:00,27.2,64,983.1,New_Delhi,28.6139,77.209
2023-06-04T08:00,29.5,54,983.1,New_Delhi,28.6139,77.209
2023-06-04T09:00,31.6,46,983.2,New_Delhi,28.6139,77.209
2023-06-04T10:00,33.5,38,982.9,New_Delhi,28.6139,77.209
2023-06-04T11:00,34.8,34,982.5,New_Delhi,28.6139,77.209
2023-06-04T12:00,35.8,33,982,New_Delhi,28.6139,77.209
2023-06-04T13:00,36.2,32,981.2,New_Delhi,28.6139,77.209
2023-06-04T14:00,31.6,49,981.8,New_Delhi,28.6139,77.209
2023-06-04T15:00,33.5,41,980.5,New_Delhi,28.6139,77.209
2023-06-04T16:00,33.8,39,979.7,New_Delhi,28.6139,77.209
2023-06-04T17:00,30.7,59,980.2,New_Delhi,28.6139,77.209
2023-06-04T18:00,30.7,59,979.8,New_Delhi,28.6139,77.209
2023-06-04T19:00,29.8,63,979.9,New_Delhi,28.6139,77.209
2023-06-04T20:00,28.9,65,980.1,New_Delhi,28.6139,77.209
2023-06-04T21:00,27.8,65,980.5,New_Delhi,28.6139,77.209
2023-06-04T22:00,26.9,65,980.9,New_Delhi,28.6139,77.209
2023-06-04T23:00,26.4,67,980.7,New_Delhi,28.6139,77.209
2023-06-05T00:00,26.2,69,980.1,New_Delhi,28.6139,77.209
2023-06-05T01:00,25.8,71,979.5,New_Delhi,28.6139,77.209
2023-06-05T02:00,25.5,73,979.1,New_Delhi,28.6139,77.209
2023-06-05T03:00,25.3,75,979.1,New_Delhi,28.6139,77.209
2023-06-05T04:00,25.1,76,979.4,New_Delhi,28.6139,77.209
2023-06-05T05:00,25.9,73,979.3,New_Delhi,28.6139,77.209
2023-06-05T06:00,27,70,980.3,New_Delhi,28.6139,77.209
2023-06-05T07:00,28.6,62,981,New_Delhi,28.6139,77.209
2023-06-05T08:00,30.6,54,981.3,New_Delhi,28.6139,77.209
2023-06-05T09:00,32.9,44,981.6,New_Delhi,28.6139,77.209
2023-06-05T10:00,34.7,35,981.9,New_Delhi,28.6139,77.209
2023-06-05T11:00,35.9,31,981.6,New_Delhi,28.6139,77.209
2023-06-05T12:00,36.6,28,980.9,New_Delhi,28.6139,77.209
2023-06-05T13:00,36.9,28,980,New_Delhi,28.6139,77.209
2023-06-05T14:00,37.1,26,979.1,New_Delhi,28.6139,77.209
2023-06-05T15:00,36.9,27,978.7,New_Delhi,28.6139,77.209
2023-06-05T16:00,36.5,27,978.7,New_Delhi,28.6139,77.209
2023-06-05T17:00,36.6,27,977.8,New_Delhi,28.6139,77.209
2023-06-05T18:00,27.8,57,979.2,New_Delhi,28.6139,77.209
2023-06-05T19:00,28,57,979.9,New_Delhi,28.6139,77.209
2023-06-05T20:00,28.2,57,979.2,New_Delhi,28.6139,77.209
2023-06-05T21:00,27.5,59,979.6,New_Delhi,28.6139,77.209
2023-06-05T22:00,27.2,59,980,New_Delhi,28.6139,77.209
2023-06-05T23:00,27.3,55,979.6,New_Delhi,28.6139,77.209
2023-06-06T00:00,26.8,55,979.1,New_Delhi,28.6139,77.209
2023-06-06T01:00,26.4,55,978.7,New_Delhi,28.6139,77.209
2023-06-06T02:00,26,57,978.4,New_Delhi,28.6139,77.209
2023-06-06T03:00,25.7,58,978.5,New_Delhi,28.6139,77.209
2023-06-06T04:00,25.2,61,978.6,New_Delhi,28.6139,77.209
2023-06-06T05:00,24.1,70,979.9,New_Delhi,28.6139,77.209
2023-06-06T06:00,26.3,61,980.4,New_Delhi,28.6139,77.209
2023-06-06T07:00,28.3,55,981.3,New_Delhi,28.6139,77.209
2023-06-06T08:00,31.2,46,981.6,New_Delhi,28.6139,77.209
2023-06-06T09:00,34.2,36,981.9,New_Delhi,28.6139,77.209
2023-06-06T10:00,36.2,30,981.9,New_Delhi,28.6139,77.209
2023-06-06T11:00,37.5,25,981.2,New_Delhi,28.6139,77.209
2023-06-06T12:00,38.2,22,980.6,New_Delhi,28.6139,77.209
2023-06-06T13:00,38.8,20,979.7,New_Delhi,28.6139,77.209
2023-06-06T14:00,37.8,20,979,New_Delhi,28.6139,77.209
2023-06-06T15:00,37.4,21,978.3,New_Delhi,28.6139,77.209
2023-06-06T16:00,37.3,20,978,New_Delhi,28.6139,77.209
2023-06-06T17:00,35.2,32,978,New_Delhi,28.6139,77.209
2023-06-06T18:00,33,38,978.3,New_Delhi,28.6139,77.209
2023-06-06T19:00,32.5,39,978.5,New_Delhi,28.6139,77.209
2023-06-06T20:00,30.5,45,978.9,New_Delhi,28.6139,77.209
2023-06-06T21:00,29.1,52,979,New_Delhi,28.6139,77.209
2023-06-06T22:00,28.5,53,979.4,New_Delhi,28.6139,77.209
2023-06-06T23:00,27.7,55,979.3,New_Delhi,28.6139,77.209
2023-06-07T00:00,27.2,57,979,New_Delhi,28.6139,77.209
2023-06-07T01:00,26.7,54,978.9,New_Delhi,28.6139,77.209
2023-06-07T02:00,25.9,56,978.8,New_Delhi,28.6139,77.209
2023-06-07T03:00,25.4,57,978.9,New_Delhi,28.6139,77.209
2023-06-07T04:00,25,59,979,New_Delhi,28.6139,77.209
2023-06-07T05:00,25.7,58,979.4,New_Delhi,28.6139,77.209
2023-06-07T06:00,27.1,52,980.3,New_Delhi,28.6139,77.209
2023-06-07T07:00,29.3,46,981.1,New_Delhi,28.6139,77.209
2023-06-07T08:00,32,39,981.3,New_Delhi,28.6139,77.209
2023-06-07T09:00,34.4,33,981.2,New_Delhi,28.6139,77.209
2023-06-07T10:00,36.1,28,981.1,New_Delhi,28.6139,77.209
2023-06-07T11:00,37.4,24,980.7,New_Delhi,28.6139,77.209
2023-06-07T12:00,38.1,21,980.3,New_Delhi,28.6139,77.209
2023-06-07T13:00,38.2,20,979.7,New_Delhi,28.6139,77.209
2023-06-07T14:00,38.4,20,978.9,New_Delhi,28.6139,77.209
2023-06-07T15:00,37.3,22,978.3,New_Delhi,28.6139,77.209
2023-06-07T16:00,36.6,23,978,New_Delhi,28.6139,77.209
2023-06-07T17:00,37.5,21,977.8,New_Delhi,28.6139,77.209
2023-06-07T18:00,36.1,24,978.3,New_Delhi,28.6139,77.209
2023-06-07T19:00,33.9,28,978.3,New_Delhi,28.6139,77.209
2023-06-07T20:00,32.4,32,978.9,New_Delhi,28.6139,77.209
2023-06-07T21:00,30.8,36,979.4,New_Delhi,28.6139,77.209
2023-06-07T22:00,29.7,39,979.9,New_Delhi,28.6139,77.209
2023-06-07T23:00,29.1,40,979.8,New_Delhi,28.6139,77.209
2023-06-08T00:00,28.2,42,979.3,New_Delhi,28.6139,77.209
2023-06-08T01:00,26.9,46,978.8,New_Delhi,28.6139,77.209
2023-06-08T02:00,26.3,49,978.6,New_Delhi,28.6139,77.209
2023-06-08T03:00,25.7,50,978.6,New_Delhi,28.6139,77.209
2023-06-08T04:00,25.1,52,979.1,New_Delhi,28.6139,77.209
2023-06-08T05:00,25.8,55,979.9,New_Delhi,28.6139,77.209
2023-06-08T06:00,27.7,51,980.4,New_Delhi,28.6139,77.209
2023-06-08T07:00,29.6,49,981,New_Delhi,28.6139,77.209
2023-06-08T08:00,32.3,43,981.4,New_Delhi,28.6139,77.209
2023-06-08T09:00,34.8,35,981.4,New_Delhi,28.6139,77.209
2023-06-08T10:00,36.5,29,981.3,New_Delhi,28.6139,77.209
2023-06-08T11:00,38,25,980.7,New_Delhi,28.6139,77.209
2023-06-08T12:00,38.8,23,979.9,New_Delhi,28.6139,77.209
2023-06-08T13:00,39.3,22,979.2,New_Delhi,28.6139,77.209
2023-06-08T14:00,39.3,22,978.5,New_Delhi,28.6139,77.209
2023-06-08T15:00,38.9,22,978,New_Delhi,28.6139,77.209
2023-06-08T16:00,38.2,23,977.4,New_Delhi,28.6139,77.209
2023-06-08T17:00,37.4,23,977.2,New_Delhi,28.6139,77.209
2023-06-08T18:00,37.4,21,976.3,New_Delhi,28.6139,77.209
2023-06-08T19:00,34.9,25,976.5,New_Delhi,28.6139,77.209
2023-06-08T20:00,33.6,28,977.3,New_Delhi,28.6139,77.209
2023-06-08T21:00,31.7,31,977.5,New_Delhi,28.6139,77.209
2023-06-08T22:00,29.9,36,977.4,New_Delhi,28.6139,77.209
2023-06-08T23:00,29.4,37,977.1,New_Delhi,28.6139,77.209
2023-06-09T00:00,28.9,37,976.7,New_Delhi,28.6139,77.209
2023-06-09T01:00,28.4,39,976.4,New_Delhi,28.6139,77.209
2023-06-09T02:00,27.8,41,976.2,New_Delhi,28.6139,77.209
2023-06-09T03:00,27,45,976.1,New_Delhi,28.6139,77.209
2023-06-09T04:00,26.4,47,976.1,New_Delhi,28.6139,77.209
2023-06-09T05:00,26,49,976.4,New_Delhi,28.6139,77.209
2023-06-09T06:00,29.1,51,977.8,New_Delhi,28.6139,77.209
2023-06-09T07:00,31.5,44,978,New_Delhi,28.6139,77.209
2023-06-09T08:00,33.7,38,978.7,New_Delhi,28.6139,77.209
2023-06-09T09:00,36,33,978.8,New_Delhi,28.6139,77.209
2023-06-09T10:00,37.8,29,978.4,New_Delhi,28.6139,77.209
2023-06-09T11:00,39.1,27,977.7,New_Delhi,28.6139,77.209
2023-06-09T12:00,40.1,24,976.8,New_Delhi,28.6139,77.209
2023-06-09T13:00,40.8,22,976,New_Delhi,28.6139,77.209
2023-06-09T14:00,40.4,22,974.9,New_Delhi,28.6139,77.209
2023-06-09T15:00,40.7,22,973.9,New_Delhi,28.6139,77.209
2023-06-09T16:00,40.7,21,973.2,New_Delhi,28.6139,77.209
2023-06-09T17:00,39.7,21,973,New_Delhi,28.6139,77.209
2023-06-09T18:00,38.4,27,973.9,New_Delhi,28.6139,77.209
2023-06-09T19:00,36,32,974.3,New_Delhi,28.6139,77.209
2023-06-09T20:00,34.5,35,974.4,New_Delhi,28.6139,77.209
2023-06-09T21:00,33.3,38,974.8,New_Delhi,28.6139,77.209
2023-06-09T22:00,32.5,41,974.8,New_Delhi,28.6139,77.209
2023-06-09T23:00,32.1,41,974.5,New_Delhi,28.6139,77.209
2023-06-10T00:00,31.3,42,974.2,New_Delhi,28.6139,77.209
2023-06-10T01:00,30.7,43,973.7,New_Delhi,28.6139,77.209
2023-06-10T02:00,30,46,973.8,New_Delhi,28.6139,77.209
2023-06-10T03:00,29.3,48,973.9,New_Delhi,28.6139,77.209
2023-06-10T04:00,28.8,50,974.2,New_Delhi,28.6139,77.209
2023-06-10T05:00,30.7,48,975.1,New_Delhi,28.6139,77.209
2023-06-10T06:00,26.5,65,976.5,New_Delhi,28.6139,77.209
2023-06-10T07:00,30.1,52,976.6,New_Delhi,28.6139,77.209
2023-06-10T08:00,34.7,37,976.7,New_Delhi,28.6139,77.209
2023-06-10T09:00,36.5,34,976.8,New_Delhi,28.6139,77.209
2023-06-10T10:00,37.7,34,976.8,New_Delhi,28.6139,77.209
2023-06-10T11:00,39.5,29,976.3,New_Delhi,28.6139,77.209
2023-06-10T12:00,40.4,26,975.6,New_Delhi,28.6139,77.209
2023-06-10T13:00,39.8,26,975.3,New_Delhi,28.6139,77.209
2023-06-10T14:00,39.1,29,974.4,New_Delhi,28.6139,77.209
2023-06-10T15:00,39.4,26,973.7,New_Delhi,28.6139,77.209
2023-06-10T16:00,38.9,27,973.7,New_Delhi,28.6139,77.209
2023-06-10T17:00,39.1,23,973,New_Delhi,28.6139,77.209
2023-06-10T18:00,37.6,28,973.5,New_Delhi,28.6139,77.209
2023-06-10T19:00,36.1,32,973.9,New_Delhi,28.6139,77.209
2023-06-10T20:00,34.6,36,974.5,New_Delhi,28.6139,77.209
2023-06-10T21:00,32.7,42,975.1,New_Delhi,28.6139,77.209
2023-06-10T22:00,31.6,49,975.2,New_Delhi,28.6139,77.209
2023-06-10T23:00,31,53,975,New_Delhi,28.6139,77.209
2023-06-11T00:00,30.2,56,974.7,New_Delhi,28.6139,77.209
2023-06-11T01:00,29.5,59,974.3,New_Delhi,28.6139,77.209
2023-06-11T02:00,29.1,60,974.4,New_Delhi,28.6139,77.209
2023-06-11T03:00,28.8,61,974.4,New_Delhi,28.6139,77.209
2023-06-11T04:00,28.9,56,974.5,New_Delhi,28.6139,77.209
2023-06-11T05:00,28.2,65,975.4,New_Delhi,28.6139,77.209
2023-06-11T06:00,28.9,63,976.4,New_Delhi,28.6139,77.209
2023-06-11T07:00,30.5,58,976.9,New_Delhi,28.6139,77.209
2023-06-11T08:00,33.1,51,977.2,New_Delhi,28.6139,77.209
2023-06-11T09:00,34.8,43,977.3,New_Delhi,28.6139,77.209
2023-06-11T10:00,36.5,36,977.2,New_Delhi,28.6139,77.209
2023-06-11T11:00,37.8,33,976.6,New_Delhi,28.6139,77.209
2023-06-11T12:00,38.6,32,975.8,New_Delhi,28.6139,77.209
2023-06-11T13:00,39,31,974.9,New_Delhi,28.6139,77.209
2023-06-11T14:00,39.2,31,973.6,New_Delhi,28.6139,77.209
2023-06-11T15:00,39.1,31,973,New_Delhi,28.6139,77.209
2023-06-11T16:00,38.9,31,972.7,New_Delhi,28.6139,77.209
2023-06-11T17:00,37.2,33,973.4,New_Delhi,28.6139,77.209
2023-06-11T18:00,36.4,34,973.8,New_Delhi,28.6139,77.209
2023-06-11T19:00,35.1,37,974.1,New_Delhi,28.6139,77.209
2023-06-11T20:00,34.2,41,974.4,New_Delhi,28.6139,77.209
2023-06-11T21:00,33.3,45,975,New_Delhi,28.6139,77.209
2023-06-11T22:00,32.6,48,975.3,New_Delhi,28.6139,77.209
2023-06-11T23:00,32,51,974.9,New_Delhi,28.6139,77.209
2023-06-12T00:00,31.3,54,974.5,New_Delhi,28.6139,77.209
2023-06-12T01:00,30.5,57,974.1,New_Delhi,28.6139,77.209
2023-06-12T02:00,29.9,59,974.3,New_Delhi,28.6139,77.209
2023-06-12T03:00,29.4,62,974.3,New_Delhi,28.6139,77.209
2023-06-12T04:00,29,63,974.6,New_Delhi,28.6139,77.209
2023-06-12T05:00,29,65,974.8,New_Delhi,28.6139,77.209
2023-06-12T06:00,29.8,63,975.4,New_Delhi,28.6139,77.209
2023-06-12T07:00,31.5,58,975.8,New_Delhi,28.6139,77.209
2023-06-12T08:00,33.8,51,976.3,New_Delhi,28.6139,77.209
2023-06-12T09:00,35.8,44,976.4,New_Delhi,28.6139,77.209
2023-06-12T10:00,37.3,39,976.1,New_Delhi,28.6139,77.209
2023-06-12T11:00,38.4,35,975.8,New_Delhi,28.6139,77.209
2023-06-12T12:00,39.3,33,975.3,New_Delhi,28.6139,77.209
2023-06-12T13:00,40.4,29,974.5,New_Delhi,28.6139,77.209
2023-06-12T14:00,41,27,973.8,New_Delhi,28.6139,77.209
2023-06-12T15:00,40.9,26,973.1,New_Delhi,28.6139,77.209
2023-06-12T16:00,40.5,25,972.9,New_Delhi,28.6139,77.209
2023-06-12T17:00,38.1,31,972.9,New_Delhi,28.6139,77.209
2023-06-12T18:00,37.8,31,973.2,New_Delhi,28.6139,77.209
2023-06-12T19:00,36.5,34,973.3,New_Delhi,28.6139,77.209
2023-06-12T20:00,35.4,40,974,New_Delhi,28.6139,77.209
2023-06-12T21:00,34.7,44,974.4,New_Delhi,28.6139,77.209
2023-06-12T22:00,34,46,975.1,New_Delhi,28.6139,77.209
2023-06-12T23:00,33.3,47,975.2,New_Delhi,28.6139,77.209
2023-06-13T00:00,32.6,48,975,New_Delhi,28.6139,77.209
2023-06-13T01:00,31.8,50,974.7,New_Delhi,28.6139,77.209
2023-06-13T02:00,31.2,51,974.6,New_Delhi,28.6139,77.209
2023-06-13T03:00,30.4,53,974.7,New_Delhi,28.6139,77.209
2023-06-13T04:00,30.2,50,975,New_Delhi,28.6139,77.209
2023-06-13T05:00,30.6,60,974.9,New_Delhi,28.6139,77.209
2023-06-13T06:00,31.8,54,975.6,New_Delhi,28.6139,77.209
2023-06-13T07:00,33.6,46,976.3,New_Delhi,28.6139,77.209
2023-06-13T08:00,36,37,976.8,New_Delhi,28.6139,77.209
2023-06-13T09:00,37.1,34,977.1,New_Delhi,28.6139,77.209
2023-06-13T10:00,38.3,32,976.7,New_Delhi,28.6139,77.209
2023-06-13T11:00,39.8,29,976.2,New_Delhi,28.6139,77.209
2023-06-13T12:00,41.1,25,975.4,New_Delhi,28.6139,77.209
2023-06-13T13:00,41.5,23,974.2,New_Delhi,28.6139,77.209
2023-06-13T14:00,41.9,20,973.1,New_Delhi,28.6139,77.209
2023-06-13T15:00,41.6,18,972.2,New_Delhi,28.6139,77.209
2023-06-13T16:00,41,18,972,New_Delhi,28.6139,77.209
2023-06-13T17:00,41.1,20,971.5,New_Delhi,28.6139,77.209
2023-06-13T18:00,39.9,22,971.8,New_Delhi,28.6139,77.209
2023-06-13T19:00,37.7,26,972.5,New_Delhi,28.6139,77.209
2023-06-13T20:00,36.2,29,973,New_Delhi,28.6139,77.209
2023-06-13T21:00,35.3,29,973.9,New_Delhi,28.6139,77.209
2023-06-13T22:00,35,30,974.5,New_Delhi,28.6139,77.209
2023-06-13T23:00,34.5,32,974.8,New_Delhi,28.6139,77.209
2023-06-14T00:00,33.7,36,974.6,New_Delhi,28.6139,77.209
2023-06-14T01:00,33,39,974.5,New_Delhi,28.6139,77.209
2023-06-14T02:00,32,41,974.3,New_Delhi,28.6139,77.209
2023-06-14T03:00,31.4,41,974.5,New_Delhi,28.6139,77.209
2023-06-14T04:00,31.4,41,974.9,New_Delhi,28.6139,77.209
2023-06-14T05:00,30.7,49,975.2,New_Delhi,28.6139,77.209
2023-06-14T06:00,31.5,46,976.4,New_Delhi,28.6139,77.209
2023-06-14T07:00,33.1,42,977,New_Delhi,28.6139,77.209
2023-06-14T08:00,34.8,41,977.5,New_Delhi,28.6139,77.209
2023-06-14T09:00,36.6,40,977.6,New_Delhi,28.6139,77.209
2023-06-14T10:00,38.2,35,977.5,New_Delhi,28.6139,77.209
2023-06-14T11:00,39.2,31,977.3,New_Delhi,28.6139,77.209
2023-06-14T12:00,40.2,27,976.4,New_Delhi,28.6139,77.209
2023-06-14T13:00,40.5,26,975.5,New_Delhi,28.6139,77.209
2023-06-14T14:00,40.4,26,974.7,New_Delhi,28.6139,77.209
2023-06-14T15:00,40.2,25,974.2,New_Delhi,28.6139,77.209
2023-06-14T16:00,39.2,27,973.9,New_Delhi,28.6139,77.209
2023-06-14T17:00,38,31,973.6,New_Delhi,28.6139,77.209
2023-06-14T18:00,37.5,32,973.7,New_Delhi,28.6139,77.209
2023-06-14T19:00,37.2,32,974.2,New_Delhi,28.6139,77.209
2023-06-14T20:00,35.8,35,975.2,New_Delhi,28.6139,77.209
2023-06-14T21:00,35,37,976,New_Delhi,28.6139,77.209
2023-06-14T22:00,33.7,42,976,New_Delhi,28.6139,77.209
2023-06-14T23:00,32.9,44,976,New_Delhi,28.6139,77.209
2023-06-15T00:00,32.2,46,975.7,New_Delhi,28.6139,77.209
2023-06-15T01:00,31.6,48,975.2,New_Delhi,28.6139,77.209
2023-06-15T02:00,31.3,48,975,New_Delhi,28.6139,77.209
2023-06-15T03:00,31.2,47,975,New_Delhi,28.6139,77.209
2023-06-15T04:00,31.7,45,975.5,New_Delhi,28.6139,77.209
2023-06-15T05:00,31,52,975.6,New_Delhi,28.6139,77.209
2023-06-15T06:00,32,48,976.5,New_Delhi,28.6139,77.209
2023-06-15T07:00,33.3,43,977.5,New_Delhi,28.6139,77.209
2023-06-15T08:00,32.3,48,978.8,New_Delhi,28.6139,77.209
2023-06-15T09:00,33.5,45,979.5,New_Delhi,28.6139,77.209
2023-06-15T10:00,35.2,41,979.3,New_Delhi,28.6139,77.209
2023-06-15T11:00,36.3,38,978.8,New_Delhi,28.6139,77.209
2023-06-15T12:00,36.3,38,978.2,New_Delhi,28.6139,77.209
2023-06-15T13:00,37,36,977.3,New_Delhi,28.6139,77.209
2023-06-15T14:00,37.2,36,976.8,New_Delhi,28.6139,77.209
2023-06-15T15:00,37.4,36,976.1,New_Delhi,28.6139,77.209
2023-06-15T16:00,37,35,975.5,New_Delhi,28.6139,77.209
2023-06-15T17:00,34.3,43,976.6,New_Delhi,28.6139,77.209
2023-06-15T18:00,33.4,51,975.9,New_Delhi,28.6139,77.209
2023-06-15T19:00,32.1,58,976.1,New_Delhi,28.6139,77.209
2023-06-15T20:00,31.1,62,976.4,New_Delhi,28.6139,77.209
2023-06-15T21:00,30.5,64,976.9,New_Delhi,28.6139,77.209
2023-06-15T22:00,30.3,63,977.4,New_Delhi,28.6139,77.209
2023-06-15T23:00,30.3,56,977.3,New_Delhi,28.6139,77.209
2023-06-16T00:00,29.8,55,976.9,New_Delhi,28.6139,77.209
2023-06-16T01:00,29.4,56,976.5,New_Delhi,28.6139,77.209
2023-06-16T02:00,29,58,976.4,New_Delhi,28.6139,77.209
2023-06-16T03:00,28.6,60,976.4,New_Delhi,28.6139,77.209
2023-06-16T04:00,28.8,60,976.8,New_Delhi,28.6139,77.209
2023-06-16T05:00,27.4,66,977,New_Delhi,28.6139,77.209
2023-06-16T06:00,27.4,70,977.2,New_Delhi,28.6139,77.209
2023-06-16T07:00,30.2,58,977.7,New_Delhi,28.6139,77.209
2023-06-16T08:00,32.4,50,978.4,New_Delhi,28.6139,77.209
2023-06-16T09:00,33.9,45,978.4,New_Delhi,28.6139,77.209
2023-06-16T10:00,35.6,39,978,New_Delhi,28.6139,77.209
2023-06-16T11:00,36.8,36,977.4,New_Delhi,28.6139,77.209
2023-06-16T12:00,37.7,34,976.9,New_Delhi,28.6139,77.209
2023-06-16T13:00,38.7,32,976.2,New_Delhi,28.6139,77.209
2023-06-16T14:00,33.4,47,977,New_Delhi,28.6139,77.209
2023-06-16T15:00,30.4,64,976.2,New_Delhi,28.6139,77.209
2023-06-16T16:00,32.5,55,975.7,New_Delhi,28.6139,77.209
2023-06-16T17:00,35.5,42,975.4,New_Delhi,28.6139,77.209
2023-06-16T18:00,34.7,44,975.7,New_Delhi,28.6139,77.209
2023-06-16T19:00,33.3,48,976.1,New_Delhi,28.6139,77.209
2023-06-16T20:00,32.6,51,976.6,New_Delhi,28.6139,77.209
2023-06-16T21:00,32.3,52,977.1,New_Delhi,28.6139,77.209
2023-06-16T22:00,32.2,54,977.3,New_Delhi,28.6139,77.209
2023-06-16T23:00,31.5,57,977.1,New_Delhi,28.6139,77.209
2023-06-17T00:00,30.7,60,976.7,New_Delhi,28.6139,77.209
2023-06-17T01:00,30.2,61,976.1,New_Delhi,28.6139,77.209
2023-06-17T02:00,29.6,63,975.8,New_Delhi,28.6139,77.209
2023-06-17T03:00,29.2,65,975.9,New_Delhi,28.6139,77.209
2023-06-17T04:00,29.1,67,976.5,New_Delhi,28.6139,77.209
2023-06-17T05:00,26.3,82,976.6,New_Delhi,28.6139,77.209
2023-06-17T06:00,28,78,977.5,New_Delhi,28.6139,77.209
2023-06-17T07:00,29.4,70,978.1,New_Delhi,28.6139,77.209
2023-06-17T08:00,32.2,56,978.5,New_Delhi,28.6139,77.209
2023-06-17T09:00,34.5,45,978.9,New_Delhi,28.6139,77.209
2023-06-17T10:00,36.1,40,978.5,New_Delhi,28.6139,77.209
2023-06-17T11:00,37.3,37,978.1,New_Delhi,28.6139,77.209
2023-06-17T12:00,38.2,35,977.5,New_Delhi,28.6139,77.209
2023-06-17T13:00,38.7,33,976.5,New_Delhi,28.6139,77.209
2023-06-17T14:00,39.1,32,975.4,New_Delhi,28.6139,77.209
2023-06-17T15:00,39.3,31,974.7,New_Delhi,28.6139,77.209
2023-06-17T16:00,38.4,33,974,New_Delhi,28.6139,77.209
2023-06-17T17:00,33.8,49,974.4,New_Delhi,28.6139,77.209
2023-06-17T18:00,34.3,46,975.4,New_Delhi,28.6139,77.209
2023-06-17T19:00,33.8,47,975.4,New_Delhi,28.6139,77.209
2023-06-17T20:00,32.7,53,976.3,New_Delhi,28.6139,77.209
2023-06-17T21:00,30.6,65,977.1,New_Delhi,28.6139,77.209
2023-06-17T22:00,30.1,66,977.6,New_Delhi,28.6139,77.209
2023-06-17T23:00,29.2,71,978,New_Delhi,28.6139,77.209
2023-06-18T00:00,28.8,72,977.6,New_Delhi,28.6139,77.209
2023-06-18T01:00,28.8,70,976.9,New_Delhi,28.6139,77.209
2023-06-18T02:00,28.8,70,976.7,New_Delhi,28.6139,77.209
2023-06-18T03:00,28.9,70,976.8,New_Delhi,28.6139,77.209
2023-06-18T04:00,28.6,72,977.2,New_Delhi,28.6139,77.209
2023-06-18T05:00,28.4,83,977,New_Delhi,28.6139,77.209
2023-06-18T06:00,29.6,76,977.7,New_Delhi,28.6139,77.209
2023-06-18T07:00,30.2,71,978.5,New_Delhi,28.6139,77.209
2023-06-18T08:00,30.5,71,978.6,New_Delhi,28.6139,77.209
2023-06-18T09:00,32.2,62,978.5,New_Delhi,28.6139,77.209
2023-06-18T10:00,33.8,55,978.4,New_Delhi,28.6139,77.209
2023-06-18T11:00,35.2,50,978.1,New_Delhi,28.6139,77.209
2023-06-18T12:00,36.5,45,977.2,New_Delhi,28.6139,77.209
2023-06-18T13:00,37.4,41,975.7,New_Delhi,28.6139,77.209
2023-06-18T14:00,37.9,38,974.5,New_Delhi,28.6139,77.209
2023-06-18T15:00,38.7,35,973.8,New_Delhi,28.6139,77.209
2023-06-18T16:00,34.4,48,974,New_Delhi,28.6139,77.209
2023-06-18T17:00,32.6,55,974.5,New_Delhi,28.6139,77.209
2023-06-18T18:00,32.6,55,974.7,New_Delhi,28.6139,77.209
2023-06-18T19:00,32.1,58,975.2,New_Delhi,28.6139,77.209
2023-06-18T20:00,31.6,60,975.8,New_Delhi,28.6139,77.209
2023-06-18T21:00,31.3,60,976.3,New_Delhi,28.6139,77.209
2023-06-18T22:00,30.7,59,976.7,New_Delhi,28.6139,77.209
2023-06-18T23:00,30.1,61,977,New_Delhi,28.6139,77.209
2023-06-19T00:00,29.5,64,976.9,New_Delhi,28.6139,77.209
2023-06-19T01:00,29.1,64,976.1,New_Delhi,28.6139,77.209
2023-06-19T02:00,28.8,65,975.6,New_Delhi,28.6139,77.209
2023-06-19T03:00,28.7,66,975.6,New_Delhi,28.6139,77.209
2023-06-19T04:00,28.7,66,975.6,New_Delhi,28.6139,77.209
2023-06-19T05:00,28.4,75,975.5,New_Delhi,28.6139,77.209
2023-06-19T06:00,28.9,73,976.4,New_Delhi,28.6139,77.209
2023-06-19T07:00,27.7,88,976.8,New_Delhi,28.6139,77.209
2023-06-19T08:00,27.6,88,977.4,New_Delhi,28.6139,77.209
2023-06-19T09:00,27.4,89,977.1,New_Delhi,28.6139,77.209
2023-06-19T10:00,27.6,89,976.6,New_Delhi,28.6139,77.209
2023-06-19T11:00,27.6,88,976.2,New_Delhi,28.6139,77.209
2023-06-19T12:00,28.6,78,975.8,New_Delhi,28.6139,77.209
2023-06-19T13:00,29.6,72,975.2,New_Delhi,28.6139,77.209
2023-06-19T14:00,30.5,67,974.6,New_Delhi,28.6139,77.209
2023-06-19T15:00,32.3,60,974,New_Delhi,28.6139,77.209
2023-06-19T16:00,32.2,58,973.5,New_Delhi,28.6139,77.209
2023-06-19T17:00,31.7,62,973.6,New_Delhi,28.6139,77.209
2023-06-19T18:00,32.1,61,973.8,New_Delhi,28.6139,77.209
2023-06-19T19:00,31.5,65,974.1,New_Delhi,28.6139,77.209
2023-06-19T20:00,31.1,67,974.2,New_Delhi,28.6139,77.209
2023-06-19T21:00,30.6,69,974.5,New_Delhi,28.6139,77.209
2023-06-19T22:00,30.4,68,974.8,New_Delhi,28.6139,77.209
2023-06-19T23:00,30.4,67,974.8,New_Delhi,28.6139,77.209
2023-06-20T00:00,30,67,974.7,New_Delhi,28.6139,77.209
2023-06-20T01:00,29.1,69,974.3,New_Delhi,28.6139,77.209
2023-06-20T02:00,26.2,87,974.3,New_Delhi,28.6139,77.209
2023-06-20T03:00,26.8,85,973.7,New_Delhi,28.6139,77.209
2023-06-20T04:00,27.2,83,974.1,New_Delhi,28.6139,77.209
2023-06-20T05:00,27,81,974.7,New_Delhi,28.6139,77.209
2023-06-20T06:00,27.2,83,975.7,New_Delhi,28.6139,77.209
2023-06-20T07:00,26.1,87,976.6,New_Delhi,28.6139,77.209
2023-06-20T08:00,26.4,83,977.2,New_Delhi,28.6139,77.209
2023-06-20T09:00,28.7,73,977.6,New_Delhi,28.6139,77.209
2023-06-20T10:00,31.7,61,977,New_Delhi,28.6139,77.209
2023-06-20T11:00,33.6,55,976.6,New_Delhi,28.6139,77.209
2023-06-20T12:00,34.3,53,976.2,New_Delhi,28.6139,77.209
2023-06-20T13:00,34.6,51,975.1,New_Delhi,28.6139,77.209
2023-06-20T14:00,35.7,47,973.8,New_Delhi,28.6139,77.209
2023-06-20T15:00,36.5,43,973.3,New_Delhi,28.6139,77.209
2023-06-20T16:00,36.4,42,973.2,New_Delhi,28.6139,77.209
2023-06-20T17:00,34.1,52,974.3,New_Delhi,28.6139,77.209
2023-06-20T18:00,33.4,57,974.6,New_Delhi,28.6139,77.209
2023-06-20T19:00,31.8,70,975,New_Delhi,28.6139,77.209
2023-06-20T20:00,30.8,66,975.7,New_Delhi,28.6139,77.209
2023-06-20T21:00,29.8,68,976.2,New_Delhi,28.6139,77.209
2023-06-20T22:00,29,72,976.7,New_Delhi,28.6139,77.209
2023-06-20T23:00,28.6,74,976.6,New_Delhi,28.6139,77.209
2023-06-21T00:00,28,76,976.6,New_Delhi,28.6139,77.209
2023-06-21T01:00,27.7,78,976.2,New_Delhi,28.6139,77.209
2023-06-21T02:00,26.8,84,976.5,New_Delhi,28.6139,77.209
2023-06-21T03:00,26.8,85,976.1,New_Delhi,28.6139,77.209
2023-06-21T04:00,26.3,86,976.4,New_Delhi,28.6139,77.209
2023-06-21T05:00,28.1,78,976.6,New_Delhi,28.6139,77.209
2023-06-21T06:00,27.6,79,977.1,New_Delhi,28.6139,77.209
2023-06-21T07:00,25.9,91,978,New_Delhi,28.6139,77.209
2023-06-21T08:00,26.1,89,978.7,New_Delhi,28.6139,77.209
2023-06-21T09:00,26.4,89,978.7,New_Delhi,28.6139,77.209
2023-06-21T10:00,25.7,93,979.3,New_Delhi,28.6139,77.209
2023-06-21T11:00,27.1,86,978.2,New_Delhi,28.6139,77.209
2023-06-21T12:00,30.2,75,977.6,New_Delhi,28.6139,77.209
2023-06-21T13:00,31.7,70,976.6,New_Delhi,28.6139,77.209
2023-06-21T14:00,32.9,67,975.4,New_Delhi,28.6139,77.209
2023-06-21T15:00,33.7,64,974.6,New_Delhi,28.6139,77.209
2023-06-21T16:00,34,62,973.9,New_Delhi,28.6139,77.209
2023-06-21T17:00,35.6,53,974,New_Delhi,28.6139,77.209
2023-06-21T18:00,33.2,61,974.5,New_Delhi,28.6139,77.209
2023-06-21T19:00,30.6,73,974.9,New_Delhi,28.6139,77.209
2023-06-21T20:00,30.1,77,975.5,New_Delhi,28.6139,77.209
2023-06-21T21:00,30.3,73,976,New_Delhi,28.6139,77.209
2023-06-21T22:00,30,76,976.2,New_Delhi,28.6139,77.209
2023-06-21T23:00,29.9,76,976.3,New_Delhi,28.6139,77.209
2023-06-22T00:00,29.7,77,976.1,New_Delhi,28.6139,77.209
2023-06-22T01:00,29.5,77,975.7,New_Delhi,28.6139,77.209
2023-06-22T02:00,29.3,76,975.5,New_Delhi,28.6139,77.209
2023-06-22T03:00,28.4,81,975.4,New_Delhi,28.6139,77.209
2023-06-22T04:00,28.2,85,976.2,New_Delhi,28.6139,77.209
2023-06-22T05:00,28.9,83,976.5,New_Delhi,28.6139,77.209
2023-06-22T06:00,27.3,88,978.3,New_Delhi,28.6139,77.209
2023-06-22T07:00,27.1,89,978,New_Delhi,28.6139,77.209
2023-06-22T08:00,30.1,79,978.3,New_Delhi,28.6139,77.209
2023-06-22T09:00,31.7,72,979.1,New_Delhi,28.6139,77.209
2023-06-22T10:00,32.4,68,978.8,New_Delhi,28.6139,77.209
2023-06-22T11:00,32.5,68,978.3,New_Delhi,28.6139,77.209
2023-06-22T12:00,32.6,68,977.5,New_Delhi,28.6139,77.209
2023-06-22T13:00,33.2,67,976.9,New_Delhi,28.6139,77.209
2023-06-22T14:00,34,64,975.9,New_Delhi,28.6139,77.209
2023-06-22T15:00,34.5,61,974.9,New_Delhi,28.6139,77.209
2023-06-22T16:00,33.9,62,975,New_Delhi,28.6139,77.209
2023-06-22T17:00,36.1,52,974.4,New_Delhi,28.6139,77.209
2023-06-22T18:00,34.9,60,974.4,New_Delhi,28.6139,77.209
2023-06-22T19:00,33.5,62,974.6,New_Delhi,28.6139,77.209
2023-06-22T20:00,32.3,67,975.1,New_Delhi,28.6139,77.209
2023-06-22T21:00,31.5,72,975.6,New_Delhi,28.6139,77.209
2023-06-22T22:00,31.3,71,976,New_Delhi,28.6139,77.209
2023-06-22T23:00,30.8,72,975.9,New_Delhi,28.6139,77.209
2023-06-23T00:00,30.2,74,975.9,New_Delhi,28.6139,77.209
2023-06-23T01:00,29.8,73,975.8,New_Delhi,28.6139,77.209
2023-06-23T02:00,29.7,73,975.3,New_Delhi,28.6139,77.209
2023-06-23T03:00,26.1,94,976.6,New_Delhi,28.6139,77.209
2023-06-23T04:00,27.2,87,975.9,New_Delhi,28.6139,77.209
2023-06-23T05:00,27.8,92,976.8,New_Delhi,28.6139,77.209
2023-06-23T06:00,27.5,91,976.6,New_Delhi,28.6139,77.209
2023-06-23T07:00,27.9,89,977.1,New_Delhi,28.6139,77.209
2023-06-23T08:00,29,84,977.9,New_Delhi,28.6139,77.209
2023-06-23T09:00,29.9,80,978.8,New_Delhi,28.6139,77.209
2023-06-23T10:00,30.9,74,978.3,New_Delhi,28.6139,77.209
2023-06-23T11:00,32.7,67,978.2,New_Delhi,28.6139,77.209
2023-06-23T12:00,33.9,63,977.8,New_Delhi,28.6139,77.209
2023-06-23T13:00,34.7,60,977,New_Delhi,28.6139,77.209
2023-06-23T14:00,34.9,60,975.9,New_Delhi,28.6139,77.209
2023-06-23T15:00,35.3,58,975.1,New_Delhi,28.6139,77.209
2023-06-23T16:00,35.4,57,974.8,New_Delhi,28.6139,77.209
2023-06-23T17:00,33.6,68,974.5,New_Delhi,28.6139,77.209
2023-06-23T18:00,32.6,78,974.6,New_Delhi,28.6139,77.209
2023-06-23T19:00,30.8,85,974.9,New_Delhi,28.6139,77.209
2023-06-23T20:00,30.7,83,975.4,New_Delhi,28.6139,77.209
2023-06-23T21:00,30.3,80,975.7,New_Delhi,28.6139,77.209
2023-06-23T22:00,29.9,80,976.2,New_Delhi,28.6139,77.209
2023-06-23T23:00,29.3,85,976.1,New_Delhi,28.6139,77.209
2023-06-24T00:00,29.1,84,975.8,New_Delhi,28.6139,77.209
2023-06-24T01:00,29,84,975,New_Delhi,28.6139,77.209
2023-06-24T02:00,28.4,88,974.7,New_Delhi,28.6139,77.209
2023-06-24T03:00,28.2,89,974.4,New_Delhi,28.6139,77.209
2023-06-24T04:00,27.7,90,976,New_Delhi,28.6139,77.209
2023-06-24T05:00,28.9,79,975.9,New_Delhi,28.6139,77.209
2023-06-24T06:00,27.9,83,977.3,New_Delhi,28.6139,77.209
2023-06-24T07:00,28.2,85,976.5,New_Delhi,28.6139,77.209
2023-06-24T08:00,29,81,977.4,New_Delhi,28.6139,77.209
2023-06-24T09:00,29.4,82,977.4,New_Delhi,28.6139,77.209
2023-06-24T10:00,30.8,75,977,New_Delhi,28.6139,77.209
2023-06-24T11:00,32.2,69,976.8,New_Delhi,28.6139,77.209
2023-06-24T12:00,32.7,67,976.5,New_Delhi,28.6139,77.209
2023-06-24T13:00,33.7,63,975.6,New_Delhi,28.6139,77.209
2023-06-24T14:00,34.3,62,974.9,New_Delhi,28.6139,77.209
2023-06-24T15:00,34.5,60,974,New_Delhi,28.6139,77.209
2023-06-24T16:00,34.5,61,973.3,New_Delhi,28.6139,77.209
2023-06-24T17:00,34.4,59,973.6,New_Delhi,28.6139,77.209
2023-06-24T18:00,33.5,63,974.5,New_Delhi,28.6139,77.209
2023-06-24T19:00,32.3,69,975,New_Delhi,28.6139,77.209
2023-06-24T20:00,31.5,73,975.5,New_Delhi,28.6139,77.209
2023-06-24T21:00,31,75,975.4,New_Delhi,28.6139,77.209
2023-06-24T22:00,30.5,77,975.5,New_Delhi,28.6139,77.209
2023-06-24T23:00,30.2,79,975.7,New_Delhi,28.6139,77.209
2023-06-25T00:00,29.6,83,975.1,New_Delhi,28.6139,77.209
2023-06-25T01:00,29,86,974.5,New_Delhi,28.6139,77.209
2023-06-25T02:00,28.6,89,975,New_Delhi,28.6139,77.209
2023-06-25T03:00,26.6,94,975.5,New_Delhi,28.6139,77.209
2023-06-25T04:00,26.7,96,974.9,New_Delhi,28.6139,77.209
2023-06-25T05:00,26.1,94,976.3,New_Delhi,28.6139,77.209
2023-06-25T06:00,26.2,95,977.6,New_Delhi,28.6139,77.209
2023-06-25T07:00,26.1,95,978.1,New_Delhi,28.6139,77.209
2023-06-25T08:00,26.5,93,978.1,New_Delhi,28.6139,77.209
2023-06-25T09:00,27,93,978.7,New_Delhi,28.6139,77.209
2023-06-25T10:00,27.7,88,978.5,New_Delhi,28.6139,77.209
2023-06-25T11:00,28.7,83,978.2,New_Delhi,28.6139,77.209
2023-06-25T12:00,29.8,77,978.1,New_Delhi,28.6139,77.209
2023-06-25T13:00,30.6,74,977.1,New_Delhi,28.6139,77.209
2023-06-25T14:00,31.3,69,976.3,New_Delhi,28.6139,77.209
2023-06-25T15:00,32,65,975.7,New_Delhi,28.6139,77.209
2023-06-25T16:00,32.3,63,975.1,New_Delhi,28.6139,77.209
2023-06-25T17:00,28.6,81,975.4,New_Delhi,28.6139,77.209
2023-06-25T18:00,27.9,85,975.7,New_Delhi,28.6139,77.209
2023-06-25T19:00,26.8,91,976,New_Delhi,28.6139,77.209
2023-06-25T20:00,26.3,94,976.8,New_Delhi,28.6139,77.209
2023-06-25T21:00,26.1,95,977.5,New_Delhi,28.6139,77.209
2023-06-25T22:00,26,96,978.2,New_Delhi,28.6139,77.209
2023-06-25T23:00,25.8,96,978.4,New_Delhi,28.6139,77.209
2023-06-26T00:00,25.6,97,978.2,New_Delhi,28.6139,77.209
2023-06-26T01:00,25.7,96,977.5,New_Delhi,28.6139,77.209
2023-06-26T02:00,25.5,97,976.8,New_Delhi,28.6139,77.209
2023-06-26T03:00,25.4,97,976.7,New_Delhi,28.6139,77.209
2023-06-26T04:00,25.1,97,976.9,New_Delhi,28.6139,77.209
2023-06-26T05:00,25.3,95,978.2,New_Delhi,28.6139,77.209
2023-06-26T06:00,25.7,93,978.1,New_Delhi,28.6139,77.209
2023-06-26T07:00,26.3,89,979.2,New_Delhi,28.6139,77.209
2023-06-26T08:00,26.8,86,979.2,New_Delhi,28.6139,77.209
2023-06-26T09:00,28.4,78,979.3,New_Delhi,28.6139,77.209
2023-06-26T10:00,30.2,70,979.2,New_Delhi,28.6139,77.209
2023-06-26T11:00,31.2,66,979,New_Delhi,28.6139,77.209
2023-06-26T12:00,32.2,63,978.4,New_Delhi,28.6139,77.209
2023-06-26T13:00,32.4,62,977.4,New_Delhi,28.6139,77.209
2023-06-26T14:00,32.7,61,976.1,New_Delhi,28.6139,77.209
2023-06-26T15:00,32.8,59,975.2,New_Delhi,28.6139,77.209
2023-06-26T16:00,32.8,60,974.8,New_Delhi,28.6139,77.209
2023-06-26T17:00,27.4,89,975.5,New_Delhi,28.6139,77.209
2023-06-26T18:00,27.6,88,975.4,New_Delhi,28.6139,77.209
2023-06-26T19:00,27.1,91,976.1,New_Delhi,28.6139,77.209
2023-06-26T20:00,27,92,976.9,New_Delhi,28.6139,77.209
2023-06-26T21:00,27,92,977.7,New_Delhi,28.6139,77.209
2023-06-26T22:00,26.5,94,978.2,New_Delhi,28.6139,77.209
2023-06-26T23:00,26.2,95,978.4,New_Delhi,28.6139,77.209
2023-06-27T00:00,26,94,977.5,New_Delhi,28.6139,77.209
2023-06-27T01:00,25.4,96,976.6,New_Delhi,28.6139,77.209
2023-06-27T02:00,25.3,96,976.2,New_Delhi,28.6139,77.209
2023-06-27T03:00,25.2,97,976.6,New_Delhi,28.6139,77.209
2023-06-27T04:00,25.4,96,976.4,New_Delhi,28.6139,77.209
2023-06-27T05:00,25.6,94,977,New_Delhi,28.6139,77.209
2023-06-27T06:00,25.7,94,977.1,New_Delhi,28.6139,77.209
2023-06-27T07:00,26.6,91,977.3,New_Delhi,28.6139,77.209
2023-06-27T08:00,27.7,88,977.3,New_Delhi,28.6139,77.209
2023-06-27T09:00,29.4,79,977.7,New_Delhi,28.6139,77.209
2023-06-27T10:00,30.8,75,977.9,New_Delhi,28.6139,77.209
2023-06-27T11:00,31.9,72,977.7,New_Delhi,28.6139,77.209
2023-06-27T12:00,32.7,68,977,New_Delhi,28.6139,77.209
2023-06-27T13:00,33.5,63,975.8,New_Delhi,28.6139,77.209
2023-06-27T14:00,33.6,62,974.8,New_Delhi,28.6139,77.209
2023-06-27T15:00,33.6,62,974.3,New_Delhi,28.6139,77.209
2023-06-27T16:00,32.7,66,974.4,New_Delhi,28.6139,77.209
2023-06-27T17:00,29.5,77,975.3,New_Delhi,28.6139,77.209
2023-06-27T18:00,29.2,77,975.5,New_Delhi,28.6139,77.209
2023-06-27T19:00,28.6,81,976.2,New_Delhi,28.6139,77.209
2023-06-27T20:00,28,83,976.6,New_Delhi,28.6139,77.209
2023-06-27T21:00,27.7,84,977.6,New_Delhi,28.6139,77.209
2023-06-27T22:00,27.4,86,978.4,New_Delhi,28.6139,77.209
2023-06-27T23:00,27.2,88,978.4,New_Delhi,28.6139,77.209
2023-06-28T00:00,26.9,90,978.1,New_Delhi,28.6139,77.209
2023-06-28T01:00,26.8,91,977.8,New_Delhi,28.6139,77.209
2023-06-28T02:00,26.7,91,977.2,New_Delhi,28.6139,77.209
2023-06-28T03:00,26.6,91,977.1,New_Delhi,28.6139,77.209
2023-06-28T04:00,26.5,92,977.4,New_Delhi,28.6139,77.209
2023-06-28T05:00,26.6,89,977.4,New_Delhi,28.6139,77.209
2023-06-28T06:00,26.1,90,978.9,New_Delhi,28.6139,77.209
2023-06-28T07:00,26,88,979.3,New_Delhi,28.6139,77.209
2023-06-28T08:00,27.1,86,979.8,New_Delhi,28.6139,77.209
2023-06-28T09:00,28.7,81,979.6,New_Delhi,28.6139,77.209
2023-06-28T10:00,31,71,979.5,New_Delhi,28.6139,77.209
2023-06-28T11:00,32.2,67,979.2,New_Delhi,28.6139,77.209
2023-06-28T12:00,33,66,978.3,New_Delhi,28.6139,77.209
2023-06-28T13:00,33.5,64,977.3,New_Delhi,28.6139,77.209
2023-06-28T14:00,34,61,976.4,New_Delhi,28.6139,77.209
2023-06-28T15:00,34,60,975.8,New_Delhi,28.6139,77.209
2023-06-28T16:00,32.3,67,975.5,New_Delhi,28.6139,77.209
2023-06-28T17:00,29.2,79,976.6,New_Delhi,28.6139,77.209
2023-06-28T18:00,29.5,81,976.7,New_Delhi,28.6139,77.209
2023-06-28T19:00,29.1,84,976.9,New_Delhi,28.6139,77.209
2023-06-28T20:00,28.7,87,977.6,New_Delhi,28.6139,77.209
2023-06-28T21:00,28.5,88,978.2,New_Delhi,28.6139,77.209
2023-06-28T22:00,28.3,88,979,New_Delhi,28.6139,77.209
2023-06-28T23:00,27.9,89,978.9,New_Delhi,28.6139,77.209
2023-06-29T00:00,27.5,89,978.5,New_Delhi,28.6139,77.209
2023-06-29T01:00,27.3,89,978,New_Delhi,28.6139,77.209
2023-06-29T02:00,27.2,89,977.6,New_Delhi,28.6139,77.209
2023-06-29T03:00,27.1,90,977.2,New_Delhi,28.6139,77.209
2023-06-29T04:00,27,91,977.4,New_Delhi,28.6139,77.209
2023-06-29T05:00,26.7,91,977.4,New_Delhi,28.6139,77.209
2023-06-29T06:00,25.8,93,978.2,New_Delhi,28.6139,77.209
2023-06-29T07:00,26.6,90,978.9,New_Delhi,28.6139,77.209
2023-06-29T08:00,26.2,90,979.7,New_Delhi,28.6139,77.209
2023-06-29T09:00,26.2,89,979.1,New_Delhi,28.6139,77.209
2023-06-29T10:00,28.8,79,979,New_Delhi,28.6139,77.209
2023-06-29T11:00,29.8,76,978.4,New_Delhi,28.6139,77.209
2023-06-29T12:00,30.8,70,977.7,New_Delhi,28.6139,77.209
2023-06-29T13:00,32,65,976.6,New_Delhi,28.6139,77.209
2023-06-29T14:00,32.4,64,975.6,New_Delhi,28.6139,77.209
2023-06-29T15:00,32.3,65,974.9,New_Delhi,28.6139,77.209
2023-06-29T16:00,32.1,64,974.2,New_Delhi,28.6139,77.209
2023-06-29T17:00,30.6,74,974.8,New_Delhi,28.6139,77.209
2023-06-29T18:00,29.6,79,975.2,New_Delhi,28.6139,77.209
2023-06-29T19:00,28.8,83,975.5,New_Delhi,28.6139,77.209
2023-06-29T20:00,28.2,88,975.5,New_Delhi,28.6139,77.209
2023-06-29T21:00,27.7,90,976.2,New_Delhi,28.6139,77.209
2023-06-29T22:00,27.4,92,976.7,New_Delhi,28.6139,77.209
2023-06-29T23:00,27.1,92,976.4,New_Delhi,28.6139,77.209
2023-06-30T00:00,26.2,93,977.2,New_Delhi,28.6139,77.209
2023-06-30T01:00,26.1,93,976.6,New_Delhi,28.6139,77.209
2023-06-30T02:00,25.8,95,976.2,New_Delhi,28.6139,77.209
2023-06-30T03:00,25.3,96,976,New_Delhi,28.6139,77.209
2023-06-30T04:00,25.4,95,976.3,New_Delhi,28.6139,77.209
2023-06-30T05:00,26.8,91,976,New_Delhi,28.6139,77.209
2023-06-30T06:00,27.3,89,976.4,New_Delhi,28.6139,77.209
2023-06-30T07:00,27.4,88,976.3,New_Delhi,28.6139,77.209
2023-06-30T08:00,28.5,82,977,New_Delhi,28.6139,77.209
2023-06-30T09:00,30.1,73,976.8,New_Delhi,28.6139,77.209
2023-06-30T10:00,31.8,66,976.9,New_Delhi,28.6139,77.209
2023-06-30T11:00,32.8,62,976.8,New_Delhi,28.6139,77.209
2023-06-30T12:00,33.5,60,976.4,New_Delhi,28.6139,77.209
2023-06-30T13:00,33.8,59,975.2,New_Delhi,28.6139,77.209
2023-06-30T14:00,33.9,60,974.1,New_Delhi,28.6139,77.209
2023-06-30T15:00,33.8,60,973.2,New_Delhi,28.6139,77.209
2023-06-30T16:00,31.5,70,973.1,New_Delhi,28.6139,77.209
2023-06-30T17:00,28.3,83,974.4,New_Delhi,28.6139,77.209
2023-06-30T18:00,28.2,84,974,New_Delhi,28.6139,77.209
2023-06-30T19:00,27.8,86,974.5,New_Delhi,28.6139,77.209
2023-06-30T20:00,27.5,87,975,New_Delhi,28.6139,77.209
2023-06-30T21:00,27.2,89,975.7,New_Delhi,28.6139,77.209
2023-06-30T22:00,27,90,976,New_Delhi,28.6139,77.209
2023-06-30T23:00,26.8,90,976.1,New_Delhi,28.6139,77.209
2023-07-01T00:00,26.6,90,976.1,New_Delhi,28.6139,77.209
2023-07-01T01:00,26.3,90,975.9,New_Delhi,28.6139,77.209
2023-07-01T02:00,26,91,975.6,New_Delhi,28.6139,77.209
2023-07-01T03:00,25.8,92,975.5,New_Delhi,28.6139,77.209
2023-07-01T04:00,25.5,92,975.5,New_Delhi,28.6139,77.209
2023-07-01T05:00,24.8,92,976,New_Delhi,28.6139,77.209
2023-07-01T06:00,24.6,92,975.6,New_Delhi,28.6139,77.209
2023-07-01T07:00,26.4,85,976.2,New_Delhi,28.6139,77.209
2023-07-01T08:00,28.8,76,976.9,New_Delhi,28.6139,77.209
2023-07-01T09:00,30.4,69,977.2,New_Delhi,28.6139,77.209
2023-07-01T10:00,31.7,65,977.6,New_Delhi,28.6139,77.209
2023-07-01T11:00,32.7,62,977.2,New_Delhi,28.6139,77.209
2023-07-01T12:00,33.5,59,976.6,New_Delhi,28.6139,77.209
2023-07-01T13:00,33.5,60,975.8,New_Delhi,28.6139,77.209
2023-07-01T14:00,33.7,59,974.9,New_Delhi,28.6139,77.209
2023-07-01T15:00,32.8,61,975,New_Delhi,28.6139,77.209
2023-07-01T16:00,32.9,60,974.6,New_Delhi,28.6139,77.209
2023-07-01T17:00,30.7,74,975.1,New_Delhi,28.6139,77.209
2023-07-01T18:00,30,76,975.6,New_Delhi,28.6139,77.209
2023-07-01T19:00,29.3,80,976.5,New_Delhi,28.6139,77.209
2023-07-01T20:00,28.6,83,976.9,New_Delhi,28.6139,77.209
2023-07-01T21:00,28.3,85,977.7,New_Delhi,28.6139,77.209
2023-07-01T22:00,27.9,87,978.4,New_Delhi,28.6139,77.209
2023-07-01T23:00,27.7,88,978.5,New_Delhi,28.6139,77.209
2023-07-02T00:00,27.4,89,978.4,New_Delhi,28.6139,77.209
2023-07-02T01:00,27.1,90,977.8,New_Delhi,28.6139,77.209
2023-07-02T02:00,26.8,91,977.3,New_Delhi,28.6139,77.209
2023-07-02T03:00,26.4,93,977.4,New_Delhi,28.6139,77.209
2023-07-02T04:00,25.9,93,977.6,New_Delhi,28.6139,77.209
2023-07-02T05:00,26.5,94,976.9,New_Delhi,28.6139,77.209
2023-07-02T06:00,26.9,90,977.5,New_Delhi,28.6139,77.209
2023-07-02T07:00,27.9,85,978.2,New_Delhi,28.6139,77.209
2023-07-02T08:00,29.3,79,978.5,New_Delhi,28.6139,77.209
2023-07-02T09:00,30.7,73,978.8,New_Delhi,28.6139,77.209
2023-07-02T10:00,32.1,66,978.7,New_Delhi,28.6139,77.209
2023-07-02T11:00,33.1,61,978,New_Delhi,28.6139,77.209
2023-07-02T12:00,33.9,57,977.3,New_Delhi,28.6139,77.209
2023-07-02T13:00,34.3,55,976.3,New_Delhi,28.6139,77.209
2023-07-02T14:00,35,53,975.3,New_Delhi,28.6139,77.209
2023-07-02T15:00,35.3,51,974.7,New_Delhi,28.6139,77.209
2023-07-02T16:00,35.2,51,974.2,New_Delhi,28.6139,77.209
2023-07-02T17:00,34.2,57,975,New_Delhi,28.6139,77.209
2023-07-02T18:00,33.5,62,975.2,New_Delhi,28.6139,77.209
2023-07-02T19:00,31.7,69,975.7,New_Delhi,28.6139,77.209
2023-07-02T20:00,30.9,72,976.3,New_Delhi,28.6139,77.209
2023-07-02T21:00,30.2,73,976.8,New_Delhi,28.6139,77.209
2023-07-02T22:00,29.6,75,977.5,New_Delhi,28.6139,77.209
2023-07-02T23:00,29.1,77,977.6,New_Delhi,28.6139,77.209
2023-07-03T00:00,28.7,79,977.6,New_Delhi,28.6139,77.209
2023-07-03T01:00,28.4,80,977.5,New_Delhi,28.6139,77.209
2023-07-03T02:00,28.1,80,977.3,New_Delhi,28.6139,77.209
2023-07-03T03:00,27.8,82,977.4,New_Delhi,28.6139,77.209
2023-07-03T04:00,27.6,83,977.6,New_Delhi,28.6139,77.209
2023-07-03T05:00,27.1,89,977,New_Delhi,28.6139,77.209
2023-07-03T06:00,27.9,86,977.1,New_Delhi,28.6139,77.209
2023-07-03T07:00,29.5,79,977.8,New_Delhi,28.6139,77.209
2023-07-03T08:00,30.2,76,978.3,New_Delhi,28.6139,77.209
2023-07-03T09:00,31.4,71,978.4,New_Delhi,28.6139,77.209
2023-07-03T10:00,32.5,68,978.4,New_Delhi,28.6139,77.209
2023-07-03T11:00,33.8,62,977.8,New_Delhi,28.6139,77.209
2023-07-03T12:00,34.7,58,977.4,New_Delhi,28.6139,77.209
2023-07-03T13:00,35.3,55,976.2,New_Delhi,28.6139,77.209
2023-07-03T14:00,35.8,53,975.2,New_Delhi,28.6139,77.209
2023-07-03T15:00,36.1,51,974.4,New_Delhi,28.6139,77.209
2023-07-03T16:00,36.2,49,973.9,New_Delhi,28.6139,77.209
2023-07-03T17:00,36.6,50,973.5,New_Delhi,28.6139,77.209
2023-07-03T18:00,35,60,974.2,New_Delhi,28.6139,77.209
2023-07-03T19:00,30.1,77,975.3,New_Delhi,28.6139,77.209
2023-07-03T20:00,28.6,84,975.3,New_Delhi,28.6139,77.209
2023-07-03T21:00,27.9,85,976.1,New_Delhi,28.6139,77.209
2023-07-03T22:00,28.5,81,976,New_Delhi,28.6139,77.209
2023-07-03T23:00,28.3,82,976,New_Delhi,28.6139,77.209
2023-07-04T00:00,27.8,83,976.5,New_Delhi,28.6139,77.209
2023-07-04T01:00,26.7,87,975.6,New_Delhi,28.6139,77.209
2023-07-04T02:00,26.8,86,975.2,New_Delhi,28.6139,77.209
2023-07-04T03:00,26.5,88,974.4,New_Delhi,28.6139,77.209
2023-07-04T04:00,26.1,93,975.1,New_Delhi,28.6139,77.209
2023-07-04T05:00,28.9,84,974.6,New_Delhi,28.6139,77.209
2023-07-04T06:00,27.6,88,975.5,New_Delhi,28.6139,77.209
2023-07-04T07:00,27.4,84,976.2,New_Delhi,28.6139,77.209
2023-07-04T08:00,29.6,75,975.9,New_Delhi,28.6139,77.209
2023-07-04T09:00,31.8,67,976.2,New_Delhi,28.6139,77.209
2023-07-04T10:00,33.4,63,976.4,New_Delhi,28.6139,77.209
2023-07-04T11:00,34.7,59,976.1,New_Delhi,28.6139,77.209
2023-07-04T12:00,35.6,56,975.6,New_Delhi,28.6139,77.209
2023-07-04T13:00,36.3,53,974.7,New_Delhi,28.6139,77.209
2023-07-04T14:00,36.7,51,973.4,New_Delhi,28.6139,77.209
2023-07-04T15:00,36.7,50,972.3,New_Delhi,28.6139,77.209
2023-07-04T16:00,36.1,51,971.8,New_Delhi,28.6139,77.209
2023-07-04T17:00,31.5,72,973.5,New_Delhi,28.6139,77.209
2023-07-04T18:00,31.8,70,973.7,New_Delhi,28.6139,77.209
2023-07-04T19:00,30.8,75,973.7,New_Delhi,28.6139,77.209
2023-07-04T20:00,29.8,81,974.4,New_Delhi,28.6139,77.209
2023-07-04T21:00,29,83,975.4,New_Delhi,28.6139,77.209
2023-07-04T22:00,28.4,84,976,New_Delhi,28.6139,77.209
2023-07-04T23:00,28.1,85,976.1,New_Delhi,28.6139,77.209
2023-07-05T00:00,27.9,86,975.6,New_Delhi,28.6139,77.209
2023-07-05T01:00,27.8,86,975.3,New_Delhi,28.6139,77.209
2023-07-05T02:00,27.7,88,974.9,New_Delhi,28.6139,77.209
2023-07-05T03:00,27.6,89,974.5,New_Delhi,28.6139,77.209
2023-07-05T04:00,27.3,90,974.3,New_Delhi,28.6139,77.209
2023-07-05T05:00,27.5,91,974.6,New_Delhi,28.6139,77.209
2023-07-05T06:00,25.7,96,975.6,New_Delhi,28.6139,77.209
2023-07-05T07:00,24.4,96,976.5,New_Delhi,28.6139,77.209
2023-07-05T08:00,25.4,94,976.6,New_Delhi,28.6139,77.209
2023-07-05T09:00,27.7,85,976.2,New_Delhi,28.6139,77.209
2023-07-05T10:00,29.7,77,976.3,New_Delhi,28.6139,77.209
2023-07-05T11:00,31.4,71,976.4,New_Delhi,28.6139,77.209
2023-07-05T12:00,31.7,70,975.6,New_Delhi,28.6139,77.209
2023-07-05T13:00,32.2,67,974.5,New_Delhi,28.6139,77.209
2023-07-05T14:00,32.9,63,973.7,New_Delhi,28.6139,77.209
2023-07-05T15:00,33.6,60,973.3,New_Delhi,28.6139,77.209
2023-07-05T16:00,33.3,61,972.2,New_Delhi,28.6139,77.209
2023-07-05T17:00,29.8,80,974,New_Delhi,28.6139,77.209
2023-07-05T18:00,30.3,76,974.5,New_Delhi,28.6139,77.209
2023-07-05T19:00,29.8,78,975,New_Delhi,28.6139,77.209
2023-07-05T20:00,29.2,81,975.5,New_Delhi,28.6139,77.209
2023-07-05T21:00,28.8,82,976.1,New_Delhi,28.6139,77.209
2023-07-05T22:00,28.4,82,976.4,New_Delhi,28.6139,77.209
2023-07-05T23:00,28.1,84,976.8,New_Delhi,28.6139,77.209
2023-07-06T00:00,27.8,85,976.7,New_Delhi,28.6139,77.209
2023-07-06T01:00,27.4,87,976.7,New_Delhi,28.6139,77.209
2023-07-06T02:00,27,89,976.7,New_Delhi,28.6139,77.209
2023-07-06T03:00,26.7,91,976.3,New_Delhi,28.6139,77.209
2023-07-06T04:00,26.4,92,976.1,New_Delhi,28.6139,77.209
2023-07-06T05:00,25.6,93,976.1,New_Delhi,28.6139,77.209
2023-07-06T06:00,25.3,90,976.8,New_Delhi,28.6139,77.209
2023-07-06T07:00,26.4,86,977.3,New_Delhi,28.6139,77.209
2023-07-06T08:00,27.2,80,978,New_Delhi,28.6139,77.209
2023-07-06T09:00,29,74,978.5,New_Delhi,28.6139,77.209
2023-07-06T10:00,29.7,73,978.5,New_Delhi,28.6139,77.209
2023-07-06T11:00,31,69,978.2,New_Delhi,28.6139,77.209
2023-07-06T12:00,32.3,62,977.6,New_Delhi,28.6139,77.209
2023-07-06T13:00,33.1,59,977,New_Delhi,28.6139,77.209
2023-07-06T14:00,33,59,976.3,New_Delhi,28.6139,77.209
2023-07-06T15:00,33,58,975.4,New_Delhi,28.6139,77.209
2023-07-06T16:00,33.1,59,974.6,New_Delhi,28.6139,77.209
2023-07-06T17:00,30.1,72,975.6,New_Delhi,28.6139,77.209
2023-07-06T18:00,29.7,73,976.2,New_Delhi,28.6139,77.209
2023-07-06T19:00,29.3,74,976.8,New_Delhi,28.6139,77.209
2023-07-06T20:00,29,76,977.2,New_Delhi,28.6139,77.209
2023-07-06T21:00,28.7,77,977.7,New_Delhi,28.6139,77.209
2023-07-06T22:00,28.4,79,978.3,New_Delhi,28.6139,77.209
2023-07-06T23:00,28.4,79,978.4,New_Delhi,28.6139,77.209
2023-07-07T00:00,28.1,81,978.3,New_Delhi,28.6139,77.209
2023-07-07T01:00,27.8,83,977.9,New_Delhi,28.6139,77.209
2023-07-07T02:00,27.6,84,977.3,New_Delhi,28.6139,77.209
2023-07-07T03:00,25.9,93,977.4,New_Delhi,28.6139,77.209
2023-07-07T04:00,26,91,976.8,New_Delhi,28.6139,77.209
2023-07-07T05:00,26,93,977.5,New_Delhi,28.6139,77.209
2023-07-07T06:00,25.2,95,978.4,New_Delhi,28.6139,77.209
2023-07-07T07:00,24.9,95,978.5,New_Delhi,28.6139,77.209
2023-07-07T08:00,27.1,85,979.1,New_Delhi,28.6139,77.209
2023-07-07T09:00,29.1,79,979.4,New_Delhi,28.6139,77.209
2023-07-07T10:00,29.6,78,979.2,New_Delhi,28.6139,77.209
2023-07-07T11:00,30.9,72,979,New_Delhi,28.6139,77.209
2023-07-07T12:00,31.5,70,978.6,New_Delhi,28.6139,77.209
2023-07-07T13:00,31.9,68,977.3,New_Delhi,28.6139,77.209
2023-07-07T14:00,32.8,65,976.2,New_Delhi,28.6139,77.209
2023-07-07T15:00,33.3,60,975,New_Delhi,28.6139,77.209
2023-07-07T16:00,32.8,62,974.8,New_Delhi,28.6139,77.209
2023-07-07T17:00,29.1,83,975.9,New_Delhi,28.6139,77.209
2023-07-07T18:00,27.5,89,976.7,New_Delhi,28.6139,77.209
2023-07-07T19:00,27.8,90,977.3,New_Delhi,28.6139,77.209
2023-07-07T20:00,27.7,91,977.9,New_Delhi,28.6139,77.209
2023-07-07T21:00,27.6,92,978.4,New_Delhi,28.6139,77.209
2023-07-07T22:00,27.6,93,979.1,New_Delhi,28.6139,77.209
2023-07-07T23:00,27.5,93,979.2,New_Delhi,28.6139,77.209
2023-07-08T00:00,27.4,95,978.7,New_Delhi,28.6139,77.209
2023-07-08T01:00,27.1,96,978,New_Delhi,28.6139,77.209
2023-07-08T02:00,26.9,96,977.4,New_Delhi,28.6139,77.209
2023-07-08T03:00,26.1,97,978.1,New_Delhi,28.6139,77.209
2023-07-08T04:00,26.1,96,977.9,New_Delhi,28.6139,77.209
2023-07-08T05:00,26.2,93,978,New_Delhi,28.6139,77.209
2023-07-08T06:00,26.7,94,978.2,New_Delhi,28.6139,77.209
2023-07-08T07:00,27,96,978.9,New_Delhi,28.6139,77.209
2023-07-08T08:00,27.9,90,978.6,New_Delhi,28.6139,77.209
2023-07-08T09:00,28.6,84,978.7,New_Delhi,28.6139,77.209
2023-07-08T10:00,29.6,80,978.9,New_Delhi,28.6139,77.209
2023-07-08T11:00,27.1,86,978.9,New_Delhi,28.6139,77.209
2023-07-08T12:00,26.6,93,978.1,New_Delhi,28.6139,77.209
2023-07-08T13:00,27.6,88,977.2,New_Delhi,28.6139,77.209
2023-07-08T14:00,27.9,87,976.2,New_Delhi,28.6139,77.209
2023-07-08T15:00,29.6,79,976,New_Delhi,28.6139,77.209
2023-07-08T16:00,29.1,79,976,New_Delhi,28.6139,77.209
2023-07-08T17:00,26.9,92,976.3,New_Delhi,28.6139,77.209
2023-07-08T18:00,27,93,976.4,New_Delhi,28.6139,77.209
2023-07-08T19:00,26.8,94,977,New_Delhi,28.6139,77.209
2023-07-08T20:00,26.6,94,977.3,New_Delhi,28.6139,77.209
2023-07-08T21:00,26.3,95,977.9,New_Delhi,28.6139,77.209
2023-07-08T22:00,26.3,95,978,New_Delhi,28.6139,77.209
2023-07-08T23:00,26.1,97,977.7,New_Delhi,28.6139,77.209
2023-07-09T00:00,25.9,96,977.4,New_Delhi,28.6139,77.209
2023-07-09T01:00,25.6,96,976.5,New_Delhi,28.6139,77.209
2023-07-09T02:00,25.6,96,976.4,New_Delhi,28.6139,77.209
2023-07-09T03:00,25.4,96,976,New_Delhi,28.6139,77.209
2023-07-09T04:00,25.1,98,976.2,New_Delhi,28.6139,77.209
2023-07-09T05:00,25.6,94,976.1,New_Delhi,28.6139,77.209
2023-07-09T06:00,25.5,97,976.6,New_Delhi,28.6139,77.209
2023-07-09T07:00,25.5,97,976.9,New_Delhi,28.6139,77.209
2023-07-09T08:00,26.1,93,977.5,New_Delhi,28.6139,77.209
2023-07-09T09:00,25.9,95,978.3,New_Delhi,28.6139,77.209
2023-07-09T10:00,26.1,94,978.7,New_Delhi,28.6139,77.209
2023-07-09T11:00,26.5,90,978.2,New_Delhi,28.6139,77.209
2023-07-09T12:00,27.8,85,977.6,New_Delhi,28.6139,77.209
2023-07-09T13:00,28.5,82,976.8,New_Delhi,28.6139,77.209
2023-07-09T14:00,30.8,74,976.3,New_Delhi,28.6139,77.209
2023-07-09T15:00,30.8,76,975.6,New_Delhi,28.6139,77.209
2023-07-09T16:00,29.8,78,975.5,New_Delhi,28.6139,77.209
2023-07-09T17:00,28.5,86,976.3,New_Delhi,28.6139,77.209
2023-07-09T18:00,28.1,92,976.8,New_Delhi,28.6139,77.209
2023-07-09T19:00,27.5,94,977.1,New_Delhi,28.6139,77.209
2023-07-09T20:00,27.2,95,977.2,New_Delhi,28.6139,77.209
2023-07-09T21:00,27.1,95,977.7,New_Delhi,28.6139,77.209
2023-07-09T22:00,27,96,977.7,New_Delhi,28.6139,77.209
2023-07-09T23:00,26.9,97,977.8,New_Delhi,28.6139,77.209
2023-07-10T00:00,26.8,97,977.7,New_Delhi,28.6139,77.209
2023-07-10T01:00,26.5,97,977.2,New_Delhi,28.6139,77.209
2023-07-10T02:00,26.3,98,976.8,New_Delhi,28.6139,77.209
2023-07-10T03:00,26.2,97,976.7,New_Delhi,28.6139,77.209
2023-07-10T04:00,25.8,96,977.3,New_Delhi,28.6139,77.209
2023-07-10T05:00,26,97,977.2,New_Delhi,28.6139,77.209
2023-07-10T06:00,26,97,977.5,New_Delhi,28.6139,77.209
2023-07-10T07:00,26.3,95,977.6,New_Delhi,28.6139,77.209
2023-07-10T08:00,27.1,92,977.9,New_Delhi,28.6139,77.209
2023-07-10T09:00,28,88,978,New_Delhi,28.6139,77.209
2023-07-10T10:00,29.1,83,978.1,New_Delhi,28.6139,77.209
2023-07-10T11:00,30.9,74,977.8,New_Delhi,28.6139,77.209
2023-07-10T12:00,29.5,77,977.3,New_Delhi,28.6139,77.209
2023-07-10T13:00,30.6,77,977,New_Delhi,28.6139,77.209
2023-07-10T14:00,29.6,80,976,New_Delhi,28.6139,77.209
2023-07-10T15:00,30.1,80,975.4,New_Delhi,28.6139,77.209
2023-07-10T16:00,31,77,974.9,New_Delhi,28.6139,77.209
2023-07-10T17:00,28.1,89,976.1,New_Delhi,28.6139,77.209
2023-07-10T18:00,27.4,93,976.6,New_Delhi,28.6139,77.209
2023-07-10T19:00,26.9,93,976.9,New_Delhi,28.6139,77.209
2023-07-10T20:00,26.5,95,977.1,New_Delhi,28.6139,77.209
2023-07-10T21:00,26.1,97,977.1,New_Delhi,28.6139,77.209
2023-07-10T22:00,26.1,97,977.3,New_Delhi,28.6139,77.209
2023-07-10T23:00,26,98,977.4,New_Delhi,28.6139,77.209
2023-07-11T00:00,25.6,99,977.2,New_Delhi,28.6139,77.209
2023-07-11T01:00,26,98,977,New_Delhi,28.6139,77.209
2023-07-11T02:00,25.9,96,976.5,New_Delhi,28.6139,77.209
2023-07-11T03:00,25.7,97,976.4,New_Delhi,28.6139,77.209
2023-07-11T04:00,25.2,99,976.6,New_Delhi,28.6139,77.209
2023-07-11T05:00,25.6,97,976.9,New_Delhi,28.6139,77.209
2023-07-11T06:00,25.9,95,977.2,New_Delhi,28.6139,77.209
2023-07-11T07:00,26.2,93,977.6,New_Delhi,28.6139,77.209
2023-07-11T08:00,27.1,88,978,New_Delhi,28.6139,77.209
2023-07-11T09:00,28.5,82,978.4,New_Delhi,28.6139,77.209
2023-07-11T10:00,30,75,978.3,New_Delhi,28.6139,77.209
2023-07-11T11:00,31.2,71,977.9,New_Delhi,28.6139,77.209
2023-07-11T12:00,32,67,977.5,New_Delhi,28.6139,77.209
2023-07-11T13:00,32.5,65,976.8,New_Delhi,28.6139,77.209
2023-07-11T14:00,32.9,62,975.6,New_Delhi,28.6139,77.209
2023-07-11T15:00,33.3,60,974.9,New_Delhi,28.6139,77.209
2023-07-11T16:00,33.1,60,974.6,New_Delhi,28.6139,77.209
2023-07-11T17:00,29.5,83,975.8,New_Delhi,28.6139,77.209
2023-07-11T18:00,29.3,83,975.9,New_Delhi,28.6139,77.209
2023-07-11T19:00,28.6,87,976.2,New_Delhi,28.6139,77.209
2023-07-11T20:00,28.1,90,976.6,New_Delhi,28.6139,77.209
2023-07-11T21:00,27.8,92,977.3,New_Delhi,28.6139,77.209
2023-07-11T22:00,27.5,93,977.8,New_Delhi,28.6139,77.209
2023-07-11T23:00,27.2,94,977.8,New_Delhi,28.6139,77.209
2023-07-12T00:00,27,95,977.3,New_Delhi,28.6139,77.209
2023-07-12T01:00,26.6,97,976.6,New_Delhi,28.6139,77.209
2023-07-12T02:00,26.4,98,976.4,New_Delhi,28.6139,77.209
2023-07-12T03:00,26.2,99,976.2,New_Delhi,28.6139,77.209
2023-07-12T04:00,26.1,99,976.3,New_Delhi,28.6139,77.209
2023-07-12T05:00,25.7,99,976.6,New_Delhi,28.6139,77.209
2023-07-12T06:00,25.7,99,976.7,New_Delhi,28.6139,77.209
2023-07-12T07:00,26.7,94,977.5,New_Delhi,28.6139,77.209
2023-07-12T08:00,28,85,977.6,New_Delhi,28.6139,77.209
2023-07-12T09:00,29.7,79,978,New_Delhi,28.6139,77.209
2023-07-12T10:00,30.8,75,977.8,New_Delhi,28.6139,77.209
2023-07-12T11:00,31.6,73,977,New_Delhi,28.6139,77.209
2023-07-12T12:00,32.4,70,976.6,New_Delhi,28.6139,77.209
2023-07-12T13:00,33.1,67,975.7,New_Delhi,28.6139,77.209
2023-07-12T14:00,33.5,65,974.8,New_Delhi,28.6139,77.209
2023-07-12T15:00,33.5,63,974.5,New_Delhi,28.6139,77.209
2023-07-12T16:00,29,85,974.8,New_Delhi,28.6139,77.209
2023-07-12T17:00,30.7,78,975.2,New_Delhi,28.6139,77.209
2023-07-12T18:00,27.6,90,976.2,New_Delhi,28.6139,77.209
2023-07-12T19:00,26.9,94,976.5,New_Delhi,28.6139,77.209
2023-07-12T20:00,26.9,92,976.4,New_Delhi,28.6139,77.209
2023-07-12T21:00,26.9,93,977.2,New_Delhi,28.6139,77.209
2023-07-12T22:00,26.9,95,977.6,New_Delhi,28.6139,77.209
2023-07-12T23:00,26.7,95,977.8,New_Delhi,28.6139,77.209
2023-07-13T00:00,26.5,95,977.5,New_Delhi,28.6139,77.209
2023-07-13T01:00,26.3,97,976.5,New_Delhi,28.6139,77.209
2023-07-13T02:00,26.1,98,975.7,New_Delhi,28.6139,77.209
2023-07-13T03:00,26,98,976.3,New_Delhi,28.6139,77.209
2023-07-13T04:00,26,95,976.4,New_Delhi,28.6139,77.209
2023-07-13T05:00,26.7,95,976.2,New_Delhi,28.6139,77.209
2023-07-13T06:00,26.9,91,976.7,New_Delhi,28.6139,77.209
2023-07-13T07:00,27.6,89,977.2,New_Delhi,28.6139,77.209
2023-07-13T08:00,28.8,84,977.8,New_Delhi,28.6139,77.209
2023-07-13T09:00,29.8,79,978.1,New_Delhi,28.6139,77.209
2023-07-13T10:00,30.9,74,978.1,New_Delhi,28.6139,77.209
2023-07-13T11:00,32.1,69,977.8,New_Delhi,28.6139,77.209
2023-07-13T12:00,32.9,65,977,New_Delhi,28.6139,77.209
2023-07-13T13:00,32.8,66,976.4,New_Delhi,28.6139,77.209
2023-07-13T14:00,33,67,975.6,New_Delhi,28.6139,77.209
2023-07-13T15:00,33.2,66,975,New_Delhi,28.6139,77.209
2023-07-13T16:00,32.2,70,975,New_Delhi,28.6139,77.209
2023-07-13T17:00,31.1,71,975.8,New_Delhi,28.6139,77.209
2023-07-13T18:00,30.5,74,976,New_Delhi,28.6139,77.209
2023-07-13T19:00,29.4,79,976.4,New_Delhi,28.6139,77.209
2023-07-13T20:00,28.6,84,977.1,New_Delhi,28.6139,77.209
2023-07-13T21:00,27.9,88,977.6,New_Delhi,28.6139,77.209
2023-07-13T22:00,27.4,91,978.2,New_Delhi,28.6139,77.209
2023-07-13T23:00,27.1,92,978.4,New_Delhi,28.6139,77.209
2023-07-14T00:00,26.8,92,978.4,New_Delhi,28.6139,77.209
2023-07-14T01:00,26.6,93,978,New_Delhi,28.6139,77.209
2023-07-14T02:00,26.4,95,977.1,New_Delhi,28.6139,77.209
2023-07-14T03:00,26.2,96,977.3,New_Delhi,28.6139,77.209
2023-07-14T04:00,25.9,97,977.9,New_Delhi,28.6139,77.209
2023-07-14T05:00,25.7,93,978.1,New_Delhi,28.6139,77.209
2023-07-14T06:00,26.1,93,978.3,New_Delhi,28.6139,77.209
2023-07-14T07:00,27,87,978.8,New_Delhi,28.6139,77.209
2023-07-14T08:00,28.1,80,979.1,New_Delhi,28.6139,77.209
2023-07-14T09:00,29.5,76,979.4,New_Delhi,28.6139,77.209
2023-07-14T10:00,31,71,979.4,New_Delhi,28.6139,77.209
2023-07-14T11:00,32,68,978.9,New_Delhi,28.6139,77.209
2023-07-14T12:00,32.6,65,978.2,New_Delhi,28.6139,77.209
2023-07-14T13:00,33.3,61,977.4,New_Delhi,28.6139,77.209
2023-07-14T14:00,33.8,59,976.2,New_Delhi,28.6139,77.209
2023-07-14T15:00,33.7,59,975.4,New_Delhi,28.6139,77.209
2023-07-14T16:00,33.7,60,974.8,New_Delhi,28.6139,77.209
2023-07-14T17:00,28,91,975.6,New_Delhi,28.6139,77.209
2023-07-14T18:00,26.2,95,976.8,New_Delhi,28.6139,77.209
2023-07-14T19:00,26.2,93,977.4,New_Delhi,28.6139,77.209
2023-07-14T20:00,26.5,92,977.2,New_Delhi,28.6139,77.209
2023-07-14T21:00,26.7,91,978,New_Delhi,28.6139,77.209
2023-07-14T22:00,26.5,92,978.1,New_Delhi,28.6139,77.209
2023-07-14T23:00,26.4,92,978.5,New_Delhi,28.6139,77.209
2023-07-15T00:00,26.2,95,978.1,New_Delhi,28.6139,77.209
2023-07-15T01:00,26.2,95,977.1,New_Delhi,28.6139,77.209
2023-07-15T02:00,26,95,976.7,New_Delhi,28.6139,77.209
2023-07-15T03:00,26.3,94,976.4,New_Delhi,28.6139,77.209
2023-07-15T04:00,26.1,95,976.8,New_Delhi,28.6139,77.209
2023-07-15T05:00,27,95,977.2,New_Delhi,28.6139,77.209
2023-07-15T06:00,27.5,93,977.8,New_Delhi,28.6139,77.209
2023-07-15T07:00,27.6,92,978.3,New_Delhi,28.6139,77.209
2023-07-15T08:00,28.6,86,978.5,New_Delhi,28.6139,77.209
2023-07-15T09:00,30,80,978.7,New_Delhi,28.6139,77.209
2023-07-15T10:00,31.2,74,978.6,New_Delhi,28.6139,77.209
2023-07-15T11:00,32.3,71,978.2,New_Delhi,28.6139,77.209
2023-07-15T12:00,32.9,69,977.6,New_Delhi,28.6139,77.209
2023-07-15T13:00,33.1,67,976.5,New_Delhi,28.6139,77.209
2023-07-15T14:00,33.3,66,974.9,New_Delhi,28.6139,77.209
2023-07-15T15:00,33.2,66,974.1,New_Delhi,28.6139,77.209
2023-07-15T16:00,28.5,85,975.4,New_Delhi,28.6139,77.209
2023-07-15T17:00,28.2,88,976.2,New_Delhi,28.6139,77.209
2023-07-15T18:00,28.1,90,976.4,New_Delhi,28.6139,77.209
2023-07-15T19:00,27.6,94,977.1,New_Delhi,28.6139,77.209
2023-07-15T20:00,26.8,96,977.5,New_Delhi,28.6139,77.209
2023-07-15T21:00,26.9,97,978.2,New_Delhi,28.6139,77.209
2023-07-15T22:00,26.2,96,979.1,New_Delhi,28.6139,77.209
2023-07-15T23:00,26.1,96,978.8,New_Delhi,28.6139,77.209
2023-07-16T00:00,26,96,978.1,New_Delhi,28.6139,77.209
2023-07-16T01:00,25.5,97,977.3,New_Delhi,28.6139,77.209
2023-07-16T02:00,25.4,96,977.4,New_Delhi,28.6139,77.209
2023-07-16T03:00,25.2,97,977.4,New_Delhi,28.6139,77.209
2023-07-16T04:00,25.2,98,977.6,New_Delhi,28.6139,77.209
2023-07-16T05:00,26.2,96,977.6,New_Delhi,28.6139,77.209
2023-07-16T06:00,26.1,97,977.6,New_Delhi,28.6139,77.209
2023-07-16T07:00,25.8,97,978.1,New_Delhi,28.6139,77.209
2023-07-16T08:00,26.6,94,979,New_Delhi,28.6139,77.209
2023-07-16T09:00,27.9,86,979.1,New_Delhi,28.6139,77.209
2023-07-16T10:00,29.7,76,978.8,New_Delhi,28.6139,77.209
2023-07-16T11:00,30.8,72,978.2,New_Delhi,28.6139,77.209
2023-07-16T12:00,32.1,66,977.8,New_Delhi,28.6139,77.209
2023-07-16T13:00,32.4,67,976.9,New_Delhi,28.6139,77.209
2023-07-16T14:00,32.7,67,975.8,New_Delhi,28.6139,77.209
2023-07-16T15:00,32.9,66,975.2,New_Delhi,28.6139,77.209
2023-07-16T16:00,32.9,66,974.8,New_Delhi,28.6139,77.209
2023-07-16T17:00,30.3,79,975.6,New_Delhi,28.6139,77.209
2023-07-16T18:00,30.6,78,976.3,New_Delhi,28.6139,77.209
2023-07-16T19:00,29.2,88,976.6,New_Delhi,28.6139,77.209
2023-07-16T20:00,28.9,90,976.8,New_Delhi,28.6139,77.209
2023-07-16T21:00,28.2,92,977.6,New_Delhi,28.6139,77.209
2023-07-16T22:00,27.8,95,977.9,New_Delhi,28.6139,77.209
2023-07-16T23:00,27.9,95,977.9,New_Delhi,28.6139,77.209
2023-07-17T00:00,28.3,91,977.7,New_Delhi,28.6139,77.209
2023-07-17T01:00,28.2,91,977.2,New_Delhi,28.6139,77.209
2023-07-17T02:00,27.3,96,976.7,New_Delhi,28.6139,77.209
2023-07-17T03:00,26.9,93,976.5,New_Delhi,28.6139,77.209
2023-07-17T04:00,26.3,96,977.1,New_Delhi,28.6139,77.209
2023-07-17T05:00,27.3,98,976.7,New_Delhi,28.6139,77.209
2023-07-17T06:00,28.3,91,976.8,New_Delhi,28.6139,77.209
2023-07-17T07:00,29,87,977.7,New_Delhi,28.6139,77.209
2023-07-17T08:00,29.7,83,977.9,New_Delhi,28.6139,77.209
2023-07-17T09:00,30.1,80,978.1,New_Delhi,28.6139,77.209
2023-07-17T10:00,29.9,80,977.9,New_Delhi,28.6139,77.209
2023-07-17T11:00,27.4,91,978,New_Delhi,28.6139,77.209
2023-07-17T12:00,30.7,74,976.9,New_Delhi,28.6139,77.209
2023-07-17T13:00,32.1,69,976,New_Delhi,28.6139,77.209
2023-07-17T14:00,32.8,66,974.8,New_Delhi,28.6139,77.209
2023-07-17T15:00,33.1,65,973.8,New_Delhi,28.6139,77.209
2023-07-17T16:00,33.3,63,973.4,New_Delhi,28.6139,77.209
2023-07-17T17:00,30.1,80,974,New_Delhi,28.6139,77.209
2023-07-17T18:00,28.8,85,974.8,New_Delhi,28.6139,77.209
2023-07-17T19:00,28.3,87,975.4,New_Delhi,28.6139,77.209
2023-07-17T20:00,27.7,92,975.8,New_Delhi,28.6139,77.209
2023-07-17T21:00,27.4,92,976.4,New_Delhi,28.6139,77.209
2023-07-17T22:00,27.2,92,977,New_Delhi,28.6139,77.209
2023-07-17T23:00,27.1,92,977,New_Delhi,28.6139,77.209
2023-07-18T00:00,27.1,92,976.7,New_Delhi,28.6139,77.209
2023-07-18T01:00,27.1,93,976,New_Delhi,28.6139,77.209
2023-07-18T02:00,27,95,975.6,New_Delhi,28.6139,77.209
2023-07-18T03:00,26.1,98,975.9,New_Delhi,28.6139,77.209
2023-07-18T04:00,26.2,99,976.2,New_Delhi,28.6139,77.209
2023-07-18T05:00,25.4,94,976.3,New_Delhi,28.6139,77.209
2023-07-18T06:00,26.3,92,976.8,New_Delhi,28.6139,77.209
2023-07-18T07:00,27,90,977.3,New_Delhi,28.6139,77.209
2023-07-18T08:00,28.4,84,978,New_Delhi,28.6139,77.209
2023-07-18T09:00,29.3,80,978.3,New_Delhi,28.6139,77.209
2023-07-18T10:00,29.9,78,978.2,New_Delhi,28.6139,77.209
2023-07-18T11:00,31.5,72,977.4,New_Delhi,28.6139,77.209
2023-07-18T12:00,30.9,71,976.9,New_Delhi,28.6139,77.209
2023-07-18T13:00,31.5,73,976,New_Delhi,28.6139,77.209
2023-07-18T14:00,31.7,70,975.1,New_Delhi,28.6139,77.209
2023-07-18T15:00,29.6,80,974.6,New_Delhi,28.6139,77.209
2023-07-18T16:00,30.7,77,973.9,New_Delhi,28.6139,77.209
2023-07-18T17:00,28.3,87,974.6,New_Delhi,28.6139,77.209
2023-07-18T18:00,27.6,88,975.2,New_Delhi,28.6139,77.209
2023-07-18T19:00,27.1,90,975.7,New_Delhi,28.6139,77.209
2023-07-18T20:00,27,91,976.3,New_Delhi,28.6139,77.209
2023-07-18T21:00,27,92,976.8,New_Delhi,28.6139,77.209
2023-07-18T22:00,26.8,93,977,New_Delhi,28.6139,77.209
2023-07-18T23:00,26.8,94,977,New_Delhi,28.6139,77.209
2023-07-19T00:00,26.8,95,976.7,New_Delhi,28.6139,77.209
2023-07-19T01:00,26.7,96,976.5,New_Delhi,28.6139,77.209
2023-07-19T02:00,26.6,97,976.1,New_Delhi,28.6139,77.209
2023-07-19T03:00,26.4,97,975.8,New_Delhi,28.6139,77.209
2023-07-19T04:00,26.3,97,976.1,New_Delhi,28.6139,77.209
2023-07-19T05:00,27.1,97,976.5,New_Delhi,28.6139,77.209
2023-07-19T06:00,27.6,95,977,New_Delhi,28.6139,77.209
2023-07-19T07:00,28.3,91,977.4,New_Delhi,28.6139,77.209
2023-07-19T08:00,27.4,89,978,New_Delhi,28.6139,77.209
2023-07-19T09:00,28.8,82,978.2,New_Delhi,28.6139,77.209
2023-07-19T10:00,29.7,79,978.1,New_Delhi,28.6139,77.209
2023-07-19T11:00,30.6,77,977.3,New_Delhi,28.6139,77.209
2023-07-19T12:00,31.7,72,976.7,New_Delhi,28.6139,77.209
2023-07-19T13:00,32.3,68,975.7,New_Delhi,28.6139,77.209
2023-07-19T14:00,33,64,975.1,New_Delhi,28.6139,77.209
2023-07-19T15:00,32.9,65,974.3,New_Delhi,28.6139,77.209
2023-07-19T16:00,32.6,65,973.7,New_Delhi,28.6139,77.209
2023-07-19T17:00,29.9,83,975.2,New_Delhi,28.6139,77.209
2023-07-19T18:00,29.5,83,974.8,New_Delhi,28.6139,77.209
2023-07-19T19:00,28.6,88,974.9,New_Delhi,28.6139,77.209
2023-07-19T20:00,27.9,93,975.7,New_Delhi,28.6139,77.209
2023-07-19T21:00,27.6,95,976.1,New_Delhi,28.6139,77.209
2023-07-19T22:00,27.5,95,976.4,New_Delhi,28.6139,77.209
2023-07-19T23:00,27.3,95,976.3,New_Delhi,28.6139,77.209
2023-07-20T00:00,27.2,94,976.2,New_Delhi,28.6139,77.209
2023-07-20T01:00,27.1,94,975.9,New_Delhi,28.6139,77.209
2023-07-20T02:00,26.9,95,976,New_Delhi,28.6139,77.209
2023-07-20T03:00,27.1,94,976,New_Delhi,28.6139,77.209
2023-07-20T04:00,27.2,92,975.8,New_Delhi,28.6139,77.209
2023-07-20T05:00,28.4,84,976.6,New_Delhi,28.6139,77.209
2023-07-20T06:00,28.4,85,977.1,New_Delhi,28.6139,77.209
2023-07-20T07:00,28.5,86,977.5,New_Delhi,28.6139,77.209
2023-07-20T08:00,27.7,86,978.1,New_Delhi,28.6139,77.209
2023-07-20T09:00,30.2,78,977.9,New_Delhi,28.6139,77.209
2023-07-20T10:00,32,73,977.4,New_Delhi,28.6139,77.209
2023-07-20T11:00,33,68,976.8,New_Delhi,28.6139,77.209
2023-07-20T12:00,34,62,976.4,New_Delhi,28.6139,77.209
2023-07-20T13:00,34.7,59,975.6,New_Delhi,28.6139,77.209
2023-07-20T14:00,35.1,56,974.8,New_Delhi,28.6139,77.209
2023-07-20T15:00,35.2,55,973.8,New_Delhi,28.6139,77.209
2023-07-20T16:00,34.9,56,973.3,New_Delhi,28.6139,77.209
2023-07-20T17:00,32.5,73,973.7,New_Delhi,28.6139,77.209
2023-07-20T18:00,28.5,92,975.2,New_Delhi,28.6139,77.209
2023-07-20T19:00,27.7,91,975.1,New_Delhi,28.6139,77.209
2023-07-20T20:00,27.9,91,975.6,New_Delhi,28.6139,77.209
2023-07-20T21:00,27.6,92,976.9,New_Delhi,28.6139,77.209
2023-07-20T22:00,27.2,91,977.3,New_Delhi,28.6139,77.209
2023-07-20T23:00,27.4,91,977.2,New_Delhi,28.6139,77.209
2023-07-21T00:00,27.5,90,976.6,New_Delhi,28.6139,77.209
2023-07-21T01:00,27.6,90,976.1,New_Delhi,28.6139,77.209
2023-07-21T02:00,27.7,89,976.1,New_Delhi,28.6139,77.209
2023-07-21T03:00,27.8,88,976.6,New_Delhi,28.6139,77.209
2023-07-21T04:00,27.9,88,976.8,New_Delhi,28.6139,77.209
2023-07-21T05:00,26.5,91,977.4,New_Delhi,28.6139,77.209
2023-07-21T06:00,27.9,86,978,New_Delhi,28.6139,77.209
2023-07-21T07:00,28.9,85,978.6,New_Delhi,28.6139,77.209
2023-07-21T08:00,30.6,79,978.9,New_Delhi,28.6139,77.209
2023-07-21T09:00,32.3,73,979.2,New_Delhi,28.6139,77.209
2023-07-21T10:00,33.7,68,978.8,New_Delhi,28.6139,77.209
2023-07-21T11:00,34.6,62,978.4,New_Delhi,28.6139,77.209
2023-07-21T12:00,34.9,59,978,New_Delhi,28.6139,77.209
2023-07-21T13:00,35,59,977.1,New_Delhi,28.6139,77.209
2023-07-21T14:00,35.3,56,975.8,New_Delhi,28.6139,77.209
2023-07-21T15:00,35.6,54,975.4,New_Delhi,28.6139,77.209
2023-07-21T16:00,35.1,55,975.7,New_Delhi,28.6139,77.209
2023-07-21T17:00,33.9,61,975.7,New_Delhi,28.6139,77.209
2023-07-21T18:00,32.8,70,976.3,New_Delhi,28.6139,77.209
2023-07-21T19:00,29.2,86,977.7,New_Delhi,28.6139,77.209
2023-07-21T20:00,28.9,84,977.9,New_Delhi,28.6139,77.209
2023-07-21T21:00,29.3,83,979.5,New_Delhi,28.6139,77.209
2023-07-21T22:00,29.6,85,979.9,New_Delhi,28.6139,77.209
2023-07-21T23:00,29.5,84,980.2,New_Delhi,28.6139,77.209
2023-07-22T00:00,28.7,87,979.5,New_Delhi,28.6139,77.209
2023-07-22T01:00,28.4,87,979.1,New_Delhi,28.6139,77.209
2023-07-22T02:00,28.5,83,979.1,New_Delhi,28.6139,77.209
2023-07-22T03:00,28.5,83,979.5,New_Delhi,28.6139,77.209
2023-07-22T04:00,28.3,86,979.4,New_Delhi,28.6139,77.209
2023-07-22T05:00,27.5,87,980.2,New_Delhi,28.6139,77.209
2023-07-22T06:00,27.2,92,980.9,New_Delhi,28.6139,77.209
2023-07-22T07:00,28.4,90,980.9,New_Delhi,28.6139,77.209
2023-07-22T08:00,30.7,82,981.5,New_Delhi,28.6139,77.209
2023-07-22T09:00,31.9,75,981.9,New_Delhi,28.6139,77.209
2023-07-22T10:00,29.9,80,982.6,New_Delhi,28.6139,77.209
2023-07-22T11:00,29.9,80,981.9,New_Delhi,28.6139,77.209
2023-07-22T12:00,32.3,74,981.1,New_Delhi,28.6139,77.209
2023-07-22T13:00,33.8,65,980.1,New_Delhi,28.6139,77.209
2023-07-22T14:00,34.2,61,978.8,New_Delhi,28.6139,77.209
2023-07-22T15:00,33.9,61,977.8,New_Delhi,28.6139,77.209
2023-07-22T16:00,33.8,62,977.3,New_Delhi,28.6139,77.209
2023-07-22T17:00,34.3,60,978,New_Delhi,28.6139,77.209
2023-07-22T18:00,33.1,64,978,New_Delhi,28.6139,77.209
2023-07-22T19:00,31.8,71,978.5,New_Delhi,28.6139,77.209
2023-07-22T20:00,31.1,73,979.3,New_Delhi,28.6139,77.209
2023-07-22T21:00,30.7,73,980.5,New_Delhi,28.6139,77.209
2023-07-22T22:00,30.3,74,981,New_Delhi,28.6139,77.209
2023-07-22T23:00,29.9,74,981.3,New_Delhi,28.6139,77.209
2023-07-23T00:00,29.5,75,981.2,New_Delhi,28.6139,77.209
2023-07-23T01:00,29.1,76,980.8,New_Delhi,28.6139,77.209
2023-07-23T02:00,28.8,77,980.6,New_Delhi,28.6139,77.209
2023-07-23T03:00,28.5,79,980.4,New_Delhi,28.6139,77.209
2023-07-23T04:00,28.3,81,980.7,New_Delhi,28.6139,77.209
2023-07-23T05:00,29.1,78,981,New_Delhi,28.6139,77.209
2023-07-23T06:00,29.4,78,981.3,New_Delhi,28.6139,77.209
2023-07-23T07:00,30,77,981.8,New_Delhi,28.6139,77.209
2023-07-23T08:00,30.8,74,982,New_Delhi,28.6139,77.209
2023-07-23T09:00,31.1,73,982.3,New_Delhi,28.6139,77.209
2023-07-23T10:00,31.8,71,982.2,New_Delhi,28.6139,77.209
2023-07-23T11:00,33.1,68,981.6,New_Delhi,28.6139,77.209
2023-07-23T12:00,33.5,65,980.6,New_Delhi,28.6139,77.209
2023-07-23T13:00,34.1,63,979.4,New_Delhi,28.6139,77.209
2023-07-23T14:00,34.2,62,978.4,New_Delhi,28.6139,77.209
2023-07-23T15:00,34.1,62,977.6,New_Delhi,28.6139,77.209
2023-07-23T16:00,33.5,64,976.8,New_Delhi,28.6139,77.209
2023-07-23T17:00,32.3,70,977.5,New_Delhi,28.6139,77.209
2023-07-23T18:00,31.6,72,977.5,New_Delhi,28.6139,77.209
2023-07-23T19:00,30.8,74,978.1,New_Delhi,28.6139,77.209
2023-07-23T20:00,30.1,78,978.4,New_Delhi,28.6139,77.209
2023-07-23T21:00,30,79,979.2,New_Delhi,28.6139,77.209
2023-07-23T22:00,29.9,77,979.4,New_Delhi,28.6139,77.209
2023-07-23T23:00,29.5,79,979.2,New_Delhi,28.6139,77.209
2023-07-24T00:00,29.1,81,979.4,New_Delhi,28.6139,77.209
2023-07-24T01:00,28.7,83,979.1,New_Delhi,28.6139,77.209
2023-07-24T02:00,28.4,85,978.9,New_Delhi,28.6139,77.209
2023-07-24T03:00,28.2,86,978.8,New_Delhi,28.6139,77.209
2023-07-24T04:00,27.9,87,978.7,New_Delhi,28.6139,77.209
2023-07-24T05:00,27.9,87,978.8,New_Delhi,28.6139,77.209
2023-07-24T06:00,28.3,88,979.2,New_Delhi,28.6139,77.209
2023-07-24T07:00,28.9,84,979.3,New_Delhi,28.6139,77.209
2023-07-24T08:00,30.2,78,980,New_Delhi,28.6139,77.209
2023-07-24T09:00,31.2,75,979.5,New_Delhi,28.6139,77.209
2023-07-24T10:00,32,72,979.1,New_Delhi,28.6139,77.209
2023-07-24T11:00,33.1,68,978.9,New_Delhi,28.6139,77.209
2023-07-24T12:00,33.7,65,977.9,New_Delhi,28.6139,77.209
2023-07-24T13:00,33.9,64,977.4,New_Delhi,28.6139,77.209
2023-07-24T14:00,34.1,63,976.3,New_Delhi,28.6139,77.209
2023-07-24T15:00,34,63,975.2,New_Delhi,28.6139,77.209
2023-07-24T16:00,33.8,63,974.5,New_Delhi,28.6139,77.209
2023-07-24T17:00,30.2,81,974.5,New_Delhi,28.6139,77.209
2023-07-24T18:00,28,90,975.8,New_Delhi,28.6139,77.209
2023-07-24T19:00,27.7,90,976.2,New_Delhi,28.6139,77.209
2023-07-24T20:00,27.7,93,977,New_Delhi,28.6139,77.209
2023-07-24T21:00,27.7,90,977.9,New_Delhi,28.6139,77.209
2023-07-24T22:00,27.5,91,978.7,New_Delhi,28.6139,77.209
2023-07-24T23:00,27.4,93,978.7,New_Delhi,28.6139,77.209
2023-07-25T00:00,27.2,94,978.6,New_Delhi,28.6139,77.209
2023-07-25T01:00,26.7,95,978,New_Delhi,28.6139,77.209
2023-07-25T02:00,25.6,94,978.4,New_Delhi,28.6139,77.209
2023-07-25T03:00,25.6,94,977.5,New_Delhi,28.6139,77.209
2023-07-25T04:00,25.6,94,977.4,New_Delhi,28.6139,77.209
2023-07-25T05:00,26.4,93,977.7,New_Delhi,28.6139,77.209
2023-07-25T06:00,26.6,91,978,New_Delhi,28.6139,77.209
2023-07-25T07:00,27.1,90,978.6,New_Delhi,28.6139,77.209
2023-07-25T08:00,27.7,88,979.2,New_Delhi,28.6139,77.209
2023-07-25T09:00,29.2,83,979.7,New_Delhi,28.6139,77.209
2023-07-25T10:00,30.8,77,979.5,New_Delhi,28.6139,77.209
2023-07-25T11:00,31.5,73,979.3,New_Delhi,28.6139,77.209
2023-07-25T12:00,32.8,70,978.6,New_Delhi,28.6139,77.209
2023-07-25T13:00,33.2,68,977.5,New_Delhi,28.6139,77.209
2023-07-25T14:00,33.8,65,976.5,New_Delhi,28.6139,77.209
2023-07-25T15:00,34.1,63,975.9,New_Delhi,28.6139,77.209
2023-07-25T16:00,34.1,63,975.5,New_Delhi,28.6139,77.209
2023-07-25T17:00,31.4,72,976.5,New_Delhi,28.6139,77.209
2023-07-25T18:00,30.2,78,976.9,New_Delhi,28.6139,77.209
2023-07-25T19:00,29.5,81,977.5,New_Delhi,28.6139,77.209
2023-07-25T20:00,29.2,83,978.3,New_Delhi,28.6139,77.209
2023-07-25T21:00,29.1,84,979.4,New_Delhi,28.6139,77.209
2023-07-25T22:00,28.6,86,980.1,New_Delhi,28.6139,77.209
2023-07-25T23:00,27.3,90,979.7,New_Delhi,28.6139,77.209
2023-07-26T00:00,26.3,94,979.6,New_Delhi,28.6139,77.209
2023-07-26T01:00,25.7,97,979.3,New_Delhi,28.6139,77.209
2023-07-26T02:00,26.1,95,979.3,New_Delhi,28.6139,77.209
2023-07-26T03:00,26.3,95,978.8,New_Delhi,28.6139,77.209
2023-07-26T04:00,26,97,978.8,New_Delhi,28.6139,77.209
2023-07-26T05:00,26.5,97,979.2,New_Delhi,28.6139,77.209
2023-07-26T06:00,26.2,95,980.1,New_Delhi,28.6139,77.209
2023-07-26T07:00,25.6,99,981.2,New_Delhi,28.6139,77.209
2023-07-26T08:00,25.6,95,981.5,New_Delhi,28.6139,77.209
2023-07-26T09:00,25.8,94,982.2,New_Delhi,28.6139,77.209
2023-07-26T10:00,26.4,90,982.1,New_Delhi,28.6139,77.209
2023-07-26T11:00,27.4,84,981.6,New_Delhi,28.6139,77.209
2023-07-26T12:00,28.5,80,981,New_Delhi,28.6139,77.209
2023-07-26T13:00,29.3,77,980.4,New_Delhi,28.6139,77.209
2023-07-26T14:00,29.3,77,979.2,New_Delhi,28.6139,77.209
2023-07-26T15:00,29.5,76,978.3,New_Delhi,28.6139,77.209
2023-07-26T16:00,29.7,76,977.6,New_Delhi,28.6139,77.209
2023-07-26T17:00,27.4,89,978.5,New_Delhi,28.6139,77.209
2023-07-26T18:00,27.3,91,978.5,New_Delhi,28.6139,77.209
2023-07-26T19:00,27.2,92,978.9,New_Delhi,28.6139,77.209
2023-07-26T20:00,26.8,95,979.4,New_Delhi,28.6139,77.209
2023-07-26T21:00,26.6,96,980.3,New_Delhi,28.6139,77.209
2023-07-26T22:00,26.6,96,980.7,New_Delhi,28.6139,77.209
2023-07-26T23:00,26.3,98,980.5,New_Delhi,28.6139,77.209
2023-07-27T00:00,26.5,97,980.4,New_Delhi,28.6139,77.209
2023-07-27T01:00,26.4,98,979.8,New_Delhi,28.6139,77.209
2023-07-27T02:00,26.4,98,979.2,New_Delhi,28.6139,77.209
2023-07-27T03:00,26.4,98,978.5,New_Delhi,28.6139,77.209
2023-07-27T04:00,26.3,98,978.9,New_Delhi,28.6139,77.209
2023-07-27T05:00,26.8,96,979.4,New_Delhi,28.6139,77.209
2023-07-27T06:00,27.3,95,979.5,New_Delhi,28.6139,77.209
2023-07-27T07:00,28.2,91,979.9,New_Delhi,28.6139,77.209
2023-07-27T08:00,28.8,85,980.6,New_Delhi,28.6139,77.209
2023-07-27T09:00,28.1,87,981.1,New_Delhi,28.6139,77.209
2023-07-27T10:00,28.8,83,980.7,New_Delhi,28.6139,77.209
2023-07-27T11:00,29.9,80,980,New_Delhi,28.6139,77.209
2023-07-27T12:00,30.6,78,979.3,New_Delhi,28.6139,77.209
2023-07-27T13:00,31.4,74,978.5,New_Delhi,28.6139,77.209
2023-07-27T14:00,31.6,74,977.4,New_Delhi,28.6139,77.209
2023-07-27T15:00,31.7,72,976.6,New_Delhi,28.6139,77.209
2023-07-27T16:00,31.7,71,976,New_Delhi,28.6139,77.209
2023-07-27T17:00,30.4,74,976.7,New_Delhi,28.6139,77.209
2023-07-27T18:00,28.8,89,977.3,New_Delhi,28.6139,77.209
2023-07-27T19:00,28.4,89,977.1,New_Delhi,28.6139,77.209
2023-07-27T20:00,28,92,977.7,New_Delhi,28.6139,77.209
2023-07-27T21:00,27.9,93,978.7,New_Delhi,28.6139,77.209
2023-07-27T22:00,27.8,94,979.3,New_Delhi,28.6139,77.209
2023-07-27T23:00,27.5,95,979,New_Delhi,28.6139,77.209
2023-07-28T00:00,27.1,97,978.3,New_Delhi,28.6139,77.209
2023-07-28T01:00,27.1,96,977.6,New_Delhi,28.6139,77.209
2023-07-28T02:00,27,97,977,New_Delhi,28.6139,77.209
2023-07-28T03:00,27,97,976.4,New_Delhi,28.6139,77.209
2023-07-28T04:00,26.8,97,976.1,New_Delhi,28.6139,77.209
2023-07-28T05:00,26.9,95,976.5,New_Delhi,28.6139,77.209
2023-07-28T06:00,26.6,94,977.5,New_Delhi,28.6139,77.209
2023-07-28T07:00,26.9,93,977.8,New_Delhi,28.6139,77.209
2023-07-28T08:00,27.3,91,977.9,New_Delhi,28.6139,77.209
2023-07-28T09:00,28.7,84,978.4,New_Delhi,28.6139,77.209
2023-07-28T10:00,29.8,78,978.3,New_Delhi,28.6139,77.209
2023-07-28T11:00,31.1,73,977.9,New_Delhi,28.6139,77.209
2023-07-28T12:00,32.2,69,977.1,New_Delhi,28.6139,77.209
2023-07-28T13:00,32.9,65,976.2,New_Delhi,28.6139,77.209
2023-07-28T14:00,32.7,65,975,New_Delhi,28.6139,77.209
2023-07-28T15:00,30.7,74,974.1,New_Delhi,28.6139,77.209
2023-07-28T16:00,29.6,79,974,New_Delhi,28.6139,77.209
2023-07-28T17:00,27,89,975.1,New_Delhi,28.6139,77.209
2023-07-28T18:00,26.7,92,975.7,New_Delhi,28.6139,77.209
2023-07-28T19:00,26.7,92,975.9,New_Delhi,28.6139,77.209
2023-07-28T20:00,26.7,94,976.4,New_Delhi,28.6139,77.209
2023-07-28T21:00,26.6,95,977,New_Delhi,28.6139,77.209
2023-07-28T22:00,26.3,94,977,New_Delhi,28.6139,77.209
2023-07-28T23:00,26.3,94,976.9,New_Delhi,28.6139,77.209
2023-07-29T00:00,26.4,95,976.4,New_Delhi,28.6139,77.209
2023-07-29T01:00,25.7,95,975.9,New_Delhi,28.6139,77.209
2023-07-29T02:00,25.9,95,974.5,New_Delhi,28.6139,77.209
2023-07-29T03:00,25.6,93,974.6,New_Delhi,28.6139,77.209
2023-07-29T04:00,25.6,95,975,New_Delhi,28.6139,77.209
2023-07-29T05:00,24.7,94,975,New_Delhi,28.6139,77.209
2023-07-29T06:00,25.2,94,975.9,New_Delhi,28.6139,77.209
2023-07-29T07:00,26.2,89,976.3,New_Delhi,28.6139,77.209
2023-07-29T08:00,27.3,84,976.8,New_Delhi,28.6139,77.209
2023-07-29T09:00,29,77,977.4,New_Delhi,28.6139,77.209
2023-07-29T10:00,29.8,74,977.7,New_Delhi,28.6139,77.209
2023-07-29T11:00,30.9,71,977.6,New_Delhi,28.6139,77.209
2023-07-29T12:00,31.1,69,977,New_Delhi,28.6139,77.209
2023-07-29T13:00,31.4,68,976.1,New_Delhi,28.6139,77.209
2023-07-29T14:00,28.5,78,975.6,New_Delhi,28.6139,77.209
2023-07-29T15:00,29.3,77,974.4,New_Delhi,28.6139,77.209
2023-07-29T16:00,30.4,74,973.8,New_Delhi,28.6139,77.209
2023-07-29T17:00,29.1,78,974.9,New_Delhi,28.6139,77.209
2023-07-29T18:00,29.2,78,974.8,New_Delhi,28.6139,77.209
2023-07-29T19:00,28.1,88,975.5,New_Delhi,28.6139,77.209
2023-07-29T20:00,27.8,88,976.2,New_Delhi,28.6139,77.209
2023-07-29T21:00,27.3,90,976.9,New_Delhi,28.6139,77.209
2023-07-29T22:00,27.1,90,977.2,New_Delhi,28.6139,77.209
2023-07-29T23:00,26.8,92,976.9,New_Delhi,28.6139,77.209
2023-07-30T00:00,26.5,93,976.2,New_Delhi,28.6139,77.209
2023-07-30T01:00,26.3,94,975.8,New_Delhi,28.6139,77.209
2023-07-30T02:00,26.1,94,975.8,New_Delhi,28.6139,77.209
2023-07-30T03:00,25.7,94,975.9,New_Delhi,28.6139,77.209
2023-07-30T04:00,25,93,976.1,New_Delhi,28.6139,77.209
2023-07-30T05:00,25.3,96,975.9,New_Delhi,28.6139,77.209
2023-07-30T06:00,25.8,94,976.3,New_Delhi,28.6139,77.209
2023-07-30T07:00,26.5,90,976.6,New_Delhi,28.6139,77.209
2023-07-30T08:00,27.9,83,976.9,New_Delhi,28.6139,77.209
2023-07-30T09:00,28.8,79,977.3,New_Delhi,28.6139,77.209
2023-07-30T10:00,30.1,73,977.2,New_Delhi,28.6139,77.209
2023-07-30T11:00,31.3,68,976.8,New_Delhi,28.6139,77.209
2023-07-30T12:00,32.3,64,976,New_Delhi,28.6139,77.209
2023-07-30T13:00,32.8,62,975.1,New_Delhi,28.6139,77.209
2023-07-30T14:00,33,60,974,New_Delhi,28.6139,77.209
2023-07-30T15:00,33.1,60,973.1,New_Delhi,28.6139,77.209
2023-07-30T16:00,32.9,61,972.7,New_Delhi,28.6139,77.209
2023-07-30T17:00,32,66,973.3,New_Delhi,28.6139,77.209
2023-07-30T18:00,30.7,75,973.4,New_Delhi,28.6139,77.209
2023-07-30T19:00,29.6,83,973.9,New_Delhi,28.6139,77.209
2023-07-30T20:00,28.8,85,974.5,New_Delhi,28.6139,77.209
2023-07-30T21:00,28.4,87,975.3,New_Delhi,28.6139,77.209
2023-07-30T22:00,28.3,86,975.7,New_Delhi,28.6139,77.209
2023-07-30T23:00,28.2,86,975.7,New_Delhi,28.6139,77.209
2023-07-31T00:00,27.8,86,975.7,New_Delhi,28.6139,77.209
2023-07-31T01:00,27.5,86,975.2,New_Delhi,28.6139,77.209
2023-07-31T02:00,26.5,88,975.1,New_Delhi,28.6139,77.209
2023-07-31T03:00,26.1,90,975.1,New_Delhi,28.6139,77.209
2023-07-31T04:00,26,93,975.2,New_Delhi,28.6139,77.209
2023-07-31T05:00,25.1,95,975.5,New_Delhi,28.6139,77.209
2023-07-31T06:00,25.5,95,975.8,New_Delhi,28.6139,77.209
2023-07-31T07:00,26.3,91,975.9,New_Delhi,28.6139,77.209
2023-07-31T08:00,27.6,88,976.1,New_Delhi,28.6139,77.209
2023-07-31T09:00,29.6,81,976.6,New_Delhi,28.6139,77.209
2023-07-31T10:00,31.3,73,976.5,New_Delhi,28.6139,77.209
2023-07-31T11:00,32.3,70,976.4,New_Delhi,28.6139,77.209
2023-07-31T12:00,33.1,66,975.9,New_Delhi,28.6139,77.209
2023-07-31T13:00,33.6,64,975.2,New_Delhi,28.6139,77.209
2023-07-31T14:00,33.5,63,974.2,New_Delhi,28.6139,77.209
2023-07-31T15:00,33.6,62,973.5,New_Delhi,28.6139,77.209
2023-07-31T16:00,33.3,61,973.1,New_Delhi,28.6139,77.209
2023-07-31T17:00,33.3,61,973.2,New_Delhi,28.6139,77.209
2023-07-31T18:00,32,66,973,New_Delhi,28.6139,77.209
2023-07-31T19:00,30.8,71,973.6,New_Delhi,28.6139,77.209
2023-07-31T20:00,29.6,76,974.1,New_Delhi,28.6139,77.209
2023-07-31T21:00,29,78,975,New_Delhi,28.6139,77.209
2023-07-31T22:00,28.7,81,975,New_Delhi,28.6139,77.209
2023-07-31T23:00,28.3,83,975.1,New_Delhi,28.6139,77.209
2023-08-01T00:00,28.1,84,975,New_Delhi,28.6139,77.209
2023-08-01T01:00,27.7,85,974.6,New_Delhi,28.6139,77.209
2023-08-01T02:00,27.3,87,974.2,New_Delhi,28.6139,77.209
2023-08-01T03:00,27.1,87,973.9,New_Delhi,28.6139,77.209
2023-08-01T04:00,26.9,87,974.1,New_Delhi,28.6139,77.209
2023-08-01T05:00,27.3,84,974.3,New_Delhi,28.6139,77.209
2023-08-01T06:00,27.7,83,974.8,New_Delhi,28.6139,77.209
2023-08-01T07:00,28.3,82,975,New_Delhi,28.6139,77.209
2023-08-01T08:00,29.6,78,975.3,New_Delhi,28.6139,77.209
2023-08-01T09:00,30.7,75,975.4,New_Delhi,28.6139,77.209
2023-08-01T10:00,32,72,975.1,New_Delhi,28.6139,77.209
2023-08-01T11:00,33.1,67,975,New_Delhi,28.6139,77.209
2023-08-01T12:00,33.9,62,974.7,New_Delhi,28.6139,77.209
2023-08-01T13:00,34.1,60,973.8,New_Delhi,28.6139,77.209
2023-08-01T14:00,34.6,56,972.7,New_Delhi,28.6139,77.209
2023-08-01T15:00,34.4,57,972.2,New_Delhi,28.6139,77.209
2023-08-01T16:00,33.9,59,971.9,New_Delhi,28.6139,77.209
2023-08-01T17:00,33,66,972.2,New_Delhi,28.6139,77.209
2023-08-01T18:00,31.2,75,972.8,New_Delhi,28.6139,77.209
2023-08-01T19:00,30,76,972.7,New_Delhi,28.6139,77.209
2023-08-01T20:00,29.7,77,973.3,New_Delhi,28.6139,77.209
2023-08-01T21:00,29.4,79,974.1,New_Delhi,28.6139,77.209
2023-08-01T22:00,29.4,80,974.2,New_Delhi,28.6139,77.209
2023-08-01T23:00,29.5,80,974.6,New_Delhi,28.6139,77.209
2023-08-02T00:00,29.3,78,974.6,New_Delhi,28.6139,77.209
2023-08-02T01:00,29,77,974.2,New_Delhi,28.6139,77.209
2023-08-02T02:00,28.5,82,973.7,New_Delhi,28.6139,77.209
2023-08-02T03:00,28.4,83,973.9,New_Delhi,28.6139,77.209
2023-08-02T04:00,28.3,82,974.3,New_Delhi,28.6139,77.209
2023-08-02T05:00,27.8,87,974,New_Delhi,28.6139,77.209
2023-08-02T06:00,28.5,84,974.5,New_Delhi,28.6139,77.209
2023-08-02T07:00,29.3,81,975.2,New_Delhi,28.6139,77.209
2023-08-02T08:00,30.4,76,975.5,New_Delhi,28.6139,77.209
2023-08-02T09:00,31.4,73,975.7,New_Delhi,28.6139,77.209
2023-08-02T10:00,32.6,70,976.2,New_Delhi,28.6139,77.209
2023-08-02T11:00,33.7,66,975.5,New_Delhi,28.6139,77.209
2023-08-02T12:00,34.7,62,974.8,New_Delhi,28.6139,77.209
2023-08-02T13:00,34.9,60,974.1,New_Delhi,28.6139,77.209
2023-08-02T14:00,35.1,59,973.2,New_Delhi,28.6139,77.209
2023-08-02T15:00,34.3,62,972.5,New_Delhi,28.6139,77.209
2023-08-02T16:00,31.9,72,973,New_Delhi,28.6139,77.209
2023-08-02T17:00,28.5,86,974,New_Delhi,28.6139,77.209
2023-08-02T18:00,28.6,86,973.7,New_Delhi,28.6139,77.209
2023-08-02T19:00,28.3,87,974.2,New_Delhi,28.6139,77.209
2023-08-02T20:00,28.2,90,974.8,New_Delhi,28.6139,77.209
2023-08-02T21:00,27.8,92,975.7,New_Delhi,28.6139,77.209
2023-08-02T22:00,27.5,92,975.6,New_Delhi,28.6139,77.209
2023-08-02T23:00,27.3,93,975.7,New_Delhi,28.6139,77.209
2023-08-03T00:00,27.1,92,975.6,New_Delhi,28.6139,77.209
2023-08-03T01:00,26.8,93,975.1,New_Delhi,28.6139,77.209
2023-08-03T02:00,26.8,94,974.6,New_Delhi,28.6139,77.209
2023-08-03T03:00,26.8,96,974.4,New_Delhi,28.6139,77.209
2023-08-03T04:00,26.8,93,974.1,New_Delhi,28.6139,77.209
2023-08-03T05:00,26.5,90,974.5,New_Delhi,28.6139,77.209
2023-08-03T06:00,27.2,86,974.9,New_Delhi,28.6139,77.209
2023-08-03T07:00,28.2,84,975.5,New_Delhi,28.6139,77.209
2023-08-03T08:00,29.3,79,976.1,New_Delhi,28.6139,77.209
2023-08-03T09:00,30.3,75,976,New_Delhi,28.6139,77.209
2023-08-03T10:00,31.4,71,976.2,New_Delhi,28.6139,77.209
2023-08-03T11:00,32.3,68,975.9,New_Delhi,28.6139,77.209
2023-08-03T12:00,33.1,66,975.3,New_Delhi,28.6139,77.209
2023-08-03T13:00,33.8,64,974.3,New_Delhi,28.6139,77.209
2023-08-03T14:00,34.1,62,973.4,New_Delhi,28.6139,77.209
2023-08-03T15:00,33.9,62,972.8,New_Delhi,28.6139,77.209
2023-08-03T16:00,33.7,64,972.4,New_Delhi,28.6139,77.209
2023-08-03T17:00,32.1,72,973.5,New_Delhi,28.6139,77.209
2023-08-03T18:00,28,90,974.5,New_Delhi,28.6139,77.209
2023-08-03T19:00,27.5,92,974.5,New_Delhi,28.6139,77.209
2023-08-03T20:00,27.7,92,975,New_Delhi,28.6139,77.209
2023-08-03T21:00,27.8,92,975.7,New_Delhi,28.6139,77.209
2023-08-03T22:00,27.8,90,976.1,New_Delhi,28.6139,77.209
2023-08-03T23:00,27.5,91,976.5,New_Delhi,28.6139,77.209
2023-08-04T00:00,27.1,92,976.2,New_Delhi,28.6139,77.209
2023-08-04T01:00,27,93,975.9,New_Delhi,28.6139,77.209
2023-08-04T02:00,26.8,93,975.7,New_Delhi,28.6139,77.209
2023-08-04T03:00,26.5,95,976.1,New_Delhi,28.6139,77.209
2023-08-04T04:00,26,97,976.1,New_Delhi,28.6139,77.209
2023-08-04T05:00,28,89,975.6,New_Delhi,28.6139,77.209
2023-08-04T06:00,28,90,976.4,New_Delhi,28.6139,77.209
2023-08-04T07:00,27.7,92,976.7,New_Delhi,28.6139,77.209
2023-08-04T08:00,27.8,90,977.3,New_Delhi,28.6139,77.209
2023-08-04T09:00,28.7,88,978.3,New_Delhi,28.6139,77.209
2023-08-04T10:00,29.3,84,978.3,New_Delhi,28.6139,77.209
2023-08-04T11:00,29.5,84,978.1,New_Delhi,28.6139,77.209
2023-08-04T12:00,29.9,83,977.7,New_Delhi,28.6139,77.209
2023-08-04T13:00,30.5,81,977,New_Delhi,28.6139,77.209
2023-08-04T14:00,31,78,976.2,New_Delhi,28.6139,77.209
2023-08-04T15:00,31.7,75,975.5,New_Delhi,28.6139,77.209
2023-08-04T16:00,31.7,74,975.3,New_Delhi,28.6139,77.209
2023-08-04T17:00,30.3,79,976.2,New_Delhi,28.6139,77.209
2023-08-04T18:00,30.3,79,976.3,New_Delhi,28.6139,77.209
2023-08-04T19:00,26.7,95,977.8,New_Delhi,28.6139,77.209
2023-08-04T20:00,27.2,92,978.7,New_Delhi,28.6139,77.209
2023-08-04T21:00,27.2,93,979,New_Delhi,28.6139,77.209
2023-08-04T22:00,27,94,978.8,New_Delhi,28.6139,77.209
2023-08-04T23:00,26.7,97,979,New_Delhi,28.6139,77.209
2023-08-05T00:00,26.5,98,978.6,New_Delhi,28.6139,77.209
2023-08-05T01:00,26.3,99,977.9,New_Delhi,28.6139,77.209
2023-08-05T02:00,26.4,98,977.7,New_Delhi,28.6139,77.209
2023-08-05T03:00,26.4,98,977.4,New_Delhi,28.6139,77.209
2023-08-05T04:00,26.4,97,977.5,New_Delhi,28.6139,77.209
2023-08-05T05:00,27.3,89,978.1,New_Delhi,28.6139,77.209
2023-08-05T06:00,27.3,92,978.6,New_Delhi,28.6139,77.209
2023-08-05T07:00,27.4,92,979.5,New_Delhi,28.6139,77.209
2023-08-05T08:00,28,90,980,New_Delhi,28.6139,77.209
2023-08-05T09:00,28.2,88,980.7,New_Delhi,28.6139,77.209
2023-08-05T10:00,29.3,82,980.5,New_Delhi,28.6139,77.209
2023-08-05T11:00,30.9,77,979.9,New_Delhi,28.6139,77.209
2023-08-05T12:00,32,74,979,New_Delhi,28.6139,77.209
2023-08-05T13:00,32.9,68,978,New_Delhi,28.6139,77.209
2023-08-05T14:00,33.6,63,977.1,New_Delhi,28.6139,77.209
2023-08-05T15:00,33.7,64,976,New_Delhi,28.6139,77.209
2023-08-05T16:00,33.5,64,975.3,New_Delhi,28.6139,77.209
2023-08-05T17:00,32.3,69,976.5,New_Delhi,28.6139,77.209
2023-08-05T18:00,31.5,77,976.8,New_Delhi,28.6139,77.209
2023-08-05T19:00,30.1,82,977.5,New_Delhi,28.6139,77.209
2023-08-05T20:00,29.8,82,978.1,New_Delhi,28.6139,77.209
2023-08-05T21:00,29,88,978.6,New_Delhi,28.6139,77.209
2023-08-05T22:00,29,86,978.8,New_Delhi,28.6139,77.209
2023-08-05T23:00,28.9,84,978.6,New_Delhi,28.6139,77.209
2023-08-06T00:00,28.7,83,977.9,New_Delhi,28.6139,77.209
2023-08-06T01:00,28.2,82,977.1,New_Delhi,28.6139,77.209
2023-08-06T02:00,27.9,80,976.5,New_Delhi,28.6139,77.209
2023-08-06T03:00,28,79,976.3,New_Delhi,28.6139,77.209
2023-08-06T04:00,27.9,79,976.3,New_Delhi,28.6139,77.209
2023-08-06T05:00,28.3,78,976.7,New_Delhi,28.6139,77.209
2023-08-06T06:00,28.2,76,977,New_Delhi,28.6139,77.209
2023-08-06T07:00,28.9,75,977.3,New_Delhi,28.6139,77.209
2023-08-06T08:00,29.8,72,977.5,New_Delhi,28.6139,77.209
2023-08-06T09:00,30.9,70,977.6,New_Delhi,28.6139,77.209
2023-08-06T10:00,32.2,66,977.5,New_Delhi,28.6139,77.209
2023-08-06T11:00,33.4,62,977,New_Delhi,28.6139,77.209
2023-08-06T12:00,34,59,975.9,New_Delhi,28.6139,77.209
2023-08-06T13:00,34.6,57,974.8,New_Delhi,28.6139,77.209
2023-08-06T14:00,34.8,57,973.6,New_Delhi,28.6139,77.209
2023-08-06T15:00,34.7,56,972.6,New_Delhi,28.6139,77.209
2023-08-06T16:00,33.1,63,972.2,New_Delhi,28.6139,77.209
2023-08-06T17:00,32.4,67,973.3,New_Delhi,28.6139,77.209
2023-08-06T18:00,30.7,75,973.7,New_Delhi,28.6139,77.209
2023-08-06T19:00,26,91,974.3,New_Delhi,28.6139,77.209
2023-08-06T20:00,26.7,91,974.8,New_Delhi,28.6139,77.209
2023-08-06T21:00,27,92,975.2,New_Delhi,28.6139,77.209
2023-08-06T22:00,27.2,89,974.9,New_Delhi,28.6139,77.209
2023-08-06T23:00,27.9,82,974.5,New_Delhi,28.6139,77.209
2023-08-07T00:00,27.9,77,974.1,New_Delhi,28.6139,77.209
2023-08-07T01:00,27.4,77,973.5,New_Delhi,28.6139,77.209
2023-08-07T02:00,27.2,77,973.5,New_Delhi,28.6139,77.209
2023-08-07T03:00,27.2,76,973.4,New_Delhi,28.6139,77.209
2023-08-07T04:00,27.2,76,973.4,New_Delhi,28.6139,77.209
2023-08-07T05:00,27.5,74,973,New_Delhi,28.6139,77.209
2023-08-07T06:00,27.6,75,973.5,New_Delhi,28.6139,77.209
2023-08-07T07:00,28.2,74,974,New_Delhi,28.6139,77.209
2023-08-07T08:00,29.1,72,974.9,New_Delhi,28.6139,77.209
2023-08-07T09:00,30.2,69,975,New_Delhi,28.6139,77.209
2023-08-07T10:00,31.4,66,975,New_Delhi,28.6139,77.209
2023-08-07T11:00,32.4,62,974.6,New_Delhi,28.6139,77.209
2023-08-07T12:00,32.8,60,974,New_Delhi,28.6139,77.209
2023-08-07T13:00,33.5,57,973,New_Delhi,28.6139,77.209
2023-08-07T14:00,34,55,972.1,New_Delhi,28.6139,77.209
2023-08-07T15:00,34.2,54,971.4,New_Delhi,28.6139,77.209
2023-08-07T16:00,34,55,971,New_Delhi,28.6139,77.209
2023-08-07T17:00,32.4,61,971.8,New_Delhi,28.6139,77.209
2023-08-07T18:00,31.1,66,972.2,New_Delhi,28.6139,77.209
2023-08-07T19:00,29.9,70,972.7,New_Delhi,28.6139,77.209
2023-08-07T20:00,29.3,71,973.2,New_Delhi,28.6139,77.209
2023-08-07T21:00,29.3,68,974,New_Delhi,28.6139,77.209
2023-08-07T22:00,28.8,71,974.4,New_Delhi,28.6139,77.209
2023-08-07T23:00,28.7,71,974.3,New_Delhi,28.6139,77.209
2023-08-08T00:00,28.6,70,974.1,New_Delhi,28.6139,77.209
2023-08-08T01:00,28.2,70,973.5,New_Delhi,28.6139,77.209
2023-08-08T02:00,27.6,71,973.4,New_Delhi,28.6139,77.209
2023-08-08T03:00,27.2,73,973.3,New_Delhi,28.6139,77.209
2023-08-08T04:00,26.9,74,973.6,New_Delhi,28.6139,77.209
2023-08-08T05:00,27.5,74,973.6,New_Delhi,28.6139,77.209
2023-08-08T06:00,27.5,76,974,New_Delhi,28.6139,77.209
2023-08-08T07:00,28.1,76,974.6,New_Delhi,28.6139,77.209
2023-08-08T08:00,29,74,975,New_Delhi,28.6139,77.209
2023-08-08T09:00,30,72,975.1,New_Delhi,28.6139,77.209
2023-08-08T10:00,31.3,67,975.4,New_Delhi,28.6139,77.209
2023-08-08T11:00,32.5,64,975.1,New_Delhi,28.6139,77.209
2023-08-08T12:00,33.3,60,974.8,New_Delhi,28.6139,77.209
2023-08-08T13:00,33.8,57,974.7,New_Delhi,28.6139,77.209
2023-08-08T14:00,34.4,54,974.2,New_Delhi,28.6139,77.209
2023-08-08T15:00,34,56,973.9,New_Delhi,28.6139,77.209
2023-08-08T16:00,33.8,57,973.8,New_Delhi,28.6139,77.209
2023-08-08T17:00,32.6,62,974.5,New_Delhi,28.6139,77.209
2023-08-08T18:00,31.7,66,974.8,New_Delhi,28.6139,77.209
2023-08-08T19:00,30.8,68,975.3,New_Delhi,28.6139,77.209
2023-08-08T20:00,30.3,68,975.8,New_Delhi,28.6139,77.209
2023-08-08T21:00,30.4,66,976.6,New_Delhi,28.6139,77.209
2023-08-08T22:00,30,65,977.2,New_Delhi,28.6139,77.209
2023-08-08T23:00,29.4,65,977.2,New_Delhi,28.6139,77.209
2023-08-09T00:00,29,66,976.9,New_Delhi,28.6139,77.209
2023-08-09T01:00,28.5,68,976.7,New_Delhi,28.6139,77.209
2023-08-09T02:00,28.1,70,976.6,New_Delhi,28.6139,77.209
2023-08-09T03:00,27.7,71,976.7,New_Delhi,28.6139,77.209
2023-08-09T04:00,27.4,72,977,New_Delhi,28.6139,77.209
2023-08-09T05:00,27.7,73,977.1,New_Delhi,28.6139,77.209
2023-08-09T06:00,27.8,74,978.2,New_Delhi,28.6139,77.209
2023-08-09T07:00,28.4,75,978.9,New_Delhi,28.6139,77.209
2023-08-09T08:00,29.2,73,979.3,New_Delhi,28.6139,77.209
2023-08-09T09:00,30.3,70,979.6,New_Delhi,28.6139,77.209
2023-08-09T10:00,31.8,66,979.7,New_Delhi,28.6139,77.209
2023-08-09T11:00,33.1,60,979.7,New_Delhi,28.6139,77.209
2023-08-09T12:00,33.5,57,979.3,New_Delhi,28.6139,77.209
2023-08-09T13:00,34,55,978.7,New_Delhi,28.6139,77.209
2023-08-09T14:00,34.4,54,977.6,New_Delhi,28.6139,77.209
2023-08-09T15:00,34.5,53,977,New_Delhi,28.6139,77.209
2023-08-09T16:00,34.5,52,976.7,New_Delhi,28.6139,77.209
2023-08-09T17:00,33.2,59,977.7,New_Delhi,28.6139,77.209
2023-08-09T18:00,32.2,62,977.8,New_Delhi,28.6139,77.209
2023-08-09T19:00,31.4,63,978.4,New_Delhi,28.6139,77.209
2023-08-09T20:00,30.6,66,978.6,New_Delhi,28.6139,77.209
2023-08-09T21:00,30.3,67,979.3,New_Delhi,28.6139,77.209
2023-08-09T22:00,29.5,69,979.5,New_Delhi,28.6139,77.209
2023-08-09T23:00,29.2,65,979.5,New_Delhi,28.6139,77.209
2023-08-10T00:00,28.9,65,979.3,New_Delhi,28.6139,77.209
2023-08-10T01:00,28.4,69,978.8,New_Delhi,28.6139,77.209
2023-08-10T02:00,28,72,978.6,New_Delhi,28.6139,77.209
2023-08-10T03:00,27.6,74,979,New_Delhi,28.6139,77.209
2023-08-10T04:00,27.3,77,978.8,New_Delhi,28.6139,77.209
2023-08-10T05:00,28,75,978.9,New_Delhi,28.6139,77.209
2023-08-10T06:00,28.1,76,979.6,New_Delhi,28.6139,77.209
2023-08-10T07:00,28.9,74,980.3,New_Delhi,28.6139,77.209
2023-08-10T08:00,29.9,70,980.5,New_Delhi,28.6139,77.209
2023-08-10T09:00,31,67,981,New_Delhi,28.6139,77.209
2023-08-10T10:00,32.1,63,981.2,New_Delhi,28.6139,77.209
2023-08-10T11:00,33.2,58,981,New_Delhi,28.6139,77.209
2023-08-10T12:00,33.7,56,980.5,New_Delhi,28.6139,77.209
2023-08-10T13:00,34,54,979.9,New_Delhi,28.6139,77.209
2023-08-10T14:00,33.9,53,979.1,New_Delhi,28.6139,77.209
2023-08-10T15:00,33.9,53,978.6,New_Delhi,28.6139,77.209
2023-08-10T16:00,33.7,53,978.2,New_Delhi,28.6139,77.209
2023-08-10T17:00,31.5,66,979.1,New_Delhi,28.6139,77.209
2023-08-10T18:00,28.7,78,979.6,New_Delhi,28.6139,77.209
2023-08-10T19:00,27.8,86,979.6,New_Delhi,28.6139,77.209
2023-08-10T20:00,27.5,84,980.2,New_Delhi,28.6139,77.209
2023-08-10T21:00,27.6,83,980.6,New_Delhi,28.6139,77.209
2023-08-10T22:00,27.8,83,980.7,New_Delhi,28.6139,77.209
2023-08-10T23:00,27.8,83,980.7,New_Delhi,28.6139,77.209
2023-08-11T00:00,27.6,84,980.4,New_Delhi,28.6139,77.209
2023-08-11T01:00,27.4,85,979.9,New_Delhi,28.6139,77.209
2023-08-11T02:00,27.2,84,979.6,New_Delhi,28.6139,77.209
2023-08-11T03:00,27.3,82,979.4,New_Delhi,28.6139,77.209
2023-08-11T04:00,27.5,77,979.8,New_Delhi,28.6139,77.209
2023-08-11T05:00,27.9,73,979.9,New_Delhi,28.6139,77.209
2023-08-11T06:00,28.3,68,980.8,New_Delhi,28.6139,77.209
2023-08-11T07:00,29.1,68,981.2,New_Delhi,28.6139,77.209
2023-08-11T08:00,30.4,65,981.4,New_Delhi,28.6139,77.209
2023-08-11T09:00,31.6,62,981.6,New_Delhi,28.6139,77.209
2023-08-11T10:00,32.9,58,981.3,New_Delhi,28.6139,77.209
2023-08-11T11:00,33.9,53,980.5,New_Delhi,28.6139,77.209
2023-08-11T12:00,34.4,50,980.1,New_Delhi,28.6139,77.209
2023-08-11T13:00,34.6,49,979.2,New_Delhi,28.6139,77.209
2023-08-11T14:00,34.6,49,978.1,New_Delhi,28.6139,77.209
2023-08-11T15:00,34.4,50,977.3,New_Delhi,28.6139,77.209
2023-08-11T16:00,34,51,977,New_Delhi,28.6139,77.209
2023-08-11T17:00,33.5,58,978.1,New_Delhi,28.6139,77.209
2023-08-11T18:00,30.4,78,978.5,New_Delhi,28.6139,77.209
2023-08-11T19:00,29.8,81,978.4,New_Delhi,28.6139,77.209
2023-08-11T20:00,30.3,71,978.7,New_Delhi,28.6139,77.209
2023-08-11T21:00,30.1,69,979.3,New_Delhi,28.6139,77.209
2023-08-11T22:00,29.6,70,979.1,New_Delhi,28.6139,77.209
2023-08-11T23:00,29.4,69,978.8,New_Delhi,28.6139,77.209
2023-08-12T00:00,29.2,68,978.4,New_Delhi,28.6139,77.209
2023-08-12T01:00,28.9,66,978.2,New_Delhi,28.6139,77.209
2023-08-12T02:00,28.7,63,978.1,New_Delhi,28.6139,77.209
2023-08-12T03:00,28.5,62,978.1,New_Delhi,28.6139,77.209
2023-08-12T04:00,28.2,62,978.2,New_Delhi,28.6139,77.209
2023-08-12T05:00,28.3,60,978.4,New_Delhi,28.6139,77.209
2023-08-12T06:00,28.2,62,978.8,New_Delhi,28.6139,77.209
2023-08-12T07:00,28.9,64,979.1,New_Delhi,28.6139,77.209
2023-08-12T08:00,30.1,62,979.4,New_Delhi,28.6139,77.209
2023-08-12T09:00,31.5,59,979.8,New_Delhi,28.6139,77.209
2023-08-12T10:00,32.9,55,979.8,New_Delhi,28.6139,77.209
2023-08-12T11:00,33.9,51,979.1,New_Delhi,28.6139,77.209
2023-08-12T12:00,34.8,48,978.3,New_Delhi,28.6139,77.209
2023-08-12T13:00,35.3,45,977.1,New_Delhi,28.6139,77.209
2023-08-12T14:00,35.3,44,976,New_Delhi,28.6139,77.209
2023-08-12T15:00,35.3,43,975.4,New_Delhi,28.6139,77.209
2023-08-12T16:00,34.8,46,974.8,New_Delhi,28.6139,77.209
2023-08-12T17:00,33.5,52,975.7,New_Delhi,28.6139,77.209
2023-08-12T18:00,32.4,54,975.5,New_Delhi,28.6139,77.209
2023-08-12T19:00,31.8,53,975.7,New_Delhi,28.6139,77.209
2023-08-12T20:00,31.3,54,976,New_Delhi,28.6139,77.209
2023-08-12T21:00,30.7,56,976.6,New_Delhi,28.6139,77.209
2023-08-12T22:00,30.3,57,976.7,New_Delhi,28.6139,77.209
2023-08-12T23:00,29.9,60,976.6,New_Delhi,28.6139,77.209
2023-08-13T00:00,29.5,63,976.1,New_Delhi,28.6139,77.209
2023-08-13T01:00,29.2,63,975.3,New_Delhi,28.6139,77.209
2023-08-13T02:00,28.8,64,974.9,New_Delhi,28.6139,77.209
2023-08-13T03:00,28.3,66,974.8,New_Delhi,28.6139,77.209
2023-08-13T04:00,27.9,68,974.9,New_Delhi,28.6139,77.209
2023-08-13T05:00,27.7,70,975.2,New_Delhi,28.6139,77.209
2023-08-13T06:00,27.6,72,975.5,New_Delhi,28.6139,77.209
2023-08-13T07:00,28.4,72,975.9,New_Delhi,28.6139,77.209
2023-08-13T08:00,29.7,68,976.2,New_Delhi,28.6139,77.209
2023-08-13T09:00,31.2,64,976.8,New_Delhi,28.6139,77.209
2023-08-13T10:00,32.6,59,976.9,New_Delhi,28.6139,77.209
2023-08-13T11:00,33.9,55,976.4,New_Delhi,28.6139,77.209
2023-08-13T12:00,34.5,51,975.8,New_Delhi,28.6139,77.209
2023-08-13T13:00,35.2,48,975.2,New_Delhi,28.6139,77.209
2023-08-13T14:00,35.6,47,974.2,New_Delhi,28.6139,77.209
2023-08-13T15:00,35.2,47,973.9,New_Delhi,28.6139,77.209
2023-08-13T16:00,34.8,49,973.8,New_Delhi,28.6139,77.209
2023-08-13T17:00,32.6,59,974.9,New_Delhi,28.6139,77.209
2023-08-13T18:00,31.8,62,975.2,New_Delhi,28.6139,77.209
2023-08-13T19:00,31,64,975.7,New_Delhi,28.6139,77.209
2023-08-13T20:00,30.4,65,976.4,New_Delhi,28.6139,77.209
2023-08-13T21:00,30,64,977.1,New_Delhi,28.6139,77.209
2023-08-13T22:00,29.7,63,977.4,New_Delhi,28.6139,77.209
2023-08-13T23:00,29.6,63,977.5,New_Delhi,28.6139,77.209
2023-08-14T00:00,29.4,63,977.6,New_Delhi,28.6139,77.209
2023-08-14T01:00,28.9,65,977,New_Delhi,28.6139,77.209
2023-08-14T02:00,28.3,68,976.8,New_Delhi,28.6139,77.209
2023-08-14T03:00,27.7,71,976.9,New_Delhi,28.6139,77.209
2023-08-14T04:00,27.3,73,977.6,New_Delhi,28.6139,77.209
2023-08-14T05:00,26.8,75,978.7,New_Delhi,28.6139,77.209
2023-08-14T06:00,27.3,75,979.4,New_Delhi,28.6139,77.209
2023-08-14T07:00,28.1,74,980.3,New_Delhi,28.6139,77.209
2023-08-14T08:00,29.2,69,980.7,New_Delhi,28.6139,77.209
2023-08-14T09:00,30,65,981.1,New_Delhi,28.6139,77.209
2023-08-14T10:00,30.7,62,981.2,New_Delhi,28.6139,77.209
2023-08-14T11:00,32,58,981,New_Delhi,28.6139,77.209
2023-08-14T12:00,32.8,54,980.5,New_Delhi,28.6139,77.209
2023-08-14T13:00,33.1,53,979.8,New_Delhi,28.6139,77.209
2023-08-14T14:00,33.3,52,978.9,New_Delhi,28.6139,77.209
2023-08-14T15:00,33.5,51,978.2,New_Delhi,28.6139,77.209
2023-08-14T16:00,33,53,978,New_Delhi,28.6139,77.209
2023-08-14T17:00,31.5,60,978.3,New_Delhi,28.6139,77.209
2023-08-14T18:00,30.2,67,978.9,New_Delhi,28.6139,77.209
2023-08-14T19:00,28.7,76,979.5,New_Delhi,28.6139,77.209
2023-08-14T20:00,28.2,80,980.1,New_Delhi,28.6139,77.209
2023-08-14T21:00,27.9,82,980.7,New_Delhi,28.6139,77.209
2023-08-14T22:00,27.6,83,980.8,New_Delhi,28.6139,77.209
2023-08-14T23:00,27.2,85,980.7,New_Delhi,28.6139,77.209
2023-08-15T00:00,26.8,87,980.4,New_Delhi,28.6139,77.209
2023-08-15T01:00,26.5,89,980.1,New_Delhi,28.6139,77.209
2023-08-15T02:00,26.3,89,979.3,New_Delhi,28.6139,77.209
2023-08-15T03:00,26,90,979,New_Delhi,28.6139,77.209
2023-08-15T04:00,25.8,91,979.4,New_Delhi,28.6139,77.209
2023-08-15T05:00,26.2,94,980,New_Delhi,28.6139,77.209
2023-08-15T06:00,26.9,91,980.5,New_Delhi,28.6139,77.209
2023-08-15T07:00,27.4,87,981,New_Delhi,28.6139,77.209
2023-08-15T08:00,28.8,76,981.1,New_Delhi,28.6139,77.209
2023-08-15T09:00,30.9,67,981.7,New_Delhi,28.6139,77.209
2023-08-15T10:00,32.2,61,981.5,New_Delhi,28.6139,77.209
2023-08-15T11:00,33.2,58,981.2,New_Delhi,28.6139,77.209
2023-08-15T12:00,34,55,980.4,New_Delhi,28.6139,77.209
2023-08-15T13:00,34.3,54,979.7,New_Delhi,28.6139,77.209
2023-08-15T14:00,34.6,52,978.6,New_Delhi,28.6139,77.209
2023-08-15T15:00,34.7,52,977.8,New_Delhi,28.6139,77.209
2023-08-15T16:00,34.7,52,977.3,New_Delhi,28.6139,77.209
2023-08-15T17:00,32.2,59,978.9,New_Delhi,28.6139,77.209
2023-08-15T18:00,31.3,67,979,New_Delhi,28.6139,77.209
2023-08-15T19:00,30,73,979.3,New_Delhi,28.6139,77.209
2023-08-15T20:00,29.6,78,979.6,New_Delhi,28.6139,77.209
2023-08-15T21:00,28.7,82,980.2,New_Delhi,28.6139,77.209
2023-08-15T22:00,28.1,87,980.4,New_Delhi,28.6139,77.209
2023-08-15T23:00,27.6,87,980.4,New_Delhi,28.6139,77.209
2023-08-16T00:00,27.3,87,980.3,New_Delhi,28.6139,77.209
2023-08-16T01:00,27,87,979.9,New_Delhi,28.6139,77.209
2023-08-16T02:00,26.9,85,979.5,New_Delhi,28.6139,77.209
2023-08-16T03:00,26.8,84,979.4,New_Delhi,28.6139,77.209
2023-08-16T04:00,26.8,83,979.6,New_Delhi,28.6139,77.209
2023-08-16T05:00,25.6,89,980,New_Delhi,28.6139,77.209
2023-08-16T06:00,26.5,89,980.5,New_Delhi,28.6139,77.209
2023-08-16T07:00,28,83,980.9,New_Delhi,28.6139,77.209
2023-08-16T08:00,30,72,981.2,New_Delhi,28.6139,77.209
2023-08-16T09:00,32,63,981.4,New_Delhi,28.6139,77.209
2023-08-16T10:00,33.7,55,981.3,New_Delhi,28.6139,77.209
2023-08-16T11:00,34.4,52,980.8,New_Delhi,28.6139,77.209
2023-08-16T12:00,35.2,51,980,New_Delhi,28.6139,77.209
2023-08-16T13:00,35.7,49,979,New_Delhi,28.6139,77.209
2023-08-16T14:00,36,48,978.1,New_Delhi,28.6139,77.209
2023-08-16T15:00,35.9,47,977,New_Delhi,28.6139,77.209
2023-08-16T16:00,35.4,47,976.5,New_Delhi,28.6139,77.209
2023-08-16T17:00,34.4,50,977.6,New_Delhi,28.6139,77.209
2023-08-16T18:00,33.2,55,977.4,New_Delhi,28.6139,77.209
2023-08-16T19:00,31.8,60,977.9,New_Delhi,28.6139,77.209
2023-08-16T20:00,30.3,72,978.1,New_Delhi,28.6139,77.209
2023-08-16T21:00,30,69,978.9,New_Delhi,28.6139,77.209
2023-08-16T22:00,29.8,68,978.9,New_Delhi,28.6139,77.209
2023-08-16T23:00,29.2,70,978.9,New_Delhi,28.6139,77.209
2023-08-17T00:00,29,71,978.7,New_Delhi,28.6139,77.209
2023-08-17T01:00,28.6,72,978.2,New_Delhi,28.6139,77.209
2023-08-17T02:00,28.1,73,978,New_Delhi,28.6139,77.209
2023-08-17T03:00,27.8,73,978.1,New_Delhi,28.6139,77.209
2023-08-17T04:00,27.8,71,978.4,New_Delhi,28.6139,77.209
2023-08-17T05:00,28.6,68,978.7,New_Delhi,28.6139,77.209
2023-08-17T06:00,29,67,979.5,New_Delhi,28.6139,77.209
2023-08-17T07:00,29.9,64,980.2,New_Delhi,28.6139,77.209
2023-08-17T08:00,31.3,58,980.5,New_Delhi,28.6139,77.209
2023-08-17T09:00,33,54,980.7,New_Delhi,28.6139,77.209
2023-08-17T10:00,34.3,49,980.7,New_Delhi,28.6139,77.209
2023-08-17T11:00,35.1,46,980.2,New_Delhi,28.6139,77.209
2023-08-17T12:00,35.7,44,979.7,New_Delhi,28.6139,77.209
2023-08-17T13:00,36,42,978.7,New_Delhi,28.6139,77.209
2023-08-17T14:00,36,42,977.7,New_Delhi,28.6139,77.209
2023-08-17T15:00,36,42,976.7,New_Delhi,28.6139,77.209
2023-08-17T16:00,35.6,43,976.6,New_Delhi,28.6139,77.209
2023-08-17T17:00,34.6,50,977.3,New_Delhi,28.6139,77.209
2023-08-17T18:00,33.6,54,977.7,New_Delhi,28.6139,77.209
2023-08-17T19:00,32.3,58,978.2,New_Delhi,28.6139,77.209
2023-08-17T20:00,31.6,60,978.5,New_Delhi,28.6139,77.209
2023-08-17T21:00,30.8,65,979,New_Delhi,28.6139,77.209
2023-08-17T22:00,30.3,66,979.2,New_Delhi,28.6139,77.209
2023-08-17T23:00,30.1,66,979.1,New_Delhi,28.6139,77.209
2023-08-18T00:00,29.8,67,978.8,New_Delhi,28.6139,77.209
2023-08-18T01:00,29.3,68,978.3,New_Delhi,28.6139,77.209
2023-08-18T02:00,29.1,67,977.9,New_Delhi,28.6139,77.209
2023-08-18T03:00,29.2,63,977.7,New_Delhi,28.6139,77.209
2023-08-18T04:00,28.6,65,978,New_Delhi,28.6139,77.209
2023-08-18T05:00,28.3,65,979,New_Delhi,28.6139,77.209
2023-08-18T06:00,28.4,66,979.5,New_Delhi,28.6139,77.209
2023-08-18T07:00,29.3,64,979.9,New_Delhi,28.6139,77.209
2023-08-18T08:00,30.9,60,980.5,New_Delhi,28.6139,77.209
2023-08-18T09:00,32.6,55,981,New_Delhi,28.6139,77.209
2023-08-18T10:00,34,51,981,New_Delhi,28.6139,77.209
2023-08-18T11:00,35.1,48,980.4,New_Delhi,28.6139,77.209
2023-08-18T12:00,35.9,45,979.4,New_Delhi,28.6139,77.209
2023-08-18T13:00,35.8,44,978.7,New_Delhi,28.6139,77.209
2023-08-18T14:00,36,44,978,New_Delhi,28.6139,77.209
2023-08-18T15:00,36.1,44,977.2,New_Delhi,28.6139,77.209
2023-08-18T16:00,35.8,45,977,New_Delhi,28.6139,77.209
2023-08-18T17:00,34.7,50,977,New_Delhi,28.6139,77.209
2023-08-18T18:00,33.3,61,977.8,New_Delhi,28.6139,77.209
2023-08-18T19:00,31.5,70,978.2,New_Delhi,28.6139,77.209
2023-08-18T20:00,30.1,75,978.8,New_Delhi,28.6139,77.209
2023-08-18T21:00,29.6,77,979.3,New_Delhi,28.6139,77.209
2023-08-18T22:00,29.2,79,979.8,New_Delhi,28.6139,77.209
2023-08-18T23:00,28.9,80,979.6,New_Delhi,28.6139,77.209
2023-08-19T00:00,28.5,83,979.4,New_Delhi,28.6139,77.209
2023-08-19T01:00,28.2,84,979.1,New_Delhi,28.6139,77.209
2023-08-19T02:00,28,86,978.7,New_Delhi,28.6139,77.209
2023-08-19T03:00,27.8,87,978.7,New_Delhi,28.6139,77.209
2023-08-19T04:00,27.6,89,978.9,New_Delhi,28.6139,77.209
2023-08-19T05:00,27.9,87,979,New_Delhi,28.6139,77.209
2023-08-19T06:00,27.2,87,980.2,New_Delhi,28.6139,77.209
2023-08-19T07:00,26.2,91,980.7,New_Delhi,28.6139,77.209
2023-08-19T08:00,26.9,89,980.8,New_Delhi,28.6139,77.209
2023-08-19T09:00,28.7,84,981.1,New_Delhi,28.6139,77.209
2023-08-19T10:00,31.1,75,981.1,New_Delhi,28.6139,77.209
2023-08-19T11:00,32,73,980.6,New_Delhi,28.6139,77.209
2023-08-19T12:00,33,65,980.1,New_Delhi,28.6139,77.209
2023-08-19T13:00,32.7,66,979.7,New_Delhi,28.6139,77.209
2023-08-19T14:00,33.8,61,978.4,New_Delhi,28.6139,77.209
2023-08-19T15:00,34.1,59,977.4,New_Delhi,28.6139,77.209
2023-08-19T16:00,33.7,60,977.3,New_Delhi,28.6139,77.209
2023-08-19T17:00,33.9,55,977.7,New_Delhi,28.6139,77.209
2023-08-19T18:00,32.9,61,978.4,New_Delhi,28.6139,77.209
2023-08-19T19:00,31.8,67,978.6,New_Delhi,28.6139,77.209
2023-08-19T20:00,31.1,70,979,New_Delhi,28.6139,77.209
2023-08-19T21:00,30.6,73,979.8,New_Delhi,28.6139,77.209
2023-08-19T22:00,30.3,74,980.1,New_Delhi,28.6139,77.209
2023-08-19T23:00,30,76,980.2,New_Delhi,28.6139,77.209
2023-08-20T00:00,29.6,78,980,New_Delhi,28.6139,77.209
2023-08-20T01:00,29.2,80,979.8,New_Delhi,28.6139,77.209
2023-08-20T02:00,28.7,81,979.5,New_Delhi,28.6139,77.209
2023-08-20T03:00,28.4,82,979.4,New_Delhi,28.6139,77.209
2023-08-20T04:00,28.2,83,979.8,New_Delhi,28.6139,77.209
2023-08-20T05:00,27.8,91,980.1,New_Delhi,28.6139,77.209
2023-08-20T06:00,28.3,91,980.6,New_Delhi,28.6139,77.209
2023-08-20T07:00,29.6,85,981,New_Delhi,28.6139,77.209
2023-08-20T08:00,31.1,76,981.1,New_Delhi,28.6139,77.209
2023-08-20T09:00,32.8,66,981.3,New_Delhi,28.6139,77.209
2023-08-20T10:00,33.9,58,981.5,New_Delhi,28.6139,77.209
2023-08-20T11:00,34.9,53,981,New_Delhi,28.6139,77.209
2023-08-20T12:00,35.3,51,980.7,New_Delhi,28.6139,77.209
2023-08-20T13:00,35.5,51,980,New_Delhi,28.6139,77.209
2023-08-20T14:00,35.8,50,978.8,New_Delhi,28.6139,77.209
2023-08-20T15:00,35.8,50,977.8,New_Delhi,28.6139,77.209
2023-08-20T16:00,35.5,50,977.2,New_Delhi,28.6139,77.209
2023-08-20T17:00,34.4,54,978.2,New_Delhi,28.6139,77.209
2023-08-20T18:00,33.5,59,978.3,New_Delhi,28.6139,77.209
2023-08-20T19:00,32.4,64,979,New_Delhi,28.6139,77.209
2023-08-20T20:00,31.8,67,979.2,New_Delhi,28.6139,77.209
2023-08-20T21:00,31.2,71,979.5,New_Delhi,28.6139,77.209
2023-08-20T22:00,30.5,75,979.8,New_Delhi,28.6139,77.209
2023-08-20T23:00,29.9,78,979.7,New_Delhi,28.6139,77.209
2023-08-21T00:00,29.3,81,979.5,New_Delhi,28.6139,77.209
2023-08-21T01:00,28.9,83,979.1,New_Delhi,28.6139,77.209
2023-08-21T02:00,28.6,85,978.8,New_Delhi,28.6139,77.209
2023-08-21T03:00,28.3,87,978.7,New_Delhi,28.6139,77.209
2023-08-21T04:00,28,88,978.8,New_Delhi,28.6139,77.209
2023-08-21T05:00,28.6,86,978.8,New_Delhi,28.6139,77.209
2023-08-21T06:00,29,85,979.5,New_Delhi,28.6139,77.209
2023-08-21T07:00,30.3,79,979.9,New_Delhi,28.6139,77.209
2023-08-21T08:00,32,71,980.1,New_Delhi,28.6139,77.209
2023-08-21T09:00,33.4,65,980.3,New_Delhi,28.6139,77.209
2023-08-21T10:00,34.3,59,980.1,New_Delhi,28.6139,77.209
2023-08-21T11:00,34.7,57,979.5,New_Delhi,28.6139,77.209
2023-08-21T12:00,34.5,58,978.9,New_Delhi,28.6139,77.209
2023-08-21T13:00,35.1,57,978.2,New_Delhi,28.6139,77.209
2023-08-21T14:00,35.8,56,977.2,New_Delhi,28.6139,77.209
2023-08-21T15:00,36.3,53,976.1,New_Delhi,28.6139,77.209
2023-08-21T16:00,36.1,52,975.8,New_Delhi,28.6139,77.209
2023-08-21T17:00,36.2,49,976.6,New_Delhi,28.6139,77.209
2023-08-21T18:00,34.3,57,977,New_Delhi,28.6139,77.209
2023-08-21T19:00,31.7,71,977.7,New_Delhi,28.6139,77.209
2023-08-21T20:00,31,73,978.1,New_Delhi,28.6139,77.209
2023-08-21T21:00,30.9,73,978.7,New_Delhi,28.6139,77.209
2023-08-21T22:00,30.3,74,979.1,New_Delhi,28.6139,77.209
2023-08-21T23:00,30.2,74,979,New_Delhi,28.6139,77.209
2023-08-22T00:00,29.9,75,978.4,New_Delhi,28.6139,77.209
2023-08-22T01:00,29.5,77,977.6,New_Delhi,28.6139,77.209
2023-08-22T02:00,29.4,77,977.1,New_Delhi,28.6139,77.209
2023-08-22T03:00,27.5,92,977.3,New_Delhi,28.6139,77.209
2023-08-22T04:00,27.4,91,977,New_Delhi,28.6139,77.209
2023-08-22T05:00,29.1,86,976.5,New_Delhi,28.6139,77.209
2023-08-22T06:00,28.8,90,977.4,New_Delhi,28.6139,77.209
2023-08-22T07:00,29.3,89,977.1,New_Delhi,28.6139,77.209
2023-08-22T08:00,30.2,83,977.7,New_Delhi,28.6139,77.209
2023-08-22T09:00,31.6,77,977.9,New_Delhi,28.6139,77.209
2023-08-22T10:00,32.9,72,977.9,New_Delhi,28.6139,77.209
2023-08-22T11:00,34,68,977.7,New_Delhi,28.6139,77.209
2023-08-22T12:00,34.7,65,976.9,New_Delhi,28.6139,77.209
2023-08-22T13:00,35.4,62,976.1,New_Delhi,28.6139,77.209
2023-08-22T14:00,35.1,62,974.8,New_Delhi,28.6139,77.209
2023-08-22T15:00,34.8,65,974.2,New_Delhi,28.6139,77.209
2023-08-22T16:00,32,75,974.7,New_Delhi,28.6139,77.209
2023-08-22T17:00,29.1,83,975.3,New_Delhi,28.6139,77.209
2023-08-22T18:00,29.7,82,975.6,New_Delhi,28.6139,77.209
2023-08-22T19:00,28.5,85,976.3,New_Delhi,28.6139,77.209
2023-08-22T20:00,28.1,84,976.3,New_Delhi,28.6139,77.209
2023-08-22T21:00,28.3,84,977.4,New_Delhi,28.6139,77.209
2023-08-22T22:00,27.9,89,977.3,New_Delhi,28.6139,77.209
2023-08-22T23:00,27.6,89,977,New_Delhi,28.6139,77.209
2023-08-23T00:00,26.6,95,977.8,New_Delhi,28.6139,77.209
2023-08-23T01:00,26.8,95,976.5,New_Delhi,28.6139,77.209
2023-08-23T02:00,26.7,95,975.6,New_Delhi,28.6139,77.209
2023-08-23T03:00,26.7,95,974.9,New_Delhi,28.6139,77.209
2023-08-23T04:00,26.8,93,975.3,New_Delhi,28.6139,77.209
2023-08-23T05:00,28,86,975.2,New_Delhi,28.6139,77.209
2023-08-23T06:00,28,84,975.7,New_Delhi,28.6139,77.209
2023-08-23T07:00,28,83,976.3,New_Delhi,28.6139,77.209
2023-08-23T08:00,28,87,977.1,New_Delhi,28.6139,77.209
2023-08-23T09:00,28,88,977.1,New_Delhi,28.6139,77.209
2023-08-23T10:00,28.6,87,977,New_Delhi,28.6139,77.209
2023-08-23T11:00,29.1,87,977.3,New_Delhi,28.6139,77.209
2023-08-23T12:00,29.9,81,976.8,New_Delhi,28.6139,77.209
2023-08-23T13:00,29.6,82,976.4,New_Delhi,28.6139,77.209
2023-08-23T14:00,29.2,84,975.5,New_Delhi,28.6139,77.209
2023-08-23T15:00,28.3,90,974.9,New_Delhi,28.6139,77.209
2023-08-23T16:00,28.1,92,974.5,New_Delhi,28.6139,77.209
2023-08-23T17:00,28,86,976.1,New_Delhi,28.6139,77.209
2023-08-23T18:00,27.9,87,975.9,New_Delhi,28.6139,77.209
2023-08-23T19:00,27.4,92,975.7,New_Delhi,28.6139,77.209
2023-08-23T20:00,26.8,96,976.2,New_Delhi,28.6139,77.209
2023-08-23T21:00,26.7,98,976.7,New_Delhi,28.6139,77.209
2023-08-23T22:00,26.1,97,976.6,New_Delhi,28.6139,77.209
2023-08-23T23:00,25.6,97,976.8,New_Delhi,28.6139,77.209
2023-08-24T00:00,25.2,97,976.3,New_Delhi,28.6139,77.209
2023-08-24T01:00,24.9,97,975.5,New_Delhi,28.6139,77.209
2023-08-24T02:00,24.8,97,974.9,New_Delhi,28.6139,77.209
2023-08-24T03:00,24.9,98,975.1,New_Delhi,28.6139,77.209
2023-08-24T04:00,25,98,975.3,New_Delhi,28.6139,77.209
2023-08-24T05:00,26.7,78,975.4,New_Delhi,28.6139,77.209
2023-08-24T06:00,26.8,77,976,New_Delhi,28.6139,77.209
2023-08-24T07:00,27.6,76,976.5,New_Delhi,28.6139,77.209
2023-08-24T08:00,28.8,71,976.6,New_Delhi,28.6139,77.209
2023-08-24T09:00,30.1,67,977,New_Delhi,28.6139,77.209
2023-08-24T10:00,31.1,64,976.8,New_Delhi,28.6139,77.209
2023-08-24T11:00,32.2,59,976.3,New_Delhi,28.6139,77.209
2023-08-24T12:00,32.6,58,975.3,New_Delhi,28.6139,77.209
2023-08-24T13:00,32.9,57,974.9,New_Delhi,28.6139,77.209
2023-08-24T14:00,33.1,55,974.1,New_Delhi,28.6139,77.209
2023-08-24T15:00,33.3,55,973.3,New_Delhi,28.6139,77.209
2023-08-24T16:00,32.7,56,972.9,New_Delhi,28.6139,77.209
2023-08-24T17:00,31.4,62,974.5,New_Delhi,28.6139,77.209
2023-08-24T18:00,30.3,67,974.4,New_Delhi,28.6139,77.209
2023-08-24T19:00,29.2,72,974.4,New_Delhi,28.6139,77.209
2023-08-24T20:00,28.4,75,974.9,New_Delhi,28.6139,77.209
2023-08-24T21:00,28.2,73,975.8,New_Delhi,28.6139,77.209
2023-08-24T22:00,28.1,69,976.2,New_Delhi,28.6139,77.209
2023-08-24T23:00,27.6,69,976.1,New_Delhi,28.6139,77.209
2023-08-25T00:00,27.3,69,975.6,New_Delhi,28.6139,77.209
2023-08-25T01:00,26.7,71,974.9,New_Delhi,28.6139,77.209
2023-08-25T02:00,26.2,73,974.8,New_Delhi,28.6139,77.209
2023-08-25T03:00,25.9,74,974.6,New_Delhi,28.6139,77.209
2023-08-25T04:00,25.7,76,974.8,New_Delhi,28.6139,77.209
2023-08-25T05:00,26.8,74,974.4,New_Delhi,28.6139,77.209
2023-08-25T06:00,27.2,73,975.1,New_Delhi,28.6139,77.209
2023-08-25T07:00,28.2,71,975.8,New_Delhi,28.6139,77.209
2023-08-25T08:00,29.5,65,976.3,New_Delhi,28.6139,77.209
2023-08-25T09:00,30.5,62,976.5,New_Delhi,28.6139,77.209
2023-08-25T10:00,31.5,60,976.4,New_Delhi,28.6139,77.209
2023-08-25T11:00,32.8,55,976.2,New_Delhi,28.6139,77.209
2023-08-25T12:00,33.4,54,975.7,New_Delhi,28.6139,77.209
2023-08-25T13:00,33.4,54,975.1,New_Delhi,28.6139,77.209
2023-08-25T14:00,33.6,53,974.4,New_Delhi,28.6139,77.209
2023-08-25T15:00,33.9,51,974,New_Delhi,28.6139,77.209
2023-08-25T16:00,33.6,53,974.1,New_Delhi,28.6139,77.209
2023-08-25T17:00,32.9,57,975.1,New_Delhi,28.6139,77.209
2023-08-25T18:00,31.6,61,975.2,New_Delhi,28.6139,77.209
2023-08-25T19:00,30.6,62,975.7,New_Delhi,28.6139,77.209
2023-08-25T20:00,30.5,62,976.1,New_Delhi,28.6139,77.209
2023-08-25T21:00,30.2,63,976.8,New_Delhi,28.6139,77.209
2023-08-25T22:00,29.6,63,977.1,New_Delhi,28.6139,77.209
2023-08-25T23:00,28.9,62,977.2,New_Delhi,28.6139,77.209
2023-08-26T00:00,28.5,62,977.2,New_Delhi,28.6139,77.209
2023-08-26T01:00,28,64,976.8,New_Delhi,28.6139,77.209
2023-08-26T02:00,28,64,976.7,New_Delhi,28.6139,77.209
2023-08-26T03:00,27.9,65,976.5,New_Delhi,28.6139,77.209
2023-08-26T04:00,27.3,68,976.9,New_Delhi,28.6139,77.209
2023-08-26T05:00,27.4,69,976.8,New_Delhi,28.6139,77.209
2023-08-26T06:00,27.8,68,977.5,New_Delhi,28.6139,77.209
2023-08-26T07:00,28.6,67,978.2,New_Delhi,28.6139,77.209
2023-08-26T08:00,29.8,64,978.2,New_Delhi,28.6139,77.209
2023-08-26T09:00,31.2,60,978.6,New_Delhi,28.6139,77.209
2023-08-26T10:00,32.4,55,978.5,New_Delhi,28.6139,77.209
2023-08-26T11:00,33.1,52,978.2,New_Delhi,28.6139,77.209
2023-08-26T12:00,33.7,49,977.8,New_Delhi,28.6139,77.209
2023-08-26T13:00,34,48,977.2,New_Delhi,28.6139,77.209
2023-08-26T14:00,34.3,47,976.6,New_Delhi,28.6139,77.209
2023-08-26T15:00,34.3,47,976.1,New_Delhi,28.6139,77.209
2023-08-26T16:00,33.8,47,975.7,New_Delhi,28.6139,77.209
2023-08-26T17:00,32.6,54,976.1,New_Delhi,28.6139,77.209
2023-08-26T18:00,31.3,60,976.5,New_Delhi,28.6139,77.209
2023-08-26T19:00,30.2,64,976.9,New_Delhi,28.6139,77.209
2023-08-26T20:00,29.4,67,977.4,New_Delhi,28.6139,77.209
2023-08-26T21:00,29,68,978.1,New_Delhi,28.6139,77.209
2023-08-26T22:00,28.8,66,978.3,New_Delhi,28.6139,77.209
2023-08-26T23:00,28.7,64,978.6,New_Delhi,28.6139,77.209
2023-08-27T00:00,28.6,62,978.5,New_Delhi,28.6139,77.209
2023-08-27T01:00,28.3,60,978,New_Delhi,28.6139,77.209
2023-08-27T02:00,27.9,61,977.7,New_Delhi,28.6139,77.209
2023-08-27T03:00,27.4,62,977.4,New_Delhi,28.6139,77.209
2023-08-27T04:00,27.1,63,977.4,New_Delhi,28.6139,77.209
2023-08-27T05:00,27.3,62,977.6,New_Delhi,28.6139,77.209
2023-08-27T06:00,27.6,62,978.1,New_Delhi,28.6139,77.209
2023-08-27T07:00,28.3,62,978.2,New_Delhi,28.6139,77.209
2023-08-27T08:00,29.6,59,978.5,New_Delhi,28.6139,77.209
2023-08-27T09:00,31,56,978.9,New_Delhi,28.6139,77.209
2023-08-27T10:00,32.3,52,978.7,New_Delhi,28.6139,77.209
2023-08-27T11:00,33.5,48,978.3,New_Delhi,28.6139,77.209
2023-08-27T12:00,34.1,46,977.5,New_Delhi,28.6139,77.209
2023-08-27T13:00,34.5,45,976.9,New_Delhi,28.6139,77.209
2023-08-27T14:00,34.7,45,975.9,New_Delhi,28.6139,77.209
2023-08-27T15:00,34.8,43,975.1,New_Delhi,28.6139,77.209
2023-08-27T16:00,32.7,49,975.2,New_Delhi,28.6139,77.209
2023-08-27T17:00,32.2,53,975.2,New_Delhi,28.6139,77.209
2023-08-27T18:00,31.1,58,975.7,New_Delhi,28.6139,77.209
2023-08-27T19:00,30.2,57,976,New_Delhi,28.6139,77.209
2023-08-27T20:00,30.1,56,976.9,New_Delhi,28.6139,77.209
2023-08-27T21:00,29.5,57,977.5,New_Delhi,28.6139,77.209
2023-08-27T22:00,28.9,59,977.6,New_Delhi,28.6139,77.209
2023-08-27T23:00,28.1,63,977.6,New_Delhi,28.6139,77.209
2023-08-28T00:00,28,64,977.2,New_Delhi,28.6139,77.209
2023-08-28T01:00,27.7,65,976.6,New_Delhi,28.6139,77.209
2023-08-28T02:00,27.5,63,976.3,New_Delhi,28.6139,77.209
2023-08-28T03:00,27.2,62,976.3,New_Delhi,28.6139,77.209
2023-08-28T04:00,26.9,62,976.4,New_Delhi,28.6139,77.209
2023-08-28T05:00,27.6,62,976.4,New_Delhi,28.6139,77.209
2023-08-28T06:00,27.5,64,977.1,New_Delhi,28.6139,77.209
2023-08-28T07:00,28.2,65,978,New_Delhi,28.6139,77.209
2023-08-28T08:00,29.4,61,978.4,New_Delhi,28.6139,77.209
2023-08-28T09:00,30.7,57,978.5,New_Delhi,28.6139,77.209
2023-08-28T10:00,32.3,53,978.6,New_Delhi,28.6139,77.209
2023-08-28T11:00,33.5,50,978.4,New_Delhi,28.6139,77.209
2023-08-28T12:00,34.3,49,978,New_Delhi,28.6139,77.209
2023-08-28T13:00,34.8,49,977.4,New_Delhi,28.6139,77.209
2023-08-28T14:00,30.6,62,976.6,New_Delhi,28.6139,77.209
2023-08-28T15:00,31,62,976,New_Delhi,28.6139,77.209
2023-08-28T16:00,32.3,58,975.7,New_Delhi,28.6139,77.209
2023-08-28T17:00,31.3,59,976.4,New_Delhi,28.6139,77.209
2023-08-28T18:00,29.6,69,976.6,New_Delhi,28.6139,77.209
2023-08-28T19:00,28.5,73,976.9,New_Delhi,28.6139,77.209
2023-08-28T20:00,27.7,77,977.5,New_Delhi,28.6139,77.209
2023-08-28T21:00,27,78,977.9,New_Delhi,28.6139,77.209
2023-08-28T22:00,26.5,77,978.2,New_Delhi,28.6139,77.209
2023-08-28T23:00,26.3,77,978.4,New_Delhi,28.6139,77.209
2023-08-29T00:00,26,77,978.3,New_Delhi,28.6139,77.209
2023-08-29T01:00,25.8,76,978,New_Delhi,28.6139,77.209
2023-08-29T02:00,25.9,75,978.3,New_Delhi,28.6139,77.209
2023-08-29T03:00,26,74,978.5,New_Delhi,28.6139,77.209
2023-08-29T04:00,26,72,978.8,New_Delhi,28.6139,77.209
2023-08-29T05:00,26.8,69,979.2,New_Delhi,28.6139,77.209
2023-08-29T06:00,27.1,69,979.9,New_Delhi,28.6139,77.209
2023-08-29T07:00,28.2,67,980.8,New_Delhi,28.6139,77.209
2023-08-29T08:00,29.8,62,981.1,New_Delhi,28.6139,77.209
2023-08-29T09:00,31.2,59,981.4,New_Delhi,28.6139,77.209
2023-08-29T10:00,32.6,56,981.1,New_Delhi,28.6139,77.209
2023-08-29T11:00,33.8,51,980.8,New_Delhi,28.6139,77.209
2023-08-29T12:00,34.6,47,979.8,New_Delhi,28.6139,77.209
2023-08-29T13:00,34.9,45,979,New_Delhi,28.6139,77.209
2023-08-29T14:00,35,45,978.4,New_Delhi,28.6139,77.209
2023-08-29T15:00,34.9,45,977.7,New_Delhi,28.6139,77.209
2023-08-29T16:00,34.8,45,977.5,New_Delhi,28.6139,77.209
2023-08-29T17:00,33.9,47,978.4,New_Delhi,28.6139,77.209
2023-08-29T18:00,32.5,50,978.7,New_Delhi,28.6139,77.209
2023-08-29T19:00,31.8,49,979.1,New_Delhi,28.6139,77.209
2023-08-29T20:00,31,49,979.8,New_Delhi,28.6139,77.209
2023-08-29T21:00,29.8,56,980.2,New_Delhi,28.6139,77.209
2023-08-29T22:00,28.7,63,980.3,New_Delhi,28.6139,77.209
2023-08-29T23:00,28.3,62,980.4,New_Delhi,28.6139,77.209
2023-08-30T00:00,28.1,62,980.1,New_Delhi,28.6139,77.209
2023-08-30T01:00,27.4,65,979.8,New_Delhi,28.6139,77.209
2023-08-30T02:00,26.9,68,979.8,New_Delhi,28.6139,77.209
2023-08-30T03:00,26.7,68,980,New_Delhi,28.6139,77.209
2023-08-30T04:00,26.6,68,980.3,New_Delhi,28.6139,77.209
2023-08-30T05:00,27.2,69,980.7,New_Delhi,28.6139,77.209
2023-08-30T06:00,27.6,69,981.3,New_Delhi,28.6139,77.209
2023-08-30T07:00,28.8,67,982.1,New_Delhi,28.6139,77.209
2023-08-30T08:00,30.3,62,982.5,New_Delhi,28.6139,77.209
2023-08-30T09:00,31.8,58,982.8,New_Delhi,28.6139,77.209
2023-08-30T10:00,33.3,54,982.6,New_Delhi,28.6139,77.209
2023-08-30T11:00,34.5,48,982.4,New_Delhi,28.6139,77.209
2023-08-30T12:00,35.5,43,981.7,New_Delhi,28.6139,77.209
2023-08-30T13:00,36.1,40,981,New_Delhi,28.6139,77.209
2023-08-30T14:00,36.4,39,980.1,New_Delhi,28.6139,77.209
2023-08-30T15:00,36.3,37,979.4,New_Delhi,28.6139,77.209
2023-08-30T16:00,35.9,37,979.3,New_Delhi,28.6139,77.209
2023-08-30T17:00,34,44,980.1,New_Delhi,28.6139,77.209
2023-08-30T18:00,32.4,49,980.3,New_Delhi,28.6139,77.209
2023-08-30T19:00,31,54,980.7,New_Delhi,28.6139,77.209
2023-08-30T20:00,30.2,58,981.2,New_Delhi,28.6139,77.209
2023-08-30T21:00,29.3,62,981.5,New_Delhi,28.6139,77.209
2023-08-30T22:00,27.9,70,981.3,New_Delhi,28.6139,77.209
2023-08-30T23:00,27.7,72,981.4,New_Delhi,28.6139,77.209
2023-08-31T00:00,27.3,73,981,New_Delhi,28.6139,77.209
2023-08-31T01:00,26.6,75,980.6,New_Delhi,28.6139,77.209
2023-08-31T02:00,26.4,75,980.4,New_Delhi,28.6139,77.209
2023-08-31T03:00,26,76,980.3,New_Delhi,28.6139,77.209
2023-08-31T04:00,25.7,78,980.7,New_Delhi,28.6139,77.209
2023-08-31T05:00,26.4,79,981.4,New_Delhi,28.6139,77.209
2023-08-31T06:00,27.3,76,982.2,New_Delhi,28.6139,77.209
2023-08-31T07:00,29,72,982.8,New_Delhi,28.6139,77.209
2023-08-31T08:00,31.1,64,983.2,New_Delhi,28.6139,77.209
2023-08-31T09:00,33,55,983.7,New_Delhi,28.6139,77.209
2023-08-31T10:00,34.6,45,983.6,New_Delhi,28.6139,77.209
2023-08-31T11:00,35.1,43,983.1,New_Delhi,28.6139,77.209
2023-08-31T12:00,35.7,42,982.7,New_Delhi,28.6139,77.209
2023-08-31T13:00,36.3,40,981.7,New_Delhi,28.6139,77.209
2023-08-31T14:00,36.4,41,980.9,New_Delhi,28.6139,77.209
2023-08-31T15:00,36.4,39,980.3,New_Delhi,28.6139,77.209
2023-08-31T16:00,36.1,40,980.2,New_Delhi,28.6139,77.209
2023-08-31T17:00,34.7,44,980.6,New_Delhi,28.6139,77.209
2023-08-31T18:00,33.3,48,980.7,New_Delhi,28.6139,77.209
2023-08-31T19:00,31.5,55,981.1,New_Delhi,28.6139,77.209
2023-08-31T20:00,30.6,59,981.5,New_Delhi,28.6139,77.209
2023-08-31T21:00,30,61,981.7,New_Delhi,28.6139,77.209
2023-08-31T22:00,29,69,981.8,New_Delhi,28.6139,77.209
2023-08-31T23:00,29.6,68,981.8,New_Delhi,28.6139,77.209
2023-09-01T00:00,28.4,73,981.2,New_Delhi,28.6139,77.209
2023-09-01T01:00,27.6,77,980.7,New_Delhi,28.6139,77.209
2023-09-01T02:00,27.5,73,980.5,New_Delhi,28.6139,77.209
2023-09-01T03:00,26.9,75,980.5,New_Delhi,28.6139,77.209
2023-09-01T04:00,26.7,75,980.7,New_Delhi,28.6139,77.209
2023-09-01T05:00,27.5,74,981.4,New_Delhi,28.6139,77.209
2023-09-01T06:00,28.2,72,982,New_Delhi,28.6139,77.209
2023-09-01T07:00,29.4,70,982.8,New_Delhi,28.6139,77.209
2023-09-01T08:00,31.7,61,983.4,New_Delhi,28.6139,77.209
2023-09-01T09:00,33.7,53,983.6,New_Delhi,28.6139,77.209
2023-09-01T10:00,35.3,45,983.3,New_Delhi,28.6139,77.209
2023-09-01T11:00,36.2,40,982.9,New_Delhi,28.6139,77.209
2023-09-01T12:00,36.9,37,982.4,New_Delhi,28.6139,77.209
2023-09-01T13:00,37.3,36,981.6,New_Delhi,28.6139,77.209
2023-09-01T14:00,37.1,37,980.5,New_Delhi,28.6139,77.209
2023-09-01T15:00,36.9,37,980,New_Delhi,28.6139,77.209
2023-09-01T16:00,36.4,37,979.4,New_Delhi,28.6139,77.209
2023-09-01T17:00,35.3,39,980.3,New_Delhi,28.6139,77.209
2023-09-01T18:00,34,42,980.5,New_Delhi,28.6139,77.209
2023-09-01T19:00,32.9,44,980.4,New_Delhi,28.6139,77.209
2023-09-01T20:00,31.6,47,980.9,New_Delhi,28.6139,77.209
2023-09-01T21:00,30.7,49,981,New_Delhi,28.6139,77.209
2023-09-01T22:00,29.9,51,980.8,New_Delhi,28.6139,77.209
2023-09-01T23:00,29,55,980.4,New_Delhi,28.6139,77.209
2023-09-02T00:00,28.1,58,980,New_Delhi,28.6139,77.209
2023-09-02T01:00,27.7,59,979.7,New_Delhi,28.6139,77.209
2023-09-02T02:00,27.4,59,979.4,New_Delhi,28.6139,77.209
2023-09-02T03:00,27.3,58,979.5,New_Delhi,28.6139,77.209
2023-09-02T04:00,27.3,58,979.8,New_Delhi,28.6139,77.209
2023-09-02T05:00,27.7,60,980.4,New_Delhi,28.6139,77.209
2023-09-02T06:00,27.9,61,981.3,New_Delhi,28.6139,77.209
2023-09-02T07:00,29.2,61,981.9,New_Delhi,28.6139,77.209
2023-09-02T08:00,31.4,54,982.2,New_Delhi,28.6139,77.209
2023-09-02T09:00,33.5,50,982.5,New_Delhi,28.6139,77.209
2023-09-02T10:00,34.9,42,982.6,New_Delhi,28.6139,77.209
2023-09-02T11:00,36,38,982.1,New_Delhi,28.6139,77.209
2023-09-02T12:00,36.7,36,981.3,New_Delhi,28.6139,77.209
2023-09-02T13:00,37.1,35,980.5,New_Delhi,28.6139,77.209
2023-09-02T14:00,37.2,34,979.3,New_Delhi,28.6139,77.209
2023-09-02T15:00,37.1,34,978.2,New_Delhi,28.6139,77.209
2023-09-02T16:00,36.8,34,977.5,New_Delhi,28.6139,77.209
2023-09-02T17:00,35.2,42,978.3,New_Delhi,28.6139,77.209
2023-09-02T18:00,33.9,46,978.5,New_Delhi,28.6139,77.209
2023-09-02T19:00,32.5,51,978.8,New_Delhi,28.6139,77.209
2023-09-02T20:00,30.8,60,979.3,New_Delhi,28.6139,77.209
2023-09-02T21:00,29.9,64,979.9,New_Delhi,28.6139,77.209
2023-09-02T22:00,29.3,67,979.8,New_Delhi,28.6139,77.209
2023-09-02T23:00,29.1,65,979.9,New_Delhi,28.6139,77.209
2023-09-03T00:00,28.3,68,979.5,New_Delhi,28.6139,77.209
2023-09-03T01:00,28,68,979.2,New_Delhi,28.6139,77.209
2023-09-03T02:00,27.6,69,978.8,New_Delhi,28.6139,77.209
2023-09-03T03:00,27,71,978.3,New_Delhi,28.6139,77.209
2023-09-03T04:00,26.4,73,978.4,New_Delhi,28.6139,77.209
2023-09-03T05:00,26.3,74,979.4,New_Delhi,28.6139,77.209
2023-09-03T06:00,26.6,74,979.9,New_Delhi,28.6139,77.209
2023-09-03T07:00,28,71,980.6,New_Delhi,28.6139,77.209
2023-09-03T08:00,30.2,61,980.8,New_Delhi,28.6139,77.209
2023-09-03T09:00,32.1,46,981.1,New_Delhi,28.6139,77.209
2023-09-03T10:00,33.5,38,981.1,New_Delhi,28.6139,77.209
2023-09-03T11:00,34.9,36,981,New_Delhi,28.6139,77.209
2023-09-03T12:00,35.7,37,980.3,New_Delhi,28.6139,77.209
2023-09-03T13:00,36.3,36,979.5,New_Delhi,28.6139,77.209
2023-09-03T14:00,36.6,34,978.5,New_Delhi,28.6139,77.209
2023-09-03T15:00,36.7,33,977.4,New_Delhi,28.6139,77.209
2023-09-03T16:00,36.5,34,977,New_Delhi,28.6139,77.209
2023-09-03T17:00,35.3,37,977.6,New_Delhi,28.6139,77.209
2023-09-03T18:00,33.8,40,977.7,New_Delhi,28.6139,77.209
2023-09-03T19:00,32.4,45,978.1,New_Delhi,28.6139,77.209
2023-09-03T20:00,31.2,49,978.4,New_Delhi,28.6139,77.209
2023-09-03T21:00,29.6,56,978.7,New_Delhi,28.6139,77.209
2023-09-03T22:00,29.4,56,978.9,New_Delhi,28.6139,77.209
2023-09-03T23:00,28.6,59,979,New_Delhi,28.6139,77.209
2023-09-04T00:00,27.7,62,978.8,New_Delhi,28.6139,77.209
2023-09-04T01:00,27.1,65,978.5,New_Delhi,28.6139,77.209
2023-09-04T02:00,26.6,67,978.4,New_Delhi,28.6139,77.209
2023-09-04T03:00,26.3,68,978.4,New_Delhi,28.6139,77.209
2023-09-04T04:00,26,69,978.3,New_Delhi,28.6139,77.209
2023-09-04T05:00,25.6,71,978.2,New_Delhi,28.6139,77.209
2023-09-04T06:00,26,70,979.2,New_Delhi,28.6139,77.209
2023-09-04T07:00,27.8,67,980,New_Delhi,28.6139,77.209
2023-09-04T08:00,30.1,57,980.1,New_Delhi,28.6139,77.209
2023-09-04T09:00,32.3,48,980.6,New_Delhi,28.6139,77.209
2023-09-04T10:00,34.1,42,980.4,New_Delhi,28.6139,77.209
2023-09-04T11:00,35.5,37,979.8,New_Delhi,28.6139,77.209
2023-09-04T12:00,36.5,34,978.9,New_Delhi,28.6139,77.209
2023-09-04T13:00,37.2,32,978.1,New_Delhi,28.6139,77.209
2023-09-04T14:00,37.3,32,977.2,New_Delhi,28.6139,77.209
2023-09-04T15:00,37.1,32,976.3,New_Delhi,28.6139,77.209
2023-09-04T16:00,36.7,33,975.9,New_Delhi,28.6139,77.209
2023-09-04T17:00,35.2,37,976.8,New_Delhi,28.6139,77.209
2023-09-04T18:00,33.8,41,977.4,New_Delhi,28.6139,77.209
2023-09-04T19:00,32.6,47,978,New_Delhi,28.6139,77.209
2023-09-04T20:00,31.5,51,979,New_Delhi,28.6139,77.209
2023-09-04T21:00,30.9,53,979.7,New_Delhi,28.6139,77.209
2023-09-04T22:00,29.9,57,979.6,New_Delhi,28.6139,77.209
2023-09-04T23:00,28.8,63,979.8,New_Delhi,28.6139,77.209
2023-09-05T00:00,28,73,979.5,New_Delhi,28.6139,77.209
2023-09-05T01:00,27.5,78,979.3,New_Delhi,28.6139,77.209
2023-09-05T02:00,27.2,81,978.9,New_Delhi,28.6139,77.209
2023-09-05T03:00,26.9,82,978.9,New_Delhi,28.6139,77.209
2023-09-05T04:00,26.5,84,979.3,New_Delhi,28.6139,77.209
2023-09-05T05:00,26.7,86,979.7,New_Delhi,28.6139,77.209
2023-09-05T06:00,27.7,81,980.2,New_Delhi,28.6139,77.209
2023-09-05T07:00,29,76,980.9,New_Delhi,28.6139,77.209
2023-09-05T08:00,30.7,70,981.2,New_Delhi,28.6139,77.209
2023-09-05T09:00,32.4,65,981.4,New_Delhi,28.6139,77.209
2023-09-05T10:00,33.7,62,981.3,New_Delhi,28.6139,77.209
2023-09-05T11:00,34.4,58,980.7,New_Delhi,28.6139,77.209
2023-09-05T12:00,35.5,50,979.9,New_Delhi,28.6139,77.209
2023-09-05T13:00,35.8,49,978.8,New_Delhi,28.6139,77.209
2023-09-05T14:00,36.2,47,977.8,New_Delhi,28.6139,77.209
2023-09-05T15:00,33.1,55,978,New_Delhi,28.6139,77.209
2023-09-05T16:00,29.3,73,978.5,New_Delhi,28.6139,77.209
2023-09-05T17:00,34.1,48,977.9,New_Delhi,28.6139,77.209
2023-09-05T18:00,32.7,54,978.8,New_Delhi,28.6139,77.209
2023-09-05T19:00,31.4,59,979.2,New_Delhi,28.6139,77.209
2023-09-05T20:00,30.5,64,979.8,New_Delhi,28.6139,77.209
2023-09-05T21:00,29.8,67,980.5,New_Delhi,28.6139,77.209
2023-09-05T22:00,29.4,69,980.6,New_Delhi,28.6139,77.209
2023-09-05T23:00,28.9,73,980.6,New_Delhi,28.6139,77.209
2023-09-06T00:00,28.1,81,980.6,New_Delhi,28.6139,77.209
2023-09-06T01:00,27.7,82,980.1,New_Delhi,28.6139,77.209
2023-09-06T02:00,27.2,83,979.9,New_Delhi,28.6139,77.209
2023-09-06T03:00,27.1,83,980.2,New_Delhi,28.6139,77.209
2023-09-06T04:00,26.7,86,980.6,New_Delhi,28.6139,77.209
2023-09-06T05:00,24.3,96,982.3,New_Delhi,28.6139,77.209
2023-09-06T06:00,25.7,91,982.1,New_Delhi,28.6139,77.209
2023-09-06T07:00,26.1,91,982.4,New_Delhi,28.6139,77.209
2023-09-06T08:00,28.1,81,982.6,New_Delhi,28.6139,77.209
2023-09-06T09:00,30.7,67,982.9,New_Delhi,28.6139,77.209
2023-09-06T10:00,33,55,982.8,New_Delhi,28.6139,77.209
2023-09-06T11:00,34.5,47,982.2,New_Delhi,28.6139,77.209
2023-09-06T12:00,35.5,43,981.5,New_Delhi,28.6139,77.209
2023-09-06T13:00,36.2,42,980.6,New_Delhi,28.6139,77.209
2023-09-06T14:00,36.2,43,979.5,New_Delhi,28.6139,77.209
2023-09-06T15:00,35.2,44,978.8,New_Delhi,28.6139,77.209
2023-09-06T16:00,34.9,44,978.3,New_Delhi,28.6139,77.209
2023-09-06T17:00,35.4,40,978.6,New_Delhi,28.6139,77.209
2023-09-06T18:00,34.9,42,979.2,New_Delhi,28.6139,77.209
2023-09-06T19:00,32.9,49,979.7,New_Delhi,28.6139,77.209
2023-09-06T20:00,32,54,980.4,New_Delhi,28.6139,77.209
2023-09-06T21:00,30.9,61,980.6,New_Delhi,28.6139,77.209
2023-09-06T22:00,30.1,65,980.7,New_Delhi,28.6139,77.209
2023-09-06T23:00,29.5,68,980.6,New_Delhi,28.6139,77.209
2023-09-07T00:00,29,69,980.3,New_Delhi,28.6139,77.209
2023-09-07T01:00,28.6,71,979.8,New_Delhi,28.6139,77.209
2023-09-07T02:00,28.2,73,979.5,New_Delhi,28.6139,77.209
2023-09-07T03:00,27.7,75,979.7,New_Delhi,28.6139,77.209
2023-09-07T04:00,27.2,79,979.9,New_Delhi,28.6139,77.209
2023-09-07T05:00,27,78,980.9,New_Delhi,28.6139,77.209
2023-09-07T06:00,28.2,72,981.2,New_Delhi,28.6139,77.209
2023-09-07T07:00,30.2,65,981.5,New_Delhi,28.6139,77.209
2023-09-07T08:00,32.6,54,982.2,New_Delhi,28.6139,77.209
2023-09-07T09:00,34.3,48,982.2,New_Delhi,28.6139,77.209
2023-09-07T10:00,35.4,44,981.9,New_Delhi,28.6139,77.209
2023-09-07T11:00,36.4,40,981.3,New_Delhi,28.6139,77.209
2023-09-07T12:00,37.4,36,980.4,New_Delhi,28.6139,77.209
2023-09-07T13:00,38,34,979.5,New_Delhi,28.6139,77.209
2023-09-07T14:00,38.4,32,978.3,New_Delhi,28.6139,77.209
2023-09-07T15:00,37.8,32,977.5,New_Delhi,28.6139,77.209
2023-09-07T16:00,37.1,34,977.2,New_Delhi,28.6139,77.209
2023-09-07T17:00,31.1,66,978,New_Delhi,28.6139,77.209
2023-09-07T18:00,31.6,62,978.6,New_Delhi,28.6139,77.209
2023-09-07T19:00,30.7,68,978.9,New_Delhi,28.6139,77.209
2023-09-07T20:00,30,75,979.4,New_Delhi,28.6139,77.209
2023-09-07T21:00,29.9,76,980.3,New_Delhi,28.6139,77.209
2023-09-07T22:00,29.7,74,980.6,New_Delhi,28.6139,77.209
2023-09-07T23:00,29.4,71,980.7,New_Delhi,28.6139,77.209
2023-09-08T00:00,29,70,980.2,New_Delhi,28.6139,77.209
2023-09-08T01:00,28.8,71,979.7,New_Delhi,28.6139,77.209
2023-09-08T02:00,28.3,75,979.3,New_Delhi,28.6139,77.209
2023-09-08T03:00,28,78,979.2,New_Delhi,28.6139,77.209
2023-09-08T04:00,28.1,78,979.5,New_Delhi,28.6139,77.209
2023-09-08T05:00,25.5,89,980.4,New_Delhi,28.6139,77.209
2023-09-08T06:00,26.4,86,980.9,New_Delhi,28.6139,77.209
2023-09-08T07:00,27.6,83,981.5,New_Delhi,28.6139,77.209
2023-09-08T08:00,29.6,71,981.6,New_Delhi,28.6139,77.209
2023-09-08T09:00,31.8,60,982.2,New_Delhi,28.6139,77.209
2023-09-08T10:00,33.6,51,982.3,New_Delhi,28.6139,77.209
2023-09-08T11:00,34.7,46,981.8,New_Delhi,28.6139,77.209
2023-09-08T12:00,35.4,44,980.9,New_Delhi,28.6139,77.209
2023-09-08T13:00,36.1,42,979.9,New_Delhi,28.6139,77.209
2023-09-08T14:00,36.6,41,978.6,New_Delhi,28.6139,77.209
2023-09-08T15:00,32.6,56,978.3,New_Delhi,28.6139,77.209
2023-09-08T16:00,33.2,54,978.1,New_Delhi,28.6139,77.209
2023-09-08T17:00,31.4,60,978.5,New_Delhi,28.6139,77.209
2023-09-08T18:00,29.9,69,979.1,New_Delhi,28.6139,77.209
2023-09-08T19:00,29.4,74,979.9,New_Delhi,28.6139,77.209
2023-09-08T20:00,28.4,76,980.4,New_Delhi,28.6139,77.209
2023-09-08T21:00,27.9,81,981.2,New_Delhi,28.6139,77.209
2023-09-08T22:00,27.5,84,981.1,New_Delhi,28.6139,77.209
2023-09-08T23:00,26.9,88,980.8,New_Delhi,28.6139,77.209
2023-09-09T00:00,26.8,89,980.1,New_Delhi,28.6139,77.209
2023-09-09T01:00,26.8,90,979.8,New_Delhi,28.6139,77.209
2023-09-09T02:00,26.6,91,979.4,New_Delhi,28.6139,77.209
2023-09-09T03:00,26.5,91,979.3,New_Delhi,28.6139,77.209
2023-09-09T04:00,26.4,91,979.4,New_Delhi,28.6139,77.209
2023-09-09T05:00,25.4,91,980.2,New_Delhi,28.6139,77.209
2023-09-09T06:00,25.9,92,980.5,New_Delhi,28.6139,77.209
2023-09-09T07:00,26.7,88,980.8,New_Delhi,28.6139,77.209
2023-09-09T08:00,27.4,85,981.1,New_Delhi,28.6139,77.209
2023-09-09T09:00,27.7,82,981.4,New_Delhi,28.6139,77.209
2023-09-09T10:00,28.8,76,981.4,New_Delhi,28.6139,77.209
2023-09-09T11:00,29.9,71,980.7,New_Delhi,28.6139,77.209
2023-09-09T12:00,32,60,980.1,New_Delhi,28.6139,77.209
2023-09-09T13:00,32.4,57,979,New_Delhi,28.6139,77.209
2023-09-09T14:00,32.1,57,977.9,New_Delhi,28.6139,77.209
2023-09-09T15:00,31,60,977.5,New_Delhi,28.6139,77.209
2023-09-09T16:00,30.9,62,977.4,New_Delhi,28.6139,77.209
2023-09-09T17:00,26.9,85,978.8,New_Delhi,28.6139,77.209
2023-09-09T18:00,26.6,84,978.8,New_Delhi,28.6139,77.209
2023-09-09T19:00,26.3,85,979,New_Delhi,28.6139,77.209
2023-09-09T20:00,26.5,81,979.2,New_Delhi,28.6139,77.209
2023-09-09T21:00,26.2,82,979.4,New_Delhi,28.6139,77.209
2023-09-09T22:00,25.9,82,979,New_Delhi,28.6139,77.209
2023-09-09T23:00,25.7,86,978.9,New_Delhi,28.6139,77.209
2023-09-10T00:00,25.4,90,978.6,New_Delhi,28.6139,77.209
2023-09-10T01:00,24.9,95,978.1,New_Delhi,28.6139,77.209
2023-09-10T02:00,24.7,94,977.1,New_Delhi,28.6139,77.209
2023-09-10T03:00,24.8,95,977,New_Delhi,28.6139,77.209
2023-09-10T04:00,25,94,977.1,New_Delhi,28.6139,77.209
2023-09-10T05:00,24.2,97,977.1,New_Delhi,28.6139,77.209
2023-09-10T06:00,24.2,96,977.7,New_Delhi,28.6139,77.209
2023-09-10T07:00,24.4,95,978.1,New_Delhi,28.6139,77.209
2023-09-10T08:00,24.9,93,978.5,New_Delhi,28.6139,77.209
2023-09-10T09:00,25.4,90,978.9,New_Delhi,28.6139,77.209
2023-09-10T10:00,27.2,82,979,New_Delhi,28.6139,77.209
2023-09-10T11:00,28.2,78,978.4,New_Delhi,28.6139,77.209
2023-09-10T12:00,28.8,78,977.7,New_Delhi,28.6139,77.209
2023-09-10T13:00,30,72,976.4,New_Delhi,28.6139,77.209
2023-09-10T14:00,26.4,88,976.2,New_Delhi,28.6139,77.209
2023-09-10T15:00,27.6,84,975.8,New_Delhi,28.6139,77.209
2023-09-10T16:00,28.4,79,975.3,New_Delhi,28.6139,77.209
2023-09-10T17:00,27.7,81,976.4,New_Delhi,28.6139,77.209
2023-09-10T18:00,26.9,85,977.1,New_Delhi,28.6139,77.209
2023-09-10T19:00,26.3,89,977.6,New_Delhi,28.6139,77.209
2023-09-10T20:00,25.8,91,977.9,New_Delhi,28.6139,77.209
2023-09-10T21:00,25.4,94,978.2,New_Delhi,28.6139,77.209
2023-09-10T22:00,25,96,978.2,New_Delhi,28.6139,77.209
2023-09-10T23:00,24.8,97,978.2,New_Delhi,28.6139,77.209
2023-09-11T00:00,24.6,97,977.9,New_Delhi,28.6139,77.209
2023-09-11T01:00,24.6,97,977.8,New_Delhi,28.6139,77.209
2023-09-11T02:00,24.6,96,977.4,New_Delhi,28.6139,77.209
2023-09-11T03:00,24.4,97,977.1,New_Delhi,28.6139,77.209
2023-09-11T04:00,24.3,98,977.1,New_Delhi,28.6139,77.209
2023-09-11T05:00,23.9,93,977.5,New_Delhi,28.6139,77.209
2023-09-11T06:00,24.2,92,978.1,New_Delhi,28.6139,77.209
2023-09-11T07:00,25.1,89,978.7,New_Delhi,28.6139,77.209
2023-09-11T08:00,26.5,83,979.3,New_Delhi,28.6139,77.209
2023-09-11T09:00,28.6,74,979.5,New_Delhi,28.6139,77.209
2023-09-11T10:00,29.6,72,979.7,New_Delhi,28.6139,77.209
2023-09-11T11:00,30.5,70,979,New_Delhi,28.6139,77.209
2023-09-11T12:00,31.6,63,977.9,New_Delhi,28.6139,77.209
2023-09-11T13:00,32.1,60,977.3,New_Delhi,28.6139,77.209
2023-09-11T14:00,30.7,68,976.4,New_Delhi,28.6139,77.209
2023-09-11T15:00,30.5,71,975.5,New_Delhi,28.6139,77.209
2023-09-11T16:00,30.7,68,975.4,New_Delhi,28.6139,77.209
2023-09-11T17:00,30.4,69,976.7,New_Delhi,28.6139,77.209
2023-09-11T18:00,29.5,70,977.3,New_Delhi,28.6139,77.209
2023-09-11T19:00,28.5,75,977.7,New_Delhi,28.6139,77.209
2023-09-11T20:00,27.8,77,978.4,New_Delhi,28.6139,77.209
2023-09-11T21:00,26.8,82,978.9,New_Delhi,28.6139,77.209
2023-09-11T22:00,26.2,87,979,New_Delhi,28.6139,77.209
2023-09-11T23:00,25.9,90,979,New_Delhi,28.6139,77.209
2023-09-12T00:00,25.6,91,978.5,New_Delhi,28.6139,77.209
2023-09-12T01:00,25.2,93,978.1,New_Delhi,28.6139,77.209
2023-09-12T02:00,24.9,95,977.7,New_Delhi,28.6139,77.209
2023-09-12T03:00,24.6,97,977.7,New_Delhi,28.6139,77.209
2023-09-12T04:00,24.4,98,978.3,New_Delhi,28.6139,77.209
2023-09-12T05:00,25.1,98,978.1,New_Delhi,28.6139,77.209
2023-09-12T06:00,25.8,94,978.9,New_Delhi,28.6139,77.209
2023-09-12T07:00,26.9,89,979.4,New_Delhi,28.6139,77.209
2023-09-12T08:00,28.5,81,979.9,New_Delhi,28.6139,77.209
2023-09-12T09:00,30.2,71,980.1,New_Delhi,28.6139,77.209
2023-09-12T10:00,31.6,62,980.1,New_Delhi,28.6139,77.209
2023-09-12T11:00,32.3,58,979.5,New_Delhi,28.6139,77.209
2023-09-12T12:00,32.7,56,979.1,New_Delhi,28.6139,77.209
2023-09-12T13:00,33.1,55,978.2,New_Delhi,28.6139,77.209
2023-09-12T14:00,33.4,55,977.3,New_Delhi,28.6139,77.209
2023-09-12T15:00,33.4,55,976.6,New_Delhi,28.6139,77.209
2023-09-12T16:00,33.2,55,976.1,New_Delhi,28.6139,77.209
2023-09-12T17:00,29.9,76,977.4,New_Delhi,28.6139,77.209
2023-09-12T18:00,29.1,79,977.4,New_Delhi,28.6139,77.209
2023-09-12T19:00,28.5,83,977.5,New_Delhi,28.6139,77.209
2023-09-12T20:00,28,86,978.2,New_Delhi,28.6139,77.209
2023-09-12T21:00,27.7,87,978.5,New_Delhi,28.6139,77.209
2023-09-12T22:00,27.6,87,978.8,New_Delhi,28.6139,77.209
2023-09-12T23:00,27.6,85,979,New_Delhi,28.6139,77.209
2023-09-13T00:00,27.3,85,978.7,New_Delhi,28.6139,77.209
2023-09-13T01:00,27,85,978.2,New_Delhi,28.6139,77.209
2023-09-13T02:00,26.6,87,978.2,New_Delhi,28.6139,77.209
2023-09-13T03:00,26.5,87,978.2,New_Delhi,28.6139,77.209
2023-09-13T04:00,26.4,88,978.4,New_Delhi,28.6139,77.209
2023-09-13T05:00,26.9,93,978.6,New_Delhi,28.6139,77.209
2023-09-13T06:00,27.6,90,978.6,New_Delhi,28.6139,77.209
2023-09-13T07:00,28.4,88,979.9,New_Delhi,28.6139,77.209
2023-09-13T08:00,29.5,83,980.2,New_Delhi,28.6139,77.209
2023-09-13T09:00,30.6,79,980.5,New_Delhi,28.6139,77.209
2023-09-13T10:00,31.8,72,980.3,New_Delhi,28.6139,77.209
2023-09-13T11:00,32.4,69,979.9,New_Delhi,28.6139,77.209
2023-09-13T12:00,32.9,66,979.3,New_Delhi,28.6139,77.209
2023-09-13T13:00,33.4,63,978.2,New_Delhi,28.6139,77.209
2023-09-13T14:00,33.7,61,977.2,New_Delhi,28.6139,77.209
2023-09-13T15:00,33.6,60,976.4,New_Delhi,28.6139,77.209
2023-09-13T16:00,33.4,60,976.1,New_Delhi,28.6139,77.209
2023-09-13T17:00,33.7,63,976.7,New_Delhi,28.6139,77.209
2023-09-13T18:00,32.1,72,977,New_Delhi,28.6139,77.209
2023-09-13T19:00,28.4,86,978.3,New_Delhi,28.6139,77.209
2023-09-13T20:00,27.7,89,978.5,New_Delhi,28.6139,77.209
2023-09-13T21:00,27.7,92,978.9,New_Delhi,28.6139,77.209
2023-09-13T22:00,27.6,92,979,New_Delhi,28.6139,77.209
2023-09-13T23:00,27.7,93,979.5,New_Delhi,28.6139,77.209
2023-09-14T00:00,27.5,92,979.1,New_Delhi,28.6139,77.209
2023-09-14T01:00,27.3,93,978.7,New_Delhi,28.6139,77.209
2023-09-14T02:00,27,94,978.7,New_Delhi,28.6139,77.209
2023-09-14T03:00,27.1,93,978.8,New_Delhi,28.6139,77.209
2023-09-14T04:00,27.1,92,978.8,New_Delhi,28.6139,77.209
2023-09-14T05:00,26.9,89,980,New_Delhi,28.6139,77.209
2023-09-14T06:00,27.1,89,980.2,New_Delhi,28.6139,77.209
2023-09-14T07:00,28.1,86,981.2,New_Delhi,28.6139,77.209
2023-09-14T08:00,29.1,81,981.7,New_Delhi,28.6139,77.209
2023-09-14T09:00,30.9,74,982.1,New_Delhi,28.6139,77.209
2023-09-14T10:00,32.3,69,981.9,New_Delhi,28.6139,77.209
2023-09-14T11:00,33.1,66,981.7,New_Delhi,28.6139,77.209
2023-09-14T12:00,33.7,63,980.9,New_Delhi,28.6139,77.209
2023-09-14T13:00,34.1,59,979.7,New_Delhi,28.6139,77.209
2023-09-14T14:00,33.2,61,978.9,New_Delhi,28.6139,77.209
2023-09-14T15:00,32.7,64,978.3,New_Delhi,28.6139,77.209
2023-09-14T16:00,30.4,78,978.2,New_Delhi,28.6139,77.209
2023-09-14T17:00,29.7,79,977.6,New_Delhi,28.6139,77.209
2023-09-14T18:00,27.4,90,978.7,New_Delhi,28.6139,77.209
2023-09-14T19:00,27.4,91,978.5,New_Delhi,28.6139,77.209
2023-09-14T20:00,27.5,91,979.1,New_Delhi,28.6139,77.209
2023-09-14T21:00,27.2,91,980.9,New_Delhi,28.6139,77.209
2023-09-14T22:00,27,86,980.9,New_Delhi,28.6139,77.209
2023-09-14T23:00,26.7,88,980.8,New_Delhi,28.6139,77.209
2023-09-15T00:00,26.5,90,980.8,New_Delhi,28.6139,77.209
2023-09-15T01:00,26.2,92,980.1,New_Delhi,28.6139,77.209
2023-09-15T02:00,26,94,979.4,New_Delhi,28.6139,77.209
2023-09-15T03:00,25.6,96,979.4,New_Delhi,28.6139,77.209
2023-09-15T04:00,25.5,97,979.7,New_Delhi,28.6139,77.209
2023-09-15T05:00,26.3,97,981.3,New_Delhi,28.6139,77.209
2023-09-15T06:00,26.6,96,981.8,New_Delhi,28.6139,77.209
2023-09-15T07:00,26.6,95,982.1,New_Delhi,28.6139,77.209
2023-09-15T08:00,26.5,96,982.2,New_Delhi,28.6139,77.209
2023-09-15T09:00,27.2,94,983.1,New_Delhi,28.6139,77.209
2023-09-15T10:00,27.4,91,983.8,New_Delhi,28.6139,77.209
2023-09-15T11:00,28.4,86,983.1,New_Delhi,28.6139,77.209
2023-09-15T12:00,29.7,81,982.6,New_Delhi,28.6139,77.209
2023-09-15T13:00,31,76,981.4,New_Delhi,28.6139,77.209
2023-09-15T14:00,31.6,73,979.8,New_Delhi,28.6139,77.209
2023-09-15T15:00,32,70,978.5,New_Delhi,28.6139,77.209
2023-09-15T16:00,31.9,70,977.9,New_Delhi,28.6139,77.209
2023-09-15T17:00,31.4,74,978.6,New_Delhi,28.6139,77.209
2023-09-15T18:00,29.8,81,979.2,New_Delhi,28.6139,77.209
2023-09-15T19:00,28.9,86,980.2,New_Delhi,28.6139,77.209
2023-09-15T20:00,28.2,90,981.1,New_Delhi,28.6139,77.209
2023-09-15T21:00,27.8,90,981.5,New_Delhi,28.6139,77.209
2023-09-15T22:00,27.5,91,981.6,New_Delhi,28.6139,77.209
2023-09-15T23:00,27.3,92,981.3,New_Delhi,28.6139,77.209
2023-09-16T00:00,27.2,92,980.8,New_Delhi,28.6139,77.209
2023-09-16T01:00,26.9,93,980.2,New_Delhi,28.6139,77.209
2023-09-16T02:00,26.7,94,979.9,New_Delhi,28.6139,77.209
2023-09-16T03:00,26.6,93,979.5,New_Delhi,28.6139,77.209
2023-09-16T04:00,26.4,93,979.7,New_Delhi,28.6139,77.209
2023-09-16T05:00,27,89,980.1,New_Delhi,28.6139,77.209
2023-09-16T06:00,27.4,87,980.7,New_Delhi,28.6139,77.209
2023-09-16T07:00,28.2,85,981.5,New_Delhi,28.6139,77.209
2023-09-16T08:00,29.5,80,981.7,New_Delhi,28.6139,77.209
2023-09-16T09:00,30.8,72,981.9,New_Delhi,28.6139,77.209
2023-09-16T10:00,31.5,70,981.8,New_Delhi,28.6139,77.209
2023-09-16T11:00,31,68,981.1,New_Delhi,28.6139,77.209
2023-09-16T12:00,30.9,71,980.5,New_Delhi,28.6139,77.209
2023-09-16T13:00,30.9,70,979.5,New_Delhi,28.6139,77.209
2023-09-16T14:00,31.1,68,978.6,New_Delhi,28.6139,77.209
2023-09-16T15:00,30.2,72,978,New_Delhi,28.6139,77.209
2023-09-16T16:00,29.7,74,978.1,New_Delhi,28.6139,77.209
2023-09-16T17:00,26.7,93,978.9,New_Delhi,28.6139,77.209
2023-09-16T18:00,27.3,92,979.2,New_Delhi,28.6139,77.209
2023-09-16T19:00,27.3,93,979.4,New_Delhi,28.6139,77.209
2023-09-16T20:00,27.1,93,980.2,New_Delhi,28.6139,77.209
2023-09-16T21:00,26.9,93,980.1,New_Delhi,28.6139,77.209
2023-09-16T22:00,26.9,92,980.1,New_Delhi,28.6139,77.209
2023-09-16T23:00,26.7,92,979.8,New_Delhi,28.6139,77.209
2023-09-17T00:00,26.5,93,979.1,New_Delhi,28.6139,77.209
2023-09-17T01:00,26.3,93,978.9,New_Delhi,28.6139,77.209
2023-09-17T02:00,26.1,94,978.6,New_Delhi,28.6139,77.209
2023-09-17T03:00,26,95,978.5,New_Delhi,28.6139,77.209
2023-09-17T04:00,25.9,95,978.5,New_Delhi,28.6139,77.209
2023-09-17T05:00,25.3,94,978.4,New_Delhi,28.6139,77.209
2023-09-17T06:00,25.2,94,979.3,New_Delhi,28.6139,77.209
2023-09-17T07:00,26.2,90,979.8,New_Delhi,28.6139,77.209
2023-09-17T08:00,27.6,86,979.5,New_Delhi,28.6139,77.209
2023-09-17T09:00,28.3,83,980.1,New_Delhi,28.6139,77.209
2023-09-17T10:00,29.4,77,979.6,New_Delhi,28.6139,77.209
2023-09-17T11:00,30.7,71,978.9,New_Delhi,28.6139,77.209
2023-09-17T12:00,31.7,69,978.5,New_Delhi,28.6139,77.209
2023-09-17T13:00,29.5,75,977.8,New_Delhi,28.6139,77.209
2023-09-17T14:00,27.5,82,977,New_Delhi,28.6139,77.209
2023-09-17T15:00,28.2,83,976.2,New_Delhi,28.6139,77.209
2023-09-17T16:00,28.1,80,976.6,New_Delhi,28.6139,77.209
2023-09-17T17:00,26.2,90,976.3,New_Delhi,28.6139,77.209
2023-09-17T18:00,26.7,90,977.1,New_Delhi,28.6139,77.209
2023-09-17T19:00,25.3,93,978.1,New_Delhi,28.6139,77.209
2023-09-17T20:00,26.1,91,978.3,New_Delhi,28.6139,77.209
2023-09-17T21:00,26.3,92,978.6,New_Delhi,28.6139,77.209
2023-09-17T22:00,26.2,93,978.9,New_Delhi,28.6139,77.209
2023-09-17T23:00,26,93,978.7,New_Delhi,28.6139,77.209
2023-09-18T00:00,25.8,92,978.6,New_Delhi,28.6139,77.209
2023-09-18T01:00,25.5,91,978.4,New_Delhi,28.6139,77.209
2023-09-18T02:00,25.2,91,978.2,New_Delhi,28.6139,77.209
2023-09-18T03:00,24.9,92,978.5,New_Delhi,28.6139,77.209
2023-09-18T04:00,24.7,90,978.5,New_Delhi,28.6139,77.209
2023-09-18T05:00,25.1,92,978.7,New_Delhi,28.6139,77.209
2023-09-18T06:00,25.3,89,979.3,New_Delhi,28.6139,77.209
2023-09-18T07:00,26.2,86,979.8,New_Delhi,28.6139,77.209
2023-09-18T08:00,27.8,77,980.1,New_Delhi,28.6139,77.209
2023-09-18T09:00,29.1,71,980.3,New_Delhi,28.6139,77.209
2023-09-18T10:00,30.4,65,980.6,New_Delhi,28.6139,77.209
2023-09-18T11:00,30.8,64,980.4,New_Delhi,28.6139,77.209
2023-09-18T12:00,31.5,63,979.7,New_Delhi,28.6139,77.209
2023-09-18T13:00,31.7,63,978.8,New_Delhi,28.6139,77.209
2023-09-18T14:00,31.6,63,977.7,New_Delhi,28.6139,77.209
2023-09-18T15:00,31.5,62,976.6,New_Delhi,28.6139,77.209
2023-09-18T16:00,31.5,61,976.6,New_Delhi,28.6139,77.209
2023-09-18T17:00,30.1,70,978.3,New_Delhi,28.6139,77.209
2023-09-18T18:00,29,74,979,New_Delhi,28.6139,77.209
2023-09-18T19:00,28,80,979.6,New_Delhi,28.6139,77.209
2023-09-18T20:00,27.3,85,980.8,New_Delhi,28.6139,77.209
2023-09-18T21:00,25.8,89,981.3,New_Delhi,28.6139,77.209
2023-09-18T22:00,25.6,92,981.8,New_Delhi,28.6139,77.209
2023-09-18T23:00,25.2,93,981.7,New_Delhi,28.6139,77.209
2023-09-19T00:00,25.1,94,981.7,New_Delhi,28.6139,77.209
2023-09-19T01:00,24.9,94,981.3,New_Delhi,28.6139,77.209
2023-09-19T02:00,24.7,94,981,New_Delhi,28.6139,77.209
2023-09-19T03:00,24.6,95,980.9,New_Delhi,28.6139,77.209
2023-09-19T04:00,24.6,95,980.8,New_Delhi,28.6139,77.209
2023-09-19T05:00,25.2,90,981,New_Delhi,28.6139,77.209
2023-09-19T06:00,25.8,88,981.7,New_Delhi,28.6139,77.209
2023-09-19T07:00,26.8,88,982.3,New_Delhi,28.6139,77.209
2023-09-19T08:00,28.3,82,982.8,New_Delhi,28.6139,77.209
2023-09-19T09:00,30,76,983.3,New_Delhi,28.6139,77.209
2023-09-19T10:00,31.3,66,983.1,New_Delhi,28.6139,77.209
2023-09-19T11:00,32.2,60,982.8,New_Delhi,28.6139,77.209
2023-09-19T12:00,32.8,57,982.3,New_Delhi,28.6139,77.209
2023-09-19T13:00,33,57,981.5,New_Delhi,28.6139,77.209
2023-09-19T14:00,33.1,56,980.6,New_Delhi,28.6139,77.209
2023-09-19T15:00,32.7,57,979.9,New_Delhi,28.6139,77.209
2023-09-19T16:00,32.4,58,979.3,New_Delhi,28.6139,77.209
2023-09-19T17:00,31.1,68,980.5,New_Delhi,28.6139,77.209
2023-09-19T18:00,29.5,74,980.8,New_Delhi,28.6139,77.209
2023-09-19T19:00,28.5,78,981.4,New_Delhi,28.6139,77.209
2023-09-19T20:00,28.1,78,982.3,New_Delhi,28.6139,77.209
2023-09-19T21:00,27.9,77,982.7,New_Delhi,28.6139,77.209
2023-09-19T22:00,27.5,81,982.9,New_Delhi,28.6139,77.209
2023-09-19T23:00,26.9,85,983.1,New_Delhi,28.6139,77.209
2023-09-20T00:00,26.3,89,983,New_Delhi,28.6139,77.209
2023-09-20T01:00,26.1,91,982.8,New_Delhi,28.6139,77.209
2023-09-20T02:00,26,91,982.8,New_Delhi,28.6139,77.209
2023-09-20T03:00,25.8,93,982.8,New_Delhi,28.6139,77.209
2023-09-20T04:00,25.5,94,982.7,New_Delhi,28.6139,77.209
2023-09-20T05:00,27.3,83,982.8,New_Delhi,28.6139,77.209
2023-09-20T06:00,27.7,82,983.2,New_Delhi,28.6139,77.209
2023-09-20T07:00,28.8,80,983.4,New_Delhi,28.6139,77.209
2023-09-20T08:00,30.2,72,984,New_Delhi,28.6139,77.209
2023-09-20T09:00,31.5,65,984.2,New_Delhi,28.6139,77.209
2023-09-20T10:00,32.5,62,984,New_Delhi,28.6139,77.209
2023-09-20T11:00,32.8,60,983.6,New_Delhi,28.6139,77.209
2023-09-20T12:00,32.9,61,982.6,New_Delhi,28.6139,77.209
2023-09-20T13:00,33.1,61,981.4,New_Delhi,28.6139,77.209
2023-09-20T14:00,31.8,65,980.5,New_Delhi,28.6139,77.209
2023-09-20T15:00,31.4,65,979.8,New_Delhi,28.6139,77.209
2023-09-20T16:00,31.2,67,979.2,New_Delhi,28.6139,77.209
2023-09-20T17:00,31.9,67,979.5,New_Delhi,28.6139,77.209
2023-09-20T18:00,29.9,77,980,New_Delhi,28.6139,77.209
2023-09-20T19:00,29.3,78,980.5,New_Delhi,28.6139,77.209
2023-09-20T20:00,28.9,80,981.2,New_Delhi,28.6139,77.209
2023-09-20T21:00,28.8,78,981.7,New_Delhi,28.6139,77.209
2023-09-20T22:00,28.3,79,982,New_Delhi,28.6139,77.209
2023-09-20T23:00,28,81,982,New_Delhi,28.6139,77.209
2023-09-21T00:00,27.5,83,981.9,New_Delhi,28.6139,77.209
2023-09-21T01:00,27,88,981.8,New_Delhi,28.6139,77.209
2023-09-21T02:00,26.7,89,981.4,New_Delhi,28.6139,77.209
2023-09-21T03:00,26.3,91,981.6,New_Delhi,28.6139,77.209
2023-09-21T04:00,26,92,981.4,New_Delhi,28.6139,77.209
2023-09-21T05:00,27.6,87,981.5,New_Delhi,28.6139,77.209
2023-09-21T06:00,27.8,89,981.8,New_Delhi,28.6139,77.209
2023-09-21T07:00,28.7,86,982.2,New_Delhi,28.6139,77.209
2023-09-21T08:00,30.4,79,983.1,New_Delhi,28.6139,77.209
2023-09-21T09:00,29.9,80,983.4,New_Delhi,28.6139,77.209
2023-09-21T10:00,30.8,76,983.5,New_Delhi,28.6139,77.209
2023-09-21T11:00,31.7,73,983.1,New_Delhi,28.6139,77.209
2023-09-21T12:00,32.6,67,982.2,New_Delhi,28.6139,77.209
2023-09-21T13:00,33.2,62,981.1,New_Delhi,28.6139,77.209
2023-09-21T14:00,33.5,59,979.9,New_Delhi,28.6139,77.209
2023-09-21T15:00,33.2,59,979,New_Delhi,28.6139,77.209
2023-09-21T16:00,32.2,60,979,New_Delhi,28.6139,77.209
2023-09-21T17:00,28.8,79,980.1,New_Delhi,28.6139,77.209
2023-09-21T18:00,26.9,90,979.6,New_Delhi,28.6139,77.209
2023-09-21T19:00,26.4,92,980.6,New_Delhi,28.6139,77.209
2023-09-21T20:00,26.8,90,981.2,New_Delhi,28.6139,77.209
2023-09-21T21:00,26.8,89,981.4,New_Delhi,28.6139,77.209
2023-09-21T22:00,26.6,91,981.8,New_Delhi,28.6139,77.209
2023-09-21T23:00,26.6,90,981.8,New_Delhi,28.6139,77.209
2023-09-22T00:00,26.6,89,981.5,New_Delhi,28.6139,77.209
2023-09-22T01:00,26.4,90,981.1,New_Delhi,28.6139,77.209
2023-09-22T02:00,25.7,95,980.8,New_Delhi,28.6139,77.209
2023-09-22T03:00,25.7,95,981.1,New_Delhi,28.6139,77.209
2023-09-22T04:00,25.3,96,981.5,New_Delhi,28.6139,77.209
2023-09-22T05:00,26.3,94,981.3,New_Delhi,28.6139,77.209
2023-09-22T06:00,27.1,90,982.1,New_Delhi,28.6139,77.209
2023-09-22T07:00,28.3,84,982.7,New_Delhi,28.6139,77.209
2023-09-22T08:00,29.3,81,983.3,New_Delhi,28.6139,77.209
2023-09-22T09:00,30.6,78,983.4,New_Delhi,28.6139,77.209
2023-09-22T10:00,31.5,74,983.4,New_Delhi,28.6139,77.209
2023-09-22T11:00,32.3,66,982.9,New_Delhi,28.6139,77.209
2023-09-22T12:00,33.1,61,982.3,New_Delhi,28.6139,77.209
2023-09-22T13:00,33.2,61,981.6,New_Delhi,28.6139,77.209
2023-09-22T14:00,33.3,61,980.6,New_Delhi,28.6139,77.209
2023-09-22T15:00,33,62,979.7,New_Delhi,28.6139,77.209
2023-09-22T16:00,31.8,65,979.6,New_Delhi,28.6139,77.209
2023-09-22T17:00,32.7,61,979.6,New_Delhi,28.6139,77.209
2023-09-22T18:00,31.1,66,980.2,New_Delhi,28.6139,77.209
2023-09-22T19:00,30.1,71,980.6,New_Delhi,28.6139,77.209
2023-09-22T20:00,29.1,78,981.4,New_Delhi,28.6139,77.209
2023-09-22T21:00,28.5,81,982,New_Delhi,28.6139,77.209
2023-09-22T22:00,28.2,81,981.8,New_Delhi,28.6139,77.209
2023-09-22T23:00,27.4,86,981.9,New_Delhi,28.6139,77.209
2023-09-23T00:00,27,89,981.8,New_Delhi,28.6139,77.209
2023-09-23T01:00,26.4,93,981.5,New_Delhi,28.6139,77.209
2023-09-23T02:00,26.1,95,981.4,New_Delhi,28.6139,77.209
2023-09-23T03:00,25.9,97,981.1,New_Delhi,28.6139,77.209
2023-09-23T04:00,25.6,97,981,New_Delhi,28.6139,77.209
2023-09-23T05:00,25.8,98,981.3,New_Delhi,28.6139,77.209
2023-09-23T06:00,26.2,95,982,New_Delhi,28.6139,77.209
2023-09-23T07:00,27,92,983.4,New_Delhi,28.6139,77.209
2023-09-23T08:00,28.1,86,984.2,New_Delhi,28.6139,77.209
2023-09-23T09:00,29.5,80,984.6,New_Delhi,28.6139,77.209
2023-09-23T10:00,30.9,72,984.4,New_Delhi,28.6139,77.209
2023-09-23T11:00,31.7,70,984,New_Delhi,28.6139,77.209
2023-09-23T12:00,32.3,68,983.3,New_Delhi,28.6139,77.209
2023-09-23T13:00,32.8,64,982.3,New_Delhi,28.6139,77.209
2023-09-23T14:00,32.5,63,981.2,New_Delhi,28.6139,77.209
2023-09-23T15:00,31.8,62,980.8,New_Delhi,28.6139,77.209
2023-09-23T16:00,30.9,70,980.6,New_Delhi,28.6139,77.209
2023-09-23T17:00,30.6,71,981,New_Delhi,28.6139,77.209
2023-09-23T18:00,29.2,79,980.9,New_Delhi,28.6139,77.209
2023-09-23T19:00,29.2,76,981.4,New_Delhi,28.6139,77.209
2023-09-23T20:00,27.5,87,982.3,New_Delhi,28.6139,77.209
2023-09-23T21:00,26.9,90,982.7,New_Delhi,28.6139,77.209
2023-09-23T22:00,26.5,91,982.9,New_Delhi,28.6139,77.209
2023-09-23T23:00,26.2,93,982.5,New_Delhi,28.6139,77.209
2023-09-24T00:00,25.9,94,982.2,New_Delhi,28.6139,77.209
2023-09-24T01:00,25.6,95,981.9,New_Delhi,28.6139,77.209
2023-09-24T02:00,25.5,96,981.5,New_Delhi,28.6139,77.209
2023-09-24T03:00,25.3,96,981.5,New_Delhi,28.6139,77.209
2023-09-24T04:00,25.3,96,981.5,New_Delhi,28.6139,77.209
2023-09-24T05:00,25.6,96,982.4,New_Delhi,28.6139,77.209
2023-09-24T06:00,25.6,96,982.9,New_Delhi,28.6139,77.209
2023-09-24T07:00,26.7,93,983.6,New_Delhi,28.6139,77.209
2023-09-24T08:00,26.8,85,984,New_Delhi,28.6139,77.209
2023-09-24T09:00,25.9,84,984.4,New_Delhi,28.6139,77.209
2023-09-24T10:00,28.9,74,983.9,New_Delhi,28.6139,77.209
2023-09-24T11:00,30.6,68,983.6,New_Delhi,28.6139,77.209
2023-09-24T12:00,31.9,61,982.6,New_Delhi,28.6139,77.209
2023-09-24T13:00,32.6,57,981.6,New_Delhi,28.6139,77.209
2023-09-24T14:00,32.8,54,980.6,New_Delhi,28.6139,77.209
2023-09-24T15:00,32.6,56,979.8,New_Delhi,28.6139,77.209
2023-09-24T16:00,32.2,57,979.1,New_Delhi,28.6139,77.209
2023-09-24T17:00,29.7,67,979.9,New_Delhi,28.6139,77.209
2023-09-24T18:00,28.4,74,980.2,New_Delhi,28.6139,77.209
2023-09-24T19:00,27.6,79,980.5,New_Delhi,28.6139,77.209
2023-09-24T20:00,26.7,85,981.1,New_Delhi,28.6139,77.209
2023-09-24T21:00,26.2,88,981.9,New_Delhi,28.6139,77.209
2023-09-24T22:00,25.9,88,982.1,New_Delhi,28.6139,77.209
2023-09-24T23:00,26.3,85,982,New_Delhi,28.6139,77.209
2023-09-25T00:00,26.4,84,981.7,New_Delhi,28.6139,77.209
2023-09-25T01:00,25.9,87,981.5,New_Delhi,28.6139,77.209
2023-09-25T02:00,25.2,91,981.5,New_Delhi,28.6139,77.209
2023-09-25T03:00,24.8,92,981.5,New_Delhi,28.6139,77.209
2023-09-25T04:00,24.6,93,981.7,New_Delhi,28.6139,77.209
2023-09-25T05:00,24.8,94,982,New_Delhi,28.6139,77.209
2023-09-25T06:00,25.3,91,982.6,New_Delhi,28.6139,77.209
2023-09-25T07:00,26.4,87,983.3,New_Delhi,28.6139,77.209
2023-09-25T08:00,28,81,983.7,New_Delhi,28.6139,77.209
2023-09-25T09:00,29.7,74,983.9,New_Delhi,28.6139,77.209
2023-09-25T10:00,31.2,66,983.7,New_Delhi,28.6139,77.209
2023-09-25T11:00,32.1,60,983.6,New_Delhi,28.6139,77.209
2023-09-25T12:00,32.6,56,983.1,New_Delhi,28.6139,77.209
2023-09-25T13:00,32.9,54,982.1,New_Delhi,28.6139,77.209
2023-09-25T14:00,32.9,52,981.3,New_Delhi,28.6139,77.209
2023-09-25T15:00,32.8,52,980.5,New_Delhi,28.6139,77.209
2023-09-25T16:00,32.4,54,980.2,New_Delhi,28.6139,77.209
2023-09-25T17:00,31.4,65,980.8,New_Delhi,28.6139,77.209
2023-09-25T18:00,29.6,74,980.9,New_Delhi,28.6139,77.209
2023-09-25T19:00,28.3,83,981.5,New_Delhi,28.6139,77.209
2023-09-25T20:00,27.9,83,982.2,New_Delhi,28.6139,77.209
2023-09-25T21:00,27.4,85,982.9,New_Delhi,28.6139,77.209
2023-09-25T22:00,27.3,83,983.1,New_Delhi,28.6139,77.209
2023-09-25T23:00,26.4,87,983,New_Delhi,28.6139,77.209
2023-09-26T00:00,26.2,86,982.7,New_Delhi,28.6139,77.209
2023-09-26T01:00,25.9,88,982.4,New_Delhi,28.6139,77.209
2023-09-26T02:00,25.7,90,982.1,New_Delhi,28.6139,77.209
2023-09-26T03:00,25.4,92,982.3,New_Delhi,28.6139,77.209
2023-09-26T04:00,24.9,94,982.4,New_Delhi,28.6139,77.209
2023-09-26T05:00,25.8,88,982.9,New_Delhi,28.6139,77.209
2023-09-26T06:00,26,89,983.7,New_Delhi,28.6139,77.209
2023-09-26T07:00,26.6,87,984.3,New_Delhi,28.6139,77.209
2023-09-26T08:00,28.5,79,985,New_Delhi,28.6139,77.209
2023-09-26T09:00,30.2,69,985.3,New_Delhi,28.6139,77.209
2023-09-26T10:00,31.2,63,985.2,New_Delhi,28.6139,77.209
2023-09-26T11:00,32,58,984.8,New_Delhi,28.6139,77.209
2023-09-26T12:00,32.6,55,984,New_Delhi,28.6139,77.209
2023-09-26T13:00,32.8,53,983.2,New_Delhi,28.6139,77.209
2023-09-26T14:00,32.9,51,982.5,New_Delhi,28.6139,77.209
2023-09-26T15:00,32.9,51,981.9,New_Delhi,28.6139,77.209
2023-09-26T16:00,32.4,52,981.5,New_Delhi,28.6139,77.209
2023-09-26T17:00,32,59,981.4,New_Delhi,28.6139,77.209
2023-09-26T18:00,29.7,70,982,New_Delhi,28.6139,77.209
2023-09-26T19:00,29.2,72,982.5,New_Delhi,28.6139,77.209
2023-09-26T20:00,28.4,72,983.2,New_Delhi,28.6139,77.209
2023-09-26T21:00,27.5,73,983.7,New_Delhi,28.6139,77.209
2023-09-26T22:00,26.6,74,983.8,New_Delhi,28.6139,77.209
2023-09-26T23:00,25.9,77,983.5,New_Delhi,28.6139,77.209
2023-09-27T00:00,25.4,79,983.3,New_Delhi,28.6139,77.209
2023-09-27T01:00,24.9,82,983,New_Delhi,28.6139,77.209
2023-09-27T02:00,24.3,85,982.8,New_Delhi,28.6139,77.209
2023-09-27T03:00,23.8,87,982.9,New_Delhi,28.6139,77.209
2023-09-27T04:00,23.3,89,983.1,New_Delhi,28.6139,77.209
2023-09-27T05:00,23.9,89,983.7,New_Delhi,28.6139,77.209
2023-09-27T06:00,24.5,87,984.4,New_Delhi,28.6139,77.209
2023-09-27T07:00,26,82,984.7,New_Delhi,28.6139,77.209
2023-09-27T08:00,28.1,74,985.4,New_Delhi,28.6139,77.209
2023-09-27T09:00,29.9,66,985.6,New_Delhi,28.6139,77.209
2023-09-27T10:00,31.1,58,985.1,New_Delhi,28.6139,77.209
2023-09-27T11:00,32,53,984.5,New_Delhi,28.6139,77.209
2023-09-27T12:00,32.7,48,983.3,New_Delhi,28.6139,77.209
2023-09-27T13:00,33.3,44,982.4,New_Delhi,28.6139,77.209
2023-09-27T14:00,33.3,42,981.8,New_Delhi,28.6139,77.209
2023-09-27T15:00,33.1,42,981.2,New_Delhi,28.6139,77.209
2023-09-27T16:00,32.4,43,981,New_Delhi,28.6139,77.209
2023-09-27T17:00,30.1,50,981.1,New_Delhi,28.6139,77.209
2023-09-27T18:00,27.3,57,981.2,New_Delhi,28.6139,77.209
2023-09-27T19:00,26.6,58,981.5,New_Delhi,28.6139,77.209
2023-09-27T20:00,26.1,59,982.3,New_Delhi,28.6139,77.209
2023-09-27T21:00,25.8,62,982.6,New_Delhi,28.6139,77.209
2023-09-27T22:00,25.4,65,982.5,New_Delhi,28.6139,77.209
2023-09-27T23:00,24.9,66,982.2,New_Delhi,28.6139,77.209
2023-09-28T00:00,24.1,69,981.8,New_Delhi,28.6139,77.209
2023-09-28T01:00,23,74,981.6,New_Delhi,28.6139,77.209
2023-09-28T02:00,22.5,77,981.5,New_Delhi,28.6139,77.209
2023-09-28T03:00,21.8,80,981.5,New_Delhi,28.6139,77.209
2023-09-28T04:00,21.6,81,981.7,New_Delhi,28.6139,77.209
2023-09-28T05:00,20.6,87,982.7,New_Delhi,28.6139,77.209
2023-09-28T06:00,21.4,84,983.4,New_Delhi,28.6139,77.209
2023-09-28T07:00,23.3,78,983.9,New_Delhi,28.6139,77.209
2023-09-28T08:00,26,70,984.8,New_Delhi,28.6139,77.209
2023-09-28T09:00,28.7,60,985.4,New_Delhi,28.6139,77.209
2023-09-28T10:00,30.6,52,985.2,New_Delhi,28.6139,77.209
2023-09-28T11:00,31.7,47,984.9,New_Delhi,28.6139,77.209
2023-09-28T12:00,32.5,43,984,New_Delhi,28.6139,77.209
2023-09-28T13:00,33,40,983,New_Delhi,28.6139,77.209
2023-09-28T14:00,33.1,39,982,New_Delhi,28.6139,77.209
2023-09-28T15:00,32.8,39,981.2,New_Delhi,28.6139,77.209
2023-09-28T16:00,32.2,41,980.9,New_Delhi,28.6139,77.209
2023-09-28T17:00,29.6,53,980.7,New_Delhi,28.6139,77.209
2023-09-28T18:00,26.6,60,980.4,New_Delhi,28.6139,77.209
2023-09-28T19:00,25.6,64,981,New_Delhi,28.6139,77.209
2023-09-28T20:00,25.5,65,981.6,New_Delhi,28.6139,77.209
2023-09-28T21:00,25.4,61,982.3,New_Delhi,28.6139,77.209
2023-09-28T22:00,24.6,59,982.2,New_Delhi,28.6139,77.209
2023-09-28T23:00,23.7,62,982.2,New_Delhi,28.6139,77.209
2023-09-29T00:00,22.7,66,981.6,New_Delhi,28.6139,77.209
2023-09-29T01:00,21.6,73,981.1,New_Delhi,28.6139,77.209
2023-09-29T02:00,22,70,980.9,New_Delhi,28.6139,77.209
2023-09-29T03:00,21.1,74,980.9,New_Delhi,28.6139,77.209
2023-09-29T04:00,20.4,77,981.1,New_Delhi,28.6139,77.209
2023-09-29T05:00,20.9,81,982.3,New_Delhi,28.6139,77.209
2023-09-29T06:00,21.5,80,982.7,New_Delhi,28.6139,77.209
2023-09-29T07:00,23.3,76,983.6,New_Delhi,28.6139,77.209
2023-09-29T08:00,26,68,984.8,New_Delhi,28.6139,77.209
2023-09-29T09:00,28.5,61,985.1,New_Delhi,28.6139,77.209
2023-09-29T10:00,30.5,53,985.1,New_Delhi,28.6139,77.209
2023-09-29T11:00,31.9,43,984.5,New_Delhi,28.6139,77.209
2023-09-29T12:00,32.6,39,983.7,New_Delhi,28.6139,77.209
2023-09-29T13:00,33,37,982.7,New_Delhi,28.6139,77.209
2023-09-29T14:00,33.2,36,981.9,New_Delhi,28.6139,77.209
2023-09-29T15:00,33.1,37,981.1,New_Delhi,28.6139,77.209
2023-09-29T16:00,32.5,39,980.7,New_Delhi,28.6139,77.209
2023-09-29T17:00,30.6,57,980.6,New_Delhi,28.6139,77.209
2023-09-29T18:00,28,64,980.8,New_Delhi,28.6139,77.209
2023-09-29T19:00,27.3,68,981.4,New_Delhi,28.6139,77.209
2023-09-29T20:00,26.5,71,982.1,New_Delhi,28.6139,77.209
2023-09-29T21:00,26.1,70,982.5,New_Delhi,28.6139,77.209
2023-09-29T22:00,25.5,67,982.8,New_Delhi,28.6139,77.209
2023-09-29T23:00,24.5,68,982.9,New_Delhi,28.6139,77.209
2023-09-30T00:00,23.9,71,982.5,New_Delhi,28.6139,77.209
2023-09-30T01:00,23.5,73,982.1,New_Delhi,28.6139,77.209
2023-09-30T02:00,23,75,981.6,New_Delhi,28.6139,77.209
2023-09-30T03:00,23.2,73,981.3,New_Delhi,28.6139,77.209
2023-09-30T04:00,22.8,75,981.1,New_Delhi,28.6139,77.209
2023-09-30T05:00,22.9,80,981.8,New_Delhi,28.6139,77.209
2023-09-30T06:00,23.5,78,982.5,New_Delhi,28.6139,77.209
2023-09-30T07:00,24.6,75,983.4,New_Delhi,28.6139,77.209
2023-09-30T08:00,26.7,70,984.2,New_Delhi,28.6139,77.209
2023-09-30T09:00,29.2,62,984.6,New_Delhi,28.6139,77.209
2023-09-30T10:00,31.2,56,984.7,New_Delhi,28.6139,77.209
2023-09-30T11:00,32.8,48,984.4,New_Delhi,28.6139,77.209
2023-09-30T12:00,33.8,43,983.5,New_Delhi,28.6139,77.209
2023-09-30T13:00,34.5,35,982.5,New_Delhi,28.6139,77.209
2023-09-30T14:00,34.8,31,981.4,New_Delhi,28.6139,77.209
2023-09-30T15:00,34.5,32,980.7,New_Delhi,28.6139,77.209
2023-09-30T16:00,33.5,36,980.4,New_Delhi,28.6139,77.209
2023-09-30T17:00,30.6,40,980.7,New_Delhi,28.6139,77.209
2023-09-30T18:00,28.1,48,980.8,New_Delhi,28.6139,77.209
2023-09-30T19:00,27.6,48,981.3,New_Delhi,28.6139,77.209
2023-09-30T20:00,27.2,49,981.8,New_Delhi,28.6139,77.209
2023-09-30T21:00,26.9,51,982.3,New_Delhi,28.6139,77.209
2023-09-30T22:00,26.5,54,982.6,New_Delhi,28.6139,77.209
2023-09-30T23:00,25.9,57,982.3,New_Delhi,28.6139,77.209
2023-10-01T00:00,25.1,60,982,New_Delhi,28.6139,77.209
2023-10-01T01:00,23.8,67,981.6,New_Delhi,28.6139,77.209
2023-10-01T02:00,22.6,73,981,New_Delhi,28.6139,77.209
2023-10-01T03:00,21.4,79,980.7,New_Delhi,28.6139,77.209
2023-10-01T04:00,21.3,79,980.9,New_Delhi,28.6139,77.209
2023-10-01T05:00,22.3,86,981.8,New_Delhi,28.6139,77.209
2023-10-01T06:00,22.6,85,982.7,New_Delhi,28.6139,77.209
2023-10-01T07:00,24.3,79,983.3,New_Delhi,28.6139,77.209
2023-10-01T08:00,26.5,72,984,New_Delhi,28.6139,77.209
2023-10-01T09:00,28.3,67,984.4,New_Delhi,28.6139,77.209
2023-10-01T10:00,30.2,61,984.2,New_Delhi,28.6139,77.209
2023-10-01T11:00,32.1,51,983.8,New_Delhi,28.6139,77.209
2023-10-01T12:00,33.5,40,982.8,New_Delhi,28.6139,77.209
2023-10-01T13:00,34.4,31,981.7,New_Delhi,28.6139,77.209
2023-10-01T14:00,34.6,27,980.8,New_Delhi,28.6139,77.209
2023-10-01T15:00,34.4,24,979.9,New_Delhi,28.6139,77.209
2023-10-01T16:00,33.3,28,979.5,New_Delhi,28.6139,77.209
2023-10-01T17:00,31,33,980.2,New_Delhi,28.6139,77.209
2023-10-01T18:00,28.6,39,980.6,New_Delhi,28.6139,77.209
2023-10-01T19:00,27.5,40,981,New_Delhi,28.6139,77.209
2023-10-01T20:00,26.4,40,981.3,New_Delhi,28.6139,77.209
2023-10-01T21:00,25.4,39,981.9,New_Delhi,28.6139,77.209
2023-10-01T22:00,24.5,40,981.8,New_Delhi,28.6139,77.209
2023-10-01T23:00,23.7,43,981.7,New_Delhi,28.6139,77.209
2023-10-02T00:00,23.6,42,981.5,New_Delhi,28.6139,77.209
2023-10-02T01:00,22.5,47,981.6,New_Delhi,28.6139,77.209
2023-10-02T02:00,21.5,52,981.2,New_Delhi,28.6139,77.209
2023-10-02T03:00,20.9,56,980.9,New_Delhi,28.6139,77.209
2023-10-02T04:00,20.3,59,980.7,New_Delhi,28.6139,77.209
2023-10-02T05:00,20.2,75,981.5,New_Delhi,28.6139,77.209
2023-10-02T06:00,21,72,982.3,New_Delhi,28.6139,77.209
2023-10-02T07:00,22.8,67,982.9,New_Delhi,28.6139,77.209
2023-10-02T08:00,25.7,60,983.9,New_Delhi,28.6139,77.209
2023-10-02T09:00,28.3,51,984.7,New_Delhi,28.6139,77.209
2023-10-02T10:00,30.8,43,985.1,New_Delhi,28.6139,77.209
2023-10-02T11:00,32.4,34,984.7,New_Delhi,28.6139,77.209
2023-10-02T12:00,33.2,32,983.9,New_Delhi,28.6139,77.209
2023-10-02T13:00,33.7,29,982.8,New_Delhi,28.6139,77.209
2023-10-02T14:00,33.8,26,981.8,New_Delhi,28.6139,77.209
2023-10-02T15:00,33.3,23,981.5,New_Delhi,28.6139,77.209
2023-10-02T16:00,32.4,24,981.6,New_Delhi,28.6139,77.209
2023-10-02T17:00,30.9,28,982.2,New_Delhi,28.6139,77.209
2023-10-02T18:00,28.3,33,982.7,New_Delhi,28.6139,77.209
2023-10-02T19:00,26.6,36,983.3,New_Delhi,28.6139,77.209
2023-10-02T20:00,25.7,36,983.5,New_Delhi,28.6139,77.209
2023-10-02T21:00,24.7,35,983.8,New_Delhi,28.6139,77.209
2023-10-02T22:00,24.5,33,983.6,New_Delhi,28.6139,77.209
2023-10-02T23:00,24.5,30,983.3,New_Delhi,28.6139,77.209
2023-10-03T00:00,23.4,34,982.8,New_Delhi,28.6139,77.209
2023-10-03T01:00,21.9,39,982.4,New_Delhi,28.6139,77.209
2023-10-03T02:00,21.4,43,982.4,New_Delhi,28.6139,77.209
2023-10-03T03:00,20.4,47,982.1,New_Delhi,28.6139,77.209
2023-10-03T04:00,20,49,982.2,New_Delhi,28.6139,77.209
2023-10-03T05:00,20.6,53,983,New_Delhi,28.6139,77.209
2023-10-03T06:00,20.6,54,983.9,New_Delhi,28.6139,77.209
2023-10-03T07:00,22.2,53,984.6,New_Delhi,28.6139,77.209
2023-10-03T08:00,25.1,50,985.2,New_Delhi,28.6139,77.209
2023-10-03T09:00,28.1,42,985.9,New_Delhi,28.6139,77.209
2023-10-03T10:00,30.5,36,985.7,New_Delhi,28.6139,77.209
2023-10-03T11:00,32.2,32,985.2,New_Delhi,28.6139,77.209
2023-10-03T12:00,33.2,29,984.1,New_Delhi,28.6139,77.209
2023-10-03T13:00,33.8,25,982.8,New_Delhi,28.6139,77.209
2023-10-03T14:00,33.9,22,981.9,New_Delhi,28.6139,77.209
2023-10-03T15:00,33.3,25,981.4,New_Delhi,28.6139,77.209
2023-10-03T16:00,32.4,29,981.3,New_Delhi,28.6139,77.209
2023-10-03T17:00,30.5,31,981.8,New_Delhi,28.6139,77.209
2023-10-03T18:00,27.7,37,982.3,New_Delhi,28.6139,77.209
2023-10-03T19:00,26.3,40,982.8,New_Delhi,28.6139,77.209
2023-10-03T20:00,25.2,43,983.5,New_Delhi,28.6139,77.209
2023-10-03T21:00,24,48,984,New_Delhi,28.6139,77.209
2023-10-03T22:00,23.3,52,984.1,New_Delhi,28.6139,77.209
2023-10-03T23:00,23,54,984,New_Delhi,28.6139,77.209
2023-10-04T00:00,21.7,61,983.7,New_Delhi,28.6139,77.209
2023-10-04T01:00,20.7,66,983.2,New_Delhi,28.6139,77.209
2023-10-04T02:00,20.1,69,982.6,New_Delhi,28.6139,77.209
2023-10-04T03:00,19.7,71,982.2,New_Delhi,28.6139,77.209
2023-10-04T04:00,18.9,76,982.2,New_Delhi,28.6139,77.209
2023-10-04T05:00,19,80,982.9,New_Delhi,28.6139,77.209
2023-10-04T06:00,19.9,77,983.6,New_Delhi,28.6139,77.209
2023-10-04T07:00,22,70,984.6,New_Delhi,28.6139,77.209
2023-10-04T08:00,25,62,985.2,New_Delhi,28.6139,77.209
2023-10-04T09:00,27.8,55,985.4,New_Delhi,28.6139,77.209
2023-10-04T10:00,30.4,46,985.3,New_Delhi,28.6139,77.209
2023-10-04T11:00,32.2,35,985.1,New_Delhi,28.6139,77.209
2023-10-04T12:00,33.4,30,984.4,New_Delhi,28.6139,77.209
2023-10-04T13:00,33.9,30,983.5,New_Delhi,28.6139,77.209
2023-10-04T14:00,33.9,32,982.6,New_Delhi,28.6139,77.209
2023-10-04T15:00,33.6,32,982.1,New_Delhi,28.6139,77.209
2023-10-04T16:00,33,32,982.1,New_Delhi,28.6139,77.209
2023-10-04T17:00,31.2,38,981.9,New_Delhi,28.6139,77.209
2023-10-04T18:00,28.7,45,982.3,New_Delhi,28.6139,77.209
2023-10-04T19:00,27.9,46,983,New_Delhi,28.6139,77.209
2023-10-04T20:00,26.9,48,983.5,New_Delhi,28.6139,77.209
2023-10-04T21:00,25.4,54,984,New_Delhi,28.6139,77.209
2023-10-04T22:00,23.9,60,984,New_Delhi,28.6139,77.209
2023-10-04T23:00,22.7,66,983.8,New_Delhi,28.6139,77.209
2023-10-05T00:00,22.1,69,983.6,New_Delhi,28.6139,77.209
2023-10-05T01:00,21.8,69,983.3,New_Delhi,28.6139,77.209
2023-10-05T02:00,20.7,73,982.5,New_Delhi,28.6139,77.209
2023-10-05T03:00,20.2,74,982.2,New_Delhi,28.6139,77.209
2023-10-05T04:00,21.3,68,982.3,New_Delhi,28.6139,77.209
2023-10-05T05:00,19.9,76,982.8,New_Delhi,28.6139,77.209
2023-10-05T06:00,20.7,72,983.6,New_Delhi,28.6139,77.209
2023-10-05T07:00,22.4,67,984.2,New_Delhi,28.6139,77.209
2023-10-05T08:00,25.3,59,984.9,New_Delhi,28.6139,77.209
2023-10-05T09:00,28.2,49,985.7,New_Delhi,28.6139,77.209
2023-10-05T10:00,30.5,42,985.4,New_Delhi,28.6139,77.209
2023-10-05T11:00,32.1,38,984.8,New_Delhi,28.6139,77.209
2023-10-05T12:00,33.2,34,983.7,New_Delhi,28.6139,77.209
2023-10-05T13:00,33.9,30,982.7,New_Delhi,28.6139,77.209
2023-10-05T14:00,34.3,27,981.8,New_Delhi,28.6139,77.209
2023-10-05T15:00,34,26,981.1,New_Delhi,28.6139,77.209
2023-10-05T16:00,33.2,27,980.9,New_Delhi,28.6139,77.209
2023-10-05T17:00,30.8,34,981.1,New_Delhi,28.6139,77.209
2023-10-05T18:00,28.2,40,981.1,New_Delhi,28.6139,77.209
2023-10-05T19:00,26.8,45,981.7,New_Delhi,28.6139,77.209
2023-10-05T20:00,25.5,49,982.1,New_Delhi,28.6139,77.209
2023-10-05T21:00,24.2,53,982.1,New_Delhi,28.6139,77.209
2023-10-05T22:00,22.9,59,982,New_Delhi,28.6139,77.209
2023-10-05T23:00,21.9,66,981.6,New_Delhi,28.6139,77.209
2023-10-06T00:00,24.7,55,981.7,New_Delhi,28.6139,77.209
2023-10-06T01:00,21.6,64,981.2,New_Delhi,28.6139,77.209
2023-10-06T02:00,19.9,69,980.6,New_Delhi,28.6139,77.209
2023-10-06T03:00,20.2,65,980.6,New_Delhi,28.6139,77.209
2023-10-06T04:00,20,63,980.8,New_Delhi,28.6139,77.209
2023-10-06T05:00,20.5,69,981.7,New_Delhi,28.6139,77.209
2023-10-06T06:00,21.2,63,982.4,New_Delhi,28.6139,77.209
2023-10-06T07:00,23.1,57,983.1,New_Delhi,28.6139,77.209
2023-10-06T08:00,25.9,52,983.6,New_Delhi,28.6139,77.209
2023-10-06T09:00,28.9,44,983.9,New_Delhi,28.6139,77.209
2023-10-06T10:00,31.2,39,983.7,New_Delhi,28.6139,77.209
2023-10-06T11:00,33,34,983.4,New_Delhi,28.6139,77.209
2023-10-06T12:00,34.2,31,982.2,New_Delhi,28.6139,77.209
2023-10-06T13:00,35,30,981.2,New_Delhi,28.6139,77.209
2023-10-06T14:00,35.3,28,980.3,New_Delhi,28.6139,77.209
2023-10-06T15:00,35.2,28,980,New_Delhi,28.6139,77.209
2023-10-06T16:00,34.5,30,980.1,New_Delhi,28.6139,77.209
2023-10-06T17:00,31,45,980.6,New_Delhi,28.6139,77.209
2023-10-06T18:00,28.3,52,981.1,New_Delhi,28.6139,77.209
2023-10-06T19:00,26.6,62,981.4,New_Delhi,28.6139,77.209
2023-10-06T20:00,25.4,66,981.5,New_Delhi,28.6139,77.209
2023-10-06T21:00,25.3,66,981.9,New_Delhi,28.6139,77.209
2023-10-06T22:00,27.5,56,982.3,New_Delhi,28.6139,77.209
2023-10-06T23:00,27.3,55,982.2,New_Delhi,28.6139,77.209
2023-10-07T00:00,26.7,56,981.7,New_Delhi,28.6139,77.209
2023-10-07T01:00,24.1,69,981.3,New_Delhi,28.6139,77.209
2023-10-07T02:00,22.1,76,981.2,New_Delhi,28.6139,77.209
2023-10-07T03:00,21.7,75,981.3,New_Delhi,28.6139,77.209
2023-10-07T04:00,22.1,73,981.4,New_Delhi,28.6139,77.209
2023-10-07T05:00,21.6,80,982.6,New_Delhi,28.6139,77.209
2023-10-07T06:00,22.6,74,983.2,New_Delhi,28.6139,77.209
2023-10-07T07:00,24.6,67,983.9,New_Delhi,28.6139,77.209
2023-10-07T08:00,27.3,58,984.6,New_Delhi,28.6139,77.209
2023-10-07T09:00,29.7,49,985,New_Delhi,28.6139,77.209
2023-10-07T10:00,31.7,46,984.8,New_Delhi,28.6139,77.209
2023-10-07T11:00,33.1,44,984.4,New_Delhi,28.6139,77.209
2023-10-07T12:00,34,44,983.5,New_Delhi,28.6139,77.209
2023-10-07T13:00,34.6,44,982.4,New_Delhi,28.6139,77.209
2023-10-07T14:00,35,44,981.8,New_Delhi,28.6139,77.209
2023-10-07T15:00,35,44,981.6,New_Delhi,28.6139,77.209
2023-10-07T16:00,34.7,44,981.7,New_Delhi,28.6139,77.209
2023-10-07T17:00,32.2,48,982.5,New_Delhi,28.6139,77.209
2023-10-07T18:00,29.6,58,982.9,New_Delhi,28.6139,77.209
2023-10-07T19:00,28.6,65,983.3,New_Delhi,28.6139,77.209
2023-10-07T20:00,27.5,71,983.8,New_Delhi,28.6139,77.209
2023-10-07T21:00,26.9,74,983.9,New_Delhi,28.6139,77.209
2023-10-07T22:00,26.8,73,983.8,New_Delhi,28.6139,77.209
2023-10-07T23:00,26.7,73,983.7,New_Delhi,28.6139,77.209
2023-10-08T00:00,28.7,63,983.6,New_Delhi,28.6139,77.209
2023-10-08T01:00,28,66,982.9,New_Delhi,28.6139,77.209
2023-10-08T02:00,24.8,81,982.4,New_Delhi,28.6139,77.209
2023-10-08T03:00,24.6,81,982.4,New_Delhi,28.6139,77.209
2023-10-08T04:00,24.1,82,982.6,New_Delhi,28.6139,77.209
2023-10-08T05:00,24.5,85,983.1,New_Delhi,28.6139,77.209
2023-10-08T06:00,24.9,70,983.9,New_Delhi,28.6139,77.209
2023-10-08T07:00,25.7,61,984.4,New_Delhi,28.6139,77.209
2023-10-08T08:00,27.8,54,985.1,New_Delhi,28.6139,77.209
2023-10-08T09:00,30,49,985.5,New_Delhi,28.6139,77.209
2023-10-08T10:00,32.1,44,985.6,New_Delhi,28.6139,77.209
2023-10-08T11:00,33.7,41,985.2,New_Delhi,28.6139,77.209
2023-10-08T12:00,34.7,38,984.3,New_Delhi,28.6139,77.209
2023-10-08T13:00,35.2,38,983.5,New_Delhi,28.6139,77.209
2023-10-08T14:00,35.3,39,982.6,New_Delhi,28.6139,77.209
2023-10-08T15:00,35.2,39,982.3,New_Delhi,28.6139,77.209
2023-10-08T16:00,34.7,40,982.4,New_Delhi,28.6139,77.209
2023-10-08T17:00,33.4,47,982.3,New_Delhi,28.6139,77.209
2023-10-08T18:00,31.6,51,982.7,New_Delhi,28.6139,77.209
2023-10-08T19:00,29.5,64,983.5,New_Delhi,28.6139,77.209
2023-10-08T20:00,28.8,68,984,New_Delhi,28.6139,77.209
2023-10-08T21:00,27.8,72,984.4,New_Delhi,28.6139,77.209
2023-10-08T22:00,28.7,66,984.3,New_Delhi,28.6139,77.209
2023-10-08T23:00,29,64,983.9,New_Delhi,28.6139,77.209
2023-10-09T00:00,28.4,65,983.6,New_Delhi,28.6139,77.209
2023-10-09T01:00,25.7,74,983.1,New_Delhi,28.6139,77.209
2023-10-09T02:00,25.6,68,982.9,New_Delhi,28.6139,77.209
2023-10-09T03:00,25,68,983,New_Delhi,28.6139,77.209
2023-10-09T04:00,24.6,69,982.9,New_Delhi,28.6139,77.209
2023-10-09T05:00,24.7,76,983.8,New_Delhi,28.6139,77.209
2023-10-09T06:00,24.7,74,984.7,New_Delhi,28.6139,77.209
2023-10-09T07:00,25.9,68,985.7,New_Delhi,28.6139,77.209
2023-10-09T08:00,28.2,58,986.4,New_Delhi,28.6139,77.209
2023-10-09T09:00,30.7,50,987.1,New_Delhi,28.6139,77.209
2023-10-09T10:00,32.8,44,987.1,New_Delhi,28.6139,77.209
2023-10-09T11:00,34.1,42,986.7,New_Delhi,28.6139,77.209
2023-10-09T12:00,35.1,35,985.7,New_Delhi,28.6139,77.209
2023-10-09T13:00,35.1,34,984.9,New_Delhi,28.6139,77.209
2023-10-09T14:00,35.2,33,983.9,New_Delhi,28.6139,77.209
2023-10-09T15:00,35.1,33,983.4,New_Delhi,28.6139,77.209
2023-10-09T16:00,34.8,33,983.2,New_Delhi,28.6139,77.209
2023-10-09T17:00,32.5,50,982.9,New_Delhi,28.6139,77.209
2023-10-09T18:00,29.8,52,982.9,New_Delhi,28.6139,77.209
2023-10-09T19:00,29.2,53,983.8,New_Delhi,28.6139,77.209
2023-10-09T20:00,27.7,54,984.1,New_Delhi,28.6139,77.209
2023-10-09T21:00,26.9,57,984.4,New_Delhi,28.6139,77.209
2023-10-09T22:00,26.5,56,984.2,New_Delhi,28.6139,77.209
2023-10-09T23:00,26.3,56,983.9,New_Delhi,28.6139,77.209
2023-10-10T00:00,25,59,983.5,New_Delhi,28.6139,77.209
2023-10-10T01:00,25.4,57,983.4,New_Delhi,28.6139,77.209
2023-10-10T02:00,25.1,59,983.2,New_Delhi,28.6139,77.209
2023-10-10T03:00,24.9,59,983.1,New_Delhi,28.6139,77.209
2023-10-10T04:00,24.6,57,983.2,New_Delhi,28.6139,77.209
2023-10-10T05:00,24.7,60,984.5,New_Delhi,28.6139,77.209
2023-10-10T06:00,24.4,59,985.4,New_Delhi,28.6139,77.209
2023-10-10T07:00,25.5,58,986.5,New_Delhi,28.6139,77.209
2023-10-10T08:00,27.4,54,987.5,New_Delhi,28.6139,77.209
2023-10-10T09:00,29.7,48,988.2,New_Delhi,28.6139,77.209
2023-10-10T10:00,31.3,45,988.1,New_Delhi,28.6139,77.209
2023-10-10T11:00,32.5,43,987.6,New_Delhi,28.6139,77.209
2023-10-10T12:00,33.5,42,986.8,New_Delhi,28.6139,77.209
2023-10-10T13:00,33.4,43,985.9,New_Delhi,28.6139,77.209
2023-10-10T14:00,32.3,46,985.4,New_Delhi,28.6139,77.209
2023-10-10T15:00,32.6,44,984.6,New_Delhi,28.6139,77.209
2023-10-10T16:00,32.7,43,984.5,New_Delhi,28.6139,77.209
2023-10-10T17:00,32.5,38,984.4,New_Delhi,28.6139,77.209
2023-10-10T18:00,30.6,48,984.8,New_Delhi,28.6139,77.209
2023-10-10T19:00,29.5,54,985.3,New_Delhi,28.6139,77.209
2023-10-10T20:00,27.6,63,985.5,New_Delhi,28.6139,77.209
2023-10-10T21:00,25.7,76,985.5,New_Delhi,28.6139,77.209
2023-10-10T22:00,25.5,76,985.3,New_Delhi,28.6139,77.209
2023-10-10T23:00,24.6,80,985.4,New_Delhi,28.6139,77.209
2023-10-11T00:00,24,77,985.3,New_Delhi,28.6139,77.209
2023-10-11T01:00,23.3,74,985.1,New_Delhi,28.6139,77.209
2023-10-11T02:00,22.6,76,984.7,New_Delhi,28.6139,77.209
2023-10-11T03:00,21.9,80,984.6,New_Delhi,28.6139,77.209
2023-10-11T04:00,21.2,84,984.9,New_Delhi,28.6139,77.209
2023-10-11T05:00,21.5,88,985.5,New_Delhi,28.6139,77.209
2023-10-11T06:00,21.7,87,986.2,New_Delhi,28.6139,77.209
2023-10-11T07:00,23.2,81,987.2,New_Delhi,28.6139,77.209
2023-10-11T08:00,25.6,72,987.9,New_Delhi,28.6139,77.209
2023-10-11T09:00,28.2,62,988.5,New_Delhi,28.6139,77.209
2023-10-11T10:00,30.3,51,988.4,New_Delhi,28.6139,77.209
2023-10-11T11:00,31.8,44,987.9,New_Delhi,28.6139,77.209
2023-10-11T12:00,32.9,36,987,New_Delhi,28.6139,77.209
2023-10-11T13:00,33.5,31,986,New_Delhi,28.6139,77.209
2023-10-11T14:00,33.7,29,985.4,New_Delhi,28.6139,77.209
2023-10-11T15:00,33.4,28,984.9,New_Delhi,28.6139,77.209
2023-10-11T16:00,32.6,29,985,New_Delhi,28.6139,77.209
2023-10-11T17:00,29.7,32,985.5,New_Delhi,28.6139,77.209
2023-10-11T18:00,27.4,40,985.7,New_Delhi,28.6139,77.209
2023-10-11T19:00,26.3,43,986.1,New_Delhi,28.6139,77.209
2023-10-11T20:00,24.8,48,986.5,New_Delhi,28.6139,77.209
2023-10-11T21:00,23.3,54,986.8,New_Delhi,28.6139,77.209
2023-10-11T22:00,22.1,61,986.8,New_Delhi,28.6139,77.209
2023-10-11T23:00,21.4,63,986.3,New_Delhi,28.6139,77.209
2023-10-12T00:00,20.7,64,986,New_Delhi,28.6139,77.209
2023-10-12T01:00,20.3,66,985.8,New_Delhi,28.6139,77.209
2023-10-12T02:00,20,66,985.6,New_Delhi,28.6139,77.209
2023-10-12T03:00,19.3,69,985.7,New_Delhi,28.6139,77.209
2023-10-12T04:00,18.9,71,985.9,New_Delhi,28.6139,77.209
2023-10-12T05:00,19.2,78,986.6,New_Delhi,28.6139,77.209
2023-10-12T06:00,19.3,78,987.1,New_Delhi,28.6139,77.209
2023-10-12T07:00,21.3,70,988.1,New_Delhi,28.6139,77.209
2023-10-12T08:00,24.7,60,989,New_Delhi,28.6139,77.209
2023-10-12T09:00,27.8,49,989.7,New_Delhi,28.6139,77.209
2023-10-12T10:00,29.9,41,989.8,New_Delhi,28.6139,77.209
2023-10-12T11:00,31.4,36,989.3,New_Delhi,28.6139,77.209
2023-10-12T12:00,32.4,33,988.4,New_Delhi,28.6139,77.209
2023-10-12T13:00,33,32,987.6,New_Delhi,28.6139,77.209
2023-10-12T14:00,33.2,32,987.1,New_Delhi,28.6139,77.209
2023-10-12T15:00,33.1,31,986.6,New_Delhi,28.6139,77.209
2023-10-12T16:00,32.4,33,986.7,New_Delhi,28.6139,77.209
2023-10-12T17:00,30.3,39,987.1,New_Delhi,28.6139,77.209
2023-10-12T18:00,28.2,47,987.3,New_Delhi,28.6139,77.209
2023-10-12T19:00,27.1,52,987.5,New_Delhi,28.6139,77.209
2023-10-12T20:00,26.1,55,988,New_Delhi,28.6139,77.209
2023-10-12T21:00,25.2,59,988.3,New_Delhi,28.6139,77.209
2023-10-12T22:00,23.9,65,988.1,New_Delhi,28.6139,77.209
2023-10-12T23:00,23.3,68,987.9,New_Delhi,28.6139,77.209
2023-10-13T00:00,22.9,69,987.7,New_Delhi,28.6139,77.209
2023-10-13T01:00,24.4,62,987.4,New_Delhi,28.6139,77.209
2023-10-13T02:00,22.4,70,986.9,New_Delhi,28.6139,77.209
2023-10-13T03:00,21.4,75,986.9,New_Delhi,28.6139,77.209
2023-10-13T04:00,20.3,81,987,New_Delhi,28.6139,77.209
2023-10-13T05:00,20.8,81,988,New_Delhi,28.6139,77.209
2023-10-13T06:00,20.9,81,988.8,New_Delhi,28.6139,77.209
2023-10-13T07:00,23,73,989.5,New_Delhi,28.6139,77.209
2023-10-13T08:00,26.3,62,990.3,New_Delhi,28.6139,77.209
2023-10-13T09:00,29.1,52,990.9,New_Delhi,28.6139,77.209
2023-10-13T10:00,31.6,41,990.9,New_Delhi,28.6139,77.209
2023-10-13T11:00,33.3,34,990.2,New_Delhi,28.6139,77.209
2023-10-13T12:00,34.2,32,989.3,New_Delhi,28.6139,77.209
2023-10-13T13:00,34.5,31,988.1,New_Delhi,28.6139,77.209
2023-10-13T14:00,34.7,31,987.1,New_Delhi,28.6139,77.209
2023-10-13T15:00,34.4,31,986.6,New_Delhi,28.6139,77.209
2023-10-13T16:00,33.9,32,986.5,New_Delhi,28.6139,77.209
2023-10-13T17:00,31.4,41,986.1,New_Delhi,28.6139,77.209
2023-10-13T18:00,29.8,44,986.9,New_Delhi,28.6139,77.209
2023-10-13T19:00,28.5,49,987.2,New_Delhi,28.6139,77.209
2023-10-13T20:00,26.8,57,987.8,New_Delhi,28.6139,77.209
2023-10-13T21:00,25.2,65,987.9,New_Delhi,28.6139,77.209
2023-10-13T22:00,25.1,64,987.8,New_Delhi,28.6139,77.209
2023-10-13T23:00,26.3,57,987.9,New_Delhi,28.6139,77.209
2023-10-14T00:00,26.1,57,987.7,New_Delhi,28.6139,77.209
2023-10-14T01:00,23.1,71,986.7,New_Delhi,28.6139,77.209
2023-10-14T02:00,22.4,74,986.3,New_Delhi,28.6139,77.209
2023-10-14T03:00,22,76,986.1,New_Delhi,28.6139,77.209
2023-10-14T04:00,21.6,78,986.5,New_Delhi,28.6139,77.209
2023-10-14T05:00,23.4,77,987.3,New_Delhi,28.6139,77.209
2023-10-14T06:00,22.5,83,987.7,New_Delhi,28.6139,77.209
2023-10-14T07:00,24.4,75,988.6,New_Delhi,28.6139,77.209
2023-10-14T08:00,27.5,64,989.5,New_Delhi,28.6139,77.209
2023-10-14T09:00,30.5,52,990,New_Delhi,28.6139,77.209
2023-10-14T10:00,32.8,42,990,New_Delhi,28.6139,77.209
2023-10-14T11:00,34.4,33,989.4,New_Delhi,28.6139,77.209
2023-10-14T12:00,34.7,28,988,New_Delhi,28.6139,77.209
2023-10-14T13:00,35,26,987.1,New_Delhi,28.6139,77.209
2023-10-14T14:00,34.9,25,986.4,New_Delhi,28.6139,77.209
2023-10-14T15:00,34.3,26,986,New_Delhi,28.6139,77.209
2023-10-14T16:00,33.6,28,986.2,New_Delhi,28.6139,77.209
2023-10-14T17:00,31.6,33,986.1,New_Delhi,28.6139,77.209
2023-10-14T18:00,28.6,42,985.9,New_Delhi,28.6139,77.209
2023-10-14T19:00,27.8,47,986.5,New_Delhi,28.6139,77.209
2023-10-14T20:00,25.9,59,986.9,New_Delhi,28.6139,77.209
2023-10-14T21:00,28.4,47,987.4,New_Delhi,28.6139,77.209
2023-10-14T22:00,27,51,986.9,New_Delhi,28.6139,77.209
2023-10-14T23:00,24.9,58,986.5,New_Delhi,28.6139,77.209
2023-10-15T00:00,25.1,58,985.9,New_Delhi,28.6139,77.209
2023-10-15T01:00,22.9,68,985,New_Delhi,28.6139,77.209
2023-10-15T02:00,22.3,68,984.2,New_Delhi,28.6139,77.209
2023-10-15T03:00,24.5,57,984.4,New_Delhi,28.6139,77.209
2023-10-15T04:00,24.4,58,984.6,New_Delhi,28.6139,77.209
2023-10-15T05:00,23.8,67,985.1,New_Delhi,28.6139,77.209
2023-10-15T06:00,22.4,74,985.4,New_Delhi,28.6139,77.209
2023-10-15T07:00,23.6,71,986.6,New_Delhi,28.6139,77.209
2023-10-15T08:00,26.4,63,987.3,New_Delhi,28.6139,77.209
2023-10-15T09:00,29.2,54,987.8,New_Delhi,28.6139,77.209
2023-10-15T10:00,31.1,49,987.7,New_Delhi,28.6139,77.209
2023-10-15T11:00,32.1,43,987.3,New_Delhi,28.6139,77.209
2023-10-15T12:00,33.1,36,986.1,New_Delhi,28.6139,77.209
2023-10-15T13:00,33.7,33,985.1,New_Delhi,28.6139,77.209
2023-10-15T14:00,32.6,35,984.2,New_Delhi,28.6139,77.209
2023-10-15T15:00,33,34,983.6,New_Delhi,28.6139,77.209
2023-10-15T16:00,32.1,37,983.9,New_Delhi,28.6139,77.209
2023-10-15T17:00,30.6,48,984,New_Delhi,28.6139,77.209
2023-10-15T18:00,27.8,51,984.5,New_Delhi,28.6139,77.209
2023-10-15T19:00,26.7,56,984.8,New_Delhi,28.6139,77.209
2023-10-15T20:00,25.2,59,985.3,New_Delhi,28.6139,77.209
2023-10-15T21:00,24.2,64,985.8,New_Delhi,28.6139,77.209
2023-10-15T22:00,25,61,986,New_Delhi,28.6139,77.209
2023-10-15T23:00,23.7,67,985.4,New_Delhi,28.6139,77.209
2023-10-16T00:00,22.7,70,985,New_Delhi,28.6139,77.209
2023-10-16T01:00,21.6,75,984.8,New_Delhi,28.6139,77.209
2023-10-16T02:00,21.6,74,984.1,New_Delhi,28.6139,77.209
2023-10-16T03:00,21,77,984.2,New_Delhi,28.6139,77.209
2023-10-16T04:00,20.8,78,984.5,New_Delhi,28.6139,77.209
2023-10-16T05:00,22.7,74,985,New_Delhi,28.6139,77.209
2023-10-16T06:00,22.2,72,985.9,New_Delhi,28.6139,77.209
2023-10-16T07:00,22.6,70,986.6,New_Delhi,28.6139,77.209
2023-10-16T08:00,25.2,63,987.9,New_Delhi,28.6139,77.209
2023-10-16T09:00,28.7,54,988.9,New_Delhi,28.6139,77.209
2023-10-16T10:00,24,65,989.6,New_Delhi,28.6139,77.209
2023-10-16T11:00,25.7,61,989.4,New_Delhi,28.6139,77.209
2023-10-16T12:00,27,56,987.9,New_Delhi,28.6139,77.209
2023-10-16T13:00,28.5,51,986.7,New_Delhi,28.6139,77.209
2023-10-16T14:00,28.9,51,985.8,New_Delhi,28.6139,77.209
2023-10-16T15:00,29,49,985.3,New_Delhi,28.6139,77.209
2023-10-16T16:00,27.8,54,986.8,New_Delhi,28.6139,77.209
2023-10-16T17:00,25.5,54,986.5,New_Delhi,28.6139,77.209
2023-10-16T18:00,24.6,59,987.2,New_Delhi,28.6139,77.209
2023-10-16T19:00,24,64,987.8,New_Delhi,28.6139,77.209
2023-10-16T20:00,23.6,67,988.5,New_Delhi,28.6139,77.209
2023-10-16T21:00,23.4,66,988.4,New_Delhi,28.6139,77.209
2023-10-16T22:00,23,71,988.5,New_Delhi,28.6139,77.209
2023-10-16T23:00,19.8,87,990.2,New_Delhi,28.6139,77.209
2023-10-17T00:00,20.3,89,988.6,New_Delhi,28.6139,77.209
2023-10-17T01:00,20.5,76,987.9,New_Delhi,28.6139,77.209
2023-10-17T02:00,20.2,75,987.6,New_Delhi,28.6139,77.209
2023-10-17T03:00,20.2,74,987.6,New_Delhi,28.6139,77.209
2023-10-17T04:00,19.6,80,988.1,New_Delhi,28.6139,77.209
2023-10-17T05:00,18.7,84,989.3,New_Delhi,28.6139,77.209
2023-10-17T06:00,19.2,83,990.1,New_Delhi,28.6139,77.209
2023-10-17T07:00,20,81,991,New_Delhi,28.6139,77.209
2023-10-17T08:00,21.8,74,992.5,New_Delhi,28.6139,77.209
2023-10-17T09:00,23.7,67,993,New_Delhi,28.6139,77.209
2023-10-17T10:00,25.1,59,992.6,New_Delhi,28.6139,77.209
2023-10-17T11:00,26.6,54,992,New_Delhi,28.6139,77.209
2023-10-17T12:00,28,48,990.9,New_Delhi,28.6139,77.209
2023-10-17T13:00,28.7,46,989.7,New_Delhi,28.6139,77.209
2023-10-17T14:00,28.3,47,989.5,New_Delhi,28.6139,77.209
2023-10-17T15:00,26.7,51,989.3,New_Delhi,28.6139,77.209
2023-10-17T16:00,25.4,64,989.4,New_Delhi,28.6139,77.209
2023-10-17T17:00,23.1,70,990.2,New_Delhi,28.6139,77.209
2023-10-17T18:00,22.5,72,990.4,New_Delhi,28.6139,77.209
2023-10-17T19:00,21.4,76,990.7,New_Delhi,28.6139,77.209
2023-10-17T20:00,20.4,83,991,New_Delhi,28.6139,77.209
2023-10-17T21:00,19.3,90,991.1,New_Delhi,28.6139,77.209
2023-10-17T22:00,18.7,92,990.9,New_Delhi,28.6139,77.209
2023-10-17T23:00,18.2,92,990.4,New_Delhi,28.6139,77.209
2023-10-18T00:00,17.8,93,989.9,New_Delhi,28.6139,77.209
2023-10-18T01:00,17.6,93,989.8,New_Delhi,28.6139,77.209
2023-10-18T02:00,17.6,93,989.7,New_Delhi,28.6139,77.209
2023-10-18T03:00,17.3,92,989.6,New_Delhi,28.6139,77.209
2023-10-18T04:00,17.1,89,989.7,New_Delhi,28.6139,77.209
2023-10-18T05:00,18.2,88,990.4,New_Delhi,28.6139,77.209
2023-10-18T06:00,18.4,87,991,New_Delhi,28.6139,77.209
2023-10-18T07:00,19.6,82,991.6,New_Delhi,28.6139,77.209
2023-10-18T08:00,21.8,73,992.6,New_Delhi,28.6139,77.209
2023-10-18T09:00,24.1,64,993,New_Delhi,28.6139,77.209
2023-10-18T10:00,26.1,53,993,New_Delhi,28.6139,77.209
2023-10-18T11:00,27.5,45,992.4,New_Delhi,28.6139,77.209
2023-10-18T12:00,28.4,42,991.4,New_Delhi,28.6139,77.209
2023-10-18T13:00,28.8,41,990.5,New_Delhi,28.6139,77.209
2023-10-18T14:00,29,41,989.6,New_Delhi,28.6139,77.209
2023-10-18T15:00,28.8,39,989.1,New_Delhi,28.6139,77.209
2023-10-18T16:00,28.1,39,989.2,New_Delhi,28.6139,77.209
2023-10-18T17:00,25.9,44,989.5,New_Delhi,28.6139,77.209
2023-10-18T18:00,24,51,989.9,New_Delhi,28.6139,77.209
2023-10-18T19:00,22.9,56,990.5,New_Delhi,28.6139,77.209
2023-10-18T20:00,22,59,990.6,New_Delhi,28.6139,77.209
2023-10-18T21:00,21.3,61,990.7,New_Delhi,28.6139,77.209
2023-10-18T22:00,20.6,63,990.4,New_Delhi,28.6139,77.209
2023-10-18T23:00,19.8,66,990,New_Delhi,28.6139,77.209
2023-10-19T00:00,19.1,69,989.8,New_Delhi,28.6139,77.209
2023-10-19T01:00,18.4,73,989.3,New_Delhi,28.6139,77.209
2023-10-19T02:00,17.9,75,989,New_Delhi,28.6139,77.209
2023-10-19T03:00,17.4,77,988.9,New_Delhi,28.6139,77.209
2023-10-19T04:00,17,79,989,New_Delhi,28.6139,77.209
2023-10-19T05:00,17.2,83,990.1,New_Delhi,28.6139,77.209
2023-10-19T06:00,17.4,82,990.8,New_Delhi,28.6139,77.209
2023-10-19T07:00,18.5,78,991.4,New_Delhi,28.6139,77.209
2023-10-19T08:00,20.8,70,992.3,New_Delhi,28.6139,77.209
2023-10-19T09:00,23.1,62,992.9,New_Delhi,28.6139,77.209
2023-10-19T10:00,25,54,992.8,New_Delhi,28.6139,77.209
2023-10-19T11:00,26.4,48,992.2,New_Delhi,28.6139,77.209
2023-10-19T12:00,27.6,43,991.5,New_Delhi,28.6139,77.209
2023-10-19T13:00,28.3,40,990.2,New_Delhi,28.6139,77.209
2023-10-19T14:00,28.6,39,989.5,New_Delhi,28.6139,77.209
2023-10-19T15:00,28.4,39,988.9,New_Delhi,28.6139,77.209
2023-10-19T16:00,27.7,40,988.6,New_Delhi,28.6139,77.209
2023-10-19T17:00,24.8,53,989,New_Delhi,28.6139,77.209
2023-10-19T18:00,22.9,58,989.4,New_Delhi,28.6139,77.209
2023-10-19T19:00,21.6,65,989.7,New_Delhi,28.6139,77.209
2023-10-19T20:00,20.5,70,990.2,New_Delhi,28.6139,77.209
2023-10-19T21:00,19.9,72,990.3,New_Delhi,28.6139,77.209
2023-10-19T22:00,19.3,74,990.3,New_Delhi,28.6139,77.209
2023-10-19T23:00,19.2,75,990.2,New_Delhi,28.6139,77.209
2023-10-20T00:00,18.6,77,989.9,New_Delhi,28.6139,77.209
2023-10-20T01:00,17.9,81,989.7,New_Delhi,28.6139,77.209
2023-10-20T02:00,17.4,84,989.3,New_Delhi,28.6139,77.209
2023-10-20T03:00,17.9,81,989.4,New_Delhi,28.6139,77.209
2023-10-20T04:00,17.1,85,989.8,New_Delhi,28.6139,77.209
2023-10-20T05:00,17,89,990.6,New_Delhi,28.6139,77.209
2023-10-20T06:00,17.3,89,991.2,New_Delhi,28.6139,77.209
2023-10-20T07:00,19.2,81,992.1,New_Delhi,28.6139,77.209
2023-10-20T08:00,21.9,69,992.9,New_Delhi,28.6139,77.209
2023-10-20T09:00,24.4,59,993.4,New_Delhi,28.6139,77.209
2023-10-20T10:00,26.2,51,993.1,New_Delhi,28.6139,77.209
2023-10-20T11:00,27.3,46,992.5,New_Delhi,28.6139,77.209
2023-10-20T12:00,28.2,42,991.5,New_Delhi,28.6139,77.209
2023-10-20T13:00,28.8,39,990.5,New_Delhi,28.6139,77.209
2023-10-20T14:00,29.1,37,989.7,New_Delhi,28.6139,77.209
2023-10-20T15:00,29.1,36,989.1,New_Delhi,28.6139,77.209
2023-10-20T16:00,28.3,38,988.9,New_Delhi,28.6139,77.209
2023-10-20T17:00,25.7,49,989.4,New_Delhi,28.6139,77.209
2023-10-20T18:00,23.7,57,989.8,New_Delhi,28.6139,77.209
2023-10-20T19:00,22.4,65,990.5,New_Delhi,28.6139,77.209
2023-10-20T20:00,21.3,70,990.6,New_Delhi,28.6139,77.209
2023-10-20T21:00,20.3,75,990.6,New_Delhi,28.6139,77.209
2023-10-20T22:00,19.6,78,990.4,New_Delhi,28.6139,77.209
2023-10-20T23:00,18.9,81,990.1,New_Delhi,28.6139,77.209
2023-10-21T00:00,18.4,83,990,New_Delhi,28.6139,77.209
2023-10-21T01:00,17.8,85,989.8,New_Delhi,28.6139,77.209
2023-10-21T02:00,17.5,87,989.5,New_Delhi,28.6139,77.209
2023-10-21T03:00,16.9,90,989.5,New_Delhi,28.6139,77.209
2023-10-21T04:00,16.7,90,989.7,New_Delhi,28.6139,77.209
2023-10-21T05:00,17.5,89,990.4,New_Delhi,28.6139,77.209
2023-10-21T06:00,17.6,90,991,New_Delhi,28.6139,77.209
2023-10-21T07:00,19.3,83,992.1,New_Delhi,28.6139,77.209
2023-10-21T08:00,22.3,72,993.2,New_Delhi,28.6139,77.209
2023-10-21T09:00,24.9,62,993.5,New_Delhi,28.6139,77.209
2023-10-21T10:00,26.9,53,993.3,New_Delhi,28.6139,77.209
2023-10-21T11:00,28.2,45,992.7,New_Delhi,28.6139,77.209
2023-10-21T12:00,29,40,991.8,New_Delhi,28.6139,77.209
2023-10-21T13:00,29.5,38,990.8,New_Delhi,28.6139,77.209
2023-10-21T14:00,29.7,36,990.1,New_Delhi,28.6139,77.209
2023-10-21T15:00,29.6,36,989.7,New_Delhi,28.6139,77.209
2023-10-21T16:00,29,38,990,New_Delhi,28.6139,77.209
2023-10-21T17:00,26.2,49,989.7,New_Delhi,28.6139,77.209
2023-10-21T18:00,24.5,47,990.6,New_Delhi,28.6139,77.209
2023-10-21T19:00,23.4,48,990.9,New_Delhi,28.6139,77.209
2023-10-21T20:00,21.7,55,991,New_Delhi,28.6139,77.209
2023-10-21T21:00,21,61,991.2,New_Delhi,28.6139,77.209
2023-10-21T22:00,19.9,69,991.4,New_Delhi,28.6139,77.209
2023-10-21T23:00,19.5,72,991.3,New_Delhi,28.6139,77.209
2023-10-22T00:00,18.4,77,991,New_Delhi,28.6139,77.209
2023-10-22T01:00,18.5,75,990.8,New_Delhi,28.6139,77.209
2023-10-22T02:00,19.2,71,990.4,New_Delhi,28.6139,77.209
2023-10-22T03:00,17.5,79,990.2,New_Delhi,28.6139,77.209
2023-10-22T04:00,17.3,79,990.3,New_Delhi,28.6139,77.209
2023-10-22T05:00,17.2,84,991.6,New_Delhi,28.6139,77.209
2023-10-22T06:00,17.1,86,992.1,New_Delhi,28.6139,77.209
2023-10-22T07:00,19.1,78,992.8,New_Delhi,28.6139,77.209
2023-10-22T08:00,22.3,68,993.8,New_Delhi,28.6139,77.209
2023-10-22T09:00,25.1,58,994.2,New_Delhi,28.6139,77.209
2023-10-22T10:00,27.3,48,994,New_Delhi,28.6139,77.209
2023-10-22T11:00,28.7,40,993.3,New_Delhi,28.6139,77.209
2023-10-22T12:00,29.6,37,992.2,New_Delhi,28.6139,77.209
2023-10-22T13:00,30.3,35,991.3,New_Delhi,28.6139,77.209
2023-10-22T14:00,30.4,36,990.6,New_Delhi,28.6139,77.209
2023-10-22T15:00,30.2,36,989.9,New_Delhi,28.6139,77.209
2023-10-22T16:00,29.4,38,989.9,New_Delhi,28.6139,77.209
2023-10-22T17:00,26.5,47,989.9,New_Delhi,28.6139,77.209
2023-10-22T18:00,25.4,50,990.2,New_Delhi,28.6139,77.209
2023-10-22T19:00,24.1,58,990.9,New_Delhi,28.6139,77.209
2023-10-22T20:00,22.9,64,991,New_Delhi,28.6139,77.209
2023-10-22T21:00,21.8,70,991.3,New_Delhi,28.6139,77.209
2023-10-22T22:00,21.3,74,991.3,New_Delhi,28.6139,77.209
2023-10-22T23:00,20.4,79,991.2,New_Delhi,28.6139,77.209
2023-10-23T00:00,19.7,83,990.6,New_Delhi,28.6139,77.209
2023-10-23T01:00,19,86,990.3,New_Delhi,28.6139,77.209
2023-10-23T02:00,18.5,88,990,New_Delhi,28.6139,77.209
2023-10-23T03:00,18,90,989.8,New_Delhi,28.6139,77.209
2023-10-23T04:00,17.6,91,989.9,New_Delhi,28.6139,77.209
2023-10-23T05:00,17.9,91,990.5,New_Delhi,28.6139,77.209
2023-10-23T06:00,18.2,90,991.3,New_Delhi,28.6139,77.209
2023-10-23T07:00,19.7,84,992,New_Delhi,28.6139,77.209
2023-10-23T08:00,22.3,73,992.7,New_Delhi,28.6139,77.209
2023-10-23T09:00,24.9,63,992.8,New_Delhi,28.6139,77.209
2023-10-23T10:00,27.1,50,992.5,New_Delhi,28.6139,77.209
2023-10-23T11:00,28.2,44,991.6,New_Delhi,28.6139,77.209
2023-10-23T12:00,29,41,990.3,New_Delhi,28.6139,77.209
2023-10-23T13:00,29.5,40,989.1,New_Delhi,28.6139,77.209
2023-10-23T14:00,29.7,38,988.4,New_Delhi,28.6139,77.209
2023-10-23T15:00,29.5,37,987.9,New_Delhi,28.6139,77.209
2023-10-23T16:00,28.9,37,987.9,New_Delhi,28.6139,77.209
2023-10-23T17:00,26.1,46,987.8,New_Delhi,28.6139,77.209
2023-10-23T18:00,24,54,988.4,New_Delhi,28.6139,77.209
2023-10-23T19:00,23.1,59,988.9,New_Delhi,28.6139,77.209
2023-10-23T20:00,22.4,63,989.4,New_Delhi,28.6139,77.209
2023-10-23T21:00,22,65,989.4,New_Delhi,28.6139,77.209
2023-10-23T22:00,21.8,66,989.5,New_Delhi,28.6139,77.209
2023-10-23T23:00,21,69,989.2,New_Delhi,28.6139,77.209
2023-10-24T00:00,19.9,76,988.7,New_Delhi,28.6139,77.209
2023-10-24T01:00,19.2,79,988.5,New_Delhi,28.6139,77.209
2023-10-24T02:00,18.2,84,988.1,New_Delhi,28.6139,77.209
2023-10-24T03:00,17.9,85,987.9,New_Delhi,28.6139,77.209
2023-10-24T04:00,17.7,86,987.9,New_Delhi,28.6139,77.209
2023-10-24T05:00,17.7,90,988.9,New_Delhi,28.6139,77.209
2023-10-24T06:00,17.9,89,989.2,New_Delhi,28.6139,77.209
2023-10-24T07:00,19.2,83,990,New_Delhi,28.6139,77.209
2023-10-24T08:00,22,72,991.1,New_Delhi,28.6139,77.209
2023-10-24T09:00,24.9,61,991.6,New_Delhi,28.6139,77.209
2023-10-24T10:00,27.3,51,991.3,New_Delhi,28.6139,77.209
2023-10-24T11:00,28.8,43,990.8,New_Delhi,28.6139,77.209
2023-10-24T12:00,29.7,40,989.8,New_Delhi,28.6139,77.209
2023-10-24T13:00,30.3,36,988.9,New_Delhi,28.6139,77.209
2023-10-24T14:00,30.5,34,988.3,New_Delhi,28.6139,77.209
2023-10-24T15:00,30.4,32,988.2,New_Delhi,28.6139,77.209
2023-10-24T16:00,29.7,33,988.2,New_Delhi,28.6139,77.209
2023-10-24T17:00,26.6,44,988.5,New_Delhi,28.6139,77.209
2023-10-24T18:00,24.7,44,989,New_Delhi,28.6139,77.209
2023-10-24T19:00,23.8,48,989.4,New_Delhi,28.6139,77.209
2023-10-24T20:00,22.7,52,989.5,New_Delhi,28.6139,77.209
2023-10-24T21:00,21.5,58,989.5,New_Delhi,28.6139,77.209
2023-10-24T22:00,20.8,61,989.5,New_Delhi,28.6139,77.209
2023-10-24T23:00,20.2,64,989.2,New_Delhi,28.6139,77.209
2023-10-25T00:00,19.4,69,988.9,New_Delhi,28.6139,77.209
2023-10-25T01:00,19,73,988.7,New_Delhi,28.6139,77.209
2023-10-25T02:00,18.6,77,988.6,New_Delhi,28.6139,77.209
2023-10-25T03:00,17.9,80,988.4,New_Delhi,28.6139,77.209
2023-10-25T04:00,17.5,82,988.7,New_Delhi,28.6139,77.209
2023-10-25T05:00,17.1,83,989,New_Delhi,28.6139,77.209
2023-10-25T06:00,18.1,85,990.1,New_Delhi,28.6139,77.209
2023-10-25T07:00,19.5,79,991.1,New_Delhi,28.6139,77.209
2023-10-25T08:00,22.1,70,992.1,New_Delhi,28.6139,77.209
2023-10-25T09:00,24.8,61,992.8,New_Delhi,28.6139,77.209
2023-10-25T10:00,27.1,54,992.7,New_Delhi,28.6139,77.209
2023-10-25T11:00,29,42,992.3,New_Delhi,28.6139,77.209
2023-10-25T12:00,29.9,37,991.2,New_Delhi,28.6139,77.209
2023-10-25T13:00,30.5,33,990.2,New_Delhi,28.6139,77.209
2023-10-25T14:00,30.6,29,989.5,New_Delhi,28.6139,77.209
2023-10-25T15:00,30.2,29,989,New_Delhi,28.6139,77.209
2023-10-25T16:00,29.3,31,989,New_Delhi,28.6139,77.209
2023-10-25T17:00,26.5,39,989,New_Delhi,28.6139,77.209
2023-10-25T18:00,24.4,50,989.7,New_Delhi,28.6139,77.209
2023-10-25T19:00,23.2,56,990,New_Delhi,28.6139,77.209
2023-10-25T20:00,21.7,62,990.2,New_Delhi,28.6139,77.209
2023-10-25T21:00,20.6,67,990.2,New_Delhi,28.6139,77.209
2023-10-25T22:00,20.1,68,989.7,New_Delhi,28.6139,77.209
2023-10-25T23:00,19.8,69,989.6,New_Delhi,28.6139,77.209
2023-10-26T00:00,19.2,72,989.3,New_Delhi,28.6139,77.209
2023-10-26T01:00,18.2,77,989,New_Delhi,28.6139,77.209
2023-10-26T02:00,17.9,79,988.7,New_Delhi,28.6139,77.209
2023-10-26T03:00,17.8,79,988.4,New_Delhi,28.6139,77.209
2023-10-26T04:00,17.3,81,988.5,New_Delhi,28.6139,77.209
2023-10-26T05:00,16.9,83,988.6,New_Delhi,28.6139,77.209
2023-10-26T06:00,17.5,83,989.6,New_Delhi,28.6139,77.209
2023-10-26T07:00,18.8,78,990.4,New_Delhi,28.6139,77.209
2023-10-26T08:00,21.5,68,991.5,New_Delhi,28.6139,77.209
2023-10-26T09:00,24.4,59,992.3,New_Delhi,28.6139,77.209
2023-10-26T10:00,26.8,51,992.3,New_Delhi,28.6139,77.209
2023-10-26T11:00,28.6,42,991.8,New_Delhi,28.6139,77.209
2023-10-26T12:00,29.6,36,990.6,New_Delhi,28.6139,77.209
2023-10-26T13:00,30.2,32,989.5,New_Delhi,28.6139,77.209
2023-10-26T14:00,30.5,29,989,New_Delhi,28.6139,77.209
2023-10-26T15:00,30.3,27,988.5,New_Delhi,28.6139,77.209
2023-10-26T16:00,29.4,30,988.5,New_Delhi,28.6139,77.209
2023-10-26T17:00,26.3,38,988.5,New_Delhi,28.6139,77.209
2023-10-26T18:00,24.1,46,988.8,New_Delhi,28.6139,77.209
2023-10-26T19:00,22.5,54,989.2,New_Delhi,28.6139,77.209
2023-10-26T20:00,21.3,59,989.4,New_Delhi,28.6139,77.209
2023-10-26T21:00,20.4,61,989.5,New_Delhi,28.6139,77.209
2023-10-26T22:00,20.3,59,989.4,New_Delhi,28.6139,77.209
2023-10-26T23:00,19.7,61,989.2,New_Delhi,28.6139,77.209
2023-10-27T00:00,19.2,61,988.7,New_Delhi,28.6139,77.209
2023-10-27T01:00,18.6,61,988.2,New_Delhi,28.6139,77.209
2023-10-27T02:00,17.8,63,987.7,New_Delhi,28.6139,77.209
2023-10-27T03:00,17.1,66,987.6,New_Delhi,28.6139,77.209
2023-10-27T04:00,16.9,67,987.6,New_Delhi,28.6139,77.209
2023-10-27T05:00,16.6,67,987.8,New_Delhi,28.6139,77.209
2023-10-27T06:00,16.8,76,988.8,New_Delhi,28.6139,77.209
2023-10-27T07:00,18,71,989.6,New_Delhi,28.6139,77.209
2023-10-27T08:00,21.3,62,990.7,New_Delhi,28.6139,77.209
2023-10-27T09:00,24.5,52,991.2,New_Delhi,28.6139,77.209
2023-10-27T10:00,27.2,44,991.1,New_Delhi,28.6139,77.209
2023-10-27T11:00,29.2,32,990.4,New_Delhi,28.6139,77.209
2023-10-27T12:00,29.9,29,989.5,New_Delhi,28.6139,77.209
2023-10-27T13:00,30.3,27,988.7,New_Delhi,28.6139,77.209
2023-10-27T14:00,30.4,27,988,New_Delhi,28.6139,77.209
2023-10-27T15:00,30.1,27,987.7,New_Delhi,28.6139,77.209
2023-10-27T16:00,29.2,31,987.8,New_Delhi,28.6139,77.209
2023-10-27T17:00,25.4,44,987.7,New_Delhi,28.6139,77.209
2023-10-27T18:00,23.5,51,987.8,New_Delhi,28.6139,77.209
2023-10-27T19:00,22.8,54,988.6,New_Delhi,28.6139,77.209
2023-10-27T20:00,21.9,57,988.9,New_Delhi,28.6139,77.209
2023-10-27T21:00,21.1,58,989.2,New_Delhi,28.6139,77.209
2023-10-27T22:00,20.7,57,989.2,New_Delhi,28.6139,77.209
2023-10-27T23:00,22.3,50,989.1,New_Delhi,28.6139,77.209
2023-10-28T00:00,23.3,45,988.8,New_Delhi,28.6139,77.209
2023-10-28T01:00,22.5,49,988.3,New_Delhi,28.6139,77.209
2023-10-28T02:00,21.5,52,987.5,New_Delhi,28.6139,77.209
2023-10-28T03:00,21,54,987.2,New_Delhi,28.6139,77.209
2023-10-28T04:00,20.7,54,987.5,New_Delhi,28.6139,77.209
2023-10-28T05:00,20.3,55,987.8,New_Delhi,28.6139,77.209
2023-10-28T06:00,18.6,67,988.9,New_Delhi,28.6139,77.209
2023-10-28T07:00,19.1,68,989.8,New_Delhi,28.6139,77.209
2023-10-28T08:00,21.8,62,990.6,New_Delhi,28.6139,77.209
2023-10-28T09:00,24.7,52,991.5,New_Delhi,28.6139,77.209
2023-10-28T10:00,27,45,991.5,New_Delhi,28.6139,77.209
2023-10-28T11:00,28.6,38,991,New_Delhi,28.6139,77.209
2023-10-28T12:00,29.6,34,990.2,New_Delhi,28.6139,77.209
2023-10-28T13:00,29.9,32,989.1,New_Delhi,28.6139,77.209
2023-10-28T14:00,30,30,988.4,New_Delhi,28.6139,77.209
2023-10-28T15:00,29.6,31,987.9,New_Delhi,28.6139,77.209
2023-10-28T16:00,28.6,39,987.9,New_Delhi,28.6139,77.209
2023-10-28T17:00,26.5,47,988,New_Delhi,28.6139,77.209
2023-10-28T18:00,23.8,51,988.8,New_Delhi,28.6139,77.209
2023-10-28T19:00,25.1,44,989.4,New_Delhi,28.6139,77.209
2023-10-28T20:00,26,41,989.7,New_Delhi,28.6139,77.209
2023-10-28T21:00,23.9,49,989.8,New_Delhi,28.6139,77.209
2023-10-28T22:00,22.6,54,989.5,New_Delhi,28.6139,77.209
2023-10-28T23:00,21.4,57,989.1,New_Delhi,28.6139,77.209
2023-10-29T00:00,21.6,57,988.7,New_Delhi,28.6139,77.209
2023-10-29T01:00,20.3,62,988.3,New_Delhi,28.6139,77.209
2023-10-29T02:00,18.8,66,988.1,New_Delhi,28.6139,77.209
2023-10-29T03:00,18.3,69,987.9,New_Delhi,28.6139,77.209
2023-10-29T04:00,17.8,73,987.7,New_Delhi,28.6139,77.209
2023-10-29T05:00,18.2,72,987.9,New_Delhi,28.6139,77.209
2023-10-29T06:00,20.1,63,989.2,New_Delhi,28.6139,77.209
2023-10-29T07:00,19.8,68,989.9,New_Delhi,28.6139,77.209
2023-10-29T08:00,22.4,62,990.8,New_Delhi,28.6139,77.209
2023-10-29T09:00,25.8,52,991.4,New_Delhi,28.6139,77.209
2023-10-29T10:00,28.2,43,991.4,New_Delhi,28.6139,77.209
2023-10-29T11:00,29.7,39,990.9,New_Delhi,28.6139,77.209
2023-10-29T12:00,30.6,36,990,New_Delhi,28.6139,77.209
2023-10-29T13:00,31.2,33,988.9,New_Delhi,28.6139,77.209
2023-10-29T14:00,31.4,32,988.3,New_Delhi,28.6139,77.209
2023-10-29T15:00,31.2,32,987.7,New_Delhi,28.6139,77.209
2023-10-29T16:00,30,41,987.7,New_Delhi,28.6139,77.209
2023-10-29T17:00,27.4,48,987.9,New_Delhi,28.6139,77.209
2023-10-29T18:00,25,55,988.8,New_Delhi,28.6139,77.209
2023-10-29T19:00,23.8,60,988.9,New_Delhi,28.6139,77.209
2023-10-29T20:00,22.5,67,989.2,New_Delhi,28.6139,77.209
2023-10-29T21:00,21.9,70,989.5,New_Delhi,28.6139,77.209
2023-10-29T22:00,20.6,77,989.4,New_Delhi,28.6139,77.209
2023-10-29T23:00,20,79,989.4,New_Delhi,28.6139,77.209
2023-10-30T00:00,19.4,81,988.9,New_Delhi,28.6139,77.209
2023-10-30T01:00,18.9,84,988.8,New_Delhi,28.6139,77.209
2023-10-30T02:00,18.5,87,988.5,New_Delhi,28.6139,77.209
2023-10-30T03:00,17.9,90,988.4,New_Delhi,28.6139,77.209
2023-10-30T04:00,17.7,90,988.6,New_Delhi,28.6139,77.209
2023-10-30T05:00,17.6,90,988.9,New_Delhi,28.6139,77.209
2023-10-30T06:00,18.4,93,989.7,New_Delhi,28.6139,77.209
2023-10-30T07:00,20.2,86,990.7,New_Delhi,28.6139,77.209
2023-10-30T08:00,23.1,74,991.7,New_Delhi,28.6139,77.209
2023-10-30T09:00,26,63,992,New_Delhi,28.6139,77.209
2023-10-30T10:00,28.4,53,991.9,New_Delhi,28.6139,77.209
2023-10-30T11:00,29.9,47,991.5,New_Delhi,28.6139,77.209
2023-10-30T12:00,30.9,43,990.4,New_Delhi,28.6139,77.209
2023-10-30T13:00,31.5,38,989.3,New_Delhi,28.6139,77.209
2023-10-30T14:00,31.7,35,988.7,New_Delhi,28.6139,77.209
2023-10-30T15:00,31.3,36,988.3,New_Delhi,28.6139,77.209
2023-10-30T16:00,30.3,41,988.2,New_Delhi,28.6139,77.209
2023-10-30T17:00,27.2,53,988.4,New_Delhi,28.6139,77.209
2023-10-30T18:00,24.6,59,989.2,New_Delhi,28.6139,77.209
2023-10-30T19:00,23.3,64,989.6,New_Delhi,28.6139,77.209
2023-10-30T20:00,22.6,64,990.3,New_Delhi,28.6139,77.209
2023-10-30T21:00,22,68,990.5,New_Delhi,28.6139,77.209
2023-10-30T22:00,20.9,78,990.5,New_Delhi,28.6139,77.209
2023-10-30T23:00,20.8,80,990.7,New_Delhi,28.6139,77.209
2023-10-31T00:00,19.8,86,990.5,New_Delhi,28.6139,77.209
2023-10-31T01:00,19.9,85,990.3,New_Delhi,28.6139,77.209
2023-10-31T02:00,19,90,989.7,New_Delhi,28.6139,77.209
2023-10-31T03:00,18.6,91,989.5,New_Delhi,28.6139,77.209
2023-10-31T04:00,18.5,90,989.8,New_Delhi,28.6139,77.209
2023-10-31T05:00,18.7,90,990.1,New_Delhi,28.6139,77.209
2023-10-31T06:00,19.2,90,991.5,New_Delhi,28.6139,77.209
2023-10-31T07:00,20.7,84,992.3,New_Delhi,28.6139,77.209
2023-10-31T08:00,23.5,74,993.2,New_Delhi,28.6139,77.209
2023-10-31T09:00,26,65,993.8,New_Delhi,28.6139,77.209
2023-10-31T10:00,28.1,56,993.5,New_Delhi,28.6139,77.209
2023-10-31T11:00,29.5,49,992.8,New_Delhi,28.6139,77.209
2023-10-31T12:00,30.3,45,991.7,New_Delhi,28.6139,77.209
2023-10-31T13:00,30.8,41,990.8,New_Delhi,28.6139,77.209
2023-10-31T14:00,31.1,37,990,New_Delhi,28.6139,77.209
2023-10-31T15:00,30.9,36,989.8,New_Delhi,28.6139,77.209
2023-10-31T16:00,30,40,989.7,New_Delhi,28.6139,77.209
2023-10-31T17:00,26.5,56,989.7,New_Delhi,28.6139,77.209
2023-10-31T18:00,25.2,62,990.6,New_Delhi,28.6139,77.209
2023-10-31T19:00,24.2,69,991,New_Delhi,28.6139,77.209
2023-10-31T20:00,23.3,73,991.5,New_Delhi,28.6139,77.209
2023-10-31T21:00,22.3,77,991.8,New_Delhi,28.6139,77.209
2023-10-31T22:00,21.4,80,992,New_Delhi,28.6139,77.209
2023-10-31T23:00,20.9,81,991.9,New_Delhi,28.6139,77.209
2023-11-01T00:00,20.5,83,991.8,New_Delhi,28.6139,77.209
2023-11-01T01:00,20.3,84,991.6,New_Delhi,28.6139,77.209
2023-11-01T02:00,20.1,83,991.2,New_Delhi,28.6139,77.209
2023-11-01T03:00,19.5,85,991.1,New_Delhi,28.6139,77.209
2023-11-01T04:00,18.8,89,991.1,New_Delhi,28.6139,77.209
2023-11-01T05:00,19.1,86,991.3,New_Delhi,28.6139,77.209
2023-11-01T06:00,20.2,81,992.7,New_Delhi,28.6139,77.209
2023-11-01T07:00,20.2,82,993.6,New_Delhi,28.6139,77.209
2023-11-01T08:00,22.6,74,994.6,New_Delhi,28.6139,77.209
2023-11-01T09:00,25.3,63,995.1,New_Delhi,28.6139,77.209
2023-11-01T10:00,27.4,54,994.4,New_Delhi,28.6139,77.209
2023-11-01T11:00,28.9,48,993.3,New_Delhi,28.6139,77.209
2023-11-01T12:00,29.8,44,992.2,New_Delhi,28.6139,77.209
2023-11-01T13:00,30.3,41,991.2,New_Delhi,28.6139,77.209
2023-11-01T14:00,30.5,39,990.4,New_Delhi,28.6139,77.209
2023-11-01T15:00,30.2,39,990.1,New_Delhi,28.6139,77.209
2023-11-01T16:00,29.4,42,990.2,New_Delhi,28.6139,77.209
2023-11-01T17:00,26.5,52,990.3,New_Delhi,28.6139,77.209
2023-11-01T18:00,25.8,55,990.2,New_Delhi,28.6139,77.209
2023-11-01T19:00,24,64,990.7,New_Delhi,28.6139,77.209
2023-11-01T20:00,23,69,990.9,New_Delhi,28.6139,77.209
2023-11-01T21:00,22,74,991.1,New_Delhi,28.6139,77.209
2023-11-01T22:00,21.1,78,991.1,New_Delhi,28.6139,77.209
2023-11-01T23:00,20.4,82,991,New_Delhi,28.6139,77.209
2023-11-02T00:00,20,84,990.6,New_Delhi,28.6139,77.209
2023-11-02T01:00,20,83,990.2,New_Delhi,28.6139,77.209
2023-11-02T02:00,21.7,74,990,New_Delhi,28.6139,77.209
2023-11-02T03:00,21.3,75,989.6,New_Delhi,28.6139,77.209
2023-11-02T04:00,21.7,72,989.5,New_Delhi,28.6139,77.209
2023-11-02T05:00,19,84,989.7,New_Delhi,28.6139,77.209
2023-11-02T06:00,19.1,85,991.1,New_Delhi,28.6139,77.209
2023-11-02T07:00,19.8,82,991.7,New_Delhi,28.6139,77.209
2023-11-02T08:00,22.6,73,992.3,New_Delhi,28.6139,77.209
2023-11-02T09:00,25.5,61,992.9,New_Delhi,28.6139,77.209
2023-11-02T10:00,27.7,53,992.6,New_Delhi,28.6139,77.209
2023-11-02T11:00,29,47,992,New_Delhi,28.6139,77.209
2023-11-02T12:00,29.7,44,990.9,New_Delhi,28.6139,77.209
2023-11-02T13:00,30.1,42,990.1,New_Delhi,28.6139,77.209
2023-11-02T14:00,30.3,40,989.1,New_Delhi,28.6139,77.209
2023-11-02T15:00,30.2,38,988.5,New_Delhi,28.6139,77.209
2023-11-02T16:00,29.6,39,988.3,New_Delhi,28.6139,77.209
2023-11-02T17:00,26.3,51,988,New_Delhi,28.6139,77.209
2023-11-02T18:00,24.6,64,988.7,New_Delhi,28.6139,77.209
2023-11-02T19:00,23.4,71,988.8,New_Delhi,28.6139,77.209
2023-11-02T20:00,22.6,75,989.2,New_Delhi,28.6139,77.209
2023-11-02T21:00,21.6,78,989.2,New_Delhi,28.6139,77.209
2023-11-02T22:00,21.3,78,988.8,New_Delhi,28.6139,77.209
2023-11-02T23:00,21.2,77,988.3,New_Delhi,28.6139,77.209
2023-11-03T00:00,19.8,84,987.7,New_Delhi,28.6139,77.209
2023-11-03T01:00,19.5,86,987.3,New_Delhi,28.6139,77.209
2023-11-03T02:00,18.6,90,986.8,New_Delhi,28.6139,77.209
2023-11-03T03:00,18.6,90,986.7,New_Delhi,28.6139,77.209
2023-11-03T04:00,18.2,92,986.7,New_Delhi,28.6139,77.209
2023-11-03T05:00,17.8,93,987,New_Delhi,28.6139,77.209
2023-11-03T06:00,17.9,97,988.1,New_Delhi,28.6139,77.209
2023-11-03T07:00,18.9,93,988.8,New_Delhi,28.6139,77.209
2023-11-03T08:00,21.6,80,989.8,New_Delhi,28.6139,77.209
2023-11-03T09:00,24.4,68,990.3,New_Delhi,28.6139,77.209
2023-11-03T10:00,26.8,57,990,New_Delhi,28.6139,77.209
2023-11-03T11:00,28.3,49,989.3,New_Delhi,28.6139,77.209
2023-11-03T12:00,27.1,52,989.2,New_Delhi,28.6139,77.209
2023-11-03T13:00,27.8,45,987.8,New_Delhi,28.6139,77.209
2023-11-03T14:00,28.5,44,986.6,New_Delhi,28.6139,77.209
2023-11-03T15:00,28.4,44,986.3,New_Delhi,28.6139,77.209
2023-11-03T16:00,27.7,48,986.1,New_Delhi,28.6139,77.209
2023-11-03T17:00,25.1,59,986.3,New_Delhi,28.6139,77.209
2023-11-03T18:00,22.7,66,987.2,New_Delhi,28.6139,77.209
2023-11-03T19:00,22.2,66,987.5,New_Delhi,28.6139,77.209
2023-11-03T20:00,21.3,70,987.6,New_Delhi,28.6139,77.209
2023-11-03T21:00,20.8,70,987.9,New_Delhi,28.6139,77.209
2023-11-03T22:00,20.2,70,988.1,New_Delhi,28.6139,77.209
2023-11-03T23:00,18.7,77,988.4,New_Delhi,28.6139,77.209
2023-11-04T00:00,17.6,81,987.9,New_Delhi,28.6139,77.209
2023-11-04T01:00,17,83,987.4,New_Delhi,28.6139,77.209
2023-11-04T02:00,16.7,83,987,New_Delhi,28.6139,77.209
2023-11-04T03:00,17.2,79,986.9,New_Delhi,28.6139,77.209
2023-11-04T04:00,16.6,82,986.6,New_Delhi,28.6139,77.209
2023-11-04T05:00,15.9,85,986.8,New_Delhi,28.6139,77.209
2023-11-04T06:00,17.6,91,988.2,New_Delhi,28.6139,77.209
2023-11-04T07:00,18.8,86,989,New_Delhi,28.6139,77.209
2023-11-04T08:00,21.4,75,989.7,New_Delhi,28.6139,77.209
2023-11-04T09:00,23.8,66,990.5,New_Delhi,28.6139,77.209
2023-11-04T10:00,25.9,59,990.1,New_Delhi,28.6139,77.209
2023-11-04T11:00,27.6,51,989.6,New_Delhi,28.6139,77.209
2023-11-04T12:00,28.7,46,988.6,New_Delhi,28.6139,77.209
2023-11-04T13:00,29.4,42,987.9,New_Delhi,28.6139,77.209
2023-11-04T14:00,29.6,41,987.2,New_Delhi,28.6139,77.209
2023-11-04T15:00,29.4,37,986.7,New_Delhi,28.6139,77.209
2023-11-04T16:00,28.5,37,986.9,New_Delhi,28.6139,77.209
2023-11-04T17:00,25.9,45,986.9,New_Delhi,28.6139,77.209
2023-11-04T18:00,23.6,65,987.3,New_Delhi,28.6139,77.209
2023-11-04T19:00,22.6,70,987.8,New_Delhi,28.6139,77.209
2023-11-04T20:00,21.8,75,988.6,New_Delhi,28.6139,77.209
2023-11-04T21:00,23.9,62,988.7,New_Delhi,28.6139,77.209
2023-11-04T22:00,21.1,72,988.6,New_Delhi,28.6139,77.209
2023-11-04T23:00,19.6,77,988.4,New_Delhi,28.6139,77.209
2023-11-05T00:00,19.2,78,988.1,New_Delhi,28.6139,77.209
2023-11-05T01:00,20,73,988.1,New_Delhi,28.6139,77.209
2023-11-05T02:00,17.5,84,987.8,New_Delhi,28.6139,77.209
2023-11-05T03:00,17.3,86,987.9,New_Delhi,28.6139,77.209
2023-11-05T04:00,16.9,88,988.2,New_Delhi,28.6139,77.209
2023-11-05T05:00,16.8,89,988.7,New_Delhi,28.6139,77.209
2023-11-05T06:00,17.8,96,989.7,New_Delhi,28.6139,77.209
2023-11-05T07:00,18.8,94,990.3,New_Delhi,28.6139,77.209
2023-11-05T08:00,21.3,84,991,New_Delhi,28.6139,77.209
2023-11-05T09:00,24.7,69,991.8,New_Delhi,28.6139,77.209
2023-11-05T10:00,27.4,45,991.6,New_Delhi,28.6139,77.209
2023-11-05T11:00,28.7,34,991.1,New_Delhi,28.6139,77.209
2023-11-05T12:00,29.3,32,990.2,New_Delhi,28.6139,77.209
2023-11-05T13:00,29.6,32,989.6,New_Delhi,28.6139,77.209
2023-11-05T14:00,29.6,32,988.9,New_Delhi,28.6139,77.209
2023-11-05T15:00,29.4,32,988.7,New_Delhi,28.6139,77.209
2023-11-05T16:00,28,39,988.5,New_Delhi,28.6139,77.209
2023-11-05T17:00,24.4,52,988.5,New_Delhi,28.6139,77.209
2023-11-05T18:00,22,62,989.1,New_Delhi,28.6139,77.209
2023-11-05T19:00,21.2,64,989.5,New_Delhi,28.6139,77.209
2023-11-05T20:00,21.3,59,989.8,New_Delhi,28.6139,77.209
2023-11-05T21:00,21,57,989.9,New_Delhi,28.6139,77.209
2023-11-05T22:00,22.1,51,990.4,New_Delhi,28.6139,77.209
2023-11-05T23:00,22.1,50,990.5,New_Delhi,28.6139,77.209
2023-11-06T00:00,18.3,64,990.1,New_Delhi,28.6139,77.209
2023-11-06T01:00,16.8,72,990.3,New_Delhi,28.6139,77.209
2023-11-06T02:00,19.6,59,990.2,New_Delhi,28.6139,77.209
2023-11-06T03:00,19.3,60,990.1,New_Delhi,28.6139,77.209
2023-11-06T04:00,19.1,61,990.2,New_Delhi,28.6139,77.209
2023-11-06T05:00,15.2,81,990.1,New_Delhi,28.6139,77.209
2023-11-06T06:00,15.8,90,991.4,New_Delhi,28.6139,77.209
2023-11-06T07:00,17.7,84,992.1,New_Delhi,28.6139,77.209
2023-11-06T08:00,21.2,72,993,New_Delhi,28.6139,77.209
2023-11-06T09:00,24.4,60,993.4,New_Delhi,28.6139,77.209
2023-11-06T10:00,26.8,48,993.4,New_Delhi,28.6139,77.209
2023-11-06T11:00,28.1,40,992.9,New_Delhi,28.6139,77.209
2023-11-06T12:00,28.8,37,991.8,New_Delhi,28.6139,77.209
2023-11-06T13:00,29.3,34,991,New_Delhi,28.6139,77.209
2023-11-06T14:00,29.5,32,990.3,New_Delhi,28.6139,77.209
2023-11-06T15:00,29.3,30,989.8,New_Delhi,28.6139,77.209
2023-11-06T16:00,27.7,43,989.6,New_Delhi,28.6139,77.209
2023-11-06T17:00,23.6,54,989.3,New_Delhi,28.6139,77.209
2023-11-06T18:00,23.3,60,990.1,New_Delhi,28.6139,77.209
2023-11-06T19:00,22.8,61,990.7,New_Delhi,28.6139,77.209
2023-11-06T20:00,20.3,70,991,New_Delhi,28.6139,77.209
2023-11-06T21:00,19.6,73,991,New_Delhi,28.6139,77.209
2023-11-06T22:00,18.2,79,991.1,New_Delhi,28.6139,77.209
2023-11-06T23:00,18.3,78,990.9,New_Delhi,28.6139,77.209
2023-11-07T00:00,17.4,82,990.5,New_Delhi,28.6139,77.209
2023-11-07T01:00,17.6,81,990.2,New_Delhi,28.6139,77.209
2023-11-07T02:00,17.4,81,989.9,New_Delhi,28.6139,77.209
2023-11-07T03:00,18,77,989.7,New_Delhi,28.6139,77.209
2023-11-07T04:00,16.4,84,989.7,New_Delhi,28.6139,77.209
2023-11-07T05:00,18.3,74,989.9,New_Delhi,28.6139,77.209
2023-11-07T06:00,16.3,89,990.6,New_Delhi,28.6139,77.209
2023-11-07T07:00,18.6,81,991.4,New_Delhi,28.6139,77.209
2023-11-07T08:00,21.9,72,992.4,New_Delhi,28.6139,77.209
2023-11-07T09:00,25,60,992.9,New_Delhi,28.6139,77.209
2023-11-07T10:00,27.2,50,992.9,New_Delhi,28.6139,77.209
2023-11-07T11:00,28.6,41,992.1,New_Delhi,28.6139,77.209
2023-11-07T12:00,29.5,35,990.9,New_Delhi,28.6139,77.209
2023-11-07T13:00,30.1,32,990.1,New_Delhi,28.6139,77.209
2023-11-07T14:00,30.1,32,989.4,New_Delhi,28.6139,77.209
2023-11-07T15:00,29.7,33,989,New_Delhi,28.6139,77.209
2023-11-07T16:00,28.1,45,988.9,New_Delhi,28.6139,77.209
2023-11-07T17:00,24.3,57,988.8,New_Delhi,28.6139,77.209
2023-11-07T18:00,22.8,66,989,New_Delhi,28.6139,77.209
2023-11-07T19:00,22,67,989.3,New_Delhi,28.6139,77.209
2023-11-07T20:00,20.9,69,989.4,New_Delhi,28.6139,77.209
2023-11-07T21:00,20.4,70,989.3,New_Delhi,28.6139,77.209
2023-11-07T22:00,19.9,73,989.3,New_Delhi,28.6139,77.209
2023-11-07T23:00,19,78,988.9,New_Delhi,28.6139,77.209
2023-11-08T00:00,20.5,70,988.8,New_Delhi,28.6139,77.209
2023-11-08T01:00,19.9,72,988.9,New_Delhi,28.6139,77.209
2023-11-08T02:00,19.1,76,988.4,New_Delhi,28.6139,77.209
2023-11-08T03:00,17.2,86,988.3,New_Delhi,28.6139,77.209
2023-11-08T04:00,16.8,89,988.2,New_Delhi,28.6139,77.209
2023-11-08T05:00,18.1,80,988.4,New_Delhi,28.6139,77.209
2023-11-08T06:00,18.4,82,989.2,New_Delhi,28.6139,77.209
2023-11-08T07:00,18.2,90,989.7,New_Delhi,28.6139,77.209
2023-11-08T08:00,20.9,76,990.7,New_Delhi,28.6139,77.209
2023-11-08T09:00,23.7,66,991.6,New_Delhi,28.6139,77.209
2023-11-08T10:00,25.8,58,991.4,New_Delhi,28.6139,77.209
2023-11-08T11:00,27.3,51,990.9,New_Delhi,28.6139,77.209
2023-11-08T12:00,28.5,45,989.9,New_Delhi,28.6139,77.209
2023-11-08T13:00,29.2,40,989.1,New_Delhi,28.6139,77.209
2023-11-08T14:00,29.5,38,988.4,New_Delhi,28.6139,77.209
2023-11-08T15:00,29.2,37,988,New_Delhi,28.6139,77.209
2023-11-08T16:00,27.6,48,988,New_Delhi,28.6139,77.209
2023-11-08T17:00,24.3,58,988.3,New_Delhi,28.6139,77.209
2023-11-08T18:00,24.2,59,988.7,New_Delhi,28.6139,77.209
2023-11-08T19:00,22.8,58,989.2,New_Delhi,28.6139,77.209
2023-11-08T20:00,22.6,60,989.8,New_Delhi,28.6139,77.209
2023-11-08T21:00,21.7,66,989.8,New_Delhi,28.6139,77.209
2023-11-08T22:00,20.3,73,989.6,New_Delhi,28.6139,77.209
2023-11-08T23:00,19.7,77,989.1,New_Delhi,28.6139,77.209
2023-11-09T00:00,22.6,61,988.5,New_Delhi,28.6139,77.209
2023-11-09T01:00,20.4,70,988,New_Delhi,28.6139,77.209
2023-11-09T02:00,17.6,85,987.5,New_Delhi,28.6139,77.209
2023-11-09T03:00,17.1,87,987.4,New_Delhi,28.6139,77.209
2023-11-09T04:00,17.4,86,987.7,New_Delhi,28.6139,77.209
2023-11-09T05:00,17.2,85,988,New_Delhi,28.6139,77.209
2023-11-09T06:00,16.9,90,988.9,New_Delhi,28.6139,77.209
2023-11-09T07:00,18,85,989.8,New_Delhi,28.6139,77.209
2023-11-09T08:00,20.8,74,990.5,New_Delhi,28.6139,77.209
2023-11-09T09:00,23.8,66,991.4,New_Delhi,28.6139,77.209
2023-11-09T10:00,26.2,55,991.3,New_Delhi,28.6139,77.209
2023-11-09T11:00,27.6,50,991,New_Delhi,28.6139,77.209
2023-11-09T12:00,28.6,47,990.1,New_Delhi,28.6139,77.209
2023-11-09T13:00,29.1,43,989.2,New_Delhi,28.6139,77.209
2023-11-09T14:00,29.2,40,988.6,New_Delhi,28.6139,77.209
2023-11-09T15:00,29,38,988.3,New_Delhi,28.6139,77.209
2023-11-09T16:00,27.5,47,988.2,New_Delhi,28.6139,77.209
2023-11-09T17:00,24.2,55,988.4,New_Delhi,28.6139,77.209
2023-11-09T18:00,24,59,988.8,New_Delhi,28.6139,77.209
2023-11-09T19:00,23,64,989.3,New_Delhi,28.6139,77.209
2023-11-09T20:00,24.7,52,990.1,New_Delhi,28.6139,77.209
2023-11-09T21:00,20.9,69,990.1,New_Delhi,28.6139,77.209
2023-11-09T22:00,20,73,990.2,New_Delhi,28.6139,77.209
2023-11-09T23:00,19.4,76,989.9,New_Delhi,28.6139,77.209
2023-11-10T00:00,18.6,79,989.5,New_Delhi,28.6139,77.209
2023-11-10T01:00,18.5,78,989.6,New_Delhi,28.6139,77.209
2023-11-10T02:00,19,76,989.3,New_Delhi,28.6139,77.209
2023-11-10T03:00,19.7,71,988.9,New_Delhi,28.6139,77.209
2023-11-10T04:00,17.7,80,988.6,New_Delhi,28.6139,77.209
2023-11-10T05:00,17.4,81,989.9,New_Delhi,28.6139,77.209
2023-11-10T06:00,18.3,88,990.3,New_Delhi,28.6139,77.209
2023-11-10T07:00,19.3,83,991.1,New_Delhi,28.6139,77.209
2023-11-10T08:00,20.6,79,992.2,New_Delhi,28.6139,77.209
2023-11-10T09:00,22.9,71,993.4,New_Delhi,28.6139,77.209
2023-11-10T10:00,24.2,62,993,New_Delhi,28.6139,77.209
2023-11-10T11:00,26.4,52,992.9,New_Delhi,28.6139,77.209
2023-11-10T12:00,24.2,60,992.5,New_Delhi,28.6139,77.209
2023-11-10T13:00,23.6,63,991.5,New_Delhi,28.6139,77.209
2023-11-10T14:00,24.8,61,991.1,New_Delhi,28.6139,77.209
2023-11-10T15:00,24.2,62,990.5,New_Delhi,28.6139,77.209
2023-11-10T16:00,23.6,64,990.5,New_Delhi,28.6139,77.209
2023-11-10T17:00,22.2,71,990.5,New_Delhi,28.6139,77.209
2023-11-10T18:00,19.4,88,991.9,New_Delhi,28.6139,77.209
2023-11-10T19:00,18.7,88,992.5,New_Delhi,28.6139,77.209
2023-11-10T20:00,17.8,90,993.7,New_Delhi,28.6139,77.209
2023-11-10T21:00,17.8,88,993.3,New_Delhi,28.6139,77.209
2023-11-10T22:00,16.8,93,992.5,New_Delhi,28.6139,77.209
2023-11-10T23:00,16.1,94,992.2,New_Delhi,28.6139,77.209
2023-11-11T00:00,15.7,96,991.6,New_Delhi,28.6139,77.209
2023-11-11T01:00,16.6,92,991.5,New_Delhi,28.6139,77.209
2023-11-11T02:00,15.3,97,991.1,New_Delhi,28.6139,77.209
2023-11-11T03:00,15.2,97,991.1,New_Delhi,28.6139,77.209
2023-11-11T04:00,14.9,97,991.3,New_Delhi,28.6139,77.209
2023-11-11T05:00,14.9,96,991.9,New_Delhi,28.6139,77.209
2023-11-11T06:00,15.8,94,992.6,New_Delhi,28.6139,77.209
2023-11-11T07:00,16.3,93,993.4,New_Delhi,28.6139,77.209
2023-11-11T08:00,17.8,88,994.3,New_Delhi,28.6139,77.209
2023-11-11T09:00,19.9,78,995.1,New_Delhi,28.6139,77.209
2023-11-11T10:00,22,67,995.3,New_Delhi,28.6139,77.209
2023-11-11T11:00,23.6,57,994.7,New_Delhi,28.6139,77.209
2023-11-11T12:00,24.6,52,993.8,New_Delhi,28.6139,77.209
2023-11-11T13:00,25.1,48,992.8,New_Delhi,28.6139,77.209
2023-11-11T14:00,25.3,47,992.3,New_Delhi,28.6139,77.209
2023-11-11T15:00,25,48,991.9,New_Delhi,28.6139,77.209
2023-11-11T16:00,24.2,52,992.2,New_Delhi,28.6139,77.209
2023-11-11T17:00,20.9,67,992.2,New_Delhi,28.6139,77.209
2023-11-11T18:00,20.3,71,993,New_Delhi,28.6139,77.209
2023-11-11T19:00,19.4,73,993.3,New_Delhi,28.6139,77.209
2023-11-11T20:00,18.5,74,993.9,New_Delhi,28.6139,77.209
2023-11-11T21:00,17.7,76,994.3,New_Delhi,28.6139,77.209
2023-11-11T22:00,17,79,994.2,New_Delhi,28.6139,77.209
2023-11-11T23:00,16.4,82,993.9,New_Delhi,28.6139,77.209
2023-11-12T00:00,15.9,85,993.4,New_Delhi,28.6139,77.209
2023-11-12T01:00,15.2,88,993,New_Delhi,28.6139,77.209
2023-11-12T02:00,14.7,90,992.8,New_Delhi,28.6139,77.209
2023-11-12T03:00,14.4,91,992.5,New_Delhi,28.6139,77.209
2023-11-12T04:00,14.2,92,992.5,New_Delhi,28.6139,77.209
2023-11-12T05:00,13.9,92,992.8,New_Delhi,28.6139,77.209
2023-11-12T06:00,14.2,93,993.8,New_Delhi,28.6139,77.209
2023-11-12T07:00,14.9,90,994.5,New_Delhi,28.6139,77.209
2023-11-12T08:00,17.1,81,995,New_Delhi,28.6139,77.209
2023-11-12T09:00,19.5,72,995.3,New_Delhi,28.6139,77.209
2023-11-12T10:00,21.7,64,995.2,New_Delhi,28.6139,77.209
2023-11-12T11:00,23.4,55,994.5,New_Delhi,28.6139,77.209
2023-11-12T12:00,24.4,50,993.4,New_Delhi,28.6139,77.209
2023-11-12T13:00,25,48,992.5,New_Delhi,28.6139,77.209
2023-11-12T14:00,25.1,48,991.8,New_Delhi,28.6139,77.209
2023-11-12T15:00,25,47,991.6,New_Delhi,28.6139,77.209
2023-11-12T16:00,24,53,991.5,New_Delhi,28.6139,77.209
2023-11-12T17:00,20.9,66,991.6,New_Delhi,28.6139,77.209
2023-11-12T18:00,20.5,67,992.3,New_Delhi,28.6139,77.209
2023-11-12T19:00,19.2,72,992.5,New_Delhi,28.6139,77.209
2023-11-12T20:00,17.9,78,993,New_Delhi,28.6139,77.209
2023-11-12T21:00,17.3,80,993.1,New_Delhi,28.6139,77.209
2023-11-12T22:00,16.9,81,993.1,New_Delhi,28.6139,77.209
2023-11-12T23:00,16.4,83,993.2,New_Delhi,28.6139,77.209
2023-11-13T00:00,15.9,84,992.9,New_Delhi,28.6139,77.209
2023-11-13T01:00,15.3,86,992.6,New_Delhi,28.6139,77.209
2023-11-13T02:00,14.5,89,992.2,New_Delhi,28.6139,77.209
2023-11-13T03:00,13.7,92,992,New_Delhi,28.6139,77.209
2023-11-13T04:00,13.4,92,991.8,New_Delhi,28.6139,77.209
2023-11-13T05:00,13.2,92,992.2,New_Delhi,28.6139,77.209
2023-11-13T06:00,13.5,94,993.2,New_Delhi,28.6139,77.209
2023-11-13T07:00,14.6,90,993.9,New_Delhi,28.6139,77.209
2023-11-13T08:00,17.2,81,994.8,New_Delhi,28.6139,77.209
2023-11-13T09:00,20,71,995.7,New_Delhi,28.6139,77.209
2023-11-13T10:00,22.5,62,995.7,New_Delhi,28.6139,77.209
2023-11-13T11:00,24.1,52,995.1,New_Delhi,28.6139,77.209
2023-11-13T12:00,25,48,994.1,New_Delhi,28.6139,77.209
2023-11-13T13:00,25.5,46,993.1,New_Delhi,28.6139,77.209
2023-11-13T14:00,25.6,45,992.3,New_Delhi,28.6139,77.209
2023-11-13T15:00,25.2,46,991.9,New_Delhi,28.6139,77.209
2023-11-13T16:00,24.2,52,991.8,New_Delhi,28.6139,77.209
2023-11-13T17:00,22.5,57,991.8,New_Delhi,28.6139,77.209
2023-11-13T18:00,20.4,72,992.1,New_Delhi,28.6139,77.209
2023-11-13T19:00,19.5,77,992.5,New_Delhi,28.6139,77.209
2023-11-13T20:00,18.5,80,993,New_Delhi,28.6139,77.209
2023-11-13T21:00,18,81,993.3,New_Delhi,28.6139,77.209
2023-11-13T22:00,16.9,85,993.1,New_Delhi,28.6139,77.209
2023-11-13T23:00,16.2,87,992.7,New_Delhi,28.6139,77.209
2023-11-14T00:00,15.9,87,992.2,New_Delhi,28.6139,77.209
2023-11-14T01:00,16,85,992,New_Delhi,28.6139,77.209
2023-11-14T02:00,15.6,86,991.5,New_Delhi,28.6139,77.209
2023-11-14T03:00,15.7,83,991.4,New_Delhi,28.6139,77.209
2023-11-14T04:00,15.3,84,991.2,New_Delhi,28.6139,77.209
2023-11-14T05:00,14.1,89,991.4,New_Delhi,28.6139,77.209
2023-11-14T06:00,14.3,91,992.9,New_Delhi,28.6139,77.209
2023-11-14T07:00,15.8,84,993.6,New_Delhi,28.6139,77.209
2023-11-14T08:00,18,76,994.6,New_Delhi,28.6139,77.209
2023-11-14T09:00,20.3,68,995.4,New_Delhi,28.6139,77.209
2023-11-14T10:00,22.5,62,995.4,New_Delhi,28.6139,77.209
2023-11-14T11:00,24,52,994.8,New_Delhi,28.6139,77.209
2023-11-14T12:00,24.8,45,993.6,New_Delhi,28.6139,77.209
2023-11-14T13:00,25.1,43,992.4,New_Delhi,28.6139,77.209
2023-11-14T14:00,25.2,43,991.8,New_Delhi,28.6139,77.209
2023-11-14T15:00,25,44,991.1,New_Delhi,28.6139,77.209
2023-11-14T16:00,23.9,50,991.1,New_Delhi,28.6139,77.209
2023-11-14T17:00,20.4,64,991,New_Delhi,28.6139,77.209
2023-11-14T18:00,19,71,991.5,New_Delhi,28.6139,77.209
2023-11-14T19:00,18.2,76,991.9,New_Delhi,28.6139,77.209
2023-11-14T20:00,17.5,76,992.2,New_Delhi,28.6139,77.209
2023-11-14T21:00,16.6,78,992.5,New_Delhi,28.6139,77.209
2023-11-14T22:00,16,79,992.6,New_Delhi,28.6139,77.209
2023-11-14T23:00,15.8,79,992.6,New_Delhi,28.6139,77.209
2023-11-15T00:00,15.1,82,992.3,New_Delhi,28.6139,77.209
2023-11-15T01:00,14.3,87,992,New_Delhi,28.6139,77.209
2023-11-15T02:00,14,87,991.7,New_Delhi,28.6139,77.209
2023-11-15T03:00,13.7,88,991.5,New_Delhi,28.6139,77.209
2023-11-15T04:00,13.5,89,991.3,New_Delhi,28.6139,77.209
2023-11-15T05:00,13.1,91,991.5,New_Delhi,28.6139,77.209
2023-11-15T06:00,13.4,91,992.5,New_Delhi,28.6139,77.209
2023-11-15T07:00,14.1,88,993.4,New_Delhi,28.6139,77.209
2023-11-15T08:00,16.7,79,994.2,New_Delhi,28.6139,77.209
2023-11-15T09:00,19.5,70,994.8,New_Delhi,28.6139,77.209
2023-11-15T10:00,22,62,994.8,New_Delhi,28.6139,77.209
2023-11-15T11:00,23.9,54,994.1,New_Delhi,28.6139,77.209
2023-11-15T12:00,24.9,48,992.8,New_Delhi,28.6139,77.209
2023-11-15T13:00,25.5,44,991.9,New_Delhi,28.6139,77.209
2023-11-15T14:00,25.7,42,991.2,New_Delhi,28.6139,77.209
2023-11-15T15:00,25.4,42,990.8,New_Delhi,28.6139,77.209
2023-11-15T16:00,24.2,49,990.8,New_Delhi,28.6139,77.209
2023-11-15T17:00,20.1,65,990.7,New_Delhi,28.6139,77.209
2023-11-15T18:00,19.7,71,991.3,New_Delhi,28.6139,77.209
2023-11-15T19:00,18.5,76,991.8,New_Delhi,28.6139,77.209
2023-11-15T20:00,17.6,77,992,New_Delhi,28.6139,77.209
2023-11-15T21:00,17.1,78,992.3,New_Delhi,28.6139,77.209
2023-11-15T22:00,16.1,82,992.3,New_Delhi,28.6139,77.209
2023-11-15T23:00,15.4,84,992.1,New_Delhi,28.6139,77.209
2023-11-16T00:00,15.2,84,991.8,New_Delhi,28.6139,77.209
2023-11-16T01:00,14.6,86,991.7,New_Delhi,28.6139,77.209
2023-11-16T02:00,14.2,88,991.3,New_Delhi,28.6139,77.209
2023-11-16T03:00,13.8,89,991.5,New_Delhi,28.6139,77.209
2023-11-16T04:00,13.2,92,991.4,New_Delhi,28.6139,77.209
2023-11-16T05:00,13,91,991.5,New_Delhi,28.6139,77.209
2023-11-16T06:00,13.1,91,992.9,New_Delhi,28.6139,77.209
2023-11-16T07:00,14.5,86,993.8,New_Delhi,28.6139,77.209
2023-11-16T08:00,17.1,76,994.7,New_Delhi,28.6139,77.209
2023-11-16T09:00,20.2,66,995.4,New_Delhi,28.6139,77.209
2023-11-16T10:00,22.7,57,995.6,New_Delhi,28.6139,77.209
2023-11-16T11:00,24.4,53,994.9,New_Delhi,28.6139,77.209
2023-11-16T12:00,25.4,48,993.8,New_Delhi,28.6139,77.209
2023-11-16T13:00,26,44,993.2,New_Delhi,28.6139,77.209
2023-11-16T14:00,26.2,42,992.5,New_Delhi,28.6139,77.209
2023-11-16T15:00,26,42,992.3,New_Delhi,28.6139,77.209
2023-11-16T16:00,24.9,49,992.3,New_Delhi,28.6139,77.209
2023-11-16T17:00,21.9,60,992.3,New_Delhi,28.6139,77.209
2023-11-16T18:00,23.1,58,993,New_Delhi,28.6139,77.209
2023-11-16T19:00,21.7,66,993.5,New_Delhi,28.6139,77.209
2023-11-16T20:00,21.6,67,993.8,New_Delhi,28.6139,77.209
2023-11-16T21:00,21.7,65,994,New_Delhi,28.6139,77.209
2023-11-16T22:00,21.1,66,994,New_Delhi,28.6139,77.209
2023-11-16T23:00,18.2,79,993.8,New_Delhi,28.6139,77.209
2023-11-17T00:00,16,89,993.5,New_Delhi,28.6139,77.209
2023-11-17T01:00,17.2,83,993.3,New_Delhi,28.6139,77.209
2023-11-17T02:00,17.4,82,993.2,New_Delhi,28.6139,77.209
2023-11-17T03:00,16.1,87,992.9,New_Delhi,28.6139,77.209
2023-11-17T04:00,15,91,992.8,New_Delhi,28.6139,77.209
2023-11-17T05:00,14.5,93,992.9,New_Delhi,28.6139,77.209
2023-11-17T06:00,14.3,94,994.2,New_Delhi,28.6139,77.209
2023-11-17T07:00,15.4,94,994.8,New_Delhi,28.6139,77.209
2023-11-17T08:00,18.4,82,995.3,New_Delhi,28.6139,77.209
2023-11-17T09:00,21.5,72,995.7,New_Delhi,28.6139,77.209
2023-11-17T10:00,24,63,995.4,New_Delhi,28.6139,77.209
2023-11-17T11:00,25.5,54,994.4,New_Delhi,28.6139,77.209
2023-11-17T12:00,26.3,47,993.1,New_Delhi,28.6139,77.209
2023-11-17T13:00,26.8,44,992.1,New_Delhi,28.6139,77.209
2023-11-17T14:00,26.8,44,991.3,New_Delhi,28.6139,77.209
2023-11-17T15:00,26.6,44,991.2,New_Delhi,28.6139,77.209
2023-11-17T16:00,25.5,50,991,New_Delhi,28.6139,77.209
2023-11-17T17:00,22.5,62,991.1,New_Delhi,28.6139,77.209
2023-11-17T18:00,24,55,992.2,New_Delhi,28.6139,77.209
2023-11-17T19:00,21.2,68,992,New_Delhi,28.6139,77.209
2023-11-17T20:00,19.7,72,991.6,New_Delhi,28.6139,77.209
2023-11-17T21:00,19.7,70,991.4,New_Delhi,28.6139,77.209
2023-11-17T22:00,18.3,78,991.4,New_Delhi,28.6139,77.209
2023-11-17T23:00,18.2,79,991.1,New_Delhi,28.6139,77.209
2023-11-18T00:00,16.8,85,990.8,New_Delhi,28.6139,77.209
2023-11-18T01:00,16.9,82,990.5,New_Delhi,28.6139,77.209
2023-11-18T02:00,16.3,85,990.5,New_Delhi,28.6139,77.209
2023-11-18T03:00,15.7,88,990.2,New_Delhi,28.6139,77.209
2023-11-18T04:00,15.5,89,990.3,New_Delhi,28.6139,77.209
2023-11-18T05:00,14.8,93,990.5,New_Delhi,28.6139,77.209
2023-11-18T06:00,14.6,94,992,New_Delhi,28.6139,77.209
2023-11-18T07:00,15.1,93,992.7,New_Delhi,28.6139,77.209
2023-11-18T08:00,17.7,83,993.3,New_Delhi,28.6139,77.209
2023-11-18T09:00,21,72,993.9,New_Delhi,28.6139,77.209
2023-11-18T10:00,23.6,60,994,New_Delhi,28.6139,77.209
2023-11-18T11:00,25.1,51,993.1,New_Delhi,28.6139,77.209
2023-11-18T12:00,25.9,47,992,New_Delhi,28.6139,77.209
2023-11-18T13:00,26.2,44,991.1,New_Delhi,28.6139,77.209
2023-11-18T14:00,26.2,44,990.4,New_Delhi,28.6139,77.209
2023-11-18T15:00,25.8,43,990,New_Delhi,28.6139,77.209
2023-11-18T16:00,24.8,48,990.2,New_Delhi,28.6139,77.209
2023-11-18T17:00,21.5,60,990.2,New_Delhi,28.6139,77.209
2023-11-18T18:00,20.6,67,990.4,New_Delhi,28.6139,77.209
2023-11-18T19:00,21.2,62,990.9,New_Delhi,28.6139,77.209
2023-11-18T20:00,19.3,70,991,New_Delhi,28.6139,77.209
2023-11-18T21:00,18.9,72,991.1,New_Delhi,28.6139,77.209
2023-11-18T22:00,18.2,75,991.3,New_Delhi,28.6139,77.209
2023-11-18T23:00,17.1,79,991.1,New_Delhi,28.6139,77.209
2023-11-19T00:00,16.5,80,990.7,New_Delhi,28.6139,77.209
2023-11-19T01:00,16,81,990.5,New_Delhi,28.6139,77.209
2023-11-19T02:00,15.8,82,990.5,New_Delhi,28.6139,77.209
2023-11-19T03:00,15.4,84,990.4,New_Delhi,28.6139,77.209
2023-11-19T04:00,14.6,88,990.7,New_Delhi,28.6139,77.209
2023-11-19T05:00,13.9,91,991.1,New_Delhi,28.6139,77.209
2023-11-19T06:00,14.1,92,992.3,New_Delhi,28.6139,77.209
2023-11-19T07:00,15.4,90,993.2,New_Delhi,28.6139,77.209
2023-11-19T08:00,18.6,78,994.1,New_Delhi,28.6139,77.209
2023-11-19T09:00,21.8,64,994.8,New_Delhi,28.6139,77.209
2023-11-19T10:00,23.8,55,994.9,New_Delhi,28.6139,77.209
2023-11-19T11:00,25.1,50,994.3,New_Delhi,28.6139,77.209
2023-11-19T12:00,25.5,47,993.4,New_Delhi,28.6139,77.209
2023-11-19T13:00,25.7,46,992.4,New_Delhi,28.6139,77.209
2023-11-19T14:00,25.6,45,991.8,New_Delhi,28.6139,77.209
2023-11-19T15:00,25.4,46,991.5,New_Delhi,28.6139,77.209
2023-11-19T16:00,24.6,50,991.5,New_Delhi,28.6139,77.209
2023-11-19T17:00,21.4,63,991.6,New_Delhi,28.6139,77.209
2023-11-19T18:00,20.9,58,991.8,New_Delhi,28.6139,77.209
2023-11-19T19:00,22,51,992.4,New_Delhi,28.6139,77.209
2023-11-19T20:00,20.7,57,992.6,New_Delhi,28.6139,77.209
2023-11-19T21:00,20.3,60,992.8,New_Delhi,28.6139,77.209
2023-11-19T22:00,19.8,61,992.7,New_Delhi,28.6139,77.209
2023-11-19T23:00,19.7,59,992.4,New_Delhi,28.6139,77.209
2023-11-20T00:00,19.9,56,992,New_Delhi,28.6139,77.209
2023-11-20T01:00,20.1,54,991.8,New_Delhi,28.6139,77.209
2023-11-20T02:00,19.7,55,991.6,New_Delhi,28.6139,77.209
2023-11-20T03:00,16.7,67,991.5,New_Delhi,28.6139,77.209
2023-11-20T04:00,14.5,80,991.3,New_Delhi,28.6139,77.209
2023-11-20T05:00,13.4,89,991.6,New_Delhi,28.6139,77.209
2023-11-20T06:00,13.6,92,992.5,New_Delhi,28.6139,77.209
2023-11-20T07:00,14.7,90,993.6,New_Delhi,28.6139,77.209
2023-11-20T08:00,17.4,78,994.5,New_Delhi,28.6139,77.209
2023-11-20T09:00,20.5,67,995.2,New_Delhi,28.6139,77.209
2023-11-20T10:00,22.9,56,995.2,New_Delhi,28.6139,77.209
2023-11-20T11:00,24.4,47,994.5,New_Delhi,28.6139,77.209
2023-11-20T12:00,25.2,43,993.5,New_Delhi,28.6139,77.209
2023-11-20T13:00,25.5,42,992.8,New_Delhi,28.6139,77.209
2023-11-20T14:00,25.5,42,991.9,New_Delhi,28.6139,77.209
2023-11-20T15:00,25.2,43,991.8,New_Delhi,28.6139,77.209
2023-11-20T16:00,24.2,47,991.7,New_Delhi,28.6139,77.209
2023-11-20T17:00,20.3,64,991.6,New_Delhi,28.6139,77.209
2023-11-20T18:00,19.3,71,991.6,New_Delhi,28.6139,77.209
2023-11-20T19:00,18.4,75,992.1,New_Delhi,28.6139,77.209
2023-11-20T20:00,18.3,75,992.3,New_Delhi,28.6139,77.209
2023-11-20T21:00,18,75,992.4,New_Delhi,28.6139,77.209
2023-11-20T22:00,17,78,992.3,New_Delhi,28.6139,77.209
2023-11-20T23:00,16.4,81,992.3,New_Delhi,28.6139,77.209
2023-11-21T00:00,15.6,85,992,New_Delhi,28.6139,77.209
2023-11-21T01:00,14.8,89,992,New_Delhi,28.6139,77.209
2023-11-21T02:00,13.9,91,991.8,New_Delhi,28.6139,77.209
2023-11-21T03:00,14,90,991.5,New_Delhi,28.6139,77.209
2023-11-21T04:00,13.8,91,991.6,New_Delhi,28.6139,77.209
2023-11-21T05:00,13.5,92,991.7,New_Delhi,28.6139,77.209
2023-11-21T06:00,13.6,92,992.2,New_Delhi,28.6139,77.209
2023-11-21T07:00,14.2,90,992.9,New_Delhi,28.6139,77.209
2023-11-21T08:00,16.7,80,993.7,New_Delhi,28.6139,77.209
2023-11-21T09:00,19.4,68,994,New_Delhi,28.6139,77.209
2023-11-21T10:00,21.9,60,993.5,New_Delhi,28.6139,77.209
2023-11-21T11:00,23.9,52,992.7,New_Delhi,28.6139,77.209
2023-11-21T12:00,24.9,45,991.6,New_Delhi,28.6139,77.209
2023-11-21T13:00,25.2,43,990.9,New_Delhi,28.6139,77.209
2023-11-21T14:00,25.2,42,990.1,New_Delhi,28.6139,77.209
2023-11-21T15:00,24.8,43,989.8,New_Delhi,28.6139,77.209
2023-11-21T16:00,23.8,48,989.8,New_Delhi,28.6139,77.209
2023-11-21T17:00,21.3,57,989.8,New_Delhi,28.6139,77.209
2023-11-21T18:00,20.4,66,990.4,New_Delhi,28.6139,77.209
2023-11-21T19:00,19.5,69,990.5,New_Delhi,28.6139,77.209
2023-11-21T20:00,18.8,68,990.6,New_Delhi,28.6139,77.209
2023-11-21T21:00,18.2,67,991,New_Delhi,28.6139,77.209
2023-11-21T22:00,17.4,69,990.7,New_Delhi,28.6139,77.209
2023-11-21T23:00,16.7,71,990.4,New_Delhi,28.6139,77.209
2023-11-22T00:00,16.2,71,989.6,New_Delhi,28.6139,77.209
2023-11-22T01:00,15.6,71,989,New_Delhi,28.6139,77.209
2023-11-22T02:00,15,72,988.6,New_Delhi,28.6139,77.209
2023-11-22T03:00,14.5,73,988.3,New_Delhi,28.6139,77.209
2023-11-22T04:00,14,74,988.4,New_Delhi,28.6139,77.209
2023-11-22T05:00,13.6,76,988.6,New_Delhi,28.6139,77.209
2023-11-22T06:00,13.1,80,989.4,New_Delhi,28.6139,77.209
2023-11-22T07:00,13.4,79,990.1,New_Delhi,28.6139,77.209
2023-11-22T08:00,15.7,71,991,New_Delhi,28.6139,77.209
2023-11-22T09:00,18.3,62,991.8,New_Delhi,28.6139,77.209
2023-11-22T10:00,20.8,55,991.5,New_Delhi,28.6139,77.209
2023-11-22T11:00,22.8,49,990.9,New_Delhi,28.6139,77.209
2023-11-22T12:00,24,44,989.8,New_Delhi,28.6139,77.209
2023-11-22T13:00,24.6,43,989,New_Delhi,28.6139,77.209
2023-11-22T14:00,24.8,42,988.5,New_Delhi,28.6139,77.209
2023-11-22T15:00,24.4,43,988.2,New_Delhi,28.6139,77.209
2023-11-22T16:00,23.2,48,988.3,New_Delhi,28.6139,77.209
2023-11-22T17:00,20.4,58,988.4,New_Delhi,28.6139,77.209
2023-11-22T18:00,19.3,63,989.2,New_Delhi,28.6139,77.209
2023-11-22T19:00,17.8,70,989.5,New_Delhi,28.6139,77.209
2023-11-22T20:00,16.4,77,989.6,New_Delhi,28.6139,77.209
2023-11-22T21:00,15.6,81,989.8,New_Delhi,28.6139,77.209
2023-11-22T22:00,15.7,78,989.6,New_Delhi,28.6139,77.209
2023-11-22T23:00,15.6,77,989.2,New_Delhi,28.6139,77.209
2023-11-23T00:00,15.5,76,988.5,New_Delhi,28.6139,77.209
2023-11-23T01:00,15.6,75,988.2,New_Delhi,28.6139,77.209
2023-11-23T02:00,14.9,77,987.8,New_Delhi,28.6139,77.209
2023-11-23T03:00,13.2,85,987.6,New_Delhi,28.6139,77.209
2023-11-23T04:00,12.8,86,987.6,New_Delhi,28.6139,77.209
2023-11-23T05:00,11.7,91,988,New_Delhi,28.6139,77.209
2023-11-23T06:00,11.3,95,989.4,New_Delhi,28.6139,77.209
2023-11-23T07:00,11.9,95,990,New_Delhi,28.6139,77.209
2023-11-23T08:00,15,83,990.9,New_Delhi,28.6139,77.209
2023-11-23T09:00,18.6,69,991.7,New_Delhi,28.6139,77.209
2023-11-23T10:00,21.3,58,991.6,New_Delhi,28.6139,77.209
2023-11-23T11:00,23,50,990.9,New_Delhi,28.6139,77.209
2023-11-23T12:00,24,46,989.7,New_Delhi,28.6139,77.209
2023-11-23T13:00,24.5,44,988.8,New_Delhi,28.6139,77.209
2023-11-23T14:00,24.8,43,988.1,New_Delhi,28.6139,77.209
2023-11-23T15:00,24.6,43,987.9,New_Delhi,28.6139,77.209
2023-11-23T16:00,23.9,45,987.6,New_Delhi,28.6139,77.209
2023-11-23T17:00,22.7,50,987.9,New_Delhi,28.6139,77.209
2023-11-23T18:00,19.1,68,988.1,New_Delhi,28.6139,77.209
2023-11-23T19:00,19.5,65,988.9,New_Delhi,28.6139,77.209
2023-11-23T20:00,17.8,71,989.2,New_Delhi,28.6139,77.209
2023-11-23T21:00,17.2,71,989.7,New_Delhi,28.6139,77.209
2023-11-23T22:00,15.5,78,989.7,New_Delhi,28.6139,77.209
2023-11-23T23:00,15.4,77,989.6,New_Delhi,28.6139,77.209
2023-11-24T00:00,14.8,80,989.3,New_Delhi,28.6139,77.209
2023-11-24T01:00,14.2,84,989.3,New_Delhi,28.6139,77.209
2023-11-24T02:00,13.4,87,989.1,New_Delhi,28.6139,77.209
2023-11-24T03:00,13.4,87,989.2,New_Delhi,28.6139,77.209
2023-11-24T04:00,15.1,78,989.3,New_Delhi,28.6139,77.209
2023-11-24T05:00,15.6,76,989.7,New_Delhi,28.6139,77.209
2023-11-24T06:00,15.2,77,990.9,New_Delhi,28.6139,77.209
2023-11-24T07:00,14.9,78,991.9,New_Delhi,28.6139,77.209
2023-11-24T08:00,16.3,75,992.6,New_Delhi,28.6139,77.209
2023-11-24T09:00,19.7,64,993.5,New_Delhi,28.6139,77.209
2023-11-24T10:00,22.3,55,993.7,New_Delhi,28.6139,77.209
2023-11-24T11:00,23.8,49,993.1,New_Delhi,28.6139,77.209
2023-11-24T12:00,24.6,46,991.9,New_Delhi,28.6139,77.209
2023-11-24T13:00,25.1,45,991.2,New_Delhi,28.6139,77.209
2023-11-24T14:00,25.1,44,990.5,New_Delhi,28.6139,77.209
2023-11-24T15:00,24.8,44,990.2,New_Delhi,28.6139,77.209
2023-11-24T16:00,23.5,53,990.1,New_Delhi,28.6139,77.209
2023-11-24T17:00,20,66,990.2,New_Delhi,28.6139,77.209
2023-11-24T18:00,20,67,990.8,New_Delhi,28.6139,77.209
2023-11-24T19:00,18.3,75,991.5,New_Delhi,28.6139,77.209
2023-11-24T20:00,17,82,991.8,New_Delhi,28.6139,77.209
2023-11-24T21:00,16.5,82,992,New_Delhi,28.6139,77.209
2023-11-24T22:00,15.9,81,992,New_Delhi,28.6139,77.209
2023-11-24T23:00,15,83,991.7,New_Delhi,28.6139,77.209
2023-11-25T00:00,14,86,991,New_Delhi,28.6139,77.209
2023-11-25T01:00,13.5,86,990.7,New_Delhi,28.6139,77.209
2023-11-25T02:00,13.4,87,990.6,New_Delhi,28.6139,77.209
2023-11-25T03:00,13.3,89,990.5,New_Delhi,28.6139,77.209
2023-11-25T04:00,12.9,91,990.4,New_Delhi,28.6139,77.209
2023-11-25T05:00,12.6,92,990.6,New_Delhi,28.6139,77.209
2023-11-25T06:00,12.4,94,991.9,New_Delhi,28.6139,77.209
2023-11-25T07:00,12.6,94,992.5,New_Delhi,28.6139,77.209
2023-11-25T08:00,15.2,83,993.5,New_Delhi,28.6139,77.209
2023-11-25T09:00,18.5,71,994.3,New_Delhi,28.6139,77.209
2023-11-25T10:00,21.5,60,994.7,New_Delhi,28.6139,77.209
2023-11-25T11:00,23.5,51,993.9,New_Delhi,28.6139,77.209
2023-11-25T12:00,24.7,44,992.9,New_Delhi,28.6139,77.209
2023-11-25T13:00,25.2,41,991.8,New_Delhi,28.6139,77.209
2023-11-25T14:00,25.3,40,991.5,New_Delhi,28.6139,77.209
2023-11-25T15:00,24.9,40,991.5,New_Delhi,28.6139,77.209
2023-11-25T16:00,23.4,52,991.5,New_Delhi,28.6139,77.209
2023-11-25T17:00,20.6,58,991.5,New_Delhi,28.6139,77.209
2023-11-25T18:00,21.2,59,991.9,New_Delhi,28.6139,77.209
2023-11-25T19:00,20.4,62,992.3,New_Delhi,28.6139,77.209
2023-11-25T20:00,20.5,60,992.8,New_Delhi,28.6139,77.209
2023-11-25T21:00,19.9,62,992.9,New_Delhi,28.6139,77.209
2023-11-25T22:00,19.4,64,992.5,New_Delhi,28.6139,77.209
2023-11-25T23:00,16.3,77,992.1,New_Delhi,28.6139,77.209
2023-11-26T00:00,15.4,82,991.8,New_Delhi,28.6139,77.209
2023-11-26T01:00,16,80,992.2,New_Delhi,28.6139,77.209
2023-11-26T02:00,16.3,78,992,New_Delhi,28.6139,77.209
2023-11-26T03:00,15.2,84,992,New_Delhi,28.6139,77.209
2023-11-26T04:00,14.3,90,992,New_Delhi,28.6139,77.209
2023-11-26T05:00,14.2,90,992.5,New_Delhi,28.6139,77.209
2023-11-26T06:00,14.3,89,993.6,New_Delhi,28.6139,77.209
2023-11-26T07:00,14.9,85,994.3,New_Delhi,28.6139,77.209
2023-11-26T08:00,17.3,74,995.3,New_Delhi,28.6139,77.209
2023-11-26T09:00,20.1,65,995.7,New_Delhi,28.6139,77.209
2023-11-26T10:00,22.2,58,995.5,New_Delhi,28.6139,77.209
2023-11-26T11:00,23.8,50,995.1,New_Delhi,28.6139,77.209
2023-11-26T12:00,24.8,45,994.2,New_Delhi,28.6139,77.209
2023-11-26T13:00,25.2,41,992.8,New_Delhi,28.6139,77.209
2023-11-26T14:00,25.5,40,991.9,New_Delhi,28.6139,77.209
2023-11-26T15:00,25.1,41,991.3,New_Delhi,28.6139,77.209
2023-11-26T16:00,23.8,47,991.1,New_Delhi,28.6139,77.209
2023-11-26T17:00,21.2,57,990.9,New_Delhi,28.6139,77.209
2023-11-26T18:00,20.3,66,992.4,New_Delhi,28.6139,77.209
2023-11-26T19:00,19.2,72,992.2,New_Delhi,28.6139,77.209
2023-11-26T20:00,18.7,73,992.1,New_Delhi,28.6139,77.209
2023-11-26T21:00,18.4,73,991.9,New_Delhi,28.6139,77.209
2023-11-26T22:00,18.1,74,991.5,New_Delhi,28.6139,77.209
2023-11-26T23:00,17.3,77,991,New_Delhi,28.6139,77.209
2023-11-27T00:00,17.1,77,990,New_Delhi,28.6139,77.209
2023-11-27T01:00,16.3,81,990,New_Delhi,28.6139,77.209
2023-11-27T02:00,16.2,82,989.9,New_Delhi,28.6139,77.209
2023-11-27T03:00,16.1,82,989.7,New_Delhi,28.6139,77.209
2023-11-27T04:00,15.9,85,989.8,New_Delhi,28.6139,77.209
2023-11-27T05:00,17,79,990.2,New_Delhi,28.6139,77.209
2023-11-27T06:00,16.5,83,990.2,New_Delhi,28.6139,77.209
2023-11-27T07:00,16.7,83,991,New_Delhi,28.6139,77.209
2023-11-27T08:00,17.7,79,991.7,New_Delhi,28.6139,77.209
2023-11-27T09:00,18.8,76,992.7,New_Delhi,28.6139,77.209
2023-11-27T10:00,19.7,72,993,New_Delhi,28.6139,77.209
2023-11-27T11:00,20,73,992.1,New_Delhi,28.6139,77.209
2023-11-27T12:00,22.4,64,991.3,New_Delhi,28.6139,77.209
2023-11-27T13:00,23.9,47,990,New_Delhi,28.6139,77.209
2023-11-27T14:00,24,43,989,New_Delhi,28.6139,77.209
2023-11-27T15:00,23.4,46,989.1,New_Delhi,28.6139,77.209
2023-11-27T16:00,22,54,989.7,New_Delhi,28.6139,77.209
2023-11-27T17:00,19.4,70,990,New_Delhi,28.6139,77.209
2023-11-27T18:00,18.1,82,990.4,New_Delhi,28.6139,77.209
2023-11-27T19:00,17.4,90,990.5,New_Delhi,28.6139,77.209
2023-11-27T20:00,17.1,92,990.8,New_Delhi,28.6139,77.209
2023-11-27T21:00,16.7,90,990.8,New_Delhi,28.6139,77.209
2023-11-27T22:00,17,86,990.8,New_Delhi,28.6139,77.209
2023-11-27T23:00,15.7,93,991.1,New_Delhi,28.6139,77.209
2023-11-28T00:00,15.8,93,990.8,New_Delhi,28.6139,77.209
2023-11-28T01:00,15.8,93,990.4,New_Delhi,28.6139,77.209
2023-11-28T02:00,15.4,95,990.1,New_Delhi,28.6139,77.209
2023-11-28T03:00,15.1,96,989.8,New_Delhi,28.6139,77.209
2023-11-28T04:00,15.1,96,989.8,New_Delhi,28.6139,77.209
2023-11-28T05:00,15.9,95,989.8,New_Delhi,28.6139,77.209
2023-11-28T06:00,15.6,94,990.4,New_Delhi,28.6139,77.209
2023-11-28T07:00,15.3,97,991,New_Delhi,28.6139,77.209
2023-11-28T08:00,17.1,88,992.1,New_Delhi,28.6139,77.209
2023-11-28T09:00,18.6,80,992.6,New_Delhi,28.6139,77.209
2023-11-28T10:00,20.2,67,992.5,New_Delhi,28.6139,77.209
2023-11-28T11:00,19.6,72,991.9,New_Delhi,28.6139,77.209
2023-11-28T12:00,18.4,86,991.2,New_Delhi,28.6139,77.209
2023-11-28T13:00,18.8,83,990.1,New_Delhi,28.6139,77.209
2023-11-28T14:00,19.7,78,989.4,New_Delhi,28.6139,77.209
2023-11-28T15:00,20.6,72,989.2,New_Delhi,28.6139,77.209
2023-11-28T16:00,20.2,74,989.2,New_Delhi,28.6139,77.209
2023-11-28T17:00,17.9,88,989.2,New_Delhi,28.6139,77.209
2023-11-28T18:00,18.1,90,989.6,New_Delhi,28.6139,77.209
2023-11-28T19:00,17.8,92,990,New_Delhi,28.6139,77.209
2023-11-28T20:00,17.7,94,990.3,New_Delhi,28.6139,77.209
2023-11-28T21:00,17.2,96,990.5,New_Delhi,28.6139,77.209
2023-11-28T22:00,16.7,96,990.7,New_Delhi,28.6139,77.209
2023-11-28T23:00,15.9,97,990.2,New_Delhi,28.6139,77.209
2023-11-29T00:00,15.2,98,989.9,New_Delhi,28.6139,77.209
2023-11-29T01:00,14.7,98,989.9,New_Delhi,28.6139,77.209
2023-11-29T02:00,14.3,98,989.7,New_Delhi,28.6139,77.209
2023-11-29T03:00,13.9,98,989.6,New_Delhi,28.6139,77.209
2023-11-29T04:00,13.7,98,989.6,New_Delhi,28.6139,77.209
2023-11-29T05:00,13.4,98,989.7,New_Delhi,28.6139,77.209
2023-11-29T06:00,13.9,97,990.6,New_Delhi,28.6139,77.209
2023-11-29T07:00,14.1,98,991.1,New_Delhi,28.6139,77.209
2023-11-29T08:00,16.5,90,992,New_Delhi,28.6139,77.209
2023-11-29T09:00,19,80,992.9,New_Delhi,28.6139,77.209
2023-11-29T10:00,21.6,68,993.1,New_Delhi,28.6139,77.209
2023-11-29T11:00,23.3,58,992.3,New_Delhi,28.6139,77.209
2023-11-29T12:00,24.2,53,991.2,New_Delhi,28.6139,77.209
2023-11-29T13:00,24.4,52,990.2,New_Delhi,28.6139,77.209
2023-11-29T14:00,24.3,52,989.6,New_Delhi,28.6139,77.209
2023-11-29T15:00,24.1,52,989.5,New_Delhi,28.6139,77.209
2023-11-29T16:00,23.3,57,989.5,New_Delhi,28.6139,77.209
2023-11-29T17:00,22.4,58,989.7,New_Delhi,28.6139,77.209
2023-11-29T18:00,19,82,990.7,New_Delhi,28.6139,77.209
2023-11-29T19:00,18.1,87,990.8,New_Delhi,28.6139,77.209
2023-11-29T20:00,17.7,88,991,New_Delhi,28.6139,77.209
2023-11-29T21:00,18.3,84,991.2,New_Delhi,28.6139,77.209
2023-11-29T22:00,18.3,83,991.1,New_Delhi,28.6139,77.209
2023-11-29T23:00,16.1,91,990.8,New_Delhi,28.6139,77.209
2023-11-30T00:00,17.7,84,990.6,New_Delhi,28.6139,77.209
2023-11-30T01:00,17.5,85,990.6,New_Delhi,28.6139,77.209
2023-11-30T02:00,16.4,90,990.2,New_Delhi,28.6139,77.209
2023-11-30T03:00,15,94,990.1,New_Delhi,28.6139,77.209
2023-11-30T04:00,14.2,96,989.8,New_Delhi,28.6139,77.209
2023-11-30T05:00,14.1,96,989.7,New_Delhi,28.6139,77.209
2023-11-30T06:00,15.9,94,991,New_Delhi,28.6139,77.209
2023-11-30T07:00,15.6,90,991.8,New_Delhi,28.6139,77.209
2023-11-30T08:00,17,89,992.1,New_Delhi,28.6139,77.209
2023-11-30T09:00,18.2,84,993.6,New_Delhi,28.6139,77.209
2023-11-30T10:00,19.2,74,993.9,New_Delhi,28.6139,77.209
2023-11-30T11:00,20.9,69,993.4,New_Delhi,28.6139,77.209
2023-11-30T12:00,21.3,68,992.9,New_Delhi,28.6139,77.209
2023-11-30T13:00,21.7,66,991.7,New_Delhi,28.6139,77.209
2023-11-30T14:00,21.6,66,991.3,New_Delhi,28.6139,77.209
2023-11-30T15:00,21.4,66,990.9,New_Delhi,28.6139,77.209
2023-11-30T16:00,20.9,68,990.6,New_Delhi,28.6139,77.209
2023-11-30T17:00,19.2,77,990.9,New_Delhi,28.6139,77.209
2023-11-30T18:00,18.6,84,992.1,New_Delhi,28.6139,77.209
2023-11-30T19:00,17.5,91,992.3,New_Delhi,28.6139,77.209
2023-11-30T20:00,16.4,95,992.6,New_Delhi,28.6139,77.209
2023-11-30T21:00,16.3,95,992.9,New_Delhi,28.6139,77.209
2023-11-30T22:00,15.9,95,992.8,New_Delhi,28.6139,77.209
2023-11-30T23:00,15,97,992.5,New_Delhi,28.6139,77.209
2023-12-01T00:00,14.9,97,992.3,New_Delhi,28.6139,77.209
2023-12-01T01:00,14.8,97,992.1,New_Delhi,28.6139,77.209
2023-12-01T02:00,14.4,97,991.9,New_Delhi,28.6139,77.209
2023-12-01T03:00,14.5,97,991.8,New_Delhi,28.6139,77.209
2023-12-01T04:00,14,97,991.7,New_Delhi,28.6139,77.209
2023-12-01T05:00,13.8,97,991.9,New_Delhi,28.6139,77.209
2023-12-01T06:00,15.8,96,992.5,New_Delhi,28.6139,77.209
2023-12-01T07:00,15.9,94,992.9,New_Delhi,28.6139,77.209
2023-12-01T08:00,17.3,89,993.9,New_Delhi,28.6139,77.209
2023-12-01T09:00,18.7,82,994.5,New_Delhi,28.6139,77.209
2023-12-01T10:00,20.6,74,994.4,New_Delhi,28.6139,77.209
2023-12-01T11:00,22.2,68,993.6,New_Delhi,28.6139,77.209
2023-12-01T12:00,23.3,63,992.3,New_Delhi,28.6139,77.209
2023-12-01T13:00,24,58,991.2,New_Delhi,28.6139,77.209
2023-12-01T14:00,24.2,55,990.4,New_Delhi,28.6139,77.209
2023-12-01T15:00,23.9,54,990.1,New_Delhi,28.6139,77.209
2023-12-01T16:00,23.1,58,990,New_Delhi,28.6139,77.209
2023-12-01T17:00,20.2,71,990.1,New_Delhi,28.6139,77.209
2023-12-01T18:00,19.3,82,991.2,New_Delhi,28.6139,77.209
2023-12-01T19:00,18.8,82,991.5,New_Delhi,28.6139,77.209
2023-12-01T20:00,18.1,85,991.9,New_Delhi,28.6139,77.209
2023-12-01T21:00,17.7,86,992.3,New_Delhi,28.6139,77.209
2023-12-01T22:00,16.9,88,992.3,New_Delhi,28.6139,77.209
2023-12-01T23:00,16.2,90,992,New_Delhi,28.6139,77.209
2023-12-02T00:00,15.6,92,991.5,New_Delhi,28.6139,77.209
2023-12-02T01:00,14.8,94,991.4,New_Delhi,28.6139,77.209
2023-12-02T02:00,14.3,95,991.1,New_Delhi,28.6139,77.209
2023-12-02T03:00,13.9,96,991,New_Delhi,28.6139,77.209
2023-12-02T04:00,13.6,96,991,New_Delhi,28.6139,77.209
2023-12-02T05:00,13.2,96,991.1,New_Delhi,28.6139,77.209
2023-12-02T06:00,14.2,97,992.8,New_Delhi,28.6139,77.209
2023-12-02T07:00,14.6,97,993.4,New_Delhi,28.6139,77.209
2023-12-02T08:00,16.4,91,994.2,New_Delhi,28.6139,77.209
2023-12-02T09:00,18.9,81,994.8,New_Delhi,28.6139,77.209
2023-12-02T10:00,21.4,70,995.2,New_Delhi,28.6139,77.209
2023-12-02T11:00,23,61,994.3,New_Delhi,28.6139,77.209
2023-12-02T12:00,23.8,55,993,New_Delhi,28.6139,77.209
2023-12-02T13:00,24.2,51,992,New_Delhi,28.6139,77.209
2023-12-02T14:00,24.2,50,991.3,New_Delhi,28.6139,77.209
2023-12-02T15:00,24,50,990.9,New_Delhi,28.6139,77.209
2023-12-02T16:00,23,56,990.8,New_Delhi,28.6139,77.209
2023-12-02T17:00,20,68,990.8,New_Delhi,28.6139,77.209
2023-12-02T18:00,19,74,991.6,New_Delhi,28.6139,77.209
2023-12-02T19:00,18.1,78,992.1,New_Delhi,28.6139,77.209
2023-12-02T20:00,16.9,83,992.3,New_Delhi,28.6139,77.209
2023-12-02T21:00,16.2,85,992.6,New_Delhi,28.6139,77.209
2023-12-02T22:00,15.4,88,992.6,New_Delhi,28.6139,77.209
2023-12-02T23:00,14.8,89,992.4,New_Delhi,28.6139,77.209
2023-12-03T00:00,14,91,992.3,New_Delhi,28.6139,77.209
2023-12-03T01:00,13.4,92,992.2,New_Delhi,28.6139,77.209
2023-12-03T02:00,13.1,92,992,New_Delhi,28.6139,77.209
2023-12-03T03:00,12.5,93,991.7,New_Delhi,28.6139,77.209
2023-12-03T04:00,12.2,94,991.6,New_Delhi,28.6139,77.209
2023-12-03T05:00,12.5,93,991.8,New_Delhi,28.6139,77.209
2023-12-03T06:00,13.1,95,992.9,New_Delhi,28.6139,77.209
2023-12-03T07:00,12.8,97,993.7,New_Delhi,28.6139,77.209
2023-12-03T08:00,15.5,89,994.6,New_Delhi,28.6139,77.209
2023-12-03T09:00,18.3,79,995.3,New_Delhi,28.6139,77.209
2023-12-03T10:00,20.9,68,995.5,New_Delhi,28.6139,77.209
2023-12-03T11:00,22.6,58,994.6,New_Delhi,28.6139,77.209
2023-12-03T12:00,23.8,49,993.3,New_Delhi,28.6139,77.209
2023-12-03T13:00,24.4,45,992.4,New_Delhi,28.6139,77.209
2023-12-03T14:00,24.5,42,991.5,New_Delhi,28.6139,77.209
2023-12-03T15:00,24.2,43,991.1,New_Delhi,28.6139,77.209
2023-12-03T16:00,22.9,52,991,New_Delhi,28.6139,77.209
2023-12-03T17:00,19.9,63,990.8,New_Delhi,28.6139,77.209
2023-12-03T18:00,20.2,68,992.1,New_Delhi,28.6139,77.209
2023-12-03T19:00,20.5,63,992.2,New_Delhi,28.6139,77.209
2023-12-03T20:00,19,72,992.2,New_Delhi,28.6139,77.209
2023-12-03T21:00,18.1,80,992.3,New_Delhi,28.6139,77.209
2023-12-03T22:00,17.7,84,992.3,New_Delhi,28.6139,77.209
2023-12-03T23:00,17.1,85,991.9,New_Delhi,28.6139,77.209
2023-12-04T00:00,16.6,85,991.2,New_Delhi,28.6139,77.209
2023-12-04T01:00,15.9,85,991.1,New_Delhi,28.6139,77.209
2023-12-04T02:00,15.5,84,990.7,New_Delhi,28.6139,77.209
2023-12-04T03:00,14.4,88,990.1,New_Delhi,28.6139,77.209
2023-12-04T04:00,13.7,89,989.8,New_Delhi,28.6139,77.209
2023-12-04T05:00,14.2,85,989.7,New_Delhi,28.6139,77.209
2023-12-04T06:00,14.7,94,991.2,New_Delhi,28.6139,77.209
2023-12-04T07:00,14.8,94,991.9,New_Delhi,28.6139,77.209
2023-12-04T08:00,16.4,87,993.1,New_Delhi,28.6139,77.209
2023-12-04T09:00,18.2,75,994,New_Delhi,28.6139,77.209
2023-12-04T10:00,19.8,65,994.1,New_Delhi,28.6139,77.209
2023-12-04T11:00,21.4,53,993,New_Delhi,28.6139,77.209
2023-12-04T12:00,22.3,47,991.9,New_Delhi,28.6139,77.209
2023-12-04T13:00,22.8,46,991.1,New_Delhi,28.6139,77.209
2023-12-04T14:00,22.9,45,990.4,New_Delhi,28.6139,77.209
2023-12-04T15:00,22.6,46,989.9,New_Delhi,28.6139,77.209
2023-12-04T16:00,21.8,50,990,New_Delhi,28.6139,77.209
2023-12-04T17:00,19.5,59,990.1,New_Delhi,28.6139,77.209
2023-12-04T18:00,19.4,64,991.1,New_Delhi,28.6139,77.209
2023-12-04T19:00,20,58,991.5,New_Delhi,28.6139,77.209
2023-12-04T20:00,16.6,74,991.6,New_Delhi,28.6139,77.209
2023-12-04T21:00,15,86,991.5,New_Delhi,28.6139,77.209
2023-12-04T22:00,14.3,90,991.2,New_Delhi,28.6139,77.209
2023-12-04T23:00,13.7,91,991.1,New_Delhi,28.6139,77.209
2023-12-05T00:00,13,92,990.8,New_Delhi,28.6139,77.209
2023-12-05T01:00,12.8,90,990.7,New_Delhi,28.6139,77.209
2023-12-05T02:00,12.5,90,990.4,New_Delhi,28.6139,77.209
2023-12-05T03:00,12.3,91,990.2,New_Delhi,28.6139,77.209
2023-12-05T04:00,11.5,92,990.3,New_Delhi,28.6139,77.209
2023-12-05T05:00,11.9,90,990.4,New_Delhi,28.6139,77.209
2023-12-05T06:00,11.9,95,990.7,New_Delhi,28.6139,77.209
2023-12-05T07:00,12.7,93,991.3,New_Delhi,28.6139,77.209
2023-12-05T08:00,14.8,85,992.2,New_Delhi,28.6139,77.209
2023-12-05T09:00,17.2,77,993.1,New_Delhi,28.6139,77.209
2023-12-05T10:00,19.5,68,993.1,New_Delhi,28.6139,77.209
2023-12-05T11:00,21.4,57,992.2,New_Delhi,28.6139,77.209
2023-12-05T12:00,22.5,48,991,New_Delhi,28.6139,77.209
2023-12-05T13:00,23.1,44,990.4,New_Delhi,28.6139,77.209
2023-12-05T14:00,23.2,42,989.4,New_Delhi,28.6139,77.209
2023-12-05T15:00,22.9,43,989.3,New_Delhi,28.6139,77.209
2023-12-05T16:00,21.6,49,989.3,New_Delhi,28.6139,77.209
2023-12-05T17:00,18.4,61,989.2,New_Delhi,28.6139,77.209
2023-12-05T18:00,17.8,66,990.1,New_Delhi,28.6139,77.209
2023-12-05T19:00,16.8,69,990.5,New_Delhi,28.6139,77.209
2023-12-05T20:00,15.9,73,990.9,New_Delhi,28.6139,77.209
2023-12-05T21:00,15.1,76,991.3,New_Delhi,28.6139,77.209
2023-12-05T22:00,14.7,77,991.3,New_Delhi,28.6139,77.209
2023-12-05T23:00,14.3,79,991.3,New_Delhi,28.6139,77.209
2023-12-06T00:00,13.8,81,991.2,New_Delhi,28.6139,77.209
2023-12-06T01:00,13.3,83,991,New_Delhi,28.6139,77.209
2023-12-06T02:00,12.8,85,990.9,New_Delhi,28.6139,77.209
2023-12-06T03:00,12.4,87,990.8,New_Delhi,28.6139,77.209
2023-12-06T04:00,12.1,88,990.4,New_Delhi,28.6139,77.209
2023-12-06T05:00,11.9,90,990.3,New_Delhi,28.6139,77.209
2023-12-06T06:00,11.7,94,991.2,New_Delhi,28.6139,77.209
2023-12-06T07:00,11.7,95,992,New_Delhi,28.6139,77.209
2023-12-06T08:00,14,88,992.9,New_Delhi,28.6139,77.209
2023-12-06T09:00,16.5,80,993.8,New_Delhi,28.6139,77.209
2023-12-06T10:00,18.8,72,993.9,New_Delhi,28.6139,77.209
2023-12-06T11:00,20.9,64,993.1,New_Delhi,28.6139,77.209
2023-12-06T12:00,22.4,56,992.1,New_Delhi,28.6139,77.209
2023-12-06T13:00,23.3,47,991.1,New_Delhi,28.6139,77.209
2023-12-06T14:00,23.6,45,990.3,New_Delhi,28.6139,77.209
2023-12-06T15:00,23.3,45,990.1,New_Delhi,28.6139,77.209
2023-12-06T16:00,21.8,57,990,New_Delhi,28.6139,77.209
2023-12-06T17:00,17.9,69,990,New_Delhi,28.6139,77.209
2023-12-06T18:00,17.4,74,990.6,New_Delhi,28.6139,77.209
2023-12-06T19:00,16.6,77,991.2,New_Delhi,28.6139,77.209
2023-12-06T20:00,15.4,82,991.5,New_Delhi,28.6139,77.209
2023-12-06T21:00,14.6,86,991.7,New_Delhi,28.6139,77.209
2023-12-06T22:00,14.2,87,991.7,New_Delhi,28.6139,77.209
2023-12-06T23:00,13.9,88,991.6,New_Delhi,28.6139,77.209
2023-12-07T00:00,13.1,90,991.2,New_Delhi,28.6139,77.209
2023-12-07T01:00,12.5,91,991,New_Delhi,28.6139,77.209
2023-12-07T02:00,12.2,92,990.7,New_Delhi,28.6139,77.209
2023-12-07T03:00,11.9,93,990.3,New_Delhi,28.6139,77.209
2023-12-07T04:00,11.6,94,990.2,New_Delhi,28.6139,77.209
2023-12-07T05:00,11.6,94,990.2,New_Delhi,28.6139,77.209
2023-12-07T06:00,11.6,97,991.1,New_Delhi,28.6139,77.209
2023-12-07T07:00,12,97,991.7,New_Delhi,28.6139,77.209
2023-12-07T08:00,14.2,91,992.4,New_Delhi,28.6139,77.209
2023-12-07T09:00,17.1,82,993.1,New_Delhi,28.6139,77.209
2023-12-07T10:00,19.7,72,993.2,New_Delhi,28.6139,77.209
2023-12-07T11:00,21.7,63,992.1,New_Delhi,28.6139,77.209
2023-12-07T12:00,23.2,55,991.1,New_Delhi,28.6139,77.209
2023-12-07T13:00,23.9,49,990,New_Delhi,28.6139,77.209
2023-12-07T14:00,24.1,46,989.2,New_Delhi,28.6139,77.209
2023-12-07T15:00,23.7,46,989.1,New_Delhi,28.6139,77.209
2023-12-07T16:00,22.3,53,989,New_Delhi,28.6139,77.209
2023-12-07T17:00,19.1,65,989,New_Delhi,28.6139,77.209
2023-12-07T18:00,18.7,67,989.8,New_Delhi,28.6139,77.209
2023-12-07T19:00,17.6,70,990.3,New_Delhi,28.6139,77.209
2023-12-07T20:00,16.3,75,990.7,New_Delhi,28.6139,77.209
2023-12-07T21:00,15.1,81,990.8,New_Delhi,28.6139,77.209
2023-12-07T22:00,14.1,86,990.6,New_Delhi,28.6139,77.209
2023-12-07T23:00,13.5,88,990.3,New_Delhi,28.6139,77.209
2023-12-08T00:00,13.2,88,990.1,New_Delhi,28.6139,77.209
2023-12-08T01:00,12.8,89,989.9,New_Delhi,28.6139,77.209
2023-12-08T02:00,12.3,91,989.6,New_Delhi,28.6139,77.209
2023-12-08T03:00,11.9,91,989.4,New_Delhi,28.6139,77.209
2023-12-08T04:00,11.7,92,989.3,New_Delhi,28.6139,77.209
2023-12-08T05:00,11.4,92,989.5,New_Delhi,28.6139,77.209
2023-12-08T06:00,11.7,94,990.5,New_Delhi,28.6139,77.209
2023-12-08T07:00,11.9,94,991.1,New_Delhi,28.6139,77.209
2023-12-08T08:00,14,85,991.8,New_Delhi,28.6139,77.209
2023-12-08T09:00,16.8,76,992.9,New_Delhi,28.6139,77.209
2023-12-08T10:00,19.3,69,993.2,New_Delhi,28.6139,77.209
2023-12-08T11:00,21.4,61,992.1,New_Delhi,28.6139,77.209
2023-12-08T12:00,22.7,53,990.8,New_Delhi,28.6139,77.209
2023-12-08T13:00,23.5,47,989.6,New_Delhi,28.6139,77.209
2023-12-08T14:00,23.8,43,989.1,New_Delhi,28.6139,77.209
2023-12-08T15:00,23.5,43,988.8,New_Delhi,28.6139,77.209
2023-12-08T16:00,22.2,49,988.8,New_Delhi,28.6139,77.209
2023-12-08T17:00,18.9,61,988.7,New_Delhi,28.6139,77.209
2023-12-08T18:00,18.3,65,989.5,New_Delhi,28.6139,77.209
2023-12-08T19:00,16.7,72,990,New_Delhi,28.6139,77.209
2023-12-08T20:00,15.3,78,990,New_Delhi,28.6139,77.209
2023-12-08T21:00,14.8,80,990.2,New_Delhi,28.6139,77.209
2023-12-08T22:00,14.1,82,990.4,New_Delhi,28.6139,77.209
2023-12-08T23:00,13.2,86,990.3,New_Delhi,28.6139,77.209
2023-12-09T00:00,12.6,87,990,New_Delhi,28.6139,77.209
2023-12-09T01:00,11.5,90,989.8,New_Delhi,28.6139,77.209
2023-12-09T02:00,11.3,89,989.9,New_Delhi,28.6139,77.209
2023-12-09T03:00,11.1,90,990,New_Delhi,28.6139,77.209
2023-12-09T04:00,10.9,90,990.1,New_Delhi,28.6139,77.209
2023-12-09T05:00,10.7,90,990.4,New_Delhi,28.6139,77.209
2023-12-09T06:00,10.8,91,991.1,New_Delhi,28.6139,77.209
2023-12-09T07:00,10.8,91,992,New_Delhi,28.6139,77.209
2023-12-09T08:00,13.3,81,993.1,New_Delhi,28.6139,77.209
2023-12-09T09:00,16.2,72,994.1,New_Delhi,28.6139,77.209
2023-12-09T10:00,19,61,994.6,New_Delhi,28.6139,77.209
2023-12-09T11:00,21,53,993.8,New_Delhi,28.6139,77.209
2023-12-09T12:00,22.4,47,992.5,New_Delhi,28.6139,77.209
2023-12-09T13:00,23.2,43,991.8,New_Delhi,28.6139,77.209
2023-12-09T14:00,23.4,40,991,New_Delhi,28.6139,77.209
2023-12-09T15:00,23.1,40,990.7,New_Delhi,28.6139,77.209
2023-12-09T16:00,21.6,46,990.2,New_Delhi,28.6139,77.209
2023-12-09T17:00,18.1,59,989.8,New_Delhi,28.6139,77.209
2023-12-09T18:00,17.5,62,990.2,New_Delhi,28.6139,77.209
2023-12-09T19:00,16.5,65,990.5,New_Delhi,28.6139,77.209
2023-12-09T20:00,15.4,70,990.5,New_Delhi,28.6139,77.209
2023-12-09T21:00,14.5,73,990.6,New_Delhi,28.6139,77.209
2023-12-09T22:00,13.8,76,990.4,New_Delhi,28.6139,77.209
2023-12-09T23:00,13,80,990.1,New_Delhi,28.6139,77.209
2023-12-10T00:00,12.6,82,989.6,New_Delhi,28.6139,77.209
2023-12-10T01:00,12.2,84,989.4,New_Delhi,28.6139,77.209
2023-12-10T02:00,11.9,84,989.1,New_Delhi,28.6139,77.209
2023-12-10T03:00,11.6,83,988.5,New_Delhi,28.6139,77.209
2023-12-10T04:00,11.4,82,988,New_Delhi,28.6139,77.209
2023-12-10T05:00,11.2,82,988.1,New_Delhi,28.6139,77.209
2023-12-10T06:00,10.8,86,988.8,New_Delhi,28.6139,77.209
2023-12-10T07:00,10.8,86,989.7,New_Delhi,28.6139,77.209
2023-12-10T08:00,12.8,78,990.5,New_Delhi,28.6139,77.209
2023-12-10T09:00,15.6,68,991.4,New_Delhi,28.6139,77.209
2023-12-10T10:00,18.2,60,991.7,New_Delhi,28.6139,77.209
2023-12-10T11:00,20.3,53,991.1,New_Delhi,28.6139,77.209
2023-12-10T12:00,21.6,45,990.2,New_Delhi,28.6139,77.209
2023-12-10T13:00,22.3,41,989.5,New_Delhi,28.6139,77.209
2023-12-10T14:00,22.5,39,988.9,New_Delhi,28.6139,77.209
2023-12-10T15:00,22.1,40,988.5,New_Delhi,28.6139,77.209
2023-12-10T16:00,20.8,46,988.2,New_Delhi,28.6139,77.209
2023-12-10T17:00,17.8,58,988,New_Delhi,28.6139,77.209
2023-12-10T18:00,16.8,64,988.8,New_Delhi,28.6139,77.209
2023-12-10T19:00,15.7,69,989.2,New_Delhi,28.6139,77.209
2023-12-10T20:00,14.9,72,989.5,New_Delhi,28.6139,77.209
2023-12-10T21:00,14,76,989.7,New_Delhi,28.6139,77.209
2023-12-10T22:00,13.2,79,990.1,New_Delhi,28.6139,77.209
2023-12-10T23:00,12.4,82,989.7,New_Delhi,28.6139,77.209
2023-12-11T00:00,11.4,86,989.3,New_Delhi,28.6139,77.209
2023-12-11T01:00,10.4,89,988.9,New_Delhi,28.6139,77.209
2023-12-11T02:00,10.1,89,988.6,New_Delhi,28.6139,77.209
2023-12-11T03:00,9.8,89,988.3,New_Delhi,28.6139,77.209
2023-12-11T04:00,10,89,988.2,New_Delhi,28.6139,77.209
2023-12-11T05:00,9.9,90,988.4,New_Delhi,28.6139,77.209
2023-12-11T06:00,9.1,95,989.7,New_Delhi,28.6139,77.209
2023-12-11T07:00,9.1,95,990.4,New_Delhi,28.6139,77.209
2023-12-11T08:00,11.9,86,991.3,New_Delhi,28.6139,77.209
2023-12-11T09:00,15.6,74,992.3,New_Delhi,28.6139,77.209
2023-12-11T10:00,18.4,63,992.8,New_Delhi,28.6139,77.209
2023-12-11T11:00,20.3,53,992,New_Delhi,28.6139,77.209
2023-12-11T12:00,21.4,47,991.2,New_Delhi,28.6139,77.209
2023-12-11T13:00,22.1,43,990.4,New_Delhi,28.6139,77.209
2023-12-11T14:00,22.3,40,989.8,New_Delhi,28.6139,77.209
2023-12-11T15:00,21.9,40,989.5,New_Delhi,28.6139,77.209
2023-12-11T16:00,20.4,56,989.4,New_Delhi,28.6139,77.209
2023-12-11T17:00,20,47,989.4,New_Delhi,28.6139,77.209
2023-12-11T18:00,19.5,48,989.9,New_Delhi,28.6139,77.209
2023-12-11T19:00,18.4,53,990.4,New_Delhi,28.6139,77.209
2023-12-11T20:00,16.7,61,990.7,New_Delhi,28.6139,77.209
2023-12-11T21:00,13.6,74,990.6,New_Delhi,28.6139,77.209
2023-12-11T22:00,12.3,78,990.6,New_Delhi,28.6139,77.209
2023-12-11T23:00,11.6,80,990.2,New_Delhi,28.6139,77.209
2023-12-12T00:00,10.8,83,989.7,New_Delhi,28.6139,77.209
2023-12-12T01:00,10.4,85,989.2,New_Delhi,28.6139,77.209
2023-12-12T02:00,10.3,86,988.7,New_Delhi,28.6139,77.209
2023-12-12T03:00,10,87,988.5,New_Delhi,28.6139,77.209
2023-12-12T04:00,9.9,87,988.3,New_Delhi,28.6139,77.209
2023-12-12T05:00,9.6,89,988.5,New_Delhi,28.6139,77.209
2023-12-12T06:00,9.3,91,989.1,New_Delhi,28.6139,77.209
2023-12-12T07:00,9.4,92,989.5,New_Delhi,28.6139,77.209
2023-12-12T08:00,12.7,81,990.6,New_Delhi,28.6139,77.209
2023-12-12T09:00,15.8,71,991.4,New_Delhi,28.6139,77.209
2023-12-12T10:00,18.5,62,991.7,New_Delhi,28.6139,77.209
2023-12-12T11:00,20.5,56,990.9,New_Delhi,28.6139,77.209
2023-12-12T12:00,21.7,52,989.8,New_Delhi,28.6139,77.209
2023-12-12T13:00,22.3,49,989,New_Delhi,28.6139,77.209
2023-12-12T14:00,22.8,44,988.2,New_Delhi,28.6139,77.209
2023-12-12T15:00,22.8,42,988,New_Delhi,28.6139,77.209
2023-12-12T16:00,21.4,68,987.8,New_Delhi,28.6139,77.209
2023-12-12T17:00,20.7,51,987.9,New_Delhi,28.6139,77.209
2023-12-12T18:00,19.4,52,988.3,New_Delhi,28.6139,77.209
2023-12-12T19:00,18.5,55,988.9,New_Delhi,28.6139,77.209
2023-12-12T20:00,17.7,59,989.3,New_Delhi,28.6139,77.209
2023-12-12T21:00,13.5,79,989.5,New_Delhi,28.6139,77.209
2023-12-12T22:00,12.7,84,989.8,New_Delhi,28.6139,77.209
2023-12-12T23:00,13.9,76,990,New_Delhi,28.6139,77.209
2023-12-13T00:00,13.3,77,989.6,New_Delhi,28.6139,77.209
2023-12-13T01:00,13,77,989.6,New_Delhi,28.6139,77.209
2023-12-13T02:00,12.1,81,989.3,New_Delhi,28.6139,77.209
2023-12-13T03:00,11.5,83,989.1,New_Delhi,28.6139,77.209
2023-12-13T04:00,11.4,82,989.2,New_Delhi,28.6139,77.209
2023-12-13T05:00,12.5,77,989.8,New_Delhi,28.6139,77.209
2023-12-13T06:00,12.3,84,990.7,New_Delhi,28.6139,77.209
2023-12-13T07:00,10.4,90,991.2,New_Delhi,28.6139,77.209
2023-12-13T08:00,13.1,83,992.3,New_Delhi,28.6139,77.209
2023-12-13T09:00,16.3,73,993.4,New_Delhi,28.6139,77.209
2023-12-13T10:00,18.9,64,993.6,New_Delhi,28.6139,77.209
2023-12-13T11:00,20.8,55,992.6,New_Delhi,28.6139,77.209
2023-12-13T12:00,21.9,49,991.7,New_Delhi,28.6139,77.209
2023-12-13T13:00,22.6,44,990.9,New_Delhi,28.6139,77.209
2023-12-13T14:00,22.8,41,990.3,New_Delhi,28.6139,77.209
2023-12-13T15:00,22.5,41,990.3,New_Delhi,28.6139,77.209
2023-12-13T16:00,21.3,46,990.4,New_Delhi,28.6139,77.209
2023-12-13T17:00,17.4,61,990,New_Delhi,28.6139,77.209
2023-12-13T18:00,17.3,55,991.2,New_Delhi,28.6139,77.209
2023-12-13T19:00,16.2,58,991.6,New_Delhi,28.6139,77.209
2023-12-13T20:00,14.9,64,992,New_Delhi,28.6139,77.209
2023-12-13T21:00,14,67,992.3,New_Delhi,28.6139,77.209
2023-12-13T22:00,13.1,71,992.4,New_Delhi,28.6139,77.209
2023-12-13T23:00,12.4,75,992,New_Delhi,28.6139,77.209
2023-12-14T00:00,11.6,80,991.5,New_Delhi,28.6139,77.209
2023-12-14T01:00,10.6,85,991,New_Delhi,28.6139,77.209
2023-12-14T02:00,10.4,86,990.7,New_Delhi,28.6139,77.209
2023-12-14T03:00,10.1,87,990.3,New_Delhi,28.6139,77.209
2023-12-14T04:00,9.9,88,990.2,New_Delhi,28.6139,77.209
2023-12-14T05:00,9.7,89,990.2,New_Delhi,28.6139,77.209
2023-12-14T06:00,9.9,90,991.1,New_Delhi,28.6139,77.209
2023-12-14T07:00,9.9,90,991.8,New_Delhi,28.6139,77.209
2023-12-14T08:00,12.1,82,992.9,New_Delhi,28.6139,77.209
2023-12-14T09:00,14.9,72,993.8,New_Delhi,28.6139,77.209
2023-12-14T10:00,17.6,62,994.2,New_Delhi,28.6139,77.209
2023-12-14T11:00,19.7,53,993.6,New_Delhi,28.6139,77.209
2023-12-14T12:00,21.1,45,992.6,New_Delhi,28.6139,77.209
2023-12-14T13:00,21.9,41,992,New_Delhi,28.6139,77.209
2023-12-14T14:00,22.1,40,991.3,New_Delhi,28.6139,77.209
2023-12-14T15:00,21.8,41,991.1,New_Delhi,28.6139,77.209
2023-12-14T16:00,20.5,48,991.3,New_Delhi,28.6139,77.209
2023-12-14T17:00,17.4,60,991.1,New_Delhi,28.6139,77.209
2023-12-14T18:00,16,67,992,New_Delhi,28.6139,77.209
2023-12-14T19:00,14.5,74,992.2,New_Delhi,28.6139,77.209
2023-12-14T20:00,13.6,77,992.4,New_Delhi,28.6139,77.209
2023-12-14T21:00,12.9,80,992.9,New_Delhi,28.6139,77.209
2023-12-14T22:00,12.4,81,993,New_Delhi,28.6139,77.209
2023-12-14T23:00,12,83,992.9,New_Delhi,28.6139,77.209
2023-12-15T00:00,10.8,88,992.5,New_Delhi,28.6139,77.209
2023-12-15T01:00,9.6,91,992.2,New_Delhi,28.6139,77.209
2023-12-15T02:00,9.3,91,992,New_Delhi,28.6139,77.209
2023-12-15T03:00,9.1,92,991.9,New_Delhi,28.6139,77.209
2023-12-15T04:00,8.9,92,992,New_Delhi,28.6139,77.209
2023-12-15T05:00,8.6,93,992.2,New_Delhi,28.6139,77.209
2023-12-15T06:00,7.5,93,993.2,New_Delhi,28.6139,77.209
2023-12-15T07:00,7.7,94,994,New_Delhi,28.6139,77.209
2023-12-15T08:00,10.5,85,995.1,New_Delhi,28.6139,77.209
2023-12-15T09:00,14.2,71,996,New_Delhi,28.6139,77.209
2023-12-15T10:00,17.3,60,996.3,New_Delhi,28.6139,77.209
2023-12-15T11:00,19.5,49,995.5,New_Delhi,28.6139,77.209
2023-12-15T12:00,21,42,994.4,New_Delhi,28.6139,77.209
2023-12-15T13:00,21.8,39,993.6,New_Delhi,28.6139,77.209
2023-12-15T14:00,22.1,39,992.8,New_Delhi,28.6139,77.209
2023-12-15T15:00,21.8,40,992.3,New_Delhi,28.6139,77.209
2023-12-15T16:00,20.3,49,991.8,New_Delhi,28.6139,77.209
2023-12-15T17:00,17.2,59,991.8,New_Delhi,28.6139,77.209
2023-12-15T18:00,17.7,58,992.3,New_Delhi,28.6139,77.209
2023-12-15T19:00,14.9,70,992.3,New_Delhi,28.6139,77.209
2023-12-15T20:00,13.4,76,992.7,New_Delhi,28.6139,77.209
2023-12-15T21:00,12.5,80,992.9,New_Delhi,28.6139,77.209
2023-12-15T22:00,12.8,75,993,New_Delhi,28.6139,77.209
2023-12-15T23:00,12.1,75,992.5,New_Delhi,28.6139,77.209
2023-12-16T00:00,10.9,79,991.9,New_Delhi,28.6139,77.209
2023-12-16T01:00,10.4,80,991.9,New_Delhi,28.6139,77.209
2023-12-16T02:00,9.9,82,991.5,New_Delhi,28.6139,77.209
2023-12-16T03:00,9.9,82,991.4,New_Delhi,28.6139,77.209
2023-12-16T04:00,9.2,85,991.4,New_Delhi,28.6139,77.209
2023-12-16T05:00,8.2,89,991.4,New_Delhi,28.6139,77.209
2023-12-16T06:00,7.7,92,992.5,New_Delhi,28.6139,77.209
2023-12-16T07:00,7.9,93,992.9,New_Delhi,28.6139,77.209
2023-12-16T08:00,10.9,83,993.6,New_Delhi,28.6139,77.209
2023-12-16T09:00,14.8,71,994.2,New_Delhi,28.6139,77.209
2023-12-16T10:00,18.1,58,994.4,New_Delhi,28.6139,77.209
2023-12-16T11:00,20.4,46,993.6,New_Delhi,28.6139,77.209
2023-12-16T12:00,21.5,42,992.5,New_Delhi,28.6139,77.209
2023-12-16T13:00,22.2,41,991.5,New_Delhi,28.6139,77.209
2023-12-16T14:00,22.3,39,990.5,New_Delhi,28.6139,77.209
2023-12-16T15:00,22,38,990.1,New_Delhi,28.6139,77.209
2023-12-16T16:00,20.7,43,989.9,New_Delhi,28.6139,77.209
2023-12-16T17:00,16.3,60,989.7,New_Delhi,28.6139,77.209
2023-12-16T18:00,17.4,53,990.3,New_Delhi,28.6139,77.209
2023-12-16T19:00,15.1,63,990.9,New_Delhi,28.6139,77.209
2023-12-16T20:00,15.1,63,991.6,New_Delhi,28.6139,77.209
2023-12-16T21:00,14.1,66,991.9,New_Delhi,28.6139,77.209
2023-12-16T22:00,12,75,992,New_Delhi,28.6139,77.209
2023-12-16T23:00,11,78,991.7,New_Delhi,28.6139,77.209
2023-12-17T00:00,10.3,80,991.6,New_Delhi,28.6139,77.209
2023-12-17T01:00,10.3,79,991.5,New_Delhi,28.6139,77.209
2023-12-17T02:00,12.1,70,991.8,New_Delhi,28.6139,77.209
2023-12-17T03:00,12.2,70,991.8,New_Delhi,28.6139,77.209
2023-12-17T04:00,12,71,991.7,New_Delhi,28.6139,77.209
2023-12-17T05:00,11.8,72,991.7,New_Delhi,28.6139,77.209
2023-12-17T06:00,9.5,86,992.4,New_Delhi,28.6139,77.209
2023-12-17T07:00,9.5,87,993.1,New_Delhi,28.6139,77.209
2023-12-17T08:00,12.1,77,993.9,New_Delhi,28.6139,77.209
2023-12-17T09:00,16.1,64,994.7,New_Delhi,28.6139,77.209
2023-12-17T10:00,19,55,995.1,New_Delhi,28.6139,77.209
2023-12-17T11:00,20.9,46,994.4,New_Delhi,28.6139,77.209
2023-12-17T12:00,22,42,993.4,New_Delhi,28.6139,77.209
2023-12-17T13:00,22.5,40,992.3,New_Delhi,28.6139,77.209
2023-12-17T14:00,22.6,39,991.7,New_Delhi,28.6139,77.209
2023-12-17T15:00,22.3,39,991.5,New_Delhi,28.6139,77.209
2023-12-17T16:00,21.1,44,991.6,New_Delhi,28.6139,77.209
2023-12-17T17:00,17.3,60,991.6,New_Delhi,28.6139,77.209
2023-12-17T18:00,16.8,59,992.7,New_Delhi,28.6139,77.209
2023-12-17T19:00,15.7,63,993.2,New_Delhi,28.6139,77.209
2023-12-17T20:00,14.5,67,993.7,New_Delhi,28.6139,77.209
2023-12-17T21:00,13.9,69,994,New_Delhi,28.6139,77.209
2023-12-17T22:00,13,73,994.1,New_Delhi,28.6139,77.209
2023-12-17T23:00,11.7,80,993.8,New_Delhi,28.6139,77.209
2023-12-18T00:00,11.1,84,993.8,New_Delhi,28.6139,77.209
2023-12-18T01:00,11,84,993.7,New_Delhi,28.6139,77.209
2023-12-18T02:00,10.5,86,993.6,New_Delhi,28.6139,77.209
2023-12-18T03:00,9.9,89,993.8,New_Delhi,28.6139,77.209
2023-12-18T04:00,9.5,90,993.8,New_Delhi,28.6139,77.209
2023-12-18T05:00,9.3,91,994.1,New_Delhi,28.6139,77.209
2023-12-18T06:00,9.1,93,995.3,New_Delhi,28.6139,77.209
2023-12-18T07:00,9.1,93,995.6,New_Delhi,28.6139,77.209
2023-12-18T08:00,11.1,84,996.2,New_Delhi,28.6139,77.209
2023-12-18T09:00,13.7,74,996.7,New_Delhi,28.6139,77.209
2023-12-18T10:00,16.4,64,996.8,New_Delhi,28.6139,77.209
2023-12-18T11:00,18.7,55,995.9,New_Delhi,28.6139,77.209
2023-12-18T12:00,20.3,47,994.8,New_Delhi,28.6139,77.209
2023-12-18T13:00,21.2,40,993.8,New_Delhi,28.6139,77.209
2023-12-18T14:00,21.5,36,993.1,New_Delhi,28.6139,77.209
2023-12-18T15:00,21.2,34,992.9,New_Delhi,28.6139,77.209
2023-12-18T16:00,20.2,38,992.5,New_Delhi,28.6139,77.209
2023-12-18T17:00,17.5,48,992.5,New_Delhi,28.6139,77.209
2023-12-18T18:00,15.9,56,993.5,New_Delhi,28.6139,77.209
2023-12-18T19:00,14.9,60,994,New_Delhi,28.6139,77.209
2023-12-18T20:00,14.1,61,994.4,New_Delhi,28.6139,77.209
2023-12-18T21:00,13.4,63,995,New_Delhi,28.6139,77.209
2023-12-18T22:00,12.6,65,995,New_Delhi,28.6139,77.209
2023-12-18T23:00,12,68,994.7,New_Delhi,28.6139,77.209
2023-12-19T00:00,11.6,69,994.5,New_Delhi,28.6139,77.209
2023-12-19T01:00,11.2,71,994.4,New_Delhi,28.6139,77.209
2023-12-19T02:00,10.8,72,994,New_Delhi,28.6139,77.209
2023-12-19T03:00,10.4,73,993.6,New_Delhi,28.6139,77.209
2023-12-19T04:00,9.9,75,993.4,New_Delhi,28.6139,77.209
2023-12-19T05:00,9.5,77,993.7,New_Delhi,28.6139,77.209
2023-12-19T06:00,8.7,87,995.1,New_Delhi,28.6139,77.209
2023-12-19T07:00,8.6,87,995.7,New_Delhi,28.6139,77.209
2023-12-19T08:00,10.4,79,996.2,New_Delhi,28.6139,77.209
2023-12-19T09:00,13.2,69,996.9,New_Delhi,28.6139,77.209
2023-12-19T10:00,15.9,60,996.9,New_Delhi,28.6139,77.209
2023-12-19T11:00,18.3,54,996.3,New_Delhi,28.6139,77.209
2023-12-19T12:00,20,48,995.1,New_Delhi,28.6139,77.209
2023-12-19T13:00,21,43,993.9,New_Delhi,28.6139,77.209
2023-12-19T14:00,21.5,40,993.4,New_Delhi,28.6139,77.209
2023-12-19T15:00,21.2,41,993,New_Delhi,28.6139,77.209
2023-12-19T16:00,20,46,993,New_Delhi,28.6139,77.209
2023-12-19T17:00,17.1,57,992.8,New_Delhi,28.6139,77.209
2023-12-19T18:00,15.8,61,993.4,New_Delhi,28.6139,77.209
2023-12-19T19:00,14.7,64,994.1,New_Delhi,28.6139,77.209
2023-12-19T20:00,14,66,994.5,New_Delhi,28.6139,77.209
2023-12-19T21:00,13.4,67,994.6,New_Delhi,28.6139,77.209
2023-12-19T22:00,12.7,69,994.9,New_Delhi,28.6139,77.209
2023-12-19T23:00,12,71,994.5,New_Delhi,28.6139,77.209
2023-12-20T00:00,11.4,74,994.5,New_Delhi,28.6139,77.209
2023-12-20T01:00,10.8,76,994.5,New_Delhi,28.6139,77.209
2023-12-20T02:00,10.2,78,994.3,New_Delhi,28.6139,77.209
2023-12-20T03:00,10,79,994.1,New_Delhi,28.6139,77.209
2023-12-20T04:00,9.7,80,993.9,New_Delhi,28.6139,77.209
2023-12-20T05:00,9.1,84,993.9,New_Delhi,28.6139,77.209
2023-12-20T06:00,7.9,90,994.6,New_Delhi,28.6139,77.209
2023-12-20T07:00,7.9,89,995.3,New_Delhi,28.6139,77.209
2023-12-20T08:00,10,80,996.2,New_Delhi,28.6139,77.209
2023-12-20T09:00,12.8,70,996.9,New_Delhi,28.6139,77.209
2023-12-20T10:00,15.5,61,997.1,New_Delhi,28.6139,77.209
2023-12-20T11:00,17.7,54,996,New_Delhi,28.6139,77.209
2023-12-20T12:00,19.2,49,994.8,New_Delhi,28.6139,77.209
2023-12-20T13:00,20.1,46,993.6,New_Delhi,28.6139,77.209
2023-12-20T14:00,20.4,45,993.1,New_Delhi,28.6139,77.209
2023-12-20T15:00,20.2,46,992.6,New_Delhi,28.6139,77.209
2023-12-20T16:00,19.2,50,992.3,New_Delhi,28.6139,77.209
2023-12-20T17:00,16.1,63,992.2,New_Delhi,28.6139,77.209
2023-12-20T18:00,15.5,67,992.8,New_Delhi,28.6139,77.209
2023-12-20T19:00,14.2,74,993.3,New_Delhi,28.6139,77.209
2023-12-20T20:00,13.3,78,993.6,New_Delhi,28.6139,77.209
2023-12-20T21:00,12.9,80,993.8,New_Delhi,28.6139,77.209
2023-12-20T22:00,11.9,85,993.9,New_Delhi,28.6139,77.209
2023-12-20T23:00,11.6,85,993.6,New_Delhi,28.6139,77.209
2023-12-21T00:00,11.2,86,993.3,New_Delhi,28.6139,77.209
2023-12-21T01:00,10.7,87,992.8,New_Delhi,28.6139,77.209
2023-12-21T02:00,9.7,91,992.5,New_Delhi,28.6139,77.209
2023-12-21T03:00,9.3,91,992.1,New_Delhi,28.6139,77.209
2023-12-21T04:00,9.1,92,992,New_Delhi,28.6139,77.209
2023-12-21T05:00,9,92,991.7,New_Delhi,28.6139,77.209
2023-12-21T06:00,8.1,95,992.7,New_Delhi,28.6139,77.209
2023-12-21T07:00,8.5,94,993.1,New_Delhi,28.6139,77.209
2023-12-21T08:00,10.6,86,993.8,New_Delhi,28.6139,77.209
2023-12-21T09:00,13.2,76,994.7,New_Delhi,28.6139,77.209
2023-12-21T10:00,15.9,67,994.9,New_Delhi,28.6139,77.209
2023-12-21T11:00,18.6,57,994.1,New_Delhi,28.6139,77.209
2023-12-21T12:00,20.3,50,993,New_Delhi,28.6139,77.209
2023-12-21T13:00,21.2,47,991.8,New_Delhi,28.6139,77.209
2023-12-21T14:00,21.6,45,991.2,New_Delhi,28.6139,77.209
2023-12-21T15:00,21.3,44,990.9,New_Delhi,28.6139,77.209
2023-12-21T16:00,20.2,49,990.7,New_Delhi,28.6139,77.209
2023-12-21T17:00,17,60,990.8,New_Delhi,28.6139,77.209
2023-12-21T18:00,16.3,65,991.6,New_Delhi,28.6139,77.209
2023-12-21T19:00,15.1,70,992,New_Delhi,28.6139,77.209
2023-12-21T20:00,13.9,76,992.2,New_Delhi,28.6139,77.209
2023-12-21T21:00,12.4,83,992.5,New_Delhi,28.6139,77.209
2023-12-21T22:00,11.4,88,992.8,New_Delhi,28.6139,77.209
2023-12-21T23:00,10.8,89,992.4,New_Delhi,28.6139,77.209
2023-12-22T00:00,10.2,91,991.8,New_Delhi,28.6139,77.209
2023-12-22T01:00,9.6,92,991.3,New_Delhi,28.6139,77.209
2023-12-22T02:00,8.9,93,991,New_Delhi,28.6139,77.209
2023-12-22T03:00,8.6,94,990.7,New_Delhi,28.6139,77.209
2023-12-22T04:00,8,95,990.9,New_Delhi,28.6139,77.209
2023-12-22T05:00,8.1,95,991.2,New_Delhi,28.6139,77.209
2023-12-22T06:00,7.5,96,992.2,New_Delhi,28.6139,77.209
2023-12-22T07:00,7.1,97,992.9,New_Delhi,28.6139,77.209
2023-12-22T08:00,9.8,90,993.8,New_Delhi,28.6139,77.209
2023-12-22T09:00,13,79,994.6,New_Delhi,28.6139,77.209
2023-12-22T10:00,16,69,994.8,New_Delhi,28.6139,77.209
2023-12-22T11:00,18.3,59,993.9,New_Delhi,28.6139,77.209
2023-12-22T12:00,19.9,50,992.5,New_Delhi,28.6139,77.209
2023-12-22T13:00,20.9,45,991.3,New_Delhi,28.6139,77.209
2023-12-22T14:00,21.4,44,990.5,New_Delhi,28.6139,77.209
2023-12-22T15:00,21.5,44,990.4,New_Delhi,28.6139,77.209
2023-12-22T16:00,20.4,52,990.7,New_Delhi,28.6139,77.209
2023-12-22T17:00,16.7,66,990.8,New_Delhi,28.6139,77.209
2023-12-22T18:00,16.6,69,991.7,New_Delhi,28.6139,77.209
2023-12-22T19:00,15.2,75,992.1,New_Delhi,28.6139,77.209
2023-12-22T20:00,13.8,83,992.1,New_Delhi,28.6139,77.209
2023-12-22T21:00,14.3,80,992.8,New_Delhi,28.6139,77.209
2023-12-22T22:00,15.1,76,993.3,New_Delhi,28.6139,77.209
2023-12-22T23:00,12.3,87,993.1,New_Delhi,28.6139,77.209
2023-12-23T00:00,11.4,90,992.9,New_Delhi,28.6139,77.209
2023-12-23T01:00,11.1,91,992.9,New_Delhi,28.6139,77.209
2023-12-23T02:00,11.1,92,993.1,New_Delhi,28.6139,77.209
2023-12-23T03:00,11.3,91,992,New_Delhi,28.6139,77.209
2023-12-23T04:00,12.6,85,991.7,New_Delhi,28.6139,77.209
2023-12-23T05:00,11.9,91,992.5,New_Delhi,28.6139,77.209
2023-12-23T06:00,12.3,88,992.6,New_Delhi,28.6139,77.209
2023-12-23T07:00,11.5,88,993.9,New_Delhi,28.6139,77.209
2023-12-23T08:00,13.2,84,995.3,New_Delhi,28.6139,77.209
2023-12-23T09:00,15.9,75,996.6,New_Delhi,28.6139,77.209
2023-12-23T10:00,18.3,67,997,New_Delhi,28.6139,77.209
2023-12-23T11:00,19.9,59,996.6,New_Delhi,28.6139,77.209
2023-12-23T12:00,21,53,995.6,New_Delhi,28.6139,77.209
2023-12-23T13:00,21.7,48,994.7,New_Delhi,28.6139,77.209
2023-12-23T14:00,22.1,46,994,New_Delhi,28.6139,77.209
2023-12-23T15:00,21.9,45,993.8,New_Delhi,28.6139,77.209
2023-12-23T16:00,21,50,993.6,New_Delhi,28.6139,77.209
2023-12-23T17:00,16.8,68,993.5,New_Delhi,28.6139,77.209
2023-12-23T18:00,17.3,68,994.3,New_Delhi,28.6139,77.209
2023-12-23T19:00,19.1,60,995,New_Delhi,28.6139,77.209
2023-12-23T20:00,18.2,64,995.4,New_Delhi,28.6139,77.209
2023-12-23T21:00,16,74,995.8,New_Delhi,28.6139,77.209
2023-12-23T22:00,15.5,77,995.9,New_Delhi,28.6139,77.209
2023-12-23T23:00,15.3,77,995.8,New_Delhi,28.6139,77.209
2023-12-24T00:00,15.1,78,995.3,New_Delhi,28.6139,77.209
2023-12-24T01:00,11,94,994.8,New_Delhi,28.6139,77.209
2023-12-24T02:00,10.6,95,994.8,New_Delhi,28.6139,77.209
2023-12-24T03:00,12.6,89,995.1,New_Delhi,28.6139,77.209
2023-12-24T04:00,12.7,88,995,New_Delhi,28.6139,77.209
2023-12-24T05:00,12.5,88,995.5,New_Delhi,28.6139,77.209
2023-12-24T06:00,11.1,92,996.1,New_Delhi,28.6139,77.209
2023-12-24T07:00,9.7,95,996.4,New_Delhi,28.6139,77.209
2023-12-24T08:00,12,92,997.3,New_Delhi,28.6139,77.209
2023-12-24T09:00,15.2,81,998.1,New_Delhi,28.6139,77.209
2023-12-24T10:00,18.5,68,998.7,New_Delhi,28.6139,77.209
2023-12-24T11:00,20.6,58,998,New_Delhi,28.6139,77.209
2023-12-24T12:00,21.9,52,996.8,New_Delhi,28.6139,77.209
2023-12-24T13:00,22.6,48,995.6,New_Delhi,28.6139,77.209
2023-12-24T14:00,22.9,46,995,New_Delhi,28.6139,77.209
2023-12-24T15:00,22.7,46,994.6,New_Delhi,28.6139,77.209
2023-12-24T16:00,21.7,51,994.1,New_Delhi,28.6139,77.209
2023-12-24T17:00,17.5,69,993.9,New_Delhi,28.6139,77.209
2023-12-24T18:00,17.3,74,994.8,New_Delhi,28.6139,77.209
2023-12-24T19:00,16.5,78,995.2,New_Delhi,28.6139,77.209
2023-12-24T20:00,15.6,82,995.2,New_Delhi,28.6139,77.209
2023-12-24T21:00,14.7,86,995.5,New_Delhi,28.6139,77.209
2023-12-24T22:00,13.3,90,995.5,New_Delhi,28.6139,77.209
2023-12-24T23:00,12.2,92,994.7,New_Delhi,28.6139,77.209
2023-12-25T00:00,12.2,91,993.9,New_Delhi,28.6139,77.209
2023-12-25T01:00,11.9,92,993.6,New_Delhi,28.6139,77.209
2023-12-25T02:00,11.5,93,993.3,New_Delhi,28.6139,77.209
2023-12-25T03:00,11.2,94,993.2,New_Delhi,28.6139,77.209
2023-12-25T04:00,11,94,993.2,New_Delhi,28.6139,77.209
2023-12-25T05:00,10.9,94,993.3,New_Delhi,28.6139,77.209
2023-12-25T06:00,10.7,95,993.9,New_Delhi,28.6139,77.209
2023-12-25T07:00,10.7,95,994.4,New_Delhi,28.6139,77.209
2023-12-25T08:00,12.4,90,994.9,New_Delhi,28.6139,77.209
2023-12-25T09:00,15,81,995.9,New_Delhi,28.6139,77.209
2023-12-25T10:00,17.7,71,996.6,New_Delhi,28.6139,77.209
2023-12-25T11:00,19.9,61,995.9,New_Delhi,28.6139,77.209
2023-12-25T12:00,21.5,54,995.2,New_Delhi,28.6139,77.209
2023-12-25T13:00,22.4,50,994.2,New_Delhi,28.6139,77.209
2023-12-25T14:00,22.9,48,993.3,New_Delhi,28.6139,77.209
2023-12-25T15:00,22.8,47,992.9,New_Delhi,28.6139,77.209
2023-12-25T16:00,21.9,51,992.9,New_Delhi,28.6139,77.209
2023-12-25T17:00,17.6,70,992.5,New_Delhi,28.6139,77.209
2023-12-25T18:00,16.9,75,993.3,New_Delhi,28.6139,77.209
2023-12-25T19:00,15.8,79,993.3,New_Delhi,28.6139,77.209
2023-12-25T20:00,14.9,84,993.3,New_Delhi,28.6139,77.209
2023-12-25T21:00,14,87,993.3,New_Delhi,28.6139,77.209
2023-12-25T22:00,13.2,89,993.6,New_Delhi,28.6139,77.209
2023-12-25T23:00,12.5,90,993.2,New_Delhi,28.6139,77.209
2023-12-26T00:00,11.8,92,992.5,New_Delhi,28.6139,77.209
2023-12-26T01:00,11.3,93,992.1,New_Delhi,28.6139,77.209
2023-12-26T02:00,10.8,94,991.9,New_Delhi,28.6139,77.209
2023-12-26T03:00,10.1,94,991.6,New_Delhi,28.6139,77.209
2023-12-26T04:00,9.5,95,991.5,New_Delhi,28.6139,77.209
2023-12-26T05:00,9.6,95,991.9,New_Delhi,28.6139,77.209
2023-12-26T06:00,10,94,993.1,New_Delhi,28.6139,77.209
2023-12-26T07:00,9.7,95,993.5,New_Delhi,28.6139,77.209
2023-12-26T08:00,11.8,89,994.4,New_Delhi,28.6139,77.209
2023-12-26T09:00,15,78,995.4,New_Delhi,28.6139,77.209
2023-12-26T10:00,17.7,67,996,New_Delhi,28.6139,77.209
2023-12-26T11:00,19.9,58,995.4,New_Delhi,28.6139,77.209
2023-12-26T12:00,21.4,52,994.6,New_Delhi,28.6139,77.209
2023-12-26T13:00,22.3,47,993.8,New_Delhi,28.6139,77.209
2023-12-26T14:00,22.7,44,993.2,New_Delhi,28.6139,77.209
2023-12-26T15:00,22.5,45,993.4,New_Delhi,28.6139,77.209
2023-12-26T16:00,21.5,52,993.4,New_Delhi,28.6139,77.209
2023-12-26T17:00,18.4,64,993.6,New_Delhi,28.6139,77.209
2023-12-26T18:00,16.6,73,993.9,New_Delhi,28.6139,77.209
2023-12-26T19:00,17,71,994.2,New_Delhi,28.6139,77.209
2023-12-26T20:00,16.4,73,994.4,New_Delhi,28.6139,77.209
2023-12-26T21:00,15.4,77,994.7,New_Delhi,28.6139,77.209
2023-12-26T22:00,14.3,80,994.6,New_Delhi,28.6139,77.209
2023-12-26T23:00,13.2,83,994.3,New_Delhi,28.6139,77.209
2023-12-27T00:00,11.2,90,994,New_Delhi,28.6139,77.209
2023-12-27T01:00,10.9,90,993.6,New_Delhi,28.6139,77.209
2023-12-27T02:00,12.4,84,993.5,New_Delhi,28.6139,77.209
2023-12-27T03:00,10.4,90,993.2,New_Delhi,28.6139,77.209
2023-12-27T04:00,9.6,93,993.1,New_Delhi,28.6139,77.209
2023-12-27T05:00,9.2,93,993.3,New_Delhi,28.6139,77.209
2023-12-27T06:00,8.5,95,994.4,New_Delhi,28.6139,77.209
2023-12-27T07:00,8.7,96,995.1,New_Delhi,28.6139,77.209
2023-12-27T08:00,10.9,92,996.1,New_Delhi,28.6139,77.209
2023-12-27T09:00,14.2,80,997.5,New_Delhi,28.6139,77.209
2023-12-27T10:00,17,69,998,New_Delhi,28.6139,77.209
2023-12-27T11:00,19,61,997.4,New_Delhi,28.6139,77.209
2023-12-27T12:00,20.4,56,996.3,New_Delhi,28.6139,77.209
2023-12-27T13:00,21.2,53,995.1,New_Delhi,28.6139,77.209
2023-12-27T14:00,21.7,51,994.6,New_Delhi,28.6139,77.209
2023-12-27T15:00,21.6,52,994.3,New_Delhi,28.6139,77.209
2023-12-27T16:00,20.8,55,993.9,New_Delhi,28.6139,77.209
2023-12-27T17:00,16.6,74,993.6,New_Delhi,28.6139,77.209
2023-12-27T18:00,14.6,86,994,New_Delhi,28.6139,77.209
2023-12-27T19:00,13.9,88,994.2,New_Delhi,28.6139,77.209
2023-12-27T20:00,13.6,89,994.3,New_Delhi,28.6139,77.209
2023-12-27T21:00,12.9,91,994.4,New_Delhi,28.6139,77.209
2023-12-27T22:00,12.5,92,994.4,New_Delhi,28.6139,77.209
2023-12-27T23:00,12.2,92,993.9,New_Delhi,28.6139,77.209
2023-12-28T00:00,11.9,93,993.2,New_Delhi,28.6139,77.209
2023-12-28T01:00,11.6,94,992.8,New_Delhi,28.6139,77.209
2023-12-28T02:00,11.3,95,992.6,New_Delhi,28.6139,77.209
2023-12-28T03:00,10.8,96,992.5,New_Delhi,28.6139,77.209
2023-12-28T04:00,10.3,97,992.2,New_Delhi,28.6139,77.209
2023-12-28T05:00,9.8,98,992.4,New_Delhi,28.6139,77.209
2023-12-28T06:00,9.9,99,993.6,New_Delhi,28.6139,77.209
2023-12-28T07:00,9.7,99,994,New_Delhi,28.6139,77.209
2023-12-28T08:00,10.7,98,994.7,New_Delhi,28.6139,77.209
2023-12-28T09:00,11.8,96,995.5,New_Delhi,28.6139,77.209
2023-12-28T10:00,14.5,85,996,New_Delhi,28.6139,77.209
2023-12-28T11:00,17.1,74,995.1,New_Delhi,28.6139,77.209
2023-12-28T12:00,19.1,64,994.1,New_Delhi,28.6139,77.209
2023-12-28T13:00,20.3,57,993.2,New_Delhi,28.6139,77.209
2023-12-28T14:00,20.9,55,992.6,New_Delhi,28.6139,77.209
2023-12-28T15:00,20.8,55,992.5,New_Delhi,28.6139,77.209
2023-12-28T16:00,20,61,992.5,New_Delhi,28.6139,77.209
2023-12-28T17:00,16.2,81,992.4,New_Delhi,28.6139,77.209
2023-12-28T18:00,13.4,89,993.3,New_Delhi,28.6139,77.209
2023-12-28T19:00,12.4,92,993.6,New_Delhi,28.6139,77.209
2023-12-28T20:00,12.9,89,993.9,New_Delhi,28.6139,77.209
2023-12-28T21:00,14.3,85,994.4,New_Delhi,28.6139,77.209
2023-12-28T22:00,13.5,88,994.3,New_Delhi,28.6139,77.209
2023-12-28T23:00,12.5,92,994.2,New_Delhi,28.6139,77.209
2023-12-29T00:00,11.9,95,993.8,New_Delhi,28.6139,77.209
2023-12-29T01:00,11.5,99,993.5,New_Delhi,28.6139,77.209
2023-12-29T02:00,10.7,100,993.2,New_Delhi,28.6139,77.209
2023-12-29T03:00,9,100,992.9,New_Delhi,28.6139,77.209
2023-12-29T04:00,8.3,100,992.9,New_Delhi,28.6139,77.209
2023-12-29T05:00,8.3,99,993.2,New_Delhi,28.6139,77.209
2023-12-29T06:00,9,97,994.4,New_Delhi,28.6139,77.209
2023-12-29T07:00,9.3,99,995.2,New_Delhi,28.6139,77.209
2023-12-29T08:00,10.3,98,995.9,New_Delhi,28.6139,77.209
2023-12-29T09:00,11.5,95,996.6,New_Delhi,28.6139,77.209
2023-12-29T10:00,13.4,95,996.9,New_Delhi,28.6139,77.209
2023-12-29T11:00,16.2,82,996.4,New_Delhi,28.6139,77.209
2023-12-29T12:00,18.2,73,995.1,New_Delhi,28.6139,77.209
2023-12-29T13:00,19.4,66,994,New_Delhi,28.6139,77.209
2023-12-29T14:00,20.1,62,993.2,New_Delhi,28.6139,77.209
2023-12-29T15:00,20.2,61,992.7,New_Delhi,28.6139,77.209
2023-12-29T16:00,19.7,63,992.8,New_Delhi,28.6139,77.209
2023-12-29T17:00,17.3,75,992.7,New_Delhi,28.6139,77.209
2023-12-29T18:00,15.5,79,993.6,New_Delhi,28.6139,77.209
2023-12-29T19:00,15.4,79,994.2,New_Delhi,28.6139,77.209
2023-12-29T20:00,13.9,85,994,New_Delhi,28.6139,77.209
2023-12-29T21:00,11.7,94,993.8,New_Delhi,28.6139,77.209
2023-12-29T22:00,10.7,98,993.9,New_Delhi,28.6139,77.209
2023-12-29T23:00,9.3,100,993.6,New_Delhi,28.6139,77.209
2023-12-30T00:00,9,100,993.2,New_Delhi,28.6139,77.209
2023-12-30T01:00,9,100,992.9,New_Delhi,28.6139,77.209
2023-12-30T02:00,9,100,992.5,New_Delhi,28.6139,77.209
2023-12-30T03:00,9.2,100,992.3,New_Delhi,28.6139,77.209
2023-12-30T04:00,9.2,100,992,New_Delhi,28.6139,77.209
2023-12-30T05:00,9.5,100,992,New_Delhi,28.6139,77.209
2023-12-30T06:00,9.5,99,993.5,New_Delhi,28.6139,77.209
2023-12-30T07:00,9.7,99,993.9,New_Delhi,28.6139,77.209
2023-12-30T08:00,10.4,98,994.6,New_Delhi,28.6139,77.209
2023-12-30T09:00,11.4,97,995.4,New_Delhi,28.6139,77.209
2023-12-30T10:00,13.1,92,995.7,New_Delhi,28.6139,77.209
2023-12-30T11:00,16.1,80,995,New_Delhi,28.6139,77.209
2023-12-30T12:00,17.7,72,994.1,New_Delhi,28.6139,77.209
2023-12-30T13:00,18.5,69,993,New_Delhi,28.6139,77.209
2023-12-30T14:00,19,67,992.2,New_Delhi,28.6139,77.209
2023-12-30T15:00,18.7,68,991.7,New_Delhi,28.6139,77.209
2023-12-30T16:00,18.1,70,991.6,New_Delhi,28.6139,77.209
2023-12-30T17:00,15.9,82,991.5,New_Delhi,28.6139,77.209
2023-12-30T18:00,13.1,92,992.4,New_Delhi,28.6139,77.209
2023-12-30T19:00,12.2,95,992.5,New_Delhi,28.6139,77.209
2023-12-30T20:00,11.7,95,992.7,New_Delhi,28.6139,77.209
2023-12-30T21:00,11.1,96,992.7,New_Delhi,28.6139,77.209
2023-12-30T22:00,10.1,98,992.4,New_Delhi,28.6139,77.209
2023-12-30T23:00,10.1,98,992.3,New_Delhi,28.6139,77.209
2023-12-31T00:00,9.4,100,992.1,New_Delhi,28.6139,77.209
2023-12-31T01:00,9,100,992.3,New_Delhi,28.6139,77.209
2023-12-31T02:00,9,100,992,New_Delhi,28.6139,77.209
2023-12-31T03:00,9.9,99,991.8,New_Delhi,28.6139,77.209
2023-12-31T04:00,9.7,100,991.7,New_Delhi,28.6139,77.209
2023-12-31T05:00,9.5,100,991.9,New_Delhi,28.6139,77.209
2023-12-31T06:00,11.7,92,993.5,New_Delhi,28.6139,77.209
2023-12-31T07:00,12,91,994.1,New_Delhi,28.6139,77.209
2023-12-31T08:00,12.9,88,994.8,New_Delhi,28.6139,77.209
2023-12-31T09:00,14,77,995.4,New_Delhi,28.6139,77.209
2023-12-31T10:00,15.1,72,995.5,New_Delhi,28.6139,77.209
2023-12-31T11:00,16.3,68,994.8,New_Delhi,28.6139,77.209
2023-12-31T12:00,17.5,63,993.7,New_Delhi,28.6139,77.209
2023-12-31T13:00,18.3,60,992.8,New_Delhi,28.6139,77.209
2023-12-31T14:00,18.7,59,991.9,New_Delhi,28.6139,77.209
2023-12-31T15:00,18.7,58,991.2,New_Delhi,28.6139,77.209
2023-12-31T16:00,18.2,60,991.1,New_Delhi,28.6139,77.209
2023-12-31T17:00,14.8,80,990.9,New_Delhi,28.6139,77.209
2023-12-31T18:00,13.7,76,992.6,New_Delhi,28.6139,77.209
2023-12-31T19:00,11.1,88,992.9,New_Delhi,28.6139,77.209
2023-12-31T20:00,10.2,91,993.1,New_Delhi,28.6139,77.209
2023-12-31T21:00,9.3,94,993,New_Delhi,28.6139,77.209
2023-12-31T22:00,8.4,96,993,New_Delhi,28.6139,77.209
2023-12-31T23:00,7.6,98,992.8,New_Delhi,28.6139,77.209